0.890446
0.879927
0.889679
0.907601
0.906312
0.885985
0.944034
0.922743
0.939102
0.916586
0.929026
0.936032
0.948073
0.928714
0.969774
0.888454
0.874103
0.872445
0.899577
0.911493
0.883901
0.930359
0.893406
0.865679
0.881911
0.909819
0.908873
0.920576
0.920785
0.929345
0.916699
0.885356
0.945424
0.900352
0.931398
0.962005
0.952771
0.924658
0.907270
0.956927
0.930643
0.904567
0.945192
0.940683
0.990915
0.947068
0.936438
0.952905
0.942607
0.961902
0.961587
0.968589
0.957025
0.934448
0.917818
0.928084
0.906169
0.918101
0.955288
0.949381
0.929988
0.966032
0.954977
0.936465
0.943105
0.901141
0.938159
0.992071
0.968793
0.935687
0.924232
0.897388
0.907130
0.924878
0.890615
0.932655
0.895419
0.899069
0.899698
0.932769
0.873022
0.908319
0.894745
0.900901
0.914591
0.936447
0.925291
0.932623
0.928665
0.953425
0.920041
0.940868
0.934470
0.922978
0.916019
0.928225
0.928717
0.940105
0.941597
0.959842
0.871943
0.905142
0.879230
0.902295
0.932237
0.941463
0.923850
0.909303
0.888502
0.915931
0.941667
0.925608
0.923897
0.930012
0.936491
0.938528
0.910767
0.924037
0.916684
0.913766
0.905439
0.921974
0.903928
0.913219
0.923645
0.876352
0.883696
0.891546
0.893076
0.885661
0.882409
0.899563
0.922595
0.861042
0.837732
0.874697
0.897559
0.923400
0.927267
0.888093
0.859233
0.890024
0.865380
0.907021
0.923061
0.889668
0.907634
0.908480
0.916051
0.926828
0.898412
0.927057
0.864162
0.897343
0.894458
0.905652
0.928628
0.923816
0.913741
0.893894
0.862096
0.877709
0.897438
0.911083
0.919593
0.892480
0.905915
0.925279
0.908656
0.942492
0.943529
0.872237
0.916901
0.868950
0.852016
0.877119
0.859509
0.835323
0.933115
0.937860
0.897096
0.935867
0.816370
0.841117
0.887874
0.863326
0.904196
0.936374
0.884794
0.880576
0.850688
0.907238
0.946820
0.939633
0.943525
0.956756
0.953886
0.850726
0.867341
0.881285
0.948445
0.941305
0.861228
0.857049
0.932343
0.878739
0.894161
0.869431
0.895894
0.882504
0.845105
0.871611
0.917490
0.908107
0.895181
0.876474
0.843050
0.853374
0.844954
0.884876
0.991960
0.950975
0.949576
0.964119
0.935172
0.955107
0.970295
1.000000
0.944969
0.881475
0.892004
0.880595
0.863726
0.886536
0.859397
0.930503
0.936854
0.881743
0.868978
0.852618
0.881745
0.877879
0.910540
0.881703
0.896746
0.867071
0.829001
0.806126
0.854394
0.761492
0.958232
0.963409
0.957778
0.958803
0.968125
0.937792
0.911518
0.910076
0.920636
0.886352
0.922526
0.895335
0.913120
0.868275
0.882298
0.886195
0.872081
0.865220
0.887156
0.872551
0.875606
0.917371
0.892691
0.909090
0.924432
0.906189
0.921308
0.897503
0.896320
0.904199
0.910552
0.902419
0.882810
0.948456
0.933356
0.852892
0.871691
0.842473
0.844352
0.836345
0.824673
0.843223
0.876566
0.852000
0.839204
0.870568
0.874092
0.853011
0.837448
0.842927
0.834513
0.830682
0.823716
0.887677
0.858273
0.909636
0.871389
0.878114
0.866636
0.892118
0.908239
0.898284
0.891505
0.874691
0.886507
0.888297
0.841993
0.867300
0.861860
0.909950
0.900472
0.868106
0.894599
0.914422
0.919016
0.913495
0.903364
0.879591
0.838554
0.845995
0.871766
0.840646
0.837769
0.863771
0.881906
0.830297
0.837605
0.816395
0.834206
0.817980
0.818897
0.796976
0.820441
0.851759
0.826928
0.824913
0.833706
0.875807
0.850836
0.893041
0.881553
0.856954
0.851025
0.853048
0.837643
0.881492
0.888824
0.881000
0.889520
0.876239
0.460394
0.424871
0.396424
0.441593
0.511499
0.470705
0.468448
0.442324
0.509088
0.570797
0.519393
0.534582
0.542984
0.538887
0.539306
0.515470
0.546368
0.586188
0.579762
0.520210
0.558774
0.464767
0.494933
0.522372
0.496932
0.582894
0.563924
0.578849
0.586361
0.552326
0.564126
0.632648
0.589072
0.595902
0.633123
0.638048
0.572464
0.558252
0.630578
0.642909
0.623251
0.554907
0.623552
0.550191
0.603815
0.608356
0.641299
0.571862
0.592195
0.637340
0.550347
0.539385
0.548115
0.500919
0.542709
0.521355
0.503072
0.542966
0.561603
0.550573
0.583817
0.642491
0.559408
0.597575
0.671585
0.500077
0.458390
0.472153
0.428843
0.367430
0.410922
0.331589
0.384043
0.328238
0.256672
0.170292
0.386678
0.414453
0.477490
0.471813
0.511381
0.637986
0.644319
0.631542
0.639454
0.628275
0.605331
0.616294
0.616299
0.613077
0.614019
0.601978
0.607606
0.590329
0.570544
0.543521
0.538865
0.612554
0.548862
0.599741
0.504125
0.599736
0.624738
0.588431
0.623949
0.583588
0.593833
0.601363
0.624353
0.601172
0.629881
0.593303
0.641523
0.644221
0.600633
0.541436
0.541371
0.570982
0.540856
0.577775
0.533149
0.606942
0.622311
0.655625
0.620201
0.636867
0.611079
0.633865
0.620982
0.636983
0.643774
0.633481
0.634926
0.611060
0.611348
0.610480
0.622967
0.641380
0.622982
0.636745
0.650809
0.642205
0.672745
0.629490
0.639266
0.671434
0.687842
0.677763
0.648826
0.645300
0.632296
0.634530
0.633401
0.694660
0.683063
0.677359
0.707365
0.690022
0.712631
0.680521
0.670457
0.685638
0.707925
0.699192
0.701687
0.704085
0.711065
0.692699
0.692513
0.708801
0.695054
0.675904
0.683513
0.673750
0.638218
0.664026
0.648626
0.633751
0.700496
0.690829
0.703358
0.705867
0.711973
0.702617
0.730607
0.711863
0.706339
0.723976
0.719982
0.720458
0.736659
0.729030
0.698540
0.715863
0.715174
0.722217
0.707611
0.700028
0.709396
0.711908
0.703525
0.703168
0.723942
0.693779
0.681064
0.689550
0.685340
0.691622
0.692931
0.671691
0.638001
0.642251
0.686049
0.663855
0.735379
0.728035
0.670024
0.680559
0.691155
0.691951
0.694121
0.723227
0.678815
0.712884
0.677237
0.712140
0.724179
0.692838
0.652185
0.666064
0.726016
0.645535
0.684628
0.637562
0.858955
0.859269
0.854952
0.856742
0.859919
0.858795
0.859736
0.862946
0.860868
0.852742
0.857536
0.857075
0.854075
0.854667
0.856962
0.856070
0.852662
0.857029
0.861250
0.860751
0.862972
0.863946
0.860885
0.863808
0.853431
0.857533
0.855312
0.859047
0.850213
0.855961
0.859971
0.858893
0.856536
0.857375
0.861404
0.857720
0.857358
0.853533
0.850341
0.856715
0.857633
0.859393
0.859310
0.859950
0.861974
0.854592
0.858851
0.857758
0.858585
0.859491
0.856276
0.858276
0.859169
0.857878
0.861460
0.866242
0.861547
0.866139
0.858253
0.856841
0.855761
0.854813
0.855197
0.856141
0.856111
0.855085
0.856938
0.858607
0.856333
0.856368
0.856543
0.613879
0.621856
0.615619
0.618493
0.623620
0.616844
0.615842
0.613137
0.616129
0.638869
0.633639
0.640346
0.651322
0.614417
0.617234
0.610421
0.612587
0.580076
0.574636
0.609201
0.579827
0.612908
0.609292
0.579655
0.627000
0.701039
0.660220
0.659250
0.661201
0.653215
0.660687
0.674632
0.654367
0.664047
0.672396
0.657179
0.678332
0.679302
0.651504
0.657973
0.634255
0.663592
0.601780
0.618234
0.587753
0.681452
0.681418
0.666579
0.673907
0.675162
0.674553
0.643666
0.671335
0.654374
0.670633
0.682311
0.677462
0.694117
0.695550
0.694143
0.718047
0.668174
0.665057
0.644281
0.638463
0.669920
0.698918
0.650799
0.641236
0.608790
0.623192
0.603970
0.617327
0.621260
0.601348
0.573836
0.641371
0.650943
0.662631
0.665815
0.668258
0.685228
0.684632
0.713856
0.700141
0.681744
0.699206
0.730118
0.718237
0.718918
0.725972
0.738149
0.704539
0.719014
0.651345
0.729119
0.700956
0.685429
0.668148
0.731924
0.746447
0.736297
0.756304
0.746173
0.735210
0.753652
0.745825
0.750891
0.745752
0.740147
0.733536
0.717395
0.715755
0.658274
0.722489
0.726367
0.732120
0.744840
0.761744
0.711311
0.757071
0.725999
0.743399
0.725649
0.755609
0.754476
0.738257
0.737741
0.749381
0.779005
0.748521
0.724778
0.764553
0.721246
0.721312
0.704205
0.729163
0.704114
0.692120
0.706426
0.707532
0.719459
0.725634
0.719658
0.735181
0.720670
0.325679
0.364743
0.294466
0.320129
0.288870
0.254682
0.247407
0.274058
0.286563
0.255298
0.216394
0.237405
0.209980
0.197154
0.158667
0.173745
0.216280
0.189333
0.239385
0.193987
0.240315
0.257396
0.233974
0.233288
0.197898
0.185017
0.191168
0.230102
0.220998
0.217974
0.163839
0.176840
0.154645
0.141934
0.109328
0.138535
0.170796
0.147949
0.177421
0.150655
0.243437
0.259860
0.255360
0.266049
0.266718
0.252465
0.269116
0.266731
0.305601
0.272188
0.281656
0.367812
0.326478
0.316749
0.254508
0.255021
0.245936
0.245925
0.187579
0.131701
0.305357
0.349804
0.375547
0.368143
0.378675
0.400013
0.450668
0.445155
0.390260
0.409860
0.360840
0.385344
0.499858
0.512993
0.449854
0.488868
0.447745
0.404201
0.381914
0.459214
0.429946
0.413497
0.379097
0.392461
0.388857
0.388860
0.426147
0.438807
0.356397
0.401070
0.340449
0.372370
0.331898
0.299922
0.337982
0.330603
0.366443
0.369171
0.309403
0.279049
0.209879
0.279456
0.264242
0.341138
0.424626
0.411938
0.419716
0.437628
0.430396
0.443730
0.457603
0.431586
0.465856
0.452393
0.436645
0.482788
0.485686
0.472518
0.440456
0.446432
0.429725
0.428807
0.429856
0.417754
0.497569
0.457094
0.487640
0.519867
0.467455
0.497662
0.496624
0.548052
0.489171
0.573131
0.485030
0.510032
0.412410
0.495384
0.470549
0.366216
0.317222
0.270464
0.454874
0.545359
0.382994
0.189086
0.247597
0.207980
0.155294
0.237562
0.276682
0.337586
0.267510
0.350270
0.434230
0.418043
0.554535
0.609364
0.531993
0.648338
0.152287
0.131547
0.122292
0.109876
0.172648
0.151306
0.116150
0.144874
0.107385
0.108990
0.155701
0.166798
0.175625
0.207127
0.257007
0.239311
0.182745
0.256968
0.204706
0.298798
0.085322
0.081232
0.102338
0.082654
0.088321
0.089135
0.150163
0.104672
0.144222
0.121121
0.135200
0.166135
0.101923
0.099756
0.098534
0.188455
0.241327
0.170565
0.214476
0.449421
0.336214
0.399007
0.285487
0.202066
0.322178
0.190313
0.161023
0.723986
0.734962
0.735699
0.747255
0.734399
0.734348
0.759680
0.748240
0.740800
0.768637
0.754718
0.738314
0.748335
0.746250
0.736460
0.728794
0.729646
0.733180
0.716725
0.729737
0.769582
0.756741
0.755852
0.743902
0.764636
0.783927
0.770842
0.755028
0.756398
0.760605
0.795106
0.803174
0.779654
0.799400
0.780827
0.783970
0.759980
0.749484
0.762082
0.766274
0.791396
0.788594
0.786712
0.785969
0.777711
0.773873
0.751826
0.761044
0.775473
0.783766
0.759516
0.775277
0.715105
0.735974
0.767439
0.743727
0.767108
0.752972
0.753733
0.757966
0.759721
0.755282
0.748592
0.755039
0.742379
0.764853
0.741115
0.703496
0.740199
0.740185
0.769910
0.731188
0.735910
0.718674
0.743533
0.746297
0.744783
0.742029
0.761235
0.748341
0.751909
0.745529
0.767790
0.741854
0.751657
0.774902
0.739236
0.749297
0.768501
0.734902
0.757337
0.770079
0.774789
0.730034
0.732237
0.733390
0.692002
0.693709
0.694892
0.691167
0.685029
0.743324
0.770428
0.752021
0.764291
0.769523
0.747165
0.743452
0.747220
0.733190
0.722781
0.735340
0.754434
0.743116
0.787179
0.767816
0.748370
0.729622
0.714178
0.735178
0.731819
0.723930
0.729206
0.736372
0.729906
0.238896
0.252267
0.257819
0.258285
0.238432
0.268350
0.256351
0.266230
0.273944
0.252581
0.275129
0.278006
0.304684
0.298024
0.344103
0.349024
0.297787
0.348062
0.267221
0.310547
0.342381
0.236001
0.241268
0.230197
0.206789
0.271652
0.235314
0.172453
0.203009
0.171538
0.149335
0.209807
0.220397
0.254686
0.235409
0.281501
0.305465
0.275252
0.322150
0.302161
0.335180
0.159042
0.129892
0.186803
0.152923
0.106329
0.188797
0.269603
0.231805
0.260600
0.228521
0.238224
0.271714
0.271457
0.250297
0.205098
0.222067
0.056316
0.149633
0.143924
0.070284
0.267512
0.327777
0.248543
0.329849
0.264369
0.222281
0.343679
0.298679
0.276155
0.266627
0.267811
0.282548
0.699304
0.726998
0.727609
0.758421
0.734052
0.728543
0.740280
0.738169
0.733527
0.746520
0.735074
0.752604
0.727513
0.723433
0.712872
0.710217
0.729802
0.692759
0.699498
0.669369
0.725271
0.729208
0.725585
0.705001
0.689571
0.700569
0.674820
0.721325
0.733665
0.701394
0.705438
0.733143
0.714594
0.723718
0.711722
0.703902
0.704766
0.737501
0.735910
0.684643
0.696384
0.765206
0.752288
0.742109
0.781461
0.732899
0.737285
0.744386
0.681863
0.734116
0.719704
0.710242
0.728370
0.746072
0.755362
0.734577
0.763003
0.674895
0.707589
0.701371
0.710844
0.668846
0.707688
0.728167
0.705221
0.720549
0.726268
0.749423
0.713311
0.717477
0.766543
0.736010
0.713885
0.703129
0.679596
0.677944
0.662560
0.735720
0.737918
0.732472
0.725344
0.738547
0.693103
0.668870
0.702833
0.740535
0.751040
0.761984
0.754761
0.717152
0.716569
0.702766
0.714645
0.726528
0.726601
0.702481
0.720297
0.710797
0.700395
0.716436
0.718687
0.708264
0.733240
0.692762
0.720096
0.697735
0.707534
0.695004
0.684056
0.697122
0.696521
0.762941
0.761687
0.750339
0.766413
0.757401
0.791547
0.717226
0.763474
0.773596
0.743290
0.756378
0.788196
0.814320
0.830334
0.790478
0.763361
0.738458
0.811986
0.783573
0.783190
0.746390
0.746337
0.749749
0.764098
0.796242
0.816934
0.717900
0.698339
0.717967
0.697688
0.716689
0.740205
0.736920
0.772713
0.819513
0.802253
0.755807
0.806105
0.729134
0.704071
0.825734
0.798693
0.795765
0.793655
0.772210
0.789362
0.788295
0.783432
0.792820
0.795458
0.758811
0.809522
0.759086
0.732760
0.719966
0.692176
0.719521
0.712663
0.749713
0.775415
0.767567
0.758599
0.779973
0.773713
0.721016
0.741194
0.772765
0.783501
0.786121
0.763432
0.772832
0.798165
0.801703
0.812520
0.792767
0.796123
0.790062
0.811739
0.784656
0.812601
0.827838
0.851813
0.834871
0.833602
0.845615
0.806419
0.786664
0.762828
0.734675
0.758547
0.823641
0.802589
0.819680
0.833550
0.818681
0.844323
0.842188
0.846967
0.842137
0.808401
0.846696
0.843168
0.854967
0.847682
0.842707
0.852386
0.832818
0.829501
0.842602
0.841806
0.843648
0.850783
0.846421
0.845065
0.832844
0.845446
0.849533
0.821408
0.826957
0.840507
0.808087
0.823906
0.796252
0.202860
0.229751
0.210896
0.243175
0.177007
0.180494
0.257956
0.212531
0.279443
0.298709
0.221418
0.180507
0.153029
0.183953
0.170872
0.122216
0.136246
0.108071
0.125964
0.104870
0.318972
0.364951
0.361149
0.415996
0.255820
0.314134
0.514486
0.431883
0.487738
0.543324
0.503029
0.408052
0.392098
0.491789
0.488028
0.368908
0.292603
0.279488
0.228810
0.226389
0.534497
0.591853
0.471045
0.603368
0.655473
0.559113
0.380007
0.429585
0.455703
0.492066
0.544932
0.515576
0.606278
0.692498
0.734418
0.677217
0.754271
0.318445
0.290369
0.413631
0.339891
0.258165
0.292055
0.309218
0.370498
0.428244
0.488550
0.493531
0.596894
0.365683
0.378220
0.390855
0.398732
0.346040
0.391617
0.436209
0.407448
0.411678
0.437805
0.447065
0.437226
0.513706
0.471590
0.483360
0.503385
0.466836
0.453819
0.399454
0.351198
0.455962
0.463023
0.466445
0.475786
0.444178
0.431123
0.455596
0.456902
0.458624
0.448832
0.397454
0.429975
0.389473
0.390090
0.293211
0.448102
0.415766
0.422373
0.515127
0.484065
0.487903
0.477427
0.472696
0.489219
0.441656
0.468675
0.465224
0.437623
0.438376
0.461193
0.450367
0.419808
0.433372
0.444502
0.443840
0.469546
0.465535
0.444871
0.461967
0.453086
0.414414
0.425285
0.402769
0.414466
0.413001
0.429769
0.422455
0.430537
0.423496
0.438277
0.421690
0.146039
0.101802
0.165380
0.144690
0.186100
0.220577
0.274603
0.210675
0.168636
0.238037
0.342432
0.274000
0.328404
0.398415
0.359537
0.306355
0.276381
0.301425
0.236662
0.273977
0.367942
0.308905
0.448393
0.375585
0.425200
0.524881
0.573403
0.523747
0.441425
0.529946
0.637210
0.595481
0.685167
0.709539
0.602828
0.554515
0.494959
0.472126
0.412293
0.418969
0.508985
0.331006
0.397845
0.482654
0.305542
0.188336
0.246391
0.150941
0.228972
0.219133
0.146474
0.301002
0.463595
0.373906
0.137436
0.110767
0.113851
0.096089
0.108363
0.107476
0.090084
0.085627
0.105026
0.283321
0.303657
0.334961
0.332793
0.273030
0.337606
0.401475
0.367914
0.374765
0.373667
0.395814
0.373636
0.359768
0.412400
0.410802
0.332351
0.351159
0.246942
0.253446
0.406168
0.420726
0.439659
0.436873
0.414974
0.427949
0.493835
0.465891
0.464805
0.481632
0.465793
0.457273
0.417591
0.421257
0.361951
0.422667
0.448616
0.466686
0.461394
0.508167
0.454465
0.497471
0.431053
0.419062
0.476725
0.396357
0.359951
0.408377
0.404556
0.312757
0.296810
0.439469
0.356651
0.400233
0.394558
0.304441
0.344906
0.352949
0.381060
0.297047
0.349308
0.281809
0.328840
0.318714
0.572396
0.621956
0.590243
0.531196
0.592842
0.586886
0.554681
0.562400
0.555267
0.627610
0.554982
0.565832
0.584557
0.585023
0.597646
0.637949
0.607054
0.564620
0.586112
0.581520
0.502140
0.558802
0.563639
0.611744
0.582138
0.619735
0.585073
0.593543
0.629714
0.612027
0.621111
0.636854
0.611881
0.603903
0.604129
0.603654
0.603222
0.604223
0.601762
0.596216
0.588514
0.599295
0.682970
0.676522
0.671275
0.611705
0.643694
0.625165
0.574925
0.603245
0.531358
0.614696
0.529737
0.485657
0.476712
0.506448
0.584866
0.545987
0.616083
0.590969
0.601916
0.616801
0.532385
0.493949
0.474611
0.441343
0.544194
0.507502
0.493741
0.465502
0.334438
0.439070
0.353062
0.422748
0.405350
0.465025
0.442819
0.472015
0.453241
0.481289
0.477839
0.416794
0.451425
0.510824
0.492554
0.508043
0.518980
0.503389
0.462609
0.445390
0.481863
0.429596
0.420346
0.543246
0.541829
0.580451
0.565415
0.530042
0.568702
0.641374
0.627302
0.637739
0.642241
0.646979
0.604694
0.587320
0.669967
0.557927
0.512701
0.617989
0.673219
0.582181
0.623398
0.662966
0.593816
0.531035
0.542762
0.536023
0.552270
0.574047
0.564268
0.577675
0.574074
0.589204
0.561519
0.666356
0.635330
0.593162
0.653526
0.523989
0.494601
0.525819
0.530193
0.487787
0.512965
0.499628
0.471223
0.516464
0.506045
0.528701
0.531326
0.465172
0.551594
0.415386
0.472807
0.372136
0.515850
0.552881
0.524889
0.482321
0.599916
0.554422
0.544983
0.539029
0.555652
0.584484
0.543400
0.524305
0.505318
0.328369
0.486989
0.443681
0.563629
0.538138
0.589727
0.588840
0.555826
0.556388
0.582100
0.622135
0.585794
0.595316
0.568480
0.567339
0.606767
0.598943
0.620558
0.596574
0.601463
0.575757
0.593724
0.567695
0.602746
0.597751
0.636264
0.597619
0.640816
0.623316
0.541446
0.565581
0.634666
0.550430
0.596880
0.600103
0.602958
0.445171
0.448124
0.434510
0.428940
0.472875
0.546087
0.489990
0.502148
0.511896
0.519046
0.466447
0.475896
0.546114
0.521892
0.531613
0.553439
0.512072
0.499035
0.481129
0.485835
0.495931
0.469698
0.464235
0.457463
0.441550
0.432031
0.554691
0.555926
0.557113
0.569884
0.528984
0.551386
0.585063
0.560535
0.582102
0.601197
0.568362
0.553514
0.539695
0.559324
0.571614
0.552688
0.528848
0.532008
0.499391
0.512902
0.597187
0.612245
0.597748
0.607935
0.611482
0.603232
0.549422
0.567115
0.568805
0.583193
0.600993
0.564347
0.597393
0.618317
0.597600
0.535081
0.535484
0.540632
0.521649
0.497799
0.509688
0.470041
0.520006
0.545226
0.616186
0.659176
0.629096
0.703609
0.612737
0.616262
0.753471
0.678560
0.735948
0.732365
0.674534
0.664175
0.641663
0.655834
0.624214
0.609977
0.619857
0.601044
0.618862
0.609716
0.686016
0.703820
0.673046
0.704729
0.696052
0.691011
0.666154
0.677396
0.707765
0.725721
0.680931
0.673942
0.678755
0.676498
0.679517
0.680252
0.691284
0.654653
0.677623
0.621549
0.793228
0.743678
0.761085
0.738540
0.719080
0.766173
0.720343
0.713907
0.706852
0.754879
0.720981
0.704761
0.728033
0.717855
0.716363
0.735847
0.723454
0.713581
0.728334
0.722254
0.707536
0.683747
0.686990
0.665617
0.675180
0.680748
0.652001
0.675827
0.689084
0.676469
0.710402
0.684590
0.685440
0.677607
0.691593
0.725449
0.638260
0.702152
0.757575
0.707903
0.732987
0.733778
0.747746
0.726944
0.689366
0.729177
0.673659
0.722713
0.769307
0.723841
0.751030
0.710056
0.729770
0.742932
0.679589
0.697361
0.751652
0.755096
0.751319
0.754283
0.748536
0.727449
0.737296
0.768827
0.693979
0.691608
0.670390
0.702260
0.766041
0.805758
0.784794
0.761053
0.720186
0.717441
0.711145
0.711569
0.699701
0.599488
0.656976
0.672279
0.589195
0.609054
0.601598
0.611648
0.594314
0.600823
0.620896
0.619918
0.652445
0.684042
0.632304
0.616668
0.633289
0.637329
0.649960
0.639737
0.626273
0.630987
0.599741
0.616589
0.653962
0.663142
0.668742
0.661720
0.650696
0.675181
0.695595
0.679560
0.646539
0.704707
0.714422
0.679024
0.675312
0.726996
0.690398
0.676998
0.672293
0.666811
0.653611
0.664055
0.672383
0.689094
0.663761
0.656765
0.629155
0.630671
0.609140
0.624801
0.594846
0.636456
0.613635
0.604400
0.626066
0.659758
0.667304
0.605557
0.599004
0.615123
0.624878
0.602950
0.643298
0.615323
0.614297
0.609807
0.605990
0.608657
0.628394
0.633717
0.597913
0.641408
0.669316
0.651251
0.663628
0.681059
0.691737
0.665858
0.655055
0.693935
0.692455
0.665128
0.617928
0.609557
0.585859
0.593169
0.693308
0.695314
0.731454
0.707244
0.699424
0.730246
0.733926
0.752724
0.727257
0.736381
0.770540
0.738898
0.724745
0.692031
0.732053
0.697242
0.724636
0.721447
0.713799
0.687760
0.690336
0.715167
0.686902
0.660994
0.669547
0.670184
0.684855
0.679026
0.652004
0.680383
0.688132
0.674813
0.658378
0.637643
0.656119
0.626853
0.622053
0.622734
0.621803
0.644649
0.638343
0.621104
0.621134
0.626035
0.632186
0.598405
0.608101
0.618796
0.608816
0.627733
0.619742
0.605662
0.604905
0.600216
0.614443
0.615633
0.593956
0.600412
0.587042
0.596740
0.579073
0.623162
0.623681
0.626888
0.619482
0.618578
0.630734
0.610900
0.624336
0.621197
0.623423
0.627349
0.623379
0.638479
0.637415
0.633024
0.644319
0.618470
0.623078
0.622176
0.603807
0.630345
0.635489
0.620635
0.634084
0.624342
0.621054
0.627439
0.621852
0.622480
0.631084
0.648281
0.649458
0.658601
0.655612
0.637439
0.667847
0.637254
0.642449
0.661420
0.658467
0.626287
0.631564
0.634061
0.623218
0.624386
0.621758
0.646407
0.675916
0.649838
0.664338
0.645597
0.673631
0.553839
0.543906
0.534471
0.543288
0.542943
0.541972
0.540213
0.528939
0.535213
0.530544
0.543735
0.534531
0.556332
0.554410
0.586041
0.567559
0.553371
0.588943
0.553705
0.591808
0.521184
0.530971
0.523518
0.513246
0.542551
0.536598
0.527419
0.530308
0.528483
0.517836
0.521633
0.551473
0.551622
0.555128
0.538541
0.602258
0.568042
0.598230
0.556430
0.577018
0.531890
0.535149
0.521671
0.536435
0.537890
0.548123
0.531161
0.533105
0.545794
0.555957
0.569699
0.573592
0.606068
0.595261
0.568584
0.587426
0.558091
0.553906
0.588216
0.608604
0.550766
0.557721
0.572670
0.573013
0.553625
0.577837
0.601211
0.634127
0.591383
0.612771
0.572288
0.619983
0.490579
0.519215
0.491200
0.518268
0.458539
0.470278
0.534317
0.512014
0.534135
0.543570
0.508552
0.491678
0.488265
0.494150
0.479826
0.477657
0.467668
0.456379
0.437446
0.438151
0.543074
0.552716
0.546797
0.565265
0.517290
0.522075
0.559434
0.551302
0.590277
0.579843
0.535706
0.544706
0.527695
0.517052
0.504521
0.510850
0.513437
0.492789
0.500692
0.499771
0.582951
0.605889
0.606160
0.592811
0.615723
0.605334
0.560449
0.587217
0.579073
0.608426
0.605112
0.595523
0.617775
0.626922
0.614710
0.561484
0.540912
0.569570
0.564674
0.520808
0.540724
0.567644
0.564513
0.591123
0.754221
0.838072
0.759137
0.792701
0.793815
0.762670
0.771173
0.764221
0.759121
0.746744
0.766629
0.763447
0.794616
0.774165
0.755581
0.838562
0.816133
0.822752
0.783428
0.772827
0.710754
0.775191
0.759268
0.713986
0.751364
0.751456
0.779852
0.751774
0.756155
0.741415
0.740205
0.719205
0.752911
0.704534
0.742868
0.740454
0.743307
0.738644
0.741103
0.747264
0.724398
0.753210
0.746904
0.736118
0.751009
0.747881
0.744067
0.728876
0.741714
0.728803
0.733376
0.735289
0.738053
0.763601
0.760777
0.799952
0.754669
0.767404
0.763060
0.776284
0.779588
0.761864
0.771533
0.752279
0.750863
0.748744
0.718273
0.714582
0.708592
0.717588
0.690702
0.734981
0.726134
0.735428
0.715726
0.710012
0.744879
0.722842
0.759829
0.802578
0.782089
0.749109
0.796206
0.796675
0.797832
0.784280
0.791423
0.782843
0.778854
0.754057
0.752208
0.782982
0.746357
0.765753
0.725071
0.705636
0.696050
0.696027
0.763148
0.693600
0.690932
0.704941
0.757038
0.761778
0.755167
0.783275
0.774505
0.157361
0.130864
0.156319
0.132130
0.204591
0.201055
0.160876
0.154771
0.139742
0.160157
0.175043
0.187021
0.216864
0.216331
0.237567
0.259681
0.213026
0.267688
0.228588
0.265456
0.153998
0.153586
0.163026
0.142475
0.189464
0.195076
0.171898
0.174603
0.162781
0.184563
0.179518
0.188130
0.210690
0.205193
0.243248
0.246608
0.214175
0.245439
0.205586
0.239017
0.143022
0.134256
0.146057
0.124250
0.111358
0.166959
0.157883
0.155772
0.156598
0.162610
0.204878
0.212709
0.335290
0.297638
0.184864
0.249190
0.058797
0.142451
0.165196
0.000000
0.130500
0.120116
0.140327
0.106804
0.111164
0.084823
0.036266
0.212542
0.138201
0.271131
0.196289
0.308338
0.697810
0.724446
0.698127
0.715989
0.678675
0.666463
0.691660
0.692908
0.710450
0.708359
0.661842
0.664006
0.637546
0.626250
0.645247
0.647068
0.676298
0.719479
0.703591
0.706346
0.651337
0.662477
0.688554
0.684203
0.721056
0.715450
0.659593
0.655744
0.646240
0.646621
0.625563
0.621826
0.726182
0.735353
0.738000
0.746346
0.739504
0.742883
0.717285
0.733924
0.745361
0.786227
0.710403
0.700704
0.731788
0.773055
0.757823
0.739651
0.771629
0.735410
0.752226
0.732157
0.710347
0.764972
0.735941
0.758009
0.788055
0.729412
0.714083
0.693876
0.677934
0.684664
0.679005
0.660259
0.687189
0.696776
0.748540
0.681895
0.699695
0.694264
0.740582
0.730546
0.739408
0.759239
0.746045
0.702611
0.720820
0.680749
0.739061
0.761039
0.744165
0.757210
0.718894
0.721185
0.698668
0.710713
0.768369
0.778496
0.741625
0.782728
0.809032
0.678269
0.687187
0.689593
0.672134
0.698920
0.759177
0.791429
0.693580
0.774859
0.784258
0.778467
0.801554
0.803731
0.810084
0.817004
0.827917
0.801385
0.826080
0.801143
0.840535
0.839031
0.826484
0.826116
0.849307
0.824678
0.828708
0.829223
0.833027
0.817738
0.824629
0.808236
0.795589
0.775525
0.800152
0.788196
0.814856
0.794117
0.807879
0.764445
0.737744
0.755595
0.817836
0.786761
0.818454
0.782439
0.772044
0.788599
0.771423
0.831265
0.824324
0.856408
0.873320
0.849791
0.834269
0.832832
0.828853
0.828105
0.783160
0.856736
0.857447
0.883059
0.855458
0.816081
0.827406
0.836209
0.827419
0.851423
0.867897
0.857084
0.860198
0.817931
0.820111
0.815504
0.818763
0.816179
0.822660
0.838167
0.835917
0.858000
0.862269
0.841799
0.833825
0.844186
0.860086
0.856657
0.852176
0.851906
0.867057
0.866540
0.866730
0.859445
0.863556
0.858099
0.857435
0.848837
0.852822
0.838172
0.847236
0.829213
0.815540
0.847466
0.834753
0.833884
0.843653
0.844664
0.842600
0.846615
0.854054
0.826121
0.842926
0.833295
0.837120
0.839879
0.822127
0.824657
0.836904
0.853381
0.846599
0.855411
0.830488
0.850760
0.833958
0.834608
0.842213
0.857521
0.851661
0.838301
0.851046
0.863269
0.834426
0.816438
0.818029
0.839993
0.847658
0.853104
0.843426
0.859370
0.865662
0.868710
0.880040
0.870562
0.876201
0.873673
0.875108
0.860947
0.888482
0.871086
0.874758
0.874900
0.851177
0.857140
0.844864
0.851877
0.433967
0.434369
0.451255
0.451778
0.439583
0.460015
0.478972
0.460477
0.464422
0.479506
0.489772
0.474581
0.478596
0.497004
0.517060
0.488321
0.470901
0.468400
0.449812
0.462404
0.483733
0.485273
0.498795
0.487770
0.497374
0.502625
0.486060
0.492659
0.482168
0.475353
0.496033
0.497611
0.527787
0.494638
0.515451
0.544154
0.509549
0.503837
0.510553
0.537259
0.476683
0.481342
0.474348
0.485876
0.485889
0.475493
0.479483
0.481511
0.480718
0.488634
0.471443
0.478048
0.501524
0.499686
0.502207
0.467712
0.463528
0.460509
0.464022
0.444292
0.431861
0.420737
0.448681
0.474428
0.608967
0.551997
0.553729
0.537353
0.499305
0.490644
0.566763
0.500102
0.511724
0.568279
0.519388
0.566770
0.485812
0.501451
0.527778
0.542931
0.483863
0.535100
0.671108
0.658294
0.601879
0.636809
0.393355
0.415143
0.551940
0.461076
0.491010
0.410703
0.550492
0.492033
0.485018
0.441749
0.527936
0.537265
0.532796
0.523947
0.530279
0.491446
0.488005
0.494595
0.500846
0.494772
0.525645
0.501314
0.520381
0.501773
0.491018
0.466401
0.507138
0.522152
0.494713
0.439535
0.489186
0.478491
0.438470
0.443594
0.482131
0.479397
0.491779
0.523025
0.451721
0.433182
0.459147
0.400037
0.425419
0.402243
0.357626
0.372639
0.365303
0.406966
0.417917
0.315423
0.308288
0.230694
0.228210
0.025065
0.251135
0.335587
0.355367
0.405096
0.431577
0.444148
0.457638
0.464681
0.485493
0.500487
0.510919
0.524047
0.489988
0.555634
0.523396
0.563381
0.578642
0.596805
0.595886
0.549811
0.571442
0.517534
0.529835
0.565787
0.560066
0.527624
0.528488
0.555158
0.566876
0.540234
0.552751
0.578833
0.602971
0.584358
0.589105
0.569310
0.583943
0.703405
0.668677
0.746021
0.734108
0.713837
0.746110
0.764531
0.787218
0.802430
0.821583
0.779645
0.734169
0.799381
0.828727
0.811694
0.782967
0.800588
0.810422
0.821645
0.803594
0.782737
0.798860
0.767714
0.781231
0.764208
0.742895
0.730309
0.683461
0.740467
0.686300
0.672996
0.634989
0.610337
0.592678
0.619820
0.662098
0.686205
0.653178
0.666772
0.635422
0.636456
0.641440
0.643061
0.672366
0.665951
0.622048
0.630236
0.606522
0.604433
0.619594
0.614439
0.630032
0.644362
0.626265
0.648296
0.626907
0.631768
0.647433
0.637523
0.652318
0.651138
0.629373
0.617681
0.586967
0.580656
0.608581
0.609986
0.653923
0.640221
0.666087
0.672842
0.646280
0.677264
0.682933
0.680842
0.699202
0.680172
0.698669
0.707794
0.705392
0.687835
0.669104
0.667335
0.677671
0.688672
0.668557
0.657129
0.685014
0.708831
0.687052
0.723238
0.711738
0.743578
0.687272
0.704590
0.679634
0.698478
0.684488
0.745180
0.703487
0.720362
0.697780
0.670702
0.686204
0.686843
0.716728
0.731555
0.683636
0.694161
0.672693
0.697933
0.692448
0.760202
0.672016
0.671674
0.658039
0.658289
0.701072
0.748578
0.719169
0.701376
0.690327
0.695678
0.721722
0.643097
0.674305
0.683775
0.691943
0.697402
0.677705
0.696967
0.696345
0.686850
0.708200
0.695196
0.702575
0.652386
0.593520
0.679009
0.633264
0.637380
0.622415
0.644048
0.651602
0.720444
0.689609
0.725606
0.710206
0.715305
0.719691
0.695054
0.717462
0.718542
0.723268
0.702634
0.702474
0.635776
0.628357
0.631329
0.667124
0.702037
0.685132
0.682113
0.710426
0.677881
0.678636
0.744771
0.715796
0.730686
0.692796
0.753203
0.741739
0.786648
0.770708
0.729726
0.726549
0.710477
0.678610
0.652035
0.779041
0.747278
0.769840
0.755271
0.766433
0.790018
0.789653
0.807210
0.755281
0.793462
0.722135
0.777800
0.810043
0.768771
0.683070
0.673551
0.699158
0.710879
0.689803
0.735779
0.739762
0.742876
0.762138
0.705118
0.735485
0.722674
0.705215
0.725110
0.674229
0.708495
0.697278
0.692389
0.690826
0.693293
0.701216
0.712917
0.665847
0.684005
0.703139
0.684574
0.670514
0.681824
0.691106
0.683412
0.691201
0.675429
0.685193
0.702492
0.670170
0.661249
0.717792
0.700155
0.709725
0.691411
0.693528
0.696167
0.754660
0.704116
0.715385
0.711191
0.733476
0.727334
0.685366
0.708047
0.706765
0.710810
0.700304
0.698235
0.712638
0.701384
0.675895
0.703878
0.697196
0.670789
0.673542
0.685528
0.673385
0.674186
0.743986
0.726398
0.721262
0.701792
0.750992
0.735595
0.695464
0.716186
0.709463
0.692563
0.706738
0.714226
0.715725
0.712100
0.731543
0.705633
0.696761
0.675322
0.673880
0.660736
0.687048
0.658780
0.680140
0.672291
0.668708
0.687881
0.663242
0.679940
0.659281
0.659097
0.671333
0.694519
0.672314
0.673539
0.659943
0.654674
0.658026
0.657002
0.688568
0.659669
0.672039
0.661259
0.685321
0.669266
0.670162
0.696055
0.652858
0.687743
0.695670
0.681694
0.687129
0.725310
0.714613
0.685879
0.685386
0.674252
0.690833
0.638709
0.628523
0.693569
0.689590
0.691507
0.682327
0.647006
0.664540
0.696381
0.698202
0.696213
0.710863
0.699062
0.688271
0.673398
0.689483
0.678349
0.648777
0.681424
0.696823
0.715288
0.714282
0.724659
0.693336
0.704992
0.666769
0.706251
0.693690
0.648266
0.688530
0.680560
0.687527
0.678717
0.687035
0.681367
0.691004
0.632988
0.710751
0.682964
0.629305
0.703139
0.712857
0.710372
0.725044
0.720273
0.700685
0.724496
0.669275
0.660536
0.683538
0.649304
0.636453
0.675599
0.645017
0.597426
0.720202
0.701332
0.731417
0.720650
0.644065
0.694053
0.659462
0.713564
0.729291
0.654961
0.695526
0.732999
0.720672
0.730715
0.688513
0.627160
0.621186
0.617837
0.619184
0.649861
0.631885
0.624592
0.626469
0.607511
0.614136
0.620111
0.633883
0.634054
0.629328
0.628230
0.637632
0.644298
0.638656
0.652503
0.637901
0.639601
0.641310
0.647454
0.642308
0.641382
0.632725
0.657971
0.666408
0.645559
0.675403
0.651435
0.618466
0.622167
0.618711
0.642634
0.573297
0.608137
0.605528
0.634181
0.607826
0.623352
0.613795
0.616695
0.603823
0.602199
0.616143
0.608307
0.630664
0.606978
0.617827
0.620338
0.612107
0.626972
0.607911
0.637181
0.617194
0.620951
0.621294
0.596478
0.635285
0.606049
0.591999
0.571514
0.581077
0.561719
0.582814
0.569509
0.598769
0.594040
0.589863
0.582773
0.571980
0.581633
0.596883
0.589396
0.613739
0.608525
0.579330
0.587370
0.612011
0.590798
0.626684
0.603966
0.586545
0.584219
0.571674
0.557179
0.599029
0.597084
0.557777
0.561001
0.553212
0.549827
0.585705
0.582607
0.605549
0.602516
0.590164
0.580457
0.608820
0.578922
0.609201
0.590956
0.564117
0.547996
0.558766
0.551024
0.514370
0.579339
0.580869
0.574848
0.590448
0.592734
0.606733
0.613102
0.655871
0.648226
0.599032
0.632731
0.471914
0.562066
0.567720
0.559990
0.557965
0.568712
0.541374
0.544152
0.509658
0.435548
0.434517
0.532818
0.571568
0.588773
0.634126
0.555687
0.542376
0.568855
0.536853
0.577583
0.579955
0.566453
0.559299
0.532220
0.519185
0.590794
0.591313
0.615602
0.617962
0.603953
0.596968
0.609495
0.595794
0.609770
0.590610
0.562347
0.514574
0.526946
0.500501
0.580015
0.579356
0.508419
0.524132
0.489452
0.466579
0.551446
0.554301
0.590240
0.583585
0.602786
0.608173
0.610467
0.613186
0.605011
0.607663
0.449127
0.431443
0.459594
0.392238
0.370321
0.413973
0.486350
0.473925
0.439139
0.418599
0.379398
0.385316
0.374415
0.339438
0.344675
0.491772
0.505948
0.457848
0.455659
0.517519
0.472366
0.414997
0.411818
0.398196
0.678675
0.655091
0.677109
0.664303
0.662897
0.677695
0.699998
0.695296
0.660016
0.686990
0.684256
0.683139
0.678334
0.673865
0.668244
0.664406
0.700626
0.666028
0.694698
0.678065
0.700740
0.687161
0.698305
0.695433
0.700402
0.716200
0.694975
0.687915
0.682846
0.689541
0.686542
0.685607
0.702197
0.702778
0.711037
0.715521
0.711104
0.699309
0.643864
0.638605
0.672147
0.657722
0.673769
0.681543
0.693948
0.683203
0.717383
0.701147
0.688717
0.740189
0.633106
0.618052
0.661166
0.591977
0.636517
0.627934
0.661382
0.656671
0.671122
0.492735
0.444313
0.485498
0.431158
0.522223
0.506025
0.445554
0.467195
0.418129
0.392623
0.483286
0.499178
0.526528
0.518621
0.564733
0.583517
0.532842
0.599508
0.561629
0.598531
0.431761
0.391445
0.417768
0.379038
0.465388
0.457420
0.413952
0.420853
0.388048
0.368095
0.459492
0.465098
0.516761
0.512924
0.540459
0.570869
0.512017
0.566043
0.509075
0.569985
0.340990
0.339420
0.336595
0.300185
0.297588
0.313694
0.361438
0.358914
0.320247
0.308559
0.273544
0.280071
0.285042
0.281242
0.282929
0.367297
0.387864
0.333464
0.340214
0.409909
0.361056
0.314492
0.312198
0.296476
0.808647
0.793273
0.805254
0.782483
0.784430
0.783865
0.773360
0.788368
0.852988
0.812618
0.787275
0.787905
0.792500
0.798179
0.793192
0.800951
0.791870
0.786122
0.815163
0.804617
0.780535
0.801967
0.780051
0.787550
0.833646
0.799493
0.804855
0.785961
0.789199
0.819700
0.808218
0.808826
0.785153
0.811924
0.820717
0.811370
0.823623
0.833768
0.837257
0.818880
0.810684
0.831482
0.828223
0.824079
0.830994
0.823970
0.818657
0.821374
0.835428
0.827859
0.836447
0.822383
0.825944
0.824011
0.845387
0.837089
0.824296
0.843010
0.822442
0.833509
0.844234
0.825266
0.825221
0.812216
0.816824
0.829936
0.840779
0.838948
0.831238
0.827999
0.797703
0.790955
0.810556
0.806870
0.810765
0.798707
0.813685
0.814909
0.804527
0.824065
0.856826
0.832950
0.836314
0.853316
0.846861
0.829121
0.851076
0.843140
0.831981
0.849076
0.828170
0.834324
0.814116
0.810456
0.818845
0.834229
0.841310
0.838996
0.837561
0.852012
0.804929
0.801098
0.808067
0.813431
0.786355
0.793280
0.793076
0.803144
0.831286
0.852415
0.841455
0.844654
0.851561
0.839036
0.842694
0.842382
0.846908
0.853665
0.851355
0.858642
0.842691
0.837823
0.841093
0.842214
0.842480
0.846960
0.841766
0.838768
0.844119
0.837726
0.833218
0.836560
0.849740
0.821831
0.828231
0.830843
0.844498
0.837194
0.842765
0.834626
0.842310
0.840222
0.843855
0.846730
0.843659
0.839679
0.839499
0.838915
0.839456
0.831482
0.841073
0.835403
0.851029
0.856641
0.854786
0.850136
0.863317
0.836020
0.832285
0.835166
0.837665
0.820082
0.834190
0.826276
0.842251
0.849267
0.860598
0.842331
0.839763
0.827207
0.839658
0.830329
0.823658
0.828992
0.836154
0.829186
0.826712
0.823363
0.816843
0.820678
0.817309
0.811414
0.817509
0.818063
0.823486
0.819420
0.817418
0.815852
0.831117
0.834383
0.824224
0.827381
0.836103
0.830894
0.825011
0.828220
0.826751
0.829165
0.817539
0.817049
0.829863
0.827756
0.822188
0.827944
0.848099
0.833589
0.840632
0.849269
0.845442
0.854869
0.851575
0.846145
0.842960
0.843291
0.851482
0.852208
0.860634
0.847464
0.848439
0.857318
0.868268
0.869057
0.863322
0.861922
0.873883
0.865347
0.851198
0.836446
0.835349
0.827066
0.854165
0.843642
0.828882
0.830345
0.818891
0.814829
0.832503
0.832761
0.833405
0.831895
0.832498
0.835313
0.845696
0.846906
0.853430
0.853748
0.817928
0.813624
0.818641
0.816533
0.819051
0.818436
0.845879
0.833617
0.844120
0.830310
0.825765
0.831000
0.831326
0.826325
0.821910
0.823795
0.822259
0.821518
0.829591
0.828696
0.843390
0.841504
0.842902
0.848200
0.838053
0.821775
0.838158
0.837249
0.827221
0.816555
0.844117
0.827878
0.835330
0.825597
0.812788
0.839931
0.834218
0.817447
0.818519
0.822409
0.827747
0.816814
0.808925
0.816924
0.837910
0.816721
0.823013
0.834292
0.837080
0.823249
0.835732
0.831720
0.828152
0.850912
0.824623
0.859005
0.829634
0.829443
0.825535
0.825208
0.829609
0.839906
0.856179
0.816767
0.845516
0.821594
0.840007
0.831908
0.825656
0.795225
0.825452
0.805453
0.791675
0.791929
0.800431
0.825338
0.813457
0.786158
0.801109
0.804247
0.808142
0.797732
0.794554
0.802418
0.810780
0.831701
0.801777
0.828427
0.844068
0.818909
0.804110
0.845358
0.846724
0.852663
0.846577
0.846290
0.840165
0.840538
0.842775
0.835852
0.832651
0.846592
0.828181
0.838663
0.830987
0.841796
0.839229
0.857967
0.858450
0.843632
0.817016
0.828727
0.809300
0.840371
0.820665
0.824872
0.824436
0.809816
0.835822
0.838711
0.843101
0.837938
0.848864
0.844969
0.841650
0.832601
0.835432
0.840334
0.827435
0.831304
0.827250
0.838711
0.813583
0.824534
0.824757
0.821137
0.829275
0.825927
0.829264
0.832806
0.838415
0.831458
0.826546
0.829014
0.824797
0.826912
0.834037
0.836031
0.820240
0.829932
0.828410
0.815810
0.829121
0.814890
0.825745
0.818481
0.832187
0.818043
0.822709
0.813852
0.811799
0.812322
0.812872
0.823078
0.826590
0.815525
0.813370
0.815155
0.814470
0.807493
0.811081
0.824370
0.831838
0.830585
0.830857
0.829499
0.837462
0.836665
0.844300
0.839040
0.846615
0.850877
0.840910
0.844655
0.834514
0.833775
0.840347
0.846088
0.850827
0.859946
0.830183
0.847905
0.858519
0.865674
0.868451
0.864327
0.865924
0.854996
0.825742
0.824097
0.834046
0.828555
0.819952
0.823547
0.827437
0.822524
0.816934
0.822172
0.818005
0.831179
0.832576
0.834998
0.826434
0.849059
0.842419
0.831737
0.837028
0.832227
0.833964
0.827284
0.853647
0.836817
0.835454
0.848480
0.840447
0.865887
0.839127
0.867591
0.835149
0.842222
0.837469
0.849904
0.853789
0.847306
0.851482
0.852864
0.842122
0.844538
0.739918
0.698739
0.706852
0.706201
0.687612
0.690390
0.738866
0.732399
0.729222
0.736285
0.756629
0.751622
0.750713
0.667369
0.724232
0.690147
0.773986
0.779177
0.777143
0.816670
0.818493
0.817573
0.798964
0.778147
0.764913
0.753173
0.809497
0.804083
0.792122
0.765001
0.782504
0.790783
0.818250
0.815431
0.750801
0.713156
0.687723
0.696768
0.650011
0.680797
0.663915
0.695003
0.768746
0.726434
0.754628
0.719445
0.716186
0.688838
0.761393
0.728542
0.731602
0.727597
0.685040
0.788171
0.810316
0.818345
0.777311
0.776748
0.780235
0.791113
0.798717
0.796989
0.818533
0.724044
0.747523
0.701861
0.698833
0.708110
0.710611
0.761916
0.764255
0.707966
0.715951
0.712046
0.752793
0.762403
0.750789
0.777953
0.734956
0.788809
0.801184
0.796068
0.811648
0.820927
0.818745
0.829062
0.814412
0.820977
0.800075
0.809106
0.774767
0.782156
0.801968
0.814460
0.823656
0.780034
0.740852
0.736657
0.703197
0.650705
0.669320
0.726281
0.755514
0.717925
0.701543
0.721238
0.690820
0.692800
0.717104
0.722269
0.696147
0.713225
0.739784
0.722696
0.769736
0.781896
0.778061
0.795565
0.742979
0.800240
0.773647
0.779388
0.760816
0.738479
0.762885
0.729542
0.719324
0.745125
0.706466
0.688546
0.676947
0.669395
0.737887
0.747779
0.830739
0.830561
0.843796
0.836488
0.816263
0.804907
0.847774
0.858419
0.856722
0.858498
0.851552
0.853548
0.833275
0.858248
0.849344
0.840172
0.838402
0.849937
0.847322
0.841062
0.812626
0.824536
0.834431
0.823418
0.833328
0.840692
0.847566
0.853117
0.846732
0.853835
0.824809
0.849386
0.843172
0.835222
0.834216
0.847160
0.837516
0.813853
0.818076
0.814032
0.836138
0.827491
0.827740
0.834760
0.830691
0.837535
0.841933
0.835958
0.841433
0.851907
0.848100
0.848223
0.845604
0.849784
0.845887
0.837402
0.839517
0.844814
0.854200
0.848184
0.827465
0.829023
0.836405
0.806857
0.813115
0.808424
0.819178
0.828400
0.834470
0.830515
0.843810
0.847831
0.842504
0.843493
0.832487
0.851954
0.850995
0.847938
0.837489
0.824382
0.848242
0.827345
0.797759
0.791986
0.861625
0.856417
0.856539
0.860079
0.858267
0.854963
0.857609
0.861469
0.856149
0.859769
0.860094
0.858589
0.860054
0.852396
0.857976
0.857828
0.853841
0.860339
0.862639
0.861472
0.859082
0.853376
0.853174
0.854602
0.852900
0.853488
0.857642
0.857439
0.860955
0.860299
0.857121
0.852121
0.858884
0.852630
0.851088
0.849629
0.851775
0.853239
0.851499
0.858644
0.855019
0.861854
0.854989
0.858489
0.858895
0.858447
0.853742
0.856339
0.853244
0.858549
0.854745
0.857628
0.857335
0.859865
0.854520
0.857943
0.858638
0.858400
0.860122
0.856277
0.857594
0.854276
0.858622
0.860788
0.863682
0.854281
0.851747
0.853145
0.848274
0.850633
0.849184
0.851821
0.850990
0.851474
0.851169
0.852649
0.855898
0.854030
0.855011
0.854404
0.849377
0.855724
0.854638
0.854911
0.853637
0.851112
0.853504
0.856650
0.858044
0.856060
0.855565
0.858603
0.864077
0.858027
0.856680
0.860530
0.854139
0.856229
0.854734
0.854069
0.857732
0.860512
0.850315
0.849896
0.848467
0.849580
0.850502
0.845697
0.851283
0.849052
0.850883
0.853717
0.848017
0.854834
0.846652
0.850870
0.851943
0.849676
0.846606
0.848510
0.854214
0.852937
0.851482
0.850345
0.857325
0.850357
0.855294
0.851950
0.858524
0.857578
0.855391
0.861572
0.858130
0.859381
0.857611
0.858257
0.850858
0.861704
0.857321
0.860281
0.860064
0.498346
0.361944
0.461750
0.541191
0.469846
0.469284
0.609459
0.602756
0.579042
0.541791
0.534421
0.442876
0.401101
0.561115
0.550600
0.585115
0.660284
0.657223
0.652544
0.647626
0.633972
0.601571
0.589705
0.667934
0.675684
0.573087
0.606941
0.630773
0.647551
0.669908
0.674339
0.495807
0.609879
0.617253
0.476943
0.489657
0.486639
0.521964
0.598938
0.608724
0.621711
0.641570
0.499886
0.458634
0.545330
0.526027
0.589704
0.510356
0.572345
0.671689
0.648515
0.628609
0.531825
0.603379
0.633588
0.630081
0.728180
0.699169
0.722611
0.683265
0.654476
0.698107
0.690421
0.627312
0.602033
0.604264
0.621342
0.703176
0.691959
0.575143
0.521560
0.552889
0.492154
0.443372
0.390432
0.294828
0.349587
0.471484
0.513143
0.553017
0.563463
0.456467
0.456110
0.445783
0.440528
0.461325
0.433614
0.459766
0.438480
0.476810
0.596590
0.526055
0.354597
0.452398
0.543134
0.541611
0.552369
0.644014
0.613627
0.668501
0.682002
0.584104
0.622923
0.637716
0.537772
0.613943
0.630063
0.634246
0.612201
0.629413
0.647463
0.630913
0.643764
0.507863
0.504588
0.515230
0.448672
0.437157
0.428299
0.390125
0.398969
0.273483
0.268625
0.285551
0.445570
0.458085
0.530050
0.555352
0.415320
0.453954
0.522257
0.535430
0.410283
0.495226
0.648328
0.584796
0.603990
0.678158
0.639634
0.591177
0.575387
0.640978
0.482096
0.377373
0.676597
0.697623
0.665526
0.670092
0.712422
0.666270
0.651623
0.659824
0.720311
0.690514
0.688552
0.720876
0.662128
0.669697
0.694693
0.643165
0.668144
0.629231
0.539010
0.614844
0.540918
0.458653
0.474636
0.408028
0.517706
0.592047
0.745223
0.726689
0.730623
0.859390
0.809001
0.805603
0.864979
0.852020
0.814723
0.858392
0.855598
0.803779
0.795867
0.738613
0.741356
0.878606
0.865402
0.864610
0.827738
0.839621
0.826836
0.827576
0.817084
0.876901
0.860104
0.839420
0.828598
0.822897
0.866209
0.845674
0.854805
0.856211
0.840435
0.827835
0.841439
0.858101
0.821659
0.818305
0.809516
0.804645
0.719406
0.728805
0.736052
0.763388
0.805564
0.813404
0.774498
0.757961
0.752273
0.833078
0.794519
0.810626
0.837444
0.827971
0.806559
0.848230
0.799143
0.752615
0.843699
0.841098
0.833645
0.836739
0.812908
0.799308
0.829761
0.814670
0.841853
0.794521
0.802363
0.826158
0.829708
0.837352
0.835836
0.837410
0.853038
0.848694
0.837216
0.807521
0.794261
0.792826
0.813556
0.761342
0.755370
0.765191
0.757991
0.807506
0.819880
0.721057
0.698393
0.741470
0.820635
0.784870
0.774212
0.821317
0.829525
0.786375
0.843612
0.796512
0.754153
0.828523
0.810518
0.819912
0.815131
0.821385
0.796052
0.801334
0.800432
0.839856
0.785752
0.813641
0.822166
0.824307
0.818225
0.840600
0.809929
0.815196
0.834195
0.832967
0.787856
0.817351
0.763027
0.748972
0.684077
0.679473
0.674285
0.677240
0.765935
0.775429
0.723999
0.717082
0.702091
0.833627
0.799205
0.796468
0.843181
0.838504
0.790031
0.828084
0.784904
0.695525
0.835830
0.820768
0.842649
0.791397
0.798841
0.812055
0.794082
0.849692
0.791580
0.786509
0.837130
0.852886
0.855125
0.843509
0.870042
0.853248
0.791504
0.796168
0.805748
0.812873
0.713604
0.742785
0.727253
0.812938
0.795481
0.811917
0.779702
0.784548
0.781512
0.788452
0.796455
0.816973
0.785702
0.780078
0.785866
0.783645
0.789909
0.784475
0.774699
0.784300
0.795474
0.801501
0.788305
0.780251
0.775761
0.783699
0.792170
0.796115
0.815805
0.821474
0.800699
0.796404
0.814506
0.807273
0.809048
0.789413
0.794550
0.791230
0.800369
0.787195
0.793606
0.788873
0.769497
0.777673
0.778977
0.770281
0.814540
0.793469
0.784872
0.797936
0.792480
0.803768
0.828612
0.808213
0.836727
0.812279
0.803719
0.811369
0.802484
0.788877
0.819743
0.823896
0.765512
0.784096
0.752986
0.744627
0.742219
0.748735
0.797572
0.799228
0.771720
0.785646
0.787578
0.785681
0.794739
0.779182
0.756131
0.781769
0.780226
0.789084
0.728678
0.765293
0.789496
0.740338
0.772424
0.806383
0.770113
0.731093
0.745309
0.755509
0.742643
0.786423
0.741250
0.738011
0.799362
0.733763
0.732631
0.797897
0.740227
0.755835
0.765104
0.779337
0.759359
0.771089
0.794092
0.797514
0.759649
0.760333
0.759595
0.763073
0.775101
0.787898
0.786422
0.778982
0.777854
0.769323
0.777370
0.765271
0.776363
0.779302
0.820232
0.777821
0.777486
0.763507
0.772997
0.796581
0.793766
0.772047
0.777972
0.825671
0.768231
0.767222
0.763885
0.765747
0.786966
0.763070
0.792189
0.805881
0.777187
0.794689
0.778782
0.801538
0.786241
0.819737
0.817731
0.785484
0.836025
0.812552
0.792542
0.772058
0.761215
0.773977
0.773606
0.778069
0.782596
0.774775
0.768494
0.783636
0.774445
0.800599
0.781575
0.768263
0.767995
0.782136
0.779219
0.786346
0.786748
0.795923
0.787635
0.775577
0.772744
0.791516
0.804887
0.756847
0.771400
0.780794
0.797747
0.778964
0.768177
0.814857
0.767559
0.820735
0.792975
0.849578
0.783546
0.760489
0.811116
0.831878
0.891991
0.871747
0.819624
0.797769
0.821757
0.801296
0.796635
0.772673
0.772632
0.796867
0.863659
0.815071
0.820699
0.800183
0.799558
0.795580
0.798495
0.814511
0.791624
0.769792
0.774650
0.786250
0.778236
0.778884
0.800642
0.813069
0.815004
0.836082
0.843450
0.823790
0.825374
0.829203
0.804644
0.814937
0.803958
0.825201
0.834839
0.839127
0.823994
0.813864
0.803227
0.797215
0.800311
0.773566
0.778063
0.812329
0.797911
0.805388
0.828138
0.776850
0.785050
0.778051
0.782933
0.799016
0.786356
0.785065
0.799988
0.812286
0.796192
0.815358
0.771217
0.780915
0.789015
0.790778
0.785540
0.799966
0.778370
0.791310
0.803541
0.815097
0.771926
0.803342
0.805251
0.791339
0.814014
0.792583
0.814121
0.785673
0.812061
0.805851
0.817449
0.811110
0.800714
0.804463
0.831446
0.784157
0.807146
0.815235
0.790371
0.797174
0.803573
0.828864
0.803408
0.808312
0.821875
0.798226
0.791615
0.816825
0.818482
0.828287
0.792066
0.800087
0.794035
0.787501
0.808708
0.810130
0.797720
0.795504
0.784431
0.807554
0.799391
0.778969
0.800212
0.771861
0.785521
0.857101
0.778586
0.771347
0.798454
0.783983
0.803616
0.792720
0.790017
0.834883
0.820227
0.837488
0.809828
0.827290
0.851915
0.782141
0.823479
0.770362
0.800873
0.777766
0.798710
0.798669
0.809328
0.798426
0.809718
0.807020
0.798056
0.832067
0.798188
0.817076
0.785786
0.795535
0.789748
0.845363
0.785774
0.849438
0.831278
0.877163
0.809347
0.816772
0.907624
0.916276
0.921381
0.806930
0.814969
0.855798
0.867682
0.829657
0.857540
0.852500
0.827404
0.864705
0.857400
0.839547
0.815717
0.822067
0.833022
0.853722
0.846442
0.830037
0.810476
0.839206
0.811880
0.818047
0.828844
0.851531
0.833136
0.855478
0.846861
0.829751
0.846978
0.834461
0.834633
0.841963
0.844270
0.830590
0.827157
0.832021
0.824003
0.846087
0.836941
0.869642
0.886107
0.878240
0.887254
0.896396
0.860261
0.882330
0.841428
0.866812
0.859781
0.878336
0.831788
0.878781
0.878169
0.898573
0.882628
0.881804
0.892944
0.914864
0.881508
0.848416
0.871500
0.846984
0.911345
0.899591
0.891757
0.873500
0.864802
0.878011
0.884329
0.900525
0.892174
0.865381
0.880105
0.913048
0.885094
0.925751
0.907751
0.861681
0.891279
0.871742
0.876614
0.844367
0.869805
0.861032
0.843999
0.854676
0.868297
0.850580
0.870001
0.867964
0.864356
0.896740
0.876203
0.866393
0.867806
0.848766
0.875150
0.923525
0.913264
0.909848
0.885216
0.864425
0.908438
0.896430
0.888021
0.917490
0.876482
0.863195
0.876989
0.876939
0.879375
0.867988
0.882861
0.882436
0.864990
0.876482
0.884749
0.861174
0.842527
0.860857
0.861150
0.831615
0.879067
0.878553
0.868765
0.888994
0.887471
0.886507
0.863778
0.868231
0.858621
0.859010
0.884936
0.885526
0.872046
0.867932
0.864432
0.866251
0.874374
0.871050
0.879774
0.882887
0.884431
0.880196
0.887396
0.886236
0.882438
0.873543
0.854049
0.856970
0.870815
0.860198
0.870271
0.864837
0.826556
0.845598
0.826424
0.852670
0.849624
0.875371
0.893659
0.849320
0.879762
0.893149
0.848889
0.836692
0.851956
0.847407
0.827855
0.865150
0.878142
0.868936
0.870413
0.878509
0.874358
0.876788
0.871058
0.875492
0.867625
0.867907
0.871223
0.870176
0.877221
0.868355
0.870021
0.901313
0.864836
0.877571
0.864222
0.876903
0.834134
0.879163
0.867111
0.848907
0.899868
0.867210
0.846348
0.849764
0.856333
0.855363
0.854548
0.845321
0.852612
0.854926
0.860035
0.859710
0.849522
0.875614
0.847416
0.840057
0.856886
0.848663
0.849509
0.888069
0.880300
0.854429
0.871948
0.853614
0.893593
0.884104
0.912864
0.912261
0.869939
0.865326
0.863781
0.906508
0.872039
0.845084
0.860816
0.868798
0.864869
0.894190
0.860298
0.895383
0.868015
0.876228
0.899901
0.866081
0.848783
0.896759
0.874925
0.865720
0.880929
0.856814
0.860806
0.862697
0.862202
0.830779
0.851243
0.844365
0.849960
0.859591
0.884018
0.850939
0.846214
0.853201
0.853721
0.865713
0.852088
0.876805
0.868040
0.885836
0.878371
0.896719
0.865453
0.869650
0.881908
0.885534
0.858842
0.861769
0.865703
0.884326
0.873601
0.876878
0.862439
0.857441
0.876442
0.861017
0.844537
0.870646
0.840135
0.852308
0.847931
0.819364
0.806423
0.826274
0.821434
0.857099
0.837836
0.840451
0.844902
0.831741
0.852346
0.840099
0.835426
0.852021
0.846859
0.858871
0.845321
0.854430
0.837302
0.850403
0.842634
0.850482
0.841634
0.844745
0.847562
0.852126
0.843752
0.871000
0.888324
0.845391
0.862911
0.846882
0.868896
0.857326
0.818510
0.884034
0.867700
0.864984
0.880050
0.850502
0.880853
0.855214
0.861593
0.897506
0.886829
0.847579
0.878287
0.882230
0.890388
0.885277
0.894319
0.895687
0.919440
0.889339
0.887815
0.847223
0.874706
0.828509
0.843659
0.862468
0.870120
0.847531
0.844413
0.866705
0.829013
0.861634
0.859927
0.870427
0.898609
0.852780
0.889186
0.889492
0.903795
0.860870
0.881783
0.819899
0.844102
0.863833
0.835149
0.823411
0.833490
0.868988
0.829024
0.856940
0.843562
0.821048
0.833896
0.813974
0.809560
0.869411
0.860378
0.864182
0.872329
0.829990
0.869168
0.840489
0.873977
0.834615
0.851001
0.882710
0.894929
0.861353
0.886101
0.864390
0.853305
0.855238
0.865105
0.863800
0.858723
0.891720
0.888480
0.895447
0.866661
0.887215
0.861937
0.876523
0.884031
0.843545
0.839301
0.863680
0.844648
0.816572
0.853259
0.857016
0.835362
0.800404
0.784169
0.836599
0.824530
0.817973
0.807777
0.802752
0.797342
0.801291
0.793003
0.794230
0.813789
0.755738
0.690399
0.847483
0.829617
0.870511
0.869952
0.856936
0.854010
0.823433
0.811676
0.949831
0.876590
0.931020
0.836261
0.867793
0.857831
0.866003
0.862173
0.849357
0.847324
0.865823
0.859426
0.859287
0.848077
0.922148
0.904371
0.933635
0.908414
0.846587
0.910823
0.914112
0.937946
0.899065
0.835141
0.850260
0.853814
0.853757
0.840458
0.848363
0.847486
0.832843
0.860392
0.859830
0.855635
0.835995
0.880036
0.870736
0.881117
0.827473
0.827872
0.814301
0.819313
0.829982
0.841857
0.811536
0.833965
0.822585
0.850767
0.803738
0.795350
0.798408
0.783956
0.817649
0.792957
0.823004
0.814942
0.812948
0.832565
0.840104
0.843751
0.831518
0.823009
0.828705
0.832747
0.881087
0.837426
0.875858
0.939491
0.879201
0.834776
0.874355
0.838628
0.880235
0.884415
0.828682
0.853521
0.865029
0.866182
0.858739
0.849133
0.872597
0.831910
0.842707
0.862393
0.821396
0.835564
0.852860
0.832699
0.863830
0.861187
0.809523
0.819789
0.831252
0.829535
0.813695
0.830776
0.839553
0.825185
0.819170
0.852714
0.813275
0.819595
0.842108
0.846150
0.815501
0.815043
0.818442
0.805505
0.829863
0.837000
0.902522
0.898677
0.911721
0.881193
0.866630
0.874101
0.904008
0.861131
0.890216
0.888459
0.904535
0.888373
0.886254
0.904154
0.891473
0.893391
0.900312
0.907001
0.892646
0.904381
0.900644
0.886484
0.909428
0.903355
0.909598
0.901366
0.904849
0.795504
0.827331
0.819207
0.833309
0.828543
0.787457
0.807456
0.832859
0.853556
0.836464
0.794097
0.817547
0.821002
0.802065
0.803823
0.822135
0.841143
0.826626
0.821608
0.790736
0.809889
0.790741
0.769633
0.784588
0.802102
0.818686
0.780939
0.787670
0.829472
0.808416
0.797275
0.778870
0.845834
0.876230
0.865860
0.874082
0.874465
0.863106
0.880062
0.877166
0.896030
0.885285
0.888244
0.906785
0.888210
0.878547
0.865840
0.866709
0.851882
0.872261
0.860549
0.869788
0.869883
0.900023
0.836772
0.839238
0.836013
0.831703
0.840087
0.818800
0.834524
0.844372
0.855794
0.857585
0.854441
0.842276
0.836087
0.844833
0.838606
0.805271
0.853576
0.847056
0.849395
0.789048
0.776206
0.804140
0.805591
0.808414
0.801019
0.838598
0.825919
0.848643
0.871581
0.854032
0.859374
0.845862
0.828000
0.871103
0.867304
0.887480
0.837601
0.844251
0.868230
0.860793
0.882401
0.856710
0.871978
0.864096
0.871506
0.860398
0.865466
0.877295
0.873228
0.869203
0.876273
0.891672
0.883294
0.888434
0.881290
0.893861
0.820778
0.795452
0.843017
0.797877
0.766208
0.823722
0.843805
0.837061
0.773788
0.761294
0.783956
0.753915
0.745804
0.781752
0.793694
0.805816
0.770262
0.750034
0.761729
0.760450
0.751135
0.763097
0.766680
0.775134
0.721781
0.763087
0.754916
0.768617
0.764122
0.768441
0.768544
0.736184
0.750654
0.756626
0.771738
0.880948
0.875720
0.888532
0.889505
0.870693
0.865850
0.858033
0.862365
0.886857
0.878824
0.868521
0.869437
0.875117
0.869690
0.877324
0.875607
0.870464
0.876576
0.899282
0.868118
0.873374
0.883642
0.878459
0.870810
0.860384
0.865873
0.863664
0.736979
0.733643
0.758910
0.810708
0.749053
0.747813
0.769494
0.813468
0.794020
0.783815
0.826171
0.781207
0.831020
0.805382
0.813296
0.824577
0.811343
0.801681
0.834632
0.796296
0.801890
0.791916
0.786857
0.806653
0.796587
0.849264
0.780545
0.784812
0.789778
0.761467
0.757315
0.753842
0.715363
0.767123
0.795077
0.786732
0.816377
0.824166
0.838383
0.822694
0.797037
0.784321
0.797443
0.801229
0.775828
0.822924
0.828343
0.821349
0.827894
0.825579
0.812278
0.813621
0.826729
0.800683
0.766776
0.760067
0.804341
0.810438
0.829318
0.816298
0.834074
0.838546
0.840402
0.841609
0.827853
0.836031
0.856342
0.849075
0.822207
0.862259
0.849497
0.853941
0.836579
0.841297
0.802738
0.819236
0.807833
0.796272
0.798065
0.795777
0.835519
0.840115
0.812523
0.821061
0.846818
0.844754
0.826499
0.823234
0.814094
0.821425
0.807014
0.791286
0.856439
0.812916
0.858449
0.829449
0.831066
0.869280
0.812198
0.829920
0.846683
0.852854
0.837368
0.824491
0.837675
0.851183
0.844771
0.837039
0.862425
0.816997
0.841933
0.833819
0.837097
0.837331
0.823940
0.842869
0.841116
0.785185
0.813242
0.820112
0.814350
0.822600
0.870898
0.808700
0.825635
0.821221
0.841106
0.839418
0.840427
0.829717
0.829591
0.818167
0.822254
0.824669
0.850146
0.831773
0.824907
0.817598
0.823911
0.841369
0.816814
0.836851
0.796212
0.824848
0.829915
0.823029
0.820514
0.842481
0.840288
0.841691
0.844786
0.844177
0.835310
0.846019
0.824539
0.803091
0.782746
0.788474
0.816562
0.822506
0.783601
0.801409
0.838648
0.825992
0.808158
0.798391
0.776372
0.795947
0.788256
0.838076
0.832042
0.834891
0.791391
0.834283
0.822246
0.810916
0.818398
0.834341
0.805321
0.826923
0.835496
0.808482
0.792087
0.826063
0.806488
0.856213
0.824135
0.811959
0.833995
0.828735
0.813888
0.823626
0.807808
0.843924
0.832795
0.826421
0.865891
0.834359
0.809080
0.799734
0.802329
0.788464
0.788663
0.808048
0.808067
0.857765
0.890107
0.852931
0.864111
0.854975
0.835264
0.840702
0.828048
0.809618
0.823631
0.825548
0.852293
0.836423
0.835168
0.821849
0.852390
0.829917
0.790123
0.796622
0.806856
0.855571
0.837047
0.855686
0.837441
0.835668
0.854412
0.875985
0.842980
0.828750
0.853515
0.894422
0.815566
0.809848
0.817515
0.831583
0.795348
0.810037
0.819100
0.789550
0.837292
0.825399
0.835425
0.832060
0.873569
0.848330
0.777370
0.800716
0.763528
0.786142
0.810196
0.793552
0.795223
0.834293
0.793956
0.766651
0.796936
0.806559
0.806392
0.780653
0.797855
0.827944
0.800372
0.802594
0.793851
0.807202
0.829581
0.803546
0.817283
0.874088
0.832837
0.842113
0.862794
0.822479
0.826484
0.853181
0.840139
0.819848
0.829376
0.800598
0.825016
0.841647
0.819718
0.822629
0.884321
0.839310
0.833427
0.835853
0.794780
0.792374
0.879658
0.830608
0.815043
0.833918
0.860747
0.858436
0.891120
0.900912
0.888131
0.885378
0.903021
0.910343
0.893045
0.881682
0.884191
0.881791
0.890221
0.896366
0.913629
0.911966
0.906198
0.915815
0.922206
0.903793
0.902234
0.940775
0.922353
0.885553
0.915616
0.908667
0.870076
0.891117
0.893367
0.893061
0.903979
0.875119
0.931314
0.889694
0.915814
0.833174
0.867983
0.950213
0.910360
0.901023
0.959906
0.943021
0.916815
0.909907
0.938984
0.892805
0.919187
0.934524
0.927732
0.937683
0.959880
0.922135
0.945097
0.927137
0.965652
0.917038
0.944412
0.951346
0.941855
0.915970
0.894656
0.907492
0.926982
0.929470
0.914244
0.896182
0.873623
0.863526
0.871196
0.896858
0.888014
0.915452
0.886300
0.924726
0.928170
0.931968
0.925664
0.906789
0.865072
0.925880
0.916430
0.942415
0.964354
0.958828
0.940262
0.918280
0.857495
0.851168
0.869108
0.861989
0.848480
0.842577
0.844218
0.858847
0.849581
0.843796
0.835282
0.848391
0.840319
0.843489
0.842826
0.834433
0.843145
0.837841
0.834942
0.858129
0.872092
0.841947
0.842184
0.857292
0.816991
0.837512
0.854158
0.834947
0.854492
0.882289
0.841419
0.850325
0.849946
0.843176
0.845790
0.841791
0.824074
0.843729
0.842007
0.836421
0.857810
0.834254
0.844723
0.850281
0.839400
0.833539
0.852379
0.852363
0.858672
0.849199
0.839581
0.866527
0.870128
0.853352
0.838425
0.840042
0.842835
0.848522
0.870217
0.851502
0.856435
0.839080
0.858474
0.861182
0.855298
0.853155
0.855072
0.852782
0.866576
0.842011
0.859050
0.861606
0.872047
0.851716
0.845879
0.862758
0.863675
0.845347
0.860743
0.862821
0.839735
0.844148
0.875198
0.883364
0.857265
0.884798
0.872398
0.880490
0.867796
0.880601
0.891296
0.855457
0.852667
0.853446
0.867803
0.904264
0.870807
0.863412
0.901192
0.885972
0.893801
0.879740
0.881900
0.875734
0.881250
0.896971
0.870832
0.878746
0.874967
0.919905
0.914846
0.880147
0.872092
0.897892
0.910270
0.899842
0.889892
0.862913
0.877854
0.875419
0.885633
0.899794
0.888842
0.897046
0.908087
0.899112
0.895649
0.899760
0.892203
0.872687
0.877136
0.895237
0.912614
0.899266
0.902978
0.882180
0.895506
0.894418
0.887700
0.888130
0.910613
0.897685
0.912039
0.905734
0.898950
0.912968
0.891316
0.902931
0.889543
0.891536
0.897373
0.900387
0.878015
0.877833
0.896364
0.889204
0.882416
0.899865
0.851593
0.868870
0.893304
0.923772
0.912986
0.915296
0.911328
0.884701
0.857964
0.855505
0.860999
0.846525
0.823674
0.864424
0.880672
0.833996
0.845987
0.872471
0.865655
0.841621
0.866900
0.837355
0.833173
0.856385
0.839737
0.857716
0.850113
0.825177
0.814228
0.844338
0.874245
0.849084
0.853025
0.822915
0.835558
0.837142
0.865741
0.888279
0.902456
0.869872
0.876496
0.876800
0.866152
0.885003
0.891200
0.895414
0.887213
0.893128
0.894399
0.897802
0.886506
0.897712
0.894156
0.914146
0.905008
0.864977
0.890248
0.883758
0.898604
0.891332
0.888420
0.882031
0.883823
0.881361
0.878794
0.887421
0.897299
0.901337
0.903617
0.913298
0.910785
0.889925
0.873605
0.876358
0.887707
0.902641
0.905806
0.899822
0.903675
0.905448
0.916698
0.888280
0.902970
0.873415
0.896983
0.900283
0.897294
0.901396
0.902464
0.904207
0.897849
0.896578
0.906999
0.904441
0.900662
0.888756
0.892275
0.902006
0.896188
0.917784
0.915481
0.918870
0.928661
0.930499
0.922670
0.931342
0.934814
0.909151
0.905510
0.896675
0.935490
0.912890
0.910113
0.930607
0.894716
0.887883
0.877697
0.884527
0.890742
0.894269
0.870575
0.904968
0.907760
0.894007
0.876758
0.931584
0.859234
0.839653
0.842758
0.860490
0.878677
0.863736
0.904625
0.884893
0.879950
0.862908
0.856572
0.882025
0.884339
0.855256
0.884787
0.828798
0.839333
0.875107
0.882152
0.852873
0.894865
0.936934
0.891615
0.915699
0.928747
0.902054
0.896896
0.944227
0.937148
0.945860
0.966224
0.953001
0.968306
0.942136
0.930754
0.965087
0.903460
0.887482
0.878153
0.902413
0.922293
0.952028
0.949613
0.957624
0.903848
0.906555
0.879820
0.925732
0.937714
0.938729
0.950125
0.980204
0.901374
0.929229
0.902775
0.932487
0.873867
0.889774
0.911026
0.894534
0.901436
0.909137
0.943968
0.893259
0.904608
0.901120
0.871130
0.869606
0.866601
0.894118
0.889444
0.883524
0.888986
0.909032
0.912732
0.902843
0.903718
0.898042
0.891149
0.915406
0.915466
0.903342
0.910330
0.873740
0.878582
0.854349
0.892531
0.876067
0.887019
0.876072
0.872175
0.897028
0.891241
0.905063
0.907400
0.893024
0.908622
0.905079
0.885142
0.898747
0.894506
0.898966
0.889766
0.896097
0.903604
0.888091
0.871565
0.885385
0.886865
0.908782
0.901691
0.912538
0.904010
0.907210
0.904377
0.905418
0.916691
0.901217
0.904515
0.903655
0.918800
0.915889
0.900792
0.895118
0.908410
0.877238
0.872936
0.885704
0.920239
0.922686
0.922810
0.900737
0.899907
0.911935
0.925403
0.922013
0.919773
0.904632
0.908274
0.891526
0.899570
0.897637
0.872873
0.896875
0.882032
0.910283
0.916130
0.910869
0.917830
0.919495
0.911435
0.904057
0.914913
0.893207
0.873101
0.885213
0.880048
0.886947
0.907063
0.916229
0.914690
0.901562
0.896579
0.890151
0.911601
0.906553
0.910860
0.908916
0.904049
0.907135
0.906804
0.894027
0.882541
0.899937
0.914380
0.912852
0.910172
0.911969
0.912121
0.907949
0.909418
0.912484
0.910607
0.910657
0.910407
0.899726
0.886783
0.890287
0.907094
0.886255
0.895282
0.910253
0.910340
0.916574
0.914309
0.914741
0.916515
0.912870
0.861319
0.871616
0.928478
0.916299
0.918853
0.924991
0.915196
0.920951
0.919259
0.922418
0.917203
0.913350
0.928149
0.914840
0.913861
0.927714
0.920651
0.923508
0.921156
0.922705
0.916198
0.906193
0.922034
0.912791
0.919144
0.902354
0.906775
0.899598
0.905218
0.910467
0.907649
0.909208
0.911918
0.916795
0.882251
0.872198
0.915889
0.917183
0.915622
0.898612
0.897857
0.899762
0.905334
0.899737
0.898676
0.907539
0.902556
0.899059
0.906770
0.907800
0.906437
0.902103
0.916227
0.902859
0.905772
0.909616
0.912291
0.918576
0.917200
0.920644
0.923914
0.919622
0.909943
0.859635
0.855413
0.875822
0.862867
0.909291
0.915240
0.907249
0.909669
0.914913
0.916398
0.919751
0.919853
0.910523
0.908528
0.915180
0.910952
0.906202
0.911922
0.905750
0.909971
0.912549
0.911764
0.908314
0.905329
0.907485
0.905181
0.904748
0.915984
0.902926
0.927324
0.909971
0.910947
0.908969
0.910840
0.911492
0.923404
0.908747
0.877943
0.877802
0.880110
0.913898
0.917576
0.919938
0.921318
0.915657
0.917096
0.915490
0.918847
0.921333
0.924687
0.922054
0.922680
0.926916
0.922208
0.928734
0.919693
0.921818
0.920028
0.922250
0.919176
0.915787
0.919408
0.919630
0.919302
0.913882
0.906852
0.915459
0.896897
0.906969
0.908781
0.904056
0.899863
0.869325
0.859802
0.866306
0.905585
0.911072
0.921108
0.930235
0.919638
0.906565
0.909614
0.919667
0.930380
0.927846
0.931930
0.927354
0.874532
0.872943
0.888489
0.903610
0.878798
0.888514
0.880932
0.896013
0.891797
0.894143
0.893065
0.908351
0.911823
0.910621
0.937560
0.946243
0.953926
0.951685
0.958749
0.947525
0.961425
0.968252
0.977438
0.953598
0.911529
0.948549
0.949297
0.888117
0.870023
0.861119
0.884922
0.880295
0.877346
0.864126
0.907519
0.900162
0.918040
0.895683
0.906659
0.950694
0.942544
0.926673
0.915160
0.892080
0.896026
0.889937
0.915961
0.913978
0.957220
0.921710
0.956913
0.963937
0.954889
0.963150
0.959046
0.903474
0.904440
0.907184
0.909599
0.905922
0.894898
0.889023
0.876184
0.899481
0.877489
0.899695
0.901363
0.891245
0.889804
0.909740
0.918202
0.919007
0.923875
0.917987
0.914503
0.879969
0.920407
0.898471
0.899138
0.897266
0.900378
0.907442
0.895959
0.913636
0.930377
0.964488
0.928622
0.956619
0.957740
0.964749
0.963716
0.893177
0.923234
0.896365
0.927057
0.914828
0.913010
0.930489
0.934765
0.949296
0.945905
0.886627
0.855334
0.882031
0.902955
0.919369
0.949590
0.945297
0.947184
0.961751
0.963058
0.970006
0.947476
0.972228
0.972430
0.976003
0.964468
0.963403
0.981523
0.968701
0.977374
0.981617
0.970229
0.929988
0.930600
0.935312
0.978867
0.914220
0.922511
0.907873
0.975738
0.950887
0.916405
0.911329
0.912743
0.918577
0.946449
0.949192
0.948236
0.951190
0.899204
0.901793
0.955249
0.955526
0.901457
0.884948
0.880564
0.878219
0.900542
0.902095
0.907359
0.908173
0.904861
0.891223
0.906943
0.893703
0.889153
0.908703
0.889748
0.890223
0.894741
0.918592
0.916328
0.916506
0.912539
0.911228
0.911203
0.909759
0.909603
0.910054
0.914779
0.917009
0.905872
0.905731
0.903901
0.933012
0.937851
0.910809
0.937350
0.871371
0.865000
0.884727
0.934935
0.936431
0.932566
0.930091
0.929827
0.934889
0.938411
0.932286
0.940603
0.928802
0.929796
0.932671
0.964866
0.964495
0.934815
0.912245
0.937023
0.974390
0.980869
0.973552
0.976950
0.989503
0.984749
0.985148
0.988098
0.937818
0.973062
0.917249
0.948066
0.941478
0.979686
0.951576
0.892419
0.909261
0.879440
0.937144
0.943735
0.976327
0.950573
0.974109
0.969518
0.974044
0.987081
0.952489
0.974766
0.970916
0.972500
0.967069
0.911124
0.969870
0.966809
0.986062
0.908704
0.908258
0.963508
0.964763
0.975215
0.918432
0.963445
0.967070
0.968688
0.969234
0.966586
0.974294
0.895054
0.905864
0.905197
0.879905
0.878907
0.910681
0.882125
0.870926
0.932896
0.898185
0.910442
0.939850
0.926541
0.901722
0.908754
0.908406
0.898562
0.914919
0.915717
0.896796
0.895104
0.892136
0.886823
0.890364
0.896377
0.895180
0.896751
0.896524
0.890986
0.891055
0.904045
0.889471
0.909188
0.899883
0.910287
0.895028
0.924195
0.932437
0.911842
0.911622
0.918598
0.920735
0.914853
0.926040
0.898209
0.933591
0.920015
0.915632
0.916688
0.912598
0.936934
0.937089
0.914059
0.917150
0.921000
0.881542
0.896293
0.877066
0.885725
0.914278
0.906252
0.889129
0.900177
0.895656
0.904737
0.883154
0.940460
0.893957
0.899951
0.941506
0.936497
0.923759
0.907670
0.943264
0.944776
0.941089
0.889255
0.887588
0.892491
0.898199
0.927190
0.922491
0.927882
0.927953
0.935540
0.935165
0.935301
0.894893
0.895281
0.896070
0.888702
0.902518
0.888017
0.890063
0.906579
0.902804
0.890002
0.893206
0.888617
0.910703
0.902960
0.893541
0.899371
0.904606
0.901323
0.901933
0.902630
0.907711
0.907038
0.907454
0.906167
0.903278
0.912308
0.909494
0.886873
0.881633
0.888365
0.900307
0.887705
0.885030
0.891393
0.883325
0.908863
0.892962
0.913731
0.885006
0.934473
0.944079
0.933080
0.934693
0.944343
0.927510
0.926035
0.890933
0.929116
0.884060
0.887122
0.907329
0.907426
0.939348
0.941161
0.950560
0.945473
0.908850
0.889279
0.899860
0.885567
0.940679
0.943573
0.943638
0.914826
0.945664
0.915571
0.906571
0.905992
0.902228
0.898547
0.913866
0.916891
0.915965
0.915927
0.915713
0.912207
0.909637
0.907330
0.908949
0.912661
0.939942
0.908806
0.940567
0.933553
0.937183
0.935841
0.945027
0.937580
0.944195
0.942418
0.937338
0.937104
0.934735
0.933153
0.904893
0.896994
0.886274
0.903281
0.898614
0.899442
0.901939
0.897611
0.901875
0.901989
0.931644
0.932563
0.914136
0.905714
0.910339
0.908106
0.910748
0.898362
0.933713
0.909972
0.900543
0.903873
0.899009
0.905644
0.907414
0.909677
0.910491
0.900186
0.900062
0.895905
0.901861
0.892496
0.894343
0.897128
0.907298
0.872812
0.881819
0.879545
0.910652
0.909088
0.914358
0.906051
0.901357
0.909431
0.908637
0.896622
0.908598
0.910617
0.911692
0.920567
0.917427
0.910322
0.910068
0.908729
0.914297
0.912103
0.911142
0.913804
0.937579
0.937020
0.938656
0.907410
0.908286
0.910999
0.948008
0.944598
0.944615
0.885631
0.881830
0.881534
0.950807
0.948017
0.952288
0.952229
0.951168
0.951778
0.947894
0.950365
0.955095
0.899105
0.949282
0.900643
0.903853
0.949625
0.939079
0.948092
0.901365
0.899469
0.896689
0.902742
0.897689
0.898530
0.951405
0.896507
0.337779
0.396867
0.378544
0.412044
0.409323
0.370681
0.337318
0.338242
0.302097
0.335848
0.418648
0.429094
0.342270
0.348087
0.247979
0.259120
0.388430
0.331670
0.420589
0.419171
0.469743
0.446631
0.451815
0.474912
0.441478
0.469904
0.461798
0.474271
0.466178
0.517516
0.421297
0.435288
0.374229
0.425955
0.378472
0.460526
0.434420
0.452989
0.461885
0.386931
0.386879
0.369372
0.402632
0.355967
0.363390
0.317361
0.402465
0.435437
0.568645
0.514247
0.441597
0.547185
0.413860
0.401189
0.567516
0.516529
0.665000
0.604943
0.458584
0.483635
0.512640
0.525880
0.550606
0.538922
0.609129
0.585020
0.636178
0.448565
0.490996
0.451969
0.491169
0.504928
0.491656
0.554423
0.615132
0.631094
0.655068
0.613207
0.626923
0.522654
0.527290
0.674299
0.667337
0.662727
0.628139
0.525085
0.489919
0.588995
0.608024
0.734788
0.714746
0.730111
0.695153
0.718042
0.739973
0.751242
0.787436
0.788288
0.785792
0.667805
0.672807
0.704075
0.623831
0.662476
0.679033
0.699513
0.709919
0.661060
0.701300
0.603851
0.672105
0.687292
0.732768
0.724899
0.637365
0.543137
0.614583
0.413971
0.534445
0.653127
0.717181
0.625124
0.678381
0.598269
0.534441
0.584825
0.573166
0.494970
0.379247
0.485200
0.561794
0.622045
0.704364
0.698096
0.741227
0.732631
0.744710
0.750601
0.727518
0.718147
0.743504
0.748269
0.743922
0.747087
0.747243
0.758503
0.708432
0.793250
0.781875
0.789623
0.739686
0.736707
0.471025
0.432223
0.439563
0.424164
0.467965
0.425241
0.456184
0.476204
0.450581
0.464463
0.434836
0.398967
0.387446
0.453871
0.386308
0.354938
0.446739
0.676098
0.518063
0.584498
0.477404
0.508583
0.318000
0.361831
0.318631
0.354708
0.461171
0.346979
0.338137
0.336371
0.322513
0.325424
0.308658
0.300154
0.460442
0.412148
0.454242
0.422553
0.374609
0.331705
0.354525
0.342252
0.539506
0.552787
0.571512
0.548634
0.507625
0.589017
0.583824
0.634978
0.589740
0.619593
0.531802
0.538357
0.566488
0.576814
0.540422
0.565014
0.536912
0.527139
0.551514
0.569130
0.594766
0.603914
0.557420
0.552259
0.544304
0.522386
0.516751
0.583099
0.500289
0.509887
0.465907
0.546173
0.474631
0.481240
0.739727
0.725541
0.766714
0.684775
0.675515
0.701998
0.719089
0.783539
0.644905
0.615713
0.675639
0.633629
0.582225
0.670514
0.739455
0.701871
0.558413
0.555760
0.595161
0.592629
0.612718
0.560587
0.649486
0.633368
0.697524
0.671207
0.662040
0.664690
0.570726
0.579145
0.666918
0.665064
0.547708
0.653608
0.744456
0.667309
0.726212
0.717817
0.676657
0.703643
0.630722
0.507235
0.747749
0.737556
0.738322
0.728357
0.679007
0.688712
0.730793
0.688736
0.560781
0.654826
0.609809
0.532470
0.681524
0.701826
0.720519
0.772161
0.743540
0.757176
0.742082
0.742595
0.742205
0.780700
0.721547
0.856450
0.773761
0.797947
0.691234
0.647322
0.667607
0.691644
0.603873
0.648898
0.679402
0.618791
0.649489
0.676667
0.630432
0.577268
0.450074
0.375351
0.307557
0.307329
0.241164
0.204692
0.263498
0.252533
0.324380
0.298880
0.329949
0.295424
0.229889
0.317167
0.326529
0.353595
0.399164
0.527411
0.332936
0.385460
0.408231
0.351980
0.316948
0.436221
0.477804
0.681138
0.664740
0.748195
0.561807
0.462730
0.361253
0.392665
0.357785
0.342296
0.369339
0.340299
0.320200
0.329837
0.297774
0.373897
0.295095
0.350803
0.327189
0.434786
0.294107
0.284632
0.305729
0.356847
0.394509
0.585711
0.413144
0.498713
0.574493
0.543011
0.435193
0.525894
0.635475
0.504091
0.592281
0.694807
0.613476
0.585966
0.582728
0.597209
0.595039
0.603570
0.615900
0.578681
0.597389
0.579596
0.576884
0.626103
0.609350
0.607639
0.613800
0.609688
0.674450
0.623707
0.656876
0.625700
0.641487
0.600981
0.560091
0.575722
0.588561
0.598106
0.571162
0.555533
0.554485
0.563592
0.565463
0.567911
0.576848
0.583914
0.592488
0.595355
0.585216
0.557710
0.556423
0.567641
0.590769
0.568073
0.595316
0.592370
0.597724
0.583309
0.598248
0.572881
0.587430
0.570677
0.566073
0.573490
0.569987
0.590396
0.608860
0.604880
0.601173
0.704881
0.699983
0.715192
0.694779
0.719264
0.713660
0.668720
0.687894
0.685907
0.668362
0.680155
0.692858
0.699813
0.696319
0.700085
0.705725
0.722631
0.729279
0.730673
0.731733
0.650469
0.654105
0.628720
0.637461
0.668709
0.642597
0.606914
0.607294
0.621656
0.629232
0.631762
0.647410
0.648320
0.672742
0.678780
0.598630
0.612514
0.582379
0.604742
0.651462
0.634272
0.641516
0.615960
0.611155
0.627045
0.598628
0.580129
0.659348
0.672930
0.642841
0.660832
0.687759
0.678177
0.698089
0.658555
0.626360
0.759102
0.783752
0.736457
0.740681
0.735403
0.724913
0.707306
0.720704
0.734549
0.709396
0.715210
0.724323
0.725781
0.709419
0.708645
0.731886
0.732670
0.732432
0.742397
0.742113
0.681619
0.678499
0.657120
0.657277
0.684953
0.653048
0.622131
0.623841
0.624186
0.621202
0.627461
0.648349
0.662445
0.675338
0.687083
0.631147
0.656013
0.630166
0.658339
0.711426
0.687483
0.715341
0.682383
0.684016
0.700193
0.659834
0.638256
0.737088
0.740043
0.742256
0.743093
0.734590
0.758883
0.755461
0.744800
0.740167
0.633492
0.638090
0.643553
0.650337
0.632448
0.638989
0.629941
0.646371
0.649683
0.651856
0.621063
0.639322
0.599067
0.613342
0.599999
0.587926
0.595515
0.584847
0.610036
0.569678
0.639842
0.639717
0.665125
0.670877
0.634632
0.644418
0.690146
0.693064
0.674284
0.621478
0.594486
0.631790
0.607901
0.619103
0.612825
0.687332
0.665084
0.652864
0.663683
0.664130
0.650643
0.666067
0.653985
0.649879
0.644904
0.663763
0.633333
0.664602
0.648205
0.662123
0.663365
0.649166
0.670189
0.653837
0.648814
0.643681
0.578871
0.572120
0.583934
0.575492
0.598676
0.601478
0.591613
0.592132
0.577619
0.585770
0.597778
0.591487
0.621388
0.621011
0.623032
0.622468
0.617213
0.625318
0.614914
0.625063
0.605173
0.591195
0.611160
0.599700
0.607370
0.608313
0.610567
0.607325
0.612151
0.609489
0.621967
0.612380
0.628477
0.614759
0.618977
0.611350
0.601090
0.619648
0.603359
0.592057
0.596450
0.582138
0.602101
0.612338
0.609287
0.614220
0.610805
0.585788
0.574901
0.585001
0.573681
0.556847
0.574733
0.567304
0.571309
0.602321
0.674032
0.674283
0.667463
0.670855
0.685130
0.674651
0.655473
0.668048
0.654911
0.658054
0.644095
0.661171
0.649714
0.651264
0.675582
0.681572
0.664483
0.678848
0.669211
0.695208
0.641950
0.639696
0.617874
0.615733
0.641256
0.618530
0.609797
0.599452
0.610185
0.627356
0.609110
0.624694
0.635384
0.647528
0.650525
0.603038
0.636731
0.618473
0.634236
0.654799
0.642790
0.666504
0.654569
0.635891
0.643243
0.628263
0.624115
0.667122
0.664910
0.668973
0.655384
0.671153
0.665827
0.643497
0.646079
0.634108
0.922445
0.916407
0.902620
0.917758
0.898175
0.849521
0.912910
0.834865
0.834105
0.842448
0.891754
0.857638
0.893982
0.815742
0.862923
0.919587
0.867763
0.875524
0.870523
0.843987
0.867701
0.919099
0.895631
0.940377
0.918093
0.933038
0.936134
0.923080
0.918831
0.877991
0.884710
0.879320
0.876393
0.884573
0.883759
0.874601
0.857160
0.880814
0.841164
0.868419
0.880564
0.859672
0.868313
0.858087
0.860966
0.849873
0.881188
0.879709
0.880440
0.860154
0.861987
0.851964
0.857582
0.892085
0.849533
0.836550
0.856447
0.841902
0.832847
0.841721
0.844678
0.860805
0.855236
0.862290
0.860065
0.856210
0.844835
0.851964
0.835906
0.837036
0.861583
0.855331
0.853583
0.868428
0.856944
0.862835
0.864475
0.873476
0.860129
0.842285
0.840053
0.859033
0.871984
0.858269
0.854619
0.862603
0.863169
0.892860
0.892419
0.840401
0.900846
0.900398
0.883120
0.879604
0.875082
0.867243
0.875552
0.859715
0.855469
0.851527
0.873016
0.848237
0.862481
0.876027
0.862502
0.839011
0.835763
0.831987
0.854884
0.870147
0.869887
0.891318
0.864765
0.875436
0.877427
0.864677
0.892771
0.903817
0.887024
0.904904
0.888766
0.889313
0.887962
0.896038
0.887083
0.862918
0.878882
0.881903
0.885958
0.885106
0.895491
0.903317
0.900267
0.901859
0.927401
0.933889
0.888568
0.903777
0.878783
0.916883
0.925581
0.892889
0.917740
0.866791
0.885594
0.897362
0.897961
0.879691
0.903119
0.858995
0.844209
0.820628
0.867353
0.864839
0.817521
0.799067
0.829970
0.863928
0.856614
0.832969
0.882829
0.852545
0.895358
0.843750
0.857381
0.898006
0.882178
0.895063
0.831900
0.824707
0.813718
0.792278
0.851858
0.854203
0.842008
0.868474
0.808271
0.868449
0.811056
0.838459
0.844841
0.836322
0.781487
0.829028
0.846865
0.846383
0.864776
0.855385
0.865511
0.839152
0.861406
0.876268
0.846211
0.885631
0.865241
0.875541
0.897203
0.880066
0.896835
0.863507
0.899473
0.875042
0.890356
0.891980
0.896095
0.887351
0.883753
0.881198
0.870182
0.885770
0.872116
0.869940
0.866643
0.854223
0.882273
0.855284
0.844873
0.862095
0.864139
0.858775
0.825224
0.790319
0.821861
0.869542
0.844629
0.824139
0.842157
0.840370
0.834069
0.783563
0.806956
0.816858
0.771868
0.741088
0.889227
0.903481
0.886209
0.882650
0.881760
0.874530
0.863495
0.847922
0.872004
0.873691
0.873411
0.887826
0.870537
0.868480
0.872025
0.869566
0.845259
0.853430
0.850078
0.869805
0.894620
0.862911
0.861251
0.895724
0.843979
0.843923
0.852667
0.838007
0.854154
0.857181
0.844098
0.863671
0.852512
0.842569
0.852048
0.833205
0.840102
0.843154
0.835604
0.843572
0.838958
0.847443
0.879006
0.831668
0.848823
0.833880
0.853380
0.823304
0.830890
0.805776
0.796613
0.805212
0.822204
0.818753
0.835846
0.860205
0.874147
0.868481
0.883857
0.850929
0.870018
0.868546
0.866751
0.873752
0.866302
0.859021
0.850339
0.850184
0.871680
0.886272
0.869669
0.852613
0.871133
0.883915
0.887022
0.851173
0.833126
0.821661
0.819477
0.843925
0.816269
0.848774
0.837765
0.827915
0.825260
0.840204
0.804115
0.836916
0.837904
0.831549
0.850848
0.849046
0.837236
0.831664
0.828090
0.827011
0.829542
0.814532
0.809761
0.806112
0.828727
0.848728
0.819043
0.841338
0.811852
0.832717
0.832799
0.806162
0.794234
0.800109
0.782318
0.512634
0.548413
0.566018
0.514320
0.501123
0.524166
0.484155
0.542503
0.490457
0.496578
0.510189
0.525458
0.522276
0.468462
0.472372
0.443888
0.436171
0.413314
0.426717
0.458400
0.435835
0.522252
0.487426
0.457151
0.507897
0.490265
0.520783
0.494709
0.515936
0.461713
0.447897
0.513701
0.477494
0.513983
0.559392
0.471906
0.421800
0.334700
0.392702
0.192429
0.271438
0.388317
0.335880
0.428874
0.373127
0.539291
0.571548
0.549991
0.570415
0.592036
0.562791
0.550238
0.548072
0.570395
0.568304
0.578137
0.581783
0.610389
0.613917
0.565035
0.616944
0.610141
0.577910
0.618346
0.678688
0.544576
0.532994
0.549090
0.542944
0.564322
0.523610
0.561038
0.528205
0.533765
0.575729
0.573603
0.592383
0.539964
0.593846
0.561621
0.604027
0.554082
0.485792
0.488093
0.544310
0.570596
0.567137
0.554837
0.493316
0.582554
0.580977
0.579339
0.575347
0.577967
0.595630
0.590024
0.607493
0.605572
0.587791
0.474998
0.560698
0.597698
0.581750
0.596687
0.601905
0.598240
0.598164
0.587392
0.589708
0.598636
0.588627
0.599156
0.596571
0.611419
0.605320
0.620588
0.623662
0.586908
0.592133
0.592202
0.617305
0.602856
0.596551
0.583803
0.579417
0.585383
0.581386
0.605307
0.584167
0.588830
0.615561
0.615117
0.624259
0.618056
0.617511
0.627678
0.630431
0.586754
0.565292
0.577628
0.559260
0.484654
0.545328
0.496952
0.559494
0.556557
0.513588
0.524286
0.573449
0.571861
0.579775
0.580797
0.590110
0.675615
0.677472
0.680261
0.696196
0.674469
0.693893
0.666947
0.659070
0.675318
0.697135
0.687936
0.697542
0.681345
0.683395
0.675416
0.672958
0.677173
0.653171
0.648695
0.672209
0.646148
0.640044
0.651407
0.629194
0.632893
0.689409
0.682856
0.678743
0.690285
0.683625
0.698087
0.630052
0.694695
0.683677
0.627354
0.634352
0.680041
0.700761
0.635680
0.626568
0.647526
0.693690
0.644035
0.686454
0.648270
0.667711
0.630328
0.687005
0.693260
0.644799
0.683653
0.693621
0.706342
0.716717
0.692071
0.689095
0.691227
0.711907
0.706762
0.707292
0.708258
0.653486
0.696171
0.712964
0.670961
0.685761
0.707013
0.696295
0.690028
0.683445
0.708196
0.694830
0.711559
0.701002
0.692102
0.686884
0.708879
0.699297
0.716267
0.705510
0.711520
0.872357
0.872618
0.873688
0.867775
0.875520
0.863879
0.872461
0.876425
0.875972
0.872950
0.878288
0.872389
0.872502
0.874705
0.875253
0.877011
0.879912
0.884635
0.874698
0.877789
0.882360
0.872979
0.876362
0.877624
0.873192
0.868553
0.874991
0.874034
0.879289
0.879807
0.880462
0.875780
0.872031
0.876171
0.877351
0.882094
0.880979
0.886910
0.885630
0.884593
0.875276
0.876677
0.870900
0.872998
0.877336
0.867539
0.869376
0.866225
0.870127
0.868402
0.862440
0.862482
0.865257
0.863418
0.859270
0.859342
0.866756
0.858357
0.860328
0.871320
0.866570
0.871894
0.866972
0.871451
0.864639
0.868287
0.867558
0.861380
0.862819
0.860073
0.858187
0.617503
0.591124
0.598882
0.616795
0.605677
0.617985
0.606017
0.612537
0.610491
0.632797
0.616956
0.635432
0.639836
0.634462
0.614595
0.619379
0.619024
0.605462
0.618599
0.619422
0.615706
0.612534
0.628520
0.626158
0.660030
0.648591
0.641938
0.677366
0.659684
0.645048
0.628737
0.671440
0.657978
0.689030
0.692557
0.680226
0.655285
0.614741
0.638719
0.568391
0.596999
0.628525
0.593136
0.620713
0.615370
0.688277
0.699676
0.668720
0.680700
0.694715
0.666133
0.641474
0.643908
0.648274
0.653190
0.657945
0.661067
0.672677
0.669549
0.672273
0.684496
0.675511
0.686407
0.681834
0.640772
0.646425
0.631946
0.653045
0.636985
0.596484
0.636959
0.599081
0.627497
0.667569
0.619168
0.643497
0.672638
0.640850
0.664887
0.664189
0.674794
0.662071
0.721415
0.703010
0.721195
0.699713
0.683239
0.716722
0.719485
0.732666
0.733470
0.701561
0.697894
0.677821
0.686480
0.674112
0.680573
0.673812
0.716829
0.732899
0.712379
0.724486
0.695218
0.692669
0.706333
0.703910
0.722307
0.722704
0.700868
0.691940
0.682138
0.695842
0.685071
0.680949
0.735060
0.734045
0.729494
0.744820
0.723819
0.738785
0.740816
0.742644
0.741306
0.740372
0.718581
0.754146
0.694283
0.749247
0.703491
0.735898
0.729173
0.709091
0.736702
0.718157
0.688387
0.671122
0.709772
0.691375
0.729492
0.733512
0.736297
0.730271
0.676923
0.198350
0.169198
0.145640
0.194753
0.245635
0.227706
0.229599
0.198153
0.263861
0.282174
0.261891
0.233854
0.253869
0.330346
0.300956
0.323729
0.358279
0.291991
0.208090
0.258293
0.309970
0.296720
0.334864
0.311848
0.347690
0.358132
0.360668
0.350728
0.321712
0.333245
0.395398
0.378821
0.412104
0.418281
0.386984
0.385565
0.273702
0.288678
0.273680
0.246957
0.234859
0.246158
0.226368
0.261894
0.213643
0.236509
0.223726
0.210699
0.208011
0.244565
0.226768
0.244519
0.177466
0.220445
0.223774
0.115525
0.210166
0.193359
0.201066
0.186300
0.131576
0.160600
0.117629
0.140383
0.130537
0.125022
0.103198
0.123784
0.155743
0.148650
0.183760
0.189852
0.371866
0.340583
0.374029
0.360027
0.395592
0.406579
0.393768
0.390113
0.372925
0.376427
0.412614
0.413903
0.433351
0.424248
0.426758
0.417068
0.418067
0.401209
0.429375
0.417117
0.430980
0.443346
0.471468
0.447028
0.430918
0.457461
0.496800
0.461613
0.474764
0.516663
0.447978
0.440571
0.422648
0.434754
0.404967
0.418720
0.441400
0.404676
0.372380
0.386251
0.353444
0.380288
0.369128
0.353154
0.359911
0.374319
0.387887
0.391777
0.426094
0.418163
0.406241
0.419462
0.343680
0.323175
0.318120
0.290522
0.313527
0.264029
0.200804
0.242588
0.277884
0.300986
0.316883
0.331743
0.332177
0.440120
0.361301
0.262870
0.298480
0.222215
0.448203
0.532833
0.359587
0.207114
0.248603
0.205801
0.158881
0.281010
0.322360
0.414367
0.375224
0.476882
0.522161
0.450192
0.549896
0.648495
0.534631
0.606805
0.196534
0.155989
0.170194
0.125011
0.245647
0.207368
0.157886
0.142003
0.180160
0.196423
0.331998
0.289934
0.413995
0.356564
0.470700
0.120515
0.113236
0.110864
0.110978
0.133161
0.103734
0.099860
0.091217
0.105917
0.087351
0.095569
0.087512
0.099870
0.073310
0.113229
0.082329
0.152243
0.175054
0.121950
0.144401
0.287395
0.197178
0.253782
0.176314
0.178644
0.248422
0.257286
0.200169
0.147186
0.170511
0.111726
0.120116
0.719738
0.717772
0.728838
0.741966
0.727483
0.745082
0.720082
0.724269
0.723960
0.748185
0.752676
0.756293
0.767851
0.735379
0.720642
0.723422
0.720279
0.715409
0.714416
0.724368
0.777321
0.785562
0.773057
0.784356
0.749450
0.747720
0.740654
0.775819
0.784942
0.745092
0.713419
0.745154
0.729084
0.695868
0.731286
0.722584
0.764230
0.748750
0.782354
0.759738
0.735196
0.763986
0.773920
0.786142
0.764843
0.775679
0.766904
0.770768
0.771323
0.771879
0.767543
0.755308
0.740839
0.751138
0.763285
0.746150
0.761935
0.740009
0.760721
0.751995
0.741824
0.734011
0.739937
0.740787
0.751084
0.755139
0.763565
0.755917
0.756277
0.759686
0.755426
0.755279
0.749698
0.740036
0.733024
0.754810
0.740414
0.746860
0.730141
0.722553
0.734075
0.731936
0.723541
0.716487
0.724561
0.721141
0.717118
0.730234
0.736276
0.749435
0.733431
0.731217
0.729586
0.728099
0.712159
0.720380
0.723545
0.725002
0.720337
0.717899
0.712461
0.709593
0.724895
0.729581
0.727171
0.736042
0.736101
0.733805
0.727406
0.743311
0.741646
0.710976
0.775211
0.760153
0.765986
0.751703
0.759586
0.723894
0.728667
0.753656
0.768859
0.700391
0.680062
0.712244
0.685674
0.718922
0.307734
0.359039
0.354301
0.294830
0.278962
0.265345
0.303045
0.366855
0.286017
0.252736
0.266692
0.249282
0.238348
0.261565
0.261939
0.274221
0.268944
0.306355
0.256879
0.318611
0.280649
0.345742
0.267506
0.271661
0.264920
0.282011
0.323055
0.289378
0.279962
0.288883
0.277786
0.278543
0.256330
0.352488
0.232140
0.333812
0.265006
0.259112
0.262472
0.252625
0.222057
0.245074
0.211038
0.223606
0.252104
0.198833
0.231155
0.175013
0.192279
0.176809
0.143891
0.163094
0.124048
0.155434
0.174811
0.069367
0.085099
0.230399
0.261892
0.225324
0.249945
0.349462
0.290401
0.326826
0.279476
0.266030
0.300677
0.289102
0.255530
0.241699
0.227398
0.217373
0.194022
0.709009
0.706264
0.720486
0.717362
0.708991
0.724747
0.733299
0.695834
0.735582
0.759125
0.720807
0.752268
0.741918
0.730289
0.691774
0.708218
0.706504
0.689568
0.710678
0.739278
0.741699
0.714315
0.766215
0.748269
0.731380
0.771734
0.736484
0.721457
0.733328
0.672882
0.724927
0.703616
0.714492
0.682228
0.736092
0.684238
0.674110
0.685255
0.693426
0.740180
0.726464
0.752168
0.744283
0.720501
0.736299
0.718789
0.732482
0.700122
0.715399
0.720468
0.692498
0.677188
0.740211
0.662273
0.693475
0.740621
0.690801
0.725334
0.751887
0.731657
0.759672
0.705034
0.690641
0.711018
0.727116
0.737625
0.769072
0.752824
0.702996
0.702360
0.682149
0.682923
0.703592
0.669237
0.684672
0.730368
0.754192
0.703580
0.724355
0.699773
0.688886
0.695014
0.731040
0.699701
0.686522
0.681838
0.682876
0.740447
0.725693
0.711187
0.733896
0.764033
0.765834
0.743807
0.742762
0.762044
0.726410
0.750407
0.711936
0.692139
0.724320
0.782186
0.773044
0.805145
0.778903
0.749539
0.754603
0.724912
0.749192
0.787069
0.697284
0.769268
0.762065
0.717618
0.733998
0.713158
0.749453
0.750402
0.750361
0.739781
0.726158
0.696545
0.739930
0.749339
0.782038
0.718221
0.688349
0.697737
0.788604
0.796853
0.817813
0.784660
0.798227
0.798710
0.796213
0.791707
0.774488
0.766902
0.724367
0.769184
0.794733
0.813023
0.775546
0.789028
0.742759
0.778862
0.753523
0.746333
0.716374
0.797421
0.785709
0.770134
0.812873
0.781790
0.770362
0.743568
0.738472
0.799202
0.799012
0.763978
0.774827
0.761115
0.794439
0.780135
0.796445
0.739409
0.751913
0.745864
0.770508
0.760904
0.734293
0.709284
0.701209
0.745866
0.706111
0.781990
0.793213
0.820615
0.811140
0.815205
0.775422
0.791865
0.760346
0.731080
0.797589
0.779859
0.816050
0.797529
0.792317
0.806934
0.808017
0.826179
0.820789
0.792701
0.788630
0.781035
0.778931
0.766518
0.786732
0.793593
0.793955
0.810058
0.825922
0.826720
0.837110
0.838935
0.821821
0.810788
0.843677
0.844874
0.839782
0.828970
0.830342
0.821390
0.833148
0.834989
0.843527
0.839257
0.839951
0.842834
0.827508
0.843650
0.847083
0.825728
0.829482
0.840899
0.819104
0.828135
0.838297
0.141582
0.122738
0.167958
0.178409
0.181418
0.207237
0.126253
0.105198
0.157543
0.273447
0.223076
0.256585
0.298520
0.249194
0.196297
0.184903
0.224266
0.146923
0.102167
0.120627
0.314831
0.374786
0.387240
0.433544
0.289066
0.331373
0.560318
0.465439
0.497965
0.474718
0.405403
0.288302
0.356836
0.280312
0.253561
0.557142
0.499457
0.619293
0.699625
0.538373
0.344192
0.420799
0.400908
0.468970
0.517821
0.474226
0.538523
0.568125
0.583618
0.606966
0.757418
0.685884
0.708455
0.297746
0.258182
0.363172
0.339099
0.225982
0.242833
0.279656
0.307136
0.401816
0.379283
0.487176
0.497127
0.424737
0.504332
0.427798
0.517160
0.443871
0.487450
0.477152
0.465326
0.423681
0.417014
0.398821
0.433926
0.387188
0.385762
0.398944
0.405358
0.396290
0.380820
0.379594
0.355583
0.372455
0.357404
0.324351
0.342102
0.392323
0.407379
0.407248
0.413827
0.391246
0.393596
0.413821
0.421445
0.409242
0.405235
0.409176
0.410849
0.405482
0.421314
0.398539
0.382431
0.424641
0.423834
0.415417
0.433303
0.433919
0.411317
0.398861
0.408670
0.409422
0.412454
0.440758
0.427005
0.410278
0.435280
0.426764
0.442969
0.437376
0.440020
0.444413
0.449701
0.399169
0.409604
0.405609
0.396818
0.507188
0.430263
0.386971
0.362110
0.398163
0.277081
0.333790
0.379625
0.385357
0.395141
0.402678
0.349035
0.318937
0.364999
0.419343
0.290840
0.396318
0.291453
0.296398
0.235277
0.175712
0.237301
0.311384
0.221122
0.150577
0.178890
0.138499
0.117837
0.191577
0.274725
0.238346
0.142243
0.196156
0.120900
0.161351
0.101666
0.091182
0.117935
0.162962
0.088266
0.085573
0.076921
0.088639
0.210471
0.238843
0.281434
0.307249
0.288411
0.251138
0.384059
0.327320
0.419463
0.478596
0.534267
0.483577
0.386508
0.469893
0.375365
0.461754
0.358590
0.454640
0.448439
0.529448
0.421733
0.527591
0.526095
0.610388
0.678785
0.638064
0.714044
0.582486
0.614777
0.532383
0.570335
0.346275
0.384164
0.370584
0.361750
0.383358
0.312268
0.346589
0.330067
0.371077
0.368416
0.380572
0.359043
0.377652
0.352295
0.299364
0.309227
0.305230
0.261244
0.248309
0.392956
0.267603
0.340387
0.368083
0.303578
0.324244
0.284815
0.275496
0.375799
0.305298
0.284637
0.372201
0.394490
0.439485
0.394530
0.355124
0.412665
0.396288
0.439207
0.443738
0.473240
0.455119
0.433794
0.469780
0.291752
0.402818
0.430275
0.235527
0.400074
0.400206
0.412925
0.411136
0.460555
0.415655
0.447828
0.424093
0.391168
0.404550
0.305586
0.388854
0.419421
0.434355
0.427688
0.464142
0.571200
0.560150
0.592652
0.580295
0.581836
0.595899
0.578441
0.573197
0.525267
0.563624
0.573314
0.535707
0.544786
0.582944
0.566502
0.554598
0.597538
0.600401
0.587286
0.609166
0.467532
0.596572
0.486873
0.507577
0.454915
0.495552
0.506679
0.435521
0.416861
0.428831
0.461502
0.463609
0.379275
0.390638
0.331791
0.324704
0.460021
0.436488
0.537329
0.503224
0.571183
0.502253
0.486341
0.520797
0.552226
0.524255
0.542604
0.570774
0.538595
0.567391
0.556951
0.581647
0.588422
0.596255
0.587621
0.554083
0.603089
0.566959
0.556843
0.594792
0.604515
0.583815
0.584184
0.589402
0.591010
0.598094
0.593479
0.610686
0.606770
0.592896
0.638515
0.615209
0.616234
0.595272
0.615838
0.596942
0.599642
0.429533
0.455495
0.443043
0.481007
0.400598
0.407836
0.473552
0.464015
0.494860
0.507751
0.445450
0.419985
0.408434
0.429880
0.385164
0.357799
0.490612
0.506537
0.485818
0.524033
0.485421
0.471650
0.527894
0.504955
0.531739
0.554520
0.498778
0.490625
0.457213
0.472824
0.453914
0.458013
0.555894
0.562552
0.557469
0.572113
0.606456
0.571019
0.514536
0.523077
0.539114
0.548640
0.584060
0.562802
0.608961
0.620723
0.596823
0.644147
0.656532
0.639524
0.625698
0.511932
0.508370
0.541865
0.539959
0.510092
0.535991
0.568479
0.607363
0.575965
0.596464
0.569526
0.591832
0.536537
0.556686
0.580852
0.568923
0.566172
0.585083
0.506116
0.511110
0.524595
0.522689
0.557147
0.573911
0.559718
0.572920
0.495533
0.442055
0.490091
0.385262
0.457717
0.471068
0.327768
0.540223
0.628009
0.530527
0.585970
0.544140
0.573358
0.491594
0.505103
0.559780
0.467891
0.580728
0.600810
0.611831
0.580285
0.576799
0.610499
0.583925
0.668350
0.673222
0.571060
0.599362
0.643048
0.636979
0.615193
0.612258
0.628210
0.572114
0.595092
0.566494
0.599820
0.573566
0.576538
0.587706
0.573321
0.590565
0.599472
0.613489
0.600607
0.600052
0.629389
0.594742
0.587305
0.474945
0.462494
0.488545
0.492812
0.497890
0.531116
0.441092
0.434373
0.498463
0.559626
0.535319
0.540602
0.569286
0.516817
0.517268
0.478481
0.504981
0.457145
0.384158
0.421218
0.544602
0.586503
0.567613
0.578611
0.528065
0.539450
0.552705
0.567356
0.539705
0.504907
0.497214
0.493563
0.581874
0.579984
0.609588
0.607730
0.571907
0.591943
0.608874
0.589838
0.608757
0.619730
0.596624
0.607312
0.609076
0.624344
0.615578
0.626734
0.564257
0.540577
0.605574
0.560329
0.510843
0.507905
0.543877
0.567590
0.553790
0.549429
0.577645
0.564414
0.602736
0.624615
0.614365
0.615499
0.631721
0.654682
0.647324
0.659284
0.670923
0.667562
0.637523
0.622078
0.643081
0.678051
0.668239
0.689100
0.644882
0.645479
0.653349
0.626483
0.624706
0.616294
0.639315
0.594870
0.654308
0.671402
0.662144
0.670249
0.679156
0.689408
0.677840
0.662361
0.674075
0.698491
0.633764
0.650767
0.638590
0.629868
0.627840
0.652738
0.685452
0.720827
0.679824
0.730931
0.737359
0.697391
0.657613
0.658145
0.652447
0.653952
0.685630
0.658395
0.696626
0.699207
0.709016
0.697115
0.733864
0.720194
0.710121
0.733297
0.643429
0.646474
0.654916
0.667998
0.641583
0.677919
0.651576
0.671500
0.664049
0.637457
0.649816
0.652457
0.658337
0.681793
0.649331
0.655460
0.671393
0.697612
0.676319
0.714845
0.654555
0.663319
0.729177
0.693277
0.748882
0.753145
0.679657
0.664968
0.628331
0.652385
0.629601
0.618895
0.725183
0.766125
0.690015
0.687956
0.671136
0.675351
0.712681
0.608595
0.609364
0.651778
0.654321
0.694941
0.732740
0.788808
0.755076
0.792534
0.722632
0.733775
0.792554
0.797962
0.782179
0.751375
0.751406
0.750346
0.741268
0.718505
0.739854
0.772396
0.754639
0.741669
0.745114
0.622372
0.637747
0.652283
0.632585
0.614989
0.626787
0.624973
0.635756
0.608928
0.614391
0.621780
0.626755
0.613307
0.585753
0.612188
0.607184
0.595396
0.603048
0.615578
0.609297
0.616057
0.610571
0.629447
0.634369
0.616228
0.618400
0.652589
0.622267
0.626796
0.610291
0.632781
0.630926
0.623433
0.607220
0.631293
0.646062
0.618006
0.614789
0.653972
0.639668
0.640487
0.643655
0.648014
0.662047
0.689753
0.697391
0.675428
0.686882
0.621185
0.632776
0.630311
0.630628
0.659092
0.640491
0.645911
0.631909
0.661930
0.667335
0.672568
0.668890
0.632348
0.644349
0.630689
0.639584
0.669715
0.669498
0.710384
0.682900
0.649729
0.687667
0.619252
0.623764
0.621334
0.653149
0.645233
0.673284
0.673778
0.641462
0.645552
0.617908
0.616402
0.608460
0.594397
0.602004
0.648402
0.673506
0.644927
0.655621
0.638992
0.649039
0.653412
0.652987
0.635095
0.621445
0.636462
0.618126
0.650659
0.663945
0.670742
0.681103
0.693395
0.680011
0.694459
0.687862
0.697187
0.716503
0.712646
0.688009
0.695136
0.695633
0.671745
0.686654
0.698965
0.707350
0.727307
0.754094
0.736063
0.704793
0.753825
0.688215
0.750275
0.745455
0.755689
0.744122
0.737903
0.594388
0.591262
0.596185
0.593810
0.598677
0.609327
0.595087
0.585924
0.612348
0.604567
0.603677
0.622145
0.616327
0.605481
0.601201
0.607557
0.600872
0.585807
0.572480
0.583441
0.610812
0.606914
0.640108
0.623644
0.612993
0.622570
0.657691
0.641657
0.670870
0.662225
0.653729
0.639756
0.629274
0.635919
0.611827
0.628611
0.636678
0.657141
0.629415
0.644554
0.664868
0.639418
0.609757
0.612973
0.615023
0.612006
0.634942
0.620209
0.633683
0.661683
0.640158
0.605647
0.598178
0.608812
0.612940
0.597504
0.598758
0.604733
0.603516
0.621959
0.626646
0.620725
0.608762
0.559717
0.589910
0.587107
0.551896
0.564403
0.540469
0.593508
0.617518
0.565930
0.551832
0.556737
0.539767
0.556962
0.554356
0.558017
0.558410
0.578772
0.609303
0.588649
0.598574
0.547936
0.556043
0.568766
0.564184
0.571248
0.576296
0.628205
0.598718
0.607695
0.639294
0.597412
0.574401
0.585671
0.611632
0.572397
0.567516
0.591586
0.623684
0.554741
0.580528
0.596148
0.560284
0.521156
0.538508
0.519922
0.533970
0.514451
0.511517
0.532919
0.605050
0.558438
0.526603
0.533433
0.514539
0.517261
0.576206
0.556569
0.575515
0.537201
0.534762
0.551728
0.514349
0.506591
0.469426
0.461112
0.466802
0.472757
0.482811
0.492512
0.447106
0.439660
0.472771
0.524345
0.497525
0.514276
0.534287
0.510249
0.485699
0.467093
0.479459
0.452606
0.425870
0.438271
0.544342
0.560838
0.572542
0.586937
0.540759
0.558996
0.581385
0.600678
0.578451
0.554825
0.539109
0.507770
0.599488
0.586326
0.612775
0.604063
0.550170
0.572176
0.560973
0.586707
0.588146
0.557247
0.603343
0.626483
0.525882
0.510032
0.530634
0.514499
0.474934
0.488498
0.489006
0.495430
0.509594
0.497986
0.524927
0.545610
0.756171
0.769909
0.737947
0.745735
0.763787
0.728809
0.777463
0.755584
0.753942
0.753406
0.757870
0.730647
0.744180
0.745642
0.738260
0.749891
0.747821
0.771838
0.772412
0.775924
0.756091
0.760368
0.753675
0.767345
0.766860
0.744501
0.741078
0.746402
0.748047
0.743237
0.746437
0.750665
0.757765
0.766245
0.753721
0.773986
0.747026
0.751266
0.753149
0.742289
0.743076
0.741377
0.763837
0.740350
0.745947
0.743376
0.747123
0.730931
0.733039
0.734286
0.733873
0.705345
0.709201
0.729190
0.727314
0.753414
0.734309
0.769066
0.735523
0.728084
0.732270
0.710066
0.697240
0.699186
0.697193
0.697593
0.690172
0.718852
0.691580
0.697406
0.705047
0.738165
0.772656
0.769478
0.738749
0.755385
0.694350
0.724103
0.713976
0.681002
0.736550
0.748468
0.764610
0.769913
0.723976
0.729993
0.760813
0.735748
0.772439
0.784179
0.772084
0.764848
0.213501
0.246563
0.256380
0.203145
0.173553
0.179481
0.215121
0.256741
0.191082
0.133541
0.147278
0.151016
0.148712
0.132530
0.152951
0.172795
0.149763
0.197660
0.270432
0.234659
0.135976
0.148568
0.135720
0.155938
0.110586
0.119868
0.301406
0.170954
0.198348
0.309992
0.282761
0.144937
0.043937
0.198201
0.095492
0.122016
0.223007
0.290396
0.184378
0.201128
0.283275
0.195889
0.152184
0.158343
0.154780
0.166440
0.152104
0.163476
0.157944
0.156792
0.148944
0.151109
0.174865
0.159539
0.173288
0.248523
0.199890
0.249914
0.207543
0.210611
0.244452
0.186987
0.189781
0.657242
0.641924
0.688553
0.659633
0.635555
0.672979
0.709651
0.686908
0.689308
0.710592
0.725883
0.701559
0.695362
0.721446
0.679080
0.640585
0.747029
0.707271
0.713159
0.731651
0.704253
0.723380
0.717047
0.752321
0.774159
0.721866
0.764984
0.674571
0.679583
0.737500
0.714520
0.724323
0.732650
0.708856
0.718002
0.715123
0.722926
0.733741
0.719133
0.745050
0.752391
0.742871
0.677583
0.663127
0.698061
0.666264
0.647673
0.639238
0.638497
0.667362
0.693314
0.693686
0.700241
0.699074
0.702105
0.728569
0.704648
0.711782
0.744535
0.760722
0.667053
0.766661
0.780432
0.696233
0.694101
0.736277
0.661676
0.713829
0.716875
0.735289
0.686348
0.694297
0.699887
0.688377
0.753373
0.721706
0.762383
0.735083
0.697472
0.693116
0.674709
0.693761
0.737724
0.697830
0.822235
0.810113
0.795993
0.818788
0.791432
0.816331
0.793511
0.763425
0.818791
0.789193
0.795886
0.767661
0.775652
0.786211
0.782023
0.777883
0.805944
0.801290
0.798919
0.826586
0.833969
0.822373
0.799477
0.820261
0.813136
0.808192
0.818098
0.824476
0.823124
0.768780
0.806815
0.770128
0.807759
0.820613
0.798693
0.773578
0.764457
0.831705
0.836621
0.817641
0.809915
0.817973
0.818655
0.811868
0.798907
0.825369
0.838378
0.836753
0.850328
0.841725
0.847325
0.826386
0.834691
0.804724
0.811272
0.824735
0.829057
0.846165
0.840393
0.840642
0.851957
0.829440
0.851401
0.846375
0.846731
0.849764
0.816626
0.819545
0.816300
0.831274
0.838498
0.819019
0.838961
0.819265
0.813518
0.824742
0.824943
0.843745
0.827755
0.842831
0.858657
0.835756
0.824092
0.829255
0.851528
0.852341
0.851059
0.862578
0.876011
0.859943
0.831991
0.822197
0.827481
0.816713
0.837068
0.826863
0.848016
0.841631
0.811357
0.834741
0.837946
0.848110
0.855492
0.828968
0.842386
0.830646
0.847821
0.847794
0.841368
0.853737
0.856090
0.862346
0.847945
0.852194
0.838387
0.836264
0.847765
0.851797
0.847165
0.850691
0.871311
0.870608
0.468855
0.477095
0.494371
0.478923
0.467713
0.470046
0.455462
0.462506
0.455140
0.455525
0.464710
0.469749
0.465173
0.425155
0.448379
0.418612
0.425696
0.436973
0.449766
0.437631
0.439977
0.458615
0.438216
0.453160
0.431284
0.439984
0.451335
0.456844
0.439177
0.419161
0.415596
0.426298
0.466748
0.469674
0.490252
0.482913
0.469668
0.471114
0.478017
0.477587
0.480585
0.482257
0.486116
0.488302
0.477923
0.491317
0.479704
0.476156
0.509939
0.488844
0.523777
0.495881
0.504169
0.491830
0.490287
0.484222
0.597911
0.597552
0.561083
0.464769
0.557492
0.473258
0.546836
0.518056
0.618099
0.609900
0.571950
0.544895
0.485612
0.560791
0.524135
0.521939
0.489188
0.510257
0.492454
0.480765
0.505072
0.523541
0.492227
0.492509
0.547004
0.454458
0.485688
0.460481
0.484550
0.428053
0.484337
0.496719
0.535908
0.659762
0.609889
0.666552
0.680016
0.572298
0.504089
0.448084
0.447943
0.458862
0.453434
0.450735
0.459384
0.472828
0.474878
0.489389
0.499225
0.468703
0.484312
0.498481
0.525631
0.500412
0.486742
0.513533
0.472852
0.424603
0.459603
0.534141
0.520614
0.538008
0.550343
0.552378
0.563279
0.584426
0.564884
0.562875
0.581085
0.592800
0.568222
0.568693
0.591493
0.566478
0.536370
0.542181
0.562542
0.521841
0.515939
0.541253
0.496034
0.463821
0.488186
0.442570
0.461486
0.453977
0.422393
0.487383
0.538528
0.515963
0.436679
0.416771
0.400884
0.360095
0.428318
0.413081
0.371315
0.357791
0.237730
0.255624
0.327920
0.372497
0.801422
0.770069
0.779709
0.742557
0.694745
0.714474
0.685923
0.678915
0.742626
0.813423
0.724011
0.649410
0.645029
0.627258
0.625177
0.659241
0.698903
0.728043
0.752399
0.796325
0.814079
0.820965
0.764546
0.731000
0.748592
0.774577
0.761595
0.764919
0.775092
0.763996
0.773041
0.760647
0.602949
0.601539
0.616630
0.618239
0.604304
0.640199
0.673766
0.650690
0.651564
0.665959
0.680175
0.662746
0.658499
0.712304
0.638834
0.632887
0.700592
0.683876
0.688705
0.683518
0.712822
0.738134
0.729986
0.690605
0.761262
0.766270
0.715345
0.724186
0.743429
0.728802
0.688425
0.699841
0.678842
0.680264
0.674141
0.666476
0.653231
0.666152
0.638263
0.646744
0.635272
0.625273
0.637040
0.655215
0.647241
0.628192
0.595816
0.618423
0.598960
0.576857
0.570243
0.561194
0.609752
0.605436
0.664867
0.674632
0.651215
0.702567
0.693130
0.682214
0.682080
0.662217
0.688596
0.685600
0.692986
0.715927
0.671140
0.700881
0.715614
0.655121
0.728963
0.662280
0.677665
0.650943
0.688555
0.649954
0.673586
0.692289
0.702457
0.633044
0.644268
0.718914
0.713885
0.667693
0.706141
0.722097
0.633504
0.656068
0.639692
0.632218
0.628014
0.674968
0.664669
0.622177
0.698768
0.682396
0.706139
0.730669
0.713028
0.725573
0.670174
0.708841
0.702188
0.691976
0.688382
0.724507
0.703915
0.693019
0.678839
0.687903
0.729718
0.711601
0.703488
0.716887
0.689156
0.684970
0.767191
0.766148
0.824256
0.783947
0.756571
0.731461
0.790741
0.761979
0.770830
0.757898
0.755351
0.766052
0.779750
0.762945
0.703906
0.709251
0.667186
0.734328
0.678323
0.721427
0.679322
0.664116
0.666488
0.665813
0.684346
0.698542
0.663091
0.663137
0.660087
0.697988
0.697235
0.693237
0.704990
0.717805
0.663613
0.660691
0.674121
0.643358
0.685255
0.671515
0.740397
0.701613
0.689340
0.721935
0.690562
0.673911
0.682042
0.671612
0.703519
0.729814
0.667486
0.697024
0.700249
0.727287
0.694329
0.707053
0.696149
0.682462
0.716543
0.703984
0.706354
0.676774
0.714237
0.715538
0.707261
0.703265
0.678782
0.670880
0.678344
0.662818
0.669155
0.652437
0.706264
0.687764
0.712988
0.705763
0.734572
0.764328
0.709841
0.748287
0.731951
0.731797
0.702326
0.716601
0.718580
0.704998
0.714833
0.713469
0.725906
0.722137
0.740977
0.718508
0.670575
0.688774
0.673250
0.667170
0.698948
0.691210
0.672078
0.659238
0.686052
0.699745
0.713837
0.712365
0.669774
0.682245
0.668307
0.662527
0.679816
0.701450
0.652423
0.682716
0.663853
0.666299
0.682746
0.660704
0.684684
0.684714
0.664238
0.673521
0.700884
0.680559
0.666617
0.670264
0.669905
0.665604
0.660788
0.668471
0.663607
0.658303
0.664587
0.678111
0.664225
0.650129
0.663488
0.683821
0.669886
0.679894
0.693692
0.636302
0.626422
0.679263
0.623622
0.667295
0.613435
0.679045
0.665820
0.678888
0.675761
0.693855
0.688668
0.647352
0.688785
0.688530
0.650896
0.644270
0.684042
0.707261
0.646850
0.641523
0.698093
0.641347
0.685814
0.647732
0.670974
0.621344
0.669307
0.644007
0.610968
0.641901
0.650544
0.667565
0.649220
0.645447
0.623786
0.629503
0.606617
0.605666
0.623828
0.612353
0.596365
0.623672
0.618722
0.576299
0.652071
0.640239
0.639828
0.639172
0.646107
0.638215
0.631322
0.613462
0.637729
0.614593
0.633013
0.604451
0.584326
0.587369
0.583214
0.592683
0.583364
0.585563
0.597468
0.582488
0.600577
0.590082
0.582845
0.586011
0.593831
0.589381
0.599882
0.606185
0.599740
0.588590
0.607068
0.594990
0.586917
0.586206
0.565821
0.601429
0.595324
0.566543
0.560957
0.587205
0.592175
0.560589
0.590365
0.589816
0.590479
0.583548
0.592568
0.618200
0.623138
0.607739
0.608370
0.592464
0.613406
0.611405
0.633975
0.635110
0.652364
0.673246
0.639095
0.676622
0.631003
0.632781
0.657874
0.640463
0.599829
0.597495
0.630877
0.640638
0.592118
0.627493
0.624703
0.653979
0.640897
0.653639
0.639705
0.650862
0.619442
0.590703
0.589017
0.616576
0.600917
0.597502
0.624485
0.598451
0.609290
0.583711
0.587407
0.581598
0.579263
0.576493
0.596024
0.600911
0.574257
0.610099
0.600592
0.628345
0.572787
0.585573
0.589044
0.609058
0.556889
0.545629
0.647044
0.607895
0.624334
0.674713
0.583337
0.555029
0.459729
0.472249
0.506708
0.545709
0.633361
0.663268
0.615394
0.603551
0.641656
0.594208
0.592342
0.588623
0.582945
0.602255
0.570128
0.598099
0.562496
0.534556
0.553673
0.515761
0.567494
0.572946
0.492866
0.590208
0.595651
0.597685
0.621867
0.588360
0.611008
0.592883
0.612477
0.624864
0.609182
0.608917
0.616803
0.620869
0.616563
0.595448
0.573518
0.639293
0.613626
0.614194
0.620292
0.595320
0.583598
0.639460
0.609498
0.620172
0.533791
0.555487
0.556471
0.512573
0.535305
0.586035
0.592941
0.547319
0.606284
0.603697
0.624082
0.486527
0.475662
0.443153
0.453415
0.507675
0.466075
0.401634
0.412367
0.416982
0.419149
0.488075
0.535109
0.387710
0.437493
0.392495
0.422624
0.511025
0.470604
0.492267
0.455423
0.442702
0.480696
0.456805
0.431298
0.410901
0.387739
0.381183
0.362846
0.564532
0.580712
0.522633
0.574124
0.617023
0.611430
0.616101
0.616674
0.597580
0.615686
0.619144
0.581672
0.563039
0.542265
0.519715
0.492239
0.688737
0.680948
0.701327
0.692618
0.674422
0.692195
0.694040
0.702261
0.697231
0.695257
0.688711
0.689606
0.680409
0.675346
0.676470
0.657354
0.680899
0.694822
0.679133
0.680921
0.697904
0.684384
0.663544
0.668684
0.686930
0.678016
0.680456
0.676540
0.664251
0.649027
0.669420
0.693510
0.690559
0.686254
0.702894
0.722291
0.690629
0.713769
0.705790
0.709039
0.713241
0.715687
0.727383
0.719144
0.728573
0.754250
0.748560
0.691139
0.698534
0.712408
0.689766
0.678828
0.673671
0.672173
0.686032
0.712334
0.527440
0.593018
0.590215
0.520087
0.508394
0.496046
0.546651
0.588894
0.512192
0.405957
0.451213
0.456538
0.394994
0.415851
0.469242
0.480584
0.431995
0.529185
0.617564
0.559690
0.366816
0.360043
0.359532
0.328892
0.388842
0.373814
0.295336
0.294994
0.296705
0.354800
0.388862
0.401978
0.288092
0.345214
0.302725
0.312670
0.394463
0.339335
0.390512
0.352744
0.349908
0.391350
0.314882
0.277975
0.451051
0.489684
0.434597
0.471611
0.572643
0.514490
0.574125
0.542003
0.521918
0.569408
0.475207
0.426562
0.786132
0.784727
0.790478
0.770371
0.768225
0.774789
0.784231
0.807726
0.813737
0.818646
0.835695
0.786095
0.785034
0.781434
0.794897
0.799709
0.810624
0.811071
0.809158
0.794814
0.786970
0.767243
0.772686
0.791384
0.793492
0.802058
0.790914
0.781135
0.772806
0.763906
0.784424
0.775759
0.806611
0.789034
0.784662
0.785433
0.829190
0.823175
0.836130
0.844627
0.814156
0.827473
0.814371
0.807137
0.823837
0.818896
0.819813
0.817221
0.822710
0.810796
0.810470
0.807544
0.826520
0.810320
0.810353
0.809621
0.815783
0.820970
0.819479
0.815018
0.809896
0.819992
0.819363
0.832621
0.834807
0.821983
0.830319
0.826706
0.815835
0.826739
0.826150
0.825462
0.796681
0.802198
0.803394
0.811177
0.795491
0.792434
0.803960
0.838898
0.813007
0.806959
0.804546
0.793143
0.798088
0.820005
0.807307
0.833665
0.828010
0.838139
0.823254
0.824886
0.847600
0.837058
0.830144
0.846527
0.839237
0.820342
0.815556
0.832934
0.828550
0.834369
0.839079
0.856262
0.845756
0.857150
0.855940
0.850933
0.838780
0.831158
0.845627
0.852862
0.832536
0.816026
0.838961
0.825666
0.850419
0.841524
0.848061
0.842640
0.855934
0.853664
0.838488
0.855501
0.852098
0.854933
0.846919
0.852214
0.857796
0.853159
0.852664
0.843834
0.849131
0.847206
0.842034
0.843174
0.849203
0.847379
0.840556
0.841198
0.843723
0.852156
0.843778
0.857293
0.852612
0.856729
0.857789
0.842387
0.836640
0.835893
0.829867
0.842509
0.840016
0.821535
0.829796
0.822232
0.821504
0.829922
0.835563
0.826487
0.814952
0.819157
0.834606
0.839751
0.822480
0.819855
0.826986
0.822093
0.821859
0.822607
0.845783
0.832994
0.826306
0.821257
0.815565
0.827201
0.831784
0.823602
0.820428
0.848715
0.835740
0.852470
0.841712
0.846176
0.831300
0.829463
0.821818
0.844046
0.844853
0.841887
0.838163
0.840838
0.835365
0.845224
0.846375
0.843838
0.841046
0.843666
0.840669
0.840457
0.841952
0.844875
0.842122
0.828862
0.830087
0.848147
0.852069
0.848759
0.848926
0.849950
0.844108
0.852425
0.834167
0.845133
0.838005
0.836291
0.838271
0.836306
0.837400
0.837322
0.836581
0.842254
0.821259
0.824821
0.826120
0.823967
0.825848
0.819327
0.827313
0.818547
0.831810
0.831792
0.829046
0.823458
0.827443
0.816952
0.834536
0.831813
0.827993
0.823626
0.821651
0.823457
0.816395
0.822201
0.818286
0.839373
0.833441
0.832053
0.837219
0.840558
0.836977
0.846934
0.842839
0.841788
0.842381
0.839356
0.828387
0.807109
0.800939
0.794967
0.812613
0.800565
0.815958
0.819226
0.824216
0.799168
0.827066
0.824184
0.840680
0.815201
0.793834
0.842206
0.839520
0.800772
0.817964
0.821775
0.821335
0.838024
0.846321
0.807957
0.810435
0.816177
0.820980
0.821712
0.823502
0.803436
0.810484
0.814183
0.796635
0.832948
0.815199
0.826684
0.818160
0.808143
0.812034
0.805979
0.834759
0.813231
0.831274
0.844309
0.812027
0.777622
0.797789
0.781973
0.785404
0.820758
0.822674
0.814470
0.840172
0.826470
0.843218
0.847136
0.843435
0.830161
0.837119
0.827174
0.841682
0.844897
0.834123
0.849350
0.841491
0.821686
0.813486
0.821865
0.822429
0.830758
0.828394
0.808440
0.807398
0.796199
0.835891
0.808365
0.824131
0.847075
0.841723
0.816440
0.834635
0.834715
0.831482
0.837379
0.833686
0.841436
0.841708
0.848327
0.845314
0.818893
0.819834
0.817656
0.829262
0.822807
0.819360
0.827876
0.819438
0.827909
0.834612
0.822077
0.822841
0.813972
0.822485
0.810503
0.809665
0.803002
0.808119
0.804312
0.831795
0.828731
0.832745
0.838761
0.829459
0.834802
0.842467
0.840462
0.841201
0.849186
0.849668
0.840958
0.829536
0.837784
0.830143
0.842038
0.838530
0.829516
0.826266
0.821009
0.826035
0.832755
0.822743
0.835534
0.838814
0.827277
0.827921
0.821981
0.821917
0.817552
0.821425
0.820181
0.817477
0.822765
0.825578
0.827364
0.832048
0.835609
0.833730
0.833227
0.832292
0.830174
0.822361
0.825884
0.828537
0.837796
0.840894
0.862584
0.840663
0.861875
0.854783
0.850966
0.853207
0.862383
0.857405
0.835931
0.850248
0.834709
0.832801
0.825794
0.835036
0.835307
0.834103
0.838126
0.849783
0.832243
0.830569
0.835141
0.829721
0.832535
0.828815
0.837579
0.834592
0.798802
0.712824
0.746711
0.713734
0.728437
0.702304
0.728733
0.656605
0.701229
0.714747
0.692832
0.711601
0.721157
0.673229
0.759209
0.709596
0.742711
0.721903
0.693908
0.699701
0.686488
0.648561
0.710749
0.698707
0.771648
0.778273
0.768222
0.781203
0.802369
0.817533
0.828515
0.819070
0.819938
0.763749
0.752772
0.759240
0.735696
0.786555
0.784015
0.795299
0.808506
0.731978
0.750979
0.785636
0.757037
0.722382
0.711351
0.657241
0.730411
0.769107
0.777695
0.751367
0.754321
0.702910
0.750353
0.719157
0.707722
0.807282
0.811353
0.826324
0.816661
0.818787
0.844904
0.844178
0.844574
0.835809
0.808236
0.834764
0.793996
0.760462
0.787211
0.793176
0.800701
0.758336
0.749583
0.720969
0.683947
0.794133
0.748850
0.765329
0.779820
0.743002
0.711242
0.745932
0.707981
0.699191
0.771249
0.803516
0.814292
0.818024
0.820058
0.826880
0.834912
0.830969
0.801085
0.838768
0.821538
0.816248
0.815967
0.853512
0.852029
0.723223
0.706266
0.701166
0.702623
0.688034
0.670355
0.697835
0.707805
0.745390
0.759520
0.727319
0.709746
0.747014
0.717843
0.666374
0.683576
0.679754
0.785119
0.784431
0.767441
0.784845
0.805247
0.824318
0.810652
0.821913
0.749964
0.748748
0.756470
0.789192
0.801647
0.789124
0.838653
0.840425
0.822508
0.805932
0.844218
0.816744
0.822260
0.850149
0.857825
0.857343
0.866161
0.870376
0.875554
0.871012
0.872015
0.868459
0.859144
0.849799
0.865015
0.856656
0.871559
0.869556
0.868761
0.870045
0.859216
0.866678
0.850198
0.844131
0.839628
0.823777
0.864071
0.868299
0.862255
0.851478
0.869878
0.867413
0.871155
0.870585
0.877305
0.875072
0.850033
0.872098
0.875003
0.874086
0.869949
0.862872
0.844967
0.861845
0.840147
0.824278
0.853417
0.846167
0.848284
0.845625
0.861146
0.858362
0.866237
0.860855
0.865272
0.856280
0.873235
0.883905
0.876863
0.872159
0.828846
0.837785
0.822049
0.828141
0.840207
0.845038
0.858193
0.858027
0.871112
0.851142
0.870475
0.862710
0.867962
0.863129
0.875432
0.842842
0.841541
0.853216
0.862162
0.862959
0.855216
0.866464
0.869248
0.871178
0.872311
0.877055
0.872773
0.875143
0.874021
0.873849
0.874160
0.875376
0.868702
0.884294
0.878905
0.879691
0.875147
0.881766
0.879387
0.879282
0.881611
0.877218
0.883190
0.883833
0.881692
0.877880
0.876206
0.881468
0.882466
0.876998
0.882739
0.886007
0.881400
0.867441
0.868361
0.877322
0.865819
0.866733
0.870458
0.871008
0.877023
0.876660
0.867646
0.878498
0.868721
0.874136
0.873625
0.872244
0.872833
0.878649
0.867947
0.874956
0.874844
0.878251
0.879003
0.881961
0.882574
0.884593
0.883052
0.872792
0.869530
0.877820
0.879347
0.879407
0.880124
0.886242
0.873433
0.873528
0.878836
0.863080
0.881284
0.876791
0.876343
0.880537
0.880895
0.875631
0.875235
0.877744
0.878240
0.883303
0.862072
0.859940
0.865402
0.861326
0.865563
0.876917
0.886107
0.864291
0.863821
0.869691
0.871440
0.873900
0.863983
0.872066
0.863811
0.859210
0.869101
0.866329
0.864260
0.858561
0.862059
0.860372
0.859383
0.869473
0.869309
0.869937
0.857373
0.859267
0.874954
0.859372
0.857771
0.863810
0.870665
0.871423
0.871369
0.862753
0.868853
0.866412
0.867992
0.870596
0.870078
0.866748
0.866571
0.866617
0.870981
0.879426
0.869916
0.862303
0.864869
0.864608
0.870618
0.864240
0.874692
0.872575
0.867816
0.870643
0.863526
0.864073
0.863421
0.867013
0.867169
0.869653
0.591704
0.581611
0.612163
0.551501
0.539930
0.524709
0.459043
0.458967
0.472910
0.329183
0.453672
0.430662
0.449264
0.568678
0.472013
0.555874
0.608058
0.580703
0.559740
0.537143
0.447984
0.468618
0.465641
0.435893
0.602897
0.613832
0.597780
0.552900
0.570875
0.643578
0.643397
0.630191
0.644205
0.627066
0.556666
0.584641
0.601216
0.616365
0.659864
0.638248
0.654091
0.651629
0.624294
0.625227
0.582267
0.563323
0.572565
0.549035
0.481564
0.463078
0.463241
0.513182
0.502962
0.566177
0.560886
0.508234
0.487804
0.562791
0.553019
0.497282
0.486642
0.304116
0.371703
0.402756
0.433562
0.638263
0.602559
0.666821
0.627066
0.616945
0.677927
0.702842
0.676623
0.709340
0.727851
0.627669
0.602696
0.608735
0.668794
0.692018
0.693559
0.636508
0.546445
0.475908
0.431302
0.460642
0.458764
0.438742
0.466933
0.456417
0.497554
0.522611
0.614405
0.493464
0.446281
0.574455
0.547714
0.606763
0.630229
0.468410
0.446611
0.276147
0.286031
0.387861
0.425776
0.638107
0.646452
0.633455
0.527873
0.531386
0.636560
0.622082
0.656900
0.651555
0.648413
0.536739
0.549580
0.587928
0.673973
0.649920
0.632838
0.586669
0.651598
0.601155
0.667622
0.505972
0.508305
0.586551
0.602478
0.663097
0.651918
0.515665
0.512972
0.426729
0.435825
0.423646
0.368217
0.603272
0.657035
0.585155
0.643985
0.532790
0.518867
0.593512
0.641782
0.516154
0.405814
0.442423
0.445861
0.674855
0.669525
0.689274
0.667600
0.692925
0.700944
0.666006
0.653587
0.698490
0.676412
0.675836
0.669774
0.677442
0.702394
0.823511
0.825459
0.815655
0.778534
0.775757
0.781550
0.828526
0.831874
0.779957
0.782857
0.722177
0.722275
0.722762
0.699648
0.733047
0.833692
0.841454
0.778650
0.797864
0.841270
0.824673
0.796766
0.805866
0.709243
0.750913
0.701971
0.703529
0.838897
0.827163
0.843672
0.836840
0.834717
0.818668
0.820465
0.807697
0.833416
0.822363
0.825963
0.829361
0.828403
0.816147
0.808165
0.805602
0.806171
0.828956
0.830182
0.792147
0.798163
0.824880
0.827825
0.793155
0.790872
0.764730
0.746572
0.750447
0.742656
0.824510
0.826882
0.794232
0.809921
0.836609
0.831458
0.813191
0.765947
0.790698
0.748165
0.747192
0.854203
0.831539
0.832927
0.847054
0.839215
0.834007
0.831660
0.827294
0.822729
0.814292
0.824216
0.813651
0.836478
0.832127
0.842226
0.817108
0.805693
0.799044
0.809100
0.837726
0.846596
0.804611
0.807976
0.841506
0.831808
0.785125
0.792323
0.724821
0.731042
0.743546
0.751254
0.831171
0.823800
0.785437
0.788902
0.822982
0.823546
0.766108
0.774640
0.683466
0.693122
0.707531
0.723640
0.827664
0.836859
0.826043
0.832992
0.833699
0.821748
0.825280
0.794936
0.810293
0.805940
0.858383
0.831125
0.846244
0.813653
0.807856
0.806700
0.791019
0.839281
0.841857
0.782906
0.806595
0.846205
0.843727
0.795035
0.803275
0.730046
0.731870
0.722334
0.706347
0.828910
0.826004
0.798363
0.795308
0.841948
0.783548
0.708686
0.721241
0.731111
0.829425
0.856799
0.857548
0.841522
0.812110
0.823524
0.831861
0.838199
0.823994
0.848857
0.849948
0.827170
0.804844
0.813490
0.814312
0.842620
0.821050
0.774940
0.803234
0.801235
0.779611
0.802552
0.808579
0.821735
0.815041
0.783340
0.785244
0.829978
0.785427
0.827101
0.833615
0.800647
0.817506
0.803706
0.837488
0.817240
0.815830
0.832745
0.799101
0.786504
0.775811
0.790459
0.795633
0.822088
0.817280
0.812144
0.825841
0.785962
0.795762
0.787989
0.783998
0.798489
0.795902
0.789773
0.802082
0.797706
0.813020
0.793014
0.795803
0.792469
0.833081
0.825837
0.814404
0.788285
0.757437
0.776548
0.762388
0.749374
0.772207
0.789196
0.791864
0.789909
0.784833
0.789334
0.780536
0.826566
0.804447
0.832002
0.827482
0.843605
0.830077
0.812981
0.811039
0.824719
0.837035
0.766571
0.810440
0.781986
0.793489
0.787352
0.795712
0.806559
0.785000
0.755462
0.773017
0.814083
0.755949
0.768382
0.771917
0.784846
0.783232
0.753710
0.799836
0.777094
0.771145
0.803526
0.804034
0.806322
0.809193
0.774749
0.779151
0.766685
0.771047
0.772012
0.773205
0.798375
0.808355
0.772368
0.797172
0.792530
0.794760
0.786643
0.800568
0.768060
0.774581
0.786996
0.784903
0.804175
0.787997
0.779655
0.790054
0.826657
0.814494
0.807198
0.785102
0.788477
0.792270
0.784766
0.807356
0.797010
0.789255
0.816067
0.797689
0.799832
0.807480
0.820138
0.781021
0.826712
0.807537
0.818818
0.787632
0.806064
0.798793
0.803133
0.817366
0.813456
0.822971
0.832192
0.835433
0.850103
0.738132
0.754470
0.779173
0.727597
0.721450
0.763604
0.773733
0.811323
0.786977
0.824923
0.720680
0.733382
0.757036
0.724714
0.736625
0.758526
0.782433
0.788096
0.787592
0.800877
0.739854
0.745572
0.767177
0.755174
0.762730
0.774481
0.758317
0.775852
0.777323
0.767612
0.770454
0.775674
0.771344
0.755180
0.770086
0.767537
0.733170
0.738462
0.767986
0.773979
0.757167
0.755034
0.779435
0.785885
0.773367
0.818499
0.806906
0.832170
0.830962
0.791742
0.815938
0.772844
0.784405
0.783621
0.775189
0.776642
0.790967
0.800145
0.795913
0.809897
0.811333
0.775916
0.786306
0.778234
0.780622
0.777502
0.791337
0.784996
0.826404
0.795246
0.819350
0.798375
0.815362
0.769943
0.769186
0.746805
0.754854
0.761944
0.782533
0.785632
0.820613
0.777687
0.773938
0.775987
0.794990
0.775788
0.762687
0.796616
0.828919
0.803978
0.814893
0.777830
0.776062
0.775367
0.766394
0.770197
0.802739
0.799958
0.815224
0.851039
0.805388
0.824550
0.763860
0.787938
0.758593
0.810453
0.793741
0.796185
0.782403
0.796119
0.755824
0.789699
0.761851
0.782474
0.792990
0.809613
0.792719
0.791010
0.780095
0.775488
0.785350
0.778637
0.769005
0.782175
0.793731
0.809872
0.796327
0.820354
0.779435
0.771251
0.780898
0.772038
0.773252
0.788695
0.802992
0.814258
0.787612
0.801310
0.770534
0.785149
0.770272
0.770065
0.772223
0.790615
0.764727
0.758096
0.768219
0.769285
0.770799
0.781854
0.795610
0.811732
0.779227
0.802967
0.821153
0.797720
0.811794
0.824604
0.786543
0.830316
0.838030
0.872623
0.828555
0.874480
0.827286
0.864418
0.854742
0.780074
0.809066
0.788383
0.794614
0.812056
0.787097
0.853583
0.871000
0.856854
0.888301
0.884336
0.822838
0.815901
0.803578
0.763122
0.796616
0.834876
0.774118
0.780021
0.803918
0.790766
0.807572
0.788721
0.747132
0.790675
0.779622
0.867087
0.854249
0.879290
0.866787
0.870059
0.868775
0.867502
0.838696
0.881464
0.816176
0.861974
0.866323
0.898639
0.826297
0.811400
0.802481
0.839153
0.878531
0.907250
0.804757
0.842714
0.874068
0.902764
0.822663
0.857580
0.829282
0.858618
0.867916
0.883360
0.848917
0.825721
0.844203
0.848901
0.847490
0.855248
0.877519
0.828965
0.812222
0.857800
0.847100
0.866110
0.856683
0.876472
0.886044
0.896166
0.898223
0.834167
0.844866
0.846784
0.863423
0.870090
0.842854
0.846882
0.832140
0.845934
0.836640
0.847206
0.869726
0.865364
0.855116
0.841448
0.859092
0.872134
0.860194
0.835728
0.824373
0.832376
0.845419
0.868430
0.881768
0.858842
0.875255
0.883920
0.850404
0.835508
0.845491
0.879857
0.861821
0.872292
0.850307
0.844815
0.836203
0.868975
0.866025
0.857383
0.857102
0.854389
0.852583
0.841411
0.874147
0.867753
0.850674
0.876282
0.879297
0.856180
0.879391
0.847439
0.837986
0.869125
0.860768
0.839953
0.854299
0.844126
0.861513
0.854505
0.853205
0.870921
0.854626
0.860947
0.851966
0.825614
0.843088
0.838848
0.832290
0.825265
0.841021
0.836539
0.818559
0.866613
0.861171
0.865850
0.870746
0.888737
0.854750
0.840559
0.815688
0.879408
0.890282
0.882723
0.884790
0.889698
0.878258
0.905084
0.886648
0.902704
0.872958
0.872547
0.861080
0.870174
0.864121
0.875486
0.870275
0.880233
0.870895
0.844183
0.858225
0.829534
0.842083
0.855663
0.830634
0.856248
0.866285
0.864966
0.852580
0.824817
0.870199
0.870677
0.901358
0.880743
0.892274
0.883373
0.853131
0.864211
0.874166
0.881572
0.886294
0.876093
0.874950
0.883949
0.878800
0.883787
0.874275
0.903053
0.897828
0.854079
0.864490
0.895314
0.871342
0.891390
0.899300
0.894667
0.864414
0.873999
0.809039
0.837024
0.818533
0.811479
0.864795
0.870476
0.843749
0.848097
0.865489
0.866475
0.871110
0.869926
0.863499
0.852961
0.847661
0.863818
0.880579
0.864318
0.854116
0.864265
0.863052
0.881854
0.877729
0.882736
0.888309
0.853612
0.842447
0.862393
0.851209
0.865976
0.894477
0.917465
0.885730
0.863058
0.856780
0.860030
0.851548
0.868503
0.857263
0.852660
0.854606
0.871437
0.862730
0.868402
0.940017
0.917047
0.897270
0.884746
0.847555
0.859076
0.867784
0.893036
0.880195
0.899362
0.879148
0.904821
0.869960
0.865720
0.895948
0.878461
0.861813
0.870825
0.852048
0.899215
0.937793
0.900597
0.926845
0.887430
0.926458
0.909235
0.946539
0.943381
0.963581
0.941920
0.850121
0.856842
0.876665
0.844542
0.853562
0.856843
0.860136
0.848759
0.841344
0.840265
0.877432
0.901062
0.842025
0.844722
0.834118
0.859916
0.896509
0.876629
0.849586
0.884537
0.850790
0.875632
0.869199
0.851430
0.883279
0.850028
0.847075
0.869464
0.839078
0.830948
0.817850
0.853657
0.869303
0.870844
0.871579
0.857095
0.830417
0.858879
0.889113
0.868061
0.852640
0.901292
0.900455
0.835203
0.863011
0.879915
0.904949
0.876458
0.851153
0.851012
0.878630
0.826609
0.825259
0.838781
0.841921
0.853950
0.843807
0.850977
0.849606
0.859215
0.855859
0.868271
0.875371
0.884778
0.886251
0.853525
0.855048
0.865569
0.884197
0.868984
0.856750
0.896066
0.872934
0.846637
0.848314
0.872674
0.870505
0.859467
0.847439
0.851261
0.860226
0.849812
0.840122
0.860122
0.839350
0.846815
0.801454
0.850429
0.837507
0.837215
0.852526
0.856788
0.842414
0.817524
0.824391
0.822588
0.848834
0.814205
0.835785
0.797842
0.817727
0.815533
0.855542
0.903695
0.810947
0.820480
0.871487
0.853663
0.856080
0.865526
0.902116
0.881196
0.857897
0.926380
0.845258
0.822968
0.859016
0.851477
0.842932
0.837968
0.839219
0.819951
0.820814
0.851245
0.845585
0.833191
0.840365
0.827207
0.857490
0.813251
0.822388
0.855091
0.854803
0.846140
0.874665
0.892446
0.921136
0.952491
0.907668
0.910521
0.915915
0.929318
0.935972
0.927324
0.887580
0.867704
0.844513
0.815488
0.807369
0.843742
0.863882
0.879778
0.897901
0.889020
0.828375
0.841914
0.852313
0.843830
0.882380
0.895382
0.864355
0.848741
0.868390
0.882325
0.868126
0.866502
0.790380
0.833956
0.827204
0.723070
0.897533
0.924112
0.908045
0.922286
0.910471
0.903205
0.850369
0.839959
0.827528
0.837880
0.834610
0.817878
0.828850
0.843196
0.834035
0.837777
0.850336
0.837173
0.849594
0.825801
0.839217
0.839520
0.850973
0.832951
0.851436
0.855031
0.867116
0.847255
0.870831
0.880332
0.874967
0.827881
0.872920
0.875577
0.905016
0.873198
0.820912
0.832151
0.852693
0.853589
0.853300
0.835588
0.862192
0.835714
0.813278
0.822373
0.860066
0.843917
0.849134
0.882526
0.831354
0.835007
0.844031
0.864067
0.848758
0.831887
0.864465
0.844597
0.885024
0.882237
0.868332
0.815935
0.882130
0.882003
0.845107
0.832327
0.832723
0.844732
0.844917
0.866502
0.851527
0.842683
0.827144
0.856889
0.828728
0.831494
0.821783
0.827347
0.841048
0.850737
0.823933
0.827090
0.846223
0.833810
0.823741
0.806426
0.814880
0.817688
0.809674
0.821103
0.846621
0.812558
0.816808
0.803083
0.809643
0.793152
0.833832
0.830290
0.828434
0.838608
0.807823
0.795727
0.818724
0.813234
0.818790
0.806213
0.833386
0.861079
0.808133
0.812073
0.831842
0.819340
0.844288
0.830026
0.847032
0.835811
0.857742
0.866388
0.860375
0.864211
0.850250
0.843984
0.871780
0.850824
0.864156
0.861189
0.861232
0.877380
0.859382
0.877979
0.879162
0.881236
0.892409
0.854995
0.875641
0.882337
0.859801
0.879826
0.804082
0.834322
0.779629
0.804751
0.816066
0.807665
0.836272
0.760230
0.773788
0.743207
0.756290
0.800890
0.779880
0.809884
0.794822
0.777700
0.777453
0.773295
0.776801
0.795078
0.802605
0.799342
0.774087
0.810347
0.847848
0.801628
0.820220
0.807243
0.810670
0.807076
0.861641
0.853831
0.874427
0.865731
0.852054
0.832455
0.859616
0.859794
0.885611
0.875632
0.857713
0.839921
0.843407
0.871369
0.842298
0.865619
0.850852
0.855570
0.851690
0.857326
0.845559
0.848217
0.857006
0.849474
0.848626
0.856865
0.832735
0.813970
0.805566
0.808949
0.807031
0.802036
0.811608
0.820607
0.828091
0.803090
0.790803
0.800516
0.834274
0.843501
0.821912
0.842452
0.815750
0.806010
0.777520
0.785863
0.787723
0.805705
0.773453
0.772095
0.802488
0.788147
0.813526
0.800558
0.829541
0.824006
0.801558
0.782471
0.885985
0.894539
0.871962
0.890463
0.869457
0.861041
0.887661
0.886380
0.880310
0.875531
0.866378
0.857072
0.866028
0.868474
0.878509
0.849260
0.859886
0.890727
0.883421
0.901440
0.903625
0.904464
0.876932
0.894383
0.908943
0.804810
0.795072
0.760032
0.787615
0.779511
0.779898
0.795926
0.823932
0.781609
0.766224
0.773872
0.771308
0.796938
0.760353
0.755757
0.765489
0.772800
0.791589
0.772266
0.768137
0.773704
0.755933
0.753473
0.758344
0.764559
0.763017
0.761228
0.763413
0.738625
0.785536
0.785020
0.787396
0.789176
0.788972
0.783131
0.867656
0.861921
0.888271
0.866942
0.868295
0.883224
0.872299
0.880821
0.883160
0.876486
0.877761
0.867143
0.865051
0.867806
0.867785
0.880456
0.856841
0.864425
0.863436
0.870350
0.863298
0.854478
0.869420
0.876361
0.867029
0.863961
0.860526
0.865239
0.861440
0.849978
0.805071
0.796558
0.781260
0.787383
0.778351
0.751149
0.773273
0.787224
0.768988
0.788039
0.787120
0.812798
0.771894
0.772451
0.809305
0.814431
0.793698
0.730229
0.756721
0.771884
0.797480
0.791630
0.740179
0.795206
0.784943
0.819526
0.830572
0.841790
0.761925
0.809439
0.809898
0.816221
0.776471
0.775295
0.798733
0.805743
0.825295
0.776817
0.826763
0.832103
0.846490
0.815788
0.783882
0.764619
0.816474
0.845658
0.810604
0.811395
0.820400
0.789350
0.791156
0.812458
0.833862
0.839200
0.835929
0.871034
0.840940
0.853744
0.844344
0.851532
0.851946
0.849501
0.846671
0.845216
0.856169
0.860488
0.855648
0.830129
0.861454
0.820687
0.806901
0.817605
0.793592
0.801803
0.762108
0.758061
0.825190
0.860744
0.816387
0.815746
0.816861
0.854887
0.830061
0.818822
0.871511
0.852097
0.828478
0.837931
0.825260
0.803296
0.854991
0.845443
0.840750
0.828417
0.840439
0.842093
0.842129
0.813547
0.835492
0.819149
0.885092
0.866046
0.834845
0.829163
0.864565
0.804304
0.827078
0.794715
0.832798
0.835905
0.818089
0.874469
0.838267
0.825435
0.842834
0.817012
0.847683
0.814208
0.803549
0.843500
0.797937
0.811524
0.848629
0.814114
0.805355
0.837574
0.829728
0.823765
0.799445
0.785147
0.854652
0.818456
0.821688
0.826420
0.831482
0.825211
0.812765
0.790806
0.807411
0.820267
0.827804
0.857212
0.832958
0.835612
0.834157
0.829415
0.834877
0.824014
0.824787
0.825150
0.815338
0.796861
0.811256
0.807034
0.805520
0.789777
0.805028
0.799027
0.786654
0.786431
0.801812
0.774572
0.769112
0.784313
0.790100
0.777222
0.815930
0.784723
0.805913
0.792179
0.823674
0.807262
0.767914
0.787218
0.858422
0.849047
0.862693
0.820565
0.825821
0.886138
0.830690
0.827591
0.812266
0.806366
0.829736
0.803287
0.819598
0.821615
0.845829
0.852378
0.812391
0.804995
0.807642
0.813765
0.825834
0.823971
0.834767
0.823975
0.867554
0.827211
0.839376
0.811718
0.806490
0.818229
0.810569
0.833311
0.806541
0.874613
0.830038
0.860420
0.890253
0.861336
0.826989
0.848527
0.816026
0.886483
0.835716
0.841976
0.853423
0.859741
0.860202
0.873162
0.852598
0.853828
0.831502
0.854763
0.859751
0.827536
0.825428
0.824478
0.839545
0.827663
0.817374
0.806651
0.836420
0.852076
0.817355
0.813696
0.870370
0.860110
0.856376
0.844768
0.805787
0.827108
0.836526
0.823722
0.823388
0.794698
0.834055
0.797554
0.805130
0.808537
0.798839
0.849912
0.809859
0.837332
0.845516
0.791460
0.815055
0.833162
0.796953
0.812484
0.826394
0.841476
0.855525
0.865770
0.805438
0.792043
0.797369
0.814482
0.827332
0.814200
0.826150
0.827928
0.812345
0.820219
0.826929
0.840037
0.898727
0.820726
0.842167
0.914760
0.843027
0.817328
0.814842
0.852801
0.834229
0.873951
0.876463
0.893687
0.843859
0.833197
0.827918
0.844652
0.828276
0.811948
0.836273
0.903388
0.913346
0.887139
0.918138
0.902909
0.889218
0.889282
0.881720
0.916557
0.923522
0.923869
0.909347
0.924511
0.906129
0.905656
0.886580
0.911153
0.891873
0.899075
0.905297
0.902514
0.904147
0.892413
0.887013
0.879486
0.868711
0.910640
0.898700
0.906419
0.923562
0.905497
0.879753
0.924375
0.882760
0.896823
0.900746
0.912423
0.922800
0.863732
0.877351
0.890571
0.888872
0.904068
0.902080
0.908887
0.891022
0.944289
0.913194
0.903061
0.919205
0.898893
0.882548
0.877402
0.878963
0.849382
0.903201
0.873927
0.891235
0.877446
0.869927
0.878816
0.852730
0.838807
0.868686
0.856239
0.869792
0.863249
0.846232
0.866469
0.844725
0.859989
0.844909
0.842206
0.870572
0.875595
0.875484
0.864371
0.856331
0.853292
0.856378
0.834230
0.844246
0.836225
0.862382
0.844654
0.842587
0.844157
0.843109
0.884405
0.877212
0.886118
0.877273
0.893978
0.864081
0.880754
0.883245
0.858000
0.898177
0.880833
0.908532
0.872735
0.884243
0.888096
0.871804
0.838314
0.842005
0.877485
0.895107
0.867180
0.906876
0.882754
0.843229
0.879818
0.870483
0.898289
0.868265
0.892372
0.887533
0.852908
0.857689
0.897300
0.845857
0.837344
0.858378
0.861634
0.858980
0.862399
0.848448
0.850122
0.864463
0.843699
0.842810
0.863567
0.855926
0.822223
0.843996
0.851905
0.827695
0.853904
0.855294
0.857421
0.855831
0.840177
0.839195
0.836587
0.833060
0.852381
0.846084
0.895303
0.863785
0.870875
0.884842
0.898615
0.847510
0.860866
0.892947
0.874752
0.872184
0.909248
0.863002
0.856392
0.931579
0.887919
0.859647
0.861249
0.825548
0.853826
0.847381
0.859043
0.850035
0.854540
0.850790
0.840624
0.854351
0.862061
0.859346
0.864314
0.866314
0.862276
0.864853
0.879257
0.886356
0.863469
0.866355
0.860955
0.867245
0.865433
0.872315
0.873545
0.869743
0.870368
0.867980
0.878243
0.874562
0.871797
0.867143
0.868249
0.875887
0.864287
0.869884
0.877765
0.882750
0.872778
0.869710
0.879706
0.867202
0.844422
0.847142
0.871749
0.871618
0.888001
0.901190
0.881192
0.865981
0.895619
0.880695
0.893290
0.893886
0.860214
0.886762
0.907491
0.890051
0.862292
0.858170
0.888635
0.866197
0.855219
0.872577
0.891835
0.901986
0.895883
0.885354
0.895628
0.887110
0.938334
0.881039
0.892764
0.943314
0.943907
0.918397
0.941704
0.918665
0.932094
0.939623
0.932829
0.923131
0.926547
0.905193
0.929677
0.904416
0.867176
0.926122
0.904549
0.896839
0.867507
0.887682
0.849485
0.907572
0.923804
0.917070
0.904585
0.899683
0.914241
0.893368
0.856019
0.855566
0.868709
0.853085
0.861837
0.874892
0.879662
0.815904
0.843291
0.853274
0.830681
0.834663
0.857815
0.836909
0.815353
0.825624
0.849264
0.865323
0.863662
0.853045
0.871098
0.830813
0.850365
0.805726
0.820210
0.844667
0.866241
0.871220
0.868275
0.879986
0.883460
0.885706
0.881552
0.885494
0.880427
0.880357
0.882274
0.882409
0.889197
0.879664
0.864199
0.868395
0.883666
0.883777
0.882442
0.889356
0.876334
0.880540
0.882691
0.885217
0.884934
0.881693
0.887227
0.878057
0.883231
0.884484
0.884144
0.880145
0.889864
0.873527
0.873036
0.864736
0.889659
0.900312
0.865395
0.881870
0.873135
0.870830
0.876342
0.857526
0.878097
0.886331
0.867608
0.878554
0.881878
0.885569
0.880714
0.871292
0.878984
0.864342
0.855298
0.861112
0.859468
0.869342
0.875480
0.872592
0.866210
0.856422
0.852877
0.842093
0.850722
0.841803
0.855499
0.857233
0.857237
0.846345
0.859170
0.867168
0.862805
0.859472
0.866410
0.855223
0.860651
0.865116
0.859711
0.862422
0.872679
0.849815
0.855849
0.874872
0.862801
0.846164
0.839227
0.832867
0.840950
0.837414
0.844332
0.840132
0.836059
0.838078
0.832890
0.825056
0.814472
0.821414
0.830223
0.815005
0.816430
0.824880
0.819862
0.825454
0.820937
0.828035
0.835762
0.827999
0.824806
0.807470
0.840863
0.872780
0.800150
0.871287
0.829458
0.829108
0.833974
0.876779
0.856713
0.879537
0.898317
0.894979
0.895476
0.886602
0.897631
0.899641
0.891384
0.906294
0.885129
0.849923
0.880907
0.878460
0.894027
0.896037
0.889103
0.881644
0.884610
0.903638
0.894824
0.885793
0.871886
0.881949
0.902579
0.889560
0.907544
0.910486
0.907989
0.875724
0.910462
0.900241
0.900164
0.894825
0.843269
0.870123
0.888940
0.873473
0.893422
0.880969
0.902265
0.896341
0.882073
0.896994
0.876685
0.888565
0.900377
0.881314
0.895545
0.893002
0.885504
0.874974
0.874432
0.875408
0.875140
0.852138
0.875434
0.880557
0.866186
0.871781
0.870519
0.859447
0.881852
0.886565
0.875324
0.871861
0.872999
0.868107
0.891935
0.884103
0.868263
0.864219
0.864064
0.862686
0.856082
0.862010
0.875976
0.891816
0.880052
0.882216
0.892814
0.896007
0.884730
0.890317
0.895489
0.897546
0.877197
0.879220
0.875370
0.881511
0.879003
0.872876
0.895297
0.889723
0.896796
0.889051
0.893580
0.887019
0.892739
0.894986
0.889152
0.879349
0.875138
0.875838
0.880547
0.863242
0.879037
0.868103
0.870822
0.868433
0.865380
0.886352
0.864292
0.870752
0.889548
0.876959
0.875008
0.891206
0.885905
0.868702
0.882539
0.869411
0.869186
0.852257
0.860645
0.882674
0.874990
0.878499
0.876154
0.893012
0.890320
0.892181
0.896914
0.880122
0.878890
0.879878
0.876088
0.871858
0.898785
0.899146
0.906795
0.907109
0.901224
0.903146
0.903910
0.888786
0.900139
0.895299
0.879453
0.878285
0.894346
0.896621
0.884765
0.893136
0.881934
0.884821
0.894077
0.900440
0.892746
0.890823
0.883788
0.891366
0.894414
0.893366
0.900417
0.901351
0.898195
0.898222
0.879677
0.876830
0.889796
0.890007
0.883156
0.877716
0.880317
0.878925
0.882455
0.881479
0.881864
0.883460
0.884574
0.874295
0.875214
0.878939
0.889284
0.879913
0.867379
0.891030
0.875340
0.877849
0.877294
0.885311
0.874126
0.883949
0.881768
0.886836
0.880409
0.887445
0.883568
0.883025
0.888369
0.886040
0.890903
0.881466
0.893693
0.885783
0.889810
0.877929
0.896295
0.885245
0.891656
0.876400
0.874158
0.874311
0.870600
0.876113
0.877526
0.877480
0.872001
0.875767
0.878289
0.888805
0.889476
0.889459
0.897067
0.893087
0.890574
0.893059
0.895124
0.891558
0.898946
0.905254
0.903838
0.893477
0.892920
0.889429
0.896411
0.896982
0.890058
0.892851
0.893588
0.897321
0.897401
0.893793
0.886937
0.885190
0.884023
0.884114
0.854489
0.889541
0.874922
0.905221
0.901921
0.901588
0.894132
0.888603
0.896936
0.899214
0.895499
0.884739
0.885771
0.885552
0.884506
0.884494
0.886575
0.893244
0.883826
0.885143
0.876145
0.887799
0.889325
0.886260
0.889832
0.886956
0.884009
0.883666
0.888477
0.901932
0.905468
0.896629
0.899465
0.892703
0.854465
0.879228
0.884104
0.876373
0.881008
0.869774
0.873720
0.879254
0.873504
0.877953
0.883472
0.868934
0.871690
0.877799
0.878611
0.874776
0.872370
0.871821
0.884571
0.877644
0.887303
0.886876
0.883664
0.876035
0.876853
0.878847
0.878677
0.881242
0.879389
0.888920
0.869257
0.871788
0.884189
0.868844
0.872912
0.873740
0.875823
0.879966
0.878029
0.893279
0.889109
0.884852
0.877141
0.876993
0.874231
0.873084
0.877633
0.875711
0.873502
0.866793
0.853685
0.866810
0.855114
0.870579
0.886978
0.881102
0.887493
0.876334
0.882469
0.885557
0.865030
0.865847
0.873670
0.861507
0.873329
0.892095
0.880440
0.884300
0.883977
0.862266
0.889176
0.879986
0.861491
0.844358
0.857370
0.838574
0.846689
0.843792
0.832721
0.867263
0.883792
0.874435
0.859910
0.877599
0.880847
0.881166
0.853824
0.875597
0.861660
0.858178
0.881560
0.878174
0.877591
0.883831
0.881500
0.881778
0.885078
0.881323
0.881413
0.882926
0.880403
0.881277
0.881849
0.872094
0.877094
0.880456
0.878421
0.877058
0.874338
0.879667
0.878489
0.879713
0.880013
0.877922
0.879244
0.885234
0.880347
0.874185
0.878750
0.880829
0.870695
0.870704
0.880707
0.868416
0.869900
0.887381
0.878403
0.889587
0.885557
0.888124
0.888291
0.880958
0.882485
0.891194
0.878974
0.887759
0.884103
0.882676
0.884615
0.875573
0.880129
0.880921
0.879089
0.876919
0.877539
0.877381
0.880074
0.877046
0.886455
0.883649
0.886071
0.877541
0.873397
0.872704
0.880722
0.871796
0.872407
0.871189
0.849917
0.863242
0.861584
0.878332
0.879732
0.879399
0.881407
0.885984
0.878851
0.880085
0.884748
0.878155
0.885004
0.885553
0.882280
0.879478
0.878175
0.880440
0.883434
0.882519
0.880629
0.882077
0.882459
0.882934
0.877014
0.882228
0.876587
0.877955
0.873073
0.879711
0.885020
0.879457
0.874122
0.871730
0.878176
0.869619
0.884814
0.885064
0.876758
0.880078
0.863182
0.854516
0.854665
0.878839
0.877202
0.881259
0.882890
0.881887
0.877270
0.878481
0.875512
0.877294
0.887493
0.880683
0.887079
0.886440
0.882712
0.881168
0.891687
0.892604
0.887055
0.884833
0.883238
0.884260
0.890831
0.886198
0.891479
0.891381
0.879195
0.876158
0.883311
0.881321
0.875884
0.880619
0.858273
0.872593
0.856124
0.889765
0.890435
0.892474
0.889079
0.893010
0.888736
0.886366
0.886258
0.886639
0.885238
0.884262
0.884679
0.887275
0.885425
0.886534
0.885856
0.888830
0.889815
0.886248
0.888544
0.889358
0.888560
0.889440
0.887937
0.882236
0.891424
0.886782
0.886428
0.855454
0.857164
0.884904
0.888642
0.884912
0.882144
0.878895
0.878416
0.880875
0.882453
0.886654
0.883410
0.879825
0.882567
0.884876
0.881844
0.877903
0.877773
0.883806
0.880726
0.882336
0.880063
0.881350
0.884627
0.884215
0.887338
0.884115
0.883647
0.881894
0.892210
0.882925
0.904482
0.896299
0.891374
0.908522
0.899311
0.920237
0.919712
0.920906
0.917351
0.924751
0.931325
0.924360
0.913127
0.917705
0.900814
0.915362
0.921275
0.907903
0.905825
0.927547
0.924273
0.929384
0.912420
0.916494
0.923804
0.922875
0.903198
0.886244
0.881108
0.895012
0.884509
0.888747
0.881820
0.872575
0.874511
0.901166
0.889675
0.892728
0.893677
0.893551
0.889395
0.903302
0.904938
0.898840
0.901786
0.919059
0.901509
0.901064
0.911678
0.889214
0.902283
0.912068
0.892198
0.899698
0.915727
0.921844
0.919406
0.912205
0.919615
0.907770
0.905706
0.900481
0.902787
0.923885
0.919322
0.920288
0.920135
0.921854
0.919500
0.916785
0.923113
0.931548
0.924898
0.931698
0.932239
0.934780
0.937767
0.927375
0.926326
0.913191
0.923552
0.919941
0.908921
0.923892
0.919152
0.905011
0.914544
0.926232
0.929200
0.904600
0.913918
0.912454
0.921864
0.911636
0.914766
0.916663
0.916074
0.923519
0.918480
0.921163
0.899873
0.898365
0.911573
0.916140
0.915923
0.914832
0.914703
0.913455
0.910933
0.913132
0.913798
0.912960
0.914546
0.912472
0.916217
0.901061
0.912239
0.914728
0.912247
0.901835
0.905213
0.930371
0.938108
0.921197
0.917194
0.919068
0.930804
0.926268
0.916262
0.916085
0.925760
0.925961
0.920418
0.928163
0.907833
0.932754
0.932695
0.932791
0.907684
0.900014
0.909315
0.904747
0.915858
0.921750
0.930635
0.911343
0.929965
0.922843
0.923050
0.923803
0.923960
0.928487
0.925343
0.917644
0.920353
0.919056
0.917370
0.923264
0.915597
0.925337
0.917420
0.927952
0.920014
0.920486
0.921228
0.930073
0.923909
0.923618
0.931192
0.922659
0.917966
0.920801
0.921382
0.919663
0.924980
0.924757
0.894719
0.909453
0.894068
0.914788
0.917320
0.916800
0.913416
0.918771
0.931867
0.927123
0.923683
0.927075
0.919459
0.919520
0.932484
0.904720
0.904256
0.911035
0.915126
0.911329
0.912283
0.912924
0.926202
0.904310
0.924091
0.927185
0.924436
0.901511
0.905446
0.904913
0.925431
0.921614
0.917750
0.918814
0.917627
0.938271
0.907012
0.900580
0.898575
0.895584
0.903468
0.912613
0.897870
0.897175
0.898224
0.900277
0.913121
0.917054
0.914661
0.894418
0.910783
0.913865
0.915072
0.915082
0.913105
0.908559
0.911661
0.916246
0.920964
0.895499
0.894417
0.906521
0.893101
0.906971
0.918963
0.918920
0.895979
0.894139
0.896633
0.893690
0.894511
0.892504
0.912852
0.916898
0.923027
0.914770
0.915133
0.924857
0.922180
0.925512
0.920009
0.913705
0.913636
0.919278
0.921871
0.910377
0.918292
0.913855
0.918008
0.917036
0.924555
0.923241
0.917619
0.925124
0.925422
0.923450
0.915753
0.914390
0.912310
0.932231
0.316781
0.356904
0.335920
0.399484
0.360046
0.380144
0.365736
0.351480
0.324385
0.316725
0.421910
0.442926
0.419656
0.470652
0.446793
0.410047
0.408157
0.350196
0.401738
0.376768
0.463067
0.440648
0.439572
0.455070
0.445075
0.496978
0.512040
0.515491
0.386924
0.389464
0.311570
0.353764
0.310215
0.263478
0.374758
0.393804
0.443453
0.405819
0.376416
0.361522
0.372305
0.379929
0.428662
0.418733
0.341589
0.450945
0.449604
0.484897
0.474075
0.508234
0.535223
0.529053
0.517198
0.483201
0.629924
0.581596
0.580085
0.535725
0.574126
0.566605
0.610048
0.672917
0.651826
0.588310
0.655952
0.463989
0.535136
0.408394
0.515280
0.476981
0.452550
0.509308
0.537667
0.650011
0.604213
0.573260
0.611457
0.637037
0.617937
0.574423
0.502719
0.661184
0.708375
0.656789
0.730769
0.707552
0.731874
0.662816
0.696926
0.657897
0.629261
0.743836
0.744162
0.732189
0.691241
0.673128
0.703757
0.775737
0.742426
0.770078
0.661711
0.614740
0.590318
0.633074
0.549906
0.507347
0.612741
0.632279
0.562271
0.518069
0.609866
0.414515
0.697044
0.653547
0.649014
0.683962
0.681241
0.588811
0.666706
0.542313
0.715296
0.713286
0.753191
0.736596
0.758565
0.776700
0.755581
0.742061
0.777195
0.777982
0.755954
0.712769
0.724517
0.733954
0.735825
0.672893
0.698229
0.643593
0.668540
0.625471
0.556945
0.700906
0.776139
0.757603
0.630836
0.570920
0.605580
0.525660
0.531404
0.474904
0.360635
0.482677
0.578371
0.501337
0.447730
0.452152
0.406023
0.425365
0.479287
0.408357
0.436045
0.527739
0.472025
0.390695
0.359458
0.369107
0.338491
0.380485
0.351814
0.381271
0.408413
0.349406
0.369561
0.355304
0.332937
0.300222
0.331662
0.394377
0.369116
0.399707
0.352614
0.324332
0.345168
0.298360
0.274368
0.287587
0.421975
0.414420
0.487408
0.482114
0.543421
0.544220
0.680126
0.481857
0.405418
0.659035
0.621064
0.596912
0.558483
0.525156
0.553682
0.512711
0.592927
0.663086
0.604438
0.482246
0.497914
0.513001
0.508401
0.486053
0.496008
0.522504
0.522667
0.517982
0.546642
0.547002
0.612815
0.577860
0.541666
0.599479
0.553588
0.554517
0.590336
0.573902
0.529998
0.549158
0.532881
0.536564
0.745099
0.712918
0.702025
0.717982
0.723981
0.774019
0.799442
0.648520
0.655781
0.644903
0.671443
0.671269
0.678687
0.595907
0.599594
0.638210
0.602237
0.557551
0.590269
0.547016
0.545574
0.661285
0.658116
0.712136
0.704709
0.624427
0.608508
0.695554
0.714847
0.723575
0.752115
0.628652
0.643817
0.737026
0.680615
0.672147
0.664309
0.586411
0.584259
0.556801
0.508641
0.699624
0.671241
0.661820
0.689253
0.664403
0.628102
0.649748
0.607877
0.674608
0.631112
0.616773
0.732949
0.726727
0.780292
0.775281
0.745565
0.764975
0.740066
0.699427
0.718936
0.792290
0.765899
0.843320
0.766082
0.740627
0.731580
0.770427
0.722404
0.709928
0.712317
0.615876
0.529356
0.673151
0.571789
0.706656
0.695628
0.249591
0.280668
0.246461
0.358694
0.279867
0.404569
0.583347
0.482222
0.258321
0.348696
0.435000
0.408167
0.499930
0.454012
0.430124
0.567033
0.778566
0.693387
0.684274
0.304646
0.391933
0.337123
0.357375
0.355881
0.364939
0.289652
0.324328
0.216161
0.289009
0.295159
0.340430
0.321277
0.343503
0.321831
0.371692
0.330806
0.389471
0.335389
0.353214
0.426383
0.548555
0.647658
0.697309
0.609667
0.459810
0.578014
0.503223
0.348078
0.418658
0.482067
0.376732
0.459957
0.559496
0.314123
0.255381
0.283002
0.352563
0.289580
0.295469
0.325185
0.599940
0.624135
0.631963
0.600531
0.584456
0.583431
0.598161
0.628921
0.585623
0.568918
0.575714
0.573176
0.567110
0.583947
0.572706
0.592580
0.568661
0.584963
0.636797
0.607635
0.582490
0.578152
0.568561
0.586960
0.567429
0.576038
0.589747
0.581117
0.604507
0.588303
0.593551
0.567018
0.577244
0.580316
0.578339
0.568599
0.561967
0.571635
0.566049
0.561685
0.562890
0.560341
0.559157
0.571517
0.573770
0.579543
0.569184
0.582690
0.629615
0.598133
0.624985
0.606594
0.585338
0.609701
0.568442
0.560170
0.704159
0.709612
0.695952
0.681788
0.704942
0.678569
0.715729
0.718192
0.726464
0.667504
0.694772
0.691817
0.673802
0.704414
0.690188
0.725663
0.703394
0.709073
0.742358
0.747067
0.671712
0.664630
0.676969
0.657812
0.690842
0.686332
0.660021
0.659823
0.660676
0.656395
0.698793
0.710848
0.642096
0.627995
0.623385
0.617538
0.657784
0.648758
0.644395
0.639464
0.611548
0.607650
0.599320
0.597966
0.650431
0.661968
0.652673
0.641723
0.697955
0.685936
0.661379
0.652330
0.624604
0.631241
0.628006
0.615031
0.717150
0.702870
0.724259
0.712133
0.737815
0.730380
0.719426
0.717731
0.718632
0.715449
0.747345
0.737004
0.746631
0.739700
0.741474
0.753712
0.726048
0.721690
0.718186
0.718561
0.740376
0.739819
0.712277
0.701873
0.727833
0.752251
0.743254
0.747814
0.701964
0.707620
0.667302
0.666901
0.700620
0.692494
0.670507
0.664557
0.636754
0.634603
0.654460
0.654535
0.691259
0.687188
0.676899
0.660785
0.680810
0.655596
0.622221
0.631124
0.629169
0.588162
0.570607
0.581511
0.594485
0.595872
0.605001
0.579253
0.569219
0.585583
0.615760
0.602306
0.614490
0.624651
0.620380
0.599951
0.593950
0.615960
0.578486
0.559606
0.571058
0.632779
0.632692
0.621794
0.632103
0.624601
0.615655
0.619132
0.620472
0.606190
0.605870
0.610701
0.611311
0.627240
0.645263
0.639075
0.660899
0.634967
0.636862
0.648903
0.656666
0.658410
0.657717
0.665636
0.631636
0.625198
0.615992
0.644071
0.628910
0.590095
0.605535
0.598955
0.619137
0.624665
0.592283
0.651557
0.668266
0.622859
0.622552
0.625028
0.638207
0.617813
0.597903
0.613329
0.630185
0.610765
0.568902
0.592501
0.594553
0.583177
0.558670
0.582393
0.573401
0.549194
0.605136
0.631015
0.623462
0.564371
0.582634
0.558730
0.574196
0.555446
0.552304
0.559909
0.569952
0.555219
0.537217
0.538037
0.544359
0.583180
0.584690
0.591760
0.594599
0.592374
0.579171
0.590833
0.598294
0.596588
0.612015
0.610758
0.594646
0.596372
0.620527
0.611437
0.618409
0.633244
0.628007
0.646190
0.633174
0.627901
0.635479
0.616435
0.614185
0.695567
0.651871
0.653262
0.650916
0.692430
0.680736
0.651423
0.653241
0.657760
0.636970
0.674219
0.669739
0.684940
0.674509
0.681006
0.699587
0.656970
0.652009
0.647095
0.643998
0.654423
0.645748
0.641429
0.639514
0.643416
0.641006
0.664205
0.661805
0.638097
0.658948
0.631809
0.642739
0.639559
0.639813
0.618967
0.632064
0.623982
0.597468
0.622458
0.678126
0.636031
0.628063
0.615219
0.621397
0.649784
0.617496
0.580576
0.599037
0.593128
0.866305
0.855215
0.844303
0.828315
0.840684
0.861095
0.845008
0.823859
0.819347
0.818140
0.842894
0.829238
0.829759
0.833404
0.844111
0.838236
0.867240
0.855575
0.825717
0.825381
0.838883
0.847614
0.849929
0.840718
0.830381
0.846306
0.854983
0.843500
0.840442
0.836270
0.847808
0.842602
0.855851
0.846599
0.856295
0.861114
0.856599
0.862213
0.853071
0.856872
0.845408
0.848868
0.840469
0.852502
0.843850
0.857004
0.849416
0.851456
0.837711
0.857254
0.848589
0.849044
0.858950
0.854607
0.847242
0.837643
0.850935
0.852476
0.849030
0.849717
0.850113
0.846553
0.840110
0.844899
0.831171
0.839459
0.818134
0.830966
0.834889
0.837118
0.830562
0.831127
0.841978
0.844990
0.834811
0.848406
0.833570
0.836127
0.835937
0.830410
0.830248
0.848981
0.857381
0.840172
0.824177
0.837761
0.832610
0.823842
0.825866
0.842031
0.854828
0.851806
0.844041
0.837280
0.827303
0.822770
0.817348
0.836522
0.832580
0.834990
0.829115
0.848421
0.851111
0.830629
0.821759
0.835176
0.820181
0.835012
0.833799
0.830710
0.839726
0.836034
0.834283
0.843183
0.849580
0.853089
0.829392
0.828478
0.822870
0.829059
0.853599
0.851653
0.863729
0.856437
0.855090
0.837826
0.838153
0.858501
0.832645
0.840559
0.831747
0.860815
0.868500
0.866509
0.873285
0.876807
0.869294
0.865041
0.853254
0.850724
0.854452
0.854571
0.844724
0.866911
0.854832
0.857403
0.856900
0.859536
0.880020
0.883470
0.860402
0.854362
0.858762
0.842353
0.852212
0.856336
0.845521
0.859629
0.868862
0.856628
0.854025
0.867731
0.856802
0.861476
0.847902
0.857802
0.853847
0.830633
0.838644
0.839858
0.823310
0.842215
0.837854
0.835379
0.838100
0.830546
0.835615
0.835300
0.840303
0.846223
0.844496
0.821990
0.856462
0.853370
0.838730
0.850050
0.844748
0.841812
0.852912
0.860513
0.831471
0.829298
0.829318
