0.598088
0.623948
0.710973
0.661359
0.638492
0.710597
0.729469
0.692237
0.741549
0.627882
0.713856
0.728908
0.692273
0.724603
0.725002
0.742386
0.734726
0.740495
0.754388
0.740611
0.747756
0.706604
0.748617
0.619293
0.691206
0.651176
0.586944
0.617682
0.587963
0.627679
0.592237
0.555603
0.664528
0.611093
0.700713
0.764233
0.691529
0.641705
0.598452
0.589908
0.585399
0.559644
0.615470
0.606930
0.575348
0.586499
0.501355
0.571943
0.582042
0.545377
0.578558
0.614952
0.562473
0.549954
0.578884
0.581289
0.468495
0.427755
0.506664
0.450684
0.408723
0.493002
0.546532
0.548338
0.579596
0.540118
0.543039
0.497876
0.498832
0.456138
0.395118
0.440675
0.579132
0.619324
0.670409
0.634934
0.626841
0.675173
0.690282
0.658260
0.687478
0.612110
0.665258
0.600266
0.670247
0.592995
0.668209
0.562994
0.613444
0.675773
0.586265
0.638259
0.699447
0.641368
0.699438
0.656806
0.711383
0.491124
0.572285
0.503734
0.483832
0.549430
0.475466
0.594607
0.509932
0.565779
0.493249
0.518978
0.508025
0.450358
0.545990
0.530994
0.476416
0.496527
0.511667
0.539849
0.488028
0.537646
0.539026
0.567689
0.584266
0.541531
0.560631
0.564790
0.584810
0.576379
0.540455
0.469794
0.497979
0.570271
0.518878
0.593456
0.578657
0.585374
0.615338
0.563182
0.601314
0.624557
0.594908
0.671840
0.589764
0.589623
0.488981
0.565736
0.474394
0.467749
0.545876
0.448342
0.403947
0.434575
0.398425
0.413398
0.452098
0.495185
0.410084
0.378188
0.499986
0.433870
0.533321
0.612989
0.534625
0.456241
0.430651
0.477374
0.470635
0.482059
0.480848
0.482241
0.484833
0.533615
0.482112
0.500792
0.607892
0.517462
0.501801
0.520636
0.484966
0.371313
0.396965
0.476590
0.491221
0.421851
0.449428
0.451451
0.521843
0.493105
0.476809
0.473050
0.395545
0.540435
0.479541
0.385651
0.537141
0.539355
0.565674
0.560667
0.573869
0.601517
0.593978
0.580893
0.575147
0.551775
0.509900
0.410725
0.352021
0.480247
0.372145
0.397396
0.387590
0.359704
0.418117
0.407065
0.372658
0.337221
0.404185
0.441937
0.539856
0.461041
0.428879
0.454335
0.425055
0.405231
0.413430
0.422436
0.452382
0.388376
0.398101
0.352612
0.324779
0.336735
0.372526
0.464536
0.456903
0.463489
0.446627
0.426736
0.444834
0.462316
0.476062
0.460826
0.451369
0.218590
0.283103
0.390846
0.404020
0.278693
0.388202
0.277469
0.395641
0.356065
0.388030
0.365801
0.265873
0.431821
0.360801
0.261932
0.433742
0.459203
0.463134
0.456449
0.456416
0.418017
0.457507
0.459179
0.460730
0.417947
0.429983
0.352601
0.385915
0.270191
0.364560
0.438005
0.441659
0.428227
0.428248
0.433717
0.418984
0.434609
0.413186
0.360201
0.395150
0.364423
0.401691
0.376785
0.404091
0.420556
0.407689
0.146038
0.162116
0.085997
0.098431
0.166369
0.098233
0.061352
0.206884
0.071198
0.064926
0.072605
0.066127
0.022937
0.086052
0.062411
0.077546
0.131162
0.099034
0.203436
0.165769
0.002928
0.053943
0.054895
0.067246
0.051634
0.053736
0.101904
0.119107
0.095289
0.060755
0.061123
0.097225
0.166127
0.165496
0.198974
0.166380
0.271055
0.325987
0.256634
0.223199
0.357373
0.285938
0.219117
0.181828
0.250971
0.417173
0.565592
0.449102
0.332048
0.412524
0.281213
0.297314
0.282130
0.249956
0.377597
0.241169
0.226990
0.197413
0.165390
0.171208
0.204556
0.509984
0.399181
0.538513
0.530892
0.392684
0.567773
0.509315
0.563046
0.525026
0.593518
0.481003
0.463752
0.607633
0.535770
0.422257
0.586054
0.341855
0.310425
0.338661
0.547076
0.493706
0.532817
0.502929
0.487406
0.481284
0.496212
0.476284
0.505634
0.483442
0.485704
0.436662
0.503356
0.489603
0.473595
0.454987
0.492239
0.339186
0.245573
0.342776
0.453076
0.447117
0.435552
0.470427
0.379728
0.386199
0.391481
0.468807
0.382830
0.294750
0.324305
0.268443
0.317239
0.267369
0.262344
0.314493
0.316235
0.530908
0.588095
0.542625
0.566725
0.594361
0.561277
0.561517
0.576317
0.577927
0.594912
0.661431
0.610487
0.592813
0.606886
0.591442
0.510687
0.550339
0.553583
0.560882
0.556751
0.563674
0.551361
0.635629
0.589196
0.555450
0.564567
0.528109
0.609368
0.556355
0.518860
0.593038
0.605998
0.617095
0.607234
0.602793
0.549408
0.564721
0.586673
0.594648
0.565868
0.575228
0.548666
0.591922
0.509792
0.562333
0.591328
0.599063
0.592679
0.596726
0.604171
0.597353
0.604147
0.585384
0.619588
0.600178
0.631370
0.656083
0.613610
0.633777
0.654041
0.609773
0.647188
0.708550
0.628178
0.612655
0.654100
0.662023
0.635726
0.650945
0.658367
0.637035
0.635651
0.631300
0.570741
0.618255
0.571429
0.622320
0.584856
0.674549
0.622436
0.641926
0.455495
0.525039
0.537209
0.485419
0.519039
0.549663
0.566944
0.512546
0.569341
0.528417
0.437479
0.477069
0.549110
0.511605
0.568916
0.581146
0.540380
0.596240
0.542386
0.599429
0.501374
0.460547
0.512301
0.471315
0.376809
0.420714
0.376634
0.426216
0.445525
0.487839
0.429410
0.384612
0.516007
0.468659
0.558247
0.518676
0.545981
0.579561
0.681263
0.623976
0.588840
0.685469
0.692296
0.647340
0.694578
0.594849
0.659182
0.626947
0.678101
0.642150
0.693151
0.651320
0.661233
0.711855
0.656488
0.663393
0.701146
0.674351
0.649394
0.719137
0.632808
0.684128
0.611900
0.651545
0.699531
0.625028
0.615865
0.582198
0.615545
0.589277
0.599327
0.619561
0.622503
0.709356
0.643620
0.646061
0.638662
0.628016
0.615049
0.577967
0.638405
0.540545
0.607034
0.467837
0.545389
0.572799
0.499413
0.551119
0.594464
0.549022
0.581964
0.413219
0.377564
0.456762
0.412942
0.369782
0.442583
0.494020
0.488289
0.549919
0.480324
0.517215
0.443180
0.461509
0.435305
0.374001
0.406944
0.393132
0.442193
0.398972
0.417797
0.455242
0.413800
0.360710
0.380992
0.373618
0.467769
0.570972
0.440911
0.422210
0.398440
0.369466
0.300494
0.291778
0.319857
0.343823
0.285000
0.327909
0.296083
0.288306
0.323585
0.321558
0.356588
0.301821
0.397434
0.343456
0.273980
0.400681
0.473142
0.437527
0.478184
0.445263
0.451986
0.477684
0.395176
0.275228
0.344463
0.486373
0.508317
0.469352
0.455698
0.490858
0.497028
0.460906
0.455777
0.233157
0.274420
0.381634
0.406608
0.253505
0.374211
0.199372
0.361591
0.373238
0.282658
0.442928
0.369055
0.288198
0.429043
0.482547
0.451525
0.460534
0.444759
0.432533
0.427439
0.369955
0.409083
0.298136
0.372546
0.055729
0.121045
0.135784
0.121718
0.113829
0.130776
0.161206
0.167325
0.161060
0.114720
0.253806
0.112015
0.132790
0.126330
0.151943
0.198133
0.165756
0.204724
0.224431
0.213573
0.183023
0.120163
0.175806
0.122290
0.114262
0.100809
0.116058
0.102209
0.099544
0.126009
0.107594
0.133419
0.131874
0.116810
0.140364
0.141158
0.538861
0.563949
0.572313
0.539070
0.568159
0.579931
0.548470
0.504699
0.558645
0.556030
0.625498
0.563535
0.580080
0.550311
0.562393
0.328413
0.364988
0.494196
0.501527
0.361912
0.489218
0.352400
0.463604
0.433722
0.480815
0.468992
0.381005
0.518701
0.479175
0.390369
0.527257
0.561525
0.537452
0.560710
0.534065
0.540640
0.577024
0.542085
0.561264
0.550103
0.526643
0.477954
0.498580
0.402404
0.482961
0.590322
0.542842
0.593641
0.573802
0.526542
0.570003
0.540384
0.583815
0.538428
0.568686
0.494542
0.510768
0.556516
0.535893
0.488017
0.555815
0.440746
0.421854
0.460912
0.567223
0.521063
0.559269
0.514806
0.523592
0.560661
0.521857
0.524270
0.525903
0.562540
0.534305
0.554878
0.536881
0.544131
0.625240
0.568558
0.537268
0.122246
0.164976
0.114373
0.082492
0.222516
0.162637
0.111144
0.082841
0.170631
0.281868
0.457557
0.350681
0.242378
0.353236
0.238715
0.310232
0.238886
0.255213
0.375400
0.169653
0.177969
0.112062
0.059615
0.074350
0.120036
0.444052
0.445915
0.455422
0.484411
0.492377
0.489648
0.379784
0.457179
0.409895
0.488821
0.423444
0.486571
0.497536
0.438549
0.480560
0.486625
0.501471
0.570135
0.519061
0.507210
0.384099
0.414570
0.355248
0.349393
0.376784
0.348653
0.340100
0.334913
0.333854
0.316073
0.294664
0.330104
0.309703
0.285817
0.292441
0.351960
0.327809
0.290853
0.265989
0.306536
0.251026
0.153444
0.190503
0.178863
0.218244
0.191258
0.243678
0.329395
0.392096
0.376678
0.380935
0.419914
0.408931
0.372264
0.363791
0.430767
0.445395
0.545189
0.448893
0.435618
0.454154
0.464688
0.479623
0.457890
0.435853
0.327694
0.380904
0.448019
0.449926
0.471320
0.466852
0.465971
0.463169
0.480406
0.482342
0.462536
0.494229
0.498013
0.492673
0.508231
0.498069
0.483529
0.496924
0.355230
0.379474
0.362063
0.429648
0.330485
0.346675
0.413774
0.455450
0.400435
0.269497
0.314596
0.303363
0.342881
0.395012
0.407941
0.396798
0.430073
0.430798
0.425992
0.437027
0.436474
0.449178
0.569731
0.481732
0.429942
0.423144
0.446840
0.411787
0.436623
0.473786
0.434509
0.354555
0.385131
0.435851
0.423782
0.462021
0.477811
0.439997
0.477989
0.471066
0.432283
0.455382
0.577053
0.474989
0.448794
0.574517
0.538033
0.550753
0.615518
0.575361
0.613205
0.352836
0.507050
0.463793
0.570696
0.537595
0.626105
0.609605
0.518309
0.648270
0.683649
0.659261
0.692100
0.622650
0.687175
0.487564
0.551957
0.413074
0.484657
0.572412
0.423153
0.287973
0.336473
0.339258
0.356846
0.328701
0.448966
0.349996
0.354433
0.508718
0.431726
0.578036
0.662699
0.589053
0.485962
0.389847
0.337187
0.405116
0.357768
0.271353
0.359619
0.362927
0.381957
0.335246
0.378755
0.287012
0.343211
0.206435
0.192662
0.201769
0.322338
0.568772
0.455073
0.414865
0.482164
0.444967
0.479614
0.392823
0.427727
0.385968
0.378292
0.399055
0.415160
0.386647
0.405504
0.397094
0.332108
0.374711
0.346202
0.423225
0.367238
0.361107
0.319460
0.367314
0.371726
0.345876
0.432676
0.421825
0.448856
0.448447
0.408520
0.446172
0.426365
0.439627
0.419313
0.428432
0.380084
0.427147
0.402300
0.416314
0.417955
0.433140
0.434968
0.539277
0.403002
0.423142
0.564186
0.547377
0.551144
0.536295
0.566843
0.565073
0.535114
0.598031
0.511042
0.529449
0.524828
0.560147
0.418447
0.496209
0.534645
0.507549
0.495519
0.534325
0.516737
0.540275
0.486283
0.435541
0.502942
0.461951
0.424707
0.520425
0.506481
0.491141
0.494318
0.483031
0.480369
0.484156
0.472855
0.481376
0.482250
0.523714
0.453001
0.445736
0.423949
0.442749
0.482386
0.483956
0.487617
0.514838
0.498870
0.510765
0.530993
0.502918
0.545594
0.522411
0.557436
0.559923
0.543987
0.561806
0.536273
0.528659
0.550212
0.559551
0.534771
0.517859
0.602818
0.612821
0.571427
0.605102
0.636101
0.586016
0.565170
0.574670
0.599232
0.594520
0.645593
0.629933
0.461473
0.510925
0.472528
0.472527
0.503890
0.479929
0.470869
0.477239
0.446967
0.472707
0.438117
0.422247
0.465005
0.409984
0.430073
0.403409
0.443688
0.451960
0.419852
0.458134
0.473695
0.463447
0.557826
0.468543
0.458888
0.462263
0.447464
0.493382
0.509241
0.450252
0.486165
0.532923
0.529221
0.517667
0.440196
0.468289
0.516588
0.546287
0.552370
0.550376
0.558912
0.531619
0.605335
0.534086
0.536499
0.328764
0.279312
0.324342
0.384867
0.268285
0.301439
0.383977
0.430715
0.341838
0.267819
0.283898
0.318693
0.303252
0.346809
0.312240
0.361614
0.368361
0.386145
0.432194
0.390035
0.407329
0.403742
0.409854
0.413013
0.327423
0.355132
0.317143
0.368416
0.272811
0.297951
0.371733
0.317605
0.317565
0.382363
0.335546
0.383054
0.480302
0.432989
0.522958
0.500529
0.346872
0.417826
0.505867
0.490931
0.391595
0.296230
0.232350
0.260178
0.345029
0.243977
0.308215
0.186201
0.232588
0.297740
0.231634
0.286239
0.360200
0.319803
0.416459
0.482258
0.213619
0.255043
0.230560
0.264780
0.307523
0.316687
0.191731
0.271668
0.326774
0.544414
0.390967
0.509678
0.397091
0.419520
0.354077
0.324292
0.359261
0.278005
0.311318
0.370973
0.324616
0.229913
0.185212
0.236281
0.267456
0.240514
0.279954
0.252006
0.294587
0.273217
0.241303
0.332850
0.310859
0.374306
0.368928
0.145307
0.190762
0.174732
0.208528
0.234718
0.247311
0.179012
0.221223
0.262758
0.328692
0.308167
0.278359
0.376992
0.381091
0.349673
0.345211
0.387588
0.359374
0.328518
0.314028
0.312374
0.322859
0.310282
0.326574
0.305249
0.326814
0.324247
0.303483
0.340055
0.357146
0.390971
0.382178
0.323359
0.335261
0.351513
0.343982
0.345537
0.349235
0.375322
0.371736
0.361752
0.326708
0.340881
0.350756
0.393551
0.396435
0.410625
0.410726
0.220487
0.203870
0.210339
0.250666
0.189190
0.200439
0.208814
0.255900
0.214284
0.170623
0.187329
0.190045
0.185705
0.236787
0.214624
0.236780
0.249309
0.228242
0.272235
0.246850
0.284017
0.244060
0.264498
0.220715
0.199948
0.217374
0.194189
0.208601
0.153707
0.156662
0.199331
0.187606
0.187520
0.226770
0.213707
0.242306
0.186941
0.205853
0.162559
0.180706
0.198793
0.157451
0.147283
0.165545
0.166004
0.164981
0.149170
0.140723
0.110094
0.127236
0.128789
0.121120
0.138409
0.154152
0.155378
0.185729
0.129512
0.125075
0.133245
0.130347
0.133930
0.144824
0.131653
0.130777
0.143977
0.177713
0.170877
0.165723
0.155836
0.191216
0.116457
0.155016
0.188564
0.158632
0.100388
0.086454
0.090428
0.123692
0.085609
0.115760
0.101751
0.130468
0.123839
0.076150
0.166391
0.151068
0.207039
0.196932
0.086389
0.093621
0.095103
0.103769
0.092514
0.105636
0.087811
0.084402
0.107021
0.134816
0.125879
0.120123
0.572740
0.607952
0.580702
0.606123
0.571297
0.570528
0.598784
0.673396
0.628221
0.628266
0.590235
0.588507
0.434968
0.446479
0.531678
0.561795
0.430982
0.518775
0.424543
0.512983
0.546074
0.478429
0.586631
0.541624
0.500234
0.581431
0.621233
0.615408
0.621952
0.605428
0.573007
0.573647
0.577395
0.609866
0.554775
0.560973
0.523833
0.583543
0.510037
0.529214
0.641846
0.600141
0.647562
0.634848
0.611569
0.634229
0.602344
0.640923
0.606001
0.635992
0.611515
0.613742
0.499282
0.657762
0.588410
0.650902
0.611210
0.613576
0.590152
0.463175
0.558562
0.489922
0.500837
0.527712
0.560256
0.535558
0.520584
0.499773
0.439625
0.458204
0.189686
0.191738
0.232998
0.224666
0.204892
0.269230
0.269524
0.413157
0.279025
0.275329
0.283743
0.295019
0.365961
0.382821
0.355238
0.336663
0.339658
0.293199
0.253020
0.247343
0.335750
0.417035
0.287620
0.343605
0.418909
0.312212
0.312423
0.272995
0.351747
0.311485
0.343230
0.373231
0.315964
0.375590
0.372150
0.320711
0.397828
0.539196
0.432462
0.353944
0.480323
0.367508
0.467861
0.371682
0.323943
0.340911
0.475297
0.582182
0.488930
0.387193
0.469163
0.363731
0.419280
0.421176
0.344650
0.457471
0.386302
0.324239
0.305873
0.269281
0.583522
0.507335
0.573739
0.578056
0.506348
0.573027
0.512747
0.584119
0.515073
0.589124
0.420190
0.458910
0.560472
0.509978
0.454703
0.564192
0.462103
0.572825
0.491749
0.569753
0.462301
0.466067
0.480730
0.482127
0.477477
0.503566
0.531082
0.488892
0.514560
0.497127
0.489409
0.484470
0.488514
0.452691
0.495320
0.460278
0.507418
0.420027
0.496252
0.569300
0.566944
0.586634
0.494271
0.391813
0.450802
0.482869
0.437260
0.484230
0.485535
0.430647
0.441894
0.485095
0.425827
0.440091
0.543691
0.449364
0.422146
0.470607
0.406912
0.412079
0.465275
0.429120
0.481483
0.431461
0.518930
0.545737
0.500545
0.474363
0.430646
0.503214
0.408765
0.422955
0.378844
0.449921
0.436306
0.650758
0.613572
0.674483
0.623816
0.603819
0.645713
0.664822
0.711016
0.712250
0.671531
0.671165
0.656188
0.601900
0.671817
0.684578
0.625144
0.608215
0.661384
0.665695
0.673996
0.675173
0.674742
0.720254
0.672861
0.739771
0.642615
0.667227
0.712228
0.673911
0.677638
0.683579
0.698176
0.750972
0.701866
0.696379
0.627537
0.641609
0.655589
0.641288
0.645757
0.660663
0.700660
0.650277
0.698989
0.678157
0.624527
0.666945
0.693928
0.693350
0.662838
0.677372
0.652964
0.695025
0.653963
0.669864
0.707517
0.672188
0.698095
0.674231
0.662266
0.671270
0.700998
0.666117
0.645559
0.635546
0.632315
0.614536
0.647123
0.589480
0.730331
0.674259
0.671235
0.757001
0.625407
0.644570
0.663067
0.663684
0.604077
0.665512
0.504056
0.647216
0.629435
0.611174
0.721659
0.645937
0.734471
0.641953
0.666518
0.636212
0.650872
0.602694
0.724054
0.681863
0.592457
0.682918
0.710687
0.671909
0.668647
0.577959
0.681503
0.620141
0.695166
0.665284
0.700591
0.636009
0.717068
0.697408
0.721916
0.701060
0.738560
0.614260
0.626399
0.685469
0.663043
0.575788
0.658652
0.482925
0.594496
0.629169
0.641688
0.663328
0.637347
0.666961
0.673439
0.661286
0.651711
0.666583
0.658805
0.614816
0.663596
0.660978
0.668118
0.687765
0.686605
0.652648
0.717626
0.662623
0.624885
0.681734
0.642536
0.688688
0.698173
0.650034
0.708443
0.635834
0.696798
0.656432
0.705038
0.705768
0.651808
0.712011
0.653839
0.692175
0.584896
0.576252
0.539142
0.535428
0.562899
0.532974
0.476669
0.479663
0.449884
0.407841
0.613358
0.619130
0.571868
0.653754
0.668077
0.666497
0.646468
0.649387
0.720611
0.678485
0.660855
0.680669
0.700533
0.644555
0.644578
0.717599
0.681549
0.578184
0.519377
0.628946
0.595120
0.561046
0.606417
0.603598
0.635700
0.607537
0.617015
0.629462
0.593076
0.647222
0.614711
0.667022
0.556785
0.590925
0.517022
0.537391
0.634727
0.594465
0.618921
0.588375
0.583596
0.567586
0.542166
0.519088
0.568768
0.588286
0.587180
0.594400
0.586753
0.642844
0.562061
0.563363
0.583556
0.599797
0.703018
0.635302
0.618750
0.599966
0.584830
0.508301
0.499708
0.577655
0.566934
0.484978
0.574746
0.468352
0.463435
0.549046
0.540316
0.559623
0.583407
0.594651
0.566006
0.606189
0.605114
0.658741
0.608686
0.680300
0.628735
0.618688
0.678482
0.638792
0.671192
0.630217
0.627165
0.605027
0.663580
0.618639
0.594979
0.671665
0.678543
0.686952
0.638135
0.624341
0.649943
0.634039
0.651275
0.617341
0.645708
0.601010
0.655631
0.639336
0.610260
0.638687
0.653652
0.636262
0.666569
0.626055
0.634393
0.627242
0.587595
0.628334
0.578259
0.569953
0.579909
0.572420
0.562918
0.540953
0.543313
0.562211
0.580600
0.564899
0.545040
0.545313
0.589674
0.378310
0.399005
0.437841
0.422943
0.426856
0.472376
0.432374
0.427854
0.460835
0.477954
0.609222
0.512724
0.508620
0.497194
0.485643
0.485528
0.474262
0.503023
0.523996
0.453095
0.459074
0.404333
0.410019
0.414011
0.423850
0.557577
0.582901
0.541837
0.591213
0.609583
0.575853
0.558614
0.511623
0.571991
0.541975
0.594088
0.625659
0.600727
0.628314
0.637304
0.607489
0.638027
0.687204
0.618304
0.610837
0.386755
0.401676
0.368837
0.348757
0.428628
0.396701
0.370816
0.354470
0.394903
0.474068
0.592119
0.520820
0.439360
0.525788
0.434620
0.505815
0.489859
0.433938
0.521041
0.455308
0.394042
0.427326
0.432599
0.358076
0.369357
0.607782
0.579602
0.598879
0.605146
0.596688
0.604337
0.543964
0.589562
0.570884
0.608361
0.568597
0.596658
0.621814
0.587801
0.589316
0.612777
0.589247
0.659028
0.608777
0.617005
0.593391
0.613120
0.577134
0.607555
0.620519
0.587520
0.524562
0.539383
0.522238
0.556315
0.588714
0.541348
0.626817
0.641390
0.636832
0.493417
0.499801
0.465603
0.468961
0.483325
0.445629
0.436547
0.440333
0.438756
0.446083
0.390249
0.416697
0.558293
0.594988
0.567553
0.599785
0.582123
0.550816
0.574180
0.605752
0.556373
0.561182
0.618406
0.536046
0.527736
0.542564
0.527760
0.540109
0.553461
0.560420
0.605643
0.581542
0.564504
0.560428
0.520496
0.526317
0.532192
0.560537
0.515721
0.561608
0.500635
0.554403
0.541830
0.486262
0.525280
0.517927
0.500530
0.498328
0.542660
0.531841
0.530179
0.546215
0.536980
0.532507
0.533436
0.548541
0.539043
0.582635
0.612622
0.558772
0.598022
0.558458
0.585158
0.565423
0.553700
0.587181
0.563249
0.537743
0.572781
0.621219
0.563123
0.543934
0.618337
0.582805
0.563392
0.555511
0.510814
0.548372
0.548628
0.550435
0.583639
0.554409
0.585194
0.602284
0.595979
0.567762
0.561564
0.564418
0.606581
0.572283
0.573363
0.608369
0.543220
0.580934
0.573940
0.600162
0.562978
0.557217
0.588994
0.540447
0.524641
0.609651
0.585525
0.577877
0.606892
0.573616
0.564712
0.565500
0.585503
0.596711
0.565786
0.579919
0.571390
0.572775
0.593700
0.577512
0.583292
0.591257
0.605218
0.584922
0.592378
0.603299
0.610505
0.600414
0.641633
0.593525
0.570117
0.616784
0.566051
0.542972
0.584619
0.533130
0.566326
0.597317
0.581094
0.587176
0.565613
0.592971
0.565601
0.573247
0.561608
0.590289
0.566626
0.554533
0.561669
0.550871
0.570616
0.566074
0.572895
0.569269
0.569129
0.504750
0.531542
0.565996
0.624459
0.490452
0.550021
0.527959
0.522263
0.529300
0.526162
0.525991
0.532031
0.528845
0.537929
0.531399
0.602371
0.541597
0.600096
0.529028
0.569581
0.550461
0.572897
0.623320
0.562880
0.514707
0.569450
0.523160
0.528008
0.569771
0.551859
0.570221
0.639961
0.610160
0.622192
0.586825
0.521981
0.608361
0.484329
0.578669
0.436165
0.521816
0.549541
0.462099
0.553243
0.559736
0.524270
0.580172
0.369418
0.344815
0.399472
0.367520
0.349731
0.396977
0.544589
0.436000
0.537845
0.430904
0.491868
0.483711
0.425055
0.531111
0.448482
0.397633
0.421905
0.391989
0.344514
0.366668
0.628090
0.565553
0.637396
0.651355
0.572565
0.654752
0.663242
0.658616
0.659689
0.658180
0.571103
0.634967
0.343257
0.381562
0.385548
0.397359
0.430505
0.332893
0.427662
0.377491
0.440416
0.409809
0.446148
0.428156
0.557012
0.494090
0.448749
0.496334
0.497513
0.528623
0.532888
0.563799
0.555887
0.455559
0.431794
0.471859
0.478106
0.468394
0.494953
0.560236
0.489928
0.588852
0.520862
0.526119
0.617293
0.508022
0.498725
0.493002
0.673653
0.639848
0.655008
0.633579
0.621663
0.627833
0.591416
0.618222
0.597151
0.633197
0.603731
0.645307
0.651920
0.635072
0.635057
0.655986
0.622799
0.640708
0.517946
0.615359
0.517240
0.613199
0.612759
0.528815
0.646885
0.630572
0.642165
0.434832
0.423224
0.411749
0.393258
0.421761
0.379030
0.345902
0.361364
0.370768
0.378897
0.396140
0.398978
0.449824
0.408717
0.426315
0.470215
0.433014
0.436764
0.311263
0.378148
0.341735
0.403887
0.438264
0.385737
0.463238
0.470314
0.481524
0.374788
0.308393
0.355490
0.302060
0.258060
0.232989
0.195660
0.208023
0.264340
0.267398
0.336871
0.333915
0.167780
0.154297
0.247333
0.210490
0.132369
0.146887
0.170950
0.218188
0.287434
0.250304
0.285856
0.303478
0.253065
0.181470
0.240807
0.172603
0.120634
0.117617
0.138132
0.115511
0.200769
0.166607
0.273883
0.232884
0.247384
0.324759
0.283971
0.340726
0.348474
0.311386
0.290579
0.318213
0.333189
0.369770
0.492923
0.406788
0.339064
0.428390
0.347751
0.345038
0.421941
0.280134
0.203898
0.257659
0.470700
0.483087
0.515641
0.511480
0.426916
0.461210
0.436539
0.491403
0.509999
0.534024
0.527157
0.464299
0.558463
0.554322
0.583403
0.549369
0.444540
0.503231
0.415021
0.437867
0.491727
0.402343
0.399348
0.388653
0.376568
0.379084
0.396643
0.386258
0.420539
0.525857
0.453581
0.387518
0.389244
0.385148
0.402313
0.395409
0.387762
0.340236
0.399973
0.336158
0.388479
0.354764
0.406052
0.674166
0.634037
0.595868
0.598219
0.622153
0.635320
0.608427
0.605370
0.585575
0.582071
0.577392
0.573128
0.573668
0.597293
0.609034
0.618727
0.654298
0.599801
0.664969
0.615692
0.662289
0.691448
0.645902
0.602936
0.679858
0.636599
0.684022
0.664668
0.654434
0.650862
0.543229
0.600036
0.594004
0.656275
0.620890
0.680487
0.519571
0.517117
0.557233
0.507513
0.520540
0.543540
0.632349
0.539839
0.516548
0.625419
0.578582
0.518079
0.535390
0.604100
0.586769
0.626296
0.582570
0.573443
0.567211
0.604675
0.579561
0.563405
0.620706
0.581920
0.624897
0.581727
0.626036
0.585901
0.679827
0.631636
0.693691
0.671873
0.612526
0.650475
0.654217
0.692590
0.629744
0.676769
0.639936
0.637348
0.633323
0.670755
0.641486
0.629657
0.627351
0.666869
0.580177
0.539693
0.582120
0.535756
0.515708
0.514283
0.509922
0.496684
0.480828
0.502061
0.516693
0.558683
0.527095
0.521635
0.505889
0.481863
0.507429
0.484794
0.456928
0.454473
0.447592
0.462852
0.459730
0.454333
0.462869
0.463567
0.493906
0.461797
0.453099
0.484428
0.485600
0.500102
0.509664
0.490167
0.481660
0.509191
0.469280
0.466127
0.487540
0.539984
0.514343
0.530352
0.526852
0.487842
0.528413
0.539719
0.535913
0.538286
0.528658
0.536952
0.533834
0.122629
0.116883
0.114542
0.179859
0.180170
0.175072
0.085571
0.105841
0.137903
0.167077
0.340311
0.394919
0.263445
0.236128
0.391417
0.270298
0.385678
0.475407
0.281152
0.272583
0.250695
0.372368
0.153905
0.237402
0.360726
0.146969
0.089727
0.086683
0.075002
0.077187
0.140078
0.132255
0.240790
0.436919
0.341360
0.230719
0.560883
0.609288
0.615777
0.582980
0.612848
0.602420
0.605369
0.562691
0.610421
0.614726
0.657850
0.568804
0.606500
0.552392
0.602050
0.585818
0.538245
0.601554
0.552574
0.591301
0.482085
0.499156
0.464863
0.479094
0.566621
0.527058
0.562347
0.502996
0.477398
0.498019
0.481860
0.531092
0.476721
0.454100
0.416546
0.417167
0.572098
0.536977
0.589636
0.561143
0.545701
0.587321
0.613335
0.601058
0.620358
0.610084
0.598255
0.592986
0.605222
0.624764
0.575846
0.580473
0.557933
0.627438
0.550157
0.562020
0.640687
0.654903
0.623374
0.651934
0.658962
0.626419
0.615485
0.614413
0.622882
0.613879
0.636431
0.629939
0.652331
0.702837
0.658219
0.647427
0.572916
0.606154
0.628847
0.603602
0.627434
0.662572
0.638492
0.606882
0.683389
0.615105
0.496659
0.674254
0.707173
0.737971
0.735362
0.783512
0.740275
0.747849
0.758013
0.678964
0.690666
0.628845
0.676168
0.615555
0.638533
0.561926
0.586553
0.649584
0.654858
0.584691
0.645292
0.675830
0.679127
0.684740
0.587341
0.582220
0.623642
0.639636
0.666578
0.687427
0.763392
0.734249
0.732347
0.725752
0.702218
0.710591
0.694577
0.729728
0.698936
0.697223
0.124576
0.424976
0.414661
0.271138
0.488213
0.498558
0.429074
0.305624
0.504559
0.499189
0.537937
0.535798
0.574353
0.552973
0.590719
0.592730
0.576502
0.596386
0.523594
0.518106
0.425841
0.319298
0.451861
0.607159
0.627547
0.585224
0.614251
0.618548
0.595391
0.571631
0.589919
0.594078
0.584046
0.592198
0.590200
0.594032
0.652772
0.606310
0.598896
0.270579
0.205108
0.210089
0.294184
0.132886
0.125856
0.188766
0.287584
0.134967
0.089381
0.212604
0.069930
0.080862
0.067811
0.079597
0.073200
0.060949
0.106317
0.277275
0.180818
0.030843
0.081392
0.119546
0.135863
0.071934
0.118518
0.175724
0.192027
0.166607
0.072485
0.114752
0.169723
0.342602
0.238271
0.338022
0.253071
0.352337
0.457042
0.271978
0.262232
0.380118
0.416022
0.386684
0.360372
0.422365
0.416959
0.398935
0.367756
0.420937
0.440440
0.559269
0.466611
0.438108
0.468937
0.446906
0.446979
0.462298
0.423182
0.384503
0.404845
0.462563
0.468584
0.434831
0.440376
0.476104
0.473023
0.468417
0.444324
0.387010
0.421270
0.389127
0.375761
0.417248
0.467923
0.427857
0.477406
0.462088
0.480830
0.471295
0.488783
0.446911
0.499644
0.491814
0.481000
0.470805
0.485638
0.417942
0.426573
0.447296
0.449231
0.448723
0.421222
0.418727
0.429579
0.451330
0.424624
0.378960
0.409260
0.378217
0.397343
0.379104
0.379559
0.397716
0.397331
0.455735
0.415723
0.402556
0.452568
0.382297
0.363674
0.403316
0.464382
0.359113
0.356235
0.350504
0.341216
0.338863
0.332455
0.330028
0.337968
0.320460
0.351130
0.446024
0.407270
0.368452
0.355241
0.369618
0.380995
0.356943
0.370689
0.394245
0.415584
0.393662
0.361151
0.380216
0.407399
0.480683
0.443813
0.488504
0.444861
0.476675
0.486694
0.449056
0.431235
0.547656
0.564386
0.556322
0.573102
0.536159
0.528863
0.536715
0.552022
0.522302
0.503612
0.501716
0.500684
0.489120
0.506391
0.538655
0.523015
0.531130
0.522403
0.510064
0.554525
0.557867
0.539137
0.523576
0.559683
0.588911
0.572855
0.578079
0.576293
0.571280
0.665786
0.586453
0.566817
0.558072
0.557863
0.562949
0.573123
0.559625
0.575672
0.582192
0.586576
0.598020
0.592719
0.596558
0.602880
0.596949
0.594916
0.573219
0.554313
0.586550
0.593599
0.580484
0.587063
0.586249
0.601711
0.605980
0.599188
0.617130
0.604526
0.605303
0.606775
0.613480
0.595468
0.594118
0.580501
0.652171
0.674243
0.650494
0.668529
0.656082
0.640442
0.654223
0.667001
0.625096
0.631455
0.677519
0.611082
0.625620
0.606785
0.613722
0.630603
0.612938
0.623590
0.656334
0.643250
0.576939
0.584635
0.566075
0.569538
0.599837
0.592792
0.589313
0.572868
0.583920
0.576914
0.559653
0.556733
0.592206
0.594950
0.599779
0.608182
0.641771
0.605540
0.653464
0.619618
0.617298
0.610939
0.619050
0.643093
0.615260
0.613615
0.621860
0.611751
0.672923
0.677620
0.679384
0.693833
0.697403
0.689304
0.663490
0.675710
0.680683
0.680050
0.707320
0.703372
0.706536
0.754631
0.703066
0.709609
0.578618
0.640355
0.605043
0.591003
0.663895
0.630048
0.613689
0.593775
0.623087
0.677224
0.729599
0.659846
0.638854
0.659303
0.632046
0.639897
0.661945
0.629526
0.599621
0.606887
0.675238
0.678527
0.684342
0.672250
0.684883
0.684108
0.686531
0.683280
0.675833
0.684418
0.687469
0.672005
0.673723
0.680658
0.681385
0.686796
0.700651
0.690401
0.698283
0.701787
0.698129
0.710863
0.706585
0.705539
0.708663
0.707231
0.707889
0.701697
0.711241
0.712632
0.702653
0.693405
0.690678
0.686160
0.695725
0.676726
0.617957
0.656665
0.631761
0.673535
0.642027
0.683412
0.680276
0.677064
0.480419
0.510895
0.480337
0.515020
0.545751
0.540556
0.485156
0.456032
0.484795
0.517297
0.529973
0.551052
0.582455
0.566741
0.582102
0.592580
0.567540
0.527229
0.587140
0.545333
0.446358
0.489819
0.455403
0.501377
0.488067
0.530527
0.503806
0.469135
0.563581
0.548434
0.604406
0.594475
0.453982
0.524534
0.507922
0.549538
0.547218
0.524107
0.554642
0.585165
0.527435
0.520514
0.594653
0.517932
0.505034
0.519562
0.494643
0.501734
0.530522
0.515833
0.581256
0.539073
0.561766
0.543088
0.516801
0.515459
0.494366
0.530388
0.455637
0.493615
0.414822
0.446572
0.469679
0.435176
0.451928
0.481961
0.450975
0.487978
0.394502
0.381884
0.414868
0.400605
0.388302
0.422440
0.512670
0.448691
0.532797
0.451905
0.484676
0.455966
0.463520
0.517062
0.427870
0.431802
0.409688
0.410617
0.403688
0.407082
0.564237
0.551003
0.565232
0.513885
0.513646
0.594860
0.546561
0.544230
0.576190
0.656973
0.590535
0.570448
0.640032
0.690174
0.635839
0.677799
0.670691
0.652325
0.711016
0.594268
0.625911
0.663111
0.580869
0.594681
0.588349
0.546181
0.679471
0.647830
0.674092
0.572535
0.595351
0.566202
0.618258
0.622789
0.569703
0.535668
0.589210
0.561934
0.074171
0.078300
0.116642
0.109007
0.064902
0.074751
0.070769
0.094284
0.121039
0.083544
0.182060
0.202450
0.112027
0.268187
0.081074
0.185879
0.331334
0.100859
0.054616
0.068486
0.094637
0.078492
0.156481
0.120504
0.256223
0.418995
0.360627
0.217143
0.683443
0.628531
0.681155
0.651796
0.628662
0.637823
0.687120
0.722125
0.681614
0.701812
0.666808
0.622474
0.666153
0.645358
0.631375
0.726054
0.748151
0.715006
0.708598
0.726314
0.748401
0.723180
0.736655
0.727848
0.726688
0.728395
0.740661
0.755640
0.741478
0.791306
0.762578
0.724453
0.734591
0.795843
0.739574
0.762818
0.769890
0.761344
0.735717
0.751302
0.722195
0.711979
0.778504
0.757445
0.729718
0.748139
0.716147
0.764015
0.711076
0.724658
0.742347
0.710000
0.491658
0.516754
0.478468
0.483612
0.494867
0.460446
0.453842
0.448105
0.424834
0.401694
0.433753
0.450735
0.500174
0.514216
0.487138
0.509792
0.522530
0.500599
0.468316
0.490908
0.491616
0.512080
0.527916
0.518124
0.592012
0.599821
0.585542
0.603487
0.598788
0.594449
0.582598
0.638016
0.561445
0.596966
0.548176
0.588554
0.522692
0.562582
0.584944
0.546489
0.577298
0.584693
0.584028
0.594205
0.518962
0.543601
0.520012
0.506390
0.545647
0.517126
0.572436
0.529733
0.580355
0.529678
0.547906
0.587181
0.526617
0.539750
0.516873
0.635430
0.633867
0.640268
0.641154
0.589340
0.617023
0.598180
0.627740
0.590781
0.636244
0.630877
0.604989
0.657564
0.651645
0.656571
0.655380
0.593002
0.606296
0.578646
0.593817
0.613899
0.590428
0.564324
0.581694
0.588708
0.597405
0.603937
0.591751
0.601261
0.596186
0.614839
0.603235
0.588360
0.603370
0.581798
0.567008
0.561023
0.575742
0.634949
0.557338
0.585127
0.529912
0.550138
0.294638
0.350046
0.482224
0.471361
0.350428
0.486285
0.364931
0.475332
0.500743
0.418342
0.349335
0.494670
0.415848
0.346306
0.487684
0.557528
0.524486
0.549100
0.516793
0.522555
0.549297
0.490399
0.351779
0.421309
0.564841
0.576381
0.575551
0.569943
0.565143
0.580857
0.557075
0.580240
0.578040
0.558201
0.583906
0.568040
0.538959
0.545720
0.555569
0.563517
0.553347
0.563821
0.623593
0.587666
0.601515
0.579865
0.593862
0.576624
0.106388
0.152232
0.104969
0.168922
0.199781
0.198655
0.100141
0.236524
0.121210
0.170226
0.146863
0.196081
0.272718
0.215284
0.274192
0.273941
0.212680
0.133722
0.214202
0.134999
0.089422
0.089477
0.088542
0.086556
0.085726
0.083263
0.139121
0.222256
0.104896
0.107771
0.137003
0.145565
0.095574
0.114864
0.126429
0.153009
0.240637
0.286855
0.213547
0.181942
0.291586
0.208555
0.285933
0.204982
0.182178
0.285897
0.117221
0.186637
0.291622
0.119561
0.081254
0.088956
0.096614
0.141363
0.295681
0.190918
0.441513
0.413447
0.444213
0.411088
0.383637
0.383109
0.434121
0.529558
0.424533
0.405563
0.397548
0.375450
0.347062
0.318798
0.343911
0.363925
0.314029
0.347320
0.315643
0.352048
0.372279
0.333010
0.391336
0.363834
0.322855
0.393718
0.445239
0.414366
0.446003
0.411210
0.413989
0.446298
0.394837
0.310612
0.363312
0.467311
0.466127
0.438023
0.433374
0.457320
0.461487
0.445737
0.443958
0.394807
0.397285
0.396494
0.395331
0.359834
0.422999
0.366946
0.427653
0.448015
0.451059
0.447396
0.424928
0.367504
0.292785
0.279135
0.261294
0.279421
0.303832
0.296632
0.260333
0.266705
0.268966
0.286731
0.286958
0.285968
0.355823
0.362988
0.309665
0.322838
0.354959
0.317936
0.386354
0.368626
0.332195
0.350164
0.303236
0.308507
0.350585
0.297694
0.282325
0.282001
0.257684
0.262509
0.262829
0.253157
0.280532
0.351494
0.307391
0.400597
0.388928
0.415719
0.419124
0.387528
0.382129
0.411730
0.422089
0.425432
0.469200
0.459186
0.436990
0.459069
0.452892
0.481725
0.444658
0.452925
0.474555
0.438673
0.451929
0.413818
0.424664
0.415390
0.417262
0.411172
0.439849
0.436037
0.435231
0.346711
0.393465
0.368233
0.396143
0.411453
0.426477
0.369791
0.370875
0.415286
0.391743
0.429881
0.404722
0.423704
0.452854
0.427076
0.396834
0.462458
0.468951
0.461571
0.451488
0.404249
0.425208
0.417367
0.429652
0.428668
0.423125
0.466202
0.487865
0.445489
0.478169
0.425562
0.482702
0.520646
0.498765
0.415806
0.467114
0.399768
0.430442
0.410879
0.457521
0.391124
0.482130
0.457767
0.417531
0.520692
0.512026
0.536131
0.527435
0.387795
0.396282
0.410601
0.358446
0.338936
0.382322
0.343511
0.375842
0.331095
0.372407
0.383112
0.333673
0.377165
0.256220
0.317016
0.263216
0.272877
0.282891
0.294539
0.350687
0.301431
0.350539
0.308365
0.332124
0.352042
0.349738
0.319304
0.391255
0.383026
0.405977
0.426198
0.395523
0.451000
0.435515
0.416549
0.410546
0.529724
0.553787
0.520292
0.537690
0.572105
0.549689
0.512462
0.424946
0.450224
0.536877
0.480672
0.564949
0.485839
0.516237
0.561450
0.505573
0.511924
0.559246
0.547672
0.567417
0.448900
0.529214
0.416377
0.452766
0.524981
0.433169
0.382700
0.392619
0.382219
0.400120
0.427001
0.377439
0.442910
0.541897
0.473057
0.622380
0.587569
0.574215
0.562155
0.567377
0.568551
0.564725
0.620713
0.553905
0.557229
0.566917
0.563430
0.554592
0.613774
0.562242
0.559305
0.595699
0.582058
0.596345
0.588625
0.569557
0.551635
0.567937
0.540048
0.548041
0.539939
0.506427
0.567712
0.472089
0.533235
0.488487
0.437407
0.505277
0.514774
0.508875
0.352980
0.422485
0.309041
0.377882
0.516199
0.451096
0.519021
0.433033
0.428945
0.417281
0.405509
0.478588
0.332169
0.353175
0.218439
0.268115
0.568476
0.545601
0.605202
0.600567
0.563774
0.631128
0.604642
0.620413
0.647749
0.655125
0.538111
0.608248
0.517590
0.461349
0.514791
0.489204
0.487503
0.505541
0.495920
0.599378
0.487131
0.493216
0.502265
0.487426
0.476251
0.472894
0.498110
0.497651
0.474021
0.498388
0.422611
0.441537
0.489399
0.487871
0.456655
0.459968
0.476672
0.462085
0.376435
0.349123
0.462362
0.480066
0.497993
0.488411
0.521558
0.479760
0.517689
0.498493
0.507087
0.525891
0.516274
0.509541
0.580454
0.562553
0.573622
0.573693
0.564857
0.570132
0.581567
0.586392
0.585898
0.549223
0.509628
0.625850
0.602453
0.511727
0.595589
0.712710
0.726894
0.672170
0.683811
0.647316
0.619202
0.650194
0.579533
0.496796
0.651816
0.673124
0.632041
0.653133
0.730877
0.696501
0.680205
0.667293
0.637994
0.650718
0.629910
0.617265
0.619784
0.650585
0.562564
0.587991
0.676198
0.605442
0.505294
0.483282
0.469656
0.068598
0.067624
0.069382
0.062198
0.060540
0.046110
0.096689
0.063679
0.054286
0.036819
0.046031
0.032526
0.032937
0.053013
0.050748
0.144154
0.142392
0.150989
0.102768
0.119980
0.101821
0.116197
0.095293
0.074961
0.081898
0.106748
0.082818
0.167777
0.179800
0.191328
0.167898
0.159467
0.154817
0.234932
0.192525
0.176191
0.145377
0.134863
0.129824
0.206864
0.214092
0.227229
0.162402
0.176522
0.181779
0.211027
0.176964
0.146058
0.151070
0.161177
0.148829
0.260080
0.270806
0.231748
0.214870
0.238753
0.198671
0.245274
0.229693
0.213073
0.195176
0.175007
0.192632
0.189228
0.225363
0.199538
0.203100
0.220875
0.198782
0.214456
0.252039
0.247084
0.230810
0.206386
0.192595
0.269506
0.270822
0.290043
0.272677
0.271080
0.272218
0.316610
0.295571
0.286716
0.282653
0.286711
0.257873
0.288787
0.292961
0.285973
0.278533
0.283161
0.292826
0.312868
0.298210
0.251031
0.280666
0.290828
0.281962
0.313645
0.301148
0.316121
0.303296
0.293857
0.302241
0.337469
0.337907
0.322340
0.307626
0.293768
0.291273
0.343579
0.346581
0.350852
0.331888
0.329976
0.333860
0.335998
0.319171
0.324350
0.328233
0.333280
0.335716
0.333692
0.329376
0.337335
0.325556
0.339222
0.336230
0.355047
0.343174
0.344976
0.353448
0.325772
0.312834
0.358734
0.364091
0.367681
0.348192
0.357881
0.346809
0.355588
0.344738
0.343788
0.348000
0.364385
0.353835
0.441193
0.385316
0.434609
0.438487
0.394140
0.439593
0.398629
0.424823
0.404560
0.436194
0.447950
0.424949
0.453071
0.411514
0.450390
0.412874
0.382962
0.422902
0.398470
0.377062
0.390169
0.408251
0.398355
0.424542
0.405377
0.446242
0.429476
0.499450
0.430594
0.502190
0.506943
0.418320
0.494604
0.414331
0.503335
0.410675
0.509740
0.485976
0.417441
0.500357
0.419161
0.511907
0.342749
0.335326
0.344005
0.335402
0.328289
0.329738
0.331338
0.337482
0.348557
0.426985
0.351183
0.414649
0.341937
0.350819
0.338402
0.439795
0.356352
0.348905
0.341710
0.338196
0.353664
0.514294
0.433052
0.520957
0.522850
0.422236
0.514032
0.518011
0.507494
0.507903
0.512345
0.435726
0.528126
0.531815
0.542787
0.557615
0.524832
0.532358
0.545023
0.475967
0.532283
0.448972
0.548688
0.540891
0.472592
0.558138
0.537288
0.541306
0.379904
0.371985
0.369224
0.353905
0.384194
0.383537
0.374384
0.354094
0.350265
0.618269
0.670110
0.606106
0.647365
0.688404
0.671868
0.585655
0.631201
0.639436
0.581680
0.606460
0.611511
0.635208
0.627744
0.651094
0.592247
0.622738
0.582465
0.606528
0.631572
0.590760
0.555638
0.589943
0.595172
0.610853
0.645915
0.611204
0.677091
0.684959
0.658006
0.674575
0.693741
0.674925
0.617337
0.625488
0.631696
0.631833
0.663611
0.681855
0.658863
0.643357
0.648215
0.701038
0.669029
0.702041
0.641729
0.673321
0.707033
0.698343
0.682994
0.703314
0.624099
0.612437
0.598333
0.593290
0.615740
0.597021
0.566705
0.571824
0.583395
0.597051
0.606928
0.628251
0.620478
0.587105
0.605338
0.642681
0.611702
0.634685
0.612373
0.624801
0.651921
0.662293
0.595536
0.664280
0.439826
0.464244
0.498996
0.484264
0.530400
0.515792
0.515450
0.507775
0.518399
0.519313
0.539976
0.561372
0.544358
0.530597
0.554826
0.519035
0.518824
0.514803
0.462208
0.533266
0.566954
0.387653
0.418816
0.371631
0.408862
0.421898
0.417326
0.369641
0.408275
0.408538
0.409510
0.416765
0.415355
0.432172
0.439482
0.426214
0.401733
0.466082
0.378056
0.396614
0.493202
0.376791
0.345601
0.349181
0.356629
0.382703
0.496721
0.411333
0.575607
0.580298
0.579691
0.607474
0.567193
0.565616
0.572943
0.590743
0.567514
0.583764
0.555645
0.555180
0.577040
0.556012
0.577841
0.585761
0.567278
0.592507
0.560569
0.568488
0.573128
0.590058
0.575729
0.596999
0.512771
0.460775
0.494230
0.462635
0.491571
0.490994
0.487725
0.447330
0.485313
0.516687
0.517738
0.526356
0.521506
0.451628
0.526568
0.515811
0.443985
0.526372
0.532064
0.540310
0.542684
0.547450
0.465673
0.531111
0.413687
0.373593
0.400015
0.364882
0.379671
0.358222
0.396717
0.351766
0.356068
0.370105
0.368156
0.375450
0.404381
0.428498
0.419084
0.442647
0.443492
0.435368
0.451870
0.469336
0.432730
0.615314
0.632643
0.607161
0.618861
0.638368
0.615493
0.558259
0.514181
0.533120
0.573281
0.544808
0.587270
0.591055
0.613954
0.572339
0.540990
0.639660
0.620990
0.626599
0.640202
0.443914
0.417339
0.574757
0.529435
0.538910
0.555332
0.552517
0.585185
0.588952
0.642635
0.611673
0.597816
0.570899
0.454796
0.546681
0.485706
0.457533
0.522625
0.460440
0.469851
0.485077
0.482365
0.569787
0.403098
0.468049
0.502548
0.575224
0.583979
0.375071
0.460449
0.471409
0.538468
0.601000
0.575260
0.560110
0.566673
0.507784
0.575662
0.562325
0.537599
0.473113
0.438724
0.423042
0.449399
0.489508
0.435409
0.540730
0.581651
0.500299
0.487152
0.522208
0.544405
0.479497
0.556448
0.566385
0.580997
0.472647
0.522159
0.504882
0.635189
0.606150
0.587607
0.606645
0.580056
0.586425
0.570895
0.574924
0.573668
0.561008
0.537771
0.496498
0.511276
0.540002
0.505356
0.534375
0.529156
0.498529
0.556218
0.563442
0.573230
0.597216
0.551139
0.571410
0.624282
0.596097
0.521758
0.560654
0.600349
0.610044
0.613232
0.635052
0.552256
0.513221
0.636376
0.618154
0.500566
0.617414
0.683456
0.674109
0.679471
0.698207
0.701864
0.590455
0.614555
0.427792
0.474192
0.420878
0.564887
0.493805
0.563515
0.657688
0.626407
0.567538
0.598994
0.556063
0.569813
0.522834
0.531549
0.784363
0.757810
0.758343
0.747438
0.744727
0.749281
0.729615
0.712103
0.737717
0.765213
0.796983
0.754294
0.758142
0.718220
0.734341
0.681463
0.703598
0.703318
0.680851
0.711181
0.716157
0.701966
0.679762
0.694537
0.709768
0.527370
0.572785
0.531307
0.559799
0.670500
0.599962
0.516843
0.500198
0.515100
0.537564
0.529439
0.552778
0.553372
0.588690
0.567499
0.547181
0.664735
0.633149
0.740380
0.709970
0.527612
0.538648
0.494333
0.502912
0.536231
0.500167
0.462081
0.446159
0.448513
0.470961
0.445634
0.467253
0.461035
0.478606
0.472052
0.452494
0.500087
0.497021
0.534818
0.537539
0.532472
0.503960
0.529009
0.507025
0.467960
0.483272
0.475710
0.493202
0.502864
0.485466
0.519861
0.527944
0.498581
0.510222
0.474352
0.487121
0.512889
0.497438
0.458948
0.455257
0.469460
0.475188
0.472437
0.482489
0.499142
0.499034
0.491386
0.485826
0.509686
0.504273
0.525320
0.519213
0.431883
0.435581
0.424354
0.424356
0.433369
0.426363
0.416876
0.414176
0.412152
0.411833
0.408529
0.414029
0.415872
0.415988
0.416514
0.413599
0.431600
0.428702
0.453330
0.447940
0.457851
0.437934
0.466711
0.445896
0.421095
0.422294
0.425689
0.429363
0.439634
0.437341
0.456467
0.477771
0.457503
0.469399
0.453457
0.454375
0.471956
0.458457
0.435937
0.425974
0.433750
0.441359
0.437188
0.446001
0.445926
0.455639
0.450622
0.437804
0.468131
0.460174
0.480674
0.481168
0.418033
0.409186
0.421573
0.422850
0.406331
0.416137
0.415145
0.396176
0.395656
0.413152
0.403152
0.407493
0.398505
0.409855
0.410428
0.394798
0.423965
0.422558
0.417929
0.416822
0.419740
0.424882
0.427874
0.429338
0.400856
0.412003
0.408439
0.415310
0.423818
0.417698
0.443161
0.439767
0.412552
0.424863
0.400533
0.414259
0.421713
0.425774
0.396323
0.385547
0.399335
0.399244
0.398419
0.402086
0.398269
0.414484
0.404050
0.396189
0.430734
0.423261
0.429871
0.421824
0.380470
0.387940
0.376750
0.380059
0.391049
0.369463
0.366211
0.363641
0.363777
0.362420
0.370030
0.366696
0.369646
0.373242
0.371927
0.362055
0.383401
0.377706
0.394885
0.392292
0.392494
0.383497
0.404923
0.387699
0.379556
0.376469
0.378626
0.379372
0.381236
0.385311
0.388856
0.409743
0.397908
0.403562
0.391692
0.389040
0.403367
0.406280
0.399544
0.399732
0.406635
0.403822
0.413708
0.419229
0.398056
0.423045
0.426722
0.410772
0.401460
0.408184
0.415715
0.408551
0.369455
0.361328
0.378064
0.368220
0.358038
0.373132
0.373833
0.396266
0.386993
0.368335
0.387967
0.377834
0.401374
0.378271
0.377374
0.388087
0.383250
0.382792
0.367928
0.361929
0.382609
0.372875
0.388852
0.370876
0.393168
0.386264
0.395510
0.389483
0.387410
0.399427
0.377164
0.385205
0.407694
0.410723
0.435494
0.440691
0.420879
0.443422
0.477119
0.524623
0.524946
0.476435
0.526636
0.479415
0.491126
0.484774
0.481251
0.512771
0.436389
0.437310
0.405638
0.417129
0.408941
0.401157
0.433115
0.426493
0.405341
0.429342
0.455792
0.496548
0.496044
0.446635
0.500455
0.453832
0.523116
0.471836
0.464705
0.512246
0.431847
0.429147
0.408998
0.411658
0.406061
0.431087
0.407145
0.428223
0.518770
0.471940
0.514725
0.475179
0.475676
0.524142
0.430312
0.405854
0.597184
0.607980
0.664927
0.649529
0.574968
0.616339
0.736564
0.705666
0.671471
0.652446
0.661595
0.581669
0.598014
0.527716
0.549562
0.557869
0.546082
0.595008
0.595064
0.569937
0.619803
0.646893
0.645664
0.682256
0.738807
0.735325
0.652992
0.643550
0.579729
0.575053
0.583357
0.654379
0.581015
0.664462
0.714963
0.712714
0.729501
0.674441
0.594095
0.714305
0.750875
0.714613
0.659200
0.749867
0.670561
0.712642
0.690668
0.658539
0.682522
0.666648
0.707570
0.668569
0.712706
0.674413
0.733652
0.690674
0.716577
0.755003
0.824130
0.695721
0.777122
0.753907
0.749909
0.716588
0.709168
0.828441
0.755398
0.806985
0.744919
0.706536
0.694763
0.720692
0.724213
0.732598
0.841363
0.842730
0.779475
0.770445
0.738103
0.742503
0.743715
0.747014
0.761949
0.743581
0.723798
0.644481
0.644136
0.649498
0.658994
0.687444
0.656728
0.613320
0.660068
0.622010
0.655598
0.556475
0.626637
0.616103
0.601670
0.629283
0.634916
0.600880
0.646726
0.655428
0.639178
0.592031
0.620868
0.599332
0.615961
0.642186
0.603804
0.569779
0.587625
0.693225
0.608937
0.721725
0.649440
0.723537
0.726983
0.666276
0.650963
0.621453
0.625363
0.630506
0.539833
0.665899
0.521242
0.566757
0.541633
0.510138
0.707484
0.726263
0.518726
0.762784
0.694746
0.733911
0.726470
0.683398
0.751626
0.563864
0.705916
0.460814
0.588873
0.503675
0.574662
0.551819
0.632408
0.634549
0.551929
0.589381
0.669601
0.546532
0.721959
0.801705
0.729657
0.635232
0.582500
0.569573
0.587577
0.639078
0.520698
0.580539
0.607959
0.689848
0.530863
0.480744
0.600093
0.532973
0.644586
0.709588
0.595427
0.723854
0.607178
0.749780
0.804104
0.733489
0.674774
0.684869
0.724947
0.673064
0.744763
0.776328
0.732590
0.532605
0.614803
0.628111
0.698104
0.664419
0.736038
0.714449
0.638549
0.750507
0.782261
0.842377
0.849352
0.801628
0.708821
0.755341
0.743844
0.769932
0.773798
0.715820
0.817412
0.778591
0.806302
0.766898
0.713624
0.711431
0.717652
0.704844
0.681133
0.663713
0.720993
0.712361
0.733214
0.723486
0.738649
0.680413
0.660334
0.702625
0.713284
0.645915
0.673033
0.727890
0.666235
0.700982
0.716898
0.721810
0.734535
0.742679
0.709184
0.750880
0.721560
0.718362
0.719925
0.658805
0.729618
0.733440
0.722466
0.732281
0.718234
0.713207
0.727190
0.755366
0.736440
0.702703
0.737739
0.699356
0.720652
0.711303
0.709199
0.711400
0.733165
0.539254
0.586829
0.565988
0.704180
0.636381
0.757250
0.655566
0.659359
0.628810
0.654653
0.625690
0.793121
0.727434
0.800905
0.777363
0.652668
0.761290
0.730964
0.689274
0.703131
0.736285
0.755042
0.623271
0.734180
0.726990
0.669791
0.715093
0.698381
0.711114
0.689591
0.669234
0.656794
0.663116
0.653930
0.673857
0.621513
0.618890
0.670832
0.648229
0.631865
0.635978
0.641748
0.601249
0.723596
0.704274
0.721571
0.790737
0.755183
0.758812
0.759484
0.754762
0.723514
0.750348
0.746739
0.738184
0.731819
0.688643
0.710540
0.731105
0.733890
0.704067
0.714098
0.672428
0.686927
0.735817
0.716095
0.682479
0.735290
0.716609
0.729873
0.742013
0.747428
0.666406
0.674873
0.627611
0.656909
0.621233
0.654273
0.667364
0.604063
0.690571
0.615750
0.666534
0.593280
0.634729
0.647870
0.570612
0.589324
0.627117
0.654705
0.673836
0.664569
0.738981
0.724798
0.721537
0.700809
0.674082
0.738587
0.701034
0.736700
0.680212
0.712258
0.751648
0.750785
0.722694
0.750952
0.768443
0.769200
0.787496
0.749469
0.785662
0.624688
0.701217
0.727608
0.676487
0.645634
0.711625
0.763252
0.665433
0.748083
0.641362
0.733021
0.669796
0.669325
0.702944
0.699384
0.790720
0.717888
0.668389
0.662813
0.699774
0.691008
0.660950
0.655066
0.608585
0.588033
0.616113
0.730286
0.672681
0.549587
0.517920
0.516879
0.570144
0.583085
0.571490
0.674714
0.610548
0.636686
0.583882
0.788229
0.626393
0.708545
0.672576
0.683218
0.697602
0.688000
0.706964
0.660775
0.695991
0.779127
0.418364
0.469083
0.417702
0.439660
0.495822
0.576539
0.391486
0.406946
0.507912
0.483936
0.454345
0.396793
0.510448
0.505306
0.455945
0.459584
0.419394
0.430826
0.405929
0.480501
0.403974
0.526046
0.353485
0.426097
0.470502
0.404253
0.503360
0.513067
0.569452
0.521309
0.523676
0.556907
0.664502
0.504677
0.633623
0.574967
0.521235
0.622301
0.558691
0.557281
0.560084
0.513232
0.483831
0.492808
0.510363
0.531765
0.489267
0.504867
0.594819
0.564947
0.504104
0.559493
0.505414
0.541128
0.618520
0.452742
0.493501
0.465135
0.486429
0.623309
0.529839
0.559173
0.555173
0.614711
0.545424
0.514353
0.502633
0.528059
0.545027
0.487579
0.556023
0.436845
0.447049
0.563064
0.623535
0.481417
0.432090
0.423017
0.468394
0.431072
0.413044
0.441187
0.439634
0.788177
0.788281
0.844753
0.808173
0.809493
0.820889
0.847462
0.822914
0.891077
0.824081
0.836751
0.837143
0.823936
0.833896
0.797148
0.831791
0.866626
0.824325
0.800966
0.867306
0.829940
0.873553
0.865167
0.846095
0.859968
0.855915
0.827275
0.860495
0.833765
0.819563
0.841056
0.831652
0.839698
0.850949
0.851520
0.826561
0.809947
0.801943
0.838184
0.866622
0.832249
0.825582
0.869711
0.844170
0.862384
0.829153
0.830571
0.768029
0.794989
0.651825
0.712367
0.739994
0.773204
0.740522
0.782510
0.768240
0.695970
0.704893
0.712587
0.761668
0.789231
0.704122
0.621086
0.744771
0.780650
0.740807
0.773881
0.768541
0.676417
0.651550
0.691530
0.656613
0.678491
0.669353
0.713676
0.708826
0.722293
0.702562
0.648284
0.699847
0.657275
0.693400
0.658945
0.629863
0.668530
0.644246
0.647196
0.662828
0.633915
0.654766
0.626982
0.651373
0.605882
0.636110
0.849487
0.862860
0.852450
0.875555
0.856467
0.909654
0.882564
0.880501
0.891811
0.818406
0.838644
0.865412
0.856948
0.883391
0.788181
0.799168
0.789537
0.837526
0.831317
0.821754
0.694716
0.779866
0.816835
0.854174
0.827752
0.881602
0.865938
0.849311
0.850105
0.874259
0.854895
0.852748
0.868526
0.884784
0.851775
0.860513
0.899051
0.901435
0.878455
0.879414
0.898635
0.903342
0.900033
0.905466
0.669386
0.687771
0.679950
0.649424
0.717249
0.680679
0.651211
0.683398
0.715927
0.747383
0.697892
0.687350
0.710071
0.695096
0.717280
0.730261
0.710836
0.708354
0.720324
0.712252
0.607957
0.630106
0.717012
0.706959
0.723086
0.727254
0.721488
0.724287
0.702458
0.729236
0.722205
0.731433
0.742917
0.720301
0.734086
0.713736
0.719531
0.716484
0.697718
0.725303
0.697111
0.711976
0.691659
0.716089
0.703721
0.691850
0.704339
0.706456
0.720514
0.713897
0.704419
0.733263
0.722078
0.759903
0.751268
0.758479
0.775715
0.761997
0.752735
0.740004
0.739229
0.716923
0.722835
0.743972
0.754597
0.752056
0.792734
0.752320
0.765709
0.398283
0.428309
0.533663
0.467097
0.477591
0.523930
0.427086
0.418185
0.698497
0.698342
0.706734
0.701211
0.703026
0.703309
0.732116
0.725109
0.735833
0.730388
0.730739
0.730468
0.707927
0.689392
0.701117
0.734914
0.724129
0.749526
0.733392
0.731430
0.727512
0.703485
0.726141
0.708033
0.728044
0.711477
0.738368
0.799467
0.714365
0.821625
0.775042
0.824467
0.684779
0.542230
0.707478
0.629599
0.753139
0.729493
0.798812
0.811886
0.769373
0.659015
0.695133
0.733711
0.644965
0.581098
0.634546
0.803158
0.800352
0.691281
0.802488
0.830907
0.791072
0.760086
0.738965
0.684298
0.728310
0.694812
0.722288
0.717184
0.687919
0.742775
0.674615
0.648456
0.700379
0.649381
0.604003
0.608656
0.585606
0.706478
0.560588
0.697950
0.666161
0.471346
0.429180
0.472771
0.584264
0.473355
0.547132
0.442211
0.469864
0.734659
0.744767
0.728397
0.725784
0.706774
0.708138
0.703868
0.728204
0.778167
0.782521
0.659306
0.737927
0.558709
0.563570
0.716352
0.496251
0.570385
0.556902
0.599892
0.627007
0.566175
0.685077
0.593313
0.748605
0.802979
0.751348
0.674832
0.602629
0.660765
0.596465
0.630351
0.677695
0.597441
0.577032
0.624482
0.735584
0.521775
0.715988
0.636483
0.770304
0.748509
0.694905
0.701990
0.771644
0.736445
0.673578
0.750043
0.664953
0.796083
0.657477
0.700429
0.707974
0.693003
0.712875
0.664641
0.706965
0.647270
0.646355
0.669110
0.656514
0.644724
0.671221
0.691195
0.693000
0.742730
0.716842
0.609742
0.596942
0.688903
0.746435
0.612133
0.663614
0.615854
0.680642
0.637665
0.642976
0.814700
0.779788
0.816480
0.825295
0.818318
0.817714
0.808494
0.822052
0.816244
0.791275
0.785858
0.805987
0.759189
0.810009
0.808684
0.805905
0.817066
0.809320
0.575012
0.601732
0.622801
0.617007
0.602168
0.631403
0.628358
0.634850
0.634267
0.592104
0.659890
0.608444
0.623454
0.622774
0.635668
0.596184
0.658295
0.633274
0.620248
0.679338
0.641329
0.675568
0.738590
0.652334
0.646293
0.639060
0.680193
0.634961
0.694717
0.716412
0.672159
0.607731
0.618208
0.622192
0.645222
0.735608
0.685394
0.636708
0.730576
0.699158
0.706569
0.682189
0.622313
0.622357
0.623054
0.617480
0.594393
0.614773
0.567459
0.603209
0.696827
0.591457
0.541812
0.729430
0.646535
0.703810
0.640946
0.525780
0.546722
0.564285
0.559927
0.562552
0.577292
0.578320
0.584308
0.584579
0.573501
0.601400
0.579711
0.689280
0.739516
0.714605
0.737448
0.777765
0.743060
0.709012
0.719848
0.744802
0.733906
0.664662
0.745105
0.740415
0.670972
0.682231
0.661862
0.680151
0.687350
0.710633
0.731774
0.705349
0.732626
0.748636
0.751497
0.743924
0.778180
0.728560
0.712876
0.737556
0.734377
0.739402
0.695248
0.798971
0.761007
0.840066
0.808805
0.755351
0.768692
0.841120
0.844525
0.836109
0.835545
0.862447
0.852199
0.857877
0.865528
0.880819
0.879873
0.884002
0.902021
0.864052
0.876092
0.905704
0.871273
0.888951
0.884263
0.896840
0.850688
0.869623
0.881233
0.851917
0.875290
0.884971
0.906562
0.902980
0.913386
0.901884
0.922209
0.894051
0.914232
0.706532
0.751697
0.808585
0.617457
0.802586
0.801026
0.809834
0.824668
0.787110
0.770051
0.811096
0.769394
0.808914
0.723093
0.625175
0.654637
0.732539
0.677756
0.700499
0.588039
0.619908
0.562901
0.577859
0.579307
0.679083
0.589922
0.629917
0.552003
0.564294
0.504465
0.611709
0.525470
0.501782
0.633525
0.563630
0.642900
0.580743
0.515725
0.570645
0.516207
0.587748
0.532315
0.560170
0.609205
0.561267
0.596845
0.574749
0.566370
0.580599
0.581209
0.575713
0.603763
0.655156
0.619234
0.580360
0.699778
0.720141
0.622024
0.627356
0.576861
0.608766
0.580128
0.720678
0.564566
0.556309
0.569647
0.511679
0.595827
0.543938
0.574023
0.482828
0.527594
0.548658
0.716096
0.549639
0.618957
0.589917
0.603650
0.557552
0.714976
0.634114
0.643372
0.609400
0.594360
0.603431
0.593842
0.577281
0.578548
0.586263
0.606398
0.616353
0.562621
0.852144
0.907291
0.935528
0.863969
0.919004
0.889154
0.899736
0.909622
0.895207
0.864357
0.874038
0.866169
0.830794
0.845418
0.816090
0.904051
0.874865
0.867420
0.918293
0.931981
0.924620
0.883342
0.812498
0.894346
0.772922
0.807586
0.821794
0.787968
0.761722
0.797085
0.819095
0.825214
0.853667
0.820937
0.803748
0.794137
0.846203
0.806825
0.858999
0.811866
0.830224
0.811527
0.801840
0.771306
0.802009
0.781014
0.838582
0.826635
0.767419
0.697677
0.677402
0.739213
0.724589
0.699289
0.716870
0.745246
0.751023
0.743969
0.741139
0.768629
0.739048
0.759649
0.755540
0.724931
0.766463
0.729168
0.728803
0.683584
0.688943
0.610109
0.641436
0.623147
0.658628
0.663493
0.656038
0.618756
0.640384
0.631079
0.651584
0.722710
0.733529
0.693036
0.678708
0.715159
0.679406
0.732600
0.730664
0.692175
0.677965
0.754408
0.791619
0.769325
0.768366
0.795160
0.797034
0.775406
0.794423
0.827813
0.785273
0.752411
0.726145
0.709716
0.743146
0.717536
0.745767
0.767210
0.709918
0.745298
0.720232
0.789894
0.771052
0.718566
0.734512
0.780939
0.729061
0.710850
0.704578
0.743268
0.749789
0.764038
0.737304
0.782363
0.780480
0.697239
0.723739
0.738851
0.685796
0.739300
0.719865
0.779619
0.715437
0.742170
0.721761
0.692705
0.728302
0.759173
0.743081
0.774668
0.775648
0.751441
0.726983
0.725379
0.627905
0.628729
0.642843
0.624915
0.628451
0.577990
0.611947
0.601496
0.668754
0.629350
0.605791
0.592703
0.596373
0.630393
0.560496
0.498503
0.625959
0.565105
0.591980
0.558574
0.601823
0.543839
0.597542
0.569833
0.550007
0.553895
0.564878
0.618541
0.560358
0.605037
0.653435
0.598468
0.614169
0.603576
0.614295
0.616857
0.611849
0.589712
0.625895
0.613949
0.561387
0.578010
0.630307
0.678408
0.588123
0.569552
0.552207
0.504472
0.534400
0.519824
0.525466
0.536173
0.613713
0.567296
0.605953
0.572194
0.598908
0.626340
0.576308
0.558430
0.604128
0.534868
0.657555
0.610313
0.575829
0.609806
0.601415
0.578122
0.630617
0.610924
0.610959
0.601377
0.638986
0.596990
0.615389
0.665053
0.589949
0.651789
0.622169
0.600977
0.567739
0.602326
0.609329
0.572192
0.602295
0.554341
0.621100
0.615953
0.619017
0.596855
0.564566
0.588761
0.595888
0.600922
0.607001
0.667119
0.578210
0.568502
0.576246
0.616784
0.611214
0.561868
0.598101
0.598754
0.676302
0.600826
0.662872
0.619963
0.644855
0.596742
0.625491
0.634125
0.579558
0.606286
0.654385
0.656551
0.658702
0.725077
0.639416
0.677138
0.668697
0.642580
0.617300
0.637339
0.634043
0.666524
0.646601
0.658106
0.637507
0.631171
0.639171
0.729095
0.666367
0.640631
0.641918
0.646194
0.649291
0.635727
0.606120
0.631051
0.614838
0.588290
0.620301
0.695466
0.609223
0.639904
0.618264
0.613430
0.642513
0.589784
0.569044
0.532262
0.584423
0.638093
0.602093
0.583808
0.586953
0.584371
0.550654
0.606403
0.705446
0.725319
0.665227
0.649289
0.662431
0.666139
0.712349
0.690608
0.719185
0.709844
0.665771
0.645997
0.669982
0.604081
0.640062
0.599571
0.597071
0.597296
0.555767
0.593879
0.564015
0.565994
0.587163
0.591442
0.551533
0.551207
0.620959
0.639518
0.613273
0.562510
0.640841
0.719489
0.656621
0.599152
0.551310
0.548777
0.595232
0.581414
0.583447
0.587925
0.694617
0.654768
0.660886
0.721734
0.675146
0.592498
0.677242
0.683104
0.663163
0.664655
0.681911
0.717979
0.638013
0.687830
0.687510
0.654193
0.620524
0.613346
0.621321
0.598492
0.612616
0.625936
0.621629
0.669634
0.617002
0.658506
0.702223
0.658178
0.654784
0.696686
0.637964
0.585319
0.741189
0.728534
0.746149
0.720611
0.730425
0.754350
0.714033
0.762607
0.739949
0.747797
0.720590
0.712310
0.739084
0.730151
0.806940
0.726280
0.774021
0.651589
0.632601
0.677536
0.635418
0.630895
0.632197
0.673061
0.633480
0.661313
0.746242
0.667887
0.737637
0.691552
0.703432
0.670032
0.649863
0.773685
0.768263
0.776313
0.723041
0.761169
0.777126
0.750369
0.766926
0.709375
0.678646
0.709446
0.686938
0.739237
0.671817
0.591304
0.701062
0.693536
0.697253
0.605357
0.618724
0.618047
0.627901
0.623939
0.594348
0.584423
0.632058
0.640246
0.623009
0.684582
0.633638
0.640093
0.645281
0.733479
0.635079
0.772927
0.652424
0.816254
0.731499
0.607517
0.607001
0.678514
0.861192
0.823033
0.652108
0.676491
0.618262
0.630697
0.666541
0.725261
0.694679
0.679537
0.726407
0.734537
0.751868
0.694921
0.634586
0.552688
0.634903
0.593410
0.514306
0.529587
0.591682
0.504592
0.682967
0.661549
0.685590
0.662548
0.633706
0.643106
0.686933
0.598531
0.602780
0.569776
0.650345
0.687079
0.661261
0.640192
0.685973
0.627260
0.694430
0.653377
0.628197
0.591013
0.624472
0.612477
0.629679
0.631162
0.675592
0.713834
0.665417
0.656574
0.707765
0.685307
0.639418
0.662558
0.648756
0.666488
0.580195
0.637603
0.669177
0.645477
0.685570
0.698789
0.744687
0.731052
0.627224
0.638380
0.638584
0.658626
0.676355
0.642392
0.674656
0.693075
0.621850
0.751777
0.601559
0.551751
0.535203
0.512053
0.551918
0.577444
0.561178
0.680478
0.659896
0.561140
0.604718
0.600195
0.519429
0.624514
0.560851
0.646514
0.621993
0.699672
0.731375
0.702431
0.717725
0.671201
0.539698
0.630851
0.669392
0.628895
0.660091
0.649911
0.554540
0.695687
0.672214
0.747066
0.726257
0.614777
0.663225
0.602772
0.629891
0.638804
0.710538
0.619597
0.680002
0.580546
0.707505
0.737675
0.644753
0.680364
0.689529
0.694066
0.627589
0.677418
0.591318
0.771036
0.659521
0.673479
0.641719
0.656603
0.650593
0.659947
0.650417
0.658215
0.663748
0.683167
0.703201
0.688917
0.722712
0.711958
0.703593
0.760900
0.745824
0.700493
0.703573
0.716310
0.717930
0.765226
0.658679
0.770775
0.789743
0.717323
0.681457
0.649606
0.674112
0.737130
0.634950
0.622248
0.679636
0.714562
0.782495
0.698277
0.772213
0.726711
0.727203
0.749055
0.768365
0.824548
0.737603
0.671720
0.782705
0.733361
0.722604
0.706914
0.751127
0.707038
0.737826
0.699470
0.617506
0.732668
0.555633
0.705427
0.709438
0.661783
0.706597
0.740758
0.719443
0.673749
0.721954
0.681474
0.688213
0.686926
0.643999
0.679866
0.708350
0.713569
0.673594
0.608612
0.697721
0.696922
0.692163
0.681300
0.612145
0.680961
0.624453
0.625177
0.676837
0.668111
0.723720
0.724170
0.682530
0.697031
0.680935
0.667629
0.659901
0.679638
0.614968
0.660986
0.719373
0.735761
0.700673
0.733176
0.718101
0.696007
0.621799
0.637029
0.698282
0.683357
0.711618
0.736396
0.703064
0.716025
0.740098
0.690919
0.756475
0.743868
0.738170
0.729520
0.818463
0.786805
0.786797
0.763296
0.798884
0.764079
0.581644
0.546277
0.582151
0.607963
0.599550
0.622750
0.497222
0.476161
0.618810
0.588271
0.575867
0.609179
0.617081
0.592973
0.549930
0.526711
0.571768
0.540859
0.668619
0.655100
0.654135
0.674062
0.679716
0.620767
0.701472
0.693947
0.742378
0.717211
0.716635
0.542513
0.677398
0.678223
0.527364
0.778879
0.756338
0.809467
0.776268
0.584327
0.566026
0.534620
0.667052
0.551510
0.575204
0.609454
0.621664
0.710291
0.618465
0.612112
0.615306
0.576087
0.620294
0.679104
0.741476
0.645885
0.722784
0.769162
0.793082
0.713610
0.737259
0.605842
0.689866
0.727769
0.763312
0.594105
0.743140
0.684532
0.787955
0.726700
0.717375
0.651807
0.640208
0.603827
0.614608
0.659066
0.608009
0.649395
0.603990
0.674363
0.681663
0.668155
0.657254
0.683817
0.659823
0.652205
0.710830
0.675046
0.660610
0.706527
0.689462
0.662161
0.691278
0.664645
0.679986
0.710494
0.729647
0.754946
0.738433
0.656668
0.697265
0.667484
0.691063
0.697743
0.671523
0.737362
0.764921
0.652554
0.656242
0.684282
0.664563
0.650246
0.657740
0.635580
0.654258
0.598413
0.659461
0.669076
0.633365
0.703434
0.689602
0.746303
0.723254
0.617756
0.629756
0.622946
0.642861
0.634180
0.643324
0.642412
0.657575
0.674961
0.672916
0.668622
0.684590
0.599236
0.609216
0.568603
0.576156
0.638760
0.569169
0.578465
0.620815
0.593299
0.628857
0.541354
0.551792
0.651144
0.693067
0.633918
0.568337
0.610189
0.581281
0.588848
0.495273
0.620827
0.658651
0.615648
0.604403
0.606278
0.626572
0.679805
0.657775
0.822219
0.830380
0.826497
0.786493
0.799942
0.833291
0.824807
0.801751
0.771244
0.748298
0.762736
0.781994
0.761835
0.776851
0.761153
0.774941
0.777452
0.761827
0.790410
0.798820
0.809136
0.800594
0.817756
0.821741
0.739533
0.693556
0.749688
0.711810
0.714415
0.678470
0.704956
0.631835
0.633324
0.650761
0.576999
0.649337
0.641181
0.584627
0.601945
0.621515
0.683285
0.638128
0.571601
0.612334
0.645899
0.609063
0.691584
0.676910
0.639453
0.727497
0.672531
0.736419
0.691279
0.708486
0.671968
0.667765
0.685128
0.684253
0.717797
0.739217
0.688246
0.715233
0.763477
0.712380
0.765249
0.715816
0.729478
0.735525
0.735055
0.729624
0.732895
0.718719
0.774312
0.822232
0.803071
0.755492
0.799174
0.736531
0.748691
0.726367
0.725893
0.787186
0.704416
0.710511
0.732166
0.735583
0.664883
0.651386
0.670571
0.668802
0.703817
0.754293
0.757366
0.709544
0.785178
0.715283
0.717884
0.766567
0.649717
0.663623
0.621010
0.617415
0.560860
0.586434
0.756965
0.682183
0.725502
0.676357
0.628981
0.743247
0.573633
0.572491
0.659634
0.673685
0.682992
0.674386
0.666584
0.752591
0.717815
0.738712
0.710640
0.721376
0.693004
0.905006
0.934801
0.940064
0.907571
0.909039
0.897229
0.923136
0.888279
0.927547
0.863256
0.914094
0.886484
0.823669
0.910913
0.854808
0.902338
0.898445
0.852667
0.919629
0.857463
0.900133
0.880057
0.923677
0.910564
0.809222
0.889329
0.800274
0.887827
0.841539
0.839433
0.822648
0.859781
0.803123
0.878329
0.868072
0.839514
0.829116
0.772593
0.806283
0.803034
0.837500
0.813224
0.814996
0.798155
0.835463
0.832894
0.824607
0.877685
0.825987
0.840691
0.807038
0.837520
0.791784
0.877094
0.854852
0.842078
0.859402
0.842812
0.793740
0.763773
0.749583
0.835586
0.824251
0.815539
0.810803
0.783597
0.751587
0.899849
0.852078
0.887238
0.898017
0.841001
0.833582
0.858663
0.889552
0.878288
0.876321
0.845380
0.896504
0.903559
0.871028
0.893335
0.907872
0.915549
0.889743
0.914144
0.889989
0.838615
0.844221
0.783870
0.798470
0.874520
0.733585
0.753043
0.796223
0.841582
0.890785
0.896756
0.870015
0.892988
0.886113
0.874040
0.890271
0.918951
0.865136
0.858533
0.862440
0.865216
0.842564
0.850700
0.866378
0.860869
0.862452
0.857508
0.868623
0.852073
0.875497
0.872104
0.871837
0.855767
0.836747
0.837584
0.842219
0.861664
0.919962
0.863539
0.891268
0.907541
0.883808
0.771169
0.846759
0.848416
0.871958
0.848858
0.918735
0.900641
0.951908
0.960630
0.910651
0.911616
0.907320
0.905516
0.920195
0.911134
0.893193
0.886313
0.886187
0.904360
0.859633
0.848315
0.838960
0.892105
0.752031
0.804703
0.833881
0.799958
0.799002
0.821962
0.801692
0.884969
0.849060
0.850505
0.771701
0.772395
0.888109
0.869931
0.869426
0.861223
0.886300
0.887128
0.886639
0.879400
0.874173
0.841695
0.884160
0.808314
0.811625
0.842254
0.845584
0.869759
0.883276
0.867322
0.864871
0.884861
0.806868
0.890935
0.831131
0.823534
0.854732
0.812709
0.830931
0.827886
0.843490
0.814326
0.871457
0.866406
0.867691
0.815164
0.885222
0.880083
0.868126
0.873744
0.858104
0.854293
0.866201
0.866733
0.863043
0.910943
0.901130
0.896578
0.895373
0.837544
0.889212
0.898050
0.890277
0.857154
0.902484
0.874073
0.831042
0.871754
0.875909
0.828923
0.851918
0.786162
0.778087
0.810504
0.818713
0.850672
0.828702
0.791675
0.797889
0.863921
0.777639
0.701597
0.630635
0.830686
0.770270
0.703296
0.704933
0.680772
0.681841
0.656947
0.723687
0.672719
0.667124
0.734718
0.872381
0.792808
0.729474
0.813380
0.752495
0.797836
0.717469
0.879526
0.832360
0.884965
0.842203
0.899097
0.900368
0.851221
0.852079
0.821697
0.820537
0.820415
0.837876
0.838995
0.835044
0.829533
0.874691
0.866900
0.824784
0.835959
0.776409
0.822271
0.761311
0.813896
0.858533
0.824972
0.838366
0.889339
0.874248
0.841938
0.888078
0.853932
0.811915
0.889749
0.849227
0.911521
0.818455
0.883750
0.892679
0.858960
0.846440
0.837541
0.842646
0.830106
0.823057
0.852940
0.863216
0.858043
0.869883
0.847563
0.888695
0.845127
0.888668
0.878817
0.861541
0.746554
0.782698
0.780388
0.760567
0.835127
0.834803
0.837834
0.832176
0.846426
0.765549
0.774600
0.748808
0.784679
0.790154
0.689111
0.755164
0.754048
0.703351
0.736481
0.695144
0.746582
0.795454
0.805454
0.772203
0.811363
0.790792
0.772320
0.770054
0.756609
0.789750
0.789892
0.791276
0.756896
0.781685
0.719752
0.703460
0.760371
0.704122
0.716166
0.752375
0.791348
0.770378
0.748119
0.725453
0.779637
0.747258
0.685400
0.768139
0.778332
0.659292
0.699272
0.677160
0.712490
0.749767
0.743622
0.696862
0.712141
0.739347
0.725451
0.741890
0.734682
0.750142
0.749418
0.744872
0.798173
0.777520
0.786549
0.737998
0.749651
0.727969
0.755297
0.780701
0.669156
0.751881
0.728969
0.743270
0.696448
0.694420
0.873015
0.865146
0.876456
0.872138
0.867971
0.888643
0.886322
0.875304
0.804196
0.798150
0.807487
0.845015
0.853223
0.799643
0.764135
0.732466
0.806358
0.832665
0.845250
0.830902
0.849631
0.901136
0.824991
0.879679
0.875616
0.847955
0.822324
0.839062
0.843531
0.867397
0.872934
0.880634
0.876043
0.829333
0.891345
0.835407
0.864271
0.833122
0.842899
0.889628
0.901492
0.843022
0.892947
0.885993
0.846955
0.849628
0.847678
0.857390
0.848268
0.809885
0.846771
0.806710
0.844326
0.831071
0.842916
0.829804
0.843676
0.864295
0.863926
0.851947
0.866105
0.846593
0.842620
0.868883
0.891310
0.869892
0.880222
0.896373
0.888253
0.891471
0.873390
0.911920
0.874498
0.899724
0.857256
0.886582
0.899291
0.892851
0.897830
0.909804
0.868925
0.903019
0.899626
0.874973
0.862280
0.844369
0.824733
0.872026
0.811817
0.811055
0.915151
0.913070
0.894884
0.872583
0.908701
0.927571
0.840185
0.893808
0.931814
0.828165
0.867231
0.872736
0.868713
0.852650
0.851867
0.880634
0.861406
0.847107
0.859605
0.825924
0.850033
0.808270
0.578561
0.673619
0.667726
0.762792
0.685929
0.640554
0.840988
0.822782
0.799768
0.796681
0.792398
0.874764
0.891975
0.889634
0.863666
0.861693
0.848730
0.870491
0.927485
0.924440
0.874368
0.871258
0.907478
0.909060
0.927588
0.907803
0.901274
0.917467
0.916565
0.877498
0.853655
0.866922
0.881060
0.907637
0.899155
0.888442
0.891054
0.873761
0.895818
0.879060
0.898335
0.876907
0.877351
0.865424
0.873211
0.849213
0.853814
0.850771
0.861087
0.840770
0.821481
0.843911
0.851292
0.858208
0.802043
0.830015
0.859477
0.767741
0.822883
0.800493
0.831299
0.800736
0.765184
0.818226
0.824750
0.847387
0.831386
0.803961
0.847089
0.854035
0.827778
0.837808
0.844361
0.848054
0.843679
0.863152
0.842252
0.846918
0.835862
0.832102
0.846274
0.839204
0.823264
0.830459
0.833664
0.861027
0.844525
0.856400
0.847796
0.853556
0.842253
0.862276
0.856714
0.834007
0.741192
0.809960
0.823440
0.815375
0.758312
0.762284
0.771285
0.785893
0.786744
0.746357
0.741738
0.769967
0.779850
0.745594
0.754385
0.796540
0.749927
0.778174
0.765416
0.762424
0.719445
0.761602
0.719100
0.743712
0.722891
0.755777
0.594701
0.719262
0.727327
0.741838
0.755513
0.756019
0.694420
0.720909
0.667929
0.750195
0.753180
0.727629
0.735752
0.715339
0.709251
0.683194
0.737453
0.737475
0.691300
0.687708
0.707848
0.715897
0.695948
0.690724
0.702711
0.715343
0.721799
0.769471
0.756620
0.688758
0.758234
0.690787
0.649742
0.738428
0.701174
0.710423
0.735217
0.736635
0.783406
0.782502
0.731289
0.813545
0.795608
0.810602
0.791052
0.803929
0.795253
0.827260
0.791828
0.794780
0.814696
0.828243
0.806851
0.820726
0.810114
0.777078
0.823161
0.791954
0.783555
0.789406
0.868975
0.823026
0.824760
0.873185
0.798124
0.786141
0.752689
0.770663
0.725965
0.715009
0.713193
0.740909
0.717585
0.704148
0.681412
0.728951
0.717213
0.716385
0.747646
0.755415
0.752778
0.931793
0.900686
0.893598
0.872859
0.880977
0.894785
0.889846
0.932594
0.870079
0.855844
0.875004
0.856126
0.856289
0.856511
0.847550
0.868149
0.844686
0.851776
0.860243
0.853065
0.877671
0.839676
0.840144
0.867808
0.889700
0.807528
0.879604
0.868343
0.864331
0.861226
0.825622
0.795759
0.795872
0.850264
0.853472
0.815213
0.851798
0.801276
0.873533
0.807739
0.835236
0.816062
0.790191
0.820499
0.856966
0.879629
0.871061
0.874627
0.881385
0.904787
0.862638
0.858507
0.882491
0.887995
0.860075
0.867700
0.877625
0.829463
0.824480
0.823613
0.831194
0.831119
0.874962
0.879640
0.861592
0.861204
0.880912
0.880893
0.875463
0.880717
0.891242
0.894514
0.849514
0.906545
0.889074
0.865916
0.847876
0.868081
0.852135
0.858867
0.898649
0.870079
0.872178
0.799959
0.871945
0.876684
0.852315
0.849915
0.759739
0.813446
0.778293
0.850600
0.832821
0.888927
0.833672
0.802452
0.749875
0.849843
0.886999
0.853842
0.910674
0.868658
0.837096
0.871621
0.868156
0.878176
0.906483
0.839518
0.932182
0.921914
0.889271
0.901305
0.890239
0.884901
0.894157
0.815913
0.824019
0.843440
0.832667
0.798442
0.749232
0.798183
0.779083
0.746850
0.693428
0.742939
0.807749
0.768127
0.780383
0.728736
0.717638
0.730635
0.671129
0.696851
0.685178
0.685219
0.713528
0.694686
0.692416
0.672184
0.720811
0.675055
0.648922
0.695884
0.629170
0.662405
0.712923
0.702009
0.650749
0.698211
0.659322
0.550453
0.699580
0.574312
0.644534
0.576855
0.584706
0.630482
0.639835
0.634862
0.630824
0.658575
0.604381
0.668100
0.672577
0.686474
0.684322
0.708601
0.734019
0.675427
0.688778
0.749529
0.715874
0.749967
0.741348
0.766527
0.758184
0.764057
0.801367
0.789557
0.838190
0.838954
0.679630
0.626055
0.649335
0.667049
0.642245
0.704249
0.730861
0.798812
0.775524
0.791396
0.817075
0.734234
0.805838
0.688137
0.775890
0.760332
0.832861
0.799309
0.763994
0.746204
0.720755
0.761494
0.720723
0.657181
0.657944
0.704845
0.679242
0.738171
0.720263
0.742660
0.751280
0.772970
0.798877
0.785977
0.796628
0.776162
0.806656
0.793049
0.807719
0.806736
0.792938
0.811094
0.792076
0.824014
0.825815
0.770181
0.779309
0.814674
0.815829
0.814933
0.814328
0.808716
0.807635
0.833981
0.819910
0.841711
0.832715
0.829928
0.802238
0.804868
0.813699
0.829928
0.838441
0.823225
0.839861
0.862619
0.835274
0.847055
0.841100
0.830112
0.793145
0.809946
0.814330
0.830363
0.785815
0.834082
0.702409
0.705909
0.667374
0.708721
0.708313
0.731841
0.740763
0.731128
0.731765
0.692630
0.646170
0.749007
0.706337
0.694262
0.693019
0.679582
0.676389
0.654811
0.695231
0.742012
0.633709
0.578016
0.570641
0.695024
0.657224
0.718828
0.713957
0.717853
0.700071
0.699578
0.688409
0.695389
0.696177
0.687999
0.746973
0.665053
0.643795
0.616056
0.676603
0.696901
0.697668
0.706308
0.705955
0.648500
0.686383
0.721320
0.698818
0.749656
0.642294
0.703971
0.751872
0.775959
0.739392
0.714117
0.718657
0.690638
0.710077
0.731394
0.695266
0.699620
0.708309
0.750248
0.736268
0.743560
0.656781
0.618664
0.667678
0.621250
0.610612
0.636800
0.599300
0.646218
0.592655
0.652352
0.658787
0.593334
0.599365
0.614174
0.623382
0.604960
0.627277
0.685330
0.736520
0.707287
0.715827
0.737911
0.707934
0.737827
0.769433
0.698828
0.764775
0.785385
0.812201
0.730634
0.684651
0.677300
0.663967
0.688916
0.671124
0.843085
0.836915
0.831007
0.865360
0.814853
0.815376
0.836572
0.831222
0.847927
0.813598
0.852378
0.807276
0.854147
0.697104
0.670446
0.746381
0.688815
0.670113
0.692528
0.709624
0.692173
0.701268
0.689953
0.707199
0.661521
0.749387
0.759119
0.709212
0.732094
0.765944
0.801346
0.801831
0.831835
0.810025
0.800834
0.826229
0.782483
0.776199
0.751687
0.747875
0.791152
0.802483
0.834493
0.825860
0.812402
0.813314
0.811645
0.831615
0.833707
0.821243
0.762316
0.789609
0.774238
0.812835
0.730144
0.754667
0.753691
0.726820
0.773801
0.824537
0.790529
0.714992
0.715697
0.750937
0.772208
0.727571
0.719387
0.802884
0.789005
0.780562
0.797449
0.821871
0.805786
0.738867
0.764118
0.738671
0.765065
0.784201
0.790206
0.735482
0.765844
0.796645
0.817411
0.813965
0.810072
0.657276
0.687925
0.685373
0.691540
0.723938
0.744974
0.767932
0.766555
0.721565
0.770623
0.661858
0.755046
0.726142
0.753275
0.731178
0.696854
0.700048
0.761698
0.724488
0.709777
0.710068
0.713334
0.714110
0.688651
0.626280
0.720560
0.667202
0.661325
0.622348
0.826889
0.813114
0.832099
0.807441
0.793409
0.775487
0.784908
0.788892
0.809229
0.807669
0.796841
0.832834
0.837389
0.817145
0.816510
0.817879
0.823733
0.829541
0.811010
0.806357
0.800226
0.799296
0.783807
0.576172
0.631199
0.634976
0.626752
0.694216
0.653220
0.767151
0.773353
0.726784
0.651591
0.689039
0.626043
0.612259
0.675456
0.727350
0.629360
0.703224
0.744638
0.721945
0.641678
0.746063
0.720874
0.763047
0.745972
0.770193
0.748084
0.757065
0.740794
0.750585
0.751289
0.698589
0.734491
0.689619
0.624111
0.716461
0.686892
0.626162
0.652647
0.704325
0.648238
0.620233
0.563207
0.603794
0.601950
0.611860
0.601558
0.582534
0.642856
0.568397
0.604228
0.578656
0.596103
0.506169
0.538575
0.601847
0.567049
0.576719
0.615427
0.619220
0.601382
0.403234
0.459638
0.407061
0.457459
0.510661
0.505859
0.398562
0.452352
0.499385
0.448614
0.550654
0.502731
0.538375
0.586979
0.560675
0.552928
0.618292
0.660030
0.684971
0.623291
0.673917
0.704473
0.701620
0.653072
0.704669
0.662289
0.715637
0.656573
0.716333
0.649029
0.718101
0.587680
0.613493
0.699251
0.643360
0.623881
0.723579
0.612865
0.678255
0.658759
0.723612
0.598923
0.521506
0.584603
0.508772
0.514737
0.496443
0.545974
0.494756
0.502520
0.488091
0.570268
0.487333
0.541122
0.549961
0.457171
0.581324
0.572084
0.494801
0.607403
0.530147
0.569329
0.563307
0.587848
0.587385
0.556400
0.589013
0.603873
0.588250
0.601823
0.601744
0.535564
0.542809
0.608965
0.580862
0.519611
0.600746
0.520896
0.487494
0.555822
0.613908
0.549209
0.478918
0.532568
0.460664
0.461904
0.451102
0.522690
0.600609
0.516217
0.456581
0.490933
0.430864
0.447929
0.364646
0.421519
0.465894
0.391693
0.428764
0.409472
0.460554
0.507310
0.502780
0.497991
0.490331
0.513067
0.476857
0.407608
0.464135
0.403786
0.441978
0.358748
0.457869
0.435901
0.395778
0.492803
0.464293
0.533933
0.605750
0.489667
0.476303
0.390935
0.468765
0.377415
0.465747
0.523329
0.524903
0.350440
0.410592
0.488251
0.478094
0.556064
0.537114
0.623063
0.595537
0.576435
0.587397
0.588072
0.534205
0.541820
0.371379
0.356955
0.381361
0.399183
0.349456
0.381896
0.410424
0.425904
0.412117
0.344105
0.329527
0.356120
0.375017
0.393755
0.405072
0.421171
0.471604
0.438811
0.425770
0.468223
0.437257
0.469274
0.554428
0.441524
0.439346
0.467110
0.482733
0.432393
0.458140
0.475625
0.456483
0.361517
0.407266
0.294204
0.395519
0.293671
0.406428
0.230456
0.400279
0.391848
0.285361
0.448958
0.452268
0.468080
0.477638
0.275469
0.369132
0.261801
0.372560
0.440432
0.439600
0.270564
0.399706
0.370679
0.367255
0.428190
0.438166
0.419018
0.466245
0.456540
0.457794
0.465290
0.470941
0.458392
0.462385
0.440610
0.454304
0.416348
0.420802
0.433130
0.429790
0.394234
0.368242
0.379858
0.410356
0.365630
0.409359
0.392586
0.365491
0.422781
0.448766
0.177357
0.148681
0.178664
0.106812
0.092127
0.114912
0.209385
0.175613
0.141410
0.109290
0.030958
0.087018
0.081118
0.098866
0.092518
0.088377
0.083780
0.228130
0.087957
0.078437
0.000000
0.095046
0.078411
0.060779
0.145155
0.106758
0.086375
0.085604
0.103236
0.205090
0.167778
0.168308
0.165571
0.108286
0.084062
0.068598
0.240096
0.199254
0.229293
0.281346
0.175885
0.205324
0.267247
0.342031
0.238078
0.159226
0.165520
0.219563
0.187594
0.233246
0.213502
0.303717
0.373258
0.241664
0.282649
0.400124
0.275310
0.431338
0.530804
0.392198
0.312102
0.400868
0.520538
0.401688
0.550821
0.530916
0.572719
0.359828
0.313188
0.352538
0.574911
0.434857
0.597004
0.469805
0.532783
0.606384
0.479505
0.517365
0.589450
0.490472
0.549305
0.512664
0.476688
0.460391
0.466391
0.479688
0.481506
0.338001
0.233959
0.326010
0.436016
0.426613
0.461557
0.412052
0.458607
0.470150
0.464153
0.453852
0.468586
0.450789
0.462524
0.402965
0.422611
0.356721
0.366176
0.423562
0.361739
0.297408
0.244777
0.246967
0.304376
0.239947
0.302036
0.297064
0.236063
0.364662
0.429429
0.543905
0.571834
0.545361
0.599882
0.552115
0.525268
0.561775
0.606562
0.547535
0.549091
0.606574
0.549538
0.521191
0.555902
0.531572
0.504425
0.553850
0.529332
0.550651
0.572273
0.547586
0.584653
0.664243
0.608511
0.556708
0.520951
0.559845
0.504756
0.550167
0.576669
0.565710
0.500747
0.570664
0.521708
0.538761
0.535958
0.557425
0.541118
0.582436
0.573545
0.550816
0.592837
0.584264
0.586940
0.594963
0.589043
0.584814
0.604109
0.593024
0.599923
0.597465
0.618936
0.685867
0.635875
0.609786
0.640049
0.613022
0.614006
0.627082
0.617616
0.635893
0.618937
0.594128
0.609779
0.588441
0.641125
0.657519
0.631771
0.656511
0.644515
0.633796
0.642280
0.661378
0.620813
0.646012
0.583123
0.628531
0.626326
0.574975
0.633398
0.629930
0.464023
0.472602
0.543551
0.523603
0.499239
0.555747
0.549709
0.550833
0.572114
0.519677
0.573869
0.584476
0.552415
0.583992
0.512270
0.604641
0.516991
0.468832
0.547958
0.567244
0.525018
0.527984
0.507438
0.519059
0.593023
0.549204
0.566995
0.504885
0.447781
0.401861
0.442276
0.480180
0.390175
0.458640
0.393883
0.469221
0.568465
0.639276
0.721161
0.615361
0.648361
0.742831
0.724355
0.638597
0.745231
0.654424
0.695227
0.756174
0.735753
0.783604
0.705454
0.712650
0.773534
0.735938
0.686838
0.748375
0.668881
0.699563
0.634307
0.737180
0.708353
0.651150
0.718223
0.661007
0.627781
0.630516
0.725840
0.661912
0.653278
0.637219
0.613827
0.639530
0.615832
0.623064
0.597523
0.661842
0.625192
0.670110
0.628382
0.546170
0.589100
0.552907
0.590463
0.482958
0.519711
0.598965
0.557291
0.567230
0.640952
0.607095
0.674701
0.392167
0.454214
0.403031
0.451247
0.490243
0.480005
0.415504
0.476311
0.494211
0.447977
0.528451
0.486600
0.513838
0.572253
0.520468
0.530380
0.405984
0.408053
0.401683
0.434696
0.363979
0.364113
0.401999
0.441670
0.359505
0.321787
0.277519
0.274017
0.316881
0.276116
0.313998
0.293187
0.352753
0.332290
0.279007
0.385609
0.366212
0.433935
0.550757
0.443259
0.412078
0.283471
0.332682
0.276414
0.330307
0.375825
0.383669
0.272248
0.333131
0.373555
0.445427
0.417035
0.441680
0.412129
0.444613
0.415493
0.462060
0.428617
0.456765
0.424996
0.187248
0.342065
0.236064
0.351888
0.232190
0.392963
0.367935
0.260226
0.440647
0.428603
0.453341
0.462428
0.293856
0.371945
0.293535
0.372087
0.425273
0.428565
0.293851
0.402684
0.363118
0.368344
0.433860
0.426734
0.452675
0.469301
0.459329
0.460571
0.050474
0.114874
0.121002
0.108485
0.152479
0.151404
0.118551
0.108921
0.143821
0.222361
0.215582
0.202478
0.166984
0.202962
0.119840
0.147194
0.107088
0.240992
0.114578
0.118544
0.175202
0.161381
0.120841
0.116040
0.130580
0.131727
0.120531
0.105008
0.088273
0.126181
0.106511
0.122818
0.117797
0.099216
0.111048
0.110186
0.526643
0.553112
0.571106
0.561779
0.520363
0.565150
0.607691
0.566328
0.550382
0.438632
0.462747
0.360765
0.498511
0.370128
0.491222
0.330664
0.503407
0.497682
0.364553
0.560407
0.570402
0.572308
0.639077
0.568872
0.591206
0.399142
0.494788
0.384082
0.480317
0.525868
0.526340
0.397027
0.516990
0.489435
0.490920
0.567850
0.547080
0.562056
0.585955
0.559664
0.602656
0.583732
0.554003
0.568321
0.554547
0.558838
0.634789
0.530678
0.594148
0.605581
0.601766
0.483365
0.444368
0.452156
0.589972
0.521910
0.581469
0.527487
0.545381
0.599384
0.542981
0.551163
0.579654
0.551566
0.602696
0.562592
0.519408
0.579313
0.550349
0.524090
0.521864
0.571759
0.636167
0.559612
0.538769
0.544943
0.543568
0.534529
0.557552
0.536391
0.535069
0.111887
0.076889
0.112125
0.165952
0.074102
0.112271
0.175888
0.220075
0.174683
0.069818
0.123500
0.175282
0.358897
0.261958
0.353865
0.255240
0.353778
0.468248
0.282487
0.238661
0.443147
0.479842
0.433729
0.504303
0.492051
0.510012
0.495924
0.509018
0.419898
0.455555
0.509710
0.486539
0.416758
0.499159
0.386576
0.451713
0.433545
0.378224
0.394980
0.342753
0.372736
0.334650
0.292163
0.303519
0.320920
0.332210
0.303022
0.337398
0.313216
0.341198
0.347796
0.347384
0.287330
0.327969
0.288993
0.184640
0.237068
0.169801
0.221224
0.203516
0.141768
0.264953
0.328539
0.339141
0.389812
0.379665
0.391777
0.365338
0.375678
0.407844
0.420921
0.428851
0.333083
0.371437
0.432154
0.459531
0.477751
0.441305
0.457296
0.447740
0.553684
0.459770
0.437639
0.450005
0.454600
0.442450
0.466667
0.473053
0.504647
0.499147
0.497591
0.491152
0.496766
0.472403
0.474296
0.376669
0.460470
0.366634
0.370579
0.464145
0.403348
0.328261
0.324446
0.387646
0.472973
0.435275
0.427817
0.435220
0.418930
0.395159
0.387739
0.320674
0.298187
0.269120
0.347538
0.436872
0.465461
0.436396
0.438590
0.518812
0.478800
0.491292
0.462774
0.502975
0.488886
0.441703
0.518219
0.435227
0.435185
0.349509
0.379813
0.581798
0.584735
0.582385
0.627900
0.568452
0.614435
0.614350
0.663957
0.610851
0.649109
0.616730
0.643312
0.540078
0.513447
0.611847
0.602714
0.462941
0.586810
0.344332
0.514696
0.562294
0.464576
0.548785
0.472560
0.384974
0.411851
0.531189
0.602817
0.504485
0.459558
0.461572
0.415832
0.300526
0.342212
0.354317
0.417019
0.326817
0.333217
0.276398
0.320874
0.336698
0.377602
0.279570
0.356021
0.354714
0.353906
0.186270
0.185684
0.194490
0.329817
0.278680
0.339718
0.369052
0.342788
0.364191
0.346318
0.503474
0.476880
0.388687
0.426851
0.444505
0.375575
0.379129
0.375808
0.363650
0.343486
0.335779
0.309903
0.345835
0.345573
0.329531
0.317073
0.376512
0.341838
0.364367
0.381061
0.353687
0.383222
0.358656
0.359307
0.364993
0.384747
0.398032
0.373753
0.414911
0.405293
0.390377
0.391673
0.483682
0.383318
0.409559
0.369263
0.396315
0.332499
0.360870
0.381574
0.362677
0.362269
0.377928
0.370715
0.393761
0.547871
0.557566
0.531273
0.539961
0.556347
0.525142
0.492448
0.504331
0.492013
0.501525
0.421933
0.482235
0.501039
0.489634
0.519017
0.512383
0.538698
0.616696
0.543395
0.534100
0.449992
0.468592
0.424143
0.453603
0.486716
0.469697
0.416846
0.421840
0.449368
0.429298
0.464639
0.468019
0.514355
0.508602
0.498713
0.499949
0.508817
0.495208
0.521687
0.519927
0.514204
0.497540
0.501136
0.493699
0.485923
0.502314
0.499478
0.535597
0.532148
0.509471
0.534783
0.516812
0.538638
0.555768
0.528963
0.548694
0.537357
0.523449
0.532981
0.512776
0.594720
0.577672
0.610572
0.596472
0.568788
0.590743
0.623291
0.614558
0.603753
0.588830
0.572133
0.560694
0.440112
0.481715
0.472922
0.474215
0.485558
0.474608
0.453609
0.461395
0.449820
0.461452
0.533277
0.436563
0.461096
0.450773
0.448198
0.413011
0.385955
0.425282
0.439746
0.399744
0.435162
0.394973
0.388706
0.434242
0.425161
0.470558
0.503525
0.496222
0.454388
0.535598
0.521069
0.484005
0.439524
0.504313
0.544283
0.612677
0.531975
0.543872
0.522538
0.531934
0.505718
0.492991
0.482443
0.419942
0.459643
0.310273
0.345309
0.303488
0.261635
0.369562
0.333328
0.281383
0.249206
0.324725
0.393577
0.354059
0.341812
0.354555
0.341613
0.325048
0.312607
0.304656
0.271431
0.241279
0.282893
0.402981
0.384434
0.368012
0.379189
0.310789
0.381960
0.331607
0.369620
0.253639
0.304391
0.346731
0.308233
0.306732
0.329650
0.333713
0.346934
0.471352
0.489888
0.495358
0.417275
0.464759
0.481913
0.409845
0.329734
0.389076
0.407448
0.311861
0.437890
0.269140
0.356476
0.197112
0.223485
0.281136
0.232040
0.242101
0.304939
0.241080
0.213638
0.268803
0.328708
0.245861
0.200587
0.277246
0.254526
0.201730
0.302110
0.393971
0.316181
0.482537
0.361832
0.365460
0.511960
0.295541
0.190213
0.239803
0.358276
0.331874
0.357887
0.308557
0.282754
0.310462
0.355888
0.324314
0.244955
0.277528
0.230566
0.267361
0.222667
0.203148
0.238435
0.275074
0.186588
0.155259
0.227844
0.216168
0.171917
0.254868
0.275476
0.311199
0.319009
0.279047
0.184347
0.230032
0.363948
0.358136
0.360669
0.326602
0.332146
0.335606
0.376857
0.354876
0.323458
0.333014
0.294525
0.302555
0.321534
0.340408
0.301367
0.305769
0.301809
0.317334
0.317697
0.316257
0.341138
0.356741
0.345932
0.340977
0.393247
0.370407
0.344858
0.337465
0.366521
0.427958
0.414515
0.393309
0.376597
0.350568
0.322892
0.331557
0.214450
0.222037
0.187614
0.183895
0.244985
0.197132
0.179890
0.175172
0.187771
0.270198
0.224374
0.212160
0.228915
0.204385
0.202508
0.182967
0.184822
0.184840
0.167762
0.171299
0.280074
0.280102
0.240525
0.236757
0.237909
0.268843
0.187236
0.229588
0.164045
0.193838
0.199334
0.193449
0.192376
0.208640
0.195205
0.220559
0.192540
0.156775
0.184160
0.164161
0.124810
0.141020
0.150088
0.172492
0.117523
0.137128
0.101240
0.113039
0.119492
0.107140
0.136003
0.135157
0.130976
0.121868
0.113111
0.136315
0.129705
0.126095
0.148944
0.113809
0.115281
0.135016
0.163614
0.154886
0.155272
0.114418
0.117716
0.099313
0.200517
0.166601
0.192437
0.176944
0.138664
0.163477
0.201895
0.160685
0.100343
0.134665
0.089239
0.141516
0.096032
0.085255
0.103562
0.138638
0.085014
0.075586
0.099199
0.098232
0.077621
0.117771
0.130084
0.144762
0.161318
0.123052
0.072835
0.090222
0.649669
0.606841
0.618871
0.650883
0.611874
0.592521
0.426508
0.541861
0.443824
0.543821
0.439761
0.567250
0.532244
0.456947
0.618171
0.591222
0.639299
0.727611
0.628800
0.667080
0.501227
0.562382
0.504209
0.552072
0.599707
0.587885
0.508206
0.592480
0.541474
0.537596
0.580583
0.575672
0.583246
0.647145
0.611705
0.598615
0.647497
0.627968
0.651376
0.631275
0.625824
0.660995
0.630783
0.650213
0.656536
0.673868
0.623027
0.653265
0.609923
0.614796
0.591651
0.587214
0.572889
0.459717
0.639882
0.658173
0.628452
0.664430
0.566908
0.460214
0.561325
0.601674
0.562295
0.438306
0.445470
0.534643
0.543850
0.561446
0.577846
0.177582
0.186042
0.193341
0.229061
0.229016
0.245020
0.250733
0.230252
0.326509
0.299983
0.358999
0.323405
0.342425
0.372104
0.285899
0.297717
0.286853
0.414053
0.266846
0.267693
0.420635
0.318263
0.429317
0.340967
0.286858
0.311994
0.421459
0.521690
0.403260
0.355586
0.377959
0.322924
0.343589
0.382142
0.319639
0.376740
0.350559
0.308225
0.312427
0.282038
0.374052
0.473676
0.327770
0.375559
0.468605
0.353791
0.310776
0.286729
0.402806
0.334491
0.441992
0.473374
0.360117
0.448123
0.474932
0.370098
0.477944
0.577776
0.464923
0.393392
0.513418
0.606467
0.555934
0.619191
0.584187
0.607556
0.523307
0.557615
0.495920
0.618087
0.472038
0.601813
0.420258
0.510115
0.574814
0.482815
0.544521
0.589510
0.512620
0.580199
0.455551
0.456579
0.456186
0.479286
0.488754
0.494359
0.440921
0.478412
0.489906
0.479930
0.492142
0.489300
0.482875
0.504282
0.470000
0.429062
0.408055
0.502352
0.500578
0.383659
0.490275
0.554152
0.549692
0.532492
0.457910
0.505663
0.437294
0.487351
0.472177
0.433112
0.459627
0.487462
0.463319
0.475605
0.447174
0.466341
0.473951
0.418480
0.480366
0.416412
0.446300
0.546369
0.474046
0.435121
0.546651
0.498810
0.549943
0.465898
0.446853
0.440600
0.380119
0.426894
0.509407
0.424093
0.413998
0.571862
0.618354
0.593454
0.606868
0.638046
0.611852
0.631457
0.594069
0.634900
0.678109
0.664106
0.589886
0.660785
0.631585
0.669929
0.705539
0.660182
0.628808
0.642175
0.658691
0.655766
0.685622
0.727156
0.668200
0.692891
0.659798
0.676511
0.613130
0.660414
0.682790
0.656569
0.665681
0.717734
0.670881
0.704204
0.628173
0.620335
0.609235
0.609683
0.631667
0.623412
0.594042
0.636185
0.592625
0.593691
0.608445
0.602626
0.592419
0.636141
0.611775
0.623337
0.650657
0.627511
0.657893
0.640064
0.598025
0.637641
0.592666
0.625525
0.654261
0.653853
0.561683
0.629536
0.641576
0.636851
0.658321
0.673785
0.580191
0.669304
0.667072
0.739434
0.506859
0.631781
0.604024
0.685373
0.671725
0.674650
0.661187
0.754739
0.701031
0.649733
0.648331
0.662091
0.723833
0.624725
0.673423
0.718327
0.695091
0.692042
0.673629
0.617761
0.651464
0.736362
0.657567
0.695790
0.606451
0.761615
0.648357
0.650357
0.572072
0.620103
0.666916
0.594546
0.668252
0.457825
0.571158
0.518748
0.607667
0.560866
0.627310
0.643635
0.575350
0.644994
0.648180
0.653727
0.697338
0.619967
0.698981
0.597057
0.595212
0.602954
0.603273
0.602187
0.603366
0.588177
0.642192
0.590275
0.585518
0.601306
0.595811
0.602651
0.653037
0.602031
0.615370
0.663271
0.619115
0.665421
0.625148
0.637447
0.704608
0.646274
0.697585
0.732349
0.732965
0.667140
0.692720
0.739440
0.683659
0.730063
0.669048
0.761356
0.639477
0.716015
0.641780
0.541963
0.576237
0.526234
0.447814
0.457768
0.465232
0.517967
0.562927
0.377759
0.554026
0.593838
0.588095
0.637506
0.710172
0.674472
0.692316
0.640364
0.669327
0.668752
0.680292
0.695032
0.742052
0.682613
0.707841
0.732277
0.687448
0.493580
0.553915
0.528792
0.572279
0.614006
0.588408
0.563362
0.594564
0.604665
0.584042
0.606274
0.599485
0.598449
0.614658
0.600723
0.562252
0.508288
0.560101
0.521725
0.452192
0.479227
0.540746
0.539032
0.573647
0.547185
0.606551
0.567435
0.552881
0.604786
0.563569
0.559561
0.609339
0.566827
0.579191
0.565808
0.587858
0.578067
0.470896
0.476138
0.568381
0.491981
0.557819
0.533791
0.576970
0.582948
0.509752
0.608724
0.586588
0.602293
0.656758
0.575835
0.594379
0.612982
0.566231
0.630638
0.597573
0.596905
0.609101
0.624581
0.671826
0.600101
0.600034
0.640960
0.621873
0.587136
0.635105
0.613706
0.608821
0.636940
0.615927
0.631103
0.606163
0.656302
0.650028
0.623092
0.630189
0.646312
0.633111
0.634032
0.687311
0.633526
0.621848
0.629764
0.622854
0.564966
0.609866
0.604588
0.622225
0.604451
0.619854
0.598017
0.631177
0.572491
0.602433
0.571869
0.599712
0.584546
0.567135
0.559057
0.560430
0.577714
0.576512
0.567799
0.559972
0.550094
0.545415
0.551224
0.569273
0.385986
0.422811
0.435999
0.407649
0.417931
0.442178
0.478998
0.449426
0.466757
0.413979
0.395807
0.403087
0.420433
0.433902
0.462653
0.452451
0.493087
0.475219
0.447420
0.501844
0.494798
0.505767
0.581702
0.474045
0.501695
0.548056
0.520534
0.596219
0.594579
0.512562
0.588865
0.587856
0.666190
0.616565
0.580522
0.612018
0.575386
0.578935
0.601718
0.584417
0.611135
0.604563
0.581070
0.551199
0.526463
0.391090
0.377717
0.371009
0.405835
0.375171
0.385868
0.393291
0.439499
0.401967
0.376514
0.445503
0.440312
0.382580
0.470561
0.405735
0.510201
0.548575
0.452802
0.480704
0.538100
0.443117
0.515398
0.602410
0.470001
0.437547
0.572362
0.635156
0.592834
0.638268
0.629614
0.637511
0.607121
0.681548
0.639790
0.659763
0.664499
0.670441
0.576957
0.607010
0.633139
0.625756
0.594801
0.633956
0.556337
0.607027
0.612189
0.584466
0.610456
0.600658
0.570414
0.574679
0.602223
0.596207
0.590362
0.492957
0.552280
0.492199
0.541987
0.509960
0.533979
0.439227
0.413908
0.461227
0.422413
0.384646
0.399666
0.402878
0.421102
0.424141
0.420722
0.457700
0.477532
0.588519
0.607927
0.582654
0.616329
0.599786
0.566722
0.574661
0.585596
0.564120
0.601584
0.571734
0.550740
0.538038
0.518577
0.555181
0.532912
0.548468
0.629388
0.564739
0.527146
0.554700
0.521494
0.552528
0.528707
0.521973
0.518500
0.517529
0.519727
0.479203
0.474772
0.527908
0.519159
0.495536
0.540899
0.523086
0.559188
0.556233
0.546254
0.532015
0.537744
0.548552
0.529122
0.544022
0.560664
0.533702
0.557573
0.597942
0.567509
0.543944
0.552331
0.540582
0.589683
0.585646
0.560390
0.566731
0.608004
0.567967
0.599579
0.608371
0.570920
0.608903
0.535604
0.531531
0.511849
0.585963
0.579434
0.507294
0.510462
0.550658
0.537503
0.556322
0.550976
0.552595
0.573978
0.558214
0.541849
0.559105
0.600786
0.613260
0.592430
0.579354
0.604923
0.587820
0.609784
0.568121
0.577128
0.598014
0.585313
0.560675
0.587875
0.559415
0.571924
0.581314
0.583404
0.563631
0.558884
0.530559
0.582279
0.564492
0.525774
0.540598
0.558028
0.543971
0.534732
0.544144
0.535347
0.546182
0.540248
0.546995
0.535808
0.515130
0.509248
0.523430
0.512464
0.524706
0.584019
0.553711
0.523935
0.576181
0.584995
0.602585
0.554260
0.553537
0.554774
0.567007
0.548250
0.539644
0.561977
0.542786
0.558905
0.552180
0.548430
0.530650
0.524530
0.536944
0.525225
0.570049
0.537864
0.462552
0.520798
0.540645
0.488389
0.502684
0.485743
0.495550
0.474005
0.473140
0.510860
0.480138
0.503546
0.440722
0.551967
0.472569
0.568281
0.632225
0.577196
0.546065
0.611909
0.552751
0.576226
0.568167
0.585628
0.533798
0.583847
0.533270
0.581983
0.644886
0.584626
0.531807
0.639767
0.613317
0.631821
0.602693
0.548697
0.587424
0.534152
0.566852
0.436674
0.470193
0.553116
0.523085
0.508139
0.590325
0.540884
0.630168
0.348678
0.388054
0.358700
0.386267
0.418312
0.416537
0.361526
0.410631
0.429870
0.383232
0.448725
0.410018
0.497720
0.537526
0.431384
0.475261
0.545083
0.450299
0.556525
0.448511
0.559456
0.633982
0.600036
0.655622
0.643627
0.652872
0.560290
0.688626
0.679621
0.680361
0.685745
0.660458
0.401857
0.355665
0.391300
0.401736
0.405215
0.434227
0.438438
0.439445
0.398176
0.458158
0.340699
0.451875
0.536651
0.481743
0.557453
0.572818
0.530594
0.526351
0.526560
0.508069
0.561340
0.513127
0.448483
0.440976
0.475761
0.473160
0.449164
0.481080
0.497301
0.515716
0.518661
0.583921
0.536774
0.552992
0.495263
0.539408
0.479027
0.636221
0.644979
0.633097
0.652608
0.631009
0.657193
0.622605
0.648708
0.629989
0.616078
0.650342
0.633406
0.619713
0.634910
0.608457
0.639371
0.647283
0.662956
0.634151
0.641609
0.668685
0.537957
0.645509
0.521083
0.613692
0.509910
0.604071
0.456865
0.432826
0.446243
0.419887
0.391978
0.420043
0.374200
0.388177
0.360716
0.354217
0.403497
0.431153
0.417640
0.442862
0.440477
0.457476
0.420732
0.446042
0.460631
0.481519
0.468293
0.397709
0.441777
0.344886
0.403270
0.315426
0.376814
0.388885
0.366105
0.322716
0.299410
0.346641
0.340060
0.256091
0.267536
0.206979
0.196273
0.245655
0.273736
0.168201
0.216586
0.154028
0.204011
0.300239
0.287795
0.250622
0.277866
0.166851
0.195494
0.121833
0.150240
0.242727
0.243951
0.170022
0.167062
0.275150
0.237115
0.187164
0.161760
0.107530
0.135777
0.111249
0.115189
0.237702
0.285941
0.275638
0.302296
0.264343
0.239830
0.287891
0.328745
0.294230
0.179170
0.201882
0.267113
0.392718
0.313096
0.411354
0.314262
0.395341
0.481629
0.354220
0.324815
0.444423
0.491284
0.459820
0.501848
0.522153
0.521279
0.531036
0.528338
0.480891
0.478308
0.524414
0.543161
0.453226
0.490155
0.408542
0.454289
0.512793
0.466871
0.516164
0.450343
0.407725
0.389283
0.508691
0.429838
0.375373
0.344528
0.356195
0.346754
0.349545
0.370530
0.363114
0.362385
0.342698
0.354775
0.335470
0.302727
0.334570
0.287139
0.326963
0.324777
0.290654
0.340912
0.349540
0.649404
0.591530
0.646172
0.600419
0.563647
0.569772
0.564849
0.570109
0.599660
0.608471
0.628311
0.641648
0.530814
0.536695
0.580119
0.581779
0.552250
0.554486
0.603186
0.598836
0.622503
0.604006
0.641561
0.589494
0.637592
0.622299
0.626915
0.615212
0.555719
0.603545
0.539469
0.598239
0.577715
0.494982
0.622234
0.643873
0.467617
0.479154
0.470349
0.483596
0.492601
0.484537
0.477582
0.485701
0.538182
0.478735
0.525705
0.532568
0.582138
0.474740
0.574906
0.626987
0.567725
0.581827
0.587972
0.579157
0.616117
0.581341
0.618966
0.584232
0.577848
0.607108
0.579509
0.631675
0.580047
0.652614
0.671548
0.604936
0.594427
0.691134
0.668344
0.721948
0.621034
0.603430
0.631249
0.703375
0.635491
0.630421
0.651352
0.658170
0.707462
0.673259
0.641269
0.652871
0.606449
0.585874
0.568388
0.559198
0.569103
0.549137
0.576240
0.543812
0.523512
0.529761
0.485884
0.532073
0.588536
0.515277
0.531015
0.503935
0.465448
0.451058
0.470283
0.505931
0.494236
0.434846
0.451475
0.444845
0.447181
0.468471
0.480293
0.441011
0.454343
0.480521
0.486123
0.491175
0.491059
0.488436
0.510517
0.480139
0.491747
0.521005
0.503146
0.515139
0.545493
0.529528
0.551734
0.530138
0.523801
0.527201
0.512241
0.523360
0.121155
0.125922
0.193845
0.195215
0.122774
0.205107
0.291382
0.482484
0.391795
0.286497
0.398780
0.281006
0.347230
0.238357
0.272587
0.392517
0.176630
0.179747
0.099349
0.115072
0.375685
0.252098
0.363274
0.250865
0.188885
0.167681
0.357447
0.445916
0.249727
0.244270
0.150991
0.148964
0.076401
0.086033
0.084284
0.094795
0.582201
0.588462
0.630231
0.626233
0.565160
0.609008
0.622311
0.626986
0.612332
0.562811
0.609008
0.624411
0.568995
0.603183
0.580119
0.607668
0.590190
0.665524
0.613757
0.608319
0.492654
0.468497
0.501706
0.497252
0.414664
0.426003
0.483135
0.463866
0.497121
0.542429
0.495325
0.505538
0.559596
0.516786
0.574738
0.540698
0.548380
0.577362
0.555388
0.568942
0.591996
0.597182
0.556615
0.566419
0.587304
0.628239
0.605535
0.634347
0.609905
0.624951
0.605591
0.644044
0.648807
0.632675
0.643399
0.659597
0.646529
0.650489
0.643352
0.626157
0.632288
0.631886
0.615542
0.569327
0.594195
0.632761
0.620137
0.603956
0.635113
0.667821
0.622447
0.694100
0.614734
0.637771
0.695183
0.773432
0.762789
0.742899
0.740970
0.670239
0.499947
0.622087
0.706526
0.641544
0.589961
0.674989
0.644346
0.586946
0.679710
0.697635
0.691346
0.708510
0.706133
0.756990
0.710471
0.724698
0.727833
0.663262
0.676279
0.621835
0.576401
0.588098
0.637107
0.118336
0.275435
0.413086
0.424209
0.317671
0.431343
0.499078
0.489517
0.509371
0.330504
0.439180
0.449705
0.531145
0.527666
0.608464
0.599883
0.574851
0.601656
0.566575
0.554457
0.535337
0.497207
0.536863
0.628377
0.611916
0.629470
0.615258
0.588525
0.598742
0.631486
0.685382
0.611547
0.614996
0.600646
0.591074
0.588676
0.586913
0.589352
0.585264
0.265960
0.318040
0.211877
0.204530
0.305866
0.208740
0.143498
0.137018
0.123215
0.292138
0.194842
0.109417
0.053921
0.071855
0.071162
0.068381
0.077303
0.206651
0.093972
0.097507
0.124083
0.085715
0.174082
0.123308
0.078809
0.172517
0.347102
0.250589
0.347594
0.254080
0.246385
0.334720
0.171976
0.077896
0.117103
0.388683
0.381814
0.408455
0.403024
0.383200
0.417339
0.422746
0.435679
0.433044
0.378259
0.399193
0.423252
0.451673
0.445855
0.474905
0.441968
0.469915
0.555209
0.456864
0.445181
0.479122
0.457368
0.482861
0.455547
0.388363
0.400960
0.419559
0.414709
0.459441
0.459779
0.474285
0.483895
0.405467
0.423741
0.457446
0.470957
0.437103
0.487441
0.478359
0.489999
0.481779
0.491758
0.478545
0.485687
0.461727
0.440258
0.453732
0.436129
0.381469
0.404466
0.384226
0.407755
0.416592
0.397748
0.431717
0.455384
0.463722
0.460668
0.405118
0.424904
0.451242
0.426094
0.373699
0.394190
0.382509
0.460512
0.423013
0.384986
0.328078
0.360215
0.342561
0.358823
0.342908
0.370289
0.368310
0.348919
0.377111
0.375450
0.400498
0.393006
0.384607
0.400298
0.481615
0.439910
0.481381
0.443809
0.452891
0.500288
0.420528
0.382219
0.392808
0.534342
0.563744
0.541594
0.559061
0.565746
0.531647
0.522908
0.537225
0.514724
0.556599
0.537387
0.523717
0.499096
0.489393
0.514387
0.498226
0.523346
0.553416
0.526582
0.573968
0.584268
0.580673
0.598101
0.591984
0.598573
0.592222
0.574450
0.531209
0.572910
0.564340
0.560362
0.571708
0.564967
0.585815
0.586295
0.566359
0.572241
0.577520
0.580273
0.579095
0.576104
0.564647
0.569706
0.575213
0.570735
0.578803
0.578714
0.589634
0.604782
0.603544
0.615860
0.621861
0.591112
0.585878
0.565286
0.574897
0.657491
0.681314
0.649119
0.687095
0.649546
0.637211
0.634086
0.689460
0.623522
0.640578
0.628304
0.615275
0.592934
0.607667
0.601058
0.612490
0.605420
0.672486
0.652831
0.615240
0.569598
0.558898
0.580354
0.560495
0.546255
0.561876
0.563086
0.559956
0.572762
0.564133
0.599159
0.591694
0.575119
0.605533
0.582825
0.616251
0.608804
0.607712
0.641214
0.613318
0.625745
0.632178
0.636113
0.613763
0.670620
0.694542
0.650822
0.679945
0.707054
0.706658
0.707661
0.686695
0.699061
0.682622
0.679763
0.674232
0.597161
0.624541
0.633743
0.679306
0.612271
0.626593
0.661863
0.679702
0.660673
0.646430
0.620539
0.656276
0.652177
0.641944
0.688205
0.704169
0.710004
0.733563
0.704847
0.660969
0.657944
0.661200
0.679089
0.677603
0.649509
0.661989
0.689785
0.704357
0.694232
0.712623
0.701891
0.720292
0.676730
0.699581
0.702756
0.703194
0.704581
0.712910
0.718648
0.706659
0.714334
0.712464
0.733243
0.695890
0.707357
0.698600
0.717950
0.696321
0.648179
0.677879
0.636506
0.675694
0.671540
0.626484
0.715861
0.717236
0.513202
0.480052
0.548983
0.521714
0.481602
0.541956
0.605618
0.578946
0.576147
0.589811
0.533300
0.560875
0.496945
0.446292
0.481741
0.522972
0.569387
0.587570
0.530192
0.538044
0.588495
0.549457
0.465788
0.508235
0.456213
0.499238
0.437578
0.488609
0.528431
0.611588
0.499210
0.528682
0.616774
0.543023
0.519393
0.536548
0.521425
0.585959
0.537894
0.516777
0.525060
0.512823
0.528712
0.505539
0.533554
0.603506
0.552953
0.507547
0.547862
0.511530
0.555924
0.504981
0.466036
0.492376
0.448323
0.482644
0.426898
0.435329
0.472455
0.446247
0.469186
0.498007
0.496195
0.538969
0.382600
0.397595
0.394806
0.407918
0.410181
0.424095
0.404641
0.406769
0.432858
0.522088
0.475189
0.521841
0.467506
0.528951
0.450456
0.558124
0.591476
0.599474
0.577752
0.535877
0.586863
0.528920
0.536713
0.588751
0.655021
0.646035
0.696437
0.659920
0.706711
0.656726
0.565082
0.725673
0.723056
0.737311
0.563062
0.620617
0.568458
0.571045
0.520704
0.656588
0.640392
0.544547
0.676305
0.660283
0.589834
0.069803
0.127285
0.070714
0.116549
0.215054
0.183220
0.081856
0.124137
0.069830
0.099551
0.062054
0.073789
0.268963
0.110171
0.332147
0.184388
0.078168
0.094001
0.363536
0.219702
0.129392
0.083932
0.079234
0.061775
0.695769
0.715154
0.685004
0.714418
0.730157
0.697577
0.645574
0.639545
0.709035
0.640142
0.740252
0.709923
0.756716
0.697184
0.727986
0.765814
0.779549
0.750764
0.736624
0.738875
0.763076
0.737562
0.766113
0.760879
0.743802
0.675232
0.738936
0.757331
0.738802
0.756924
0.781641
0.750188
0.727961
0.744802
0.784566
0.768944
0.768846
0.769216
0.774565
0.785731
0.772992
0.747571
0.760667
0.734557
0.729383
0.730548
0.758030
0.720683
0.515059
0.496067
0.494339
0.483064
0.468287
0.466604
0.452794
0.426897
0.431094
0.447158
0.455093
0.449237
0.503611
0.508736
0.485767
0.502943
0.525662
0.515595
0.497848
0.477343
0.467089
0.606654
0.591600
0.592282
0.604917
0.596583
0.601847
0.591994
0.605728
0.595447
0.598180
0.541091
0.569117
0.614070
0.593773
0.585014
0.594626
0.586346
0.668575
0.592396
0.614817
0.542374
0.525420
0.554964
0.516182
0.530872
0.533098
0.558993
0.519427
0.526271
0.601111
0.546417
0.597735
0.548418
0.596736
0.554669
0.636863
0.650582
0.628700
0.644186
0.655442
0.654698
0.610327
0.641666
0.603050
0.643714
0.597213
0.627072
0.598755
0.604328
0.585885
0.592411
0.599899
0.590630
0.579275
0.584151
0.575615
0.612838
0.621701
0.623250
0.612887
0.560205
0.573511
0.622411
0.596778
0.564697
0.469875
0.365205
0.500597
0.356650
0.490763
0.298040
0.480529
0.480391
0.341853
0.539131
0.551823
0.571645
0.644547
0.580653
0.594707
0.356410
0.421209
0.358670
0.435018
0.493650
0.498528
0.350419
0.431547
0.492622
0.560994
0.529237
0.553680
0.520687
0.568311
0.517914
0.567971
0.567506
0.580862
0.569758
0.572895
0.574640
0.566137
0.577111
0.560943
0.580353
0.562096
0.590916
0.569510
0.567786
0.551423
0.567562
0.605475
0.587328
0.619426
0.588362
0.602076
0.625083
0.579279
0.559425
0.155702
0.098641
0.196851
0.149899
0.094768
0.198066
0.272977
0.275795
0.214078
0.278614
0.150256
0.190844
0.100628
0.221775
0.095655
0.136432
0.208244
0.222693
0.134006
0.141815
0.236784
0.150738
0.090135
0.097980
0.092229
0.093302
0.089463
0.085613
0.118071
0.144075
0.117793
0.152924
0.290681
0.215237
0.299223
0.222233
0.239809
0.179080
0.226677
0.306498
0.114748
0.155976
0.094403
0.116311
0.286592
0.177957
0.286923
0.179083
0.114700
0.122443
0.293713
0.185227
0.127174
0.085243
0.079676
0.086419
0.437239
0.472583
0.391325
0.425129
0.460255
0.386478
0.330061
0.359002
0.325459
0.351404
0.333798
0.368232
0.358878
0.368315
0.395528
0.394042
0.416432
0.522181
0.444964
0.430229
0.320637
0.353747
0.311831
0.348707
0.386410
0.383714
0.308507
0.344342
0.386406
0.440452
0.419035
0.449774
0.419196
0.442073
0.416500
0.466903
0.449903
0.458354
0.437234
0.390734
0.391055
0.398922
0.387976
0.436967
0.436321
0.450813
0.452570
0.378773
0.372851
0.435930
0.431707
0.369572
0.448636
0.477059
0.475407
0.457795
0.307400
0.297689
0.319414
0.283823
0.276815
0.304638
0.366710
0.343191
0.353789
0.332143
0.331769
0.308617
0.315854
0.346410
0.273869
0.278903
0.260321
0.266764
0.266290
0.273155
0.347252
0.311964
0.337806
0.302966
0.291786
0.272598
0.335339
0.294553
0.269779
0.248779
0.252659
0.262466
0.270023
0.268978
0.273143
0.395143
0.407954
0.385820
0.405321
0.428400
0.424939
0.424213
0.414962
0.365825
0.408957
0.406739
0.419693
0.403657
0.399743
0.376313
0.368940
0.412413
0.421487
0.392767
0.415027
0.403188
0.398760
0.394043
0.404097
0.395934
0.369609
0.378985
0.388317
0.330641
0.304883
0.344701
0.340263
0.313468
0.358348
0.364304
0.371407
0.414285
0.390746
0.406621
0.389659
0.379033
0.349870
0.323297
0.350592
0.428473
0.416769
0.404479
0.424325
0.434449
0.424853
0.407984
0.414448
0.398710
0.410439
0.388645
0.399982
0.447343
0.437396
0.472555
0.413892
0.394204
0.433766
0.475474
0.478460
0.459095
0.445860
0.336174
0.375816
0.396044
0.436254
0.378153
0.377730
0.372764
0.460951
0.375256
0.372541
0.337169
0.359022
0.301645
0.332443
0.382681
0.358018
0.224263
0.292070
0.330293
0.306503
0.346981
0.326241
0.365028
0.340144
0.380739
0.251310
0.258612
0.264130
0.269112
0.272701
0.289121
0.351720
0.304483
0.342466
0.288430
0.345076
0.294624
0.390336
0.392861
0.391615
0.389933
0.399070
0.405195
0.417328
0.401357
0.387224
0.531641
0.522218
0.543730
0.546899
0.521615
0.551093
0.507781
0.562892
0.495836
0.565044
0.475908
0.502219
0.566502
0.509696
0.493520
0.561697
0.465352
0.432687
0.525828
0.562712
0.509545
0.440619
0.519703
0.450916
0.414194
0.421671
0.533134
0.458297
0.432560
0.385435
0.407437
0.367941
0.404327
0.367055
0.388790
0.571716
0.592826
0.584468
0.595789
0.590174
0.585220
0.604073
0.618800
0.584083
0.592725
0.573093
0.583482
0.546814
0.612193
0.566450
0.570621
0.575894
0.541872
0.566305
0.546979
0.506277
0.504200
0.434128
0.506165
0.473210
0.536627
0.512411
0.571577
0.344542
0.305548
0.415719
0.381511
0.212853
0.267151
0.336004
0.332094
0.407895
0.473690
0.396297
0.394840
0.508332
0.421253
0.540206
0.469603
0.495894
0.550999
0.504829
0.581415
0.582042
0.598084
0.518332
0.582751
0.605384
0.604496
0.604717
0.604094
0.448322
0.507898
0.445623
0.448268
0.497995
0.435820
0.437929
0.434837
0.435411
0.419452
0.444344
0.428772
0.455074
0.545704
0.473696
0.428255
0.448793
0.384217
0.454697
0.390476
0.318941
0.340203
0.403510
0.370571
0.425516
0.419372
0.443603
0.456543
0.437587
0.439186
0.427786
0.446778
0.462270
0.473886
0.519292
0.477170
0.500793
0.460969
0.480922
0.440363
0.556738
0.575457
0.550498
0.562790
0.577340
0.569750
0.566108
0.554502
0.539489
0.517387
0.554203
0.505144
0.611018
0.647858
0.595998
0.484121
0.569559
0.655033
0.624524
0.699377
0.653556
0.742584
0.732170
0.684719
0.670966
0.656814
0.699385
0.665761
0.641663
0.646285
0.662755
0.653184
0.677970
0.675883
0.742211
0.711752
0.625874
0.571903
0.651354
0.595725
0.474175
0.494151
0.511033
0.623530
0.690315
0.070905
0.067655
0.051738
0.053736
0.066463
0.038808
0.049833
0.039991
0.044341
0.041218
0.081102
0.057190
0.132446
0.134481
0.111006
0.105676
0.126139
0.097984
0.105049
0.096095
0.083132
0.076151
0.082661
0.105554
0.147780
0.130283
0.146142
0.149703
0.165159
0.151437
0.124082
0.138016
0.145163
0.154512
0.190650
0.170249
0.203042
0.195892
0.167981
0.153494
0.191909
0.152587
0.156843
0.129678
0.127607
0.121561
0.150180
0.185144
0.254122
0.241677
0.240499
0.217076
0.234573
0.210854
0.225357
0.200102
0.195764
0.190115
0.177915
0.207085
0.204401
0.249060
0.233859
0.196992
0.192199
0.215961
0.207808
0.186037
0.200364
0.231822
0.236855
0.239712
0.277981
0.269556
0.263774
0.282889
0.280303
0.267517
0.263026
0.275177
0.286057
0.284426
0.302369
0.295189
0.310316
0.299221
0.279433
0.283278
0.288313
0.274524
0.298135
0.268818
0.256174
0.248390
0.274523
0.318504
0.305983
0.318088
0.294297
0.310896
0.322182
0.308613
0.298334
0.314969
0.327409
0.324902
0.339979
0.327877
0.353149
0.351744
0.345941
0.354672
0.349148
0.337590
0.335461
0.340542
0.343653
0.321713
0.339943
0.343174
0.348405
0.379498
0.345147
0.356629
0.368238
0.358743
0.337293
0.344177
0.363385
0.363105
0.391051
0.354199
0.371073
0.361046
0.366449
0.363893
0.358442
0.372810
0.382867
0.373231
0.381259
0.389420
0.446646
0.398568
0.439175
0.443555
0.443367
0.403031
0.455456
0.451529
0.426133
0.442352
0.405936
0.440496
0.396138
0.424822
0.400820
0.422310
0.382605
0.398154
0.431719
0.414490
0.412457
0.399477
0.375781
0.452772
0.518262
0.424962
0.532295
0.516823
0.519835
0.421219
0.504128
0.531556
0.419532
0.506397
0.404553
0.502827
0.411138
0.497732
0.358013
0.358045
0.325363
0.334998
0.368144
0.327729
0.343487
0.333452
0.334088
0.352980
0.420697
0.348250
0.338232
0.414723
0.341874
0.352432
0.347896
0.358256
0.361565
0.447504
0.365347
0.433459
0.512059
0.416048
0.523799
0.517778
0.511211
0.433973
0.529529
0.512785
0.508491
0.493554
0.522309
0.558710
0.557327
0.581761
0.572767
0.546961
0.574993
0.479220
0.546804
0.468625
0.559691
0.477878
0.545752
0.396504
0.370984
0.388857
0.355971
0.342659
0.344518
0.366103
0.359235
0.383513
0.631406
0.603619
0.623120
0.601566
0.588461
0.594959
0.562337
0.605520
0.544762
0.578157
0.567289
0.532375
0.582550
0.563872
0.587199
0.610930
0.576496
0.637318
0.597089
0.568183
0.586973
0.651001
0.606424
0.601653
0.585714
0.574661
0.567655
0.675287
0.664093
0.687694
0.655500
0.647453
0.659652
0.687459
0.648189
0.626538
0.636449
0.629320
0.643476
0.623169
0.654233
0.640348
0.666689
0.646868
0.672340
0.661333
0.695929
0.680271
0.689451
0.674127
0.641189
0.602889
0.610007
0.622009
0.581576
0.596483
0.593817
0.624154
0.606164
0.579057
0.565887
0.572336
0.562654
0.521426
0.559820
0.534787
0.576277
0.577689
0.600552
0.559682
0.605009
0.624719
0.638639
0.620078
0.594071
0.411243
0.417250
0.467519
0.450777
0.457153
0.464454
0.508747
0.483695
0.479797
0.463301
0.468755
0.459501
0.495088
0.499514
0.486370
0.479476
0.508558
0.480833
0.436743
0.464458
0.480378
0.436435
0.394661
0.422155
0.432398
0.393229
0.425153
0.419413
0.426761
0.402862
0.429539
0.425061
0.397676
0.412444
0.396198
0.425484
0.473902
0.395867
0.471515
0.411881
0.367914
0.389364
0.480587
0.427143
0.397303
0.381897
0.359434
0.353348
0.635902
0.592630
0.616617
0.602661
0.593886
0.589710
0.559794
0.555592
0.559785
0.586292
0.593371
0.602164
0.550794
0.578700
0.559720
0.585146
0.580361
0.585660
0.570669
0.596436
0.610218
0.598679
0.577566
0.575339
0.451709
0.485110
0.478845
0.448015
0.477250
0.480064
0.518981
0.518036
0.513461
0.471109
0.480175
0.455024
0.438648
0.511918
0.485951
0.530098
0.514781
0.537494
0.492995
0.537822
0.539139
0.528604
0.535238
0.526538
0.378554
0.424241
0.373006
0.353583
0.410231
0.358623
0.375537
0.374337
0.382914
0.353199
0.404641
0.365046
0.393710
0.407508
0.407424
0.435502
0.418104
0.442091
0.477932
0.439888
0.417163
0.598908
0.577356
0.605620
0.593590
0.558551
0.588092
0.599768
0.609009
0.591148
0.591195
0.545933
0.521028
0.556944
0.585951
0.529030
0.551750
0.506353
0.498657
0.527296
0.544540
0.479153
0.528337
0.439077
0.565967
0.580750
0.553789
0.571725
0.567918
0.596805
0.503150
0.494956
0.601284
0.581097
0.434582
0.540363
0.499011
0.392580
0.437220
0.465072
0.449890
0.395551
0.502603
0.419633
0.574745
0.477175
0.418442
0.520686
0.609433
0.598836
0.552201
0.454664
0.413407
0.449754
0.566225
0.565052
0.573808
0.573194
0.503583
0.546653
0.600122
0.567082
0.445050
0.491912
0.430968
0.445573
0.449569
0.443214
0.510491
0.594663
0.554061
0.476938
0.586996
0.590491
0.520136
0.569447
0.607280
0.616259
0.610111
0.588248
0.596555
0.495211
0.446955
0.610178
0.605414
0.585902
0.596684
0.593987
0.558290
0.580523
0.564990
0.530087
0.545340
0.518458
0.532280
0.522377
0.523712
0.559230
0.546351
0.580178
0.534965
0.583833
0.574125
0.553329
0.589178
0.603769
0.606194
0.608549
0.594831
0.538678
0.573192
0.518488
0.504558
0.623055
0.620443
0.429285
0.477474
0.592047
0.613506
0.704106
0.690413
0.682823
0.677184
0.426739
0.498303
0.567785
0.568787
0.520317
0.525085
0.550214
0.567240
0.601427
0.565185
0.629326
0.653091
0.793308
0.759407
0.764533
0.768145
0.725597
0.738003
0.757323
0.755598
0.741458
0.698877
0.711614
0.717208
0.691449
0.714272
0.723301
0.738092
0.760691
0.800008
0.766744
0.758195
0.573116
0.528127
0.675817
0.562894
0.533385
0.600255
0.722875
0.630212
0.538442
0.567809
0.527525
0.556265
0.515520
0.502509
0.519262
0.537729
0.536753
0.537928
0.497465
0.497211
0.540959
0.536305
0.496010
0.499085
0.458285
0.455903
0.472150
0.471713
0.454883
0.470222
0.454986
0.471606
0.541661
0.539365
0.499950
0.509886
0.530496
0.521914
0.489200
0.502439
0.476724
0.492799
0.462542
0.481199
0.513257
0.497686
0.524711
0.504349
0.487245
0.511488
0.523538
0.505374
0.491802
0.495576
0.482294
0.492655
0.478605
0.470837
0.477774
0.488235
0.443717
0.450583
0.432693
0.434310
0.448984
0.449000
0.429947
0.432023
0.426906
0.438491
0.431227
0.434256
0.429911
0.422051
0.420038
0.420077
0.454233
0.465548
0.440804
0.454347
0.480371
0.471582
0.456099
0.463340
0.449194
0.447201
0.432129
0.437956
0.469837
0.453606
0.477616
0.452278
0.443694
0.457422
0.480640
0.463506
0.439075
0.455656
0.439157
0.446639
0.427687
0.419306
0.432609
0.444740
0.418890
0.421960
0.417318
0.408092
0.429055
0.429553
0.413525
0.410154
0.405210
0.399279
0.414980
0.416309
0.391820
0.414269
0.392770
0.416800
0.427668
0.434527
0.427613
0.436716
0.437948
0.436378
0.412302
0.425476
0.402903
0.421780
0.416125
0.422459
0.419641
0.410212
0.428273
0.424071
0.415705
0.427628
0.427464
0.429961
0.403452
0.413120
0.412254
0.417280
0.432551
0.421630
0.412107
0.416823
0.382546
0.381179
0.368499
0.379191
0.386267
0.382832
0.391474
0.386633
0.402954
0.396831
0.396759
0.409281
0.376957
0.381557
0.368904
0.369957
0.381597
0.392016
0.398085
0.405298
0.400281
0.403311
0.424838
0.396390
0.415739
0.404569
0.411159
0.398009
0.416042
0.412499
0.421146
0.411065
0.411096
0.399236
0.427137
0.398083
0.406951
0.414476
0.410349
0.416225
0.408313
0.404047
0.397755
0.402207
0.364843
0.369062
0.367684
0.371883
0.383092
0.380356
0.380077
0.378453
0.395047
0.395548
0.402049
0.406929
0.392623
0.389819
0.400032
0.377212
0.385738
0.399840
0.374281
0.378720
0.403369
0.381190
0.398926
0.386618
0.382493
0.390776
0.389497
0.401555
0.409382
0.408471
0.415803
0.448710
0.438009
0.442337
0.415042
0.438949
0.523062
0.486281
0.518229
0.499530
0.540364
0.522294
0.483256
0.496008
0.407015
0.405512
0.422975
0.427016
0.406282
0.404056
0.431660
0.433850
0.520246
0.530804
0.473858
0.477371
0.510622
0.456054
0.495526
0.452553
0.408785
0.402958
0.435704
0.437153
0.404970
0.437323
0.523994
0.496583
0.520507
0.493639
0.519015
0.477035
0.580231
0.589519
0.559181
0.644719
0.658824
0.619794
0.549726
0.601223
0.656864
0.682828
0.741600
0.716083
0.538539
0.550450
0.595530
0.612013
0.574716
0.565219
0.647515
0.644803
0.722571
0.729857
0.675696
0.643352
0.572676
0.580562
0.640362
0.643218
0.583005
0.658328
0.738352
0.716300
0.715555
0.721447
0.717044
0.767162
0.738377
0.664862
0.744935
0.679681
0.695680
0.670305
0.707429
0.699346
0.659008
0.728398
0.671905
0.705193
0.705711
0.736296
0.726837
0.730744
0.756671
0.746634
0.714192
0.717710
0.773045
0.756126
0.789474
0.760362
0.767513
0.782002
0.760044
0.731829
0.786197
0.741032
0.745420
0.761417
0.740791
0.744595
0.747254
0.713181
0.649652
0.660310
0.703539
0.678969
0.652482
0.650288
0.672272
0.663186
0.618111
0.658276
0.642083
0.640269
0.546286
0.605763
0.641024
0.644941
0.618104
0.647745
0.629818
0.671031
0.631628
0.586817
0.685270
0.661840
0.598941
0.629388
0.701954
0.720393
0.738459
0.686678
0.724055
0.671127
0.612121
0.701310
0.628130
0.596707
0.625569
0.609965
0.605909
0.610452
0.628357
0.509167
0.702112
0.731870
0.673279
0.729560
0.659503
0.647845
0.489793
0.698049
0.475730
0.478929
0.503387
0.716941
0.699198
0.533436
0.426761
0.722711
0.792021
0.716227
0.637024
0.640994
0.541281
0.610884
0.592119
0.540522
0.604764
0.549139
0.553534
0.510851
0.413747
0.579923
0.632607
0.594929
0.588892
0.689883
0.644736
0.589492
0.521609
0.778440
0.839803
0.767894
0.720129
0.725277
0.671359
0.616954
0.606763
0.713834
0.619790
0.562973
0.571259
0.504694
0.728768
0.692014
0.742989
0.712975
0.655488
0.674035
0.806771
0.781596
0.749977
0.739027
0.721815
0.630146
0.620158
0.683274
0.695768
0.595028
0.653183
0.519200
0.596358
0.700713
0.685788
0.694888
0.720307
0.720878
0.727438
0.614928
0.614249
0.652750
0.733530
0.703291
0.665255
0.723927
0.702213
0.751014
0.724085
0.746132
0.664387
0.673953
0.662072
0.643180
0.650735
0.613481
0.654639
0.653317
0.599545
0.661273
0.695618
0.709007
0.726166
0.699306
0.742152
0.730712
0.732878
0.740326
0.735307
0.708837
0.722403
0.738934
0.723309
0.704896
0.743711
0.697193
0.671610
0.712958
0.710438
0.706803
0.700719
0.712505
0.704631
0.692439
0.704431
0.687840
0.702488
0.681267
0.698368
0.714808
0.689608
0.720487
0.731854
0.585957
0.587778
0.597981
0.633302
0.674084
0.612551
0.631550
0.627868
0.619437
0.681959
0.580492
0.688517
0.695457
0.672708
0.632810
0.684487
0.703605
0.670159
0.658717
0.744450
0.742393
0.738191
0.688835
0.659824
0.646751
0.630749
0.712352
0.606701
0.606471
0.687058
0.676106
0.622714
0.685813
0.627794
0.681004
0.709613
0.705989
0.677657
0.645264
0.672007
0.692436
0.683946
0.700319
0.697384
0.693238
0.669238
0.700821
0.660434
0.693982
0.693264
0.645670
0.696461
0.666384
0.701119
0.658755
0.715238
0.657793
0.638803
0.667304
0.646296
0.663328
0.632845
0.687811
0.672517
0.718928
0.738662
0.754074
0.735742
0.594538
0.671410
0.683811
0.715669
0.676563
0.704934
0.754851
0.732906
0.698977
0.568526
0.606115
0.605820
0.594464
0.638609
0.670915
0.666473
0.559841
0.665146
0.567425
0.695053
0.624782
0.689106
0.660490
0.662355
0.692085
0.655110
0.669470
0.675967
0.657758
0.684738
0.692892
0.676926
0.719249
0.746362
0.699513
0.709297
0.740371
0.717976
0.693342
0.674171
0.722239
0.633075
0.595726
0.630510
0.631743
0.680133
0.640592
0.700637
0.703110
0.692537
0.658010
0.718813
0.630346
0.716772
0.664854
0.653768
0.650784
0.710335
0.678307
0.638369
0.636160
0.659206
0.581496
0.652341
0.642446
0.689264
0.674130
0.625249
0.606957
0.595161
0.609162
0.617268
0.629253
0.582511
0.603902
0.578148
0.611106
0.609535
0.571830
0.588491
0.670955
0.702128
0.625140
0.658668
0.631629
0.652073
0.614644
0.631335
0.610621
0.653552
0.647770
0.419493
0.413802
0.401996
0.443262
0.447548
0.351135
0.443453
0.408857
0.501280
0.386966
0.465994
0.409735
0.496505
0.442232
0.450884
0.435339
0.417794
0.485245
0.415798
0.489414
0.427452
0.415696
0.377803
0.505112
0.490714
0.405367
0.478478
0.469301
0.485509
0.497133
0.465652
0.469498
0.508796
0.491841
0.496328
0.514332
0.592408
0.469641
0.570649
0.573245
0.542744
0.480990
0.492308
0.497088
0.485685
0.509943
0.518418
0.540228
0.477676
0.498236
0.482423
0.501780
0.547608
0.636342
0.506213
0.487655
0.548401
0.585156
0.554380
0.504034
0.490361
0.588836
0.539368
0.495125
0.499098
0.500564
0.491372
0.592171
0.533501
0.494115
0.460593
0.556053
0.445819
0.448360
0.434732
0.411428
0.440143
0.419653
0.457268
0.477776
0.631555
0.569335
0.434401
0.787929
0.773057
0.808202
0.804113
0.843749
0.800441
0.805472
0.829672
0.768784
0.778930
0.811359
0.807255
0.793573
0.858537
0.841403
0.834597
0.837587
0.857105
0.797810
0.781672
0.822258
0.859535
0.818195
0.816441
0.796837
0.780681
0.805103
0.826023
0.835390
0.776030
0.769244
0.844062
0.801716
0.825802
0.844096
0.837564
0.785653
0.760030
0.760787
0.817763
0.816037
0.858682
0.721999
0.790921
0.770401
0.664609
0.791640
0.744689
0.726182
0.896590
0.781885
0.812926
0.857246
0.833646
0.831753
0.856565
0.678289
0.762284
0.794088
0.829874
0.708614
0.717533
0.728112
0.714537
0.740752
0.712012
0.724202
0.705419
0.683973
0.693308
0.684833
0.784865
0.734193
0.731519
0.671678
0.690716
0.667704
0.695233
0.686265
0.614320
0.647583
0.638283
0.670785
0.697994
0.652260
0.693093
0.867714
0.868019
0.886451
0.892400
0.869440
0.852889
0.847338
0.854290
0.868396
0.834212
0.890046
0.832996
0.838109
0.861548
0.826649
0.852097
0.660729
0.822696
0.802543
0.864301
0.879665
0.834274
0.838360
0.855350
0.844262
0.849681
0.874841
0.862495
0.848651
0.821599
0.836258
0.894143
0.902253
0.887121
0.862155
0.865691
0.863455
0.877882
0.856473
0.851014
0.862497
0.693540
0.676739
0.680518
0.709581
0.672516
0.669568
0.674693
0.713351
0.674075
0.654649
0.668495
0.708893
0.698616
0.734899
0.699852
0.705765
0.722680
0.693685
0.692389
0.702030
0.746723
0.710326
0.686933
0.732493
0.722580
0.708645
0.731123
0.722798
0.729742
0.682644
0.732733
0.739055
0.722092
0.745741
0.727915
0.732986
0.708068
0.722628
0.725720
0.738622
0.721979
0.728436
0.751505
0.739253
0.736069
0.735763
0.740447
0.740541
0.711593
0.725537
0.723271
0.710989
0.720499
0.691765
0.776005
0.780412
0.821283
0.794240
0.764176
0.769542
0.836845
0.837122
0.831633
0.819721
0.780395
0.757189
0.737050
0.748553
0.737778
0.433491
0.410193
0.438749
0.417102
0.537391
0.463788
0.537511
0.466457
0.685629
0.693588
0.690225
0.690811
0.698724
0.701918
0.689028
0.688918
0.704310
0.724033
0.716510
0.724519
0.711836
0.727123
0.705943
0.724653
0.736899
0.732951
0.737441
0.697200
0.726997
0.695024
0.727177
0.727033
0.695345
0.738714
0.733539
0.716864
0.753833
0.662079
0.761225
0.717760
0.621922
0.794165
0.778245
0.748965
0.729161
0.702650
0.701670
0.600887
0.520335
0.685705
0.671615
0.734140
0.643890
0.791624
0.828142
0.798887
0.750546
0.769180
0.671880
0.736756
0.569339
0.543113
0.677176
0.717746
0.722328
0.688357
0.625637
0.738656
0.674220
0.675837
0.704194
0.681676
0.692218
0.671999
0.591951
0.673540
0.642202
0.592847
0.651234
0.579590
0.612697
0.615404
0.627643
0.398758
0.534655
0.424904
0.412380
0.451370
0.492110
0.567271
0.448855
0.690311
0.659029
0.662440
0.718624
0.666331
0.630897
0.702626
0.693994
0.655992
0.704962
0.695489
0.668077
0.632532
0.724820
0.728968
0.573682
0.561919
0.517126
0.749951
0.796161
0.747937
0.671694
0.703230
0.589853
0.576031
0.631909
0.614371
0.581287
0.579884
0.639762
0.575733
0.644402
0.599765
0.550710
0.548827
0.719378
0.735819
0.666086
0.686293
0.610638
0.491705
0.673067
0.585996
0.537579
0.704286
0.732013
0.666795
0.763793
0.673319
0.730807
0.696829
0.703342
0.726773
0.708730
0.671520
0.719335
0.735530
0.673157
0.650518
0.657694
0.671590
0.679493
0.618615
0.650446
0.615845
0.665745
0.604540
0.752476
0.696323
0.603797
0.750490
0.716968
0.693210
0.690974
0.834581
0.827086
0.791946
0.836532
0.806740
0.843470
0.834085
0.755386
0.770942
0.811996
0.824548
0.753739
0.804258
0.795951
0.818318
0.797296
0.800592
0.620796
0.613444
0.634697
0.630097
0.600450
0.643962
0.681955
0.668869
0.676801
0.653180
0.675604
0.642854
0.652247
0.687402
0.631473
0.649604
0.635022
0.678196
0.602264
0.635016
0.671215
0.804467
0.727819
0.675198
0.724680
0.772212
0.820461
0.748786
0.674179
0.729449
0.768249
0.649668
0.690335
0.618183
0.650263
0.633346
0.628535
0.627757
0.619638
0.707222
0.648534
0.713506
0.648452
0.558332
0.600875
0.689072
0.579324
0.609507
0.591285
0.621229
0.525737
0.569897
0.552104
0.556237
0.581688
0.575947
0.588600
0.576746
0.564696
0.749457
0.791068
0.731579
0.785757
0.828862
0.779108
0.844440
0.829364
0.785597
0.795305
0.691726
0.713497
0.691192
0.759370
0.722116
0.705667
0.745625
0.684913
0.757112
0.665885
0.755069
0.753710
0.731441
0.738376
0.739044
0.771143
0.800646
0.770903
0.753431
0.820511
0.792979
0.797613
0.789296
0.776751
0.843105
0.836454
0.839226
0.842182
0.907226
0.860199
0.868789
0.891928
0.847564
0.864747
0.852634
0.876537
0.863539
0.885132
0.878370
0.902724
0.861812
0.894091
0.883969
0.860597
0.855672
0.883886
0.885362
0.877926
0.873507
0.894555
0.885719
0.876220
0.731380
0.668812
0.758414
0.839649
0.809817
0.649968
0.735281
0.775996
0.822904
0.799191
0.838470
0.799136
0.814262
0.702365
0.625555
0.631435
0.747137
0.577846
0.570965
0.665549
0.578338
0.521358
0.543849
0.638034
0.571242
0.652339
0.560477
0.500001
0.497223
0.521961
0.628770
0.560967
0.548920
0.706335
0.659322
0.588923
0.517699
0.617237
0.563810
0.524870
0.547948
0.621182
0.581560
0.569395
0.579392
0.568278
0.558789
0.693292
0.615695
0.704433
0.616038
0.574694
0.663268
0.589845
0.546073
0.508840
0.577873
0.566408
0.606882
0.576389
0.519018
0.590997
0.582593
0.712117
0.664141
0.579014
0.701255
0.567967
0.646915
0.554075
0.607389
0.575624
0.568894
0.589010
0.586434
0.553242
0.595414
0.576331
0.601089
0.599442
0.685463
0.664428
0.843631
0.874970
0.831042
0.857533
0.875968
0.873384
0.822994
0.836787
0.876479
0.886468
0.874837
0.896956
0.907077
0.889585
0.886655
0.788301
0.855835
0.871478
0.884069
0.850282
0.891495
0.900935
0.921048
0.916186
0.914608
0.748261
0.777036
0.792485
0.829055
0.749414
0.790261
0.815762
0.809428
0.802943
0.793741
0.825972
0.828460
0.802699
0.782785
0.798877
0.757496
0.739496
0.819270
0.790772
0.731931
0.789940
0.706713
0.789996
0.815478
0.788295
0.707659
0.772473
0.771460
0.781432
0.770335
0.784740
0.753849
0.752216
0.771407
0.770338
0.646264
0.607788
0.666156
0.645973
0.626409
0.670807
0.685629
0.730619
0.754592
0.695642
0.778286
0.739065
0.705921
0.696964
0.758565
0.657211
0.699769
0.607281
0.638919
0.738203
0.799575
0.796525
0.802695
0.802512
0.813892
0.794744
0.794015
0.812273
0.760359
0.768994
0.766173
0.742392
0.804302
0.774016
0.694774
0.729573
0.759079
0.655068
0.710946
0.738338
0.731946
0.752337
0.783665
0.751694
0.766386
0.757107
0.758328
0.732372
0.722356
0.740008
0.727444
0.697574
0.717434
0.698612
0.725117
0.727464
0.735632
0.723383
0.765413
0.760502
0.762848
0.765719
0.769236
0.752543
0.786262
0.715134
0.710807
0.603684
0.619642
0.626533
0.655812
0.551199
0.601060
0.572142
0.581767
0.674670
0.579356
0.655247
0.598809
0.584575
0.551741
0.549619
0.601628
0.532364
0.572240
0.573502
0.567573
0.591877
0.539752
0.537014
0.561132
0.544666
0.536310
0.533610
0.609837
0.622026
0.551273
0.617846
0.634034
0.600387
0.572503
0.600386
0.595612
0.614229
0.611740
0.587738
0.548556
0.611026
0.578413
0.514396
0.520941
0.523837
0.579536
0.579940
0.680922
0.624197
0.648401
0.540372
0.542555
0.621580
0.536544
0.567822
0.619380
0.579169
0.557113
0.627282
0.586987
0.641794
0.593292
0.601081
0.600120
0.602552
0.631648
0.583426
0.574700
0.522579
0.599651
0.603352
0.614297
0.553117
0.558763
0.555624
0.552270
0.567873
0.573977
0.555271
0.564726
0.589464
0.580935
0.559774
0.551842
0.599749
0.542637
0.648077
0.565494
0.628697
0.583589
0.579725
0.592050
0.686092
0.590221
0.578063
0.605402
0.587310
0.615049
0.618740
0.620841
0.589832
0.681973
0.628460
0.604482
0.628757
0.613071
0.578479
0.591480
0.577884
0.548957
0.606622
0.590941
0.539471
0.575297
0.627887
0.572164
0.580110
0.617504
0.577032
0.672389
0.583080
0.627944
0.648598
0.614949
0.625100
0.611456
0.606914
0.631682
0.656436
0.572438
0.627831
0.608941
0.611831
0.601697
0.567332
0.620602
0.573254
0.623889
0.613732
0.662453
0.580963
0.550373
0.533249
0.545911
0.552921
0.579323
0.546088
0.551262
0.553294
0.595046
0.561266
0.568443
0.566655
0.580112
0.573567
0.625007
0.635790
0.665997
0.661655
0.641339
0.682844
0.683233
0.686334
0.678195
0.659969
0.620623
0.633369
0.663077
0.647348
0.578882
0.584008
0.587893
0.552548
0.574533
0.640341
0.584615
0.518411
0.520743
0.517170
0.514848
0.521029
0.549478
0.608275
0.562022
0.615402
0.582251
0.529705
0.549029
0.541970
0.556020
0.659215
0.738216
0.650799
0.610288
0.586512
0.593793
0.590121
0.703106
0.649557
0.707401
0.673069
0.693225
0.654834
0.661435
0.683548
0.685981
0.672571
0.697347
0.668141
0.645077
0.695072
0.685238
0.698070
0.633883
0.632840
0.598870
0.598260
0.604314
0.634666
0.619808
0.585972
0.632696
0.628152
0.588652
0.596637
0.669067
0.684759
0.714661
0.703207
0.679681
0.687368
0.698612
0.679233
0.679988
0.683711
0.683224
0.696021
0.710538
0.710813
0.701991
0.711856
0.687403
0.674486
0.675295
0.701856
0.705201
0.616775
0.615898
0.638298
0.617227
0.609597
0.670459
0.609921
0.610001
0.624981
0.626137
0.666573
0.666307
0.636564
0.692129
0.589105
0.666951
0.643613
0.669758
0.654714
0.657829
0.660167
0.623303
0.642617
0.647955
0.621377
0.618991
0.619108
0.547483
0.615279
0.611416
0.640094
0.562440
0.566559
0.542694
0.579169
0.607104
0.571538
0.622633
0.627058
0.638209
0.624477
0.642263
0.614919
0.597599
0.653189
0.575722
0.717705
0.751871
0.630916
0.703413
0.802913
0.773471
0.683535
0.602770
0.609487
0.661471
0.679909
0.770683
0.708742
0.731083
0.755093
0.656036
0.668409
0.716331
0.704832
0.596173
0.630629
0.628110
0.614572
0.603042
0.557953
0.570450
0.550680
0.638947
0.629857
0.592477
0.598699
0.656262
0.665434
0.508858
0.563813
0.624413
0.652767
0.594841
0.518421
0.585662
0.694286
0.625484
0.539541
0.678581
0.735769
0.625427
0.718742
0.736483
0.725354
0.608002
0.610129
0.604557
0.605622
0.649916
0.595733
0.651841
0.676938
0.648455
0.678090
0.755357
0.728414
0.688553
0.682816
0.573739
0.646244
0.669214
0.663198
0.687667
0.678378
0.653564
0.657498
0.642897
0.627424
0.652670
0.625974
0.661912
0.656701
0.705353
0.696298
0.655728
0.629578
0.651676
0.637388
0.676652
0.561459
0.624668
0.680080
0.695369
0.614118
0.514229
0.515052
0.572291
0.509004
0.571399
0.605542
0.689979
0.617254
0.609005
0.581449
0.570637
0.598616
0.534434
0.671033
0.674023
0.627131
0.627878
0.729007
0.695237
0.654487
0.634392
0.583608
0.601108
0.625651
0.522098
0.614551
0.553370
0.570475
0.524294
0.565338
0.644178
0.648083
0.619419
0.544087
0.639256
0.577468
0.568297
0.634684
0.572925
0.514154
0.625222
0.610972
0.632297
0.606182
0.646411
0.698869
0.655347
0.659289
0.633577
0.663918
0.636485
0.663656
0.691087
0.681302
0.690312
0.684141
0.662340
0.666221
0.648208
0.646471
0.679512
0.722875
0.685232
0.708374
0.752968
0.762168
0.580191
0.734337
0.666511
0.685236
0.667786
0.684713
0.613269
0.684177
0.629021
0.655445
0.625900
0.668402
0.657969
0.632197
0.644568
0.669756
0.658089
0.723339
0.698550
0.660175
0.665734
0.659099
0.607377
0.700769
0.627785
0.633298
0.639691
0.679266
0.667703
0.644455
0.655506
0.665683
0.569785
0.621592
0.675412
0.624101
0.625408
0.622308
0.609405
0.653146
0.672700
0.675563
0.669092
0.669959
0.670413
0.681723
0.683181
0.679003
0.671256
0.659332
0.696609
0.603923
0.683968
0.587749
0.709540
0.655151
0.568370
0.616782
0.663318
0.626952
0.671669
0.698043
0.669860
0.672207
0.654222
0.628162
0.600506
0.595175
0.649408
0.570218
0.661073
0.591402
0.570743
0.593547
0.651230
0.626027
0.651997
0.683620
0.626257
0.686967
0.607650
0.711828
0.669125
0.705299
0.705716
0.679959
0.641458
0.676108
0.681230
0.638847
0.662964
0.735764
0.699737
0.720793
0.701547
0.549939
0.555714
0.519810
0.569526
0.653478
0.578370
0.620447
0.649853
0.540631
0.636702
0.605465
0.619186
0.513357
0.579113
0.514553
0.569150
0.527347
0.563039
0.662584
0.620412
0.582337
0.661876
0.673429
0.654008
0.631855
0.591745
0.576147
0.693974
0.726833
0.681287
0.723919
0.792597
0.756824
0.756704
0.715163
0.677497
0.590832
0.707850
0.649272
0.652586
0.512054
0.584681
0.604560
0.645403
0.523382
0.553883
0.602946
0.549161
0.566510
0.564255
0.572501
0.577739
0.610153
0.624018
0.653826
0.748947
0.776063
0.703696
0.652998
0.611955
0.639206
0.619892
0.790664
0.721560
0.775087
0.693824
0.689711
0.738498
0.643306
0.667556
0.638147
0.607569
0.589123
0.665389
0.696535
0.668295
0.598668
0.608553
0.583366
0.581165
0.670705
0.666132
0.672795
0.662995
0.648430
0.670449
0.681750
0.656529
0.709680
0.663913
0.692654
0.671312
0.672737
0.717690
0.661455
0.658118
0.746641
0.762076
0.727362
0.741215
0.773033
0.736596
0.659200
0.689305
0.670541
0.701846
0.651859
0.696670
0.649705
0.669484
0.666215
0.652542
0.738087
0.703618
0.680574
0.671661
0.592016
0.612754
0.640102
0.634700
0.624794
0.633117
0.653622
0.646154
0.645787
0.613174
0.611745
0.620776
0.637642
0.623244
0.674132
0.678178
0.644523
0.632215
0.607077
0.578570
0.579063
0.561629
0.574783
0.614778
0.506632
0.565717
0.571876
0.609766
0.688246
0.614775
0.530516
0.499241
0.570399
0.496570
0.631536
0.577709
0.508262
0.511152
0.572129
0.477482
0.561744
0.592913
0.643287
0.591215
0.545774
0.518405
0.832827
0.844162
0.842226
0.829284
0.833366
0.805118
0.820514
0.819840
0.808485
0.812822
0.820118
0.810716
0.819995
0.773480
0.772655
0.794319
0.792797
0.773638
0.799096
0.781640
0.764194
0.788123
0.810097
0.705711
0.751372
0.727650
0.764818
0.657030
0.672686
0.663655
0.616728
0.662998
0.652293
0.706111
0.740174
0.730369
0.681018
0.621294
0.701173
0.636484
0.690050
0.652365
0.680753
0.631579
0.659078
0.653986
0.600196
0.635819
0.682285
0.736148
0.703695
0.743981
0.774085
0.718172
0.715184
0.685771
0.707058
0.667299
0.687880
0.723076
0.688489
0.741899
0.748594
0.737755
0.747150
0.753070
0.733568
0.734887
0.740611
0.706517
0.722029
0.756375
0.763689
0.747533
0.729654
0.774866
0.755815
0.803797
0.799798
0.773430
0.688181
0.668760
0.691617
0.688361
0.609564
0.694799
0.677066
0.802647
0.736291
0.779415
0.741779
0.755844
0.731545
0.728960
0.573562
0.604175
0.579150
0.584495
0.741731
0.639014
0.745923
0.687616
0.765265
0.700043
0.686485
0.679171
0.715350
0.711534
0.675966
0.776580
0.734385
0.754658
0.719653
0.873573
0.891144
0.925713
0.863858
0.855219
0.880923
0.891070
0.893983
0.846434
0.863868
0.849356
0.880020
0.883860
0.845450
0.893254
0.905639
0.872828
0.848601
0.858523
0.883069
0.868215
0.875762
0.856814
0.849091
0.872444
0.756488
0.780570
0.802665
0.895280
0.792417
0.867758
0.837743
0.866906
0.870983
0.859821
0.839275
0.857315
0.813863
0.797875
0.821116
0.861114
0.853755
0.814279
0.838992
0.866512
0.856383
0.858431
0.860179
0.892873
0.889225
0.884773
0.872678
0.856208
0.862401
0.915367
0.882850
0.890756
0.905322
0.907363
0.903448
0.908719
0.875421
0.905003
0.872557
0.899502
0.901801
0.809218
0.795362
0.843723
0.856321
0.808670
0.850071
0.843230
0.815283
0.807437
0.840630
0.803014
0.882467
0.874905
0.884963
0.903719
0.889425
0.898183
0.869543
0.890889
0.850821
0.874660
0.850476
0.847728
0.857460
0.861927
0.837275
0.839655
0.852048
0.835853
0.879307
0.836670
0.907635
0.952412
0.904581
0.916807
0.917466
0.882995
0.897674
0.916330
0.908583
0.851507
0.866547
0.846068
0.773176
0.839045
0.912329
0.906596
0.921517
0.894647
0.878310
0.853157
0.853813
0.913632
0.866496
0.901641
0.863702
0.894684
0.905612
0.875248
0.857836
0.787308
0.855737
0.796381
0.873945
0.829218
0.843627
0.762157
0.833692
0.865946
0.831093
0.842089
0.769813
0.820507
0.825222
0.820548
0.836098
0.900447
0.858540
0.848167
0.887706
0.852180
0.885583
0.903509
0.903317
0.846482
0.895522
0.871100
0.890529
0.944918
0.878313
0.921770
0.827644
0.840517
0.837027
0.850163
0.819225
0.796404
0.819683
0.794766
0.849734
0.841967
0.842670
0.880426
0.874973
0.864586
0.861371
0.837476
0.835076
0.804441
0.833634
0.832882
0.796100
0.863604
0.853065
0.851052
0.895538
0.919522
0.907862
0.908871
0.906648
0.872820
0.904847
0.902466
0.876651
0.915612
0.791652
0.773985
0.817840
0.814825
0.795853
0.814752
0.809578
0.767593
0.773254
0.733556
0.668291
0.785867
0.678967
0.669573
0.724412
0.711629
0.784275
0.827940
0.805462
0.730654
0.677360
0.775885
0.740118
0.784888
0.709600
0.717406
0.852503
0.850506
0.822413
0.840487
0.827512
0.839189
0.836129
0.828984
0.810300
0.847197
0.853942
0.876635
0.829160
0.833033
0.827839
0.813074
0.813292
0.847769
0.858519
0.859332
0.862740
0.870431
0.842586
0.864851
0.811796
0.823435
0.883151
0.852364
0.906482
0.870889
0.864179
0.880169
0.874530
0.873556
0.875613
0.863458
0.893852
0.856833
0.844103
0.846191
0.860516
0.870461
0.849306
0.842125
0.858317
0.867106
0.893115
0.882228
0.843010
0.821891
0.844013
0.813166
0.677386
0.729555
0.745619
0.836136
0.807880
0.735098
0.768528
0.856686
0.876481
0.888129
0.833748
0.834647
0.850369
0.841389
0.864126
0.888803
0.848968
0.849207
0.832088
0.780047
0.801492
0.835978
0.819384
0.766880
0.807526
0.775592
0.807051
0.750120
0.786699
0.776908
0.791905
0.805404
0.787221
0.796861
0.774325
0.726157
0.797257
0.753552
0.710058
0.794410
0.813144
0.825220
0.779499
0.783400
0.826494
0.784864
0.763019
0.774780
0.778352
0.729751
0.743726
0.712761
0.753971
0.764426
0.811108
0.768133
0.793610
0.800353
0.714587
0.755558
0.880287
0.882291
0.872522
0.883734
0.866534
0.893635
0.882447
0.833955
0.845295
0.832808
0.809449
0.820895
0.820926
0.744185
0.852940
0.826546
0.743941
0.815125
0.850988
0.851063
0.815211
0.826569
0.859355
0.832281
0.844134
0.852946
0.857914
0.842141
0.842332
0.844235
0.858229
0.828608
0.848598
0.838578
0.857592
0.851565
0.868150
0.842403
0.880469
0.871198
0.857087
0.859365
0.864834
0.868017
0.878528
0.864531
0.873642
0.874197
0.875374
0.846858
0.863751
0.870158
0.852848
0.822148
0.806609
0.857036
0.822306
0.837850
0.825436
0.809950
0.821090
0.805274
0.838129
0.821058
0.841717
0.844897
0.851613
0.847352
0.852410
0.852390
0.831770
0.847412
0.851245
0.849094
0.853707
0.846739
0.873710
0.864715
0.873218
0.858620
0.875911
0.856499
0.868638
0.857138
0.844040
0.855411
0.879108
0.865527
0.866606
0.839311
0.813111
0.820267
0.851940
0.862268
0.862505
0.861037
0.876553
0.847510
0.828411
0.833553
0.835798
0.852628
0.841205
0.842052
0.836483
0.830420
0.830543
0.829915
0.828286
0.850111
0.820549
0.858923
0.818523
0.584005
0.654467
0.661572
0.744138
0.631268
0.746526
0.758896
0.817757
0.820988
0.827490
0.734143
0.815122
0.800986
0.832787
0.862753
0.864242
0.870293
0.863086
0.847407
0.866007
0.893810
0.897321
0.872019
0.879669
0.876432
0.890437
0.868426
0.886159
0.886589
0.885534
0.878889
0.898941
0.872721
0.873994
0.861256
0.876957
0.861208
0.871818
0.889240
0.918930
0.865425
0.847951
0.856615
0.848256
0.880986
0.827601
0.807168
0.820406
0.862821
0.871737
0.838694
0.923689
0.894215
0.916276
0.866593
0.874838
0.870295
0.863965
0.899665
0.935290
0.911502
0.928732
0.894115
0.892158
0.902804
0.869638
0.861880
0.867124
0.888443
0.878362
0.859350
0.862072
0.874315
0.877442
0.875886
0.847008
0.893838
0.918441
0.878039
0.906619
0.876171
0.878620
0.912262
0.885327
0.880724
0.884907
0.872050
0.831041
0.866044
0.880741
0.845587
0.816691
0.801422
0.862334
0.900203
0.920546
0.865703
0.803116
0.856981
0.821084
0.858518
0.817134
0.771432
0.838068
0.774868
0.691493
0.768642
0.791060
0.826213
0.810766
0.756490
0.811272
0.781334
0.813140
0.810088
0.793860
0.812985
0.816488
0.687894
0.634587
0.659639
0.719197
0.750276
0.695452
0.755682
0.727588
0.746542
0.770612
0.750329
0.731241
0.753593
0.794562
0.681770
0.661271
0.717386
0.745651
0.721217
0.687881
0.724871
0.700530
0.710573
0.670111
0.770251
0.714259
0.729441
0.715052
0.752428
0.756251
0.646062
0.736991
0.672362
0.706588
0.730777
0.724068
0.722672
0.682714
0.742133
0.788012
0.841510
0.833464
0.815378
0.781417
0.797884
0.804073
0.808589
0.781086
0.815704
0.823350
0.795679
0.802916
0.841353
0.808797
0.787840
0.793942
0.791411
0.762579
0.744289
0.717743
0.783545
0.760131
0.715285
0.704720
0.775061
0.719664
0.718420
0.711623
0.689354
0.691994
0.693790
0.862895
0.844093
0.885620
0.898916
0.850558
0.863323
0.876910
0.887299
0.882876
0.844825
0.875539
0.828137
0.850704
0.803492
0.814838
0.821777
0.846668
0.814199
0.824007
0.840069
0.810481
0.861505
0.845966
0.851398
0.858893
0.835691
0.790118
0.863497
0.828844
0.851622
0.829936
0.787986
0.771290
0.768319
0.799697
0.830044
0.801493
0.799523
0.763766
0.848822
0.865163
0.840628
0.875601
0.871204
0.832690
0.889293
0.885142
0.897650
0.891781
0.871050
0.870312
0.877068
0.839087
0.801113
0.807281
0.809451
0.801809
0.885188
0.872381
0.890060
0.873865
0.870023
0.870493
0.877529
0.862739
0.868741
0.859644
0.873047
0.864396
0.846767
0.859781
0.859263
0.869875
0.861058
0.867987
0.855187
0.838259
0.846369
0.870374
0.864056
0.861679
0.858792
0.845435
0.823297
0.827020
0.817078
0.826140
0.859989
0.775048
0.809196
0.724836
0.748239
0.750220
0.819546
0.824017
0.857574
0.758448
0.769045
0.743886
0.880892
0.874352
0.884010
0.842889
0.853504
0.865568
0.845160
0.829313
0.819159
0.762224
0.739255
0.742886
0.771185
0.753850
0.740932
0.763155
0.759760
0.778999
0.804818
0.807713
0.722690
0.745473
0.714836
0.717423
0.699462
0.662631
0.687693
0.683095
0.688416
0.698236
0.702757
0.697742
0.703132
0.619393
0.703548
0.676883
0.689338
0.585323
0.625334
0.653228
0.693149
0.742610
0.735136
0.739450
0.724988
0.591675
0.673196
0.630895
0.655463
0.708070
0.653150
0.691936
0.677085
0.652916
0.674981
0.703760
0.725210
0.743522
0.784982
0.723429
0.779234
0.803487
0.771651
0.758046
0.731949
0.740818
0.759868
0.814098
0.788313
0.810233
0.828249
0.755404
0.655472
0.735010
0.711628
0.682846
0.700215
0.696030
0.642249
0.744863
0.739921
0.786912
0.755563
0.677157
0.774070
0.802336
0.772638
0.825267
0.764770
0.778729
0.742682
0.785710
0.723074
0.679016
0.761598
0.749369
0.733376
0.729670
0.746359
0.726770
0.692076
0.688485
0.691810
0.860777
0.780053
0.850480
0.855629
0.840360
0.851385
0.856555
0.855430
0.885729
0.886539
0.821423
0.886658
0.871206
0.889731
0.844030
0.879809
0.841061
0.872069
0.857834
0.819337
0.838028
0.820442
0.841961
0.901212
0.871566
0.907510
0.903766
0.875530
0.841915
0.891284
0.876534
0.876981
0.869783
0.863085
0.867890
0.870885
0.922303
0.886995
0.889865
0.877364
0.865220
0.889510
0.880821
0.816769
0.790791
0.638041
0.594563
0.651925
0.606924
0.593877
0.613255
0.652124
0.666345
0.657828
0.649074
0.579886
0.612742
0.634887
0.626669
0.646269
0.615901
0.618262
0.639458
0.608376
0.650869
0.604712
0.613201
0.575238
0.541741
0.663724
0.695278
0.705429
0.682152
0.671427
0.688810
0.691673
0.691896
0.662530
0.642193
0.646204
0.651273
0.591059
0.614615
0.698119
0.680467
0.673014
0.661061
0.649831
0.678609
0.682015
0.697535
0.713813
0.699815
0.656058
0.656550
0.719889
0.727359
0.709835
0.711800
0.701495
0.717213
0.707490
0.676612
0.687115
0.687807
0.659170
0.677924
0.659459
0.638539
0.604241
0.585359
0.603137
0.650306
0.593202
0.611110
0.647111
0.614036
0.664818
0.599764
0.624044
0.659314
0.605839
0.643478
0.715608
0.614169
0.605831
0.662144
0.635552
0.648632
0.619698
0.728853
0.719736
0.719838
0.714180
0.693456
0.649791
0.641682
0.637792
0.713678
0.637775
0.624703
0.669694
0.794235
0.814454
0.827089
0.784462
0.809278
0.795793
0.803457
0.806590
0.830431
0.831226
0.837600
0.836650
0.716108
0.754811
0.687949
0.770364
0.773362
0.733298
0.725169
0.692035
0.723992
0.713998
0.722676
0.689603
0.712448
0.694154
0.755395
0.790399
0.777403
0.773671
0.805635
0.796077
0.849208
0.826132
0.815597
0.799559
0.796108
0.813491
0.811663
0.838696
0.840177
0.838180
0.829122
0.840474
0.826663
0.815175
0.788718
0.772586
0.826527
0.761658
0.829009
0.795707
0.778631
0.744366
0.771359
0.732074
0.752385
0.717873
0.762809
0.731030
0.753981
0.778435
0.753335
0.813333
0.802538
0.829486
0.834309
0.828623
0.805683
0.778972
0.754248
0.800341
0.779250
0.755445
0.801573
0.816730
0.822094
0.813882
0.810192
0.746418
0.785077
0.703581
0.670468
0.701576
0.766000
0.666049
0.767191
0.729862
0.764368
0.756384
0.705514
0.745803
0.733567
0.764706
0.706344
0.727250
0.759744
0.710096
0.719923
0.717408
0.717721
0.720276
0.774308
0.752446
0.687206
0.645989
0.638695
0.677954
0.705348
0.727020
0.836771
0.828554
0.825318
0.813347
0.802878
0.799561
0.799920
0.791950
0.817102
0.802588
0.818151
0.819311
0.827225
0.811413
0.822240
0.827845
0.844275
0.824136
0.822060
0.806165
0.745702
0.781301
0.790768
0.565130
0.667047
0.655020
0.617613
0.738947
0.715566
0.773393
0.801962
0.691653
0.721820
0.703848
0.743496
0.805628
0.767537
0.778810
0.799703
0.776287
0.839400
0.830199
0.812368
0.806208
0.758329
0.730010
0.785598
0.806169
0.865146
0.885625
0.871833
0.841038
0.869625
0.867555
0.874409
0.886048
0.859521
0.863730
0.888125
0.861223
0.880824
0.876322
0.893363
0.885179
0.890708
0.868748
0.867152
0.871501
0.871844
0.875798
0.857714
0.861477
0.859299
0.863436
0.870319
0.866192
0.864226
0.859864
0.869727
0.868221
0.872695
0.873385
0.871064
0.863071
0.875917
0.878829
0.891919
0.867457
0.874279
0.853142
0.841052
0.877024
0.884273
0.843973
0.853352
0.852183
0.833448
0.852033
0.837364
0.841140
0.845371
0.840782
0.880653
0.870307
0.856932
0.816049
0.850958
0.861567
0.817603
0.841865
0.812041
0.812795
0.832485
0.833588
0.832243
0.848242
0.850271
0.840609
0.841851
0.849849
0.846497
0.842753
0.848855
0.863590
0.856383
0.869782
0.848913
0.853515
0.860786
0.862018
0.859609
0.861219
0.854076
0.864759
0.869601
0.868126
0.863938
0.842365
0.864727
0.845383
0.861297
0.850809
0.871635
0.874890
0.869945
0.866635
0.851963
0.842273
0.856725
0.843554
0.862129
0.837375
0.840006
0.844881
0.839914
0.836448
0.839288
0.830672
0.831912
0.837344
0.865522
0.844830
0.841414
0.835830
0.838484
0.834845
0.828912
0.832747
0.816971
0.825123
0.814449
0.815740
0.811838
0.811419
0.818368
0.820978
0.826568
0.830077
0.841341
0.829280
0.841616
0.846812
0.841552
0.850617
0.847693
0.867071
0.850820
0.858601
0.841262
0.836078
0.848368
0.838296
0.843486
0.861573
0.853597
0.869543
0.862383
0.876989
0.877783
0.865092
0.875641
0.860866
0.857373
0.874823
0.871721
0.884811
0.884387
0.875805
0.872110
0.888989
0.890649
0.880631
0.871368
0.870614
0.863810
0.861660
0.850397
0.885093
0.886238
0.875443
0.891572
0.894280
0.865929
0.876880
0.868120
0.871888
0.856335
0.867678
0.862376
0.860473
0.873818
0.867697
0.880227
0.873617
0.853922
0.874404
0.866119
0.858657
0.869003
0.865754
0.852318
0.854121
0.853212
0.859186
0.869800
0.866578
0.856523
0.856907
0.849518
0.863408
0.849745
0.856117
0.834275
0.833531
0.850986
0.849303
0.850406
0.849379
0.875186
0.874197
0.856842
0.870950
0.860931
0.848224
0.842463
0.871366
0.872285
0.867677
0.872600
0.878943
0.878432
0.879552
0.877722
0.885366
0.881675
0.870172
0.858456
0.842518
0.830971
0.866518
0.856776
0.853282
0.846009
0.849990
0.846246
0.845648
0.844393
0.828061
0.828145
0.822094
0.832193
0.848059
0.841675
0.850949
0.854454
0.847533
0.834394
0.824378
0.768042
0.859118
0.837011
0.829400
0.875308
0.852996
0.845056
0.844297
0.840542
0.843462
0.847815
0.861033
0.859373
0.871433
0.882677
0.882645
0.873835
0.878240
0.857758
0.857824
0.876266
0.864549
0.876045
0.867698
0.855874
0.856073
0.885641
0.882861
0.874825
0.879143
0.870903
0.871492
0.857315
0.869942
0.883879
0.875682
0.863584
0.858067
0.842863
0.849733
0.857950
0.859933
0.858335
0.855694
0.848192
0.855707
0.837869
0.870685
0.853766
0.863845
0.863028
0.836096
0.844253
0.859507
0.872662
0.881972
0.878670
0.871144
0.861385
0.830466
0.834946
0.845395
0.858980
0.847968
0.839331
0.858950
0.821486
0.844558
0.839050
0.843140
0.842310
0.883232
0.905925
0.887473
0.876350
0.899735
0.884105
0.888779
0.908231
0.909726
0.897961
0.889771
0.887326
0.890406
0.896244
0.874255
0.895497
0.887496
0.874318
0.883009
0.886597
0.878639
0.883301
0.884877
0.874522
0.883059
0.910109
0.897041
0.903807
0.886288
0.915018
0.923730
0.909678
0.899832
0.920723
0.912345
0.918013
0.921071
0.933138
0.915902
0.907943
0.926079
0.921826
0.900835
0.912422
0.914025
0.916899
0.910918
0.907324
0.894193
0.907707
0.891995
0.922657
0.910907
0.899936
0.886191
0.901037
0.893137
0.894775
0.911081
0.904648
0.902191
0.895193
0.968548
0.980906
0.948460
0.944066
0.943302
0.902035
0.884848
0.878021
0.945861
0.946901
0.892874
0.915609
0.876203
0.877444
0.868598
0.874991
0.915132
0.883101
0.896227
0.878735
0.852357
0.868424
0.882224
0.884556
0.915120
0.910218
0.903207
0.921562
0.933049
0.917447
0.901218
0.921932
0.922162
0.903503
0.922817
0.910850
0.931698
0.907726
0.916538
0.925025
0.923495
0.926210
0.925955
0.907053
0.904476
0.926514
0.902678
0.916530
0.896466
0.898076
0.903272
0.899621
0.900884
0.899379
0.894809
0.914452
0.890457
0.915653
0.874887
0.927137
0.928252
0.962507
0.931979
0.887999
0.878889
0.909485
0.972066
0.970884
0.979652
0.934923
0.963080
0.964236
0.935306
0.962692
0.926436
0.924157
0.930244
0.898765
0.940354
0.908053
0.913533
0.901327
0.939906
0.942945
0.936539
0.937743
0.946226
0.901663
0.940176
0.920281
0.917755
0.902458
0.914083
0.921059
0.949829
0.908890
0.947592
0.907970
0.886750
0.912966
0.917591
0.897067
0.894920
0.899497
0.895754
0.898911
0.892984
0.876303
0.885575
0.882179
0.912489
0.887763
0.878178
0.902306
0.906748
0.905521
0.908011
0.898062
0.917916
0.916063
0.922099
0.944629
0.918542
0.908313
0.946595
0.946353
0.952529
0.919795
0.945753
0.945791
0.938326
0.913923
0.933287
0.913447
0.898500
0.914877
0.930886
0.900987
0.901153
0.912487
0.906189
0.897716
0.911821
0.930121
0.912879
0.914169
0.924151
0.917066
0.926635
0.935199
0.943564
0.908458
0.915056
0.936974
0.933356
0.898289
0.916741
0.927204
0.941016
0.909119
0.913473
0.918904
0.923416
0.941424
0.931391
0.932443
0.928794
0.936051
0.941625
0.953279
0.983900
0.959081
1.000000
0.964027
0.994623
0.956589
0.955110
0.987295
0.973509
0.966219
0.966559
0.981586
0.970044
0.946500
0.955567
0.920246
0.979227
0.923543
0.921483
0.964657
0.817620
0.904710
0.906650
0.903362
0.919502
0.900233
0.917364
0.896356
0.897523
0.931052
0.909788
0.872609
0.871418
0.892704
0.914788
0.908202
0.908245
0.919340
0.867369
0.860846
0.879540
0.894459
0.869806
0.884487
0.898675
0.875458
0.860657
0.902681
0.873537
0.881751
0.888330
0.883146
0.906355
0.898322
0.917087
0.940108
0.933026
0.928996
0.900891
0.864756
0.883744
0.893325
0.893211
0.890045
0.881167
0.900879
0.873418
0.876277
0.879953
0.907187
0.892956
0.899840
0.901192
0.877918
0.862416
0.905408
0.874122
0.877428
0.890893
0.869298
0.880142
0.964072
0.921264
0.951167
0.960853
0.921671
0.908369
0.958708
0.929804
0.926184
0.930390
