0.515985
0.537028
0.493699
0.581649
0.592478
0.706839
0.714836
0.708982
0.705756
0.702528
0.710496
0.681332
0.689135
0.709577
0.729821
0.713835
0.736882
0.582634
0.540871
0.762916
0.614412
0.538794
0.676040
0.777721
0.720210
0.804379
0.700923
0.646008
0.788560
0.717149
0.537750
0.690153
0.554304
0.643115
0.571700
0.666232
0.520063
0.697202
0.487774
0.522976
0.683762
0.526785
0.647257
0.618539
0.475452
0.527881
0.675036
0.642684
0.499305
0.650747
0.508711
0.571063
0.697402
0.668244
0.574161
0.549481
0.500689
0.492728
0.670573
0.554381
0.558512
0.615690
0.522403
0.674965
0.565665
0.716636
0.595956
0.638268
0.484047
0.733539
0.575074
0.571157
0.718001
0.604666
0.700642
0.584469
0.743850
0.628894
0.701928
0.610354
0.576472
0.686287
0.605394
0.707946
0.708362
0.595003
0.523067
0.661321
0.635531
0.458807
0.611230
0.483646
0.564248
0.672945
0.644379
0.491949
0.431496
0.601975
0.449468
0.580248
0.450048
0.624748
0.405687
0.574764
0.426033
0.566334
0.428681
0.580604
0.562752
0.452851
0.601467
0.441070
0.557748
0.455104
0.620917
0.629016
0.536339
0.452856
0.431527
0.607418
0.435749
0.638201
0.499054
0.409393
0.576741
0.544440
0.378265
0.528384
0.397827
0.424957
0.611099
0.551870
0.410020
0.388525
0.461762
0.308705
0.562310
0.211715
0.407399
0.267777
0.485225
0.389928
0.527478
0.621294
0.467056
0.609116
0.601255
0.541108
0.459745
0.517167
0.622026
0.519359
0.582260
0.336983
0.269240
0.391947
0.435034
0.189135
0.217874
0.411206
0.202964
0.366271
0.259047
0.450623
0.234715
0.402039
0.170866
0.364679
0.341755
0.497087
0.531985
0.463148
0.590393
0.428222
0.328843
0.496701
0.559204
0.415287
0.436953
0.562483
0.443352
0.603476
0.392515
0.539203
0.384578
0.576839
0.487634
0.492852
0.603638
0.484957
0.637625
0.646819
0.543472
0.450711
0.572947
0.620350
0.511858
0.622734
0.420220
0.392735
0.525077
0.532577
0.363451
0.356059
0.518584
0.394819
0.541850
0.356015
0.539938
0.463034
0.600867
0.476162
0.359469
0.518244
0.405395
0.544351
0.603083
0.383046
0.366114
0.528679
0.527124
0.358291
0.513364
0.586445
0.702413
0.585471
0.730597
0.598136
0.677374
0.723577
0.627973
0.595616
0.701138
0.594646
0.695917
0.721753
0.613711
0.566442
0.667862
0.676240
0.515993
0.640222
0.525166
0.552509
0.666459
0.629606
0.476874
0.602308
0.557912
0.640741
0.679529
0.606627
0.508014
0.548999
0.447874
0.386760
0.463937
0.619863
0.459978
0.694325
0.595014
0.786574
0.756736
0.611152
0.615904
0.677096
0.718150
0.631548
0.698178
0.652535
0.617667
0.678850
0.650808
0.611142
0.721996
0.546275
0.663646
0.623667
0.621989
0.626167
0.715238
0.635559
0.651617
0.660444
0.715917
0.492364
0.392289
0.492833
0.476535
0.463494
0.486344
0.502928
0.455456
0.461016
0.455289
0.359019
0.639442
0.443405
0.463893
0.454444
0.428018
0.330988
0.504885
0.363515
0.452604
0.608918
0.508573
0.540270
0.401519
0.367772
0.330919
0.622777
0.479669
0.421748
0.424984
0.358960
0.335054
0.370910
0.343947
0.765689
0.746007
0.740198
0.698328
0.784538
0.838295
0.739195
0.738455
0.768215
0.762720
0.709846
0.743336
0.736391
0.724470
0.731821
0.726055
0.725017
0.772908
0.756544
0.400639
0.417031
0.457187
0.443201
0.381048
0.313012
0.350865
0.320570
0.349493
0.344064
0.394941
0.463955
0.470155
0.564421
0.632278
0.625865
0.646401
0.639701
0.624692
0.605106
0.568855
0.603027
0.627612
0.638484
0.661953
0.684768
0.703306
0.675411
0.722137
0.702733
0.698732
0.696040
0.651643
0.663538
0.641845
0.649613
0.690452
0.697175
0.716614
0.674270
0.737462
0.749434
0.744241
0.763617
0.777548
0.746733
0.674892
0.701908
0.543700
0.596914
0.511939
0.532740
0.568289
0.520370
0.618597
0.569890
0.588677
0.634701
0.611889
0.576410
0.577647
0.537226
0.579052
0.534372
0.628595
0.590335
0.700442
0.683530
0.631258
0.654422
0.674893
0.678407
0.680098
0.665119
0.697744
0.719363
0.729129
0.761640
0.735957
0.748841
0.685185
0.632207
0.741449
0.687934
0.676449
0.657453
0.746679
0.686975
0.672365
0.633441
0.639462
0.775384
0.781785
0.796961
0.808527
0.808969
0.806028
0.804373
0.838395
0.836810
0.802569
0.790023
0.818936
0.809046
0.732361
0.774462
0.791989
0.787150
0.720819
0.808009
0.784754
0.713839
0.721618
0.684281
0.828141
0.765814
0.781063
0.714908
0.648620
0.704365
0.784653
0.701024
0.755307
0.773869
0.775214
0.779887
0.780386
0.789685
0.738727
0.779808
0.543557
0.509621
0.697219
0.716034
0.536172
0.633644
0.514986
0.670952
0.451426
0.471539
0.549561
0.790857
0.612226
0.663590
0.707888
0.756444
0.814049
0.705745
0.493765
0.624887
0.634742
0.576329
0.560165
0.597967
0.582776
0.557555
0.711989
0.824636
0.673034
0.671188
0.739302
0.657155
0.705223
0.647231
0.741512
0.741680
0.767619
0.740670
0.690903
0.652053
0.724543
0.608265
0.647722
0.744709
0.739311
0.816895
0.736348
0.805479
0.761724
0.808884
0.681352
0.688648
0.743405
0.681070
0.626205
0.468880
0.409093
0.580888
0.588311
0.507501
0.598553
0.538188
0.564460
0.508184
0.542299
0.457163
0.484879
0.379431
0.488512
0.632926
0.580141
0.529364
0.581073
0.581225
0.478305
0.485165
0.441266
0.421235
0.446284
0.375638
0.420410
0.449596
0.371405
0.391413
0.528342
0.498187
0.538338
0.533688
0.539707
0.509619
0.521021
0.486159
0.491885
0.522006
0.576681
0.705230
0.694346
0.750454
0.677962
0.746737
0.595766
0.704687
0.643259
0.739174
0.615600
0.503519
0.667885
0.443207
0.613099
0.531623
0.546540
0.590481
0.412495
0.533691
0.635090
0.495177
0.648674
0.577882
0.488115
0.538628
0.620957
0.668818
0.575286
0.678377
0.497622
0.536355
0.594503
0.548607
0.623739
0.489631
0.662945
0.554027
0.597479
0.485515
0.657614
0.552059
0.588397
0.570076
0.593382
0.577556
0.545787
0.480421
0.592657
0.598238
0.534811
0.628992
0.637441
0.634809
0.591851
0.593314
0.638416
0.630517
0.644036
0.665455
0.649175
0.677421
0.672505
0.626781
0.651467
0.654516
0.730985
0.819255
0.779629
0.651248
0.734890
0.673897
0.747412
0.692718
0.652695
0.641610
0.723879
0.747311
0.557940
0.594084
0.689348
0.753154
0.688644
0.706309
0.689669
0.664330
0.647562
0.663568
0.664784
0.737772
0.766416
0.679680
0.664798
0.788338
0.735273
0.735370
0.801897
0.786560
0.847824
0.829226
0.708225
0.709562
0.679476
0.665812
0.660888
0.770252
0.709246
0.800831
0.827322
0.704550
0.660098
0.715882
0.685719
0.694077
0.680581
0.714004
0.692550
0.703682
0.780109
0.691120
0.700439
0.716100
0.791486
0.739096
0.757319
0.761670
0.777882
0.694902
0.652193
0.886196
0.819331
0.768703
0.889164
0.725509
0.884398
0.731972
0.809374
0.651538
0.742477
0.717928
0.711639
0.858681
0.789785
0.874059
0.842906
0.774956
0.696457
0.691193
0.542105
0.731414
0.614861
0.667765
0.675905
0.741710
0.636048
0.710810
0.624032
0.591399
0.694086
0.565442
0.692202
0.711564
0.638060
0.605990
0.656347
0.744650
0.615970
0.722625
0.727796
0.778375
0.643796
0.821164
0.691057
0.672159
0.707415
0.722595
0.707649
0.661854
0.603193
0.668172
0.630733
0.731208
0.741052
0.714193
0.806105
0.741173
0.821823
0.626190
0.765475
0.782585
0.771463
0.760377
0.731232
0.673639
0.822174
0.747626
0.623708
0.583735
0.595802
0.682003
0.728295
0.399245
0.439832
0.474267
0.609992
0.665302
0.490210
0.538153
0.424796
0.523949
0.615558
0.301418
0.490236
0.483568
0.632538
0.715481
0.664567
0.595688
0.765627
0.604034
0.743283
0.550996
0.764820
0.651406
0.682490
0.751466
0.595959
0.530140
0.638872
0.535672
0.648456
0.675314
0.538265
0.541479
0.723487
0.657462
0.665861
0.769785
0.709989
0.365268
0.455218
0.356710
0.411730
0.511072
0.362352
0.332061
0.466746
0.387100
0.606136
0.475707
0.641696
0.510763
0.636728
0.646576
0.561384
0.400765
0.476275
0.694723
0.596501
0.607072
0.451553
0.533966
0.426083
0.339050
0.596265
0.302477
0.457868
0.576178
0.711094
0.611391
0.658327
0.713879
0.703241
0.664541
0.733728
0.766823
0.538347
0.546243
0.706454
0.656918
0.325987
0.292850
0.558788
0.670039
0.562506
0.578591
0.681430
0.586289
0.601596
0.687237
0.748183
0.775396
0.489627
0.679333
0.774492
0.553601
0.663318
0.515743
0.670721
0.516201
0.572147
0.578054
0.655291
0.569242
0.374473
0.468080
0.628926
0.556340
0.612370
0.543144
0.701220
0.621619
0.611824
0.700902
0.607685
0.704588
0.571476
0.562034
0.684551
0.558731
0.672477
0.837586
0.818031
0.833480
0.814977
0.837122
0.720516
0.812500
0.720898
0.635887
0.634546
0.761357
0.737778
0.752686
0.801610
0.677992
0.727050
0.661981
0.748283
0.705644
0.703597
0.754297
0.727575
0.658103
0.811553
0.769117
0.755525
0.689810
0.789307
0.850207
0.814339
0.890691
0.841840
0.872827
0.851920
0.849519
0.869273
0.856326
0.900707
0.817523
0.834916
0.753848
0.838643
0.883707
0.881378
0.851265
0.846770
0.740527
0.718460
0.760696
0.767962
0.791329
0.789909
0.842689
0.777597
0.768877
0.844112
0.811150
0.844691
0.729353
0.874320
0.806023
0.819270
0.780917
0.791040
0.836919
0.708969
0.762437
0.646059
0.808967
0.755052
0.836970
0.844667
0.871237
0.876622
0.871598
0.879484
0.417699
0.410297
0.573630
0.591169
0.616496
0.586823
0.673411
0.530033
0.629409
0.612220
0.664252
0.707147
0.641333
0.786919
0.785475
0.616386
0.748172
0.786795
0.795291
0.576230
0.771802
0.529205
0.700808
0.754445
0.683917
0.649665
0.521119
0.544714
0.524561
0.657652
0.695309
0.584729
0.703071
0.531243
0.680047
0.702283
0.828513
0.749721
0.851070
0.880836
0.749293
0.671023
0.708556
0.688067
0.723066
0.731109
0.784517
0.815076
0.848405
0.813497
0.825155
0.790351
0.794962
0.888032
0.920083
0.839812
0.922218
0.869433
0.765734
0.749072
0.816414
0.459237
0.406846
0.397276
0.443345
0.474344
0.583933
0.416152
0.596020
0.599830
0.486274
0.455202
0.602755
0.520989
0.653215
0.545233
0.502896
0.536801
0.480389
0.559385
0.406325
0.546556
0.784265
0.615601
0.752098
0.714587
0.805282
0.793444
0.597794
0.427664
0.503321
0.652028
0.503800
0.364833
0.510970
0.324396
0.520362
0.372395
0.497878
0.341919
0.538297
0.350061
0.474608
0.555287
0.587014
0.501893
0.699721
0.394861
0.506350
0.627023
0.440182
0.514431
0.326962
0.346532
0.539935
0.510732
0.407812
0.422870
0.331514
0.560151
0.371390
0.496235
0.499395
0.587781
0.432026
0.604483
0.538038
0.528209
0.450423
0.374688
0.528526
0.484429
0.306488
0.340564
0.287621
0.301079
0.332880
0.368396
0.331955
0.360981
0.808937
0.802688
0.819982
0.836155
0.872198
0.839829
0.822643
0.750391
0.792848
0.740154
0.779350
0.790390
0.295978
0.428265
0.549541
0.262381
0.311920
0.522586
0.738463
0.587829
0.619244
0.751634
0.740434
0.584404
0.504380
0.452780
0.641882
0.342522
0.301962
0.542937
0.513191
0.619583
0.551641
0.534952
0.494242
0.513794
0.531447
0.493853
0.541279
0.522946
0.496794
0.640082
0.535264
0.666255
0.763326
0.653129
0.765182
0.665181
0.680464
0.521757
0.454682
0.419806
0.551267
0.536164
0.540272
0.529227
0.528231
0.547909
0.586323
0.568669
0.551901
0.558836
0.600371
0.597642
0.636660
0.545719
0.530427
0.606463
0.550898
0.613471
0.574813
0.680137
0.676034
0.596413
0.706627
0.638374
0.732614
0.627817
0.711931
0.713404
0.646463
0.663406
0.848055
0.715856
0.814066
0.710833
0.733193
0.784150
0.747466
0.677225
0.615714
0.647775
0.601682
0.711129
0.592064
0.635221
0.598949
0.691988
0.729684
0.651864
0.567368
0.569662
0.692569
0.727258
0.806698
0.733221
0.840611
0.691479
0.677045
0.730555
0.808452
0.567229
0.548063
0.589407
0.590272
0.619786
0.602720
0.721625
0.647177
0.759947
0.834595
0.636211
0.730751
0.616365
0.715777
0.652380
0.730364
0.613815
0.643721
0.672707
0.725690
0.650661
0.724208
0.692273
0.591644
0.639782
0.734987
0.737320
0.637251
0.634430
0.791111
0.820464
0.806598
0.821757
0.833901
0.809858
0.861373
0.739398
0.812006
0.715792
0.608369
0.664580
0.566094
0.626035
0.671658
0.762524
0.470538
0.520758
0.610181
0.671443
0.579339
0.506992
0.387376
0.333730
0.516319
0.401886
0.538974
0.603173
0.534247
0.741348
0.822671
0.636546
0.566704
0.676307
0.794058
0.569415
0.692543
0.559921
0.687165
0.602467
0.522808
0.570691
0.655611
0.591837
0.545421
0.681991
0.820311
0.283866
0.224171
0.443433
0.257132
0.256032
0.279933
0.325753
0.266151
0.294007
0.352433
0.321917
0.357649
0.418871
0.506923
0.421613
0.351175
0.437515
0.310623
0.297449
0.338996
0.589301
0.762773
0.368549
0.461988
0.640918
0.314596
0.431807
0.327639
0.588893
0.690682
0.818997
0.676315
0.762378
0.734176
0.794443
0.754664
0.773404
0.737980
0.666323
0.677734
0.582288
0.479860
0.493066
0.621398
0.454550
0.494482
0.501878
0.432249
0.617763
0.700059
0.675241
0.633644
0.690430
0.732609
0.786728
0.757733
0.824513
0.625702
0.639965
0.740072
0.709695
0.745167
0.849800
0.790298
0.775340
0.762806
0.787101
0.703075
0.485937
0.582753
0.476809
0.609726
0.603369
0.675726
0.699336
0.754671
0.558121
0.676625
0.478961
0.617432
0.424574
0.786441
0.771530
0.774598
0.778799
0.796091
0.789497
0.817560
0.857592
0.819787
0.769873
0.781598
0.725859
0.623338
0.706847
0.649178
0.733389
0.691574
0.659257
0.742565
0.842366
0.785044
0.671368
0.783962
0.840819
0.816962
0.806882
0.782979
0.744026
0.787361
0.790736
0.718694
0.708929
0.769906
0.686995
0.752730
0.753015
0.668259
0.721060
0.806697
0.835530
0.790235
0.801810
0.763369
0.734721
0.503711
0.606263
0.793543
0.766463
0.592060
0.719541
0.805758
0.653217
0.605861
0.583057
0.644434
0.749206
0.602660
0.595839
0.698856
0.732817
0.581203
0.596937
0.749591
0.822851
0.532858
0.667266
0.589979
0.805316
0.736255
0.781087
0.730321
0.711438
0.697331
0.698258
0.714583
0.808431
0.857377
0.809747
0.828140
0.845703
0.795697
0.796100
0.817174
0.812739
0.768152
0.818470
0.787135
0.805143
0.752049
0.746486
0.738491
0.784473
0.759893
0.730734
0.797184
0.869899
0.812762
0.726522
0.741010
0.707347
0.745302
0.829556
0.797259
0.822781
0.794282
0.608926
0.678230
0.584446
0.735970
0.690766
0.625804
0.711174
0.619812
0.716433
0.648611
0.629577
0.594209
0.572575
0.605024
0.618625
0.571231
0.627589
0.563403
0.600960
0.613436
0.656753
0.651252
0.644530
0.662429
0.698352
0.675717
0.739674
0.770489
0.746515
0.729783
0.681248
0.642341
0.744182
0.682563
0.763824
0.681984
0.680102
0.665457
0.740822
0.673094
0.823478
0.751965
0.753589
0.743003
0.797349
0.848467
0.788385
0.902747
0.686867
0.738171
0.673689
0.744540
0.762534
0.670639
0.674244
0.649925
0.635366
0.743140
0.694291
0.686460
0.737832
0.673306
0.711837
0.763678
0.744765
0.743582
0.770646
0.725881
0.725137
0.732934
0.620268
0.682278
0.740839
0.844895
0.796681
0.787213
0.765038
0.808900
0.679609
0.734129
0.629109
0.738824
0.686829
0.690435
0.713821
0.651502
0.649256
0.638315
0.637404
0.620289
0.611033
0.597481
0.650094
0.639101
0.632769
0.703972
0.688993
0.697939
0.729816
0.667906
0.647184
0.678311
0.731687
0.684588
0.621866
0.754014
0.670562
0.660577
0.738931
0.728769
0.833654
0.776377
0.720196
0.799117
0.727656
0.750753
0.747634
0.797555
0.734711
0.765170
0.705146
0.694056
0.806427
0.736948
0.766133
0.610380
0.602466
0.768612
0.823413
0.844395
0.700486
0.745503
0.620526
0.611019
0.718130
0.734620
0.633648
0.562465
0.671191
0.639387
0.541289
0.681404
0.723307
0.825903
0.785998
0.837461
0.820156
0.705083
0.769367
0.814012
0.789128
0.761044
0.764645
0.847749
0.831886
0.697790
0.805657
0.737816
0.790347
0.759935
0.653015
0.704885
0.750887
0.623612
0.703309
0.731673
0.787266
0.829711
0.830602
0.820896
0.704451
0.794558
0.822222
0.777356
0.718061
0.823835
0.827222
0.722375
0.574778
0.532007
0.608824
0.577239
0.596618
0.600593
0.590833
0.608364
0.619282
0.762213
0.702034
0.722472
0.647576
0.720088
0.713135
0.694447
0.765305
0.812147
0.705603
0.617437
0.663951
0.744164
0.637002
0.734818
0.633633
0.715924
0.748495
0.614992
0.687255
0.686074
0.732176
0.347831
0.500193
0.241982
0.431300
0.299595
0.419923
0.142741
0.347969
0.142184
0.327164
0.502876
0.238399
0.408488
0.338720
0.129656
0.325618
0.496805
0.478998
0.369084
0.462668
0.549705
0.600441
0.699251
0.603356
0.708883
0.572284
0.672686
0.619542
0.688609
0.619556
0.727408
0.600775
0.681566
0.676882
0.544360
0.573167
0.674113
0.623827
0.658469
0.636723
0.662646
0.644279
0.627838
0.651654
0.660351
0.586465
0.565165
0.594987
0.610175
0.549910
0.518399
0.691408
0.660166
0.511570
0.673469
0.607433
0.613930
0.581734
0.588517
0.543831
0.493309
0.662482
0.548370
0.649213
0.574797
0.695287
0.591694
0.710259
0.532057
0.637035
0.496282
0.660621
0.493829
0.621272
0.629389
0.457980
0.519293
0.680495
0.646083
0.553347
0.540748
0.540543
0.576086
0.530001
0.503619
0.567419
0.675969
0.665509
0.509226
0.582243
0.705647
0.660183
0.548956
0.660355
0.544884
0.557678
0.706032
0.691965
0.564117
0.721619
0.702537
0.752202
0.688477
0.648276
0.551175
0.590399
0.531587
0.586336
0.642572
0.055791
0.271031
0.061405
0.264124
0.059561
0.290656
0.069647
0.276404
0.073370
0.049873
0.256147
0.059124
0.269867
0.299290
0.060727
0.068562
0.281017
0.277894
0.075028
0.281167
0.561721
0.586034
0.603768
0.654399
0.683041
0.606262
0.734234
0.668444
0.641925
0.537968
0.648908
0.545712
0.708411
0.728261
0.637935
0.649039
0.527563
0.686744
0.533779
0.595354
0.659124
0.462251
0.400460
0.380739
0.420260
0.595587
0.453400
0.566890
0.510475
0.619890
0.518955
0.609535
0.438569
0.547983
0.405691
0.562449
0.392410
0.581105
0.544018
0.401608
0.467455
0.648863
0.565016
0.486052
0.537861
0.643332
0.549120
0.674679
0.498597
0.624657
0.569564
0.672133
0.581880
0.693564
0.542437
0.636824
0.673084
0.500230
0.598495
0.483606
0.621474
0.487586
0.626046
0.472009
0.617400
0.500675
0.625595
0.500360
0.461372
0.606201
0.489180
0.589375
0.615160
0.457133
0.459800
0.589747
0.578626
0.410307
0.570974
0.416125
0.449960
0.591297
0.559441
0.411842
0.460503
0.233495
0.351806
0.508071
0.358171
0.284722
0.469454
0.531890
0.544754
0.272055
0.433066
0.492941
0.637371
0.385641
0.535523
0.460844
0.341946
0.355489
0.287886
0.267473
0.367230
0.389227
0.290102
0.431453
0.460069
0.500006
0.667690
0.539609
0.491569
0.647457
0.555361
0.662975
0.570936
0.708066
0.630355
0.541028
0.581213
0.527559
0.517333
0.548493
0.536838
0.549559
0.548696
0.503444
0.500814
0.514095
0.564849
0.528982
0.516468
0.519961
0.533341
0.562958
0.503549
0.578821
0.586544
0.587684
0.560509
0.602947
0.714285
0.563957
0.545493
0.517982
0.609976
0.625739
0.615576
0.529958
0.610434
0.750137
0.674409
0.751891
0.679852
0.559772
0.569541
0.560055
0.530740
0.652870
0.366660
0.524772
0.645431
0.546569
0.659270
0.508675
0.539583
0.504390
0.504952
0.455584
0.476156
0.403157
0.524471
0.457758
0.387370
0.393154
0.410190
0.439959
0.369749
0.297288
0.427296
0.334251
0.371111
0.574165
0.385923
0.381196
0.401359
0.361055
0.417845
0.344777
0.276575
0.350729
0.378752
0.388755
0.603442
0.717651
0.624230
0.667925
0.668274
0.558418
0.677377
0.539989
0.587891
0.475080
0.441782
0.450121
0.523291
0.497843
0.454405
0.405607
0.394419
0.481136
0.437322
0.402595
0.378718
0.629004
0.721802
0.661574
0.600496
0.490993
0.568788
0.629999
0.627998
0.578565
0.602103
0.471795
0.509438
0.435983
0.608422
0.601858
0.480233
0.588388
0.509904
0.489952
0.618569
0.527440
0.523861
0.488663
0.508339
0.573107
0.544722
0.528951
0.560885
0.560325
0.571408
0.550803
0.576205
0.296342
0.475333
0.265890
0.410078
0.331614
0.472715
0.316124
0.434174
0.217735
0.481089
0.238887
0.370357
0.409514
0.543784
0.632368
0.441545
0.368570
0.533879
0.581772
0.410125
0.508534
0.484524
0.403083
0.518849
0.489364
0.513291
0.447408
0.398304
0.411747
0.579562
0.444309
0.590055
0.442181
0.585180
0.537776
0.416350
0.412220
0.564151
0.414639
0.574057
0.556172
0.410658
0.358225
0.517559
0.532091
0.410195
0.609905
0.365551
0.531068
0.344967
0.512505
0.370461
0.514173
0.365651
0.539319
0.358803
0.515743
0.345315
0.523249
0.406320
0.561854
0.509843
0.354684
0.357171
0.463773
0.487375
0.352536
0.328610
0.279328
0.330466
0.355876
0.422262
0.398945
0.391474
0.450167
0.568660
0.434001
0.579765
0.421021
0.590414
0.443023
0.581284
0.442147
0.605348
0.474119
0.536524
0.479358
0.595413
0.609071
0.460792
0.419979
0.558786
0.574189
0.427469
0.436122
0.572781
0.435095
0.590835
0.408360
0.581860
0.591937
0.476915
0.447701
0.586424
0.583286
0.404590
0.415668
0.547260
0.529699
0.397838
0.063118
0.279465
0.091665
0.295205
0.151539
0.342197
0.166753
0.338855
0.106925
0.094885
0.292149
0.097474
0.297034
0.304307
0.113765
0.081689
0.275009
0.301184
0.083145
0.351112
0.266201
0.410833
0.239807
0.390923
0.446647
0.213303
0.300539
0.476044
0.503439
0.337830
0.233412
0.420171
0.365987
0.523492
0.371607
0.519965
0.371471
0.536587
0.385503
0.525016
0.346205
0.520385
0.352876
0.498334
0.385733
0.522027
0.536956
0.368632
0.355209
0.512550
0.513052
0.358293
0.379522
0.385190
0.351142
0.428381
0.454121
0.352581
0.397481
0.443923
0.476196
0.424155
0.519364
0.538884
0.571952
0.521381
0.527053
0.532673
0.534850
0.633486
0.507906
0.433647
0.534560
0.638724
0.480322
0.490923
0.513419
0.475454
0.448957
0.420647
0.453410
0.582164
0.460085
0.620430
0.415286
0.602290
0.509852
0.640767
0.540968
0.625743
0.490490
0.660435
0.454126
0.600119
0.637508
0.493654
0.423554
0.555565
0.614184
0.448140
0.495998
0.631859
0.481549
0.604282
0.461326
0.607338
0.639898
0.491252
0.507856
0.624333
0.618606
0.446640
0.473961
0.581458
0.585809
0.420559
0.404858
0.538821
0.384020
0.533954
0.428919
0.583553
0.417248
0.531764
0.378612
0.490688
0.582692
0.403561
0.620779
0.555614
0.436880
0.438123
0.571761
0.634241
0.401429
0.573959
0.443392
0.591871
0.466453
0.598177
0.429094
0.576441
0.450396
0.590376
0.437384
0.593336
0.556020
0.396303
0.587707
0.437091
0.430970
0.594069
0.328421
0.537718
0.471508
0.585494
0.421509
0.631184
0.548605
0.663512
0.513309
0.445928
0.405409
0.630229
0.196392
0.419597
0.298885
0.510201
0.426673
0.557524
0.404395
0.534807
0.393185
0.382074
0.586837
0.423017
0.549938
0.660137
0.503666
0.619152
0.485631
0.455279
0.444027
0.548531
0.533685
0.510343
0.573094
0.485418
0.411867
0.613739
0.422844
0.467008
0.450032
0.397367
0.380597
0.395137
0.619446
0.687870
0.585980
0.719327
0.694319
0.604032
0.602162
0.647014
0.587089
0.581181
0.585039
0.417817
0.559522
0.432582
0.592048
0.400248
0.541328
0.564714
0.426801
0.426779
0.577733
0.603751
0.441457
0.399848
0.490293
0.523149
0.382702
0.550034
0.402444
0.547280
0.451617
0.569150
0.347224
0.386352
0.528725
0.568659
0.392710
0.530265
0.367330
0.387208
0.539081
0.400293
0.562394
0.306115
0.485348
0.507788
0.488256
0.457582
0.359981
0.492913
0.469444
0.571797
0.551862
0.637510
0.461111
0.610337
0.407695
0.372947
0.581174
0.385670
0.518353
0.500393
0.293348
0.452954
0.629937
0.534074
0.483434
0.542681
0.504572
0.680452
0.589181
0.515795
0.618279
0.565286
0.662246
0.499664
0.624341
0.482746
0.557617
0.562152
0.630928
0.638813
0.684968
0.605497
0.297313
0.318524
0.348901
0.363286
0.334001
0.417368
0.329395
0.345981
0.692491
0.766966
0.608829
0.628318
0.695469
0.673335
0.656385
0.629700
0.795582
0.645595
0.670196
0.598777
0.601289
0.571561
0.605652
0.643466
0.614218
0.586962
0.606936
0.376660
0.523544
0.424915
0.546052
0.398541
0.581394
0.548435
0.420065
0.363606
0.536656
0.539211
0.383042
0.369861
0.561761
0.555174
0.410488
0.406865
0.570098
0.423463
0.553452
0.451406
0.582003
0.548925
0.395988
0.357947
0.484499
0.371350
0.637415
0.444818
0.480484
0.642952
0.485940
0.522516
0.623054
0.426675
0.652980
0.525619
0.521219
0.618889
0.651278
0.481081
0.512892
0.631127
0.612871
0.466536
0.417458
0.580460
0.469205
0.589190
0.417278
0.593711
0.571614
0.484373
0.395999
0.535137
0.407588
0.545234
0.399623
0.392486
0.443570
0.400910
0.350222
0.339051
0.446508
0.441332
0.319035
0.278697
0.372665
0.314922
0.314916
0.226833
0.310654
0.337089
0.360131
0.497593
0.343639
0.519147
0.339953
0.506309
0.544364
0.388202
0.384794
0.509426
0.520793
0.338804
0.335409
0.487328
0.478347
0.328591
0.683854
0.694967
0.700830
0.698174
0.713138
0.694087
0.675278
0.698088
0.764369
0.733933
0.757125
0.801054
0.758053
0.763160
0.729257
0.776034
0.689710
0.759832
0.775027
0.292781
0.372777
0.520264
0.295935
0.266738
0.368103
0.277134
0.367439
0.549760
0.411655
0.805218
0.763844
0.782852
0.755306
0.871700
0.877584
0.900688
0.865753
0.926298
0.947558
0.864682
0.763025
0.712361
0.735708
0.826077
0.754154
0.818620
0.681808
0.677089
0.920974
0.887559
0.828094
0.913648
0.810526
0.702464
0.822289
0.728653
0.786924
0.861434
0.711699
0.729466
0.760302
0.657590
0.785535
0.551234
0.707861
0.593886
0.734542
0.730611
0.697823
0.700731
0.804530
0.624934
0.696755
0.747853
0.711181
0.799789
0.787061
0.713746
0.760566
0.737992
0.633151
0.660720
0.807214
0.749101
0.685338
0.669188
0.696599
0.782984
0.886394
0.814783
0.765427
0.704392
0.722023
0.728168
0.740657
0.626707
0.828363
0.704631
0.822123
0.795593
0.707989
0.720342
0.659851
0.753628
0.712985
0.729704
0.649180
0.713742
0.661574
0.770502
0.623380
0.782575
0.808426
0.833909
0.838837
0.861540
0.848432
0.832300
0.844299
0.817384
0.891836
0.877193
0.882005
0.753469
0.863648
0.852336
0.795802
0.845216
0.875017
0.857657
0.841287
0.818469
0.803410
0.817091
0.825872
0.820897
0.820076
0.862208
0.799722
0.801077
0.809002
0.799712
0.827921
0.726074
0.673907
0.734222
0.735473
0.787876
0.798030
0.737992
0.748337
0.804908
0.812771
0.738744
0.760439
0.804167
0.831908
0.837126
0.811008
0.778905
0.813392
0.782894
0.690132
0.804578
0.729876
0.780293
0.775415
0.742165
0.672238
0.783631
0.761472
0.677961
0.791779
0.803163
0.819793
0.822206
0.838637
0.809341
0.864957
0.806123
0.787718
0.815592
0.811260
0.837425
0.832079
0.849528
0.735424
0.815549
0.698070
0.737897
0.720012
0.882897
0.881985
0.889173
0.865994
0.832495
0.874711
0.896911
0.838954
0.845184
0.874386
0.875388
0.867542
0.834268
0.805042
0.814686
0.858157
0.828219
0.850196
0.871162
0.837029
0.878034
0.872836
0.863521
0.864515
0.837912
0.872913
0.852653
0.839071
0.856654
0.846330
0.791807
0.874525
0.887742
0.873679
0.813789
0.875937
0.893950
0.819881
0.877202
0.862366
0.778907
0.767464
0.843141
0.802727
0.784315
0.787224
0.784225
0.844791
0.821018
0.827139
0.879185
0.827277
0.811757
0.822835
0.802500
0.775270
0.796479
0.768861
0.789064
0.805291
0.870253
0.852962
0.888084
0.868775
0.801485
0.844018
0.856079
0.843745
0.850629
0.828316
0.867506
0.849493
0.807872
0.829728
0.862354
0.851771
0.867126
0.884598
0.903040
0.945112
0.866262
0.900516
0.872706
0.917518
0.868470
0.899134
0.906000
0.881966
0.903998
0.861953
0.835926
0.860340
0.852352
0.840506
0.884738
0.880676
0.827203
0.842308
0.840084
0.817717
0.819899
0.820024
0.852317
0.829185
0.880784
0.838470
0.860962
0.841309
0.907133
0.835433
0.857426
0.906550
0.846410
0.864775
0.896648
0.890400
0.868003
0.911466
0.864093
0.868811
0.893301
0.839085
0.858590
0.881577
0.893166
0.852121
0.813035
0.821909
0.862385
0.875155
0.863907
0.876213
0.855968
0.827659
0.828201
0.818819
0.839196
0.850650
0.835137
0.871145
0.705681
0.703022
0.718214
0.701153
0.714599
0.727293
0.741346
0.721739
0.804759
0.701944
0.793345
0.854492
0.840822
0.850440
0.816834
0.835399
0.778782
0.761757
0.779443
0.799632
0.807772
0.827736
0.845266
0.852130
0.830845
0.899808
0.944527
0.882180
0.828503
0.805393
0.824229
0.792374
0.826198
0.757440
0.791030
0.794204
0.819384
0.788291
0.792567
0.842861
0.856192
0.781659
0.782250
0.830998
0.825129
0.870543
0.848692
0.811146
0.803872
0.860258
0.852375
0.812298
0.820619
0.864812
0.852358
0.855349
0.803795
0.852919
0.825272
0.855509
0.839376
0.838741
0.843891
0.855915
0.837985
0.851354
0.864017
0.863488
0.854720
0.865898
0.846038
0.851085
0.849956
0.773890
0.772114
0.828115
0.803263
0.802200
0.790583
0.776226
0.812351
0.791230
0.808671
0.841633
0.804704
0.828246
0.822293
0.837894
0.830817
0.827457
0.838826
0.842785
0.848039
0.866085
0.834546
0.831935
0.882191
0.885676
0.849986
0.881279
0.853980
0.857585
0.816076
0.790344
0.867073
0.784608
0.820123
0.803138
0.861352
0.870637
0.796941
0.859633
0.853930
0.827321
0.890087
0.863283
0.851500
0.859735
0.882947
0.874236
0.851810
0.815631
0.876664
0.842743
0.925309
0.876392
0.826193
0.828061
0.824945
0.869136
0.896142
0.827767
0.801817
0.828068
0.819153
0.794763
0.818076
0.780310
0.840447
0.776128
0.794987
0.830634
0.849558
0.790804
0.869080
0.877067
0.889890
0.873270
0.836772
0.815587
0.816846
0.843409
0.816927
0.797032
0.821275
0.856491
0.902738
0.912592
0.867385
0.891597
0.858935
0.858699
0.863039
0.781718
0.827347
0.720691
0.802688
0.815959
0.845138
0.839405
0.801646
0.813161
0.764195
0.863890
0.842192
0.826390
0.828987
0.854157
0.853186
0.834985
0.856803
0.811631
0.823579
0.851892
0.822230
0.866796
0.863612
0.859890
0.848078
0.813738
0.809410
0.805268
0.802736
0.836541
0.855711
0.871346
0.834562
0.844410
0.839054
0.831318
0.854592
0.861419
0.853530
0.804029
0.806213
0.842738
0.845008
0.810878
0.807542
0.804050
0.826132
0.817281
0.823570
0.807334
0.863559
0.858189
0.870092
0.868393
0.907879
0.839919
0.868897
0.905221
0.889882
0.835787
0.853026
0.825547
0.834100
0.867871
0.851216
0.893927
0.847494
0.859806
0.838846
0.844899
0.853788
0.875984
0.886703
0.854903
0.852098
0.880197
0.848409
0.860823
0.776687
0.830751
0.841077
0.837398
0.818072
0.822650
0.814413
0.802089
0.842705
0.812691
0.830591
0.832924
0.833747
0.841850
0.763262
0.770654
0.830325
0.796965
0.847114
0.857749
0.835937
0.804602
0.839173
0.808766
0.927560
0.821236
0.778156
0.788934
0.860416
0.830816
0.846759
0.817343
0.825526
0.795717
0.849506
0.824076
0.799353
0.807633
0.778425
0.764510
0.815486
0.748344
0.799298
0.841682
0.812764
0.839070
0.852047
0.844947
0.817237
0.836252
0.862377
0.797472
0.801190
0.865474
0.865820
0.809671
0.787626
0.817303
0.759318
0.849128
0.719020
0.740511
0.718292
0.751592
0.756887
0.816520
0.799782
0.801421
0.753327
0.664916
0.733962
0.649491
0.756706
0.674270
0.779472
0.757057
0.689446
0.782901
0.727742
0.751489
0.754742
0.721587
0.809905
0.784995
0.735191
0.731830
0.694997
0.729187
0.790966
0.642600
0.706300
0.766472
0.728816
0.731926
0.758371
0.926925
0.918308
0.900213
0.890946
0.901787
0.891555
0.890890
0.865513
0.809883
0.906150
0.836182
0.843626
0.845620
0.867524
0.848426
0.864136
0.803223
0.835638
0.806545
0.842505
0.833919
0.855817
0.836198
0.867417
0.830923
0.862082
0.861690
0.843529
0.851232
0.863068
0.804335
0.838423
0.844644
0.838302
0.786016
0.790160
0.779628
0.802145
0.762177
0.716086
0.794621
0.740115
0.708896
0.792426
0.881625
0.774591
0.847415
0.850126
0.784683
0.851989
0.819427
0.805306
0.864949
0.937234
0.885249
0.889697
0.874297
0.880965
0.825944
0.888709
0.875260
0.933128
0.867265
0.855611
0.873438
0.808415
0.851719
0.829549
0.806637
0.839838
0.838488
0.819602
0.876813
0.862135
0.777823
0.802418
0.816734
0.822991
0.841711
0.829835
0.840126
0.831785
0.860433
0.846067
0.845982
0.871402
0.832026
0.822008
0.770410
0.871566
0.800621
0.681073
0.772958
0.652903
0.791486
0.605196
0.856136
0.814935
0.813236
0.854091
0.802709
0.820759
0.779576
0.754491
0.807679
0.754745
0.860648
0.806974
0.801227
0.820191
0.846999
0.794541
0.775657
0.770488
0.744446
0.857300
0.736154
0.727535
0.890601
0.750428
0.705706
0.865250
0.843983
0.829658
0.808922
0.779942
0.799717
0.787399
0.849675
0.841006
0.871182
0.831339
0.835493
0.812864
0.913840
0.872793
0.843627
0.876198
0.853100
0.862117
0.847053
0.832078
0.834158
0.824679
0.772897
0.870732
0.804925
0.734805
0.820771
0.741893
0.850755
0.856049
0.903117
0.853371
0.871598
0.855905
0.855438
0.856336
0.815655
0.849291
0.831502
0.852647
0.840677
0.839941
0.844380
0.830727
0.829962
0.827892
0.856588
0.869940
0.859646
0.866144
0.850118
0.880854
0.776699
0.927383
0.878769
0.832386
0.831753
0.831912
0.800751
0.779803
0.811619
0.795902
0.763554
0.855902
0.852105
0.857967
0.852809
0.825984
0.813184
0.769901
0.828745
0.798694
0.744168
0.755081
0.739564
0.697655
0.669416
0.691052
0.750232
0.747519
0.698837
0.648490
0.721971
0.657887
0.795513
0.688147
0.698387
0.783889
0.832010
0.820690
0.819974
0.802500
0.785336
0.649655
0.753774
0.802404
0.792785
0.639916
0.743119
0.647049
0.740542
0.570403
0.727813
0.621208
0.585586
0.776185
0.579553
0.594063
0.770164
0.843523
0.818469
0.809458
0.793575
0.816809
0.798937
0.739832
0.793115
0.766418
0.713657
0.805563
0.826976
0.873040
0.713677
0.769812
0.711556
0.766141
0.677019
0.836068
0.758417
0.738150
0.798795
0.860543
0.738490
0.870110
0.763399
0.803802
0.863728
0.853281
0.711363
0.701846
0.751282
0.645848
0.692182
0.779425
0.708461
0.821355
0.725021
0.721630
0.709032
0.742603
0.752000
0.700511
0.665825
0.657229
0.665425
0.791333
0.738138
0.713404
0.773830
0.730161
0.842878
0.809908
0.833447
0.874964
0.844118
0.804795
0.887872
0.823611
0.861982
0.796802
0.879512
0.710650
0.710347
0.700170
0.713166
0.724936
0.709519
0.699386
0.697253
0.684366
0.720632
0.659142
0.786539
0.638110
0.669254
0.747208
0.887919
0.811123
0.816400
0.858086
0.665552
0.653202
0.749426
0.789007
0.735979
0.855765
0.714458
0.776540
0.683551
0.801732
0.726854
0.864383
0.787244
0.859055
0.866730
0.889318
0.913487
0.875690
0.850265
0.912262
0.736475
0.770627
0.824910
0.754809
0.735867
0.781457
0.788046
0.882349
0.865465
0.884806
0.757878
0.802992
0.721768
0.775778
0.535594
0.690027
0.574353
0.685494
0.584688
0.700739
0.605456
0.704157
0.578394
0.648859
0.524905
0.659138
0.514244
0.674542
0.638277
0.522771
0.556430
0.694783
0.676431
0.559080
0.555911
0.725864
0.854590
0.719330
0.683956
0.596958
0.751122
0.532943
0.659478
0.714643
0.768189
0.621993
0.759357
0.749893
0.825102
0.882852
0.624338
0.804114
0.758201
0.696799
0.636582
0.628474
0.727291
0.743460
0.675807
0.655392
0.771975
0.771252
0.706560
0.739549
0.708471
0.873667
0.689196
0.763876
0.720451
0.642618
0.766563
0.829283
0.824566
0.822000
0.790304
0.786672
0.828181
0.849467
0.758411
0.817884
0.651699
0.719498
0.824336
0.782468
0.690237
0.740051
0.675139
0.780551
0.708836
0.687690
0.657520
0.746391
0.743877
0.713477
0.819613
0.717337
0.767664
0.707427
0.779637
0.673904
0.762224
0.652401
0.744995
0.755576
0.689838
0.697403
0.633997
0.658795
0.703058
0.586571
0.667245
0.760663
0.803253
0.829524
0.705375
0.609922
0.676243
0.747457
0.604634
0.732127
0.713778
0.762013
0.622009
0.530965
0.595173
0.706158
0.837586
0.728194
0.746976
0.836484
0.568883
0.582792
0.551401
0.572973
0.667228
0.571342
0.572460
0.733995
0.749760
0.706263
0.691704
0.647733
0.751909
0.620871
0.518192
0.601594
0.629199
0.719873
0.745466
0.628266
0.696274
0.647715
0.740737
0.797813
0.677693
0.636263
0.736781
0.716308
0.659995
0.696407
0.838369
0.672970
0.649773
0.690920
0.671222
0.917812
0.808547
0.881686
0.729757
0.891631
0.742590
0.753218
0.765572
0.777052
0.733594
0.727193
0.756607
0.746252
0.717026
0.707850
0.715214
0.733846
0.727137
0.712087
0.705915
0.699793
0.725586
0.732194
0.716328
0.765879
0.690803
0.649388
0.683672
0.704934
0.759792
0.739118
0.736739
0.721704
0.734569
0.747869
0.776316
0.767142
0.702742
0.808076
0.728856
0.751814
0.720669
0.703441
0.713206
0.690962
0.640393
0.621828
0.725139
0.812311
0.766906
0.734250
0.677622
0.738148
0.653877
0.737923
0.757265
0.781709
0.774327
0.810730
0.714147
0.825826
0.595626
0.595062
0.732815
0.651950
0.766284
0.614471
0.630596
0.726981
0.778541
0.843931
0.790475
0.851108
0.829195
0.811348
0.843371
0.871150
0.849498
0.816976
0.827036
0.807159
0.826815
0.827277
0.811811
0.814927
0.817810
0.796376
0.820581
0.816969
0.856734
0.803498
0.797274
0.781580
0.760176
0.787777
0.820579
0.802678
0.855366
0.840662
0.845744
0.847734
0.855141
0.908975
0.788290
0.836193
0.763543
0.718339
0.694086
0.775890
0.722352
0.677882
0.716749
0.719893
0.760635
0.819816
0.885407
0.919790
0.757630
0.766719
0.714565
0.739904
0.756901
0.816017
0.920979
0.766614
0.850662
0.778487
0.809988
0.821608
0.808288
0.835701
0.795696
0.815161
0.834724
0.799365
0.699649
0.684888
0.660875
0.636149
0.666908
0.660108
0.786445
0.693549
0.575805
0.583791
0.623657
0.630202
0.598266
0.616273
0.609528
0.630901
0.653056
0.674152
0.684285
0.682121
0.741238
0.742034
0.658591
0.676253
0.596327
0.656691
0.599577
0.651663
0.585858
0.540358
0.593890
0.639492
0.542488
0.691378
0.701361
0.631611
0.787843
0.735473
0.842476
0.646284
0.563315
0.532467
0.682977
0.550170
0.623739
0.770284
0.861085
0.849659
0.577526
0.627513
0.620910
0.655314
0.626154
0.626875
0.573125
0.591531
0.718131
0.698912
0.711105
0.711689
0.709892
0.721942
0.840743
0.817169
0.814480
0.602513
0.693595
0.622310
0.730614
0.592049
0.736112
0.645993
0.720036
0.640417
0.714963
0.618863
0.746749
0.582422
0.675083
0.691090
0.556666
0.553340
0.682002
0.659009
0.571978
0.622438
0.772746
0.698823
0.793398
0.689523
0.772173
0.813615
0.785420
0.757427
0.856547
0.756098
0.829167
0.734112
0.636927
0.631992
0.764583
0.631758
0.776464
0.642860
0.718813
0.674666
0.779216
0.665365
0.739958
0.585326
0.706510
0.659687
0.761891
0.785936
0.684469
0.783730
0.738991
0.779209
0.728851
0.831837
0.791176
0.849713
0.762236
0.721422
0.794633
0.687667
0.740137
0.711939
0.714631
0.679586
0.770420
0.700882
0.831791
0.883951
0.891030
0.869892
0.797661
0.875680
0.867925
0.692449
0.714470
0.823402
0.841322
0.823645
0.857578
0.748667
0.749463
0.801975
0.902302
0.830919
0.882945
0.880268
0.878918
0.818545
0.787655
0.810451
0.880087
0.809811
0.866258
0.846572
0.766926
0.791881
0.792692
0.804232
0.818600
0.750767
0.800436
0.751588
0.755407
0.723492
0.741432
0.742524
0.779882
0.751809
0.787955
0.756663
0.706305
0.706540
0.713683
0.708379
0.725479
0.700196
0.723965
0.785717
0.785323
0.850225
0.795482
0.752839
0.826400
0.820615
0.826094
0.834772
0.834545
0.813717
0.832723
0.812068
0.747030
0.765127
0.782258
0.740406
0.791581
0.787989
0.774371
0.779611
0.829008
0.793219
0.853590
0.800039
0.817729
0.633614
0.672171
0.667737
0.698727
0.658314
0.657883
0.627193
0.623077
0.783738
0.716990
0.697262
0.710007
0.780749
0.719992
0.720784
0.699592
0.686884
0.643757
0.641033
0.670900
0.624449
0.677624
0.719762
0.754061
0.701265
0.778322
0.730042
0.789029
0.719515
0.707565
0.670694
0.746081
0.702692
0.748075
0.759646
0.840186
0.790087
0.839211
0.859969
0.842107
0.765339
0.761854
0.827448
0.720574
0.637309
0.755881
0.662455
0.738059
0.728082
0.828549
0.692239
0.625523
0.727735
0.688230
0.700057
0.720502
0.744776
0.780850
0.892197
0.932672
0.879030
1.000000
0.854371
0.902502
0.861058
0.972886
0.910999
0.929653
0.835222
0.888539
0.907313
0.784850
0.879911
0.747895
0.791146
0.772332
0.811814
0.855257
0.752226
0.912714
0.787272
0.820600
0.797441
0.848645
0.823320
0.717869
0.785645
0.727854
0.770398
0.810507
0.709913
0.818749
0.854268
0.862764
0.825450
0.886674
0.840434
0.870779
0.788082
0.791829
0.794151
0.810151
0.831312
0.733766
0.704307
0.700084
0.687637
0.827410
0.722335
0.788284
0.882760
0.895949
0.908875
0.963507
0.785046
0.697811
0.708091
0.721125
0.735559
0.728151
0.724370
0.712465
0.760578
0.735530
0.713746
0.753877
0.788743
0.807974
0.731669
0.831373
0.858572
0.793936
0.789753
0.876769
0.587864
0.606054
0.605675
0.588109
0.579284
0.593690
0.597679
0.690161
0.571438
0.602342
0.553327
0.747825
0.620009
0.649073
0.611403
0.703576
0.678436
0.785360
0.593799
0.642577
0.849178
0.775191
0.747605
0.845447
0.674810
0.760557
0.690436
0.773939
0.596399
0.705138
0.549296
0.710140
0.687403
0.676052
0.704188
0.709163
0.721250
0.766775
0.742803
0.785321
0.695409
0.664031
0.626596
0.612478
0.600142
0.575967
0.670376
0.704816
0.658092
0.714806
0.679666
0.718395
0.682888
0.667056
0.800788
0.696324
0.757568
0.795687
0.713220
0.759505
0.690151
0.709615
0.776533
0.688390
0.690641
0.722053
0.715424
0.808926
0.881116
0.776876
0.831016
0.783248
0.821999
0.871331
0.751360
0.832549
0.870794
0.810035
0.878024
0.727720
0.681158
0.730593
0.720355
0.717881
0.723960
0.705693
0.730502
0.812209
0.758481
0.786766
0.741411
0.756075
0.765079
0.731880
0.759721
0.737926
0.798668
0.775728
0.763986
0.741869
0.840974
0.795378
0.801173
0.771233
0.834925
0.820574
0.681837
0.772219
0.657463
0.728467
0.694292
0.734435
0.781954
0.721244
0.748219
0.791341
0.827152
0.798260
0.705535
0.738992
0.756173
0.819048
0.747195
0.704145
0.806723
0.813724
0.723001
0.700736
0.778632
0.754692
0.841824
0.795217
0.850696
0.776581
0.805191
0.840420
0.809324
0.793842
0.850912
0.835071
0.791769
0.846142
0.698515
0.825846
0.816231
0.820442
0.822745
0.781073
0.842841
0.755096
0.759493
0.700736
0.695877
0.737918
0.743587
0.809071
0.691929
0.739650
0.745659
0.692043
0.756590
0.711752
0.897240
0.829135
0.787473
0.910099
0.649056
0.770282
0.852728
0.681278
0.690931
0.702634
0.713023
0.817413
0.865117
0.832865
0.829752
0.848822
0.833374
0.808825
0.818081
0.827745
0.762949
0.768204
0.733852
0.767122
0.740002
0.761082
0.713006
0.740997
0.720601
0.797478
0.821304
0.778961
0.737424
0.705610
0.726086
0.748844
0.707685
0.720322
0.700868
0.668916
0.859837
0.825340
0.785152
0.868138
0.815595
0.779745
0.783888
0.728770
0.765272
0.730913
0.769305
0.671668
0.737926
0.701885
0.911904
0.840630
0.843743
0.890428
0.779004
0.767206
0.727471
0.796434
0.787873
0.782026
0.734863
0.828622
0.634396
0.733015
0.799450
0.686173
0.690895
0.696219
0.655364
0.771952
0.757558
0.803781
0.811478
0.831041
0.801870
0.758779
0.781410
0.706059
0.801043
0.797376
0.769340
0.734956
0.742600
0.795334
0.755249
0.773502
0.722294
0.732649
0.760508
0.849583
0.839428
0.701829
0.746472
0.687157
0.797663
0.918507
0.724677
0.809374
0.705127
0.701555
0.638298
0.787234
0.695428
0.827347
0.727391
0.711785
0.680938
0.608949
0.737010
0.645821
0.688055
0.682985
0.686206
0.790710
0.563084
0.738105
0.558527
0.650523
0.652812
0.623231
0.566309
0.530032
0.725677
0.666447
0.779734
0.605080
0.693674
0.571969
0.696807
0.640297
0.658987
0.625261
0.638054
0.658697
0.759041
0.681439
0.677615
0.722890
0.606051
0.591083
0.666998
0.692364
0.657649
0.722020
0.672842
0.700738
0.654011
0.608657
0.698410
0.720012
0.641925
0.765374
0.744797
0.807175
0.636651
0.612591
0.592408
0.612629
0.568349
0.614597
0.577432
0.654289
0.824891
0.884534
0.824699
0.874853
0.821342
0.780378
0.868582
0.886759
0.852501
0.840163
0.790348
0.847835
0.884322
0.888584
0.897005
0.895436
0.858651
0.870187
0.870158
0.864752
0.900028
0.907353
0.801406
0.865038
0.903818
0.866427
0.851285
0.824190
0.856582
0.836312
0.829017
0.844557
0.818573
0.799960
0.823232
0.871249
0.895152
0.867433
0.879516
0.861474
0.820885
0.817331
0.809340
0.799050
0.815935
0.878742
0.812579
0.823465
0.848648
0.841806
0.838751
0.848855
0.854204
0.845327
0.830560
0.897825
0.849058
0.816675
0.856918
0.876535
0.794047
0.791798
0.777934
0.799124
0.735978
0.751942
0.782062
0.805263
0.785325
0.800444
0.787591
0.855613
0.868568
0.868431
0.763627
0.852936
0.872027
0.856690
0.842682
0.873013
0.861705
0.898763
0.869044
0.793676
0.855861
0.852687
0.830189
0.835094
0.843094
0.808181
0.847457
0.873940
0.879414
0.869871
0.847919
0.765161
0.881087
0.849746
0.861005
0.844082
0.836751
0.822987
0.848862
0.863339
0.831413
0.818497
0.823720
0.830559
0.855068
0.790655
0.875233
0.870313
0.865401
0.862800
0.842246
0.858909
0.849696
0.844805
0.842986
0.892949
0.876108
0.855057
0.887842
0.825654
0.868178
0.816602
0.837533
0.899590
0.836382
0.872177
0.844229
0.876398
0.849853
0.804628
0.854148
0.819572
0.829878
0.838811
0.769765
0.857923
0.894829
0.851087
0.878073
0.884702
0.847798
0.840281
0.780522
0.858442
0.888284
0.798854
0.859279
0.882323
0.843309
0.878187
0.786061
0.849071
0.843324
0.797599
0.843181
0.844744
0.846142
0.845313
0.839274
0.889733
0.813422
0.817949
0.818102
0.840893
0.846849
0.847418
0.881070
0.885240
0.842154
0.853109
0.881231
0.902546
0.731731
0.731208
0.728389
0.813192
0.745847
0.751236
0.672859
0.707785
0.721064
0.706613
0.713636
0.748254
0.802369
0.738979
0.726636
0.841709
0.754035
0.850522
0.820616
0.751366
0.797602
0.797491
0.702933
0.759570
0.818205
0.848025
0.878648
0.894007
0.825521
0.868259
0.828083
0.854917
0.891567
0.872761
0.831502
0.773417
0.792649
0.850887
0.840820
0.853340
0.839927
0.850833
0.843720
0.824343
0.845056
0.852414
0.840561
0.884640
0.825060
0.851651
0.812954
0.795044
0.854160
0.858567
0.854382
0.836598
0.813808
0.766284
0.755235
0.794950
0.819000
0.769337
0.793872
0.811950
0.764579
0.780215
0.866956
0.806534
0.821420
0.802577
0.780289
0.751366
0.819806
0.869843
0.795740
0.864798
0.839269
0.859078
0.812356
0.815323
0.834972
0.884669
0.824487
0.851809
0.790103
0.805777
0.828155
0.849586
0.865440
0.828463
0.797827
0.856119
0.871691
0.826527
0.812421
0.789596
0.804623
0.767599
0.864389
0.772082
0.777498
0.802393
0.919851
0.838333
0.888123
0.916788
0.903635
0.853652
0.890726
0.882100
0.851010
0.785959
0.750169
0.777436
0.753274
0.743937
0.755738
0.778577
0.842037
0.829210
0.845874
0.801601
0.806322
0.802640
0.780089
0.798779
0.746304
0.824521
0.806330
0.855187
0.819237
0.820261
0.808901
0.807862
0.802389
0.821150
0.818780
0.813308
0.846664
0.825609
0.821332
0.812859
0.818725
0.807700
0.798779
0.857137
0.803521
0.759820
0.792680
0.786969
0.833628
0.803977
0.840845
0.718695
0.744835
0.797380
0.858510
0.864985
0.860284
0.776547
0.826989
0.817033
0.819893
0.822545
0.807522
0.760550
0.771888
0.784390
0.732447
0.766717
0.797516
0.725272
0.719481
0.749819
0.696894
0.692003
0.712256
0.704721
0.695516
0.688905
0.751536
0.735355
0.769201
0.813736
0.693516
0.685011
0.805534
0.747769
0.734428
0.791426
0.742378
0.816797
0.867808
0.798495
0.862286
0.772626
0.870320
0.788775
0.789728
0.751267
0.820736
0.819687
0.704423
0.797249
0.719920
0.774268
0.809839
0.735594
0.832652
0.753563
0.826632
0.756810
0.828043
0.749140
0.820032
0.765425
0.814375
0.743484
0.828161
0.723591
0.818068
0.811286
0.759374
0.738943
0.798021
0.810738
0.719754
0.772663
0.817791
0.775435
0.827155
0.771973
0.829754
0.790249
0.791233
0.807803
0.775701
0.848255
0.763421
0.840260
0.766558
0.808430
0.856711
0.859846
0.835721
0.874305
0.830438
0.882389
0.874531
0.888532
0.918827
0.883286
0.870522
0.886756
0.866542
0.907286
0.839425
0.895552
0.846745
0.899624
0.909236
0.872672
0.890920
0.860543
0.907329
0.879322
0.871343
0.807636
0.830933
0.853396
0.779988
0.830787
0.783556
0.845482
0.803422
0.841279
0.812547
0.786531
0.827406
0.837807
0.835203
0.829785
0.831571
0.870170
0.764106
0.805792
0.825949
0.817623
0.791605
0.755203
0.833084
0.749703
0.720084
0.728422
0.771201
0.753277
0.873340
0.744321
0.898382
0.890556
0.853973
0.912481
0.857441
0.912711
0.869656
0.863170
0.906436
0.886984
0.863183
0.853082
0.851166
0.908731
0.806353
0.840339
0.825405
0.830774
0.783247
0.754898
0.736795
0.830074
0.819295
0.831200
0.835372
0.834422
0.840891
0.836480
0.846972
0.840331
0.824622
0.830911
0.859698
0.785982
0.830573
0.796006
0.842505
0.777445
0.776662
0.789919
0.835458
0.866854
0.851771
0.818599
0.808487
0.807638
0.787110
0.826039
0.832204
0.805789
0.813507
0.782636
0.783778
0.809095
0.783170
0.869280
0.779512
0.760745
0.801628
0.839306
0.840919
0.739408
0.757777
0.840010
0.816271
0.805827
0.783326
0.792772
0.791887
0.793687
0.775248
0.802046
0.793542
0.838914
0.879108
0.897019
0.789001
0.803562
0.769561
0.797323
0.789376
0.906391
0.798355
0.849729
0.860957
0.905662
0.886461
0.900679
0.909443
0.858184
0.865494
0.832280
0.872367
0.840194
0.907761
0.881523
0.798840
0.798829
0.802669
0.769519
0.794464
0.790318
0.779432
0.797004
0.823125
0.874099
0.822003
0.897892
0.795385
0.866935
0.863248
0.851279
0.780721
0.863328
0.792407
0.794449
0.844994
0.722985
0.741940
0.744602
0.829097
0.763428
0.798628
0.773948
0.698089
0.739871
0.696237
0.782979
0.734246
0.770135
0.821332
0.795647
0.756089
0.805339
0.797823
0.768394
0.719341
0.749466
0.725359
0.775470
0.787127
0.783071
0.780712
0.812223
0.835575
0.830604
0.837082
0.800564
0.790735
0.795803
0.790734
0.785893
0.784595
0.803689
0.804238
0.770950
0.775154
0.728216
0.745776
0.720551
0.651908
0.694833
0.580379
0.725854
0.695059
0.653556
0.677902
0.761558
0.731155
0.822972
0.855351
0.804554
0.848307
0.781869
0.845090
0.820798
0.889681
0.829026
0.851017
0.819465
0.892281
0.818650
0.876886
0.882858
0.871802
0.795194
0.841067
0.911497
0.829838
0.740332
0.815641
0.785339
0.828278
0.784839
0.831780
0.764489
0.817271
0.770729
0.821811
0.706546
0.774076
0.801384
0.704762
0.755954
0.671875
0.730854
0.770963
0.731340
0.830121
0.852856
0.821348
0.845754
0.821146
0.877725
0.880694
0.844720
0.841686
0.870949
0.901602
0.861434
0.838143
0.883453
0.894674
0.865838
0.796697
0.782638
0.783389
0.842166
0.789756
0.777742
0.769059
0.759936
0.761418
0.712983
0.757790
0.800496
0.806150
0.680808
0.735263
0.802742
0.754683
0.799378
0.686941
0.753729
0.760586
0.770448
0.729798
0.741107
0.709472
0.724984
0.624872
0.918811
0.848676
0.890146
0.847587
0.902951
0.838911
0.881816
0.849385
0.848050
0.850506
0.790284
0.823563
0.833599
0.770780
0.818687
0.785723
0.732000
0.795906
0.777621
0.450505
0.370189
0.362492
0.418467
0.397487
0.444173
0.561962
0.506299
0.568742
0.634162
0.687992
0.803548
0.663125
0.735427
0.702999
0.645414
0.702909
0.570466
0.611447
0.637498
0.672583
0.677228
0.726202
0.723877
0.704690
0.691777
0.634662
0.489724
0.575205
0.681200
0.548747
0.620641
0.491032
0.467617
0.531701
0.665570
0.438982
0.453649
0.568419
0.695275
0.646363
0.574283
0.730009
0.489683
0.376854
0.415811
0.401828
0.362923
0.370829
0.486285
0.511168
0.649833
0.557430
0.571813
0.615433
0.609525
0.650964
0.485400
0.457574
0.590916
0.557057
0.684872
0.613537
0.543869
0.661549
0.552525
0.652656
0.511017
0.668347
0.648984
0.482386
0.596863
0.582655
0.429031
0.653749
0.650044
0.627320
0.533745
0.663832
0.631173
0.698394
0.639412
0.638408
0.608802
0.568916
0.708711
0.604244
0.721135
0.603631
0.735555
0.604798
0.702933
0.591820
0.694359
0.617408
0.701993
0.569310
0.685370
0.581979
0.722897
0.550966
0.748951
0.610544
0.671204
0.404251
0.516192
0.481216
0.683324
0.689353
0.588104
0.655196
0.700169
0.581248
0.597253
0.616692
0.662010
0.668973
0.600566
0.571822
0.553344
0.524083
0.486894
0.492372
0.475969
0.578221
0.425973
0.514376
0.563549
0.693232
0.556588
0.525409
0.645533
0.524605
0.482185
0.676788
0.542972
0.683670
0.544719
0.589132
0.701188
0.675669
0.573275
0.033372
0.272807
0.027327
0.230908
0.053302
0.249202
0.022843
0.224421
0.003082
0.100163
0.252161
0.020761
0.277278
0.222140
0.040147
0.055987
0.256509
0.327385
0.057364
0.259917
0.436997
0.436197
0.404505
0.556795
0.348491
0.565088
0.483399
0.589316
0.448836
0.467824
0.649723
0.493309
0.406110
0.492800
0.290230
0.279116
0.516330
0.315648
0.479409
0.385609
0.211833
0.156315
0.415234
0.314222
0.188749
0.321564
0.447653
0.791519
0.761787
0.738668
0.739145
0.785344
0.719101
0.799924
0.764869
0.549727
0.502458
0.461327
0.509318
0.574356
0.658542
0.595967
0.443485
0.522093
0.467931
0.518536
0.663529
0.535441
0.489064
0.672322
0.502322
0.474861
0.502314
0.639259
0.619719
0.439835
0.459927
0.574738
0.561143
0.382365
0.414432
0.545439
0.406159
0.573502
0.344277
0.548124
0.400698
0.578296
0.434120
0.602026
0.460488
0.602508
0.473254
0.563416
0.338517
0.487383
0.306888
0.481122
0.285310
0.468706
0.425289
0.520971
0.345183
0.562793
0.353429
0.528235
0.564407
0.482692
0.384959
0.352270
0.540977
0.403176
0.542127
0.402533
0.592816
0.356002
0.521346
0.588593
0.487213
0.397554
0.539303
0.522776
0.349743
0.361843
0.498646
0.499077
0.321590
0.341224
0.489972
0.332743
0.516106
0.493758
0.349575
0.457340
0.534414
0.372130
0.574219
0.542999
0.435891
0.381711
0.505248
0.599276
0.337799
0.607839
0.752682
0.623006
0.689000
0.587577
0.546382
0.704272
0.549729
0.594116
0.696751
0.563602
0.701146
0.665045
0.538329
0.631693
0.727855
0.724592
0.643512
0.572065
0.596992
0.547364
0.519660
0.575452
0.612517
0.518284
0.527947
0.484872
0.598657
0.496000
0.607713
0.482358
0.631767
0.515710
0.609633
0.480708
0.409198
0.463631
0.615300
0.478383
0.645531
0.580569
0.637135
0.538507
0.693180
0.732175
0.615821
0.590165
0.676879
0.681405
0.501294
0.500035
0.633902
0.483028
0.622496
0.474155
0.600238
0.495528
0.652679
0.452836
0.571881
0.402616
0.404658
0.584836
0.420199
0.539889
0.528308
0.333491
0.470621
0.603947
0.591449
0.496530
0.634862
0.516783
0.627740
0.523591
0.655828
0.532025
0.653298
0.484888
0.653092
0.543103
0.637793
0.677968
0.512109
0.632976
0.471382
0.494704
0.590562
0.560397
0.510892
0.512726
0.663838
0.511768
0.476521
0.629561
0.545712
0.490507
0.511444
0.330623
0.220753
0.300217
0.326173
0.295331
0.277730
0.356446
0.397619
0.295099
0.379398
0.298245
0.289977
0.288390
0.282801
0.294183
0.278871
0.296156
0.561364
0.612954
0.666465
0.691042
0.546455
0.588686
0.530055
0.515669
0.597615
0.595190
0.692308
0.590270
0.692077
0.656947
0.689206
0.646462
0.631601
0.657179
0.541054
0.605407
0.600743
0.460772
0.580797
0.538822
0.522322
0.458459
0.526383
0.550476
0.633069
0.667762
0.588319
0.645586
0.635909
0.632230
0.711173
0.577623
0.531729
0.599165
0.643001
0.444218
0.423284
0.424015
0.410102
0.463893
0.478073
0.466001
0.776545
0.810845
0.658673
0.811149
0.823303
0.761638
0.706520
0.703197
0.729113
0.740978
0.783976
0.659132
0.647048
0.559179
0.682189
0.698929
0.755465
0.670534
0.666318
0.604595
0.602344
0.606717
0.618483
0.649014
0.692967
0.707141
0.705718
0.700257
0.684210
0.695366
0.686407
0.700411
0.696855
0.691046
0.684678
0.684656
0.715530
0.651341
0.699153
0.644957
0.718901
0.590269
0.684381
0.785966
0.721763
0.696180
0.751477
0.768601
0.810593
0.773565
0.853824
0.804990
0.835092
0.673843
0.762103
0.818906
0.657659
0.658750
0.677378
0.641769
0.609757
0.643956
0.590370
0.593519
0.612188
0.590968
0.599713
0.569192
0.564478
0.734813
0.742283
0.728533
0.736614
0.635885
0.615124
0.621326
0.527771
0.655947
0.745242
0.814650
0.771925
0.817438
0.790678
0.613032
0.753460
0.719649
0.645533
0.740334
0.757784
0.744949
0.736758
0.749837
0.754358
0.756683
0.735914
0.708506
0.702990
0.698370
0.779405
0.786836
0.786027
0.785090
0.620844
0.739200
0.550010
0.592785
0.561233
0.680711
0.594374
0.545970
0.685950
0.738185
0.747622
0.670501
0.446401
0.468321
0.640898
0.608892
0.726939
0.641736
0.719481
0.740810
0.656885
0.592104
0.701010
0.620402
0.722181
0.722571
0.667131
0.570826
0.697380
0.480742
0.534906
0.453097
0.647166
0.575731
0.489205
0.557579
0.383103
0.585408
0.720630
0.675432
0.574362
0.465363
0.447228
0.624868
0.442537
0.576470
0.443462
0.577296
0.441208
0.633742
0.425515
0.587135
0.462384
0.558781
0.387351
0.443066
0.374914
0.553431
0.438047
0.577398
0.383358
0.608077
0.525510
0.483497
0.447738
0.536075
0.419539
0.475794
0.402542
0.551212
0.606538
0.355806
0.507889
0.568136
0.655177
0.540905
0.589640
0.610065
0.644686
0.610712
0.687143
0.617481
0.503966
0.487272
0.612948
0.674325
0.529407
0.488697
0.503913
0.617143
0.522993
0.651111
0.545844
0.665568
0.584574
0.475192
0.625420
0.639774
0.537562
0.689051
0.523847
0.664070
0.663097
0.502861
0.488046
0.632559
0.516735
0.544258
0.479539
0.624548
0.624343
0.485281
0.709942
0.785729
0.619104
0.628155
0.727227
0.757965
0.671796
0.597133
0.699563
0.595516
0.809796
0.739409
0.737400
0.744414
0.689931
0.711926
0.691823
0.723548
0.570439
0.686235
0.577162
0.694282
0.577220
0.577192
0.508783
0.678203
0.580990
0.605314
0.613415
0.704664
0.629668
0.593266
0.730028
0.401041
0.703192
0.603100
0.510853
0.558420
0.514460
0.566990
0.334179
0.421272
0.575288
0.623157
0.533718
0.699465
0.607436
0.503958
0.637935
0.508546
0.546768
0.614626
0.508347
0.625138
0.773129
0.750463
0.667736
0.775601
0.686539
0.614343
0.534055
0.597383
0.701412
0.625739
0.691822
0.743583
0.674696
0.585760
0.608494
0.722252
0.592126
0.649579
0.537127
0.524120
0.546057
0.590255
0.502179
0.445284
0.578985
0.447216
0.624545
0.668189
0.709146
0.652935
0.632516
0.699535
0.629626
0.693587
0.621239
0.657435
0.714699
0.550716
0.635273
0.615308
0.562201
0.706497
0.567119
0.037567
0.279101
0.094024
0.288953
0.082421
0.331522
0.352430
0.080830
0.242493
0.100517
0.351991
0.344344
0.171796
0.000000
0.233179
0.248186
0.017721
0.257891
0.193918
0.331649
0.198095
0.437903
0.398519
0.260952
0.307646
0.430914
0.303054
0.509153
0.484702
0.351757
0.227272
0.365914
0.456650
0.102281
0.411852
0.520249
0.383933
0.562038
0.530757
0.412735
0.558648
0.597289
0.444473
0.645107
0.488940
0.581120
0.660772
0.362757
0.540487
0.515053
0.624691
0.603568
0.564601
0.566561
0.509032
0.484013
0.789762
0.812784
0.813462
0.810353
0.773441
0.446190
0.626973
0.514065
0.572021
0.574981
0.443891
0.536442
0.523441
0.416798
0.596779
0.564183
0.481155
0.642719
0.539619
0.574538
0.551204
0.565475
0.569793
0.502050
0.643043
0.519540
0.441590
0.427122
0.597301
0.521790
0.638196
0.466041
0.651047
0.574871
0.676356
0.550487
0.422853
0.583296
0.497478
0.575323
0.654092
0.392815
0.561914
0.530673
0.415668
0.393195
0.574665
0.433869
0.590751
0.635386
0.534546
0.436277
0.640967
0.334071
0.522561
0.363200
0.697579
0.717697
0.799182
0.740048
0.806245
0.746573
0.719260
0.621158
0.597715
0.748048
0.765401
0.740854
0.757304
0.731318
0.735701
0.768347
0.685620
0.661627
0.652590
0.690178
0.703168
0.718381
0.591872
0.716561
0.688432
0.663013
0.706658
0.657848
0.372247
0.371069
0.390445
0.323961
0.523982
0.662111
0.668712
0.594474
0.565596
0.570502
0.681259
0.512281
0.687424
0.523535
0.612608
0.498275
0.583425
0.549597
0.573391
0.595563
0.570706
0.520023
0.589606
0.299904
0.658170
0.394501
0.560033
0.566841
0.514426
0.587316
0.723602
0.741285
0.596411
0.663278
0.767442
0.662148
0.639934
0.724756
0.719671
0.581687
0.627150
0.729262
0.810233
0.749084
0.821778
0.808199
0.677917
0.737884
0.767924
0.673209
0.722580
0.810675
0.820818
0.619499
0.586026
0.711053
0.550140
0.583594
0.680221
0.625306
0.677795
0.549498
0.778601
0.363502
0.636910
0.794255
0.727490
0.694174
0.381455
0.354834
0.499579
0.298651
0.353698
0.414609
0.355905
0.498736
0.585491
0.612061
0.745721
0.783290
0.723060
0.721832
0.800338
0.831304
0.880692
0.864972
0.839119
0.803813
0.835697
0.853205
0.784903
0.860702
0.816029
0.727779
0.771053
0.710204
0.672872
0.763265
0.829053
0.772148
0.802197
0.667526
0.697243
0.649950
0.730365
0.726255
0.614622
0.622174
0.727509
0.661599
0.597004
0.602631
0.722451
0.617220
0.670682
0.613927
0.721268
0.621720
0.751387
0.614465
0.715861
0.747704
0.859143
0.801360
0.728259
0.659228
0.751303
0.793836
0.752261
0.742343
0.767966
0.828451
0.743823
0.764106
0.774417
0.734839
0.785710
0.770026
0.771763
0.800750
0.653285
0.745183
0.791153
0.652459
0.737549
0.795907
0.766529
0.705121
0.724374
0.760411
0.810159
0.757724
0.823780
0.667463
0.646718
0.752143
0.618484
0.643762
0.739603
0.833508
0.655495
0.772795
0.805959
0.806377
0.666571
0.719561
0.639247
0.647020
0.614367
0.772175
0.794868
0.821095
0.683077
0.714510
0.838308
0.747802
0.665894
0.672034
0.545638
0.620847
0.690132
0.713908
0.682593
0.614955
0.639262
0.757482
0.758663
0.825403
0.794741
0.823347
0.858796
0.857815
0.791687
0.826424
0.749242
0.740824
0.768767
0.758759
0.697756
0.786054
0.617486
0.747916
0.761598
0.649304
0.589125
0.622855
0.715045
0.584760
0.695132
0.798077
0.629726
0.681887
0.581592
0.561956
0.682051
0.763150
0.795521
0.793278
0.779134
0.825400
0.820089
0.760964
0.761339
0.605477
0.637757
0.596473
0.699394
0.627043
0.644261
0.697767
0.749733
0.719634
0.839344
0.688694
0.755281
0.834043
0.756822
0.801224
0.724552
0.710301
0.817355
0.742990
0.808123
0.820606
0.788379
0.734285
0.795724
0.814057
0.669187
0.703140
0.538015
0.702096
0.790958
0.832608
0.749617
0.816179
0.871078
0.778635
0.765371
0.783167
0.772210
0.783059
0.853677
0.709411
0.794942
0.702270
0.655470
0.843708
0.786440
0.776816
0.663796
0.788492
0.708819
0.494196
0.716556
0.766961
0.688803
0.673411
0.714937
0.766407
0.806212
0.765237
0.751959
0.794380
0.822536
0.788332
0.743269
0.813130
0.760521
0.819656
0.759741
0.740400
0.796677
0.772582
0.667619
0.863138
0.749479
0.617851
0.715901
0.742267
0.792049
0.768262
0.769872
0.808544
0.825274
0.783745
0.784555
0.772672
0.861712
0.785335
0.825616
0.800228
0.838875
0.841668
0.837808
0.777540
0.675501
0.750535
0.835184
0.738666
0.808562
0.727153
0.707360
0.758875
0.843296
0.787255
0.828866
0.799025
0.812125
0.702173
0.685583
0.754635
0.640143
0.731387
0.779810
0.808788
0.786363
0.699309
0.681822
0.637496
0.719563
0.784467
0.659823
0.690752
0.655973
0.738432
0.689470
0.700619
0.712613
0.758831
0.693500
0.774369
0.828684
0.706796
0.717858
0.710049
0.680020
0.653065
0.662818
0.648163
0.742257
0.761840
0.753153
0.748672
0.698717
0.672507
0.654177
0.682170
0.706482
0.697173
0.799896
0.854593
0.816341
0.732836
0.789804
0.847343
0.797777
0.802150
0.818217
0.805239
0.628534
0.649012
0.674186
0.687356
0.658445
0.717754
0.625338
0.679961
0.693370
0.637102
0.724122
0.689169
0.692295
0.750080
0.768379
0.769579
0.821437
0.797247
0.642970
0.583408
0.629188
0.636136
0.614522
0.550274
0.719989
0.596126
0.684313
0.665782
0.631557
0.593026
0.736293
0.815582
0.839052
0.814792
0.844441
0.819089
0.808265
0.806188
0.788924
0.757658
0.696430
0.830785
0.815417
0.874986
0.669072
0.627624
0.718490
0.726349
0.621192
0.610400
0.610397
0.849836
0.761729
0.772870
0.696915
0.601265
0.597225
0.504815
0.690417
0.589862
0.594646
0.659939
0.553745
0.660678
0.596239
0.580476
0.530874
0.516027
0.500783
0.500015
0.497740
0.491171
0.513133
0.764736
0.654655
0.774537
0.809734
0.824191
0.810270
0.836599
0.793617
0.674888
0.633802
0.648655
0.575312
0.668362
0.626371
0.727023
0.823924
0.608840
0.778030
0.607508
0.545388
0.674160
0.565607
0.578838
0.539594
0.690245
0.425895
0.649935
0.522794
0.478822
0.749326
0.787224
0.602942
0.731249
0.739229
0.795357
0.690506
0.573380
0.786363
0.623492
0.741006
0.733529
0.761170
0.818925
0.755605
0.726090
0.709078
0.683569
0.728160
0.414145
0.560696
0.734077
0.738113
0.668284
0.736715
0.720935
0.796558
0.643910
0.670921
0.669979
0.769299
0.602874
0.564640
0.506135
0.637534
0.661509
0.551306
0.483456
0.661687
0.649204
0.734605
0.672870
0.653552
0.688102
0.702799
0.768558
0.892847
0.802843
0.857970
0.819862
0.237703
0.262681
0.263988
0.466194
0.367345
0.608260
0.816517
0.679564
0.560258
0.388733
0.313177
0.173182
0.260140
0.588689
0.642384
0.566502
0.477800
0.479671
0.550041
0.451624
0.487437
0.632487
0.608523
0.541201
0.468873
0.444031
0.451378
0.477039
0.392965
0.346547
0.371353
0.372895
0.586220
0.500130
0.484148
0.559641
0.598648
0.653683
0.658095
0.816468
0.788490
0.562127
0.758571
0.582243
0.656728
0.745236
0.649136
0.796354
0.361127
0.324723
0.569763
0.397081
0.528868
0.754888
0.554617
0.760975
0.474581
0.581643
0.330809
0.512636
0.557406
0.656962
0.466596
0.449400
0.707876
0.500060
0.462495
0.698733
0.605758
0.582970
0.675707
0.827836
0.557749
0.591234
0.758887
0.600378
0.462575
0.453848
0.503891
0.516333
0.559929
0.618770
0.527604
0.527071
0.494938
0.625822
0.651930
0.645437
0.638837
0.633945
0.603214
0.581456
0.555026
0.537562
0.484979
0.507535
0.512027
0.618011
0.575500
0.691855
0.854627
0.698122
0.630601
0.760376
0.808053
0.635421
0.845244
0.638148
0.861539
0.765495
0.674686
0.622788
0.648340
0.642883
0.818788
0.845380
0.899089
0.612376
0.699227
0.607405
0.613753
0.348394
0.398010
0.458355
0.804818
0.536300
0.625530
0.439487
0.653874
0.530148
0.638711
0.643211
0.781714
0.807305
0.588650
0.719735
0.364687
0.504640
0.606476
0.776571
0.760892
0.831362
0.682059
0.795027
0.653728
0.591117
0.827279
0.646993
0.754774
0.634456
0.614425
0.809622
0.601164
0.439021
0.763199
0.720557
0.734946
0.709107
0.672165
0.731585
0.729536
0.735672
0.734769
0.807729
0.774093
0.776869
0.894701
0.846983
0.802849
0.881823
0.815511
0.775395
0.768312
0.654664
0.635357
0.697840
0.631912
0.769594
0.632813
0.745081
0.880311
0.765236
0.735001
0.842803
0.730911
0.741644
0.693718
0.813608
0.759397
0.624627
0.810844
0.713827
0.799784
0.766179
0.850868
0.794449
0.752225
0.864260
0.749152
0.759103
0.831505
0.754986
0.747917
0.852123
0.791168
0.746983
0.828753
0.810047
0.753145
0.753844
0.798100
0.800767
0.632174
0.601898
0.681788
0.524098
0.595627
0.583146
0.493137
0.627259
0.657500
0.794400
0.732659
0.796894
0.754065
0.797528
0.512831
0.675356
0.799743
0.603264
0.494014
0.476157
0.568161
0.838730
0.636184
0.734404
0.731481
0.781943
0.676171
0.714544
0.740528
0.764681
0.698101
0.788477
0.824158
0.694189
0.748191
0.824841
0.759432
0.662664
0.615996
0.761438
0.842620
0.752668
0.722538
0.786089
0.735863
0.829112
0.869752
0.514915
0.633709
0.711518
0.763606
0.704180
0.800486
0.684334
0.748889
0.729735
0.624436
0.747809
0.798201
0.601409
0.735506
0.732682
0.777597
0.714421
0.825019
0.650936
0.728813
0.586335
0.705569
0.819139
0.815885
0.671887
0.550602
0.662331
0.586465
0.750820
0.598714
0.700360
0.860883
0.774975
0.747150
0.806551
0.835406
0.612018
0.588293
0.609766
0.529393
0.531759
0.674332
0.535754
0.450591
0.555974
0.722392
0.855901
0.727183
0.757927
0.571444
0.673749
0.720846
0.822617
0.828393
0.750007
0.846841
0.743885
0.642785
0.741250
0.635624
0.713432
0.672592
0.671050
0.806796
0.742608
0.607224
0.600106
0.560434
0.525479
0.645052
0.568129
0.534439
0.674498
0.788007
0.750252
0.231697
0.364091
0.365868
0.498983
0.411609
0.511429
0.767165
0.478775
0.712298
0.490239
0.517745
0.731132
0.294463
0.480570
0.507498
0.714327
0.794052
0.552051
0.650730
0.699066
0.535504
0.708582
0.828488
0.714725
0.564227
0.650145
0.684191
0.583816
0.668340
0.483624
0.700753
0.835817
0.776928
0.564154
0.724838
0.826320
0.829646
0.800600
0.803338
0.769507
0.857551
0.839330
0.765632
0.847867
0.860656
0.735984
0.597657
0.806576
0.472233
0.507412
0.599763
0.720060
0.234085
0.328608
0.495695
0.480885
0.448910
0.727272
0.655176
0.527616
0.321043
0.456893
0.526481
0.777396
0.481779
0.798633
0.708613
0.666069
0.626219
0.670327
0.651804
0.716247
0.759785
0.712843
0.670000
0.700359
0.565311
0.635828
0.554707
0.653207
0.774128
0.690806
0.690342
0.707852
0.719235
0.686450
0.690120
0.611086
0.602296
0.647815
0.689037
0.685127
0.716123
0.703889
0.672697
0.628970
0.676026
0.656096
0.569601
0.608103
0.604363
0.696846
0.813503
0.772004
0.697253
0.714015
0.744465
0.636764
0.751286
0.836614
0.791384
0.814490
0.813635
0.667379
0.695661
0.755381
0.790858
0.824677
0.816043
0.766925
0.595132
0.706492
0.706215
0.585825
0.613043
0.690582
0.740573
0.684571
0.762961
0.746076
0.778619
0.684991
0.736196
0.835534
0.790161
0.583561
0.711964
0.744202
0.808967
0.794727
0.682594
0.785084
0.678030
0.772919
0.717849
0.609485
0.699283
0.729474
0.827329
0.793599
0.740683
0.837160
0.741142
0.831154
0.728764
0.860898
0.818240
0.822708
0.780936
0.821129
0.747486
0.721263
0.790138
0.779165
0.819370
0.875563
0.634156
0.677862
0.739250
0.716216
0.629887
0.681724
0.782168
0.591018
0.540802
0.585313
0.560205
0.510025
0.530377
0.456499
0.500250
0.437264
0.519111
0.572950
0.554192
0.545910
0.568468
0.521671
0.677386
0.552538
0.561775
0.627166
0.554718
0.608462
0.686999
0.645873
0.628225
0.677704
0.679164
0.665324
0.632957
0.661052
0.556329
0.634872
0.502117
0.575967
0.627399
0.663888
0.646167
0.592963
0.640398
0.694535
0.675721
0.710932
0.706310
0.633419
0.609118
0.648733
0.526325
0.687994
0.697589
0.551638
0.543134
0.709105
0.643435
0.732265
0.611351
0.579971
0.709020
0.728311
0.667026
0.709353
0.723153
0.725358
0.716672
0.670518
0.828372
0.805040
0.824907
0.826843
0.814674
0.779726
0.717892
0.825318
0.778844
0.824317
0.844182
0.802735
0.757227
0.697307
0.716325
0.765032
0.685898
0.700218
0.721611
0.662913
0.573040
0.555585
0.678361
0.567816
0.757868
0.856952
0.814586
0.851260
0.827706
0.732683
0.823414
0.792230
0.761236
0.794957
0.696863
0.739860
0.797779
0.889547
0.773404
0.839031
0.603669
0.679586
0.787162
0.700601
0.565514
0.689463
0.790422
0.722438
0.796676
0.669848
0.752317
0.611398
0.754081
0.661903
0.804514
0.560680
0.670629
0.558269
0.629669
0.637554
0.650769
0.742338
0.723797
0.716151
0.759863
0.523528
0.514037
0.582440
0.689016
0.826448
0.817264
0.543501
0.630002
0.652030
0.698374
0.788357
0.654649
0.754693
0.596397
0.719791
0.768712
0.617049
0.722274
0.744199
0.833180
0.733624
0.829541
0.727303
0.747306
0.857244
0.837491
0.773184
0.648618
0.623692
0.678859
0.681567
0.758125
0.624112
0.632610
0.593055
0.510251
0.524051
0.746367
0.797373
0.722936
0.692034
0.595059
0.785929
0.541720
0.550608
0.672333
0.501267
0.505288
0.524803
0.589363
0.646386
0.804093
0.711292
0.748444
0.651734
0.466866
0.556899
0.755079
0.629407
0.456352
0.615664
0.745372
0.723585
0.595074
0.773375
0.596607
0.599169
0.639869
0.588798
0.720410
0.795240
0.691486
0.623414
0.550530
0.622901
0.646552
0.735559
0.784858
0.747698
0.759901
0.734494
0.781984
0.817593
0.478164
0.583917
0.753497
0.710855
0.688491
0.589676
0.799894
0.632124
0.773553
0.782378
0.690718
0.567743
0.690385
0.703009
0.796299
0.690328
0.668575
0.655045
0.792582
0.757719
0.713892
0.756232
0.836578
0.751042
0.734108
0.719583
0.764806
0.837850
0.846256
0.824123
0.783077
0.776208
0.840107
0.714163
0.804823
0.812146
0.803803
0.844544
0.757162
0.782249
0.752746
0.670491
0.721043
0.684148
0.740165
0.443356
0.557281
0.474257
0.505570
0.498193
0.478815
0.506012
0.610183
0.780448
0.799935
0.819307
0.702645
0.842788
0.680564
0.514465
0.549172
0.538096
0.716367
0.561477
0.553728
0.541686
0.545768
0.487383
0.513005
0.414103
0.669684
0.762529
0.692576
0.769531
0.655468
0.635203
0.571685
0.597105
0.533445
0.637316
0.618406
0.586164
0.672002
0.697697
0.781460
0.799578
0.735260
0.793154
0.756449
0.672245
0.772748
0.623323
0.748502
0.587400
0.712356
0.812482
0.711243
0.733536
0.591792
0.651248
0.708554
0.802804
0.748509
0.685826
0.832432
0.628087
0.574988
0.760829
0.772542
0.785576
0.737945
0.830685
0.814117
0.732564
0.652378
0.722054
0.765714
0.851763
0.707215
0.846575
0.816929
0.836743
0.884411
0.836189
0.731588
0.774809
0.791553
0.837719
0.839550
0.862532
0.741676
0.813549
0.743679
0.748167
0.694885
0.787060
0.709629
0.822248
0.839178
0.781888
0.784751
0.799723
0.832223
0.788125
0.589526
0.769936
0.590133
0.739601
0.814443
0.769802
0.699601
0.767521
0.793855
0.805055
0.798752
0.522458
0.548077
0.506521
0.468253
0.509033
0.476268
0.516556
0.535635
0.588649
0.550498
0.598779
0.603942
0.786534
0.756930
0.674508
0.698995
0.795509
0.721946
0.728006
0.713780
0.767759
0.731771
0.851828
0.762133
0.854714
0.837956
0.797572
0.854435
0.793898
0.866051
0.811764
0.796199
0.799031
0.836286
0.823377
0.667769
0.778250
0.792721
0.777292
0.825021
0.743034
0.821490
0.840844
0.689995
0.642996
0.736904
0.821647
0.721783
0.823362
0.816137
0.788759
0.731766
0.628392
0.781915
0.874796
0.834649
0.851232
0.830081
0.839198
0.727447
0.832549
0.832108
0.893008
0.828357
0.809259
0.835066
0.786310
0.794743
0.791334
0.861454
0.623148
0.555704
0.699949
0.620870
0.614393
0.718090
0.781704
0.786627
0.789482
0.706786
0.844992
0.781286
0.638318
0.735021
0.571300
0.737322
0.684369
0.842967
0.775190
0.640079
0.714128
0.821363
0.697367
0.822509
0.612678
0.769830
0.783699
0.773410
0.740810
0.614541
0.611451
0.640562
0.708180
0.731673
0.646815
0.825738
0.782608
0.775671
0.699926
0.722935
0.760417
0.781350
0.745456
0.736629
0.821447
0.634285
0.648349
0.791177
0.819475
0.749577
0.813182
0.709170
0.713657
0.513542
0.693376
0.756226
0.717063
0.831332
0.769415
0.798237
0.855263
0.737052
0.828973
0.892219
0.751391
0.852654
0.722113
0.725477
0.800779
0.640164
0.802832
0.764036
0.819359
0.731693
0.665583
0.764048
0.688935
0.566476
0.784752
0.637647
0.765411
0.893762
0.767974
0.658829
0.706301
0.867745
0.748444
0.837991
0.784583
0.766207
0.773688
0.735586
0.784282
0.773179
0.754856
0.731870
0.683730
0.798903
0.759631
0.797539
0.715360
0.687807
0.755884
0.821790
0.903038
0.830475
0.892775
0.801207
0.697967
0.714190
0.764444
0.880182
0.819130
0.817106
0.773134
0.797472
0.835737
0.801494
0.853844
0.862026
0.850449
0.823438
0.769068
0.696341
0.812376
0.781479
0.719568
0.821235
0.851286
0.722376
0.767335
0.680438
0.724798
0.640108
0.806083
0.876441
0.851668
0.863020
0.855982
0.824637
0.866328
0.849310
0.820068
0.802550
0.836020
0.732684
0.782763
0.799105
0.808585
0.778350
0.835745
0.877415
0.792339
0.892035
0.826885
0.779463
0.836240
0.709887
0.797809
0.756456
0.750048
0.791317
0.783128
0.787419
0.792492
0.819600
0.875779
0.862141
0.862366
0.893324
0.855962
0.851608
0.877858
0.905846
0.904218
0.911773
0.913882
0.268616
0.475275
0.326656
0.477268
0.409376
0.567208
0.339749
0.488694
0.481130
0.661185
0.752339
0.459287
0.513807
0.449606
0.332178
0.396814
0.589667
0.574409
0.591482
0.550799
0.646154
0.581722
0.531729
0.486410
0.633007
0.467752
0.298969
0.331645
0.348230
0.416511
0.435562
0.388271
0.302561
0.428990
0.241606
0.286891
0.612683
0.556319
0.533472
0.618287
0.598017
0.634541
0.580360
0.659753
0.701843
0.574585
0.711924
0.613049
0.565663
0.688357
0.513984
0.484055
0.476236
0.706101
0.577271
0.529277
0.629707
0.582742
0.511069
0.552389
0.561523
0.621649
0.609041
0.622751
0.723097
0.732967
0.569932
0.623908
0.745181
0.685739
0.769071
0.845632
0.743354
0.871957
0.834997
0.669950
0.802864
0.851648
0.839421
0.796299
0.817002
0.802403
0.808315
0.781790
0.632056
0.699034
0.663622
0.757251
0.892810
0.836940
0.830820
0.838102
0.846341
0.831820
0.887042
0.840345
0.820915
0.842459
0.789876
0.801462
0.823357
0.776672
0.848701
0.840551
0.794382
0.796036
0.768505
0.672170
0.683338
0.698358
0.755712
0.780926
0.774833
0.739192
0.781411
0.813207
0.746478
0.672628
0.794815
0.780657
0.689958
0.740101
0.856104
0.727281
0.839201
0.662992
0.670419
0.739531
0.801517
0.750581
0.820681
0.770162
0.538967
0.656273
0.549390
0.590796
0.515877
0.608020
0.668791
0.742725
0.748617
0.810518
0.760628
0.648693
0.715696
0.740474
0.568234
0.640167
0.766859
0.641277
0.523241
0.622991
0.709447
0.757651
0.807051
0.774284
0.722671
0.771080
0.530660
0.604102
0.807938
0.732877
0.450970
0.649683
0.448699
0.516595
0.509242
0.306958
0.625235
0.661019
0.794583
0.791063
0.662057
0.756500
0.698964
0.698226
0.783264
0.803067
0.762343
0.865487
0.724935
0.783550
0.767647
0.864131
0.835115
0.788337
0.779316
0.808446
0.832544
0.754104
0.810942
0.738927
0.733725
0.766771
0.776842
0.684253
0.778390
0.812872
0.781980
0.802567
0.770754
0.831600
0.718711
0.790581
0.822358
0.746228
0.741271
0.832295
0.756582
0.806251
0.776858
0.840015
0.751208
0.713206
0.732464
0.801849
0.806539
0.737269
0.723889
0.820721
0.800771
0.842522
0.806825
0.847624
0.841884
0.853897
0.852574
0.825810
0.833900
0.858460
0.789686
0.770082
0.845630
0.827532
0.760067
0.782303
0.769082
0.729070
0.647331
0.519169
0.670517
0.625967
0.553081
0.658022
0.764412
0.803767
0.714194
0.671974
0.593451
0.706199
0.639250
0.724059
0.584418
0.691239
0.810327
0.796617
0.591739
0.604433
0.698285
0.732436
0.779647
0.674123
0.745592
0.545587
0.733027
0.650261
0.797262
0.617729
0.753373
0.555151
0.642932
0.675678
0.605469
0.727381
0.592303
0.731863
0.761165
0.758834
0.803058
0.554476
0.599067
0.597086
0.568662
0.549005
0.595790
0.549948
0.709370
0.624385
0.590549
0.579850
0.619170
0.636045
0.626593
0.639634
0.681680
0.684127
0.657921
0.665571
0.559255
0.603996
0.475277
0.431258
0.506584
0.568175
0.699400
0.561045
0.647359
0.583183
0.695482
0.558189
0.531109
0.569526
0.644482
0.621627
0.661924
0.609168
0.739131
0.473516
0.761698
0.834075
0.738602
0.818539
0.768659
0.806204
0.733770
0.810295
0.732764
0.792836
0.732604
0.820221
0.750282
0.844152
0.799239
0.885288
0.795011
0.783768
0.812042
0.792106
0.774295
0.757625
0.788894
0.810008
0.810719
0.896405
0.843857
0.812822
0.761345
0.849856
0.776691
0.845129
0.758642
0.844099
0.821165
0.811054
0.845044
0.804795
0.824448
0.848227
0.859832
0.846359
0.817168
0.864815
0.659176
0.713574
0.642802
0.764774
0.683802
0.725533
0.781831
0.790230
0.782698
0.818603
0.795177
0.868069
0.808380
0.779910
0.823665
0.673868
0.667746
0.774874
0.727182
0.678621
0.703857
0.755020
0.653451
0.746645
0.697826
0.770704
0.789077
0.690792
0.833293
0.768781
0.840205
0.673768
0.736096
0.751219
0.737388
0.760722
0.672073
0.712282
0.752852
0.672339
0.643333
0.715659
0.596518
0.750869
0.780219
0.592062
0.717186
0.720844
0.602539
0.746200
0.596877
0.750244
0.616957
0.784193
0.744084
0.829580
0.701577
0.763784
0.699624
0.798169
0.675674
0.839752
0.639932
0.760425
0.678492
0.740372
0.705129
0.772920
0.683588
0.773368
0.710181
0.775875
0.788028
0.716800
0.741110
0.803275
0.703690
0.791656
0.599890
0.797027
0.761204
0.755570
0.812029
0.727722
0.829382
0.690854
0.699194
0.600478
0.632194
0.770781
0.750966
0.783676
0.854941
0.690113
0.694530
0.822599
0.699417
0.777672
0.755175
0.703770
0.821117
0.715279
0.907382
0.842043
0.929231
0.840210
0.848320
0.816285
0.811974
0.803786
0.855961
0.831418
0.819147
0.796464
0.794510
0.773320
0.809987
0.861355
0.871213
0.845481
0.862237
0.884541
0.881040
0.864254
0.841527
0.208653
0.361515
0.237441
0.515542
0.180249
0.394359
0.463630
0.522725
0.736674
0.415099
0.544822
0.532268
0.363628
0.417247
0.343421
0.584479
0.555677
0.212735
0.473871
0.282596
0.417291
0.545183
0.714399
0.723264
0.561921
0.615002
0.656638
0.721437
0.808590
0.642982
0.666591
0.697518
0.439751
0.628804
0.822092
0.155031
0.475873
0.228096
0.341033
0.335263
0.175188
0.403679
0.278642
0.572208
0.248520
0.566340
0.438130
0.710252
0.484215
0.635558
0.162686
0.126210
0.303328
0.160096
0.157835
0.232371
0.247693
0.207278
0.192491
0.206958
0.491774
0.673280
0.605146
0.630107
0.578163
0.720804
0.576074
0.444533
0.562758
0.395117
0.506125
0.643181
0.186840
0.179163
0.450548
0.522905
0.391461
0.237765
0.171772
0.212449
0.252457
0.219892
0.278903
0.405816
0.600662
0.674405
0.601284
0.703710
0.714712
0.592238
0.617618
0.691940
0.526794
0.491435
0.631036
0.423667
0.557258
0.513016
0.521830
0.565935
0.644000
0.486839
0.689219
0.516598
0.649247
0.685572
0.598112
0.717557
0.312457
0.612958
0.764682
0.619997
0.708084
0.498609
0.387704
0.705060
0.881705
0.896285
0.820116
0.758240
0.785879
0.804405
0.784208
0.846968
0.836356
0.824128
0.833150
0.769200
0.734149
0.826408
0.832577
0.875761
0.859925
0.898773
0.894249
0.909861
0.898359
0.535185
0.593855
0.474379
0.426081
0.404080
0.448846
0.569497
0.443099
0.603052
0.610522
0.684879
0.717258
0.621939
0.629731
0.624804
0.662843
0.663127
0.395741
0.435510
0.382632
0.287020
0.326683
0.383452
0.442456
0.263157
0.447309
0.498943
0.641690
0.639805
0.567248
0.717803
0.679646
0.901580
0.805784
0.845247
0.815088
0.581420
0.687043
0.614103
0.620543
0.733195
0.746832
0.791110
0.828122
0.815843
0.811650
0.790432
0.826522
0.811106
0.753490
0.784076
0.502590
0.466109
0.428967
0.471166
0.473562
0.529654
0.561546
0.464417
0.560512
0.612065
0.661180
0.620887
0.578023
0.633096
0.525275
0.436100
0.416794
0.470459
0.442117
0.388575
0.636108
0.779386
0.667866
0.808199
0.542087
0.640696
0.593264
0.701430
0.661290
0.729185
0.812918
0.846925
0.831687
0.896749
0.732429
0.647970
0.628964
0.738330
0.654779
0.662205
0.787097
0.717902
0.750416
0.808942
0.854213
0.829811
0.696758
0.259573
0.305589
0.329806
0.216574
0.322992
0.283267
0.223622
0.212793
0.897981
0.904932
0.935242
0.895420
0.868404
0.886940
0.906376
0.909171
0.863418
0.865842
0.882671
0.854613
0.869271
0.854237
0.865318
0.862496
0.880240
0.903265
0.908359
0.887100
0.892377
0.891458
0.916823
0.918742
0.894684
0.861409
0.859178
0.877586
0.903017
0.857235
0.882717
0.924956
0.912555
0.861639
0.898214
0.894649
0.763906
0.768194
0.771100
0.803368
0.820514
0.751887
0.754757
0.751212
0.836609
0.758745
0.868571
0.906215
0.915361
0.939655
0.901462
0.918796
0.900506
0.838455
0.925902
0.788180
0.805540
0.893875
0.822493
0.806871
0.885911
0.862260
0.868440
0.856971
0.867553
0.811888
0.712226
0.806793
0.775220
0.827938
0.620835
0.724839
0.749660
0.685060
0.730655
0.766021
0.811429
0.629780
0.743878
0.665659
0.529488
0.561198
0.650630
0.464846
0.584898
0.692800
0.531964
0.816450
0.757808
0.860040
0.695019
0.772424
0.729796
0.719929
0.794544
0.813196
0.771530
0.870512
0.742530
0.709497
0.719502
0.786851
0.752619
0.829421
0.699310
0.768655
0.804570
0.765765
0.740299
0.796194
0.711888
0.734286
0.807539
0.881192
0.437617
0.446745
0.531837
0.589779
0.420941
0.658302
0.511731
0.645300
0.542749
0.569317
0.681638
0.683125
0.824844
0.795843
0.774907
0.706532
0.522098
0.515481
0.471228
0.428702
0.503834
0.662275
0.434318
0.426829
0.504294
0.481128
0.709934
0.704818
0.728610
0.792546
0.686951
0.743993
0.798002
0.817792
0.810216
0.854356
0.708223
0.789709
0.653109
0.754365
0.689895
0.817660
0.797935
0.870323
0.767939
0.737083
0.848402
0.631394
0.700359
0.738161
0.799986
0.812179
0.732228
0.830559
0.677259
0.680024
0.703273
0.727750
0.842200
0.768674
0.809571
0.856025
0.792400
0.733902
0.828546
0.789467
0.845972
0.906015
0.788996
0.892541
0.812517
0.812230
0.777150
0.871658
0.857720
0.887818
0.764987
0.721430
0.734041
0.729738
0.732284
0.746332
0.759805
0.831131
0.933714
0.406487
0.431406
0.558997
0.336652
0.569334
0.595411
0.471268
0.590378
0.471442
0.615432
0.634772
0.412738
0.565735
0.593138
0.534933
0.367433
0.327611
0.652994
0.660522
0.702056
0.699298
0.678034
0.684804
0.579287
0.645988
0.679638
0.641063
0.693907
0.674037
0.650504
0.405403
0.279682
0.552122
0.613674
0.233265
0.268269
0.284023
0.400251
0.267776
0.436556
0.703814
0.333373
0.483848
0.288359
0.490570
0.317216
0.314393
0.488248
0.334902
0.499473
0.329860
0.489603
0.362789
0.512003
0.542647
0.334313
0.344671
0.223458
0.395245
0.566471
0.458241
0.443158
0.633174
0.560290
0.665997
0.503811
0.265567
0.334921
0.385134
0.343782
0.517969
0.380914
0.531752
0.339579
0.272294
0.175497
0.171816
0.265717
0.199361
0.226461
0.214613
0.280465
0.143832
0.190641
0.447658
0.315679
0.353041
0.522876
0.399186
0.418314
0.481374
0.587586
0.681248
0.384870
0.576002
0.699193
0.539548
0.670344
0.564635
0.580229
0.659122
0.520542
0.575726
0.694396
0.599962
0.712074
0.616444
0.461967
0.441996
0.429519
0.400624
0.628810
0.564335
0.801714
0.777823
0.824813
0.785941
0.800267
0.830375
0.798275
0.768479
0.764677
0.775339
0.871683
0.901659
0.837662
0.906708
0.879605
0.826168
0.810341
0.802692
0.784396
0.871587
0.765626
0.774775
0.764542
0.793306
0.780897
0.825756
0.857610
0.875733
0.880028
0.874878
0.863823
0.842574
0.669390
0.705508
0.649994
0.636051
0.720119
0.663261
0.542398
0.717360
0.639624
0.582738
0.636554
0.653262
0.578342
0.598501
0.555446
0.512136
0.637968
0.595939
0.702825
0.743907
0.680938
0.771125
0.645912
0.629758
0.899303
0.830490
0.885467
0.822641
0.838575
0.886887
0.821644
0.874144
0.778104
0.800404
0.828459
0.740991
0.702095
0.741133
0.875829
0.845499
0.848567
0.790981
0.958141
0.839602
0.858743
0.714046
0.752838
0.706982
0.707765
0.627937
0.761494
0.790965
0.760624
0.770372
0.729965
0.786179
0.813695
0.834618
0.793658
0.723581
0.755797
0.840330
0.800435
0.780943
0.816179
0.721014
0.624017
0.660222
0.755427
0.865278
0.818544
0.777491
0.715008
0.743382
0.932765
0.900480
0.951578
0.937570
0.956846
0.873436
0.922793
0.897062
0.915185
0.797927
0.826562
0.813311
0.853206
0.769869
0.764640
0.873178
0.889084
0.931622
0.899059
0.893915
0.894528
0.896559
0.916298
0.820644
0.844537
0.830753
0.789134
0.793553
0.776681
0.852516
0.910452
0.891355
0.862237
0.877917
0.899008
0.897663
0.911317
0.960624
0.925941
0.899548
0.938642
0.911036
0.927670
0.922353
0.908166
0.901183
0.905682
0.721443
0.709567
0.684887
0.646010
0.588257
0.681014
0.631307
0.706650
0.665408
0.628803
0.676648
0.693749
0.679113
0.543327
0.675307
0.528871
0.629344
0.674428
0.514224
0.439850
0.617609
0.476030
0.587342
0.638044
0.458083
0.607860
0.580228
0.463204
0.620422
0.790487
0.727665
0.851841
0.850143
0.708885
0.688863
0.617901
0.703694
0.640342
0.769131
0.756298
0.715163
0.769509
0.883481
0.837794
0.848618
0.875069
0.817523
0.886730
0.881458
0.577921
0.390887
0.416004
0.400066
0.435391
0.418530
0.509413
0.468139
0.643145
0.518214
0.550681
0.518641
0.604580
0.475126
0.567867
0.422833
0.576128
0.613047
0.541828
0.401603
0.589075
0.426687
0.539739
0.467746
0.618877
0.573943
0.455910
0.461177
0.646401
0.572412
0.809479
0.795474
0.848761
0.815509
0.759174
0.682864
0.725431
0.509047
0.585316
0.580127
0.509511
0.639327
0.671754
0.728735
0.876766
0.860548
0.776403
0.783509
0.765803
0.806968
0.851976
0.803551
0.850008
0.903780
0.814601
0.816345
0.853269
0.862120
0.851929
0.848475
0.882927
0.874801
0.525207
0.504930
0.590740
0.582755
0.449071
0.616876
0.736285
0.685728
0.724647
0.776538
0.719259
0.791053
0.797653
0.687208
0.692352
0.765809
0.456560
0.567821
0.458723
0.605896
0.322257
0.548713
0.449579
0.686349
0.536434
0.572988
0.442066
0.407410
0.563446
0.350186
0.482990
0.846040
0.804223
0.800658
0.901033
0.804698
0.815683
0.835172
0.778065
0.769476
0.776462
0.826585
0.627231
0.679578
0.659357
0.739984
0.763602
0.818880
0.727845
0.840239
0.705363
0.768649
0.793826
0.708390
0.800033
0.703459
0.803180
0.790660
0.762057
0.813630
0.633391
0.686338
0.752381
0.711658
0.719823
0.833488
0.710547
0.783123
0.648509
0.771293
0.876651
0.777430
0.817516
0.888162
0.414532
0.403761
0.420210
0.402076
0.392887
0.635564
0.392580
0.584639
0.530078
0.498867
0.570105
0.535539
0.545926
0.471502
0.426634
0.518083
0.467686
0.493586
0.367427
0.533781
0.320323
0.504127
0.379286
0.500067
0.522296
0.352314
0.384347
0.529758
0.591375
0.389388
0.524047
0.582715
0.906095
0.912916
0.888337
0.858034
0.891775
0.880235
0.874412
0.888330
0.886772
0.877259
0.885858
0.877068
0.889614
0.861752
0.879693
0.854220
0.890412
0.891147
0.892314
0.905449
0.884069
0.860683
0.868674
0.867759
0.878832
0.889874
0.776676
0.805826
0.746936
0.861129
0.668605
0.778861
0.867050
0.848400
0.827552
0.844315
0.869676
0.784944
0.751394
0.801750
0.849757
0.734877
0.652925
0.798140
0.812483
0.855963
0.735962
0.674679
0.664124
0.709703
0.769966
0.638222
0.779306
0.873075
0.852939
0.870681
0.860171
0.841891
0.864517
0.874463
0.847576
0.879016
0.324622
0.537508
0.359900
0.465066
0.454868
0.589263
0.335950
0.485501
0.281028
0.499474
0.355885
0.509452
0.536777
0.574035
0.432458
0.587059
0.575662
0.493412
0.801871
0.795596
0.770032
0.785701
0.779103
0.806919
0.839837
0.836775
0.871274
0.879480
0.881540
0.740392
0.738804
0.686791
0.760025
0.738082
0.797971
0.717333
0.779525
0.709735
0.716450
0.766237
0.741257
0.768387
0.821695
0.843891
0.681073
0.679748
0.638182
0.634818
0.625929
0.792241
0.717003
0.662643
0.782289
0.786047
0.843232
0.690789
0.832640
0.823361
0.773705
0.926824
0.813848
0.726613
0.885066
0.890325
0.895200
0.856975
0.800153
0.759417
0.754244
0.780720
0.738497
0.752293
0.768874
0.827369
0.801242
0.886704
0.820679
0.826517
0.825487
0.866104
0.886458
0.897874
0.874669
0.895587
0.896165
0.813054
0.783769
0.849245
0.753011
0.882186
0.718591
0.743231
0.790123
0.784315
0.818462
0.864859
0.923720
0.692342
0.629125
0.519841
0.579233
0.480307
0.526966
0.475493
0.482152
0.546392
0.797742
0.601245
0.744048
0.566606
0.788842
0.510311
0.569104
0.528761
0.486779
0.642318
0.755818
0.572056
0.680920
0.631949
0.687890
0.662223
0.753376
0.771067
0.782126
0.794586
0.720692
0.687946
0.712947
0.777741
0.743299
0.801899
0.680464
0.679849
0.749622
0.807204
0.687397
0.785239
0.662596
0.791414
0.697942
0.707608
0.659275
0.761365
0.635152
0.627950
0.689725
0.576757
0.697450
0.676089
0.571604
0.659906
0.792778
0.582785
0.544472
0.507386
0.631681
0.535401
0.495488
0.684694
0.602986
0.593735
0.641424
0.548977
0.609430
0.592922
0.554463
0.567797
0.591208
0.555760
0.636179
0.624556
0.549558
0.515164
0.570618
0.583747
0.642443
0.554767
0.568538
0.571235
0.587489
0.465760
0.440433
0.638657
0.471744
0.659655
0.619038
0.617394
0.589885
0.576156
0.630189
0.538914
0.564162
0.541972
0.521866
0.419102
0.413168
0.556622
0.615474
0.711230
0.554428
0.614662
0.742270
0.567562
0.635339
0.635002
0.581649
0.642100
0.750780
0.590855
0.660439
0.665821
0.701519
0.738576
0.623825
0.545618
0.619342
0.543268
0.552603
0.668115
0.637263
0.912712
0.876050
0.907028
0.894512
0.880247
0.891893
0.882199
0.829808
0.889534
0.863287
0.925016
0.917353
0.923485
0.919993
0.903401
0.880072
0.889985
0.898822
0.890892
0.884447
0.912796
0.912413
0.930600
0.903360
0.921875
0.893509
0.901177
0.899083
0.875834
0.881349
0.866478
0.878347
0.898508
0.857766
0.905709
0.721994
0.682904
0.715601
0.689368
0.655248
0.597077
0.713287
0.636323
0.698290
0.771030
0.721290
0.806054
0.612616
0.539074
0.714955
0.686528
0.857332
0.863329
0.829104
0.799161
0.892995
0.903935
0.858414
0.862746
0.884625
0.896558
0.851937
0.819265
0.839136
0.849553
0.836869
0.851698
0.839349
0.831811
0.842710
0.801908
0.778467
0.823998
0.848106
0.818959
0.793944
0.836323
0.837542
0.836061
0.866226
0.835399
0.773661
0.785498
0.742015
0.777562
0.682411
0.849432
0.806995
0.831814
0.879680
0.871718
0.889291
0.782158
0.724588
0.967149
0.912952
0.910616
0.952027
0.928818
0.916201
0.953110
0.923339
0.845720
0.867415
0.937052
0.876135
0.916800
0.903162
0.934518
0.915527
0.912932
0.884206
0.775445
0.807950
0.831616
0.889029
0.893375
0.892974
0.864289
0.850515
0.878500
0.911224
0.911253
0.892391
0.904101
0.895958
0.917929
0.470976
0.530579
0.455407
0.556684
0.575092
0.546765
0.514220
0.844891
0.820835
0.811695
0.847290
0.833246
0.826136
0.853073
0.887386
0.915884
0.777306
0.755070
0.750226
0.823710
0.806778
0.761762
0.809080
0.778212
0.789005
0.787847
0.812123
0.784259
0.755604
0.683644
0.692611
0.718725
0.664777
0.735598
0.652056
0.618648
0.633624
0.597498
0.640800
0.687322
0.767865
0.708017
0.671792
0.799538
0.547899
0.538852
0.542827
0.539974
0.581428
0.585497
0.544042
0.554602
0.567077
0.566777
0.582435
0.567431
0.645647
0.615532
0.609657
0.649104
0.681181
0.602829
0.624035
0.417612
0.386131
0.593832
0.361717
0.408502
0.423847
0.650819
0.581223
0.630999
0.592072
0.681361
0.723760
0.714873
0.788283
0.802215
0.800795
0.858492
0.801754
0.680611
0.716773
0.715534
0.715253
0.746251
0.825313
0.932448
0.811551
0.700504
0.795424
0.863056
0.805464
0.701137
0.821837
0.870995
0.907941
0.690758
0.807442
0.813664
0.725936
0.720901
0.792572
0.786639
0.785985
0.784176
0.861757
0.700470
0.736395
0.768792
0.835781
0.827649
0.755350
0.679879
0.782024
0.652923
0.690531
0.822264
0.739218
0.816865
0.860722
0.631174
0.639250
0.796576
0.734106
0.703289
0.776237
0.696720
0.714195
0.776884
0.787918
0.692229
0.758666
0.789776
0.678458
0.711012
0.888777
0.889867
0.814100
0.893049
0.829634
0.863971
0.805358
0.823119
0.518505
0.530899
0.605068
0.535005
0.595110
0.638539
0.559362
0.631470
0.517710
0.547425
0.585116
0.602095
0.606497
0.593085
0.639888
0.591260
0.562845
0.565977
0.507270
0.892103
0.840827
0.751453
0.748842
0.680571
0.789451
0.729475
0.866507
0.811786
0.802288
0.881324
0.912796
0.843931
0.849039
0.830951
0.847796
0.826881
0.878324
0.424609
0.519331
0.380277
0.366476
0.347443
0.387544
0.369582
0.607038
0.420645
0.552522
0.897197
0.864846
0.913237
0.920858
0.864242
0.833539
0.837119
0.902661
0.905221
0.913105
0.892757
0.884852
0.843263
0.892929
0.867871
0.922487
0.897403
0.906378
0.881793
0.911275
0.890190
0.876853
0.896164
0.856700
0.858937
0.707371
0.716157
0.717081
0.703656
0.770063
0.750014
0.732894
0.744557
0.808827
0.823336
0.766292
0.781473
0.758376
0.782257
0.770865
0.806058
0.782298
0.806447
0.810581
0.815097
0.817544
0.541490
0.595450
0.614076
0.584210
0.573375
0.573233
0.530295
0.515053
0.467187
0.762214
0.833270
0.723007
0.711446
0.749053
0.737225
0.647295
0.701618
0.681902
0.689680
0.657032
0.715929
0.843906
0.750087
0.681704
0.712697
0.775525
0.791885
0.752803
0.698099
0.779275
0.778244
0.871896
0.847181
0.727154
0.656958
0.768723
0.674952
0.707252
0.755803
0.872396
0.782976
0.838864
0.800051
0.792085
0.790113
0.791250
0.829770
0.762042
0.783212
0.854213
0.891749
0.810627
0.757960
0.788783
0.795052
0.830140
0.803821
0.812976
0.840809
0.789627
0.770306
0.761302
0.760502
0.902984
0.894951
0.869821
0.878681
0.855148
0.885869
0.887609
0.882020
0.918103
0.841697
0.843677
0.918147
0.931783
0.926531
0.906553
0.882029
0.785155
0.834871
0.764209
0.726205
0.759440
0.724973
0.746869
0.727507
0.746442
0.793889
0.730394
0.693458
0.793881
0.684837
0.815910
0.685146
0.706581
0.888527
0.958807
0.964659
0.909619
0.938023
0.784410
0.845973
0.838725
0.760135
0.815259
0.885200
0.880764
0.801214
0.734660
0.741572
0.702587
0.707376
0.754615
0.774402
0.760238
0.723605
0.727795
0.721192
0.736054
0.718335
0.764394
0.765442
0.729791
0.722496
0.724569
0.708983
0.742674
0.701627
0.687030
0.764769
0.461959
0.592717
0.520527
0.648695
0.726812
0.644737
0.778800
0.600635
0.456744
0.378265
0.346266
0.426274
0.403837
0.717195
0.790061
0.886602
0.728758
0.738612
0.792549
0.798907
0.745443
0.687439
0.770911
0.891817
0.529288
0.543953
0.458337
0.437731
0.434731
0.507230
0.455477
0.660234
0.622243
0.850431
0.749967
0.704712
0.727262
0.569329
0.643167
0.543892
0.607381
0.486979
0.666082
0.481667
0.586562
0.443152
0.424116
0.394969
0.687953
0.667798
0.698895
0.665403
0.710212
0.654855
0.693161
0.647426
0.710068
0.454818
0.594393
0.435036
0.415053
0.525412
0.468133
0.498197
0.621456
0.611169
0.385964
0.460573
0.452267
0.365596
0.412231
0.409430
0.356396
0.409883
0.408285
0.474310
0.468838
0.518344
0.441345
0.455265
0.478025
0.463411
0.448325
0.477940
0.523080
0.523653
0.491138
0.615362
0.570456
0.590820
0.533304
0.540961
0.512570
0.505175
0.469594
0.446582
0.432471
0.430654
0.477280
0.493591
0.484529
0.487019
0.491604
0.565352
0.681151
0.476273
0.577449
0.545472
0.686529
0.440416
0.482075
0.478096
0.508424
0.545947
0.468491
0.444004
0.693605
0.538007
0.427665
0.415353
0.622407
0.587822
0.540226
0.608640
0.472177
0.438360
0.589762
0.537921
0.671025
0.573413
0.624700
0.684437
0.595304
0.502348
0.481036
0.599563
0.521788
0.458188
0.417282
0.429136
0.513623
0.741593
0.749502
0.833249
0.865548
0.842706
0.880278
0.894808
0.746952
0.794768
0.751048
0.776120
0.808584
0.759404
0.780629
0.799551
0.781250
0.763511
0.776883
0.793253
0.824305
0.800966
0.893531
0.864439
0.810957
0.797933
0.806827
0.775704
0.801088
0.816514
0.777550
0.848405
0.833734
0.798297
0.846141
0.738056
0.791143
0.824602
0.855187
0.697568
0.800500
0.863666
0.836510
0.837503
0.754045
0.802127
0.832189
0.848928
0.832410
0.767028
0.831086
0.838346
0.773697
0.912678
0.867246
0.871716
0.861240
0.753079
0.715825
0.805215
0.748996
0.745515
0.727989
0.700588
0.935257
0.843477
0.841202
0.867115
0.836668
0.846525
0.870258
0.842216
0.800990
0.749834
0.775067
0.716802
0.720437
0.731474
0.715700
0.881691
0.899690
0.886400
0.872784
0.857063
0.931979
0.865443
0.912153
0.897149
0.862301
0.874499
0.828198
0.868825
0.877172
0.859877
0.814377
0.825536
0.857273
0.743435
0.846534
0.825832
0.734548
0.745757
0.723607
0.711702
0.782850
0.849185
0.890550
0.828103
0.760393
0.777939
0.849183
0.870616
0.811438
0.781022
0.850006
0.851569
0.847387
0.873123
0.577405
0.623272
0.488977
0.648082
0.532860
0.695044
0.531391
0.654174
0.682813
0.626580
0.680959
0.559407
0.815225
0.656474
0.804524
0.520802
0.623003
0.757364
0.828527
0.732588
0.777313
0.788376
0.799895
0.712400
0.789369
0.704263
0.757965
0.807885
0.720203
0.738351
0.767596
0.550335
0.489795
0.542765
0.632955
0.668439
0.508697
0.693191
0.604654
0.581572
0.627716
0.537049
0.635178
0.582308
0.643258
0.518611
0.536127
0.581276
0.648343
0.701950
0.628249
0.579218
0.700585
0.550578
0.535172
0.592828
0.638766
0.611631
0.721603
0.598015
0.582054
0.573400
0.751606
0.686797
0.536142
0.667576
0.708213
0.739545
0.600315
0.615212
0.610567
0.515765
0.679944
0.721018
0.844546
0.846169
0.622714
0.681773
0.853927
0.785913
0.733958
0.865083
0.672271
0.760110
0.682762
0.691104
0.719820
0.533995
0.708982
0.621431
0.756588
0.843594
0.888830
0.791538
0.781074
0.849377
0.772521
0.818441
0.795702
0.829359
0.698403
0.794737
0.682063
0.777950
0.696674
0.739554
0.675977
0.813380
0.705282
0.802856
0.717746
0.819186
0.819994
0.805982
0.815795
0.769384
0.800948
0.784531
0.792043
0.726962
0.721616
0.784455
0.763860
0.781056
0.745936
0.748032
0.720721
0.731803
0.695813
0.675666
0.764667
0.710945
0.787295
0.706303
0.788780
0.673764
0.722034
0.707516
0.732745
0.687716
0.547784
0.668699
0.585863
0.521076
0.703755
0.781129
0.649823
0.685591
0.784254
0.804427
0.692208
0.766189
0.665001
0.801705
0.809201
0.747976
0.593063
0.772636
0.527994
0.562520
0.674622
0.584202
0.568698
0.702726
0.624590
0.605324
0.668084
0.525050
0.709509
0.758668
0.690157
0.766418
0.703568
0.764321
0.771862
0.714462
0.655746
0.753871
0.673408
0.766336
0.803258
0.833142
0.774465
0.761699
0.746757
0.831282
0.584623
0.742965
0.576471
0.757801
0.794258
0.753830
0.776489
0.763993
0.726209
0.760113
0.766689
0.757396
0.745977
0.773979
0.773462
0.765113
0.771066
0.758607
0.774166
0.660412
0.646431
0.651773
0.692780
0.716572
0.612873
0.576662
0.572414
0.634667
0.704693
0.626256
0.662361
0.621197
0.584703
0.594402
0.582604
0.583350
0.763411
0.711371
0.802768
0.711366
0.753056
0.787846
0.789327
0.776045
0.756464
0.742345
0.403280
0.509974
0.438108
0.588439
0.602518
0.563614
0.630325
0.474373
0.537956
0.362690
0.387601
0.553960
0.333431
0.539833
0.788787
0.829241
0.803544
0.783809
0.771494
0.780005
0.839770
0.813679
0.799887
0.766154
0.777086
0.744505
0.758480
0.721723
0.701526
0.771216
0.751877
0.774690
0.748241
0.752607
0.693677
0.765720
0.768317
0.784236
0.781106
0.777583
0.749882
0.698801
0.703258
0.706712
0.687789
0.727092
0.733578
0.701230
0.714641
0.550009
0.682194
0.665135
0.800950
0.684982
0.632474
0.367668
0.554282
0.685350
0.468506
0.357343
0.570578
0.520545
0.758631
0.758142
0.774206
0.717123
0.697425
0.733932
0.723670
0.692223
0.737471
0.731739
0.763501
0.787077
0.703718
0.791505
0.748264
0.826966
0.721801
0.642750
0.733522
0.715977
0.644654
0.635131
0.645170
0.612853
0.585675
0.604036
0.599018
0.609068
0.630354
0.640171
0.677940
0.627830
0.692418
0.610975
0.502577
0.586115
0.555407
0.642150
0.630540
0.684938
0.654523
0.652449
0.705783
0.671668
0.650173
0.713627
0.663991
0.623917
0.645529
0.616743
0.637736
0.621217
0.613026
0.628947
0.633951
0.606894
0.646965
0.598942
0.548053
0.520482
0.494158
0.625921
0.762355
0.807694
0.726699
0.692316
0.733505
0.744867
0.785315
0.738537
0.737725
0.742998
0.701555
0.714640
0.718765
0.693964
0.659149
0.675252
0.662456
0.671055
0.726213
0.716562
0.751320
0.700380
0.685477
0.690907
0.683881
0.697259
0.628327
0.667709
0.674317
0.635149
0.709615
0.683546
0.664946
0.599486
0.730805
0.585933
0.709456
0.669414
0.695918
0.725921
0.703673
0.710329
0.692159
0.657075
0.711000
0.653777
0.689864
0.663530
0.637754
0.699176
0.699494
0.651517
0.699888
0.707573
0.727575
0.745301
0.652204
0.690604
0.710486
0.695104
0.669584
0.740022
0.760170
0.743184
0.758370
0.780357
0.767695
0.769638
0.762620
0.787592
0.809070
0.822760
0.802226
0.706098
0.747115
0.787301
0.710059
0.809228
0.715762
0.721984
0.740848
0.719281
0.709896
0.731254
0.760348
0.745484
0.844583
0.770450
0.779591
0.789530
0.784168
0.704932
0.744571
0.825409
0.788079
0.849226
0.786472
0.797833
0.833165
0.793389
0.699783
0.728196
0.649585
0.730047
0.685977
0.719200
0.758923
0.658908
0.693195
0.610800
0.684781
0.568264
0.647038
0.726416
0.767720
0.732053
0.738058
0.680647
0.747229
0.720686
0.681477
0.715219
0.764963
0.820038
0.647828
0.803656
0.869904
0.752972
0.812211
0.643710
0.694403
0.728129
0.784816
0.845697
0.801224
0.817343
0.794870
0.775002
0.727988
0.652599
0.733618
0.725212
0.824982
0.742078
0.837516
0.753142
0.790984
0.855711
0.805435
0.849117
0.782572
0.782121
0.635922
0.772766
0.853200
0.812874
0.848019
0.790793
0.800937
0.793496
0.801915
0.612625
0.673691
0.751107
0.818872
0.801121
0.741109
0.766348
0.765583
0.800167
0.754552
0.794274
0.842861
0.505131
0.700408
0.539357
0.613087
0.578673
0.669986
0.499706
0.626124
0.521144
0.575945
0.637292
0.485639
0.614188
0.590101
0.713452
0.682402
0.799191
0.674120
0.700037
0.724202
0.778324
0.701067
0.790101
0.729363
0.755401
0.837017
0.775417
0.719335
0.788366
0.713550
0.808033
0.769140
0.681905
0.545118
0.642128
0.603852
0.671768
0.609562
0.692707
0.525093
0.708476
0.535381
0.645114
0.550543
0.647639
0.604575
0.654631
0.478505
0.566748
0.422570
0.595283
0.597717
0.527185
0.419066
0.632973
0.461241
0.570122
0.537326
0.632878
0.648784
0.526777
0.481320
0.646758
0.560055
0.646184
0.526377
0.657435
0.523192
0.699939
0.677727
0.677123
0.518656
0.541278
0.631881
0.519306
0.637129
0.635668
0.632752
0.638751
0.691365
0.638718
0.588752
0.617583
0.576747
0.605406
0.585053
0.589248
0.542360
0.518898
0.716660
0.785874
0.710630
0.782265
0.678302
0.801025
0.791695
0.679403
0.722896
0.773473
0.850286
0.679374
0.789527
0.740878
0.633777
0.766764
0.698181
0.781110
0.842289
0.751156
0.746219
0.767879
0.772122
0.761160
0.641212
0.666288
0.517977
0.668697
0.518353
0.601220
0.694083
0.639620
0.502859
0.524982
0.643793
0.516280
0.472824
0.709997
0.814057
0.710947
0.825349
0.680302
0.744066
0.788349
0.637364
0.812647
0.614776
0.793559
0.575223
0.690183
0.485112
0.553363
0.657327
0.664906
0.547577
0.817075
0.608679
0.577787
0.587091
0.463313
0.737871
0.718969
0.798839
0.705779
0.608474
0.637363
0.604261
0.614619
0.515007
0.518884
0.489317
0.686665
0.606997
0.813021
0.650579
0.712564
0.737690
0.826041
0.707651
0.673278
0.750300
0.435284
0.615675
0.561793
0.585547
0.602224
0.438951
0.556435
0.514088
0.565988
0.631634
0.846120
0.849017
0.845302
0.815509
0.854018
0.830026
0.841529
0.827481
0.837822
0.708843
0.808857
0.848162
0.764546
0.837143
0.822568
0.819213
0.843847
0.851480
0.853800
0.847146
0.847074
0.848938
0.841165
0.847276
0.851856
0.851381
0.785758
0.748911
0.722537
0.809861
0.775816
0.761482
0.762333
0.776371
0.846792
0.639653
0.925292
0.712413
0.814641
0.681356
0.647272
0.696270
0.633841
0.815672
0.793552
0.840162
0.690338
0.636768
0.622416
0.661815
0.622193
0.645626
0.580279
0.596281
0.602316
0.637499
0.504668
0.680828
0.518905
0.814477
0.850070
0.841311
0.745010
0.773147
0.780772
0.792918
0.845568
0.877137
0.885397
0.909508
0.858584
0.873585
0.870975
0.837397
0.817159
0.840624
0.778299
0.822096
0.780584
0.833320
0.849952
0.848692
0.906764
0.875628
0.916249
0.845598
0.901132
0.744570
0.778754
0.800933
0.831057
0.827969
0.745053
0.721781
0.762417
0.744799
0.825691
0.775362
0.820900
0.788294
0.787308
0.822635
0.840786
0.708796
0.743679
0.697811
0.634820
0.837513
0.776702
0.602385
0.640631
0.596406
0.587755
0.647573
0.663995
0.715846
0.688730
0.687769
0.752140
0.597348
0.727374
0.742746
0.650856
0.702248
0.582127
0.710090
0.744520
0.670492
0.747705
0.763670
0.751032
0.688491
0.671062
0.640081
0.610799
0.641591
0.728258
0.688885
0.603202
0.644309
0.574137
0.541723
0.483710
0.513677
0.583997
0.536913
0.615330
0.546696
0.591613
0.575030
0.490986
0.541761
0.451102
0.399066
0.513971
0.497920
0.581402
0.537023
0.633068
0.703415
0.691393
0.646480
0.761227
0.700233
0.699608
0.658567
0.624313
0.563748
0.712773
0.644120
0.709621
0.721947
0.588953
0.518773
0.654733
0.677156
0.629936
0.687032
0.687545
0.630147
0.643479
0.700134
0.662369
0.805059
0.676515
0.728770
0.794138
0.647211
0.653770
0.726867
0.603981
0.626834
0.729660
0.884752
0.895292
0.683544
0.757937
0.653026
0.671981
0.709915
0.738994
0.856668
0.783938
0.871702
0.762920
0.911405
0.824603
0.754552
0.840810
0.836334
0.790993
0.830769
0.782037
0.860498
0.714698
0.696433
0.687722
0.756611
0.752941
0.818806
0.876538
0.812787
0.828112
0.733923
0.668547
0.660822
0.694394
0.583610
0.630544
0.628992
0.624511
0.689069
0.498695
0.645138
0.778380
0.743838
0.694670
0.876155
0.844614
0.858043
0.873133
0.822119
0.824629
0.854824
0.827570
0.913198
0.894063
0.898678
0.882864
0.827867
0.846929
0.824882
0.829330
0.838319
0.829272
0.876302
0.894875
0.859224
0.840422
0.839090
0.873777
0.869273
0.866080
0.783303
0.421757
0.431291
0.391614
0.341458
0.348564
0.380388
0.414922
0.424219
0.371789
0.428726
0.418678
0.319110
0.410799
0.491654
0.342673
0.321030
0.486503
0.317514
0.722526
0.775786
0.691689
0.849183
0.624309
0.754122
0.682832
0.792420
0.766337
0.817190
0.736611
0.866669
0.707955
0.780160
0.633154
0.709435
0.354993
0.343723
0.369700
0.401339
0.465459
0.816406
0.658753
0.713248
0.760988
0.584670
0.478917
0.371185
0.283948
0.477031
0.351289
0.573476
0.352279
0.490875
0.772966
0.509823
0.704742
0.567639
0.584284
0.717001
0.683030
0.371833
0.513482
0.506097
0.725761
0.577848
0.598360
0.747973
0.649030
0.718140
0.682040
0.745658
0.679174
0.558302
0.565692
0.691061
0.682931
0.574622
0.612824
0.746038
0.704225
0.613387
0.528081
0.667524
0.548891
0.654226
0.507963
0.640631
0.504156
0.647684
0.525871
0.639081
0.651541
0.544583
0.657846
0.529072
0.537600
0.672026
0.079294
0.276901
0.070361
0.284626
0.077201
0.276062
0.092869
0.291701
0.073396
0.268832
0.145652
0.324943
0.341351
0.226278
0.401817
0.218943
0.120367
0.312574
0.409392
0.225402
0.072194
0.303223
0.118910
0.313050
0.209016
0.383198
0.184453
0.297400
0.085181
0.270370
0.058655
0.264671
0.073416
0.279709
0.104966
0.389258
0.171257
0.388508
0.230439
0.375214
0.262172
0.471011
0.300042
0.417104
0.169334
0.115613
0.336777
0.147714
0.310852
0.332986
0.130274
0.341834
0.314668
0.116107
0.313184
0.135174
0.194900
0.412089
0.361827
0.210102
0.148737
0.356217
0.204187
0.369206
0.435472
0.249933
0.312019
0.156161
0.410103
0.088422
0.310077
0.119309
0.833343
0.852649
0.798386
0.794444
0.861519
0.837224
0.825884
0.782182
0.829487
0.817715
0.802706
0.878752
0.866566
0.848219
0.799475
0.789984
0.778768
0.856583
0.801215
0.820473
0.853601
0.835948
0.864643
0.832656
0.759510
0.781316
0.789124
0.813564
0.723946
0.741315
0.704334
0.700814
0.731541
0.696350
0.752039
0.802080
0.764807
0.792094
0.724737
0.771046
0.808442
0.778392
0.725671
0.755389
0.831890
0.695961
0.679390
0.728065
0.693373
0.804256
0.805832
0.806488
0.860615
0.850196
0.838025
0.850053
0.800785
0.817055
0.842428
0.799734
0.801642
0.826462
0.816132
0.802188
0.876285
0.867570
0.865755
0.859155
0.871596
0.878737
0.870465
0.861911
0.871135
0.855513
0.856791
0.852788
0.720111
0.637463
0.687617
0.714705
0.759516
0.746625
0.713854
0.668818
0.686686
0.657723
0.619913
0.700498
0.675152
0.620189
0.740885
0.707795
0.786033
0.724410
0.747749
0.780175
0.768895
0.787930
0.704871
0.750832
0.690713
0.751140
0.781277
0.774494
0.709639
0.727499
0.691607
0.725352
0.783850
0.678710
0.710614
0.774004
0.771810
0.690441
0.532192
0.606476
0.579257
0.671424
0.670913
0.611430
0.691830
0.556977
0.580279
0.544139
0.551972
0.623635
0.567644
0.604936
0.721802
0.699132
0.711292
0.717801
0.667547
0.708918
0.805416
0.736226
0.737976
0.780866
0.733369
0.770597
0.764306
0.750502
0.794171
0.819195
0.793896
0.781467
0.754823
0.739948
0.802444
0.767770
0.727299
0.792268
0.768781
0.739191
0.795090
0.815361
0.355936
0.486175
0.320156
0.483548
0.327981
0.465443
0.246419
0.420050
0.235117
0.509653
0.274382
0.409073
0.366272
0.568057
0.464262
0.504502
0.329304
0.117005
0.325005
0.112274
0.308065
0.144609
0.327231
0.328019
0.101650
0.153243
0.363863
0.164672
0.367706
0.564390
0.561291
0.702228
0.611914
0.621368
0.625163
0.595431
0.485239
0.677521
0.555803
0.564999
0.668089
0.754385
0.603721
0.640189
0.700833
0.754693
0.620886
0.655792
0.599730
0.587735
0.402485
0.571209
0.403149
0.547020
0.459047
0.555910
0.390607
0.540699
0.377504
0.534244
0.455638
0.590463
0.602240
0.503588
0.673062
0.540318
0.444550
0.468761
0.411187
0.577140
0.379006
0.340910
0.400290
0.575638
0.383793
0.523866
0.355327
0.498470
0.288912
0.404669
0.325803
0.492250
0.290372
0.559375
0.249225
0.438750
0.539119
0.390053
0.356922
0.512534
0.370116
0.277426
0.407597
0.443315
0.776279
0.788950
0.795638
0.818786
0.846926
0.813427
0.772281
0.761254
0.501740
0.619003
0.492238
0.614038
0.448343
0.616901
0.536991
0.629863
0.513347
0.465352
0.577921
0.411939
0.429986
0.418522
0.548617
0.547611
0.375306
0.353448
0.531712
0.503839
0.453634
0.349384
0.564303
0.447619
0.390114
0.479453
0.522223
0.340836
0.295822
0.501493
0.520765
0.472080
0.620405
0.449686
0.487804
0.438693
0.601910
0.387576
0.393009
0.448036
0.573277
0.465400
0.421099
0.593998
0.403893
0.406068
0.381003
0.374087
0.336125
0.472723
0.596539
0.428745
0.482684
0.571124
0.461286
0.361217
0.348705
0.371039
0.353517
0.474065
0.420708
0.633612
0.336660
0.620000
0.556387
0.425119
0.637652
0.406280
0.382760
0.754981
0.694569
0.839735
0.803000
0.773919
0.862177
0.774134
0.762086
0.743709
0.728301
0.819330
0.818298
0.722525
0.876910
0.745525
0.766549
0.879953
0.810956
0.811397
0.847064
0.743725
0.779863
0.623612
0.683421
0.696396
0.719403
0.623778
0.664588
0.623958
0.582564
0.703249
0.825009
0.781662
0.648571
0.713662
0.663084
0.770619
0.598759
0.740610
0.620388
0.730852
0.758259
0.696080
0.763676
0.765500
0.730690
0.726532
0.676131
0.720158
0.762797
0.617092
0.736698
0.673208
0.709774
0.587752
0.684942
0.602841
0.834167
0.710019
0.731964
0.812901
0.821466
0.746903
0.790578
0.747864
0.757982
0.760593
0.870705
0.774742
0.831890
0.825789
0.871642
0.712049
0.796801
0.651538
0.773179
0.623150
0.660236
0.710299
0.701842
0.748494
0.696843
0.794381
0.597857
0.731862
0.658727
0.771766
0.716515
0.814916
0.766636
0.797644
0.719683
0.752711
0.762862
0.655041
0.625918
0.705725
0.718265
0.559780
0.781086
0.832247
0.750917
0.819131
0.696477
0.769221
0.706691
0.820632
0.770949
0.820939
0.792123
0.824280
0.753204
0.817533
0.718495
0.773110
0.691703
0.749966
0.730042
0.753309
0.767679
0.755492
0.751750
0.692665
0.740046
0.809123
0.750957
0.691721
0.799469
0.760558
0.743391
0.801356
0.730074
0.749873
0.713743
0.700359
0.719924
0.797722
0.719661
0.778601
0.771391
0.672278
0.773460
0.700031
0.745010
0.745176
0.790784
0.734959
0.462463
0.600239
0.420662
0.389113
0.488975
0.304385
0.249184
0.580571
0.374003
0.399523
0.752407
0.761440
0.728204
0.791101
0.776104
0.747886
0.736519
0.725595
0.867117
0.822375
0.791547
0.880272
0.879041
0.822884
0.890486
0.911780
0.876835
0.869784
0.882512
0.874670
0.842938
0.855988
0.817222
0.789412
0.813740
0.770122
0.636897
0.761990
0.586046
0.721445
0.610161
0.678994
0.756491
0.649523
0.712475
0.751490
0.820680
0.689913
0.695435
0.730629
0.810765
0.664019
0.717958
0.652937
0.686228
0.781705
0.731335
0.702498
0.625954
0.668316
0.763003
0.663107
0.634819
0.673026
0.680604
0.717437
0.658960
0.699092
0.664812
0.584570
0.646995
0.603727
0.660767
0.662076
0.751606
0.617465
0.607822
0.636817
0.718748
0.635993
0.665559
0.585694
0.725909
0.754386
0.706631
0.668768
0.711132
0.738199
0.616578
0.586463
0.688270
0.677927
0.569989
0.594973
0.660748
0.579954
0.709471
0.489631
0.681758
0.786587
0.693413
0.754720
0.758946
0.612596
0.533649
0.516039
0.412586
0.553921
0.377987
0.536554
0.413370
0.531154
0.449342
0.582683
0.376999
0.512042
0.397136
0.575949
0.539827
0.474587
0.434827
0.581879
0.600318
0.483844
0.456224
0.589315
0.462532
0.619011
0.620705
0.505140
0.519493
0.616211
0.515635
0.651451
0.639722
0.526356
0.469112
0.590225
0.634101
0.394231
0.568776
0.678096
0.520490
0.669135
0.598265
0.663427
0.517346
0.508594
0.676876
0.559531
0.498537
0.563850
0.498127
0.617161
0.456511
0.639626
0.520310
0.597241
0.462219
0.620893
0.436504
0.570656
0.495151
0.624481
0.603390
0.426745
0.480977
0.470571
0.482355
0.658674
0.540423
0.602205
0.479833
0.624388
0.472201
0.495108
0.421445
0.449167
0.442826
0.585411
0.427906
0.577863
0.423684
0.544853
0.439022
0.592412
0.435432
0.578595
0.458206
0.595171
0.587140
0.469787
0.599268
0.457581
0.424994
0.588944
0.590887
0.447176
0.483512
0.644140
0.496793
0.635774
0.495356
0.596555
0.584283
0.478589
0.608602
0.458326
0.601142
0.441649
0.598868
0.502594
0.589709
0.428392
0.605713
0.486945
0.601870
0.446630
0.404904
0.559318
0.437381
0.407011
0.565791
0.439034
0.586027
0.611630
0.551663
0.675388
0.496340
0.623597
0.510935
0.527487
0.584572
0.572663
0.707783
0.584793
0.602176
0.414369
0.553434
0.353090
0.544567
0.392027
0.512194
0.618765
0.416769
0.446781
0.578304
0.590124
0.469160
0.417932
0.593274
0.593158
0.459700
0.398897
0.549360
0.437400
0.595223
0.614001
0.484227
0.543434
0.455767
0.637201
0.361199
0.527652
0.355145
0.678847
0.735940
0.541403
0.583982
0.563255
0.678216
0.741387
0.629093
0.589825
0.633761
0.609354
0.671440
0.443779
0.639229
0.520859
0.600612
0.569263
0.413184
0.442341
0.548987
0.587181
0.401705
0.430726
0.445212
0.806842
0.872715
0.784613
0.850074
0.827794
0.866201
0.778440
0.808992
0.735265
0.840440
0.763409
0.813177
0.809141
0.855029
0.826381
0.892726
0.840709
0.895053
0.845722
0.879018
0.892374
0.912257
0.853101
0.851970
0.893676
0.891300
0.788224
0.858708
0.808908
0.831217
0.846110
0.452283
0.594066
0.490716
0.355399
0.416615
0.551739
0.291221
0.370799
0.382198
0.404765
0.429828
0.509973
0.416916
0.598747
0.426969
0.368519
0.401572
0.624487
0.442009
0.451794
0.632448
0.729100
0.653801
0.525260
0.453467
0.529961
0.695917
0.447404
0.558591
0.523118
0.583189
0.620563
0.658975
0.732729
0.651560
0.736011
0.659379
0.562301
0.488840
0.549864
0.468569
0.514456
0.649804
0.393463
0.534420
0.351512
0.598398
0.453275
0.391008
0.336513
0.385053
0.481211
0.656809
0.433381
0.580287
0.642227
0.495653
0.408861
0.332323
0.400245
0.374789
0.572652
0.699251
0.620444
0.698895
0.621769
0.657499
0.561689
0.534115
0.665355
0.619061
0.499111
0.548421
0.673196
0.546447
0.595842
0.479072
0.683305
0.558554
0.543917
0.585371
0.696274
0.520665
0.474119
0.777941
0.782181
0.752752
0.797937
0.787746
0.845549
0.819248
0.773127
0.824909
0.810257
0.802868
0.762336
0.840657
0.682255
0.652339
0.747964
0.600324
0.685725
0.609453
0.632049
0.746571
0.641677
0.638915
0.654977
0.752938
0.717250
0.655671
0.749429
0.615637
0.637169
0.724071
0.604660
0.648045
0.622580
0.645585
0.730507
0.553763
0.596334
0.506031
0.720824
0.750636
0.633841
0.596147
0.585044
0.511073
0.500390
0.442576
0.531311
0.358999
0.624602
0.360529
0.416345
0.485241
0.693784
0.411843
0.333850
0.594050
0.713890
0.402836
0.571090
0.710879
0.451066
0.533298
0.522663
0.510040
0.507347
0.524498
0.668678
0.363309
0.528544
0.669525
0.363262
0.438933
0.445997
0.403981
0.406541
0.535320
0.456179
0.666039
0.427952
0.432157
0.392737
0.669157
0.411382
0.424499
0.743876
0.783657
0.722849
0.758710
0.708094
0.643955
0.703753
0.653665
0.737437
0.716687
0.653940
0.773206
0.719466
0.650832
0.827151
0.767960
0.482385
0.588455
0.440506
0.344938
0.605812
0.362153
0.447251
0.432722
0.434066
0.405198
0.375198
0.502130
0.379635
0.232464
0.540834
0.254588
0.437938
0.575992
0.358202
0.391593
0.559059
0.526518
0.410542
0.351642
0.552446
0.404212
0.523218
0.386048
0.382951
0.460330
0.259116
0.328104
0.514197
0.398296
0.559771
0.834189
0.769431
0.818727
0.784582
0.774726
0.819006
0.841881
0.743796
0.773213
0.794266
0.849743
0.815711
0.777907
0.834843
0.842768
0.813510
0.918874
0.796717
0.831880
0.893973
0.880750
0.791572
0.863735
0.821782
0.836364
0.813272
0.842712
0.820921
0.808683
0.763489
0.785370
0.804891
0.819566
0.830279
0.839557
0.832728
0.820096
0.858156
0.814464
0.814282
0.796475
0.757879
0.838037
0.802958
0.888255
0.790853
0.762286
0.766753
0.747757
0.744176
0.741479
0.730091
0.713985
0.714381
0.731508
0.754408
0.723673
0.747985
0.777158
0.732284
0.753867
0.670098
0.703109
0.730574
0.689557
0.625741
0.714231
0.636119
0.737880
0.760507
0.748000
0.738977
0.436774
0.550251
0.447187
0.453243
0.391818
0.530444
0.401782
0.318832
0.315199
0.362595
0.343035
0.362555
0.375599
0.332423
0.326733
0.280162
0.430829
0.489951
0.476391
0.500984
0.437702
0.322072
0.536207
0.224062
0.378793
0.437745
0.558112
0.362848
0.322737
0.355850
0.480330
0.528848
0.269731
0.451160
0.543640
0.483105
0.440867
0.323091
0.457470
0.318823
0.458930
0.451728
0.556224
0.518916
0.504221
0.374314
0.518479
0.392178
0.474841
0.347742
0.444378
0.486656
0.385173
0.486907
0.500752
0.302288
0.414167
0.406818
0.472646
0.475656
0.540802
0.658562
0.586534
0.545392
0.636975
0.586960
0.664254
0.598745
0.575115
0.570180
0.573314
0.610583
0.510998
0.558769
0.510309
0.575663
0.500383
0.445554
0.448410
0.426766
0.552649
0.516743
0.609534
0.501366
0.663878
0.556526
0.481787
0.587343
0.687325
0.593923
0.493751
0.477280
0.626552
0.597762
0.473568
0.518291
0.666358
0.633033
0.538458
0.652458
0.773656
0.672578
0.705175
0.672382
0.722493
0.593908
0.598371
0.628748
0.739205
0.616666
0.696248
0.628524
0.727754
0.597478
0.720108
0.674788
0.764508
0.756012
0.682879
0.471889
0.618274
0.589706
0.657131
0.398227
0.544865
0.705441
0.542582
0.625964
0.500647
0.634456
0.455349
0.376725
0.376510
0.386933
0.364140
0.406017
0.471015
0.389645
0.441840
0.491316
0.477054
0.536560
0.654617
0.510184
0.590988
0.634233
0.534552
0.652926
0.607554
0.565345
0.544973
0.637726
0.510253
0.665411
0.435068
0.428629
0.379437
0.521872
0.430921
0.560952
0.443417
0.607282
0.454922
0.574319
0.406238
0.563423
0.401398
0.554485
0.371499
0.501997
0.500821
0.577590
0.319168
0.355519
0.336082
0.412161
0.369657
0.349504
0.350537
0.457992
0.417276
0.516637
0.486011
0.594070
0.532903
0.660141
0.494948
0.615903
0.510066
0.636781
0.480658
0.615461
0.614527
0.443533
0.579676
0.473981
0.511697
0.697144
0.582982
0.557977
0.676133
0.589693
0.442539
0.452520
0.547536
0.516643
0.541742
0.624463
0.401193
0.372751
0.524215
0.403544
0.418474
0.448490
0.531043
0.482850
0.432128
0.561560
0.401075
0.462409
0.464466
0.513489
0.540309
0.727775
0.659810
0.700864
0.666269
0.747059
0.611018
0.595213
0.656905
0.619798
0.678741
0.616672
0.725913
0.722362
0.474429
0.551156
0.439243
0.621082
0.338093
0.533815
0.413198
0.591794
0.534360
0.659583
0.567700
0.704295
0.523695
0.577602
0.627060
0.425723
0.373180
0.473520
0.502578
0.282337
0.590636
0.640885
0.549257
0.709819
0.494369
0.622811
0.671857
0.642900
0.744896
0.663440
0.624553
0.675641
0.494191
0.606117
0.387018
0.533294
0.330402
0.488229
0.320061
0.432220
0.540200
0.340054
0.551668
0.438305
0.406364
0.514941
0.194921
0.463278
0.301569
0.442358
0.145536
0.356960
0.221892
0.390590
0.135941
0.360746
0.320985
0.210649
0.840577
0.738201
0.826725
0.667212
0.784593
0.706909
0.768719
0.718053
0.757061
0.823598
0.771267
0.780612
0.748226
0.619229
0.723809
0.746198
0.643421
0.814335
0.797637
0.760607
0.887461
0.798536
0.739084
0.700699
0.610150
0.637127
0.716170
0.684160
0.665303
0.697215
0.656065
0.589267
0.607556
0.690265
0.566586
0.615336
0.702566
0.746684
0.595417
0.726469
0.764561
0.693051
0.789630
0.651469
0.738914
0.644485
0.760195
0.716958
0.822183
0.770339
0.830984
0.757847
0.783902
0.809060
0.719838
0.710014
0.765286
0.602124
0.732056
0.671019
0.780316
0.563880
0.802984
0.744550
0.744900
0.774303
0.789732
0.704064
0.632230
0.517975
0.481245
0.436168
0.573118
0.647196
0.498133
0.664010
0.577106
0.703953
0.513767
0.486790
0.413161
0.489744
0.468161
0.541362
0.619767
0.583680
0.464423
0.469159
0.594132
0.708055
0.715923
0.690360
0.663392
0.749548
0.586561
0.546654
0.631968
0.491288
0.592575
0.489351
0.661625
0.413509
0.577877
0.686909
0.591896
0.513521
0.595592
0.650467
0.482604
0.422572
0.541498
0.585055
0.425993
0.313427
0.454111
0.371699
0.529413
0.355705
0.528084
0.384898
0.556578
0.296814
0.455542
0.498105
0.226205
0.413028
0.533259
0.494018
0.378584
0.403401
0.482796
0.516525
0.596147
0.562297
0.503342
0.665101
0.454207
0.472518
0.516875
0.615007
0.706946
0.710896
0.761399
0.718155
0.805508
0.792495
0.733518
0.757730
0.709073
0.781480
0.582056
0.659861
0.425621
0.603089
0.491786
0.577719
0.511078
0.681817
0.550996
0.615715
0.455336
0.561401
0.403720
0.581662
0.390437
0.577935
0.571889
0.477595
0.479559
0.632909
0.676411
0.556236
0.474072
0.602157
0.634471
0.590234
0.447396
0.455763
0.413426
0.548414
0.401417
0.485748
0.531130
0.598111
0.502712
0.610811
0.691399
0.645262
0.784052
0.686093
0.656397
0.741093
0.572284
0.658630
0.698221
0.542737
0.706816
0.557817
0.564871
0.558756
0.516868
0.590344
0.600680
0.622987
0.686824
0.650842
0.740992
0.726129
0.697287
0.632693
0.532614
0.400248
0.549908
0.462718
0.605062
0.530927
0.468440
0.345658
0.535986
0.365587
0.683686
0.756765
0.617053
0.788132
0.794911
0.774907
0.715642
0.679740
0.429306
0.564784
0.472249
0.627611
0.444242
0.388276
0.549861
0.695999
0.509870
0.743552
0.735966
0.696763
0.554299
0.509171
0.440881
0.425048
0.511844
0.403631
0.480369
0.380008
0.368457
0.479212
0.449376
0.550940
0.617812
0.455880
0.463828
0.609459
0.452012
0.657099
0.590054
0.682397
0.623383
0.706155
0.605621
0.564156
0.414073
0.608605
0.476604
0.564170
0.499778
0.642698
0.526946
0.383981
0.381766
0.568078
0.566721
0.418652
0.472633
0.610664
0.599740
0.517134
0.492331
0.644581
0.509471
0.533294
0.693842
0.677708
0.580179
0.491607
0.442433
0.467645
0.435005
0.399901
0.397695
0.484980
0.436212
0.586608
0.477957
0.601906
0.506103
0.646240
0.657991
0.446201
0.544484
0.509962
0.438689
0.423242
0.452106
0.483875
0.555067
0.423307
0.592300
0.455310
0.559559
0.501935
0.651407
0.550511
0.396468
0.339635
0.560830
0.451962
0.615705
0.531966
0.658650
0.629287
0.506273
0.641765
0.504933
0.557491
0.701993
0.606096
0.716527
0.547698
0.616725
0.597778
0.640958
0.593563
0.558322
0.632094
0.669025
0.667754
0.779524
0.769306
0.770264
0.710320
0.732458
0.690502
0.770353
0.803613
0.735158
0.551301
0.671414
0.581259
0.443606
0.514289
0.595486
0.553991
0.493892
0.450504
0.524327
0.432253
0.474879
0.449270
0.548940
0.523606
0.674657
0.621330
0.652804
0.614216
0.708513
0.701029
0.511502
0.451682
0.546810
0.417933
0.446068
0.412249
0.438341
0.522469
0.541239
0.621742
0.522041
0.416669
0.616200
0.476058
0.560240
0.514048
0.638220
0.548041
0.415005
0.399854
0.559572
0.556635
0.435166
0.494896
0.649166
0.638600
0.529139
0.741249
0.659253
0.638707
0.748284
0.654181
0.688580
0.603413
0.598995
0.687974
0.616370
0.726593
0.573996
0.679031
0.619322
0.701397
0.570010
0.670992
0.638597
0.736689
0.737355
0.672429
0.604837
0.675848
0.525219
0.738494
0.699938
0.658811
0.614745
0.557889
0.652445
0.669004
0.551613
0.693196
0.700135
0.754135
0.658587
0.619971
0.545294
0.487014
0.506320
0.491406
0.491788
0.445898
0.472901
0.486664
0.485895
0.471981
0.480206
0.477140
0.486466
0.680257
0.694966
0.701883
0.682041
0.665009
0.655076
0.656217
0.674696
0.693204
0.674945
0.651340
0.749752
0.650040
0.678815
0.673043
0.711339
0.680367
0.743630
0.672012
0.775209
0.709148
0.790133
0.773413
0.796054
0.792502
0.802624
0.775120
0.816680
0.732969
0.736978
0.743328
0.688042
0.591859
0.631228
0.765447
0.534834
0.557570
0.515610
0.724819
0.596179
0.545046
0.548974
0.605513
0.530636
0.487311
0.516706
0.544835
0.574345
0.672596
0.601026
0.748323
0.607197
0.691384
0.706337
0.687226
0.672110
0.735382
0.820815
0.808250
0.779874
0.691537
0.762191
0.616866
0.466376
0.632570
0.500143
0.622598
0.543633
0.658721
0.594504
0.453144
0.450985
0.601949
0.603183
0.467181
0.482113
0.656183
0.619572
0.527854
0.461871
0.603368
0.459204
0.602615
0.496178
0.620336
0.601722
0.460173
0.439578
0.554889
0.587364
0.427389
0.591834
0.552876
0.621136
0.738464
0.664078
0.742540
0.590585
0.718634
0.749991
0.673643
0.595264
0.712882
0.596788
0.673417
0.564529
0.702252
0.537409
0.662221
0.649014
0.491369
0.612574
0.591713
0.711489
0.680592
0.601101
0.573517
0.696846
0.577420
0.692870
0.608610
0.716792
0.626728
0.606504
0.691300
0.596640
0.551291
0.683812
0.665289
0.568860
0.579460
0.713549
0.695011
0.627419
0.565612
0.695474
0.585579
0.677922
0.586218
0.731258
0.649317
0.533317
0.520266
0.673667
0.593980
0.694607
0.662295
0.651896
0.610108
0.726728
0.656172
0.633771
0.742902
0.643258
0.516951
0.616900
0.664327
0.471161
0.497651
0.589934
0.581477
0.416899
0.617692
0.500315
0.494742
0.610452
0.469167
0.549860
0.422569
0.433983
0.564782
0.440498
0.605755
0.473281
0.626494
0.527140
0.605583
0.523893
0.471645
0.511950
0.635924
0.477460
0.633566
0.623855
0.579038
0.627525
0.652146
0.604761
0.643288
0.618919
0.568719
0.569120
0.586443
0.519276
0.551367
0.541401
0.574587
0.574831
0.456343
0.561898
0.635698
0.606337
0.504989
0.535654
0.402187
0.381745
0.455845
0.404719
0.412656
0.448265
0.423481
0.629268
0.724420
0.625362
0.714493
0.577332
0.671536
0.720273
0.731934
0.664672
0.784763
0.667599
0.754737
0.787570
0.644038
0.597822
0.676073
0.713947
0.616473
0.718516
0.736115
0.680529
0.792163
0.766214
0.638932
0.684601
0.621550
0.560046
0.663313
0.576496
0.714387
0.692853
0.526916
0.651984
0.579910
0.679615
0.500552
0.619499
0.639533
0.512895
0.673183
0.559216
0.630407
0.638620
0.683883
0.667011
0.669340
0.694885
0.747146
0.646832
0.763166
0.626319
0.717721
0.783530
0.698859
0.736592
0.787048
0.673191
0.720324
0.569685
0.670083
0.592224
0.721390
0.685228
0.602385
0.523484
0.647309
0.521162
0.541751
0.614260
0.502742
0.548331
0.702712
0.671951
0.532403
0.567481
0.546465
0.588660
0.631002
0.586009
0.490880
0.582595
0.628343
0.718658
0.759913
0.725185
0.696554
0.764570
0.612620
0.602076
0.635094
0.559350
0.656337
0.660211
0.634325
0.604378
0.560884
0.475906
0.445134
0.474159
0.454829
0.534201
0.534283
0.671534
0.669015
0.626707
0.650933
0.696498
0.660341
0.667059
0.600744
0.741294
0.666243
0.625799
0.607975
0.748454
0.694668
0.670863
0.715232
0.690869
0.732849
0.637278
0.600707
0.569959
0.675037
0.668736
0.723247
0.651484
0.607220
0.590165
0.506347
0.595570
0.582321
0.774291
0.757496
0.738259
0.765242
0.670790
0.759606
0.694037
0.708890
0.751361
0.667542
0.680757
0.613395
0.677110
0.707400
0.595364
0.632441
0.528614
0.653337
0.654364
0.615270
0.566581
0.510353
0.495173
0.535572
0.432590
0.486767
0.429177
0.494561
0.646267
0.674724
0.561726
0.732386
0.558384
0.661544
0.759326
0.684090
0.667343
0.722459
0.587859
0.665296
0.470092
0.597083
0.520950
0.662325
0.593155
0.521490
0.419748
0.547960
0.423403
0.598982
0.763804
0.619698
0.731760
0.739282
0.698044
0.572781
0.592874
0.693184
0.572074
0.714760
0.625247
0.564984
0.624199
0.569126
0.552766
0.638529
0.238295
0.358814
0.169938
0.379512
0.215462
0.369356
0.350044
0.523361
0.293461
0.433783
0.338736
0.409065
0.185198
0.258740
0.532363
0.662991
0.542850
0.612990
0.592271
0.707203
0.566641
0.652292
0.523263
0.339439
0.591368
0.477796
0.571519
0.491285
0.525636
0.692785
0.650548
0.638933
0.648443
0.639382
0.613065
0.688064
0.660315
0.705734
0.724180
0.691142
0.773438
0.679279
0.759990
0.724657
0.764815
0.721916
0.799342
0.741535
0.799456
0.832847
0.759110
0.792157
0.723349
0.671363
0.744426
0.769719
0.628111
0.632593
0.755949
0.639435
0.718901
0.726008
0.599078
0.680764
0.631823
0.442502
0.668402
0.526868
0.550029
0.721991
0.520874
0.674847
0.507492
0.620655
0.766683
0.524592
0.565089
0.574968
0.497138
0.462428
0.606824
0.618085
0.573897
0.731448
0.754436
0.589289
0.716724
0.581971
0.635985
0.732920
0.700413
0.524162
0.613679
0.559136
0.644505
0.644768
0.635846
0.663546
0.643540
0.645253
0.630649
0.652364
0.683616
0.429025
0.610488
0.472191
0.489277
0.480399
0.534717
0.620491
0.517926
0.671418
0.472502
0.568252
0.433403
0.627856
0.654031
0.622426
0.744243
0.761766
0.603431
0.695867
0.815823
0.714494
0.713001
0.731852
0.762524
0.870967
0.762100
0.860071
0.404157
0.467623
0.564466
0.549141
0.342297
0.358836
0.447807
0.626946
0.733106
0.587571
0.671472
0.421120
0.428086
0.439017
0.411983
0.504049
0.383256
0.308063
0.349389
0.378339
0.507508
0.504748
0.313516
0.470544
0.256870
0.443838
0.286721
0.404457
0.483366
0.296769
0.303511
0.257047
0.445144
0.832072
0.814882
0.823103
0.822537
0.842421
0.836279
0.855864
0.837843
0.861886
0.815188
0.813021
0.819853
0.882597
0.853228
0.841872
0.818684
0.827493
0.842558
0.765445
0.785167
0.791149
0.739749
0.763012
0.788813
0.832951
0.762822
0.747439
0.815569
0.741399
0.799132
0.773419
0.805121
0.839996
0.764889
0.734988
0.778678
0.821050
0.807818
0.763777
0.823025
0.757200
0.875949
0.776897
0.862080
0.807331
0.737747
0.866976
0.787115
0.844164
0.758524
0.764751
0.769800
0.797334
0.754556
0.705895
0.859550
0.748092
0.804014
0.911914
0.834670
0.884026
0.138129
0.380144
0.228907
0.376505
0.248046
0.469083
0.446947
0.349487
0.141579
0.399127
0.054983
0.304630
0.123588
0.399307
0.498222
0.490383
0.486327
0.496558
0.645051
0.601466
0.830679
0.732654
0.702637
0.866500
0.758120
0.751848
0.811656
0.704813
0.607640
0.742051
0.517978
0.755444
0.604755
0.404405
0.664068
0.669802
0.438814
0.693763
0.520498
0.678185
0.616295
0.663251
0.652169
0.462739
0.672314
0.617096
0.813639
0.656598
0.778080
0.725000
0.786970
0.710911
0.808823
0.775344
0.828081
0.717119
0.594005
0.738582
0.704250
0.718580
0.860827
0.688606
0.592765
0.735906
0.687119
0.696602
0.788133
0.736364
0.806085
0.760260
0.808869
0.786671
0.874236
0.813617
0.722580
0.742264
0.806212
0.738977
0.820109
0.142203
0.374137
0.216646
0.354917
0.262084
0.450449
0.324761
0.434100
0.200125
0.321478
0.145711
0.376928
0.117558
0.335785
0.186198
0.436695
0.237639
0.480379
0.352314
0.375922
0.375451
0.247661
0.231816
0.414440
0.264608
0.228250
0.219206
0.411622
0.413517
0.284725
0.519851
0.417247
0.583724
0.370860
0.496023
0.497768
0.562938
0.552414
0.338862
0.492655
0.624524
0.536079
0.676305
0.581701
0.453667
0.660575
0.759165
0.620392
0.763892
0.644608
0.765380
0.554084
0.474199
0.503503
0.562983
0.437153
0.445060
0.546652
0.483912
0.452045
0.613868
0.551374
0.431014
0.773015
0.764746
0.776767
0.789516
0.584171
0.518521
0.434467
0.388852
0.576980
0.479353
0.610836
0.647142
0.749368
0.528151
0.681966
0.517688
0.551026
0.591517
0.683063
0.766752
0.867624
0.648001
0.834886
0.721899
0.597854
0.824160
0.729567
0.699548
0.628985
0.605860
0.601833
0.679155
0.829462
0.777308
0.806168
0.848917
0.597944
0.748187
0.699349
0.727052
0.777085
0.713430
0.835047
0.693358
0.674118
0.577442
0.718550
0.577334
0.737791
0.706780
0.680079
0.815333
0.715817
0.845526
0.759908
0.765044
0.780970
0.710020
0.816120
0.731973
0.814117
0.732490
0.818159
0.703811
0.800552
0.707347
0.825182
0.765554
0.825550
0.667216
0.639064
0.680517
0.675249
0.796199
0.869276
0.735065
0.874955
0.818918
0.780134
0.646294
0.658092
0.686318
0.775710
0.802750
0.761609
0.657304
0.663823
0.730427
0.622458
0.659206
0.677135
0.751525
0.408058
0.624364
0.488054
0.568862
0.545853
0.617984
0.616363
0.498686
0.362899
0.540798
0.301989
0.544419
0.440618
0.343416
0.413606
0.566873
0.388528
0.580352
0.600155
0.632985
0.637857
0.558166
0.512719
0.515095
0.581451
0.596629
0.636563
0.554252
0.670190
0.545930
0.688004
0.654778
0.385762
0.394471
0.424450
0.701717
0.593610
0.605352
0.693378
0.637510
0.593402
0.670982
0.640371
0.647513
0.631086
0.647104
0.382243
0.565813
0.428102
0.517914
0.448105
0.589431
0.480552
0.596156
0.392028
0.496543
0.305004
0.487533
0.338694
0.547164
0.514843
0.420175
0.433530
0.596292
0.580004
0.466059
0.419232
0.644504
0.479903
0.576437
0.461824
0.600147
0.541529
0.423616
0.501632
0.362281
0.548405
0.311441
0.573614
0.438198
0.396957
0.416929
0.342562
0.401406
0.417548
0.425048
0.351847
0.352563
0.413129
0.384924
0.452014
0.462440
0.594304
0.463140
0.425127
0.600606
0.408425
0.330138
0.287909
0.369025
0.362367
0.530635
0.417959
0.555629
0.396745
0.572153
0.481180
0.359844
0.282728
0.473808
0.306986
0.376961
0.222856
0.510756
0.149850
0.371264
0.415692
0.512353
0.218626
0.186206
0.195641
0.214557
0.291750
0.360378
0.288507
0.171998
0.327629
0.190212
0.396345
0.597148
0.440213
0.528524
0.407426
0.548677
0.504611
0.285011
0.311080
0.552505
0.428871
0.569546
0.375358
0.434448
0.514178
0.396355
0.334542
0.382750
0.782314
0.807965
0.811247
0.846662
0.760022
0.789814
0.857379
0.822393
0.856167
0.786056
0.823782
0.768715
0.821030
0.748197
0.796270
0.726889
0.548219
0.636113
0.529040
0.660365
0.471737
0.458245
0.796520
0.894100
0.802610
0.828170
0.832915
0.847857
0.799336
0.869707
0.811867
0.870511
0.843486
0.825576
0.901376
0.812517
0.816664
0.826871
0.836825
0.885015
0.950371
0.909012
0.872213
0.903397
0.873936
0.869792
0.823593
0.899131
0.826966
0.806581
0.815300
0.810320
0.842483
0.795981
0.784264
0.781018
0.817916
0.851311
0.827769
0.855421
0.819535
0.883126
0.874567
0.816669
0.866518
0.802179
0.830293
0.861810
0.784570
0.555626
0.515321
0.598921
0.460688
0.487101
0.542061
0.568624
0.607412
0.635122
0.653890
0.649488
0.658330
0.631573
0.633186
0.631514
0.750903
0.756968
0.875827
0.572960
0.496227
0.594506
0.614601
0.783389
0.556520
0.749486
0.773758
0.795242
0.790626
0.881791
0.865745
0.684206
0.803564
0.864260
0.824343
0.822299
0.710584
0.756735
0.697039
0.570288
0.620186
0.633332
0.726601
0.861693
0.485496
0.502041
0.682895
0.680259
0.513544
0.612400
0.769472
0.640484
0.529349
0.580507
0.664007
0.466831
0.638056
0.778817
0.599784
0.631013
0.533265
0.687867
0.715425
0.750391
0.741256
0.517291
0.614429
0.773424
0.716627
0.666048
0.732609
0.554070
0.557513
0.613227
0.690581
0.503195
0.549142
0.585373
0.719039
0.662411
0.647361
0.502977
0.639694
0.741103
0.654706
0.804015
0.712924
0.566402
0.659503
0.695100
0.818903
0.560582
0.636593
0.762065
0.799047
0.645024
0.760738
0.528845
0.647758
0.785376
0.856559
0.817619
0.905415
0.799278
0.813562
0.872868
0.825221
0.864323
0.817375
0.746900
0.826855
0.746771
0.827227
0.860264
0.845770
0.816979
0.807144
0.847587
0.852120
0.859812
0.780961
0.751719
0.807945
0.702140
0.658815
0.757951
0.806946
0.795171
0.852242
0.859683
0.852046
0.850836
0.840186
0.823439
0.818223
0.874086
0.873463
0.812593
0.819719
0.862652
0.805867
0.820323
0.847268
0.818833
0.845991
0.844030
0.827799
0.818410
0.660061
0.570573
0.582796
0.586741
0.637066
0.637888
0.688191
0.616098
0.610068
0.598742
0.636514
0.587839
0.689449
0.555955
0.408492
0.572495
0.455172
0.570134
0.649256
0.545364
0.421931
0.608477
0.335760
0.547988
0.405242
0.587500
0.572168
0.554744
0.555194
0.602796
0.557551
0.580113
0.574761
0.625980
0.346996
0.354714
0.299670
0.215286
0.288319
0.172552
0.376399
0.311003
0.448815
0.426438
0.666276
0.692630
0.666488
0.648239
0.674431
0.724982
0.597627
0.632398
0.604731
0.558950
0.580581
0.589767
0.540907
0.618632
0.614152
0.724652
0.717249
0.710013
0.702987
0.709629
0.708340
0.628397
0.639563
0.701949
0.695563
0.652306
0.650634
0.614311
0.685207
0.628578
0.638332
0.656577
0.675229
0.704777
0.694093
0.649314
0.673985
0.635645
0.721551
0.737559
0.762394
0.533337
0.533134
0.562805
0.505577
0.472450
0.531902
0.492814
0.526560
0.549468
0.601554
0.571596
0.508512
0.584085
0.575625
0.505661
0.524236
0.581442
0.572013
0.473921
0.574913
0.647893
0.706925
0.654933
0.639549
0.664930
0.558019
0.594428
0.775673
0.765834
0.808197
0.796338
0.791400
0.746605
0.444002
0.438841
0.313020
0.340259
0.385670
0.262509
0.246152
0.338696
0.256083
0.277705
0.123183
0.236186
0.243713
0.281881
0.563501
0.625867
0.582125
0.614654
0.569109
0.653875
0.552158
0.622328
0.726188
0.680602
0.607863
0.697107
0.569284
0.576195
0.713264
0.682716
0.645180
0.689789
0.681651
0.647876
0.566359
0.593861
0.558557
0.572491
0.562826
0.573042
0.558586
0.583369
0.635266
0.629589
0.580868
0.637823
0.588774
0.650735
0.630549
0.600161
0.632443
0.611441
0.595956
0.616628
0.613000
0.610822
0.613144
0.665832
0.645324
0.687835
0.714346
0.632775
0.446291
0.496337
0.473743
0.422152
0.475574
0.582039
0.420170
0.408907
0.812513
0.872879
0.798660
0.769725
0.767087
0.800804
0.764880
0.770719
0.763278
0.794452
0.776247
0.747367
0.729539
0.731670
0.710584
0.689279
0.646446
0.662498
0.653501
0.642871
0.691614
0.801499
0.640542
0.683843
0.696793
0.686310
0.679162
0.707076
0.721941
0.667778
0.665590
0.675762
0.682113
0.650573
0.634812
0.710355
0.684217
0.724632
0.747626
0.738468
0.801643
0.771878
0.760680
0.809929
0.827837
0.873343
0.834548
0.878588
0.884757
0.841507
0.806206
0.650898
0.636703
0.603614
0.612314
0.579221
0.607592
0.633339
0.624318
0.593388
0.567350
0.567227
0.612494
0.593009
0.569663
0.580032
0.650395
0.611674
0.579214
0.524714
0.528715
0.642243
0.622454
0.665241
0.667476
0.838848
0.877673
0.841999
0.772993
0.818563
0.797134
0.771816
0.840810
0.710729
0.728171
0.701065
0.690305
0.741181
0.645700
0.804971
0.785143
0.692142
0.779840
0.696884
0.739837
0.734332
0.740756
0.728907
0.712848
0.614301
0.707516
0.556991
0.589370
0.437129
0.539717
0.434557
0.580344
0.606413
0.678984
0.548681
0.492050
0.650245
0.627181
0.624417
0.546732
0.652631
0.706085
0.626340
0.597970
0.511866
0.457049
0.567753
0.418957
0.624362
0.491171
0.642069
0.685617
0.641108
0.600381
0.591110
0.596754
0.503488
0.467464
0.612579
0.375023
0.586879
0.504993
0.638887
0.800273
0.700120
0.698396
0.687148
0.675733
0.705531
0.705416
0.687356
0.676742
0.695931
0.610776
0.411030
0.407067
0.451503
0.568591
0.372251
0.469607
0.742226
0.739923
0.737447
0.796116
0.804888
0.752174
0.763148
0.779051
0.771964
0.607023
0.570020
0.650823
0.721277
0.685683
0.688909
0.668355
0.687879
0.704628
0.686054
0.668030
0.714807
0.688135
0.696437
0.685211
0.711253
0.646596
0.705099
0.716954
0.880232
0.825655
0.703915
0.861750
0.852488
0.559745
0.572274
0.515658
0.473341
0.547737
0.629171
0.571369
0.664054
0.701602
0.714478
0.696784
0.744449
0.695859
0.691547
0.670751
0.637603
0.691461
0.724989
0.727152
0.729426
0.694218
0.760264
0.644058
0.654146
0.661265
0.635767
0.658485
0.675360
0.613435
0.767076
0.755560
0.729804
0.772064
0.750708
0.718277
0.785219
0.798657
0.845220
0.735187
0.790102
0.784950
0.701244
0.713268
0.654459
0.661862
0.625005
0.669919
0.621438
0.652808
0.584535
0.429272
0.562116
0.515239
0.535919
0.586927
0.606127
0.488354
0.465806
0.544775
0.611092
0.624976
0.634741
0.609040
0.880888
0.876965
0.869881
0.850116
0.884818
0.906546
0.837881
0.836569
0.814059
0.800400
0.786944
0.823959
0.796000
0.743784
0.774616
0.827028
0.801389
0.844966
0.667801
0.789744
0.759225
0.830349
0.844302
0.751949
0.713695
0.766336
0.773750
0.781720
0.784874
0.740685
0.611503
0.547528
0.604348
0.656136
0.601374
0.659636
0.640259
0.627936
0.580458
0.589357
0.601750
0.575623
0.644641
0.521374
0.657645
0.723666
0.681838
0.705364
0.786061
0.773258
0.780246
0.765683
0.761210
0.748792
0.564801
0.588724
0.695399
0.725582
0.817319
0.552200
0.547656
0.607108
0.621327
0.700967
0.778206
0.549547
0.666235
0.575967
0.605351
0.820619
0.814953
0.727986
0.814910
0.783997
0.860870
0.816403
0.860136
0.834832
0.815807
0.843968
0.820921
0.806448
0.802536
0.881912
0.870649
0.848094
0.879760
0.853180
0.889270
0.902815
0.916598
0.897422
0.929813
0.870917
0.895420
0.894063
0.891483
0.909632
0.880363
0.909156
0.893197
0.894450
0.871628
0.866609
0.770763
0.741519
0.738743
0.763602
0.731721
0.723579
0.709258
0.758121
0.754182
0.791109
0.816127
0.692110
0.816146
0.740123
0.691523
0.683143
0.817929
0.721083
0.870693
0.830283
0.790784
0.683934
0.777886
0.705437
0.845501
0.765861
0.726258
0.657960
0.782371
0.632471
0.649560
0.767214
0.666445
0.662294
0.625955
0.631953
0.879322
0.864464
0.925428
0.852805
0.904407
0.879061
0.771580
0.774720
0.784126
0.755645
0.741084
0.677213
0.751641
0.687682
0.704692
0.674052
0.695310
0.693717
0.669144
0.687412
0.780509
0.801670
0.751197
0.767674
0.782329
0.648728
0.585913
0.605596
0.754426
0.601741
0.723527
0.637000
0.612224
0.625347
0.689531
0.687937
0.646270
0.548064
0.617079
0.522406
0.484181
0.691433
0.679360
0.681659
0.707893
0.700001
0.681080
0.853310
0.814776
0.783169
0.833402
0.771419
0.795242
0.689753
0.647717
0.558624
0.516658
0.498638
0.621548
0.860266
0.898814
0.845594
0.849357
0.849998
0.834584
0.824973
0.834327
0.837460
0.736058
0.842383
0.852188
0.705114
0.699769
0.687869
0.723280
0.720588
0.673401
0.733694
0.731078
0.723745
0.724218
0.769987
0.767789
0.697173
0.803251
0.774626
0.713516
0.686142
0.728764
0.770338
0.759749
0.931655
0.907084
0.859715
0.833347
0.829291
0.887253
0.849074
0.859448
0.730285
0.820782
0.795406
0.712111
0.820582
0.789428
0.742470
0.739442
0.665699
0.753152
0.675850
0.616731
0.728383
0.674472
0.692544
0.719827
0.687068
0.734444
0.854159
0.895383
0.853063
0.886802
0.890933
0.864893
0.810151
0.774876
0.807776
0.822412
0.816075
0.753220
0.591131
0.506586
0.535746
0.572075
0.518348
0.521288
0.646554
0.630936
0.623576
0.604151
0.666643
0.671208
0.746151
0.685427
0.607292
0.560199
0.518333
0.649003
0.783091
0.818314
0.765387
0.789983
0.752683
0.677050
0.704348
0.654514
0.629258
0.664986
0.569101
0.586700
0.637651
0.607454
0.608744
0.586344
0.544958
0.531898
0.512446
0.572784
0.743860
0.666458
0.698367
0.683545
0.864499
0.846083
0.883486
0.890959
0.866728
0.821939
0.873335
0.812945
0.801616
0.812312
0.836387
0.869357
0.893935
0.895636
0.912898
0.828459
0.854647
0.865320
0.870664
0.848598
0.852734
0.849598
0.858796
0.774450
0.795286
0.868615
0.823666
0.863501
0.883773
0.871639
0.826746
0.844708
0.787411
0.903787
0.898330
0.854826
0.827021
0.937523
0.871855
0.877462
0.830485
0.858578
0.888754
0.910589
0.924793
0.931772
0.894553
0.909253
0.929739
0.901161
0.919171
0.911027
0.902570
0.793871
0.751164
0.855987
0.829204
0.812003
0.817054
0.723580
0.806214
0.777858
0.920230
0.925637
0.906569
0.952872
0.954026
0.962485
0.920804
0.905241
0.890263
0.866025
0.772480
0.807165
0.837735
0.821614
0.815394
0.738620
0.852324
0.821021
0.844578
0.910169
0.896183
0.876750
0.887751
0.898061
0.856157
0.910784
0.865661
0.839868
0.891355
0.921885
0.929578
0.927979
0.880543
0.948267
0.963977
0.929542
0.931845
0.930740
0.943926
0.934432
0.895364
0.904785
0.935926
0.925169
0.850746
0.898579
0.855645
0.872228
0.855821
0.854550
0.908981
0.829012
0.767333
0.824260
0.934906
0.935222
0.939549
0.949276
0.945770
0.930037
0.946210
0.920468
0.923612
0.921870
0.910681
0.926037
0.814040
0.860251
0.879392
0.855699
0.801344
0.802519
0.877497
0.824872
0.805488
0.777087
0.848435
0.745093
0.697162
0.837099
0.826279
0.808056
0.746585
0.780786
0.869131
0.880908
0.904569
0.882186
0.877639
0.822568
0.862749
0.841449
0.838408
0.857348
0.841252
0.794255
0.846144
0.852650
0.869250
0.850072
0.865539
0.882818
0.928487
0.879158
0.895294
0.900849
0.891717
0.924171
0.909674
0.860221
0.869624
0.884828
0.839866
0.878303
0.879370
0.916996
0.902809
0.920695
0.911261
0.897475
0.911779
0.899430
0.918246
0.903303
0.822085
0.798329
0.817504
0.822951
0.822391
0.762458
0.820701
0.857830
0.801996
0.850414
0.892510
0.853231
0.868386
0.835374
0.786053
0.861639
0.845715
0.861217
0.852491
0.838995
0.811715
0.855066
0.856892
0.824661
0.817876
0.860061
0.873731
0.826881
0.882983
0.859573
0.821021
0.844073
0.844261
0.880426
0.869624
0.835259
0.863925
0.860381
0.835810
0.888715
0.817424
0.902427
0.873946
0.871355
0.895119
0.852558
0.780338
0.799022
0.845946
0.803818
0.855537
0.800297
0.872044
0.841087
0.826682
0.857619
0.802676
0.848649
0.856538
0.889859
0.893038
0.819649
0.887185
0.857897
0.899832
0.850688
0.866498
0.889886
0.833631
0.837897
0.898186
0.881609
0.828741
0.824580
0.891001
0.868096
0.873772
0.863635
0.888212
0.761240
0.830247
0.810583
0.804115
0.812539
0.767036
0.831610
0.840805
0.847477
0.806457
0.840586
0.885664
0.879187
0.922819
0.895892
0.855628
0.912916
0.893248
0.892185
0.867159
0.909926
0.824119
0.783958
0.876470
0.844941
0.870706
0.868726
0.868873
0.860423
0.874119
0.866330
0.872316
0.872979
0.870512
0.866334
0.870370
0.872420
0.879230
0.877679
0.886562
0.856358
0.874890
0.878997
0.842594
0.783901
0.826383
0.820485
0.855873
0.865461
0.811374
0.823076
0.871503
0.739013
0.798580
0.861112
0.833393
0.866074
0.886009
0.860786
0.838820
0.830746
0.795123
0.871863
0.886020
0.869396
0.833724
0.871497
0.861025
0.868350
0.869472
0.861834
0.862369
0.884570
0.861726
0.900312
0.907237
0.880053
0.900903
0.831054
0.867392
0.791593
0.842708
0.821505
0.870273
0.830552
0.804321
0.866793
0.885083
0.857643
0.899792
0.885324
0.863850
0.890751
0.868871
0.838303
0.812796
0.852395
0.866255
0.802363
0.887800
0.910444
0.888824
0.888702
0.892347
0.879699
0.874766
0.879955
0.819804
0.836835
0.901603
0.884944
0.937207
0.849283
0.853685
0.898025
0.926420
0.951645
0.897185
0.899040
0.876943
0.824106
0.849553
0.894595
0.834207
0.831400
0.901343
0.745598
0.849281
0.873414
0.864398
0.849508
0.778950
0.843049
0.854324
0.845601
0.824933
0.838932
0.782627
0.861294
0.856563
0.853279
0.828481
0.851601
0.830563
0.830037
0.874169
0.868091
0.850483
0.821220
0.870143
0.901220
0.894363
0.902625
0.909343
0.880837
0.900347
0.873580
0.901001
0.875178
0.887721
0.893307
0.859585
0.862364
0.853877
0.860604
0.849518
0.872988
0.888856
0.886346
0.810487
0.844464
0.870657
0.854601
0.762997
0.865682
0.789458
0.843656
0.854913
0.822672
0.868169
0.759684
0.702683
0.784078
0.842078
0.841046
0.877395
0.847632
0.887388
0.833764
0.866484
0.868496
0.880605
0.880955
0.879934
0.900740
0.905259
0.883983
0.893605
0.885190
0.878401
0.826863
0.867855
0.881376
0.910880
0.869127
0.847246
0.838227
0.863546
0.843587
0.830992
0.859945
0.864830
0.855494
0.877696
0.897800
0.878510
0.903486
0.875724
0.877296
0.894658
0.853419
0.885443
0.875885
0.886541
0.857921
0.838078
0.857048
0.876288
0.818917
0.878818
0.869297
0.867137
0.810631
0.898320
0.900579
0.831213
0.865542
0.861660
0.839496
0.870380
0.847205
0.801387
0.856491
0.849045
0.852373
0.822617
0.787440
0.842706
0.841708
0.823753
0.839197
0.832913
0.841597
0.730718
0.845729
0.872239
0.824556
0.864027
0.895121
0.909395
0.844608
0.891851
0.873179
0.846451
0.817603
0.830285
0.825660
0.825385
0.809828
0.815044
0.812081
0.820362
0.810680
0.869666
0.780590
0.879803
0.816256
0.841742
0.828538
0.869598
0.884183
0.864685
0.856367
0.849200
0.872420
0.901712
0.846839
0.890963
0.863055
0.861524
0.852009
0.868766
0.866304
0.898154
0.850213
0.809796
0.849848
0.819564
0.820454
0.873111
0.863852
0.847336
0.839797
0.873084
0.862774
0.879103
0.835805
0.866512
0.823151
0.835644
0.870645
0.855295
0.770779
0.864639
0.886478
0.885323
0.887309
0.881684
0.837891
0.856484
0.860322
0.852008
0.855976
0.827718
0.856683
0.857165
0.835316
0.788442
0.848505
0.818759
0.838165
0.827560
0.855791
0.854918
0.837983
0.866625
0.862692
0.882716
0.885668
0.804553
0.897255
0.892687
0.857859
0.769741
0.825496
0.849764
0.814480
0.809143
0.856204
0.834813
0.738723
0.854672
0.905545
0.886420
0.902631
0.907511
0.908254
0.928832
0.895188
0.899046
0.914331
0.854047
0.891720
0.895240
0.875320
0.865366
0.808673
0.794493
0.872472
0.839941
0.878465
0.856086
0.872889
0.841836
0.879492
0.876284
0.887263
0.870354
0.850238
0.867136
0.856643
0.850678
0.844676
0.863819
0.875222
0.861865
0.886457
0.849301
0.899401
0.897462
0.914397
0.854901
0.843696
0.874972
0.884874
0.872972
0.854809
0.866744
0.871703
0.885243
0.883257
0.792567
0.897629
0.866703
0.788217
0.857853
0.855202
0.861352
0.830882
0.811606
0.852350
0.841328
0.758061
0.791267
0.909002
0.926918
0.944689
0.924161
0.938536
0.951825
0.919041
0.878443
0.907583
0.912831
0.898149
0.865772
0.861614
0.849989
0.838556
0.830140
0.835277
0.866471
0.824631
0.834507
0.884652
0.850790
0.882048
0.908826
0.872038
0.879050
0.858790
0.916138
0.867289
0.898224
0.883359
0.919864
0.885313
0.886618
0.867161
0.892279
0.786042
0.896141
0.843805
0.871622
0.846976
0.911152
0.890520
0.913286
0.862577
0.801280
0.894006
0.884371
0.882395
0.870166
0.883149
0.918709
0.921980
0.851896
0.925640
0.920926
0.902795
0.894587
0.882293
0.914311
0.888066
0.860076
0.881300
0.841992
0.886095
0.811815
0.775875
0.853230
0.791396
0.844363
0.840971
0.879228
0.831049
0.760547
0.851665
0.856746
0.795943
0.796363
0.834472
0.849984
0.821487
0.799242
0.870116
0.875126
0.836101
0.811379
0.849012
0.855635
0.879187
0.804322
0.867103
0.861296
0.873670
0.858375
0.855011
0.771590
0.867348
0.871509
0.859871
0.850183
0.845105
0.864849
0.857840
0.860567
0.811921
0.886552
0.866627
0.846117
0.858346
0.808840
0.827847
0.892046
0.860966
0.896363
0.910931
0.882432
0.900319
0.836600
0.863093
0.882458
0.728618
0.924619
0.934000
0.928177
0.936587
0.915662
0.959907
0.956799
0.983325
0.980374
0.971036
0.987916
0.998606
0.982526
0.872807
0.797168
0.846314
0.773186
0.819861
0.813152
0.891243
0.848418
0.867614
0.881687
0.887907
0.821894
0.873464
0.897431
0.909668
0.850319
0.830918
0.870733
0.878132
0.915263
0.869573
0.879396
0.870528
0.825846
0.873700
0.883354
0.858285
0.863557
0.917494
0.896289
0.902791
0.924512
0.900183
0.897444
0.888952
0.918039
0.934921
0.920306
0.959140
0.922663
0.957992
0.968593
0.934488
0.944114
0.926212
0.934336
0.901022
0.918152
0.914406
0.893124
0.912702
0.893369
0.924568
0.889035
0.891935
0.924768
0.909965
0.942993
0.876247
0.936737
0.857599
0.881929
0.877754
0.860580
0.856516
0.891401
0.880907
0.906169
0.874992
0.903082
0.865738
0.886121
0.910127
0.843034
0.911397
0.918993
0.946789
0.932531
0.932119
0.917819
0.923134
0.923978
0.886445
0.908559
0.891852
0.888637
0.915451
0.909761
0.964260
0.867445
0.900443
0.914585
0.903875
0.874320
0.888106
0.897398
0.844343
0.875121
0.880368
0.858552
0.844325
0.859414
0.879526
0.856552
0.899720
0.888515
0.838093
0.859329
0.858252
0.876668
0.845625
0.853473
0.877022
0.868745
0.872774
0.877400
0.879463
0.899536
0.907151
0.891222
0.895011
0.901554
0.853824
0.821335
0.838614
0.835136
0.869643
0.859271
0.845699
0.884198
0.921615
0.889212
0.931520
0.874583
0.906291
0.895588
0.890638
0.866067
0.888229
0.866195
0.838113
0.876869
0.780249
0.837489
0.852830
0.863722
0.854638
0.814560
0.872802
0.862547
0.860832
0.829840
0.829774
0.862647
0.867339
0.850781
0.857376
0.864084
0.864604
0.942091
0.940608
0.908329
0.879643
0.932350
0.932967
0.945504
0.938101
0.883613
0.889861
0.854576
0.871506
0.841634
0.860412
0.851786
0.838817
0.783396
0.863017
0.781504
0.712281
0.848612
0.965156
0.887620
0.941898
0.922880
0.938478
0.950298
0.881663
0.893672
0.899674
0.828595
0.880410
0.838335
0.897200
0.882083
0.863600
0.835743
0.887461
0.863977
0.856470
0.809141
0.833322
0.857887
0.922112
0.880618
0.884306
0.827284
0.891407
0.872144
0.884601
0.929343
0.908874
0.940385
0.930953
0.929412
0.923549
0.922719
0.929046
0.882378
0.863322
0.836813
0.859697
0.850244
0.843658
0.847820
0.882689
0.866973
0.866308
0.862411
0.858540
0.882910
0.861593
0.867131
0.845767
0.880289
0.882544
0.888461
0.889201
0.845473
0.812737
0.853845
0.880631
0.881568
0.854545
0.872409
0.856827
0.870418
0.875808
0.892219
0.916790
0.860513
0.881843
0.885574
0.875125
0.902828
0.853897
0.848290
0.889862
0.865210
0.872145
0.854457
0.878010
0.873271
0.897015
0.870169
0.882163
0.899157
0.879557
0.886101
0.857810
0.915469
0.955635
0.936343
0.941196
0.902878
0.930584
0.940769
0.926835
0.804278
0.863348
0.847101
0.846605
0.803884
0.805396
0.815294
0.866480
0.892816
0.893021
0.871472
0.917844
0.885772
0.900763
0.912307
0.896656
0.922711
0.914845
0.914007
0.921627
0.857006
0.954698
0.944741
0.914909
0.876785
0.884338
0.888148
0.827615
0.906096
0.925850
0.887421
0.929847
0.917044
0.933439
0.932461
0.869490
0.922691
0.804330
0.898671
0.889974
0.873940
0.903555
0.870418
0.923779
0.930011
0.919942
0.882561
0.915889
0.948780
0.900091
0.922766
0.946472
0.932785
0.928741
0.927978
0.923455
0.949628
0.929094
0.938948
0.943182
0.902581
0.912430
0.907357
0.878178
0.889290
0.832190
0.859799
0.842566
0.838942
0.839473
0.824575
0.852658
0.879609
0.930356
0.758976
0.839889
0.885799
0.846681
0.866123
0.874687
0.888994
0.840072
0.880871
0.931020
0.795980
0.832925
0.790652
0.823385
0.833207
0.833575
0.753361
0.812874
0.869460
0.864124
0.821855
0.796627
0.844178
0.856026
0.840583
0.920278
0.858540
0.897361
0.846883
0.876827
0.845311
0.848028
0.885093
0.872348
0.797315
0.833679
0.790581
0.827580
0.824011
0.820994
0.815071
0.798918
0.810418
0.829785
0.767604
0.807826
0.838645
0.859867
