0.172679
0.227113
0.227274
0.206769
0.322556
0.323335
0.231235
0.207088
0.328104
0.483107
0.686085
0.673527
0.487225
0.491043
0.480704
0.628948
0.324909
0.336565
0.198879
0.916442
0.928040
0.939782
0.925854
0.923665
0.920232
0.861594
0.864504
0.814466
0.823733
0.865269
0.806665
0.825202
0.840389
0.802500
0.877369
0.825113
0.810015
0.760891
0.745055
0.762627
0.744881
0.766070
0.750351
0.757976
0.783032
0.772858
0.857149
0.871852
0.877098
0.864194
0.700503
0.651547
0.784812
0.808007
0.650983
0.624954
0.779854
0.872458
0.866937
0.869577
0.885417
0.865080
0.883405
0.860114
0.866943
0.861134
0.868575
0.733542
0.760930
0.734662
0.746925
0.772112
0.758515
0.766103
0.753411
0.774778
0.790851
0.843202
0.844749
0.795272
0.838046
0.798701
0.836195
0.803148
0.800533
0.833299
0.774531
0.767529
0.753320
0.744105
0.764878
0.762754
0.637111
0.427400
0.674107
0.468426
0.254331
0.324544
0.672420
0.720278
0.513957
0.471297
0.352291
0.322218
0.176547
0.213725
0.237457
0.260966
0.218134
0.240168
0.267713
0.277043
0.277415
0.901868
0.900885
0.913572
0.911041
0.906040
0.909872
0.905221
0.736800
0.789995
0.749060
0.790349
0.859267
0.823793
0.853837
0.827542
0.861351
0.832221
0.831712
0.854765
0.794871
0.792896
0.748785
0.754805
0.697180
0.837050
0.838066
0.685896
0.900088
0.665120
0.917776
0.936369
0.904905
0.678399
0.818027
0.931802
0.935199
0.934960
0.939092
0.924643
0.911077
0.944640
0.906727
0.839369
0.824810
0.882756
0.824080
0.779995
0.774431
0.779017
0.872105
0.880198
0.889981
0.818032
0.801677
0.783310
0.727197
0.762528
0.769734
0.767700
0.779526
0.642171
0.682266
0.482670
0.439921
0.680792
0.490932
0.321928
0.292480
0.322628
0.671766
0.712149
0.539710
0.487856
0.351305
0.323781
0.179205
0.208626
0.228330
0.242097
0.210991
0.229680
0.212848
0.342190
0.216240
0.230566
0.887257
0.897523
0.896869
0.892606
0.881895
0.896343
0.752694
0.737664
0.785767
0.753531
0.740336
0.785528
0.877654
0.849679
0.901611
0.850818
0.963661
0.828990
0.841786
0.959529
0.779144
0.784978
0.744230
0.752233
0.746374
0.750367
0.710338
0.802096
0.798535
0.699632
0.848256
0.813113
0.679293
0.844674
0.865605
0.863572
0.869944
0.869438
0.848066
0.824216
0.646629
0.682116
0.808055
0.875922
0.880071
0.881023
0.871085
0.872215
0.862704
0.857422
0.866028
0.808230
0.808317
0.873934
0.759798
0.773783
0.812035
0.868234
0.766120
0.745447
0.794003
0.763646
0.732412
0.752334
0.740748
0.738258
0.751693
0.737484
0.752201
0.781218
0.758923
0.804644
0.862446
0.859589
0.795493
0.183390
0.231975
0.233762
0.220706
0.333387
0.335086
0.238156
0.213267
0.328727
0.490194
0.676821
0.669825
0.498738
0.670860
0.496234
0.706199
0.493918
0.493889
0.700128
0.330207
0.330652
0.240755
0.265547
0.216579
0.240762
0.905058
0.905597
0.909754
0.904842
0.906938
0.908404
0.907045
0.922874
0.815195
0.857636
0.796696
0.822717
0.789824
0.745121
0.746630
0.746476
0.743626
0.787458
0.792215
0.818014
0.841480
0.843209
0.822719
0.959556
0.953957
0.960115
0.914200
0.949423
0.922117
0.913085
0.776549
0.712523
0.862633
0.890699
0.701725
0.861299
0.703790
0.655153
0.818921
0.859563
0.923186
0.914676
0.913509
0.927696
0.917052
0.934056
0.944673
0.927185
0.925936
0.748568
0.747218
0.812768
0.800745
0.766346
0.802681
0.825346
0.868832
0.846997
0.825543
0.846226
0.844761
0.871140
0.806149
0.835107
0.853340
0.853015
0.794927
0.764913
0.747501
0.124832
0.254918
0.064849
0.204066
0.279941
0.214664
0.195834
0.310179
0.341347
0.483343
0.612409
0.424178
0.649739
0.478568
0.480986
0.673870
0.320448
0.212303
0.229245
0.490406
0.331569
0.336022
0.505256
0.189852
0.206044
0.368790
0.536539
0.237651
0.128111
0.095550
0.112453
0.134134
0.124110
0.153964
0.173782
0.162582
0.149998
0.349798
0.246886
0.443875
0.616296
0.584405
0.404271
0.688355
0.713110
0.700974
0.693001
0.751729
0.689362
0.689951
0.680594
0.684594
0.735787
0.739577
0.831068
0.840419
0.790056
0.796849
0.848328
0.818737
0.857110
0.847619
0.783708
0.686826
0.681797
0.708839
0.717267
0.682085
0.710239
0.750998
0.765735
0.751619
0.687916
0.676860
0.698563
0.713725
0.729467
0.745495
0.817922
0.837807
0.789975
0.774522
0.838743
0.790274
0.833627
0.846179
0.805181
0.790673
0.548859
0.565473
0.584839
0.567572
0.586816
0.621818
0.600195
0.618599
0.658645
0.632240
0.644723
0.670587
0.630065
0.693561
0.670705
0.868098
0.783418
0.726547
0.731763
0.736524
0.688838
0.684657
0.631859
0.665029
0.666177
0.595978
0.777192
0.789457
0.592355
0.817429
0.847906
0.711866
0.537356
0.540169
0.644346
0.644645
0.755502
0.765965
0.733628
0.801753
0.798647
0.826996
0.865851
0.824697
0.472873
0.609323
0.623309
0.498696
0.647221
0.686536
0.670955
0.541867
0.758090
0.685569
0.681224
0.771753
0.745223
0.818554
0.743382
0.771171
0.612169
0.591117
0.726411
0.787890
0.744232
0.826675
0.848673
0.730356
0.809154
0.860764
0.839432
0.624006
0.456352
0.603259
0.840341
0.664250
0.870229
0.822121
0.681969
0.851823
0.869094
0.665683
0.671341
0.699738
0.689449
0.660452
0.703634
0.741800
0.746392
0.743242
0.673797
0.678628
0.690569
0.689156
0.725546
0.731380
0.813658
0.820023
0.781556
0.766500
0.809616
0.805133
0.818382
0.864080
0.797406
0.794666
0.732264
0.692248
0.753777
0.746180
0.670078
0.731596
0.848953
0.854462
0.785949
0.858750
0.794313
0.854275
0.793684
0.799050
0.859745
0.727698
0.724002
0.691237
0.678195
0.658967
0.715006
0.534004
0.534631
0.567995
0.645751
0.640362
0.682023
0.627828
0.626496
0.767116
0.729618
0.835497
0.805136
0.850680
0.793231
0.850037
0.766598
0.767780
0.768981
0.737174
0.753882
0.556659
0.596043
0.566904
0.542480
0.624173
0.601214
0.588449
0.569273
0.650173
0.610544
0.609504
0.649501
0.805512
0.727869
0.727918
0.751181
0.687658
0.672665
0.671490
0.662904
0.614326
0.656197
0.101815
0.117337
0.125609
0.110818
0.194200
0.219257
0.145898
0.127678
0.238664
0.318354
0.468215
0.490821
0.337075
0.526636
0.370549
0.613988
0.443893
0.398885
0.565567
0.303215
0.270704
0.206941
0.137267
0.176683
0.522412
0.326262
0.432520
0.644265
0.247589
0.286692
0.475212
0.690779
0.320984
0.046466
0.061615
0.195690
0.224459
0.238552
0.215654
0.330939
0.698170
0.490824
0.696991
0.693615
0.713321
0.711298
0.691037
0.706760
0.758683
0.758348
0.751431
0.660886
0.746787
0.700300
0.755396
0.839346
0.830348
0.772908
0.834614
0.815598
0.852263
0.855679
0.821191
0.817976
0.690152
0.693391
0.704003
0.705713
0.729590
0.751332
0.747866
0.714433
0.694507
0.744569
0.869304
0.843835
0.779343
0.830480
0.833537
0.777267
0.745501
0.552491
0.609906
0.674260
0.702816
0.650754
0.621110
0.755237
0.754454
0.827525
0.830892
0.814026
0.819299
0.841771
0.786954
0.788829
0.768200
0.758829
0.650933
0.622305
0.629726
0.657059
0.609160
0.619142
0.661430
0.692826
0.642901
0.575484
0.570709
0.618146
0.598700
0.634763
0.768760
0.804209
0.744380
0.690531
0.526216
0.649373
0.774717
0.648676
0.716433
0.843843
0.827517
0.692983
0.884009
0.726554
0.727328
0.877802
0.868362
0.939324
0.963757
0.916960
0.700553
0.836879
0.697722
0.713601
0.707003
0.705363
0.764454
0.778129
0.610031
0.483223
0.509886
0.644031
0.545638
0.689987
0.581204
0.789108
0.748995
0.577184
0.855909
0.816091
0.884082
0.893322
0.828400
0.719434
0.736915
0.715104
0.787090
0.797989
0.711583
0.700051
0.743803
0.734623
0.776459
0.780376
0.846108
0.857891
0.816788
0.809690
0.870472
0.864359
0.876148
0.813715
0.673091
0.670476
0.689833
0.719217
0.661824
0.687552
0.738985
0.736459
0.729908
0.683306
0.690375
0.687706
0.704314
0.724441
0.744105
0.850150
0.843727
0.813369
0.790063
0.850737
0.802076
0.843465
0.851497
0.792896
0.780794
0.546241
0.571334
0.583802
0.609841
0.633845
0.629062
0.591023
0.663802
0.708260
0.622404
0.717476
0.683144
0.813258
0.769976
0.754065
0.746921
0.753113
0.705301
0.669397
0.672750
0.594892
0.735076
0.798919
0.552451
0.789408
0.839238
0.679660
0.539134
0.667698
0.776289
0.787258
0.780400
0.777849
0.807134
0.862133
0.806053
0.133409
0.159247
0.157171
0.133528
0.252136
0.246613
0.179779
0.160422
0.271428
0.371293
0.542302
0.534017
0.374338
0.561627
0.417822
0.622589
0.446566
0.416961
0.573583
0.294871
0.274938
0.215657
0.252554
0.173406
0.186796
0.536511
0.373716
0.378281
0.533526
0.246062
0.246949
0.412324
0.567646
0.264777
0.165458
0.129276
0.128073
0.157695
0.162102
0.201061
0.203542
0.225674
0.195619
0.165170
0.295018
0.286776
0.444057
0.616588
0.588598
0.421130
0.774598
0.772128
0.756375
0.763317
0.752554
0.725090
0.758352
0.767942
0.740228
0.672640
0.539826
0.545919
0.658016
0.543562
0.678922
0.589638
0.761382
0.741844
0.586893
0.830075
0.800550
0.843500
0.854632
0.819544
0.807160
0.557244
0.674362
0.666872
0.536478
0.760226
0.755036
0.688128
0.559597
0.738461
0.777795
0.772800
0.766574
0.837818
0.818119
0.818464
0.813843
0.761607
0.637852
0.604201
0.745602
0.628309
0.782589
0.746529
0.589981
0.841547
0.795225
0.707914
0.558321
0.775062
0.875091
0.811714
0.794738
0.784836
0.804043
0.551121
0.689265
0.670992
0.458259
0.429058
0.622225
0.297754
0.276003
0.416586
0.573710
0.274035
0.215033
0.182713
0.163963
0.190760
0.155301
0.179830
0.165343
0.179662
0.250765
0.547434
0.377370
0.186065
0.224456
0.204351
0.160590
0.293574
0.272771
0.181075
0.155830
0.261112
0.443231
0.669413
0.638791
0.427649
0.584422
0.409586
0.383454
0.547011
0.245299
0.152803
0.167099
0.891203
0.894833
0.833109
0.826618
0.863375
0.838664
0.797827
0.792108
0.783186
0.796953
0.634361
0.597227
0.728365
0.569896
0.711359
0.684387
0.549064
0.760570
0.753777
0.756221
0.155816
0.209776
0.235940
0.252765
0.231102
0.228308
0.318803
0.349450
0.307608
0.046054
0.156241
0.198120
0.173898
0.272684
0.487166
0.629938
0.439162
0.316027
0.671273
0.476338
0.686685
0.742169
0.524003
0.477930
0.773695
0.779831
0.780328
0.768266
0.829148
0.825354
0.811509
0.879255
0.814655
0.861466
0.801117
0.722777
0.623258
0.760575
0.816932
0.576028
0.731815
0.544925
0.528687
0.642873
0.675748
0.819614
0.817400
0.840257
0.800056
0.792475
0.812134
0.829007
0.771217
0.765913
0.547947
0.661042
0.595146
0.702492
0.628831
0.663758
0.776756
0.744961
0.176125
0.240787
0.239617
0.205721
0.325015
0.324215
0.226802
0.311045
0.485568
0.665444
0.673505
0.484302
0.680676
0.475120
0.529185
0.329238
0.424085
0.614895
0.242176
0.276324
0.088663
0.146728
0.063206
0.877048
0.847360
0.854206
0.834384
0.796551
0.745683
0.696011
0.788169
0.685867
0.779960
0.543384
0.647778
0.735617
0.635020
0.675890
0.787148
0.689028
0.652882
0.790738
0.801725
0.753821
0.772925
0.757358
0.852707
0.805057
0.839273
0.792486
0.703409
0.605095
0.754936
0.788129
0.534855
0.657301
0.511527
0.524698
0.652820
0.640672
0.831862
0.921105
0.794011
0.871916
0.902847
0.751110
0.532477
0.655402
0.585997
0.725329
0.668552
0.746137
0.865432
0.762554
0.918258
0.906622
0.914991
0.910086
0.918779
0.842401
0.744068
0.751831
0.854732
0.754425
0.867638
0.521806
0.638698
0.788304
0.692174
0.678816
0.836628
0.687077
0.742143
0.827669
0.851091
0.742157
0.694433
0.818998
0.675028
0.805239
0.875615
0.858017
0.633435
0.764374
0.824426
0.859927
0.837175
0.881015
0.887223
0.898065
0.905776
0.901604
0.880026
0.902032
0.877526
0.889774
0.878541
0.832102
0.815912
0.832985
0.818171
0.691984
0.710752
0.765104
0.693423
0.667426
0.739595
0.783284
0.825613
0.780371
0.721100
0.806826
0.669089
0.621887
0.628467
0.933146
0.890034
0.908193
0.933112
0.885057
0.840044
0.867873
0.839118
0.822707
0.847940
0.834110
0.854896
0.816569
0.811325
0.802257
0.823668
0.754057
0.754537
0.662448
0.683368
0.715738
0.772974
0.771241
0.769673
0.785752
0.756448
0.778733
0.670334
0.710443
0.785882
0.736593
0.833455
0.810096
0.836092
0.824348
0.909136
0.903853
0.913986
0.926253
0.896525
0.807275
0.823078
0.807970
0.695619
0.664327
0.688699
0.772729
0.735290
0.616867
0.628758
0.661757
0.761317
0.722293
0.832623
0.788932
0.877198
0.880612
0.813410
0.919258
0.911564
0.902768
0.897798
0.901286
0.897714
0.802438
0.834662
0.803594
0.810093
0.817296
0.781977
0.863215
0.732271
0.907512
0.862526
0.762851
0.893238
0.923707
0.904327
0.817290
0.808023
0.664298
0.781032
0.897470
0.889580
0.885199
0.870984
0.811015
0.659608
0.695000
0.829423
0.677364
0.796029
0.749605
0.637987
0.814814
0.800894
0.821865
0.770142
0.770874
0.797998
0.736142
0.731916
0.770622
0.844675
0.815303
0.833757
0.792989
0.748920
0.788636
0.706570
0.662855
0.675219
0.811289
0.870343
0.826912
0.803872
0.858468
0.803829
0.778773
0.748575
0.681245
0.743555
0.807125
0.750779
0.905949
0.900755
0.898895
0.886689
0.892054
0.808325
0.830247
0.823070
0.661548
0.756661
0.691858
0.826257
0.709522
0.665689
0.824337
0.843744
0.148082
0.293900
0.225604
0.313466
0.237998
0.349332
0.364029
0.448122
0.483090
0.450813
0.491274
0.324386
0.354186
0.247077
0.255958
0.493888
0.490821
0.354545
0.350234
0.544487
0.496793
0.383469
0.346283
0.270816
0.275799
0.264400
0.262292
0.139059
0.118737
0.158603
0.214714
0.199116
0.234801
0.166907
0.316007
0.257535
0.494206
0.446967
0.421770
0.326826
0.341208
0.230941
0.232077
0.332666
0.334714
0.238911
0.338113
0.531680
0.548061
0.546912
0.495125
0.401879
0.366348
0.183523
0.219454
0.198782
0.304998
0.280510
0.181931
0.253471
0.448168
0.417916
0.396460
0.372467
0.379633
0.234400
0.243233
0.154035
0.155706
0.165528
0.233740
0.172864
0.249871
0.365172
0.396392
0.471886
0.434580
0.309003
0.273294
0.217578
0.190120
0.507449
0.502792
0.281179
0.321686
0.544613
0.502928
0.350141
0.319198
0.240342
0.251383
0.240202
0.225998
0.116087
0.143108
0.200231
0.210242
0.154823
0.230252
0.320393
0.341052
0.366511
0.427371
0.394592
0.294425
0.257395
0.225226
0.184729
0.240377
0.241600
0.324039
0.320984
0.244249
0.323735
0.471061
0.469087
0.471612
0.428689
0.470775
0.294473
0.322968
0.227904
0.242913
0.276879
0.132416
0.220875
0.285516
0.211197
0.314814
0.241631
0.322424
0.469431
0.459687
0.342764
0.431740
0.237924
0.255020
0.323967
0.355621
0.316218
0.105139
0.155813
0.194346
0.336329
0.431205
0.340064
0.474196
0.520202
0.474632
0.157935
0.152824
0.174216
0.239913
0.236904
0.247315
0.193061
0.193954
0.281207
0.271970
0.422469
0.426746
0.389244
0.378224
0.376498
0.203403
0.217613
0.174774
0.277282
0.301459
0.258568
0.159868
0.245691
0.381757
0.394452
0.444353
0.415983
0.254641
0.237754
0.371267
0.340916
0.338797
0.567202
0.520023
0.514687
0.371773
0.446411
0.209260
0.355421
0.152169
0.127786
0.871177
0.877569
0.877521
0.880535
0.875343
0.875990
0.885994
0.885303
0.895385
0.884085
0.907601
0.911187
0.892226
0.880538
0.888756
0.822223
0.743826
0.857546
0.806750
0.727454
0.870822
0.852182
0.867192
0.849770
0.703539
0.802727
0.883324
0.858193
0.852231
0.691471
0.812729
0.682628
0.801026
0.790093
0.667074
0.839564
0.859319
0.860156
0.849107
0.872277
0.856516
0.656987
0.789342
0.685205
0.795957
0.797193
0.695470
0.854698
0.879878
0.239226
0.208963
0.327473
0.238424
0.207544
0.324991
0.475681
0.476665
0.478849
0.321453
0.207887
0.223747
0.233515
0.313613
0.241894
0.321719
0.651135
0.469427
0.672315
0.489838
0.484066
0.673389
0.324526
0.240415
0.910785
0.874533
0.916044
0.886387
0.817513
0.820523
0.823417
0.871276
0.882731
0.910882
0.916632
0.887028
0.874683
0.883914
0.868350
0.725402
0.822350
0.704451
0.828554
0.702760
0.825476
0.734899
0.863412
0.769480
0.859312
0.916132
0.722892
0.835036
0.887673
0.887080
0.887015
0.914635
0.886248
0.889939
0.897660
0.886119
0.881822
0.898683
0.922773
0.909375
0.909066
0.769989
0.707531
0.710021
0.757854
0.790655
0.860903
0.807543
0.798344
0.874172
0.739602
0.684136
0.711014
0.919602
0.917769
0.922718
0.936523
0.937468
0.877242
0.897485
0.892068
0.886099
0.867858
0.890598
0.871538
0.662440
0.808286
0.668919
0.807568
0.830052
0.668838
0.901133
0.473709
0.319205
0.490527
0.324754
0.204291
0.230790
0.212421
0.234972
0.294326
0.178298
0.324059
0.479929
0.226711
0.319417
0.237049
0.322148
0.670445
0.494375
0.655430
0.509384
0.455294
0.651196
0.347075
0.238855
0.780060
0.853874
0.798380
0.853447
0.851232
0.870419
0.881003
0.850205
0.774093
0.878179
0.871024
0.873079
0.873066
0.875577
0.874037
0.873567
0.863894
0.865067
0.858636
0.882367
0.866887
0.716853
0.690367
0.733063
0.745289
0.730654
0.660021
0.689760
0.714435
0.845109
0.773505
0.854024
0.788144
0.844981
0.813720
0.690725
0.691004
0.712962
0.723818
0.724165
0.780852
0.734603
0.701934
0.791877
0.849375
0.802334
0.847484
0.817945
0.825255
0.773250
0.916334
0.919996
0.958989
0.935610
0.964756
0.968495
0.941452
0.928460
0.921883
0.902289
0.898819
0.880943
0.902774
0.909143
0.895837
0.835253
0.676959
0.905323
0.852944
0.669570
0.900035
0.918352
0.915350
0.874587
0.863072
0.652128
0.820850
0.295466
0.186224
0.338076
0.238300
0.212474
0.326414
0.536980
0.523574
0.477757
0.314767
0.198917
0.223685
0.465547
0.690048
0.319880
0.466039
0.684411
0.317230
0.240076
0.235866
0.230450
0.308974
0.674029
0.468417
0.902885
0.896011
0.896484
0.891998
0.838034
0.831095
0.831476
0.878316
0.887581
0.894661
0.888378
0.903306
0.889444
0.893700
0.894803
0.896766
0.878914
0.880393
0.723597
0.711290
0.692116
0.703398
0.724388
0.731667
0.682314
0.690921
0.719932
0.830792
0.767731
0.857562
0.781846
0.860561
0.806701
0.915087
0.913173
0.914120
0.894184
0.910376
0.886658
0.900625
0.884169
0.826448
0.698975
0.889369
0.817145
0.704260
0.873818
0.886864
0.888957
0.871184
0.866313
0.689962
0.801589
0.885171
0.875385
0.706588
0.840231
0.712599
0.843857
0.850522
0.716034
0.876274
0.905789
0.885190
0.883401
0.900575
0.881701
0.681224
0.821813
0.691167
0.836308
0.686927
0.825678
0.241885
0.213564
0.318728
0.235343
0.210948
0.317070
0.479008
0.484311
0.467149
0.310465
0.201186
0.228578
0.238409
0.234576
0.341606
0.334244
0.226696
0.318573
0.647270
0.476181
0.681136
0.509617
0.684368
0.521756
0.916250
0.911074
0.917432
0.907641
0.850908
0.845693
0.809597
0.883180
0.895356
0.911021
0.912135
0.896848
0.905059
0.876542
0.750541
0.886533
0.805921
0.865142
0.750024
0.887488
0.725485
0.871373
0.725698
0.851128
0.947968
0.685903
0.818880
0.873713
0.884640
0.914966
0.952078
0.937398
0.924367
0.931284
0.922374
0.923039
0.919701
0.891021
0.886223
0.875380
0.879419
0.872960
0.915077
0.915675
0.918837
0.747713
0.765662
0.831196
0.756399
0.765864
0.813011
0.860162
0.862067
0.839456
0.874646
0.842387
0.838421
0.869667
0.807359
0.796508
0.753975
0.800006
0.866661
0.778881
0.800600
0.779519
0.754293
0.758066
0.753665
0.776798
0.855531
0.799440
0.895964
0.895609
0.899150
0.888965
0.879904
0.889175
0.881081
0.878485
0.880982
0.886813
0.883378
0.673587
0.697602
0.688506
0.674263
0.754630
0.733530
0.690993
0.679808
0.737855
0.731916
0.764965
0.782184
0.828834
0.738252
0.679196
0.698192
0.904662
0.878160
0.872453
0.877332
0.895450
0.907166
0.905627
0.874062
0.886336
0.875546
0.832112
0.834315
0.858436
0.855733
0.861944
0.740337
0.761357
0.754179
0.778991
0.765577
0.751539
0.768668
0.803479
0.792421
0.794650
0.769353
0.754737
0.756245
0.877891
0.878457
0.808973
0.867186
0.797935
0.778040
0.775527
0.771379
0.787940
0.882933
0.871550
0.928955
0.928694
0.900258
0.898587
0.936755
0.929822
0.927253
0.920580
0.921209
0.939135
0.924885
0.930697
0.688321
0.666980
0.717052
0.664028
0.722297
0.756611
0.758909
0.665374
0.715705
0.744941
0.844703
0.802864
0.844329
0.800994
0.842630
0.852126
0.807711
0.794659
0.917626
0.924337
0.918279
0.922479
0.923572
0.923113
0.918829
0.916396
0.874009
0.882221
0.779254
0.742246
0.789064
0.770156
0.745228
0.780563
0.812376
0.864436
0.813237
0.812495
0.859570
0.779401
0.744846
0.777378
0.954137
0.938850
0.948845
0.887676
0.885911
0.923904
0.928115
0.924178
0.933273
0.970342
0.721509
0.733478
0.706987
0.705598
0.720771
0.885922
0.791059
0.785722
0.795391
0.867465
0.734351
0.698498
0.702045
0.919159
0.935997
0.921595
0.923482
0.922229
0.921052
0.919811
0.859186
0.890563
0.868381
0.823614
0.803389
0.791580
0.822658
0.781821
0.760866
0.769700
0.777406
0.765291
0.792817
0.785255
0.753884
0.768131
0.770036
0.762260
0.811518
0.845371
0.809985
0.809069
0.838283
0.760174
0.768590
0.882789
0.878741
0.863445
0.871924
0.875613
0.881197
0.870908
0.872776
0.656675
0.722135
0.667580
0.693898
0.772426
0.754038
0.664818
0.694704
0.751378
0.883276
0.799261
0.880895
0.808635
0.855317
0.778290
0.870088
0.874746
0.871705
0.873447
0.872325
0.875276
0.867497
0.869505
0.843019
0.869527
0.847613
0.864331
0.779469
0.795911
0.780261
0.777674
0.799967
0.769410
0.742860
0.756140
0.758613
0.735591
0.740574
0.745158
0.746881
0.786650
0.786360
0.754169
0.747736
0.788854
0.816302
0.882309
0.870562
0.822008
0.870382
0.826202
0.828709
0.859884
0.801728
0.747143
0.756108
0.916779
0.907900
0.917659
0.894577
0.896155
0.887904
0.902016
0.901497
0.903536
0.903531
0.905707
0.900097
0.905325
0.685298
0.699250
0.702270
0.676990
0.763071
0.856916
0.781766
0.867716
0.819479
0.808403
0.856525
0.765091
0.758690
0.688291
0.672921
0.676788
0.700796
0.905456
0.898921
0.914483
0.894498
0.898929
0.884737
0.881335
0.893609
0.891190
0.842599
0.882098
0.826880
0.884741
0.834448
0.792299
0.795250
0.819690
0.825992
0.796293
0.789083
0.757880
0.760467
0.791978
0.785154
0.766088
0.794781
0.795469
0.765010
0.770640
0.826914
0.822840
0.778499
0.831312
0.842213
0.857871
0.860203
0.836480
0.823032
0.858369
0.902248
0.897760
0.901513
0.912794
0.892868
0.897943
0.888477
0.904103
0.926603
0.671683
0.726606
0.684051
0.706766
0.755243
0.756103
0.687531
0.670184
0.701185
0.705969
0.741305
0.748723
0.834751
0.842021
0.806230
0.798900
0.840623
0.806446
0.745334
0.893890
0.888112
0.890370
0.892526
0.894561
0.888048
0.889171
0.887829
0.889749
0.884762
0.851681
0.841102
0.866900
0.844611
0.873120
0.832855
0.874844
0.826933
0.826935
0.795752
0.797681
0.831359
0.821644
0.812523
0.820597
0.749906
0.752502
0.750137
0.750146
0.748902
0.739376
0.774428
0.749757
0.739478
0.775079
0.904477
0.806631
0.879143
0.809726
0.810354
0.871260
0.778908
0.730036
0.733864
0.898152
0.913012
0.902851
0.896563
0.913901
0.899458
0.885653
0.904252
0.897365
0.879163
0.887180
0.900117
0.891748
0.720269
0.683075
0.756446
0.710918
0.689875
0.741136
0.860026
0.820757
0.841319
0.803601
0.790293
0.820959
0.732432
0.686678
0.697540
0.915648
0.914883
0.901727
0.911453
0.913137
0.898694
0.905502
0.905746
0.914459
0.906936
0.842816
0.897822
0.849263
0.892306
0.835664
0.879318
0.814250
0.828761
0.791855
0.812513
0.855045
0.818832
0.735091
0.755166
0.757831
0.756956
0.767166
0.775512
0.753668
0.797871
0.774769
0.811929
0.854312
0.860910
0.860184
0.831773
0.830063
0.863572
0.814238
0.768465
0.916961
0.909162
0.905938
0.923811
0.891259
0.890969
0.898659
0.898184
0.916743
0.906198
0.899799
0.894295
0.915588
0.900667
0.909554
0.675913
0.695919
0.692475
0.712301
0.740478
0.766501
0.686420
0.701471
0.753741
0.821717
0.806989
0.847493
0.818557
0.838453
0.804668
0.889041
0.886898
0.881728
0.886155
0.883902
0.885947
0.892532
0.888384
0.881212
0.888539
0.896740
0.897076
0.850776
0.892546
0.851207
0.883144
0.847639
0.880620
0.810900
0.800467
0.831498
0.828899
0.750288
0.763538
0.762804
0.804391
0.833488
0.878551
0.875640
0.881884
0.886280
0.885386
0.888398
0.886233
0.879554
0.881032
0.880754
0.874966
0.887547
0.887532
0.897771
0.903232
0.904326
0.897689
0.897654
0.896578
0.880529
0.884954
0.891225
0.800377
0.658788
0.871282
0.806242
0.659773
0.867986
0.887024
0.882510
0.867929
0.869748
0.797619
0.655669
0.660347
0.815062
0.257267
0.185408
0.208560
0.325080
0.383515
0.241356
0.207571
0.322994
0.468240
0.468259
0.466841
0.463105
0.462697
0.321099
0.324997
0.248036
0.207609
0.210726
0.243364
0.472052
0.481244
0.644995
0.339438
0.338900
0.477974
0.667194
0.339319
0.230107
0.230163
0.230797
0.229844
0.228835
0.333670
0.337952
0.477729
0.663982
0.667290
0.475835
0.893940
0.922379
0.812011
0.835878
0.822811
0.904257
0.906991
0.904590
0.911649
0.921243
0.909875
0.908871
0.916063
0.912045
0.903559
0.895928
0.882093
0.897942
0.890408
0.884825
0.890771
0.885547
0.887150
0.892873
0.884482
0.883885
0.886570
0.884242
0.884708
0.886539
0.709119
0.683386
0.754767
0.714750
0.680687
0.761896
0.839140
0.791416
0.844697
0.798813
0.836885
0.793294
0.803384
0.844472
0.760861
0.766894
0.708414
0.687892
0.679064
0.718546
0.893725
0.897629
0.895558
0.907648
0.900526
0.898483
0.907048
0.897086
0.906343
0.897867
0.890053
0.899062
0.888802
0.880666
0.896323
0.897624
0.909692
0.892695
0.894766
0.888175
0.901256
0.890263
0.897131
0.901388
0.895070
0.898930
0.891657
0.895407
0.894777
0.871425
0.884003
0.680870
0.693540
0.828783
0.821534
0.696344
0.828353
0.690973
0.681555
0.830060
0.242874
0.300156
0.162539
0.320180
0.320456
0.243632
0.220113
0.322471
0.500775
0.498774
0.496911
0.491370
0.489018
0.320316
0.319074
0.236982
0.213140
0.218994
0.241195
0.550563
0.496177
0.653851
0.285083
0.494959
0.679097
0.339198
0.289463
0.270468
0.234984
0.232119
0.234207
0.329671
0.336768
0.490780
0.675334
0.680080
0.494739
0.877664
0.883912
0.832195
0.811236
0.805980
0.796157
0.804535
0.854936
0.862914
0.873303
0.893794
0.898805
0.881542
0.889898
0.884680
0.883438
0.882586
0.890733
0.886923
0.875490
0.889581
0.880833
0.891636
0.888618
0.889240
0.879358
0.876811
0.879361
0.881373
0.877099
0.887211
0.888100
0.888881
0.670188
0.689600
0.673341
0.690190
0.732598
0.739198
0.677697
0.668198
0.683610
0.695132
0.716779
0.744950
0.814955
0.829309
0.783312
0.761203
0.828834
0.787582
0.728833
0.885499
0.891271
0.876662
0.878825
0.877094
0.874081
0.878067
0.869113
0.881810
0.869665
0.887813
0.881404
0.873180
0.880193
0.881541
0.879356
0.904166
0.892699
0.867312
0.862826
0.870727
0.789344
0.653194
0.865536
0.796215
0.674398
0.868513
0.882458
0.865519
0.865603
0.858993
0.687942
0.792710
0.238984
0.205090
0.315765
0.240883
0.209694
0.319003
0.464586
0.461701
0.463309
0.322239
0.210446
0.234195
0.476544
0.658540
0.327870
0.498834
0.658181
0.332464
0.227782
0.228103
0.228732
0.325688
0.664763
0.529509
0.903440
0.905133
0.904937
0.903474
0.830173
0.821832
0.825324
0.923875
0.912331
0.911468
0.938930
0.915675
0.905551
0.919971
0.905109
0.923181
0.891196
0.895260
0.892091
0.884800
0.890925
0.887644
0.884635
0.884737
0.877951
0.877593
0.907459
0.894525
0.879710
0.884885
0.693601
0.671981
0.743372
0.694984
0.673994
0.752661
0.816634
0.786473
0.809961
0.796454
0.805052
0.829926
0.758280
0.688347
0.697211
0.906974
0.913965
0.938221
0.919558
0.923307
0.908018
0.901884
0.916580
0.891583
0.932220
0.915861
0.929557
0.925644
0.926012
0.902812
0.903230
0.898590
0.909652
0.898819
0.934568
0.924740
0.899426
0.922464
0.906201
0.924530
0.918285
0.697012
0.841449
0.685191
0.814945
0.667792
0.811598
0.228944
0.207434
0.319460
0.227144
0.207491
0.319458
0.477858
0.496139
0.494175
0.327934
0.212630
0.237077
0.481883
0.660618
0.332352
0.496086
0.656651
0.328971
0.232589
0.231395
0.238366
0.321172
0.656503
0.489920
0.883460
0.858753
0.867638
0.849095
0.788255
0.784969
0.804981
0.854447
0.872848
0.866735
0.872721
0.861852
0.875459
0.875771
0.882023
0.874002
0.868196
0.868140
0.872533
0.875250
0.881348
0.869456
0.865443
0.878503
0.875572
0.864480
0.864760
0.884367
0.884926
0.885913
0.884319
0.882017
0.687823
0.681574
0.724799
0.673923
0.657861
0.743344
0.839601
0.778965
0.812610
0.778062
0.791632
0.811070
0.738603
0.666815
0.684941
0.845473
0.875832
0.880164
0.875296
0.854403
0.855243
0.879239
0.850767
0.847730
0.876105
0.864885
0.897494
0.896761
0.867595
0.892397
0.753996
0.754892
0.776773
0.751890
0.749999
0.774087
0.799662
0.804000
0.795652
0.670860
0.716536
0.663663
0.665860
0.746661
0.788926
0.848318
0.804141
0.868109
0.842263
0.839660
0.871328
0.798538
0.765269
0.856956
0.882601
0.885598
0.894977
0.919908
0.883620
0.884443
0.921499
0.884889
0.892968
0.910639
0.926694
0.875902
0.874078
0.897068
0.886418
0.869905
0.901651
0.909362
0.871344
0.880928
0.894409
0.881656
0.913740
0.922483
0.902890
0.890724
0.944132
0.936455
0.920309
0.906297
0.852069
0.930530
0.928446
0.908687
0.929127
0.654390
0.800585
0.665955
0.826142
0.733008
0.836728
0.675670
0.915406
0.202176
0.256789
0.256601
0.203734
0.341362
0.340777
0.259044
0.198886
0.336646
0.522331
0.508575
0.485316
0.325463
0.176333
0.174825
0.286592
0.317406
0.235040
0.330193
0.652062
0.465219
0.665197
0.483979
0.495808
0.487128
0.669687
0.331207
0.332547
0.240260
0.239991
0.909020
0.894800
0.900133
0.892187
0.824857
0.830738
0.825212
0.806044
0.872891
0.837452
0.800828
0.849348
0.902572
0.877148
0.871055
0.905718
0.898027
0.912451
0.871750
0.894914
0.896759
0.868379
0.938465
0.928135
0.897066
0.893161
0.900252
0.889506
0.928218
0.885040
0.869016
0.905106
0.901699
0.900369
0.895164
0.897299
0.911200
0.881632
0.832470
0.880898
0.854774
0.880020
0.881295
0.856484
0.905002
0.908064
0.799902
0.703567
0.824453
0.780785
0.651264
0.646427
0.742795
0.720980
0.785765
0.839116
0.770488
0.723165
0.799210
0.878437
0.848522
0.870580
0.847015
0.852827
0.858762
0.784728
0.767104
0.912662
0.920888
0.919104
0.912741
0.865577
0.802595
0.859139
0.854663
0.863560
0.891519
0.887322
0.875494
0.891265
0.860686
0.844886
0.858527
0.851315
0.889974
0.886860
0.863360
0.865833
0.861501
0.873758
0.869558
0.883828
0.901265
0.895080
0.881455
0.867908
0.866113
0.896770
0.868696
0.922245
0.914445
0.902601
0.854367
0.885456
0.890679
0.922743
0.892698
0.658455
0.803877
0.674957
0.829264
0.839467
0.680446
0.902401
0.919349
0.460243
0.327704
0.470016
0.333125
0.152146
0.175304
0.228122
0.229781
0.208598
0.339670
0.471760
0.235762
0.318056
0.296030
0.322474
0.639219
0.453172
0.656762
0.465446
0.476086
0.623505
0.325060
0.240522
0.776290
0.865471
0.794086
0.867269
0.792337
0.797461
0.878118
0.881395
0.868199
0.799360
0.860240
0.869350
0.876401
0.903088
0.894507
0.885362
0.873125
0.854296
0.853090
0.853368
0.884416
0.884659
0.886317
0.899273
0.863631
0.855320
0.799921
0.815357
0.773067
0.815839
0.864859
0.876153
0.852373
0.852199
0.878642
0.879282
0.884526
0.890479
0.882309
0.846938
0.858972
0.859113
0.839752
0.821811
0.879403
0.858789
0.827292
0.846103
0.889512
0.873016
0.911871
0.925772
0.887563
0.895448
0.682493
0.742541
0.722065
0.680927
0.769334
0.747249
0.711631
0.666533
0.758266
0.798191
0.784939
0.788284
0.814458
0.757063
0.689221
0.725034
0.896218
0.897234
0.908640
0.903083
0.912856
0.906067
0.888913
0.901265
0.900235
0.880314
0.904639
0.910215
0.889927
0.918313
0.897697
0.918097
0.901974
0.909742
0.902597
0.898570
0.902502
0.908070
0.909181
0.966426
0.916338
0.911972
0.907818
0.694377
0.851613
0.845737
0.689175
0.940807
0.905980
0.820105
0.693906
0.894308
0.965516
0.968877
0.909962
0.899635
0.895005
0.692775
0.825321
0.205461
0.236041
0.232434
0.203204
0.331832
0.332027
0.233531
0.201747
0.328569
0.503334
0.491620
0.522252
0.521348
0.330317
0.208040
0.232972
0.653673
0.475388
0.474244
0.657210
0.321407
0.316836
0.487155
0.681078
0.321188
0.239232
0.234792
0.236839
0.246793
0.324532
0.674966
0.479185
0.871157
0.877314
0.897275
0.874538
0.800519
0.810536
0.809091
0.826968
0.880614
0.883025
0.896287
0.889454
0.887579
0.886762
0.905419
0.890382
0.927811
0.892345
0.908894
0.895036
0.900548
0.898355
0.912502
0.903484
0.891947
0.903132
0.883385
0.882726
0.883558
0.893274
0.895409
0.898163
0.883093
0.897848
0.901203
0.900232
0.893731
0.688847
0.684193
0.719937
0.708750
0.670880
0.714183
0.741576
0.746997
0.740245
0.682794
0.709994
0.734376
0.820814
0.780895
0.817203
0.785278
0.815446
0.842989
0.798985
0.795014
0.861507
0.860945
0.839902
0.856444
0.880482
0.908890
0.889904
0.899918
0.892388
0.883116
0.870500
0.882224
0.902617
0.907069
0.898602
0.890516
0.897741
0.874119
0.877105
0.915852
0.882629
0.871478
0.880059
0.888741
0.893479
0.888982
0.895770
0.909359
0.899294
0.881845
0.897119
0.911397
0.897047
0.908871
0.897289
0.904468
0.902916
0.891186
0.893004
0.874615
0.874392
0.904033
0.870170
0.671633
0.818131
0.662287
0.811703
0.663008
0.665027
0.822333
0.819054
0.203226
0.230865
0.233522
0.201672
0.321767
0.323381
0.228695
0.200364
0.326123
0.471273
0.463268
0.470822
0.475488
0.334553
0.204607
0.230438
0.672849
0.502659
0.485680
0.681473
0.339802
0.328619
0.485704
0.679932
0.337123
0.256638
0.238874
0.236455
0.247435
0.337393
0.703838
0.490738
0.939049
0.923653
0.912079
0.911944
0.914008
0.902915
0.839049
0.851947
0.837175
0.844790
0.897166
0.936593
0.947354
0.917457
0.910474
0.914271
0.907855
0.932170
0.904477
0.919791
0.909032
0.914999
0.900061
0.906077
0.910040
0.894700
0.903138
0.923390
0.910331
0.904587
0.904949
0.921178
0.911010
0.926668
0.922745
0.923844
0.885962
0.903820
0.842283
0.834975
0.875208
0.832010
0.875089
0.900295
0.705948
0.666087
0.761668
0.717465
0.674287
0.747692
0.812577
0.797118
0.806566
0.753385
0.680935
0.720190
0.884943
0.881746
0.877849
0.882694
0.892940
0.883343
0.901802
0.899742
0.900167
0.898512
0.906146
0.896400
0.897236
0.896663
0.921800
0.902153
0.920545
0.839038
0.688560
0.834151
0.694882
0.950310
0.939554
0.941457
0.953074
0.692950
0.842354
0.175845
0.252470
0.237349
0.205945
0.381395
0.350158
0.236927
0.204588
0.349555
0.552895
0.488513
0.485850
0.485777
0.336529
0.205475
0.238028
0.490866
0.498971
0.602066
0.321498
0.320614
0.488457
0.648740
0.324905
0.246047
0.246729
0.244320
0.243884
0.322326
0.656985
0.484913
0.913600
0.884367
0.914395
0.790981
0.810391
0.804301
0.879329
0.910154
0.895637
0.923094
0.934668
0.933801
0.915677
0.907603
0.936840
0.900885
0.889340
0.904144
0.949826
0.945617
0.893295
0.895928
0.889073
0.888951
0.895847
0.686020
0.700174
0.685074
0.699757
0.732103
0.752666
0.697063
0.714986
0.759358
0.860152
0.821300
0.832554
0.803906
0.793035
0.820566
0.883295
0.912863
0.884734
0.920244
0.923571
0.916904
0.913358
0.925712
0.940022
0.902928
0.938227
0.894674
0.914813
0.911117
0.912691
0.906036
0.914488
0.890258
0.902095
0.890224
0.671993
0.823905
0.662063
0.634510
0.815676
0.240369
0.202147
0.331288
0.240236
0.201965
0.331059
0.487835
0.486148
0.482869
0.329369
0.201430
0.234870
0.478919
0.673525
0.363816
0.525023
0.681773
0.338338
0.256773
0.257610
0.255423
0.341841
0.671356
0.509203
0.946560
0.914460
0.947591
0.817805
0.835346
0.839487
0.925418
0.933358
0.926126
0.924634
0.924506
0.917193
0.899524
0.907342
0.910548
0.898094
0.898034
0.906159
0.917156
0.909957
0.910166
0.907997
0.914821
0.910038
0.899287
0.878520
0.901118
0.888663
0.919783
0.913577
0.842545
0.897077
0.842911
0.848265
0.889919
0.846966
0.799153
0.857348
0.883007
0.788413
0.737791
0.818218
0.776770
0.741676
0.806619
0.844811
0.840654
0.756713
0.813872
0.699958
0.615032
0.668523
0.769055
0.768011
0.759598
0.695020
0.721711
0.665683
0.796084
0.836273
0.771006
0.732344
0.838825
0.783433
0.842622
0.793023
0.871333
0.888735
0.857863
0.856806
0.789187
0.846009
0.821985
0.848916
0.816803
0.776243
0.866866
0.905357
0.895767
0.755245
0.779249
0.814602
0.859888
0.845943
0.811281
0.869722
0.863557
0.876049
0.887528
0.804253
0.846374
0.812698
0.846467
0.814737
0.788663
0.868420
0.853308
0.891077
0.883879
0.874734
0.862252
0.885856
0.810846
0.857963
0.796365
0.850155
0.803583
0.768934
0.834421
0.802667
0.828255
0.797463
0.848942
0.803462
0.865197
0.792197
0.880980
0.895727
0.878463
0.888191
0.876246
0.888544
0.788556
0.866409
0.799451
0.845502
0.808935
0.807124
0.856938
0.840317
0.871669
0.874805
0.810092
0.858993
0.792715
0.771969
0.806211
0.808323
0.679545
0.873469
0.799516
0.673384
0.868316
0.888237
0.873276
0.820678
0.876068
0.810550
0.851881
0.745763
0.614202
0.660410
0.778145
0.232310
0.219897
0.338254
0.231553
0.214186
0.333770
0.488669
0.480355
0.431631
0.470794
0.337745
0.318230
0.134208
0.146535
0.500314
0.680824
0.319802
0.496597
0.687630
0.317409
0.242532
0.230502
0.198308
0.276519
0.283408
0.308425
0.482293
0.609330
0.666230
0.483546
0.896378
0.890786
0.889218
0.891011
0.793774
0.826946
0.764382
0.794787
0.831569
0.862630
0.836104
0.842495
0.880943
0.895918
0.842414
0.844039
0.844098
0.874765
0.871514
0.837995
0.880541
0.888738
0.893166
0.824787
0.855603
0.826934
0.856342
0.849473
0.883333
0.826507
0.862782
0.892726
0.878458
0.892218
0.893181
0.833407
0.830945
0.871162
0.852876
0.819849
0.861863
0.892663
0.823789
0.859367
0.827561
0.838946
0.864099
0.841779
0.876488
0.905682
0.898836
0.906602
0.898573
0.812082
0.874387
0.811670
0.867706
0.850163
0.840238
0.909489
0.909076
0.928795
0.938521
0.926659
0.910812
0.841643
0.894894
0.863359
0.879878
0.864473
0.897887
0.916385
0.937071
0.863530
0.896474
0.850283
0.884415
0.822579
0.853367
0.880386
0.834333
0.860942
0.882882
0.866125
0.882237
0.759258
0.801899
0.742432
0.737853
0.808296
0.814461
0.801919
0.745141
0.796559
0.722315
0.655539
0.660758
0.825598
0.839243
0.787532
0.842650
0.852523
0.748706
0.682327
0.735480
0.716992
0.767755
0.768035
0.784381
0.835787
0.814069
0.893445
0.888073
0.893495
0.877889
0.876297
0.822692
0.853321
0.824050
0.867835
0.828812
0.849008
0.880815
0.904187
0.899105
0.893209
0.831374
0.874602
0.853481
0.843936
0.832104
0.878195
0.871798
0.901458
0.886068
0.892340
0.891481
0.816659
0.868576
0.811325
0.857315
0.828508
0.855704
0.861424
0.860583
0.892282
0.884429
0.885724
0.870027
0.851235
0.865543
0.851470
0.870907
0.887275
0.891283
0.894119
0.894582
0.843168
0.871004
0.847016
0.865837
0.892109
0.901175
0.867317
0.872687
0.951383
0.934327
0.949075
0.892406
0.864675
0.875266
0.827811
0.907437
0.793907
0.802424
0.880534
0.902545
0.928042
0.815183
0.865419
0.819602
0.822236
0.823783
0.865949
0.912349
0.891546
0.876542
0.887480
0.821575
0.865950
0.802102
0.860706
0.599360
0.634454
0.792122
0.749251
0.645632
0.801760
0.649549
0.800028
0.242607
0.208184
0.321694
0.241580
0.201320
0.317889
0.489853
0.482815
0.451811
0.474191
0.334162
0.308380
0.123815
0.161322
0.236848
0.231800
0.349776
0.341035
0.148449
0.338408
0.329846
0.631070
0.649387
0.467625
0.436659
0.682277
0.484451
0.688352
0.489327
0.943529
0.919891
0.937352
0.832325
0.833698
0.809782
0.823273
0.852117
0.867446
0.857018
0.844104
0.902782
0.928522
0.923745
0.843921
0.882687
0.852262
0.890157
0.856534
0.880709
0.848657
0.916476
0.885659
0.897346
0.900978
0.896736
0.897889
0.841955
0.854021
0.857192
0.851304
0.847253
0.832748
0.866078
0.862579
0.883986
0.875247
0.888457
0.895816
0.822936
0.813073
0.861591
0.802695
0.799143
0.854477
0.878130
0.811351
0.847292
0.808846
0.834615
0.858333
0.859278
0.812115
0.888714
0.898135
0.886098
0.842679
0.850054
0.820900
0.853112
0.853748
0.895579
0.808395
0.866766
0.923723
0.896071
0.928617
0.901358
0.837581
0.826800
0.873274
0.830966
0.888410
0.253627
0.387884
0.121925
0.208030
0.339269
0.094458
0.018632
0.067480
0.011329
0.031044
0.000000
0.011996
0.094840
0.389617
0.244537
0.575207
0.548641
0.560580
0.513124
0.512379
0.502159
0.497092
0.469822
0.519567
0.568931
0.594416
0.567515
0.570457
0.512956
0.563853
0.512065
0.568251
0.563403
0.510060
0.538091
0.483491
0.505433
0.558907
0.566957
0.464876
0.456015
0.486314
0.412795
0.426159
0.440796
0.508189
0.458950
0.502247
0.484498
0.470125
0.462150
0.512912
0.540059
0.495164
0.461675
0.484854
0.457680
0.460380
0.418392
0.478161
0.499790
0.563961
0.506454
0.584388
0.558910
0.580838
0.532434
0.532383
0.539568
0.568609
0.524012
0.579789
0.589163
0.610722
0.585808
0.582252
0.528822
0.561650
0.539603
0.582816
0.566275
0.380463
0.507303
0.345235
0.481234
0.410822
0.513405
0.031040
0.026404
0.099132
0.048588
0.015354
0.096802
0.238900
0.210164
0.239137
0.125054
0.022511
0.063721
0.061844
0.030846
0.124084
0.097212
0.056152
0.134041
0.360284
0.246293
0.332705
0.200561
0.400614
0.241983
0.564232
0.543879
0.545346
0.509056
0.511628
0.487766
0.499366
0.451073
0.495655
0.562436
0.588930
0.560573
0.568307
0.510764
0.573814
0.516302
0.560848
0.551011
0.508081
0.549028
0.484945
0.498929
0.556841
0.560182
0.453429
0.447775
0.466394
0.404813
0.406765
0.418892
0.493078
0.461071
0.494320
0.467618
0.448596
0.447498
0.503734
0.577179
0.479713
0.460924
0.487654
0.441487
0.449772
0.404093
0.458643
0.503413
0.527907
0.512356
0.619717
0.620473
0.587425
0.552619
0.554188
0.556431
0.581759
0.523890
0.593522
0.617986
0.601507
0.601851
0.541064
0.410005
0.612851
0.490584
0.371177
0.556579
0.621903
0.558900
0.596692
0.597337
0.426671
0.524058
0.045052
0.148747
0.044911
0.129251
0.253617
0.238000
0.271789
0.143136
0.074635
0.733215
0.747617
0.708135
0.721716
0.763582
0.714123
0.667758
0.672747
0.670868
0.669789
0.665326
0.713697
0.702232
0.772804
0.765636
0.763962
0.756976
0.767043
0.700579
0.694892
0.706597
0.747814
0.700656
0.669971
0.661657
0.655648
0.662130
0.690936
0.682495
0.710393
0.742806
0.697022
0.662350
0.664568
0.684151
0.677179
0.550756
0.734780
0.626912
0.535819
0.684062
0.734963
0.721384
0.653427
0.661814
0.473994
0.613587
0.134284
0.132021
0.232913
0.135555
0.108365
0.231789
0.391899
0.353122
0.325467
0.204087
0.095706
0.118192
0.408734
0.563496
0.245018
0.353653
0.511028
0.211309
0.162954
0.144489
0.119741
0.194631
0.489046
0.329143
0.777255
0.767591
0.729073
0.706763
0.697120
0.629045
0.609938
0.668367
0.643331
0.786990
0.774433
0.712340
0.693177
0.674908
0.681284
0.708971
0.723285
0.780448
0.772570
0.781629
0.706929
0.775701
0.694506
0.683188
0.681553
0.704418
0.683201
0.739206
0.710902
0.790516
0.791636
0.760320
0.758837
0.724184
0.711257
0.733566
0.780634
0.725105
0.696885
0.686274
0.682947
0.687314
0.776024
0.721395
0.775423
0.710936
0.681719
0.689526
0.690896
0.690938
0.711708
0.716268
0.781207
0.777152
0.764756
0.742315
0.766795
0.761818
0.669535
0.686163
0.689629
0.694162
0.762076
0.769207
0.779524
0.786571
0.755905
0.729443
0.731944
0.751405
0.717953
0.677076
0.693718
0.697698
0.755692
0.717422
0.777809
0.728350
0.715054
0.686562
0.650247
0.680338
0.697006
0.741334
0.766268
0.760870
0.599314
0.611377
0.633932
0.581850
0.589055
0.637103
0.657652
0.646236
0.603219
0.597656
0.571673
0.570482
0.717869
0.722999
0.686168
0.676687
0.675846
0.638489
0.642441
0.611740
0.570232
0.601303
0.653769
0.636629
0.781226
0.788257
0.723289
0.720087
0.783517
0.718453
0.676999
0.678824
0.699415
0.782291
0.784460
0.721889
0.721769
0.737816
0.767140
0.783175
0.671858
0.685203
0.696235
0.689433
0.770068
0.766660
0.761558
0.710412
0.721172
0.704027
0.782963
0.710411
0.686336
0.673334
0.681081
0.680439
0.787360
0.800089
0.727789
0.716778
0.716007
0.811505
0.726878
0.687343
0.675972
0.677879
0.677638
0.783653
0.772835
0.790087
0.728503
0.732738
0.716517
0.802315
0.715650
0.701870
0.688676
0.689555
0.701759
0.762644
0.755678
0.758004
0.694464
0.700785
0.703533
0.762237
0.729127
0.686442
0.698934
0.680337
0.676573
0.759674
0.775825
0.711813
0.700628
0.763248
0.698143
0.685920
0.681229
0.676671
0.773823
0.681254
0.743223
0.686682
0.664441
0.659623
0.477337
0.601794
0.509534
0.621885
0.551463
0.688373
0.133178
0.124055
0.221481
0.135695
0.105494
0.211265
0.391148
0.344970
0.322752
0.188267
0.092654
0.115652
0.132801
0.137795
0.225069
0.220001
0.117907
0.211497
0.492987
0.329078
0.527477
0.348215
0.568475
0.401782
0.821097
0.787867
0.751646
0.744472
0.750472
0.667690
0.637946
0.702053
0.714232
0.796428
0.734823
0.759732
0.707303
0.716031
0.710291
0.708546
0.730559
0.741023
0.800808
0.805510
0.801722
0.790341
0.796077
0.731946
0.719777
0.744168
0.774444
0.745439
0.703751
0.678535
0.692314
0.676347
0.778052
0.764719
0.784852
0.737115
0.724837
0.731410
0.783573
0.724221
0.698738
0.690467
0.684457
0.690596
0.780577
0.736213
0.778497
0.734689
0.688806
0.684783
0.681849
0.682720
0.733512
0.736972
0.785787
0.778665
0.784490
0.739060
0.790976
0.713499
0.681124
0.682513
0.715957
0.701255
0.782327
0.732070
0.804911
0.776621
0.771795
0.784087
0.720176
0.782711
0.762611
0.708079
0.707014
0.756410
0.729059
0.793545
0.692384
0.679122
0.725547
0.814591
0.715803
0.726194
0.728663
0.645880
0.682286
0.596584
0.614656
0.601376
0.583621
0.601006
0.600186
0.668750
0.634339
0.602029
0.564596
0.560906
0.553767
0.610426
0.576290
0.623413
0.597399
0.556704
0.564544
0.642502
0.605914
0.661120
0.640810
0.731957
0.644088
0.736995
0.758317
0.703142
0.695946
0.734699
0.681389
0.655872
0.673576
0.658272
0.700259
0.710448
0.697327
0.698816
0.675774
0.689578
0.675709
0.694663
0.699877
0.749730
0.720778
0.740792
0.689716
0.744490
0.703096
0.683979
0.673738
0.676714
0.671390
0.733919
0.713225
0.768534
0.747709
0.748632
0.765441
0.720699
0.720448
0.769130
0.720499
0.674580
0.674572
0.671874
0.836316
0.846353
0.857056
0.847441
0.850171
0.863198
0.854170
0.863527
0.864778
0.870569
0.866962
0.868845
0.866180
0.863721
0.873058
0.860811
0.873151
0.863864
0.849593
0.861878
0.865484
0.875407
0.868396
0.886565
0.882798
0.878111
0.880808
0.860756
0.873647
0.876240
0.881461
0.878347
0.873603
0.875732
0.853334
0.847575
0.871482
0.877851
0.852102
0.914610
0.869105
0.867786
0.907735
0.867584
0.884522
0.878721
0.869472
0.883396
0.853314
0.863438
0.871357
0.856607
0.867953
0.856190
0.846943
0.855782
0.859815
0.856880
0.864942
0.862964
0.856747
0.879570
0.871674
0.858202
0.857651
0.839935
0.871137
0.861304
0.844807
0.844207
0.831825
0.828727
0.836962
0.837531
0.830689
0.824244
0.831752
0.829126
0.833241
0.863064
0.870111
0.839108
0.833326
0.879270
0.877766
0.836139
0.834225
0.854844
0.846332
0.836165
0.852531
0.856984
0.843363
0.855019
0.850416
0.851586
0.856096
0.864516
0.861478
0.861362
0.864150
0.857348
0.856334
0.855627
0.880361
0.868333
0.852721
0.853276
0.861436
0.849626
0.850776
0.866120
0.858220
0.855763
0.858998
0.848019
0.846141
0.838476
0.875917
0.878167
0.879895
0.873009
0.899321
0.900279
0.878762
0.856028
0.865359
0.867264
0.862387
0.892330
0.883023
0.930806
0.886487
0.877293
0.873911
0.896639
0.907670
0.882461
0.882515
0.880927
0.885616
0.874380
0.874203
0.878318
0.860844
0.900673
0.911120
0.879687
0.881707
0.885315
0.879006
0.869036
0.865501
0.878032
0.890273
0.867886
0.884135
0.871128
0.882467
0.868264
0.869740
0.866768
0.864780
0.862678
0.861960
0.857429
0.860657
0.852982
0.863980
0.867470
0.867283
0.873973
0.869861
0.870039
0.864125
0.861721
0.860717
0.865764
0.864216
0.864627
0.865574
0.871931
0.865438
0.875338
0.867281
0.861635
0.877700
0.862425
0.839955
0.851047
0.847874
0.860427
0.844137
0.853800
0.847029
0.858356
0.882961
0.876904
0.860788
0.867384
0.866572
0.871016
0.874142
0.859950
0.873624
0.874573
0.876609
0.889623
0.893330
0.876847
0.894923
0.875436
0.895268
0.854415
0.891334
0.887195
0.854860
0.876991
0.869229
0.878820
0.869506
0.901143
0.902013
0.867392
0.878164
0.861610
0.861246
0.854527
0.870289
0.873037
0.854218
0.876506
0.872822
0.878281
0.853644
0.878697
0.856958
0.883908
0.853812
0.839642
0.829031
0.838939
0.839981
0.830476
0.842731
0.883653
0.871855
0.869669
0.870273
0.840249
0.840427
0.842858
0.828425
0.839356
0.829310
0.828968
0.854021
0.857537
0.828819
0.854322
0.861662
0.860221
0.838236
0.845555
0.852664
0.829611
0.831208
0.829994
0.857174
0.852001
0.856149
0.856146
0.857838
0.857924
0.854021
0.851505
0.854901
0.856752
0.858639
0.859116
0.848504
0.844649
0.846560
0.845967
0.845557
0.845033
0.842842
0.840378
0.843018
0.845885
0.864778
0.862325
0.876643
0.880414
0.862556
0.883054
0.889570
0.875465
0.855892
0.858779
0.866454
0.893513
0.875502
0.874177
0.884350
0.879023
0.884254
0.870951
0.887313
0.878231
0.924013
0.894139
0.898852
0.887488
0.882675
0.883089
0.873189
0.866308
0.858029
0.890685
0.893121
0.859404
0.900018
0.906544
0.887461
0.919426
0.884024
0.881660
0.891422
0.902889
0.878663
0.891597
0.865951
0.879085
0.881636
0.884417
0.859294
0.867711
0.867636
0.870124
0.860110
0.870021
0.855710
0.839323
0.844312
0.856325
0.846940
0.854555
0.842778
0.847926
0.848449
0.853315
0.852417
0.848979
0.854054
0.868598
0.868171
0.881544
0.879122
0.851690
0.882427
0.845582
0.844104
0.867588
0.848765
0.857897
0.855587
0.845391
0.848362
0.853274
0.852349
0.852552
0.856306
0.856953
0.858676
0.859076
0.859234
0.875697
0.856223
0.866625
0.872000
0.854064
0.861086
0.869777
0.859114
0.857165
0.867929
0.861468
0.870489
0.860920
0.856865
0.865836
0.865545
0.859761
0.859819
0.859838
0.878466
0.859848
0.867627
0.886084
0.886336
0.874139
0.874963
0.887795
0.887823
0.887105
0.875570
0.887288
0.893434
0.881970
0.881009
0.879290
0.882851
0.885682
0.875104
0.881590
0.879750
0.909026
0.907498
0.920472
0.909062
0.913421
0.889648
0.896523
0.875121
0.877303
0.874572
0.894533
0.922405
0.894313
0.891656
0.913779
0.904244
0.888404
0.898635
0.906247
0.880445
0.874811
0.855272
0.867174
0.866114
0.859921
0.869529
0.879584
0.879941
0.879952
0.917637
0.918391
0.898842
0.921823
0.889721
0.861517
0.847818
0.859639
0.841012
0.847836
0.843620
0.847182
0.845156
0.881143
0.902094
0.879793
0.885314
0.911682
0.844645
0.841733
0.884054
0.847069
0.854196
0.854244
0.851650
0.886097
0.850305
0.843322
0.845178
0.862920
0.870490
0.868160
0.849448
0.849746
0.860218
0.845811
0.855531
0.844301
0.858619
0.844347
0.855861
0.850839
0.854180
0.867844
0.866933
0.871611
0.877103
0.873663
0.863544
0.863483
0.864140
0.863497
0.871552
0.869170
0.872347
0.873385
0.870221
0.863953
0.861352
0.872534
0.869571
0.868111
0.864604
0.861280
0.869853
0.862678
0.866717
0.862888
0.890985
0.865561
0.861265
0.893179
0.892716
0.887635
0.887618
0.887408
0.876999
0.887113
0.893414
0.884886
0.881485
0.881409
0.882818
0.882518
0.883903
0.875292
0.874993
0.873995
0.874154
0.885460
0.883204
0.876022
0.880530
0.895535
0.881276
0.881386
0.883726
0.897306
0.893388
0.908451
0.908382
0.909137
0.906290
0.913692
0.911722
0.919264
0.911376
0.907905
0.919260
0.891304
0.913145
0.911549
0.894802
0.894334
0.894707
0.868199
0.868113
0.875190
0.893135
0.891254
0.900199
0.900188
0.888933
0.904028
0.884456
0.898834
0.900088
0.900843
0.889142
0.896799
0.923875
0.923177
0.879215
0.866604
0.878658
0.860375
0.867833
0.860521
0.860523
0.866898
0.865299
0.865209
0.879057
0.878672
0.888828
0.900861
0.892193
0.891684
0.904020
0.917276
0.917291
0.917839
0.920812
0.918035
0.921835
0.850559
0.856548
0.843402
0.844622
0.839712
0.845166
0.847743
0.842206
0.849630
0.846932
0.851252
0.856594
0.880953
0.880283
0.880292
0.885339
0.899813
0.879584
0.885139
0.901596
0.912668
0.907195
0.852313
0.853065
0.883371
0.883495
0.850808
0.885704
0.843644
0.844280
0.845759
0.847458
0.846480
0.866089
0.871553
0.866802
0.870038
0.869441
0.869225
0.865717
0.868841
0.864621
0.869137
0.863946
0.849804
0.858458
0.844450
0.840854
0.853730
0.854918
0.845252
0.857322
0.857841
0.852672
0.851368
0.868055
0.869441
0.871538
0.868070
0.870991
0.877044
0.869413
0.871024
0.881496
0.869700
0.869523
0.867288
0.864165
0.862393
0.860416
0.865503
0.863621
0.872007
0.868996
0.869158
0.872707
0.870369
0.871617
0.868482
0.869511
0.871336
0.870907
0.892531
0.876069
0.870199
0.869628
0.893335
0.873210
0.877223
0.857059
0.877087
0.876957
0.862865
0.857592
0.860714
0.858481
0.858085
0.851672
0.846911
0.854096
0.859145
0.844496
0.859269
0.845050
0.833988
0.836454
0.842802
0.860460
0.845420
0.851024
0.854357
0.849965
0.857593
0.856083
0.828430
0.840533
0.856120
0.858236
0.853577
0.831941
0.829819
0.828788
0.828106
0.859769
0.850295
0.873660
0.869279
0.839679
0.875682
0.868470
0.836044
0.835456
0.838559
0.856206
0.871342
0.875533
0.851297
0.852668
0.872118
0.867536
0.855475
0.873348
0.886938
0.851176
0.853466
0.882851
0.876814
0.851059
0.844076
0.852310
0.854015
0.857530
0.855543
0.861176
0.867430
0.863285
0.854658
0.870795
0.853357
0.862319
0.858995
0.860207
0.870076
0.853801
0.849238
0.844412
0.842963
0.896960
0.861068
0.874884
0.901226
0.882978
0.877588
0.869892
0.874772
0.869348
0.863011
0.883895
0.867800
0.875214
0.906181
0.914385
0.884904
0.914736
0.892655
0.890962
0.917531
0.894776
0.872786
0.875566
0.902579
0.875589
0.870023
0.864989
0.855216
0.848595
0.860888
0.908144
0.889858
0.899277
0.918300
0.877047
0.897442
0.924944
0.887277
0.874492
0.884604
0.924444
0.898199
0.942397
0.926552
0.905763
0.898504
0.894199
0.913119
0.895996
0.908719
0.886257
0.900199
0.897689
0.910396
0.896567
0.885485
0.903861
0.911543
0.906339
0.884871
0.906401
0.874163
0.883161
0.875855
0.885013
0.875746
0.867016
0.860883
0.889765
0.899760
0.889555
0.851449
0.876155
0.891919
0.917123
0.907293
0.900657
0.911153
0.891089
0.868836
0.895074
0.879119
0.885943
0.882881
0.893627
0.885363
0.866207
0.858294
0.866962
0.874870
0.863355
0.870297
0.857716
0.871461
0.864839
0.869295
0.861150
0.851012
0.868956
0.861642
0.858136
0.861681
0.855941
0.861577
0.855105
0.850985
0.852816
0.860078
0.858674
0.842766
0.857335
0.846169
0.853841
0.843427
0.853734
0.852665
0.843337
0.857315
0.842714
0.856025
0.841491
0.838958
0.849825
0.881786
0.884616
0.838910
0.852974
0.881897
0.847448
0.846346
0.844249
0.845884
0.846310
0.867885
0.870446
0.851370
0.851304
0.867729
0.849519
0.845228
0.877115
0.891202
0.882280
0.874075
0.894185
0.860447
0.860490
0.882304
0.894855
0.861725
0.887353
0.894755
0.863006
0.887410
0.909182
0.908712
0.895330
0.893015
0.876502
0.863320
0.883255
0.879230
0.866021
0.897326
0.895727
0.895683
0.881444
0.859736
0.878835
0.893216
0.864551
0.891409
0.864568
0.863294
0.863219
0.869751
0.863181
0.869691
0.867542
0.859656
0.859562
0.868287
0.870995
0.866524
0.867383
0.900119
0.899739
0.890241
0.898255
0.920236
0.910291
0.910817
0.903550
0.917304
0.915520
0.905272
0.895375
0.880728
0.904282
0.907394
0.869964
0.869813
0.864776
0.867624
0.867304
0.865513
0.870730
0.876646
0.876081
0.867382
0.867740
0.868397
0.871948
0.871836
0.881895
0.881015
0.868552
0.868218
0.872193
0.893474
0.887395
0.877136
0.893629
0.877718
0.917841
0.918482
0.899478
0.904524
0.905542
0.899708
0.909200
0.887892
0.904112
0.892530
0.880402
0.911259
0.913859
0.908318
0.877757
0.877515
0.872659
0.878108
0.876256
0.885016
0.871029
0.864953
0.867656
0.867637
0.869087
0.868878
0.869393
0.868867
0.869063
0.873073
0.872134
0.868596
0.886135
0.866116
0.866792
0.869674
0.879944
0.913164
0.926629
0.903938
0.905188
0.895527
0.904946
0.914441
0.907285
0.916850
0.895210
0.894721
0.883625
0.909404
0.922496
0.886380
0.896425
0.888790
0.915687
0.917086
0.886009
0.877742
0.882543
0.880863
0.879970
0.884772
0.886993
0.886262
0.891369
0.890349
0.908423
0.900245
0.909091
0.917221
0.905862
0.905843
0.897493
0.906985
0.915934
0.896511
0.921416
0.898607
0.889875
0.903476
0.881112
0.898708
0.912635
0.908246
0.898287
0.886378
0.888707
0.877498
0.889106
0.896492
0.892660
0.910885
0.901889
0.876841
0.879292
0.861825
0.866713
0.866037
0.859118
0.881042
0.868323
0.865132
0.868139
0.868018
0.870404
0.866747
0.868646
0.872547
0.869102
0.872242
0.868014
0.872077
0.864223
0.865800
0.888204
0.885751
0.864990
0.875769
0.872740
0.882278
0.883855
0.874023
0.869242
0.874413
0.876652
0.883273
0.863486
0.863395
0.882760
0.867870
0.851984
0.856047
0.853681
0.853935
0.873876
0.867039
0.849742
0.841072
0.869245
0.860038
0.846342
0.847146
0.856711
0.853902
0.854155
0.852728
0.853255
0.859687
0.858434
0.853049
0.857524
0.837539
0.851807
0.849728
0.828361
0.866631
0.838941
0.833833
0.848415
0.858497
0.846679
0.853670
0.878214
0.849598
0.835127
0.844608
0.837685
0.841941
0.841886
0.836607
0.848700
0.867362
0.870132
0.854426
0.863280
0.864902
0.864613
0.884613
0.878538
0.881566
0.874805
0.881939
0.875710
0.878785
0.882535
0.866016
0.849291
0.900015
0.878657
0.923895
0.916367
0.886285
0.873910
0.877496
0.859068
0.882345
0.879238
0.880068
0.881237
0.890497
0.880024
0.856897
0.884218
0.863920
0.881370
0.861841
0.882943
0.867364
0.866797
0.873506
0.862581
0.864865
0.864131
0.861749
0.886380
0.888578
0.871509
0.854036
0.844136
0.864971
0.864227
0.845687
0.848510
0.866176
0.856594
0.856377
0.843632
0.851618
0.848952
0.846358
0.853325
0.858079
0.846828
0.884610
0.849711
0.883949
0.843863
0.851462
0.849682
0.842413
0.844742
0.844928
0.847650
0.876104
0.864003
0.860085
0.875342
0.848698
0.842394
0.873149
0.874967
0.890221
0.872179
0.861172
0.859254
0.870480
0.891246
0.877863
0.921827
0.894681
0.911558
0.876599
0.873806
0.897546
0.925535
0.893269
0.893954
0.895247
0.888683
0.888952
0.883691
0.881862
0.889555
0.898577
0.893367
0.896728
0.890822
0.884448
0.885548
0.888665
0.890248
0.884458
0.883748
0.883416
0.884519
0.885315
0.883562
0.886962
0.881762
0.877875
0.881822
0.875649
0.876381
0.879193
0.878835
0.875619
0.879661
0.880068
0.874059
0.874539
0.880033
0.877215
0.872671
0.876700
0.878697
0.874841
0.876539
0.880873
0.887040
0.872910
0.882518
0.866468
0.877504
0.868834
0.891942
0.893267
0.896022
0.887951
0.881111
0.897158
0.896398
0.904687
0.889983
0.878129
0.882455
0.892458
0.884469
0.897690
0.893741
0.905659
0.903705
0.892612
0.908258
0.908324
0.885770
0.883749
0.871494
0.871147
0.870643
0.880543
0.875826
0.874889
0.873949
0.875927
0.871647
0.879377
0.874085
0.877742
0.873789
0.872738
0.871484
0.876408
0.879682
0.875203
0.878106
0.877047
0.888076
0.875784
0.888027
0.868378
0.891883
0.892805
0.888418
0.878175
0.875069
0.876282
0.878628
0.881684
0.891570
0.884632
0.890540
0.883515
0.880448
0.872434
0.878529
0.876785
0.877959
0.867057
0.871633
0.870890
0.884640
0.881763
0.876162
0.881201
0.892722
0.894542
0.892595
0.897088
0.899539
0.894980
0.890915
0.888119
0.888336
0.893058
0.895847
0.891468
0.887502
0.885487
0.887326
0.897157
0.889958
0.889517
0.884885
0.893289
0.881891
0.876898
0.875336
0.885947
0.881251
0.893656
0.876106
0.883830
0.871882
0.885765
0.882467
0.882407
0.886732
0.881608
0.875852
0.870681
0.876692
0.878401
0.878309
0.881516
0.882028
0.888254
0.886882
0.882475
0.888574
0.883764
0.879239
0.898917
0.887109
0.902989
0.888149
0.886141
0.878995
0.889022
0.886594
0.882510
0.890270
0.882792
0.888212
0.895329
0.884925
0.884158
0.879411
0.884420
0.875684
0.889013
0.893032
0.874056
0.881138
0.884254
0.887519
0.881393
0.882126
0.881390
0.874146
0.894239
0.880599
0.884193
0.882665
0.882641
0.891227
0.889578
0.898046
0.890412
0.893708
0.882137
0.894460
0.890441
0.893608
0.883456
0.889351
0.885375
0.882066
0.878072
0.879389
0.881342
0.881661
0.880177
0.881830
0.883531
0.880031
0.881308
0.882751
0.881775
0.894351
0.899249
0.898581
0.897421
0.886799
0.880944
0.899034
0.894391
0.899994
0.893363
0.890340
0.884180
0.888986
0.882850
0.910237
0.897410
0.887481
0.909002
0.898209
0.886604
0.890557
0.882988
0.901274
0.896241
0.908531
0.892136
0.899333
0.889880
0.892910
0.893576
0.890184
0.895936
0.893483
0.885619
0.886577
0.884761
0.885133
0.894455
0.891047
0.885211
0.893863
0.891757
0.885211
0.889560
0.890189
0.871222
0.867098
0.876498
0.879344
0.885346
0.876969
0.878820
0.874314
0.877736
0.881810
0.879438
0.885155
0.887094
0.878600
0.883900
0.876017
0.894192
0.894309
0.905219
0.897746
0.902629
0.892761
0.896896
0.885031
0.872233
0.891950
0.908387
0.902984
0.890434
0.891470
0.877956
0.880628
0.875885
0.882667
0.879862
0.878954
0.880604
0.871891
0.882105
0.887304
0.892626
0.886136
0.894276
0.899997
0.901546
0.904002
0.897018
0.900224
0.893817
0.880517
0.884282
0.883984
0.880862
0.884897
0.882755
0.879969
0.887006
0.878070
0.876647
0.879139
0.877334
0.886141
0.896613
0.900161
0.887317
0.884846
0.881067
0.906495
0.899342
0.906191
0.880385
0.894228
0.896108
0.882103
0.881940
0.880197
0.883284
0.879466
0.879676
0.887660
0.881232
0.890797
0.880403
0.882038
0.877057
0.875166
0.878208
0.886104
0.884530
0.886885
0.888993
0.891065
0.888214
0.887190
0.888263
0.893198
0.899737
0.907202
0.900907
0.904123
0.905439
0.909851
0.897291
0.892565
0.896452
0.886336
0.881196
0.892700
0.894795
0.902991
0.903418
0.907453
0.931680
0.910323
0.889704
0.902114
0.888742
0.890096
0.901188
0.898356
0.903787
0.894838
0.889971
0.900232
0.888240
0.900527
0.898490
0.896208
0.899538
0.903525
0.899181
0.892225
0.892379
0.887424
0.889471
0.888448
0.893222
0.889761
0.891127
0.873983
0.888757
0.887519
0.888079
0.889317
0.889158
0.889868
0.898141
0.897211
0.895330
0.892253
0.882640
0.877265
0.875722
0.881415
0.881700
0.879724
0.881346
0.887571
0.886154
0.880788
0.880220
0.882189
0.879238
0.879434
0.877290
0.874355
0.875196
0.883876
0.876186
0.874500
0.883513
0.885857
0.889212
0.894996
0.884153
0.883105
0.883545
0.883713
0.888028
0.884508
0.888613
0.877875
0.881287
0.892964
0.889270
0.892997
0.907342
0.894480
0.895246
0.894264
0.893449
0.888881
0.898550
0.897076
0.894365
0.894619
0.889998
0.897079
0.907642
0.901296
0.895474
0.883193
0.896439
0.881109
0.883428
0.881763
0.902041
0.896258
0.903001
0.881040
0.880714
0.897234
0.890463
0.915046
0.898507
0.898378
0.906346
0.915324
0.910922
0.907687
0.896924
0.908748
0.918018
0.905420
0.914994
0.889781
0.914110
0.897876
0.906189
0.899659
0.910604
0.887449
0.898132
0.904284
0.900075
0.899696
0.892759
0.872888
0.891820
0.891060
0.890984
0.884455
0.886996
0.887496
0.890913
0.886262
0.899190
0.901606
0.910727
0.893354
0.901346
0.903795
0.896461
0.883001
0.888569
0.873307
0.889711
0.890324
0.888478
0.883262
0.891393
0.882652
0.885060
0.883593
0.885819
0.882299
0.875989
0.876959
0.877284
0.879560
0.885085
0.897740
0.885285
0.873217
0.898452
0.899017
0.893889
0.892477
0.880991
0.904185
0.900637
0.912445
0.899052
0.894175
0.903393
0.900230
0.892097
0.893217
0.889424
0.892156
0.894375
0.891226
0.891940
0.900861
0.905960
0.896436
0.898869
0.887023
0.889078
0.890373
0.892908
0.890652
0.884797
0.897714
0.895722
0.890584
0.886235
0.886151
0.886566
0.896602
0.899831
0.895036
0.899858
0.912185
0.900868
0.910203
0.900743
0.899680
0.916577
0.915226
0.899042
0.888724
0.893418
0.904096
0.908136
0.910319
0.905404
0.889331
0.897575
0.889386
0.896929
0.896434
0.884268
0.879819
0.886939
0.891733
0.894839
0.901924
0.894744
0.894606
0.886850
0.889077
0.899838
0.893853
0.879766
0.897003
0.885345
0.896243
0.883916
0.889782
0.880293
0.881923
0.894011
0.884565
0.883874
0.885893
0.887807
0.890525
0.883348
0.888898
0.888338
0.880652
0.887185
0.875405
0.874730
0.876554
0.878328
0.878381
0.881802
0.894431
0.881483
0.900603
0.878828
0.888141
0.896472
0.890605
0.895246
0.912455
0.903890
0.890236
0.887432
0.896637
0.886987
0.891063
0.890471
0.892044
0.890073
0.898530
0.883805
0.888690
0.897497
0.900231
0.887121
0.890913
0.895827
0.915255
0.893918
0.898264
0.896726
0.904257
0.901231
0.904238
0.894174
0.894316
0.892500
0.893694
0.887228
0.890970
0.897936
0.893210
0.891004
0.895070
0.914285
0.912726
0.909792
0.915281
0.889100
0.881506
0.876086
0.882806
0.875628
0.883069
0.885664
0.886862
0.887631
0.895762
0.889949
0.881755
0.883847
0.883559
0.878620
0.882522
0.880269
0.884571
0.893206
0.889290
0.898211
0.899005
0.889879
0.882088
0.884441
0.891803
0.901863
0.873759
0.921822
0.908345
0.901168
0.900727
0.907459
0.911454
0.901408
0.900337
0.894647
0.878916
0.872849
0.870099
0.872162
0.870045
0.867622
0.873722
0.875466
0.873530
0.885469
0.876147
0.880039
0.881714
0.877869
0.882135
0.884907
0.882065
0.885947
0.890093
0.888051
0.885588
0.890210
0.887667
0.886709
0.894716
0.907103
0.891017
0.893698
0.904685
0.902762
0.896251
0.897107
0.895873
0.904981
0.895037
0.893545
0.891802
0.888510
0.894953
0.896656
0.914117
0.920147
0.896727
0.903672
0.906937
0.898968
0.904865
0.909619
0.903929
0.900705
0.911460
0.889320
0.912090
0.890823
0.886315
0.874359
0.878851
0.896874
0.898745
0.896282
0.883067
0.879226
0.880064
0.886790
0.905188
0.906045
0.901976
0.910103
0.911006
0.916452
0.886018
0.886938
0.889585
0.885933
0.888974
0.885503
0.890731
0.883524
0.886061
0.872428
0.871946
0.882864
0.880438
0.882121
0.888277
0.883360
0.878034
0.881586
0.883189
0.887139
0.875269
0.879152
0.876837
0.872911
0.871397
0.875991
0.880702
0.884523
0.887838
0.874806
0.878912
0.890315
0.876728
0.878269
0.875064
0.880184
0.878076
0.885791
0.879029
0.880230
0.878264
0.877320
0.865834
0.868113
0.864988
0.872286
0.868583
0.873543
0.874857
0.866999
0.868794
0.863824
0.866117
0.881756
0.874086
0.874913
0.878618
0.879318
0.878656
0.879610
0.881813
0.886842
0.873786
0.874462
0.877707
0.877081
0.875357
0.872268
0.880978
0.877031
0.872944
0.874628
0.898948
0.882848
0.876984
0.892240
0.891095
0.884378
0.897847
0.898429
0.909343
0.904321
0.896957
0.893398
0.888102
0.897652
0.876113
0.882056
0.890542
0.875396
0.884572
0.882900
0.880057
0.875185
0.878846
0.878933
0.878143
0.870137
0.878918
0.879648
0.887523
0.887694
0.879049
0.871449
0.879997
0.883580
0.881041
0.881208
0.880418
0.878446
0.885825
0.883588
0.884380
0.885287
0.877966
0.881464
0.875851
0.881963
0.877794
0.874384
0.877032
0.880933
0.878013
0.884939
0.881556
0.879364
0.891791
0.901685
0.898282
0.900746
0.900650
0.904474
0.903024
0.884493
0.900834
0.885201
0.886851
0.878834
0.877782
0.878291
0.878256
0.884168
0.886249
0.879092
0.875476
0.879494
0.874909
0.872458
0.876660
0.872349
0.876709
0.881769
0.886979
0.882639
0.882722
0.871289
0.875265
0.870150
0.876261
0.870807
0.875143
0.883502
0.877252
0.879532
0.876742
0.886149
0.883118
0.886151
0.882870
0.888041
0.889517
0.887354
0.885574
0.881066
0.886911
0.878195
0.883484
0.889198
0.884211
0.880862
0.887260
0.880691
0.893550
0.891701
0.885019
0.889021
0.883766
0.889315
0.886099
0.890602
0.884655
0.877299
0.885338
0.876281
0.883699
0.902782
0.895595
0.902278
0.897960
0.897623
0.906408
0.907383
0.903431
0.918471
0.914978
0.903754
0.899077
0.901788
0.901544
0.907479
0.916871
0.911345
0.896638
0.896918
0.895667
0.897436
0.877058
0.879774
0.870667
0.869900
0.875772
0.877605
0.882230
0.881388
0.878597
0.885360
0.881834
0.886117
0.879026
0.893442
0.900053
0.905250
0.901428
0.904889
0.900392
0.897132
0.897158
0.905787
0.916734
0.891252
0.893024
0.906871
0.899582
0.909799
0.897161
0.901287
0.914150
0.897115
0.900052
0.887759
0.890168
0.876851
0.885311
0.884994
0.891755
0.890780
0.884538
0.883327
0.884945
0.887072
0.892720
0.886853
0.884131
0.881359
0.884248
0.880986
0.888511
0.886357
0.878450
0.882239
0.882132
0.883565
0.874619
0.875147
0.881882
0.871708
0.883165
0.882804
0.885270
0.876220
0.881611
0.904847
0.892350
0.886829
0.905599
0.907810
0.910285
0.904998
0.903191
0.885076
0.884479
0.883304
0.897775
0.902058
0.892090
0.890657
0.896517
0.891591
0.888268
0.879352
0.877216
0.880348
0.880747
0.882817
0.874279
0.876744
0.879006
0.882548
0.877378
0.881264
0.881449
0.879160
0.879035
0.882623
0.882073
0.880033
0.882950
0.876848
0.882398
0.876303
0.883116
0.887156
0.878530
0.880696
0.872818
0.881515
0.882648
0.882790
0.884044
0.886683
0.887553
0.890970
0.884632
0.871908
0.877198
0.874586
0.868060
0.867750
0.873504
0.870425
0.870647
0.871723
0.869646
0.867246
0.873176
0.884013
0.870351
0.880980
0.875563
0.872698
0.872056
0.876111
0.868040
0.874239
0.871387
0.870170
0.874598
0.877804
0.873095
0.875416
0.871164
0.871006
0.873221
0.872442
0.871102
0.871185
0.869652
0.873708
0.872419
0.872540
0.873158
0.867928
0.868408
0.869976
0.872338
0.877669
0.864648
0.868558
0.867273
0.887271
0.887848
0.868704
0.870918
0.872971
0.870716
0.870760
0.869090
0.869849
0.875797
0.876140
0.875754
0.888018
0.874132
0.889795
0.881201
0.885420
0.889978
0.895981
0.899681
0.894021
0.877455
0.882802
0.879025
0.884515
0.886141
0.895238
0.905158
0.880484
0.885360
0.892585
0.875910
0.881102
0.912053
0.887263
0.887797
0.896389
0.878405
0.882038
0.875950
0.886531
0.886116
0.878717
0.874963
0.879187
0.876720
0.883351
0.875846
0.887286
0.886714
0.882784
0.887441
0.878446
0.883392
0.878594
0.873746
0.892288
0.882790
0.874623
0.870170
0.875630
0.869174
0.868530
0.871298
0.868103
0.867158
0.870363
0.865587
0.867014
0.864681
0.869043
0.872806
0.867989
0.870570
0.869267
0.867851
0.876340
0.868119
0.871006
0.866040
0.860876
0.872942
0.870423
0.867295
0.887859
0.869386
0.875766
0.872952
0.877818
0.896940
0.878429
0.878779
0.882778
0.880031
0.883437
0.879491
0.885514
0.883778
0.888578
0.882384
0.882539
0.897587
0.887113
0.898848
0.910484
0.896668
0.900646
0.910099
0.895897
0.888215
0.898120
0.903979
0.905896
0.896371
0.903395
0.909346
0.903861
0.911836
0.896210
0.893021
0.885129
0.884759
0.888688
0.886108
0.889881
0.884811
0.887918
0.890906
0.893039
0.894731
0.879641
0.879450
0.875635
0.875055
0.874193
0.871789
0.874027
0.876378
0.875161
0.876973
0.875510
0.875452
0.878489
0.880752
0.876403
0.875565
0.876441
0.877044
0.878103
0.875124
0.875067
0.873314
0.874527
0.876070
0.866899
0.874541
0.873442
0.872829
0.867382
0.868786
0.868869
0.873393
0.875213
0.877374
0.873595
0.883397
0.879220
0.885010
0.872574
0.870242
0.884806
0.878138
0.871077
0.871343
0.880216
0.879364
0.885445
0.872325
0.878227
0.876039
0.889231
0.889064
0.885519
0.890341
0.890415
0.883514
0.882122
0.883200
0.888996
0.882209
0.882528
0.878572
0.905981
0.895320
0.910112
0.896062
0.910963
0.908674
0.889381
0.895573
0.905049
0.887044
0.888496
0.892372
0.891005
0.893475
0.879777
0.882410
0.882603
0.879702
0.882704
0.884112
0.883180
0.879081
0.885964
0.884040
0.890439
0.881991
0.879194
0.882580
0.878974
0.873999
0.870778
0.873045
0.864534
0.872444
0.873565
0.873520
0.874576
0.874075
0.872644
0.866104
0.874226
0.874578
0.875207
0.876263
0.870333
0.880239
0.888493
0.874718
0.893313
0.887305
0.894857
0.889877
0.897555
0.875971
0.887061
0.871054
0.879934
0.884218
0.884337
0.887420
0.885361
0.889052
0.882093
0.890841
0.882517
0.882335
0.908592
0.880506
0.891976
0.878874
0.889349
0.901278
0.938269
0.903356
0.923261
0.919287
0.920969
0.942020
0.896684
0.910807
0.945908
0.927898
0.908897
0.895742
0.942693
0.942570
0.927836
0.938510
0.931657
0.929084
0.899436
0.901983
0.912495
0.920933
0.916700
0.898426
0.917178
0.901541
0.923212
0.894154
0.976519
0.944439
0.906872
0.917187
0.952157
0.984333
0.942010
0.914884
0.901001
0.934035
0.927742
0.904205
0.937396
0.933232
0.968024
0.935192
0.926751
0.908220
0.922038
0.883891
0.884832
0.897887
0.897779
0.888633
0.887119
0.885550
0.895871
0.883871
0.889388
0.875812
0.882435
0.896543
0.886235
0.886933
0.904339
0.912016
0.875174
0.882561
0.873279
0.879100
0.886880
0.870786
0.907511
0.876530
0.883169
0.873072
0.884582
0.884773
0.879588
0.874811
0.880961
0.871033
0.888993
0.886622
0.888187
0.876513
0.890916
0.886042
0.875176
0.883912
0.893141
0.872717
0.884288
0.874039
0.872612
0.867715
0.872150
0.872206
0.889437
0.890295
0.879432
0.868083
0.874895
0.867665
0.886790
0.909543
0.884367
0.900132
0.883232
0.903568
0.903260
0.888885
0.896728
0.893510
0.896320
0.891030
0.889102
0.885165
0.885147
0.889992
0.890295
0.921408
0.892090
0.891493
0.892974
0.931367
0.905922
0.912170
0.902269
0.903989
0.902184
0.898272
0.947814
0.931119
0.898310
0.933977
0.899727
0.908255
0.926967
0.903037
0.911958
0.911346
0.905903
0.918775
0.907889
0.916209
0.915173
0.912616
0.909712
0.902556
0.918546
0.905154
0.907422
0.907450
0.909045
0.892267
0.895416
0.892183
0.891586
0.892232
0.894488
0.886385
0.887446
0.894246
0.892063
0.886730
0.882922
0.885898
0.894968
0.890877
0.886144
0.883441
0.883090
0.887532
0.889995
0.883893
0.885217
0.889184
0.894721
0.890616
0.895710
0.899403
0.900156
0.900798
0.904648
0.892034
0.911999
0.886912
0.893448
0.911732
0.906077
0.918913
0.912592
0.909997
0.911218
0.919168
0.885105
0.901345
0.906433
0.908359
0.890860
0.900652
0.909344
0.910556
0.885774
0.893396
0.895715
0.878079
0.881835
0.897888
0.894355
0.891682
0.895486
0.899157
0.901746
0.889454
0.891036
0.913161
0.909554
0.884093
0.897331
0.891124
0.917584
0.899996
0.915573
0.915093
0.900766
0.904465
0.887107
0.912673
0.927071
0.929472
0.914914
0.892440
0.901552
0.914784
0.906219
0.915760
0.918802
0.933569
0.925021
0.915632
0.924777
0.926933
0.915844
0.926640
0.918225
0.918427
0.910159
0.920785
0.914253
0.923419
0.913691
0.903243
0.893591
0.889794
0.900817
0.893653
0.910601
0.909857
0.910537
0.899708
0.899510
0.899405
0.893017
0.890443
0.889005
0.896186
0.901498
0.903293
0.914178
0.923729
0.919934
0.923192
0.925541
0.927750
0.932606
0.930283
0.919937
0.930849
0.909048
0.924631
0.926669
0.927945
0.926698
0.932787
0.901379
0.925575
0.928137
0.897540
0.893999
0.913281
0.899987
0.912320
0.920171
0.909026
0.914826
0.916032
0.898339
0.915634
0.897498
0.900600
0.899010
0.901119
0.898834
0.899855
0.891134
0.894120
0.885548
0.888220
0.885938
0.888891
0.894289
0.894446
0.896947
0.893811
0.891814
0.892147
0.903554
0.906517
0.913764
0.908820
0.901105
0.891170
0.912591
0.908790
0.904955
0.890579
0.914997
0.913503
0.894033
0.895776
0.886678
0.880269
0.884286
0.884992
0.886460
0.894826
0.918690
0.936505
0.920875
0.920607
0.910309
0.895951
0.897758
0.892116
0.891938
0.890437
0.902182
0.901794
0.904092
0.903632
0.885919
0.882208
0.887283
0.877575
0.891292
0.888999
0.879164
0.891233
0.874650
0.874112
0.893703
0.894872
0.887872
0.886388
0.883916
0.886515
0.889820
0.882526
0.882443
0.880214
0.883841
0.894741
0.878628
0.898776
0.896065
0.887205
0.889261
0.884148
0.882059
0.887375
0.883261
0.889781
0.889709
0.891708
0.889621
0.907962
0.901224
0.892732
0.909874
0.888979
0.884352
0.887000
0.890906
0.893446
0.890197
0.885840
0.878420
0.880683
0.895244
0.911020
0.903250
0.878326
0.864868
0.875301
0.870833
0.902071
0.905700
0.903216
0.948558
0.882954
0.876847
0.877259
0.922245
0.913137
0.890101
0.911342
0.914092
0.890288
0.883884
0.871784
0.879697
0.887016
0.874107
0.893857
0.892087
0.887076
0.897696
0.917189
0.900370
0.873149
0.880444
0.881561
0.903151
0.920852
0.889783
0.919503
0.920111
0.898955
0.892026
0.908065
0.902970
0.894479
0.912142
0.904478
0.899285
0.924947
0.893185
0.915125
0.905041
0.890258
0.890912
0.894980
0.913946
0.918923
0.923799
0.915826
0.928139
0.974828
0.930304
0.935162
0.924984
0.928098
0.925040
0.918426
0.925730
0.943691
0.952940
0.934632
0.935828
0.928402
0.935538
0.931398
0.928201
0.937820
0.936711
0.924496
0.929185
0.926482
0.941666
0.925956
0.943282
0.919908
0.926739
0.932706
0.926405
0.919739
0.926641
0.925325
0.946475
0.954278
0.949674
0.979857
0.985768
0.989320
0.991219
0.992955
0.972854
0.993610
0.938728
0.994443
0.947737
0.936106
0.996308
0.944740
0.948010
0.947179
0.946329
0.943695
0.924837
0.921272
0.932687
0.925124
0.925367
0.951878
0.921370
0.917361
0.916933
0.924935
0.918710
0.917317
0.932524
0.941148
0.924334
0.934654
0.912390
0.915811
0.916373
0.921822
0.923464
0.935659
0.952863
0.949652
0.946069
0.949647
0.943328
0.932673
0.928040
0.940820
0.945209
0.931116
0.929910
0.939933
0.942632
0.919442
0.943251
0.948612
0.941727
0.933266
0.950754
0.923045
0.930755
0.937623
0.933914
0.944224
0.944258
0.933011
0.938111
0.945121
0.946654
0.995849
0.980059
0.936346
0.917910
0.940584
0.945150
0.985281
0.979935
0.991134
0.989965
0.989965
0.986075
0.985696
0.949068
0.959286
0.986178
0.940225
0.929649
0.929548
0.930090
0.945388
0.942393
0.933536
0.938245
0.932438
0.925591
0.933516
0.931615
0.920349
0.945628
0.933040
0.937718
0.936427
0.934862
0.927714
0.918920
0.933104
0.935754
0.927388
0.919414
0.916745
0.915121
0.922430
0.911996
0.930625
0.927063
0.920421
0.902884
0.928671
0.910909
0.938990
0.949713
0.940746
0.929208
0.921111
0.919133
0.932782
0.925438
0.921371
0.917431
0.922817
0.920989
0.938922
0.938179
0.929956
0.934991
0.919441
0.937425
0.934826
0.932744
0.939085
0.944057
0.933852
0.928240
0.943713
0.944634
0.941441
0.929334
0.942057
0.932244
0.931568
0.937792
0.934889
0.940188
0.929855
0.939035
0.986163
0.984953
0.981300
0.944575
0.983151
0.991327
0.980014
0.988533
0.989501
0.996985
0.994321
0.945898
0.948729
0.952003
0.945002
0.926948
0.925082
0.953347
0.945618
0.929517
0.933583
0.935879
0.935362
0.935887
0.929749
0.929204
0.929880
0.925640
0.925436
0.882448
0.894301
0.891396
0.893114
0.900367
0.909311
0.899299
0.903631
0.887323
0.894160
0.887872
0.901975
0.895674
0.911772
0.894945
0.879742
0.890037
0.913147
0.888257
0.898929
0.884007
0.885728
0.900073
0.888157
0.882030
0.898421
0.902451
0.898270
0.904547
0.891421
0.889239
0.896045
0.879267
0.894700
0.892632
0.904245
0.895809
0.888950
0.885392
0.884414
0.895243
0.905151
0.901496
0.896593
0.895934
0.893858
0.870712
0.901327
0.896295
0.894821
0.909111
0.887297
0.891512
0.882799
0.887968
0.888936
0.878528
0.888888
0.895454
0.896459
0.890638
0.895861
0.887013
0.894309
0.881923
0.883654
0.894129
0.876335
0.891148
0.881769
0.902827
0.888594
0.893541
0.882235
0.881289
0.890328
0.885532
0.886501
0.891679
0.895203
0.885134
0.901408
0.879552
0.885499
0.871989
0.889736
0.878973
0.903988
0.894221
0.875908
0.880588
0.899768
0.880327
0.874579
0.884910
0.898677
0.893962
0.903435
0.907428
0.874430
0.881180
0.889294
0.872814
0.873324
0.899858
0.898155
0.896716
0.900528
0.921802
0.896648
0.879723
0.870365
0.868986
0.874551
0.885606
0.877682
0.872527
0.873796
0.918858
0.891918
0.916532
0.899419
0.897613
0.883271
0.867324
0.884616
0.909477
0.899525
0.894088
0.887473
0.887325
0.876840
0.886660
0.885948
0.889373
0.881988
0.885791
0.882620
0.888619
0.890148
0.898207
0.894060
0.890380
0.887379
0.895961
0.892916
0.894769
0.896909
0.892251
0.892516
0.892312
0.892105
0.882922
0.887929
0.887826
0.867120
0.868247
0.882274
0.867172
0.870263
0.880787
0.882445
0.877296
0.886134
0.884128
0.880689
0.883349
0.879619
0.887011
0.891081
0.891379
0.884733
0.877941
0.877010
0.886059
0.882610
0.881546
0.889985
0.878177
0.874240
0.880921
0.873853
0.880707
0.885055
0.894133
0.876402
0.885450
0.888720
0.889950
0.882271
0.874067
0.883221
0.871692
0.876200
0.880090
0.883393
0.886005
0.883250
0.883699
0.883193
0.885381
0.880739
0.897205
0.887063
0.894153
0.895712
0.897519
0.889598
0.894189
0.887364
0.880555
0.877241
0.877105
0.879906
0.876014
0.891455
0.889164
0.887623
0.884594
0.870044
0.882540
0.886176
0.872239
0.873028
0.881817
0.875275
0.884755
0.885380
0.887182
0.891142
0.883507
0.873854
0.887656
0.872432
0.869559
0.882948
0.885286
0.885145
0.890821
0.884669
0.882577
0.882943
0.887636
0.883824
0.874157
0.881126
0.873810
0.888398
0.888526
0.878805
0.881499
0.881716
0.884501
0.884475
0.891398
0.893013
0.882650
0.884757
0.888109
0.887490
0.891018
0.887319
0.881077
0.876214
0.882590
0.880334
0.871975
0.874350
0.874935
0.877485
0.889660
0.889064
0.871089
0.877649
0.892896
0.885555
0.884730
0.887934
0.898713
0.894677
0.893108
0.894351
0.883004
0.881521
0.878562
0.878559
0.888887
0.882081
0.892234
0.877961
0.895449
0.892006
0.895532
0.894933
0.894113
0.893628
0.896158
0.894394
0.896481
0.894939
0.895299
0.896795
0.896758
0.887747
0.879250
0.872332
0.871180
0.867348
0.880199
0.882484
0.884884
0.882292
0.882768
0.877472
0.875451
0.886257
0.882938
0.890002
0.889447
0.888778
0.883878
0.886651
0.882577
0.882205
0.889414
0.887539
0.886291
0.885582
0.885995
0.884464
0.882814
0.880079
0.877252
0.883585
0.884195
0.881341
0.893565
0.888083
0.883112
0.874034
0.884598
0.873777
0.872454
0.871743
0.871312
0.887737
0.884567
0.872123
0.873273
0.882228
0.884631
0.886869
0.890290
0.889538
0.893615
0.891035
0.885912
0.886626
0.909907
0.881304
0.880674
0.884768
0.894208
0.885761
0.890017
0.890522
0.886734
0.879834
0.944925
0.906730
0.920561
0.892876
0.919860
0.899507
0.875232
0.881240
0.883992
0.883556
0.897282
0.903991
0.908147
0.885577
0.904693
0.893991
0.887103
0.895583
0.888668
0.877913
0.882863
0.881677
0.886735
0.891084
0.885508
0.903084
0.887898
0.933479
0.907062
0.914358
0.890225
0.890743
0.879384
0.878728
0.881806
0.884168
0.870141
0.890432
0.874191
0.880407
0.904727
0.921788
0.911401
0.912537
0.915689
0.915324
0.910914
0.915691
0.915488
0.883788
0.885280
0.886024
0.879223
0.892454
0.907005
0.914564
0.915412
0.911326
0.896629
0.911290
0.900681
0.928498
0.885397
0.905722
0.902949
0.895061
0.893810
0.887033
0.890252
0.906094
0.911236
0.892641
0.892435
0.882877
0.883698
0.888575
0.877276
0.878764
0.901712
0.900063
0.898737
0.890045
0.882320
0.878149
0.903770
0.889469
0.875604
0.901811
0.890704
0.892292
0.885269
0.877495
0.879794
0.889120
0.886121
0.884650
0.884083
0.898342
0.885147
0.887910
0.890272
0.877532
0.882344
0.891093
0.883674
0.892189
0.894699
0.887306
0.883917
0.888074
0.883525
0.920355
0.912810
0.907785
0.919944
0.916303
0.881174
0.889717
0.903051
0.891833
0.893353
0.895756
0.908326
0.881910
0.913046
0.900427
0.906153
0.886787
0.895869
0.904125
0.900663
0.881147
0.896333
0.889234
0.903602
0.892989
0.893298
0.886026
0.875861
0.881403
0.882280
0.890996
0.886359
0.883186
0.884549
0.883557
0.890870
0.886292
0.891349
0.890282
0.892693
0.892572
0.894734
0.885667
0.885482
0.882491
0.883094
0.881040
0.878838
0.884704
0.879176
0.881406
0.880218
0.890755
0.885203
0.903324
0.882666
0.901281
0.902523
0.884104
0.911165
0.917616
0.910388
0.913222
0.913876
0.913124
0.887683
0.920044
0.903295
0.914066
0.926779
0.913240
0.936994
0.912650
0.891498
0.882038
0.885481
0.899489
0.912863
0.909363
0.921212
0.925948
0.927150
0.930224
0.932124
0.926497
0.921292
0.914216
0.909515
0.904808
0.891447
0.889942
0.918828
0.878654
0.882063
0.907621
0.892149
0.885370
0.905580
0.901259
0.899153
0.895650
0.903299
0.889699
0.889761
0.894092
0.880766
0.893299
0.895015
0.895254
0.888610
0.884950
0.892700
0.918441
0.888724
0.888258
0.887107
0.895606
0.891614
0.904014
0.891238
0.889469
0.884424
0.879969
0.881801
0.885069
0.879930
0.885604
0.887077
0.871848
0.875392
0.893030
0.879733
0.880597
0.884318
0.882220
0.895213
0.897984
0.894842
0.880883
0.884882
0.896758
0.883699
0.883762
0.882480
0.886420
0.881465
0.886593
0.890399
0.882550
0.890577
0.896784
0.892387
0.928674
0.934895
0.926897
0.927164
0.913152
0.910539
0.910579
0.915871
0.909842
0.894428
0.886267
0.884170
0.895203
0.900895
0.895239
0.896647
0.884703
0.885256
0.890229
0.882788
0.882943
0.895881
0.884445
0.889735
0.881342
0.882172
0.882739
0.885618
0.879408
0.897556
0.879163
0.881901
0.881803
0.884388
0.880938
0.882072
0.882611
0.882800
0.890386
0.883819
0.892878
0.891396
0.892144
0.893617
0.895383
0.894348
0.886988
0.892448
0.883680
0.887398
0.881769
0.888611
0.882887
0.893083
0.901741
0.881391
0.905510
0.895303
0.900572
0.896350
0.912108
0.897810
0.895527
0.899919
0.883382
0.882769
0.903036
0.904860
0.899353
0.904795
0.906469
0.922357
0.917069
0.918731
0.925304
0.934424
0.930078
0.891430
0.885344
0.887826
0.892008
0.883897
0.884922
0.885259
0.921477
0.949921
0.918564
0.925964
0.885193
0.881485
0.870063
0.892566
0.891861
0.898792
0.890378
0.546574
0.547510
0.750517
0.742058
0.547850
0.747949
0.843935
0.851282
0.545760
0.536821
0.714150
0.748417
0.843305
0.851245
0.870014
0.876845
0.873632
0.871908
0.865789
0.827552
0.840792
0.867964
0.840899
0.729191
0.532328
0.543627
0.762993
0.545790
0.760438
0.511227
0.791283
0.760649
0.545839
0.848110
0.873791
0.870259
0.872259
0.872233
0.862268
0.862525
0.872443
0.863980
0.914769
0.927051
0.910088
0.879908
0.887555
0.863202
0.864953
0.901892
0.907062
0.878212
0.884555
0.896444
0.889022
0.883142
0.901542
0.888955
0.888954
0.903660
0.902327
0.880891
0.882206
0.859725
0.859447
0.870579
0.860154
0.890003
0.889734
0.889723
0.870150
0.881371
0.863884
0.861681
0.889176
0.889659
0.866953
0.869696
0.865057
0.864473
0.869321
0.865595
0.869289
0.869757
0.863125
0.866343
0.551144
0.533930
0.747130
0.771645
0.560038
0.766538
0.828498
0.842704
0.868157
0.525253
0.533742
0.736545
0.727740
0.819368
0.847932
0.861873
0.854873
0.851725
0.860741
0.920448
0.919403
0.865315
0.850249
0.845052
0.856142
0.860283
0.849189
0.855459
0.859155
0.865975
0.854825
0.855316
0.847714
0.867668
0.847658
0.866511
0.847913
0.852421
0.846324
0.845954
0.854684
0.851941
0.848912
0.863111
0.854441
0.853536
0.862348
0.858981
0.858408
0.875040
0.876579
0.861049
0.873372
0.884877
0.858072
0.874821
0.883591
0.877202
0.884312
0.885185
0.876129
0.853742
0.868268
0.867862
0.893936
0.895263
0.875187
0.869420
0.868479
0.862433
0.878802
0.880823
0.839514
0.855961
0.858447
0.845183
0.856400
0.870354
0.851483
0.853247
0.863774
0.866824
0.883259
0.883762
0.882816
0.870157
0.874441
0.872682
0.867456
0.870208
0.874260
0.868615
0.880584
0.886528
0.869125
0.869586
0.869143
0.848468
0.848459
0.849731
0.869747
0.852337
0.852344
0.616377
0.545706
0.749775
0.749783
0.545900
0.749311
0.545191
0.545459
0.750323
0.749302
0.870149
0.880903
0.832499
0.843549
0.880921
0.844354
0.724902
0.536411
0.548439
0.758538
0.548532
0.758547
0.619397
0.761335
0.761351
0.548537
0.844484
0.844419
0.880953
0.888955
0.904983
0.888851
0.904979
0.927052
0.927181
0.888841
0.888825
0.902459
0.903646
0.919076
0.919093
0.872821
0.872836
0.862945
0.864505
0.872255
0.863596
0.872260
0.862526
0.880845
0.864574
0.864889
0.881277
0.889123
0.889225
0.864998
0.881954
0.889236
0.863118
0.868188
0.867838
0.861668
0.867859
0.861678
0.865160
0.867864
0.889241
0.881519
0.864241
0.851560
0.847936
0.866575
0.866545
0.847355
0.866140
0.917118
0.918395
0.847814
0.865350
0.919850
0.864241
0.854350
0.863861
0.854583
0.863695
0.867269
0.865834
0.862943
0.855107
0.855961
0.847563
0.847560
0.855967
0.846660
0.859427
0.861017
0.863711
0.855964
0.847108
0.863715
0.855750
0.855432
0.859227
0.861460
0.855549
0.859360
0.856359
0.855586
0.861561
0.860610
0.875797
0.858702
0.883522
0.857476
0.885341
0.885242
0.884073
0.884684
0.882689
0.883033
0.875452
0.857297
0.857601
0.873922
0.878119
0.878068
0.878263
0.878108
0.880710
0.880399
0.885795
0.880181
0.873571
0.871531
0.875516
0.871451
0.873342
0.875415
0.876340
0.886852
0.888984
0.911030
0.884272
0.893503
0.916465
0.871188
0.861898
0.870596
0.869563
0.861445
0.880005
0.880546
0.870688
0.894589
0.894422
0.918269
0.917445
0.871823
0.901213
0.888228
0.907081
0.879846
0.906332
0.904792
0.887498
0.883650
0.877762
0.882130
0.860151
0.871194
0.861811
0.876620
0.869212
0.870854
0.871330
0.872466
0.873509
0.883074
0.883464
0.874354
0.895905
0.864788
0.864947
0.896012
0.861697
0.895981
0.857817
0.896099
0.898970
0.864810
0.896028
0.881872
0.869929
0.872247
0.870153
0.866862
0.871440
0.868511
0.867311
0.882850
0.872932
0.871352
0.876306
0.874996
0.859751
0.860281
0.865582
0.857417
0.868223
0.855410
0.869338
0.839955
0.844203
0.832927
0.832963
0.848529
0.833798
0.821873
0.821630
0.822596
0.845058
0.848545
0.847779
0.837052
0.824055
0.826042
0.880010
0.846532
0.875872
0.856409
0.872125
0.877506
0.854770
0.851444
0.874952
0.878436
0.848511
0.844231
0.878446
0.848125
0.818094
0.815634
0.818303
0.878453
0.878057
0.848137
0.848132
0.822592
0.818465
0.852840
0.848983
0.836019
0.836023
0.848991
0.835930
0.848279
0.854942
0.834245
0.835894
0.840373
0.834090
0.826249
0.828653
0.787711
0.809906
0.832559
0.836696
0.801766
0.672771
0.507706
0.501833
0.724371
0.510261
0.707470
0.536653
0.773107
0.718421
0.522624
0.831367
0.807030
0.839456
0.840214
0.844084
0.832686
0.855560
0.866510
0.827959
0.828821
0.865046
0.828087
0.836273
0.838746
0.836281
0.865041
0.828091
0.834283
0.841345
0.845227
0.841342
0.845223
0.841333
0.846456
0.849484
0.845215
0.846571
0.835991
0.838700
0.850083
0.824295
0.823012
0.838167
0.850864
0.837030
0.814865
0.850480
0.835998
0.814826
0.835487
0.814822
0.831017
0.822638
0.813917
0.835765
0.836220
0.849664
0.837246
0.831353
0.837571
0.814492
0.814634
0.837561
0.814502
0.826684
0.829096
0.826694
0.837738
0.814269
0.826773
0.851790
0.840234
0.851785
0.840230
0.851519
0.855772
0.845660
0.840291
0.856845
0.825912
0.848025
0.854121
0.818864
0.827391
0.850807
0.853510
0.828850
0.812868
0.880253
0.888316
0.822695
0.889151
0.818633
0.849852
0.818957
0.818835
0.902413
0.825360
0.823828
0.848073
0.850468
0.849630
0.851672
0.833298
0.825932
0.836477
0.839778
0.822694
0.836490
0.836818
0.845412
0.837291
0.829444
0.839551
0.838472
0.824056
0.863589
0.826030
0.856080
0.838598
0.829935
0.853894
0.837821
0.840194
0.844390
0.824993
0.852820
0.846385
0.871188
0.870976
0.882273
0.881058
0.870985
0.882496
0.847526
0.847548
0.846528
0.868316
0.883651
0.882419
0.846455
0.846532
0.872530
0.872531
0.854552
0.854551
0.872329
0.854547
0.873294
0.872624
0.853933
0.853514
0.870831
0.880899
0.877316
0.846843
0.847253
0.868456
0.873040
0.885209
0.878034
0.849147
0.843967
0.859197
0.862761
0.857610
0.849645
0.867357
0.853968
0.872431
0.854514
0.855988
0.870660
0.870001
0.852263
0.852529
0.857023
0.864151
0.863960
0.865749
0.855404
0.880446
0.868232
0.857089
0.857596
0.858555
0.858561
0.852802
0.855197
0.866465
0.875166
0.856299
0.861545
0.868094
0.869562
0.858459
0.850763
0.858577
0.830986
0.825066
0.836764
0.832606
0.831577
0.835442
0.829103
0.807531
0.813501
0.821438
0.823295
0.828345
0.836929
0.845290
0.838471
0.829888
0.841518
0.834463
0.819859
0.830709
0.872130
0.869904
0.868252
0.865989
0.870537
0.868394
0.858251
0.858250
0.854013
0.853950
0.858872
0.857220
0.858258
0.861378
0.851601
0.851512
0.854417
0.854461
0.866168
0.873253
0.852091
0.870770
0.846335
0.851714
0.857487
0.853793
0.857529
0.857108
0.890125
0.892808
0.891594
0.893781
0.893096
0.893569
0.896362
0.894744
0.895745
0.896756
0.896098
0.894274
0.893541
0.895132
0.896167
0.891667
0.896961
0.893375
0.893070
0.895405
0.892090
0.890791
0.845979
0.833335
0.849746
0.843747
0.848021
0.864635
0.852973
0.840886
0.848295
0.864941
0.863678
0.860080
0.862522
0.851587
0.862112
0.859489
0.852960
0.845690
0.851786
0.849290
0.872541
0.870178
0.873106
0.878293
0.883692
0.864513
0.905158
0.900240
0.901623
0.886989
0.871077
0.865977
0.876106
0.909082
0.909663
0.917037
0.897305
0.898429
0.902858
0.862103
0.892198
0.863231
0.862422
0.862747
0.878085
0.929809
0.915990
0.926516
0.909051
0.898697
0.895118
0.899797
0.895708
0.895217
0.896237
0.901071
0.908433
0.924869
0.929823
0.912852
0.929688
0.909198
0.900131
0.894128
0.898862
0.913201
0.894648
0.910634
0.903768
0.935115
0.918958
0.918665
0.919300
0.917172
0.923268
0.913661
0.924427
0.914123
0.910748
0.913121
0.923799
0.923457
0.917089
0.923520
0.923486
0.923487
0.921368
0.920189
0.913660
0.923459
0.923621
0.906841
0.876562
0.877313
0.918239
0.876224
0.926237
0.919002
0.917228
0.918568
0.880966
0.879895
0.919568
0.912784
0.897875
0.909624
0.896862
0.903538
0.902562
0.903409
0.898333
0.899697
0.903103
0.902500
0.896175
0.897463
0.874506
0.891536
0.892505
0.892528
0.870975
0.862380
0.891065
0.889838
0.878992
0.894186
0.872443
0.870621
0.873183
0.869380
0.849149
0.847863
0.864394
0.861595
0.871296
0.860822
0.856807
0.852776
0.850402
0.853297
0.858349
0.873134
0.860475
0.858320
0.857553
0.873359
0.873398
0.857401
0.881921
0.884283
0.882950
0.875253
0.860880
0.860566
0.873684
0.873832
0.870517
0.853945
0.848439
0.852308
0.861394
0.883968
0.877320
0.873107
0.877339
0.864934
0.866009
0.874744
0.866317
0.875009
0.865138
0.866689
0.870793
0.875028
0.862426
0.876574
0.878805
0.863388
0.877403
0.878857
0.884819
0.884816
0.869169
0.867301
0.878261
0.876744
0.869331
0.880344
0.882119
0.881990
0.882188
0.884400
0.882643
0.881001
0.877090
0.869216
0.869243
0.877429
0.880203
0.840688
0.878194
0.854587
0.548314
0.762195
0.546509
0.764800
0.503734
0.756744
0.763301
0.544937
0.859185
0.855392
0.865817
0.875329
0.884435
0.884776
0.890273
0.885000
0.884568
0.890461
0.904647
0.904065
0.885011
0.885463
0.884138
0.884625
0.904199
0.906704
0.906712
0.906522
0.905592
0.906507
0.885454
0.892754
0.904175
0.879671
0.898293
0.884835
0.899224
0.898304
0.884742
0.900736
0.898517
0.861514
0.857360
0.865346
0.854040
0.845191
0.856216
0.864133
0.863934
0.861119
0.861110
0.863771
0.863797
0.849802
0.850974
0.848946
0.860917
0.860453
0.861107
0.861103
0.860428
0.860444
0.864458
0.861117
0.864258
0.865971
0.864268
0.864356
0.854751
0.870948
0.862969
0.867674
0.882349
0.879964
0.844385
0.850293
0.854539
0.846924
0.858335
0.876868
0.882342
0.876749
0.875884
0.842808
0.842568
0.849789
0.875509
0.874814
0.885343
0.834510
0.857308
0.869071
0.882236
0.869919
0.866472
0.866256
0.859905
0.863822
0.841378
0.839707
0.874477
0.873435
0.839700
0.873445
0.860567
0.859946
0.858890
0.858165
0.858783
0.876476
0.873450
0.837946
0.839705
0.842131
0.844722
0.838617
0.870507
0.868997
0.869465
0.838649
0.869393
0.853867
0.854690
0.858845
0.859497
0.846543
0.844623
0.891173
0.845745
0.886481
0.863703
0.863186
0.863242
0.861622
0.862757
0.886595
0.886485
0.845193
0.845142
0.841916
0.883165
0.817219
0.842856
0.858269
0.847713
0.527287
0.723830
0.529190
0.729427
0.516748
0.738201
0.866424
0.862928
0.871312
0.853406
0.853977
0.853416
0.869812
0.871320
0.852690
0.853417
0.856727
0.857106
0.860640
0.860063
0.859618
0.859983
0.868278
0.852593
0.854864
0.851348
0.873355
0.867381
0.853369
0.850512
0.862883
0.860598
0.871983
0.864542
0.864864
0.870093
0.872267
0.859906
0.868277
0.865658
0.881957
0.875142
0.886516
0.885170
0.880779
0.861505
0.864770
0.885744
0.869232
0.861824
0.883726
0.873938
0.871797
0.871626
0.867355
0.864656
0.883292
0.881351
0.823684
0.812050
0.814719
0.834715
0.826409
0.828673
0.824131
0.834548
0.814857
0.845102
0.841801
0.835469
0.824952
0.836612
0.830265
0.858845
0.863856
0.857721
0.839994
0.854196
0.849548
0.848997
0.832059
0.846682
0.869485
0.870467
0.879017
0.818235
0.817487
0.848064
0.842441
0.835943
0.847211
0.873671
0.847668
0.838153
0.867174
0.859231
0.839850
0.833951
0.860610
0.861175
0.874056
0.850715
0.812405
0.835147
0.850531
0.841628
0.840509
0.851183
0.855152
0.851607
0.848366
0.842167
0.851417
0.854815
0.855368
0.855929
0.848634
0.845218
0.850278
0.856872
0.856873
0.856126
0.850711
0.850712
0.850623
0.856162
0.856178
0.850802
0.850509
0.845255
0.844977
0.845325
0.845043
0.844840
0.844562
0.843302
0.851956
0.851206
0.844821
0.849757
0.853879
0.857167
0.857311
0.897481
0.894994
0.893404
0.898506
0.898910
0.892456
0.897209
0.897441
0.893237
0.897703
0.897629
0.893930
0.892784
0.892856
0.869888
0.876365
0.881835
0.870629
0.847739
0.849561
0.878123
0.869370
0.848517
0.854317
0.879336
0.869759
0.853240
0.862138
0.852856
0.856470
0.849433
0.847336
0.863802
0.869961
0.859371
0.865182
0.862225
0.859326
0.863444
0.863564
0.861152
0.859218
0.866687
0.855424
0.843648
0.853745
0.865450
0.865659
0.883208
0.886983
0.906225
0.908132
0.919171
0.903761
0.896538
0.921660
0.874461
0.873750
0.925234
0.928216
0.919848
0.918059
0.910257
0.905436
0.905741
0.917983
0.903036
0.915132
0.915649
0.919669
0.915108
0.909581
0.908519
0.907766
0.921806
0.921458
0.923621
0.922543
0.921557
0.907976
0.938014
0.931388
0.926999
0.911621
0.914832
0.909232
0.922604
0.921420
0.882764
0.874208
0.889657
0.874497
0.867022
0.866931
0.869366
0.867565
0.871911
0.881421
0.867184
0.867178
0.867193
0.878548
0.878586
0.879333
0.862274
0.879337
0.887773
0.887861
0.887709
0.888681
0.887699
0.856946
0.860700
0.838508
0.853898
0.857214
0.836711
0.540545
0.777331
0.537849
0.751326
0.745619
0.535895
0.834064
0.848636
0.845067
0.858520
0.856983
0.860283
0.858867
0.857537
0.857957
0.860565
0.857961
0.849215
0.849039
0.847846
0.849030
0.853948
0.856036
0.858206
0.858070
0.855039
0.856017
0.857416
0.857930
0.856940
0.855728
0.857351
0.858364
0.856946
0.856191
0.861789
0.859993
0.856201
0.859722
0.858418
0.856979
0.856989
0.856999
0.858727
0.856206
0.853667
0.861934
0.851237
0.856844
0.864639
0.857979
0.853920
0.856558
0.859875
0.855507
0.860128
0.857072
0.858443
0.852647
0.854817
0.848992
0.855014
0.850707
0.846862
0.853998
0.854160
0.841910
0.845317
0.843548
0.850022
0.847093
0.839263
0.852046
0.843822
0.855977
0.837365
0.823455
0.832148
0.829182
0.853629
0.864283
0.856894
0.849498
0.872088
0.874366
0.871887
0.856444
0.870403
0.868629
0.843899
0.861858
0.882524
0.865543
0.870116
0.858829
0.866973
0.864729
0.871055
0.873288
0.866494
0.885584
0.862353
0.879200
0.890684
0.895623
0.896922
0.889419
0.908213
0.890310
0.888718
0.876704
0.872367
0.869890
0.890067
0.881921
0.902977
0.904699
0.925112
0.901773
0.921084
0.909809
0.910824
0.913298
0.894585
0.927163
0.904094
0.912585
0.912416
0.912555
0.913951
0.913950
0.915325
0.911000
0.912586
0.919492
0.915357
0.900752
0.900770
0.903465
0.903859
0.903470
0.903877
0.898289
0.914662
0.915541
0.908904
0.899962
0.903573
0.908964
0.902389
0.912271
0.926850
0.897963
0.921038
0.898859
0.889415
0.887160
0.883733
0.889652
0.890300
0.897483
0.890934
0.896023
0.919999
0.916069
0.918026
0.919783
0.919536
0.896123
0.889519
0.890830
0.540222
0.750779
0.542253
0.748467
0.827425
0.841449
0.545804
0.749959
0.848708
0.871414
0.867771
0.866291
0.864127
0.855606
0.854479
0.871654
0.871640
0.866906
0.867285
0.872090
0.871980
0.867299
0.857350
0.859099
0.857361
0.857752
0.858061
0.864075
0.870984
0.868601
0.865861
0.860945
0.860427
0.864260
0.864410
0.864682
0.868522
0.868963
0.868726
0.864706
0.868509
0.876743
0.877890
0.877790
0.872167
0.870189
0.871520
0.875994
0.869941
0.874193
0.864624
0.873256
0.869270
0.862370
0.862688
0.860599
0.870758
0.869812
0.877749
0.878543
0.876745
0.878787
0.881279
0.866749
0.869727
0.874560
0.865328
0.866502
0.862292
0.855180
0.866744
0.848625
0.859087
0.848095
0.856053
0.862220
0.870532
0.858424
0.851347
0.850239
0.858706
0.859110
0.852043
0.844280
0.846388
0.843094
0.861043
0.863661
0.861142
0.882865
0.887245
0.867047
0.883819
0.887042
0.881375
0.862598
0.855804
0.858855
0.860350
0.877481
0.875284
0.885536
0.893953
0.889691
0.883305
0.895257
0.892763
0.885360
0.886079
0.895449
0.884359
0.895138
0.895876
0.887472
0.876072
0.877074
0.868488
0.891361
0.888178
0.896595
0.895068
0.876629
0.880240
0.882624
0.889983
0.892424
0.885570
0.892606
0.894152
0.891074
0.889446
0.888856
0.888741
0.879034
0.876613
0.892467
0.875148
0.877072
0.889773
0.889769
0.893305
0.892954
0.894792
0.877473
0.887140
0.875532
0.893413
0.893756
0.573826
0.864083
0.814644
0.574445
0.860928
0.856856
0.815838
0.571267
0.853416
0.878540
0.886606
0.894350
0.887751
0.859081
0.857099
0.818480
0.644456
0.571609
0.818766
0.581029
0.821610
0.808822
0.580838
0.873777
0.871391
0.808851
0.579621
0.871447
0.901761
0.901773
0.902898
0.902923
0.860895
0.871483
0.774313
0.513188
0.579626
0.808849
0.901686
0.901705
0.867998
0.873426
0.885845
0.880989
0.875960
0.864478
0.647540
0.575054
0.782165
0.812055
0.581037
0.805189
0.579556
0.814899
0.851533
0.857732
0.830433
0.837516
0.879276
0.856065
0.716305
0.530477
0.544185
0.760064
0.555759
0.755670
0.768055
0.568750
0.870041
0.885777
0.854242
0.858811
0.831752
0.830710
0.853017
0.843470
0.830124
0.819676
0.533789
0.538733
0.727024
0.732220
0.540265
0.747923
0.545173
0.746188
0.848619
0.853470
0.847013
0.816458
0.844452
0.869534
0.821643
0.839227
0.518073
0.517291
0.728757
0.756500
0.519378
0.727076
0.529035
0.750267
0.875877
0.845282
0.847742
0.824580
0.819791
0.795358
0.775301
0.558875
0.557661
0.761013
0.517261
0.713461
0.716563
0.536888
0.806870
0.833215
0.791836
0.550597
0.871241
0.795397
0.558378
0.878884
0.888264
0.912247
0.915322
0.917287
0.890517
0.901207
0.787537
0.510749
0.575809
0.815626
0.574788
0.575713
0.823435
0.824497
0.576561
0.822287
0.900541
0.900381
0.901728
0.576546
0.822321
0.901795
0.917139
0.917527
0.916702
0.917065
0.582089
0.858309
0.822635
0.574254
0.909838
0.900600
0.822091
0.575740
0.902754
0.915484
0.925628
0.895428
0.894624
0.777249
0.565325
0.577080
0.812928
0.873193
0.880532
0.874167
0.880528
0.868176
0.866172
0.874559
0.881258
0.866164
0.860237
0.871367
0.860152
0.872117
0.859591
0.872125
0.875798
0.874141
0.875910
0.874018
0.878774
0.875948
0.850672
0.860809
0.850671
0.860625
0.870071
0.870088
0.850993
0.864375
0.868991
0.877835
0.877738
0.878262
0.848143
0.825347
0.839212
0.825337
0.853433
0.818257
0.838736
0.816794
0.814995
0.837734
0.825452
0.839222
0.839731
0.839672
0.874012
0.874019
0.839692
0.873881
0.874014
0.859876
0.874022
0.858504
0.871067
0.858263
0.864189
0.864177
0.888528
0.888530
0.867372
0.895182
0.858648
0.863090
0.864396
0.862202
0.864405
0.862313
0.861719
0.856707
0.862792
0.857110
0.859185
0.859205
0.862683
0.857115
0.859993
0.855937
0.853536
0.853763
0.870597
0.870551
0.873652
0.882928
0.882865
0.883084
0.884205
0.881868
0.884154
0.881853
0.857532
0.875187
0.857459
0.875233
0.875045
0.857457
0.881762
0.884157
0.855897
0.855813
0.848785
0.848939
0.855914
0.851251
0.853660
0.844751
0.855042
0.844248
0.853897
0.844373
0.849399
0.868173
0.849521
0.868204
0.871444
0.861075
0.871488
0.874519
0.874529
0.863202
0.868540
0.849861
0.874168
0.870219
0.874271
0.870502
0.892628
0.892930
0.869293
0.870510
0.892931
0.894331
0.894378
0.894546
0.923008
0.923344
0.909943
0.913697
0.921204
0.917133
0.901318
0.894525
0.900993
0.899256
0.900994
0.895487
0.907321
0.907318
0.907502
0.925669
0.925559
0.925643
0.923282
0.929267
0.928178
0.920871
0.920433
0.921013
0.919548
0.923248
0.904260
0.884616
0.900704
0.886342
0.900692
0.918512
0.918464
0.886576
0.900720
0.918869
0.910061
0.907730
0.908372
0.869530
0.868736
0.867865
0.864546
0.921146
0.921671
0.868088
0.865138
0.922502
0.902445
0.904722
0.904834
0.872818
0.865494
0.872514
0.863307
0.863575
0.864497
0.872565
0.863441
0.864590
0.862009
0.862024
0.862346
0.872422
0.880686
0.872421
0.880685
0.850218
0.850885
0.872587
0.882586
0.847269
0.853920
0.855048
0.854035
0.876599
0.891686
0.875693
0.891450
0.892585
0.892058
0.874781
0.893256
0.893408
0.894287
0.891701
0.895959
0.893641
0.895070
0.893499
0.894637
0.894814
0.891668
0.897260
0.890568
0.893848
0.891767
0.897795
0.892438
0.892432
0.894638
0.904018
0.894919
0.890661
0.885615
0.877622
0.885547
0.877273
0.864423
0.859902
0.864436
0.861960
0.873357
0.862365
0.877387
0.886504
0.866720
0.871472
0.856221
0.854278
0.872014
0.854609
0.858525
0.863351
0.862777
0.547012
0.753615
0.547028
0.753037
0.844621
0.849387
0.547022
0.753012
0.846980
0.867719
0.868742
0.873909
0.867395
0.867316
0.856742
0.838552
0.857252
0.857244
0.841965
0.869778
0.872332
0.840342
0.841753
0.848695
0.831953
0.826545
0.862155
0.830105
0.824710
0.865895
0.836867
0.846129
0.861701
0.871461
0.880898
0.860436
0.863441
0.881207
0.837384
0.842553
0.854217
0.868434
0.855573
0.920499
0.917036
0.852514
0.865637
0.914521
0.863897
0.863816
0.849701
0.862794
0.861212
0.870223
0.858820
0.871620
0.860814
0.851515
0.880665
0.876675
0.877677
0.882640
0.873371
0.881527
0.873513
0.545943
0.758623
0.545936
0.758632
0.847596
0.843811
0.545832
0.758560
0.848126
0.870754
0.872356
0.901750
0.874150
0.902309
0.864055
0.580455
0.823331
0.574450
0.816677
0.816716
0.572249
0.863601
0.895924
0.884738
0.899557
0.902510
0.884900
0.890233
0.904828
0.855617
0.866401
0.857324
0.873698
0.876849
0.855505
0.864155
0.879294
0.888658
0.883239
0.861554
0.860159
0.862916
0.859577
0.860269
0.856219
0.855937
0.847876
0.852737
0.845739
0.846404
0.864817
0.843027
0.862256
0.855220
0.854955
0.848263
0.862922
0.854953
0.860482
0.864343
0.861274
0.833445
0.818575
0.834150
0.818404
0.872578
0.849966
0.873868
0.849654
0.849678
0.878126
0.818067
0.834147
0.919968
0.896619
0.890274
0.885487
0.886904
0.897198
0.922243
0.572913
0.823356
0.574019
0.823170
0.900966
0.898212
0.574802
0.825094
0.901353
0.917309
0.917858
0.919536
0.887747
0.889023
0.899479
0.886533
0.879919
0.883833
0.896590
0.884281
0.881412
0.890847
0.887936
0.887752
0.882135
0.868333
0.870965
0.874751
0.869905
0.866835
0.853583
0.871538
0.875372
0.862635
0.850468
0.869629
0.886205
0.864720
0.865230
0.860677
0.857732
0.860184
0.860951
0.863654
0.861626
0.857288
0.856155
0.861689
0.862075
0.855057
0.855458
0.859167
0.856481
0.851418
0.852713
0.870872
0.863724
0.842301
0.868079
0.860206
0.867254
0.850680
0.844119
0.866535
0.849019
0.860317
0.855786
0.854944
0.855542
0.848631
0.847587
0.835117
0.831726
0.847658
0.823148
0.871150
0.876842
0.872635
0.873048
0.875614
0.879042
0.863840
0.876518
0.826297
0.853581
0.936468
0.910828
0.928026
0.898134
0.889800
0.888175
0.904970
0.924962
0.934572
0.952257
0.952599
0.946426
0.956508
0.376210
0.376156
0.379985
0.293783
0.293628
0.294296
0.382596
0.381703
0.301195
0.300112
0.358975
0.361924
0.360117
0.359928
0.359918
0.374085
0.379063
0.376637
0.293269
0.293414
0.293270
0.376869
0.293275
0.364266
0.364192
0.363244
0.363371
0.363250
0.363256
0.293984
0.293979
0.401414
0.363230
0.296082
0.294078
0.379202
0.341995
0.379104
0.379118
0.379186
0.294724
0.370763
0.280838
0.363091
0.351580
0.337191
0.355915
0.275786
0.282603
0.341795
0.347625
0.333899
0.255615
0.313537
0.246687
0.324054
0.321620
0.323458
0.325761
0.251154
0.246116
0.318756
0.314337
0.324637
0.253473
0.337083
0.259991
0.324205
0.328442
0.332882
0.321571
0.259564
0.255691
0.325660
0.332824
0.329296
0.329101
0.264170
0.258634
0.323987
0.257300
0.341065
0.338304
0.326878
0.328201
0.261792
0.322667
0.303611
0.341118
0.280216
0.270531
0.339226
0.268539
0.397312
0.357752
0.355562
0.356247
0.260699
0.334130
0.340972
0.342553
0.272713
0.276008
0.376937
0.339619
0.277383
0.277147
0.361440
0.324847
0.360050
0.352166
0.339011
0.339010
0.275717
0.277364
0.339653
0.277380
0.361938
0.361725
0.361751
0.361735
0.277390
0.339658
0.361894
0.275714
0.357044
0.275221
0.339007
0.342913
0.308547
0.343378
0.274276
0.275227
0.395463
0.357060
0.344726
0.344564
0.278014
0.278113
0.346387
0.344477
0.277174
0.277368
0.357021
0.352701
0.357085
0.357091
0.926550
0.914190
0.920958
0.918320
0.912499
0.916943
0.907420
0.931548
0.926416
0.918557
0.916272
0.905678
0.929120
0.930034
0.883475
0.893507
0.896753
0.884977
0.894142
0.900965
0.889539
0.898261
0.911661
0.887286
0.897956
0.922791
0.872707
0.924061
0.874622
0.868657
0.867524
0.866234
0.875964
0.872193
0.890757
0.847063
0.846055
0.874527
0.852700
0.880371
0.864492
0.860032
0.881287
0.868852
0.859832
0.865149
0.877662
0.880294
0.868490
0.870042
0.865881
0.876079
0.838465
0.845838
0.857159
0.856768
0.841454
0.848420
0.843955
0.844705
0.847018
0.853626
0.847850
0.851068
0.850840
0.865749
0.859074
0.859909
0.859710
0.857568
0.854630
0.845017
0.839586
0.880144
0.873811
0.864429
0.866232
0.867141
0.870497
0.873834
0.874440
0.873631
0.874527
0.877726
0.875171
0.866370
0.865346
0.840458
0.838317
0.864395
0.852061
0.841417
0.614154
0.545487
0.766134
0.800651
0.541056
0.758948
0.540134
0.762430
0.505357
0.565038
0.353712
0.317719
0.567479
0.349987
0.276405
0.278838
0.274680
0.570835
0.353293
0.275817
0.350199
0.348942
0.386394
0.346725
0.824577
0.839171
0.846286
0.850168
0.800682
0.833185
0.842511
0.852397
0.866411
0.873558
0.863546
0.870590
0.863872
0.875014
0.886979
0.874665
0.869866
0.881328
0.870840
0.870318
0.865347
0.864036
0.866982
0.868345
0.866860
0.959057
0.954960
0.958027
0.936001
0.962674
0.955462
0.954351
0.965651
0.952736
0.943618
0.949321
0.931883
0.927436
0.930928
0.656851
0.595844
0.833932
0.859298
0.603798
0.842299
0.921685
0.911557
0.923257
0.591594
0.817979
0.913571
0.934704
0.946744
0.386766
0.390737
0.296170
0.300375
0.414384
0.388991
0.289912
0.295790
0.499547
0.550707
0.367361
0.323316
0.552217
0.365653
0.549494
0.356305
0.877560
0.845525
0.869604
0.839674
0.745282
0.745924
0.747682
0.752515
0.838943
0.838126
0.864042
0.872206
0.867863
0.875876
0.869907
0.868639
0.873772
0.868282
0.869775
0.869273
0.880540
0.884937
0.878656
0.886493
0.870485
0.867174
0.864460
0.873387
0.858530
0.853440
0.860818
0.855228
0.883612
0.875832
0.866937
0.865076
0.868027
0.865063
0.876013
0.866769
0.871221
0.872486
0.873432
0.866592
0.876857
0.883684
0.863241
0.866861
0.885199
0.873604
0.874397
0.875689
0.879523
0.870515
0.864048
0.874193
0.869300
0.879713
0.879607
0.882949
0.875558
0.870410
0.887484
0.890824
0.881912
0.884381
0.878961
0.892091
0.884272
0.882067
0.882159
0.875802
0.867703
0.877831
0.906020
0.890432
0.889290
0.893334
0.907185
0.895337
0.900696
0.895235
0.880248
0.880571
0.912525
0.903887
0.907883
0.913950
0.900781
0.902838
0.889241
0.907271
0.892852
0.902671
0.904248
0.913786
0.913375
0.910118
0.901931
0.896650
0.893829
0.881073
0.870189
0.865999
0.872317
0.878828
0.884923
0.869172
0.883406
0.855044
0.853214
0.859572
0.860147
0.851612
0.858081
0.860555
0.866278
0.869349
0.913687
0.877465
0.866217
0.903484
0.871461
0.868451
0.859821
0.886459
0.845612
0.858446
0.838498
0.841550
0.847409
0.886375
0.861905
0.843816
0.847018
0.838186
0.844158
0.839516
0.844316
0.825550
0.822754
0.874520
0.874433
0.867412
0.854683
0.875655
0.884885
0.862338
0.880084
0.875098
0.881842
0.878686
0.871687
0.871349
0.870738
0.883208
0.880436
0.867999
0.862351
0.876399
0.883907
0.885176
0.858641
0.859224
0.861167
0.861519
0.853024
0.864160
0.897521
0.896232
0.859157
0.890242
0.859189
0.852931
0.887133
0.848947
0.844583
0.871047
0.854319
0.856726
0.817672
0.834144
0.823606
0.833694
0.843103
0.842323
0.854150
0.840579
0.858989
0.855463
0.864760
0.882694
0.872260
0.870274
0.870461
0.875682
0.877103
0.891340
0.884924
0.892275
0.895051
0.901478
0.898225
0.897485
0.901342
0.900937
0.895926
0.899273
0.896437
0.892726
0.889805
0.879713
0.889706
0.893303
0.894161
0.881472
0.883380
0.887994
0.887190
0.886968
0.893418
0.876337
0.875492
0.883250
0.868743
0.879816
0.877007
0.867311
0.886987
0.857833
0.862685
0.848387
0.892715
0.898381
0.862524
0.878746
0.871555
0.870857
0.871376
0.871898
0.866591
0.871765
0.890790
0.891503
0.873501
0.864801
0.867535
0.852798
0.880676
0.860108
0.856441
0.852469
0.862833
0.856461
0.866735
0.865062
0.854138
0.877698
0.869012
0.868887
0.871118
0.883983
0.873720
0.903657
0.874460
0.863397
0.904614
0.863888
0.863821
0.862909
0.867238
0.894920
0.899489
0.869226
0.866977
0.869006
0.864704
0.933545
0.929918
0.911701
0.907937
0.927049
0.903658
0.897466
0.889379
0.905538
0.913195
0.904992
0.927719
0.911393
0.893705
0.880187
0.878198
0.906882
0.911324
0.955162
0.925743
0.930508
0.951075
0.921794
0.901535
0.918964
0.925164
0.919026
0.911980
0.909879
0.903807
0.909702
0.912763
0.922081
0.924059
0.920265
0.912498
0.911768
0.901593
0.907273
0.904377
0.854625
0.879440
0.887491
0.886920
0.894760
0.902679
0.892782
0.885011
0.895458
0.898055
0.889474
0.903312
0.906212
0.903138
0.896571
0.908611
0.906065
0.891752
0.890869
0.903129
0.890951
0.888360
0.887378
0.886284
0.893871
0.884356
0.895026
0.889766
0.898032
0.906559
0.903515
0.899500
0.892033
0.891636
0.892847
0.888426
0.890142
0.893443
0.886395
0.892864
0.891022
0.884461
0.879291
0.877826
0.893812
0.884001
0.882737
0.885511
0.887941
0.879739
0.878958
0.878554
0.883565
0.887817
0.881829
0.878176
0.886500
0.873365
0.887478
0.875836
0.881033
0.884528
0.866046
0.880192
0.891362
0.880865
0.881741
0.882775
0.873576
0.873929
0.883251
0.875645
0.882253
0.880091
0.887573
0.887916
0.882736
0.893905
0.894059
0.889505
0.882280
0.880855
0.916218
0.917472
0.897141
0.889270
0.910982
0.862062
0.861160
0.897502
0.874932
0.892367
0.887280
0.885841
0.887456
0.875916
0.883407
0.875541
0.894627
0.873309
0.884923
0.884631
0.879654
0.884598
0.879332
0.882667
0.887312
0.887097
0.888147
0.891286
0.868312
0.883263
0.854474
0.857931
0.884554
0.854783
0.839554
0.839033
0.842284
0.843577
0.838111
0.838150
0.841184
0.834474
0.835464
0.837495
0.858035
0.856452
0.884457
0.884567
0.846031
0.839185
0.854896
0.852379
0.843623
0.855311
0.885821
0.893192
0.882914
0.888738
0.856980
0.896343
0.860729
0.851505
0.841412
0.845531
0.848653
0.818291
0.826064
0.843216
0.829808
0.850256
0.848896
0.858025
0.890292
0.870592
0.869152
0.866247
0.840635
0.842549
0.869581
0.847035
0.838209
0.849637
0.837972
0.834352
0.836259
0.838368
0.838160
0.840945
0.835697
0.846091
0.838536
0.839506
0.842171
0.833337
0.848770
0.852493
0.848636
0.846683
0.861266
0.861094
0.869815
0.867239
0.878469
0.868973
0.868519
0.875796
0.871073
0.870210
0.873402
0.877502
0.863009
0.870585
0.890828
0.873646
0.890542
0.887280
0.880686
0.878724
0.871979
0.871322
0.862703
0.868648
0.876224
0.878520
0.874738
0.872452
0.874258
0.870944
0.840996
0.835103
0.851165
0.841037
0.837171
0.850485
0.875766
0.868256
0.878811
0.866569
0.872915
0.846900
0.864712
0.882732
0.840753
0.844238
0.842642
0.843059
0.849541
0.850378
0.875743
0.885467
0.884329
0.885421
0.873099
0.882990
0.884321
0.894000
0.882090
0.885634
0.883336
0.880318
0.884008
0.878740
0.884153
0.883651
0.884273
0.885385
0.881469
0.883217
0.886518
0.891250
0.887714
0.891213
0.868844
0.866782
0.887568
0.887661
0.869614
0.886754
0.885082
0.880657
0.852978
0.844052
0.864215
0.853772
0.839390
0.863365
0.858148
0.856127
0.855742
0.854296
0.854893
0.864881
0.862925
0.843289
0.837819
0.866458
0.868101
0.860817
0.847698
0.855050
0.848287
0.854882
0.827673
0.838505
0.825442
0.811150
0.851590
0.854278
0.861152
0.846090
0.866519
0.838866
0.851922
0.831967
0.808267
0.824205
0.867374
0.850007
0.869623
0.850709
0.860130
0.868910
0.870826
0.848514
0.873335
0.870681
0.862276
0.851095
0.872297
0.870409
0.858799
0.867772
0.849716
0.851103
0.866586
0.862139
0.856636
0.851762
0.855856
0.855500
0.850156
0.850908
0.861925
0.848045
0.861397
0.861395
0.864114
0.862791
0.879033
0.890373
0.890289
0.878007
0.905649
0.897712
0.875640
0.869617
0.891296
0.916568
0.900361
0.894538
0.892032
0.890536
0.876541
0.867520
0.870788
0.883322
0.881662
0.888059
0.858456
0.860770
0.876646
0.860944
0.891397
0.851004
0.868179
0.868642
0.876191
0.890294
0.885361
0.890767
0.853045
0.883949
0.886563
0.862064
0.853917
0.866023
0.873468
0.861798
0.873139
0.852327
0.864208
0.878187
0.857530
0.859972
0.846409
0.853949
0.864470
0.870936
0.869670
0.874545
0.872846
0.867224
0.873025
0.876761
0.878622
0.864338
0.863158
0.867552
0.865674
0.868350
0.872757
0.873102
0.866593
0.874909
0.870298
0.867578
0.863848
0.869373
0.870744
0.856259
0.868975
0.872118
0.865884
0.863689
0.865019
0.869044
0.871343
0.878458
0.869187
0.847141
0.846222
0.843721
0.845788
0.845454
0.850371
0.849087
0.850291
0.844018
0.851280
0.845958
0.853270
0.852025
0.833487
0.831513
0.837565
0.848308
0.854663
0.863332
0.855293
0.850886
0.842241
0.823392
0.840552
0.847440
0.826473
0.846915
0.841739
0.850108
0.858129
0.859318
0.840110
0.846704
0.804465
0.813007
0.801639
0.821433
0.831701
0.832375
0.852633
0.831883
0.845320
0.817480
0.826184
0.810939
0.839510
0.846381
0.840104
0.853671
0.882166
0.880875
0.865612
0.853800
0.834332
0.835724
0.835302
0.852369
0.856162
0.842476
0.858652
0.867567
0.872801
0.863248
0.867882
0.830363
0.837843
0.827810
0.850985
0.859281
0.843807
0.827343
0.847928
0.861373
0.850007
0.863518
0.857665
0.879028
0.874719
0.881186
0.878851
0.877140
0.876982
0.875076
0.876321
0.882903
0.887633
0.890584
0.893903
0.911378
0.897330
0.887406
0.881109
0.895662
0.890050
0.898101
0.903375
0.887871
0.903294
0.908445
0.891799
0.891384
0.897936
0.897583
0.899414
0.895435
0.911532
0.903255
0.935385
0.908256
0.935864
0.924249
0.922360
0.922385
0.915454
0.927480
0.919264
0.971659
0.979310
0.974267
0.938615
0.957101
0.945615
0.935797
0.941434
0.940218
0.964928
0.946658
0.923379
0.930905
0.944166
0.936731
0.936796
0.937673
0.945781
0.946758
0.916737
0.924969
0.902596
0.943261
0.937706
0.954851
0.932605
0.902335
0.929831
0.885375
0.886955
0.899287
0.897484
0.900689
0.895759
0.902625
0.902322
0.897623
0.883078
0.890835
0.888346
0.890178
0.898918
0.890530
0.890530
0.888870
0.886273
0.882911
0.883914
0.889937
0.889567
0.882597
0.891541
0.891197
0.896931
0.894884
0.874303
0.880622
0.891353
0.890679
0.888976
0.896342
0.898998
0.897599
0.899587
0.870975
0.880993
0.882147
0.885027
0.881152
0.881071
0.880003
0.886850
0.879308
0.899707
0.898313
0.890695
0.890689
0.880659
0.882100
0.892656
0.903103
0.904295
0.891261
0.894391
0.897845
0.893677
0.902538
0.902191
0.897916
0.898290
0.892530
0.880975
0.889096
0.879921
0.891822
0.900580
0.900535
0.895757
0.883866
0.894654
0.879054
0.889239
0.881507
0.880289
0.884642
0.885436
0.882319
0.891099
0.879484
0.896516
0.906000
0.896741
0.899788
0.896481
0.898438
0.897501
0.899558
0.897708
0.899622
0.904329
0.899825
0.898092
0.903234
0.921582
0.899896
0.909283
0.898384
0.884471
0.886297
0.891323
0.897672
0.890932
0.895242
0.898430
0.910389
0.896206
0.883712
0.885972
0.898976
0.899178
0.907845
0.911747
0.905787
0.900896
0.899123
0.884332
0.899518
0.906869
0.888920
0.894047
0.891455
0.899268
0.898643
0.927655
0.915604
0.911673
0.923290
0.915167
0.907809
0.923418
0.914238
0.902054
0.905216
0.901350
0.910332
0.912641
0.910455
0.903768
0.907037
0.904360
0.889912
0.890507
0.899451
0.896163
0.898544
0.899239
0.895187
0.899147
0.896266
0.904409
0.896373
0.910995
0.896310
0.903855
0.904979
0.904717
0.907099
0.876920
0.885848
0.879785
0.888717
0.894278
0.893258
0.896538
0.889256
0.885346
0.884565
0.897375
0.882132
0.901674
0.888156
0.883968
0.881265
0.886033
0.899937
0.887119
0.887229
0.889865
0.893099
0.892142
0.903914
0.901639
0.898455
0.885548
0.885409
0.887318
0.880607
0.888128
0.889378
0.890721
0.891083
0.880892
0.884666
0.884834
0.878858
0.879551
0.881844
0.883573
0.883429
0.880013
0.878531
0.904624
0.903774
0.909455
0.892665
0.885219
0.886249
0.891849
0.910188
0.896959
0.895996
0.899652
0.906994
0.918136
0.908800
0.904119
0.907454
0.905829
0.902949
0.914405
0.906357
0.898062
0.909804
0.903399
0.911008
0.911590
0.902042
0.915962
0.911087
0.908885
0.921413
0.915667
0.917671
0.913991
0.913848
0.922268
0.923606
0.932823
0.919670
0.919934
0.934810
0.930896
0.931721
0.906675
0.908053
0.918354
0.923082
0.921281
0.925427
0.922643
0.878617
0.881249
0.894260
0.880899
0.882139
0.884558
0.884814
0.879373
0.886381
0.884882
0.893221
0.890430
0.879465
0.883437
0.894635
0.882281
0.882903
0.881049
0.876956
0.885770
0.874856
0.899672
0.884303
0.875115
0.879707
0.885885
0.889729
0.895359
0.886214
0.912192
0.915465
0.900510
0.914144
0.904071
0.900760
0.905113
0.904999
0.904284
0.917858
0.924618
0.921253
0.898282
0.902216
0.901190
0.902228
0.900294
0.899840
0.910402
0.909661
0.908821
0.909160
0.910497
0.911061
0.904933
0.908747
0.906573
0.907567
0.903751
0.905710
0.894181
0.909551
0.901909
0.901883
0.899457
0.883976
0.898019
0.894314
0.884807
0.896207
0.891504
0.893428
0.883372
0.884244
0.888961
0.896845
0.895339
0.892793
0.891570
0.894543
0.900740
0.891912
0.893246
0.896881
0.890153
0.898734
0.892974
0.899357
0.896815
0.891983
0.902131
0.902032
0.891805
0.895166
0.897355
0.885909
0.885560
0.886678
0.885275
0.891760
0.893391
0.887727
0.887605
0.893840
0.875249
0.882528
0.878353
0.892435
0.886666
0.883590
0.890078
0.879045
0.890926
0.892517
0.892663
0.894414
0.907005
0.891004
0.892341
0.888838
0.892163
0.903386
0.905796
0.917644
0.898335
0.892347
0.904216
0.934937
0.917808
0.929564
0.914301
0.896453
0.901877
0.894729
0.942726
0.906849
0.949661
0.897711
0.903375
0.932932
0.902174
0.907519
0.894192
0.895030
0.898215
0.902532
0.896184
0.898367
0.900197
0.888723
0.888738
0.888737
0.892493
0.891503
0.896974
0.893710
0.890978
0.882761
0.886793
0.885084
0.888936
0.895742
0.881519
0.882955
0.893743
0.898439
0.897834
0.896831
0.877046
0.889213
0.893834
0.898249
0.893617
0.896846
0.884117
0.889818
0.891071
0.883391
0.896183
0.881676
0.886906
0.879580
0.882509
0.878775
0.883282
0.893590
0.884617
0.887660
0.877256
0.878840
0.882736
0.897590
0.886008
0.883039
0.886476
0.900863
0.884386
0.901814
0.898636
0.885180
0.893577
0.889827
0.904020
0.897732
0.886818
0.883906
0.893971
0.890765
0.891974
0.884534
0.897305
0.896255
0.904142
0.891023
0.891177
0.881873
0.895749
0.884674
0.880873
0.878396
0.889276
0.886789
0.880423
0.905924
0.914011
0.904674
0.908870
0.924027
0.901106
0.887796
0.895046
0.889086
0.897126
0.895641
0.904390
0.888202
0.899862
0.900809
0.886292
0.904063
0.905331
0.906459
0.909028
0.879862
0.888550
0.877341
0.900882
0.891333
0.898977
0.877945
0.879401
0.892404
0.892588
0.907994
0.905401
0.889611
0.898513
0.903340
0.910245
0.918334
0.901357
0.900783
0.923281
0.908357
0.905082
0.899695
0.902976
0.919378
0.910410
0.912575
0.907109
0.915489
0.929647
0.933879
0.919509
0.934321
0.919902
0.922484
0.920081
0.928870
0.915799
0.911749
0.879421
0.885777
0.881296
0.888759
0.877855
0.882051
0.895569
0.883229
0.879959
0.882816
0.890989
0.892262
0.903867
0.892491
0.903747
0.897056
0.892712
0.897327
0.900384
0.905013
0.904194
0.903242
0.895538
0.894631
0.907655
0.904975
0.905329
0.904987
0.893236
0.889844
0.890150
0.902149
0.896847
0.889999
0.896989
0.891207
0.888094
0.891488
0.894176
0.892142
0.894799
0.898249
0.889512
0.896991
0.904911
0.906209
0.906215
0.902823
0.895521
0.887776
0.889081
0.897741
0.898125
0.893706
0.888446
0.885142
0.888960
0.894201
0.887815
0.884635
0.897471
0.891151
0.896455
0.898232
0.888789
0.888307
0.891048
0.884217
0.884424
0.886198
0.887588
0.886790
0.886281
0.887209
0.883891
0.877121
0.878893
0.879076
0.879627
0.881392
0.880616
0.880586
0.878403
0.879873
0.889190
0.875151
0.882047
0.881181
0.877144
0.886332
0.879749
0.890751
0.897080
0.882819
0.889906
0.888233
0.888520
0.895961
0.884289
0.905554
0.889173
0.911228
0.896544
0.900719
0.917370
0.894697
0.906627
0.873710
0.878732
0.878829
0.882821
0.889132
0.882936
0.874916
0.881616
0.880952
0.874587
0.871483
0.876515
0.877211
0.875222
0.871614
0.879401
0.875966
0.872801
0.875676
0.880392
0.883076
0.876752
0.873173
0.880162
0.882823
0.884181
0.884881
0.881243
0.878968
0.878592
0.877048
0.896391
0.895347
0.897072
0.886395
0.885674
0.886475
0.888847
0.895098
0.898641
0.894678
0.888147
0.888240
0.893062
0.895889
0.895783
0.912632
0.888832
0.921316
0.908164
0.909170
0.923354
0.912101
0.893690
0.896832
0.899402
0.898232
0.897443
0.898452
0.897003
0.911736
0.899768
0.910143
0.908184
0.914992
0.908152
0.882904
0.888609
0.889431
0.891973
0.890398
0.896831
0.872559
0.875008
0.898166
0.891390
0.890911
0.876278
0.879998
0.888533
0.892952
0.886598
0.881321
0.888682
0.876161
0.882905
0.886490
0.884663
0.877944
0.903454
0.905571
0.897969
0.892395
0.888478
0.899959
0.904798
0.897227
0.901374
0.907554
0.902427
0.895953
0.902441
0.895995
0.904484
0.902218
0.898663
0.895243
0.897120
0.901700
0.897948
0.904992
0.903166
0.901804
0.908541
0.900450
0.912689
0.899410
0.910003
0.919599
0.877027
0.880741
0.874856
0.865479
0.868825
0.866763
0.879431
0.887150
0.884647
0.886272
0.887208
0.888776
0.881521
0.885968
0.893422
0.888601
0.906800
0.897922
0.893561
0.889690
0.894244
0.891634
0.895634
0.895095
0.891768
0.888916
0.899054
0.910452
0.890687
0.892493
0.899922
0.889301
0.905954
0.909387
0.882575
0.879110
0.901040
0.910950
0.907067
0.884228
0.886025
0.880565
0.884558
0.883014
0.875276
0.883802
0.874086
0.881791
0.877535
0.875883
0.872674
0.872411
0.871232
0.870490
0.874749
0.874467
0.866385
0.875080
0.877125
0.877169
0.871273
0.874418
0.870340
0.867095
0.868367
0.877929
0.873677
0.868840
0.867323
0.868538
0.872521
0.869138
0.880034
0.878117
0.878639
0.896639
0.891372
0.884611
0.894365
0.886130
0.885055
0.878509
0.878350
0.882083
0.897635
0.884396
0.886058
0.881266
0.879435
0.883010
0.880833
0.881361
0.883641
0.879396
0.881741
0.884983
0.880604
0.881644
0.885843
0.886572
0.886008
0.885680
0.879404
0.878492
0.878730
0.871516
0.881913
0.873586
0.868343
0.871466
0.867688
0.873089
0.871297
0.873202
0.872394
0.873285
0.873993
0.873483
0.873128
0.877414
0.872773
0.881094
0.877182
0.875340
0.874280
0.867293
0.868633
0.871428
0.870490
0.870113
0.869815
0.875720
0.869789
0.884414
0.872573
0.867172
0.868121
0.884631
0.874069
0.881041
0.880300
0.879677
0.885512
0.887810
0.880965
0.895273
0.899886
0.895823
0.889832
0.891316
0.880742
0.897759
0.898239
0.890934
0.893584
0.886541
0.886552
0.882456
0.891000
0.882138
0.879671
0.880639
0.877300
0.881871
0.882548
0.880532
0.887435
0.878775
0.880424
0.875212
0.886145
0.882403
0.885759
0.891265
0.887448
0.894337
0.884618
0.887591
0.895830
0.911099
0.891838
0.905311
0.892899
0.888314
0.894788
0.878817
0.875081
0.892677
0.887696
0.884827
0.880580
0.877332
0.879485
0.873517
0.875857
0.880993
0.876981
0.877299
0.878359
0.882287
0.879365
0.881178
0.879629
0.876614
0.879934
0.883569
0.877804
0.883735
0.881621
0.891393
0.887069
0.880432
0.884885
0.889804
0.893656
0.889760
0.900044
0.903078
0.892512
0.907104
0.893265
0.901397
0.910213
0.905373
0.907273
0.904643
0.902182
0.913486
0.907619
0.907221
0.909944
0.912427
0.919962
0.909584
0.882353
0.890032
0.888874
0.889191
0.901768
0.898588
0.897113
0.896926
0.907542
0.896082
0.885996
0.892579
0.888698
0.888415
0.882475
0.885189
0.876744
0.903532
0.882490
0.891407
0.886428
0.890889
0.904741
0.895008
0.896076
0.890192
0.891467
0.896842
0.889894
0.904996
0.901342
0.907588
0.899960
0.897928
0.891743
0.890777
0.899380
0.887461
0.896651
0.894606
0.893108
0.917460
0.879215
0.871759
0.872664
0.870275
0.881228
0.881015
0.879432
0.873095
0.895876
0.897442
0.895969
0.887915
0.903634
0.887530
0.893125
0.889480
0.888316
0.883287
0.885912
0.887722
0.891003
0.890888
0.884338
0.901768
0.885695
0.882512
0.881902
0.873447
0.877308
0.878642
0.871130
0.869950
0.877720
0.878120
0.874777
0.875354
0.876921
0.872993
0.874910
0.877045
0.878261
0.882110
0.876140
0.882270
0.869886
0.868955
0.868647
0.871712
0.870654
0.871617
0.874917
0.880426
0.872686
0.886648
0.883001
0.884143
0.884929
0.883550
0.893926
0.891777
0.890165
0.877818
0.885047
0.883480
0.881253
0.886112
0.888492
0.886586
0.879803
0.879671
0.883247
0.871251
0.874942
0.876792
0.872226
0.871428
0.881595
0.887230
0.876538
0.872845
0.880887
0.885014
0.879417
0.865808
0.869262
0.870652
0.871727
0.867395
0.869524
0.877401
0.872871
0.876813
0.874068
0.877000
0.883083
0.874710
0.864776
0.874975
0.873732
0.872313
0.877107
0.882746
0.879039
0.875884
0.875928
0.882156
0.895182
0.878706
0.889144
0.882746
0.891126
0.890822
0.891220
0.892754
0.884654
0.894797
0.893452
0.873772
0.883958
0.888908
0.887377
0.884812
0.895245
0.892480
0.892844
0.891466
0.890650
0.888974
0.884465
0.883885
0.890493
0.884451
0.890116
0.888088
0.889962
0.878673
0.892988
0.884771
0.871443
0.876614
0.876597
0.880908
0.881836
0.880950
0.880806
0.883361
0.890393
0.886657
0.885349
0.888334
0.896362
0.886013
0.885796
0.882335
0.891541
0.894018
0.892796
0.909675
0.915163
0.909668
0.908793
0.909793
0.909170
0.912202
0.921582
0.924758
0.902590
0.895826
0.896038
0.883499
0.907897
0.888112
0.892418
0.884428
0.880479
0.878691
0.880668
0.874016
0.884299
0.898935
0.904632
0.889405
0.893179
0.893408
0.893984
0.897085
0.921232
0.917797
0.901122
0.872923
0.882225
0.877635
0.880288
0.883732
0.876557
0.873958
0.872257
0.881152
0.881006
0.885975
0.890316
0.885504
0.885947
0.877626
0.886674
0.882495
0.877997
0.871150
0.875341
0.869397
0.876002
0.875123
0.873847
0.876674
0.876462
0.882024
0.881384
0.872802
0.872761
0.873650
0.875497
0.883915
0.878909
0.889769
0.873899
0.880377
0.883386
0.869288
0.880983
0.885272
0.887118
0.885699
0.878136
0.878662
0.883840
0.879375
0.879822
0.877387
0.877695
0.873320
0.872693
0.875235
0.879231
0.877311
0.875406
0.875770
0.878021
0.874521
0.880315
0.879928
0.879997
0.884140
0.888900
0.877056
0.879938
0.877064
0.865491
0.853175
0.870323
0.865510
0.856320
0.840412
0.846999
0.856176
0.852844
0.851194
0.862892
0.859551
0.861111
0.871502
0.856772
0.884614
0.861759
0.865466
0.862577
0.877251
0.864141
0.889061
0.893845
0.869937
0.886792
0.888562
0.877572
0.870899
0.878148
0.885868
0.878095
0.925173
0.870170
0.881687
0.878975
0.916610
0.878423
0.871803
0.914590
0.886433
0.869469
0.846769
0.853206
0.860853
0.855224
0.881142
0.875471
0.901084
0.898238
0.884846
0.919555
0.855474
0.854023
0.865804
0.869400
0.851505
0.903634
0.882367
0.874740
0.878261
0.861245
0.861519
0.883919
0.860195
0.846829
0.849451
0.862545
0.831479
0.829476
0.847194
0.837998
0.829779
0.848279
0.850875
0.854038
0.850772
0.847326
0.845098
0.841238
0.843983
0.835948
0.831856
0.839744
0.843933
0.839959
0.885377
0.849186
0.844575
0.879486
0.839541
0.847205
0.855400
0.846349
0.873342
0.877744
0.843773
0.842369
0.841732
0.840536
0.853188
0.871755
0.862933
0.849111
0.860565
0.856864
0.863481
0.847016
0.847864
0.847638
0.850214
0.854364
0.843709
0.846989
0.846026
0.842477
0.849642
0.846236
0.858462
0.859188
0.852757
0.857765
0.856937
0.859718
0.853356
0.851662
0.861157
0.849152
0.879206
0.880944
0.888265
0.883114
0.883926
0.864938
0.884408
0.878940
0.880445
0.885869
0.893801
0.894032
0.897862
0.903573
0.892072
0.889588
0.876040
0.888528
0.881106
0.880779
0.886427
0.880701
0.866900
0.864555
0.877656
0.881965
0.875161
0.882304
0.870760
0.898453
0.919772
0.895505
0.878435
0.887428
0.886382
0.883720
0.880712
0.896572
0.873091
0.865151
0.866744
0.890760
0.905814
0.905168
0.868844
0.858604
0.887518
0.856108
0.870511
0.849320
0.852582
0.850312
0.845751
0.844850
0.849126
0.855180
0.876793
0.877166
0.862481
0.865422
0.872044
0.877512
0.868729
0.857950
0.846767
0.840658
0.855869
0.840220
0.875711
0.854337
0.881112
0.883198
0.891229
0.889371
0.888111
0.870989
0.888918
0.872704
0.894925
0.882128
0.869932
0.861985
0.881774
0.878164
0.898028
0.881401
0.890983
0.879657
0.878003
0.882833
0.892008
0.880028
0.882489
0.876086
0.886214
0.886663
0.857353
0.865684
0.860849
0.864075
0.847957
0.853891
0.855263
0.861917
0.862139
0.861916
0.864121
0.860031
0.865928
0.861768
0.867048
0.855244
0.869664
0.869757
0.877932
0.872165
0.872228
0.853078
0.865033
0.862355
0.882504
0.879420
0.874192
0.903918
0.919767
0.908251
0.877476
0.894740
0.877302
0.887909
0.867311
0.862079
0.863446
0.878183
0.870082
0.873879
0.890618
0.885843
0.879678
0.867324
0.887350
0.869893
0.888551
0.884301
0.871670
0.888662
0.888774
0.860109
0.856616
0.852199
0.855339
0.860678
0.853623
0.853354
0.849596
0.845789
0.850505
0.855621
0.855055
0.876961
0.874297
0.862454
0.861278
0.868239
0.868729
0.868696
0.861770
0.853455
0.843063
0.865457
0.869726
0.891724
0.847546
0.891210
0.853231
0.853087
0.875492
0.850236
0.868570
0.840308
0.842922
0.720750
0.828707
0.824739
0.807287
0.913323
0.875180
0.886404
0.860384
0.884599
0.879771
0.856972
0.861442
0.827016
0.846479
0.899194
0.912807
0.879778
0.860540
0.867071
0.889224
0.886407
0.860891
0.823123
0.817557
0.872094
0.865275
0.857551
0.884887
0.876915
0.892949
0.884163
0.891278
0.821911
0.843475
0.854050
0.861677
0.854380
0.860543
0.893586
0.870414
0.847329
0.859632
0.817667
0.843426
0.871083
0.839683
0.884893
0.844120
0.832365
0.870287
0.877707
0.859512
0.802748
0.812183
0.845094
0.835433
0.842207
0.829602
0.836219
0.845266
0.835708
0.835327
0.807193
0.816470
0.860567
0.861354
0.837265
0.852193
0.846653
0.835850
0.806378
0.885473
0.887072
0.894622
0.878779
0.886348
0.887885
0.895956
0.865135
0.884396
0.749557
0.827996
0.844210
0.841610
0.910727
0.901644
0.877015
0.880739
0.896423
0.882711
0.882653
0.830753
0.839700
0.858428
0.855373
0.863849
0.843582
0.845887
0.857069
0.854350
0.846819
0.846037
0.827911
0.824155
0.823410
0.865919
0.866471
0.880827
0.880767
0.874773
0.861238
0.861914
0.892074
0.872413
0.871833
0.864342
0.884624
0.864582
0.846441
0.862820
0.852219
0.850261
0.881737
0.853025
0.843646
0.848311
0.876584
0.876255
0.878340
0.887822
0.867277
0.867786
0.878548
0.873817
0.876635
0.861041
0.873669
0.874392
0.861659
0.859183
0.874928
0.870388
0.873290
0.864213
0.863085
0.830004
0.828815
0.829363
0.875030
0.872519
0.888283
0.894689
0.884142
0.864037
0.880409
0.855788
0.863231
0.865572
0.855681
0.859027
0.853903
0.856926
0.857623
0.823650
0.883191
0.877353
0.883481
0.877642
0.870002
0.893405
0.852857
0.858528
0.845123
0.852422
0.844147
0.848317
0.845309
0.838765
0.821264
0.826506
0.874284
0.870830
0.863269
0.867191
0.873355
0.873062
0.861209
0.837179
0.826789
0.847578
0.859377
0.854580
0.864183
0.852731
0.862750
0.841574
0.869147
0.867198
0.869146
0.881987
0.867126
0.872926
0.850706
0.841491
0.843536
0.863677
0.855928
0.851498
0.873940
0.848681
0.840464
0.857898
0.871199
0.874324
0.861634
0.868334
0.862092
0.889521
0.877025
0.878495
0.863174
0.873406
0.881488
0.833115
0.838796
0.836121
0.849774
0.853047
0.855351
0.839009
0.853078
0.852757
0.861795
0.864907
0.870212
0.853570
0.845609
0.850545
0.864372
0.869229
0.875182
0.897595
0.865849
0.876127
0.896923
0.867907
0.876763
0.877587
0.899901
0.895192
0.919278
0.910023
0.884515
0.877724
0.876637
0.882904
0.883903
0.865317
0.870522
0.860594
0.865186
0.881593
0.882873
0.864727
0.871930
0.885961
0.899000
0.886913
0.900133
0.865333
0.884646
0.852052
0.848689
0.843823
0.847542
0.857288
0.842583
0.850006
0.834482
0.845078
0.839025
0.840930
0.841886
0.851234
0.843545
0.849113
0.848500
0.859765
0.846154
0.855941
0.860358
0.841101
0.866167
0.891494
0.867695
0.847972
0.877901
0.838070
0.867936
0.855511
0.832772
0.865441
0.838211
0.870594
0.861718
0.868704
0.862532
0.873265
0.843256
0.848913
0.846431
0.844875
0.858769
0.851785
0.844250
0.822221
0.829065
0.847675
0.835311
0.863024
0.872273
0.849948
0.859007
0.863066
0.850250
0.874808
0.866188
0.856381
0.869460
0.872577
0.859383
0.871062
0.870205
0.865948
0.875449
0.860868
0.885168
0.862287
0.880140
0.872768
0.853290
0.761945
0.830084
0.838404
0.849307
0.853307
0.844531
0.849147
0.842020
0.840992
0.860639
0.852838
0.849791
0.823758
0.825282
0.893152
0.901513
0.910570
0.876181
0.901508
0.884548
0.914640
0.883570
0.869336
0.880995
0.853018
0.832489
0.831307
0.895388
0.879630
0.890240
0.885862
0.887373
0.888799
0.876128
0.853790
0.853247
0.843107
0.851958
0.849396
0.854826
0.844427
0.847969
0.823369
0.831697
0.875954
0.897528
0.874514
0.866213
0.857629
0.860174
0.850110
0.846907
0.826344
0.824458
0.864706
0.880391
0.867269
0.884455
0.902652
0.882625
0.872841
0.889789
0.830124
0.836758
0.889576
0.893587
0.920660
0.907481
0.874630
0.903737
0.848924
0.896372
0.892641
0.903984
0.906445
0.905660
0.893301
0.888362
0.900429
0.895945
0.899966
0.888111
0.902897
0.892110
0.899997
0.904602
0.880353
0.863666
0.866237
0.879389
0.861414
0.887662
0.879179
0.877311
0.882652
0.879241
0.890497
0.890107
0.870269
0.861105
0.861514
0.879946
0.864596
0.861152
0.863030
0.862810
0.859847
0.865320
0.859890
0.858325
0.853839
0.856049
0.865007
0.869159
0.852216
0.865087
0.861567
0.860411
0.866704
0.860255
0.866827
0.864914
0.854853
0.866844
0.858302
0.863862
0.860949
0.859970
0.875533
0.875332
0.867946
0.851351
0.865235
0.871873
0.867505
0.879049
0.833165
0.868417
0.878015
0.833679
0.843856
0.839596
0.838908
0.843970
0.827058
0.830056
0.859721
0.872129
0.873101
0.865411
0.932011
0.937557
0.904170
0.882918
0.885539
0.889301
0.893169
0.898803
0.928910
0.922806
0.952045
0.960185
0.922730
0.955972
0.947532
0.960600
0.925353
0.917192
0.942646
0.923018
0.927828
0.925123
0.916790
0.916541
0.912375
0.929959
0.926541
0.923268
0.914325
0.909554
0.908384
0.906120
0.880929
0.890590
0.890896
0.880356
0.874726
0.888675
0.892876
0.895307
0.904332
0.898116
0.890329
0.907414
0.878792
0.874723
0.864483
0.880128
0.872050
0.854457
0.882142
0.871467
0.842546
0.895907
0.865569
0.863526
0.869168
0.874270
0.905299
0.894125
0.862486
0.865416
0.841807
0.868871
0.853766
0.838886
0.849269
0.851017
0.837802
0.848298
0.867294
0.875797
0.862471
0.868612
0.850120
0.845625
0.856496
0.840402
0.843680
0.853557
0.866658
0.856032
0.847193
0.863377
0.864054
0.847816
0.846249
0.845212
0.849044
0.843536
0.856474
0.851512
0.862774
0.870946
0.866772
0.864753
0.872660
0.872338
0.873522
0.867364
0.861418
0.860372
0.877319
0.861275
0.873571
0.871295
0.873339
0.874524
0.872692
0.874165
0.874123
0.872724
0.873128
0.874188
0.874286
0.874405
0.873441
0.773712
0.547481
0.840879
0.769817
0.541677
0.837036
0.865062
0.864660
0.866095
0.831521
0.840194
0.746211
0.478008
0.541551
0.778954
0.351467
0.573282
0.276977
0.351657
0.571394
0.274283
0.348123
0.343985
0.311007
0.340500
0.277040
0.274640
0.396494
0.644819
0.574549
0.357785
0.853319
0.850449
0.796957
0.780738
0.828239
0.794687
0.901727
0.853224
0.894004
0.896340
0.890618
0.888476
0.866959
0.871008
0.868579
0.896985
0.894148
0.877424
0.875501
0.872018
0.878035
0.879458
0.862424
0.868877
0.885912
0.889176
0.884481
0.903612
0.903263
0.890538
0.888812
0.892773
0.903230
0.872470
0.883506
0.910042
0.896365
0.902545
0.896150
0.900080
0.955533
0.958669
0.963089
0.949383
0.961467
0.955284
0.970656
0.936738
0.964067
0.945521
0.960118
0.954358
0.952165
0.949761
0.972547
0.941206
0.939188
0.930391
0.918387
0.934443
0.931309
0.931214
0.935989
0.943811
0.922110
0.922804
0.932496
0.928451
0.933136
0.948504
0.929532
0.941095
0.939613
0.937506
0.827177
0.594440
0.913596
0.838832
0.589649
0.920026
0.935683
0.932452
0.889786
0.903127
0.794300
0.514479
0.582874
0.833892
0.357219
0.552930
0.291917
0.358128
0.551508
0.290951
0.368177
0.375188
0.336060
0.370048
0.295525
0.290676
0.390909
0.621138
0.545503
0.358371
0.858901
0.834727
0.858856
0.837535
0.741950
0.742227
0.773852
0.741649
0.848797
0.836702
0.868644
0.864889
0.870924
0.871122
0.867655
0.866386
0.863840
0.869337
0.868940
0.866732
0.867423
0.865066
0.865398
0.863855
0.867127
0.867756
0.866456
0.870085
0.864647
0.864574
0.864152
0.851487
0.859973
0.877090
0.855220
0.859360
0.873708
0.869099
0.866650
0.866992
0.869485
0.869282
0.866610
0.880607
0.862227
0.858820
0.865882
0.861814
0.869939
0.889116
0.865538
0.874837
0.879311
0.857348
0.849359
0.857698
0.858554
0.867329
0.879201
0.864442
0.864089
0.865008
0.864553
0.874490
0.890968
0.881777
0.887779
0.897426
0.883787
0.868783
0.869332
0.871286
0.864816
0.884154
0.882526
0.872414
0.893553
0.897219
0.881133
0.907726
0.903367
0.904264
0.897409
0.911517
0.905024
0.908063
0.897528
0.907836
0.913348
0.906512
0.912284
0.883133
0.881025
0.889566
0.885870
0.890505
0.890997
0.894838
0.890121
0.902886
0.893331
0.906952
0.904632
0.889014
0.900777
0.887108
0.905404
0.900754
0.863601
0.873823
0.868269
0.870599
0.868807
0.869559
0.873051
0.873126
0.873358
0.876679
0.875482
0.867094
0.865674
0.865214
0.867308
0.899382
0.903921
0.901558
0.893956
0.904115
0.900366
0.911031
0.908953
0.892266
0.912562
0.893493
0.894862
0.904165
0.902727
0.904093
0.892830
0.880911
0.896246
0.880354
0.897902
0.900237
0.891044
0.886208
0.889892
0.887237
0.886854
0.892613
0.892117
0.893005
0.889675
0.885591
0.891939
0.883678
0.891796
0.894644
0.872671
0.889572
0.892505
0.879208
0.884160
0.890806
0.880941
0.885398
0.879187
0.891897
0.881499
0.887120
0.872509
0.871011
0.867176
0.864489
0.856292
0.859847
0.872169
0.884124
0.858635
0.872362
0.842419
0.846312
0.850577
0.866772
0.869850
0.883556
0.882514
0.879733
0.858593
0.878335
0.883541
0.858129
0.871596
0.877353
0.877641
0.874300
0.866287
0.866953
0.878505
0.895222
0.882162
0.879475
0.869985
0.862786
0.886183
0.872498
0.880719
0.895070
0.858490
0.859254
0.857075
0.855875
0.898261
0.888400
0.881129
0.867807
0.877371
0.870239
0.913611
0.945557
0.896216
0.905988
0.945441
0.912653
0.884376
0.894977
0.900404
0.899395
0.895653
0.916654
0.890333
0.919414
0.917412
0.904234
0.942421
0.952306
0.989182
0.987518
0.999554
1.000000
0.999577
0.923453
0.944418
0.912759
0.999612
0.933338
0.996951
0.951385
0.897753
0.914419
0.901236
0.899542
0.901531
0.913950
0.900268
0.913099
0.895780
0.909787
0.898658
0.910662
0.909722
0.906645
0.898431
0.915139
0.919484
0.917505
0.916064
0.905833
0.917909
0.907235
0.918163
0.918349
0.920633
0.928283
0.923282
0.903201
0.882770
0.887107
0.895798
0.898151
0.890385
0.887327
0.884606
0.887515
0.903495
0.889606
0.887735
0.882294
0.897313
0.880467
0.876282
0.879682
0.873607
0.883688
0.885908
0.880702
0.886033
0.892041
0.905162
0.877192
0.893314
0.849946
0.862062
0.865026
0.870101
0.870749
0.871477
0.865871
0.850810
0.872073
0.859305
0.863855
0.865244
0.870145
0.870666
0.873290
0.869239
0.874899
0.898617
0.858918
0.872703
0.892058
0.871346
0.879853
0.890957
0.871113
0.868183
0.878345
0.866884
0.867502
0.873462
0.876126
0.864232
0.888084
0.905636
0.906088
0.894633
0.907715
0.907450
0.857528
0.866781
0.875112
0.875049
0.916621
0.909273
0.925552
0.905250
0.906406
0.914822
0.904936
0.934519
0.899059
0.899348
0.928616
0.889487
0.895319
0.902975
0.894350
0.911303
0.923459
0.897531
0.952327
0.940083
0.928316
0.924927
0.970456
0.970451
0.967402
0.951066
0.955865
0.905084
0.940565
0.914083
0.936687
0.935018
0.937342
0.930761
0.920777
0.935150
0.903376
0.902681
0.891198
0.877322
0.872287
0.897619
0.887657
0.862545
0.851704
0.845736
0.870605
0.847241
0.877557
0.880226
0.877541
0.872901
0.872596
0.935669
0.905943
0.922241
0.877201
0.914300
0.895563
0.908434
0.906953
0.897977
0.882741
0.937920
0.915718
0.933968
0.943951
0.944490
0.924873
0.945457
0.900349
0.895178
0.904333
0.913990
0.892268
0.914379
0.899514
0.902298
0.888126
0.893191
0.892658
0.879292
0.881065
0.871477
0.882938
0.877725
0.893618
0.887529
0.891658
0.886841
0.886814
0.887335
0.882898
0.863117
0.871538
0.881846
0.867283
0.844013
0.864277
0.848854
0.875726
0.868817
0.849258
0.865563
0.852562
0.839410
0.856591
0.840829
0.836064
0.861321
0.889416
0.889070
0.875866
0.883021
0.878213
0.867196
0.865982
0.853716
0.863110
0.873832
0.879671
0.876428
0.864824
0.932434
0.908047
0.925197
0.903386
0.877751
0.867424
0.870522
0.858684
0.921298
0.916921
0.884992
0.874181
0.897423
0.920127
0.896746
0.920025
0.908174
0.886748
0.864722
0.877665
0.892777
0.895731
0.902614
0.892618
0.918919
0.891648
0.947740
0.925791
0.916594
0.946535
0.953748
0.939299
0.932407
0.951784
0.925262
0.919921
0.924029
0.922724
0.921839
0.942148
0.964429
0.950154
0.936611
0.933077
0.888220
0.892873
0.875864
0.918516
0.896817
0.891868
0.884465
0.885123
0.887306
0.880233
0.902096
0.900348
0.876687
0.899734
0.890808
0.900328
0.870123
0.859479
0.874753
0.874518
0.848828
0.882568
0.883339
0.882364
0.893314
0.891226
0.886541
0.884706
0.875901
0.851227
0.840773
0.881930
0.853207
0.834245
0.851766
0.836778
0.836729
0.845876
0.875169
0.843261
0.825345
0.843005
0.825951
0.838525
0.863973
0.819504
0.828064
0.834227
0.876620
0.865994
0.868526
0.868762
0.848311
0.856871
0.857849
0.860028
0.858140
0.856040
0.846652
0.860727
0.854182
0.879438
0.852673
0.872279
0.874305
0.862269
0.895926
0.869440
0.873540
0.900289
0.875771
0.860406
0.856009
0.834964
0.889966
0.890693
0.875979
0.848536
0.857011
0.884010
0.887605
0.902029
0.889714
0.911491
0.933302
0.887802
0.862090
0.863905
0.854919
0.863890
0.882973
0.885143
0.868178
0.893832
0.912011
0.903163
0.919576
0.924889
0.918595
0.922478
0.906078
0.882514
0.901145
0.927936
0.919244
0.902073
0.881515
0.881697
0.897140
0.878814
0.872845
0.898289
0.889395
0.876257
0.906115
0.915338
0.923915
0.897840
0.878519
0.891809
0.873205
0.877478
0.870516
0.887326
0.879854
0.878568
0.855017
0.868057
0.849905
0.852392
0.856683
0.848304
0.859909
0.877221
0.869156
0.842954
0.847205
0.874116
0.856230
0.854640
0.849750
0.844607
0.848421
0.861517
0.857961
0.851642
0.846055
0.850123
0.856953
0.844738
0.826958
0.828514
0.852118
0.820126
0.809812
0.817819
0.824676
0.820782
0.814143
0.815155
0.832951
0.817533
0.830041
0.798717
0.800117
0.804543
0.799444
0.813361
0.801597
0.848973
0.863307
0.829186
0.847423
0.843352
0.828601
0.835607
0.855607
0.826398
0.846883
0.812682
0.823741
0.808063
0.816490
0.834696
0.814170
0.858366
0.875324
0.877955
0.843409
0.830217
0.873587
0.837741
0.839465
0.812005
0.825057
0.847843
0.858061
0.827095
0.822704
0.833124
0.853304
0.865430
0.874495
0.875126
0.868917
0.886018
0.867420
0.873954
0.848815
0.831828
0.831878
0.858723
0.857670
0.847107
0.864956
0.865543
0.853380
0.873893
0.886547
0.917608
0.878926
0.897923
0.871609
0.867461
0.875402
0.859504
0.870009
0.862896
0.870913
0.879356
0.914364
0.863588
0.852638
0.855425
0.880762
0.885809
0.883500
0.876936
0.877388
0.882330
0.864436
0.852055
0.867123
0.846322
0.863111
0.845457
0.861998
0.859440
0.851082
0.870880
0.862472
0.862073
0.862471
0.886842
0.863118
0.860039
0.857065
0.864005
0.857530
0.868285
0.850389
0.849440
0.867805
0.854152
0.858634
0.869743
0.848801
0.841261
0.845341
0.853046
0.845566
0.859331
0.857995
0.857473
0.861282
0.859880
0.849878
0.834062
0.844730
0.851509
0.798396
0.816387
0.803385
0.800289
0.804678
0.797422
0.822606
0.829015
0.822328
0.849351
0.809084
0.804430
0.820991
0.812158
0.806065
0.822057
0.806403
0.814890
0.803596
0.810038
0.819745
0.805413
0.818167
0.808386
0.831885
0.812648
0.809378
0.803065
0.812195
0.825936
0.823519
0.810527
0.834107
0.830438
0.850546
0.824921
0.820971
0.860736
0.812641
0.819055
0.827121
0.818041
0.840380
0.855802
0.823260
0.820296
0.812488
0.819046
0.856144
0.860361
0.850622
0.835703
0.842919
0.845582
0.822023
0.815409
0.826457
0.815895
0.847175
0.844232
0.840183
0.843922
0.849704
0.843923
0.867981
0.868307
0.841269
0.839971
0.867178
0.841286
0.847203
0.848311
0.846819
0.844531
0.844775
0.845528
0.860153
0.846339
0.844848
0.841443
0.855519
0.859278
0.856089
0.849639
0.860160
0.854524
0.841759
0.846258
0.845652
0.856228
0.845063
0.854987
0.866787
0.863588
0.876563
0.878104
0.863236
0.867970
0.870872
0.863091
0.872796
0.858967
0.869880
0.868245
0.872988
0.858081
0.872689
0.867705
0.873290
0.873978
0.846809
0.834059
0.848901
0.856785
0.836149
0.862177
0.851664
0.871449
0.861383
0.863616
0.854537
0.846368
0.840609
0.852395
0.813109
0.796847
0.829062
0.817555
0.822296
0.819297
0.824957
0.823949
0.844760
0.831009
0.818216
0.809478
0.829271
0.870729
0.816016
0.811700
0.817559
0.822670
0.811885
0.822925
0.854842
0.827804
0.808950
0.817709
0.822295
0.828517
0.868666
0.835858
0.867794
0.850172
0.845292
0.841960
0.852982
0.825448
0.857482
0.849415
0.831843
0.869958
0.816903
0.859212
0.852799
0.846612
0.883407
0.884366
0.863027
0.842079
0.839951
0.850172
0.856042
0.854901
0.840557
0.851999
0.850506
0.842060
0.835057
0.835300
0.847310
0.845549
0.850953
0.846250
0.854947
0.853579
0.847656
0.849115
0.855892
0.857247
0.848010
0.860071
0.850465
0.850851
0.856843
0.853128
0.860646
0.849953
0.853892
0.849722
0.866171
0.848463
0.848042
0.843742
0.855658
0.854329
0.842055
0.847636
0.864586
0.849613
0.869164
0.851538
0.870985
0.853151
0.870764
0.879003
0.869747
0.871764
0.873876
0.870335
0.873450
0.858841
0.849014
0.871597
0.845416
0.868259
0.869541
0.856384
0.819865
0.907758
0.837694
0.815703
0.876805
0.844252
0.841427
0.845578
0.828766
0.834078
0.824802
0.882703
0.856856
0.871826
0.896017
0.868663
0.886822
0.828468
0.841129
0.860664
0.853015
0.896630
0.862695
0.859864
0.895340
0.850408
0.852664
0.862140
0.858015
0.873185
0.858059
0.862017
0.850153
0.853565
0.867621
0.868861
0.869899
0.863303
0.872591
0.872502
0.867382
0.862672
0.866392
0.878824
0.870442
0.870238
0.871620
0.879426
0.876041
0.871742
0.867507
0.855896
0.869113
0.868872
0.863298
0.853198
0.860920
0.850555
0.819410
0.844657
0.839581
0.844446
0.818815
0.883405
0.869137
0.876703
0.833837
0.840055
0.866036
0.872858
0.858486
0.863966
0.881112
0.857796
0.898716
0.854004
0.849466
0.902481
0.850820
0.859890
0.866225
0.861113
0.860566
0.858289
0.863559
0.856926
0.867766
0.865555
0.863437
0.862895
0.865702
0.871131
0.865020
0.874488
0.873076
0.870834
0.860109
0.852828
0.865326
0.869920
0.861207
0.849539
0.861686
0.822706
0.831748
0.823190
0.843380
0.837160
0.839624
0.843106
0.823495
0.833794
0.862442
0.869501
0.835778
0.838984
0.841521
0.860300
0.882396
0.857516
0.850748
0.895337
0.868075
0.861287
0.896337
0.871385
0.872364
0.866748
0.856930
0.862020
0.871666
0.855791
0.861478
0.865675
0.872045
0.862278
0.866194
0.863351
0.863307
0.864301
0.864710
0.863524
0.869668
0.862964
0.862153
0.870503
0.880787
0.883309
0.872043
0.871072
0.869099
0.867058
0.853690
0.856871
0.841368
0.829804
0.821836
0.831904
0.844850
0.880911
0.862524
0.887390
0.860545
0.862472
0.895376
0.880102
0.868635
0.864179
0.857874
0.864445
0.876721
0.875173
0.874331
0.862970
0.864187
0.876107
0.878058
0.870098
0.844228
0.840832
0.873393
0.843922
0.555872
0.741119
0.558244
0.740341
0.553408
0.541513
0.742444
0.836874
0.865070
0.837036
0.546004
0.720066
0.535525
0.546009
0.724238
0.852618
0.843871
0.860376
0.827200
0.820713
0.834420
0.838560
0.547644
0.744979
0.543024
0.741865
0.539566
0.523823
0.736842
0.740395
0.831680
0.819730
0.829765
0.791620
0.805560
0.798141
0.838743
0.809670
0.519879
0.727851
0.511240
0.702038
0.507196
0.518679
0.716808
0.725409
0.883296
0.859562
0.879567
0.847125
0.835358
0.829095
0.849216
0.823587
0.516031
0.720921
0.529975
0.731261
0.524337
0.540801
0.726722
0.722488
0.880025
0.846649
0.893439
0.837447
0.823961
0.880228
0.858544
0.839073
0.518774
0.726482
0.570889
0.777069
0.553998
0.534829
0.739832
0.742167
0.876425
0.859803
0.853321
0.841830
0.833835
0.857204
0.837238
0.534810
0.754526
0.535162
0.782719
0.548648
0.552924
0.771984
0.753881
0.876114
0.864206
0.848571
0.855372
0.547545
0.776065
0.543443
0.791187
0.498810
0.784613
0.870598
0.857612
0.784949
0.499188
0.547552
0.547177
0.762822
0.784986
0.866870
0.868788
0.848890
0.850160
0.870563
0.857587
0.547736
0.770614
0.539994
0.779677
0.542276
0.786074
0.355697
0.365423
0.358878
0.301320
0.307363
0.305951
0.358387
0.302296
0.588101
0.386218
0.593952
0.382341
0.595205
0.595380
0.396013
0.394028
0.357724
0.358621
0.305088
0.301673
0.364728
0.308586
0.599098
0.395151
0.598969
0.378949
0.596336
0.379981
0.359740
0.361574
0.355834
0.293654
0.268564
0.296336
0.357749
0.307910
0.588551
0.380200
0.584276
0.368931
0.572106
0.551157
0.352898
0.358423
0.340657
0.321119
0.324705
0.256293
0.247972
0.239388
0.334624
0.259707
0.541491
0.324805
0.539066
0.313455
0.518164
0.511874
0.323367
0.313889
0.327282
0.326303
0.328353
0.261004
0.261415
0.256085
0.316767
0.259769
0.519344
0.331060
0.522051
0.333664
0.528624
0.536158
0.326594
0.329999
0.326769
0.326514
0.319477
0.263198
0.264751
0.257501
0.324736
0.259045
0.534395
0.331160
0.545607
0.329917
0.552026
0.538204
0.354390
0.342232
0.334503
0.335326
0.334521
0.272251
0.277957
0.269003
0.337612
0.266003
0.547693
0.357132
0.554774
0.351142
0.553834
0.562944
0.356598
0.355353
0.364778
0.344941
0.347705
0.276061
0.324139
0.273835
0.342290
0.272095
0.574814
0.366758
0.581973
0.363151
0.588696
0.315459
0.340618
0.340983
0.340630
0.278483
0.276249
0.324329
0.364413
0.278060
0.589426
0.315781
0.586123
0.568029
0.356688
0.357031
0.340487
0.344966
0.273459
0.273034
0.340348
0.275390
0.581245
0.356357
0.573129
0.353201
0.579803
0.357529
0.816890
0.818002
0.839278
0.914115
0.899460
0.930712
0.838766
0.928211
0.957948
0.953114
0.808092
0.818736
0.911893
0.938631
0.789123
0.781392
0.796944
0.878570
0.867992
0.893035
0.796921
0.917166
0.925031
0.721755
0.717009
0.733336
0.818639
0.805794
0.806828
0.757323
0.815033
0.831244
0.842583
0.731764
0.727339
0.742138
0.822299
0.825164
0.838034
0.727796
0.818794
0.857240
0.862965
0.851556
0.742425
0.759690
0.744834
0.831073
0.835771
0.823530
0.729896
0.828549
0.853283
0.859628
0.856483
0.755226
0.764286
0.744071
0.861549
0.867773
0.836047
0.757953
0.834078
0.869506
0.897557
0.887693
0.818672
0.789314
0.907044
0.872802
0.781697
0.877031
0.897141
0.891361
0.794045
0.906811
0.818801
0.890975
0.888003
0.888953
0.799323
0.779781
0.898590
0.920638
0.810496
0.912613
0.884068
0.898075
0.956287
0.950438
0.953975
0.946742
0.937471
0.895636
0.884719
0.916717
0.933623
0.931402
0.912472
0.892850
0.899413
0.830067
0.853216
0.859072
0.830809
0.834116
0.833842
0.841566
0.831290
0.849353
0.864464
0.853789
0.851417
0.858270
0.855014
0.861885
0.850248
0.853924
0.851013
0.855159
0.862951
0.866319
0.871856
0.896648
0.891697
0.894990
0.889300
0.890502
0.884362
0.886650
0.900794
0.941925
0.939211
0.938551
0.936600
0.935413
0.942838
0.935001
0.922832
0.939489
0.902531
0.894409
0.889552
0.877204
0.902001
0.935772
0.917922
0.915752
0.872436
0.886810
0.837155
0.842259
0.820629
0.844465
0.843910
0.821541
0.853268
0.856908
0.861444
0.829866
0.841933
0.836909
0.864398
0.840266
0.866000
0.855742
0.843092
0.866270
0.853287
0.856044
0.859877
0.872762
0.849432
0.853666
0.855506
0.855944
0.862763
0.857861
0.862123
0.855552
0.849045
0.842545
0.847785
0.857922
0.856746
0.852024
0.894078
0.891115
0.868129
0.886132
0.894483
0.870898
0.863432
0.870549
0.871769
0.889405
0.875667
0.893008
0.894125
0.900290
0.899978
0.883255
0.894800
0.904405
0.904277
0.897442
0.880759
0.890466
0.900498
0.906982
