0.556379
0.519418
0.485877
0.533483
0.460444
0.453582
0.410907
0.469578
0.495275
0.585363
0.577229
0.548350
0.571863
0.526140
0.545467
0.615213
0.609315
0.603540
0.618733
0.581891
0.572989
0.532776
0.529575
0.501957
0.474630
0.476269
0.489892
0.515668
0.482750
0.476664
0.512588
0.428572
0.455218
0.453665
0.414634
0.417239
0.430720
0.447472
0.409931
0.423193
0.476599
0.442476
0.463758
0.434722
0.438258
0.444125
0.445144
0.410182
0.429247
0.425261
0.432792
0.440189
0.433849
0.433579
0.446577
0.465071
0.448752
0.403754
0.419478
0.438302
0.440154
0.412475
0.420860
0.439625
0.415262
0.480348
0.496864
0.456502
0.449490
0.557202
0.493532
0.402831
0.412904
0.398845
0.374577
0.433696
0.467235
0.488304
0.500682
0.479427
0.467828
0.538091
0.536094
0.511777
0.510790
0.590185
0.620272
0.618340
0.604902
0.612736
0.611855
0.597916
0.607951
0.610229
0.515335
0.555504
0.578842
0.526908
0.580441
0.501697
0.538054
0.514836
0.586997
0.629462
0.616120
0.355531
0.397356
0.366156
0.332785
0.361054
0.332858
0.367770
0.330176
0.342247
0.308567
0.292996
0.301010
0.305779
0.278807
0.281537
0.267630
0.320709
0.338227
0.331182
0.309714
0.394286
0.410275
0.378894
0.392247
0.405869
0.438158
0.466091
0.481366
0.443966
0.490363
0.507738
0.518248
0.461167
0.500851
0.539977
0.420260
0.320377
0.280344
0.275783
0.312671
0.261232
0.262046
0.352581
0.345095
0.370267
0.362433
0.319086
0.323150
0.287312
0.291085
0.258386
0.263124
0.601216
0.588041
0.613818
0.611880
0.570802
0.604221
0.623029
0.637226
0.625435
0.597949
0.617974
0.640561
0.568372
0.568756
0.547474
0.537210
0.583917
0.591672
0.608604
0.604785
0.616003
0.631573
0.624250
0.640370
0.623936
0.631333
0.629757
0.631007
0.576063
0.582169
0.604906
0.606919
0.455741
0.466688
0.400128
0.415065
0.437908
0.345659
0.336763
0.368522
0.424745
0.400417
0.369705
0.382686
0.400974
0.385218
0.406957
0.385827
0.454780
0.444842
0.543802
0.513065
0.420641
0.450047
0.465192
0.426950
0.517097
0.549844
0.552154
0.489552
0.454744
0.400364
0.411539
0.432830
0.390129
0.380527
0.405612
0.454093
0.370928
0.412896
0.447972
0.410310
0.486516
0.520241
0.557358
0.453594
0.418548
0.473958
0.416312
0.562266
0.432096
0.416708
0.424817
0.422985
0.513132
0.484205
0.435983
0.447274
0.428855
0.467919
0.465143
0.438837
0.478743
0.485841
0.513313
0.466829
0.517468
0.517567
0.472676
0.482949
0.599538
0.580547
0.603208
0.630750
0.561152
0.585207
0.601066
0.621996
0.641904
0.669337
0.617117
0.652133
0.696999
0.669724
0.709770
0.560135
0.602178
0.557838
0.555182
0.553974
0.630011
0.646408
0.613993
0.632400
0.628916
0.634078
0.641022
0.641344
0.643353
0.684572
0.689476
0.680339
0.666752
0.641878
0.645501
0.651012
0.677875
0.632995
0.651981
0.674225
0.753282
0.732447
0.758634
0.760356
0.742459
0.765823
0.744561
0.775724
0.778346
0.761547
0.753079
0.724950
0.694555
0.672562
0.630566
0.777091
0.787655
0.773876
0.778243
0.778374
0.774271
0.803024
0.773560
0.810832
0.769735
0.845636
0.824367
0.780568
0.802240
0.841207
0.784013
0.747551
0.765547
0.792286
0.746006
0.755421
0.720145
0.814292
0.793710
0.833846
0.803905
0.848686
0.820811
0.874147
0.849545
0.782059
0.727642
0.752699
0.788956
0.733494
0.800018
0.827869
0.835742
0.877778
0.854111
0.804632
0.851745
0.869302
0.824749
0.817630
0.825360
0.810997
0.810098
0.782771
0.743129
0.727691
0.703402
0.714290
0.689578
0.711108
0.673801
0.727527
0.784531
0.753776
0.772052
0.749750
0.772229
0.757479
0.736603
0.764057
0.738216
0.634571
0.702671
0.762769
0.726798
0.774115
0.737326
0.764108
0.799241
0.783359
0.799757
0.792066
0.810977
0.796562
0.801226
0.787923
0.781431
0.767720
0.760678
0.770941
0.765984
0.747588
0.715001
0.720748
0.735492
0.650447
0.659794
0.661851
0.761471
0.682378
0.786442
0.769816
0.748290
0.639911
0.644632
0.745695
0.629683
0.706020
0.620405
0.702641
0.763920
0.742827
0.729911
0.743268
0.807887
0.799380
0.795845
0.793635
0.812623
0.812494
0.801230
0.797022
0.827984
0.793592
0.777314
0.778233
0.783143
0.807526
0.768679
0.683560
0.833252
0.824610
0.837790
0.838207
0.838787
0.826121
0.827631
0.832931
0.759127
0.784696
0.785098
0.774295
0.797522
0.780977
0.729129
0.752381
0.758518
0.710461
0.756470
0.793361
0.782032
0.793787
0.788492
0.804697
0.824521
0.816180
0.790947
0.823267
0.839398
0.794999
0.805516
0.796611
0.786841
0.821901
0.831867
0.813657
0.806918
0.853818
0.834291
0.868785
0.831855
0.839210
0.843730
0.846659
0.842472
0.856982
0.841449
0.865159
0.887552
0.854762
0.835995
0.857406
0.830515
0.847193
0.829697
0.830513
0.838774
0.840360
0.854235
0.875965
0.861211
0.863073
0.844252
0.824538
0.852171
0.832687
0.853458
0.825246
0.826144
0.792225
0.823933
0.665198
0.797046
0.821719
0.815157
0.801246
0.823324
0.806900
0.809030
0.827409
0.845590
0.813063
0.814511
0.822763
0.817343
0.822806
0.824227
0.824060
0.810713
0.791461
0.782841
0.777398
0.791576
0.783222
0.808742
0.804818
0.797980
0.827491
0.811618
0.814112
0.805635
0.793058
0.797224
0.797605
0.802804
0.810455
0.832956
0.811445
0.816418
0.811277
0.807544
0.800947
0.798980
0.816150
0.815320
0.803073
0.818582
0.820428
0.817846
0.816420
0.818240
0.791063
0.771445
0.768183
0.785399
0.769513
0.767236
0.791081
0.789107
0.813046
0.799663
0.814199
0.791991
0.801496
0.781682
0.799512
0.775492
0.787465
0.809916
0.788592
0.779295
0.772806
0.770520
0.753479
0.766546
0.803388
0.791326
0.778714
0.800515
0.804463
0.793746
0.792417
0.803575
0.818934
0.821665
0.817219
0.828893
0.803986
0.826794
0.814260
0.793272
0.808120
0.802002
0.799142
0.819430
0.814562
0.819608
0.813640
0.808697
0.827059
0.825055
0.807489
0.809593
0.796133
0.821539
0.793166
0.791251
0.813667
0.810972
0.817423
0.807334
0.820907
0.790200
0.822346
0.841069
0.844540
0.858791
0.834739
0.832202
0.819682
0.834119
0.876870
0.855630
0.856412
0.863986
0.838106
0.846540
0.858127
0.858555
0.832772
0.796801
0.797754
0.816057
0.822447
0.830139
0.824061
0.851857
0.842677
0.856397
0.823406
0.785017
0.842066
0.816254
0.810699
0.824413
0.817344
0.796373
0.812303
0.829553
0.819130
0.802185
0.854643
0.844570
0.831349
0.828798
0.804999
0.815406
0.826252
0.841019
0.825647
0.783666
0.833611
0.805822
0.820712
0.830249
0.807349
0.815034
0.806953
0.820653
0.802721
0.841765
0.823701
0.815551
0.821966
0.815728
0.824855
0.819644
0.826795
0.827422
0.791031
0.825210
0.825301
0.831858
0.834341
0.835455
0.824598
0.701246
0.734981
0.728209
0.729097
0.663647
0.676265
0.706880
0.751013
0.746525
0.734925
0.726329
0.701924
0.742753
0.750774
0.748132
0.702169
0.721334
0.708229
0.675816
0.677919
0.721104
0.712063
0.739602
0.708955
0.748444
0.747777
0.767268
0.740089
0.778748
0.744289
0.762518
0.756390
0.754566
0.716147
0.746396
0.739346
0.709907
0.724335
0.746246
0.729101
0.742382
0.772963
0.736650
0.730674
0.759248
0.724141
0.790163
0.790914
0.642928
0.710652
0.732827
0.751929
0.728449
0.726153
0.724757
0.742702
0.734084
0.714006
0.756643
0.767132
0.728513
0.764470
0.780936
0.744484
0.814511
0.771985
0.771221
0.754564
0.741042
0.749046
0.717674
0.760349
0.723707
0.712526
0.665633
0.681334
0.819644
0.868605
0.825341
0.758550
0.835526
0.815641
0.786098
0.734743
0.766495
0.729416
0.709897
0.777196
0.739199
0.735585
0.697137
0.660241
0.746447
0.747515
0.783699
0.785316
0.771352
0.751275
0.765542
0.773062
0.751828
0.757790
0.709689
0.742547
0.738253
0.689556
0.700186
0.708302
0.727359
0.704228
0.705265
0.747721
0.689715
0.728207
0.700914
0.742336
0.650242
0.666764
0.683197
0.665027
0.705858
0.701234
0.712082
0.686531
0.676547
0.669681
0.659116
0.675895
0.674586
0.663607
0.680195
0.696756
0.682582
0.692167
0.659759
0.662584
0.741028
0.761462
0.738312
0.724668
0.809698
0.765050
0.732272
0.711451
0.737871
0.708466
0.690775
0.685557
0.717896
0.717664
0.700071
0.706334
0.722431
0.732714
0.723768
0.729954
0.737684
0.769333
0.772466
0.759320
0.809644
0.783443
0.781495
0.782387
0.785417
0.728165
0.757013
0.725792
0.699757
0.784202
0.766959
0.781964
0.769443
0.712022
0.695858
0.796769
0.732022
0.825261
0.759383
0.815132
0.782153
0.761281
0.815061
0.778408
0.748266
0.827616
0.799629
0.748376
0.742940
0.742375
0.747429
0.774849
0.723700
0.803799
0.816266
0.805181
0.788172
0.792045
0.799723
0.782319
0.798171
0.825028
0.822173
0.807542
0.817484
0.773853
0.773734
0.779058
0.749970
0.759333
0.774327
0.790141
0.668203
0.662734
0.690143
0.689885
0.659349
0.696843
0.750554
0.743501
0.748319
0.682561
0.699608
0.753429
0.708790
0.667075
0.685344
0.656898
0.698086
0.635412
0.687436
0.637323
0.708658
0.726459
0.701180
0.698441
0.747167
0.700937
0.732450
0.697176
0.719850
0.733237
0.712514
0.721382
0.738488
0.725330
0.710897
0.728769
0.716044
0.719438
0.710307
0.711035
0.716224
0.712008
0.708572
0.726899
0.723304
0.708621
0.733105
0.721693
0.701781
0.728795
0.723316
0.708772
0.699539
0.702583
0.718154
0.696368
0.684684
0.668960
0.711389
0.720634
0.707676
0.711283
0.668686
0.695113
0.619816
0.655039
0.568133
0.613388
0.712312
0.705655
0.721658
0.736198
0.699240
0.660807
0.730900
0.721754
0.834637
0.769331
0.829324
0.779731
0.792770
0.765745
0.799257
0.773134
0.821469
0.778176
0.791797
0.766401
0.769746
0.729881
0.708240
0.731656
0.755923
0.728116
0.728032
0.739920
0.748113
0.723842
0.690952
0.734017
0.738466
0.639667
0.796946
0.744631
0.800546
0.780835
0.764811
0.783670
0.718285
0.744568
0.758563
0.761271
0.768574
0.790144
0.785602
0.763385
0.756090
0.741395
0.767298
0.731131
0.756150
0.770275
0.714984
0.702952
0.840483
0.802456
0.816728
0.838458
0.755682
0.783198
0.806647
0.857472
0.833681
0.811680
0.794857
0.805203
0.803236
0.844444
0.763171
0.726862
0.758374
0.799685
0.766208
0.755112
0.753577
0.750506
0.711664
0.709406
0.743875
0.723706
0.717055
0.722985
0.765290
0.764333
0.736889
0.733653
0.894296
0.918428
0.923212
0.937749
0.911252
0.924962
0.947326
0.937247
0.857996
0.880320
0.858054
0.828282
0.876588
0.893447
0.884926
0.886932
0.871877
0.898780
0.884203
0.879562
0.884588
0.924846
0.916380
0.891975
0.838023
0.840992
0.857350
0.823353
0.843733
0.811570
0.782372
0.866999
0.885955
0.863005
0.891024
0.782952
0.868729
0.832850
0.773378
0.884667
0.829206
0.779972
0.793880
0.798316
0.744892
0.761068
0.800675
0.802837
0.834648
0.870587
0.736002
0.726332
0.757331
0.805697
0.815993
0.668491
0.688967
0.693223
0.711374
0.712586
0.721130
0.767361
0.736621
0.747989
0.818811
0.832828
0.857666
0.875816
0.836497
0.829120
0.842694
0.833784
0.775348
0.722367
0.709724
0.757662
0.800002
0.828755
0.806340
0.844146
0.848459
0.873528
0.861538
0.834906
0.877339
0.875838
0.894700
0.865463
0.882573
0.840448
0.819689
0.809385
0.784890
0.822384
0.758635
0.653867
0.706114
0.715184
0.701765
0.781677
0.749742
0.674216
0.691769
0.711129
0.803660
0.723708
0.708076
0.775285
0.736454
0.819773
0.899984
0.889342
0.879846
0.875883
0.897084
0.886147
0.880696
0.881964
0.893546
0.898317
0.894363
0.866785
0.881088
0.854692
0.844065
0.895564
0.874921
0.913548
0.939002
0.896739
0.881841
0.314393
0.314028
0.332414
0.310062
0.333416
0.343907
0.343947
0.337772
0.323865
0.298681
0.298240
0.317372
0.256475
0.281755
0.278972
0.289618
0.319734
0.310447
0.365332
0.341473
0.387564
0.405815
0.425093
0.423210
0.414011
0.432899
0.491674
0.497208
0.485000
0.390877
0.422040
0.479935
0.369798
0.373763
0.382111
0.375170
0.611782
0.611850
0.597884
0.604138
0.573464
0.577212
0.527880
0.533030
0.607075
0.586165
0.545081
0.556591
0.649459
0.627320
0.621364
0.633368
0.622442
0.634205
0.609320
0.598312
0.640697
0.622632
0.601260
0.571400
0.565519
0.619531
0.598278
0.562378
0.625509
0.631007
0.633109
0.644112
0.242490
0.320550
0.332694
0.272814
0.434985
0.382005
0.382581
0.336605
0.285101
0.318342
0.274389
0.365169
0.257743
0.254227
0.247494
0.246554
0.445804
0.407547
0.393004
0.422717
0.301457
0.341666
0.300122
0.351040
0.388207
0.421154
0.412178
0.389433
0.425364
0.438570
0.422202
0.434991
0.387899
0.397356
0.339256
0.344242
0.303727
0.337324
0.346107
0.310607
0.347668
0.320862
0.365669
0.355157
0.239245
0.284026
0.307877
0.255451
0.220785
0.259643
0.261345
0.217899
0.475180
0.486476
0.426541
0.410870
0.396392
0.369660
0.360054
0.331378
0.302009
0.334216
0.282622
0.246557
0.438895
0.465995
0.381349
0.353522
0.626920
0.643344
0.625285
0.617305
0.617131
0.608908
0.557179
0.547028
0.573930
0.596900
0.545779
0.526375
0.591817
0.613171
0.596343
0.580606
0.595408
0.598931
0.636220
0.626693
0.646401
0.649253
0.653077
0.650306
0.582416
0.630845
0.635960
0.597521
0.552392
0.563998
0.601470
0.538632
0.757668
0.756906
0.759677
0.754505
0.734490
0.755139
0.727275
0.742136
0.743052
0.722224
0.730259
0.709682
0.755484
0.748357
0.749347
0.732901
0.741263
0.716396
0.686994
0.691690
0.696472
0.691728
0.709435
0.691690
0.720844
0.738205
0.736631
0.731754
0.726953
0.716002
0.724693
0.716461
0.730226
0.728274
0.715705
0.711273
0.725974
0.714831
0.680157
0.697784
0.723505
0.675485
0.671490
0.642763
0.709065
0.685846
0.722035
0.718690
0.761760
0.788878
0.754067
0.724360
0.792725
0.763601
0.707214
0.715206
0.708622
0.687783
0.678256
0.693377
0.660739
0.669261
0.653830
0.705010
0.675998
0.630368
0.730194
0.717750
0.700402
0.683636
0.659633
0.681474
0.734800
0.709132
0.665649
0.657527
0.656586
0.703536
0.689781
0.666733
0.760072
0.741631
0.737597
0.714361
0.747971
0.724305
0.725353
0.714016
0.780184
0.772206
0.773571
0.753826
0.886334
0.894789
0.831277
0.740482
0.715244
0.787553
0.790724
0.745747
0.790055
0.760356
0.745802
0.744287
0.756396
0.767281
0.807936
0.823223
0.730331
0.817877
0.781869
0.727964
0.835415
0.771820
0.683654
0.676789
0.707571
0.714352
0.817201
0.783649
0.915556
0.905694
0.917676
0.962935
0.896882
0.897770
0.952552
0.909733
0.899424
0.894672
0.874571
0.871984
0.892879
0.901102
0.908093
0.897925
0.891675
0.884324
0.872846
0.884481
0.879167
0.916901
0.899519
0.941322
0.928859
0.927026
0.915342
0.918565
0.927349
0.906794
0.902794
0.893758
0.956093
0.908050
0.897256
0.903261
0.905197
0.901881
0.892025
0.899172
0.936214
0.895562
0.994282
0.992738
0.981567
0.983074
0.979986
0.980327
0.983912
0.986875
0.983021
0.958831
0.980470
0.973693
0.993645
0.976808
0.977392
0.948087
0.975322
0.955641
0.967798
0.985188
0.988277
0.975175
0.994192
0.995488
0.988218
0.978851
0.992240
0.992710
0.992633
0.968405
0.999163
1.000000
0.957944
0.956474
0.946465
0.954441
0.953534
0.952537
0.947392
0.912337
0.942850
0.957333
0.988220
0.955409
0.940316
0.996716
0.977000
0.958843
0.956397
0.953473
0.933136
0.953603
0.954627
0.955967
0.963011
0.955002
0.955250
0.952750
0.955491
0.957160
0.928271
0.905998
0.910227
0.890290
0.897337
0.932467
0.922979
0.928057
0.915408
0.936951
0.943055
0.954396
0.947785
0.935010
0.920320
0.945938
0.923458
0.916774
0.939048
0.918457
0.937023
0.939782
0.948815
0.940347
0.956654
0.973487
0.955671
0.969373
0.956177
0.958733
0.936450
0.929678
0.934423
0.907844
0.929521
0.888268
0.887351
0.871869
0.893201
0.888734
0.910255
0.902361
0.897045
0.906235
0.904131
0.898475
0.893390
0.914701
0.909475
0.939361
0.938278
0.940357
0.922249
0.941310
0.922475
0.915925
0.926089
0.926871
0.903359
0.907968
0.924296
0.923039
0.929450
0.932396
0.926635
0.918978
0.896835
0.906069
0.903640
0.912996
0.908075
0.905365
0.905039
0.894774
0.886997
0.913364
0.909273
0.909211
0.904620
0.903509
0.904133
0.900796
0.911779
0.915699
0.884673
0.884000
0.884644
0.894616
0.893063
0.914482
0.905800
0.890235
0.911140
0.880813
0.890646
0.890686
0.884655
0.883698
0.882282
0.880968
0.877632
0.894678
0.890078
0.887588
0.884684
0.887851
0.884434
0.882461
0.899925
0.859462
0.878780
0.870759
0.879704
0.874150
0.943641
0.925301
0.927690
0.941695
0.924537
0.905881
0.919623
0.938390
0.931468
0.944139
0.942983
0.942160
0.943487
0.948958
0.917544
0.933699
0.914770
0.919938
0.917467
0.930212
0.909860
0.918661
0.913246
0.914412
0.920873
0.920157
0.896053
0.928997
0.900053
0.913803
0.910982
0.913396
0.931111
0.924381
0.926967
0.927377
0.909848
0.925570
0.932279
0.910699
0.910844
0.911471
0.907985
0.912336
0.907324
0.907802
0.905269
0.919927
0.927192
0.928254
0.923903
0.916577
0.921260
0.916203
0.921209
0.906052
0.918705
0.914405
0.915112
0.907986
0.911584
0.908058
0.904988
0.904062
0.914550
0.903427
0.913320
0.916683
0.911870
0.912222
0.907166
0.914328
0.917071
0.906514
0.918753
0.939783
0.942910
0.912578
0.938057
0.936526
0.947758
0.928230
0.919335
0.893574
0.898599
0.929780
0.916030
0.917641
0.895921
0.895311
0.917446
0.927737
0.916907
0.917826
0.912997
0.917489
0.919947
0.913362
0.920033
0.936779
0.925379
0.924193
0.932710
0.929240
0.928809
0.920086
0.922922
0.933402
0.928413
0.903148
0.916451
0.898767
0.905845
0.885403
0.908494
0.895869
0.893314
0.910827
0.898351
0.893179
0.890744
0.893851
0.892900
0.884071
0.888488
0.895976
0.901703
0.911435
0.906454
0.915924
0.904876
0.898566
0.897772
0.903837
0.900424
0.905740
0.900861
0.904552
0.909551
0.905243
0.902592
0.912327
0.905105
0.904623
0.901422
0.905042
0.904282
0.905385
0.907082
0.907800
0.905351
0.916517
0.912411
0.913766
0.912801
0.904635
0.934507
0.939953
0.945461
0.943712
0.942220
0.885888
0.893528
0.898141
0.888935
0.887708
0.885371
0.883357
0.895846
0.891886
0.895350
0.896780
0.895778
0.898950
0.896089
0.897527
0.901643
0.910946
0.903099
0.909833
0.900148
0.900688
0.904438
0.909052
0.904435
0.906463
0.904966
0.904650
0.893994
0.904370
0.896478
0.899241
0.893147
0.896828
0.895009
0.917294
0.914062
0.932205
0.911856
0.910187
0.900698
0.902030
0.901137
0.876166
0.884620
0.887577
0.896059
0.892037
0.885320
0.880469
0.904783
0.915854
0.917536
0.915594
0.914509
0.915156
0.920594
0.917008
0.918167
0.914603
0.918633
0.918534
0.918280
0.894801
0.902338
0.905541
0.897475
0.927965
0.916439
0.892698
0.909725
0.904223
0.924125
0.876114
0.894853
0.913329
0.889123
0.886946
0.913406
0.885433
0.908555
0.877200
0.871112
0.870094
0.834007
0.853077
0.861221
0.831323
0.846931
0.848799
0.863066
0.868492
0.875755
0.881094
0.868901
0.847967
0.846489
0.853904
0.852191
0.838962
0.826015
0.835904
0.852380
0.736129
0.754967
0.770444
0.753864
0.801627
0.807772
0.806514
0.791223
0.740216
0.722668
0.737295
0.728800
0.742466
0.725244
0.762005
0.738804
0.758475
0.752866
0.798071
0.785245
0.739522
0.760179
0.758321
0.751160
0.801622
0.804698
0.741138
0.737844
0.742736
0.758419
0.771008
0.761668
0.794168
0.767726
0.809212
0.806583
0.873634
0.871435
0.871998
0.872950
0.886613
0.900364
0.884662
0.842021
0.847010
0.846305
0.838494
0.856157
0.842465
0.841914
0.848745
0.838967
0.842946
0.842736
0.851041
0.841361
0.876054
0.869526
0.843780
0.857298
0.857227
0.849934
0.866626
0.862091
0.839120
0.867949
0.873613
0.877945
0.867456
0.886874
0.856271
0.875895
0.891609
0.872244
0.872520
0.875848
0.867163
0.845572
0.847378
0.849851
0.844531
0.874593
0.854936
0.835573
0.839246
0.838629
0.848174
0.839370
0.850002
0.832907
0.820240
0.828434
0.820510
0.832466
0.823180
0.883564
0.883303
0.890634
0.922313
0.880095
0.895558
0.891250
0.896235
0.931091
0.919673
0.925745
0.904817
0.884686
0.920605
0.922280
0.900869
0.874423
0.902093
0.888095
0.902179
0.872035
0.865600
0.863672
0.874054
0.895555
0.888481
0.901199
0.892195
0.893777
0.868845
0.879048
0.901135
0.920843
0.891473
0.889593
0.916383
0.880014
0.883598
0.884245
0.888389
0.887807
0.884533
0.888253
0.907708
0.914939
0.907254
0.911322
0.895504
0.781817
0.807009
0.814329
0.766365
0.827862
0.831823
0.820286
0.794287
0.772156
0.796005
0.775142
0.813951
0.771016
0.779086
0.783478
0.765306
0.880975
0.895744
0.895006
0.891909
0.902780
0.924154
0.877128
0.871732
0.853899
0.845971
0.887491
0.880071
0.907948
0.911948
0.908604
0.907653
0.880057
0.909681
0.876630
0.897289
0.917157
0.888910
0.886100
0.879621
0.895109
0.920713
0.887092
0.905553
0.917372
0.905323
0.907313
0.911198
0.921667
0.914624
0.920874
0.917914
0.892823
0.902990
0.912621
0.886205
0.902602
0.911105
0.897447
0.889657
0.896533
0.901749
0.903011
0.891682
0.896126
0.913079
0.904858
0.913134
0.915215
0.917260
0.912309
0.901517
0.881612
0.895176
0.897482
0.876547
0.901394
0.905432
0.901478
0.904129
0.880771
0.886114
0.915046
0.882182
0.908948
0.911305
0.907235
0.919913
0.911343
0.929363
0.892023
0.888138
0.898628
0.891819
0.888131
0.886681
0.894302
0.883536
0.877445
0.881914
0.880309
0.886551
0.911627
0.879674
0.888937
0.905697
0.900884
0.892911
0.900798
0.881347
0.887728
0.906738
0.888454
0.899076
0.897238
0.906139
0.846863
0.881658
0.876681
0.844385
0.844396
0.884079
0.876510
0.856717
0.803232
0.845852
0.849453
0.809835
0.843153
0.787795
0.808270
0.793920
0.784713
0.775781
0.781784
0.834648
0.898541
0.871905
0.882516
0.893687
0.911757
0.885192
0.885357
0.876547
0.899265
0.888090
0.892047
0.890430
0.897504
0.893673
0.866880
0.863438
0.888006
0.867574
0.900408
0.897143
0.922780
0.891045
0.895913
0.904607
0.934805
0.942070
0.903462
0.922755
0.927709
0.922172
0.933080
0.923479
0.879863
0.926645
0.901771
0.873467
0.941532
0.922864
0.879581
0.873456
0.885129
0.916250
0.922309
0.933965
0.845097
0.894539
0.829785
0.808092
0.909704
0.872747
0.792643
0.808097
0.824499
0.806020
0.895995
0.876430
0.926729
0.907877
0.928893
0.920019
0.910299
0.897145
0.893749
0.910908
0.896731
0.893016
0.889105
0.894879
0.908287
0.915764
0.891544
0.885547
0.873810
0.876082
0.907333
0.918215
0.919242
0.944289
0.921774
0.926817
0.936972
0.895646
0.896573
0.939476
0.893772
0.904638
0.904497
0.938774
0.945646
0.927203
0.938884
0.950438
0.889435
0.920067
0.905249
0.886848
0.922578
0.935628
0.844542
0.876440
0.820512
0.834585
0.824415
0.837810
0.912267
0.904375
0.896738
0.901256
0.865033
0.880327
0.893121
0.869973
0.896113
0.889125
0.893207
0.892776
0.889624
0.878423
0.916298
0.912141
0.863039
0.873806
0.880359
0.878824
0.884154
0.893984
0.899441
0.890874
0.886077
0.893335
0.888475
0.898596
0.895960
0.867742
0.883424
0.870410
0.862817
0.872236
0.869689
0.875526
0.877815
0.879211
0.879375
0.879671
0.873416
0.844920
0.852578
0.866858
0.864942
0.858550
0.889449
0.856279
0.890806
0.875338
0.881053
0.886763
0.891595
0.904144
0.881149
0.908104
0.913629
0.891150
0.887431
0.908913
0.911745
0.898159
0.872958
0.871602
0.874506
0.861976
0.877459
0.871731
0.877055
0.888538
0.897318
0.891999
0.873762
0.879102
0.882633
0.899631
0.904724
0.899633
0.897795
0.893769
0.898916
0.896425
0.870792
0.872025
0.874349
0.882888
0.882592
0.876428
0.884607
0.879293
0.883466
0.893918
0.882546
0.888705
0.886559
0.877886
0.878055
0.887776
0.882246
0.895585
0.879191
0.897806
0.918981
0.908636
0.917146
0.891946
0.879171
0.916666
0.921943
0.919487
0.925996
0.889952
0.865382
0.889687
0.914519
0.905495
0.903639
0.870021
0.871875
0.911242
0.874626
0.885173
0.867314
0.873597
0.920399
0.911910
0.922723
0.913494
0.901359
0.898734
0.894168
0.901159
0.914489
0.915634
0.937780
0.905502
0.907804
0.904589
0.885788
0.904147
0.882907
0.882490
0.933762
0.928148
0.923719
0.921071
0.930001
0.925748
0.919391
0.921267
0.898963
0.889638
0.928019
0.931992
0.919780
0.923431
0.908821
0.906006
0.919902
0.902740
0.935771
0.924581
0.904617
0.916533
0.902624
0.885466
0.900875
0.924801
0.920189
0.927538
0.916806
0.884246
0.885283
0.916123
0.910937
0.900177
0.911815
0.920216
0.913389
0.927850
0.921717
0.925002
0.931764
0.928394
0.923707
0.935207
0.926176
0.930382
0.899630
0.905435
0.911554
0.900444
0.885252
0.894486
0.895059
0.895336
0.905543
0.882493
0.894373
0.894540
0.890434
0.892240
0.894597
0.876136
0.879326
0.884120
0.888164
0.891815
0.889276
0.903612
0.910079
0.888163
0.891209
0.900221
0.895532
0.902519
0.913515
0.912475
0.901576
0.900427
0.902495
0.888710
0.904708
0.891253
0.886046
0.909030
0.907069
0.907043
0.901077
0.890070
0.896815
0.884723
0.888975
0.896665
0.898912
0.921413
0.899792
0.899465
0.904603
0.890434
0.872727
0.882378
0.873213
0.884905
0.886557
0.888891
0.894708
0.884615
0.875641
0.888028
0.874794
0.883419
0.887734
0.907821
0.906796
0.892515
0.891480
0.892078
0.903779
0.909601
0.899317
0.888806
0.894389
0.883355
0.892031
0.906389
0.900826
0.920161
0.901419
0.901788
0.908881
0.909863
0.903929
0.901340
0.910228
0.907219
0.907935
0.907521
0.897305
0.926866
0.944352
0.935399
0.920626
0.935635
0.932432
0.910386
0.936171
0.895827
0.903651
0.898408
0.894659
0.899250
0.891673
0.897046
0.897845
0.890257
0.890016
0.894430
0.899372
0.884040
0.878735
0.888626
0.891067
0.886036
0.878352
0.879278
0.884006
0.880794
0.881141
0.895918
0.890381
0.892703
0.899627
0.891917
0.905516
0.893374
0.878021
0.881150
0.896651
0.924385
0.892296
0.911575
0.906049
0.897095
0.910489
0.890812
0.892753
0.897230
0.884241
0.878761
0.906735
0.893050
0.875260
0.873198
0.878330
0.884297
0.882119
0.889146
0.890496
0.895066
0.886337
0.890973
0.880621
0.883636
0.896838
0.889723
0.897188
0.906585
0.893188
0.894623
0.901319
0.891493
0.892128
0.894710
0.891177
0.888527
0.903482
0.910842
0.903488
0.905439
0.894400
0.887233
0.896672
0.898660
0.905294
0.888024
0.899673
0.899164
0.908665
0.881326
0.913285
0.929209
0.907018
0.879963
0.868241
0.885665
0.920939
0.883885
0.929601
0.918543
0.974347
0.918660
0.984783
0.894717
0.918564
0.913119
0.920371
0.913908
0.932988
0.919489
0.924639
0.932436
0.947319
0.939460
0.933288
0.913618
0.912294
0.911590
0.909952
0.965053
0.930486
0.919305
0.971396
0.966163
0.924802
0.941120
0.955540
0.946452
0.959073
0.952321
0.959850
0.956619
0.969400
0.961876
0.966388
0.945240
0.969002
0.954540
0.924586
0.946899
0.924032
0.947748
0.944498
0.947362
0.947480
0.948100
0.961480
0.964905
0.878562
0.889391
0.883071
0.880552
0.886313
0.890935
0.891167
0.888349
0.884799
0.890446
0.898222
0.897431
0.896905
0.903062
0.902085
0.893914
0.973714
0.959297
0.966818
0.952552
0.956868
0.973384
0.974633
0.962967
0.953637
0.962152
0.972365
0.961375
0.967975
0.932956
0.976485
0.966610
0.968258
0.929591
0.924621
0.948170
0.949049
0.946703
0.957844
0.960016
0.963306
0.976046
0.960900
0.930326
0.950483
0.910410
0.913768
0.902175
0.887270
0.893764
0.891352
0.911874
0.908828
0.893728
0.910983
0.913197
0.911049
0.930436
0.893671
0.923043
0.925795
0.899967
0.893332
0.916673
0.943772
0.916143
0.933027
0.932114
0.939578
0.939355
0.946906
0.926310
0.951313
0.914653
0.925733
0.913163
0.961706
0.911620
0.922370
0.918904
0.912110
0.956553
0.911038
0.918129
0.913978
0.927556
0.900454
0.925739
0.923424
0.904105
0.929252
0.922156
0.926152
0.909742
0.925454
0.913268
0.915145
0.931908
0.929794
0.932765
0.939621
0.940519
0.959900
0.916670
0.929458
0.945076
0.924940
0.927713
0.918330
0.921345
0.922516
0.966836
0.943767
0.903565
0.899787
0.902586
0.906016
0.899972
0.890647
0.908402
0.889691
0.877090
0.877381
0.891406
0.898862
0.895816
0.899750
0.903367
0.882425
0.887146
0.889326
0.875230
0.885563
0.879966
0.906077
0.910794
0.894274
0.889240
0.891640
0.892234
0.888760
0.904917
0.901609
0.892340
0.893083
0.893900
0.889841
0.896067
0.894879
0.900171
0.907089
0.893708
0.910017
0.897167
0.898733
0.906244
0.906433
0.887427
0.880548
0.893546
0.903828
0.875154
0.891258
0.880325
0.896355
0.892454
0.899994
0.901999
0.896767
0.905805
0.904731
0.931093
0.911379
0.914998
0.911411
0.903483
0.900797
0.916714
0.912729
0.907175
0.901380
0.902713
0.889684
0.889021
0.945443
0.946442
0.950426
0.933208
0.936874
0.934740
0.934178
0.900635
0.909329
0.946064
0.944909
0.948359
0.903780
0.887788
0.886843
0.887310
0.902087
0.883031
0.892292
0.906440
0.893028
0.895839
0.887982
0.891566
0.916390
0.924784
0.733773
0.751739
0.794858
0.797907
0.720125
0.801441
0.822081
0.826990
0.815191
0.721872
0.730870
0.778022
0.763855
0.796939
0.779973
0.666023
0.668187
0.652457
0.636544
0.615434
0.814014
0.834398
0.818219
0.821658
0.841628
0.835309
0.823733
0.794834
0.792247
0.762373
0.793552
0.842107
0.775473
0.722076
0.795798
0.823399
0.783772
0.838861
0.823674
0.807530
0.845516
0.846983
0.853196
0.829988
0.818447
0.845683
0.813995
0.844457
0.780257
0.779852
0.782011
0.713843
0.740290
0.793237
0.775433
0.773091
0.798394
0.793124
0.829243
0.819071
0.808986
0.832325
0.813992
0.865681
0.763456
0.773629
0.769377
0.751939
0.840010
0.831522
0.848410
0.846341
0.835693
0.819512
0.790914
0.780972
0.793681
0.753784
0.782566
0.794385
0.797267
0.770470
0.857259
0.835200
0.810668
0.826466
0.814736
0.789952
0.831821
0.810856
0.827834
0.794063
0.786457
0.790068
0.785487
0.825701
0.828829
0.822693
0.807375
0.758798
0.767813
0.770512
0.755603
0.795194
0.772135
0.792824
0.781313
0.779177
0.829400
0.822205
0.824752
0.829431
0.834085
0.841903
0.831508
0.836138
0.836434
0.813013
0.831226
0.834253
0.795972
0.824903
0.822578
0.833865
0.832851
0.840135
0.827556
0.851687
0.844112
0.847704
0.848998
0.832032
0.849517
0.847240
0.829173
0.843933
0.857315
0.857006
0.835370
0.827391
0.831143
0.839358
0.853780
0.858663
0.831884
0.833670
0.843142
0.859182
0.858286
0.847400
0.860957
0.849696
0.835299
0.837205
0.836607
0.842776
0.849731
0.843906
0.860092
0.840756
0.915160
0.912733
0.837814
0.853702
0.840804
0.839866
0.851839
0.841092
0.828435
0.831560
0.821268
0.822342
0.833456
0.849014
0.836284
0.856103
0.864830
0.854781
0.847009
0.889677
0.859028
0.886955
0.833974
0.893040
0.829410
0.822451
0.816174
0.828345
0.879372
0.846047
0.870818
0.707993
0.839064
0.860614
0.866952
0.863596
0.870279
0.873155
0.852581
0.865161
0.856457
0.883210
0.876652
0.873126
0.878503
0.822371
0.800329
0.836092
0.839702
0.802967
0.824016
0.838201
0.857495
0.841327
0.831146
0.836964
0.847460
0.856409
0.850772
0.825909
0.879848
0.879653
0.833755
0.860956
0.886493
0.905525
0.883411
0.870980
0.858749
0.836116
0.836775
0.879157
0.866187
0.863371
0.869614
0.870483
0.869245
0.869430
0.878742
0.866052
0.852820
0.849376
0.867485
0.837457
0.902623
0.882493
0.906458
0.878058
0.878133
0.893713
0.887456
0.874677
0.840621
0.864424
0.875128
0.890001
0.863862
0.865892
0.836656
0.817300
0.810682
0.846086
0.846044
0.850559
0.870578
0.869890
0.878014
0.854947
0.878820
0.879022
0.829005
0.878483
0.898241
0.846793
0.926433
0.870600
0.887913
0.939398
0.849321
0.861129
0.877345
0.858910
0.872272
0.856262
0.774255
0.755521
0.751250
0.762639
0.735470
0.748149
0.812050
0.810572
0.859657
0.833065
0.817679
0.792564
0.757542
0.745207
0.744202
0.742250
0.836703
0.816045
0.761592
0.805249
0.768144
0.726551
0.845338
0.819370
0.750972
0.774975
0.769668
0.791807
0.796013
0.801552
0.769901
0.788328
0.834367
0.820077
0.830134
0.835428
0.786202
0.847357
0.817131
0.848209
0.786777
0.785192
0.759126
0.815835
0.678643
0.751902
0.642597
0.733661
0.752387
0.734794
0.761510
0.763182
0.741929
0.748292
0.783552
0.766806
0.784297
0.803327
0.692596
0.731575
0.670632
0.649625
0.678634
0.711769
0.736617
0.762927
0.764996
0.751795
0.708693
0.741854
0.706321
0.720866
0.672759
0.685741
0.667854
0.678412
0.614070
0.623355
0.656402
0.676786
0.635919
0.655784
0.623507
0.643307
0.580950
0.604512
0.584815
0.594210
0.582050
0.594973
0.592074
0.606692
0.685053
0.734318
0.737624
0.694401
0.753736
0.774910
0.773483
0.767255
0.732338
0.785085
0.735703
0.836197
0.657670
0.704264
0.763284
0.735786
0.646043
0.685120
0.579299
0.666884
0.724006
0.673767
0.689736
0.722225
0.721331
0.712076
0.723105
0.748043
0.746045
0.763309
0.734476
0.731975
0.674212
0.687909
0.736703
0.732792
0.710410
0.727328
0.699330
0.739206
0.721702
0.760181
0.725483
0.710953
0.745718
0.750311
0.681960
0.729503
0.672263
0.663975
0.672602
0.660552
0.635188
0.670255
0.676738
0.656462
0.690784
0.711518
0.763328
0.724595
0.722389
0.744468
0.716398
0.757285
0.688786
0.654699
0.642638
0.735434
0.713204
0.665147
0.703589
0.708933
0.703883
0.769523
0.714819
0.758794
0.777165
0.746169
0.748180
0.729527
0.725932
0.724342
0.703600
0.553216
0.511709
0.500250
0.542315
0.456892
0.442093
0.588502
0.577983
0.562142
0.568400
0.567833
0.575490
0.569442
0.593300
0.549351
0.552904
0.518456
0.511694
0.468407
0.468894
0.592913
0.596701
0.584442
0.569716
0.600129
0.580182
0.550680
0.536649
0.520974
0.563851
0.540754
0.506487
0.581343
0.583790
0.634786
0.601495
0.608524
0.614888
0.590677
0.603898
0.555477
0.562992
0.578906
0.570973
0.598109
0.585673
0.601198
0.592782
0.582222
0.581206
0.582879
0.603787
0.586040
0.554566
0.569843
0.540524
0.539698
0.563425
0.587912
0.565852
0.341561
0.304534
0.290920
0.328045
0.248120
0.265302
0.391816
0.375861
0.416905
0.409105
0.375503
0.352291
0.340475
0.319875
0.376146
0.299765
0.445073
0.464898
0.438048
0.413709
0.476459
0.458409
0.441549
0.416221
0.387127
0.420890
0.396182
0.362357
0.462538
0.475655
0.497612
0.508782
0.487953
0.470551
0.490762
0.498726
0.501415
0.512184
0.531472
0.532555
0.502090
0.505194
0.530217
0.531395
0.464860
0.489901
0.498294
0.488607
0.340939
0.304298
0.335284
0.319870
0.330807
0.358183
0.356827
0.361496
0.364616
0.271225
0.307383
0.362260
0.272810
0.248505
0.296358
0.325264
0.386783
0.423751
0.460230
0.420846
0.451311
0.491597
0.534594
0.492990
0.450902
0.372398
0.397733
0.418359
0.358013
0.379522
0.412330
0.435244
0.573502
0.566321
0.524314
0.538484
0.497461
0.513390
0.469795
0.484959
0.483766
0.514276
0.492715
0.465335
0.546281
0.574903
0.533345
0.512177
0.383336
0.342915
0.410438
0.399764
0.375238
0.350042
0.389087
0.412720
0.424841
0.388604
0.428789
0.393554
0.384985
0.374719
0.414040
0.444077
0.639872
0.608023
0.595093
0.614064
0.562532
0.552186
0.568387
0.614340
0.604171
0.555050
0.544062
0.606450
0.613527
0.569161
0.659143
0.641092
0.597902
0.603966
0.557106
0.570638
0.470075
0.443729
0.459361
0.488359
0.469491
0.493855
0.452402
0.476701
0.534423
0.514489
0.511393
0.527987
0.544130
0.539767
0.552875
0.557783
0.531518
0.571409
0.548437
0.560882
0.510252
0.545926
0.492500
0.522410
0.505421
0.537103
0.524250
0.536419
0.572790
0.557343
0.522270
0.503383
0.571826
0.536219
0.507641
0.491655
0.487743
0.486002
0.478213
0.501804
0.479556
0.474981
0.537599
0.498476
0.529641
0.553026
0.559847
0.528469
0.607857
0.615740
0.581930
0.563964
0.544798
0.538915
0.533401
0.538215
0.566012
0.566966
0.620322
0.522045
0.542207
0.530598
0.536917
0.589956
0.538316
0.525205
0.543853
0.540781
0.542515
0.556954
0.539513
0.605451
0.538797
0.557885
0.596085
0.638320
0.570979
0.585143
0.550539
0.581096
0.595760
0.560513
0.569478
0.600362
0.610650
0.618991
0.628146
0.619238
0.633218
0.638184
0.645871
0.619269
0.598029
0.593236
0.582962
0.619073
0.587366
0.603307
0.621878
0.584494
0.697483
0.704665
0.711424
0.681029
0.662029
0.681654
0.668048
0.673366
0.663741
0.648633
0.644640
0.630681
0.613266
0.619824
0.623053
0.651443
0.621410
0.661607
0.647923
0.639389
0.645184
0.671015
0.651982
0.661086
0.630775
0.642531
0.639250
0.626402
0.621864
0.631474
0.648934
0.450385
0.458485
0.475671
0.470948
0.494368
0.507580
0.503627
0.520090
0.564088
0.524052
0.546655
0.573666
0.531346
0.481297
0.509299
0.546373
0.568951
0.588263
0.606856
0.581019
0.605610
0.625328
0.570707
0.573688
0.551363
0.553636
0.565745
0.541574
0.553179
0.559474
0.568103
0.586127
0.674406
0.678479
0.670094
0.652969
0.649425
0.641918
0.638997
0.633926
0.622128
0.618521
0.606160
0.586311
0.643961
0.670080
0.662961
0.661533
0.610891
0.614408
0.624526
0.621099
0.634101
0.626295
0.645237
0.636250
0.627705
0.629993
0.590825
0.608627
0.442891
0.460985
0.477970
0.456980
0.527077
0.544054
0.572754
0.505831
0.486033
0.447662
0.472483
0.504265
0.446231
0.437184
0.463973
0.521695
0.552557
0.589418
0.567702
0.546810
0.627536
0.598680
0.579352
0.558662
0.544604
0.546542
0.535972
0.583578
0.533115
0.543948
0.569684
0.574791
0.608056
0.610578
0.635977
0.629120
0.618755
0.644245
0.685577
0.668559
0.662439
0.570447
0.600365
0.617444
0.571367
0.611504
0.614476
0.619494
0.660264
0.663626
0.639642
0.629791
0.613949
0.610809
0.615257
0.607676
0.600834
0.598610
0.638609
0.611887
0.582260
0.612299
0.596404
0.576314
0.576377
0.553589
0.576790
0.561913
0.407424
0.506441
0.522708
0.457733
0.485419
0.550953
0.513654
0.451124
0.506419
0.521038
0.520587
0.510056
0.529897
0.509414
0.521469
0.501704
0.600043
0.540510
0.533940
0.590812
0.596491
0.530145
0.539818
0.602408
0.679347
0.682851
0.684305
0.670566
0.692963
0.694391
0.664222
0.647911
0.579116
0.634385
0.600148
0.533626
0.604163
0.643184
0.633881
0.668306
0.674095
0.651081
0.662850
0.692501
0.657324
0.697888
0.636565
0.682265
0.709084
0.713368
0.667718
0.693180
0.658034
0.685008
0.688458
0.707608
0.683225
0.686493
0.693381
0.700218
0.696424
0.714207
0.709682
0.723400
0.747033
0.722879
0.694332
0.656819
0.678011
0.663648
0.652208
0.679528
0.655047
0.669299
0.681610
0.677266
0.682107
0.659670
0.662960
0.674181
0.704461
0.683633
0.718075
0.704660
0.667276
0.668497
0.638225
0.665384
0.643255
0.680828
0.691379
0.654872
0.658725
0.690792
0.662945
0.698001
0.689723
0.693626
0.665030
0.674317
0.681935
0.666251
0.667666
0.650678
0.672014
0.649784
0.648643
0.648477
0.669500
0.647048
0.643568
0.640469
0.669491
0.646894
0.659806
0.674082
0.689168
0.693917
0.661068
0.633773
0.711855
0.678255
0.635647
0.621815
0.617301
0.592321
0.626455
0.597599
0.623934
0.644544
0.668868
0.633971
0.728972
0.682833
0.705139
0.750477
0.729936
0.778902
0.767275
0.745917
0.764261
0.794923
0.813212
0.823075
0.709119
0.731125
0.706694
0.648373
0.668974
0.667299
0.683246
0.669805
0.661782
0.671064
0.689260
0.670787
0.701735
0.683264
0.704812
0.690135
0.692131
0.672226
0.677325
0.680673
0.684033
0.689990
0.681289
0.681024
0.696813
0.697736
0.669904
0.699262
0.684774
0.661148
0.681732
0.658757
0.699609
0.721459
0.688402
0.684881
0.684318
0.690843
0.680973
0.703293
0.757431
0.687898
0.679031
0.672837
0.674189
0.712994
0.644018
0.663819
0.675989
0.664116
0.658255
0.653202
0.678091
0.690704
0.736475
0.719115
0.708742
0.697515
0.703534
0.709056
0.697266
0.683251
0.701507
0.682322
0.674317
0.642201
0.765117
0.663138
0.643163
0.667958
0.648153
0.634515
0.669545
0.650507
0.659757
0.636425
0.643321
0.659399
0.659671
0.656209
0.654436
0.682038
0.613837
0.627763
0.633122
0.619017
0.644018
0.629678
0.632622
0.661514
0.580696
0.611099
0.585267
0.551832
0.598515
0.608675
0.616056
0.604329
0.582237
0.571907
0.575026
0.623172
0.580052
0.611705
0.555966
0.591745
0.592785
0.551788
0.565932
0.605054
0.584502
0.561262
0.696714
0.698229
0.702464
0.695541
0.674234
0.677877
0.693028
0.687328
0.669050
0.670121
0.663870
0.675913
0.668017
0.675310
0.648442
0.665510
0.660084
0.660382
0.671640
0.665131
0.649327
0.637623
0.628788
0.634850
0.610858
0.637136
0.633049
0.596550
0.628558
0.644087
0.636371
0.617447
0.635190
0.624894
0.647929
0.634319
0.632052
0.629974
0.641422
0.636242
0.656320
0.645860
0.647167
0.632178
0.528126
0.544355
0.532110
0.513121
0.524096
0.514844
0.548454
0.520742
0.528175
0.514040
0.512946
0.531372
0.565190
0.544069
0.534538
0.549128
0.664127
0.661982
0.660068
0.645153
0.653970
0.719629
0.663731
0.658085
0.645554
0.658769
0.656510
0.642162
0.622327
0.646203
0.644410
0.640171
0.623312
0.636155
0.612419
0.654906
0.591406
0.590894
0.559993
0.559180
0.617125
0.583463
0.581875
0.604839
0.615938
0.631814
0.634530
0.632347
0.626489
0.626089
0.627569
0.633906
0.647450
0.631749
0.637398
0.645569
0.636135
0.613013
0.623263
0.642569
0.573385
0.573322
0.577695
0.570760
0.566591
0.576994
0.577267
0.608312
0.594161
0.561323
0.559067
0.583180
0.554985
0.568519
0.584986
0.575815
0.696857
0.683591
0.669875
0.689426
0.678607
0.698885
0.711093
0.736155
0.656938
0.674787
0.647850
0.665872
0.638136
0.670974
0.647461
0.674292
0.623495
0.639231
0.623340
0.620842
0.630979
0.625188
0.596386
0.616461
0.607314
0.625281
0.627901
0.608761
0.614429
0.614122
0.625665
0.621005
0.636135
0.659366
0.651191
0.650780
0.639394
0.620671
0.681568
0.678734
0.648163
0.640272
0.634158
0.616458
0.537405
0.567248
0.552069
0.558265
0.563393
0.563990
0.576511
0.584650
0.577493
0.579833
0.587762
0.566380
0.557408
0.543007
0.557026
0.549805
0.755198
0.728844
0.746325
0.762264
0.688505
0.708363
0.745844
0.768713
0.777683
0.792332
0.762526
0.776987
0.738349
0.758819
0.771791
0.726777
0.722519
0.767204
0.766038
0.737694
0.704886
0.715015
0.717747
0.684879
0.687388
0.693947
0.673207
0.705830
0.679631
0.701423
0.711325
0.705622
0.674132
0.701115
0.708046
0.697794
0.766259
0.728220
0.698815
0.680092
0.689281
0.708249
0.724504
0.685937
0.706396
0.745812
0.710931
0.669510
0.708293
0.747252
0.700578
0.720580
0.721001
0.741766
0.724790
0.727548
0.728137
0.764238
0.747640
0.790305
0.617019
0.636690
0.607189
0.623968
0.609977
0.603671
0.588463
0.562437
0.588546
0.607374
0.578285
0.560499
0.646642
0.658083
0.644871
0.624505
0.666008
0.675092
0.690747
0.683747
0.700373
0.689163
0.645295
0.627101
0.652840
0.653520
0.675759
0.708136
0.451840
0.481424
0.421372
0.457260
0.559220
0.511557
0.406838
0.413466
0.479419
0.463909
0.476117
0.518142
0.451763
0.461598
0.494397
0.584495
0.768041
0.789109
0.732618
0.729129
0.851978
0.793785
0.726012
0.705254
0.711882
0.695536
0.724960
0.704456
0.729851
0.746701
0.739336
0.705541
0.784786
0.743997
0.763131
0.775060
0.748560
0.767878
0.746766
0.776288
0.773257
0.775312
0.786571
0.749177
0.852708
0.814250
0.788825
0.807513
0.845455
0.887494
0.883872
0.873521
0.898183
0.860527
0.873264
0.858448
0.865475
0.847599
0.807347
0.844011
0.819479
0.780811
0.849391
0.828169
0.809398
0.836105
0.772158
0.786741
0.737967
0.728837
0.699190
0.711115
0.665665
0.683417
0.677872
0.676111
0.710884
0.744183
0.727015
0.780361
0.792507
0.811080
0.831599
0.821914
0.801793
0.798073
0.822157
0.840386
0.863774
0.877296
0.830100
0.872091
0.850454
0.805299
0.798884
0.801410
0.553957
0.529051
0.559485
0.565540
0.515702
0.535666
0.579929
0.593405
0.550656
0.518666
0.488039
0.476608
0.599879
0.664641
0.671371
0.647117
0.719878
0.763341
0.595107
0.619746
0.560665
0.547010
0.560376
0.606455
0.839284
0.850736
0.837714
0.820863
0.833413
0.839464
0.859483
0.823683
0.819480
0.837233
0.807847
0.823970
0.786718
0.786517
0.799434
0.791381
0.814186
0.843004
0.818796
0.831275
0.849747
0.878537
0.827443
0.829237
0.889374
0.870464
0.864655
0.848461
0.792405
0.851671
0.819744
0.871402
0.784601
0.803461
0.852435
0.835890
0.858916
0.881462
0.872891
0.840719
0.876236
0.857476
0.821620
0.821270
0.834646
0.817650
0.862015
0.856613
0.885341
0.895818
0.859198
0.877279
0.878702
0.888731
0.890689
0.891128
0.877855
0.876315
0.884491
0.900897
0.893209
0.889365
0.873371
0.881638
0.857255
0.871582
0.883333
0.883490
0.880480
0.861415
0.869947
0.871110
0.871958
0.873144
0.853119
0.846498
0.855836
0.847020
0.826889
0.862264
0.892061
0.879413
0.861526
0.850430
0.811333
0.836584
0.861223
0.874260
0.874036
0.855776
0.871861
0.864118
0.839699
0.868552
0.874892
0.873788
0.864525
0.832446
0.847590
0.858454
0.856086
0.869027
0.875321
0.810008
0.863087
0.828943
0.859569
0.879169
0.871555
0.837195
0.838172
0.775441
0.792988
0.862470
0.892338
0.857794
0.881924
0.864439
0.840894
0.834632
0.823299
0.820033
0.822970
0.859170
0.846349
0.875318
0.863385
0.911469
0.927085
0.910032
0.913295
0.932946
0.904750
0.883038
0.862903
0.918309
0.850480
0.930850
0.870408
0.938089
0.873122
0.881886
0.816606
0.832345
0.819009
0.806775
0.833793
0.830833
0.811947
0.794997
0.797219
0.800137
0.798125
0.779611
0.842089
0.833836
0.845756
0.830247
0.695769
0.704118
0.668369
0.731828
0.717680
0.679562
0.731537
0.718271
0.704669
0.690540
0.740191
0.746262
0.649412
0.652264
0.695542
0.790202
0.874415
0.861031
0.910201
0.870442
0.879163
0.898599
0.868338
0.855978
0.865198
0.864345
0.865866
0.875652
0.776551
0.824134
0.819656
0.832586
0.791042
0.790092
0.750246
0.756517
0.776910
0.820771
0.807074
0.800494
0.880190
0.806674
0.787466
0.754204
0.913619
0.861177
0.909980
0.910120
0.916951
0.937560
0.910771
0.912697
0.900737
0.880119
0.923849
0.905800
0.930143
0.916301
0.806741
0.787271
0.790039
0.810375
0.763579
0.807304
0.731263
0.792737
0.721232
0.697983
0.820082
0.788814
0.840076
0.799073
0.834968
0.793384
0.868606
0.906015
0.909227
0.881805
0.912609
0.926020
0.957177
0.934912
0.891981
0.932493
0.936775
0.913214
0.876185
0.819221
0.831845
0.832307
0.854925
0.859315
0.844698
0.868454
0.780923
0.774425
0.817168
0.773072
0.821440
0.831876
0.883998
0.889470
0.886002
0.877639
0.888640
0.882250
0.887694
0.886189
0.919271
0.929647
0.884285
0.873335
0.753101
0.657852
0.666736
0.738952
0.649927
0.714046
0.663749
0.722304
0.736110
0.758670
0.772380
0.750277
0.867592
0.867056
0.871032
0.862298
0.867254
0.865582
0.874231
0.869512
0.851818
0.872170
0.836837
0.853094
0.797661
0.777292
0.843272
0.825551
0.906502
0.893354
0.891043
0.900360
0.879075
0.891627
0.900519
0.900351
0.891625
0.908305
0.893526
0.889508
0.912000
0.897984
0.889494
0.871275
0.864681
0.839646
0.842779
0.869434
0.833704
0.851515
0.835523
0.861436
0.893341
0.885551
0.922702
0.906462
0.896124
0.895513
0.894520
0.887027
0.909771
0.928070
0.875424
0.877809
0.872291
0.878683
0.874023
0.881618
0.865777
0.876891
0.853598
0.891498
0.872965
0.892296
0.849739
0.857551
0.869162
0.877632
0.864194
0.863130
0.871048
0.852294
0.913179
0.897300
0.896700
0.873015
0.850422
0.885031
0.879596
0.857778
0.883379
0.860489
0.871865
0.851906
0.871467
0.881056
0.875198
0.864070
0.848902
0.857248
0.858570
0.858942
0.852207
0.840123
0.847155
0.842747
0.856072
0.873830
0.847028
0.840327
0.852995
0.872468
0.883582
0.869145
0.878931
0.875520
0.889785
0.883956
0.871892
0.865831
0.860198
0.871988
0.883736
0.867638
0.861724
0.870915
0.862358
0.856418
0.856453
0.866611
0.864439
0.872317
0.849129
0.850994
0.847105
0.834478
0.836870
0.835797
0.844703
0.840910
0.835236
0.840198
0.829494
0.851857
0.856978
0.855678
0.854370
0.852027
0.851978
0.874136
0.849966
0.867140
0.874262
0.875133
0.874802
0.861716
0.854191
0.861412
0.854772
0.850026
0.849629
0.843368
0.840143
0.864541
0.868039
0.853759
0.874318
0.872580
0.876809
0.868769
0.870790
0.878423
0.893644
0.905685
0.877227
0.893807
0.871353
0.885352
0.876773
0.874962
0.885519
0.881904
0.867606
0.904088
0.893962
0.882421
0.873798
0.863048
0.866921
0.868710
0.851907
0.861570
0.867694
0.889131
0.895751
0.863930
0.889802
0.898102
0.860282
0.876411
0.850789
0.847764
0.862157
0.880320
0.856231
0.857886
0.867068
0.841991
0.854490
0.873890
0.901048
0.884194
0.857638
0.861845
0.877935
0.868515
0.881236
0.879903
0.871194
0.866743
0.878415
0.894113
0.902629
0.869561
0.873054
0.854938
0.859363
0.883764
0.869054
0.882513
0.877241
0.865528
0.847860
0.882177
0.899809
0.870938
0.871218
0.872609
0.870261
0.888415
0.866796
0.881856
0.873888
0.853148
0.868872
0.867169
0.872464
0.875204
0.902113
0.852633
0.878270
0.882330
0.855268
0.856538
0.864239
0.872164
0.849277
0.854267
0.855358
0.842423
0.856509
0.810309
0.841239
0.850656
0.832816
0.769779
0.828648
0.675115
0.789512
0.859926
0.847019
0.851441
0.856912
0.838622
0.840775
0.859567
0.848967
0.873911
0.845493
0.814653
0.841145
0.826960
0.901737
0.872934
0.875910
0.895693
0.832360
0.856455
0.891853
0.865083
0.889082
0.861658
0.823549
0.842233
0.811080
0.867000
0.819665
0.866861
0.889520
0.878062
0.891767
0.909710
0.913320
0.867871
0.894998
0.896235
0.847468
0.887712
0.887540
0.843874
0.855364
0.874373
0.864227
0.837171
0.798837
0.893623
0.859550
0.864301
0.879048
0.865083
0.877686
0.828832
0.896230
0.865188
0.887122
0.889257
0.850919
0.877180
0.874788
0.859134
0.841599
0.807957
0.896774
0.859638
0.879987
0.884596
0.887431
0.862931
0.848582
0.879527
0.872712
0.873374
0.876466
0.867866
0.879040
0.857169
0.857355
0.855860
0.813352
0.880812
0.871142
0.882781
0.879721
0.878638
0.864391
0.849257
0.225109
0.252576
0.287189
0.249286
0.274389
0.246021
0.292082
0.299393
0.282164
0.267568
0.315451
0.292195
0.271534
0.286264
0.266476
0.251080
0.197720
0.200654
0.234551
0.252214
0.139350
0.173705
0.171591
0.134074
0.188455
0.152013
0.208861
0.179127
0.125578
0.132353
0.155108
0.144447
0.152028
0.130600
0.121033
0.126858
0.419465
0.421083
0.336830
0.323275
0.273971
0.257881
0.217513
0.195142
0.290320
0.259771
0.189415
0.206468
0.449942
0.431562
0.337822
0.368797
0.357672
0.371905
0.444907
0.432353
0.381126
0.448347
0.510463
0.508464
0.494562
0.326204
0.403391
0.485387
0.181770
0.243991
0.215620
0.275654
0.255201
0.299107
0.291832
0.331578
0.391234
0.391303
0.406252
0.427141
0.365051
0.374480
0.377332
0.425878
0.465916
0.395706
0.449681
0.481460
0.319197
0.340268
0.334793
0.353312
0.350916
0.361800
0.349768
0.354265
0.185159
0.225361
0.233765
0.192737
0.267031
0.270924
0.144272
0.146907
0.230470
0.161755
0.273457
0.205484
0.310956
0.247635
0.302412
0.270939
0.387617
0.361308
0.313767
0.327464
0.293143
0.315540
0.299628
0.319875
0.374047
0.331057
0.350407
0.386155
0.279129
0.377177
0.325485
0.337176
0.605983
0.552882
0.533826
0.561819
0.462671
0.470944
0.433649
0.478816
0.517004
0.421559
0.465234
0.373201
0.559402
0.545631
0.486005
0.470310
0.617352
0.617578
0.577130
0.586142
0.636494
0.673673
0.670538
0.633452
0.682290
0.676669
0.654413
0.653582
0.627995
0.565083
0.604317
0.609991
0.577566
0.614063
0.580177
0.518329
0.562655
0.594627
0.554213
0.586810
0.616934
0.612557
0.641864
0.635108
0.650169
0.519402
0.551434
0.581970
0.561313
0.564564
0.608616
0.529078
0.508915
0.529501
0.496391
0.477630
0.505385
0.488795
0.475778
0.542860
0.515892
0.541749
0.531583
0.544931
0.552339
0.723694
0.665765
0.638155
0.647493
0.661061
0.624859
0.550748
0.660442
0.583572
0.474979
0.558378
0.615805
0.645190
0.572116
0.593371
0.553439
0.567186
0.580358
0.514155
0.510328
0.567081
0.595540
0.554066
0.585498
0.501159
0.489617
0.540557
0.557081
0.616623
0.610237
0.617178
0.567910
0.592203
0.519891
0.549432
0.540308
0.525319
0.560888
0.546160
0.537781
0.556434
0.554833
0.565955
0.540843
0.551784
0.518992
0.545293
0.521432
0.555656
0.410066
0.355797
0.386047
0.412534
0.402565
0.436462
0.420499
0.451151
0.503949
0.462172
0.485812
0.535878
0.400780
0.401415
0.404125
0.458280
0.472912
0.485662
0.507059
0.507563
0.508279
0.537830
0.480918
0.544101
0.402116
0.430165
0.449500
0.449215
0.360068
0.396039
0.355983
0.319705
0.500774
0.393549
0.301806
0.282404
0.385674
0.334907
0.485609
0.423494
0.576225
0.539778
0.562689
0.601173
0.497888
0.531559
0.558279
0.621482
0.694663
0.565615
0.597436
0.616851
0.561807
0.607638
0.537543
0.487121
0.386352
0.404136
0.362894
0.331146
0.460449
0.395185
0.371857
0.358798
0.320122
0.339538
0.318188
0.352203
0.296541
0.298748
0.355901
0.296536
0.755230
0.696743
0.667551
0.688544
0.682221
0.619399
0.675784
0.675386
0.612940
0.645919
0.619623
0.647075
0.675167
0.623653
0.517909
0.455053
0.477807
0.565704
0.466763
0.558983
0.421511
0.517614
0.628399
0.580451
0.595859
0.622866
0.521909
0.504143
0.491404
0.525127
0.439542
0.444169
0.443673
0.467194
0.527691
0.459022
0.473703
0.460992
0.475855
0.453754
0.451138
0.507447
0.472321
0.450498
0.547944
0.572704
0.555034
0.491175
0.500681
0.547834
0.420920
0.434029
0.588503
0.597080
0.532048
0.569019
0.511944
0.540065
0.476213
0.485125
0.392316
0.404557
0.396827
0.423957
0.413791
0.380900
0.469204
0.479834
0.450784
0.398895
0.368162
0.390691
0.365953
0.359045
0.404931
0.416396
0.450703
0.469875
0.579363
0.519400
0.542677
0.587246
0.513568
0.563416
0.510314
0.529215
0.516640
0.522280
0.639543
0.619598
0.569408
0.575785
0.535269
0.538375
0.745765
0.660703
0.658997
0.666206
0.569091
0.561805
0.565810
0.564043
0.531295
0.533238
0.544813
0.560010
0.571873
0.597349
0.594946
0.583388
0.606672
0.592153
0.623553
0.628983
0.629469
0.598968
0.588871
0.604881
0.609608
0.572218
0.633987
0.637866
0.541432
0.635451
0.569037
0.564196
0.546673
0.538387
0.510504
0.540499
0.540204
0.551324
0.539713
0.539128
0.547126
0.508705
0.568708
0.506464
0.561412
0.581207
0.596185
0.573775
0.622408
0.627624
0.618380
0.586716
0.565339
0.535656
0.583420
0.550347
0.510080
0.508004
0.509126
0.530763
0.526968
0.566056
0.553633
0.603873
0.387821
0.347780
0.402287
0.425936
0.319646
0.344023
0.372026
0.428191
0.463413
0.450497
0.494395
0.380778
0.471052
0.492214
0.451478
0.453205
0.363626
0.448828
0.499232
0.473280
0.534975
0.566961
0.645311
0.577678
0.559910
0.428402
0.370290
0.508159
0.511468
0.438588
0.378853
0.351545
0.349570
0.357410
0.457384
0.356795
0.473360
0.430853
0.429393
0.452344
0.433907
0.472412
0.460642
0.447122
0.486541
0.480174
0.481139
0.474906
0.522345
0.542516
0.492525
0.499911
0.621121
0.534898
0.533552
0.507422
0.548105
0.541986
0.562077
0.616255
0.628334
0.674634
0.706081
0.785326
0.685977
0.720868
0.677892
0.715764
0.635337
0.681570
0.680849
0.709239
0.660008
0.689746
0.647134
0.664940
0.595582
0.602242
0.714392
0.710158
0.662116
0.647883
0.592435
0.570281
0.701978
0.705776
0.414857
0.426664
0.406327
0.391290
0.388663
0.387178
0.369458
0.387213
0.491964
0.428785
0.449199
0.502766
0.380449
0.385907
0.386405
0.437738
0.480988
0.470096
0.494943
0.500469
0.512519
0.521919
0.505663
0.473891
0.451903
0.456165
0.434418
0.466009
0.528517
0.482489
0.583886
0.609950
0.426829
0.549120
0.597522
0.620581
0.664092
0.626328
0.590951
0.583520
0.658112
0.668332
0.552689
0.639425
0.535531
0.532416
0.525238
0.533956
0.516494
0.518101
0.522256
0.530366
0.549358
0.511878
0.608472
0.551702
0.574520
0.552928
0.530741
0.527188
0.539095
0.479400
0.520360
0.556313
0.553113
0.567983
0.571602
0.595567
0.464682
0.554537
0.561139
0.458349
0.469059
0.545431
0.549596
0.460022
0.770339
0.630880
0.623442
0.682227
0.526992
0.536662
0.663573
0.613070
0.571852
0.500575
0.634562
0.605847
0.603326
0.641145
0.596701
0.566355
0.578683
0.612687
0.651448
0.635607
0.659018
0.606187
0.632185
0.647499
0.682057
0.690904
0.670345
0.671024
0.683073
0.677207
0.683613
0.649150
0.640763
0.670087
0.680123
0.762437
0.678487
0.677071
0.725344
0.658013
0.610204
0.548534
0.621260
0.660812
0.582101
0.699990
0.688526
0.550315
0.612202
0.504757
0.559349
0.628259
0.660697
0.581909
0.528486
0.544957
0.508510
0.531405
0.591896
0.516201
0.485843
0.523703
0.537745
0.552340
0.565515
0.553940
0.583879
0.614882
0.636502
0.555936
0.577235
0.584538
0.590054
0.581972
0.564935
0.591186
0.583293
0.596670
0.635896
0.613305
0.583702
0.582420
0.628780
0.604891
0.571676
0.588362
0.588645
0.612694
0.619607
0.617028
0.630185
0.620565
0.637147
0.618981
0.606219
0.600577
0.603467
0.611583
0.603856
0.606756
0.595941
0.599147
0.595828
0.591529
0.593499
0.615057
0.635631
0.616029
0.625061
0.619754
0.617192
0.606396
0.625898
0.613035
0.673157
0.689869
0.737625
0.694089
0.682643
0.746525
0.802434
0.766134
0.693636
0.649202
0.664811
0.638314
0.614409
0.628497
0.619824
0.647706
0.637247
0.655398
0.651028
0.647818
0.604696
0.634342
0.647313
0.649404
0.660612
0.643899
0.559569
0.621552
0.690065
0.637169
0.672645
0.581675
0.533712
0.492898
0.435881
0.733982
0.746923
0.682469
0.641484
0.627773
0.572832
0.630444
0.526445
0.570875
0.589412
0.635765
0.577422
0.581272
0.592318
0.614471
0.655599
0.704494
0.572236
0.576468
0.599637
0.586143
0.589280
0.602928
0.603821
0.616055
0.640289
0.629879
0.614665
0.611235
0.599173
0.604004
0.584146
0.573619
0.605141
0.616268
0.604747
0.604979
0.635973
0.631963
0.607814
0.615926
0.585302
0.599589
0.588383
0.597700
0.596811
0.609628
0.610857
0.618537
0.662409
0.676105
0.672307
0.645645
0.701234
0.706126
0.687078
0.637668
0.616047
0.589161
0.547237
0.645521
0.580384
0.526145
0.483899
0.600827
0.539839
0.453684
0.660786
0.648836
0.704658
0.663663
0.660070
0.701781
0.615288
0.600705
0.567214
0.642507
0.698315
0.594993
0.664466
0.541323
0.438560
0.565604
0.663204
0.708693
0.690925
0.635454
0.719085
0.716934
0.644865
0.667469
0.674650
0.645424
0.681839
0.693412
0.632051
0.649360
0.609116
0.626109
0.612953
0.623795
0.600802
0.642289
0.601866
0.632483
0.668123
0.638770
0.658388
0.679576
0.596320
0.619006
0.678257
0.701835
0.603299
0.647995
0.602034
0.642275
0.596789
0.630096
0.609634
0.601912
0.568577
0.520523
0.530650
0.567443
0.555466
0.581055
0.575343
0.598123
0.554962
0.581303
0.596773
0.581914
0.568745
0.583055
0.581614
0.598731
0.722420
0.654859
0.596670
0.607236
0.655169
0.592206
0.610675
0.667143
0.549910
0.547162
0.659881
0.658026
0.698845
0.648765
0.475045
0.525666
0.534827
0.517195
0.595752
0.556743
0.506368
0.493642
0.578861
0.520871
0.523129
0.583171
0.556974
0.544720
0.538984
0.582883
0.633799
0.609344
0.601270
0.630907
0.614102
0.555735
0.551661
0.601193
0.630715
0.615106
0.612185
0.622645
0.635701
0.641608
0.641221
0.598900
0.442441
0.458378
0.512377
0.517330
0.476831
0.520832
0.539102
0.515543
0.424397
0.472455
0.334528
0.422342
0.371179
0.413213
0.456152
0.440656
0.324550
0.366302
0.346878
0.325202
0.340685
0.439189
0.354467
0.390253
0.327693
0.327358
0.378438
0.436421
0.326430
0.353263
0.349260
0.364349
0.304490
0.169464
0.467626
0.542278
0.057030
0.335939
0.477445
0.607659
0.677429
0.621908
0.615951
0.531998
0.364052
0.533405
0.506964
0.570863
0.560147
0.520644
0.548798
0.517379
0.501420
0.490746
0.531752
0.519196
0.496165
0.517535
0.279223
0.426439
0.486677
0.476966
0.435352
0.378368
0.364979
0.416585
0.360806
0.358650
0.514198
0.467287
0.542690
0.488872
0.407886
0.328291
0.373754
0.403727
0.427382
0.434685
0.484606
0.490049
0.401147
0.459735
0.126073
0.260866
0.153828
0.296545
0.209693
0.338636
0.205256
0.383852
0.693042
0.605953
0.502913
0.596150
0.429827
0.511027
0.627356
0.651560
0.552528
0.594808
0.396435
0.406968
0.399162
0.404766
0.368226
0.332479
0.301649
0.359953
0.386965
0.367721
0.382232
0.366932
0.347630
0.337306
0.426818
0.399510
0.451760
0.428144
0.422713
0.411175
0.306404
0.220918
0.186789
0.253486
0.152894
0.271487
0.065597
0.159860
0.101469
0.000000
0.293892
0.246515
0.210656
0.367463
0.328254
0.545064
0.528937
0.508020
0.499669
0.530245
0.501990
0.484580
0.475141
0.396655
0.540759
0.509423
0.375990
0.544086
0.536739
0.527895
0.517301
0.488727
0.478951
0.469458
0.455447
0.486532
0.459935
0.416638
0.393761
0.470055
0.455699
0.447819
0.466796
0.509095
0.495441
0.548379
0.519678
0.627159
0.610044
0.528624
0.558153
0.574542
0.502066
0.433413
0.436987
0.468350
0.303831
0.379927
0.333203
0.488796
0.427558
0.589827
0.547064
0.502296
0.447546
0.503412
0.509786
0.559340
0.565370
0.481821
0.519237
0.557583
0.478309
0.499811
0.424602
0.642646
0.611564
0.592503
0.618517
0.585035
0.559996
0.546320
0.574886
0.606980
0.589388
0.614673
0.536882
0.638700
0.628978
0.633219
0.639573
0.612653
0.635568
0.635624
0.616737
0.647554
0.649043
0.617253
0.599904
0.631566
0.655024
0.600322
0.626093
0.556874
0.608850
0.648691
0.623618
0.598461
0.648779
0.611520
0.501622
0.514608
0.518842
0.486655
0.547093
0.557665
0.482139
0.494929
0.486850
0.455739
0.530041
0.509488
0.495888
0.512867
0.393745
0.328490
0.485288
0.499755
0.428196
0.519942
0.773310
0.709803
0.681320
0.681311
0.634559
0.624097
0.610829
0.684787
0.651985
0.591395
0.541526
0.554764
0.577840
0.560579
0.570952
0.562737
0.579312
0.571378
0.582987
0.591693
0.503606
0.564406
0.867366
0.872401
0.837446
0.861453
0.879781
0.872119
0.885417
0.886370
0.881568
0.896700
0.888709
0.877029
0.860765
0.870514
0.890858
0.882935
0.892805
0.883989
0.888657
0.877478
0.871157
0.887951
0.887410
0.872808
0.868964
0.887706
0.891855
0.884693
0.883485
0.885643
0.882003
0.870688
0.879612
0.878102
0.863685
0.872173
0.871620
0.885604
0.875414
0.868710
0.866091
0.867797
0.866920
0.854288
0.857787
0.864311
0.865240
0.869757
0.866424
0.867890
0.861068
0.852907
0.851373
0.850426
0.847989
0.866287
0.860703
0.857915
0.862449
0.854511
0.852542
0.872942
0.872788
0.869707
0.874162
0.880721
0.907945
0.857314
0.857521
0.844557
0.839427
0.915171
0.899993
0.886387
0.889031
0.909082
0.881875
0.863511
0.861961
0.861554
0.862175
0.863783
0.901392
0.923151
0.965794
0.970600
0.958147
0.904452
0.876699
0.876372
0.879574
0.876603
0.878067
0.894196
0.882247
0.912701
0.881406
0.933780
0.930855
0.901247
0.883653
0.881368
0.881498
0.900936
0.873038
0.884437
0.889656
0.905294
0.875584
0.879631
0.872747
0.884681
0.871646
0.870790
0.870518
0.872173
0.873613
0.883098
0.879857
0.883536
0.888741
0.879282
0.881783
0.879995
0.882595
0.874695
0.873078
0.874531
0.873646
0.881819
0.885354
0.889512
0.868747
0.877117
0.884416
0.875157
0.888624
0.876479
0.888950
0.870296
0.872711
0.875086
0.889839
0.865205
0.874834
0.870063
0.875963
0.889965
0.861529
0.866944
0.896771
0.881255
0.886209
0.889851
0.850876
0.850520
0.871589
0.866146
0.856890
0.865800
0.887130
0.884283
0.875396
0.880908
0.857682
0.829570
0.835585
0.851966
0.850029
0.832788
0.847734
0.837353
0.855026
0.862262
0.831323
0.856122
0.823381
0.818702
0.815029
0.831347
0.848918
0.856885
0.859371
0.851770
0.850488
0.836318
0.837199
0.830935
0.831112
0.847840
0.832032
0.831362
0.829209
0.821959
0.845751
0.836348
0.822768
0.856613
0.851813
0.858813
0.862459
0.835690
0.827393
0.838276
0.848528
0.819279
0.838765
0.839205
0.839491
0.845857
0.835972
0.848898
0.836846
0.846774
0.854888
0.841301
0.839650
0.857312
0.855240
0.844410
0.845329
0.854638
0.842310
0.844051
0.830311
0.838747
0.830149
0.829897
0.828512
0.837130
0.842116
0.841574
0.841620
0.863569
0.869292
0.866819
0.865067
0.880929
0.876859
0.869286
0.873727
0.870613
0.863288
0.860193
0.864263
0.865089
0.859142
0.870822
0.868902
0.883126
0.875103
0.874636
0.875656
0.876120
0.872968
0.879295
0.869226
0.875435
0.877182
0.883449
0.871129
0.878634
0.880244
0.882756
0.871924
0.866497
0.859029
0.863122
0.866081
0.859163
0.861386
0.862808
0.869692
0.871549
0.875204
0.878470
0.873054
0.872763
0.865406
0.870403
0.868201
0.878412
0.867947
0.878317
0.875415
0.860552
0.862206
0.864168
0.869365
0.876424
0.866199
0.869647
0.859081
0.879059
0.871588
0.883720
0.879241
0.861593
0.855809
0.868486
0.861019
0.851048
0.860011
0.861576
0.868582
0.872684
0.870838
0.874203
0.861149
0.870226
0.879109
0.868749
0.871372
0.830361
0.831647
0.835431
0.840616
0.815933
0.835790
0.844468
0.842173
0.841449
0.848693
0.852459
0.844486
0.843207
0.856266
0.836885
0.845813
0.807687
0.821500
0.828317
0.816498
0.836537
0.849638
0.843441
0.834384
0.839184
0.789180
0.806733
0.818446
0.815550
0.833043
0.837090
0.824452
0.807844
0.796685
0.847114
0.824041
0.845448
0.835074
0.844845
0.843016
0.830280
0.836462
0.856047
0.854498
0.844310
0.845269
0.848885
0.850177
0.837879
0.827627
0.829860
0.834082
0.832755
0.828189
0.832522
0.824203
0.826383
0.837164
0.846473
0.836217
0.833041
0.836237
0.841178
0.828490
0.845487
0.843672
0.822429
0.828101
0.831593
0.841602
0.848266
0.837103
0.854766
0.845441
0.854698
0.847820
0.839270
0.831003
0.836559
0.835771
0.823085
0.830655
0.850832
0.833646
0.861655
0.853983
0.853612
0.858005
0.858603
0.854814
0.853997
0.854352
0.851193
0.848217
0.848139
0.854789
0.863034
0.860556
0.863392
0.860819
0.863998
0.858344
0.857511
0.858767
0.861963
0.848738
0.849519
0.853066
0.856205
0.860049
0.856487
0.861745
0.870381
0.872599
0.872762
0.873417
0.855100
0.867930
0.860132
0.863724
0.858497
0.842746
0.845432
0.849973
0.858517
0.862475
0.859407
0.849211
0.872362
0.865403
0.858540
0.858008
0.853808
0.837762
0.839102
0.852095
0.841788
0.838283
0.833907
0.841599
0.852163
0.837528
0.835275
0.848094
0.852603
0.854249
0.860362
0.856269
0.847592
0.841334
0.845408
0.844606
0.836827
0.840090
0.836419
0.843107
0.853752
0.840999
0.852983
0.836143
0.858790
0.859452
0.844754
0.850160
0.813812
0.816109
0.821750
0.822909
0.829978
0.822117
0.830262
0.832327
0.828274
0.833941
0.839463
0.833537
0.838156
0.844414
0.817948
0.826815
0.860204
0.862407
0.868645
0.860045
0.866813
0.871274
0.876805
0.869613
0.868589
0.855093
0.858206
0.855098
0.854867
0.857901
0.862172
0.855848
0.859959
0.858479
0.853723
0.850548
0.841753
0.849983
0.850499
0.853602
0.852943
0.862100
0.864538
0.863745
0.857223
0.862021
0.852165
0.863274
0.852643
0.853693
0.848555
0.848605
0.862509
0.862761
0.846584
0.859363
0.853108
0.849262
0.843325
0.844959
0.845036
0.844574
0.846181
0.843275
0.853787
0.849238
0.860731
0.853538
0.858496
0.858957
0.857077
0.857631
0.845126
0.850230
0.857488
0.854871
0.855837
0.856984
0.841894
0.859416
0.845381
0.836723
0.866097
0.848386
0.866227
0.862867
0.857154
0.861375
0.846102
0.853673
0.851981
0.853385
0.863502
0.855669
0.860483
0.849030
0.846755
0.845946
0.866866
0.845534
0.853743
0.860576
0.847294
0.834957
0.857502
0.857167
0.858386
0.859798
0.848016
0.837024
0.828851
0.842125
0.846339
0.836148
0.844900
0.845514
0.876073
0.870586
0.873320
0.873633
0.864829
0.869037
0.874042
0.876948
0.857248
0.864975
0.862388
0.878285
0.862609
0.862092
0.860050
0.858919
0.886466
0.876821
0.860698
0.871052
0.868885
0.863804
0.867754
0.870321
0.864793
0.869506
0.871781
0.869104
0.874928
0.860905
0.874601
0.874387
0.856995
0.870356
0.865876
0.876165
0.898155
0.896031
0.900353
0.898276
0.906455
0.899055
0.901445
0.885417
0.876818
0.884443
0.874244
0.887833
0.878523
0.872806
0.896737
0.903739
0.904108
0.883316
0.866063
0.875487
0.874595
0.883363
0.859237
0.898858
0.863674
0.901944
0.896221
0.880511
0.856932
0.852494
0.842881
0.866924
0.855054
0.847897
0.872914
0.873438
0.867459
0.864597
0.862770
0.857822
0.856758
0.857371
0.852842
0.857006
0.882039
0.870964
0.868912
0.896430
0.872574
0.867091
0.884481
0.889792
0.904498
0.894953
0.864075
0.881899
0.879535
0.884126
0.887903
0.877377
0.867108
0.871745
0.873706
0.872346
0.872698
0.879124
0.874833
0.881939
0.878564
0.878663
0.878290
0.875584
0.865824
0.875770
0.867604
0.868249
0.879961
0.867159
0.872062
0.875587
0.864437
0.879761
0.855529
0.877624
0.873736
0.875185
0.873238
0.844281
0.841446
0.860790
0.844900
0.840504
0.854796
0.849921
0.847883
0.858692
0.851562
0.872390
0.846119
0.849271
0.849949
0.857615
0.858792
0.858913
0.860963
0.856966
0.861950
0.875555
0.864578
0.868715
0.860514
0.857151
0.857942
0.865289
0.872149
0.859050
0.861714
0.866167
0.869838
0.864012
0.859230
0.858676
0.859824
0.892602
0.888097
0.900348
0.888356
0.894353
0.894850
0.915759
0.893094
0.888121
0.889203
0.884727
0.885213
0.895336
0.890711
0.896608
0.899616
0.896588
0.888217
0.864753
0.875214
0.871868
0.858097
0.867095
0.858952
0.857316
0.873103
0.875318
0.865170
0.834232
0.855681
0.870046
0.864726
0.856569
0.863975
0.852374
0.833351
0.832791
0.838939
0.856658
0.853785
0.846435
0.842161
0.851482
0.845051
0.865742
0.859300
0.860637
0.867914
0.855981
0.875166
0.861589
0.867349
0.860201
0.880661
0.862128
0.882293
0.854902
0.863738
0.856677
0.868289
0.858928
0.863903
0.861889
0.851764
0.875197
0.882903
0.877331
0.866113
0.865755
0.860713
0.852674
0.865730
0.867182
0.864902
0.864611
0.872108
0.874212
0.879276
0.891870
0.886719
0.860064
0.855737
0.867242
0.866057
0.861332
0.874313
0.892830
0.891087
0.873565
0.879260
0.854799
0.861823
0.837154
0.836392
0.840368
0.839564
0.851831
0.845489
0.847642
0.841075
0.838695
0.847415
0.841419
0.854792
0.844160
0.847725
0.834246
0.843036
0.842474
0.848793
0.850589
0.846563
0.853672
0.854476
0.850331
0.848426
0.844916
0.844358
0.837303
0.850509
0.839244
0.841758
0.841669
0.840865
0.847332
0.844486
0.845540
0.845549
0.848401
0.853405
0.854677
0.857035
0.845306
0.858807
0.843130
0.858948
0.846784
0.841997
0.844696
0.846647
0.846604
0.846311
0.858782
0.865810
0.852603
0.864704
0.841828
0.847787
0.849025
0.846084
0.853686
0.840163
0.832942
0.844363
0.836704
0.831113
0.836726
0.836427
0.839494
0.847601
0.850717
0.843330
0.838335
0.843821
0.861065
0.843029
0.833996
0.848994
0.823777
0.825771
0.827806
0.823040
0.832290
0.853575
0.844349
0.827495
0.845925
0.843602
0.867311
0.839541
0.864760
0.866168
0.869415
0.868202
0.853526
0.843358
0.835671
0.840249
0.833826
0.840703
0.852842
0.838538
0.840766
0.839151
0.835542
0.829718
0.852782
0.861061
0.855057
0.860294
0.870571
0.854871
0.860887
0.856266
0.862101
0.868272
0.862870
0.864349
0.862195
0.868404
0.856671
0.861922
0.870736
0.882871
0.880998
0.871215
0.870946
0.867664
0.861894
0.869211
0.868662
0.867228
0.857340
0.866090
0.880647
0.875301
0.866983
0.864256
0.866187
0.863580
0.872663
0.860027
0.858042
0.858537
0.857453
0.852967
0.847472
0.854977
0.863542
0.875863
0.879392
0.870095
0.871256
0.873766
0.868611
0.872744
0.870930
0.872510
0.867234
0.861308
0.865750
0.865998
0.872681
0.874160
0.865296
0.888224
0.887843
0.891977
0.892936
0.884709
0.887240
0.898685
0.900575
0.890959
0.888414
0.888342
0.890813
0.895935
0.867371
0.881199
0.852893
0.853503
0.858995
0.853630
0.852329
0.856147
0.864585
0.856896
0.856772
0.853062
0.861263
0.875695
0.852643
0.851110
0.854306
0.857260
0.852127
0.859676
0.848906
0.854103
0.869022
0.864764
0.882424
0.874298
0.883793
0.856325
0.864379
0.860869
0.856281
0.863660
0.860312
0.861952
0.863545
0.858540
0.858080
0.868448
0.877084
0.874114
0.860396
0.856965
0.855745
0.856712
0.859127
0.857574
0.860548
0.863714
0.861078
0.859623
0.858579
0.855399
0.851942
0.861947
0.852236
0.853996
0.846934
0.851846
0.866240
0.873965
0.872962
0.871786
0.885791
0.863404
0.865862
0.873407
0.860846
0.865797
0.861135
0.866373
0.881380
0.881029
0.889014
0.886937
0.852191
0.846348
0.856244
0.857658
0.860947
0.857415
0.861056
0.857258
0.846300
0.849674
0.856120
0.851975
0.854369
0.856820
0.855258
0.867538
0.863295
0.855143
0.878471
0.863646
0.877974
0.870564
0.869850
0.880505
0.854708
0.852164
0.861297
0.884410
0.873603
0.863139
0.867807
0.873131
0.860136
0.846455
0.848303
0.868062
0.873791
0.871090
0.853341
0.857715
0.863331
0.860430
0.861858
0.868416
0.849731
0.846086
0.852758
0.861124
0.851236
0.842359
0.840393
0.855138
0.855710
0.854924
0.859659
0.850795
0.847326
0.851447
0.851876
0.856928
0.840606
0.880943
0.867337
0.869316
0.869236
0.858619
0.832389
0.857990
0.851741
0.842071
0.836428
0.827354
0.845891
0.848466
0.868801
0.886478
0.846861
0.837340
0.854024
0.845382
0.831957
0.850554
0.837947
0.859696
0.843658
0.836365
0.830828
0.829608
0.862561
0.850276
0.833752
0.861506
0.843096
0.827163
0.831368
0.834383
0.851702
0.839659
0.841227
0.836550
0.830483
0.837692
0.833395
0.836543
0.826662
0.851618
0.844275
0.825637
0.851257
0.851239
0.845911
0.851055
0.841456
0.814823
0.814370
0.822861
0.805978
0.806895
0.813712
0.835460
0.832722
0.846413
0.864677
0.873058
0.829109
0.842156
0.853725
0.845391
0.855196
0.846610
0.842447
0.848710
0.854502
0.847819
0.858511
0.843525
0.862259
0.847258
0.847898
0.846505
0.872355
0.870698
0.861372
0.871780
0.865149
0.857156
0.873786
0.865427
0.851462
0.847928
0.854304
0.855947
0.853991
0.846842
0.841883
0.843235
0.844444
0.849362
0.854047
0.850702
0.863821
0.852361
0.859297
0.863304
0.857148
0.857339
0.858686
0.851294
0.838340
0.848950
0.853302
0.860776
0.844095
0.860361
0.850731
0.842014
0.864031
0.868099
0.850661
0.844521
0.838525
0.856378
0.841320
0.843302
0.851495
0.860879
0.860945
0.866555
0.866915
0.847682
0.846644
0.860370
0.824898
0.828178
0.816513
0.831058
0.839327
0.845066
0.866417
0.870339
0.868463
0.865111
0.858173
0.840401
0.836273
0.837518
0.839316
0.844080
0.829660
0.842667
0.839237
0.820498
0.823708
0.850653
0.824163
0.829287
0.819145
0.831759
0.832516
0.834948
0.849643
0.832283
0.844310
0.848109
0.844357
0.829852
0.849540
0.847492
0.834650
0.832030
0.835851
0.837359
0.872589
0.849856
0.848209
0.864016
0.850953
0.838004
0.834678
0.837660
0.842467
0.866384
0.864819
0.857243
0.846224
0.853238
0.858389
0.853319
0.852081
0.850189
0.851403
0.846223
0.844065
0.847257
0.849252
0.847603
0.836430
0.844065
0.839468
0.846082
0.840774
0.829388
0.832756
0.814276
0.860564
0.845563
0.836144
0.840698
0.852052
0.843860
0.843114
0.839002
0.842938
0.837752
0.831896
0.836663
0.846018
0.842568
0.846505
0.839772
0.848649
0.842338
0.857442
0.850155
0.864859
0.870470
0.856820
0.859494
0.878338
0.865351
0.850337
0.843669
0.844279
0.839932
0.843231
0.843663
0.843329
0.845701
0.858668
0.839352
0.839978
0.849802
0.864818
0.853308
0.860312
0.850126
0.859256
0.846113
0.845077
0.848286
0.852305
0.842498
0.841527
0.851044
0.869689
0.876026
0.828082
0.833575
0.845176
0.826374
0.861529
0.851621
0.832181
0.842088
0.853893
0.842293
0.842595
0.855612
0.837743
0.848009
0.850227
0.858352
0.839964
0.848240
0.860844
0.847048
0.841586
0.855078
0.871204
0.854088
0.845264
0.849022
0.850618
0.848678
0.846661
0.838382
0.834709
0.830111
0.838500
0.835340
0.839636
0.837939
0.844284
0.836946
0.835398
0.841890
0.841309
0.844359
0.839140
0.839146
0.839779
0.842443
0.824970
0.823338
0.867956
0.829529
0.812544
0.804057
0.807307
0.836723
0.822851
0.812688
0.858877
0.852472
0.842983
0.851985
0.856791
0.871963
0.880547
0.861440
0.873712
0.882923
0.882282
0.864789
0.874908
0.854357
0.874670
0.859845
0.848136
0.864533
0.875281
0.876767
0.881032
0.883324
0.860573
0.856933
0.790481
0.799517
0.825049
0.820688
0.805786
0.840271
0.859838
0.851788
0.847252
0.856075
0.862020
0.859396
0.826185
0.849126
0.804715
0.804718
0.772507
0.766679
0.771308
0.792289
0.779060
0.797095
0.787017
0.789632
0.821633
0.816464
0.814594
0.803308
0.798188
0.784974
0.790911
0.799496
0.770658
0.753284
0.766157
0.782257
0.796402
0.793105
0.809342
0.788773
0.821317
0.838452
0.818236
0.815395
0.833046
0.825322
0.830620
0.828663
0.801836
0.795783
0.793398
0.797103
0.793283
0.798779
0.769420
0.775455
0.780989
0.801651
0.800029
0.802902
0.780707
0.787916
0.754603
0.789171
0.828631
0.839399
0.830125
0.819557
0.852450
0.850451
0.833289
0.826865
0.816620
0.804732
0.801047
0.819626
0.773517
0.796814
0.803310
0.794526
0.826537
0.810848
0.794623
0.788361
0.886014
0.873863
0.883515
0.882757
0.866207
0.879589
0.883628
0.896956
0.877095
0.868669
0.876437
0.867092
0.859818
0.859282
0.836877
0.883058
0.879152
0.869125
0.868888
0.856735
0.859475
0.838310
0.827901
0.839442
0.852215
0.837488
0.812523
0.878377
0.865337
0.866525
0.868744
0.878825
0.883146
0.852640
0.893617
0.872137
0.850115
0.827761
0.864858
0.851825
0.873692
0.862837
0.881858
0.882280
0.887657
0.895720
0.894894
0.887868
0.890544
0.882234
0.886721
0.896071
0.878879
0.885154
0.884481
0.888675
0.881539
0.898069
0.877343
0.882531
0.885797
0.892926
0.885455
0.891987
0.894578
0.893825
0.897893
0.876077
0.898056
0.885381
0.881271
0.901372
0.895839
0.896717
0.887539
0.889176
0.879967
0.895059
0.873903
0.883757
0.886757
0.882195
0.853047
0.870667
0.886959
0.891069
0.886040
0.887050
0.872624
0.877945
0.887641
0.887152
0.876656
0.894461
0.883428
0.872086
0.855458
0.873430
0.871964
0.861243
0.871099
0.878497
0.862185
0.886685
0.861900
0.865228
0.853854
0.844296
0.862739
0.863753
0.853913
0.849759
0.851532
0.861790
0.856936
0.862952
0.854268
0.851524
0.845698
0.837235
0.866075
0.845965
0.846744
0.843207
0.850805
0.845180
0.834561
0.869591
0.839205
0.826395
0.861691
0.852042
0.846634
0.854679
0.866657
0.868722
0.867102
0.869682
0.862081
0.859801
0.881665
0.886492
0.880864
0.879102
0.856700
0.846309
0.857915
0.867031
0.843479
0.830928
0.873397
0.878706
0.877119
0.875572
0.872323
0.874523
0.853088
0.854733
0.839745
0.842957
0.856324
0.868191
0.858333
0.875814
0.867739
0.886696
0.875222
0.887079
0.873584
0.860732
0.859430
0.843377
0.842365
0.850985
0.838644
0.834129
0.845640
0.824973
0.828854
0.829192
0.824513
0.846052
0.843162
0.862257
0.867291
0.871124
0.869525
0.856867
0.869594
0.866354
0.870334
0.874896
0.872820
0.866190
0.879363
0.871463
0.877273
0.855475
0.854926
0.869456
0.848245
0.861419
0.864484
0.882482
0.885236
0.885573
0.895186
0.893627
0.898776
0.893439
0.795026
0.803046
0.799861
0.806165
0.833237
0.819024
0.818217
0.802993
0.798602
0.810790
0.799016
0.824391
0.831641
0.811085
0.802001
0.832189
0.820582
0.817567
0.848853
0.819019
0.859965
0.828964
0.830667
0.843227
0.847489
0.842806
0.842876
0.841119
0.801958
0.799607
0.803447
0.817048
0.845693
0.822975
0.821443
0.815129
0.852813
0.841110
0.841292
0.849396
0.863548
0.853156
0.864487
0.863372
0.872558
0.885635
0.874067
0.863546
0.867386
0.870505
0.860298
0.881315
0.880484
0.883193
0.876726
0.888781
0.883898
0.890650
0.886477
0.883294
0.886851
0.888617
0.916919
0.917728
0.930582
0.923088
0.920107
0.917687
0.912643
0.915744
0.916073
0.886545
0.879282
0.916560
0.922675
0.932668
0.931597
0.928841
0.927307
0.909011
0.940068
0.903416
0.924043
0.930250
0.942046
0.924149
0.930922
0.907401
0.929614
0.928785
0.924806
0.875463
0.895551
0.905845
0.870049
0.880928
0.871044
0.887062
0.898113
0.902137
0.892143
0.895939
0.883576
0.874177
0.903251
0.890732
0.892828
0.891127
0.898330
0.893299
0.883929
0.889592
0.887950
0.891198
0.882469
0.901848
0.893053
0.888155
0.886579
0.934158
0.873052
0.874892
0.880523
0.880866
0.891351
0.886944
0.888098
0.883357
0.886894
0.890903
0.885367
0.902524
0.874194
0.880157
0.871074
0.865186
0.858316
0.865375
0.863122
0.876505
0.878093
0.874159
0.897253
0.891113
0.873412
0.895594
0.894364
0.885661
0.893167
0.894596
0.849595
0.869401
0.841273
0.866137
0.805381
0.863255
0.779185
0.826928
0.843783
0.865708
0.812570
0.830506
0.855852
0.869773
0.850228
0.876752
0.833146
0.855030
0.873825
0.893598
0.886825
0.891289
0.895180
0.888603
0.896745
0.881963
0.892502
0.790904
0.819280
0.808503
0.789284
0.813942
0.803475
0.802819
0.800776
0.803751
0.814479
0.783658
0.785853
0.789615
0.796309
0.818548
0.816095
0.786636
0.807216
0.805050
0.800068
0.823868
0.819776
0.819856
0.819983
0.877697
0.874687
0.898955
0.889519
0.871399
0.894649
0.876837
0.875667
0.883907
0.891946
0.895054
0.890124
0.857752
0.862359
0.855094
0.861076
0.846058
0.858748
0.878490
0.867230
0.881362
0.876234
0.887199
0.877358
0.892666
0.898547
0.891938
0.894323
0.883468
0.899794
0.919604
0.918198
0.918113
0.919242
0.892347
0.901407
0.902523
0.920405
0.902014
0.899046
0.909729
0.915445
0.922810
0.916808
0.910703
0.870065
0.900538
0.875170
0.901667
0.898315
0.882432
0.920063
0.872439
0.895547
0.880334
0.882899
0.879204
0.901125
0.896656
0.923476
0.910403
0.893468
0.907541
0.881996
0.886439
0.883821
0.876963
0.902605
0.904108
0.910200
0.894330
0.913870
0.886212
0.889329
0.887949
0.893420
0.896529
0.895856
0.894801
0.894676
0.897407
0.897124
0.883183
0.897490
0.922899
0.916018
0.922781
0.913958
0.911364
0.920264
0.921413
0.898007
0.907663
0.871317
0.872280
0.882442
0.888549
0.878697
0.884959
0.861182
0.860047
0.857842
0.907185
0.920455
0.901806
0.908833
0.921333
0.920946
0.909390
0.905179
0.900388
0.887979
0.897380
0.895804
0.902154
0.898850
0.900459
0.896999
0.896202
0.897827
0.883608
0.889390
0.898781
0.898947
0.907322
0.888306
0.899511
0.889992
0.898510
0.885541
0.889688
0.895103
0.901303
0.899354
0.893700
0.891363
0.892667
0.885643
0.884854
0.891462
0.903935
0.916498
0.892356
0.907136
0.887387
0.888713
0.897022
0.906536
0.893900
0.904013
0.899251
0.901230
0.893425
0.893424
0.899159
0.898054
0.891980
0.906448
0.889673
0.891108
0.882167
0.894984
0.900304
0.885157
0.882498
0.885573
0.882378
0.884312
0.886429
0.884678
0.903936
0.886474
0.884257
0.886735
0.899377
0.900018
0.896113
0.893918
0.896580
0.891221
0.891062
0.894534
0.895525
0.905651
0.895006
0.900239
0.899727
0.884717
0.884555
0.896841
0.890893
0.910938
0.905659
0.896605
0.908611
0.903821
0.892476
0.903220
0.899348
0.915676
0.909524
0.907263
0.902629
0.805332
0.842508
0.842635
0.799422
0.857274
0.849566
0.807984
0.813461
0.797002
0.792062
0.858508
0.835913
0.838353
0.835835
0.834150
0.831602
0.841678
0.859042
0.840553
0.847662
0.839214
0.846927
0.843501
0.849328
0.842020
0.839211
0.861020
0.851722
0.847075
0.865526
0.857445
0.862833
0.849067
0.847482
0.853556
0.849922
0.852333
0.869068
0.857060
0.842947
0.880931
0.868608
0.855595
0.858473
0.881470
0.868998
0.859264
0.866709
0.881907
0.878361
0.874132
0.886304
0.840282
0.848299
0.847743
0.842556
0.847564
0.854063
0.847881
0.849481
0.860104
0.851757
0.847709
0.882346
0.862156
0.858734
0.853404
0.859766
0.869613
0.875462
0.855811
0.857137
0.872832
0.870733
0.858963
0.859894
0.873342
0.873733
0.857237
0.865597
0.869262
0.872753
0.874530
0.873968
0.878100
0.882009
0.872024
0.873665
0.884616
0.880186
0.864919
0.862126
0.875168
0.872558
0.889982
0.887055
0.884455
0.887583
0.882859
0.886361
0.849023
0.860176
0.857264
0.859086
0.871384
0.876535
0.882986
0.880886
0.881108
0.875856
0.882588
0.882664
0.856361
0.852358
0.861470
0.865957
0.870739
0.867057
0.868224
0.880949
0.867286
0.879388
0.867787
0.875074
0.881240
0.880906
0.875861
0.863866
0.880467
0.884062
0.882600
0.882182
0.845506
0.868631
0.835801
0.842551
0.873862
0.850907
0.851433
0.844515
0.843962
0.868580
0.870095
0.882820
0.852780
0.852787
0.857395
0.858469
0.859057
0.857134
0.854426
0.849575
0.870236
0.866931
0.863232
0.871435
0.854674
0.852795
0.852504
0.850578
0.848968
0.859408
0.854395
0.843547
0.843176
0.843934
0.846602
0.838027
0.850937
0.844728
0.848815
0.852038
0.863993
0.863625
0.872269
0.879505
0.863891
0.866663
0.847698
0.878808
0.876090
0.883657
0.881363
0.889527
0.890316
0.886690
0.871358
0.878073
0.859164
0.857170
0.852587
0.871721
0.868590
0.865538
0.878924
0.850689
0.853509
0.855048
0.847910
0.850328
0.864291
0.846582
0.868579
0.860933
0.855721
0.849288
0.853701
0.869696
0.871476
0.874657
0.878068
0.881615
0.872643
0.884743
0.892583
0.869408
0.865685
0.863738
0.869311
0.890814
0.882618
0.892596
0.890919
0.886652
0.886310
0.878742
0.867559
0.875406
0.867182
0.869528
0.873192
0.893309
0.891403
0.892392
0.871302
0.873198
0.867904
0.858265
0.863060
0.859142
0.859145
0.884137
0.882122
0.874855
0.866628
0.890517
0.898081
0.882067
0.874397
0.878987
0.885913
0.880244
0.877376
0.881691
0.895900
0.876066
0.884513
0.873939
0.880790
0.884955
0.888081
0.884283
0.890150
0.875638
0.875749
0.886205
0.887720
0.883839
0.883858
0.887791
0.888773
0.879616
0.886656
0.874400
0.875020
0.895164
0.886375
0.878543
0.873991
0.902086
0.892922
0.887463
0.883572
0.908046
0.894044
0.895066
0.896344
0.897622
0.887119
0.878088
0.881712
0.871295
0.879865
0.866745
0.880397
0.886550
0.907378
0.894112
0.832067
0.824002
0.829917
0.836482
0.825865
0.820901
0.817003
0.824411
0.824811
0.794683
0.811508
0.820905
0.820256
0.821118
0.826633
0.824704
0.830801
0.828328
0.850626
0.831440
0.859408
0.862461
0.879018
0.870739
0.883914
0.873928
0.887128
0.880767
0.863358
0.866500
0.873071
0.864941
0.848764
0.855300
0.862510
0.858695
0.845591
0.858345
0.851556
0.853976
0.850592
0.849824
0.842824
0.839306
0.834280
0.838922
0.863684
0.846699
0.872335
0.869003
0.882035
0.878163
0.871411
0.874777
0.879972
0.877526
0.876779
0.881556
0.880132
0.872257
0.873584
0.865015
0.862223
0.867797
0.882785
0.888490
0.874873
0.872290
0.875860
0.871895
0.898164
0.869550
0.880299
0.871467
0.874045
0.869337
0.883386
0.875605
0.876454
0.880083
0.895271
0.892813
0.893748
0.900865
0.882729
0.883430
0.893136
0.901184
0.884848
0.888138
0.889903
0.895677
0.890183
0.896927
0.887653
0.891764
0.890839
0.901425
0.892811
0.908780
0.924194
0.912413
0.884246
0.883547
0.901951
0.881599
0.909984
0.899844
0.901667
0.898440
0.916889
0.916309
0.870568
0.884554
0.880802
0.884219
0.893857
0.885065
0.875506
0.863994
0.903767
0.883765
0.899233
0.887080
0.883535
0.882435
0.890588
0.899731
0.910960
0.905541
0.908066
0.911127
0.900976
0.907865
0.906827
0.911274
0.915631
0.909903
0.916906
0.914997
0.879849
0.890939
0.885821
0.871948
0.907202
0.900973
0.885858
0.873776
0.868585
0.874642
0.858361
0.850453
0.886726
0.888802
0.898668
0.884406
0.774697
0.790007
0.795711
0.801560
0.805770
0.811891
0.827727
0.848754
0.853182
0.812582
0.856216
0.823726
0.817127
0.808762
0.833887
0.815438
0.854484
0.832702
0.820876
0.871886
0.837847
0.800681
0.806141
0.827584
0.889964
0.776114
0.782533
0.797475
0.841284
0.820323
0.824945
0.820935
0.849361
0.858129
0.858366
0.874604
0.861378
0.883069
0.874393
0.864369
0.882709
0.862001
0.862574
0.879951
0.875953
0.865917
0.883944
0.869180
0.867067
0.864645
0.861444
0.874639
0.868622
0.857708
0.873471
0.859139
0.741521
0.776092
0.730148
0.728587
0.763660
0.763349
0.741595
0.752773
0.817741
0.794118
0.776880
0.817677
0.811553
0.787365
0.804319
0.808018
0.828446
0.880691
0.868643
0.839322
0.826745
0.833876
0.800819
0.784609
0.792486
0.775112
0.833069
0.813013
0.767924
0.760514
0.766257
0.767935
0.741881
0.738197
0.779422
0.773391
0.782513
0.761896
0.803535
0.834972
0.779317
0.786059
0.794302
0.802484
0.883029
0.882313
0.883231
0.896397
0.877903
0.879073
0.871195
0.889046
0.874667
0.890796
0.864957
0.874661
0.860829
0.882992
0.869263
0.866399
0.840667
0.817339
0.832411
0.846251
0.802566
0.834032
0.874656
0.861872
0.869443
0.825487
0.807883
0.773779
0.848876
0.861900
0.862661
0.854213
0.868924
0.844702
0.828782
0.841581
0.828793
0.817107
0.854276
0.864527
0.801105
0.821996
0.786888
0.823468
0.820415
0.839954
0.825140
0.836272
0.847147
0.831240
0.845060
0.843337
0.828871
0.854602
0.837771
0.864352
0.862878
0.840114
0.872734
0.860490
0.862971
0.866135
0.849892
0.855648
0.929665
0.938175
0.944491
0.931632
0.899926
0.893358
0.924621
0.926308
0.933555
0.898022
0.958228
0.897271
0.909417
0.909099
0.881827
0.909678
0.922530
0.921223
0.946138
0.937493
0.941426
0.931300
0.930363
0.886998
0.926723
0.892120
0.919248
0.912817
0.919274
0.914978
0.920339
0.907431
0.886258
0.866404
0.799137
0.800394
0.811117
0.772777
0.871725
0.847110
0.886783
0.891525
0.896887
0.864730
0.883656
0.834974
0.822480
0.847773
0.808157
0.828652
0.833371
0.835839
0.853022
0.895258
0.906866
0.903591
0.905298
0.885018
0.872341
0.836017
0.846704
0.889174
0.845608
0.857222
0.864185
0.862856
0.867592
0.867894
0.873078
0.920188
0.926426
0.911595
0.828813
0.833860
0.843274
0.800814
0.830941
0.836203
0.778341
0.792077
0.800460
0.786648
0.805626
0.809158
0.811310
0.836926
0.801096
0.815406
0.800733
0.823814
0.814430
0.809596
0.852377
0.811566
0.764841
0.780671
0.783808
0.808871
0.857932
0.845761
0.824841
0.793141
0.820428
0.823134
0.749271
0.787565
0.825146
0.832364
0.837650
0.823711
0.829686
0.837381
0.828236
0.838562
0.805673
0.831810
0.863924
0.841869
0.816067
0.855541
0.865567
0.863218
0.850676
0.861796
0.841751
0.873768
0.806225
0.843956
0.772066
0.810488
0.810201
0.801851
0.789785
0.808464
0.787868
0.813931
0.795693
0.804001
0.829269
0.838973
0.759686
0.771238
0.748561
0.809306
0.838275
0.838009
0.844794
0.857758
0.854005
0.842874
0.863629
0.842201
0.845331
0.847515
0.835497
0.834773
0.853175
0.837703
0.824877
0.828389
0.814632
0.812318
0.807920
0.822743
0.825409
0.819827
0.798856
0.770500
0.866007
0.856198
0.853757
0.852787
0.864178
0.874093
0.878188
0.866226
0.871617
0.871626
0.877489
0.874377
0.874021
0.843965
0.869741
0.879897
0.851528
0.818738
0.854649
0.850437
0.873834
0.873810
0.869761
0.870964
0.859365
0.852791
0.844109
0.856993
0.898648
0.852004
0.852319
0.851727
0.844893
0.870497
0.860871
0.878132
0.876938
0.885171
0.859068
0.879901
0.898759
0.869982
0.866642
0.890844
0.829493
0.844432
0.878453
0.880756
0.885039
0.893276
0.889627
0.898326
0.851348
0.872525
0.880504
0.855096
0.886629
0.897719
0.815084
0.831933
0.835011
0.825893
0.827671
0.848513
0.848664
0.860166
0.862706
0.878296
0.864038
0.861037
0.856649
0.850860
0.846921
0.863185
0.848941
0.834620
0.879678
0.869962
0.863845
0.873860
0.881234
0.871886
0.874306
0.882866
0.895727
0.886387
0.887201
0.901275
0.887173
0.899966
0.905100
0.892728
0.905765
0.895083
0.906762
0.909260
0.920745
0.911915
0.919351
0.910850
0.922321
0.917092
0.920935
0.912762
0.913507
0.919830
0.903177
0.922171
0.924271
0.894692
0.907917
0.896773
0.910105
0.894339
0.895642
0.892502
0.895903
0.893105
0.895682
0.898366
0.888803
0.900062
0.903038
0.895291
0.899043
0.896658
0.897914
0.890908
0.888198
0.900327
0.894997
0.900648
0.900205
0.884084
0.896188
0.889375
0.893837
0.884794
0.887488
0.870725
0.874819
0.879610
0.874617
0.878836
0.886338
0.886416
0.885688
0.891969
0.886068
0.880138
0.878855
0.859142
0.873260
0.882909
0.891994
0.890551
0.877999
0.892774
0.871776
0.874806
0.876320
0.871789
0.878995
0.883377
0.861254
0.867643
0.855453
0.862188
0.867656
0.855079
0.858073
0.861554
0.867057
0.860364
0.829440
0.829690
0.823339
0.818948
0.833720
0.816919
0.840033
0.841215
0.843286
0.854743
0.845325
0.834064
0.869141
0.863622
0.865109
0.868379
0.881589
0.872476
0.870137
0.862606
0.864387
0.869845
0.869581
0.863287
0.874636
0.873831
0.865561
0.850632
0.865434
0.848832
0.859749
0.875361
0.884251
0.885401
0.873848
0.872594
0.886396
0.890350
0.878152
0.872439
0.871496
0.881255
0.878681
0.869750
0.873051
0.884853
0.893249
0.901376
0.881409
0.886293
0.882866
0.887922
0.881934
0.882813
0.879216
0.881112
0.892784
0.887779
0.888515
0.878092
0.891036
0.892255
0.882429
0.873749
0.898372
0.900533
0.918623
0.930533
0.888129
0.912444
0.913594
0.915122
0.914597
0.881091
0.873902
0.880512
0.913839
0.871069
0.904977
0.921121
0.862416
0.863753
0.889064
0.879287
0.867234
0.887395
0.881177
0.872757
0.883105
0.882336
0.886441
0.881487
0.883104
0.900824
0.864583
0.879558
0.886106
0.901639
0.911308
0.893676
0.894638
0.894678
0.898291
0.909623
0.889288
0.906319
0.893556
0.877264
0.894146
0.905001
0.917918
0.911466
0.907979
0.906919
0.923006
0.884262
0.867904
0.882731
0.892943
0.886071
0.882591
0.869708
0.872065
0.877699
0.891277
0.904877
0.907708
0.890070
0.894552
0.889841
0.894391
0.901048
0.898968
0.900291
0.892750
0.895390
0.892063
0.901489
0.908899
0.898552
0.904280
0.890972
0.896483
0.903953
0.905218
0.902687
0.883604
0.888197
0.896352
0.880496
0.902729
0.902361
0.903075
0.893934
0.881209
0.893893
0.897270
0.893116
0.885306
0.892608
0.887662
0.881747
0.889762
0.886971
0.884554
0.883073
0.881623
0.880343
0.873963
0.882409
0.884645
0.884906
0.886389
0.883299
0.888441
0.886888
0.886134
0.888588
0.876417
0.863502
0.857676
0.872419
0.854499
0.854661
0.846520
0.863253
0.870129
0.876227
0.870414
0.870331
0.883187
0.878233
0.867481
0.865861
0.857460
0.848033
0.857657
0.859839
0.863586
0.848951
0.864649
0.846599
0.864893
0.863383
0.847860
0.857213
0.892221
0.890648
0.884770
0.869550
0.875177
0.880093
0.869695
0.875008
0.869955
0.864758
0.855041
0.855802
0.867324
0.870868
0.862695
0.863878
0.866118
0.875359
0.866093
0.869120
0.853930
0.876873
0.867507
0.869292
0.872064
0.875367
0.862184
0.870482
0.873987
0.868915
0.888903
0.869813
0.874308
0.880165
0.863571
0.864184
0.859160
0.874469
0.883597
0.868228
0.863015
0.850989
0.869019
0.877153
0.893142
0.881729
0.864927
0.866488
0.858772
0.859174
0.900049
0.890558
0.864006
0.853215
0.854359
0.863755
0.857470
0.854818
0.862516
0.870189
0.870861
0.875845
0.870810
0.874217
0.878893
0.884635
0.886572
0.893725
0.878361
0.900081
0.909568
0.905157
0.881776
0.896424
0.881955
0.910978
0.891275
0.902426
0.905740
0.872868
0.902500
0.912411
0.869262
0.878066
0.870958
0.915518
0.882492
0.882064
0.906651
0.874867
0.877094
0.900688
0.895933
0.878760
0.905796
0.877355
0.885907
0.859380
0.862355
0.872675
0.856193
0.869110
0.867308
0.868107
0.876710
0.862451
0.861745
0.860948
0.863415
0.867900
0.864955
0.877359
0.861690
0.859670
0.878771
0.876266
0.883870
0.866567
0.865337
0.880509
0.856005
0.862775
0.855109
0.857710
0.853191
0.869459
0.850251
0.865095
0.846420
0.865999
0.864589
0.866528
0.864272
0.866186
0.883992
0.899043
0.896613
0.897930
0.895899
0.905422
0.899071
0.901147
0.892864
0.888904
0.892059
0.900692
0.882198
0.888426
0.884932
0.888976
0.902072
0.898960
0.912597
0.910912
0.891024
0.898088
0.896665
0.904968
0.903975
0.896114
0.903206
0.896400
0.907069
0.903259
0.899823
0.911118
0.894537
0.887029
0.882649
0.882907
0.886546
0.879003
0.878729
0.869540
0.875944
0.896286
0.888136
0.873076
0.892399
0.899278
0.887553
0.894577
0.878306
0.874838
0.889076
0.876647
0.865081
0.862150
0.871578
0.856846
0.880153
0.881686
0.857634
0.863698
0.887510
0.877214
0.867960
0.861442
0.874656
0.870969
0.870788
0.858754
0.869520
0.874446
0.883930
0.877541
0.870286
0.847935
0.871567
0.867325
0.864774
0.867499
0.861182
0.854326
0.859006
0.845551
0.849930
0.890990
0.882925
0.854134
0.876305
0.869104
0.869097
0.843858
0.872863
0.871074
0.848513
0.872954
0.879776
0.876511
0.870143
0.854775
0.853419
0.856828
0.862971
0.841374
0.855813
0.840527
0.845052
0.894682
0.902897
0.901371
0.891259
0.892005
0.881069
0.882919
0.880363
0.883191
0.872378
0.896160
0.891503
0.881473
0.863987
0.868241
0.877668
0.850045
0.861437
0.872401
0.878278
0.880460
0.887540
0.878608
0.877424
0.898583
0.885075
0.883801
0.881586
0.893650
0.887156
0.884671
0.895394
0.889420
0.889933
0.892794
0.893335
0.875431
0.889184
0.880960
0.889166
0.888556
0.892116
0.878334
0.898046
0.887527
0.888443
0.881779
0.884823
0.882691
0.878745
0.904224
0.893083
0.886602
0.890630
0.892728
0.886720
0.888254
0.887963
0.885989
0.885090
0.877337
0.876204
0.895287
0.880921
0.896470
0.884455
0.879941
0.876315
0.887546
0.883166
0.882003
0.877740
0.880397
0.872723
0.864452
0.874993
0.863147
0.881053
0.857691
0.867945
0.859888
0.862739
0.872346
0.860559
0.870211
0.876889
0.880457
0.869620
0.858642
0.856176
0.850964
0.858843
0.877615
0.854670
0.853352
0.859303
0.851880
0.870769
0.870243
0.857677
0.840015
0.848502
0.855020
0.851520
0.852822
0.865921
0.870906
0.856394
0.861695
0.871274
0.856062
0.842040
0.887877
0.870354
0.889519
0.891157
0.884720
0.884083
0.870446
0.872335
0.880089
0.886386
0.872756
0.877455
0.897671
0.898004
0.896409
0.856479
0.864125
0.875524
0.852414
0.872385
0.855816
0.863056
0.853105
0.848774
0.847328
0.857804
0.846394
0.869657
0.884232
0.891745
0.895086
0.897806
0.893451
0.877074
0.883806
0.886739
0.875672
0.865967
0.881174
0.880886
0.879806
0.874434
0.886907
0.876952
0.878621
0.889018
0.886147
0.890824
0.609863
0.575810
0.581683
0.594415
0.520798
0.550653
0.634924
0.622484
0.611828
0.645330
0.664306
0.663395
0.634886
0.656526
0.616328
0.604387
0.571307
0.565083
0.533029
0.515383
0.494939
0.493963
0.509056
0.511413
0.509540
0.506808
0.506775
0.507141
0.511418
0.499610
0.508436
0.495797
0.513066
0.501672
0.540275
0.515255
0.519214
0.487915
0.507694
0.527004
0.468931
0.480295
0.511343
0.534584
0.566057
0.527306
0.578237
0.526846
0.574806
0.519547
0.610004
0.499509
0.586197
0.539890
0.431240
0.459289
0.578479
0.436078
0.361223
0.383638
0.411272
0.407357
0.432494
0.345604
0.440361
0.465348
0.608936
0.496948
0.438155
0.433916
0.405880
0.409841
0.382968
0.383164
0.360283
0.349637
0.564090
0.434368
0.424206
0.548581
0.562327
0.471157
0.460552
0.558518
0.490373
0.510918
0.510617
0.501062
0.566596
0.553416
0.529251
0.509771
0.508938
0.489677
0.513516
0.517461
0.462516
0.477056
0.500089
0.572482
0.537667
0.531204
0.524829
0.522367
0.520124
0.517939
0.525191
0.502905
0.506220
0.492675
0.499678
0.531341
0.512666
0.529089
0.505557
0.494179
0.561738
0.565588
0.563347
0.535308
0.592332
0.607650
0.607150
0.535497
0.512432
0.494115
0.455467
0.571438
0.495188
0.411203
0.382181
0.529032
0.486362
0.392815
0.574240
0.559516
0.607200
0.587158
0.578835
0.619203
0.538361
0.536134
0.685753
0.642238
0.678099
0.673656
0.653853
0.624075
0.639334
0.667182
0.610400
0.596061
0.550269
0.570361
0.528020
0.532951
0.541118
0.509774
0.529053
0.579738
0.477471
0.506218
0.638490
0.635743
0.674311
0.675061
0.551049
0.555498
0.635458
0.605674
0.651222
0.374793
0.439066
0.492774
0.494850
0.527421
0.528299
0.524873
0.529940
0.557772
0.572019
0.535987
0.516749
0.515007
0.524978
0.505300
0.512339
0.527080
0.536035
0.551957
0.558056
0.658647
0.650911
0.654849
0.652164
0.711687
0.711758
0.596651
0.601365
0.579571
0.589400
0.630438
0.638090
0.639631
0.643626
0.675336
0.680495
0.700000
0.688193
0.661896
0.679312
0.694214
0.675765
0.690378
0.665699
0.635558
0.664635
0.658496
0.684646
0.676956
0.699587
0.683402
0.693674
0.702080
0.646951
0.669762
0.691627
0.664075
0.692366
0.666610
0.691068
0.723040
0.705816
0.706787
0.705181
0.654410
0.676418
0.692248
0.675391
0.555023
0.565481
0.593700
0.620144
0.622473
0.607509
0.640029
0.655689
0.672089
0.663503
0.667573
0.644819
0.522131
0.557362
0.611154
0.600739
0.452125
0.489185
0.483425
0.458041
0.497180
0.467375
0.522187
0.511035
0.439300
0.456037
0.502294
0.498848
0.451068
0.442389
0.443294
0.426404
0.579413
0.511188
0.543000
0.572749
0.555963
0.578402
0.585217
0.581301
0.576726
0.593559
0.587936
0.582138
0.477380
0.455800
0.481749
0.504319
0.393096
0.479822
0.469955
0.542686
0.598529
0.510424
0.495004
0.546561
0.466274
0.496657
0.429023
0.365719
0.612332
0.617676
0.627362
0.617309
0.662420
0.678259
0.567273
0.584667
0.541588
0.598469
0.545645
0.576155
0.564403
0.623540
0.586518
0.641431
0.517443
0.540226
0.564761
0.557144
0.567461
0.596094
0.523159
0.516190
0.556145
0.561136
0.485172
0.444486
0.477800
0.499854
0.432350
0.465004
0.394239
0.467056
0.311951
0.467893
0.685128
0.568174
0.550675
0.633059
0.445034
0.435109
0.640917
0.617149
0.415740
0.543891
0.548100
0.515614
0.519909
0.553191
0.542280
0.556331
0.569458
0.593406
0.595232
0.581056
0.588881
0.598419
0.584466
0.571449
0.570564
0.590693
0.409370
0.511739
0.471120
0.400303
0.531706
0.466271
0.443443
0.417292
0.528594
0.407430
0.437563
0.474203
0.410190
0.417215
0.393878
0.376010
0.483331
0.516573
0.496717
0.499868
0.487381
0.509613
0.445918
0.481839
0.545788
0.527106
0.519837
0.530055
0.510147
0.487702
0.483290
0.509260
0.743597
0.744826
0.717880
0.746263
0.816728
0.748673
0.742485
0.738537
0.747546
0.738477
0.743308
0.736890
0.698275
0.707356
0.762039
0.697773
0.740432
0.720739
0.709840
0.717142
0.712484
0.719647
0.749114
0.742407
0.721245
0.835310
0.847560
0.843310
0.842082
0.847558
0.843981
0.857579
0.862152
0.871564
0.845822
0.828912
0.854662
0.862622
0.848637
0.826599
0.810658
0.828022
0.820064
0.793836
0.807750
0.799477
0.827318
0.840932
0.832204
0.816477
0.856471
0.848514
0.855055
0.852847
0.860438
0.853899
0.850200
0.851302
0.863076
0.850042
0.850478
0.855153
0.826333
0.842456
0.840431
0.842517
0.829207
0.837013
0.834554
0.836203
0.637187
0.582246
0.558561
0.606082
0.514553
0.485592
0.513508
0.549573
0.587772
0.535571
0.593054
0.454976
0.460107
0.576461
0.637280
0.709850
0.682818
0.668470
0.693296
0.658758
0.708220
0.662329
0.647359
0.711474
0.325434
0.310750
0.306016
0.316898
0.316848
0.314592
0.345792
0.338782
0.315987
0.390122
0.394415
0.407520
0.419500
0.395972
0.436262
0.355505
0.345189
0.349443
0.336660
0.353326
0.764531
0.731388
0.728738
0.759088
0.737770
0.749478
0.732799
0.743429
0.793225
0.774484
0.784700
0.787118
0.730696
0.765314
0.772660
0.786789
0.849189
0.854626
0.864140
0.847058
0.846958
0.867337
0.865669
0.857284
0.855794
0.839642
0.846893
0.843204
0.824689
0.844364
0.818609
0.862315
0.852719
0.854392
0.861007
0.848272
0.782444
0.791472
0.798598
0.795086
0.757198
0.795410
0.822772
0.816369
0.802272
0.754043
0.763614
0.764371
0.769237
0.779847
0.784665
0.734342
0.724563
0.779577
0.781202
0.733477
0.754557
0.780400
0.750948
0.780600
0.794066
0.818893
0.823580
0.849720
0.809364
0.830652
0.815278
0.850181
0.844674
0.825694
0.794707
0.857459
0.853110
0.855446
0.849834
0.848696
0.845583
0.849535
0.847861
0.844959
0.849405
0.854714
0.850081
0.862846
0.868693
0.853478
0.847099
0.874448
0.850062
0.854601
0.866248
0.848841
0.864189
0.859711
0.864077
0.856330
0.836605
0.691284
0.632810
0.625779
0.667857
0.579679
0.572509
0.729060
0.682011
0.760808
0.762852
0.708611
0.723402
0.659223
0.665043
0.609260
0.620108
0.445686
0.427099
0.395394
0.421435
0.471727
0.408975
0.484499
0.457464
0.495119
0.497877
0.470603
0.459782
0.449616
0.446999
0.462144
0.456823
0.589193
0.526132
0.520521
0.575746
0.479768
0.461774
0.459854
0.523435
0.593675
0.525945
0.580324
0.474128
0.477441
0.527112
0.598830
0.676190
0.636158
0.656966
0.708192
0.678746
0.732739
0.636821
0.617411
0.619613
0.662963
0.671911
0.603961
0.587277
0.653223
0.562144
0.534153
0.513946
0.566074
0.622737
0.554112
0.600032
0.492381
0.661801
0.636652
0.636609
0.655660
0.683615
0.678160
0.642721
0.674183
0.516299
0.566290
0.628735
0.605103
0.621295
0.643018
0.714566
0.703463
0.679716
0.466895
0.510342
0.575558
0.531604
0.644032
0.598962
0.454300
0.413026
0.465389
0.539332
0.510241
0.775317
0.788932
0.805971
0.791357
0.792513
0.806708
0.795763
0.793615
0.766909
0.703671
0.743556
0.775983
0.729119
0.738295
0.706294
0.670329
0.732235
0.746587
0.760597
0.728384
0.715011
0.699824
0.709071
0.696215
0.690779
0.747885
0.731371
0.771409
0.757296
0.748911
0.726767
0.731212
0.723563
0.739468
0.709449
0.700180
0.700539
0.688360
0.696348
0.668970
0.684094
0.672941
0.688465
0.710007
0.706707
0.698752
0.713360
0.704351
0.697629
0.706149
0.709455
0.784472
0.787229
0.804605
0.796043
0.800911
0.802046
0.769310
0.772728
0.726485
0.747493
0.797586
0.804145
0.784099
0.787231
0.761070
0.771116
0.785198
0.785129
0.790069
0.796435
0.767137
0.747828
0.738514
0.755762
0.716357
0.719773
0.765524
0.771463
0.775916
0.767916
0.762804
0.764140
0.769245
0.745665
0.748937
0.732651
0.789347
0.794235
0.807968
0.797147
0.796309
0.819274
0.837572
0.810245
0.787212
0.790886
0.786154
0.788092
0.776038
0.785882
0.770827
0.780792
0.772494
0.778958
0.781549
0.793748
0.782402
0.787111
0.773686
0.778757
0.776291
0.767675
0.797541
0.788671
0.821873
0.808682
0.801167
0.797230
0.804942
0.793006
0.780886
0.778770
0.811944
0.797828
0.800886
0.812969
0.801511
0.781559
0.808819
0.814615
0.792745
0.805668
0.807183
0.802992
0.825781
0.811821
0.835701
0.818148
0.828404
0.813185
0.806633
0.820771
0.791366
0.794545
0.837782
0.831292
0.842878
0.841628
0.839315
0.843625
0.819666
0.808979
0.800365
0.799970
0.884953
0.870567
0.864414
0.872164
0.832731
0.849116
0.855317
0.866643
0.875924
0.862442
0.858151
0.863342
0.859165
0.863049
0.884304
0.876771
0.920393
0.916995
0.887545
0.905858
0.832279
0.813820
0.815275
0.836411
0.787637
0.795986
0.837463
0.839092
0.852284
0.855239
0.803555
0.838759
0.713032
0.659585
0.656507
0.718272
0.581633
0.616478
0.599267
0.651657
0.732681
0.645987
0.726718
0.611324
0.782873
0.765157
0.776247
0.782449
0.634571
0.634981
0.658170
0.677892
0.636509
0.637367
0.703908
0.716699
0.732745
0.656041
0.718952
0.601618
0.758106
0.771881
0.766103
0.774590
0.484221
0.456749
0.461512
0.482259
0.501473
0.482485
0.509878
0.496127
0.484086
0.508478
0.463122
0.456048
0.478786
0.445656
0.606565
0.497417
0.627644
0.652085
0.723736
0.693516
0.657381
0.744005
0.605839
0.666095
0.536856
0.553076
0.596086
0.599524
0.571454
0.588707
0.650761
0.645451
0.609992
0.651198
0.715546
0.729664
0.713442
0.543290
0.584475
0.691541
0.532018
0.559147
0.591972
0.608516
0.757403
0.746513
0.774592
0.777020
0.754735
0.761476
0.709080
0.757982
0.732783
0.715053
0.668110
0.715410
0.729595
0.731158
0.741370
0.737192
0.753253
0.753839
0.741566
0.760965
0.753206
0.751276
0.749167
0.742056
0.774442
0.730199
0.763407
0.750448
0.776573
0.763784
0.756631
0.750221
0.745623
0.739929
0.763541
0.759696
0.753586
0.757604
0.771925
0.786982
0.773641
0.808174
0.785179
0.801864
0.759304
0.778403
0.747128
0.746852
0.743722
0.728929
0.731084
0.736058
0.725524
0.720997
0.733727
0.737512
0.738807
0.742426
0.737032
0.743432
0.746325
0.739517
0.753737
0.748580
0.762682
0.757566
0.768265
0.775493
0.745884
0.759703
0.776633
0.771746
0.774847
0.789961
0.776147
0.774888
0.800181
0.767716
0.753494
0.742026
0.755266
0.744418
0.761956
0.765010
0.752620
0.766327
0.771011
0.768903
0.763559
0.750343
0.748680
0.773490
0.757704
0.746490
0.737393
0.731409
0.691670
0.703545
0.711324
0.706835
0.716782
0.741705
0.723433
0.714488
0.741222
0.728674
0.733087
0.732975
0.714593
0.712365
0.649651
0.678994
0.773567
0.779468
0.743347
0.753368
0.773594
0.739019
0.773414
0.753716
0.774831
0.778447
0.783834
0.781444
0.768254
0.766726
0.760539
0.767515
0.768713
0.764651
0.760703
0.761724
0.727379
0.772045
0.755858
0.689960
0.783867
0.771268
0.768132
0.775562
0.803944
0.787768
0.806443
0.827242
0.767635
0.773893
0.815390
0.836176
0.789180
0.810237
0.771504
0.779680
0.742501
0.768709
0.680138
0.728525
0.789646
0.817590
0.820202
0.819852
0.823593
0.815713
0.844356
0.847677
0.829462
0.849026
0.859605
0.847003
0.843276
0.863252
0.846711
0.748866
0.805564
0.802718
0.747639
0.811523
0.733642
0.746146
0.780858
0.796577
0.745542
0.775533
0.778304
0.768607
0.770812
0.783115
0.755008
0.775181
0.776154
0.751862
0.754367
0.775346
0.766231
0.780302
0.787407
0.804576
0.799502
0.815730
0.832337
0.844554
0.845003
0.838364
0.832787
0.847186
0.827368
0.838463
0.831966
0.852047
0.814495
0.819778
0.814587
0.837252
0.843636
0.839651
0.841271
0.817454
0.813872
0.829135
0.829123
0.835316
0.823221
0.821552
0.811085
0.810646
0.785561
0.802655
0.745058
0.792749
0.774123
0.708889
0.810283
0.804752
0.781608
0.782193
0.789084
0.797452
0.780904
0.776712
0.778142
0.801126
0.820134
0.795164
0.787453
0.803942
0.783958
0.778051
0.783341
0.787801
0.807846
0.814777
0.810301
0.799342
0.831976
0.831914
0.842272
0.802450
0.797369
0.809280
0.810571
0.808824
0.812769
0.813111
0.817442
0.823049
0.842281
0.839428
0.832847
0.820860
0.830946
0.843061
0.831403
0.816752
0.820494
0.814748
0.827162
0.825061
0.821820
0.808607
0.808880
0.805238
0.757514
0.791230
0.784845
0.781428
0.821693
0.783498
0.795436
0.775224
0.763254
0.771753
0.766196
0.794408
0.755029
0.751108
0.738446
0.760063
0.784287
0.807215
0.806553
0.799309
0.826703
0.824539
0.838951
0.825791
0.845773
0.785676
0.786070
0.816575
0.780547
0.787607
0.793834
0.795250
0.790850
0.797440
0.804364
0.816746
0.830743
0.832966
0.814052
0.816497
0.823758
0.827504
0.828176
0.838670
0.800005
0.822215
0.820669
0.808492
0.813644
0.818356
0.798207
0.774170
0.820570
0.804583
0.781445
0.762392
0.742296
0.742095
0.764207
0.800086
0.708088
0.716385
0.715928
0.724077
0.772429
0.797542
0.753202
0.740370
0.801212
0.821204
0.837435
0.857198
0.842380
0.871520
0.831632
0.839571
0.816742
0.828858
0.779482
0.809353
0.585088
0.737279
0.616967
0.628248
0.650741
0.634695
0.698560
0.668762
0.615071
0.629710
0.569198
0.595872
0.570647
0.587808
0.596142
0.624329
0.661684
0.682056
0.569369
0.624482
0.607045
0.559049
0.754846
0.700395
0.528697
0.539401
0.476294
0.507645
0.503752
0.536385
0.556012
0.592483
0.677736
0.732075
0.660887
0.695790
0.661551
0.658890
0.724675
0.698218
0.642125
0.694009
0.666720
0.678236
0.663181
0.686888
0.697097
0.722864
0.693080
0.850686
0.852431
0.819227
0.823874
0.842711
0.827035
0.818699
0.844379
0.826200
0.845948
0.814320
0.811263
0.782319
0.776373
0.775368
0.775987
0.827212
0.879488
0.848733
0.888902
0.806191
0.837001
0.813477
0.854505
0.863356
0.858151
0.841635
0.841456
0.850009
0.856143
0.836118
0.832439
0.816465
0.826150
0.846093
0.783931
0.822501
0.796339
0.837823
0.834793
0.830648
0.824048
0.815793
0.830428
0.825155
0.830456
0.824031
0.808480
0.813608
0.798542
0.541876
0.519307
0.563493
0.558608
0.522053
0.585501
0.683326
0.606776
0.572056
0.684210
0.616562
0.745294
0.801356
0.710617
0.681269
0.567726
0.555246
0.586748
0.594878
0.657399
0.649427
0.576693
0.571478
0.571135
0.572236
0.647447
0.683084
0.698948
0.644552
0.691051
0.632745
0.693153
0.621599
0.669110
0.600730
0.606277
0.576889
0.538051
0.616360
0.608179
0.758575
0.740108
0.726937
0.717896
0.742110
0.718528
0.674210
0.718307
0.728868
0.747297
0.702834
0.689924
0.762533
0.789797
0.757527
0.743826
0.568300
0.594801
0.584074
0.596616
0.584301
0.624940
0.611738
0.600279
0.657716
0.604481
0.587398
0.597366
0.621110
0.657555
0.644637
0.676634
0.599305
0.597206
0.596037
0.590147
0.632051
0.671502
0.673214
0.627584
0.671207
0.638523
0.682364
0.634103
0.603518
0.617926
0.603792
0.604408
0.695954
0.686967
0.726649
0.703991
0.683007
0.749797
0.759030
0.722198
0.708905
0.741769
0.750522
0.775267
0.711223
0.706743
0.683742
0.704040
0.610421
0.611494
0.636943
0.656441
0.610111
0.625215
0.646402
0.654623
0.686897
0.665994
0.656870
0.673181
0.639596
0.634577
0.613388
0.582870
0.657338
0.659604
0.634196
0.646858
0.613511
0.641705
0.611102
0.622579
0.692434
0.673146
0.652431
0.672014
0.692600
0.678230
0.651383
0.696939
0.772905
0.806519
0.806110
0.787033
0.809258
0.819489
0.785944
0.786239
0.740327
0.758106
0.770124
0.772972
0.769328
0.788659
0.791129
0.761453
0.667245
0.662855
0.665381
0.678840
0.692764
0.666802
0.761473
0.694074
0.690037
0.757161
0.659733
0.673908
0.705098
0.673999
0.730333
0.712442
0.676267
0.665181
0.650886
0.646982
0.711419
0.733338
0.736343
0.715110
0.729563
0.707213
0.710604
0.692935
0.682186
0.668219
0.660776
0.681517
0.666087
0.701198
0.646549
0.649303
0.699114
0.673842
0.637980
0.626702
0.635395
0.652375
0.661963
0.654714
0.668246
0.650137
0.670888
0.654029
0.679655
0.666596
0.713112
0.701322
0.743175
0.794144
0.794032
0.748652
0.826640
0.810627
0.766706
0.754847
0.724432
0.715813
0.702513
0.704613
0.705724
0.703212
0.711686
0.739045
0.714682
0.724613
0.714664
0.695604
0.590123
0.624600
0.688501
0.649596
0.702362
0.709651
0.732715
0.713347
0.675913
0.726313
0.691946
0.775804
0.658506
0.662515
0.651156
0.634590
0.817806
0.821685
0.827783
0.825645
0.819598
0.834284
0.812776
0.823955
0.779991
0.787541
0.780541
0.782813
0.869592
0.899380
0.907601
0.878307
0.892046
0.904734
0.836341
0.838959
0.812154
0.848231
0.826172
0.756412
0.838668
0.855599
0.845827
0.882865
0.677076
0.680190
0.623824
0.654509
0.623943
0.698432
0.711575
0.670323
0.766549
0.763601
0.713208
0.705906
0.696826
0.725913
0.718641
0.771515
0.776149
0.763046
0.733450
0.738821
0.726528
0.729931
0.777416
0.738614
0.722826
0.720191
0.716184
0.700407
0.770242
0.773512
0.741344
0.759282
0.789109
0.772958
0.798538
0.811076
0.793199
0.799281
0.793772
0.801352
0.828470
0.781954
0.824459
0.841278
0.750012
0.747681
0.759255
0.761384
0.769228
0.756447
0.817636
0.795110
0.753845
0.808729
0.787482
0.773028
0.765638
0.732177
0.736833
0.725353
0.660458
0.704971
0.725236
0.737034
0.751183
0.729517
0.706527
0.696788
0.658991
0.767611
0.744543
0.780235
0.778393
0.765873
0.737659
0.731851
0.759833
0.737072
0.730510
0.742679
0.778792
0.777179
0.758147
0.758511
0.766498
0.794388
0.778911
0.769501
0.741342
0.731938
0.801931
0.755464
0.837904
0.836891
0.748414
0.806658
0.798127
0.782646
0.739577
0.741223
0.723970
0.753471
0.725386
0.743175
0.763181
0.802245
0.810021
0.754688
0.776905
0.762106
0.766636
0.775263
0.749203
0.762028
0.730313
0.751347
0.817902
0.780530
0.768549
0.789780
0.783554
0.788023
0.787016
0.807705
0.791710
0.787428
0.857961
0.869671
0.885445
0.895633
0.867404
0.866273
0.794321
0.822406
0.771476
0.756669
0.765528
0.777503
0.770430
0.779748
0.771467
0.783304
0.845225
0.801022
0.804306
0.835243
0.770705
0.776504
0.778019
0.815062
0.663415
0.665334
0.631884
0.652394
0.673619
0.647252
0.621915
0.625167
0.632103
0.643974
0.617251
0.578503
0.768282
0.696412
0.786184
0.706851
0.773428
0.716377
0.809859
0.737350
0.838323
0.862125
0.866000
0.855147
0.838358
0.829290
0.843962
0.851515
0.850049
0.825421
0.805148
0.822765
0.867454
0.821622
0.864391
0.851076
0.777568
0.817785
0.807756
0.790142
0.827473
0.815202
0.845496
0.831240
0.802950
0.797345
0.812462
0.821179
0.736049
0.755356
0.786901
0.782489
0.770600
0.781304
0.779909
0.765469
0.780110
0.780452
0.741133
0.739978
0.749757
0.782163
0.818375
0.733936
0.856659
0.799432
0.797558
0.800031
0.769309
0.760202
0.738999
0.773418
0.749133
0.725053
0.699241
0.727101
0.752002
0.791270
0.777163
0.758882
0.781214
0.790919
0.774160
0.775153
0.693952
0.670571
0.721789
0.732432
0.755200
0.763339
0.777628
0.766365
0.662000
0.738579
0.688950
0.736277
0.724148
0.743048
0.775410
0.714922
0.519842
0.527641
0.656673
0.598758
0.510145
0.650209
0.487740
0.559889
0.471080
0.468642
0.420386
0.470588
0.357100
0.438112
0.304105
0.380489
0.545137
0.571754
0.577092
0.569978
0.582529
0.597986
0.608452
0.591755
0.643741
0.602025
0.621617
0.654432
0.662295
0.582491
0.534824
0.488878
0.802749
0.842548
0.803995
0.794513
0.836008
0.828646
0.772037
0.782252
0.796784
0.814931
0.816395
0.849741
0.874457
0.851744
0.858205
0.850558
0.887089
0.871841
0.904112
0.899270
0.854511
0.895782
0.850403
0.899772
0.902631
0.872210
0.911733
0.840499
0.918203
0.897568
0.894860
0.865707
0.833146
0.769934
0.741474
0.800118
0.743878
0.701318
0.673381
0.710791
0.775899
0.685526
0.747231
0.667231
0.826327
0.798189
0.856477
0.844521
0.788740
0.743203
0.765759
0.830905
0.690759
0.727474
0.779804
0.800083
0.865112
0.791627
0.846522
0.764042
0.835814
0.833902
0.709072
0.720451
0.743848
0.749726
0.771867
0.759682
0.805775
0.751382
0.752518
0.752172
0.708011
0.745727
0.658678
0.666964
0.625922
0.642944
0.616667
0.636715
0.720389
0.666485
0.679000
0.729729
0.693865
0.719169
0.700860
0.701447
0.752739
0.759940
0.772821
0.820483
0.770564
0.778020
0.702089
0.756813
0.712965
0.673832
0.727982
0.764777
0.752679
0.665876
0.734502
0.710903
0.763036
0.770248
0.752000
0.757781
0.681503
0.679327
0.729227
0.670224
0.808480
0.831100
0.836618
0.802936
0.822077
0.810949
0.812150
0.810500
0.828102
0.817934
0.796091
0.796591
0.809749
0.767100
0.772579
0.802527
0.803131
0.833991
0.848569
0.826097
0.824994
0.810916
0.798031
0.798132
0.197738
0.232221
0.171237
0.119910
0.289725
0.256992
0.205645
0.123002
0.059124
0.204982
0.116449
0.005956
0.287326
0.278220
0.314051
0.409053
0.682551
0.657383
0.622995
0.635419
0.575822
0.540124
0.652452
0.669893
0.658336
0.690555
0.674921
0.671179
0.642062
0.644340
0.580689
0.587954
0.665006
0.629386
0.635139
0.668063
0.574594
0.573815
0.671610
0.672098
0.676231
0.675600
0.657848
0.664749
0.638149
0.636083
0.578870
0.575227
0.613526
0.597685
0.601213
0.625876
0.570600
0.584489
0.586945
0.625886
0.642913
0.616767
0.615946
0.634992
0.659934
0.635186
0.652495
0.637267
0.630203
0.611798
0.607080
0.589499
0.654866
0.645269
0.638439
0.654671
0.615786
0.579788
0.662050
0.676130
0.659835
0.647589
0.629275
0.609411
0.647832
0.645685
0.649556
0.653596
0.639445
0.646552
0.642034
0.652266
0.666949
0.647224
0.662291
0.632935
0.671069
0.671736
0.643940
0.662484
0.583388
0.606585
0.613295
0.598044
0.622680
0.625057
0.626901
0.621935
0.607931
0.637885
0.631400
0.634689
0.589006
0.614781
0.557778
0.572616
0.560469
0.576971
0.568501
0.587012
0.579485
0.597447
0.632500
0.609045
0.636384
0.661765
0.598217
0.625695
0.646843
0.664565
0.637478
0.656340
0.651948
0.662376
0.622396
0.631064
0.616972
0.623386
0.667120
0.654333
0.659556
0.674368
0.684141
0.705232
0.634290
0.660835
0.680767
0.652036
0.702891
0.716497
0.594909
0.603501
0.598755
0.573410
0.622576
0.610327
0.656508
0.637687
0.687743
0.679692
0.681838
0.702899
0.669408
0.667310
0.717202
0.700773
0.676748
0.664831
0.650082
0.660727
0.648159
0.639195
0.664788
0.686096
0.687076
0.711674
0.749545
0.760632
0.759064
0.790179
0.735805
0.740856
0.709297
0.717410
0.739900
0.685318
0.656565
0.643101
0.659524
0.629615
0.645924
0.637225
0.630983
0.627947
0.634807
0.620336
0.610437
0.615345
0.634224
0.635427
0.628809
0.627834
0.441470
0.460659
0.442170
0.413864
0.505046
0.455217
0.462591
0.467566
0.429038
0.397504
0.353075
0.353074
0.496888
0.467195
0.517296
0.517387
0.382297
0.349620
0.366955
0.410147
0.286239
0.294484
0.358173
0.453316
0.457056
0.377450
0.395578
0.435806
0.368934
0.366894
0.343232
0.283186
0.135291
0.203431
0.191606
0.115217
0.081914
0.039084
0.149593
0.194686
0.275031
0.312089
0.340484
0.239762
0.600626
0.619776
0.618705
0.588726
0.648276
0.645481
0.641698
0.591433
0.571802
0.584769
0.558494
0.641761
0.645245
0.581142
0.551971
0.544032
0.549549
0.549960
0.589828
0.564182
0.609900
0.624718
0.618430
0.604798
0.649068
0.655927
0.622249
0.613611
0.630534
0.620375
0.620651
0.626625
0.614908
0.626336
0.624513
0.635477
0.644213
0.698227
0.695734
0.661885
0.681386
0.695600
0.657673
0.671600
0.604614
0.643557
0.527205
0.631164
0.719089
0.765998
0.806325
0.751933
0.771082
0.807998
0.838124
0.806962
0.762906
0.679705
0.707309
0.708353
0.650269
0.683345
0.713870
0.677395
0.538753
0.571570
0.545221
0.513320
0.644851
0.606054
0.574647
0.517166
0.498869
0.546102
0.546887
0.529094
0.552353
0.550082
0.582198
0.648464
0.477081
0.478495
0.465644
0.474326
0.534239
0.515188
0.525352
0.522546
0.524758
0.487395
0.493671
0.552690
0.802197
0.777635
0.708491
0.709587
0.726522
0.679080
0.747597
0.801418
0.715233
0.759902
0.788348
0.791482
0.790705
0.762070
0.745184
0.776279
0.773123
0.752726
0.800390
0.789669
0.695435
0.701294
0.700463
0.756320
0.791749
0.826298
0.644524
0.618812
0.595520
0.657705
0.554621
0.566010
0.651563
0.662373
0.637675
0.631885
0.616107
0.569849
0.594908
0.588412
0.549557
0.550306
0.542887
0.565748
0.505957
0.538036
0.468794
0.506565
0.530599
0.555351
0.704080
0.657231
0.715383
0.744470
0.720552
0.776774
0.646267
0.692621
0.557768
0.663878
0.681413
0.700775
0.716951
0.676502
0.783531
0.728230
0.730018
0.767701
0.719429
0.745176
0.800580
0.779272
0.770669
0.810625
0.777397
0.715772
0.500753
0.611674
0.436773
0.528552
0.391381
0.481266
0.610987
0.581773
0.530305
0.563290
0.649371
0.665923
0.684015
0.702872
0.646445
0.666329
0.582944
0.602768
0.692894
0.644538
0.734887
0.699987
0.676241
0.676434
0.701212
0.652431
0.625831
0.611862
0.662051
0.686561
0.631814
0.671469
0.601736
0.691067
0.701225
0.704472
0.700132
0.677553
0.712899
0.703143
0.684951
0.621693
0.663128
0.680570
0.638187
0.662922
0.673523
0.698335
0.686407
0.654556
0.604483
0.619619
0.624842
0.617653
0.634705
0.606881
0.599252
0.599646
0.605379
0.601057
0.617633
0.627480
0.652017
0.657184
0.641919
0.661366
0.651036
0.644595
0.689059
0.677205
0.676885
0.637428
0.629435
0.613344
0.613219
0.607255
0.622691
0.654539
0.683491
0.676909
0.625168
0.608183
0.596045
0.603826
0.596853
0.591793
0.591444
0.585937
0.597812
0.599671
0.585364
0.586367
0.632512
0.630471
0.608376
0.614673
0.629688
0.635394
0.620237
0.605000
0.595825
0.582337
0.584286
0.570812
0.574681
0.599781
0.627069
0.660956
0.720935
0.713408
0.694821
0.697085
0.686199
0.682073
0.681672
0.694011
0.631795
0.680866
0.703252
0.662419
0.637336
0.708248
0.677099
0.602820
0.617741
0.636689
0.665491
0.661290
0.687251
0.674365
0.699062
0.695225
0.671601
0.671911
0.696139
0.692654
0.613673
0.598836
0.638258
0.646206
0.694503
0.707753
0.691871
0.685461
0.716399
0.684752
0.660103
0.671464
0.679225
0.671009
0.653580
0.629317
0.690673
0.680054
0.674251
0.669679
0.739881
0.748177
0.741072
0.731475
0.763101
0.747835
0.732713
0.722381
0.731415
0.717381
0.703697
0.718907
0.724873
0.686307
0.754430
0.754939
0.772786
0.754949
0.755737
0.772412
0.762294
0.785486
0.755630
0.768582
0.776569
0.806149
0.782876
0.777683
0.792776
0.805293
0.811426
0.794534
0.734031
0.749434
0.743620
0.735648
0.767066
0.755861
0.801450
0.796776
0.788826
0.776849
0.730006
0.750413
0.767222
0.762869
0.778399
0.787789
0.742784
0.731878
0.741943
0.736047
0.726622
0.721362
0.701894
0.707258
0.706617
0.697184
0.676130
0.684728
0.695031
0.725910
0.715907
0.706139
0.742084
0.726579
0.720555
0.721958
0.573995
0.527580
0.552444
0.606713
0.488977
0.508282
0.530124
0.573443
0.622507
0.596912
0.640252
0.566272
0.677802
0.659363
0.649275
0.641126
0.487893
0.531820
0.522743
0.499727
0.566639
0.536497
0.601967
0.574265
0.534094
0.554606
0.479708
0.508572
0.713511
0.725781
0.701712
0.681647
0.737662
0.716596
0.695831
0.714701
0.755249
0.718493
0.731279
0.755049
0.773943
0.749182
0.784885
0.762928
0.803541
0.793527
0.805700
0.843016
0.807591
0.787664
0.789634
0.807531
0.678017
0.724413
0.730451
0.792923
0.720512
0.767430
0.696496
0.704566
0.675540
0.668939
0.703229
0.663452
0.687832
0.712679
0.758460
0.715193
0.741588
0.783311
0.762774
0.723673
0.764139
0.726941
0.665018
0.657074
0.577434
0.608320
0.586114
0.545425
0.517937
0.547181
0.561986
0.526305
0.543357
0.497198
0.615745
0.605255
0.575093
0.599925
0.672781
0.696112
0.630749
0.642164
0.487877
0.376383
0.472509
0.527390
0.533918
0.575073
0.545507
0.509384
0.629148
0.611461
0.567909
0.563744
0.724173
0.624317
0.610588
0.677739
0.730222
0.710355
0.675477
0.700677
0.643341
0.669242
0.624586
0.645637
0.699511
0.652922
0.752031
0.715451
0.838643
0.814702
0.789203
0.809893
0.779770
0.765370
0.780092
0.802860
0.779904
0.786736
0.766178
0.680261
0.688897
0.689202
0.677222
0.761067
0.658826
0.730817
0.792034
0.771446
0.792604
0.789634
0.781848
0.776980
0.783197
0.796800
0.707457
0.759000
0.701035
0.755451
0.705212
0.741226
0.686234
0.746655
0.668748
0.673977
0.748369
0.740934
0.782115
0.773455
0.756412
0.765600
0.770430
0.770108
0.682717
0.749855
0.549066
0.568076
0.637248
0.626617
0.588528
0.643138
0.507730
0.581418
0.507263
0.495082
0.526264
0.518357
0.543736
0.541637
0.547217
0.558515
0.472744
0.452734
0.456341
0.468741
0.404544
0.448173
0.468948
0.483300
0.508023
0.573305
0.584630
0.552518
0.535103
0.525985
0.596193
0.595298
0.503103
0.484646
0.469513
0.487083
0.584828
0.587035
0.627791
0.632664
0.580490
0.626934
0.590203
0.641794
0.559219
0.566912
0.565102
0.569521
0.576703
0.562625
0.566821
0.554906
0.535579
0.519930
0.501150
0.534329
0.542869
0.554426
0.590603
0.596379
0.565568
0.601901
0.545911
0.543264
0.586883
0.592900
0.553416
0.542554
0.598396
0.565630
0.592325
0.536650
0.664035
0.633009
0.661819
0.621307
0.665159
0.622306
0.676575
0.631411
0.603555
0.605146
0.585099
0.580697
0.609322
0.580839
0.602135
0.580650
0.677702
0.637561
0.678275
0.636603
0.683368
0.639750
0.692748
0.658149
0.723406
0.713151
0.701864
0.694855
0.721310
0.706720
0.705429
0.693729
0.695088
0.709716
0.715340
0.724926
0.744086
0.731649
0.767451
0.741266
0.761439
0.779143
0.775864
0.756552
0.734474
0.756945
0.739274
0.734553
0.774896
0.754026
0.754578
0.775146
0.790392
0.774296
0.768413
0.784160
0.633530
0.642518
0.697837
0.709342
0.626178
0.669247
0.667100
0.715087
0.730474
0.697271
0.716640
0.627718
0.759639
0.745724
0.642534
0.709844
0.545771
0.543124
0.464372
0.479587
0.441746
0.449508
0.417097
0.460465
0.503714
0.492893
0.463935
0.453461
0.451279
0.444682
0.542536
0.541451
0.590341
0.690558
0.650639
0.574906
0.765962
0.756692
0.730050
0.642563
0.578575
0.410090
0.498311
0.509350
0.472281
0.527105
0.479276
0.534880
0.433862
0.364223
0.651837
0.775805
0.508071
0.496949
0.562127
0.546712
0.499243
0.572591
0.628788
0.573752
0.597594
0.509454
0.539260
0.579379
0.453982
0.462879
0.445462
0.487041
0.445098
0.471744
0.448148
0.481973
0.413185
0.457216
0.375583
0.403651
0.525407
0.419572
0.453910
0.442205
0.519390
0.478204
0.454230
0.443817
0.489598
0.471320
0.609119
0.552972
0.724126
0.667086
0.591482
0.634967
0.540377
0.602594
0.605290
0.570304
0.610892
0.582350
0.706145
0.617150
0.833187
0.798037
0.753018
0.742902
0.661051
0.653363
0.582630
0.558642
0.607205
0.518993
0.761720
0.667541
0.840731
0.865761
0.790689
0.828309
0.873189
0.894148
0.852447
0.820689
0.797497
0.830099
0.742724
0.756433
0.671783
0.687059
0.785859
0.814025
0.780484
0.790019
0.715650
0.772062
0.583295
0.591350
0.513306
0.528394
0.466479
0.461995
0.436991
0.452317
0.505055
0.487984
0.560666
0.625969
0.680296
0.716512
0.696482
0.701190
0.757457
0.723451
0.731663
0.713745
0.724536
0.717916
0.726240
0.763990
0.702513
0.711173
0.707160
0.713779
0.643096
0.660172
0.693188
0.713523
0.652377
0.695750
0.692830
0.633616
0.510971
0.584062
0.514817
0.605707
0.523319
0.606627
0.551100
0.592303
0.703589
0.644852
0.668028
0.713055
0.540228
0.547623
0.560966
0.702598
0.760325
0.724354
0.739024
0.755209
0.706380
0.665141
0.614165
0.529121
0.786620
0.723705
0.825550
0.843332
0.788641
0.775758
0.818148
0.815727
0.768664
0.748625
0.639449
0.592333
0.587984
0.643773
0.531097
0.524786
0.671222
0.677876
0.647573
0.625607
0.645558
0.628963
0.605767
0.607706
0.520574
0.524600
0.833190
0.829278
0.836448
0.830366
0.820625
0.836079
0.735557
0.726611
0.612815
0.620500
0.582555
0.766220
0.747381
0.604240
0.789112
0.720590
0.678336
0.749311
0.641622
0.558839
0.538350
0.640272
0.718130
0.611837
0.678680
0.532987
0.750592
0.729615
0.807991
0.755718
0.847750
0.742654
0.760418
0.832895
0.631654
0.614099
0.827931
0.849537
0.621332
0.755607
0.328117
0.324191
0.248468
0.300569
0.374966
0.331554
0.266821
0.237753
0.289125
0.340421
0.329549
0.329179
0.350528
0.354922
0.368747
0.416822
0.504890
0.432140
0.419118
0.467634
0.438150
0.516479
0.469604
0.539235
0.508244
0.585270
0.498673
0.556306
0.517580
0.485835
0.425825
0.495556
0.472984
0.417705
0.351818
0.448841
0.513229
0.621878
0.575309
0.566090
0.616980
0.566079
0.621596
0.592860
0.647849
0.563133
0.546153
0.515553
0.480431
0.469866
0.434394
0.458360
0.510037
0.487384
0.513574
0.490071
0.524743
0.513016
0.488951
0.459547
0.488578
0.450461
0.505499
0.473831
0.517803
0.491816
0.368469
0.427255
0.441384
0.394533
0.365999
0.312999
0.368596
0.342489
0.289525
0.307299
0.326948
0.315200
0.340585
0.307108
0.409832
0.334466
0.310918
0.368908
0.411990
0.380567
0.344803
0.419283
0.690657
0.583524
0.606304
0.661900
0.549681
0.608634
0.615595
0.613361
0.560148
0.516257
0.656779
0.540734
0.476510
0.535631
0.476999
0.546547
0.589281
0.631419
0.497801
0.553638
0.575908
0.536650
0.517202
0.566117
0.494984
0.560872
0.625862
0.567275
0.608105
0.629689
0.603820
0.636349
0.559738
0.634864
0.524714
0.520165
0.838925
0.808967
0.813956
0.792802
0.802116
0.798302
0.796577
0.779671
0.757854
0.756788
0.819589
0.816510
0.785930
0.785890
0.786364
0.770425
0.784274
0.812010
0.761143
0.651947
0.657762
0.676558
0.694105
0.688607
0.706017
0.696227
0.706047
0.689977
0.729724
0.774472
0.736654
0.749113
0.803589
0.742860
0.645857
0.647407
0.696033
0.700690
0.672708
0.681157
0.636887
0.630121
0.693298
0.661868
0.627838
0.600753
0.592420
0.753424
0.714505
0.669753
0.749258
0.719092
0.729581
0.740355
0.557635
0.576227
0.587221
0.558173
0.610194
0.597494
0.623788
0.616215
0.570791
0.580593
0.601246
0.598462
0.526359
0.554363
0.551615
0.566461
0.582062
0.563540
0.547827
0.562416
0.559342
0.560876
0.544235
0.518731
0.512731
0.592462
0.534111
0.512429
0.636460
0.570095
0.556134
0.574558
0.450237
0.464248
0.536292
0.488116
0.558867
0.534031
0.589140
0.551206
0.530704
0.503004
0.529399
0.506433
0.455014
0.460560
0.474645
0.477451
0.435167
0.448749
0.431880
0.415325
0.534531
0.491652
0.465071
0.423890
0.394929
0.426393
0.397227
0.477585
0.476931
0.440033
0.417508
0.410918
0.423178
0.442338
0.432178
0.415971
0.523827
0.567121
0.542625
0.508922
0.588811
0.573003
0.568973
0.513745
0.496189
0.499793
0.474889
0.527252
0.510838
0.490423
0.499949
0.531881
0.553749
0.567698
0.573825
0.536907
0.570139
0.599541
0.537109
0.538234
0.553127
0.549584
0.533493
0.519018
0.520400
0.542622
0.546790
0.479835
0.506514
0.514034
0.494666
0.544494
0.547302
0.454325
0.464713
0.507141
0.467000
0.541479
0.487510
0.592266
0.516853
0.622800
0.561515
0.532349
0.530349
0.513753
0.509787
0.584972
0.559894
0.548864
0.504336
0.485051
0.472465
0.457852
0.533070
0.474333
0.456636
0.543545
0.512358
0.570706
0.552818
0.591031
0.566825
0.614265
0.578364
0.601256
0.574298
0.587330
0.599775
0.557288
0.598814
0.633985
0.645482
0.636270
0.621493
0.645578
0.639239
0.601676
0.588754
0.665338
0.616012
0.705377
0.655818
0.710510
0.667227
0.699468
0.664013
0.804383
0.764499
0.763211
0.764076
0.745826
0.734896
0.711714
0.765449
0.732405
0.678132
0.706027
0.721898
0.741504
0.708853
0.659760
0.620804
0.603367
0.629691
0.593527
0.615966
0.605191
0.620298
0.624181
0.624433
0.680974
0.657521
0.691405
0.713419
0.708136
0.689846
0.689352
0.676033
0.643660
0.637795
0.633189
0.636547
0.682397
0.704712
0.622027
0.675329
0.668541
0.637241
0.660939
0.628831
0.631581
0.598991
0.607750
0.554944
0.624933
0.607202
0.666135
0.653891
0.642049
0.665826
0.626861
0.623731
0.607041
0.575864
0.620091
0.359169
0.397401
0.410315
0.397733
0.445315
0.468495
0.475406
0.461334
0.351387
0.382807
0.457237
0.453769
0.328833
0.363704
0.379293
0.364276
0.823730
0.775848
0.783880
0.786594
0.721508
0.766412
0.794571
0.799929
0.786548
0.593752
0.739622
0.703479
0.659841
0.781721
0.779401
0.521016
0.679404
0.618728
0.634304
0.633884
0.704579
0.711010
0.640460
0.715337
0.760679
0.754157
0.782588
0.657885
0.761204
0.785502
0.445999
0.578094
0.395319
0.545837
0.398710
0.507850
0.450788
0.524731
0.661633
0.702433
0.620779
0.550472
0.717630
0.644962
0.579853
0.549527
0.536778
0.491747
0.475465
0.526068
0.449022
0.485822
0.452302
0.424702
0.560104
0.561154
0.646760
0.667001
0.496151
0.594637
0.563207
0.499382
0.689103
0.668040
0.429734
0.438633
0.435761
0.531113
0.597777
0.715635
0.566278
0.592319
0.601645
0.558752
0.605876
0.613625
0.495710
0.492593
0.551470
0.487938
0.590743
0.546157
0.582386
0.575933
0.579321
0.570202
0.796264
0.733203
0.661564
0.694047
0.763183
0.741438
0.714535
0.635841
0.671538
0.713481
0.817338
0.816490
0.817684
0.792710
0.804984
0.814317
0.781774
0.776080
0.794006
0.785118
0.755409
0.740656
0.766791
0.776919
0.754649
0.809991
0.703562
0.775375
0.793747
0.797318
0.815019
0.811400
0.821097
0.815124
0.847880
0.769973
0.816510
0.692693
0.738167
0.729297
0.798010
0.760760
0.857500
0.836201
0.790161
0.801737
0.836853
0.783193
0.843860
0.806608
0.826356
0.834007
0.776978
0.824435
0.778109
0.852718
0.770833
0.837235
0.836533
0.619685
0.667181
0.580146
0.614557
0.563153
0.553404
0.610532
0.548755
0.671562
0.824665
0.832276
0.812384
0.812029
0.835886
0.803788
0.718674
0.765233
0.794196
0.790285
0.824320
0.814925
0.814885
0.823322
0.839627
0.784754
0.828244
0.822932
0.796221
0.847736
0.841892
0.870400
0.860686
0.878441
0.847325
0.689926
0.694698
0.677918
0.672556
0.683343
0.673746
0.682507
0.727474
0.695240
0.756383
0.780748
0.773298
0.757762
0.745919
0.697302
0.720751
0.757461
0.733232
0.690969
0.737456
0.739010
0.749275
0.711460
0.684783
0.700561
0.683876
0.704869
0.802522
0.830192
0.820381
0.807782
0.844201
0.816390
0.791493
0.809178
0.817318
0.789299
0.781748
0.773463
0.793325
0.800854
0.787628
0.786046
0.710913
0.690576
0.654417
0.667221
0.655680
0.685765
0.632440
0.708409
0.737696
0.708095
0.737666
0.744573
0.757859
0.754873
0.699772
0.733866
0.707665
0.750723
0.785256
0.737641
0.671089
0.687788
0.662520
0.667162
0.691333
0.689865
0.761472
0.747616
0.806286
0.814360
0.760309
0.764715
0.702699
0.728426
0.677983
0.669680
0.693048
0.727064
0.761431
0.781275
0.846628
0.858236
0.850157
0.824989
0.861796
0.839616
0.814009
0.833394
0.812560
0.787078
0.825011
0.850960
0.838224
0.849081
0.851982
0.839526
0.860446
0.872309
0.863410
0.884505
0.856893
0.848662
0.855946
0.855813
0.860574
0.859007
0.848626
0.849108
0.857481
0.825753
0.829680
0.825499
0.848003
0.841260
0.864133
0.873286
0.872139
0.887057
0.871123
0.885551
0.881587
0.871165
0.856119
0.870734
0.848129
0.785711
0.807080
0.767503
0.789761
0.763895
0.780853
0.815665
0.797092
0.822366
0.855217
0.862930
0.867035
0.854682
0.889304
0.892357
0.839141
0.835649
0.832011
0.832389
0.812997
0.789752
0.856610
0.872723
0.853518
0.847680
0.892041
0.876413
0.867050
0.878624
0.868825
0.863264
0.883935
0.867262
0.893951
0.891052
0.880905
0.875549
0.315019
0.337638
0.367226
0.370721
0.376082
0.440576
0.400302
0.383875
0.446327
0.446843
0.438294
0.472659
0.829030
0.833643
0.827221
0.810609
0.828449
0.812510
0.812402
0.819359
0.786798
0.825884
0.803079
0.760890
0.843346
0.844478
0.837591
0.853394
0.810170
0.827510
0.807601
0.812800
0.805992
0.788697
0.775171
0.727178
0.718112
0.763650
0.701531
0.629728
0.796543
0.807698
0.783933
0.764896
0.825492
0.808324
0.805817
0.824983
0.816671
0.801886
0.861433
0.855853
0.852195
0.820472
0.804699
0.791508
0.453565
0.464138
0.380020
0.398090
0.380550
0.449319
0.472527
0.466607
0.452844
0.479091
0.404120
0.406565
0.418634
0.479662
0.414095
0.547851
0.756342
0.785510
0.756354
0.743649
0.812452
0.782228
0.750333
0.784763
0.781847
0.765709
0.780429
0.796693
0.755692
0.783393
0.778410
0.778601
0.742767
0.730698
0.735384
0.744379
0.722499
0.714548
0.717850
0.743367
0.748012
0.768370
0.760967
0.751167
0.794496
0.769196
0.765951
0.762773
0.676000
0.672644
0.695799
0.715269
0.635432
0.686990
0.686514
0.742717
0.595736
0.593364
0.587165
0.588086
0.756566
0.771340
0.796332
0.766095
0.784883
0.783384
0.794121
0.794050
0.746408
0.775019
0.745065
0.756345
0.723360
0.751777
0.702782
0.732023
0.666931
0.657060
0.668856
0.658164
0.651968
0.643027
0.638664
0.645438
0.659669
0.706296
0.694207
0.682808
0.723293
0.694295
0.697976
0.681808
0.543205
0.472880
0.530487
0.573731
0.454498
0.462616
0.487083
0.535360
0.577795
0.535681
0.550769
0.486859
0.574564
0.564762
0.638569
0.599682
0.676698
0.632152
0.710356
0.697101
0.736155
0.735965
0.706817
0.645161
0.667555
0.613542
0.572209
0.517699
0.350882
0.388387
0.367641
0.340015
0.415738
0.381943
0.396026
0.380855
0.361579
0.446767
0.422735
0.460274
0.350593
0.431090
0.338756
0.330767
0.440731
0.449125
0.446512
0.421999
0.468012
0.469486
0.459522
0.440095
0.521789
0.460126
0.545535
0.477852
0.446366
0.456581
0.303497
0.415251
0.728059
0.623920
0.551101
0.651306
0.522905
0.425168
0.608091
0.677298
0.636065
0.546143
0.582942
0.574085
0.655702
0.639243
0.474453
0.545166
0.605577
0.526474
0.627751
0.561236
0.651118
0.587656
0.512609
0.532140
0.401063
0.450315
0.515025
0.443563
0.527246
0.497881
0.468102
0.464654
0.425092
0.388239
0.457025
0.325105
0.378102
0.361423
0.333513
0.331834
0.381079
0.393659
0.434690
0.374290
0.388617
0.331094
0.351370
0.417879
0.378725
0.485767
0.576368
0.621260
0.623394
0.665521
0.646314
0.648464
0.583162
0.634371
0.636971
0.642264
0.590056
0.607996
0.714578
0.701580
0.675528
0.673039
0.729309
0.705165
0.659640
0.658572
0.662581
0.715330
0.711515
0.712827
0.646508
0.684832
0.680628
0.645101
0.725231
0.663319
0.649336
0.649677
0.677267
0.634495
0.553214
0.666229
0.601580
0.469990
0.609451
0.664330
0.655814
0.570805
0.666534
0.711633
0.704195
0.688276
0.726776
0.757073
0.747166
0.742065
0.719411
0.709002
0.714022
0.732507
0.709551
0.674666
0.687075
0.713478
0.752353
0.689080
0.678593
0.723090
0.617133
0.638094
0.629166
0.657942
0.703707
0.626544
0.675090
0.646814
0.810598
0.772079
0.730829
0.773326
0.849705
0.777820
0.824015
0.851829
0.826416
0.806364
0.815446
0.829310
0.800487
0.780634
0.795562
0.846884
0.816739
0.866388
0.819967
0.814047
0.820140
0.809927
0.819898
0.808987
0.781789
0.757662
0.807269
0.797935
0.794943
0.803427
0.792204
0.806289
0.767519
0.776310
0.758971
0.786031
0.692856
0.710426
0.739440
0.706438
0.743846
0.757657
0.764897
0.764934
0.725152
0.710040
0.721893
0.688226
0.765385
0.768886
0.744625
0.758826
0.766809
0.770412
0.736203
0.738914
0.745094
0.722456
0.766266
0.749383
0.708210
0.717247
0.722311
0.710235
0.764217
0.767638
0.738814
0.741868
0.755132
0.782604
0.729985
0.737554
0.704933
0.701139
0.698733
0.692960
0.649370
0.674204
0.673199
0.661886
0.764213
0.760335
0.726008
0.711625
0.641385
0.649911
0.662619
0.681450
0.657797
0.658273
0.704402
0.690069
0.671583
0.692969
0.739879
0.706407
0.740237
0.755981
0.806863
0.791307
0.755634
0.806930
0.855258
0.838571
0.793279
0.715034
0.752264
0.767807
0.626997
0.682420
0.574252
0.680878
0.535319
0.670911
0.485956
0.643572
0.786921
0.791703
0.787154
0.782185
0.790609
0.814652
0.803594
0.802180
0.791024
0.804541
0.795867
0.810457
0.824929
0.802758
0.808608
0.792251
0.780624
0.773028
0.764714
0.794655
0.812163
0.804764
0.807327
0.820409
0.809326
0.815470
0.779636
0.798343
0.816148
0.764522
0.829037
0.827765
0.500713
0.531027
0.573369
0.477610
0.446077
0.424481
0.464624
0.457007
0.468650
0.465454
0.483463
0.487713
0.780459
0.700737
0.712194
0.766457
0.592751
0.626865
0.554402
0.695205
0.766657
0.674593
0.685087
0.724683
0.797146
0.765690
0.814033
0.811857
0.784769
0.790148
0.789122
0.786811
0.797129
0.779135
0.809519
0.774621
0.676682
0.744766
0.720799
0.627900
0.703737
0.758716
0.751283
0.719975
0.698527
0.668456
0.740286
0.741877
0.773196
0.762895
0.815065
0.797899
0.777772
0.786636
0.707933
0.748543
0.462969
0.552560
0.538607
0.486567
0.651951
0.609490
0.587915
0.516242
0.528013
0.484470
0.479775
0.554957
0.455879
0.459876
0.451542
0.463912
0.660971
0.669305
0.655918
0.660725
0.673186
0.659378
0.682319
0.674074
0.659924
0.667006
0.656676
0.703143
0.686531
0.667276
0.672530
0.678531
0.673159
0.635770
0.680048
0.685157
0.675523
0.655501
0.666342
0.668826
0.683078
0.683740
0.660863
0.685957
0.631188
0.610655
0.624299
0.652096
0.614301
0.629560
0.551564
0.571813
0.495736
0.500977
0.471518
0.459510
0.501092
0.497005
0.455862
0.475972
0.632771
0.614698
0.551114
0.549099
0.696543
0.674528
0.672647
0.681308
0.674565
0.661185
0.655229
0.652423
0.686373
0.691004
0.666481
0.647878
0.696384
0.697554
0.688356
0.700967
0.697494
0.706467
0.699263
0.701447
0.709769
0.705218
0.710982
0.700876
0.691280
0.675749
0.676139
0.688594
0.677987
0.700635
0.708538
0.702082
0.524596
0.591601
0.553535
0.494007
0.639555
0.606593
0.570250
0.524639
0.475726
0.491033
0.543410
0.592462
0.455134
0.437525
0.483395
0.447378
0.699234
0.739335
0.721626
0.699303
0.785095
0.748621
0.740763
0.707325
0.688337
0.707464
0.693571
0.740074
0.731101
0.711109
0.723090
0.700559
0.692592
0.704802
0.691744
0.706089
0.717800
0.745582
0.705200
0.684631
0.693060
0.684437
0.698992
0.682822
0.647867
0.654680
0.695140
0.664597
0.698657
0.703224
0.659255
0.676171
0.696356
0.641464
0.594996
0.613773
0.622402
0.560000
0.571179
0.547818
0.618914
0.576239
0.694720
0.674167
0.778730
0.768652
0.765497
0.761508
0.780240
0.772453
0.768566
0.767564
0.775101
0.760988
0.761160
0.783219
0.780220
0.778612
0.770541
0.774957
0.766821
0.768803
0.768418
0.766261
0.677106
0.656883
0.601602
0.617390
0.538050
0.559884
0.498292
0.514908
0.571984
0.534866
0.685931
0.631460
0.726593
0.722766
0.738959
0.758531
0.756201
0.753890
0.771685
0.780707
0.778957
0.742119
0.770463
0.703940
0.727011
0.734047
0.719617
0.735293
0.750191
0.754114
0.755148
0.759197
0.744419
0.742559
0.747420
0.764535
0.766078
0.779033
0.772335
0.740574
0.724087
0.735239
0.731664
0.730376
0.730724
0.723134
0.712044
0.703646
0.721430
0.704616
0.744139
0.736173
0.725336
0.736543
0.729948
0.727582
0.743609
0.733124
0.747872
0.748854
0.776435
0.758790
0.771355
0.741691
0.748131
0.746851
0.753401
0.742503
0.745220
0.751564
0.749688
0.756984
0.746506
0.752886
0.748539
0.745863
0.775065
0.767589
0.756926
0.768037
0.704049
0.701333
0.683360
0.673396
0.719954
0.703997
0.720313
0.753395
0.704275
0.719389
0.661445
0.631085
0.653162
0.669650
0.638262
0.685708
0.693586
0.644047
0.685594
0.661065
0.661146
0.626599
0.651607
0.665332
0.638123
0.780254
0.782784
0.769925
0.769694
0.734835
0.735338
0.707522
0.704032
0.674656
0.703492
0.655510
0.650039
0.719972
0.678866
0.730705
0.748919
0.719837
0.702964
0.776276
0.747706
0.880877
0.865465
0.839971
0.839900
0.876842
0.868872
0.814919
0.802544
0.786100
0.787288
0.784103
0.801192
0.757252
0.773463
0.748026
0.784912
0.787987
0.783776
0.819804
0.805119
0.815490
0.808248
0.821814
0.819577
0.811381
0.806472
0.827172
0.826286
0.734448
0.780178
0.708841
0.774620
0.805469
0.811900
0.696446
0.735179
0.663352
0.701327
0.723932
0.751005
0.771268
0.743245
0.749086
0.711711
0.771684
0.756429
0.654660
0.679990
0.652015
0.665184
0.685850
0.713552
0.667866
0.671097
0.636982
0.694626
0.623951
0.695342
0.635447
0.707360
0.652482
0.686269
0.693888
0.685996
0.682546
0.710888
0.719018
0.714592
0.748147
0.732589
0.717495
0.722305
0.714523
0.702304
0.696455
0.713048
0.731466
0.755146
0.745687
0.742357
0.762103
0.766611
0.765952
0.770669
0.803297
0.780420
0.764989
0.812450
0.818931
0.841743
0.820812
0.805107
0.769297
0.771707
0.767306
0.754571
0.735382
0.754933
0.750189
0.846628
0.830491
0.828690
0.838361
0.842678
0.858640
0.851641
0.817804
0.841134
0.807519
0.840238
0.817477
0.807979
0.842300
0.859339
0.832638
0.811048
0.825449
0.835762
0.828550
0.855841
0.840922
0.814172
0.813416
0.825926
0.799090
0.795842
0.796973
0.817291
0.814545
0.824193
0.841827
0.816272
0.802409
0.789860
0.802416
0.806941
0.787099
0.773334
0.782569
0.791182
0.809564
0.805794
0.816575
0.777503
0.787075
0.784853
0.795900
0.795246
0.779723
0.781487
0.791443
0.798807
0.795617
0.793381
0.790651
0.793924
0.804295
0.795182
0.769969
0.789261
0.763867
0.799949
0.783735
0.804409
0.811371
0.793008
0.809712
0.814653
0.808989
0.782172
0.779243
0.809996
0.786224
0.775624
0.771297
0.750555
0.803010
0.783366
0.748902
0.788462
0.778943
0.781422
0.783859
0.809209
0.770471
0.808504
0.801303
0.806155
0.786269
0.767630
0.776832
0.778383
0.794056
0.765517
0.759696
0.744900
0.753959
0.750310
0.738191
0.796092
0.730142
0.734950
0.752495
0.740638
0.733191
0.740403
0.719432
0.693266
0.718818
0.733799
0.695587
0.692530
0.749318
0.714812
0.704118
0.685002
0.656127
0.651868
0.677299
0.693664
0.637137
0.603834
0.658937
0.640310
0.681773
0.696931
0.663779
0.616342
0.666801
0.597222
0.648476
0.577151
0.582443
0.613896
0.633159
0.612106
0.586518
0.587400
0.592241
0.604452
0.566752
0.557875
0.571972
0.547308
0.531628
0.553293
0.561389
0.538907
0.558512
0.600893
0.572978
0.551648
0.598488
0.589260
0.608203
0.624353
0.592397
0.581670
0.560683
0.532780
0.598895
0.569672
0.539868
0.547897
0.571935
0.603223
0.627359
0.597280
0.575316
0.598626
0.624580
0.629090
0.607925
0.598687
0.570817
0.566205
0.595181
0.549719
0.542257
0.644563
0.619109
0.607116
0.620865
0.625072
0.576167
0.712820
0.759936
0.690466
0.749299
0.785313
0.790653
0.624265
0.632509
0.665085
0.668405
0.640351
0.658962
0.652459
0.618932
0.690006
0.689962
0.685819
0.663224
0.719115
0.702106
0.693430
0.706061
0.712560
0.682326
0.653695
0.664553
0.748723
0.753145
0.708050
0.691024
0.702012
0.668977
0.647605
0.677812
0.680415
0.650215
0.670879
0.651105
0.642813
0.635920
0.728194
0.682490
0.695802
0.645677
0.692240
0.654398
0.610074
0.627724
0.682400
0.659909
0.706476
0.666887
0.672694
0.639524
0.724840
0.693822
0.747271
0.712840
0.673231
0.665168
0.729244
0.723718
0.732671
0.699883
0.673998
0.679826
0.811384
0.763182
0.757149
0.745310
0.702971
0.713563
0.763166
0.816367
0.729712
0.712273
0.748201
0.720238
0.697843
0.690337
0.668924
0.637132
0.683320
0.713173
0.617154
0.686252
0.597463
0.603003
0.617617
0.632856
0.652511
0.658731
0.691471
0.689444
0.666671
0.680717
0.676165
0.654779
0.615535
0.597379
0.650945
0.718455
0.701382
0.658708
0.682094
0.660898
0.660987
0.708489
0.717366
0.663041
0.686473
0.834812
0.809674
0.786563
0.768284
0.759288
0.738441
0.740120
0.720327
0.729414
0.694986
0.663760
0.684395
0.644970
0.635835
0.649472
0.664340
0.648305
0.634888
0.721472
0.685131
0.698507
0.662781
0.683772
0.652495
0.682428
0.669400
0.701915
0.699489
0.722156
0.717747
0.708305
0.723529
0.706917
0.688350
0.692085
0.684376
0.724555
0.712195
0.752853
0.733350
0.751268
0.709283
0.678170
0.669143
0.673229
0.663767
0.681656
0.669463
0.707001
0.691654
0.767810
0.717711
0.786983
0.706772
0.688768
0.677635
0.674013
0.750163
0.542579
0.618567
0.602917
0.592626
0.648030
0.618421
0.652458
0.652417
0.672987
0.631787
0.669311
0.683515
0.624423
0.582557
0.608759
0.641893
0.609022
0.614346
0.644338
0.593714
0.667300
0.694227
0.550453
0.569122
0.548363
0.563884
0.549698
0.567140
0.625768
0.619812
0.680427
0.666395
0.719834
0.692687
0.682984
0.710824
0.682555
0.685292
0.687855
0.712433
0.704703
0.674795
0.792883
0.761137
0.738237
0.718665
0.737791
0.737396
0.714283
0.712480
0.708318
0.703712
0.508204
0.562411
0.572294
0.516598
0.616893
0.630230
0.657174
0.583652
0.558983
0.516124
0.524682
0.581796
0.564106
0.524203
0.553310
0.513448
0.570002
0.550110
0.593781
0.603728
0.600644
0.629302
0.578483
0.637073
0.617125
0.679020
0.597853
0.589109
0.612459
0.608199
0.605394
0.640327
0.648700
0.630887
0.667468
0.638330
0.706950
0.718363
0.674594
0.650156
0.706812
0.693007
0.691343
0.667427
0.726582
0.686465
0.760539
0.711949
0.749857
0.720524
0.780164
0.779954
0.758305
0.758247
0.712940
0.743944
0.774623
0.742221
0.780364
0.761640
0.810112
0.785408
0.797471
0.819002
0.802465
0.845373
0.793178
0.826081
0.623593
0.634411
0.605812
0.610065
0.591229
0.592285
0.582743
0.594551
0.637085
0.606908
0.616919
0.648329
0.645026
0.637999
0.628310
0.637194
0.645746
0.692167
0.711492
0.658664
0.722289
0.744749
0.650595
0.656330
0.657660
0.657513
0.658990
0.688938
0.727454
0.745168
0.789670
0.736004
0.754883
0.804930
0.687106
0.700498
0.702750
0.686633
0.706374
0.714656
0.694493
0.725302
0.715153
0.724019
0.666046
0.689898
0.687036
0.697786
0.708638
0.708903
0.718212
0.716896
0.692134
0.692363
0.714441
0.718190
0.686226
0.674051
0.700551
0.675141
0.672837
0.648794
0.678286
0.672925
0.658821
0.684480
0.672658
0.683292
0.699060
0.682775
0.690440
0.678039
0.673084
0.656655
0.601549
0.658668
0.611792
0.630922
0.650673
0.641892
0.688591
0.668475
0.724651
0.709434
0.671810
0.700189
0.621232
0.630819
0.812901
0.744414
0.733013
0.762970
0.691562
0.689152
0.740456
0.783065
0.763916
0.765994
0.564510
0.656795
0.738746
0.699804
0.660332
0.574476
0.718744
0.737861
0.750287
0.766427
0.759384
0.771441
0.746338
0.781279
0.691473
0.714438
0.654757
0.619764
0.551479
0.567984
0.614732
0.557237
0.464420
0.495695
0.495949
0.641053
0.561582
0.475331
0.653063
0.670537
0.658515
0.627841
0.621317
0.576450
0.630909
0.664519
0.544860
0.607143
0.670416
0.692498
0.719911
0.723873
0.729212
0.699844
0.740702
0.752816
0.651269
0.669393
0.624805
0.617086
0.653137
0.670210
0.597753
0.629208
0.656467
0.679963
0.502462
0.587942
0.450131
0.551413
0.464975
0.520467
0.480223
0.493687
0.583073
0.520990
0.533447
0.586664
0.460946
0.472378
0.596323
0.595430
0.604511
0.580548
0.520125
0.445690
0.724584
0.748165
0.767490
0.731688
0.791545
0.789342
0.697502
0.665507
0.519179
0.642733
0.622619
0.507552
0.608143
0.702232
0.607222
0.756729
0.854911
0.794389
0.792291
0.828684
0.767893
0.754084
0.831157
0.806111
0.748736
0.799336
0.616399
0.649281
0.637313
0.669404
0.632493
0.628401
0.605232
0.659048
0.720854
0.700127
0.660140
0.594531
0.696021
0.712208
0.696387
0.619433
0.459292
0.522730
0.535092
0.478002
0.558908
0.549411
0.457068
0.469336
0.433949
0.443756
0.436168
0.439731
0.462001
0.492308
0.533015
0.543750
0.650135
0.593453
0.553868
0.636530
0.398047
0.423711
0.474810
0.568756
0.627496
0.537906
0.603034
0.497362
0.643123
0.619364
0.689091
0.656335
0.811557
0.686778
0.686610
0.748531
0.680347
0.633805
0.737547
0.689872
0.644937
0.660985
0.369031
0.396761
0.395519
0.364465
0.533249
0.499573
0.510067
0.413207
0.380384
0.399730
0.384194
0.382260
0.402936
0.429630
0.422835
0.365721
0.604603
0.532789
0.615866
0.646150
0.646417
0.667846
0.645684
0.670900
0.647722
0.662291
0.661837
0.689171
0.643242
0.668149
0.680406
0.665129
0.404081
0.441271
0.461743
0.414988
0.507974
0.518275
0.418114
0.425973
0.389757
0.382834
0.428575
0.491169
0.643201
0.648451
0.655014
0.657815
0.621915
0.627039
0.594318
0.605083
0.600975
0.605637
0.629892
0.633112
0.633985
0.636640
0.607922
0.610301
0.613740
0.572588
0.545306
0.612560
0.518870
0.609427
0.483284
0.596981
0.652414
0.656095
0.657363
0.644231
0.654172
0.643929
0.656163
0.658637
0.628141
0.647605
0.638488
0.625029
0.601719
0.605045
0.593026
0.613996
0.585196
0.644375
0.645257
0.632502
0.724025
0.701483
0.692474
0.694842
0.703476
0.728693
0.695491
0.695685
0.714911
0.693437
0.735612
0.718246
0.744059
0.712327
0.741591
0.723018
0.597867
0.622593
0.620654
0.586097
0.700483
0.705465
0.598048
0.580572
0.608780
0.612030
0.585989
0.585269
0.628238
0.628250
0.702462
0.701114
0.583730
0.636064
0.635388
0.581127
0.681682
0.689416
0.593039
0.578814
0.587572
0.592466
0.556340
0.582837
0.630196
0.624079
0.700412
0.680881
0.592651
0.608086
0.629213
0.607503
0.617372
0.669524
0.696881
0.711563
0.685943
0.583780
0.609982
0.679023
0.592006
0.585377
0.606843
0.597626
0.774595
0.814015
0.825775
0.798788
0.779301
0.837911
0.767682
0.788725
0.802855
0.760963
0.756385
0.794478
0.725213
0.773336
0.714087
0.732222
0.776905
0.768271
0.781763
0.797153
0.787899
0.776712
0.764525
0.770175
0.793288
0.805030
0.833920
0.794558
0.805409
0.796951
0.776753
0.771102
0.801603
0.811137
0.809411
0.719489
0.704811
0.735347
0.665856
0.675502
0.661690
0.713083
0.688734
0.787117
0.724450
0.714629
0.696943
0.730093
0.639110
0.663287
0.628930
0.625089
0.653079
0.675192
0.741467
0.761744
0.740820
0.764180
0.781444
0.758937
0.787190
0.813900
0.823606
0.781773
0.777171
0.772367
0.786765
0.776113
0.785211
0.780274
0.774711
0.751518
0.762693
0.759049
0.686454
0.752000
0.846461
0.820864
0.825063
0.847948
0.847367
0.847745
0.827901
0.851382
0.807022
0.843107
0.761876
0.825113
0.769827
0.728631
0.749423
0.714012
0.720602
0.701259
0.735875
0.718787
0.726557
0.719042
0.708121
0.731594
0.757411
0.884813
0.860983
0.841605
0.860967
0.853534
0.864278
0.829266
0.739878
0.739707
0.782172
0.788339
0.725180
0.787397
0.761402
0.771095
0.813000
0.802254
0.766569
0.775707
0.707866
0.734503
0.648779
0.699018
0.836244
0.808404
0.818606
0.824569
0.819203
0.805955
0.788130
0.790443
0.758713
0.785408
0.854147
0.809628
0.815141
0.825681
0.781404
0.793680
0.818559
0.828799
0.760840
0.805997
0.682755
0.737992
0.742302
0.720059
0.766481
0.766124
0.792607
0.771287
0.749855
0.766568
0.734258
0.689089
0.779359
0.794145
0.780893
0.776024
0.794979
0.796790
0.782055
0.770315
0.757658
0.760741
0.753510
0.769505
0.748378
0.732479
0.748345
0.748057
0.774273
0.799531
0.794074
0.782445
0.805278
0.797933
0.760069
0.755800
0.739051
0.742674
0.778787
0.768421
0.782043
0.785428
0.810042
0.803593
0.750869
0.689574
0.751397
0.781054
0.784393
0.789539
0.811910
0.787070
0.763605
0.782320
0.765849
0.741442
0.772898
0.764249
0.785494
0.783597
0.794496
0.777306
0.778924
0.778817
0.758861
0.759270
0.720746
0.741600
0.761515
0.751690
0.801209
0.785261
0.813075
0.837327
0.820920
0.859205
0.824307
0.831510
0.823652
0.813558
0.783115
0.803705
0.425755
0.426229
0.427149
0.422919
0.424382
0.415884
0.479635
0.485528
0.479927
0.423773
0.412884
0.495541
0.484393
0.492512
0.503318
0.480227
0.645175
0.647234
0.651382
0.649583
0.607445
0.653916
0.619342
0.677066
0.578988
0.570068
0.583700
0.590010
0.456085
0.467386
0.414395
0.409416
0.415158
0.412862
0.456626
0.455283
0.397964
0.435649
0.430927
0.400594
0.569368
0.590138
0.568195
0.517667
0.530890
0.480908
0.565099
0.593923
0.628212
0.761693
0.774088
0.786409
0.787300
0.792072
0.788395
0.821699
0.831662
0.828027
0.757667
0.798265
0.807976
0.732073
0.739832
0.742010
0.786077
0.774605
0.757041
0.787035
0.827214
0.833649
0.865619
0.830161
0.844822
0.817595
0.796979
0.782829
0.793969
0.793600
0.805155
0.788243
0.792485
0.789568
0.781822
0.785604
0.774547
0.752096
0.782324
0.735660
0.753861
0.776261
0.783131
0.713731
0.771431
0.685871
0.729028
0.752908
0.662903
0.659203
0.682276
0.680117
0.696686
0.727031
0.754905
0.779489
0.706798
0.823194
0.821173
0.852143
0.787030
0.780937
0.804917
0.740205
0.823280
0.692633
0.712740
0.682557
0.737483
0.748053
0.727887
0.780029
0.706927
0.711289
0.740100
0.706339
0.806248
0.787603
0.827349
0.794411
0.841732
0.835181
0.808124
0.831669
0.804910
0.824812
0.803329
0.829763
0.764049
0.744672
0.777855
0.744406
0.809089
0.843443
0.764660
0.784279
0.741179
0.739402
0.743403
0.749745
0.701808
0.707935
0.713415
0.702732
0.613337
0.648605
0.594257
0.669004
0.578175
0.585345
0.594996
0.650108
0.609449
0.613108
0.561042
0.561983
0.584993
0.561059
0.663772
0.733780
0.752504
0.628601
0.629448
0.664700
0.620514
0.706524
0.654564
0.626773
0.664106
0.619126
0.680413
0.693806
0.704938
0.669593
0.715126
0.719099
0.676191
0.731078
0.660864
0.624867
0.632302
