0.482900
0.488358
0.484377
0.474138
0.488590
0.490845
0.489954
0.488021
0.489590
0.487305
0.487073
0.490178
0.488039
0.490767
0.486618
0.490567
0.487073
0.488208
0.485835
0.480356
0.491022
0.484201
0.484717
0.486620
0.484351
0.485293
0.484656
0.486717
0.486563
0.484342
0.485697
0.483576
0.484918
0.483625
0.484772
0.483156
0.482376
0.485177
0.483145
0.481876
0.483991
0.479311
0.479646
0.483054
0.481329
0.484543
0.482940
0.484800
0.483080
0.484366
0.482182
0.483150
0.481830
0.483339
0.482339
0.483078
0.483196
0.483654
0.483292
0.483019
0.482705
0.482501
0.482207
0.482673
0.482989
0.483461
0.483909
0.482770
0.482749
0.481248
0.481286
0.480622
0.480409
0.479503
0.478208
0.480680
0.477258
0.479864
0.478649
0.479188
0.476987
0.475200
0.472637
0.474845
0.476392
0.480053
0.480196
0.481936
0.480806
0.481302
0.479117
0.478283
0.480648
0.479542
0.481335
0.482202
0.477939
0.480492
0.481553
0.482658
0.483042
0.484288
0.485328
0.484189
0.484147
0.484747
0.484074
0.484525
0.484382
0.484443
0.481981
0.483309
0.481907
0.479080
0.477246
0.475023
0.473640
0.476026
0.477491
0.474546
0.473663
0.475542
0.468775
0.469381
0.472319
0.476777
0.477558
0.478836
0.479298
0.477886
0.477079
0.478015
0.475627
0.476054
0.476711
0.478243
0.478139
0.480308
0.480231
0.480466
0.482848
0.482414
0.485013
0.484506
0.486075
0.485260
0.486104
0.486434
0.486365
0.485824
0.487118
0.486483
0.487768
0.486830
0.486215
0.486522
0.485357
0.485011
0.486268
0.485414
0.485906
0.484949
0.484051
0.481994
0.483050
0.481212
0.480920
0.481212
0.480324
0.478053
0.478374
0.475026
0.475282
0.473359
0.475024
0.475004
0.476060
0.473878
0.476095
0.470329
0.472813
0.466549
0.471412
0.474188
0.475623
0.475981
0.475828
0.476944
0.476135
0.475163
0.474632
0.474868
0.474416
0.474909
0.475256
0.474818
0.475758
0.475139
0.473897
0.472313
0.477655
0.474114
0.479595
0.474094
0.478779
0.480638
0.482038
0.484164
0.482548
0.485433
0.484212
0.486479
0.485436
0.487168
0.488179
0.486248
0.488113
0.486398
0.487722
0.486682
0.487638
0.486132
0.486417
0.485170
0.485593
0.484069
0.483620
0.481649
0.481537
0.480313
0.478415
0.479373
0.477484
0.479491
0.476170
0.478272
0.473760
0.476387
0.474340
0.473920
0.476825
0.476957
0.478226
0.477610
0.478611
0.477883
0.478326
0.476692
0.478123
0.476857
0.478148
0.476662
0.475522
0.475760
0.474624
0.473300
0.474972
0.473635
0.475477
0.474457
0.475528
0.475305
0.473735
0.472285
0.474318
0.471025
0.471854
0.470554
0.468444
0.465760
0.467590
0.467971
0.470530
0.471445
0.475254
0.476316
0.479861
0.481321
0.482936
0.482658
0.485023
0.483829
0.484686
0.485447
0.484979
0.485637
0.484821
0.485760
0.484184
0.483424
0.483249
0.481445
0.481783
0.479688
0.479478
0.477271
0.477090
0.476734
0.475167
0.474386
0.474955
0.473429
0.474829
0.474370
0.476160
0.474770
0.476497
0.476560
0.477529
0.476951
0.478250
0.478447
0.478932
0.478753
0.479296
0.478955
0.477770
0.478785
0.474983
0.477704
0.472264
0.475346
0.472683
0.473295
0.472826
0.473084
0.469897
0.470529
0.468617
0.469225
0.467147
0.458722
0.461957
0.464927
0.468443
0.469932
0.467078
0.467962
0.472825
0.471264
0.474492
0.477580
0.475271
0.477564
0.480534
0.481767
0.479793
0.483662
0.481987
0.482876
0.484257
0.484783
0.486157
0.486584
0.484977
0.484523
0.486441
0.484678
0.486024
0.485439
0.485838
0.487086
0.487373
0.484500
0.485855
0.483070
0.481898
0.482917
0.480736
0.479887
0.480933
0.479545
0.478747
0.479475
0.477561
0.476129
0.477579
0.476589
0.474393
0.470215
0.476019
0.471883
0.470114
0.476062
0.472658
0.472951
0.476179
0.473239
0.474193
0.475930
0.473234
0.475798
0.475902
0.476468
0.476720
0.477996
0.477160
0.477760
0.478990
0.478945
0.479374
0.480214
0.480077
0.480486
0.480486
0.480625
0.480653
0.480574
0.479518
0.477797
0.478056
0.474510
0.475482
0.474435
0.471699
0.473490
0.471440
0.468717
0.466999
0.464524
0.468068
0.460684
0.460072
0.467097
0.464966
0.452562
0.451068
0.462106
0.443539
0.454389
0.452104
0.470386
0.464986
0.474894
0.462418
0.477864
0.463768
0.477761
0.481253
0.469723
0.477415
0.475884
0.482296
0.479012
0.484689
0.477515
0.483079
0.484852
0.477098
0.478018
0.473639
0.480807
0.476801
0.479358
0.472997
0.472802
0.463424
0.474916
0.463360
0.466298
0.455345
0.466849
0.464235
0.459004
0.471680
0.462736
0.475079
0.461712
0.474636
0.468158
0.477210
0.475375
0.479486
0.479082
0.480159
0.477737
0.480077
0.480615
0.477706
0.478777
0.476175
0.476819
0.474840
0.475187
0.469381
0.459322
0.454597
0.450346
0.448092
0.433402
0.432991
0.435208
0.443167
0.450870
0.450129
0.457755
0.466362
0.473348
0.473748
0.472914
0.471683
0.471387
0.470543
0.468729
0.467997
0.464269
0.462299
0.458012
0.451741
0.445499
0.445682
0.451176
0.448925
0.450476
0.449567
0.451056
0.462804
0.467242
0.474871
0.473320
0.475946
0.477213
0.474797
0.473358
0.474508
0.470207
0.471482
0.468992
0.462351
0.452628
0.440249
0.443152
0.436120
0.438626
0.439969
0.438317
0.432349
0.433109
0.435376
0.434446
0.442156
0.445017
0.451756
0.457515
0.462452
0.470862
0.472342
0.473294
0.473434
0.474059
0.471697
0.472865
0.472969
0.470069
0.462905
0.450325
0.446670
0.447660
0.448108
0.452991
0.458321
0.452005
0.459321
0.462600
0.456514
0.462006
0.464483
0.468370
0.471170
0.468294
0.468779
0.473883
0.474351
0.468808
0.466304
0.459426
0.449980
0.444407
0.435019
0.434931
0.434470
0.439714
0.451351
0.458320
0.465040
0.469041
0.471171
0.474892
0.475741
0.475306
0.474667
0.471655
0.466045
0.456560
0.464065
0.450765
0.455591
0.453460
0.464249
0.456843
0.463237
0.463943
0.462354
0.465484
0.463965
0.464966
0.464555
0.470021
0.460477
0.456804
0.454243
0.451440
0.443552
0.443178
0.443444
0.438605
0.442942
0.457059
0.450270
0.462834
0.459949
0.466440
0.472146
0.475496
0.476407
0.475566
0.474943
0.475993
0.475039
0.472833
0.471994
0.469786
0.468238
0.468220
0.470787
0.466061
0.468819
0.462798
0.464492
0.470155
0.471165
0.468807
0.465792
0.456675
0.460073
0.455918
0.453236
0.452051
0.450854
0.468518
0.471814
0.472652
0.475600
0.475830
0.476445
0.473574
0.474809
0.472056
0.475880
0.476484
0.475086
0.469723
0.476960
0.476850
0.475054
0.479048
0.477409
0.469765
0.473722
0.461943
0.475781
0.463329
0.456862
0.469466
0.474432
0.479634
0.481426
0.477353
0.480409
0.478290
0.476259
0.480701
0.481097
0.480731
0.480350
0.481432
0.481147
0.482448
0.481838
0.484903
0.479832
0.485484
0.480715
0.483954
0.483805
0.483231
0.481672
0.482579
0.485953
0.490790
0.488926
0.489309
0.488964
0.490225
0.488380
0.490356
0.488555
0.488345
0.490909
0.488304
0.489236
0.489160
0.490623
0.492023
0.492470
0.491250
0.491687
0.490555
0.489816
0.489001
0.487203
0.487962
0.487614
0.486457
0.486120
0.487028
0.486254
0.486109
0.486987
0.485975
0.486833
0.486436
0.485573
0.486096
0.484057
0.484672
0.486189
0.483355
0.485160
0.487018
0.488489
0.485586
0.489321
0.486216
0.486510
0.489729
0.488071
0.490197
0.488578
0.490209
0.488912
0.488191
0.488663
0.486741
0.484529
0.483867
0.486072
0.484450
0.485698
0.485489
0.485811
0.485278
0.485628
0.484752
0.485467
0.485109
0.485435
0.484064
0.485055
0.483675
0.484677
0.483970
0.483918
0.482830
0.483736
0.483238
0.482245
0.481844
0.482306
0.482562
0.482544
0.483197
0.483126
0.482816
0.483820
0.483536
0.484931
0.483397
0.486057
0.485511
0.488223
0.486353
0.487939
0.487573
0.486500
0.484734
0.485584
0.483457
0.481449
0.483577
0.479940
0.483065
0.482469
0.483364
0.484427
0.485385
0.485465
0.485844
0.484973
0.485458
0.485321
0.484908
0.483724
0.481383
0.482862
0.482174
0.482734
0.482349
0.483113
0.482468
0.482504
0.481241
0.481349
0.482313
0.480958
0.481537
0.480564
0.481346
0.480721
0.482054
0.480506
0.482217
0.481348
0.482422
0.482085
0.482101
0.482185
0.481850
0.481729
0.481924
0.482123
0.482564
0.481903
0.481721
0.482209
0.484826
0.483993
0.486222
0.482855
0.485831
0.482082
0.484624
0.482026
0.478900
0.478146
0.481663
0.478156
0.481087
0.479506
0.481112
0.484232
0.482283
0.484946
0.483909
0.485968
0.484188
0.486341
0.486213
0.485329
0.485176
0.485555
0.483317
0.482221
0.483947
0.481354
0.482046
0.481813
0.481964
0.481866
0.482479
0.481727
0.480849
0.480203
0.478762
0.479726
0.478073
0.479842
0.476977
0.479423
0.476289
0.478806
0.477057
0.479137
0.478952
0.481044
0.480462
0.481683
0.480598
0.479874
0.481935
0.479663
0.481605
0.480516
0.482111
0.481398
0.482146
0.481329
0.481479
0.480819
0.480715
0.480138
0.479867
0.480091
0.479056
0.478965
0.480416
0.477337
0.478466
0.476335
0.475694
0.475401
0.474965
0.477211
0.474126
0.477991
0.479922
0.474238
0.482107
0.480359
0.478200
0.482912
0.480930
0.483488
0.484667
0.482735
0.484044
0.482588
0.483155
0.481357
0.481249
0.480605
0.481070
0.481921
0.480975
0.481096
0.480975
0.480341
0.479258
0.478734
0.476510
0.477020
0.474445
0.475854
0.475717
0.473963
0.474582
0.474765
0.477001
0.474588
0.478617
0.476281
0.478554
0.478452
0.478248
0.476219
0.476172
0.477304
0.478659
0.478727
0.480134
0.480414
0.478872
0.480508
0.478461
0.479604
0.478429
0.479192
0.478009
0.479380
0.477708
0.477454
0.475541
0.474661
0.473827
0.469340
0.473301
0.464987
0.466291
0.473993
0.468642
0.468831
0.468736
0.469737
0.471881
0.469513
0.474906
0.475786
0.477097
0.478657
0.478311
0.480715
0.479157
0.479938
0.480438
0.480156
0.481661
0.480243
0.482809
0.480682
0.481658
0.483785
0.480121
0.481064
0.478897
0.476342
0.479899
0.476268
0.474483
0.476752
0.473381
0.473926
0.473340
0.473880
0.473335
0.475292
0.474496
0.473015
0.475157
0.474562
0.473579
0.476217
0.475552
0.477475
0.477135
0.477300
0.478526
0.477086
0.479050
0.476905
0.478380
0.476532
0.477466
0.475880
0.475818
0.474622
0.472288
0.469727
0.463263
0.460607
0.458014
0.457599
0.461080
0.467335
0.468305
0.469603
0.468258
0.463210
0.472994
0.472197
0.469425
0.475513
0.472845
0.473969
0.476735
0.478422
0.473507
0.479479
0.476278
0.473804
0.480166
0.479343
0.482369
0.481213
0.480634
0.484011
0.484590
0.482839
0.484957
0.484917
0.482205
0.482455
0.483525
0.481081
0.480477
0.482465
0.480814
0.481782
0.479678
0.481304
0.482901
0.479212
0.477616
0.479475
0.478438
0.476276
0.478608
0.476369
0.474331
0.476306
0.475082
0.471719
0.474993
0.473388
0.470500
0.475580
0.475206
0.474918
0.475576
0.477661
0.477430
0.477525
0.477956
0.477666
0.477418
0.477875
0.476770
0.478065
0.477533
0.478092
0.479086
0.479616
0.477973
0.479737
0.479527
0.477162
0.478214
0.478627
0.476659
0.476308
0.478602
0.477242
0.476709
0.478191
0.475808
0.477666
0.476689
0.470936
0.468488
0.473857
0.464300
0.463890
0.459238
0.463192
0.461081
0.458404
0.462630
0.460079
0.464057
0.465189
0.458220
0.456059
0.462351
0.464014
0.470296
0.461468
0.467195
0.471747
0.461522
0.471245
0.464168
0.477447
0.471748
0.478139
0.477493
0.479484
0.481594
0.477845
0.479061
0.476931
0.478449
0.480333
0.476577
0.478437
0.472283
0.476634
0.469731
0.468688
0.476178
0.467399
0.473347
0.463226
0.467614
0.470433
0.471374
0.473409
0.476235
0.474453
0.472330
0.476839
0.473228
0.476776
0.474126
0.469424
0.475069
0.476632
0.471615
0.475162
0.470625
0.468904
0.476518
0.473505
0.474926
0.474660
0.470484
0.472755
0.466816
0.465069
0.464452
0.452456
0.453916
0.452834
0.443473
0.448518
0.457169
0.446299
0.452579
0.451614
0.454496
0.463449
0.460740
0.468964
0.474854
0.467021
0.474738
0.475172
0.473574
0.473857
0.468285
0.465283
0.465032
0.456162
0.461645
0.461873
0.455872
0.456143
0.465497
0.458588
0.469462
0.464145
0.468976
0.467496
0.469352
0.468804
0.467251
0.472157
0.467408
0.463788
0.467348
0.461326
0.469422
0.471082
0.469587
0.465364
0.466895
0.462676
0.453337
0.440874
0.435471
0.436234
0.436151
0.438888
0.444515
0.445990
0.453586
0.448053
0.451394
0.456217
0.469668
0.461521
0.470402
0.469233
0.467547
0.465780
0.463123
0.460534
0.460118
0.456157
0.460892
0.460932
0.467764
0.469238
0.468756
0.467378
0.463152
0.464167
0.460646
0.457768
0.459131
0.459262
0.464761
0.462741
0.468003
0.468078
0.467058
0.464026
0.458742
0.457427
0.448848
0.448910
0.439281
0.444698
0.439151
0.446511
0.443624
0.448319
0.450220
0.452032
0.452212
0.455727
0.466771
0.460585
0.466218
0.469332
0.467337
0.471207
0.469466
0.471175
0.465455
0.470539
0.474251
0.461243
0.469157
0.472342
0.473848
0.472447
0.471136
0.467850
0.464666
0.460567
0.458779
0.467629
0.459508
0.468136
0.468342
0.466490
0.468233
0.468940
0.467946
0.464694
0.456583
0.458806
0.460588
0.454332
0.458154
0.459075
0.459161
0.462072
0.476649
0.478582
0.479624
0.479743
0.476069
0.478385
0.475720
0.475316
0.472295
0.476759
0.467580
0.476029
0.467000
0.475729
0.475509
0.474919
0.474749
0.472433
0.468519
0.473502
0.470224
0.470799
0.474732
0.462904
0.472159
0.476124
0.479619
0.467266
0.476422
0.470555
0.470266
0.468942
0.475139
0.477433
0.481189
0.479905
0.480866
0.481609
0.482048
0.480667
0.480548
0.479706
0.475877
0.477357
0.478492
0.479129
0.478141
0.479472
0.478066
0.478426
0.481721
0.476627
0.478824
0.480972
0.477627
0.484080
0.482701
0.484162
0.483043
0.485007
0.482259
0.484645
0.483417
0.478893
0.482076
0.461924
0.480218
0.459243
0.482228
0.447343
0.456592
0.485209
0.486315
0.486452
0.483593
0.479525
0.434925
0.265341
0.234760
0.226979
0.245320
0.177474
0.180596
0.166356
0.225729
0.158298
0.154242
0.139262
0.141374
0.147501
0.139856
0.152679
0.142968
0.149978
0.153151
0.138978
0.157968
0.156046
0.167208
0.221039
0.221843
0.168845
0.142022
0.154082
0.148148
0.129938
0.153053
0.146712
0.131408
0.125541
0.135244
0.154882
0.160893
0.151708
0.146828
0.150429
0.140154
0.133684
0.139401
0.148515
0.131002
0.126360
0.132969
0.128468
0.125142
0.125945
0.064909
0.064910
0.068838
0.061100
0.062669
0.068234
0.071532
0.066017
0.073831
0.060255
0.066751
0.068392
0.065056
0.073376
0.074352
0.092417
0.088409
0.079912
0.082861
0.093690
0.083560
0.095236
0.108734
0.078112
0.082179
0.074266
0.077181
0.077184
0.070378
0.074740
0.074599
0.080192
0.069324
0.077761
0.072870
0.092640
0.080682
0.072330
0.077348
0.074052
0.080330
0.077830
0.075015
0.079555
0.079839
0.085586
0.076238
0.072459
0.070994
0.080294
0.105663
0.117726
0.101482
0.087627
0.122900
0.098169
0.078476
0.068894
0.078607
0.129434
0.140132
0.116531
0.106740
0.100695
0.079097
0.067835
0.061098
0.068171
0.075606
0.052697
0.063375
0.049834
0.062099
0.059590
0.056552
0.077394
0.098146
0.073933
0.074810
0.094168
0.077291
0.065697
0.064649
0.076008
0.082321
0.095070
0.095238
0.093891
0.095005
0.072240
0.080481
0.066919
0.083197
0.091310
0.072417
0.064990
0.061157
0.073228
0.082284
0.069283
0.082412
0.082771
0.095449
0.090266
0.070163
0.081271
0.082656
0.083244
0.091934
0.098066
0.127964
0.125531
0.106246
0.116667
0.122586
0.095316
0.121798
0.128478
0.108571
0.097253
0.065381
0.054636
0.057415
0.063816
0.055907
0.062051
0.059956
0.063566
0.069341
0.059413
0.060539
0.078500
0.093470
0.091383
0.078927
0.077893
0.067258
0.066081
0.064524
0.093390
0.089474
0.082599
0.088107
0.087062
0.077295
0.080779
0.082555
0.076123
0.087888
0.091009
0.084634
0.078672
0.083431
0.073156
0.077164
0.065229
0.070560
0.077068
0.063740
0.074351
0.062912
0.081248
0.073350
0.123832
0.105737
0.106842
0.129966
0.099634
0.105590
0.112230
0.126163
0.107101
0.098900
0.083580
0.080174
0.098782
0.079947
0.103520
0.085586
0.109166
0.105046
0.078991
0.115183
0.111013
0.117275
0.119967
0.125179
0.121423
0.099224
0.096725
0.098727
0.100820
0.093687
0.096324
0.098822
0.101098
0.097226
0.090706
0.083981
0.088746
0.093489
0.088220
0.095245
0.091523
0.097968
0.096618
0.091066
0.100383
0.099983
0.102447
0.103327
0.101786
0.102155
0.103494
0.104854
0.100770
0.099658
0.106058
0.099610
0.089660
0.098017
0.087917
0.098643
0.098274
0.084915
0.094857
0.107195
0.100776
0.061809
0.065019
0.062519
0.055119
0.062469
0.060300
0.066128
0.049444
0.065085
0.066363
0.069140
0.068360
0.062509
0.068390
0.059677
0.063452
0.060763
0.058648
0.062523
0.060978
0.067269
0.054196
0.052362
0.048259
0.056445
0.163789
0.224287
0.157185
0.169395
0.220142
0.163181
0.153280
0.157970
0.154929
0.158681
0.158767
0.161159
0.167785
0.223650
0.221221
0.173790
0.130196
0.118101
0.128204
0.118718
0.114478
0.121436
0.127232
0.126251
0.131902
0.126238
0.128661
0.121955
0.125383
0.118904
0.117015
0.122005
0.062387
0.071339
0.066854
0.066223
0.074096
0.072936
0.071710
0.069432
0.071219
0.071565
0.077750
0.090106
0.068656
0.068912
0.067625
0.072073
0.069478
0.069720
0.066159
0.067864
0.071031
0.068778
0.072774
0.075123
0.071017
0.072007
0.071339
0.072622
0.118519
0.132177
0.116820
0.124963
0.138011
0.120084
0.095903
0.111125
0.097131
0.116972
0.103981
0.120112
0.119646
0.102242
0.133870
0.121673
0.140093
0.131254
0.134295
0.134762
0.075083
0.057768
0.057555
0.069519
0.049348
0.051073
0.055056
0.065968
0.054454
0.045542
0.049656
0.046445
0.057916
0.053469
0.057653
0.067828
0.062049
0.064054
0.060879
0.094710
0.109451
0.097172
0.113116
0.131558
0.110532
0.090481
0.107472
0.133681
0.115215
0.145154
0.118605
0.162875
0.171640
0.146376
0.136098
0.099604
0.099479
0.096728
0.093631
0.093966
0.091592
0.091338
0.091380
0.089058
0.091241
0.086628
0.081657
0.086336
0.081291
0.086771
0.087393
0.081164
0.089875
0.091148
0.092583
0.094533
0.085913
0.088367
0.096466
0.079700
0.083187
0.090157
0.101116
0.085967
0.076264
0.074978
0.074599
0.077563
0.076633
0.083039
0.088750
0.085188
0.080167
0.094451
0.087673
0.099493
0.105960
0.103783
0.095451
0.065712
0.076626
0.075144
0.066070
0.073266
0.072904
0.069248
0.063672
0.071710
0.072839
0.073253
0.074143
0.071152
0.072152
0.070421
0.069334
0.070297
0.065419
0.063894
0.064370
0.055711
0.062816
0.064059
0.070755
0.064902
0.066094
0.070482
0.076389
0.085701
0.084282
0.080134
0.076167
0.072179
0.070833
0.070789
0.069901
0.071919
0.072068
0.069546
0.084202
0.071128
0.067513
0.074507
0.072404
0.075684
0.079315
0.075721
0.076209
0.075368
0.073718
0.076775
0.083140
0.076113
0.081428
0.087457
0.080668
0.087879
0.078811
0.092425
0.084569
0.078262
0.085579
0.085642
0.085995
0.085175
0.087525
0.079238
0.082348
0.112138
0.124227
0.127931
0.117477
0.132792
0.135511
0.127607
0.119253
0.131914
0.133486
0.136010
0.139836
0.138016
0.140700
0.137954
0.143975
0.143605
0.138890
0.143385
0.138100
0.132580
0.132886
0.116886
0.120246
0.131724
0.082194
0.082902
0.090710
0.087937
0.077564
0.088386
0.085594
0.089319
0.085904
0.073573
0.074083
0.081053
0.082610
0.083909
0.086247
0.088416
0.089911
0.087420
0.086548
0.091542
0.087755
0.093061
0.096376
0.093634
0.089485
0.080794
0.078060
0.087836
0.096360
0.077798
0.088649
0.093130
0.103919
0.093355
0.077542
0.087339
0.094299
0.100486
0.097082
0.102960
0.096676
0.106334
0.110922
0.108734
0.102256
0.073368
0.080735
0.072328
0.080002
0.086737
0.085014
0.070267
0.068368
0.077337
0.078333
0.079637
0.082670
0.088626
0.088402
0.084945
0.086030
0.093452
0.091185
0.088173
0.089943
0.107833
0.116972
0.096261
0.113763
0.119739
0.114232
0.086851
0.104273
0.111346
0.116235
0.113940
0.121593
0.115204
0.129196
0.126206
0.080532
0.087705
0.096014
0.085007
0.097265
0.101200
0.096866
0.085856
0.101560
0.103161
0.108011
0.107124
0.110097
0.107220
0.101778
0.105304
0.095434
0.087343
0.088210
0.097695
0.065004
0.065394
0.068352
0.061973
0.059196
0.063612
0.060935
0.062643
0.062005
0.056086
0.056768
0.058280
0.058926
0.061249
0.063094
0.065441
0.064783
0.064553
0.067751
0.065987
0.056313
0.055285
0.057831
0.060073
0.055971
0.059643
0.061200
0.065270
0.062795
0.055913
0.059096
0.064610
0.067937
0.066694
0.072036
0.067582
0.056906
0.058554
0.056499
0.058620
0.061792
0.061487
0.056683
0.057528
0.058444
0.057898
0.059693
0.060959
0.062838
0.063384
0.065048
0.065054
0.067369
0.073862
0.060992
0.068502
0.080251
0.076216
0.056968
0.060916
0.072348
0.076856
0.079297
0.091810
0.061288
0.060937
0.070299
0.069622
0.066278
0.075297
0.075994
0.072363
0.077807
0.068744
0.078582
0.079934
0.082306
0.080521
0.079051
0.082458
0.075747
0.077269
0.074537
0.077544
0.059907
0.060222
0.060956
0.055165
0.055504
0.055869
0.052945
0.053077
0.053505
0.053637
0.054123
0.053892
0.052980
0.054655
0.054039
0.054414
0.054931
0.053668
0.054427
0.054115
0.049796
0.050146
0.050443
0.049816
0.050971
0.051243
0.051592
0.051230
0.052332
0.051451
0.051575
0.052925
0.053734
0.053461
0.052825
0.052712
0.054460
0.054781
0.055139
0.055342
0.055113
0.055474
0.056081
0.058346
0.057401
0.056083
0.057463
0.055890
0.055745
0.056595
0.055029
0.055015
0.051219
0.051418
0.050713
0.050438
0.055444
0.054335
0.048805
0.049170
0.052405
0.053486
0.056527
0.060004
0.066348
0.062278
0.071330
0.061015
0.082810
0.075484
0.059652
0.072167
0.074677
0.075882
0.081509
0.084501
0.090307
0.083050
0.064612
0.066793
0.058960
0.063183
0.058737
0.055593
0.053498
0.054773
0.058125
0.056790
0.056086
0.055708
0.054892
0.054145
0.054513
0.053906
0.052369
0.053363
0.056026
0.055680
0.053015
0.052662
0.053349
0.051687
0.050356
0.051797
0.056038
0.053810
0.052150
0.051285
0.051244
0.048975
0.050112
0.059879
0.056941
0.061054
0.057657
0.056628
0.056686
0.065253
0.059045
0.060219
0.056861
0.055966
0.058636
0.055354
0.054802
0.064112
0.054565
0.074268
0.052538
0.055114
0.052638
0.055136
0.051565
0.049516
0.048599
0.053222
0.052330
0.081819
0.087259
0.099820
0.092432
0.095466
0.098690
0.096255
0.110223
0.100785
0.071478
0.077718
0.072236
0.064092
0.062673
0.073872
0.062312
0.062607
0.062389
0.060262
0.059481
0.077998
0.061410
0.074463
0.060114
0.079465
0.060837
0.059520
0.059388
0.059152
0.077032
0.064995
0.066206
0.084107
0.074786
0.067896
0.077034
0.067903
0.064535
0.075625
0.069672
0.089733
0.075879
0.062532
0.059940
0.091955
0.104935
0.324490
0.321181
0.323868
0.326912
0.321243
0.303101
0.280751
0.270188
0.271723
0.335091
0.338294
0.338041
0.316099
0.299440
0.264656
0.232722
0.207315
0.248239
0.260826
0.192364
0.241671
0.184126
0.187463
0.249405
0.225435
0.287829
0.284154
0.262627
0.265575
0.298772
0.264064
0.256795
0.242813
0.253675
0.303033
0.318067
0.297891
0.279218
0.273761
0.249675
0.203629
0.239566
0.254053
0.197002
0.244122
0.185672
0.192743
0.224601
0.225517
0.315578
0.302255
0.283040
0.317725
0.265731
0.276146
0.291774
0.259014
0.274271
0.257258
0.242922
0.213089
0.238286
0.247956
0.254344
0.256405
0.271516
0.263990
0.258416
0.307174
0.307100
0.300381
0.303484
0.307534
0.293151
0.300915
0.286783
0.289853
0.307069
0.303130
0.299857
0.299694
0.293057
0.275996
0.269047
0.267593
0.283926
0.268913
0.277564
0.330587
0.343103
0.331268
0.330882
0.302036
0.298158
0.333935
0.298995
0.277262
0.287681
0.263935
0.268040
0.245420
0.268468
0.136046
0.118770
0.129952
0.116532
0.112866
0.123200
0.135563
0.128745
0.139028
0.129105
0.129569
0.138129
0.121267
0.113484
0.117195
0.100385
0.094716
0.100297
0.096514
0.091790
0.097228
0.104486
0.101389
0.102869
0.097423
0.095673
0.100747
0.095958
0.091003
0.093301
0.106542
0.107271
0.106714
0.107452
0.108081
0.107532
0.107491
0.106708
0.105308
0.108844
0.110605
0.103875
0.100013
0.111963
0.104286
0.097870
0.093806
0.098992
0.112969
0.151910
0.113352
0.104651
0.100999
0.100188
0.094828
0.098546
0.098142
0.092167
0.094924
0.091980
0.089417
0.092823
0.090019
0.089679
0.099792
0.095564
0.090261
0.089674
0.089419
0.102145
0.097633
0.169718
0.188601
0.175715
0.213192
0.217178
0.231505
0.172669
0.180639
0.197577
0.209054
0.226229
0.248603
0.228664
0.242006
0.260696
0.253841
0.250958
0.244257
0.257433
0.249289
0.162667
0.163115
0.158438
0.156488
0.151816
0.153001
0.153924
0.150970
0.154606
0.155554
0.152197
0.156427
0.161540
0.154535
0.156825
0.161676
0.149330
0.158479
0.155775
0.158936
0.159282
0.158101
0.150332
0.160274
0.087605
0.108592
0.122081
0.083568
0.126850
0.136559
0.122546
0.085257
0.134734
0.137490
0.162899
0.143837
0.142108
0.144552
0.142674
0.132102
0.132745
0.119084
0.082272
0.086023
0.121933
0.139286
0.146850
0.123318
0.102046
0.151539
0.119049
0.099748
0.081971
0.100852
0.157925
0.125979
0.099281
0.077185
0.092716
0.069227
0.083079
0.067175
0.062664
0.067848
0.074238
0.106111
0.077452
0.108694
0.076390
0.066514
0.065710
0.111328
0.081678
0.065776
0.058545
0.060083
0.055850
0.059179
0.054891
0.056193
0.094634
0.085431
0.071063
0.114321
0.101739
0.108610
0.083350
0.113370
0.127272
0.115549
0.116812
0.115771
0.119460
0.114881
0.124125
0.104255
0.094402
0.095482
0.114549
0.146292
0.132752
0.138107
0.130435
0.128523
0.117595
0.115162
0.123144
0.141232
0.102189
0.115604
0.103461
0.111915
0.114062
0.111015
0.099005
0.121694
0.116404
0.131256
0.132847
0.126103
0.129264
0.136503
0.129967
0.133731
0.156979
0.137360
0.125982
0.151958
0.151378
0.149701
0.156820
0.146363
0.152472
0.190475
0.152675
0.176314
0.145775
0.142699
0.167802
0.149704
0.143150
0.146520
0.217497
0.218399
0.203231
0.208602
0.246795
0.233115
0.180254
0.185649
0.217326
0.227940
0.251034
0.266616
0.282208
0.267750
0.273334
0.286244
0.273877
0.276174
0.263842
0.272934
0.272943
0.271809
0.266164
0.278246
0.271961
0.321272
0.289624
0.324732
0.293996
0.325427
0.297213
0.293188
0.287059
0.282167
0.284190
0.284223
0.294143
0.293288
0.302746
0.287089
0.289900
0.293907
0.284385
0.302419
0.321799
0.292702
0.301455
0.335668
0.349904
0.362312
0.365241
0.424709
0.403288
0.438799
0.387130
0.370357
0.367404
0.375800
0.314835
0.309718
0.301718
0.291088
0.288906
0.278413
0.287462
0.284642
0.275015
0.283074
0.278471
0.275347
0.290249
0.329494
0.277583
0.274300
0.280925
0.266058
0.269428
0.290694
0.355589
0.322655
0.397074
0.375996
0.364385
0.407292
0.431283
0.370412
0.408296
0.422883
0.379505
0.386446
0.368578
0.376340
0.307861
0.296855
0.287325
0.295691
0.287534
0.286261
0.279962
0.286398
0.278130
0.276597
0.285283
0.285852
0.284732
0.283864
0.282842
0.277920
0.279338
0.289744
0.287991
0.305719
0.305878
0.289042
0.313948
0.295478
0.283643
0.310590
0.276813
0.274980
0.289008
0.290276
0.276806
0.267125
0.279814
0.296818
0.286517
0.304184
0.280120
0.287642
0.298126
0.285405
0.295633
0.280205
0.288274
0.285698
0.295099
0.291855
0.288512
0.290529
0.291574
0.291798
0.292229
0.276469
0.278402
0.267971
0.266712
0.267040
0.272522
0.263526
0.266983
0.271401
0.304555
0.310128
0.307079
0.300135
0.320478
0.307188
0.313849
0.304055
0.324517
0.316139
0.294891
0.292937
0.288781
0.270128
0.287608
0.292733
0.278860
0.273182
0.267415
0.125792
0.124628
0.133075
0.117268
0.129791
0.135456
0.118730
0.115779
0.132492
0.135230
0.170245
0.165754
0.141957
0.183356
0.146229
0.203020
0.164348
0.146843
0.186074
0.151607
0.131210
0.153067
0.159804
0.126389
0.125936
0.152167
0.132373
0.116742
0.137849
0.113049
0.118548
0.125518
0.116035
0.158156
0.112265
0.115677
0.112700
0.151211
0.118238
0.118810
0.112490
0.122529
0.116829
0.109859
0.189924
0.175640
0.187727
0.216476
0.234852
0.203951
0.205087
0.178318
0.220420
0.171008
0.193673
0.207051
0.180182
0.214413
0.177497
0.207752
0.233254
0.218657
0.225327
0.237409
0.205351
0.227067
0.256552
0.228329
0.198740
0.221699
0.204435
0.230062
0.260506
0.238552
0.260111
0.270626
0.286921
0.265003
0.244912
0.276136
0.237716
0.243351
0.204738
0.246760
0.109232
0.113418
0.120386
0.107007
0.107953
0.115228
0.150389
0.125738
0.156977
0.125788
0.126461
0.158165
0.123165
0.107860
0.107643
0.151223
0.188876
0.156668
0.179536
0.151611
0.166382
0.150872
0.136461
0.180173
0.136495
0.163169
0.152254
0.166509
0.208089
0.168162
0.212928
0.203137
0.193508
0.170358
0.198018
0.198696
0.190888
0.186142
0.200921
0.192090
0.183927
0.164872
0.183026
0.225504
0.191546
0.251947
0.194262
0.265074
0.219027
0.182365
0.145435
0.136068
0.173261
0.132822
0.120137
0.136461
0.166419
0.126175
0.110663
0.107461
0.116058
0.147354
0.121185
0.165117
0.140389
0.170223
0.194049
0.173333
0.150697
0.237061
0.207555
0.174543
0.221419
0.191354
0.155120
0.179077
0.208844
0.160075
0.168651
0.146688
0.139578
0.127715
0.134808
0.143723
0.165291
0.155921
0.183966
0.192176
0.167897
0.247031
0.244588
0.266025
0.271929
0.206474
0.232173
0.265556
0.243338
0.267325
0.251119
0.279250
0.265693
0.251109
0.270610
0.289943
0.252429
0.232743
0.222749
0.209224
0.195350
0.187371
0.220338
0.217147
0.194884
0.186733
0.191866
0.186290
0.209691
0.204468
0.184690
0.192497
0.195461
0.181641
0.189108
0.185566
0.145764
0.175096
0.126871
0.157550
0.173762
0.137958
0.115540
0.115902
0.115884
0.151114
0.171139
0.155087
0.244456
0.278593
0.221534
0.254105
0.277311
0.227373
0.205896
0.198084
0.192529
0.224029
0.262730
0.248448
0.214991
0.249806
0.219616
0.248251
0.229017
0.244114
0.185321
0.202683
0.193876
0.206369
0.202513
0.215418
0.243900
0.222520
0.227295
0.227751
0.202349
0.201760
0.247851
0.259246
0.223417
0.274516
0.253770
0.256946
0.236708
0.239519
0.231272
0.207135
0.251622
0.270113
0.211291
0.275365
0.244318
0.210555
0.185088
0.182973
0.236700
0.261923
0.293259
0.276311
0.266807
0.264259
0.248613
0.258931
0.260341
0.299660
0.302860
0.305852
0.317464
0.302297
0.310402
0.313519
0.295887
0.313487
0.318849
0.326014
0.328050
0.299292
0.306811
0.306882
0.281179
0.300544
0.261832
0.275114
0.228354
0.263569
0.239317
0.218422
0.203861
0.193194
0.251827
0.258811
0.220370
0.258872
0.237695
0.207262
0.202482
0.221652
0.272364
0.294559
0.313429
0.299191
0.292394
0.298608
0.290053
0.256842
0.267023
0.291240
0.284527
0.296798
0.286179
0.291947
0.307000
0.311376
0.290295
0.299433
0.297654
0.257434
0.247848
0.210981
0.231868
0.224230
0.220062
0.170980
0.176606
0.176870
0.191088
0.181458
0.196654
0.214192
0.219037
0.206934
0.157641
0.173377
0.171408
0.181646
0.165447
0.188959
0.195556
0.183942
0.194273
0.197800
0.181733
0.176263
0.179001
0.176702
0.172174
0.156600
0.146891
0.149137
0.172292
0.143867
0.139977
0.140684
0.135048
0.138182
0.194715
0.177876
0.176086
0.157876
0.170770
0.152596
0.173451
0.143067
0.138126
0.139758
0.161222
0.154871
0.224176
0.218494
0.213237
0.215907
0.220290
0.204757
0.216379
0.188107
0.181115
0.213287
0.227930
0.230049
0.248821
0.225893
0.243048
0.229551
0.228463
0.214570
0.192623
0.204902
0.209945
0.235179
0.230207
0.219784
0.232308
0.197596
0.229637
0.193987
0.171781
0.167212
0.167830
0.172987
0.192497
0.234077
0.227791
0.192110
0.240616
0.191879
0.236643
0.189430
0.168323
0.166766
0.169487
0.242669
0.189114
0.088409
0.095118
0.084127
0.087986
0.086522
0.086913
0.086294
0.091757
0.086629
0.093594
0.087582
0.098351
0.094078
0.088530
0.095936
0.091859
0.093457
0.086782
0.088941
0.068187
0.068454
0.076982
0.060372
0.062515
0.056403
0.070874
0.056972
0.057397
0.059991
0.059008
0.056510
0.058771
0.054397
0.056007
0.054529
0.070663
0.055980
0.052270
0.051296
0.048261
0.048266
0.053887
0.050419
0.054849
0.049338
0.052741
0.046605
0.046446
0.043941
0.052872
0.051060
0.056847
0.052102
0.053839
0.054305
0.054449
0.053498
0.055513
0.056459
0.054404
0.057545
0.051057
0.059976
0.061099
0.064875
0.062468
0.071411
0.080926
0.076008
0.070763
0.069205
0.062202
0.063205
0.058392
0.066147
0.061587
0.063828
0.057438
0.055694
0.055030
0.066286
0.061859
0.117378
0.110696
0.110517
0.106815
0.111344
0.105136
0.106815
0.100563
0.100156
0.099704
0.109089
0.113731
0.098334
0.102205
0.096018
0.092202
0.094662
0.089687
0.085245
0.084995
0.081316
0.085146
0.081219
0.076591
0.072268
0.077163
0.082121
0.080404
0.091459
0.078750
0.098469
0.085720
0.077714
0.081217
0.098601
0.092173
0.085157
0.085360
0.080580
0.081001
0.072787
0.086117
0.073724
0.074088
0.090659
0.076447
0.073285
0.078759
0.091423
0.081289
0.098504
0.078436
0.105491
0.118407
0.097684
0.082910
0.055311
0.060890
0.060442
0.062705
0.057608
0.060879
0.064196
0.083660
0.082614
0.068387
0.083648
0.065644
0.084888
0.064841
0.064684
0.083403
0.059438
0.058041
0.054347
0.055933
0.065780
0.051517
0.070719
0.052605
0.051764
0.052000
0.076712
0.058186
0.051907
0.049401
0.050988
0.047042
0.071041
0.060322
0.072405
0.074079
0.062253
0.076490
0.072867
0.072068
0.072495
0.074559
0.075091
0.073730
0.074970
0.064807
0.073996
0.056956
0.077228
0.051456
0.062082
0.081074
0.057572
0.049050
0.052567
0.053679
0.063818
0.083797
0.066845
0.113762
0.150500
0.109766
0.099657
0.110116
0.110032
0.125119
0.178676
0.128807
0.149634
0.118627
0.101494
0.104598
0.137455
0.135813
0.122412
0.100486
0.087330
0.087910
0.090052
0.149233
0.154911
0.174911
0.124072
0.114026
0.170495
0.121102
0.106340
0.097620
0.088087
0.144154
0.132583
0.128128
0.123824
0.177790
0.129772
0.116686
0.105938
0.098575
0.155948
0.121176
0.106803
0.157196
0.120779
0.104253
0.094672
0.092763
0.159308
0.212597
0.234460
0.203807
0.273559
0.289610
0.269809
0.236217
0.287639
0.255873
0.241411
0.230828
0.230483
0.204810
0.180699
0.191713
0.196481
0.215599
0.257028
0.303433
0.307139
0.279309
0.290409
0.227193
0.203002
0.114007
0.131320
0.096959
0.110874
0.134229
0.100418
0.081689
0.088751
0.089739
0.102653
0.137437
0.118935
0.096307
0.092738
0.097619
0.095492
0.089234
0.093510
0.098224
0.108121
0.097608
0.095924
0.097230
0.097474
0.107287
0.106821
0.099709
0.101181
0.104520
0.095952
0.096416
0.090271
0.104020
0.117340
0.110801
0.122264
0.119269
0.119304
0.135459
0.133281
0.160134
0.146318
0.140396
0.150310
0.136179
0.126622
0.133452
0.118339
0.109012
0.109525
0.108835
0.106665
0.115210
0.107416
0.097207
0.091067
0.098189
0.136909
0.144286
0.107500
0.107131
0.098664
0.091746
0.096132
0.090782
0.081270
0.081186
0.112864
0.112610
0.107395
0.107216
0.108887
0.101165
0.105803
0.103924
0.099279
0.107306
0.100336
0.090737
0.086256
0.096234
0.101133
0.102881
0.106530
0.117529
0.104697
0.108361
0.117563
0.106435
0.104762
0.104474
0.101211
0.103139
0.105808
0.106983
0.114813
0.116302
0.112474
0.106925
0.122322
0.121597
0.114253
0.114073
0.128202
0.126095
0.114612
0.112078
0.102422
0.103402
0.103607
0.100044
0.123417
0.121900
0.117603
0.113855
0.125022
0.123959
0.114422
0.110087
0.100461
0.100898
0.106619
0.105743
0.123357
0.123202
0.128157
0.125503
0.120072
0.118676
0.130178
0.138908
0.141250
0.130883
0.123227
0.110985
0.120446
0.115963
0.109240
0.148644
0.151853
0.145145
0.145478
0.150704
0.158993
0.158009
0.146933
0.145322
0.148663
0.140737
0.129872
0.142871
0.138911
0.145886
0.146488
0.139815
0.148069
0.152888
0.147198
0.149448
0.144598
0.153337
0.154883
0.148546
0.155927
0.147379
0.142722
0.151901
0.150619
0.145441
0.150371
0.174277
0.201023
0.178789
0.176556
0.198892
0.199742
0.186745
0.196695
0.181766
0.196152
0.202399
0.191781
0.194267
0.186125
0.185258
0.191947
0.185633
0.182183
0.184384
0.184111
0.190864
0.195429
0.194119
0.114321
0.112376
0.108515
0.110356
0.111928
0.108452
0.097641
0.103881
0.123619
0.106583
0.132462
0.115840
0.142514
0.142125
0.119368
0.119412
0.147440
0.146224
0.150107
0.156739
0.154849
0.148417
0.153212
0.152419
0.166702
0.207040
0.187511
0.187024
0.173388
0.167545
0.159376
0.163922
0.152208
0.146193
0.147510
0.152639
0.112731
0.116127
0.117392
0.112050
0.125696
0.120009
0.118995
0.115022
0.118059
0.139334
0.143710
0.148309
0.134172
0.141569
0.117538
0.127898
0.109790
0.109885
0.128698
0.118409
0.117681
0.126120
0.136410
0.123403
0.117181
0.155036
0.161033
0.146022
0.145263
0.154559
0.146482
0.141841
0.140954
0.138671
0.129936
0.133769
0.131931
0.137431
0.141598
0.139087
0.139905
0.152504
0.145009
0.109678
0.115514
0.120178
0.110126
0.128051
0.129392
0.115923
0.110796
0.121881
0.132144
0.139063
0.131282
0.130863
0.129599
0.126264
0.122928
0.123680
0.119781
0.110022
0.117513
0.097312
0.086671
0.101391
0.091805
0.079048
0.093813
0.115315
0.106861
0.113428
0.099173
0.107738
0.102635
0.099136
0.107766
0.106430
0.099090
0.108572
0.093895
0.082874
0.095952
0.131331
0.119365
0.118372
0.136915
0.111453
0.118154
0.130963
0.146940
0.128713
0.106833
0.113501
0.128784
0.150783
0.135206
0.162863
0.141235
0.178151
0.176273
0.154498
0.148392
0.119724
0.120935
0.112814
0.112683
0.107154
0.105451
0.112878
0.114009
0.111128
0.112247
0.096283
0.102570
0.085309
0.089171
0.096124
0.083498
0.100706
0.096128
0.108912
0.101086
0.083898
0.086478
0.106836
0.107285
0.100512
0.114883
0.111738
0.112615
0.113529
0.116578
0.129821
0.128840
0.135418
0.146163
0.124239
0.113036
0.112709
0.121274
0.113360
0.126311
0.135968
0.140961
0.118401
0.122072
0.134315
0.128514
0.136345
0.140663
0.146506
0.138726
0.148924
0.150898
0.145313
0.145010
0.136532
0.135667
0.120357
0.120243
0.111639
0.117508
0.108773
0.108819
0.109198
0.111387
0.109987
0.111314
0.107091
0.109318
0.115482
0.100853
0.112443
0.102302
0.080172
0.089479
0.090263
0.105434
0.108769
0.117163
0.088321
0.107570
0.109655
0.116094
0.126643
0.135335
0.141479
0.131987
0.120773
0.142889
0.123928
0.126715
0.116925
0.111181
0.105264
0.106121
0.103802
0.107441
0.107458
0.107672
0.108530
0.118831
0.103928
0.109248
0.092064
0.092058
0.081719
0.095668
0.077070
0.071993
0.073812
0.080278
0.079212
0.114592
0.130630
0.124055
0.115768
0.140596
0.122206
0.131801
0.119782
0.122569
0.144804
0.125123
0.114673
0.110124
0.123436
0.116270
0.128927
0.157596
0.164068
0.179259
0.167088
0.165247
0.181730
0.186793
0.181194
0.187220
0.171486
0.163603
0.179539
0.186422
0.175465
0.186489
0.178286
0.183912
0.169078
0.179029
0.180473
0.188622
0.184195
0.194266
0.193917
0.108071
0.103826
0.100526
0.101735
0.099224
0.098315
0.096655
0.094444
0.096684
0.109699
0.098195
0.113761
0.101853
0.110015
0.102423
0.124261
0.135134
0.143614
0.148068
0.128010
0.149665
0.154124
0.155971
0.155275
0.164337
0.165794
0.175218
0.176125
0.162758
0.172946
0.183251
0.181748
0.181083
0.165600
0.154993
0.133573
0.140563
0.152165
0.136379
0.150970
0.162730
0.152051
0.140276
0.162803
0.151633
0.161088
0.173904
0.181150
0.169643
0.164615
0.155030
0.131432
0.143553
0.152755
0.140331
0.143053
0.145851
0.119782
0.127476
0.132735
0.135825
0.125729
0.105478
0.102484
0.116422
0.110650
0.112491
0.110945
0.119662
0.113261
0.114746
0.126593
0.120677
0.122332
0.134267
0.129656
0.122815
0.114645
0.125705
0.129321
0.117236
0.126604
0.129706
0.127394
0.115803
0.128610
0.125278
0.133993
0.137902
0.129866
0.141430
0.131853
0.135678
0.128062
0.131031
0.145652
0.126156
0.128116
0.126990
0.111940
0.117140
0.128463
0.106145
0.100835
0.105058
0.111829
0.099854
0.103896
0.107301
0.111143
0.104779
0.101268
0.102980
0.103993
0.103149
0.103615
0.104162
0.108335
0.101863
0.104548
0.112553
0.107582
0.158734
0.124069
0.134322
0.174444
0.117042
0.125011
0.163932
0.190555
0.144390
0.110166
0.114054
0.121972
0.106849
0.123354
0.129278
0.161356
0.127314
0.164408
0.176739
0.163810
0.296805
0.253514
0.357128
0.277509
0.373048
0.380474
0.414779
0.362114
0.367697
0.360954
0.361022
0.346792
0.328368
0.219103
0.264910
0.147073
0.157397
0.160917
0.155010
0.152761
0.160647
0.161337
0.159486
0.160166
0.145650
0.154607
0.159652
0.159287
0.162076
0.161940
0.166580
0.126069
0.126765
0.144565
0.130494
0.135501
0.147540
0.139474
0.133348
0.145976
0.141482
0.151055
0.142950
0.142856
0.138068
0.136162
0.141488
0.142529
0.138894
0.135543
0.152666
0.146563
0.129463
0.120468
0.131720
0.122813
0.117149
0.140401
0.122810
0.150850
0.148897
0.158144
0.119540
0.149102
0.164281
0.174372
0.163243
0.158147
0.102112
0.106624
0.084623
0.092603
0.107546
0.100377
0.079895
0.079531
0.085821
0.080717
0.088218
0.094835
0.100695
0.097011
0.108094
0.126264
0.092348
0.091989
0.084788
0.084675
0.100982
0.098276
0.097275
0.086506
0.100202
0.091502
0.084376
0.097002
0.085350
0.083156
0.072399
0.077610
0.107789
0.114964
0.116425
0.116175
0.116033
0.113026
0.131313
0.114524
0.124605
0.125268
0.113713
0.118531
0.233220
0.195230
0.223956
0.271297
0.186834
0.219902
0.220209
0.242577
0.213004
0.197710
0.177902
0.212224
0.231652
0.191945
0.204643
0.160747
0.169913
0.190058
0.167747
0.168186
0.187580
0.169690
0.178512
0.225724
0.194125
0.163025
0.171273
0.149997
0.158518
0.162130
0.156632
0.147892
0.151350
0.149593
0.143353
0.150392
0.142877
0.151947
0.144816
0.153457
0.115314
0.121745
0.123226
0.106711
0.123766
0.123610
0.111406
0.101831
0.120112
0.124095
0.123961
0.125873
0.123666
0.113785
0.103847
0.107556
0.090822
0.091774
0.087566
0.079476
0.094033
0.089979
0.084326
0.078916
0.088917
0.096199
0.091227
0.093730
0.094905
0.090050
0.080334
0.084800
0.099224
0.086414
0.082912
0.100625
0.079553
0.076262
0.094367
0.107773
0.084916
0.078515
0.071755
0.075097
0.075668
0.091648
0.105588
0.100246
0.141847
0.140679
0.151887
0.142014
0.141145
0.143681
0.125955
0.125310
0.115780
0.110667
0.140519
0.127999
0.205883
0.304179
0.246624
0.333058
0.314864
0.242808
0.367618
0.357829
0.333439
0.242851
0.300954
0.245943
0.295865
0.224348
0.201274
0.226261
0.285736
0.183946
0.183278
0.163910
0.168171
0.153969
0.152241
0.151149
0.152077
0.153671
0.148723
0.154899
0.146235
0.150952
0.148736
0.150952
0.148156
0.139631
0.143777
0.137165
0.142056
0.134683
0.124044
0.128747
0.129517
0.132058
0.131760
0.138591
0.108169
0.119990
0.110000
0.120559
0.119677
0.121684
0.112411
0.122417
0.123846
0.125186
0.120578
0.122793
0.091577
0.093461
0.095716
0.096610
0.092815
0.096798
0.097730
0.098257
0.100851
0.101996
0.098711
0.098990
0.098221
0.089345
0.106155
0.093092
0.092053
0.093987
0.109192
0.103341
0.097888
0.095481
0.096597
0.086356
0.139026
0.133924
0.146831
0.136355
0.129217
0.123293
0.146005
0.200249
0.170816
0.143120
0.179203
0.122681
0.113190
0.160588
0.115437
0.112203
0.150626
0.211382
0.148717
0.154072
0.192914
0.151779
0.149756
0.153500
0.152042
0.150647
0.188328
0.151774
0.142423
0.141777
0.127062
0.123759
0.143796
0.131880
0.122732
0.123279
0.129725
0.137461
0.140323
0.122540
0.125911
0.134360
0.137008
0.140305
0.146698
0.134548
0.130166
0.133658
0.137061
0.126597
0.144165
0.135377
0.135288
0.139698
0.145204
0.148960
0.135716
0.135494
0.142807
0.145431
0.149211
0.150755
0.146332
0.149059
0.121960
0.133000
0.125887
0.108604
0.133411
0.122441
0.118282
0.106633
0.120297
0.135372
0.120581
0.121715
0.122939
0.119917
0.110712
0.120593
0.106099
0.104098
0.092669
0.089827
0.105773
0.094001
0.089544
0.092722
0.091992
0.103070
0.092900
0.095725
0.098835
0.095411
0.100730
0.093350
0.106256
0.102193
0.092317
0.100462
0.107049
0.091910
0.102867
0.140101
0.101888
0.103501
0.088943
0.100295
0.105873
0.112105
0.134263
0.114314
0.166044
0.158936
0.162288
0.174913
0.182263
0.158680
0.161633
0.166853
0.160464
0.159981
0.154292
0.136548
0.152531
0.148923
0.131371
0.133397
0.151148
0.190255
0.210452
0.158372
0.153423
0.234965
0.170062
0.239321
0.194896
0.173396
0.232291
0.239602
0.179363
0.173602
0.237322
0.168418
0.173086
0.157105
0.163123
0.242111
0.245906
0.191779
0.172768
0.168462
0.153340
0.149699
0.148499
0.159915
0.145925
0.154368
0.246432
0.201844
0.242713
0.194672
0.182278
0.173312
0.261830
0.206216
0.193452
0.166877
0.155363
0.151870
0.155898
0.152772
0.208316
0.205457
0.158145
0.154125
0.211528
0.156079
0.153350
0.139505
0.150994
0.219008
0.159873
0.147924
0.145299
0.145511
0.123291
0.140713
0.211243
0.198976
0.148367
0.150102
0.206818
0.142382
0.138431
0.128852
0.129724
0.204594
0.145462
0.122643
0.111147
0.119086
0.110171
0.116383
0.210214
0.213303
0.149168
0.157064
0.218170
0.140970
0.146042
0.133873
0.132988
0.215412
0.145026
0.120269
0.113183
0.130099
0.118128
0.121479
0.274384
0.208304
0.293412
0.231080
0.190246
0.206139
0.300027
0.269257
0.247071
0.206296
0.188947
0.174474
0.187609
0.280725
0.296869
0.211638
0.298381
0.194013
0.280068
0.190206
0.178826
0.145369
0.165657
0.175214
0.299186
0.305218
0.309750
0.312524
0.315163
0.312724
0.320016
0.298978
0.314078
0.320363
0.328604
0.332974
0.317392
0.313296
0.306579
0.303522
0.297425
0.306058
0.281087
0.300003
0.343058
0.341831
0.350577
0.323616
0.364933
0.397919
0.343204
0.312038
0.308679
0.295360
0.309879
0.291300
0.297798
0.302183
0.299565
0.288947
0.282339
0.275786
0.277641
0.307635
0.297930
0.271754
0.264346
0.265835
0.249441
0.255888
0.304770
0.299928
0.299041
0.327802
0.307212
0.288809
0.299489
0.294943
0.282775
0.322980
0.296270
0.263007
0.251509
0.275071
0.254417
0.263782
0.379607
0.364370
0.369688
0.395455
0.349689
0.341565
0.337398
0.315355
0.313583
0.334570
0.336907
0.288728
0.271782
0.288261
0.294470
0.285827
0.368934
0.340780
0.349267
0.336512
0.232722
0.316675
0.346030
0.258199
0.383022
0.396053
0.398355
0.294645
0.377178
0.274684
0.379139
0.356846
0.370270
0.245750
0.330740
0.366824
0.409266
0.423581
0.400706
0.397180
0.372045
0.363897
0.359182
0.247293
0.261726
0.312905
0.261984
0.285940
0.310546
0.273748
0.317702
0.314426
0.313894
0.317185
0.312285
0.316195
0.307538
0.284226
0.291671
0.314209
0.298809
0.284391
0.300428
0.290925
0.276502
0.292244
0.311715
0.294633
0.311607
0.289068
0.298282
0.287276
0.292528
0.274413
0.271922
0.282404
0.253483
0.284849
0.303519
0.283600
0.287479
0.319023
0.314537
0.319246
0.292293
0.314647
0.324513
0.331186
0.331199
0.312222
0.370119
0.342490
0.395034
0.370161
0.358970
0.320004
0.349061
0.304993
0.336017
0.327606
0.341417
0.313762
0.307377
0.333295
0.346739
0.313687
0.331555
0.331236
0.303230
0.310415
0.305463
0.335081
0.326738
0.298771
0.337785
0.358294
0.352593
0.399076
0.404708
0.393501
0.412229
0.394710
0.379659
0.391070
0.406735
0.431880
0.416490
0.389023
0.400942
0.399778
0.390598
0.415574
0.411405
0.366360
0.379936
0.381776
0.321884
0.289015
0.287872
0.249693
0.287651
0.231111
0.185158
0.214751
0.201616
0.223605
0.234502
0.215149
0.197092
0.208584
0.230495
0.267292
0.217901
0.262346
0.241044
0.305169
0.313483
0.252943
0.270335
0.309458
0.288574
0.282193
0.241979
0.264255
0.402357
0.390026
0.352635
0.378135
0.387514
0.387964
0.355993
0.353081
0.381733
0.334521
0.375121
0.360013
0.360702
0.333984
0.324992
0.308034
0.217200
0.245902
0.266942
0.211372
0.242475
0.259996
0.245493
0.264782
0.281928
0.268977
0.310302
0.334716
0.278328
0.291023
0.297151
0.276099
0.310871
0.300407
0.305639
0.326400
0.331095
0.318132
0.320839
0.323354
0.304390
0.287102
0.317671
0.293759
0.309941
0.271861
0.268229
0.284886
0.284181
0.201262
0.238523
0.203364
0.241661
0.201907
0.232435
0.260044
0.254918
0.254268
0.193196
0.217445
0.232137
0.192379
0.243889
0.254634
0.228850
0.247563
0.248049
0.292783
0.287427
0.264600
0.306406
0.262360
0.262276
0.262427
0.315932
0.228881
0.249580
0.204701
0.172852
0.191657
0.224933
0.301805
0.317085
0.316015
0.333073
0.339819
0.381140
0.367142
0.354025
0.364661
0.357564
0.341849
0.352909
0.352456
0.342997
0.350409
0.357897
0.340394
0.333168
0.334952
0.344231
0.311281
0.305680
0.338775
0.314623
0.296117
0.267799
0.289139
0.262092
0.292841
0.278644
0.290611
0.291408
0.251286
0.320121
0.313221
0.349810
0.347783
0.345046
0.323317
0.327302
0.358760
0.373590
0.313182
0.306980
0.342597
0.367758
0.419190
0.404079
0.418716
0.436360
0.424827
0.434116
0.423488
0.418208
0.429252
0.431449
0.434272
0.425348
0.398737
0.415860
0.389981
0.410310
0.382286
0.346124
0.383638
0.403943
0.387519
0.352459
0.377021
0.382409
0.383601
0.352910
0.378758
0.339677
0.339074
0.358250
0.379595
0.389599
0.356050
0.278790
0.333764
0.311145
0.333746
0.389510
0.371061
0.309675
0.383834
0.375864
0.399260
0.422309
0.400294
0.370250
0.359852
0.362663
0.338917
0.311022
0.277002
0.305374
0.309931
0.277697
0.325324
0.277610
0.340840
0.353693
0.397602
0.329630
0.324097
0.351290
0.343999
0.340450
0.353236
0.366787
0.372796
0.402220
0.408579
0.383427
0.381008
0.360901
0.387333
0.359810
0.356392
0.346599
0.338714
0.345239
0.337379
0.339605
0.358395
0.323765
0.356172
0.368219
0.414043
0.403677
0.394735
0.391092
0.369468
0.357406
0.346428
0.364634
0.362956
0.382583
0.391408
0.360015
0.354253
0.398399
0.365703
0.354296
0.344982
0.322942
0.334779
0.361758
0.349776
0.397822
0.345125
0.385117
0.321803
0.363977
0.348824
0.371313
0.363313
0.399716
0.438714
0.380802
0.314006
0.327512
0.312065
0.340274
0.327152
0.309636
0.328424
0.310875
0.290469
0.315984
0.311907
0.296720
0.300106
0.284402
0.283971
0.292090
0.296204
0.288132
0.287115
0.295367
0.300513
0.285548
0.299201
0.302134
0.325227
0.302121
0.304131
0.303004
0.300155
0.309714
0.292764
0.324327
0.294668
0.310057
0.298273
0.303894
0.277059
0.218471
0.252148
0.253290
0.229940
0.190688
0.241950
0.261403
0.252955
0.242664
0.211827
0.210129
0.197272
0.178578
0.197775
0.185252
0.211795
0.254006
0.192557
0.195104
0.240251
0.238840
0.265264
0.271361
0.276950
0.281352
0.275390
0.380018
0.392554
0.427835
0.415922
0.418122
0.402751
0.427058
0.394855
0.421616
0.377366
0.376137
0.405991
0.354536
0.392615
0.347219
0.350126
0.361833
0.349293
0.352444
0.342836
0.355186
0.394503
0.419920
0.399707
0.385292
0.327108
0.379102
0.310526
0.374916
0.400348
0.340025
0.397987
0.353957
0.335938
0.321167
0.326480
0.303597
0.360089
0.414138
0.403666
0.368988
0.297185
0.341716
0.346647
0.286390
0.355692
0.392401
0.373500
0.362300
0.416716
0.360072
0.343092
0.339241
0.331178
0.382315
0.388005
0.383252
0.384935
0.388847
0.390693
0.396552
0.383046
0.391202
0.371284
0.404952
0.388879
0.363922
0.372777
0.383638
0.416566
0.431935
0.426590
0.410549
0.418137
0.448054
0.440410
0.444013
0.454895
0.433433
0.427082
0.434421
0.435449
0.416322
0.392384
0.410648
0.350348
0.377563
0.412750
0.429580
0.414946
0.430791
0.389803
0.400425
0.412592
0.388942
0.400495
0.430499
0.416331
0.420992
0.400829
0.408605
0.409968
0.412573
0.399293
0.412157
0.395832
0.399699
0.391038
0.393099
0.396167
0.407214
0.408492
0.400361
0.429730
0.436744
0.438236
0.434672
0.425383
0.400829
0.422844
0.386956
0.399493
0.394389
0.382973
0.404737
0.408223
0.402503
0.430777
0.443898
0.419597
0.430917
0.432134
0.436665
0.440740
0.442588
0.443325
0.434718
0.430631
0.424387
0.431973
0.434080
0.416945
0.415849
0.395293
0.404690
0.385374
0.398308
0.390656
0.383747
0.391360
0.385975
0.399370
0.390073
0.386182
0.361956
0.376006
0.357110
0.341034
0.365149
0.379562
0.375376
0.405761
0.426503
0.390232
0.413088
0.431675
0.439006
0.398906
0.417986
0.428601
0.399962
0.416634
0.397441
0.349740
0.321808
0.393127
0.357859
0.307175
0.294815
0.351655
0.353359
0.373559
0.364592
0.373002
0.337783
0.387420
0.384610
0.414294
0.399873
0.409067
0.407783
0.436492
0.405254
0.420064
0.404158
0.428148
0.435843
0.451412
0.442772
0.448488
0.429825
0.428590
0.420068
0.422852
0.408445
0.419285
0.413646
0.393197
0.411629
0.420646
0.415286
0.437456
0.441589
0.410621
0.445756
0.448409
0.431825
0.436972
0.450629
0.452847
0.441433
0.451576
0.426894
0.430632
0.432091
0.407759
0.431958
0.411977
0.431052
0.430810
0.429059
0.322343
0.357573
0.268836
0.327623
0.338757
0.324928
0.238822
0.203195
0.256804
0.293979
0.277914
0.312928
0.304008
0.334281
0.325198
0.300234
0.339617
0.337121
0.337104
0.337629
0.344418
0.343659
0.349824
0.339485
0.311010
0.340395
0.299578
0.333129
0.313430
0.333344
0.328740
0.291088
0.343483
0.340450
0.337536
0.351101
0.308161
0.330987
0.280527
0.307291
0.323765
0.304377
0.269979
0.282114
0.291578
0.295312
0.305185
0.335635
0.194051
0.241976
0.246869
0.170100
0.201242
0.245681
0.257973
0.253332
0.177161
0.191097
0.176161
0.182673
0.211284
0.221080
0.229605
0.198017
0.243944
0.219928
0.171364
0.189488
0.178340
0.198685
0.172204
0.197021
0.215214
0.214037
0.167898
0.177652
0.188041
0.183756
0.213715
0.213044
0.224608
0.239210
0.224057
0.237619
0.176111
0.198496
0.176645
0.205352
0.211895
0.224326
0.173054
0.198901
0.232346
0.246019
0.237859
0.242763
0.170226
0.198782
0.159926
0.169522
0.154387
0.149612
0.150086
0.187323
0.152017
0.157746
0.153050
0.159844
0.154580
0.154120
0.152084
0.157731
0.208341
0.198373
0.177238
0.162279
0.174606
0.193985
0.216960
0.167491
0.197632
0.234683
0.245885
0.232459
0.182511
0.214762
0.186265
0.224481
0.249503
0.254085
0.187907
0.222084
0.257366
0.267049
0.267845
0.274530
0.277270
0.279582
0.279472
0.278915
0.270006
0.273023
0.265505
0.267896
0.261538
0.265660
0.257682
0.271216
0.261121
0.266881
0.261949
0.274580
0.267009
0.268585
0.260986
0.260848
0.254898
0.249814
0.253683
0.273480
0.183385
0.162699
0.157093
0.154923
0.154175
0.155951
0.156646
0.155420
0.154658
0.154760
0.155274
0.156560
0.154562
0.158594
0.155790
0.154773
0.158032
0.152682
0.153906
0.156514
0.154938
0.153888
0.160730
0.155675
0.151372
0.150597
0.164930
0.244122
0.261787
0.264506
0.283470
0.288100
0.276719
0.253661
0.238856
0.223478
0.218770
0.249373
0.247604
0.249418
0.284135
0.252124
0.258107
0.274883
0.319690
0.448287
0.448742
0.433978
0.467328
0.470038
0.474622
0.455424
0.433267
0.450510
0.445697
0.454596
0.443085
0.427601
0.451035
0.453017
0.454923
0.458596
0.450698
0.446679
0.453332
0.437182
0.426629
0.445647
0.463203
0.450484
0.454729
0.431773
0.438235
0.439031
0.438227
0.444327
0.444985
0.442888
0.432323
0.447404
0.456511
0.458491
0.454799
0.450031
0.451203
0.448871
0.449698
0.447148
0.392153
0.403342
0.424406
0.433988
0.413103
0.429859
0.433460
0.433307
0.426712
0.427238
0.475166
0.465496
0.454278
0.459969
0.465889
0.334492
0.384647
0.431841
0.415891
0.390093
0.405170
0.419379
0.424276
0.399627
0.389044
0.403335
0.402135
0.346618
0.390759
0.421170
0.416720
0.406187
0.336554
0.338481
0.352974
0.419487
0.347113
0.317828
0.393724
0.417378
0.425190
0.432786
0.382722
0.327694
0.393227
0.417603
0.417431
0.381294
0.412637
0.413168
0.413260
0.386121
0.347030
0.333536
0.385881
0.371416
0.416201
0.431319
0.430897
0.357509
0.373870
0.383531
0.403531
0.377538
0.374685
0.403685
0.380599
0.325342
0.406577
0.454989
0.462380
0.458679
0.454377
0.459537
0.328744
0.387654
0.460597
0.477836
0.476076
0.457663
0.469748
0.444414
0.400180
0.441800
0.435707
0.403012
0.430767
0.435935
0.442950
0.419482
0.378223
0.415590
0.409275
0.371499
0.432569
0.449565
0.432724
0.458823
0.458271
0.455941
0.441901
0.453495
0.465653
0.436269
0.396141
0.417358
0.385369
0.431559
0.374215
0.419230
0.439596
0.394931
0.450963
0.449211
0.447207
0.460881
0.436552
0.297776
0.303651
0.292913
0.304950
0.269705
0.283219
0.280318
0.274585
0.278175
0.292595
0.281381
0.297030
0.300738
0.316781
0.301767
0.294532
0.301168
0.282758
0.289637
0.291162
0.269977
0.267235
0.274114
0.264843
0.298797
0.274978
0.270654
0.272400
0.307608
0.304353
0.284692
0.283513
0.284581
0.274657
0.270008
0.270891
0.277331
0.269261
0.312096
0.342740
0.338167
0.313534
0.330981
0.322219
0.352949
0.313979
0.326606
0.326924
0.321466
0.301174
0.276108
0.290217
0.308362
0.324186
0.316029
0.293298
0.311928
0.348524
0.382123
0.365118
0.372033
0.378063
0.394435
0.388171
0.369638
0.384837
0.354535
0.373965
0.381290
0.384543
0.371348
0.403602
0.367562
0.402452
0.392700
0.379181
0.365690
0.345064
0.309844
0.327982
0.341408
0.325762
0.342276
0.362641
0.342658
0.300714
0.317498
0.321336
0.330054
0.340595
0.329072
0.334554
0.347552
0.339830
0.341237
0.349425
0.351729
0.359719
0.368727
0.356668
0.322606
0.328978
0.303309
0.296260
0.271630
0.283996
0.271238
0.312496
0.324739
0.317526
0.323168
0.325021
0.315875
0.288476
0.292906
0.306093
0.310301
0.269914
0.299003
0.280102
0.291606
0.287797
0.324573
0.412808
0.387405
0.377023
0.364031
0.372336
0.358361
0.336394
0.374438
0.361145
0.358021
0.338250
0.352953
0.323863
0.350173
0.347895
0.352350
0.319386
0.348945
0.298146
0.288379
0.303998
0.291302
0.279030
0.303619
0.347428
0.347168
0.413874
0.419630
0.426441
0.427584
0.424218
0.439771
0.421461
0.429661
0.405810
0.382570
0.358570
0.400788
0.376983
0.353151
0.366864
0.388359
0.381846
0.392409
0.334551
0.330890
0.331909
0.324254
0.313584
0.328821
0.345712
0.335790
0.332455
0.325403
0.322879
0.294791
0.290474
0.290372
0.277431
0.271602
0.275143
0.286912
0.293163
0.295917
0.291902
0.294561
0.310964
0.317924
0.396630
0.411490
0.407447
0.401338
0.428585
0.436187
0.415086
0.428378
0.407503
0.407108
0.289863
0.304107
0.345875
0.299071
0.274132
0.276633
0.277090
0.289806
0.306014
0.317493
0.315555
0.284716
0.286548
0.287765
0.277665
0.275894
0.279121
0.272617
0.274609
0.285779
0.306925
0.308416
0.315549
0.310753
0.315899
0.315704
0.326104
0.310870
0.323002
0.325406
0.328349
0.317728
0.310441
0.323673
0.312340
0.327367
0.340713
0.359742
0.333150
0.336747
0.342373
0.331300
0.323000
0.325647
0.322423
0.325509
0.313710
0.325927
0.321795
0.314630
0.331354
0.324065
0.322642
0.328405
0.358740
0.315572
0.370943
0.330995
0.299918
0.342943
0.375502
0.381328
0.370373
0.361770
0.371445
0.347122
0.358902
0.376592
0.316261
0.327136
0.302094
0.318791
0.288080
0.297966
0.328349
0.307162
0.293355
0.283525
0.293869
0.311908
0.285469
0.278831
0.293132
0.303006
0.331124
0.331188
0.371397
0.313335
0.375499
0.330675
0.315420
0.361511
0.337349
0.324914
0.336266
0.321730
0.326137
0.368998
0.394543
0.409757
0.368769
0.352238
0.409811
0.412262
0.417489
0.386683
0.355706
0.351178
0.354248
0.372966
0.322295
0.337119
0.388034
0.401373
0.364903
0.312959
0.316077
0.309577
0.315826
0.337268
0.326238
0.333457
0.346219
0.388428
0.395532
0.402599
0.409516
0.415598
0.420929
0.473923
0.459882
0.469110
0.475933
0.474546
0.476893
0.450630
0.436671
0.463625
0.338616
0.355200
0.345809
0.327996
0.332714
0.332839
0.326303
0.323869
0.326094
0.319246
0.309257
0.326909
0.334488
0.334121
0.332251
0.332230
0.330893
0.321511
0.326896
0.334568
0.311695
0.343698
0.325718
0.368266
0.370695
0.386451
0.371034
0.397932
0.388804
0.383325
0.373834
0.399017
0.357651
0.403959
0.405119
0.354927
0.410004
0.408846
0.422288
0.384347
0.359631
0.354076
0.333495
0.342769
0.321336
0.325064
0.323143
0.322613
0.311192
0.297395
0.286958
0.276468
0.320112
0.302819
0.424942
0.432548
0.401538
0.426193
0.394768
0.424319
0.415941
0.435644
0.436885
0.448858
0.466795
0.458159
0.427884
0.438223
0.441960
0.453830
0.440741
0.429729
0.431805
0.467639
0.465587
0.443104
0.456008
0.458949
0.436736
0.458945
0.429631
0.467283
0.439492
0.463685
0.465295
0.470126
0.446944
0.466683
0.450039
0.450543
0.459184
0.443709
0.417208
0.378988
0.403529
0.437329
0.398371
0.422380
0.445893
0.420529
0.366801
0.394077
0.437157
0.383911
0.437502
0.376626
0.396885
0.402268
0.319774
0.339002
0.347039
0.350092
0.406167
0.414333
0.393208
0.363827
0.365671
0.362496
0.328591
0.321107
0.368741
0.395170
0.366937
0.344110
0.345176
0.365373
0.399221
0.320322
0.316514
0.314204
0.324470
0.314951
0.311741
0.318698
0.301865
0.306415
0.303638
0.294630
0.295542
0.289491
0.334719
0.335627
0.333190
0.335298
0.363547
0.349075
0.376699
0.359653
0.386252
0.382685
0.344295
0.322072
0.312660
0.316360
0.327703
0.365054
0.323576
0.309189
0.303031
0.315632
0.309089
0.299080
0.312613
0.321780
0.317492
0.316024
0.313946
0.297509
0.307108
0.320108
0.337795
0.337337
0.351666
0.324173
0.368839
0.389421
0.371825
0.367507
0.313556
0.296471
0.286964
0.281770
0.296560
0.277408
0.272307
0.270167
0.265670
0.280758
0.303560
0.286684
0.298326
0.322096
0.313566
0.318240
0.311147
0.298481
0.298534
0.277587
0.276894
0.342033
0.367945
0.341538
0.361941
0.395450
0.383799
0.382856
0.353625
0.321761
0.316648
0.327600
0.333742
0.320284
0.331241
0.335295
0.334907
0.344852
0.363279
0.363413
0.443369
0.444742
0.436662
0.431374
0.390872
0.398410
0.369919
0.383170
0.409279
0.406004
0.402155
0.397703
0.363968
0.348460
0.372526
0.338448
0.380560
0.344588
0.342048
0.330031
0.299591
0.296899
0.319212
0.309245
0.304926
0.290011
0.309623
0.276484
0.299333
0.319135
0.305113
0.293500
0.297351
0.306475
0.299292
0.304156
0.373580
0.375547
0.399660
0.337500
0.359821
0.374961
0.387641
0.397701
0.421433
0.450635
0.471700
0.470910
0.479110
0.477968
0.477599
0.469674
0.467248
0.426150
0.430210
0.430446
0.412349
0.421716
0.411348
0.419234
0.405243
0.415203
0.418464
0.416580
0.438249
0.418619
0.423443
0.430452
0.432097
0.448319
0.454995
0.451305
0.427447
0.432933
0.408075
0.423004
0.436184
0.425567
0.413778
0.376247
0.283294
0.291394
0.277710
0.282797
0.271299
0.272133
0.274542
0.287525
0.269043
0.262445
0.279222
0.290174
0.270926
0.268948
0.273294
0.273814
0.272357
0.268148
0.265359
0.266747
0.263411
0.262652
0.288550
0.268519
0.295176
0.272204
0.271718
0.273397
0.274377
0.276525
0.276507
0.272368
0.273800
0.281201
0.280440
0.363095
0.367882
0.335643
0.362891
0.342972
0.333954
0.346744
0.336316
0.325256
0.307851
0.362254
0.323911
0.289651
0.284679
0.283372
0.290402
0.276163
0.268705
0.252953
0.257516
0.253808
0.262723
0.263494
0.287576
0.280685
0.276137
0.279773
0.282177
0.280432
0.265887
0.261339
0.271862
0.257234
0.261488
0.266415
0.264003
0.271387
0.277752
0.282796
0.281053
0.282599
0.274207
0.284013
0.274245
0.285901
0.272310
0.288306
0.272626
0.294049
0.267161
0.268854
0.275768
0.267383
0.272466
0.263876
0.285739
0.276142
0.289882
0.378343
0.377598
0.397971
0.380065
0.412006
0.373455
0.404215
0.359387
0.375942
0.366776
0.373032
0.270255
0.296564
0.262344
0.284013
0.282973
0.273271
0.267426
0.275230
0.276862
0.257202
0.258246
0.285384
0.309690
0.302846
0.331742
0.328710
0.347975
0.350506
0.336280
0.328698
0.319869
0.297612
0.315267
0.318020
0.349264
0.315024
0.351357
0.318022
0.352331
0.318671
0.297482
0.314721
0.325693
0.314057
0.316437
0.317925
0.314655
0.285600
0.299309
0.284943
0.296375
0.261929
0.258290
0.252021
0.254066
0.254737
0.248391
0.254437
0.250465
0.260910
0.261731
0.264304
0.266794
0.273133
0.273623
0.265819
0.276205
0.287278
0.272974
0.281702
0.275217
0.290611
0.291886
0.291835
0.272802
0.254925
0.274782
0.264095
0.266784
0.268290
0.261339
0.274728
0.313936
0.305297
0.322898
0.306283
0.327150
0.331431
0.323902
0.324312
0.285127
0.299660
0.325253
0.284483
0.280240
0.289856
0.322221
0.302601
0.306506
0.314530
0.300620
0.308716
0.325736
0.291477
0.312725
0.329109
0.336879
0.343959
0.382685
0.366150
0.371561
0.394034
0.390228
0.376677
0.361254
0.315101
0.310134
0.326644
0.315414
0.322761
0.311897
0.321136
0.344014
0.300847
0.315542
0.327300
0.291391
0.295676
0.274023
0.288158
0.287733
0.250500
0.251901
0.246652
0.251950
0.310726
0.271256
0.255564
0.253977
0.247188
0.258544
0.255398
0.257935
0.248971
0.254181
0.246443
0.243783
0.239708
0.243537
0.257782
0.245763
0.251095
0.256076
0.236626
0.244479
0.250191
0.258348
0.292146
0.301083
0.307245
0.259697
0.285227
0.256664
0.280354
0.270216
0.263471
0.303100
0.284932
0.295146
0.312024
0.276878
0.284460
0.294746
0.293742
0.313711
0.316020
0.301929
0.304125
0.304696
0.306200
0.295503
0.300424
0.284719
0.280786
0.302698
0.310412
0.287316
0.281433
0.274161
0.289352
0.286871
0.295775
0.269455
0.276150
0.269417
0.267693
0.268748
0.282785
0.265706
0.272621
0.279955
0.278815
0.265376
0.271241
0.274526
0.274606
0.291170
0.303955
0.282204
0.271625
0.272366
0.275704
0.354915
0.342775
0.311361
0.301269
0.287611
0.327772
0.297246
0.298872
0.288454
0.283585
0.321392
0.286717
0.269901
0.318152
0.271461
0.281350
0.277373
0.302934
0.311875
0.320939
0.303585
0.279494
0.295970
0.275228
0.283368
0.371785
0.359636
0.375950
0.331631
0.348614
0.351957
0.353889
0.369212
0.365003
0.374873
0.353042
0.318172
0.347087
0.382805
0.362077
0.348117
0.348143
0.317197
0.329424
0.347676
0.334006
0.393314
0.373384
0.337921
0.390110
0.346511
0.338892
0.300110
0.307124
0.339178
0.337563
0.338839
0.325297
0.294174
0.328716
0.322132
0.323744
0.329581
0.320995
0.328114
0.311598
0.301992
0.294499
0.356742
0.357116
0.358954
0.369945
0.353601
0.363680
0.362029
0.359558
0.356537
0.377517
0.360924
0.357614
0.315206
0.381796
0.384647
0.349188
0.391911
0.432942
0.429733
0.452652
0.443243
0.422850
0.400924
0.407950
0.433423
0.398380
0.411622
0.396269
0.389657
0.419786
0.408339
0.390693
0.436432
0.434050
0.429215
0.417263
0.412554
0.412844
0.350540
0.350818
0.390966
0.364745
0.324802
0.380357
0.360802
0.372261
0.378858
0.391493
0.400351
0.414001
0.397767
0.397091
0.370707
0.392526
0.436795
0.415243
0.422557
0.430279
0.415176
0.416278
0.327086
0.292543
0.282846
0.278112
0.292145
0.301030
0.294560
0.315319
0.345762
0.273642
0.262074
0.298112
0.373192
0.299258
0.440102
0.442177
0.450515
0.467848
0.450699
0.436951
0.424690
0.417462
0.419598
0.329378
0.349740
0.406720
0.424714
0.402299
0.440718
0.445703
0.472490
0.466107
0.462754
0.433884
0.406949
0.412688
0.419133
0.451735
0.417670
0.448415
0.409077
0.435554
0.450466
0.416593
0.404177
0.385013
0.379894
0.414261
0.357700
0.377711
0.361458
0.388520
0.352956
0.321131
0.347407
0.307609
0.327111
0.325525
0.284824
0.329944
0.301060
0.321251
0.287548
0.306488
0.319371
0.309487
0.338964
0.348996
0.315308
0.317591
0.341267
0.321175
0.324439
0.368015
0.374213
0.356763
0.395228
0.427559
0.396073
0.431228
0.393891
0.401939
0.420980
0.446027
0.450385
0.449620
0.462821
0.462330
0.458830
0.452451
0.463739
0.456332
0.413829
0.452191
0.425839
0.469160
0.465069
0.472490
0.468485
0.458106
0.474003
0.472810
0.475302
0.473999
0.475145
0.467089
0.434780
0.450794
0.417792
0.389452
0.449338
0.449481
0.445860
0.450771
0.453476
0.439350
0.441345
0.434501
0.455367
0.450464
0.447231
0.434746
0.440400
0.444250
0.454626
0.443794
0.375982
0.412116
0.408055
0.403811
0.369633
0.418429
0.379575
0.378216
0.370028
0.393010
0.395998
0.423841
0.403144
0.360601
0.334153
0.337863
0.361851
0.404715
0.332494
0.308586
0.380704
0.433749
0.437936
0.444849
0.444280
0.466998
0.455519
0.461210
0.465946
0.448781
0.468335
0.440803
0.459386
0.432895
0.426848
0.395965
0.425310
0.422607
0.426298
0.433325
0.432210
0.439292
0.444573
0.426214
0.452078
0.411753
0.402259
0.401040
0.378519
0.351248
0.360385
0.381428
0.379356
0.360809
0.340851
0.372733
0.330750
0.343546
0.437588
0.417305
0.426898
0.447089
0.422783
0.429417
0.423562
0.417387
0.426601
0.430455
0.431759
0.443188
0.450231
0.465202
0.442331
0.437957
0.441630
0.426681
0.440193
0.441231
0.447499
0.443887
0.447848
0.442492
0.433621
0.431053
0.434913
0.435704
0.437752
0.428210
0.438967
0.438705
0.449590
0.454499
0.439904
0.443010
0.439407
0.422062
0.442473
0.451022
0.446883
0.457469
0.458151
0.452137
0.430952
0.451273
0.449927
0.444244
0.451181
0.417234
0.431522
0.435596
0.415799
0.413520
0.336352
0.331697
0.367060
0.346188
0.386872
0.402190
0.406603
0.343489
0.334175
0.376729
0.331964
0.365233
0.349208
0.375926
0.355632
0.379071
0.396986
0.369000
0.424368
0.327702
0.344679
0.333213
0.308530
0.305842
0.303701
0.341973
0.327377
0.338164
0.317728
0.328740
0.347461
0.339302
0.360584
0.360418
0.357919
0.348015
0.332622
0.354894
0.332754
0.345519
0.301742
0.320749
0.320396
0.323707
0.299053
0.236154
0.333972
0.278575
0.214557
0.295820
0.391154
0.369335
0.317069
0.314188
0.288756
0.252980
0.267947
0.209625
0.254919
0.165227
0.166079
0.170914
0.153916
0.152283
0.152856
0.150983
0.151819
0.156566
0.148390
0.147116
0.227301
0.276208
0.195028
0.164989
0.156955
0.218771
0.280295
0.225480
0.386570
0.420726
0.388575
0.421176
0.362888
0.333166
0.345021
0.360478
0.409537
0.381760
0.416766
0.421780
0.444495
0.427347
0.415941
0.383275
0.388130
0.391055
0.381440
0.371439
0.360966
0.377590
0.350647
0.331901
0.332407
0.351063
0.331443
0.383511
0.372460
0.362688
0.342138
0.320099
0.348010
0.363280
0.425430
0.430238
0.403743
0.399284
0.407760
0.386582
0.344806
0.374569
0.359831
0.402075
0.328725
0.241358
0.440811
0.395233
0.392944
0.352880
0.250178
0.286617
0.160512
0.160822
0.145320
0.141165
0.148846
0.169031
0.158904
0.161092
0.146531
0.120137
0.130060
0.148487
0.225503
0.127786
0.194095
0.196210
0.158017
0.118896
0.118129
0.115644
0.193690
0.164642
0.188354
0.373695
0.355272
0.364866
0.300949
0.313381
0.283644
0.262879
0.259596
0.265231
0.214590
0.197047
0.242727
0.197271
0.243405
0.346712
0.367827
0.315007
0.304689
0.283506
0.271126
0.337290
0.236188
0.193627
0.227995
0.210914
0.218265
0.375424
0.386735
0.359301
0.355190
0.312870
0.289027
0.361101
0.354740
0.271646
0.244605
0.229587
0.224955
0.174801
0.160430
0.166092
0.154605
0.146801
0.158770
0.222010
0.164210
0.241727
0.171687
0.241402
0.173146
0.205428
0.182392
0.175118
0.159345
0.155670
0.159801
0.161386
0.163166
0.155318
0.163732
0.163104
0.155392
0.218642
0.150227
0.150356
0.225855
0.157962
0.158649
0.157922
0.182240
0.165923
0.175754
0.154726
0.165752
0.279327
0.314046
0.330548
0.329161
0.382229
0.327610
0.293654
0.320457
0.305028
0.373322
0.323139
0.275922
0.281458
0.335221
0.367315
0.376195
0.358329
0.321307
0.371248
0.331901
0.295006
0.224364
0.290318
0.358159
0.370222
0.359795
0.414480
0.378930
0.274418
0.283862
0.351324
0.294842
0.335918
0.211088
0.169194
0.200605
0.158046
0.151621
0.167442
0.155075
0.183479
0.160068
0.156882
0.152564
0.152859
0.156267
0.162131
0.159014
0.160007
0.171484
0.162684
0.169298
0.169931
0.182895
0.186033
0.187622
0.232694
0.238972
0.199003
0.211418
0.162995
0.209008
0.391449
0.378428
0.413306
0.420874
0.399665
0.401712
0.399103
0.396336
0.412166
0.399728
0.407808
0.410989
0.410736
0.385138
0.393235
0.377212
0.380162
0.398684
0.381261
0.429140
0.401739
0.403226
0.404083
0.379493
0.375796
0.379864
0.342846
0.341822
0.353808
0.358212
0.363440
0.340214
0.340142
0.371759
0.369511
0.338224
0.410822
0.425718
0.407635
0.411533
0.452565
0.448892
0.449278
0.431035
0.425955
0.428264
0.411005
0.421251
0.434932
0.448088
0.442630
0.445615
0.405981
0.448591
0.443013
0.433417
0.423528
0.408724
0.397802
0.442254
0.418373
0.424609
0.434211
0.409508
0.389089
0.414261
0.419771
0.424806
0.439857
0.441369
0.437980
0.446495
0.408052
0.392739
0.457248
0.452077
0.456679
0.447264
0.449088
0.452492
0.453975
0.451053
0.451749
0.441032
0.447403
0.454036
0.438287
0.442095
0.436613
0.425825
0.426459
0.402982
0.434153
0.434932
0.430052
0.433303
0.426259
0.432200
0.394511
0.410294
0.404970
0.404809
0.425524
0.437959
0.419593
0.431457
0.453920
0.451234
0.453332
0.451034
0.453831
0.442825
0.444908
0.451694
0.455389
0.442381
0.440676
0.440361
0.434210
0.428376
0.405745
0.423626
0.433822
0.432058
0.437103
0.437636
0.429708
0.430263
0.435947
0.435578
0.442422
0.439741
0.418402
0.434830
0.445612
0.449306
0.438664
0.426467
0.428362
0.421531
0.418840
0.392022
0.406815
0.427888
0.425027
0.429559
0.424755
0.441452
0.426985
0.425256
0.442480
0.438507
0.452080
0.459302
0.474782
0.476748
0.480111
0.469645
0.471630
0.475699
0.466050
0.342089
0.313222
0.424536
0.432324
0.448708
0.422307
0.346446
0.381148
0.346739
0.395125
0.321476
0.356888
0.330767
0.341567
0.424802
0.407074
0.427116
0.375453
0.397367
0.418662
0.390820
0.383416
0.419679
0.409566
0.406687
0.380231
0.367405
0.374651
0.350940
0.386446
0.379824
0.345721
0.327972
0.353798
0.361135
0.362106
0.390184
0.389031
0.371366
0.408932
0.420884
0.421889
0.422604
0.422823
0.431028
0.413469
0.441972
0.438505
0.439064
0.434847
0.368648
0.355256
0.327423
0.333433
0.300863
0.306934
0.331228
0.307609
0.339441
0.356354
0.348259
0.342643
0.360676
0.353952
0.367678
0.366306
0.375096
0.365248
0.344999
0.323211
0.317201
0.326722
0.334937
0.337636
0.309508
0.331557
0.319765
0.347784
0.351128
0.360503
0.333323
0.345256
0.331006
0.343491
0.323991
0.366192
0.367153
0.371232
0.359393
0.376570
0.367035
0.405367
0.403123
0.358584
0.300693
0.298235
0.323946
0.285910
0.312563
0.318942
0.292103
0.299521
0.329316
0.337892
0.337877
0.353599
0.338896
0.321003
0.300440
0.335257
0.332585
0.335750
0.347948
0.365316
0.328850
0.366918
0.389498
0.388727
0.373879
0.395921
0.379591
0.376433
0.392953
0.342385
0.332980
0.312371
0.321336
0.325681
0.329597
0.317794
0.325998
0.326120
0.324414
0.328933
0.328640
0.379398
0.373556
0.424586
0.425711
0.428178
0.448819
0.362751
0.335620
0.352880
0.328141
0.368851
0.336732
0.314084
0.325901
0.345491
0.325518
0.348678
0.336790
0.319277
0.320501
0.314878
0.314170
0.319076
0.328377
0.299724
0.306934
0.290609
0.295872
0.340756
0.293415
0.326044
0.323710
0.329832
0.311782
0.346168
0.336512
0.334039
0.313291
0.313701
0.325146
0.318144
0.362831
0.320034
0.346210
0.335814
0.343359
0.349589
0.370862
0.356993
0.333168
0.300090
0.296958
0.293467
0.299896
0.312225
0.297541
0.293675
0.302800
0.321220
0.301789
0.306869
0.331289
0.316710
0.302696
0.320873
0.314277
0.326190
0.421868
0.335534
0.459773
0.403754
0.460684
0.461755
0.440567
0.465409
0.435031
0.354408
0.394597
0.386801
0.420239
0.431995
0.424262
0.430633
0.349977
0.343972
0.342342
0.327717
0.325698
0.313462
0.309241
0.319363
0.328152
0.334067
0.345574
0.331684
0.293944
0.302074
0.292725
0.293453
0.305573
0.296384
0.306077
0.310916
0.332281
0.358217
0.319930
0.341434
0.305260
0.303285
0.316117
0.318448
0.285035
0.307834
0.292607
0.286334
0.306411
0.359991
0.327836
0.346888
0.396968
0.347402
0.342145
0.337414
0.315318
0.344643
0.339865
0.339536
0.322136
0.314670
0.301433
0.321611
0.350154
0.310539
0.309365
0.295734
0.309393
0.331106
0.312517
0.350864
0.358913
0.341477
0.360703
0.353262
0.351799
0.328688
0.348773
0.335098
0.333632
0.335295
0.346437
0.389214
0.432655
0.371512
0.414541
0.429643
0.431853
0.416038
0.425017
0.446754
0.442071
0.441556
0.451763
0.419746
0.437921
0.440197
0.445674
0.461734
0.458985
0.460981
0.462171
0.438479
0.458647
0.467795
0.469407
0.471073
0.477892
0.473656
0.475696
0.473180
0.475003
0.454091
0.459620
0.462745
0.452781
0.458568
0.420778
0.335512
0.329866
0.361168
0.334725
0.333793
0.347352
0.361121
0.348544
0.352964
0.356506
0.376077
0.376895
0.380434
0.372898
0.382749
0.363813
0.360520
0.373481
0.335334
0.332931
0.354039
0.339516
0.349394
0.334982
0.333234
0.328015
0.349479
0.354279
0.372684
0.372597
0.367784
0.380850
0.368461
0.377877
0.380994
0.356219
0.358336
0.362802
0.365999
0.362480
0.337201
0.360138
0.342266
0.321544
0.357938
0.363465
0.376973
0.377306
0.362206
0.381196
0.371475
0.373989
0.382887
0.361619
0.361026
0.336103
0.348623
0.387535
0.364882
0.377350
0.353199
0.328903
0.364057
0.363115
0.349601
0.345972
0.359471
0.357010
0.350233
0.358559
0.363449
0.367978
0.370660
0.363347
0.321935
0.335313
0.335880
0.357745
0.319356
0.347350
0.309873
0.292566
0.320988
0.327587
0.322023
0.332349
0.324793
0.321696
0.327436
0.359380
0.342226
0.359113
0.348132
0.359034
0.335510
0.358991
0.321383
0.301849
0.329145
0.343775
0.292760
0.311867
0.318145
0.288968
0.283043
0.273370
0.274718
0.274247
0.274147
0.278579
0.286993
0.282906
0.288553
0.293637
0.292953
0.298936
0.287263
0.297922
0.350949
0.329862
0.349343
0.350012
0.357441
0.362735
0.343502
0.339334
0.335619
0.331632
0.350399
0.344390
0.363285
0.361001
0.322878
0.363997
0.332668
0.356629
0.359501
0.355756
0.354693
0.342593
0.353235
0.335031
0.353164
0.318489
0.336412
0.327900
0.346128
0.363147
0.357741
0.353671
0.353149
0.359627
0.353114
0.357457
0.332364
0.341090
0.345688
0.339626
0.326495
0.363828
0.336666
0.344868
0.334372
0.347597
0.347144
0.336670
0.340761
0.339680
0.307603
0.313117
0.349733
0.337796
0.327692
0.332567
0.346520
0.327785
0.326894
0.326423
0.320511
0.322790
0.313070
0.330576
0.333418
0.345676
0.347771
0.351548
0.356826
0.342089
0.340276
0.367594
0.359312
0.362811
0.377280
0.379706
0.351402
0.347433
0.342258
0.337164
0.333389
0.346714
0.346323
0.330570
0.351082
0.326384
0.356881
0.336936
0.358874
0.369859
0.341481
0.368580
0.348512
0.368638
0.354447
0.372128
0.366210
0.364431
0.339773
0.342263
0.345395
0.359248
0.392428
0.401786
0.381439
0.347234
0.361914
0.342560
0.358106
0.344336
0.340544
0.352985
0.379463
0.378840
0.382850
0.384819
0.381202
0.389061
0.382286
0.353893
0.362957
0.328039
0.332403
0.372311
0.367222
0.382352
0.361803
0.328370
0.318817
0.369715
0.339523
0.368920
0.351213
0.366053
0.353194
0.353491
0.357636
0.356869
0.368321
0.353560
0.351532
0.336873
0.352392
0.372581
0.350042
0.303674
0.294892
0.292768
0.299646
0.301571
0.332304
0.339809
0.309408
0.339628
0.333173
0.324990
0.360590
0.362775
0.329949
0.375112
0.376558
0.363204
0.378475
0.341419
0.358537
0.335159
0.362916
0.353591
0.333682
0.310958
0.344578
0.295642
0.282640
0.289464
0.299055
0.304949
0.301295
0.290385
0.302153
0.289665
0.280051
0.313816
0.291417
0.293205
0.275258
0.283850
0.310800
0.291538
0.300365
0.281964
0.295617
0.300352
0.291438
0.279386
0.286889
0.290791
0.305993
0.292694
0.315612
0.309238
0.321985
0.304174
0.302547
0.283979
0.280024
0.283062
0.294922
0.299371
0.294353
0.280439
0.293361
0.296511
0.295233
0.299609
0.322033
0.292571
0.290939
0.275502
0.286557
0.320235
0.326784
0.329825
0.317976
0.310641
0.311517
0.303293
0.292151
0.313835
0.307128
0.309441
0.330165
0.301402
0.317080
0.283267
0.278002
0.271449
0.269415
0.270790
0.268395
0.274010
0.275199
0.284204
0.274020
0.275472
0.273090
0.273863
0.270948
0.275390
0.273060
0.276321
0.279942
0.282488
0.275840
0.281264
0.274904
0.275728
0.282641
0.291573
0.290643
0.294196
0.293212
0.290952
0.281387
0.288599
0.285139
0.293708
0.305202
0.287892
0.280652
0.278109
0.291533
0.285431
0.280316
0.293987
0.296873
0.300711
0.324074
0.329329
0.319828
0.326159
0.313545
0.288228
0.316390
0.337439
0.318248
0.306993
0.305141
0.324375
0.322113
0.312156
0.310075
0.295825
0.306787
0.322539
0.317547
0.316364
0.333897
0.318107
0.339221
0.349465
0.340073
0.324754
0.332749
0.364740
0.360941
0.371430
0.355653
0.372077
0.366040
0.358043
0.342297
0.359050
0.353496
0.351431
0.341928
0.361481
0.362849
0.363029
0.360917
0.357077
0.359348
0.358026
0.365335
0.359837
0.368971
0.345832
0.353603
0.377632
0.352938
0.370349
0.334684
0.373564
0.366661
0.363223
0.362272
0.359949
0.375173
0.353038
0.359886
0.349105
0.383337
0.364533
0.364437
0.367827
0.359341
0.354599
0.363232
0.357227
0.357468
0.359257
0.347378
0.365996
0.349238
0.332432
0.303450
0.326148
0.333563
0.325661
0.312245
0.343245
0.321868
0.329345
0.323038
0.330457
0.341658
0.313130
0.311217
0.302163
0.288216
0.288556
0.273176
0.273545
0.277616
0.286613
0.270504
0.286466
0.285028
0.293538
0.293123
0.294975
0.297714
0.283881
0.309310
0.298312
0.292918
0.281628
0.290935
0.282017
0.278871
0.282785
0.274398
0.296839
0.272786
0.304223
0.274626
0.302123
0.278363
0.293848
0.294943
0.298062
0.302052
0.295816
0.289714
0.265570
0.284315
0.268239
0.272153
0.283267
0.287653
0.321073
0.329450
0.335388
0.322744
0.319407
0.317605
0.274484
0.291422
0.267209
0.267511
0.283048
0.288124
0.365120
0.367898
0.359726
0.407854
0.394684
0.393511
0.386487
0.391114
0.421613
0.412903
0.439208
0.409317
0.413802
0.430278
0.422149
0.427807
0.456928
0.444075
0.442203
0.452213
0.434678
0.470038
0.459774
0.447713
0.431813
0.396673
0.404418
0.426928
0.433489
0.427753
0.423443
0.429434
0.423006
0.422025
0.391066
0.399531
0.403627
0.425873
0.427420
0.432607
0.439770
0.439288
0.402945
0.422442
0.421159
0.413533
0.424312
0.417031
0.438834
0.417706
0.399189
0.401649
0.426562
0.439389
0.431308
0.406420
0.422951
0.423513
0.423662
0.434916
0.442945
0.433873
0.453263
0.450184
0.454733
0.448259
0.443610
0.429033
0.414239
0.439225
0.439237
0.459040
0.455743
0.458273
0.452434
0.428409
0.447143
0.457741
0.436786
0.453809
0.470859
0.452917
0.437326
0.444561
0.437451
0.456468
0.407194
0.432828
0.402790
0.448449
0.421229
0.438994
0.426978
0.425926
0.441974
0.446500
0.439407
0.448161
0.450075
0.458612
0.463733
0.471328
0.438238
0.442074
0.448816
0.441284
0.434597
0.430842
0.338280
0.352100
0.346750
0.355332
0.331682
0.335060
0.326751
0.328004
0.330036
0.333401
0.338885
0.336691
0.325010
0.337845
0.351584
0.335211
0.327491
0.332280
0.344938
0.351813
0.335139
0.329507
0.334657
0.328352
0.346759
0.331289
0.351988
0.374012
0.360148
0.367545
0.362695
0.434134
0.424358
0.424774
0.385763
0.423303
0.444379
0.401741
0.389737
0.385047
0.376968
0.384690
0.381826
0.399251
0.405153
0.394538
0.398275
0.382086
0.395341
0.394974
0.372448
0.388946
0.375202
0.385271
0.368721
0.401495
0.386211
0.375114
0.372351
0.413991
0.413438
0.378478
0.403013
0.423168
0.408758
0.371052
0.368869
0.383145
0.363945
0.360878
0.344269
0.373145
0.368754
0.376709
0.386898
0.361332
0.381517
0.415713
0.382734
0.405097
0.362603
0.390873
0.400312
0.417632
0.401746
0.408704
0.426962
0.426286
0.424341
0.418858
0.390843
0.389961
0.425524
0.414474
0.361478
0.370420
0.388926
0.369364
0.405912
0.388829
0.409551
0.384852
0.406244
0.420569
0.419327
0.403074
0.360722
0.423158
0.337991
0.352206
0.353052
0.348540
0.359674
0.344497
0.358682
0.354070
0.376101
0.359284
0.367779
0.346360
0.349183
0.355944
0.342940
0.351664
0.341277
0.334991
0.332754
0.343082
0.353095
0.348657
0.345342
0.349574
0.349533
0.339494
0.335482
0.347526
0.330153
0.328829
0.342054
0.327734
0.329673
0.328021
0.349188
0.361144
0.354265
0.362058
0.357778
0.372033
0.344203
0.336917
0.333878
0.350704
0.333370
0.326173
0.319072
0.333395
0.331513
0.320932
0.130290
0.136412
0.113723
0.117386
0.107941
0.106066
0.107274
0.107881
0.109806
0.108803
0.109245
0.111320
0.109774
0.110462
0.111410
0.114867
0.120585
0.117782
0.122543
0.118587
0.120115
0.127176
0.117357
0.110393
0.136276
0.134158
0.138799
0.127180
0.129704
0.113875
0.118669
0.120536
0.126505
0.130019
0.129883
0.127316
0.124519
0.124706
0.123361
0.119019
0.114093
0.119288
0.125965
0.125073
0.125693
0.125003
0.127281
0.128131
0.129383
0.127502
0.124953
0.125974
0.129978
0.126411
0.142499
0.124581
0.121280
0.125466
0.139269
0.134413
0.147722
0.146658
0.146401
0.147922
0.146237
0.142781
0.146197
0.133790
0.142801
0.147954
0.134493
0.139884
0.128662
0.126362
0.135325
0.135931
0.139649
0.135148
0.177193
0.198835
0.176940
0.177224
0.198634
0.177600
0.183048
0.179248
0.181812
0.180722
0.181173
0.178453
0.172624
0.184167
0.173397
0.114720
0.113364
0.111964
0.113974
0.152133
0.124285
0.153848
0.130305
0.141663
0.145570
0.144553
0.144233
0.154338
0.150011
0.177741
0.199262
0.181848
0.191354
0.228660
0.204220
0.191180
0.186548
0.170250
0.197438
0.180928
0.161707
0.155986
0.187410
0.188851
0.271773
0.250414
0.253390
0.270032
0.250127
0.237828
0.214515
0.221242
0.222542
0.222459
0.196639
0.201274
0.197749
0.203533
0.203604
0.201428
0.219862
0.206037
0.221179
0.205583
0.194503
0.193236
0.192705
0.197575
0.198287
0.193209
0.215711
0.201688
0.204035
0.227978
0.197994
0.195514
0.200852
0.222062
0.217216
0.220878
0.219809
0.217455
0.223412
0.216182
0.230911
0.245595
0.224595
0.223639
0.250973
0.238635
0.238423
0.220166
0.210120
0.203650
0.202340
0.198140
0.209469
0.231523
0.208953
0.262305
0.235134
0.228678
0.218363
0.209450
0.195320
0.231348
0.255673
0.245673
0.258006
0.277226
0.266478
0.276136
0.265119
0.290078
0.293877
0.287672
0.284864
0.284963
0.303780
0.139126
0.129395
0.114892
0.110026
0.099880
0.099231
0.109340
0.101325
0.098011
0.096007
0.095612
0.097404
0.084888
0.090487
0.088568
0.077382
0.097441
0.090865
0.081387
0.074103
0.084259
0.100606
0.095638
0.087362
0.084660
0.079028
0.071101
0.076333
0.066904
0.063888
0.063217
0.060711
0.066704
0.064203
0.060416
0.059228
0.062483
0.070691
0.067973
0.065024
0.063594
0.060946
0.058645
0.058739
0.062518
0.061171
0.059897
0.059716
0.059304
0.060243
0.060809
0.059240
0.059986
0.059177
0.058473
0.057779
0.059204
0.059859
0.059408
0.068118
0.066676
0.064262
0.068588
0.065520
0.063587
0.065570
0.064006
0.062279
0.061497
0.063649
0.068125
0.064071
0.084865
0.076904
0.074611
0.076273
0.100223
0.077373
0.074691
0.071318
0.070927
0.083299
0.099283
0.085607
0.134762
0.141657
0.149695
0.145983
0.143420
0.144147
0.145726
0.144347
0.166820
0.136288
0.167969
0.126723
0.138994
0.128760
0.176330
0.189508
0.136015
0.126853
0.128150
0.103042
0.094964
0.090707
0.132630
0.310118
0.250727
0.306559
0.265461
0.241418
0.203724
0.207965
0.200412
0.218099
0.234731
0.192245
0.236329
0.188008
0.172285
0.168352
0.237092
0.240007
0.206421
0.190555
0.188137
0.169074
0.158441
0.150005
0.160776
0.169625
0.142238
0.155809
0.143265
0.154994
0.164581
0.155521
0.158511
0.180641
0.150496
0.152657
0.163428
0.193830
0.160547
0.137636
0.134778
0.143924
0.148661
0.144681
0.158591
0.161486
0.160191
0.147571
0.173402
0.161700
0.198890
0.214079
0.204003
0.181205
0.084857
0.083539
0.092867
0.085161
0.083948
0.092654
0.082064
0.075166
0.084863
0.089413
0.119502
0.105973
0.094887
0.105104
0.088071
0.083171
0.102734
0.081834
0.072000
0.074612
0.079592
0.080670
0.083081
0.078245
0.079779
0.079794
0.080330
0.075614
0.079962
0.075432
0.077808
0.079438
0.083820
0.080385
0.088398
0.082260
0.096756
0.096221
0.076319
0.082448
0.105074
0.091228
0.084500
0.111100
0.076686
0.076034
0.097043
0.124503
0.086627
0.072171
0.069842
0.061395
0.064428
0.065593
0.077526
0.081543
0.085923
0.082185
0.072922
0.116275
0.094975
0.132051
0.141850
0.132518
0.117618
0.105753
0.095401
0.101445
0.098514
0.084026
0.092166
0.096001
0.085657
0.079012
0.093002
0.087927
0.101890
0.108879
0.108967
0.110045
0.108089
0.088724
0.091954
0.076547
0.075818
0.073967
0.082986
0.077344
0.067567
0.102478
0.093471
0.078046
0.071361
0.093125
0.125239
0.140574
0.126151
0.111868
0.127533
0.111292
0.160096
0.139108
0.112068
0.130002
0.098004
0.091815
0.087082
0.081108
0.075244
0.077468
0.066485
0.066758
0.064320
0.061224
0.072087
0.073417
0.067823
0.062770
0.076505
0.071485
0.070818
0.074210
0.084931
0.086575
0.096906
0.101456
0.085781
0.067041
0.069711
0.103945
0.102335
0.085725
0.095980
0.095102
0.086512
0.091838
0.094529
0.087357
0.089254
0.076984
0.082192
0.078090
0.082329
0.081130
0.080532
0.091135
0.092371
0.091014
0.175249
0.151530
0.134500
0.136483
0.137012
0.132908
0.128904
0.128499
0.127686
0.141419
0.136811
0.139309
0.136361
0.131181
0.126296
0.101426
0.099683
0.120135
0.120878
0.098491
0.119120
0.098528
0.106951
0.120602
0.118199
0.118855
0.121807
0.121637
0.113411
0.126448
0.124013
0.120526
0.108863
0.122180
0.128835
0.130031
0.131437
0.128133
0.127672
0.122727
0.115646
0.115928
0.120389
0.122875
0.108989
0.120738
0.103154
0.096415
0.105317
0.114235
0.132411
0.134190
0.134462
0.133335
0.124841
0.125853
0.136259
0.135347
0.127928
0.110369
0.123532
0.113217
0.116232
0.117866
0.120449
0.073640
0.071246
0.071730
0.070323
0.064645
0.066515
0.084277
0.068839
0.077176
0.062499
0.064823
0.064103
0.063103
0.064337
0.064317
0.064101
0.065578
0.086837
0.069312
0.077527
0.243757
0.213849
0.262516
0.221664
0.198307
0.205447
0.273271
0.264604
0.224720
0.239798
0.217652
0.213182
0.204334
0.201999
0.182306
0.169385
0.131422
0.135960
0.126391
0.133894
0.124059
0.127256
0.121957
0.127711
0.132814
0.134984
0.124360
0.130515
0.076358
0.066581
0.080087
0.071596
0.071399
0.075986
0.098469
0.080957
0.073380
0.070756
0.072761
0.070000
0.067424
0.069478
0.070722
0.071368
0.079894
0.077249
0.071915
0.072767
0.073080
0.073243
0.083792
0.079670
0.139592
0.137194
0.143315
0.136622
0.128035
0.128410
0.139663
0.140442
0.129987
0.103652
0.124442
0.100505
0.115065
0.101548
0.117893
0.086915
0.082874
0.070817
0.067996
0.084391
0.073284
0.067717
0.062160
0.072859
0.087850
0.080176
0.077725
0.081263
0.077961
0.072935
0.075047
0.064552
0.062720
0.063874
0.126492
0.120209
0.146041
0.135469
0.113305
0.126924
0.167353
0.179809
0.167175
0.149253
0.152925
0.136378
0.134491
0.145940
0.112772
0.092520
0.107775
0.104669
0.102233
0.105584
0.105629
0.102188
0.103138
0.102498
0.101665
0.107675
0.105116
0.100401
0.091426
0.098192
0.092015
0.101435
0.091344
0.097744
0.099938
0.098896
0.102028
0.096111
0.103642
0.094563
0.094095
0.097656
0.113247
0.109226
0.108671
0.101233
0.092038
0.097644
0.099726
0.088167
0.091493
0.085693
0.083240
0.091623
0.090645
0.070392
0.071865
0.072525
0.069757
0.071369
0.071126
0.070863
0.071286
0.071124
0.071605
0.070615
0.071463
0.071730
0.071361
0.073386
0.073298
0.066922
0.073782
0.067601
0.073726
0.083235
0.081200
0.080559
0.074068
0.066057
0.080799
0.081499
0.083761
0.079413
0.078147
0.081214
0.085988
0.083324
0.089794
0.083417
0.084301
0.080183
0.075969
0.087854
0.076195
0.073964
0.084273
0.089954
0.087438
0.091855
0.097202
0.094907
0.091229
0.100860
0.100348
0.094878
0.098638
0.092013
0.090974
0.094693
0.096995
0.095259
0.117473
0.121648
0.132372
0.127078
0.121730
0.135535
0.139063
0.138918
0.141374
0.121825
0.134928
0.143366
0.148103
0.146143
0.149072
0.144895
0.149624
0.145515
0.144615
0.145231
0.109405
0.119732
0.118035
0.102628
0.120834
0.118120
0.109821
0.096829
0.113159
0.125084
0.127103
0.124398
0.121445
0.120683
0.115871
0.111823
0.108969
0.113306
0.116622
0.104392
0.110504
0.100122
0.092363
0.093538
0.103185
0.110644
0.120772
0.120090
0.110457
0.125421
0.125367
0.118556
0.110161
0.122999
0.131397
0.133044
0.131748
0.129784
0.130926
0.127801
0.127320
0.130186
0.120566
0.108055
0.116849
0.096189
0.085849
0.098771
0.095037
0.083450
0.097578
0.105582
0.103540
0.104363
0.099581
0.105960
0.102622
0.098119
0.102970
0.094648
0.098389
0.090541
0.083445
0.083716
0.091170
0.125687
0.115769
0.131714
0.124789
0.115717
0.128793
0.140950
0.139067
0.136411
0.133691
0.131938
0.133074
0.123725
0.113963
0.121622
0.091599
0.092041
0.098331
0.094347
0.089860
0.098553
0.100215
0.104131
0.102655
0.088322
0.095510
0.105335
0.110694
0.107271
0.108973
0.110287
0.081387
0.085191
0.083692
0.076686
0.088013
0.085107
0.079314
0.074021
0.082524
0.093820
0.090389
0.085685
0.081644
0.083520
0.078364
0.080838
0.075482
0.074043
0.073578
0.075580
0.083207
0.088398
0.089251
0.083514
0.095081
0.094916
0.087136
0.082295
0.092193
0.102458
0.102170
0.097873
0.095968
0.088886
0.081128
0.083910
0.074879
0.072668
0.077204
0.075968
0.071320
0.076622
0.079139
0.077680
0.078455
0.076998
0.074592
0.077530
0.070816
0.069422
0.070005
0.073804
0.093164
0.086436
0.098856
0.090806
0.085516
0.096201
0.105528
0.102328
0.101350
0.093932
0.085172
0.088564
0.078300
0.077834
0.078054
0.077455
0.077143
0.078007
0.078673
0.080695
0.079314
0.076828
0.076464
0.080213
0.082425
0.081403
0.082683
0.083147
0.073023
0.072717
0.071616
0.071038
0.072635
0.071442
0.070115
0.069562
0.070897
0.073957
0.072096
0.071575
0.071597
0.071358
0.070760
0.070689
0.069924
0.069601
0.068814
0.069284
0.074475
0.074787
0.074127
0.074257
0.077565
0.075896
0.073599
0.073474
0.074934
0.079178
0.078736
0.076833
0.075730
0.073739
0.072987
0.072430
0.070343
0.069641
0.071320
0.071513
0.069460
0.070910
0.071737
0.070421
0.069065
0.069238
0.070421
0.071441
0.069977
0.070825
0.069743
0.070995
0.077615
0.077084
0.078862
0.078161
0.075998
0.078756
0.080945
0.079385
0.078924
0.079101
0.075621
0.076895
0.086704
0.083675
0.083575
0.080534
0.078843
0.089479
0.082776
0.079784
0.077085
0.077006
0.076877
0.076835
0.081898
0.076671
0.075036
0.074060
0.072569
0.075150
0.080752
0.072213
0.071774
0.070525
0.069652
0.068921
0.068878
0.072372
0.072410
0.074479
0.079212
0.075020
0.086970
0.081101
0.079163
0.085038
0.078537
0.076383
0.077896
0.075683
0.074842
0.073856
0.073701
0.073278
0.075048
0.084413
0.077341
0.073467
0.078031
0.072659
0.074631
0.072640
0.070015
0.070770
0.071576
0.070873
0.074346
0.077588
0.074935
0.082496
0.089396
0.079148
0.084089
0.089018
0.080314
0.075742
0.076146
0.076192
0.081397
0.088137
0.083825
0.100470
0.097186
0.096639
0.108179
0.097579
0.097097
0.095539
0.095443
0.092379
0.089404
0.091097
0.103531
0.087581
0.084793
0.089442
0.103417
0.090022
0.117252
0.094428
0.113325
0.092769
0.092701
0.091420
0.090281
0.091871
0.108953
0.094594
0.106816
0.085725
0.087384
0.082597
0.081741
0.085016
0.097356
0.086928
0.104958
0.096216
0.126088
0.117822
0.095308
0.095423
0.094654
0.128019
0.111186
0.136432
0.313989
0.321266
0.292955
0.328700
0.329127
0.303184
0.219266
0.269416
0.228545
0.284877
0.277862
0.306220
0.289958
0.238727
0.332664
0.317698
0.345171
0.325892
0.326422
0.347117
0.343003
0.318471
0.321568
0.354377
0.297091
0.302277
0.331762
0.359405
0.312369
0.288131
0.251576
0.241892
0.280927
0.244192
0.294668
0.296491
0.298936
0.248491
0.323624
0.326426
0.350442
0.353243
0.357293
0.350493
0.358161
0.358275
0.344174
0.353755
0.332047
0.322365
0.321862
0.308646
0.331288
0.321733
0.309119
0.309060
0.297134
0.297544
0.292223
0.273484
0.297801
0.319760
0.303388
0.310082
0.305318
0.293045
0.292776
0.293880
0.282275
0.299678
0.290510
0.286965
0.282522
0.274052
0.274558
0.272494
0.295248
0.290766
0.300707
0.350128
0.332973
0.344229
0.347731
0.346904
0.301849
0.330680
0.317862
0.345605
0.350508
0.331409
0.339876
0.354068
0.173816
0.180763
0.146549
0.151600
0.136333
0.137307
0.134080
0.135430
0.139227
0.145626
0.141080
0.146369
0.139165
0.146515
0.141524
0.119069
0.123372
0.121355
0.121945
0.124732
0.125176
0.114033
0.119734
0.125183
0.129550
0.127608
0.130204
0.128479
0.130066
0.128937
0.131724
0.132014
0.132987
0.133356
0.132157
0.133976
0.134743
0.134631
0.136047
0.110289
0.117157
0.106428
0.111406
0.116336
0.114958
0.108879
0.110789
0.110740
0.110875
0.111973
0.108997
0.112370
0.111276
0.117327
0.114512
0.135878
0.118977
0.108303
0.108094
0.129318
0.120210
0.107371
0.107802
0.108827
0.135492
0.124260
0.268880
0.233287
0.283790
0.263330
0.218337
0.268264
0.304144
0.297985
0.294530
0.278845
0.274637
0.279333
0.273810
0.275446
0.255571
0.254182
0.241984
0.214557
0.207809
0.239407
0.195341
0.208291
0.196131
0.177085
0.182828
0.185232
0.205405
0.194628
0.191027
0.181521
0.181852
0.167080
0.191323
0.201869
0.182829
0.207978
0.197579
0.205442
0.174093
0.205002
0.214720
0.218934
0.202265
0.194078
0.101931
0.111024
0.146712
0.122510
0.110598
0.159454
0.144234
0.140628
0.154016
0.104261
0.104430
0.150534
0.157267
0.162606
0.166078
0.164211
0.172386
0.156845
0.153208
0.155362
0.150305
0.116714
0.135386
0.163044
0.091748
0.107033
0.127034
0.167744
0.115679
0.080479
0.073657
0.081489
0.084055
0.083138
0.103812
0.112234
0.090465
0.121452
0.167192
0.141793
0.079954
0.111436
0.071830
0.080091
0.116574
0.075330
0.065568
0.066054
0.065895
0.071435
0.073538
0.068615
0.079873
0.119685
0.090096
0.085835
0.103190
0.129659
0.094495
0.109697
0.132471
0.141044
0.129859
0.098064
0.099721
0.109857
0.110922
0.117587
0.126439
0.130682
0.125826
0.145553
0.146643
0.152229
0.176900
0.166142
0.167135
0.161356
0.167282
0.156974
0.152873
0.151613
0.150074
0.130477
0.121004
0.125391
0.125783
0.126750
0.142085
0.169456
0.143125
0.130323
0.138818
0.128503
0.127201
0.136636
0.133628
0.128872
0.152620
0.146488
0.186306
0.171030
0.142925
0.155163
0.183413
0.157653
0.218833
0.193844
0.242113
0.206486
0.286793
0.277977
0.292840
0.268050
0.239808
0.271481
0.310827
0.277066
0.267553
0.253091
0.201306
0.220470
0.279426
0.262431
0.277877
0.294161
0.282211
0.273931
0.273525
0.261693
0.272404
0.280556
0.288447
0.292526
0.352450
0.341363
0.360342
0.346340
0.350480
0.318174
0.346873
0.344453
0.304779
0.338127
0.346848
0.327410
0.296245
0.292317
0.281013
0.326245
0.277191
0.299364
0.278580
0.278139
0.294315
0.286872
0.282931
0.285936
0.310929
0.313002
0.337067
0.346379
0.321903
0.337472
0.350625
0.398197
0.355950
0.404607
0.396661
0.366792
0.317410
0.321793
0.318164
0.280403
0.270546
0.296918
0.290015
0.292476
0.305582
0.355081
0.347589
0.345603
0.337765
0.346694
0.334671
0.336940
0.314674
0.287814
0.315254
0.331572
0.325663
0.342118
0.326877
0.337034
0.347323
0.327456
0.343282
0.347400
0.411069
0.404975
0.348510
0.296854
0.278044
0.275310
0.277101
0.279584
0.294080
0.300646
0.282900
0.297067
0.280546
0.291865
0.314404
0.312399
0.325768
0.330341
0.334795
0.318179
0.299083
0.314893
0.305323
0.268005
0.269414
0.269827
0.262506
0.263376
0.261344
0.266248
0.271229
0.260587
0.265114
0.265508
0.263412
0.271745
0.278689
0.285669
0.276360
0.272834
0.286426
0.287660
0.283818
0.288454
0.285568
0.286680
0.295525
0.282615
0.288059
0.304181
0.308530
0.309871
0.316769
0.319356
0.293405
0.319039
0.305662
0.292121
0.289105
0.288362
0.284298
0.274065
0.283253
0.273151
0.274151
0.277201
0.281305
0.281998
0.274609
0.277457
0.279177
0.280081
0.277274
0.289365
0.277168
0.283537
0.287367
0.278907
0.264654
0.272193
0.282700
0.277882
0.283515
0.272906
0.153331
0.152470
0.156648
0.135812
0.151781
0.152936
0.143039
0.137638
0.146429
0.144011
0.155477
0.152035
0.150341
0.156201
0.152108
0.223067
0.205014
0.151797
0.169781
0.207632
0.149399
0.197140
0.189070
0.146372
0.150045
0.171989
0.149802
0.146656
0.153166
0.153476
0.142658
0.151762
0.146127
0.147849
0.150709
0.133656
0.137959
0.136061
0.137999
0.142860
0.187811
0.152131
0.185469
0.155316
0.208321
0.190200
0.215814
0.184984
0.183224
0.170387
0.181316
0.225477
0.204630
0.174423
0.187467
0.171694
0.175679
0.191163
0.177576
0.191799
0.167859
0.201617
0.170069
0.205761
0.181606
0.188790
0.191194
0.207097
0.177491
0.223737
0.221657
0.238819
0.200393
0.247165
0.220848
0.218088
0.244886
0.210013
0.207139
0.201306
0.206100
0.206373
0.210115
0.147080
0.134226
0.150752
0.134632
0.137734
0.139641
0.133192
0.127642
0.139841
0.143349
0.178435
0.149975
0.171012
0.149213
0.180331
0.158192
0.180394
0.151657
0.154270
0.178472
0.152055
0.148751
0.186505
0.153165
0.186806
0.164431
0.187172
0.166706
0.159850
0.156317
0.176803
0.194799
0.200039
0.201040
0.213939
0.200435
0.183790
0.191170
0.185480
0.251098
0.217626
0.242715
0.192041
0.184456
0.234653
0.166414
0.168379
0.158390
0.206059
0.195639
0.151392
0.151147
0.188535
0.149587
0.158019
0.142410
0.151524
0.182830
0.214608
0.179119
0.149017
0.168746
0.141859
0.141276
0.154536
0.154465
0.137200
0.145428
0.255860
0.242525
0.212130
0.250499
0.230527
0.189794
0.195689
0.209669
0.178492
0.234655
0.225185
0.177539
0.181726
0.161385
0.161713
0.155333
0.148006
0.169608
0.170102
0.162207
0.259942
0.269469
0.220064
0.258735
0.279980
0.280124
0.302738
0.295422
0.260346
0.259015
0.244711
0.221110
0.242963
0.197899
0.249289
0.219704
0.229287
0.206774
0.197158
0.220334
0.192679
0.211792
0.193963
0.209451
0.189897
0.209188
0.196955
0.188906
0.207190
0.194044
0.184544
0.195952
0.215261
0.214038
0.188009
0.209942
0.157861
0.205742
0.151266
0.176807
0.160435
0.205115
0.147537
0.143417
0.142679
0.178083
0.167699
0.303396
0.292294
0.289315
0.266811
0.260788
0.238099
0.278963
0.263284
0.216524
0.198301
0.210219
0.211942
0.243543
0.184943
0.231333
0.221810
0.196840
0.164349
0.178149
0.193520
0.210988
0.219758
0.224702
0.211187
0.238265
0.226426
0.226814
0.242522
0.235585
0.223388
0.254915
0.260090
0.261511
0.249082
0.260822
0.270020
0.260683
0.283689
0.268661
0.268926
0.286892
0.265425
0.302259
0.240984
0.216052
0.211962
0.247862
0.289926
0.258598
0.206212
0.238424
0.215598
0.226215
0.231882
0.261613
0.250725
0.268115
0.261399
0.253160
0.276801
0.282019
0.272352
0.281398
0.285915
0.277638
0.248002
0.268194
0.274136
0.281936
0.284956
0.291438
0.269446
0.281601
0.270469
0.290166
0.280240
0.232851
0.255647
0.271826
0.214766
0.216524
0.245489
0.262371
0.257877
0.249616
0.274350
0.228338
0.205004
0.213539
0.237442
0.290758
0.256143
0.225034
0.251326
0.214927
0.241881
0.269134
0.270291
0.283066
0.293409
0.280392
0.277991
0.283835
0.288270
0.278902
0.291995
0.271116
0.295752
0.290360
0.275596
0.291629
0.281883
0.268459
0.257572
0.236328
0.239056
0.241185
0.258586
0.230345
0.231965
0.239061
0.194343
0.194665
0.184130
0.203505
0.187120
0.185094
0.163720
0.202328
0.208193
0.208099
0.210616
0.223038
0.208529
0.210915
0.208959
0.175771
0.188903
0.195251
0.190091
0.156940
0.151951
0.190725
0.158389
0.146433
0.142359
0.149986
0.152518
0.186082
0.156941
0.200353
0.189238
0.179801
0.150899
0.206617
0.161017
0.166734
0.146958
0.141275
0.146416
0.209824
0.171893
0.254970
0.256823
0.255387
0.231262
0.247760
0.223035
0.268060
0.251773
0.208160
0.184393
0.220922
0.208844
0.277704
0.274505
0.262067
0.259919
0.268701
0.258539
0.236805
0.256103
0.247960
0.226791
0.254960
0.270388
0.250762
0.242041
0.221434
0.209831
0.234411
0.251386
0.210890
0.200608
0.199396
0.192598
0.205640
0.202134
0.262251
0.261057
0.218200
0.232141
0.280488
0.245793
0.207152
0.185327
0.188977
0.101776
0.085678
0.093551
0.088039
0.085136
0.090710
0.088349
0.093641
0.103501
0.096659
0.101720
0.093155
0.102381
0.090761
0.093754
0.083463
0.073140
0.068744
0.084650
0.072093
0.070041
0.068280
0.070667
0.086825
0.067123
0.070652
0.069276
0.071788
0.073009
0.072083
0.071881
0.068794
0.071626
0.064238
0.062386
0.064682
0.063621
0.059520
0.058187
0.064485
0.063007
0.065785
0.069301
0.066930
0.070360
0.061574
0.068709
0.063339
0.061644
0.070600
0.063387
0.065677
0.065286
0.065439
0.063170
0.073096
0.063057
0.063220
0.071391
0.074162
0.077645
0.076543
0.080427
0.083325
0.085893
0.077762
0.076717
0.076249
0.075124
0.078907
0.076769
0.078971
0.080905
0.082411
0.071454
0.117567
0.116780
0.113895
0.113058
0.117535
0.112509
0.109648
0.109140
0.109951
0.112007
0.106648
0.110668
0.115452
0.105094
0.107393
0.100909
0.106467
0.100383
0.109872
0.109867
0.101410
0.096996
0.092068
0.096495
0.091209
0.081585
0.093117
0.090425
0.088928
0.104363
0.097263
0.096359
0.104898
0.108457
0.100880
0.109180
0.098788
0.088518
0.081791
0.094582
0.084522
0.079751
0.083632
0.098689
0.126145
0.113506
0.091785
0.114774
0.087909
0.086433
0.102514
0.081973
0.080239
0.072225
0.068756
0.073592
0.077048
0.078806
0.078036
0.066707
0.070915
0.072922
0.079480
0.096250
0.099124
0.084950
0.080317
0.099594
0.084067
0.100406
0.097092
0.084373
0.087226
0.067770
0.082535
0.063979
0.071190
0.088214
0.068055
0.061046
0.065217
0.067415
0.070820
0.092848
0.079915
0.064030
0.066274
0.067900
0.067730
0.068214
0.069665
0.066294
0.068641
0.071071
0.072539
0.071414
0.071087
0.084037
0.066561
0.090740
0.069104
0.071774
0.069826
0.094426
0.075446
0.067048
0.063679
0.073126
0.066828
0.177272
0.138508
0.130563
0.128083
0.187165
0.145808
0.125829
0.119175
0.116294
0.148176
0.217071
0.128761
0.115967
0.115293
0.120387
0.133573
0.180401
0.187429
0.153796
0.174024
0.182624
0.138763
0.156796
0.177958
0.139027
0.120083
0.125054
0.134008
0.194288
0.146388
0.157511
0.182866
0.145706
0.185942
0.133132
0.111974
0.109252
0.126407
0.195206
0.145702
0.141553
0.172381
0.157502
0.193969
0.140322
0.119589
0.120341
0.149379
0.173903
0.162846
0.213066
0.244720
0.255307
0.283668
0.249580
0.298992
0.327769
0.340866
0.325975
0.277472
0.275076
0.267402
0.233436
0.246511
0.217603
0.193895
0.201029
0.201181
0.220671
0.266969
0.225561
0.269345
0.320546
0.302176
0.315886
0.306802
0.170193
0.169479
0.158771
0.149496
0.120539
0.120542
0.147765
0.141134
0.115574
0.099841
0.100023
0.094087
0.096566
0.102085
0.099652
0.105448
0.113149
0.106264
0.123183
0.109796
0.125362
0.112910
0.112470
0.132413
0.106564
0.109770
0.104548
0.100425
0.119872
0.134373
0.132118
0.138433
0.143908
0.139522
0.152230
0.177730
0.161712
0.148987
0.165988
0.156157
0.141093
0.144485
0.143993
0.130576
0.120289
0.119859
0.127908
0.107323
0.108727
0.116813
0.126621
0.110896
0.098107
0.096710
0.103365
0.107712
0.105932
0.112898
0.158091
0.141794
0.115601
0.129800
0.125938
0.125082
0.137687
0.118499
0.117221
0.121333
0.132909
0.114850
0.115912
0.115590
0.107745
0.102073
0.109826
0.126103
0.114663
0.131221
0.125029
0.129732
0.119947
0.122372
0.117287
0.125463
0.130733
0.119747
0.115987
0.106820
0.110652
0.107112
0.099762
0.113989
0.116616
0.128211
0.115764
0.128587
0.119545
0.109921
0.113210
0.112254
0.114450
0.117299
0.132153
0.132043
0.119959
0.128773
0.115396
0.124631
0.114152
0.109867
0.106490
0.103159
0.104156
0.111112
0.118791
0.121253
0.119789
0.112797
0.118079
0.118955
0.114326
0.124734
0.120592
0.119352
0.105022
0.112461
0.123677
0.115783
0.133391
0.127377
0.136216
0.134699
0.124314
0.132471
0.144204
0.144233
0.141083
0.144916
0.146291
0.135583
0.144905
0.147391
0.145963
0.150431
0.152992
0.150635
0.148924
0.143244
0.146766
0.143727
0.143775
0.149266
0.145265
0.151210
0.141814
0.147845
0.146638
0.142807
0.143670
0.147534
0.142740
0.155734
0.155377
0.150334
0.146313
0.135169
0.152505
0.191025
0.214308
0.195175
0.191674
0.208957
0.207817
0.194152
0.203935
0.209033
0.206898
0.202624
0.208358
0.189178
0.201534
0.190799
0.198803
0.179635
0.187518
0.193411
0.188803
0.192949
0.198788
0.127449
0.125050
0.127815
0.116678
0.113638
0.112714
0.153682
0.140372
0.125453
0.133750
0.111146
0.104370
0.131135
0.108403
0.098785
0.148685
0.154258
0.155162
0.154072
0.151410
0.152423
0.151476
0.165304
0.160128
0.200789
0.224244
0.181068
0.180791
0.196668
0.166579
0.168868
0.159256
0.155252
0.161633
0.151488
0.123777
0.125274
0.130579
0.118086
0.126691
0.125822
0.140444
0.132043
0.135919
0.140776
0.153338
0.139490
0.127395
0.137469
0.131583
0.136766
0.134956
0.132413
0.131554
0.152146
0.145955
0.160553
0.159331
0.150767
0.155945
0.187963
0.181089
0.170749
0.151247
0.151165
0.151383
0.161959
0.156927
0.154193
0.152079
0.149826
0.151229
0.139414
0.138997
0.151147
0.135076
0.149524
0.136265
0.132155
0.129730
0.146995
0.141817
0.133122
0.148150
0.145787
0.148038
0.150735
0.136354
0.139928
0.144286
0.147101
0.145422
0.150497
0.151541
0.143487
0.149892
0.151600
0.148312
0.105407
0.113943
0.104266
0.108851
0.115058
0.114247
0.099486
0.112535
0.120135
0.108044
0.123943
0.114100
0.132841
0.127789
0.118585
0.130216
0.134429
0.123565
0.136172
0.128863
0.129092
0.138152
0.135518
0.126167
0.145800
0.140463
0.124934
0.113597
0.134491
0.155667
0.169627
0.177575
0.150976
0.168898
0.143112
0.141814
0.161468
0.125405
0.113957
0.110592
0.120929
0.120450
0.112714
0.122290
0.130682
0.115707
0.108612
0.107387
0.110523
0.107804
0.100244
0.096232
0.106150
0.098045
0.110301
0.113921
0.125225
0.130557
0.129843
0.126854
0.092972
0.096736
0.115230
0.108316
0.121239
0.127044
0.119294
0.141989
0.156152
0.149553
0.142773
0.137552
0.138507
0.136566
0.131721
0.131513
0.147753
0.143964
0.148469
0.151662
0.141707
0.150794
0.154919
0.148389
0.141921
0.144328
0.146563
0.148746
0.148937
0.142658
0.142282
0.148587
0.161534
0.149976
0.152621
0.156105
0.134368
0.138677
0.139064
0.145269
0.137480
0.129374
0.132480
0.136336
0.140653
0.137881
0.139643
0.130198
0.142868
0.149516
0.148281
0.135770
0.106904
0.096067
0.126819
0.122334
0.102883
0.136210
0.135015
0.146199
0.156470
0.151494
0.143110
0.146438
0.134803
0.112645
0.135672
0.160906
0.148100
0.148849
0.143737
0.149868
0.148605
0.140684
0.139600
0.139079
0.135351
0.138740
0.136964
0.113837
0.133226
0.102659
0.110075
0.119526
0.099464
0.088596
0.089009
0.090277
0.105095
0.111193
0.099138
0.148732
0.145499
0.150852
0.160876
0.138321
0.147620
0.150425
0.163293
0.149885
0.138169
0.146287
0.141279
0.138898
0.148807
0.158951
0.150313
0.141970
0.153082
0.157045
0.138795
0.156691
0.161517
0.149776
0.143946
0.156521
0.157667
0.163021
0.163085
0.166567
0.169687
0.163044
0.158249
0.162257
0.175700
0.154886
0.152634
0.154158
0.146936
0.146291
0.151708
0.105863
0.106293
0.107985
0.111109
0.127889
0.110649
0.128942
0.108989
0.106961
0.127980
0.111633
0.101794
0.147760
0.164375
0.149320
0.164583
0.178302
0.178007
0.179976
0.158787
0.142641
0.152316
0.168135
0.160207
0.154987
0.178953
0.166796
0.158585
0.174832
0.181974
0.177844
0.170584
0.135512
0.139673
0.149122
0.131863
0.137354
0.151270
0.147536
0.134184
0.150066
0.134890
0.131506
0.145684
0.148928
0.153575
0.154496
0.153561
0.151848
0.138682
0.149437
0.150312
0.145848
0.145673
0.145278
0.133641
0.133287
0.127548
0.122024
0.144683
0.132653
0.132491
0.120392
0.110917
0.115908
0.104912
0.115048
0.114606
0.110221
0.112697
0.113198
0.110038
0.115120
0.117144
0.124815
0.123466
0.118265
0.131399
0.129159
0.126474
0.120827
0.129660
0.127664
0.122385
0.124462
0.130260
0.124518
0.132650
0.130897
0.136665
0.132197
0.130087
0.136821
0.130350
0.138496
0.130297
0.126771
0.129975
0.129178
0.137347
0.128494
0.122135
0.142877
0.128849
0.133813
0.119487
0.130148
0.141363
0.131100
0.123786
0.129529
0.121326
0.126075
0.125851
0.119676
0.135152
0.117831
0.131870
0.180698
0.183916
0.155298
0.147345
0.206834
0.153429
0.170253
0.143081
0.162948
0.223385
0.174595
0.142324
0.153526
0.138313
0.147566
0.148691
0.131807
0.170970
0.135932
0.157374
0.217909
0.266323
0.328909
0.214308
0.273127
0.344072
0.342789
0.350046
0.380716
0.367978
0.372790
0.391906
0.389679
0.401031
0.182002
0.185131
0.198841
0.161283
0.159976
0.170892
0.150111
0.146499
0.152410
0.149295
0.154531
0.155408
0.151044
0.148798
0.147524
0.149204
0.140034
0.147227
0.145383
0.145647
0.146702
0.143405
0.148542
0.150455
0.150625
0.146358
0.145976
0.149324
0.149710
0.152577
0.152471
0.154520
0.148778
0.156203
0.147601
0.154437
0.157537
0.152657
0.167493
0.158784
0.202710
0.159019
0.169727
0.144198
0.187109
0.164559
0.145345
0.189257
0.183619
0.206222
0.219694
0.189828
0.143850
0.162051
0.136376
0.119489
0.137577
0.113774
0.107358
0.117504
0.142136
0.119116
0.110233
0.109771
0.102849
0.102450
0.102371
0.103449
0.103437
0.099497
0.108441
0.106921
0.120157
0.114440
0.100593
0.102795
0.105464
0.108560
0.120315
0.116559
0.111012
0.110575
0.125115
0.120181
0.132472
0.130859
0.135724
0.125577
0.143403
0.130716
0.136750
0.124360
0.131610
0.121565
0.120862
0.129055
0.137292
0.138920
0.219167
0.225216
0.183920
0.207954
0.208826
0.180138
0.173888
0.174048
0.168931
0.195352
0.151878
0.149970
0.172860
0.142618
0.161582
0.137024
0.153431
0.156080
0.135582
0.154703
0.159056
0.157514
0.146434
0.149939
0.161188
0.151027
0.140208
0.148574
0.144683
0.136131
0.144734
0.130913
0.144840
0.125459
0.143746
0.144524
0.124530
0.142911
0.132754
0.142859
0.118426
0.115469
0.119933
0.119063
0.113628
0.120026
0.117683
0.123415
0.121483
0.112437
0.115895
0.123205
0.126711
0.124774
0.128730
0.125142
0.102469
0.100286
0.103278
0.101365
0.102222
0.103062
0.103972
0.103229
0.105334
0.101151
0.103136
0.106341
0.108463
0.108178
0.104488
0.106530
0.117889
0.120219
0.107249
0.106057
0.125447
0.107949
0.108238
0.099966
0.105149
0.129330
0.112288
0.102271
0.098249
0.106124
0.096420
0.101271
0.141945
0.138909
0.155781
0.147678
0.141381
0.135506
0.129138
0.133042
0.137681
0.151801
0.135719
0.147791
0.199683
0.203942
0.254964
0.223953
0.271626
0.310554
0.226877
0.198711
0.225836
0.291613
0.256689
0.323123
0.304487
0.244242
0.306154
0.361430
0.391439
0.359783
0.188518
0.164617
0.163248
0.136894
0.142516
0.130878
0.135076
0.142774
0.127147
0.129077
0.125357
0.124335
0.130362
0.138717
0.138691
0.126277
0.123122
0.117912
0.116019
0.124935
0.120578
0.117930
0.114596
0.116130
0.120148
0.116871
0.121674
0.119792
0.110416
0.122887
0.115435
0.112957
0.121448
0.123653
0.126803
0.128037
0.117524
0.118846
0.116877
0.099822
0.097887
0.102342
0.104811
0.106919
0.107909
0.103530
0.111014
0.114742
0.113447
0.119330
0.114928
0.103274
0.113761
0.104013
0.112801
0.122217
0.112770
0.099204
0.112981
0.119818
0.123154
0.131782
0.126125
0.130167
0.133359
0.129726
0.138861
0.137946
0.137927
0.126202
0.134678
0.178730
0.139379
0.196859
0.147627
0.204432
0.194304
0.149327
0.151545
0.196059
0.154109
0.196946
0.148064
0.139458
0.139470
0.204385
0.148487
0.141881
0.140878
0.136809
0.136003
0.124924
0.115054
0.107823
0.117942
0.113216
0.106805
0.098833
0.109204
0.101712
0.113023
0.106783
0.108285
0.115426
0.110604
0.104907
0.099401
0.095364
0.104245
0.106849
0.094486
0.096538
0.105336
0.107377
0.101371
0.106217
0.108479
0.119409
0.117240
0.129305
0.117812
0.112328
0.110557
0.104636
0.109974
0.108784
0.101127
0.127702
0.115163
0.116548
0.130516
0.114222
0.117865
0.114601
0.128174
0.115739
0.112568
0.114913
0.118475
0.120180
0.116531
0.129468
0.117959
0.129345
0.115869
0.114132
0.129978
0.116959
0.112647
0.112272
0.126619
0.111758
0.121172
0.114934
0.112164
0.111177
0.110246
0.125372
0.110597
0.135907
0.123468
0.121137
0.136845
0.136867
0.125410
0.123576
0.135210
0.125936
0.147706
0.138642
0.129262
0.124888
0.121652
0.132023
0.117478
0.153260
0.133250
0.154197
0.163919
0.172306
0.157173
0.133951
0.139991
0.173263
0.165748
0.164066
0.212442
0.245193
0.183804
0.218929
0.166119
0.193752
0.158486
0.159898
0.193006
0.167576
0.150973
0.151596
0.161258
0.163108
0.199460
0.157602
0.153697
0.197649
0.142692
0.131947
0.150598
0.193404
0.136749
0.131876
0.119648
0.119464
0.113890
0.118229
0.129914
0.135346
0.147117
0.198777
0.194340
0.149446
0.142199
0.213265
0.123232
0.146522
0.213964
0.130978
0.110213
0.116329
0.111718
0.117997
0.138560
0.136180
0.154917
0.205907
0.154413
0.211868
0.157565
0.151994
0.199847
0.148938
0.143038
0.156113
0.198640
0.151376
0.138491
0.138377
0.143399
0.142854
0.153143
0.199377
0.160422
0.235431
0.168968
0.159865
0.229579
0.154056
0.144472
0.163147
0.221024
0.152890
0.143310
0.137321
0.141588
0.141551
0.155909
0.215298
0.163503
0.232997
0.181807
0.174868
0.259911
0.158581
0.155774
0.175757
0.247765
0.163777
0.147994
0.144511
0.150954
0.149871
0.162078
0.237304
0.174231
0.247517
0.193908
0.200889
0.277195
0.169550
0.154679
0.160780
0.214293
0.259204
0.282204
0.238981
0.270641
0.227585
0.291443
0.208125
0.162498
0.174600
0.190514
0.197205
0.298257
0.224707
0.269930
0.267787
0.255807
0.267937
0.255620
0.245889
0.262652
0.267978
0.254056
0.235535
0.230481
0.241324
0.251436
0.245400
0.259023
0.258856
0.272641
0.277353
0.264958
0.265575
0.281545
0.301957
0.296783
0.315673
0.281052
0.258921
0.274008
0.323515
0.382760
0.331575
0.353001
0.297972
0.298808
0.276959
0.277256
0.278079
0.252852
0.278970
0.281783
0.261558
0.256456
0.233934
0.242496
0.243274
0.272509
0.279385
0.285247
0.327549
0.339066
0.317660
0.320652
0.316457
0.296732
0.328077
0.316922
0.302325
0.295431
0.280438
0.276366
0.275506
0.312296
0.314204
0.321868
0.384290
0.402971
0.379391
0.367003
0.352614
0.349138
0.366284
0.353862
0.337135
0.329528
0.320540
0.313221
0.308710
0.331094
0.340945
0.359279
0.343499
0.339118
0.338145
0.315404
0.394012
0.359037
0.310636
0.244047
0.294769
0.221287
0.293268
0.360563
0.283702
0.374386
0.348743
0.371185
0.349437
0.367414
0.390925
0.392264
0.408950
0.406704
0.426814
0.356069
0.272016
0.337342
0.213644
0.245914
0.275959
0.227073
0.259838
0.282509
0.247338
0.268270
0.269515
0.278733
0.281779
0.282865
0.276540
0.276815
0.280455
0.271346
0.272383
0.272133
0.276598
0.267764
0.275192
0.288294
0.281927
0.264680
0.275631
0.288296
0.268569
0.290055
0.275996
0.279969
0.301916
0.291190
0.295933
0.274724
0.298804
0.306313
0.284640
0.311242
0.308207
0.286516
0.315802
0.319739
0.323177
0.325113
0.317095
0.291053
0.304314
0.311764
0.309773
0.310949
0.318107
0.358515
0.287493
0.294384
0.270567
0.328222
0.331459
0.289531
0.331849
0.371515
0.338680
0.326679
0.327209
0.366916
0.334626
0.335282
0.320082
0.334695
0.320585
0.327261
0.315133
0.330023
0.349398
0.355788
0.370608
0.355277
0.392481
0.370846
0.395694
0.344101
0.361382
0.353222
0.361889
0.371410
0.352056
0.376567
0.390357
0.387445
0.384615
0.354778
0.225529
0.255587
0.230710
0.205421
0.187787
0.177392
0.197811
0.193546
0.167868
0.218600
0.247524
0.211691
0.223049
0.222387
0.238450
0.273418
0.260629
0.244664
0.261291
0.240302
0.259118
0.313937
0.284103
0.326262
0.315971
0.279032
0.289765
0.396987
0.359079
0.362915
0.411977
0.409134
0.411413
0.381783
0.325860
0.290061
0.326262
0.276243
0.278896
0.297480
0.317448
0.331496
0.307729
0.347412
0.348598
0.264383
0.206014
0.273503
0.253464
0.304802
0.271902
0.275005
0.301030
0.245359
0.263637
0.234143
0.184618
0.210610
0.260979
0.290595
0.281715
0.248938
0.299663
0.306788
0.305940
0.329403
0.334486
0.294707
0.270232
0.288814
0.275971
0.282460
0.284466
0.272101
0.286859
0.314571
0.277938
0.281740
0.310638
0.272577
0.176883
0.205905
0.206303
0.216921
0.213422
0.226765
0.174693
0.240751
0.184760
0.190436
0.218817
0.207527
0.235752
0.254179
0.236249
0.255879
0.199452
0.197818
0.232343
0.238274
0.239965
0.257613
0.297442
0.267417
0.267093
0.304500
0.276979
0.286018
0.283773
0.243210
0.270907
0.306787
0.348412
0.326244
0.368826
0.340523
0.361630
0.323282
0.365779
0.323281
0.333013
0.352397
0.313822
0.323512
0.338900
0.329819
0.331446
0.330228
0.318742
0.318480
0.317622
0.323753
0.330218
0.334996
0.322975
0.307771
0.294254
0.344242
0.323346
0.303777
0.281964
0.273002
0.243089
0.269306
0.276317
0.251631
0.287240
0.245637
0.285486
0.284568
0.323238
0.312353
0.336124
0.336791
0.320935
0.369870
0.404758
0.357757
0.341604
0.345348
0.324340
0.302335
0.305220
0.395253
0.399114
0.396716
0.398512
0.402046
0.372991
0.396250
0.418477
0.398998
0.421623
0.422872
0.404742
0.404192
0.353264
0.368636
0.372203
0.329285
0.341525
0.351893
0.353568
0.372049
0.328676
0.377593
0.365289
0.361600
0.380364
0.389440
0.359652
0.339853
0.406539
0.385105
0.393435
0.361888
0.355428
0.304316
0.276757
0.339702
0.334340
0.261810
0.252097
0.307845
0.337334
0.330936
0.267054
0.308712
0.267120
0.316656
0.306708
0.316901
0.263337
0.326918
0.368541
0.337288
0.368004
0.374570
0.395421
0.372357
0.339724
0.336145
0.332895
0.324762
0.318589
0.337138
0.331978
0.364439
0.358828
0.345604
0.346845
0.322293
0.335856
0.328417
0.327917
0.316683
0.325211
0.330067
0.342727
0.351814
0.351791
0.367465
0.414326
0.394698
0.361412
0.389012
0.397224
0.366911
0.354913
0.351841
0.344557
0.369440
0.398673
0.383201
0.378421
0.344466
0.396269
0.333306
0.326452
0.304064
0.304668
0.336152
0.342456
0.355174
0.351084
0.417732
0.419704
0.387858
0.350747
0.352621
0.326284
0.322258
0.308798
0.299647
0.299183
0.298326
0.301902
0.256853
0.299740
0.309203
0.261556
0.301872
0.305173
0.304723
0.312617
0.300139
0.306096
0.279566
0.292278
0.284441
0.270475
0.275638
0.313758
0.295873
0.306027
0.293345
0.298596
0.304233
0.304605
0.306087
0.303896
0.298651
0.306277
0.308209
0.291963
0.305509
0.294377
0.283509
0.268370
0.264841
0.306063
0.294409
0.260969
0.181966
0.168742
0.188551
0.229942
0.199889
0.157567
0.168202
0.165900
0.181245
0.190957
0.214968
0.229717
0.218381
0.248825
0.224625
0.269387
0.293979
0.317110
0.311680
0.325449
0.302891
0.311693
0.244085
0.252234
0.300303
0.398738
0.400371
0.413478
0.410466
0.415796
0.427341
0.442225
0.436963
0.431106
0.424015
0.439280
0.416006
0.382184
0.352344
0.356691
0.328686
0.336385
0.314073
0.313131
0.335180
0.318411
0.333623
0.405792
0.379610
0.362569
0.355629
0.332616
0.293957
0.291416
0.349760
0.376792
0.370673
0.340278
0.331979
0.300351
0.315080
0.325674
0.333093
0.398591
0.392331
0.353551
0.400936
0.348810
0.288708
0.325035
0.293552
0.333190
0.341222
0.335425
0.301557
0.313515
0.315363
0.327854
0.354174
0.367374
0.373081
0.390582
0.362124
0.378018
0.402767
0.400551
0.400431
0.385494
0.379741
0.394632
0.384839
0.343984
0.361910
0.385531
0.369029
0.448331
0.442557
0.433195
0.449094
0.436260
0.426388
0.419123
0.390555
0.400012
0.391824
0.402778
0.367476
0.361144
0.383466
0.389707
0.360932
0.402991
0.408307
0.419952
0.447198
0.430589
0.435784
0.411749
0.422452
0.437756
0.403717
0.382859
0.384454
0.402245
0.398591
0.409391
0.399598
0.374508
0.390179
0.360974
0.359698
0.374328
0.366381
0.375795
0.359192
0.386970
0.398671
0.384907
0.380625
0.379646
0.395679
0.401914
0.387073
0.420005
0.433478
0.396968
0.406654
0.421302
0.412608
0.366047
0.384949
0.360650
0.383706
0.364352
0.362949
0.377999
0.435790
0.430222
0.442493
0.414176
0.423414
0.392981
0.412864
0.409807
0.365328
0.375038
0.393597
0.409400
0.415246
0.398208
0.382261
0.394445
0.357104
0.352777
0.380307
0.374000
0.377197
0.389932
0.389550
0.368273
0.346273
0.364448
0.384940
0.336062
0.334176
0.358100
0.361275
0.368470
0.413264
0.383989
0.445279
0.427418
0.412389
0.401979
0.373632
0.377011
0.368112
0.345685
0.342653
0.359607
0.324024
0.322451
0.292909
0.330741
0.364795
0.323442
0.306747
0.304468
0.299993
0.329123
0.330678
0.334132
0.361000
0.360852
0.382621
0.374001
0.388002
0.384798
0.381417
0.386962
0.401584
0.415630
0.409725
0.419944
0.408749
0.415884
0.415245
0.419544
0.420153
0.424216
0.417289
0.396287
0.424418
0.417732
0.421240
0.409672
0.431349
0.436166
0.439682
0.447996
0.435396
0.440102
0.429635
0.409147
0.417273
0.430382
0.423827
0.425712
0.425058
0.400646
0.369761
0.427966
0.407120
0.417392
0.374366
0.364952
0.343441
0.289710
0.347311
0.310549
0.252439
0.318485
0.328987
0.349455
0.336413
0.331611
0.301050
0.299483
0.326024
0.333636
0.273280
0.307789
0.248081
0.201697
0.244634
0.282694
0.319012
0.329065
0.334472
0.335090
0.336037
0.339665
0.338131
0.335656
0.315341
0.300769
0.331559
0.334570
0.302178
0.334750
0.304454
0.338570
0.335009
0.306622
0.330220
0.295822
0.285383
0.300449
0.335934
0.310462
0.302040
0.274670
0.270173
0.272027
0.217001
0.185109
0.224230
0.237723
0.231863
0.214811
0.173881
0.205088
0.203257
0.207033
0.201034
0.212250
0.206162
0.257569
0.222559
0.250339
0.224180
0.262042
0.224705
0.222331
0.195463
0.173658
0.213001
0.179946
0.166639
0.193293
0.228166
0.210530
0.217730
0.203131
0.194451
0.180035
0.164121
0.157605
0.163539
0.162177
0.171754
0.156408
0.205194
0.167449
0.157627
0.195396
0.231778
0.222041
0.216553
0.187344
0.162610
0.163522
0.157730
0.183334
0.163468
0.155534
0.210032
0.183998
0.159974
0.157802
0.155253
0.148055
0.149681
0.155213
0.149405
0.159954
0.198134
0.148098
0.150913
0.195292
0.157721
0.149778
0.220553
0.210607
0.241491
0.258778
0.258071
0.240423
0.212919
0.227587
0.216089
0.177087
0.241936
0.222624
0.176051
0.234837
0.265508
0.264236
0.260717
0.245090
0.240569
0.253651
0.240849
0.176568
0.211580
0.274157
0.269252
0.271247
0.265688
0.275647
0.269717
0.268041
0.262898
0.261252
0.265268
0.260148
0.264494
0.273009
0.265684
0.256196
0.258355
0.272901
0.259806
0.252537
0.240375
0.250561
0.159944
0.151698
0.148824
0.149270
0.148649
0.149767
0.155535
0.153393
0.154908
0.157616
0.155075
0.157518
0.156379
0.154570
0.149752
0.150900
0.149226
0.148343
0.146469
0.150083
0.157986
0.214048
0.201244
0.192769
0.177993
0.207447
0.220182
0.289274
0.301807
0.311529
0.308223
0.299715
0.293360
0.259133
0.233633
0.260407
0.251171
0.225451
0.206044
0.253992
0.244540
0.250582
0.226189
0.249112
0.244484
0.436622
0.443946
0.450930
0.477397
0.465947
0.463086
0.452356
0.412907
0.423795
0.412857
0.425470
0.389521
0.433464
0.444263
0.425191
0.423590
0.416742
0.423023
0.429199
0.413394
0.413400
0.430582
0.415649
0.450350
0.448360
0.448551
0.438733
0.425044
0.446968
0.457516
0.463725
0.455113
0.459402
0.396788
0.423268
0.405606
0.410765
0.423407
0.430067
0.421720
0.411385
0.423841
0.437961
0.436074
0.438001
0.432708
0.433357
0.444419
0.454942
0.449691
0.444049
0.468352
0.480926
0.469129
0.464336
0.464102
0.475110
0.471651
0.322815
0.385408
0.365526
0.425184
0.442406
0.434656
0.405432
0.373762
0.377848
0.383548
0.390142
0.390619
0.372853
0.393417
0.388962
0.330475
0.353357
0.365290
0.331252
0.405753
0.359664
0.434312
0.425038
0.408712
0.324637
0.369725
0.372647
0.407224
0.422862
0.402471
0.332822
0.392253
0.416819
0.413899
0.389084
0.378649
0.365791
0.401640
0.403089
0.406274
0.331220
0.383491
0.378764
0.406303
0.409499
0.397389
0.430753
0.428719
0.415497
0.381209
0.323655
0.380984
0.351810
0.446776
0.362270
0.320182
0.417238
0.442861
0.478670
0.450190
0.455852
0.463986
0.429990
0.412785
0.425277
0.424480
0.373329
0.356933
0.396198
0.427271
0.424110
0.426399
0.412951
0.404742
0.364125
0.406645
0.380887
0.419416
0.449328
0.457012
0.457354
0.438081
0.441416
0.414929
0.438184
0.450296
0.456115
0.465295
0.458392
0.427227
0.407304
0.436871
0.414365
0.397648
0.364731
0.402223
0.362914
0.412429
0.450028
0.481315
0.467511
0.431026
0.288925
0.272159
0.281612
0.260318
0.267982
0.267884
0.275971
0.272730
0.264960
0.285484
0.277792
0.284225
0.295416
0.274417
0.275578
0.268894
0.279356
0.261302
0.280622
0.263285
0.281865
0.302012
0.277855
0.262131
0.274148
0.275843
0.292544
0.307004
0.297081
0.320845
0.350860
0.314312
0.335607
0.350326
0.332211
0.318282
0.308729
0.336218
0.338690
0.331304
0.312653
0.300344
0.292759
0.319839
0.331706
0.348281
0.366904
0.368770
0.380302
0.377218
0.367408
0.382379
0.387281
0.375562
0.388740
0.367318
0.391705
0.346679
0.381854
0.344255
0.369834
0.341465
0.360457
0.370437
0.400809
0.389595
0.337351
0.362218
0.360268
0.382923
0.364933
0.329326
0.338882
0.394178
0.378147
0.373169
0.384649
0.353394
0.351733
0.319965
0.327899
0.339797
0.331006
0.312599
0.322641
0.298278
0.293491
0.305939
0.308095
0.299280
0.291816
0.307360
0.310403
0.298596
0.292133
0.272591
0.290444
0.289385
0.256379
0.292554
0.318373
0.306579
0.303324
0.264596
0.288141
0.266759
0.272684
0.284477
0.269483
0.317054
0.285438
0.313394
0.387932
0.385297
0.380864
0.364308
0.376414
0.341992
0.365802
0.352871
0.355601
0.326716
0.355616
0.358231
0.360081
0.355538
0.323631
0.356882
0.349353
0.350969
0.370543
0.328035
0.302529
0.321539
0.309718
0.331271
0.340465
0.444707
0.425648
0.429504
0.417733
0.414039
0.431354
0.403319
0.428396
0.423596
0.403287
0.376659
0.411265
0.386249
0.390982
0.377349
0.350958
0.376492
0.329788
0.335097
0.331476
0.331662
0.356892
0.338072
0.355333
0.340033
0.332375
0.336482
0.321371
0.289644
0.291276
0.317513
0.290817
0.321513
0.285213
0.304842
0.329512
0.300834
0.328679
0.426878
0.412989
0.422890
0.420577
0.433672
0.436088
0.448164
0.438009
0.440120
0.441651
0.385397
0.391388
0.362100
0.367917
0.364630
0.345086
0.363038
0.348156
0.363109
0.349719
0.354780
0.365490
0.359606
0.382223
0.348899
0.350590
0.349322
0.347842
0.342944
0.341517
0.327608
0.322677
0.328605
0.305170
0.296097
0.299099
0.313591
0.296593
0.304746
0.301662
0.293913
0.288207
0.310009
0.296881
0.312461
0.383145
0.362325
0.375775
0.351809
0.349536
0.340214
0.358971
0.351207
0.352575
0.331364
0.331225
0.309014
0.323342
0.315564
0.311122
0.327911
0.306437
0.324759
0.346898
0.357398
0.329918
0.368900
0.367490
0.375024
0.312558
0.349320
0.338562
0.342740
0.356016
0.388586
0.407146
0.415598
0.409920
0.392853
0.404764
0.392475
0.404879
0.399226
0.362608
0.326778
0.332325
0.339470
0.328986
0.310769
0.320266
0.316729
0.315956
0.367947
0.408626
0.358542
0.370519
0.392559
0.361615
0.342154
0.350695
0.366606
0.375844
0.356962
0.423787
0.415086
0.431988
0.444308
0.441097
0.425220
0.385539
0.402469
0.421824
0.376126
0.383949
0.383060
0.365675
0.390359
0.372088
0.369095
0.336679
0.360420
0.403829
0.392476
0.348618
0.331732
0.348153
0.314687
0.325046
0.324709
0.330134
0.451871
0.430456
0.446273
0.470352
0.466067
0.450523
0.374187
0.374734
0.374314
0.371025
0.370980
0.367838
0.349798
0.345195
0.350811
0.370503
0.362744
0.366199
0.368180
0.365968
0.353161
0.347773
0.351919
0.344129
0.330144
0.331175
0.373946
0.388361
0.365545
0.402027
0.399357
0.417554
0.407636
0.417710
0.436835
0.434896
0.411516
0.372565
0.398023
0.390472
0.410282
0.414950
0.414595
0.417313
0.427741
0.388316
0.407916
0.365238
0.378404
0.382543
0.357342
0.345537
0.340411
0.336940
0.338821
0.359258
0.363090
0.361287
0.358787
0.369025
0.437675
0.410386
0.416194
0.446376
0.411557
0.396636
0.395840
0.398504
0.414450
0.427763
0.415909
0.442494
0.438410
0.438287
0.431381
0.392376
0.416876
0.442057
0.440135
0.440271
0.451020
0.453048
0.453574
0.409662
0.456119
0.444896
0.435878
0.444290
0.436845
0.466145
0.424374
0.427460
0.387555
0.447831
0.398009
0.436348
0.451493
0.432774
0.415531
0.411547
0.421181
0.408032
0.428190
0.409248
0.412217
0.433069
0.428087
0.394504
0.430636
0.415207
0.407268
0.421911
0.406461
0.401250
0.404472
0.350615
0.347396
0.358918
0.393294
0.415804
0.405823
0.383279
0.364726
0.381452
0.364330
0.310166
0.309019
0.313769
0.309601
0.303608
0.316943
0.318141
0.318466
0.360484
0.386226
0.342453
0.377869
0.416937
0.416323
0.414162
0.400778
0.380175
0.395842
0.360234
0.373398
0.357234
0.343879
0.384814
0.336138
0.339094
0.325150
0.320384
0.311059
0.294534
0.291993
0.300373
0.297048
0.289175
0.291185
0.291647
0.303904
0.298549
0.374082
0.398727
0.383546
0.398327
0.410863
0.414284
0.420104
0.399282
0.379368
0.341763
0.317168
0.321382
0.306149
0.297708
0.293097
0.290662
0.304573
0.315586
0.334951
0.348977
0.353805
0.359172
0.339687
0.352161
0.350065
0.366644
0.371488
0.361408
0.370210
0.365684
0.361255
0.366143
0.382106
0.386434
0.339297
0.391428
0.416324
0.413136
0.418346
0.408600
0.385691
0.393188
0.366311
0.387981
0.389395
0.377847
0.356402
0.376644
0.354356
0.375647
0.414709
0.429030
0.440045
0.433772
0.395137
0.412301
0.394608
0.378655
0.402693
0.409396
0.419667
0.400418
0.396112
0.359193
0.390853
0.351449
0.369625
0.373467
0.377140
0.379285
0.388769
0.348525
0.364558
0.333999
0.342566
0.337697
0.328628
0.355835
0.296010
0.305928
0.293909
0.305324
0.292993
0.401129
0.406979
0.428325
0.366261
0.440930
0.399142
0.421840
0.398688
0.436226
0.445022
0.468753
0.473100
0.475172
0.468247
0.427586
0.429817
0.428930
0.428377
0.422480
0.426904
0.422355
0.427179
0.427676
0.431315
0.427999
0.427004
0.440173
0.425096
0.422719
0.433054
0.427086
0.445372
0.431016
0.425944
0.422502
0.427804
0.437047
0.435173
0.420007
0.418336
0.394739
0.297178
0.288199
0.270430
0.273768
0.278748
0.263328
0.251879
0.264940
0.281105
0.284942
0.260918
0.276051
0.270940
0.260613
0.300431
0.292296
0.276713
0.297203
0.293906
0.310191
0.290054
0.258001
0.270963
0.291944
0.281222
0.293490
0.298109
0.310174
0.307869
0.308228
0.297347
0.318938
0.329988
0.314688
0.314212
0.363026
0.363074
0.367797
0.355775
0.348989
0.363328
0.321957
0.334596
0.355893
0.350239
0.337456
0.329209
0.275587
0.264366
0.279210
0.265147
0.257438
0.257589
0.264696
0.260755
0.264681
0.286545
0.289975
0.268711
0.277519
0.277914
0.286743
0.276196
0.257779
0.266479
0.259034
0.281060
0.263908
0.250762
0.297119
0.285643
0.300542
0.297053
0.310739
0.310247
0.305608
0.307678
0.287633
0.304277
0.292391
0.306542
0.308344
0.300011
0.304316
0.303121
0.316704
0.311850
0.305355
0.292186
0.277249
0.283317
0.296964
0.285865
0.317782
0.289935
0.309921
0.395070
0.395995
0.373143
0.369032
0.382260
0.387173
0.397499
0.395013
0.373172
0.381915
0.364910
0.371637
0.291900
0.303117
0.267710
0.285957
0.260377
0.263953
0.267443
0.264037
0.267358
0.262788
0.277565
0.290093
0.317758
0.320361
0.338027
0.334854
0.345149
0.335591
0.348652
0.344284
0.347827
0.347965
0.311297
0.309569
0.321923
0.309597
0.323180
0.332094
0.361473
0.348066
0.352016
0.347088
0.342659
0.335486
0.306229
0.312418
0.295487
0.311880
0.308556
0.288479
0.289060
0.318082
0.288476
0.250496
0.245886
0.234753
0.248741
0.225932
0.253384
0.231178
0.251764
0.244650
0.264174
0.278845
0.270597
0.270006
0.278480
0.284968
0.287090
0.284528
0.285972
0.288256
0.279546
0.287501
0.282601
0.269164
0.277445
0.261845
0.268903
0.261263
0.264514
0.263374
0.253870
0.261307
0.268108
0.327569
0.331762
0.318540
0.331998
0.337877
0.323939
0.328183
0.322931
0.320498
0.311453
0.337937
0.304418
0.325193
0.310256
0.300035
0.305755
0.290967
0.297100
0.306700
0.317581
0.305129
0.297105
0.322701
0.318830
0.318172
0.291476
0.306816
0.359027
0.366406
0.365146
0.364993
0.382281
0.387963
0.369854
0.364034
0.322574
0.326666
0.293847
0.323550
0.332135
0.329910
0.325595
0.313758
0.307128
0.303386
0.356528
0.323119
0.340007
0.322475
0.303690
0.276590
0.268511
0.272719
0.262798
0.266746
0.263933
0.283654
0.280380
0.311407
0.265515
0.263856
0.259555
0.256321
0.255077
0.256531
0.261997
0.269526
0.284394
0.263239
0.270525
0.264956
0.262256
0.258080
0.256418
0.267285
0.271067
0.262711
0.263314
0.273692
0.280823
0.281978
0.264646
0.265669
0.297870
0.275604
0.299373
0.272203
0.286122
0.279525
0.279574
0.309445
0.298509
0.310257
0.269945
0.270561
0.272871
0.295423
0.290204
0.267732
0.271137
0.273114
0.271807
0.287185
0.271627
0.266958
0.288821
0.277899
0.274828
0.263886
0.269620
0.260257
0.271393
0.267280
0.276064
0.297323
0.299527
0.275186
0.288900
0.276421
0.286131
0.273421
0.284057
0.315996
0.303381
0.299034
0.299340
0.296591
0.318921
0.350518
0.360608
0.359591
0.368875
0.350873
0.329353
0.344656
0.317915
0.308356
0.292664
0.305796
0.297289
0.292801
0.279205
0.333493
0.302379
0.336410
0.325993
0.372891
0.324410
0.331539
0.340301
0.283101
0.300640
0.307468
0.309856
0.358699
0.350996
0.367310
0.301510
0.304595
0.310362
0.328139
0.383702
0.370195
0.364525
0.335579
0.344493
0.361229
0.378119
0.397835
0.389526
0.357260
0.357607
0.367990
0.305527
0.316264
0.356183
0.376833
0.332141
0.345096
0.350192
0.285846
0.302743
0.298137
0.339702
0.373943
0.337893
0.333156
0.314280
0.312907
0.311734
0.285747
0.308877
0.338061
0.309108
0.308695
0.284346
0.283176
0.303202
0.323875
0.353028
0.359806
0.365523
0.364157
0.371033
0.369967
0.373995
0.347658
0.344822
0.368937
0.337698
0.369819
0.354200
0.379888
0.387568
0.343383
0.348036
0.421083
0.419284
0.451124
0.452036
0.438580
0.402033
0.386234
0.362371
0.373919
0.366573
0.407566
0.382230
0.387213
0.390206
0.436462
0.419982
0.421850
0.424932
0.407552
0.431478
0.418710
0.387469
0.385087
0.359733
0.361333
0.376940
0.363931
0.387918
0.367573
0.364985
0.396154
0.373709
0.374835
0.410144
0.396103
0.387131
0.426459
0.391163
0.426989
0.411281
0.440889
0.434778
0.415424
0.307310
0.296718
0.299609
0.305251
0.287000
0.292829
0.348146
0.348535
0.365055
0.313217
0.319621
0.295393
0.321862
0.435963
0.456254
0.467618
0.467746
0.451221
0.381954
0.382078
0.382806
0.368741
0.422278
0.373109
0.418768
0.432788
0.426746
0.447318
0.413638
0.427306
0.433992
0.418035
0.373657
0.455263
0.453543
0.408931
0.444813
0.427014
0.424317
0.429462
0.398564
0.416145
0.415761
0.344599
0.330394
0.406313
0.351193
0.378499
0.354424
0.339088
0.326890
0.327900
0.332866
0.386874
0.325885
0.322997
0.296360
0.306400
0.308865
0.320853
0.312227
0.340770
0.331332
0.338698
0.342998
0.329070
0.409423
0.403100
0.418272
0.426040
0.414990
0.386468
0.448181
0.411006
0.447945
0.424030
0.378623
0.415917
0.375984
0.415233
0.449374
0.455382
0.460499
0.462667
0.425739
0.455913
0.470584
0.459941
0.471228
0.471913
0.472244
0.454595
0.448899
0.457039
0.445861
0.437774
0.457800
0.436577
0.432282
0.433522
0.416741
0.428617
0.422029
0.431952
0.434363
0.445001
0.440502
0.445273
0.452893
0.450191
0.461063
0.458245
0.451555
0.415443
0.444209
0.440763
0.421397
0.437119
0.446189
0.440789
0.408614
0.391223
0.421364
0.396379
0.401276
0.343363
0.344237
0.325727
0.413238
0.403343
0.360481
0.375233
0.375672
0.418799
0.426655
0.430710
0.436353
0.433895
0.429142
0.454167
0.440159
0.439841
0.432830
0.450492
0.459926
0.469136
0.471963
0.450975
0.434969
0.430430
0.430337
0.414343
0.454614
0.443450
0.436529
0.448800
0.436833
0.425956
0.412202
0.387298
0.370892
0.363265
0.354141
0.353621
0.370438
0.427690
0.427316
0.454940
0.454126
0.461319
0.435369
0.445837
0.436299
0.431011
0.429126
0.433718
0.433026
0.436076
0.435676
0.434603
0.433864
0.442312
0.446642
0.431668
0.435153
0.424806
0.422826
0.436730
0.407359
0.422705
0.431090
0.426240
0.415139
0.464786
0.453615
0.460274
0.460828
0.443370
0.455003
0.439998
0.450710
0.451540
0.423725
0.429046
0.420527
0.429893
0.425617
0.404526
0.360319
0.327862
0.338140
0.340761
0.398170
0.365222
0.341575
0.399342
0.375940
0.415768
0.365398
0.364589
0.348163
0.304645
0.319053
0.312097
0.316476
0.336117
0.332683
0.357704
0.336937
0.346239
0.348392
0.356988
0.361652
0.368224
0.338181
0.324570
0.349710
0.344753
0.333651
0.327745
0.309529
0.301968
0.218879
0.247596
0.185480
0.232030
0.308557
0.278305
0.173673
0.209422
0.259354
0.241903
0.269872
0.295197
0.310309
0.380841
0.362999
0.160515
0.158567
0.139999
0.149963
0.141008
0.110723
0.109493
0.129760
0.140593
0.147057
0.154341
0.157835
0.216952
0.160011
0.227000
0.149454
0.122678
0.115257
0.181423
0.398271
0.411777
0.373839
0.369772
0.374193
0.405820
0.353319
0.322753
0.279211
0.292494
0.340310
0.366847
0.332850
0.356435
0.408113
0.395797
0.364226
0.347714
0.341499
0.360519
0.311210
0.316391
0.321544
0.319617
0.356296
0.351206
0.326489
0.360142
0.339631
0.315604
0.334304
0.348320
0.351962
0.428595
0.425887
0.394434
0.405754
0.400807
0.370369
0.354787
0.383310
0.385876
0.291992
0.267105
0.348885
0.362793
0.260907
0.340181
0.383802
0.405953
0.391792
0.415835
0.212531
0.204009
0.193633
0.192327
0.170285
0.176909
0.144686
0.156424
0.181999
0.194312
0.190288
0.199244
0.202584
0.157565
0.204300
0.150757
0.193785
0.169388
0.188145
0.147653
0.139130
0.136278
0.183536
0.382310
0.366627
0.388936
0.317230
0.310698
0.314404
0.273931
0.236151
0.268227
0.234537
0.223541
0.255206
0.242533
0.262523
0.338867
0.322337
0.268592
0.264508
0.355808
0.294298
0.227574
0.218659
0.235830
0.231080
0.312744
0.390042
0.365804
0.386694
0.287603
0.331888
0.351969
0.282709
0.225057
0.242629
0.241512
0.271215
0.351746
0.338813
0.192253
0.197594
0.179196
0.169922
0.256461
0.166773
0.242727
0.172656
0.175618
0.230915
0.175753
0.163091
0.181632
0.215653
0.182640
0.188304
0.175897
0.152418
0.156357
0.132420
0.145540
0.139276
0.144226
0.136648
0.133977
0.142924
0.156657
0.208235
0.216945
0.157344
0.166346
0.149945
0.147675
0.145478
0.155351
0.247754
0.267131
0.329755
0.334695
0.288042
0.323612
0.330492
0.378850
0.423624
0.367148
0.316888
0.362609
0.316992
0.277419
0.269708
0.331327
0.309634
0.343699
0.298396
0.253997
0.319645
0.261212
0.337692
0.378137
0.319878
0.354209
0.374569
0.371487
0.271948
0.342565
0.270362
0.368371
0.334508
0.355952
0.404999
0.233657
0.193387
0.163521
0.143103
0.155476
0.145311
0.153965
0.158829
0.173773
0.166998
0.160953
0.162515
0.165944
0.154897
0.152307
0.141878
0.134649
0.157743
0.154573
0.153428
0.150688
0.170566
0.173845
0.177952
0.171732
0.218230
0.226303
0.200786
0.169408
0.165786
0.195073
0.192469
0.381145
0.411847
0.366364
0.397546
0.411174
0.423143
0.411797
0.424161
0.385725
0.420003
0.393311
0.398626
0.419275
0.432110
0.417161
0.416880
0.387627
0.391714
0.422772
0.414309
0.405471
0.418004
0.393203
0.382059
0.371166
0.387417
0.353644
0.354278
0.381676
0.373785
0.396930
0.354641
0.360367
0.366665
0.360254
0.394644
0.385460
0.399697
0.364332
0.399463
0.389748
0.408998
0.399346
0.415735
0.412234
0.425718
0.403391
0.414223
0.383690
0.382766
0.383925
0.403083
0.431353
0.446964
0.421476
0.389836
0.433502
0.448264
0.440149
0.448244
0.437972
0.427119
0.420781
0.435684
0.423699
0.404864
0.391114
0.399338
0.436601
0.437791
0.438220
0.436907
0.442662
0.433647
0.453815
0.429974
0.448677
0.452010
0.435326
0.447088
0.412850
0.434469
0.425592
0.448492
0.459898
0.451803
0.454631
0.448579
0.441576
0.445507
0.438445
0.410140
0.404183
0.423026
0.435807
0.401427
0.406511
0.396367
0.423995
0.413535
0.424839
0.446821
0.450731
0.436666
0.443753
0.441272
0.452801
0.450570
0.449987
0.451514
0.451040
0.449052
0.451042
0.452141
0.455886
0.434958
0.436640
0.428769
0.410215
0.421080
0.416580
0.416899
0.427626
0.423431
0.438284
0.416807
0.414163
0.423018
0.440671
0.407685
0.432087
0.436107
0.439790
0.438541
0.405217
0.398680
0.414887
0.401111
0.395876
0.407754
0.398844
0.419735
0.438072
0.438411
0.437531
0.448395
0.451639
0.442112
0.448495
0.449114
0.424514
0.454151
0.432008
0.467626
0.478550
0.468149
0.447955
0.338079
0.343454
0.428221
0.401949
0.445271
0.433839
0.407187
0.364892
0.369960
0.347371
0.342797
0.319866
0.342443
0.402909
0.413122
0.424131
0.421955
0.388984
0.415580
0.414398
0.416485
0.416025
0.418314
0.415378
0.415807
0.380100
0.410564
0.401153
0.424144
0.424463
0.402658
0.350797
0.378207
0.350774
0.411247
0.420423
0.406129
0.426673
0.433704
0.430390
0.430205
0.429163
0.433889
0.430140
0.437905
0.441522
0.335639
0.312389
0.320067
0.320847
0.315030
0.316316
0.317537
0.319626
0.326183
0.359327
0.372902
0.413663
0.396143
0.363821
0.397110
0.370635
0.372613
0.348848
0.323168
0.327515
0.340333
0.319994
0.307647
0.305661
0.293994
0.305158
0.293660
0.288645
0.303594
0.303586
0.308743
0.305315
0.312761
0.332633
0.365070
0.329172
0.323098
0.343788
0.423515
0.366555
0.364695
0.413384
0.343988
0.291041
0.282366
0.286919
0.278560
0.299438
0.293492
0.304459
0.277377
0.278661
0.305271
0.298117
0.301117
0.314166
0.321373
0.345799
0.342956
0.353348
0.364777
0.333098
0.347700
0.351836
0.346128
0.345199
0.355273
0.354754
0.328361
0.348784
0.357542
0.350900
0.359949
0.352125
0.308076
0.306181
0.314112
0.311239
0.319882
0.318305
0.302705
0.315626
0.325893
0.308080
0.298268
0.315225
0.319232
0.362620
0.422491
0.361880
0.422966
0.469096
0.412775
0.364267
0.349159
0.342943
0.321620
0.336902
0.312128
0.322624
0.299776
0.311318
0.309807
0.325361
0.338218
0.323831
0.329531
0.294691
0.320748
0.296968
0.296809
0.322601
0.306818
0.297819
0.332215
0.311980
0.359081
0.313552
0.296779
0.307373
0.335144
0.292879
0.345209
0.352996
0.339655
0.356378
0.342379
0.327266
0.349966
0.355099
0.340113
0.351412
0.316529
0.337420
0.312162
0.350710
0.315962
0.358963
0.365420
0.341267
0.318195
0.337931
0.326790
0.293385
0.312320
0.296923
0.295642
0.305815
0.308702
0.322456
0.338763
0.310962
0.291860
0.300714
0.332872
0.289699
0.301346
0.301490
0.329841
0.383887
0.398976
0.419299
0.356103
0.405699
0.430427
0.439193
0.443915
0.441182
0.375578
0.409016
0.383773
0.429247
0.432324
0.435380
0.434124
0.356453
0.356544
0.363735
0.325835
0.324445
0.310298
0.301575
0.295527
0.314877
0.324274
0.303575
0.286165
0.304958
0.290250
0.296683
0.295230
0.288761
0.295345
0.319556
0.325423
0.316462
0.345219
0.338954
0.314359
0.304528
0.305794
0.308467
0.326269
0.292283
0.317174
0.376123
0.419714
0.408464
0.423471
0.403685
0.361781
0.350036
0.340675
0.326149
0.335393
0.351327
0.311907
0.325878
0.364564
0.340432
0.365624
0.377170
0.370291
0.353130
0.347379
0.316961
0.324692
0.300568
0.317674
0.316670
0.328572
0.358710
0.345295
0.352233
0.375262
0.360844
0.332624
0.331923
0.329506
0.348607
0.400912
0.440923
0.440440
0.397064
0.436341
0.437951
0.438183
0.434205
0.435214
0.431029
0.439009
0.444320
0.461630
0.466121
0.452457
0.461567
0.458977
0.471243
0.464665
0.456971
0.462483
0.457338
0.447043
0.452304
0.432853
0.455559
0.445582
0.447600
0.454080
0.442662
0.462658
0.458685
0.470857
0.472971
0.436362
0.471643
0.444243
0.331416
0.343745
0.342664
0.361145
0.359729
0.357966
0.360022
0.321606
0.343572
0.353367
0.348644
0.350769
0.350970
0.340721
0.330395
0.348349
0.328914
0.350007
0.298051
0.281984
0.301557
0.344474
0.341353
0.369167
0.352010
0.378975
0.365144
0.376156
0.369975
0.363258
0.376846
0.345020
0.350372
0.377808
0.319706
0.324825
0.318656
0.307531
0.344565
0.351202
0.345440
0.341479
0.360082
0.358642
0.348664
0.361769
0.354120
0.344331
0.355813
0.335463
0.302474
0.287714
0.327614
0.335793
0.350646
0.333865
0.340658
0.344562
0.352752
0.368700
0.354171
0.350983
0.355801
0.343936
0.355152
0.359103
0.332007
0.333196
0.321224
0.354933
0.356753
0.349737
0.358497
0.359363
0.351163
0.366759
0.367560
0.360343
0.348517
0.371887
0.353423
0.366977
0.375137
0.362577
0.347291
0.328996
0.302213
0.306698
0.329828
0.325574
0.280009
0.284138
0.281714
0.284691
0.273688
0.271084
0.268144
0.296813
0.285472
0.345004
0.337361
0.340157
0.347052
0.338335
0.353227
0.337929
0.363609
0.333713
0.329764
0.314514
0.310664
0.318827
0.347215
0.341146
0.327538
0.325321
0.335851
0.343521
0.335270
0.347968
0.342780
0.366394
0.365099
0.319824
0.326147
0.344452
0.338834
0.348559
0.352388
0.327978
0.336259
0.342292
0.344323
0.347098
0.351474
0.348867
0.336109
0.329017
0.327565
0.370284
0.340517
0.348417
0.351687
0.327652
0.348873
0.328381
0.331419
0.321796
0.355951
0.368299
0.318807
0.329389
0.331026
0.342743
0.316659
0.326460
0.332642
0.345843
0.346424
0.354923
0.341242
0.346667
0.343786
0.352275
0.330419
0.337298
0.361260
0.314694
0.363651
0.327111
0.351883
0.328668
0.346280
0.336406
0.342681
0.339447
0.340688
0.338192
0.347395
0.330328
0.361283
0.349574
0.337751
0.349829
0.321886
0.318606
0.310112
0.323972
0.330208
0.369254
0.382869
0.377847
0.375807
0.353689
0.355943
0.353894
0.354360
0.346449
0.349192
0.362198
0.391917
0.389566
0.350096
0.381744
0.348875
0.370668
0.388520
0.327522
0.334966
0.336220
0.337128
0.328383
0.346259
0.355941
0.356520
0.352313
0.359153
0.345107
0.362611
0.354200
0.374396
0.342353
0.383631
0.333367
0.340195
0.370307
0.318905
0.359738
0.319567
0.318718
0.324880
0.325030
0.314996
0.343729
0.330551
0.333866
0.335412
0.333801
0.332570
0.308009
0.317710
0.310889
0.329823
0.332280
0.309623
0.327758
0.331127
0.307109
0.326561
0.315448
0.323085
0.335494
0.357566
0.366631
0.373254
0.361422
0.353067
0.355775
0.356439
0.358635
0.368325
0.363182
0.365492
0.350452
0.344428
0.361545
0.360552
0.372713
0.363953
0.350440
0.339363
0.324515
0.359027
0.325354
0.303266
0.307389
0.296476
0.303407
0.304030
0.314335
0.326430
0.312127
0.304496
0.294290
0.298443
0.306322
0.297007
0.310279
0.313156
0.312767
0.338995
0.339968
0.310760
0.322677
0.297744
0.297965
0.308121
0.298495
0.312395
0.303473
0.286596
0.299835
0.298452
0.281641
0.282895
0.301776
0.285393
0.314154
0.311880
0.333452
0.295244
0.287795
0.302018
0.281418
0.297892
0.288763
0.287367
0.327100
0.276684
0.288502
0.289930
0.308066
0.319973
0.314857
0.297267
0.316557
0.281982
0.292320
0.289277
0.281061
0.302097
0.312095
0.285659
0.302558
0.285778
0.310795
0.307396
0.324687
0.307771
0.306421
0.317211
0.285852
0.316888
0.290936
0.291766
0.287285
0.290601
0.295000
0.287882
0.288095
0.295724
0.283733
0.285758
0.281779
0.290033
0.279737
0.280453
0.280497
0.279229
0.287783
0.276124
0.285497
0.274973
0.271919
0.273935
0.270629
0.273991
0.270743
0.274056
0.274502
0.275686
0.271046
0.273822
0.267557
0.267848
0.265113
0.268260
0.282926
0.290232
0.282262
0.281539
0.273228
0.276082
0.275341
0.284031
0.275671
0.286003
0.287630
0.334214
0.325201
0.331936
0.302493
0.314450
0.308471
0.329208
0.330359
0.318333
0.329319
0.339413
0.337762
0.341505
0.326553
0.316310
0.324303
0.328132
0.364499
0.295817
0.319342
0.318619
0.322652
0.337906
0.336964
0.332591
0.397500
0.404633
0.344057
0.380763
0.318198
0.334892
0.356109
0.340813
0.349174
0.356299
0.336087
0.347678
0.346476
0.333551
0.328190
0.340657
0.299481
0.303791
0.324364
0.320880
0.323160
0.303376
0.358986
0.327460
0.325413
0.326699
0.334376
0.318686
0.338901
0.352046
0.363851
0.375570
0.325570
0.335737
0.340570
0.336911
0.335192
0.338063
0.334437
0.341513
0.334574
0.335563
0.343634
0.341150
0.315520
0.340123
0.313198
0.320331
0.331065
0.305306
0.333037
0.324347
0.332990
0.323004
0.346383
0.323018
0.323783
0.337212
0.349792
0.334156
0.334641
0.339041
0.340368
0.359862
0.358581
0.341762
0.361599
0.353897
0.362953
0.351521
0.358775
0.368044
0.335675
0.343091
0.367218
0.358766
0.359041
0.308869
0.313664
0.318026
0.274820
0.273677
0.259162
0.259800
0.266177
0.273125
0.314089
0.329020
0.328360
0.338147
0.312662
0.329916
0.318939
0.287072
0.269493
0.274085
0.265290
0.260246
0.262992
0.251291
0.251323
0.273196
0.255681
0.263804
0.254201
0.258200
0.250415
0.292219
0.301327
0.285715
0.272504
0.284965
0.281416
0.275185
0.283395
0.299384
0.288401
0.307983
0.317412
0.296308
0.286650
0.278618
0.282997
0.276410
0.273586
0.262411
0.254152
0.276992
0.247203
0.254618
0.266572
0.270951
0.399247
0.407635
0.420357
0.395254
0.397821
0.424922
0.395997
0.418490
0.420228
0.414248
0.406321
0.407706
0.423457
0.427958
0.425314
0.443656
0.439742
0.433628
0.446209
0.437023
0.423363
0.424373
0.413053
0.416737
0.381284
0.392466
0.427667
0.435273
0.439942
0.429253
0.424187
0.432990
0.425900
0.417143
0.424070
0.437044
0.433498
0.417773
0.402345
0.428008
0.411890
0.406149
0.392042
0.421841
0.434964
0.424126
0.430290
0.449326
0.445998
0.430385
0.447613
0.425287
0.416003
0.413566
0.403831
0.375478
0.413396
0.404699
0.422311
0.437252
0.437071
0.443277
0.442803
0.446804
0.419004
0.386235
0.410276
0.429296
0.423397
0.416836
0.409649
0.405894
0.394029
0.383508
0.415804
0.413806
0.405515
0.400512
0.424070
0.420256
0.409129
0.406364
0.395507
0.402828
0.411363
0.411379
0.418388
0.419698
0.403904
0.419915
0.430159
0.403295
0.434902
0.438874
0.430357
0.400091
0.419095
0.424237
0.428475
0.412808
0.448585
0.431426
0.389593
0.426265
0.341454
0.345129
0.316111
0.310422
0.319416
0.320314
0.321166
0.296033
0.302004
0.310603
0.299066
0.307379
0.319597
0.318049
0.322817
0.308267
0.322700
0.329135
0.330124
0.323830
0.355393
0.318552
0.310700
0.329660
0.332037
0.321682
0.323209
0.333725
0.322052
0.350863
0.381982
0.360115
0.372536
0.359682
0.392798
0.402209
0.380406
0.398521
0.403300
0.405620
0.393329
0.379739
0.399698
0.397221
0.406144
0.370615
0.392389
0.380985
0.381110
0.388532
0.382228
0.410534
0.414291
0.403229
0.413318
0.414830
0.393386
0.402285
0.409571
0.416087
0.351104
0.392104
0.383172
0.380109
0.406527
0.397911
0.376912
0.416993
0.417887
0.429647
0.403974
0.382369
0.412379
0.363455
0.404651
0.409824
0.356077
0.395421
0.386104
0.387387
0.393914
0.376177
0.401809
0.395308
0.416764
0.408005
0.391382
0.409757
0.403870
0.365768
0.378219
0.357252
0.334844
0.366725
0.383907
0.389841
0.356444
0.383308
0.387164
0.388106
0.390434
0.368695
0.349012
0.360412
0.380955
0.383510
0.367059
0.340273
0.371490
0.371648
0.356441
0.382332
0.366944
0.358143
0.377091
0.363571
0.319376
0.319370
0.325383
0.339940
0.344829
0.338296
0.355789
0.355470
0.355300
0.353258
0.374199
0.360506
0.360207
0.380724
0.325950
0.338402
0.320741
0.316459
0.321829
0.322139
0.320632
0.355129
0.322203
0.319013
0.324793
0.314593
0.340476
0.324212
0.361104
0.353409
0.345061
0.370957
0.316327
0.331069
0.325396
0.334468
0.338270
0.353199
0.339771
0.334111
0.339509
0.333271
0.331169
0.337840
0.323652
0.323075
0.332753
0.336752
0.319688
0.307093
0.165391
0.145044
0.173502
0.138953
0.138738
0.139253
0.141988
0.146686
0.146526
0.139759
0.139183
0.133958
0.133633
0.136206
0.142490
0.145290
0.146136
0.148121
0.144894
0.147255
0.143694
0.147222
0.141528
0.147868
0.146185
0.141998
0.142942
0.133676
0.135992
0.132963
0.131061
0.140606
0.141551
0.138095
0.140448
0.140103
0.140915
0.135237
0.142955
0.140663
0.138360
0.134486
0.131224
0.121713
0.123851
0.125659
0.129743
0.130732
0.136185
0.143042
0.136357
0.121990
0.132390
0.126826
0.139058
0.122093
0.124844
0.131861
0.124816
0.148056
0.149032
0.144321
0.148189
0.146439
0.146677
0.145854
0.141079
0.146879
0.126232
0.127060
0.139516
0.123371
0.118773
0.133649
0.119573
0.141876
0.135511
0.213290
0.186980
0.206056
0.179796
0.173546
0.169742
0.191168
0.182531
0.167681
0.165354
0.165102
0.165302
0.158441
0.179417
0.160102
0.132058
0.136817
0.156719
0.146876
0.140190
0.132967
0.158050
0.133799
0.129225
0.143785
0.149387
0.149396
0.151124
0.150253
0.150809
0.178186
0.181751
0.211068
0.207857
0.176064
0.198415
0.204935
0.223054
0.245489
0.181513
0.170689
0.160759
0.152665
0.146811
0.176162
0.258396
0.289606
0.267980
0.224249
0.249353
0.232473
0.261960
0.291081
0.260214
0.216273
0.209296
0.198137
0.198773
0.204668
0.207018
0.210383
0.208668
0.201620
0.200685
0.210647
0.203874
0.225111
0.216311
0.196096
0.205190
0.231636
0.210755
0.236950
0.224452
0.230351
0.229533
0.241410
0.249082
0.239344
0.255622
0.244744
0.228789
0.238350
0.226219
0.226182
0.230032
0.224269
0.242363
0.216065
0.238409
0.246424
0.242976
0.267845
0.249729
0.279772
0.264628
0.256188
0.258586
0.268281
0.265463
0.257657
0.266901
0.266664
0.274118
0.293913
0.272995
0.269522
0.281163
0.269286
0.265319
0.279654
0.267158
0.271795
0.291274
0.305436
0.320787
0.315518
0.295367
0.281823
0.133895
0.116995
0.112048
0.108921
0.106242
0.106419
0.105362
0.107503
0.115730
0.083813
0.092203
0.082443
0.093698
0.093667
0.096752
0.083954
0.090810
0.098769
0.104623
0.099668
0.101249
0.064628
0.066526
0.065438
0.068305
0.065182
0.070368
0.068232
0.070732
0.075071
0.077583
0.072488
0.070372
0.063885
0.063421
0.067042
0.065444
0.062123
0.065742
0.069880
0.069350
0.068200
0.066975
0.063485
0.059159
0.074235
0.068719
0.080869
0.070081
0.076762
0.072216
0.072238
0.070172
0.067417
0.078142
0.087021
0.085128
0.093004
0.082787
0.083213
0.087080
0.087218
0.144005
0.147396
0.151788
0.150519
0.150806
0.151430
0.154091
0.154123
0.143383
0.202556
0.170986
0.175763
0.142656
0.102485
0.098657
0.163426
0.178188
0.157815
0.263450
0.314437
0.241545
0.229634
0.274657
0.321326
0.344407
0.360893
0.347213
0.337186
0.373767
0.331197
0.337514
0.351353
0.351214
0.340074