0.092606
0.105219
0.073637
0.090258
0.090329
0.091691
0.097014
0.086272
0.075745
0.079455
0.086720
0.077775
0.078051
0.089511
0.088956
0.088726
0.095076
0.088443
0.064252
0.085253
0.084242
0.065176
0.086960
0.089145
0.082444
0.090834
0.091233
0.092008
0.089378
0.089124
0.072169
0.073643
0.071132
0.070910
0.071603
0.071374
0.068338
0.066345
0.064870
0.065810
0.068245
0.068130
0.066737
0.063923
0.063071
0.069087
0.069489
0.065984
0.063554
0.067476
0.068198
0.070842
0.071508
0.069283
0.070992
0.068627
0.066978
0.062377
0.069509
0.065173
0.064073
0.072720
0.071623
0.066458
0.068256
0.073281
0.075386
0.080455
0.070074
0.079701
0.075371
0.082090
0.085683
0.090944
0.085906
0.083915
0.091256
0.090639
0.088850
0.086557
0.073526
0.076770
0.080349
0.073218
0.084434
0.079011
0.070908
0.072120
0.070042
0.063248
0.063915
0.064623
0.073057
0.075143
0.063574
0.066209
0.059116
0.058924
0.058716
0.058814
0.061148
0.061400
0.059096
0.059073
0.058829
0.058862
0.060235
0.061159
0.060184
0.063649
0.064139
0.061940
0.061854
0.065315
0.063420
0.065683
0.058312
0.058607
0.056677
0.059251
0.060127
0.058266
0.056219
0.056406
0.056207
0.054384
0.053463
0.055035
0.055636
0.054928
0.059078
0.055306
0.058069
0.049557
0.045385
0.045543
0.048992
0.041499
0.041622
0.042618
0.045425
0.049312
0.057203
0.053753
0.053126
0.056729
0.054437
0.058494
0.053429
0.047992
0.057284
0.058181
0.052793
0.046955
0.043170
0.040992
0.042410
0.041118
0.042196
0.043251
0.039085
0.038541
0.044229
0.040884
0.044465
0.041469
0.038562
0.039890
0.046735
0.047745
0.049118
0.056044
0.055720
0.056556
0.048550
0.048641
0.057041
0.058228
0.058375
0.055522
0.055620
0.058669
0.053899
0.052853
0.052166
0.055270
0.057885
0.064826
0.060800
0.061529
0.063821
0.060271
0.062569
0.060209
0.057944
0.065002
0.061137
0.056403
0.054476
0.055097
0.056537
0.052097
0.055912
0.050636
0.049761
0.050092
0.051224
0.049501
0.048945
0.053042
0.054441
0.055041
0.050607
0.051148
0.051677
0.051338
0.054616
0.051703
0.050564
0.051304
0.049929
0.053340
0.055478
0.081494
0.079903
0.084578
0.085585
0.080719
0.084327
0.091480
0.091632
0.079876
0.083690
0.085549
0.081410
0.088908
0.083370
0.080153
0.080061
0.077210
0.070567
0.073718
0.073756
0.079720
0.076492
0.073669
0.071478
0.079001
0.082020
0.079647
0.082389
0.073560
0.075869
0.070033
0.077979
0.067786
0.064173
0.085064
0.077447
0.104626
0.099551
0.105084
0.101051
0.092489
0.096763
0.095027
0.097033
0.092886
0.091152
0.094414
0.096913
0.094960
0.085475
0.084776
0.088510
0.074718
0.083004
0.077799
0.072191
0.075090
0.085192
0.078043
0.084805
0.082261
0.085139
0.054036
0.052928
0.053386
0.057016
0.055551
0.063909
0.051633
0.054181
0.053043
0.055438
0.052740
0.064447
0.062866
0.065267
0.067449
0.059789
0.052434
0.066282
0.057272
0.063293
0.066504
0.067667
0.065042
0.053907
0.056342
0.055630
0.054412
0.053662
0.052408
0.055309
0.061995
0.051226
0.065702
0.065008
0.112746
0.122735
0.113279
0.110827
0.121805
0.120057
0.115071
0.103191
0.103557
0.096328
0.089300
0.103282
0.106491
0.103262
0.098691
0.095129
0.098126
0.087697
0.085869
0.057870
0.061703
0.063523
0.063137
0.054759
0.047659
0.050704
0.047108
0.050299
0.051575
0.059875
0.066090
0.070408
0.068941
0.080045
0.079397
0.081843
0.086542
0.093299
0.100607
0.093003
0.089679
0.099429
0.116060
0.118758
0.114599
0.115363
0.109751
0.119208
0.117834
0.115039
0.116846
0.111698
0.113932
0.108710
0.109076
0.110211
0.113193
0.120117
0.111323
0.105188
0.116481
0.114267
0.114623
0.117434
0.116429
0.103578
0.117897
0.081550
0.079643
0.072125
0.067004
0.079367
0.061514
0.073723
0.073024
0.069927
0.074235
0.073739
0.092919
0.087716
0.091050
0.091335
0.080548
0.098247
0.085484
0.098490
0.103273
0.092937
0.101560
0.107452
0.105217
0.104675
0.115093
0.122590
0.101990
0.112436
0.100342
0.101110
0.105384
0.100075
0.109456
0.115153
0.109487
0.129886
0.109238
0.133545
0.121779
0.123437
0.114528
0.110856
0.145926
0.153960
0.147011
0.163779
0.157905
0.146638
0.149216
0.172063
0.186670
0.148440
0.140886
0.142585
0.142200
0.121796
0.125693
0.135729
0.142444
0.126902
0.145678
0.138222
0.134436
0.128998
0.115066
0.149417
0.143500
0.144088
0.125641
0.109168
0.134177
0.139312
0.101009
0.145198
0.119994
0.121018
0.123421
0.121485
0.125126
0.130402
0.133607
0.100339
0.084787
0.086546
0.088129
0.087041
0.080099
0.077532
0.078464
0.090131
0.081445
0.095678
0.146811
0.125543
0.133287
0.121824
0.136969
0.139906
0.107842
0.100079
0.096088
0.091460
0.099226
0.093421
0.098865
0.082799
0.092250
0.126126
0.148233
0.127746
0.113800
0.114568
0.111879
0.115996
0.117936
0.114556
0.133562
0.143477
0.142464
0.129509
0.126037
0.124233
0.123416
0.125910
0.142688
0.132267
0.162770
0.144405
0.167898
0.146283
0.165113
0.128255
0.126897
0.137905
0.107172
0.087746
0.086157
0.075121
0.084937
0.083704
0.090606
0.083427
0.101669
0.093040
0.084968
0.093613
0.080011
0.084155
0.069415
0.080416
0.089916
0.079390
0.079501
0.086063
0.074147
0.066365
0.062460
0.058843
0.069388
0.079813
0.057666
0.061718
0.072545
0.058268
0.058845
0.063322
0.062554
0.074486
0.070323
0.066858
0.062272
0.069893
0.065553
0.062987
0.076989
0.086132
0.099759
0.109926
0.118087
0.119305
0.112058
0.107476
0.109760
0.103136
0.106323
0.092772
0.081421
0.079076
0.075835
0.077269
0.074639
0.071386
0.060139
0.069145
0.096467
0.079002
0.075698
0.087667
0.075625
0.089796
0.085114
0.078837
0.103291
0.096873
0.081302
0.074353
0.075343
0.087880
0.082517
0.084370
0.069977
0.082960
0.091330
0.077902
0.071782
0.073868
0.062494
0.076646
0.074130
0.079193
0.071804
0.074682
0.069842
0.087780
0.082294
0.078675
0.094726
0.106765
0.113468
0.121910
0.106877
0.111741
0.109579
0.108496
0.119079
0.104882
0.111601
0.122752
0.119019
0.121702
0.134048
0.144576
0.167518
0.173232
0.129733
0.131411
0.138724
0.128642
0.139748
0.130975
0.119551
0.117361
0.123193
0.122984
0.136424
0.143464
0.156868
0.127529
0.139835
0.121279
0.125048
0.117007
0.108843
0.107842
0.111655
0.144496
0.112963
0.127463
0.172426
0.143175
0.139111
0.147995
0.145396
0.199838
0.185244
0.132579
0.114028
0.100311
0.111724
0.106743
0.148762
0.132273
0.148872
0.180334
0.110045
0.091345
0.143698
0.086784
0.085388
0.089612
0.105949
0.089606
0.096911
0.092332
0.093973
0.091317
0.087452
0.099481
0.089191
0.105847
0.115464
0.108688
0.126171
0.119223
0.199506
0.148653
0.140228
0.193140
0.133184
0.155578
0.125136
0.146517
0.095639
0.128452
0.107499
0.105412
0.133963
0.125265
0.179395
0.170828
0.145321
0.132228
0.124751
0.108134
0.120383
0.102582
0.097199
0.127841
0.111999
0.118842
0.114275
0.112491
0.098024
0.093296
0.093298
0.099249
0.112027
0.113513
0.094987
0.105537
0.096850
0.112413
0.109466
0.127318
0.155852
0.123881
0.181336
0.145046
0.125920
0.122647
0.113234
0.134504
0.118151
0.104895
0.114012
0.113082
0.130177
0.117445
0.150012
0.182483
0.144893
0.181079
0.127416
0.152563
0.162484
0.167326
0.151642
0.149122
0.134778
0.155513
0.146157
0.109435
0.106737
0.105890
0.123263
0.136408
0.089233
0.082722
0.071365
0.106740
0.091051
0.080918
0.070847
0.066871
0.065275
0.065654
0.061728
0.069296
0.079648
0.082789
0.091912
0.130715
0.108878
0.149857
0.117582
0.126463
0.110776
0.118768
0.110827
0.103590
0.110165
0.106737
0.093274
0.095635
0.096324
0.094295
0.100891
0.098140
0.096734
0.107891
0.089766
0.128162
0.155549
0.122589
0.064003
0.078145
0.067640
0.066514
0.088709
0.060175
0.064072
0.071569
0.072639
0.075169
0.088560
0.088443
0.091376
0.091867
0.095693
0.095932
0.074866
0.091967
0.097368
0.097845
0.085620
0.080644
0.083578
0.098427
0.076499
0.096456
0.074371
0.097232
0.087380
0.113453
0.119795
0.120654
0.131219
0.131173
0.117316
0.139051
0.138765
0.098529
0.079755
0.110489
0.088429
0.067673
0.070858
0.105159
0.091133
0.090687
0.098037
0.097504
0.103556
0.118805
0.126159
0.144347
0.150632
0.108211
0.135935
0.143159
0.095170
0.107500
0.077677
0.083314
0.085655
0.080086
0.088976
0.100636
0.069895
0.074299
0.066508
0.073133
0.060208
0.074606
0.081125
0.084653
0.088638
0.092445
0.094950
0.089472
0.086329
0.089439
0.099290
0.101864
0.109571
0.143385
0.171909
0.177121
0.172460
0.174869
0.179425
0.155880
0.175526
0.124549
0.127905
0.129758
0.135364
0.144374
0.146095
0.158787
0.135925
0.131955
0.124520
0.125257
0.119761
0.129542
0.141600
0.146151
0.131617
0.148698
0.143205
0.148800
0.131513
0.142315
0.181213
0.152686
0.179668
0.156611
0.177171
0.164816
0.161262
0.169812
0.160643
0.163728
0.151393
0.162827
0.150386
0.151924
0.168647
0.171176
0.149731
0.162833
0.130016
0.142761
0.147132
0.125804
0.149699
0.174657
0.177377
0.150501
0.150856
0.191105
0.152188
0.163232
0.149285
0.166408
0.149823
0.177834
0.169778
0.149280
0.170017
0.149254
0.151990
0.145797
0.151648
0.141144
0.168426
0.150200
0.152711
0.191724
0.175470
0.149987
0.108917
0.089770
0.087581
0.112096
0.084953
0.080601
0.095887
0.085292
0.087572
0.113339
0.123856
0.124065
0.118709
0.124127
0.139604
0.142246
0.129492
0.148541
0.160927
0.141489
0.152134
0.096593
0.140533
0.112300
0.138426
0.088939
0.090357
0.099867
0.079477
0.080396
0.081944
0.081856
0.105144
0.082983
0.083846
0.140936
0.160874
0.153175
0.157064
0.167259
0.150743
0.123885
0.123668
0.114720
0.113967
0.140551
0.154730
0.153710
0.170222
0.154315
0.170036
0.157189
0.157633
0.163154
0.207120
0.158423
0.195407
0.198383
0.160248
0.159448
0.147735
0.067176
0.066473
0.053330
0.057716
0.059719
0.055495
0.059699
0.057589
0.053533
0.056340
0.058610
0.062406
0.066715
0.068124
0.068453
0.057788
0.069207
0.075327
0.058716
0.061125
0.078197
0.143831
0.092837
0.123675
0.106703
0.136665
0.113283
0.093545
0.059314
0.066493
0.072014
0.077438
0.054510
0.053728
0.063032
0.069863
0.052619
0.049480
0.052357
0.054392
0.052660
0.052865
0.065050
0.055532
0.056610
0.078254
0.052756
0.049622
0.062644
0.059996
0.049533
0.045693
0.047377
0.052792
0.045526
0.052895
0.057039
0.051821
0.054724
0.053024
0.059112
0.063896
0.060166
0.057891
0.060261
0.060804
0.067126
0.062647
0.056197
0.056611
0.054174
0.050210
0.052821
0.045130
0.046336
0.046222
0.055173
0.051774
0.066282
0.155558
0.149270
0.159916
0.172675
0.168500
0.185890
0.176202
0.147171
0.135465
0.149807
0.136344
0.133158
0.071445
0.063100
0.066533
0.058677
0.061562
0.078137
0.126994
0.086712
0.079603
0.119097
0.127553
0.104679
0.067442
0.073358
0.093302
0.057481
0.061469
0.083572
0.078135
0.081760
0.088806
0.082112
0.082998
0.086012
0.088600
0.093259
0.081684
0.085349
0.095374
0.083230
0.097856
0.115865
0.134498
0.115702
0.126670
0.111891
0.126865
0.101995
0.083080
0.081825
0.074092
0.075886
0.080836
0.069345
0.075133
0.072659
0.073348
0.077170
0.077357
0.080855
0.094672
0.082020
0.090131
0.086461
0.084826
0.105100
0.083869
0.122548
0.095192
0.099560
0.101090
0.100617
0.093903
0.096184
0.122403
0.108347
0.105127
0.105390
0.103895
0.123221
0.198256
0.151552
0.184123
0.151352
0.149646
0.180896
0.164744
0.126597
0.120646
0.120029
0.113606
0.121517
0.120814
0.111331
0.101081
0.104197
0.105519
0.104458
0.109721
0.109940
0.123428
0.149162
0.166965
0.143638
0.175773
0.133522
0.132440
0.140156
0.155412
0.120657
0.120746
0.111152
0.120717
0.108943
0.101143
0.145409
0.118785
0.143634
0.159347
0.118383
0.121520
0.124717
0.120187
0.117966
0.118587
0.113274
0.120001
0.104534
0.111782
0.112637
0.100742
0.116146
0.108722
0.109413
0.114611
0.103528
0.118656
0.133630
0.147956
0.173514
0.162468
0.146608
0.166176
0.148451
0.159530
0.156184
0.159475
0.120890
0.128311
0.141545
0.117406
0.126289
0.131837
0.155096
0.091681
0.099563
0.083302
0.111661
0.068899
0.070420
0.066685
0.076753
0.064880
0.068096
0.071451
0.115392
0.087995
0.130828
0.143980
0.122110
0.105715
0.114438
0.143196
0.097250
0.098773
0.103209
0.101963
0.107540
0.103378
0.091991
0.098179
0.091727
0.100938
0.116913
0.151349
0.059911
0.061543
0.060855
0.051424
0.042636
0.043205
0.046887
0.047812
0.053315
0.066248
0.060277
0.069666
0.068931
0.087977
0.057003
0.065109
0.077249
0.068927
0.067616
0.080369
0.113788
0.132903
0.068308
0.089654
0.111481
0.061041
0.075193
0.066478
0.095887
0.110459
0.111532
0.102315
0.108555
0.115084
0.117137
0.112649
0.115902
0.128778
0.101441
0.109022
0.078493
0.074307
0.073624
0.074065
0.078042
0.069928
0.076244
0.074676
0.107503
0.128437
0.115504
0.103335
0.115510
0.119731
0.133098
0.129667
0.147570
0.135635
0.124308
0.147380
0.145158
0.151323
0.161199
0.155352
0.152202
0.141251
0.146592
0.117123
0.074376
0.055864
0.062889
0.070800
0.069590
0.076464
0.105963
0.118310
0.074691
0.089142
0.072421
0.071422
0.054790
0.106192
0.108513
0.124182
0.124094
0.104676
0.116417
0.120062
0.136646
0.135490
0.124645
0.126662
0.115974
0.109852
0.098666
0.093083
0.115620
0.103680
0.099828
0.135143
0.142033
0.140994
0.140336
0.154213
0.159587
0.158602
0.155772
0.154472
0.136444
0.160954
0.145556
0.132807
0.128955
0.140517
0.125806
0.125554
0.135332
0.119907
0.136398
0.141589
0.151061
0.146488
0.149062
0.140298
0.150787
0.128441
0.137539
0.149724
0.152047
0.108184
0.126665
0.139668
0.099797
0.109493
0.093570
0.092772
0.108234
0.096678
0.113687
0.131985
0.145736
0.127423
0.123993
0.151091
0.159748
0.101927
0.102036
0.123256
0.146912
0.137660
0.152720
0.140240
0.144077
0.144462
0.151035
0.157768
0.158682
0.193885
0.158812
0.162566
0.182425
0.159898
0.171427
0.168859
0.162009
0.160312
0.193086
0.153537
0.169306
0.161341
0.152336
0.166545
0.150003
0.143473
0.145070
0.140032
0.161017
0.150672
0.137385
0.143089
0.142350
0.148635
0.163280
0.152117
0.154394
0.146509
0.080139
0.082353
0.079226
0.076895
0.071553
0.076192
0.072036
0.071894
0.076200
0.091865
0.077058
0.085746
0.077832
0.096584
0.091666
0.097954
0.121369
0.105177
0.122945
0.110589
0.119930
0.102414
0.102684
0.101235
0.113630
0.113298
0.120927
0.124189
0.122572
0.120680
0.107557
0.106787
0.120536
0.112439
0.099505
0.103386
0.096566
0.094769
0.103534
0.109614
0.130541
0.098080
0.112632
0.132853
0.150229
0.172349
0.149582
0.180435
0.118310
0.126583
0.122676
0.115252
0.109764
0.104630
0.115287
0.108008
0.103128
0.114761
0.112034
0.119799
0.121640
0.115311
0.114599
0.125928
0.120992
0.122791
0.127540
0.125916
0.141929
0.131466
0.130471
0.143798
0.153039
0.209500
0.172076
0.154463
0.147318
0.176898
0.133731
0.140737
0.096084
0.100102
0.095026
0.096925
0.121646
0.091824
0.092178
0.089596
0.099074
0.078354
0.074336
0.079499
0.083108
0.075992
0.081152
0.085591
0.087901
0.112970
0.108822
0.098608
0.134321
0.121799
0.129230
0.142203
0.134265
0.125776
0.130442
0.139576
0.134673
0.144755
0.176854
0.152147
0.150811
0.173791
0.148134
0.161035
0.158016
0.163608
0.135585
0.156937
0.151526
0.149692
0.158948
0.158660
0.148128
0.150977
0.143962
0.152205
0.165454
0.168950
0.149227
0.155696
0.151711
0.143521
0.149779
0.138765
0.141449
0.106800
0.108892
0.119033
0.099689
0.126125
0.149960
0.164065
0.149514
0.174705
0.145816
0.127570
0.149335
0.160704
0.151327
0.151132
0.138307
0.162109
0.166240
0.105404
0.113729
0.118845
0.110666
0.122479
0.102060
0.111334
0.099929
0.102861
0.130472
0.141284
0.157738
0.151137
0.154124
0.163745
0.145425
0.148193
0.159191
0.150716
0.145871
0.152678
0.151406
0.107081
0.110352
0.097036
0.101822
0.092957
0.118789
0.095718
0.110212
0.093798
0.128499
0.096910
0.092468
0.084040
0.081199
0.099773
0.098727
0.091228
0.108606
0.104365
0.100437
0.087731
0.091154
0.089337
0.091189
0.091827
0.085438
0.086683
0.091619
0.091371
0.091414
0.083755
0.080094
0.052813
0.055929
0.055009
0.051221
0.053437
0.053490
0.052829
0.054184
0.049553
0.047550
0.049291
0.047723
0.045399
0.046320
0.042720
0.050474
0.053756
0.048687
0.059101
0.056781
0.060998
0.075555
0.077953
0.080051
0.076816
0.075569
0.077962
0.071568
0.073905
0.074090
0.071857
0.073240
0.072747
0.069344
0.067271
0.072969
0.071848
0.066413
0.069600
0.070685
0.066718
0.068650
0.079533
0.075031
0.072243
0.073422
0.063940
0.061613
0.066714
0.060732
0.061605
0.062162
0.061597
0.061061
0.062494
0.063839
0.062030
0.061466
0.063689
0.060617
0.065692
0.065897
0.069007
0.068181
0.070603
0.072169
0.074746
0.072121
0.071035
0.065666
0.067193
0.069019
0.064009
0.065347
0.059396
0.062172
0.067706
0.070890
0.065721
0.069076
0.068560
0.069570
0.069606
0.068826
0.068315
0.068688
0.067713
0.068007
0.068362
0.069636
0.070194
0.070287
0.069740
0.070162
0.069005
0.071458
0.071264
0.070166
0.068674
0.078691
0.088069
0.082913
0.087203
0.084667
0.076484
0.074855
0.072990
0.066793
0.072861
0.047086
0.050925
0.050238
0.046460
0.047857
0.047556
0.045902
0.046472
0.045157
0.040794
0.042814
0.043004
0.041398
0.042945
0.040412
0.043186
0.047856
0.040217
0.052808
0.050202
0.070206
0.068094
0.073793
0.083516
0.093740
0.076488
0.092646
0.083277
0.068334
0.068046
0.068172
0.072978
0.071628
0.069993
0.069461
0.068753
0.069583
0.066346
0.065986
0.065269
0.064388
0.063277
0.062833
0.058646
0.057557
0.059130
0.060748
0.058635
0.064307
0.064673
0.066801
0.062590
0.060344
0.056068
0.056997
0.058314
0.054683
0.056192
0.052925
0.054635
0.058092
0.064924
0.056972
0.062031
0.071544
0.067916
0.071839
0.074881
0.064686
0.066489
0.075934
0.075027
0.077513
0.078606
0.070726
0.070505
0.072161
0.070095
0.065756
0.077203
0.074783
0.079317
0.080452
0.072471
0.075910
0.065392
0.067552
0.068662
0.069334
0.077474
0.080842
0.074096
0.069575
0.065653
0.070807
0.069399
0.065384
0.059559
0.062651
0.061786
0.067134
0.066475
0.060165
0.060772
0.060471
0.062491
0.058758
0.055599
0.056227
0.057023
0.061605
0.065035
0.060475
0.064951
0.069786
0.066859
0.064756
0.064511
0.060645
0.060272
0.055747
0.060929
0.050569
0.048722
0.053447
0.059257
0.050095
0.059664
0.064266
0.071693
0.071972
0.069258
0.073667
0.073314
0.073186
0.074800
0.072265
0.071680
0.070113
0.065854
0.063987
0.059228
0.059428
0.060233
0.060475
0.065346
0.059991
0.063867
0.067864
0.061121
0.059692
0.066894
0.071730
0.066049
0.072274
0.067007
0.064215
0.063143
0.060067
0.074387
0.087795
0.062321
0.087763
0.090318
0.083579
0.074417
0.065525
0.060683
0.096431
0.084112
0.097368
0.129219
0.120252
0.129678
0.106134
0.076197
0.097259
0.060203
0.059284
0.060118
0.051530
0.058151
0.058766
0.059500
0.057930
0.063281
0.066818
0.071090
0.058376
0.062760
0.057024
0.055853
0.064276
0.062266
0.056991
0.053129
0.053084
0.057217
0.049191
0.048533
0.052855
0.050459
0.050127
0.063523
0.055215
0.056687
0.054865
0.053372
0.050859
0.053897
0.049506
0.052634
0.056674
0.053634
0.085723
0.086190
0.092631
0.092394
0.088279
0.079126
0.085640
0.085324
0.077852
0.076675
0.059434
0.063094
0.078296
0.064833
0.070232
0.063090
0.064496
0.069271
0.073709
0.065267
0.064412
0.080407
0.080259
0.073104
0.080696
0.069053
0.077871
0.077969
0.077081
0.070872
0.076257
0.062533
0.071279
0.058388
0.060174
0.060494
0.056495
0.056352
0.058884
0.059740
0.061793
0.058204
0.058064
0.059685
0.055568
0.057155
0.056517
0.060296
0.058220
0.058551
0.062325
0.063539
0.062716
0.048494
0.051350
0.046618
0.044726
0.050984
0.047678
0.046985
0.044914
0.042979
0.046399
0.043128
0.042095
0.052950
0.053000
0.059036
0.057367
0.053661
0.052803
0.055647
0.054435
0.055754
0.057047
0.054195
0.061422
0.057470
0.054653
0.052304
0.051159
0.052437
0.052218
0.051483
0.053067
0.053805
0.051602
0.049789
0.051879
0.051340
0.051088
0.053019
0.053150
0.052398
0.053527
0.050063
0.051956
0.050266
0.052697
0.054491
0.049622
0.049299
0.048988
0.049173
0.049963
0.049829
0.052392
0.050044
0.050526
0.049954
0.049663
0.051140
0.050339
0.050231
0.048596
0.048907
0.049742
0.050235
0.048676
0.047377
0.046971
0.052630
0.046958
0.052871
0.058999
0.060392
0.052235
0.063128
0.058768
0.059370
0.063683
0.059231
0.059290
0.070105
0.076105
0.068201
0.068452
0.068374
0.067037
0.067804
0.063362
0.064022
0.060508
0.059293
0.058693
0.057450
0.057284
0.057928
0.055169
0.056426
0.058639
0.055748
0.056430
0.060541
0.061312
0.059004
0.055983
0.055576
0.054037
0.053377
0.054927
0.052729
0.054562
0.046251
0.046448
0.046886
0.046365
0.049130
0.050399
0.047973
0.042779
0.042636
0.047669
0.045252
0.045710
0.053706
0.042954
0.049516
0.045026
0.045599
0.044966
0.046359
0.048420
0.052716
0.051418
0.051151
0.051544
0.053815
0.052910
0.053905
0.054323
0.055908
0.054124
0.053432
0.052288
0.053765
0.052044
0.052111
0.053293
0.049878
0.050313
0.050094
0.051326
0.052616
0.055282
0.054492
0.054472
0.056020
0.052704
0.056024
0.052712
0.049563
0.048906
0.049587
0.048559
0.048364
0.045584
0.047128
0.048393
0.047765
0.046043
0.046091
0.051293
0.049381
0.049168
0.054728
0.052145
0.055453
0.053218
0.053482
0.056306
0.057115
0.056220
0.055254
0.056072
0.058826
0.058337
0.058317
0.057660
0.055052
0.054864
0.055948
0.051576
0.056095
0.053378
0.056849
0.058891
0.051666
0.054507
0.062645
0.064603
0.066118
0.059359
0.061450
0.066854
0.056190
0.053162
0.059417
0.055709
0.050687
0.049131
0.052817
0.050409
0.058951
0.054948
0.053652
0.057878
0.053092
0.051642
0.063185
0.062600
0.064246
0.059747
0.061121
0.057867
0.055206
0.053197
0.054051
0.052062
0.049841
0.048815
0.048473
0.049339
0.049247
0.049481
0.050461
0.048792
0.049600
0.057684
0.051356
0.050594
0.055370
0.050545
0.053367
0.052504
0.050072
0.059694
0.048257
0.048842
0.050601
0.049834
0.049673
0.050558
0.050437
0.051205
0.051156
0.050907
0.051210
0.051052
0.050484
0.051780
0.052106
0.052415
0.050682
0.052163
0.048021
0.048122
0.053461
0.052554
0.050545
0.056138
0.063554
0.057521
0.057161
0.047272
0.050753
0.055895
0.041830
0.042690
0.044123
0.046152
0.057197
0.054502
0.053776
0.051639
0.051293
0.053652
0.061510
0.058232
0.064209
0.060602
0.056963
0.055223
0.053780
0.051714
0.052825
0.055253
0.053360
0.054723
0.056533
0.055716
0.051655
0.056087
0.049838
0.057608
0.054252
0.053328
0.049530
0.049114
0.070508
0.070990
0.071121
0.071504
0.070823
0.070404
0.066781
0.071490
0.067474
0.069811
0.072544
0.058690
0.057980
0.056286
0.057580
0.054476
0.052974
0.059034
0.059157
0.059612
0.058143
0.064474
0.062774
0.056663
0.054329
0.059655
0.051125
0.050535
0.050802
0.051390
0.053515
0.051136
0.052018
0.050343
0.050189
0.053065
0.051144
0.050651
0.050742
0.050475
0.051959
0.062265
0.063572
0.055975
0.069727
0.068018
0.064193
0.065389
0.060774
0.062545
0.064366
0.060288
0.063728
0.062952
0.061113
0.060780
0.056596
0.056668
0.059137
0.056589
0.053865
0.052575
0.050056
0.063456
0.071531
0.058728
0.073571
0.069206
0.068110
0.070511
0.070729
0.062628
0.066398
0.068094
0.065129
0.063779
0.061226
0.061816
0.066839
0.065847
0.073155
0.073637
0.079805
0.072169
0.057188
0.054369
0.058110
0.053385
0.057589
0.055224
0.061806
0.062602
0.073273
0.073982
0.067506
0.073306
0.074614
0.073026
0.073896
0.072821
0.072981
0.071336
0.073306
0.071672
0.066795
0.063011
0.064369
0.065386
0.065289
0.066346
0.063288
0.053698
0.053911
0.054466
0.054239
0.055038
0.055577
0.052924
0.053852
0.051813
0.052084
0.052312
0.052370
0.052660
0.054864
0.052733
0.055508
0.054146
0.054467
0.052621
0.052598
0.057705
0.056120
0.054149
0.052901
0.056132
0.056077
0.056964
0.059474
0.061755
0.061148
0.061402
0.061641
0.065931
0.068293
0.057541
0.062047
0.060520
0.062914
0.061706
0.060634
0.059504
0.060783
0.062857
0.058133
0.059728
0.055562
0.054287
0.056831
0.057489
0.055020
0.056834
0.056228
0.058123
0.053383
0.052433
0.051482
0.054576
0.050290
0.053916
0.068867
0.053723
0.049035
0.066892
0.050676
0.054586
0.053272
0.053956
0.061988
0.052164
0.049048
0.049135
0.049080
0.061940
0.052925
0.050078
0.050247
0.052772
0.050112
0.049165
0.056164
0.055880
0.056103
0.055551
0.052566
0.052271
0.056296
0.056053
0.054677
0.054429
0.086856
0.090154
0.084673
0.082467
0.086001
0.082997
0.091301
0.092118
0.123813
0.113075
0.120681
0.131029
0.121178
0.126387
0.124742
0.124497
0.122858
0.111932
0.123833
0.058598
0.062695
0.062498
0.065679
0.048233
0.049284
0.064023
0.049893
0.059611
0.063163
0.145352
0.135008
0.134783
0.121741
0.151622
0.147953
0.153336
0.152115
0.183942
0.195480
0.147541
0.133731
0.108647
0.121297
0.098303
0.115146
0.137868
0.087985
0.100076
0.181514
0.149842
0.139287
0.177996
0.131833
0.093471
0.105625
0.117587
0.098554
0.114974
0.100731
0.083210
0.079892
0.080770
0.085887
0.093754
0.091841
0.074255
0.078155
0.080059
0.073889
0.090448
0.132422
0.084192
0.102267
0.133585
0.105943
0.136963
0.136223
0.103356
0.098282
0.119671
0.097026
0.103694
0.146941
0.107190
0.113701
0.097792
0.094199
0.116512
0.141797
0.139087
0.092257
0.095847
0.103945
0.095479
0.081451
0.082148
0.095653
0.086042
0.121021
0.141246
0.113639
0.110006
0.102723
0.111781
0.107247
0.103994
0.101106
0.109589
0.098556
0.103881
0.095452
0.136749
0.138018
0.125244
0.137639
0.143865
0.141005
0.124826
0.129804
0.114586
0.132215
0.136240
0.127119
0.123393
0.139560
0.139081
0.137241
0.142560
0.143825
0.142524
0.144243
0.139554
0.140538
0.119503
0.116745
0.121058
0.110276
0.119091
0.112276
0.126763
0.137962
0.123371
0.137963
0.078495
0.071674
0.083221
0.079088
0.078787
0.080214
0.089024
0.087309
0.094478
0.089596
0.095565
0.087380
0.142065
0.143486
0.169669
0.136916
0.142501
0.153868
0.130590
0.119161
0.130824
0.131309
0.136633
0.137948
0.132100
0.108049
0.133679
0.127196
0.115268
0.144639
0.148271
0.149776
0.150055
0.150777
0.148330
0.154832
0.146979
0.144290
0.148491
0.147532
0.146964
0.147133
0.146505
0.146089
0.147091
0.120548
0.154793
0.122458
0.160964
0.136364
0.156717
0.139090
0.128774
0.163180
0.162646
0.134925
0.161229
0.166007
0.158408
0.159485
0.149828
0.153289
0.146296
0.149518
0.146426
0.142019
0.147998
0.151746
0.150900
0.153779
0.153011
0.154841
0.154741
0.153741
0.156740
0.161028
0.161239
0.154050
0.149520
0.151615
0.149033
0.149363
0.148092
0.148086
0.153064
0.150777
0.151802
0.149634
0.134401
0.131533
0.139789
0.134426
0.128583
0.125944
0.128161
0.124595
0.125968
0.126520
0.126782
0.121189
0.128774
0.119609
0.111067
0.111143
0.125618
0.111437
0.122156
0.135524
0.155109
0.154701
0.151466
0.154591
0.151045
0.148469
0.153109
0.150507
0.151026
0.145627
0.150920
0.149410
0.148289
0.150411
0.149774
0.153084
0.155062
0.149665
0.150314
0.148640
0.149997
0.152764
0.148565
0.148338
0.152621
0.147562
0.147393
0.147137
0.149125
0.146024
0.147600
0.146084
0.146276
0.134221
0.137623
0.124496
0.125765
0.126726
0.125620
0.131129
0.128056
0.143510
0.136882
0.144383
0.144202
0.143992
0.143922
0.147676
0.148922
0.145928
0.147390
0.146706
0.146672
0.145617
0.146884
0.149243
0.145929
0.143415
0.147561
0.148212
0.152226
0.144521
0.151939
0.149205
0.146939
0.149257
0.151475
0.146487
0.141871
0.147063
0.139553
0.147440
0.149450
0.138331
0.141352
0.129350
0.146249
0.143336
0.137487
0.138390
0.089424
0.083309
0.084639
0.077326
0.094517
0.079475
0.100072
0.081984
0.087361
0.081321
0.108739
0.114223
0.140266
0.107184
0.107751
0.104226
0.106701
0.106005
0.113694
0.128641
0.119151
0.138603
0.138370
0.145292
0.141576
0.154481
0.158120
0.154081
0.152839
0.150075
0.150858
0.148815
0.166010
0.148375
0.147797
0.160301
0.146379
0.147183
0.148678
0.146586
0.146133
0.146184
0.140120
0.144226
0.143646
0.150894
0.153073
0.164121
0.176157
0.183792
0.169202
0.155709
0.162357
0.169100
0.170393
0.152920
0.153713
0.183406
0.161993
0.195034
0.178548
0.212788
0.202098
0.212625
0.194409
0.183665
0.210703
0.206597
0.186239
0.224312
0.238285
0.207124
0.236903
0.158109
0.146813
0.152974
0.150468
0.142216
0.147306
0.141859
0.136461
0.135060
0.141528
0.150738
0.139399
0.147092
0.138521
0.143906
0.146097
0.146536
0.158792
0.149909
0.150995
0.154103
0.151841
0.159061
0.156145
0.166150
0.197393
0.206247
0.157084
0.200652
0.147660
0.137862
0.175328
0.131372
0.144587
0.135495
0.140050
0.144226
0.151140
0.189911
0.160679
0.153865
0.178563
0.173023
0.156979
0.173612
0.175032
0.190283
0.158990
0.153974
0.156962
0.150633
0.181773
0.152779
0.152537
0.148394
0.149972
0.151269
0.182527
0.142822
0.143466
0.143483
0.135918
0.131675
0.126342
0.132302
0.128533
0.131629
0.136604
0.135700
0.135637
0.140345
0.135620
0.145016
0.136629
0.137556
0.133904
0.137309
0.136263
0.134457
0.133164
0.132351
0.140595
0.138339
0.154015
0.156355
0.154803
0.151223
0.155149
0.153486
0.152657
0.147454
0.152844
0.144209
0.146228
0.139064
0.150520
0.146585
0.152453
0.153631
0.152809
0.155567
0.145597
0.155582
0.162828
0.164021
0.188097
0.181781
0.164343
0.168701
0.169728
0.198636
0.182408
0.227171
0.207053
0.221640
0.190959
0.174513
0.152627
0.172053
0.157073
0.178523
0.197713
0.208613
0.190441
0.227297
0.223753
0.195682
0.214814
0.192749
0.165602
0.161797
0.155916
0.145565
0.146672
0.143952
0.143407
0.144039
0.157681
0.150265
0.154864
0.150168
0.157834
0.156907
0.164474
0.160859
0.162596
0.145464
0.154091
0.152260
0.141851
0.146319
0.147409
0.138396
0.141913
0.147470
0.147326
0.146677
0.140937
0.145311
0.146288
0.150402
0.167196
0.156404
0.162090
0.149576
0.146202
0.161972
0.154137
0.150113
0.150630
0.149936
0.152762
0.159224
0.149847
0.152155
0.150023
0.147662
0.156198
0.151038
0.147483
0.152752
0.153842
0.153099
0.152531
0.146938
0.154990
0.152420
0.161719
0.162069
0.156517
0.160965
0.164817
0.160895
0.174410
0.145925
0.148944
0.144792
0.141759
0.145671
0.145739
0.147498
0.146984
0.144663
0.149401
0.151552
0.147194
0.151350
0.151720
0.146819
0.152105
0.142010
0.145905
0.139883
0.139070
0.136112
0.137591
0.142800
0.132057
0.138155
0.136992
0.120398
0.137460
0.121465
0.137316
0.140187
0.136367
0.142509
0.136972
0.141316
0.141702
0.110221
0.126155
0.114052
0.130878
0.130931
0.145641
0.139970
0.128504
0.116706
0.117527
0.117287
0.115315
0.114458
0.129094
0.130347
0.114833
0.147287
0.130746
0.101403
0.098217
0.093289
0.107636
0.107625
0.096829
0.084407
0.077138
0.077226
0.072408
0.071063
0.071756
0.070207
0.072519
0.080842
0.093089
0.179956
0.178121
0.194440
0.174755
0.187621
0.169141
0.166837
0.162540
0.147277
0.162682
0.153703
0.157388
0.147682
0.163034
0.143391
0.155101
0.141799
0.138075
0.146393
0.141413
0.150592
0.155955
0.151444
0.164751
0.152540
0.151009
0.155197
0.149995
0.144089
0.124304
0.113273
0.116160
0.125927
0.117382
0.104606
0.104897
0.095996
0.106813
0.095679
0.088033
0.107088
0.095722
0.085631
0.117611
0.114860
0.126000
0.140782
0.141698
0.142629
0.145566
0.144474
0.145449
0.150217
0.151907
0.149000
0.149159
0.143083
0.146909
0.139885
0.139844
0.142217
0.144656
0.146931
0.140519
0.141145
0.123039
0.134695
0.131107
0.125694
0.137197
0.114822
0.113904
0.127444
0.128386
0.112276
0.112723
0.113355
0.111943
0.124566
0.118411
0.124353
0.116225
0.129718
0.134269
0.116477
0.108808
0.118575
0.112694
0.103693
0.110241
0.118982
0.096375
0.079839
0.101040
0.097371
0.083078
0.146064
0.151853
0.144857
0.151563
0.141541
0.148109
0.132388
0.122851
0.139126
0.129261
0.148969
0.147623
0.153101
0.148583
0.150109
0.150416
0.130782
0.147351
0.128749
0.145219
0.147604
0.126078
0.148662
0.146852
0.124388
0.147120
0.147502
0.146273
0.135652
0.119760
0.135123
0.133387
0.148156
0.138914
0.148965
0.146854
0.146529
0.137515
0.134442
0.139461
0.141090
0.133885
0.134880
0.140621
0.132236
0.123393
0.122332
0.128926
0.114689
0.128163
0.118625
0.104242
0.115318
0.108677
0.127850
0.141950
0.143255
0.144463
0.147931
0.145426
0.145411
0.145724
0.143165
0.144947
0.143574
0.145669
0.145766
0.142914
0.144102
0.145387
0.138723
0.144329
0.149500
0.151429
0.150886
0.149161
0.154393
0.151188
0.152901
0.150998
0.154419
0.153989
0.148103
0.154495
0.150715
0.146101
0.153584
0.152640
0.133978
0.161672
0.156261
0.165904
0.158920
0.156291
0.147628
0.142620
0.149691
0.145230
0.113984
0.116440
0.110760
0.096920
0.098860
0.103700
0.100961
0.112058
0.150130
0.128248
0.127627
0.111896
0.147021
0.147836
0.120224
0.158793
0.178251
0.190063
0.167256
0.182935
0.153703
0.120352
0.135748
0.183308
0.190129
0.103429
0.107532
0.113445
0.104732
0.095828
0.093659
0.084636
0.091087
0.119267
0.111696
0.097849
0.146307
0.193458
0.149306
0.145981
0.139908
0.144038
0.144918
0.128880
0.143679
0.125644
0.124796
0.142658
0.127622
0.208201
0.106458
0.112078
0.115708
0.107391
0.101432
0.112019
0.099058
0.096837
0.135417
0.158319
0.113329
0.151981
0.147053
0.143695
0.181310
0.174682
0.129332
0.111498
0.113693
0.114979
0.138282
0.156508
0.140971
0.154185
0.141712
0.116025
0.120132
0.125501
0.109398
0.104678
0.112859
0.107042
0.106452
0.106015
0.138531
0.116190
0.137175
0.128627
0.155565
0.159417
0.151177
0.190333
0.148504
0.147122
0.169067
0.148185
0.167742
0.134358
0.165837
0.095769
0.092298
0.085916
0.085955
0.085770
0.091145
0.093094
0.078689
0.106049
0.087715
0.081467
0.097277
0.081438
0.102982
0.133152
0.183735
0.120603
0.138565
0.167604
0.104151
0.104327
0.127516
0.093197
0.094842
0.106706
0.096543
0.098785
0.099194
0.097446
0.102480
0.137283
0.126003
0.110396
0.157630
0.157909
0.228073
0.133828
0.152265
0.186998
0.106748
0.102487
0.099170
0.121601
0.101296
0.130220
0.097019
0.189142
0.150647
0.150321
0.112299
0.134411
0.089760
0.100397
0.066506
0.066949
0.067802
0.067193
0.070520
0.070421
0.076431
0.073913
0.069824
0.064592
0.066235
0.068919
0.062016
0.066649
0.059113
0.064064
0.073544
0.073907
0.074233
0.073489
0.085408
0.091793
0.163653
0.125216
0.077155
0.078479
0.093537
0.072834
0.072994
0.094465
0.092753
0.076477
0.079913
0.124171
0.117019
0.175578
0.126034
0.176082
0.142826
0.118307
0.130486
0.108220
0.115548
0.105909
0.111403
0.126648
0.120889
0.119841
0.120328
0.140114
0.126861
0.182259
0.147703
0.160474
0.139839
0.147589
0.151613
0.175927
0.186735
0.181971
0.152980
0.151283
0.174578
0.188769
0.150716
0.171119
0.137509
0.143964
0.175356
0.163324
0.128442
0.131281
0.134823
0.127250
0.136843
0.125200
0.127299
0.125764
0.149060
0.139783
0.169119
0.148362
0.146510
0.128239
0.127962
0.131436
0.127938
0.121343
0.125391
0.122896
0.124246
0.119620
0.110352
0.121627
0.124501
0.115376
0.128819
0.136967
0.149056
0.145881
0.124502
0.128840
0.118461
0.117743
0.125252
0.113441
0.124512
0.143256
0.124805
0.098041
0.125118
0.146518
0.153606
0.142843
0.119972
0.163666
0.109506
0.109965
0.098501
0.101423
0.098047
0.097213
0.093313
0.098908
0.104547
0.110434
0.102303
0.103975
0.113307
0.099978
0.091954
0.091072
0.091813
0.109849
0.099276
0.097013
0.092117
0.095121
0.100112
0.100321
0.102992
0.090275
0.091178
0.094188
0.095220
0.107981
0.146939
0.089354
0.081826
0.092756
0.106609
0.191620
0.148266
0.183280
0.129019
0.180080
0.111902
0.112985
0.115682
0.118676
0.104610
0.090801
0.103245
0.098505
0.086364
0.084339
0.092720
0.086352
0.083380
0.083516
0.082569
0.083267
0.095761
0.095660
0.095286
0.098451
0.096437
0.094943
0.097559
0.098467
0.105379
0.099316
0.101256
0.102287
0.101086
0.108150
0.117254
0.109073
0.135829
0.143985
0.137408
0.145541
0.135791
0.120255
0.115478
0.112935
0.107387
0.118409
0.132875
0.144027
0.136475
0.148570
0.135113
0.143240
0.125871
0.135936
0.143078
0.175743
0.150500
0.167121
0.144101
0.198583
0.132065
0.122824
0.134221
0.130353
0.140380
0.118894
0.129172
0.138847
0.153070
0.178148
0.145133
0.180638
0.171940
0.130169
0.132108
0.129525
0.126408
0.124227
0.121056
0.113601
0.124651
0.115739
0.114291
0.119907
0.122135
0.118925
0.130182
0.122400
0.111785
0.116057
0.116150
0.124129
0.116504
0.127175
0.111683
0.114133
0.114535
0.115051
0.112693
0.105730
0.110722
0.114840
0.110910
0.110255
0.091056
0.091931
0.090793
0.079637
0.082839
0.083967
0.077100
0.087053
0.085663
0.101601
0.096702
0.107057
0.108560
0.106111
0.096762
0.101111
0.095813
0.093912
0.109027
0.098914
0.105400
0.093741
0.107718
0.114906
0.106362
0.108880
0.101936
0.102921
0.099185
0.096474
0.098317
0.104541
0.095142
0.097971
0.104740
0.100290
0.105811
0.110523
0.090733
0.089584
0.102223
0.099620
0.092687
0.092886
0.093971
0.092837
0.097212
0.097207
0.105781
0.107208
0.110585
0.105260
0.092136
0.097706
0.091899
0.092986
0.089841
0.087905
0.082142
0.074918
0.091274
0.087936
0.080415
0.082071
0.091227
0.104670
0.136517
0.127036
0.165325
0.107008
0.110136
0.091396
0.090943
0.118880
0.105742
0.135196
0.164424
0.167418
0.093845
0.112992
0.105154
0.112758
0.103119
0.106680
0.086264
0.095284
0.130557
0.114231
0.100366
0.128358
0.119357
0.141994
0.163170
0.149466
0.140676
0.075593
0.077008
0.081125
0.076919
0.071146
0.075051
0.078096
0.076792
0.079408
0.072683
0.071863
0.079285
0.072034
0.071013
0.068617
0.068166
0.072902
0.068215
0.070797
0.072381
0.106219
0.096620
0.124041
0.128398
0.097576
0.114494
0.131494
0.165349
0.139110
0.175305
0.109843
0.166923
0.085179
0.086519
0.080877
0.084624
0.068183
0.072016
0.070864
0.067203
0.078349
0.081027
0.068782
0.064177
0.063035
0.070502
0.066315
0.068249
0.068692
0.071109
0.075705
0.094442
0.083507
0.081177
0.094942
0.110957
0.106254
0.107039
0.107999
0.097316
0.089310
0.147450
0.124033
0.114584
0.112226
0.145371
0.134828
0.157194
0.180976
0.205935
0.190787
0.144926
0.159895
0.207844
0.140165
0.122619
0.123121
0.138428
0.125047
0.134090
0.116886
0.121455
0.113338
0.113163
0.112472
0.111429
0.118367
0.119021
0.104828
0.106088
0.122369
0.111675
0.111458
0.125739
0.106286
0.119921
0.114280
0.114572
0.113850
0.119266
0.123364
0.127686
0.116181
0.113073
0.113984
0.118525
0.114429
0.122441
0.122171
0.111470
0.115778
0.106987
0.118278
0.105518
0.101738
0.114761
0.111815
0.122927
0.125230
0.131669
0.123769
0.136112
0.131664
0.145600
0.150877
0.143148
0.134895
0.138870
0.136958
0.136895
0.129454
0.125669
0.131123
0.132233
0.120886
0.134939
0.134471
0.130446
0.126496
0.134576
0.129926
0.137894
0.131633
0.140667
0.084074
0.100938
0.093939
0.083398
0.091791
0.077661
0.090574
0.075729
0.105480
0.098882
0.099370
0.105928
0.108872
0.095407
0.099023
0.094766
0.091134
0.080016
0.082720
0.072693
0.074469
0.077723
0.088060
0.101162
0.091267
0.099062
0.105288
0.106254
0.100971
0.095641
0.108926
0.098126
0.110262
0.121591
0.121732
0.123704
0.122928
0.111401
0.135293
0.160904
0.139658
0.123173
0.161591
0.096036
0.097560
0.096767
0.091338
0.091471
0.112159
0.116685
0.099070
0.096208
0.117090
0.092880
0.105210
0.100383
0.116919
0.122521
0.145205
0.143314
0.147160
0.150007
0.147747
0.149850
0.144992
0.144914
0.151092
0.148265
0.140826
0.143813
0.138866
0.143767
0.147582
0.141680
0.145168
0.135163
0.147217
0.148927
0.117964
0.135427
0.132731
0.117306
0.132203
0.132955
0.114876
0.106580
0.105671
0.103754
0.102997
0.118117
0.102498
0.132856
0.132101
0.129974
0.126701
0.131019
0.136947
0.134363
0.123113
0.126606
0.124203
0.119128
0.119555
0.143450
0.124279
0.118348
0.112035
0.154826
0.137242
0.150191
0.152492
0.151999
0.174677
0.203624
0.140915
0.130574
0.121882
0.115380
0.116167
0.113986
0.113369
0.126949
0.129053
0.113784
0.121993
0.124218
0.132574
0.141843
0.132947
0.148077
0.180565
0.144122
0.139661
0.168616
0.089157
0.080568
0.075288
0.073025
0.081858
0.073128
0.079259
0.072883
0.073651
0.068753
0.066387
0.069770
0.070122
0.070654
0.072372
0.073748
0.118821
0.127645
0.100676
0.112525
0.165214
0.146674
0.137579
0.165216
0.117024
0.118647
0.122029
0.121865
0.105083
0.106598
0.098722
0.133589
0.112458
0.112821
0.121363
0.129806
0.136080
0.147620
0.139705
0.149091
0.123460
0.111099
0.099521
0.102737
0.091027
0.093547
0.097788
0.108586
0.107643
0.114377
0.112914
0.116637
0.113192
0.108886
0.101829
0.103952
0.103538
0.108858
0.105834
0.100816
0.108249
0.102832
0.107045
0.100089
0.101347
0.109431
0.109154
0.118821
0.119920
0.112957
0.114080
0.117434
0.110879
0.119283
0.116592
0.127622
0.123075
0.120129
0.119181
0.087157
0.081054
0.082533
0.074199
0.080854
0.075311
0.083076
0.082613
0.094516
0.083828
0.087399
0.085202
0.089994
0.096821
0.123813
0.129224
0.124054
0.137339
0.132089
0.118973
0.115796
0.131626
0.124997
0.130119
0.122004
0.136025
0.139307
0.124806
0.122560
0.112539
0.105449
0.120396
0.136968
0.138791
0.132995
0.128077
0.140240
0.138429
0.143029
0.134137
0.134736
0.135638
0.142494
0.144052
0.134000
0.150459
0.146305
0.152859
0.149701
0.153974
0.148135
0.182062
0.155882
0.173686
0.157615
0.163790
0.198527
0.152350
0.151479
0.172991
0.154979
0.154789
0.183913
0.142739
0.160257
0.152276
0.151130
0.189911
0.148968
0.185285
0.146059
0.133710
0.135415
0.130567
0.143340
0.144635
0.163513
0.144318
0.146825
0.138549
0.129113
0.131411
0.150710
0.179891
0.152394
0.155306
0.191530
0.138100
0.148912
0.199055
0.119513
0.132168
0.124841
0.141813
0.149401
0.142398
0.136998
0.132916
0.136546
0.140040
0.138491
0.132362
0.127181
0.112503
0.121093
0.112702
0.116301
0.106452
0.107025
0.101145
0.111621
0.098591
0.112866
0.123595
0.123886
0.110030
0.102663
0.106491
0.118930
0.107919
0.111161
0.099176
0.111763
0.130193
0.131068
0.110583
0.144275
0.131183
0.106547
0.106286
0.100592
0.123959
0.124740
0.106759
0.093586
0.101977
0.120616
0.190494
0.148796
0.144929
0.167640
0.109849
0.103145
0.093058
0.104929
0.097137
0.089589
0.097606
0.084206
0.081587
0.090518
0.083690
0.078625
0.081241
0.077612
0.079095
0.116315
0.095058
0.104244
0.102950
0.110323
0.118273
0.115319
0.113709
0.123973
0.115107
0.114315
0.109441
0.114601
0.124269
0.140953
0.134948
0.130032
0.109790
0.125389
0.133543
0.160532
0.153966
0.114322
0.106899
0.116857
0.110754
0.131000
0.104824
0.098034
0.097772
0.102039
0.100926
0.097362
0.096478
0.096132
0.094714
0.093524
0.087815
0.084303
0.095778
0.092538
0.106612
0.104207
0.095594
0.096544
0.091092
0.093107
0.090796
0.092378
0.091486
0.092136
0.091731
0.096124
0.107462
0.117020
0.116658
0.108185
0.115156
0.096952
0.101474
0.102070
0.095941
0.097279
0.108903
0.102134
0.096387
0.099936
0.094377
0.092575
0.092509
0.089314
0.120150
0.107414
0.140386
0.117451
0.107757
0.104129
0.107484
0.118258
0.131114
0.131439
0.110873
0.152327
0.142457
0.140697
0.138783
0.121115
0.097219
0.104800
0.097332
0.097752
0.094317
0.112322
0.112003
0.111620
0.108273
0.112532
0.112145
0.113637
0.146937
0.133285
0.140182
0.147193
0.136576
0.144964
0.135922
0.135379
0.137120
0.135082
0.142224
0.130723
0.133799
0.140498
0.125985
0.129150
0.120549
0.123584
0.129297
0.129834
0.144963
0.132127
0.151059
0.147339
0.145881
0.144007
0.147454
0.134357
0.146791
0.154517
0.156572
0.153165
0.155225
0.158325
0.155190
0.146227
0.152108
0.142660
0.151711
0.150062
0.146287
0.149033
0.150683
0.149696
0.151876
0.154707
0.150848
0.153416
0.154038
0.156941
0.154095
0.158158
0.158001
0.164715
0.138403
0.150718
0.135310
0.122796
0.127811
0.128303
0.123725
0.126003
0.120496
0.125258
0.129653
0.129658
0.140916
0.138457
0.131754
0.145708
0.145134
0.142711
0.146759
0.142677
0.144204
0.142355
0.142453
0.143344
0.149650
0.148334
0.139446
0.147079
0.147870
0.138662
0.149363
0.160286
0.154248
0.149188
0.157300
0.152537
0.156826
0.150001
0.160586
0.143967
0.141622
0.142762
0.149950
0.143432
0.132333
0.131426
0.145596
0.126774
0.158012
0.146178
0.156866
0.158213
0.157113
0.149810
0.152327
0.148480
0.147211
0.147185
0.151594
0.150332
0.148497
0.147653
0.150388
0.146524
0.149248
0.149368
0.152831
0.151326
0.153002
0.153387
0.153978
0.150568
0.152726
0.133221
0.150325
0.144863
0.131697
0.135273
0.126847
0.142410
0.138526
0.140561
0.132921
0.142717
0.132231
0.135425
0.124491
0.141255
0.133709
0.125505
0.145565
0.142819
0.147772
0.144875
0.126509
0.149516
0.150155
0.144708
0.151383
0.144099
0.143859
0.147706
0.142845
0.139602
0.132971
0.141349
0.131664
0.152386
0.154257
0.166697
0.171343
0.152664
0.153237
0.148953
0.148857
0.165234
0.082679
0.094083
0.093452
0.094254
0.106752
0.101531
0.079021
0.076309
0.091923
0.081005
0.086210
0.087236
0.090101
0.083630
0.088328
0.120044
0.116776
0.121477
0.127630
0.115420
0.117801
0.128215
0.110366
0.116063
0.114029
0.146322
0.149301
0.145410
0.146645
0.152527
0.153451
0.148846
0.151185
0.151948
0.152410
0.148056
0.151553
0.153301
0.150282
0.150088
0.150423
0.146284
0.181287
0.155394
0.199680
0.201410
0.182590
0.231413
0.167415
0.212615
0.169225
0.146746
0.172113
0.173170
0.171299
0.168163
0.148338
0.127019
0.119836
0.131902
0.131714
0.126966
0.123576
0.132897
0.138177
0.118906
0.146420
0.139181
0.120262
0.136859
0.120697
0.110470
0.144611
0.143834
0.119257
0.147544
0.145800
0.148125
0.136158
0.144930
0.126647
0.142275
0.139214
0.134507
0.127296
0.152218
0.144754
0.146836
0.148565
0.153973
0.152354
0.156011
0.153307
0.149381
0.147272
0.139550
0.152888
0.150610
0.148149
0.141016
0.158178
0.151585
0.170290
0.150450
0.155756
0.162174
0.184425
0.161439
0.182767
0.180389
0.127986
0.125055
0.114539
0.124158
0.119146
0.113761
0.117875
0.122908
0.121095
0.123897
0.123134
0.113168
0.116137
0.118590
0.101462
0.123972
0.107195
0.131845
0.137025
0.132112
0.122063
0.124437
0.127378
0.113231
0.117580
0.122145
0.138358
0.128450
0.145011
0.135720
0.144398
0.139703
0.142833
0.137745
0.146419
0.145424
0.139935
0.140161
0.127698
0.146678
0.146888
0.145019
0.146836
0.134711
0.136169
0.150414
0.148728
0.149796
0.147159
0.132694
0.137823
0.132904
0.131347
0.134014
0.134570
0.131548
0.128408
0.129645
0.129901
0.129577
0.130628
0.129336
0.120135
0.127980
0.115042
0.134352
0.127849
0.117526
0.136092
0.124187
0.141082
0.131719
0.116817
0.128714
0.120152
0.108394
0.115915
0.107657
0.105092
0.118425
0.127668
0.136053
0.134878
0.136004
0.135976
0.125554
0.135115
0.136567
0.121413
0.132064
0.138156
0.122442
0.106460
0.112388
0.115768
0.133261
0.108897
0.092907
0.094106
0.100111
0.096740
0.094030
0.098677
0.108381
0.109988
0.104436
0.090134
0.091752
0.101628
0.086147
0.088688
0.087475
0.090081
0.092466
0.090376
0.093622
0.091590
0.120737
0.118046
0.126507
0.128576
0.120348
0.128738
0.123785
0.126811
0.122543
0.126227
0.127226
0.113485
0.115254
0.118389
0.114979
0.179310
0.154290
0.149789
0.196954
0.167707
0.197299
0.229825
0.212276
0.194372
0.170223
0.175642
0.174254
0.178972
0.178115
0.151492
0.158100
0.152695
0.159886
0.172399
0.170825
0.155140
0.172899
0.163256
0.174952
0.161325
0.154942
0.138856
0.153657
0.140882
0.147724
0.141585
0.145737
0.139969
0.148892
0.148191
0.129417
0.139335
0.147423
0.148141
0.145921
0.146590
0.139197
0.144113
0.144467
0.140371
0.134973
0.133541
0.119174
0.120438
0.104513
0.112986
0.107039
0.103494
0.111524
0.108418
0.128201
0.143620
0.138671
0.144281
0.147766
0.138018
0.149913
0.149504
0.147989
0.142748
0.138280
0.138563
0.133623
0.136174
0.128177
0.123997
0.144795
0.136471
0.128077
0.119208
0.119461
0.112004
0.119006
0.131897
0.141675
0.148410
0.142683
0.146659
0.147008
0.148803
0.147833
0.149877
0.146411
0.145596
0.142230
0.122265
0.112577
0.124051
0.109170
0.112403
0.120863
0.125981
0.134218
0.125535
0.142358
0.129002
0.127865
0.116589
0.117858
0.127593
0.118556
0.115126
0.118400
0.112433
0.125299
0.127382
0.109716
0.111572
0.103982
0.110754
0.112136
0.110343
0.107295
0.106596
0.102561
0.113619
0.106447
0.099993
0.112908
0.109837
0.096521
0.114188
0.119710
0.146051
0.145181
0.159246
0.161363
0.133816
0.138521
0.146495
0.129961
0.149012
0.154859
0.131017
0.139906
0.165338
0.170070
0.155913
0.157096
0.143010
0.144432
0.160492
0.154515
0.140112
0.177886
0.177422
0.177411
0.122215
0.130222
0.117999
0.107167
0.117828
0.111757
0.112028
0.123976
0.145509
0.145409
0.147261
0.149451
0.143628
0.146918
0.144851
0.147968
0.147140
0.147594
0.131990
0.145566
0.139364
0.134567
0.129649
0.139375
0.142707
0.135957
0.133886
0.127776
0.127166
0.138304
0.133533
0.128704
0.136075
0.140405
0.143226
0.144523
0.138624
0.137610
0.144677
0.132269
0.126368
0.131760
0.132840
0.122486
0.134034
0.141600
0.146794
0.149041
0.159682
0.151254
0.154403
0.152801
0.139389
0.146881
0.132998
0.143933
0.149298
0.150474
0.150606
0.145593
0.147024
0.138247
0.142014
0.131192
0.118219
0.127014
0.103489
0.135316
0.126731
0.109731
0.118598
0.136915
0.144050
0.158531
0.150282
0.161530
0.166768
0.147299
0.159309
0.170787
0.187608
0.198468
0.163466
0.170954
0.204407
0.154252
0.146957
0.160255
0.157451
0.144867
0.138286
0.153853
0.148942
0.135909
0.138294
0.150583
0.143128
0.143191
0.150131
0.135879
0.132476
0.137107
0.142067
0.121634
0.126748
0.127608
0.112305
0.108175
0.113329
0.132254
0.119107
0.122099
0.181779
0.185119
0.159979
0.166910
0.173635
0.158156
0.179583
0.169316
0.204035
0.205656
0.202064
0.192394
0.205147
0.187433
0.182043
0.177078
0.141867
0.125959
0.121508
0.122298
0.119390
0.117008
0.123186
0.115439
0.137842
0.122484
0.131237
0.128512
0.126103
0.127111
0.143564
0.151929
0.139823
0.146883
0.132380
0.138204
0.129836
0.143563
0.137669
0.130356
0.129007
0.127354
0.125150
0.167993
0.152579
0.165764
0.159217
0.169706
0.162121
0.171259
0.180112
0.167609
0.163214
0.157316
0.149310
0.153823
0.147938
0.150142
0.148418
0.140208
0.135886
0.139244
0.064904
0.066926
0.061201
0.072771
0.067708
0.069936
0.071468
0.070268
0.071342
0.081123
0.083418
0.087842
0.079100
0.086356
0.090947
0.073949
0.071868
0.068414
0.069160
0.070916
0.076371
0.078865
0.084962
0.087761
0.082804
0.089051
0.074613
0.073425
0.073361
0.073502
0.072724
0.070356
0.069076
0.072625
0.071752
0.069504
0.067171
0.070339
0.072429
0.072156
0.068482
0.071449
0.072712
0.065296
0.057536
0.060459
0.060512
0.053796
0.059582
0.063665
0.064115
0.068005
0.068848
0.062657
0.068772
0.060819
0.059222
0.057778
0.058300
0.056986
0.058467
0.061155
0.063164
0.055814
0.059910
0.062680
0.058294
0.056016
0.054837
0.053307
0.049768
0.049949
0.055492
0.050232
0.068301
0.062071
0.063322
0.062512
0.067280
0.077538
0.069010
0.070939
0.078103
0.072895
0.074111
0.075361
0.075505
0.074633
0.075770
0.076820
0.074984
0.073629
0.073571
0.070975
0.072054
0.073035
0.071742
0.073681
0.075247
0.077058
0.074912
0.076835
0.076942
0.075591
0.068194
0.072050
0.071434
0.075332
0.073264
0.073181
0.076845
0.074387
0.077607
0.084599
0.088819
0.091751
0.091495
0.085738
0.078253
0.074101
0.064197
0.063911
0.063373
0.064820
0.069112
0.066581
0.067410
0.070762
0.072203
0.070665
0.069451
0.068539
0.076439
0.068936
0.070824
0.073784
0.067525
0.070998
0.069329
0.069192
0.070258
0.069275
0.037550
0.039203
0.037175
0.035462
0.036741
0.035734
0.034157
0.033403
0.032456
0.037993
0.034811
0.033380
0.035193
0.031959
0.034169
0.037329
0.037624
0.040515
0.038328
0.037937
0.049522
0.049055
0.046067
0.049458
0.049704
0.049370
0.051165
0.052731
0.052437
0.056095
0.054261
0.062806
0.050374
0.056874
0.047900
0.043514
0.045042
0.047332
0.045695
0.041269
0.043463
0.037644
0.042175
0.036318
0.038885
0.048740
0.046420
0.108611
0.098992
0.105727
0.102687
0.117347
0.113045
0.115171
0.111507
0.068979
0.073623
0.067096
0.067533
0.066068
0.064562
0.066849
0.062765
0.062983
0.065116
0.060268
0.059498
0.065254
0.055797
0.058989
0.057547
0.064343
0.055835
0.055033
0.052994
0.051863
0.053256
0.051658
0.050226
0.051270
0.049550
0.047622
0.047413
0.048687
0.045710
0.046661
0.046878
0.047478
0.048098
0.052353
0.050513
0.049034
0.053539
0.049358
0.046343
0.044512
0.045891
0.044028
0.042784
0.044676
0.053388
0.047596
0.047269
0.055731
0.048051
0.046981
0.052395
0.059619
0.049711
0.045995
0.046351
0.050116
0.047723
0.049788
0.051624
0.046649
0.050247
0.052275
0.053646
0.049969
0.048107
0.051476
0.046756
0.045991
0.045349
0.044266
0.044786
0.045827
0.045377
0.044608
0.044804
0.045328
0.045203
0.050806
0.046668
0.045663
0.049256
0.046332
0.052354
0.047830
0.048642
0.051607
0.051170
0.086746
0.086798
0.081148
0.083458
0.085272
0.077291
0.078243
0.079000
0.082741
0.086003
0.083691
0.081610
0.078415
0.077320
0.091908
0.095282
0.085933
0.095486
0.087766
0.082534
0.080556
0.080777
0.079184
0.076723
0.079691
0.075199
0.063920
0.065449
0.065747
0.063659
0.067738
0.069779
0.067800
0.062961
0.062226
0.060987
0.060366
0.062432
0.064065
0.067248
0.074608
0.069870
0.071128
0.075731
0.078233
0.079735
0.077504
0.076270
0.074711
0.073072
0.073944
0.071915
0.058581
0.063561
0.060453
0.055111
0.057995
0.061934
0.063105
0.056586
0.046654
0.050603
0.049425
0.046173
0.051503
0.042463
0.045615
0.054929
0.056451
0.054669
0.058215
0.058255
0.056154
0.055480
0.058483
0.057930
0.058495
0.057035
0.056990
0.060038
0.055218
0.057319
0.056118
0.058472
0.060977
0.054805
0.062664
0.059639
0.060673
0.067105
0.076783
0.054863
0.055431
0.053227
0.057825
0.060297
0.063264
0.085123
0.058822
0.053632
0.052357
0.048234
0.053397
0.044485
0.050465
0.054538
0.054690
0.055815
0.044776
0.045349
0.044412
0.043492
0.044552
0.044228
0.051118
0.101845
0.103826
0.102103
0.113349
0.090595
0.095128
0.079043
0.076327
0.091124
0.080761
0.097928
0.081705
0.086594
0.100522
0.101601
0.093596
0.091065
0.100489
0.093109
0.102791
0.102702
0.084323
0.092997
0.093927
0.083207
0.082355
0.091120
0.086754
0.106146
0.114730
0.108214
0.089513
0.082253
0.089881
0.087403
0.076336
0.080004
0.091858
0.098493
0.063179
0.068365
0.058976
0.057401
0.064371
0.069758
0.069709
0.114528
0.130870
0.125183
0.142897
0.129821
0.116288
0.111262
0.106703
0.104936
0.112384
0.108438
0.093084
0.087810
0.083853
0.098441
0.104172
0.107277
0.106130
0.100701
0.096985
0.092757
0.084981
0.090401
0.105508
0.120046
0.116200
0.124209
0.115937
0.119592
0.119804
0.117930
0.115992
0.114627
0.114970
0.115664
0.110838
0.113145
0.113273
0.104489
0.100754
0.114871
0.099837
0.104375
0.125281
0.114124
0.108518
0.115575
0.120987
0.154637
0.139986
0.154252
0.151363
0.146068
0.133956
0.131004
0.144127
0.107968
0.104634
0.108226
0.092898
0.082973
0.090245
0.095921
0.093228
0.094022
0.077331
0.089177
0.091508
0.090228
0.107480
0.105605
0.104656
0.098106
0.095203
0.092525
0.081209
0.076709
0.090942
0.106301
0.106810
0.113040
0.113783
0.115893
0.093558
0.107421
0.105329
0.099069
0.104799
0.113042
0.107678
0.113703
0.105897
0.117499
0.121847
0.108440
0.105001
0.105524
0.110966
0.118370
0.110609
0.119115
0.127476
0.078460
0.099678
0.070811
0.091741
0.100559
0.104013
0.090572
0.090972
0.098357
0.098894
0.104422
0.103228
0.071846
0.067060
0.064988
0.090013
0.084576
0.100761
0.102883
0.105258
0.105657
0.088196
0.091226
0.099992
0.099810
0.102984
0.103915
0.079444
0.075101
0.073346
0.052877
0.049524
0.053640
0.067040
0.059089
0.063535
0.053725
0.066013
0.065656
0.076459
0.048244
0.056809
0.046817
0.046604
0.047120
0.047139
0.046496
0.046852
0.048071
0.047563
0.047318
0.046908
0.047481
0.048489
0.056240
0.055512
0.047953
0.047350
0.050640
0.050091
0.047579
0.050464
0.053428
0.054204
0.054035
0.049177
0.051919
0.059740
0.047469
0.045924
0.054270
0.045160
0.044451
0.059727
0.058284
0.061140
0.068709
0.064181
0.092175
0.062428
0.061409
0.084284
0.060825
0.074057
0.072743
0.074613
0.074542
0.076565
0.074148
0.076821
0.073215
0.074433
0.074880
0.074570
0.076388
0.074241
0.075076
0.073556
0.075207
0.075877
0.070585
0.072142
0.072324
0.075352
0.067566
0.067918
0.071551
0.076628
0.066092
0.069385
0.064238
0.072786
0.076495
0.079247
0.078955
0.080284
0.074888
0.092801
0.067728
0.072711
0.078083
0.073294
0.071346
0.088965
0.095152
0.089013
0.085856
0.089166
0.084049
0.080765
0.078530
0.077454
0.079329
0.084058
0.085575
0.088180
0.074197
0.076330
0.081020
0.086358
0.074850
0.075581
0.071569
0.074860
0.074601
0.071538
0.077709
0.083192
0.072144
0.071080
0.078654
0.080658
0.066982
0.066738
0.064904
0.081830
0.072645
0.064187
0.071941
0.061497
0.060188
0.062741
0.075580
0.074697
0.063913
0.079183
0.081350
0.084089
0.084183
0.077858
0.080637
0.070623
0.069388
0.081707
0.084221
0.098040
0.092093
0.104349
0.078704
0.091834
0.072732
0.071474
0.071403
0.070863
0.074263
0.078772
0.071016
0.084287
0.068236
0.070227
0.078495
0.070931
0.089657
0.099108
0.106767
0.094009
0.092853
0.098625
0.087357
0.079005
0.090782
0.093889
0.079919
0.075422
0.086913
0.076662
0.077912
0.073173
0.075804
0.035960
0.037349
0.038987
0.036930
0.035975
0.037905
0.037306
0.034058
0.032859
0.034338
0.036317
0.036131
0.038234
0.030833
0.031570
0.032454
0.032402
0.033289
0.037887
0.034971
0.038309
0.040528
0.041178
0.043031
0.043971
0.040968
0.042715
0.045452
0.044196
0.046656
0.037919
0.035668
0.042930
0.034172
0.049590
0.046151
0.048133
0.051003
0.050379
0.052126
0.055718
0.054778
0.053941
0.055118
0.054748
0.050748
0.061283
0.047668
0.058324
0.062618
0.066734
0.067828
0.059033
0.066281
0.061707
0.065113
0.122683
0.126391
0.126049
0.120353
0.112602
0.066666
0.068906
0.077466
0.075729
0.060545
0.061183
0.066001
0.076902
0.059966
0.061518
0.059993
0.062716
0.061905
0.063971
0.067196
0.075636
0.070091
0.074856
0.064161
0.062561
0.066651
0.063596
0.055919
0.056570
0.062923
0.060574
0.061978
0.067246
0.069036
0.065509
0.064364
0.051076
0.055336
0.057918
0.054259
0.061492
0.050039
0.050213
0.049274
0.050674
0.047919
0.048020
0.051158
0.050209
0.056470
0.047879
0.049931
0.054172
0.044272
0.046110
0.049251
0.096811
0.116085
0.144844
0.123966
0.144625
0.119117
0.129999
0.111072
0.108241
0.112385
0.108245
0.105487
0.109972
0.109460
0.109275
0.112830
0.101929
0.100088
0.097060
0.105407
0.109846
0.105347
0.085262
0.086605
0.085667
0.084219
0.092214
0.082964
0.063995
0.053715
0.059805
0.051891
0.070587
0.071597
0.075622
0.081399
0.074606
0.072289
0.073274
0.068081
0.067537
0.064027
0.063179
0.066264
0.067420
0.071415
0.073097
0.069545
0.069522
0.063371
0.064669
0.057569
0.059762
0.058836
0.064046
0.069510
0.077584
0.130354
0.142600
0.137944
0.147079
0.145837
0.159671
0.165747
0.124463
0.152812
0.121516
0.106390
0.119186
0.147921
0.186076
0.152558
0.168260
0.169299
0.151738
0.153006
0.181499
0.123778
0.139772
0.145730
0.172293
0.111457
0.116704
0.115208
0.104294
0.102074
0.099909
0.112757
0.128195
0.099335
0.124050
0.068631
0.099385
0.151637
0.130487
0.076280
0.063115
0.050333
0.048092
0.051564
0.050001
0.059234
0.051032
0.064669
0.089104
0.105965
0.144602
0.150421
0.146956
0.137769
0.153041
0.151670
0.172336
0.153590
0.158676
0.174326
0.154025
0.177955
0.146646
0.204543
0.183348
0.141459
0.125737
0.145163
0.110175
0.124438
0.176938
0.148957
0.149126
0.134716
0.123368
0.107734
0.098366
0.099139
0.096713
0.097934
0.099994
0.102447
0.096105
0.092633
0.095035
0.087933
0.123907
0.113785
0.106340
0.102554
0.112099
0.125846
0.138733
0.153150
0.162984
0.155974
0.142837
0.150109
0.152196
0.158168
0.152209
0.177837
0.150581
0.187369
0.151235
0.151330
0.150489
0.151344
0.163830
0.151181
0.151993
0.169669
0.146205
0.144879
0.158717
0.139687
0.147698
0.165313
0.162041
0.148376
0.160718
0.153724
0.173175
0.149831
0.189484
0.126402
0.115056
0.118637
0.103645
0.113159
0.134496
0.190567
0.128044
0.144739
0.145934
0.185329
0.112363
0.108173
0.115707
0.108690
0.100511
0.117409
0.123689
0.143522
0.134349
0.135385
0.160661
0.158423
0.120156
0.086498
0.084050
0.087585
0.120069
0.111094
0.141719
0.128443
0.126801
0.155454
0.150554
0.169593
0.164600
0.155842
0.182789
0.181810
0.150259
0.173528
0.154120
0.156345
0.151782
0.157596
0.137859
0.146331
0.116379
0.136847
0.150732
0.127015
0.107628
0.107978
0.112417
0.119674
0.125321
0.150875
0.139910
0.129114
0.130778
0.126070
0.154852
0.149169
0.159152
0.148785
0.148702
0.166775
0.177389
0.148570
0.157043
0.130920
0.131682
0.114997
0.122390
0.124479
0.148173
0.147928
0.157632
0.153396
0.182035
0.151481
0.149018
0.179071
0.148293
0.167275
0.148885
0.150421
0.176599
0.150522
0.167682
0.171485
0.151103
0.148449
0.166575
0.168848
0.145128
0.146609
0.137248
0.140400
0.154396
0.159535
0.149162
0.160563
0.170736
0.150513
0.146231
0.160190
0.152492
0.148351
0.161530
0.141309
0.137405
0.143729
0.133167
0.165172
0.146509
0.159177
0.129596
0.132023
0.136911
0.112837
0.129712
0.131602
0.137662
0.135872
0.142729
0.146712
0.152898
0.148783
0.150704
0.158651
0.144837
0.159698
0.147402
0.148594
0.143728
0.161629
0.147455
0.147345
0.164344
0.162206
0.143079
0.177995
0.144996
0.120447
0.124252
0.130110
0.148759
0.150323
0.148844
0.156056
0.148815
0.156837
0.153838
0.158950
0.165449
0.139679
0.162401
0.162191
0.166169
0.172518
0.181128
0.164169
0.121059
0.118381
0.124853
0.131947
0.159576
0.139790
0.138036
0.134074
0.156842
0.153602
0.161632
0.142658
0.153014
0.130000
0.124428
0.120538
0.107332
0.139662
0.144830
0.154426
0.142099
0.108998
0.113701
0.099656
0.107703
0.109724
0.121188
0.109682
0.124785
0.134364
0.122300
0.115610
0.128017
0.146207
0.133641
0.130720
0.203352
0.140662
0.119243
0.120433
0.112006
0.111909
0.115648
0.122933
0.121157
0.123728
0.126389
0.118321
0.114621
0.104482
0.109868
0.120171
0.132349
0.118890
0.176364
0.171912
0.177535
0.152405
0.158328
0.175074
0.162667
0.166853
0.170684
0.159498
0.145320
0.134124
0.135249
0.147504
0.146284
0.146837
0.141164
0.151529
0.138114
0.140775
0.144841
0.135101
0.129347
0.144690
0.157099
0.151861
0.158784
0.150565
0.141486
0.132649
0.115236
0.101798
0.106528
0.094781
0.101225
0.095859
0.106606
0.125843
0.118919
0.124309
0.156440
0.174261
0.174404
0.162860
0.210334
0.157377
0.160648
0.160889
0.153226
0.150267
0.151756
0.150978
0.184816
0.203178
0.119436
0.131334
0.110523
0.101950
0.096502
0.120232
0.138549
0.204243
0.166381
0.141408
0.158691
0.108140
0.116030
0.096402
0.102945
0.103605
0.104024
0.104101
0.100077
0.104233
0.106287
0.097465
0.092669
0.084770
0.087566
0.080017
0.071508
0.066822
0.089570
0.147268
0.132387
0.159220
0.157722
0.170724
0.162415
0.171927
0.150311
0.130314
0.119479
0.124855
0.100950
0.125118
0.115085
0.135077
0.160712
0.118264
0.152254
0.097090
0.064016
0.102790
0.060276
0.064497
0.055229
0.059990
0.053331
0.073749
0.056410
0.060328
0.092943
0.131951
0.131151
0.142719
0.145990
0.160668
0.139979
0.114714
0.161668
0.117163
0.128033
0.133102
0.132054
0.154888
0.135377
0.143229
0.142397
0.127112
0.139507
0.105267
0.116146
0.147050
0.142965
0.124106
0.135687
0.122966
0.143758
0.109057
0.102217
0.090679
0.135762
0.100952
0.083286
0.082261
0.087429
0.091021
0.095629
0.094837
0.096879
0.091788
0.113773
0.117282
0.091690
0.122540
0.110730
0.143834
0.180028
0.148366
0.167977
0.143753
0.069767
0.065089
0.057225
0.061544
0.066716
0.086804
0.126917
0.076873
0.099396
0.052165
0.065249
0.046646
0.058009
0.062040
0.092397
0.065076
0.062208
0.068908
0.063582
0.070540
0.059848
0.084454
0.076894
0.070090
0.078698
0.081153
0.095384
0.086111
0.075077
0.059948
0.067464
0.062624
0.078572
0.109429
0.102949
0.088060
0.129852
0.126475
0.129836
0.144292
0.149312
0.110065
0.153511
0.105434
0.114459
0.127932
0.105173
0.137202
0.075026
0.077396
0.074262
0.104458
0.085990
0.118510
0.077692
0.118428
0.074867
0.071435
0.068985
0.067381
0.079925
0.127284
0.080259
0.090022
0.122327
0.083941
0.084058
0.101670
0.083210
0.093288
0.123696
0.144134
0.110414
0.096741
0.131803
0.070511
0.071854
0.065723
0.069587
0.067774
0.070275
0.070893
0.074857
0.086485
0.075928
0.085451
0.087289
0.096737
0.103988
0.086453
0.083591
0.086647
0.079428
0.094231
0.108816
0.091343
0.081506
0.109096
0.099283
0.130050
0.153306
0.112859
0.118951
0.112003
0.138573
0.123950
0.137025
0.125901
0.154081
0.136039
0.129676
0.108691
0.124816
0.138417
0.151004
0.148365
0.198136
0.098169
0.118080
0.093339
0.089064
0.093888
0.074298
0.085595
0.125513
0.103945
0.109246
0.091639
0.125217
0.090140
0.115276
0.108626
0.139185
0.130454
0.111003
0.135868
0.102723
0.101271
0.124431
0.153370
0.145888
0.158398
0.144876
0.164123
0.143712
0.120175
0.158412
0.105973
0.125610
0.093800
0.082639
0.135925
0.077704
0.074347
0.134343
0.094277
0.103059
0.095835
0.089819
0.093102
0.099632
0.109783
0.129496
0.150736
0.118623
0.143965
0.186253
0.158944
0.166429
0.160503
0.145587
0.143734
0.132304
0.116548
0.094575
0.094264
0.102825
0.112939
0.095973
0.139078
0.166598
0.142791
0.137082
0.158081
0.139096
0.147221
0.125250
0.148513
0.139745
0.133368
0.134977
0.138370
0.151166
0.131934
0.163184
0.134262
0.135411
0.165555
0.148236
0.142882
0.155779
0.130770
0.136282
0.149670
0.135142
0.129359
0.144131
0.137820
0.129276
0.130397
0.142980
0.143462
0.130415
0.121932
0.143933
0.127718
0.094493
0.099854
0.103608
0.118749
0.124566
0.170818
0.147067
0.144991
0.143347
0.172107
0.125754
0.132204
0.149617
0.094085
0.101961
0.093022
0.121741
0.153481
0.132170
0.158012
0.146528
0.166284
0.151229
0.156061
0.162577
0.154668
0.151992
0.154184
0.167347
0.152361
0.145695
0.175475
0.164921
0.147279
0.143632
0.151369
0.176859
0.151481
0.166461
0.150775
0.152763
0.181946
0.195119
0.153660
0.151964
0.146717
0.149586
0.150232
0.161483
0.149875
0.161641
0.154202
0.152322
0.164522
0.165471
0.148546
0.145403
0.155655
0.176527
0.152784
0.179339
0.156876
0.167067
0.129323
0.138411
0.167878
0.158095
0.110397
0.118841
0.129500
0.101074
0.117659
0.121699
0.144628
0.160816
0.161301
0.147160
0.150699
0.172171
0.122518
0.109182
0.120685
0.098185
0.099162
0.099668
0.094090
0.090536
0.110395
0.140360
0.162168
0.139924
0.157548
0.136538
0.148822
0.151511
0.169344
0.162827
0.145122
0.164579
0.125079
0.134015
0.142700
0.112725
0.114948
0.107206
0.128750
0.163980
0.148797
0.107231
0.113656
0.097355
0.091869
0.093833
0.101524
0.094734
0.126129
0.156471
0.123664
0.079269
0.074742
0.075391
0.067078
0.073606
0.089546
0.096215
0.079497
0.124852
0.076198
0.066829
0.116868
0.063695
0.075482
0.096729
0.121332
0.129926
0.107718
0.089193
0.124137
0.100984
0.118986
0.167574
0.090994
0.091867
0.113814
0.115294
0.117978
0.091700
0.082858
0.114458
0.160626
0.120113
0.124870
0.126849
0.133363
0.141409
0.145153
0.158510
0.148177
0.164838
0.169901
0.151715
0.180437
0.183043
0.139058
0.099889
0.170092
0.082914
0.084992
0.106828
0.129093
0.069409
0.070806
0.064792
0.064135
0.062317
0.099884
0.108596
0.057238
0.053833
0.057396
0.076703
0.129019
0.094221
0.156295
0.124501
0.118291
0.106150
0.107811
0.116129
0.135478
0.140494
0.134154
0.122135
0.118421
0.104704
0.126624
0.113136
0.102702
0.150300
0.135349
0.137062
0.152677
0.143759
0.115353
0.141620
0.104202
0.111552
0.116723
0.105865
0.113411
0.108289
0.108466
0.105424
0.099383
0.128478
0.111290
0.100836
0.117809
0.127663
0.138310
0.156926
0.148772
0.136612
0.142698
0.133698
0.130988
0.134782
0.162648
0.141444
0.161314
0.157135
0.136225
0.124937
0.143694
0.156773
0.154680
0.141173
0.140703
0.121705
0.139004
0.100747
0.110480
0.103644
0.135755
0.149888
0.121372
0.150743
0.131829
0.132529
0.131430
0.139047
0.154836
0.138135
0.133853
0.140835
0.130154
0.168725
0.155988
0.127070
0.147591
0.122878
0.145309
0.121372
0.112711
0.125282
0.145297
0.178003
0.150430
0.151660
0.171365
0.151825
0.167157
0.150708
0.184246
0.150541
0.155897
0.151560
0.160367
0.146996
0.141961
0.151004
0.166387
0.149626
0.204981
0.107905
0.124782
0.136478
0.137453
0.097581
0.116527
0.128050
0.087697
0.076299
0.082695
0.076740
0.070233
0.072243
0.068455
0.071180
0.071232
0.070765
0.083741
0.071838
0.074223
0.082949
0.073454
0.085422
0.075668
0.082305
0.093078
0.076791
0.090469
0.097974
0.091757
0.105297
0.102029
0.107374
0.101172
0.089933
0.089355
0.079947
0.096484
0.082413
0.097137
0.089512
0.102744
0.107953
0.089276
0.098738
0.103520
0.104672
0.108018
0.105671
0.119800
0.111921
0.116856
0.115982
0.129623
0.135966
0.108914
0.101489
0.119521
0.133616
0.127126
0.116720
0.128868
0.142111
0.148269
0.145916
0.166191
0.152390
0.148398
0.143739
0.142355
0.154097
0.172082
0.154059
0.166585
0.151696
0.158865
0.140651
0.150408
0.149926
0.139324
0.185548
0.148528
0.129411
0.133771
0.133195
0.134531
0.106965
0.114022
0.087744
0.098537
0.076264
0.072099
0.070105
0.094758
0.136148
0.185696
0.153510
0.180480
0.142805
0.145037
0.165819
0.152956
0.143469
0.155593
0.126426
0.132020
0.144789
0.177976
0.152643
0.149334
0.130598
0.134993
0.144234
0.125001
0.115591
0.138054
0.156758
0.148480
0.152995
0.138776
0.151277
0.147252
0.131517
0.138889
0.155094
0.110822
0.107648
0.109954
0.111358
0.116980
0.129420
0.135470
0.130731
0.112217
0.141269
0.095804
0.097046
0.110844
0.115100
0.150322
0.165250
0.099851
0.123646
0.108455
0.120805
0.133995
0.114234
0.120963
0.113181
0.126953
0.159648
0.137443
0.143611
0.152013
0.174467
0.157640
0.171633
0.150716
0.148741
0.174760
0.177129
0.145683
0.128812
0.120041
0.122253
0.128537
0.151600
0.113026
0.109505
0.104589
0.091050
0.099040
0.117802
0.151830
0.140206
0.138352
0.107748
0.132263
0.105606
0.111269
0.089444
0.087721
0.087169
0.093912
0.102839
0.122043
0.144532
0.135720
0.138635
0.132622
0.113437
0.114544
0.144784
0.096548
0.086250
0.115095
0.142574
0.162144
0.138953
0.173034
0.142396
0.139310
0.137155
0.141851
0.151343
0.162868
0.149704
0.137844
0.121787
0.129060
0.134817
0.147967
0.148584
0.149752
0.151938
0.151155
0.161911
0.171314
0.126636
0.136054
0.148853
0.148117
0.126619
0.134471
0.167227
0.117932
0.149771
0.143249
0.121466
0.113266
0.128579
0.138595
0.158433
0.146621
0.144382
0.148603
0.165853
0.147504
0.149578
0.150421
0.164751
0.158118
0.155741
0.153816
0.150530
0.195190
0.173396
0.179575
0.153831
0.163926
0.171998
0.141260
0.149622
0.156358
0.153813
0.191747
0.147349
0.168200
0.133277
0.136860
0.135527
0.134016
0.139771
0.094799
0.110093
0.088752
0.082662
0.083590
0.084453
0.093479
0.126198
0.134001
0.155946
0.146169
0.132560
0.156095
0.116523
0.111025
0.106756
0.114590
0.127214
0.090510
0.075987
0.086014
0.065828
0.057062
0.068571
0.059875
0.087529
0.121694
0.107825
0.127069
0.094078
0.093226
0.091667
0.103419
0.074264
0.080886
0.092440
0.090463
0.110370
0.118934
0.173914
0.160997
0.144901
0.163777
0.143164
0.114408
0.133620
0.097574
0.109295
0.091983
0.098344
0.128108
0.098823
0.088302
0.075565
0.086258
0.107701
0.134575
0.114656
0.109203
0.139991
0.120518
0.094264
0.105216
0.121753
0.141969
0.125557
0.138852
0.147346
0.125749
0.119430
0.128903
0.150388
0.164540
0.140909
0.179163
0.165318
0.176791
0.191973
0.167755
0.158748
0.157015
0.155258
0.154821
0.186616
0.179253
0.140846
0.152459
0.119004
0.137653
0.117298
0.138880
0.132044
0.175289
0.154841
0.154409
0.151869
0.153952
0.156542
0.155051
0.139581
0.149174
0.139170
0.144722
0.150082
0.151651
0.145455
0.147332
0.153538
0.149041
0.154428
0.104946
0.109133
0.102064
0.091499
0.089259
0.094872
0.089852
0.105502
0.129845
0.102179
0.126412
0.113116
0.158015
0.151346
0.150709
0.150904
0.157829
0.151627
0.157691
0.150803
0.149478
0.152257
0.170985
0.149129
0.161968
0.159613
0.168133
0.169153
0.151785
0.176061
0.177319
0.154520
0.152174
0.174867
0.161731
0.146947
0.151408
0.152098
0.170888
0.177344
0.148387
0.164834
0.171407
0.142181
0.135201
0.143567
0.167605
0.147949
0.177195
0.150750
0.154129
0.141521
0.136038
0.148297
0.169264
0.152264
0.169215
0.154871
0.155371
0.152311
0.172920
0.154686
0.195172
0.154003
0.163079
0.189357
0.160358
0.158904
0.151382
0.166139
0.124652
0.098901
0.103330
0.118060
0.104261
0.124809
0.146514
0.148828
0.143479
0.129495
0.156010
0.154235
0.119546
0.118426
0.107458
0.145288
0.129626
0.161200
0.120412
0.107536
0.117485
0.141669
0.130494
0.149698
0.130459
0.148340
0.152496
0.152134
0.161611
0.110479
0.096586
0.108762
0.123254
0.130046
0.123118
0.168402
0.141063
0.143352
0.127985
0.137163
0.128355
0.159699
0.130717
0.129273
0.155709
0.121992
0.119536
0.125330
0.149837
0.134450
0.153005
0.123907
0.121541
0.103036
0.127171
0.143067
0.136881
0.163601
0.151209
0.148357
0.165694
0.153596
0.159113
0.191618
0.146134
0.155214
0.142584
0.144300
0.148083
0.137340
0.158123
0.146487
0.161360
0.128086
0.122523
0.140963
0.135198
0.121677
0.138132
0.122693
0.114311
0.160590
0.139720
0.105523
0.120775
0.152861
0.126236
0.141689
0.137706
0.120530
0.135666
0.119092
0.131095
0.126224
0.138206
0.128830
0.117456
0.143535
0.138292
0.130139
0.106600
0.101227
0.121357
0.148726
0.169782
0.161113
0.165895
0.145751
0.137679
0.125515
0.129257
0.163845
0.144573
0.149277
0.145203
0.146544
0.161232
0.146571
0.149455
0.163848
0.160271
0.151234
0.145356
0.124986
0.149729
0.149051
0.133115
0.147569
0.162478
0.125294
0.140115
0.114641
0.128494
0.114001
0.156207
0.174349
0.158506
0.162954
0.154342
0.141212
0.154690
0.149506
0.142986
0.136439
0.147607
0.118176
0.143491
0.145541
0.142622
0.124072
0.149262
0.148950
0.128803
0.141529
0.142529
0.140097
0.132979
0.116627
0.110988
0.126411
0.114541
0.109573
0.111427
0.113163
0.123956
0.145901
0.160029
0.155749
0.149563
0.157695
0.151061
0.134345
0.170830
0.168475
0.175312
0.174213
0.189977
0.059220
0.062143
0.058693
0.051915
0.056555
0.056392
0.045309
0.060541
0.061358
0.101882
0.119287
0.051033
0.052343
0.059920
0.046728
0.059608
0.056818
0.063323
0.063979
0.064724
0.073656
0.071048
0.069793
0.062282
0.060012
0.059667
0.063895
0.059839
0.064932
0.058506
0.061709
0.059768
0.063565
0.063133
0.065741
0.062291
0.077247
0.067624
0.070361
0.073587
0.074027
0.086038
0.067960
0.066425
0.070712
0.069793
0.072872
0.072732
0.068965
0.071456
0.065354
0.061911
0.059452
0.061740
0.063317
0.063547
0.068844
0.062376
0.065138
0.062699
0.063142
0.064890
0.094890
0.079228
0.075377
0.119602
0.081969
0.084901
0.087170
0.104019
0.142843
0.174267
0.125940
0.172418
0.162161
0.132670
0.149288
0.177559
0.168426
0.162118
0.149243
0.149301
0.164030
0.136208
0.089863
0.107556
0.106627
0.139943
0.143698
0.126865
0.115129
0.141395
0.143995
0.150000
0.153308
0.150330
0.147380
0.139148
0.123457
0.122640
0.125494
0.106139
0.153061
0.150017
0.139015
0.126208
0.113939
0.101259
0.105623
0.106123
0.106386
0.105781
0.114353
0.107718
0.101890
0.117516
0.107880
0.122791
0.124885
0.119790
0.113282
0.129252
0.150314
0.132554
0.160646
0.116025
0.093686
0.116706
0.122813
0.120699
0.134017
0.131143
0.087856
0.090630
0.077129
0.080439
0.074358
0.092521
0.092090
0.130258
0.103647
0.144230
0.133072
0.109674
0.104504
0.124445
0.096844
0.080769
0.127490
0.070802
0.066624
0.083803
0.119815
0.142185
0.139461
0.128082
0.118894
0.138237
0.089454
0.085458
0.140575
0.125958
0.065777
0.067782
0.059975
0.050381
0.068531
0.046821
0.093656
0.109822
0.134847
0.130604
0.117546
0.108570
0.108732
0.114071
0.130548
0.127757
0.133296
0.138690
0.116309
0.116943
0.118592
0.129321
0.137390
0.127922
0.119850
0.116187
0.112919
0.111907
0.116898
0.112401
0.115793
0.108632
0.112104
0.103879
0.096982
0.105340
0.104305
0.099010
0.098025
0.099944
0.097914
0.095456
0.094460
0.101652
0.096973
0.094146
0.096124
0.097868
0.101424
0.103018
0.100556
0.100362
0.099218
0.098013
0.103413
0.102780
0.097959
0.104445
0.105571
0.117060
0.111205
0.112399
0.119898
0.116572
0.126770
0.109982
0.110855
0.107991
0.108698
0.108500
0.106672
0.109948
0.108292
0.109019
0.107506
0.109487
0.107340
0.087822
0.085960
0.083198
0.081517
0.089961
0.118511
0.146008
0.128769
0.117527
0.093737
0.095735
0.084304
0.080949
0.096265
0.098045
0.137044
0.134460
0.083323
0.084642
0.107406
0.110428
0.116779
0.108564
0.094323
0.088844
0.099419
0.091587
0.130887
0.085443
0.092401
0.079025
0.080174
0.075657
0.074499
0.079272
0.085393
0.098590
0.106120
0.099884
0.130014
0.065776
0.070534
0.073217
0.071926
0.066949
0.064274
0.069085
0.069369
0.069097
0.070277
0.064501
0.069033
0.073140
0.068344
0.073820
0.086191
0.089285
0.071040
0.076186
0.064383
0.063254
0.063208
0.058652
0.059723
0.067534
0.065470
0.063442
0.066101
0.066833
0.069968
0.062359
0.065218
0.062293
0.078684
0.066382
0.069808
0.071508
0.070910
0.065001
0.096212
0.095014
0.095222
0.097633
0.098911
0.099564
0.105042
0.103050
0.098039
0.098031
0.098931
0.098394
0.098272
0.098185
0.097622
0.098654
0.093636
0.096861
0.097762
0.096402
0.098209
0.096168
0.099410
0.101111
0.108134
0.104745
0.113647
0.115809
0.109802
0.111603
0.111926
0.118062
0.103988
0.101517
0.101784
0.100625
0.109096
0.104609
0.110619
0.109108
0.120653
0.140685
0.120738
0.134324
0.124221
0.097567
0.101039
0.120355
0.095362
0.091775
0.144999
0.159119
0.150159
0.173994
0.148467
0.178367
0.142919
0.109068
0.178564
0.107001
0.087955
0.099327
0.083111
0.089519
0.107107
0.091598
0.083417
0.087983
0.096310
0.089236
0.125303
0.100756
0.154051
0.135159
0.157663
0.099954
0.121123
0.092275
0.088679
0.089017
0.088616
0.083461
0.090780
0.082059
0.087015
0.087235
0.081054
0.086431
0.080762
0.084733
0.092064
0.094061
0.093986
0.078774
0.084229
0.096969
0.084440
0.084665
0.122668
0.167302
0.130861
0.100210
0.090492
0.082430
0.085386
0.092273
0.076507
0.083985
0.088899
0.083832
0.092439
0.090954
0.089910
0.092405
0.094839
0.092745
0.094320
0.094931
0.095982
0.096255
0.099975
0.100851
0.114863
0.133657
0.131659
0.140035
0.173637
0.138126
0.173522
0.114953
0.086918
0.086571
0.091758
0.115082
0.101714
0.136871
0.176921
0.124023
0.123338
0.128421
0.105481
0.103134
0.105400
0.098789
0.138580
0.129042
0.212265
0.158238
0.214770
0.148674
0.196653
0.110222
0.111765
0.104607
0.109376
0.110097
0.105011
0.106030
0.104287
0.111882
0.105925
0.119392
0.135258
0.155540
0.118602
0.130812
0.145796
0.108199
0.102771
0.050854
0.049205
0.046238
0.050583
0.038827
0.037481
0.048942
0.053297
0.092228
0.057500
0.050092
0.061415
0.056791
0.043471
0.046421
0.060875
0.061949
0.043094
0.053330
0.047231
0.039080
0.072101
0.077030
0.071132
0.073589
0.099057
0.083709
0.100740
0.111878
0.071105
0.080979
0.108514
0.060288
0.075867
0.120504
0.043553
0.054670
0.041993
0.036228
0.032765
0.030611
0.041571
0.040090
0.043645
0.049442
0.050887
0.050257
0.102591
0.061543
0.094793
0.050998
0.056686
0.065374
0.050237
0.047093
0.062879
0.041518
0.046663
0.049172
0.050902
0.074006
0.077398
0.076368
0.072410
0.076704
0.076369
0.070999
0.068958
0.073042
0.069240
0.074373
0.072613
0.059548
0.052918
0.070917
0.067241
0.047307
0.048034
0.047970
0.054566
0.060827
0.057339
0.064547
0.067461
0.075919
0.076060
0.076579
0.076410
0.073841
0.074430
0.073612
0.074485
0.073628
0.075434
0.074847
0.066224
0.069797
0.068836
0.059854
0.077013
0.074844
0.073129
0.072666
0.078361
0.077738
0.080968
0.077602
0.076263
0.057263
0.063214
0.072339
0.075711
0.073607
0.069324
0.070130
0.148193
0.151602
0.191025
0.147558
0.144061
0.151716
0.164616
0.153464
0.167617
0.168609
0.149507
0.173431
0.150435
0.141765
0.165711
0.155312
0.191603
0.159524
0.184666
0.217804
0.221651
0.201118
0.062907
0.079905
0.074879
0.044743
0.047543
0.051389
0.064969
0.053247
0.080537
0.082828
0.095983
0.098380
0.089173
0.086976
0.089077
0.087070
0.090497
0.065585
0.063212
0.073158
0.059497
0.058577
0.059909
0.067626
0.053067
0.072373
0.064988
0.121050
0.093474
0.103376
0.108294
0.120245
0.189011
0.151516
0.212127
0.149391
0.095937
0.119023
0.089433
0.093874
0.125959
0.106673
0.148828
0.158021
0.157837
0.147288
0.125956
0.162989
0.151406
0.093222
0.115005
0.056972
0.053172
0.051822
0.056386
0.054863
0.056681
0.068576
0.056654
0.079250
0.081475
0.088039
0.083138
0.075989
0.073912
0.060812
0.061653
0.049832
0.057143
0.055094
0.048841
0.079613
0.118892
0.112709
0.132256
0.069781
0.093632
0.081553
0.097752
0.095100
0.124863
0.129084
0.153766
0.154801
0.172617
0.128982
0.101705
0.094082
0.123410
0.093517
0.106143
0.126423
0.120295
0.119716
0.137544
0.160582
0.126801
0.101096
0.053679
0.054358
0.053232
0.042161
0.049217
0.046587
0.043437
0.060233
0.172965
0.173346
0.192834
0.172582
0.172649
0.172384
0.180623
0.198927
0.167612
0.170566
0.154969
0.157526
0.140326
0.163611
0.170167
0.174900
0.183577
0.201119
0.185899
0.201736
0.209964
0.200153
0.199789
0.199273
0.210951
0.188586
0.184083
0.173822
0.173969
0.182076
0.189888
0.187992
0.192775
0.181267
0.178077
0.191859
0.109888
0.113132
0.122194
0.119480
0.126501
0.119033
0.123176
0.129868
0.164757
0.138341
0.152879
0.216874
0.173030
0.218388
0.207273
0.234430
0.190711
0.158840
0.213799
0.140977
0.164404
0.153208
0.141575
0.160474
0.176688
0.169523
0.171639
0.186397
0.170614
0.157566
0.111936
0.140974
0.116385
0.142408
0.094830
0.116425
0.123188
0.120047
0.122642
0.126094
0.137657
0.092957
0.113934
0.092704
0.071790
0.065883
0.057645
0.055953
0.083274
0.104144
0.066283
0.134033
0.124504
0.134661
0.122555
0.138185
0.127192
0.108870
0.125180
0.146124
0.133426
0.159631
0.119033
0.118667
0.128123
0.123352
0.117639
0.140205
0.125191
0.130238
0.164766
0.148325
0.151535
0.150746
0.133706
0.135092
0.123134
0.140170
0.061426
0.060405
0.061123
0.051116
0.054404
0.059552
0.058681
0.057891
0.063649
0.101762
0.114882
0.118323
0.152135
0.150916
0.135742
0.103643
0.066760
0.062561
0.049265
0.055149
0.051300
0.065054
0.048198
0.050908
0.064038
0.059819
0.128564
0.107925
0.124491
0.139062
0.123474
0.132379
0.153754
0.204272
0.176105
0.184500
0.129370
0.140989
0.134864
0.122593
0.125123
0.147923
0.150370
0.210190
0.145893
0.121710
0.182419
0.112594
0.126812
0.139898
0.143693
0.161236
0.143143
0.149601
0.141421
0.129737
0.127339
0.134150
0.177803
0.150195
0.169813
0.166636
0.160779
0.149241
0.170340
0.142767
0.144715
0.185921
0.153542
0.210189
0.151404
0.145804
0.151075
0.168763
0.151597
0.190090
0.138567
0.144678
0.137464
0.136919
0.122620
0.127097
0.142240
0.146152
0.223484
0.055989
0.061196
0.055303
0.049479
0.047310
0.054142
0.050331
0.048668
0.049293
0.052330
0.055340
0.045673
0.043474
0.052908
0.049947
0.043738
0.050322
0.085605
0.074570
0.080073
0.083847
0.081307
0.076997
0.071393
0.076881
0.082482
0.082032
0.085768
0.087812
0.075459
0.045169
0.040152
0.057138
0.054121
0.036495
0.048415
0.035902
0.046419
0.041437
0.055233
0.060572
0.056824
0.059113
0.059619
0.056701
0.052018
0.058825
0.055557
0.056316
0.052213
0.053379
0.056081
0.051043
0.052986
0.050146
0.051636
0.054293
0.052056
0.065592
0.066834
0.070302
0.070294
0.073607
0.076935
0.067903
0.067109
0.063014
0.067204
0.062817
0.060018
0.060470
0.061294
0.066746
0.045242
0.050914
0.043575
0.053425
0.046523
0.046607
0.040705
0.049500
0.050300
0.049643
0.061333
0.068133
0.060490
0.062406
0.063743
0.070770
0.063043
0.074283
0.071213
0.075482
0.069735
0.065824
0.069139
0.063220
0.060674
0.066125
0.056150
0.059629
0.057030
0.063046
0.065979
0.067670
0.078783
0.059482
0.054689
0.054687
0.049919
0.050357
0.062108
0.075452
0.116654
0.116969
0.135437
0.112287
0.118510
0.149721
0.110484
0.122011
0.115504
0.128779
0.162964
0.167813
0.151989
0.193581
0.165345
0.155479
0.133075
0.130499
0.126778
0.151529
0.118547
0.135536
0.120235
0.144734
0.140329
0.151619
0.164908
0.168445
0.188186
0.180020
0.159848
0.143044
0.096180
0.107312
0.094335
0.083698
0.086897
0.092700
0.074695
0.076887
0.088472
0.066100
0.076413
0.081139
0.066049
0.072304
0.073153
0.061588
0.085872
0.077054
0.138607
0.121292
0.130486
0.144273
0.123692
0.105329
0.166941
0.152108
0.176363
0.150907
0.169500
0.181572
0.145246
0.164246
0.142405
0.147781
0.161092
0.144643
0.125832
0.149686
0.158904
0.151550
0.151287
0.154934
0.159202
0.150700
0.141646
0.129267
0.130254
0.123154
0.117994
0.116989
0.147173
0.136519
0.128476
0.135527
0.135778
0.150000
0.154062
0.151008
0.131506
0.118565
0.135070
0.156052
0.145044
0.141589
0.139166
0.109627
0.130520
0.113889
0.137797
0.159991
0.149013
0.142716
0.140180
0.143826
0.192359
0.183695
0.217359
0.200616
0.189602
0.176346
0.166218
0.180077
0.166656
0.138593
0.155134
0.133429
0.154401
0.128571
0.129149
0.167221
0.163793
0.161489
0.177055
0.186129
0.178531
0.178279
0.163969
0.142770
0.150999
0.137790
0.131403
0.131530
0.133726
0.149192
0.205630
0.178734
0.214494
0.167234
0.218478
0.202948
0.223755
0.231314
0.218154
0.193877
0.214246
0.188596
0.218156
0.197561
0.227844
0.194222
0.183639
0.108955
0.086691
0.090751
0.082089
0.074089
0.098427
0.078258
0.092806
0.077487
0.077439
0.082302
0.070700
0.081189
0.053229
0.054480
0.057035
0.055700
0.056811
0.057474
0.047510
0.050101
0.052823
0.050836
0.056400
0.046182
0.050380
0.050205
0.057504
0.120435
0.122798
0.101643
0.158066
0.131299
0.115901
0.099834
0.097346
0.102200
0.106438
0.125051
0.109233
0.127180
0.149813
0.184918
0.146245
0.141599
0.172228
0.154036
0.157100
0.145663
0.069344
0.057453
0.063651
0.045706
0.050251
0.061367
0.084910
0.062380
0.072716
0.070786
0.076226
0.078107
0.088691
0.070165
0.073953
0.068364
0.064815
0.070853
0.055727
0.055636
0.062424
0.060701
0.055968
0.067078
0.072141
0.063670
0.068609
0.077363
0.080445
0.075234
0.130922
0.134761
0.139082
0.134507
0.137257
0.122961
0.142027
0.080285
0.119152
0.092510
0.077324
0.104008
0.120666
0.139350
0.148772
0.152605
0.147735
0.141712
0.144295
0.150877
0.161418
0.152864
0.170486
0.185395
0.177416
0.161577
0.165241
0.197822
0.195168
0.190956
0.183598
0.163028
0.103207
0.094033
0.081128
0.105005
0.065702
0.102057
0.136378
0.126462
0.120376
0.129422
0.118090
0.126641
0.134659
0.103865
0.123572
0.146432
0.061106
0.053449
0.059431
0.065246
0.043843
0.048395
0.052942
0.062010
0.068667
0.065680
0.068656
0.059246
0.053551
0.050408
0.043270
0.110201
0.118622
0.143584
0.113396
0.116209
0.120468
0.118187
0.127843
0.133991
0.132179
0.174000
0.132237
0.125468
0.122382
0.117171
0.145243
0.166012
0.139632
0.167382
0.136359
0.130129
0.160293
0.133864
0.154941
0.142116
0.160192
0.154253
0.134332
0.131960
0.133776
0.124617
0.121267
0.138933
0.134289
0.162660
0.136207
0.124542
0.119812
0.141225
0.165166
0.140588
0.149492
0.166333
0.055678
0.057639
0.044980
0.049758
0.046635
0.086783
0.056073
0.063941
0.072462
0.061323
0.071624
0.067326
0.064944
0.056614
0.058316
0.057523
0.063324
0.071035
0.055207
0.056523
0.055117
0.052924
0.051642
0.051111
0.051221
0.050525
0.052186
0.055412
0.057963
0.066632
0.059681
0.073731
0.250273
0.237294
0.240578
0.215503
0.226068
0.242543
0.204441
0.189375
0.230176
0.271816
0.277234
0.260362
0.269339
0.237845
0.264673
0.254463
0.276310
0.273567
0.264504
0.260780
0.284483
0.260008
0.262278
0.258493
0.262007
0.252776
0.128865
0.131059
0.127187
0.123902
0.113397
0.109270
0.117427
0.116765
0.118331
0.118453
0.139612
0.125607
0.120212
0.123872
0.121731
0.128700
0.119097
0.149016
0.123322
0.171063
0.109982
0.111445
0.098268
0.104525
0.129599
0.118377
0.164754
0.198696
0.215558
0.239847
0.207042
0.227405
0.225934
0.213989
0.221618
0.230731
0.052051
0.061049
0.056788
0.046268
0.054938
0.052508
0.039667
0.037000
0.035177
0.036831
0.040293
0.046253
0.042103
0.047509
0.056153
0.066527
0.060505
0.074819
0.140907
0.146238
0.125114
0.129196
0.143427
0.152340
0.152365
0.168950
0.157272
0.190651
0.179447
0.129912
0.121858
0.119519
0.137769
0.122429
0.146145
0.122765
0.136041
0.115275
0.116931
0.128838
0.107807
0.130814
0.162016
0.151717
0.118218
0.103881
0.103853
0.105760
0.089219
0.130297
0.130216
0.103440
0.149244
0.145976
0.162476
0.139273
0.157294
0.145378
0.140893
0.160656
0.154231
0.135118
0.161885
0.195213
0.178048
0.163798
0.156808
0.135893
0.139144
0.155270
0.117064
0.126605
0.147101
0.154741
0.152129
0.179923
0.149976
0.157517
0.179092
0.152423
0.159475
0.179382
0.163419
0.185068
0.199426
0.153527
0.153967
0.161855
0.144016
0.188715
0.137369
0.129132
0.145239
0.151981
0.160386
0.162495
0.213014
0.122294
0.125585
0.074990
0.084241
0.058516
0.082844
0.086848
0.066661
0.090533
0.148019
0.100685
0.125526
0.088727
0.140142
0.079395
0.087977
0.076766
0.074502
0.077893
0.145406
0.090673
0.132519
0.115877
0.126972
0.116025
0.124691
0.140640
0.132760
0.156529
0.146827
0.143243
0.135578
0.136376
0.147832
0.142699
0.129838
0.127480
0.116699
0.110872
0.123231
0.123215
0.089750
0.104439
0.108185
0.121774
0.107587
0.104300
0.084529
0.094832
0.107045
0.098874
0.120242
0.093279
0.069308
0.095653
0.102810
0.061565
0.077113
0.054027
0.059186
0.065828
0.076842
0.079270
0.079618
0.073388
0.104562
0.070480
0.075705
0.088052
0.066465
0.064413
0.062281
0.062618
0.061797
0.061956
0.061848
0.061897
0.061389
0.062785
0.069021
0.063801
0.069313
0.067203
0.070770
0.074265
0.061331
0.081861
0.080520
0.081722
0.075018
0.091289
0.065639
0.064402
0.061087
0.059523
0.060904
0.061375
0.057701
0.058541
0.068702
0.061535
0.073968
0.072243
0.074300
0.070226
0.074170
0.074894
0.070405
0.070058
0.073422
0.069516
0.093568
0.090831
0.096383
0.103911
0.105856
0.100561
0.107937
0.080150
0.079665
0.068710
0.077346
0.096752
0.115512
0.228308
0.246331
0.279276
0.229214
0.235407
0.249498
0.214464
0.193653
0.242533
0.224566
0.261598
0.270899
0.294466
0.296456
0.264854
0.254070
0.252538
0.283280
0.284809
0.264873
0.297811
0.292611
0.295010
0.301995
0.319760
0.308500
0.300783
0.274596
0.288663
0.274153
0.245699
0.290676
0.264908
0.224752
0.294666
0.139549
0.097683
0.129630
0.150971
0.091214
0.083380
0.090259
0.100570
0.116291
0.125289
0.125184
0.118079
0.105107
0.095537
0.120285
0.138443
0.164364
0.157339
0.159857
0.156303
0.166530
0.193192
0.170653
0.182466
0.190400
0.204100
0.190943
0.170295
0.180156
0.168445
0.163313
0.163097
0.157473
0.160799
0.155093
0.155650
0.153289
0.152929
0.163949
0.173281
0.159054
0.164682
0.165981
0.165040
0.187910
0.175772
0.149113
0.147222
0.134503
0.140106
0.140693
0.157644
0.148842
0.156419
0.191574
0.151961
0.183480
0.149665
0.152236
0.228521
0.275045
0.298748
0.262888
0.286184
0.256266
0.216236
0.200697
0.166838
0.186513
0.218486
0.213373
0.232535
0.213534
0.270231
0.208918
0.185506
0.142690
0.119757
0.137315
0.157725
0.289706
0.248525
0.225453
0.207762
0.235458
0.262263
0.311553
0.323343
0.318558
0.335534
0.292775
0.283586
0.098714
0.079695
0.077743
0.059486
0.055310
0.084799
0.066755
0.149076
0.146315
0.144132
0.157548
0.147411
0.141576
0.164080
0.164322
0.165191
0.133154
0.145356
0.144348
0.146548
0.150356
0.156993
0.146660
0.129790
0.137637
0.124377
0.132321
0.133211
0.128141
0.110529
0.112721
0.097104
0.105806
0.126171
0.117646
0.092393
0.091899
0.088821
0.098323
0.101528
0.113584
0.108730
0.106355
0.113157
0.069686
0.062822
0.067120
0.060153
0.059629
0.064611
0.071192
0.072256
0.068460
0.063337
0.064669
0.069727
0.075940
0.071848
0.068864
0.080054
0.092117
0.077259
0.086285
0.067048
0.061651
0.058337
0.056559
0.070199
0.080906
0.094414
0.086770
0.098653
0.094150
0.112152
0.143956
0.145609
0.137185
0.147116
0.149451
0.168138
0.146790
0.132426
0.135806
0.145474
0.143274
0.152987
0.151060
0.186790
0.150423
0.138854
0.150336
0.167225
0.146812
0.149966
0.147342
0.153959
0.187696
0.149924
0.151196
0.170826
0.149883
0.152868
0.144207
0.151983
0.147999
0.150818
0.170591
0.148486
0.150966
0.148934
0.171757
0.162112
0.144877
0.134677
0.149789
0.114995
0.129396
0.168427
0.148319
0.144744
0.174237
0.098241
0.090521
0.103269
0.098602
0.093184
0.104497
0.100723
0.113413
0.117232
0.125943
0.110398
0.114314
0.127760
0.107494
0.121662
0.155907
0.157819
0.149423
0.161405
0.152427
0.153996
0.148411
0.135110
0.077767
0.076129
0.081124
0.075025
0.068019
0.095195
0.071301
0.098222
0.082199
0.077468
0.080110
0.085270
0.079354
0.083016
0.101326
0.078151
0.083207
0.088056
0.087928
0.192052
0.142971
0.134508
0.146008
0.140314
0.152868
0.131371
0.192432
0.158561
0.160530
0.173335
0.180377
0.167904
0.168770
0.156303
0.157595
0.158628
0.185611
0.070020
0.075424
0.063535
0.071384
0.056556
0.054999
0.062675
0.067554
0.074729
0.067686
0.176516
0.182631
0.215880
0.184799
0.170262
0.147784
0.166900
0.212520
0.226732
0.253046
0.210925
0.198729
0.195256
0.227733
0.230669
0.253071
0.241372
0.241793
0.248773
0.263266
0.217547
0.269600
0.269710
0.240179
0.200295
0.136037
0.121928
0.133166
0.121419
0.119324
0.128603
0.130178
0.122718
0.123972
0.131941
0.126165
0.147656
0.141976
0.132776
0.137511
0.147474
0.136485
0.138863
0.142481
0.135441
0.134914
0.080979
0.079371
0.094528
0.089327
0.087555
0.077868
0.075230
0.074965
0.082160
0.126706
0.139265
0.128291
0.134121
0.148053
0.139587
0.129545
0.122884
0.128782
0.124150
0.143063
0.145166
0.169099
0.143186
0.123308
0.147002
0.146947
0.149507
0.138432
0.139793
0.146102
0.144117
0.200935
0.164004
0.117839
0.126952
0.130681
0.126907
0.115226
0.121490
0.127197
0.143678
0.139431
0.129514
0.133643
0.139241
0.142178
0.147366
0.148893
0.155289
0.158764
0.179138
0.150832
0.148804
0.152587
0.155665
0.166647
0.151844
0.149728
0.175507
0.150529
0.149811
0.151322
0.139936
0.173445
0.169637
0.176813
0.185764
0.189452
0.180365
0.170853
0.167086
0.159100
0.167126
0.146127
0.182732
0.172528
0.180865
0.175103
0.160899
0.148900
0.140182
0.149599
0.145553
0.134077
0.119919
0.126449
0.133666
0.134532
0.131668
0.134232
0.118372
0.116215
0.117335
0.131977
0.123836
0.127869
0.150963
0.174047
0.188006
0.149281
0.183831
0.146157
0.149040
0.124358
0.140921
0.140847
0.170723
0.151696
0.145273
0.139937
0.136992
0.123675
0.128727
0.120313
0.122839
0.127531
0.120280
0.127167
0.123920
0.122259
0.133908
0.127428
0.119029
0.117905
0.114528
0.114979
0.118044
0.114993
0.121524
0.117072
0.110619
0.081594
0.081813
0.099132
0.117797
0.128466
0.115984
0.144478
0.097180
0.069478
0.055227
0.056566
0.070054
0.059087
0.149375
0.150949
0.164712
0.156640
0.152775
0.157134
0.150771
0.145436
0.140851
0.142832
0.196040
0.100057
0.095361
0.091604
0.071737
0.062364
0.081296
0.067077
0.087730
0.106081
0.160175
0.143404
0.136444
0.128584
0.080952
0.101641
0.098095
0.100949
0.078771
0.089660
0.070492
0.071447
0.075482
0.072398
0.073098
0.095462
0.099130
0.089379
0.102457
0.113250
0.092715
0.101485
0.103768
0.091404
0.078741
0.097309
0.068515
0.070246
0.077461
0.083193
0.068350
0.092450
0.103774
0.054894
0.060085
0.054670
0.055309
0.052406
0.055424
0.048373
0.056381
0.051423
0.056218
0.056526
0.059881
0.066671
0.065058
0.060493
0.076159
0.055238
0.054305
0.060576
0.062736
0.057075
0.068348
0.070482
0.080557
0.064988
0.058136
0.069782
0.056333
0.055499
0.053831
0.054720
0.053280
0.057242
0.056361
0.060557
0.058241
0.061378
0.065722
0.066298
0.063039
0.065389
0.062023
0.063893
0.061943
0.067373
0.066077
0.069952
0.066951
0.073165
0.068195
0.074310
0.072036
0.076755
0.073013
0.076572
0.079135
0.067741
0.077559
0.065133
0.070722
0.074316
0.078540
0.085596
0.069514
0.087218
0.075336
0.080774
0.073823
0.062313
0.076827
0.063497
0.059204
0.056365
0.065972
0.078981
0.126564
0.136285
0.151184
0.180895
0.154448
0.178775
0.154095
0.150355
0.154514
0.140858
0.124275
0.125782
0.135493
0.125350
0.124257
0.139277
0.126262
0.148318
0.131237
0.153285
0.144069
0.170924
0.150621
0.149858
0.153234
0.143171
0.141499
0.149700
0.143101
0.152502
0.188024
0.157895
0.151875
0.181309
0.152722
0.150341
0.180616
0.189949
0.155068
0.154477
0.174854
0.152446
0.152608
0.154636
0.167956
0.160826
0.154679
0.152903
0.151829
0.162574
0.162209
0.146462
0.168408
0.168011
0.160468
0.161216
0.130809
0.131475
0.125485
0.127414
0.118227
0.128527
0.139356
0.149012
0.152220
0.143199
0.166284
0.162862
0.157043
0.160641
0.143977
0.140199
0.128968
0.119510
0.115770
0.110176
0.124737
0.139900
0.182821
0.180017
0.171183
0.179193
0.174878
0.173252
0.172224
0.166366
0.169770
0.189933
0.178134
0.173138
0.178021
0.168628
0.164823
0.148074
0.149223
0.149568
0.129762
0.146387
0.149446
0.130226
0.132527
0.124434
0.122321
0.141287
0.164815
0.170626
0.154609
0.132621
0.127722
0.156847
0.164924
0.156258
0.130420
0.171841
0.173933
0.181770
0.193859
0.119261
0.112456
0.103720
0.105331
0.102958
0.115490
0.102208
0.109020
0.111605
0.123824
0.146137
0.115722
0.174228
0.137358
0.165750
0.109373
0.106954
0.116699
0.122016
0.115623
0.112526
0.126592
0.123780
0.108334
0.110218
0.107442
0.106249
0.120272
0.117927
0.120889
0.122863
0.104532
0.110235
0.103906
0.096108
0.099767
0.090755
0.110536
0.101991
0.118077
0.110054
0.105693
0.088775
0.091800
0.112383
0.075666
0.069373
0.081813
0.091932
0.107001
0.096018
0.085525
0.105687
0.079261
0.083380
0.091356
0.099056
0.097552
0.101760
0.090214
0.096328
0.089634
0.096553
0.097365
0.090430
0.093807
0.094376
0.094018
0.092406
0.091761
0.090711
0.130674
0.134869
0.138710
0.154614
0.164700
0.143542
0.152262
0.175147
0.153125
0.149859
0.189087
0.150290
0.165046
0.136353
0.113484
0.155567
0.108720
0.127019
0.135416
0.159516
0.143511
0.150136
0.150654
0.121936
0.135284
0.136747
0.122289
0.138842
0.149486
0.106367
0.107198
0.102141
0.125069
0.108478
0.114766
0.094900
0.140101
0.112207
0.140097
0.116507
0.149014
0.140558
0.147576
0.147436
0.147677
0.147005
0.146922
0.149649
0.130244
0.135367
0.153776
0.148242
0.151292
0.147029
0.145846
0.140337
0.141756
0.141024
0.116318
0.120779
0.123405
0.117854
0.128137
0.128270
0.120789
0.116334
0.116958
0.113701
0.123624
0.124115
0.107226
0.109640
0.098912
0.097408
0.166036
0.132976
0.145789
0.137961
0.173096
0.142132
0.160885
0.130167
0.172269
0.159829
0.132552
0.105983
0.116605
0.103678
0.090542
0.089719
0.087793
0.086672
0.092628
0.093436
0.090702
0.091469
0.091930
0.104901
0.102293
0.110980
0.107452
0.105575
0.108398
0.103752
0.107507
0.101321
0.104133
0.103092
0.106041
0.100754
0.119682
0.114472
0.104145
0.095615
0.093951
0.087975
0.103199
0.085631
0.114745
0.109576
0.118454
0.112202
0.117159
0.126091
0.110540
0.108964
0.113479
0.109346
0.120680
0.108419
0.109259
0.107606
0.109752
0.120677
0.081196
0.088875
0.078149
0.089451
0.088784
0.074422
0.069923
0.070127
0.078673
0.074416
0.074162
0.086254
0.079599
0.073294
0.075073
0.075374
0.083678
0.112565
0.113109
0.108010
0.104028
0.111095
0.099672
0.113725
0.117962
0.114237
0.123320
0.057791
0.061848
0.065971
0.059476
0.064742
0.067696
0.059712
0.058719
0.047741
0.051858
0.046399
0.050913
0.058644
0.057041
0.154619
0.151042
0.151878
0.151022
0.154103
0.152816
0.161733
0.158986
0.156434
0.152900
0.151779
0.146561
0.146851
0.140521
0.149411
0.150913
0.154380
0.148370
0.147973
0.145314
0.141450
0.150469
0.148262
0.154155
0.154151
0.152694
0.143835
0.138784
0.138314
0.134319
0.126808
0.139663
0.141473
0.133099
0.133717
0.077505
0.096072
0.101893
0.102336
0.097250
0.086038
0.059696
0.071808
0.075724
0.061140
0.059897
0.085255
0.067053
0.129125
0.117334
0.125510
0.114765
0.111795
0.126342
0.111811
0.115302
0.119620
0.109673
0.107640
0.107373
0.106418
0.109234
0.109646
0.109234
0.107935
0.095031
0.110755
0.109021
0.070860
0.075677
0.070560
0.070266
0.068247
0.068545
0.062927
0.079802
0.066028
0.087312
0.074193
0.073444
0.093824
0.067771
0.065988
0.076139
0.065538
0.070755
0.086274
0.099646
0.092450
0.095360
0.114520
0.083097
0.079643
0.098137
0.074910
0.073456
0.069562
0.068757
0.068382
0.086218
0.080370
0.090708
0.100394
0.077724
0.096916
0.076628
0.071947
0.059044
0.072619
0.096441
0.107036
0.108824
0.110167
0.104318
0.106476
0.108033
0.131549
0.141320
0.148449
0.129705
0.137878
0.150792
0.136283
0.127410
0.124685
0.129574
0.120916
0.130928
0.139220
0.136486
0.140324
0.128488
0.125756
0.129612
0.123795
0.139644
0.112834
0.115367
0.132090
0.110240
0.090404
0.103215
0.098883
0.092522
0.112431
0.087811
0.090413
0.095648
0.094496
0.096533
0.104270
0.103445
0.088485
0.089560
0.094601
0.091221
0.095715
0.097567
0.091663
0.101443
0.097403
0.095377
0.100814
0.098391
0.098227
0.097596
0.095046
0.095808
0.097973
0.100702
0.095415
0.114880
0.113611
0.130319
0.117234
0.137995
0.120136
0.121802
0.119071
0.131277
0.137823
0.138892
0.136741
0.118027
0.120571
0.120013
0.121919
0.127160
0.120935
0.110857
0.117273
0.116621
0.116642
0.110406
0.128260
0.145124
0.156532
0.145040
0.141267
0.147777
0.132993
0.130799
0.143467
0.149926
0.155779
0.150035
0.141441
0.141406
0.145575
0.145260
0.136113
0.124885
0.115115
0.138167
0.121191
0.128359
0.142980
0.135750
0.109483
0.098427
0.101553
0.091856
0.116066
0.111927
0.127336
0.111808
0.139678
0.141535
0.144061
0.149324
0.142691
0.145854
0.162469
0.154987
0.140083
0.151217
0.168961
0.151566
0.151753
0.136471
0.145299
0.145144
0.158744
0.159413
0.118779
0.106698
0.114778
0.106622
0.092281
0.095526
0.094166
0.104996
0.131302
0.124898
0.126684
0.119281
0.130550
0.133913
0.114376
0.118340
0.112915
0.122163
0.104819
0.131948
0.126893
0.120467
0.121411
0.116753
0.114240
0.103447
0.085757
0.085281
0.091421
0.092941
0.122710
0.133597
0.136083
0.128595
0.130719
0.133897
0.127406
0.132596
0.126340
0.088418
0.100188
0.079552
0.074296
0.091482
0.075129
0.073931
0.079005
0.071236
0.074995
0.072050
0.068147
0.069133
0.080521
0.096303
0.109921
0.129024
0.111399
0.131450
0.103916
0.105792
0.107862
0.103854
0.099909
0.097635
0.101359
0.101558
0.100943
0.100892
0.101877
0.102973
0.113978
0.084066
0.082986
0.076047
0.083815
0.082314
0.083450
0.077480
0.071958
0.070787
0.069665
0.068687
0.078188
0.083074
0.079468
0.087952
0.062051
0.064143
0.061966
0.059603
0.062358
0.057102
0.057110
0.059136
0.057752
0.057560
0.062234
0.062863
0.064669
0.065913
0.063379
0.066378
0.067895
0.068591
0.071455
0.069631
0.069919
0.071997
0.079863
0.068040
0.068068
0.066354
0.067199
0.068663
0.068100
0.089877
0.087470
0.094756
0.096785
0.091876
0.086362
0.089156
0.085485
0.086343
0.081824
0.082886
0.074492
0.073559
0.088196
0.087646
0.083527
0.085437
0.084941
0.080156
0.093985
0.088934
0.102108
0.093001
0.121541
0.089028
0.088433
0.109770
0.085905
0.080176
0.087295
0.096233
0.147297
0.118738
0.104229
0.086707
0.140357
0.077216
0.076490
0.076494
0.071236
0.071900
0.077405
0.073962
0.084721
0.070787
0.071808
0.067448
0.067235
0.068035
0.084901
0.097506
0.126269
0.115503
0.148129
0.115608
0.099294
0.141870
0.091121
0.139619
0.065859
0.114453
0.083972
0.071290
0.062821
0.061821
0.073355
0.087877
0.075093
0.140013
0.090440
0.079203
0.079356
0.068909
0.116684
0.100054
0.121816
0.128912
0.103143
0.099440
0.083945
0.083785
0.091576
0.063943
0.067323
0.080747
0.064125
0.143409
0.111755
0.133435
0.128398
0.145515
0.110511
0.078387
0.118201
0.062132
0.063542
0.069001
0.079969
0.100676
0.064410
0.062742
0.069309
0.073423
0.096089
0.146281
0.143867
0.148515
0.137988
0.144829
0.146366
0.143094
0.144858
0.136939
0.120145
0.128707
0.144110
0.132899
0.137270
0.132119
0.144759
0.157282
0.142342
0.154867
0.142460
0.132658
0.141773
0.136828
0.136743
0.143566
0.145737
0.143409
0.134731
0.126128
0.140237
0.146772
0.136752
0.145850
0.145303
0.146504
0.130173
0.151986
0.097008
0.135579
0.102873
0.117186
0.123798
0.084367
0.149552
0.145463
0.148507
0.111194
0.094399
0.096045
0.090444
0.086373
0.086126
0.084475
0.070099
0.071726
0.083435
0.070748
0.072960
0.078969
0.144920
0.136019
0.134397
0.127555
0.132267
0.125223
0.156877
0.154562
0.162492
0.159643
0.197366
0.144512
0.146285
0.143417
0.140497
0.138858
0.143755
0.135949
0.140255
0.148413
0.147827
0.150837
0.142373
0.206173
0.159660
0.189123
0.154205
0.177080
0.115406
0.128479
0.153646
0.136428
0.129253
0.112171
0.107121
0.117503
0.114957
0.138130
0.131107
0.129145
0.135800
0.119337
0.121340
0.125659
0.105273
0.114253
0.092907
0.091894
0.098937
0.103418
0.083973
0.091375
0.075890
0.081219
0.081325
0.088604
0.105279
0.112976
0.101719
0.123343
0.090638
0.099714
0.102157
0.086553
0.090292
0.085443
0.086321
0.088489
0.090676
0.101004
0.102602
0.101427
0.094183
0.096672
0.090618
0.086610
0.082262
0.092625
0.086376
0.074400
0.080850
0.074032
0.074043
0.063828
0.065506
0.068580
0.066084
0.076340
0.069527
0.080512
0.068676
0.063347
0.065234
0.063719
0.059343
0.068991
0.068918
0.075940
0.074165
0.084618
0.095532
0.098980
0.090709
0.102267
0.093559
0.098884
0.090482
0.092513
0.082750
0.083221
0.095298
0.088436
0.102759
0.087900
0.082061
0.091940
0.094624
0.096471
0.099805
0.101368
0.094759
0.113787
0.095574
0.091371
0.114579
0.098687
0.105087
0.123160
0.095163
0.094707
0.089085
0.082760
0.093569
0.130337
0.153749
0.182416
0.095879
0.124333
0.100166
0.091853
0.122722
0.123126
0.152070
0.146743
0.148036
0.140359
0.184406
0.141780
0.145604
0.159373
0.152299
0.121921
0.144500
0.132479
0.151145
0.139414
0.108996
0.116966
0.144040
0.133559
0.149449
0.176454
0.153927
0.148269
0.140161
0.080531
0.105282
0.090578
0.066483
0.071222
0.082625
0.064837
0.105181
0.091347
0.086876
0.135221
0.126915
0.128545
0.143380
0.149106
0.148337
0.143047
0.137603
0.137061
0.134674
0.131154
0.149640
0.137980
0.134373
0.123091
0.137928
0.147744
0.148660
0.141273
0.135136
0.139588
0.148982
0.150291
0.150176
0.146582
0.140542
0.145297
0.140875
0.144238
0.132835
0.065064
0.061088
0.056343
0.046803
0.049211
0.056845
0.053534
0.060626
0.049856
0.052386
0.052514
0.055877
0.049070
0.049736
0.052429
0.050452
0.054121
0.054690
0.078356
0.076197
0.079625
0.080611
0.069907
0.073530
0.079343
0.082122
0.089798
0.078005
0.081212
0.093538
0.072847
0.072830
0.073164
0.068925
0.073101
0.067723
0.062337
0.067777
0.081340
0.119617
0.104918
0.101916
0.126112
0.098822
0.059413
0.060617
0.050660
0.052872
0.066102
0.070180
0.062077
0.075239
0.110641
0.077312
0.118361
0.076375
0.063755
0.113291
0.071016
0.053583
0.053707
0.064606
0.111920
0.086634
0.071979
0.076646
0.076563
0.070220
0.080711
0.081985
0.065312
0.064161
0.067244
0.068252
0.067252
0.067078
0.069874
0.076712
0.066251
0.070171
0.062153
0.066403
0.066320
0.061594
0.056308
0.057442
0.057519
0.055893
0.057677
0.061360
0.056733
0.066369
0.069016
0.067214
0.063155
0.066990
0.046596
0.045127
0.044807
0.046274
0.042257
0.040619
0.047428
0.047255
0.046265
0.045736
0.048833
0.046054
0.048887
0.051399
0.051838
0.050523
0.042825
0.046309
0.048068
0.050034
0.037305
0.038743
0.037991
0.036527
0.043886
0.042985
0.042973
0.038704
0.036115
0.035984
0.035264
0.034841
0.037311
0.039632
0.043910
0.047594
0.047780
0.049349
0.053813
0.050782
0.052740
0.055852
0.053315
0.050701
0.048656
0.042003
0.044945
0.046998
0.043488
0.049679
0.041202
0.042982
0.039622
0.039084
0.039726
0.041397
0.044972
0.049049
0.043634
0.045869
0.048552
0.048684
0.051043
0.050385
0.051909
0.051955
0.047902
0.049355
0.050894
0.045541
0.048882
0.053302
0.125317
0.131190
0.121019
0.128927
0.132204
0.136881
0.136201
0.136568
0.129464
0.126995
0.131753
0.132572
0.123984
0.129963
0.129588
0.133456
0.129648
0.132066
0.129379
0.130410
0.145323
0.136322
0.132245
0.133916
0.131211
0.133791
0.133415
0.133762
0.124869
0.126013
0.115856
0.114182
0.116930
0.111233
0.124970
0.140375
0.135145
0.157692
0.131108
0.140610
0.142361
0.153308
0.135524
0.141137
0.146227
0.132548
0.120871
0.128564
0.121660
0.155009
0.154997
0.155511
0.161667
0.191225
0.158155
0.195720
0.157241
0.152601
0.171320
0.153810
0.149706
0.183812
0.148688
0.170132
0.241912
0.207143
0.235407
0.236360
0.258694
0.259784
0.234223
0.252627
0.240807
0.241302
0.229588
0.202551
0.095929
0.085634
0.100785
0.096311
0.089499
0.087295
0.094750
0.076079
0.093054
0.080372
0.078101
0.090757
0.090974
0.075469
0.103647
0.107174
0.124993
0.113117
0.123306
0.133681
0.131063
0.144055
0.113752
0.136094
0.121850
0.117439
0.118195
0.113080
0.118596
0.121882
0.120075
0.115031
0.121768
0.117721
0.128902
0.123949
0.124577
0.123847
0.090782
0.094850
0.088459
0.102894
0.102316
0.100748
0.088168
0.091594
0.100233
0.091564
0.090186
0.103532
0.097902
0.096366
0.116227
0.112188
0.103770
0.094466
0.087114
0.094952
0.110466
0.101985
0.101728
0.107737
0.100498
0.107554
0.104042
0.098314
0.115337
0.131993
0.131663
0.114485
0.109444
0.105661
0.104434
0.101606
0.091590
0.098274
0.095810
0.091474
0.109107
0.120854
0.058558
0.059792
0.057215
0.054846
0.053405
0.052189
0.051184
0.046320
0.045203
0.053693
0.050331
0.045471
0.058265
0.054723
0.060305
0.050894
0.054680
0.040469
0.040399
0.039576
0.039902
0.042293
0.039252
0.040028
0.039902
0.040578
0.041109
0.042429
0.050383
0.062713
0.061889
0.062048
0.064626
0.067068
0.062810
0.063791
0.062262
0.063915
0.065407
0.065312
0.070106
0.068296
0.067692
0.072668
0.074919
0.072079
0.071389
0.081554
0.076934
0.067081
0.050872
0.052462
0.051122
0.049516
0.051131
0.050005
0.049643
0.049298
0.048286
0.048485
0.051088
0.051229
0.050882
0.055664
0.056419
0.054975
0.051495
0.056104
0.051134
0.051232
0.052418
0.053808
0.055228
0.051193
0.051835
0.059911
0.058001
0.049314
0.051172
0.049489
0.052212
0.048020
0.048229
0.052397
0.046459
0.046345
0.056473
0.056778
0.055922
0.055344
0.056477
0.057381
0.051842
0.060802
0.128377
0.120349
0.134408
0.145455
0.142836
0.126800
0.124073
0.113211
0.066719
0.066754
0.069259
0.066792
0.057307
0.060189
0.064125
0.060600
0.064484
0.057294
0.059979
0.053776
0.053055
0.055206
0.052048
0.051825
0.053396
0.050666
0.049866
0.051595
0.052650
0.051795
0.051485
0.052743
0.049367
0.048906
0.054107
0.049657
0.049867
0.048303
0.056227
0.056579
0.058223
0.055544
0.058649
0.056223
0.054979
0.053530
0.050292
0.053582
0.052647
0.051735
0.051809
0.053787
0.053625
0.053860
0.049237
0.052457
0.048126
0.051288
0.051936
0.051317
0.055224
0.050920
0.050165
0.051563
0.047841
0.051693
0.051515
0.056845
0.054238
0.054949
0.047816
0.055034
0.056032
0.053099
0.058308
0.060540
0.050903
0.101520
0.096100
0.107811
0.112759
0.106305
0.117147
0.101774
0.100177
0.098703
0.092516
0.118484
0.111936
0.105445
0.114464
0.102483
0.097399
0.124997
0.121373
0.129082
0.121907
0.113052
0.102313
0.094586
0.100641
0.109048
0.107303
0.094267
0.090974
0.084609
0.079947
0.096235
0.098654
0.095675
0.093748
0.100783
0.089703
0.092058
0.078162
0.093317
0.081628
0.085831
0.090081
0.079484
0.089396
0.090077
0.094122
0.092255
0.081345
0.121084
0.113601
0.105804
0.114825
0.116545
0.107708
0.088216
0.091162
0.100035
0.127119
0.124219
0.110120
0.138975
0.133618
0.127531
0.129512
0.121558
0.112823
0.127202
0.132329
0.125465
0.124629
0.133336
0.130955
0.116054
0.113564
0.091183
0.091778
0.091584
0.103669
0.086507
0.091458
0.087814
0.091889
0.094600
0.078613
0.080850
0.090513
0.102322
0.103559
0.093621
0.096140
0.104529
0.088149
0.088326
0.088265
0.086810
0.089072
0.079711
0.087806
0.077702
0.120252
0.115563
0.124869
0.133077
0.106342
0.112287
0.112770
0.128162
0.126316
0.124384
0.133402
0.122428
0.111776
0.110776
0.110612
0.100353
0.100512
0.115164
0.114571
0.114059
0.114890
0.115255
0.122823
0.098677
0.126319
0.128576
0.114478
0.107979
0.120473
0.121001
0.125420
0.113886
0.119870
0.125399
0.119508
0.111183
0.111047
0.115734
0.113930
0.111331
0.104194
0.102714
0.107798
0.109350
0.099938
0.109893
0.107356
0.107765
0.060947
0.058642
0.054193
0.062724
0.056121
0.054839
0.054153
0.056619
0.066354
0.057974
0.135214
0.137499
0.119205
0.147424
0.144822
0.139855
0.124046
0.132198
0.175906
0.147521
0.141825
0.170388
0.162394
0.150026
0.198079
0.197777
0.201301
0.208166
0.169958
0.190495
0.168069
0.182288
0.161274
0.132450
0.145296
0.127377
0.118642
0.116207
0.115261
0.117449
0.108066
0.106843
0.119455
0.126744
0.121116
0.116798
0.117681
0.115068
0.112907
0.109501
0.112706
0.110780
0.112724
0.113160
0.115643
0.114451
0.114614
0.116561
0.117843
0.111449
0.113996
0.109046
0.101946
0.109188
0.117132
0.117929
0.111814
0.107836
0.108008
0.098007
0.106594
0.090109
0.109556
0.114005
0.106266
0.101606
0.092701
0.088270
0.082967
0.085706
0.094038
0.080437
0.084146
0.094651
0.093738
0.092955
0.085111
0.091971
0.084105
0.078297
0.076840
0.078016
0.074795
0.089378
0.081363
0.077296
0.083832
0.076050
0.073710
0.094197
0.091047
0.100238
0.105730
0.098749
0.093382
0.087503
0.057268
0.059284
0.057865
0.055259
0.057111
0.056727
0.060799
0.052747
0.050644
0.059869
0.056086
0.055843
0.057049
0.059773
0.056008
0.057632
0.060753
0.062886
0.059466
0.056319
0.059466
0.062014
0.065816
0.068854
0.065892
0.062114
0.064292
0.068835
0.070515
0.074332
0.058926
0.057144
0.062860
0.055893
0.068821
0.073425
0.074820
0.069858
0.080236
0.068755
0.066181
0.072653
0.078178
0.077795
0.073662
0.076304
0.060353
0.061160
0.062064
0.060777
0.060406
0.061060
0.058259
0.059009
0.058739
0.058010
0.059139
0.058178
0.057845
0.054970
0.057615
0.053771
0.059138
0.059750
0.057738
0.057704
0.055005
0.058763
0.060280
0.058942
0.059541
0.059871
0.057918
0.058418
0.056604
0.056668
0.058190
0.056477
0.059217
0.057859
0.056900
0.058158
0.059397
0.059426
0.060421
0.062428
0.062240
0.061812
0.060324
0.059701
0.062427
0.061570
0.062235
0.063905
0.064834
0.063120
0.068870
0.068083
0.064295
0.063747
0.060716
0.061565
0.062825
0.059572
0.060841
0.062089
0.067436
0.057744
0.058059
0.057533
0.057335
0.058716
0.056944
0.056420
0.056813
0.056390
0.057962
0.058804
0.060087
0.064622
0.062633
0.062891
0.057911
0.057307
0.057928
0.063986
0.057789
0.069115
0.066094
0.067504
0.062847
0.051614
0.050300
0.049336
0.050615
0.048830
0.050182
0.052179
0.051774
0.052658
0.050794
0.054670
0.052682
0.049261
0.049414
0.051087
0.053929
0.049391
0.048494
0.049702
0.050260
0.056198
0.054197
0.050106
0.050801
0.054068
0.048860
0.049538
0.051248
0.096481
0.085282
0.086129
0.076910
0.082874
0.106354
0.102220
0.101382
0.086793
0.109310
0.094542
0.075847
0.059844
0.065975
0.062205
0.056332
0.051077
0.050235
0.053094
0.066188
0.054652
0.063243
0.075632
0.073639
0.140729
0.145354
0.133866
0.133214
0.155577
0.138947
0.120752
0.121311
0.120097
0.138633
0.133569
0.118159
0.148323
0.156806
0.165572
0.170245
0.159444
0.159283
0.169948
0.164537
0.151394
0.156261
0.154826
0.152121
0.151210
0.153350
0.137066
0.134645
0.132448
0.142577
0.122663
0.071132
0.076591
0.072096
0.077273
0.053994
0.058261
0.063725
0.057038
0.055206
0.064297
0.058404
0.069483
0.066614
0.066064
0.054298
0.064240
0.069126
0.071268
0.070939
0.059291
0.081980
0.082561
0.089233
0.077379
0.061957
0.074110
0.078158
0.072838
0.067306
0.061375
0.086284
0.091042
0.092142
0.090616
0.093536
0.093219
0.094430
0.087617
0.068774
0.085741
0.063747
0.059186
0.062638
0.059845
0.062599
0.053035
0.056104
0.055631
0.052319
0.056076
0.060886
0.066344
0.063502
0.065079
0.067700
0.068625
0.073752
0.064179
0.057837
0.061461
0.055515
0.065164
0.064937
0.067224
0.067452
0.071404
0.064866
0.066987
0.060714
0.062628
0.056778
0.058167
0.064233
0.058956
0.064112
0.073813
0.066185
0.066390
0.055185
0.070228
0.071522
0.079717
0.079539
0.063903
0.137150
0.132143
0.136604
0.123844
0.127325
0.136281
0.134328
0.128291
0.140578
0.134731
0.136567
0.136125
0.127674
0.109573
0.105375
0.106674
0.091839
0.106926
0.109097
0.111987
0.109414
0.106296
0.094436
0.105198
0.106275
0.121824
0.114241
0.105469
0.108683
0.101780
0.101686
0.096591
0.110656
0.112321
0.105925
0.100737
0.104071
0.094016
0.074444
0.121856
0.111036
0.116549
0.097204
0.105847
0.093064
0.090929
0.072784
0.079014
0.068419
0.069232
0.057251
0.070667
0.087587
0.085492
0.082921
0.062001
0.087582
0.085243
0.086952
0.083216
0.087855
0.085120
0.082548
0.073461
0.083635
0.069611
0.077453
0.076639
0.080126
0.079900
0.078230
0.081048
0.077227
0.064031
0.071899
0.062934
0.077109
0.072915
0.072641
0.063567
0.074803
0.079177
0.079968
0.078160
0.064162
0.102200
0.104319
0.101413
0.107651
0.099886
0.081677
0.098045
0.082596
0.103953
0.106099
0.083627
0.115941
0.117030
0.089138
0.124868
0.111006
0.062340
0.064380
0.054258
0.061273
0.056262
0.058425
0.056279
0.051867
0.054300
0.057037
0.050338
0.050375
0.052267
0.048802
0.049851
0.048990
0.051101
0.051074
0.058717
0.050882
0.061787
0.051859
0.059470
0.049244
0.050224
0.051177
0.049649
0.052284
0.052881
0.048432
0.050996
0.047896
0.052072
0.059817
0.057107
0.135749
0.130663
0.145134
0.143041
0.138809
0.147485
0.151785
0.126134
0.136120
0.148878
0.151341
0.134102
0.137909
0.151433
0.153161
0.150963
0.149933
0.138171
0.133290
0.148962
0.148824
0.145334
0.153280
0.151325
0.139318
0.163819
0.162875
0.150035
0.151360
0.145007
0.132217
0.150461
0.139170
0.164850
0.173565
0.145811
0.184586
0.170494
0.157934
0.147485
0.146660
0.126434
0.134717
0.135906
0.147989
0.139002
0.122099
0.118654
0.122153
0.112149
0.127845
0.123025
0.122138
0.116331
0.113100
0.114140
0.124439
0.109548
0.119240
0.113406
0.128122
0.122058
0.111460
0.105228
0.101408
0.099091
0.101949
0.098251
0.102959
0.111418
0.104109
0.101023
0.065973
0.066916
0.062372
0.070569
0.056297
0.061698
0.066247
0.054982
0.049442
0.054579
0.048830
0.051221
0.051697
0.046126
0.053107
0.046503
0.053691
0.066260
0.056603
0.076867
0.059636
0.054787
0.057920
0.054529
0.058584
0.062882
0.061133
0.055970
0.049865
0.050385
0.055682
0.072730
0.049258
0.053221
0.053160
0.072262
0.063706
0.045999
0.046051
0.045505
0.050176
0.051767
0.051546
0.054937
0.058478
0.050739
0.049849
0.049580
0.048813
0.049563
0.050116
0.054043
0.051310
0.050583
0.057364
0.050580
0.053043
0.054027
0.057857
0.056307
0.063178
0.063339
0.062121
0.059106
0.063936
0.061957
0.066402
0.066559
0.063624
0.067752
0.065495
0.068285
0.061478
0.057490
0.053825
0.074159
0.053341
0.049750
0.052850
0.052530
0.067564
0.058366
0.072246
0.061192
0.064404
0.062638
0.057622
0.077855
0.074646
0.059161
0.057526
0.061262
0.065842
0.062419
0.065920
0.072119
0.085410
0.072735
0.084941
0.096257
0.104858
0.096921
0.106784
0.100369
0.105193
0.086904
0.081773
0.101618
0.099758
0.085336
0.090372
0.107279
0.103515
0.095807
0.096390
0.117964
0.116067
0.118106
0.112000
0.069634
0.076366
0.082746
0.073908
0.068494
0.082429
0.084290
0.074925
0.063247
0.065471
0.069119
0.058356
0.054549
0.056188
0.064018
0.055343
0.055150
0.074097
0.052450
0.052197
0.062953
0.063823
0.080135
0.096172
0.086405
0.083351
0.103706
0.096443
0.102007
0.094965
0.078826
0.087330
0.083378
0.085070
0.087001
0.074092
0.070066
0.050513
0.049685
0.052897
0.052296
0.054594
0.056102
0.060685
0.055218
0.053604
0.051298
0.052410
0.053769
0.047956
0.046247
0.044580
0.052697
0.045188
0.047019
0.044662
0.055840
0.043506
0.047457
0.044834
0.065777
0.055668
0.071294
0.071191
0.068484
0.080828
0.077979
0.069031
0.072568
0.075790
0.072350
0.063606
0.062424
0.064731
0.060267
0.063118
0.071643
0.072559
0.092353
0.083989
0.085986
0.093280
0.087147
0.056715
0.061633
0.055501
0.068438
0.072682
0.060746
0.053548
0.049959
0.050996
0.048914
0.048851
0.055871
0.060028
0.050092
0.051625
0.062325
0.049137
0.051307
0.055035
0.059091
0.068124
0.095581
0.080636
0.096333
0.090280
0.099608
0.089913
0.077348
0.077896
0.070658
0.078441
0.073434
0.085614
0.089111
0.069053
0.064502
0.067271
0.070070
0.053864
0.056277
0.055909
0.063641
0.071426
0.071699
0.072646
0.078949
0.068553
0.062814
0.064328
0.058377
0.058353
0.050916
0.055728
0.049831
0.085251
0.072448
0.078238
0.090444
0.064306
0.066341
0.078193
0.085886
0.097076
0.100943
0.090075
0.078930
0.068169
0.060854
0.053291
0.053660
0.049895
0.050566
0.048590
0.049113
0.051893
0.050722
0.055206
0.055004
0.054442
0.051248
0.044007
0.045157
0.048085
0.046206
0.041352
0.042496
0.044226
0.043569
0.039933
0.043462
0.039436
0.049067
0.107145
0.110228
0.119732
0.100303
0.100371
0.097781
0.112970
0.122397
0.125320
0.129388
0.114201
0.121590
0.114046
0.103743
0.118088
0.117241
0.105272
0.122424
0.133885
0.119269
0.134725
0.130905
0.116319
0.098639
0.089375
0.081015
0.086902
0.084505
0.086702
0.082867
0.073324
0.076344
0.067671
0.074360
0.065917
0.086497
0.087420
0.084065
0.088323
0.108569
0.098246
0.094571
0.104369
0.085358
0.081601
0.077254
0.088869
0.100292
0.117118
0.113727
0.111372
0.118183
0.111539
0.120819
0.110798
0.105183
0.105092
0.086617
0.114747
0.107023
0.111449
0.083192
0.126824
0.120066
0.128604
0.112566
0.123714
0.112807
0.101084
0.072456
0.062841
0.062084
0.063942
0.063373
0.059685
0.059811
0.069335
0.067840
0.064595
0.054892
0.061662
0.059374
0.053881
0.056820
0.054413
0.052711
0.051439
0.059839
0.088711
0.098141
0.114724
0.112891
0.093786
0.102851
0.092210
0.085494
0.077172
0.076837
0.064248
0.070806
0.082418
0.058112
0.062070
0.085415
0.092242
0.076604
0.067630
0.071112
0.064314
0.058585
0.054331
0.059195
0.056679
0.049115
0.048423
0.053384
0.052429
0.052050
0.049600
0.051369
0.055082
0.046232
0.045462
0.048729
0.045045
0.048424
0.070368
0.053894
0.045572
0.047378
0.053024
0.054689
0.078018
0.060324
0.057386
0.085804
0.050711
0.052859
0.063336
0.071649
0.088078
0.103238
0.109660
0.105980
0.118739
0.116790
0.105327
0.108845
0.097791
0.102848
0.088485
0.091034
0.055509
0.059333
0.059055
0.054844
0.061617
0.062207
0.062681
0.057679
0.053268
0.049716
0.049944
0.051095
0.049785
0.052089
0.051854
0.053824
0.054543
0.060437
0.055737
0.062023
0.056267
0.054718
0.061899
0.053642
0.053563
0.053094
0.054351
0.052010
0.054040
0.057434
0.061666
0.057623
0.062025
0.079615
0.072294
0.084536
0.089755
0.085195
0.092513
0.087786
0.071959
0.070440
0.067692
0.067387
0.068141
0.072276
0.067644
0.069015
0.065703
0.070410
0.077754
0.088685
0.093140
0.073313
0.098576
0.099251
0.099177
0.085620
0.069163
0.054965
0.056438
0.063063
0.058312
0.052665
0.060893
0.048410
0.049933
0.053058
0.092826
0.109557
0.078294
0.110048
0.118826
0.113393
0.100552
0.083365
0.061656
0.073454
0.061870
0.070869
0.054450
0.052752
0.088143
0.096994
0.073615
0.099719
0.096042
0.090868
0.087875
0.073433
0.055012
0.053583
0.061097
0.051916
0.056907
0.047014
0.045875
0.056878
0.052085
0.060197
0.053104
0.053103
0.052893
0.054293
0.056860
0.061438
0.077556
0.082872
0.076498
0.083819
0.073432
0.066825
0.055968
0.059930
0.059518
0.055673
0.063234
0.062783
0.051316
0.051622
0.051696
0.055777
0.050709
0.054536
0.059983
0.065331
0.058438
0.065659
0.064148
0.066253
0.068879
0.068556
0.072599
0.072732
0.069304
0.055450
0.051624
0.063414
0.048758
0.049530
0.051637
0.053743
0.059104
0.067749
0.062763
0.064512
0.061953
0.069337
0.069460
0.054316
0.059706
0.057893
0.052236
0.052112
0.053996
0.056474
0.061350
0.054810
0.057092
0.057741
0.056138
0.059846
0.061446
0.052678
0.054348
0.050984
0.053545
0.056649
0.059016
0.067420
0.070621
0.062686
0.063655
0.065029
0.061972
0.072362
0.075156
0.078043
0.075015
0.069877
0.070480
0.065945
0.067804
0.064237
0.063635
0.086088
0.074336
0.090170
0.098602
0.081621
0.110118
0.114641
0.093320
0.103620
0.109976
0.113256
0.122791
0.078714
0.073233
0.060758
0.057290
0.064136
0.063095
0.052493
0.055965
0.052784
0.068150
0.051738
0.055211
0.051319
0.068595
0.058850
0.079185
0.074197
0.083140
0.078050
0.084286
0.086996
0.058918
0.055524
0.069236
0.050187
0.056312
0.051530
0.057222
0.059986
0.067707
0.060989
0.069002
0.056166
0.059399
0.060889
0.056847
0.066494
0.067397
0.053956
0.054021
0.052932
0.056143
0.053414
0.057537
0.061402
0.067509
0.063710
0.068797
0.083283
0.098553
0.086344
0.097903
0.084019
0.091896
0.075557
0.075305
0.076744
0.081736
0.085959
0.076108
0.075270
0.083298
0.078058
0.073993
0.073558
0.090323
0.093245
0.095679
0.095532
0.098748
0.105135
0.074935
0.118348
0.110189
0.089053
0.084255
0.065017
0.071039
0.084873
0.063413
0.098786
0.095215
0.104895
0.092401
0.069939
0.066423
0.052761
0.055248
0.055405
0.056044
0.051015
0.050174
0.053372
0.051691
0.052873
0.052508
0.054488
0.056523
0.074677
0.092586
0.090009
0.068079
0.067343
0.073942
0.069670
0.084656
0.096696
0.088166
0.079499
0.098689
0.072829
0.080084
0.073266
0.099479
0.086169
0.107959
0.107896
0.112064
0.109544
0.109725
0.121226
0.123767
0.115084
0.134293
0.124768
0.136614
0.111854
0.108119
0.082520
0.090762
0.077584
0.088802
0.096867
0.061917
0.075244
0.056964
0.079088
0.069430
0.062081
0.061651
0.077950
0.052404
0.050300
0.057342
0.058864
0.078725
0.102569
0.091344
0.101991
0.096338
0.109146
0.117437
0.119608
0.104514
0.126921
0.130977
0.125612
0.132913
0.110310
0.101581
0.089355
0.066357
0.069136
0.069112
0.065827
0.077596
0.079020
0.062811
0.062789
0.063638
0.065223
0.063757
0.065142
0.066715
0.076274
0.066535
0.074800
0.064970
0.065923
0.067255
0.065345
0.072959
0.074993
0.064548
0.063955
0.064710
0.067024
0.062233
0.070687
0.075547
0.069024
0.102295
0.096465
0.110603
0.114315
0.095770
0.106591
0.107833
0.115754
0.095306
0.091121
0.086670
0.083313
0.089134
0.094095
0.081691
0.079834
0.085495
0.078725
0.074480
0.097812
0.100059
0.095786
0.104073
0.086243
0.090139
0.090245
0.085763
0.096085
0.097064
0.091630
0.078134
0.081866
0.081369
0.081293
0.082968
0.078961
0.081777
0.086196
0.093186
0.085967
0.091445
0.079581
0.084957
0.086671
0.080814
0.085803
0.089216
0.075241
0.076421
0.072300
0.078369
0.085840
0.085406
0.107595
0.108271
0.099512
0.108743
0.110549
0.104624
0.103412
0.101673
0.087557
0.093868
0.087881
0.084580
0.082149
0.089140
0.092970
0.059187
0.061443
0.063604
0.062712
0.064187
0.065287
0.055672
0.058589
0.054749
0.054708
0.056034
0.062759
0.067158
0.066247
0.070205
0.069570
0.074952
0.072426
0.066346
0.066188
0.066339
0.098550
0.107144
0.084155
0.112802
0.109432
0.103958
0.103698
0.094530
0.078990
0.067668
0.077951
0.061249
0.066535
0.061943
0.069734
0.088268
0.068491
0.077672
0.100776
0.094950
0.085944
0.074983
0.074964
0.063989
0.057564
0.056234
0.053144
0.054821
0.059668
0.086438
0.077083
0.082807
0.091563
0.070916
0.073884
0.087704
0.096999
0.099135
0.102463
0.094398
0.086280
0.096909
0.089833
0.078241
0.069371
0.082142
0.071241
0.104763
0.108496
0.084708
0.124922
0.111154
0.097903
0.090724
0.077685
0.061113
0.062901
0.067174
0.063854
0.069353
0.059131
0.058618
0.061011
0.062639
0.054154
0.055048
0.056373
0.056550
0.058614
0.063693
0.061631
0.065917
0.065015
0.070942
0.071695
0.093706
0.084997
0.081187
0.092035
0.076219
0.072635
0.103506
0.102296
0.105578
0.095709
0.087379
0.076910
0.063381
0.061373
0.065797
0.066205
0.064325
0.066683
0.059588
0.058558
0.058657
0.075571
0.085729
0.065809
0.084967
0.094421
0.086337
0.078766
0.072585
0.070192
0.071294
0.073062
0.069891
0.067608
0.086575
0.094444
0.114563
0.132197
0.113548
0.096235
0.133404
0.094998
0.068738
0.067387
0.062859
0.068555
0.068246
0.066673
0.062245
0.066559
0.058305
0.054828
0.054551
0.053494
0.061071
0.065898
0.091704
0.095205
0.090961
0.094579
0.097450
0.099410
0.092695
0.095605
0.101148
0.096433
0.108462
0.104306
0.114030
0.107237
0.124407
0.127391
0.114752
0.119957
0.098214
0.098362
0.087193
0.114563
0.108475
0.095309
0.103701
0.084702
0.078391
0.075885
0.078473
0.092043
0.127703
0.135026
0.127743
0.137421
0.127695
0.137003
0.130336
0.123844
0.123612
0.122842
0.120235
0.119648
0.115528
0.127156
0.101837
0.107433
0.077656
0.110405
0.107801
0.093483
0.089811
0.066602
0.057067
0.060768
0.054004
0.056315
0.054188
0.058845
0.089881
0.077731
0.075233
0.091879
0.070901
0.070276
0.109452
0.107560
0.103065
0.088841
0.076529
0.068512
0.061560
0.061534
0.061454
0.061693
0.057999
0.060763
0.053934
0.061083
0.063674
0.084212
0.087589
0.089220
0.085110
0.086215
0.081609
0.076146
0.081097
0.077542
0.078299
0.079352
0.070491
0.071246
0.075767
0.080584
0.080131
0.086959
0.055680
0.057560
0.051971
0.049058
0.049575
0.049033
0.052810
0.047297
0.045138
0.043979
0.050297
0.057863
0.054947
0.049936
0.077401
0.081894
0.082373
0.077163
0.081810
0.081831
0.071359
0.068608
0.068630
0.061854
0.061402
0.073557
0.084580
0.072597
0.080046
0.082361
0.090620
0.087740
0.086682
0.090696
0.088623
0.088782
0.093239
0.097460
0.095152
0.112149
0.096529
0.086017
0.120364
0.108751
0.104914
0.108463
0.104984
0.111016
0.099853
0.111910
0.107535
0.106941
0.106214
0.091990
0.083828
0.100360
0.089178
0.071793
0.077332
0.076902
0.072217
0.081775
0.076050
0.065280
0.066244
0.062501
0.070459
0.069518
0.071110
0.070524
0.070298
0.076490
0.066632
0.079104
0.126379
0.071274
0.065194
0.066666
0.065670
0.058305
0.058229
0.077138
0.062742
0.081117
0.113375
0.083581
0.084079
0.080356
0.080226
0.073585
0.083126
0.079966
0.087000
0.084988
0.086695
0.085135
0.087478
0.081134
0.087290
0.082668
0.085521
0.077162
0.086233
0.056344
0.057852
0.051390
0.056526
0.061774
0.068962
0.055006
0.056178
0.067838
0.053620
0.055214
0.054266
0.095947
0.078110
0.079530
0.116541
0.094440
0.086536
0.117929
0.138597
0.118980
0.117787
0.125064
0.139756
0.144828
0.104557
0.140385
0.062473
0.060983
0.054309
0.068703
0.047530
0.049817
0.058375
0.072423
0.120584
0.076566
0.105956
0.060263
0.064951
0.059816
0.063219
0.054037
0.060061
0.056287
0.053859
0.055894
0.067615
0.055375
0.054393
0.056798
0.049854
0.049948
0.055109
0.050806
0.051518
0.049471
0.057617
0.064569
0.062317
0.131578
0.124751
0.123720
0.137161
0.135472
0.134589
0.137246
0.125104
0.140832
0.141298
0.140024
0.133769
0.133645
0.135215
0.133118
0.134114
0.126622
0.130617
0.089402
0.099361
0.106265
0.089003
0.092679
0.095651
0.085814
0.098517
0.083362
0.087351
0.081393
0.092272
0.089323
0.101919
0.101603
0.080675
0.088260
0.093858
0.101712
0.102247
0.111365
0.111580
0.114780
0.113616
0.113086
0.115964
0.109356
0.109394
0.110557
0.111092
0.107490
0.114245
0.125682
0.117459
0.127764
0.126706
0.108650
0.126461
0.119225
0.137104
0.135413
0.137413
0.124358
0.047600
0.052846
0.054129
0.046838
0.047115
0.050909
0.043757
0.036704
0.037748
0.039929
0.034574
0.036043
0.038079
0.041923
0.094082
0.062003
0.063035
0.067173
0.071762
0.091091
0.130493
0.125947
0.113069
0.143511
0.133073
0.115144
0.139267
0.121244
0.120664
0.128995
0.087951
0.139702
0.112754
0.074968
0.083320
0.081034
0.066158
0.065956
0.062156
0.096489
0.088238
0.068715
0.069929
0.068993
0.090960
0.102586
0.129313
0.097472
0.101396
0.112873
0.106330
0.098948
0.109392
0.113375
0.117950
0.115256
0.079930
0.094177
0.100298
0.084528
0.109632
0.092891
0.082471
0.084798
0.072327
0.088206
0.087749
0.092371
0.097438
0.100805
0.093951
0.104760
0.105667
0.089802
0.089458
0.089511
0.089298
0.088263
0.099245
0.043706
0.046404
0.047279
0.043645
0.047728
0.048781
0.052423
0.046327
0.043767
0.039928
0.040235
0.042437
0.038969
0.039733
0.041505
0.046350
0.043732
0.046066
0.043720
0.055294
0.062998
0.041442
0.047073
0.042328
0.041345
0.045363
0.043709
0.045277
0.047422
0.048208
0.055943
0.056697
0.059390
0.051813
0.051701
0.068397
0.060725
0.054408
0.051494
0.061823
0.065717
0.068881
0.077391
0.077002
0.066074
0.072992
0.102005
0.083506
0.098348
0.081995
0.101090
0.079441
0.078055
0.070220
0.078326
0.063210
0.055104
0.055425
0.064550
0.057159
0.076434
0.069299
0.070152
0.091655
0.112614
0.120616
0.092748
0.080530
0.061657
0.064075
0.055426
0.061460
0.067079
0.085351
0.086097
0.118514
0.091470
0.096141
0.083926
0.077605
0.081427
0.100285
0.117895
0.135896
0.098705
0.124092
0.096513
0.086308
0.123658
0.114497
0.109824
0.084985
0.114732
0.082641
0.106881
0.148745
0.137361
0.141984
0.144137
0.104692
0.115630
0.092413
0.083947
0.104025
0.103076
0.090038
0.082952
0.072179
0.073078
0.076722
0.080949
0.107645
0.079270
0.102624
0.132853
0.133949
0.157862
0.140645
0.093705
0.097597
0.102909
0.095654
0.100346
0.100649
0.094298
0.085736
0.086186
0.088032
0.083977
0.089691
0.094671
0.101635
0.115888
0.109072
0.117976
0.104623
0.144592
0.172274
0.135995
0.165528
0.167186
0.106350
0.111095
0.115533
0.099753
0.101652
0.101535
0.102409
0.103185
0.102753
0.107398
0.102666
0.102327
0.098929
0.106147
0.060304
0.065779
0.068189
0.060979
0.060973
0.065826
0.064662
0.050621
0.052622
0.056906
0.046750
0.050984
0.046948
0.051034
0.055589
0.057069
0.058675
0.070095
0.073117
0.078177
0.086743
0.070378
0.069846
0.068734
0.069015
0.072244
0.074230
0.067199
0.072573
0.069420
0.063942
0.093730
0.057696
0.060312
0.061913
0.069754
0.064041
0.077328
0.078032
0.087075
0.087722
0.083969
0.086062
0.090136
0.090040
0.081825
0.057702
0.060486
0.061649
0.058000
0.060340
0.061097
0.059036
0.059550
0.057753
0.054224
0.054018
0.055053
0.053648
0.056281
0.056329
0.057269
0.058900
0.059206
0.059173
0.059949
0.058403
0.062793
0.062954
0.058724
0.060573
0.060119
0.060086
0.057004
0.054829
0.054415
0.053099
0.055287
0.057863
0.060259
0.056739
0.063790
0.058569
0.060976
0.057754
0.055912
0.056761
0.063426
0.058856
0.057398
0.058060
0.059666
0.060966
0.059285
0.060306
0.061391
0.056121
0.053800
0.063034
0.055114
0.057033
0.055728
0.057592
0.057317
0.057206
0.059826
0.056444
0.057322
0.053330
0.054044
0.053745
0.057284
0.052565
0.056375
0.049009
0.060308
0.062179
0.057198
0.052478
0.046580
0.040999
0.043260
0.041681
0.056012
0.041635
0.046118
0.051623
0.051880
0.059062
0.065667
0.063538
0.056696
0.063308
0.059757
0.048822
0.047783
0.050752
0.055263
0.059020
0.070145
0.065304
0.072875
0.066832
0.060348
0.064456
0.069700
0.122968
0.124739
0.122781
0.123982
0.126506
0.129878
0.125880
0.126565
0.132438
0.135990
0.141439
0.122917
0.128870
0.105467
0.116114
0.096373
0.075912
0.085377
0.073045
0.077940
0.064085
0.076146
0.120714
0.116897
0.115584
0.121869
0.125659
0.126523
0.125446
0.121410
0.126804
0.124610
0.128317
0.123124
0.135743
0.120806
0.127361
0.140637
0.135959
0.142765
0.143837
0.147966
0.153897
0.149257
0.146980
0.135094
0.128417
0.143025
0.137701
0.117083
0.112878
0.122483
0.112985
0.114307
0.112742
0.119378
0.125531
0.135924
0.120653
0.123073
0.140145
0.131789
0.143196
0.136190
0.120954
0.124910
0.113678
0.112238
0.110578
0.076742
0.068720
0.081620
0.060120
0.064229
0.070038
0.071264
0.082117
0.078531
0.081359
0.085215
0.079415
0.079663
0.090545
0.105935
0.133965
0.098870
0.170781
0.077956
0.076069
0.070759
0.100419
0.147373
0.083485
0.128679
0.128673
0.149290
0.148583
0.177617
0.172068
0.117456
0.150897
0.168343
0.162981
0.149477
0.144402
0.141052
0.081050
0.091630
0.095933
0.088779
0.127634
0.175295
0.086439
0.083137
0.084182
0.077572
0.074043
0.073434
0.131835
0.099124
0.080816
0.100013
0.082069
0.070058
0.089299
0.117346
0.086866
0.084226
0.077017
0.086033
0.077078
0.137830
0.133036
0.068490
0.079938
0.127791
0.080074
0.088220
0.123375
0.071328
0.084341
0.077457
0.123188
0.083391
0.071272
0.090951
0.118684
0.083020
0.090613
0.073256
0.088522
0.116987
0.101756
0.144636
0.129167
0.092410
0.095705
0.089150
0.104547
0.074466
0.102950
0.106904
0.156315
0.102032
0.131422
0.088218
0.099253
0.105653
0.111009
0.117637
0.110031
0.106852
0.116813
0.116845
0.109612
0.099832
0.103664
0.091011
0.097407
0.103453
0.116225
0.110475
0.109915
0.107935
0.106444
0.108200
0.113993
0.112265
0.114475
0.104385
0.113988
0.100245
0.096948
0.113218
0.112300
0.125537
0.114771
0.119860
0.118992
0.120426
0.111572
0.111159
0.111660
0.112643
0.117220
0.111721
0.109919
0.112906
0.115766
0.118351
0.128709
0.131188
0.134005
0.135996
0.123613
0.116849
0.081925
0.069128
0.069978
0.064282
0.075902
0.077976
0.082994
0.074462
0.069838
0.066607
0.072589
0.066770
0.062791
0.060765
0.044838
0.046587
0.049647
0.047061
0.053025
0.042252
0.044146
0.049613
0.039087
0.044232
0.052295
0.110852
0.095075
0.087445
0.086178
0.081280
0.081170
0.082111
0.092101
0.096356
0.058188
0.058298
0.050930
0.041611
0.049427
0.038711
0.052642
0.051002
0.071665
0.064290
0.083854
0.084881
0.088961
0.073237
0.076586
0.088783
0.064283
0.069598
0.073064
0.064718
0.075207
0.077306
0.086253
0.081418
0.094017
0.117978
0.117793
0.115542
0.111818
0.113103
0.109572
0.106261
0.098431
0.111302
0.106087
0.101066
0.106754
0.093580
0.098239
0.094980
0.094861
0.107052
0.111107
0.107577
0.110070
0.096859
0.099445
0.090078
0.106689
0.114084
0.117596
0.075405
0.077879
0.081089
0.069156
0.066634
0.078736
0.055219
0.058999
0.072165
0.064917
0.067998
0.055345
0.059877
0.065084
0.059288
0.083960
0.077626
0.076433
0.079634
0.087746
0.096926
0.087490
0.103586
0.082095
0.076250
0.077899
0.090912
0.119991
0.116651
0.109767
0.118762
0.115557
0.121555
0.059406
0.058758
0.050823
0.049344
0.056710
0.041969
0.040435
0.052520
0.041993
0.043464
0.036680
0.038943
0.043841
0.051146
0.086583
0.097940
0.075302
0.084579
0.079882
0.084924
0.087377
0.086141
0.111711
0.084017
0.081064
0.080971
0.082525
0.088747
0.095872
0.091118
0.088778
0.083934
0.090601
0.098663
0.098971
0.095501
0.094925
0.092922
0.083079
0.084723
0.093229
0.096256
0.101611
0.097651
0.103193
0.084299
0.090541
0.094900
0.105807
0.084869
0.084201
0.078727
0.074642
0.070086
0.080214
0.082123
0.085445
0.084314
0.082960
0.078304
0.079336
0.083070
0.074233
0.064354
0.061769
0.057287
0.051895
0.058614
0.053913
0.066775
0.117291
0.117928
0.131285
0.128781
0.119666
0.118356
0.114627
0.116639
0.115022
0.115855
0.113881
0.111656
0.111368
0.110197
0.111796
0.109417
0.105959
0.108449
0.101220
0.100991
0.113317
0.118139
0.103290
0.112398
0.111500
0.109670
0.115847
0.115921
0.114557
0.109297
0.107383
0.106894
0.111766
0.095456
0.094673
0.090303
0.092270
0.098993
0.099449
0.111322
0.123338
0.106503
0.105316
0.127008
0.175835
0.186510
0.168897
0.199451
0.183398
0.173528
0.138670
0.097517
0.097014
0.086635
0.081780
0.074198
0.072783
0.087341
0.083102
0.071419
0.077881
0.070043
0.079647
0.079496
0.083243
0.084274
0.073267
0.084105
0.073044
0.072344
0.073447
0.063936
0.080175
0.086331
0.086272
0.132928
0.138444
0.142522
0.133565
0.136636
0.134785
0.136761
0.122299
0.098033
0.093028
0.091138
0.083195
0.088206
0.090714
0.096211
0.099285
0.092516
0.098820
0.079797
0.098603
0.098021
0.098541
0.103334
0.093269
0.079788
0.082161
0.071038
0.067109
0.054375
0.058666
0.052641
0.065249
0.069497
0.073532
0.060549
0.056048
0.075491
0.067233
0.067792
0.062357
0.069747
0.076701
0.067159
0.075809
0.069113
0.050973
0.057924
0.049308
0.060371
0.054946
0.070638
0.088190
0.076141
0.062756
0.062814
0.059635
0.062062
0.055388
0.080525
0.050238
0.078158
0.063383
0.074055
0.121941
0.124000
0.127158
0.125087
0.119364
0.135938
0.107563
0.116542
0.106641
0.112124
0.091428
0.061169
0.052064
0.065780
0.062071
0.067136
0.065048
0.126057
0.127745
0.128749
0.131259
0.136666
0.140937
0.127796
0.123502
0.131953
0.100101
0.099659
0.083638
0.090527
0.102438
0.108440
0.108770
0.112280
0.114041
0.112391
0.111585
0.116093
0.113187
0.118909
0.113072
0.123361
0.112663
0.128098
0.136734
0.161139
0.156568
0.127569
0.173379
0.160446
0.091990
0.090146
0.080093
0.069936
0.069008
0.084163
0.085327
0.098618
0.093859
0.091250
0.096602
0.105494
0.098295
0.105153
0.100166
0.092249
0.108418
0.100184
0.107879
0.101931
0.115377
0.114442
0.089593
0.097285
0.092289
0.091665
0.087079
0.090960
0.085112
0.105651
0.109128
0.097268
0.096226
0.100555
0.096198
0.101846
0.117617
0.108487
0.101275
0.111641
0.105594
0.093108
0.096049
0.087092
0.088543
0.087660
0.092019
0.084915
0.083971
0.081993
0.060688
0.069196
0.082479
0.066098
0.069115
0.079303
0.064813
0.061757
0.077884
0.080364
0.084433
0.080167
0.101457
0.211935
0.211909
0.243208
0.221114
0.223655
0.211292
0.158522
0.154022
0.158412
0.157424
0.147620
0.155395
0.147762
0.130860
0.143602
0.153044
0.141306
0.134642
0.127230
0.144802
0.128911
0.142893
0.135311
0.109821
0.118901
0.119839
0.127215
0.123182
0.118412
0.105885
0.070446
0.077634
0.083026
0.081514
0.066130
0.070125
0.064564
0.068381
0.064597
0.066965
0.078120
0.070338
0.077053
0.072077
0.085459
0.093891
0.089457
0.095292
0.106586
0.098946
0.107782
0.100370
0.115755
0.111304
0.107466
0.104368
0.132352
0.103235
0.148393
0.081826
0.077832
0.100532
0.091343
0.121590
0.116376
0.096649
0.113622
0.081749
0.081822
0.147360
0.147095
0.143719
0.163286
0.153738
0.186507
0.155464
0.175776
0.159364
0.161808
0.180762
0.158882
0.158572
0.159089
0.200338
0.178427
0.162685
0.215580
0.159974
0.222229
0.246608
0.254739
0.262276
0.270388
0.263392
0.264605
0.269453
0.261662
0.266222
0.278153
0.278770
0.281066
0.281256
0.278504
0.263552
0.144259
0.148600
0.117967
0.141986
0.119604
0.119951
0.125015
0.119709
0.130196
0.121859
0.132957
0.122307
0.142837
0.131576
0.125731
0.113678
0.135033
0.116867
0.145371
0.154804
0.163812
0.141337
0.147718
0.151022
0.151602
0.151119
0.133749
0.081343
0.084379
0.081668
0.082455
0.074756
0.076622
0.073783
0.077563
0.084472
0.158837
0.151668
0.155341
0.150792
0.167266
0.176427
0.125533
0.135906
0.121733
0.118196
0.113063
0.097903
0.108792
0.096708
0.086429
0.089950
0.080725
0.085026
0.081364
0.090302
0.113249
0.122841
0.117762
0.137210
0.128529
0.105913
0.112333
0.113310
0.101207
0.100605
0.104008
0.107632
0.110913
0.119513
0.131159
0.137385
0.117644
0.109193
0.102667
0.106628
0.112445
0.135081
0.134201
0.133088
0.120230
0.130144
0.142919
0.139436
0.144161
0.132151
0.137111
0.133687
0.124755
0.121896
0.110668
0.094481
0.075296
0.081584
0.120079
0.159854
0.151303
0.147162
0.152084
0.151398
0.153053
0.153480
0.158139
0.151730
0.134406
0.157549
0.161035
0.135915
0.125763
0.120541
0.119325
0.124532
0.124473
0.124356
0.132814
0.127776
0.123315
0.128707
0.131081
0.124285
0.133274
0.136507
0.134186
0.118179
0.125505
0.131882
0.152507
0.167116
0.159299
0.161141
0.166730
0.167349
0.179693
0.159255
0.170995
0.146378
0.152816
0.149441
0.137031
0.152854
0.152268
0.139928
0.150191
0.116802
0.135269
0.122397
0.107842
0.142398
0.125219
0.116912
0.123515
0.107982
0.134951
0.175267
0.194203
0.206403
0.203123
0.171701
0.160188
0.158415
0.157107
0.172259
0.166452
0.158613
0.149859
0.131069
0.117299
0.106578
0.102133
0.117257
0.120606
0.131613
0.132454
0.120934
0.117257
0.136889
0.152637
0.131909
0.114827
0.101886
0.084153
0.081492
0.110016
0.132804
0.133531
0.131310
0.131845
0.131983
0.130198
0.127376
0.122708
0.107568
0.108240
0.093919
0.083210
0.104185
0.113244
0.110844
0.094641
0.080447
0.072929
0.067768
0.098777
0.122089
0.126209
0.112717
0.123185
0.197541
0.183955
0.182353
0.211118
0.180808
0.184271
0.194201
0.156463
0.161670
0.166906
0.152573
0.175580
0.185276
0.179618
0.198305
0.185744
0.166499
0.179521
0.161336
0.163566
0.160070
0.153139
0.159904
0.133958
0.141967
0.157098
0.142995
0.163810
0.167034
0.165504
0.144798
0.162227
0.149160
0.161223
0.165558
0.153527
0.151673
0.169504
0.162318
0.179100
0.156684
0.171603
0.252843
0.244060
0.251903
0.236418
0.236279
0.257580
0.232915
0.242273
0.239779
0.255105
0.199956
0.169095
0.155470
0.176056
0.165510
0.160893
0.151718
0.136590
0.159992
0.143195
0.199737
0.209394
0.191769
0.193371
0.208895
0.224767
0.202878
0.175117
0.188212
0.184447
0.144949
0.164129
0.160344
0.161722
0.152857
0.148481
0.164243
0.158841
0.162302
0.185565
0.175709
0.185539
0.179664
0.181701
0.169588
0.178079
0.170860
0.158859
0.206442
0.218594
0.190227
0.232119
0.196785
0.192820
0.208637
0.252370
0.240931
0.217257
0.244638
0.242635
0.197545
0.198350
0.218115
0.214152
0.155813
0.154124
0.151521
0.153131
0.151284
0.153933
0.155112
0.151981
0.136331
0.169271
0.251557
0.256433
0.275363
0.264256
0.271525
0.249396
0.270701
0.168704
0.260672
0.236354
0.245310
0.213964
0.168721
0.155694
0.150735
0.151319
0.159885
0.144015
0.148774
0.150649
0.156755
0.149938
0.153103
0.138985
0.148283
0.154188
0.157744
0.154057
0.149640
0.156685
0.174939
0.170817
0.181898
0.173181
0.177775
0.161074
0.163628
0.175789
0.173462
0.213510
0.181852
0.169082
0.214466
0.210497
0.224003
0.210859
0.205415
0.177355
0.212035
0.201582
0.194596
0.195701
0.200906
0.219453
0.210001
0.165040
0.175793
0.166573
0.176766
0.174867
0.195541
0.221479
0.196837
0.251137
0.209685
0.197032
0.249118
0.218435
0.223518
0.196885
0.161917
0.158386
0.156955
0.136922
0.152864
0.126178
0.164813
0.171815
0.149366
0.169706
0.175198
0.165922
0.176331
0.157240
0.174419
0.183962
0.227210
0.225339
0.223991
0.232453
0.206115
0.234958
0.220723
0.195569
0.164348
0.187968
0.185079
0.186947
0.201634
0.189505
0.168584
0.149587
0.170877
0.183336
0.170466
0.181634
0.174121
0.177941
0.168825
0.178806
0.165017
0.173155
0.168921
0.173592
0.173809
0.158519
0.132063
0.161835
0.157522
0.159489
0.165352
0.133423
0.165640
0.162213
0.164991
0.165339
0.163944
0.164779
0.171792
0.163376
0.166827
0.151275
0.156315
0.154456
0.158644
0.145949
0.152643
0.168716
0.160758
0.176492
0.181871
0.188320
0.171462
0.181702
0.204013
0.198889
0.196270
0.198964
0.188811
0.168910
0.189984
0.178934
0.170673
0.195632
0.163844
0.170796
0.191376
0.186686
0.175997
0.190413
0.190896
0.199371
0.225645
0.208114
0.212813
0.228339
0.225273
0.197989
0.177075
0.207994
0.169544
0.160206
0.187711
0.183571
0.193187
0.191208
0.202525
0.194384
0.197065
0.192675
0.184861
0.193120
0.201769
0.205745
0.214770
0.211662
0.212182
0.225570
0.222816
0.191811
0.211865
0.184691
0.173059
0.155877
0.165464
0.155941
0.167791
0.165206
0.160446
0.169138
0.168021
0.144728
0.163925
0.174858
0.152597
0.185325
0.190165
0.198544
0.181449
0.185022
0.162140
0.187745
0.222924
0.197115
0.183957
0.221915
0.209131
0.217984
0.198480
0.175120
0.208481
0.207713
0.191848
0.210750
0.214491
0.182229
0.195552
0.179486
0.196251
0.149159
0.161315
0.150790
0.162855
0.147715
0.152403
0.173990
0.167499
0.162541
0.171024
0.187242
0.192224
0.191233
0.184109
0.167208
0.168673
0.185104
0.188638
0.173157
0.212698
0.211752
0.190718
0.195675
0.191937
0.198204
0.178277
0.179064
0.162104
0.152583
0.157046
0.156783
0.157960
0.155001
0.154159
0.159975
0.160764
0.161288
0.160041
0.158373
0.155220
0.152513
0.160285
0.161006
0.154461
0.171087
0.175239
0.154562
0.232798
0.231704
0.253697
0.240006
0.184407
0.186156
0.229812
0.219806
0.200298
0.225826
0.171606
0.170353
0.162446
0.168590
0.157345
0.167995
0.163860
0.156606
0.163787
0.162236
0.164879
0.171690
0.164335
0.186141
0.172624
0.180968
0.204532
0.180486
0.178355
0.171603
0.187262
0.180876
0.176773
0.180055
0.180106
0.181292
0.163749
0.187205
0.228814
0.207198
0.204331
0.194723
0.171057
0.182653
0.174645
0.172425
0.158913
0.177748
0.158711
0.178455
0.172915
0.174214
0.175093
0.154183
0.152590
0.143862
0.157910
0.160218
0.156481
0.156231
0.161931
0.160045
0.174708
0.159824
0.176414
0.202141
0.193281
0.217977
0.209329
0.199765
0.208300
0.211850
0.205851
0.178093
0.188117
0.220210
0.203442
0.178764
0.185054
0.157961
0.173741
0.179640
0.153992
0.173706
0.164375
0.183579
0.182115
0.198361
0.226552
0.220895
0.198458
0.222804
0.193386
0.194472
0.222592
0.211481
0.216438
0.208099
0.170378
0.172051
0.179459
0.167241
0.176776
0.177083
0.183808
0.165878
0.184926
0.183965
0.187718
0.210880
0.194532
0.183397
0.196334
0.189023
0.174953
0.177254
0.186766
0.199423
0.194766
0.176957
0.185962
0.205630
0.184124
0.194498
0.182875
0.193203
0.167610
0.195083
0.198983
0.163617
0.182094
0.191869
0.178597
0.164884
0.186306
0.181498
0.174838
0.172801
0.178387
0.178684
0.171926
0.168300
0.171968
0.161125
0.157788
0.164821
0.180841
0.162080
0.180994
0.165703
0.174070
0.163399
0.175927
0.165334
0.173666
0.175182
0.167612
0.178681
0.172660
0.160236
0.156965
0.156986
0.154265
0.153820
0.157228
0.155987
0.152678
0.151091
0.169337
0.177856
0.160934
0.170783
0.203325
0.194823
0.195108
0.173285
0.199883
0.193118
0.188704
0.178077
0.190942
0.184877
0.180867
0.180011
0.181380
0.161281
0.174388
0.181690
0.178863
0.178290
0.182821
0.172412
0.188518
0.187525
0.167921
0.181881
0.163422
0.185751
0.183796
0.166272
0.168825
0.199835
0.173386
0.176824
0.185641
0.178792
0.166449
0.171922
0.160658
0.149313
0.155353
0.161222
0.157983
0.162263
0.151356
0.151593
0.140904
0.150905
0.150257
0.150373
0.151315
0.151890
0.153432
0.146718
0.161661
0.187498
0.175399
0.184946
0.190341
0.179535
0.179198
0.175550
0.173606
0.177506
0.155097
0.157542
0.155275
0.157281
0.149423
0.157908
0.155311
0.154999
0.171331
0.188687
0.199104
0.216551
0.183079
0.214296
0.237743
0.222129
0.215034
0.178784
0.202654
0.215866
0.204534
0.213276
0.196815
0.175768
0.166545
0.172421
0.159273
0.165666
0.169178
0.168422
0.168546
0.151635
0.163212
0.173528
0.178350
0.180449
0.176610
0.174431
0.182389
0.187493
0.157048
0.184936
0.183649
0.149588
0.163287
0.155184
0.162205
0.153374
0.148984
0.164512
0.165381
0.133186
0.145158
0.191296
0.203196
0.204337
0.225078
0.208272
0.204762
0.180082
0.167864
0.183056
0.190857
0.181543
0.181646
0.176251
0.183340
0.179884
0.174780
0.181387
0.180402
0.171691
0.164161
0.181634
0.175197
0.162937
0.165943
0.160648
0.164001
0.154510
0.158569
0.155697
0.160644
0.168901
0.179318
0.177456
0.163037
0.169005
0.169820
0.152937
0.178589
0.156235
0.186040
0.166348
0.190961
0.177958
0.200394
0.168902
0.154270
0.190938
0.181663
0.167109
0.197294
0.202897
0.190313
0.191422
0.198952
0.176465
0.177536
0.189207
0.187213
0.193223
0.195841
0.202771
0.192200
0.191571
0.180653
0.180492
0.173657
0.151581
0.165937
0.147641
0.169975
0.164064
0.171410
0.166795
0.154526
0.170325
0.167768
0.151741
0.146160
0.163076
0.165343
0.160668
0.147447
0.169039
0.168035
0.168407
0.158209
0.165864
0.160976
0.169370
0.151846
0.157301
0.165535
0.172404
0.168800
0.172241
0.156980
0.185831
0.174631
0.165030
0.173195
0.172378
0.173504
0.168606
0.180437
0.170577
0.190690
0.187212
0.184287
0.169466
0.163306
0.138543
0.153626
0.156418
0.158606
0.153947
0.157861
0.156309
0.140030
0.158294
0.160288
0.124702
0.178292
0.200395
0.183266
0.196741
0.173356
0.195962
0.210936
0.225502
0.229440
0.219785
0.227256
0.231817
0.222572
0.161824
0.167227
0.162414
0.137036
0.155778
0.155583
0.208942
0.189669
0.210129
0.214928
0.210887
0.178386
0.199108
0.200734
0.195377
0.182175
0.169107
0.215791
0.209001
0.207974
0.234026
0.240035
0.214431
0.200840
0.245643
0.245423
0.228854
0.240431
0.222863
0.199695
0.222998
0.230465
0.225092
0.219933
0.236360
0.242037
0.255441
0.261412
0.249576
0.223846
0.245541
0.243720
0.199747
0.220865
0.215948
0.212561
0.221238
0.203066
0.204781
0.207684
0.205737
0.200805
0.206221
0.188266
0.182177
0.187349
0.176778
0.189853
0.185561
0.187446
0.184509
0.202624
0.197703
0.198188
0.179403
0.200660
0.193886
0.201575
0.207427
0.222871
0.182422
0.219968
0.193339
0.164940
0.206421
0.217025
0.221754
0.217886
0.234628
0.231608
0.239962
0.236659
0.203025
0.214373
0.207749
0.203781
0.228220
0.154348
0.155589
0.150756
0.162594
0.158931
0.179962
0.203804
0.211597
0.201494
0.189737
0.176817
0.206499
0.164114
0.157653
0.158108
0.174405
0.165346
0.183376
0.179332
0.168908
0.173141
0.204475
0.235984
0.223017
0.218029
0.237138
0.224028
0.233537
0.229742
0.230330
0.243207
0.240468
0.235874
0.236871
0.223055
0.222556
0.179635
0.190901
0.175184
0.189882
0.177546
0.180832
0.186127
0.182997
0.179095
0.168994
0.167137
0.161320
0.178683
0.174830
0.199717
0.198972
0.218927
0.187853
0.198432
0.167738
0.178187
0.187146
0.198941
0.171083
0.176507
0.212890
0.189051
0.202891
0.174298
0.174568
0.179767
0.193221
0.178447
0.182894
0.197806
0.211921
0.252093
0.245522
0.254115
0.201015
0.249646
0.251702
0.248494
0.256244
0.248913
0.223995
0.228342
0.223815
0.206170
0.193410
0.163181
0.157123
0.146152
0.160008
0.137757
0.116918
0.160811
0.185006
0.173946
0.193584
0.194845
0.187267
0.194536
0.173017
0.168209
0.177528
0.154833
0.183233
0.165803
0.168007
0.176566
0.171087
0.163169
0.162511
0.159195
0.163610
0.155028
0.153848
0.155382
0.161975
0.151790
0.148468
0.144961
0.156800
0.163495
0.172123
0.241545
0.202959
0.209708
0.230841
0.255768
0.250624
0.229907
0.231716
0.243563
0.229777
0.209278
0.189606
0.201630
0.181453
0.175437
0.204103
0.204197
0.188951
0.202541
0.207696
0.186748
0.183204
0.186305
0.158664
0.179202
0.180564
0.179665
0.188008
0.165160
0.167631
0.172161
0.205117
0.208116
0.235799
0.240817
0.220586
0.208408
0.219110
0.221583
0.220657
0.222446
0.222104
0.219576
0.222468
0.219895
0.189401
0.160760
0.184393
0.174246
0.190706
0.174308
0.184380
0.192810
0.242829
0.205432
0.215202
0.249983
0.246718
0.232603
0.180175
0.184056
0.198493
0.188296
0.188664
0.168884
0.193659
0.192910
0.187674
0.145796
0.160170
0.155933
0.158191
0.158288
0.157847
0.146370
0.197764
0.195680
0.205285
0.189682
0.206814
0.200322
0.177560
0.182199
0.175842
0.184599
0.181258
0.177954
0.185962
0.166549
0.161982
0.153875
0.165046
0.153994
0.160560
0.147604
0.136344
0.235451
0.259939
0.252475
0.272506
0.270127
0.251602
0.255804
0.174533
0.174024
0.136568
0.167491
0.160657
0.176727
0.178482
0.187912
0.217571
0.230955
0.228072
0.190994
0.235388
0.247911
0.218711
0.244085
0.256956
0.251075
0.221036
0.242211
0.202435
0.207704
0.214265
0.205615
0.192176
0.198879
0.195749
0.200998
0.184218
0.197694
0.148661
0.159877
0.159879
0.134723
0.143096
0.137134
0.143800
0.156288
0.144732
0.135267
0.145429
0.147230
0.148032
0.149230
0.145104
0.156512
0.150778
0.141938
0.150055
0.132969
0.136135
0.129595
0.131784
0.136944
0.129024
0.126923
0.138678
0.143566
0.147652
0.152864
0.147059
0.143287
0.154533
0.162125
0.166147
0.154410
0.157578
0.153687
0.155289
0.155823
0.163060
0.166638
0.169601
0.143700
0.132822
0.146727
0.144247
0.125011
0.126196
0.131429
0.148858
0.141985
0.143224
0.138882
0.140553
0.142767
0.156299