0.112906
0.126789
0.127220
0.126866
0.111334
0.105448
0.112661
0.109900
0.111255
0.109062
0.074158
0.092142
0.098052
0.102554
0.086161
0.079714
0.059209
0.074733
0.068849
0.068642
0.065171
0.052204
0.064476
0.067897
0.052566
0.070772
0.063339
0.076839
0.087223
0.108068
0.098149
0.103017
0.108431
0.107585
0.110395
0.111166
0.103771
0.100800
0.094180
0.119860
0.142015
0.113584
0.070576
0.085525
0.065372
0.079084
0.066965
0.097957
0.112264
0.187387
0.136804
0.298147
0.192026
0.276831
0.132305
0.152827
0.151668
0.109425
0.121593
0.134051
0.138160
0.116916
0.112741
0.111694
0.115653
0.113932
0.119911
0.123760
0.128876
0.106833
0.102056
0.106673
0.077954
0.094009
0.086832
0.084989
0.081339
0.075310
0.069390
0.059103
0.054110
0.066592
0.067321
0.052990
0.068941
0.051097
0.071243
0.060563
0.076245
0.070870
0.083977
0.096245
0.101190
0.132393
0.097304
0.095938
0.079437
0.124067
0.112547
0.250671
0.239436
0.275831
0.272905
0.149430
0.162163
0.060734
0.128641
0.266878
0.077021
0.064928
0.071514
0.296265
0.276241
0.085684
0.059098
0.116004
0.072972
0.051534
0.044845
0.097160
0.140497
0.100724
0.115828
0.110487
0.054868
0.168231
0.055880
0.121172
0.094084
0.404661
0.392611
0.145305
0.133970
0.085440
0.112927
0.055368
0.056618
0.134763
0.291380
0.229548
0.118314
0.090663
0.131069
0.356152
0.151382
0.138394
0.130373
0.142702
0.098997
0.126484
0.130554
0.126618
0.141846
0.115779
0.124697
0.107696
0.114355
0.116496
0.109828
0.112383
0.116052
0.113095
0.113152
0.119648
0.117935
0.121009
0.124234
0.070457
0.092796
0.133924
0.111486
0.108234
0.113877
0.099434
0.110390
0.102653
0.094793
0.063192
0.069393
0.092532
0.088162
0.090860
0.082113
0.084626
0.083295
0.066114
0.080984
0.077709
0.074741
0.071836
0.047935
0.067810
0.070362
0.056637
0.068419
0.065848
0.053761
0.051237
0.057311
0.044509
0.056203
0.065865
0.066500
0.055100
0.054157
0.052624
0.066256
0.067638
0.056722
0.051603
0.050751
0.068705
0.070295
0.055813
0.063196
0.072401
0.075678
0.066694
0.072487
0.083609
0.079041
0.083708
0.113871
0.110128
0.137415
0.089370
0.102839
0.098149
0.081785
0.124766
0.097140
0.100362
0.115665
0.115140
0.125609
0.139113
0.138050
0.144499
0.294492
0.238505
0.183651
0.144966
0.181214
0.060720
0.062611
0.126942
0.108054
0.109785
0.078150
0.064061
0.067107
0.115977
0.070483
0.071796
0.096226
0.130941
0.273667
0.072633
0.081671
0.271982
0.060980
0.120061
0.107965
0.230840
0.073735
0.079986
0.061821
0.106782
0.122288
0.102806
0.130889
0.100440
0.405633
0.376862
0.412211
0.418556
0.400919
0.371863
0.426312
0.414381
0.134402
0.150572
0.157227
0.153869
0.135832
0.133699
0.143801
0.105046
0.092603
0.137238
0.131759
0.132410
0.132588
0.128126
0.096100
0.133937
0.112315
0.117580
0.109896
0.106336
0.075365
0.084742
0.080386
0.050915
0.056095
0.056521
0.050551
0.054883
0.061750
0.051304
0.055973
0.051265
0.063445
0.054011
0.057835
0.095085
0.121530
0.118370
0.137913
0.137785
0.111064
0.095796
0.099685
0.115966
0.107219
0.107061
0.136303
0.125819
0.235187
0.091714
0.135701
0.233411
0.231744
0.122911
0.113351
0.068785
0.110560
0.116536
0.116301
0.114603
0.126838
0.092466
0.242305
0.244106
0.116838
0.079918
0.086611
0.080695
0.098792
0.131348
0.102898
0.123504
0.408863
0.395199
0.392106
0.377631
0.356797
0.268405
0.149569
0.139626
0.131150
0.138730
0.103364
0.094580
0.142793
0.136018
0.126635
0.133991
0.081677
0.139960
0.128101
0.101772
0.119241
0.114686
0.105455
0.105748
0.072402
0.084445
0.080709
0.050523
0.057088
0.054678
0.052070
0.057344
0.103070
0.131014
0.100474
0.102607
0.142121
0.132458
0.099930
0.105683
0.109207
0.077209
0.114294
0.128267
0.113993
0.104214
0.109916
0.144806
0.116439
0.118303
0.148025
0.236307
0.253660
0.245556
0.112717
0.090079
0.284962
0.257096
0.184076
0.156135
0.121025
0.107936
0.096481
0.123007
0.219720
0.109090
0.117721
0.127336
0.123476
0.141404
0.072037
0.117437
0.121422
0.091793
0.081051
0.054458
0.076895
0.130336
0.107100
0.105183
0.398473
0.376780
0.417997
0.393388
0.358081
0.357409
0.436520
0.430844
0.210406
0.177815
0.125735
0.135974
0.163842
0.164705
0.123435
0.125831
0.149968
0.138106
0.135160
0.137573
0.126104
0.119728
0.137180
0.138281
0.141563
0.130052
0.136406
0.138661
0.140578
0.140240
0.144820
0.151892
0.168945
0.122304
0.121944
0.193247
0.196873
0.130385
0.125690
0.187613
0.165154
0.120285
0.126255
0.144731
0.137145
0.120813
0.135254
0.141403
0.163025
0.136245
0.157588
0.163218
0.166505
0.137808
0.137228
0.139502
0.147269
0.127435
0.125226
0.130955
0.161668
0.171696
0.145107
0.128141
0.105751
0.102002
0.107694
0.098357
0.099028
0.105023
0.124698
0.121004
0.114687
0.131929
0.130860
0.132258
0.132238
0.121841
0.131791
0.090254
0.095756
0.107907
0.101945
0.095766
0.130369
0.132717
0.130640
0.128183
0.131134
0.135060
0.127504
0.133813
0.133808
0.139437
0.131296
0.141393
0.134072
0.139767
0.139686
0.139700
0.140988
0.140067
0.134810
0.131649
0.135522
0.101550
0.113703
0.113667
0.107912
0.108028
0.104629
0.102599
0.111509
0.107741
0.103599
0.110052
0.105604
0.102691
0.106248
0.102954
0.096899
0.096608
0.098147
0.097747
0.095169
0.120878
0.120514
0.126765
0.123524
0.119970
0.120920
0.132504
0.124094
0.125567
0.126306
0.121925
0.119494
0.119220
0.123304
0.123395
0.122112
0.118446
0.124832
0.125187
0.123467
0.120545
0.139133
0.134014
0.127723
0.126005
0.129076
0.121437
0.127167
0.082304
0.082389
0.084056
0.090570
0.104374
0.099962
0.086336
0.087706
0.086476
0.082159
0.097599
0.094599
0.090272
0.087541
0.094305
0.092059
0.088351
0.085759
0.095209
0.094167
0.090046
0.088982
0.096975
0.099946
0.097888
0.097491
0.109129
0.105670
0.101346
0.102815
0.102843
0.128247
0.125311
0.122526
0.112618
0.114066
0.123509
0.129255
0.123343
0.115323
0.114556
0.116037
0.112765
0.108260
0.105829
0.112938
0.110227
0.105285
0.104307
0.116645
0.115395
0.110199
0.108082
0.118813
0.115439
0.108993
0.106562
0.116513
0.111761
0.107055
0.103939
0.119573
0.129751
0.072660
0.066592
0.064749
0.072642
0.082923
0.079459
0.073666
0.071967
0.078079
0.082739
0.080866
0.076581
0.072924
0.081517
0.080633
0.079731
0.076961
0.088327
0.088837
0.087919
0.092026
0.097785
0.091500
0.096189
0.093126
0.090143
0.089570
0.098887
0.094541
0.090294
0.086815
0.110509
0.109100
0.113035
0.117699
0.118650
0.098677
0.100700
0.111827
0.112840
0.105356
0.119524
0.128349
0.126961
0.128153
0.143663
0.135465
0.099875
0.101150
0.112574
0.120651
0.116524
0.112567
0.121576
0.126243
0.097978
0.096915
0.106212
0.114166
0.107562
0.107087
0.113573
0.112409
0.101413
0.101642
0.111604
0.118093
0.118891
0.111473
0.110212
0.107559
0.099681
0.098743
0.108284
0.112950
0.113068
0.113011
0.117139
0.115565
0.102913
0.108893
0.121805
0.125682
0.113925
0.111787
0.112918
0.111171
0.121864
0.118723
0.118227
0.119933
0.122500
0.126882
0.118972
0.068148
0.065186
0.063932
0.071216
0.068786
0.065194
0.065949
0.062923
0.059924
0.058603
0.067214
0.065484
0.061952
0.060336
0.071610
0.069541
0.067514
0.067175
0.083486
0.083211
0.090068
0.083469
0.092045
0.094787
0.085865
0.088916
0.085570
0.083617
0.080478
0.080160
0.077952
0.074711
0.093828
0.095530
0.101179
0.104679
0.132578
0.134840
0.121895
0.084247
0.080555
0.089323
0.118749
0.093723
0.082064
0.079908
0.104677
0.100636
0.086020
0.077276
0.076410
0.096050
0.085346
0.077889
0.076260
0.115918
0.111073
0.100252
0.103182
0.088049
0.091336
0.088415
0.094562
0.103246
0.107411
0.070927
0.067951
0.070409
0.078302
0.107066
0.108835
0.104968
0.101254
0.096942
0.090735
0.082742
0.077298
0.055184
0.052739
0.055416
0.069529
0.063682
0.059941
0.053522
0.054494
0.058083
0.058627
0.057686
0.057404
0.057296
0.057001
0.055778
0.055867
0.060702
0.062666
0.062492
0.059399
0.057762
0.076573
0.071442
0.068812
0.065699
0.079733
0.077447
0.074140
0.073039
0.079039
0.075982
0.072849
0.070876
0.069771
0.069139
0.065709
0.068983
0.072745
0.074618
0.082147
0.091820
0.068113
0.071976
0.076797
0.078095
0.071558
0.070717
0.067703
0.073015
0.071072
0.069924
0.068367
0.070837
0.070123
0.068141
0.067595
0.093525
0.094269
0.089907
0.086929
0.063625
0.063709
0.065220
0.070878
0.098372
0.089005
0.083277
0.080242
0.066715
0.065953
0.054950
0.052377
0.051021
0.058108
0.052546
0.052870
0.051912
0.051700
0.057664
0.056509
0.054124
0.052898
0.054368
0.051704
0.050559
0.050121
0.054432
0.053272
0.051199
0.050339
0.061030
0.060568
0.057600
0.055271
0.068219
0.064794
0.061866
0.060199
0.067295
0.064713
0.062133
0.060708
0.066070
0.059677
0.057920
0.071806
0.063865
0.063627
0.064747
0.071318
0.063329
0.060541
0.070260
0.067908
0.063236
0.062489
0.067321
0.065870
0.067729
0.069254
0.065758
0.068285
0.070797
0.071984
0.086755
0.083897
0.083742
0.081806
0.072541
0.072756
0.068643
0.065812
0.067065
0.072548
0.069258
0.067192
0.071686
0.062416
0.058018
0.059090
0.053225
0.049351
0.048812
0.057911
0.050913
0.051048
0.051221
0.054560
0.054002
0.051805
0.048306
0.048993
0.048870
0.047898
0.047244
0.046671
0.048046
0.047035
0.045902
0.045694
0.051933
0.051587
0.050416
0.049559
0.057356
0.056231
0.058019
0.061305
0.059085
0.058407
0.058221
0.057244
0.071308
0.055183
0.053750
0.058747
0.053756
0.054493
0.057027
0.065257
0.059149
0.060104
0.060462
0.059464
0.061295
0.060427
0.060144
0.059725
0.063255
0.059229
0.058268
0.058572
0.068552
0.064374
0.061990
0.061105
0.081808
0.081096
0.078781
0.077717
0.067074
0.066085
0.066027
0.065769
0.068117
0.069010
0.068762
0.067842
0.063983
0.061968
0.058198
0.059681
0.055195
0.054453
0.050571
0.056459
0.056006
0.054545
0.050944
0.047792
0.048957
0.046849
0.046210
0.045846
0.045640
0.044992
0.044164
0.043660
0.044590
0.044010
0.043198
0.043805
0.046951
0.047515
0.046341
0.046652
0.055526
0.051531
0.049989
0.049560
0.055383
0.054635
0.053274
0.052282
0.058319
0.053373
0.053465
0.058599
0.050203
0.051549
0.053826
0.058432
0.058445
0.058492
0.057205
0.055326
0.058447
0.057614
0.056803
0.056554
0.057140
0.055513
0.054454
0.053950
0.057202
0.056486
0.054399
0.053649
0.075101
0.075180
0.072799
0.071033
0.066065
0.064927
0.064287
0.063448
0.067629
0.067575
0.066598
0.064906
0.064153
0.063709
0.059941
0.059784
0.050026
0.048967
0.047800
0.054347
0.046949
0.046348
0.045634
0.044778
0.044820
0.043951
0.043631
0.044537
0.043364
0.044260
0.046586
0.046933
0.050262
0.046207
0.049949
0.052411
0.048809
0.046314
0.046360
0.049698
0.047793
0.050719
0.056393
0.057138
0.053146
0.053869
0.058151
0.057717
0.056031
0.059663
0.047123
0.047167
0.055875
0.045336
0.046044
0.047382
0.052766
0.053501
0.053553
0.052668
0.051780
0.055028
0.053652
0.052217
0.051701
0.052414
0.050847
0.049637
0.049404
0.050642
0.050608
0.051203
0.053401
0.068813
0.067873
0.068040
0.072667
0.068103
0.059418
0.062777
0.061328
0.059823
0.058841
0.071074
0.063984
0.062971
0.060633
0.058521
0.065124
0.057483
0.054822
0.054986
0.051082
0.050849
0.044878
0.049871
0.044166
0.043215
0.046750
0.050776
0.052509
0.054149
0.055342
0.046100
0.050153
0.054016
0.050170
0.049964
0.050167
0.044998
0.043815
0.043536
0.044547
0.043593
0.042396
0.042172
0.042719
0.047036
0.046990
0.045314
0.046168
0.051782
0.049575
0.048765
0.047658
0.053693
0.054494
0.051494
0.050261
0.062217
0.051025
0.050829
0.048320
0.044823
0.042111
0.043214
0.048456
0.051592
0.052378
0.051476
0.050202
0.051160
0.050366
0.050955
0.052633
0.049060
0.049644
0.051795
0.051377
0.054315
0.054018
0.050733
0.049354
0.069007
0.066502
0.065618
0.067250
0.066861
0.057049
0.056712
0.060050
0.060612
0.055972
0.055130
0.057214
0.057559
0.052668
0.050649
0.051022
0.053182
0.051334
0.047543
0.049118
0.055084
0.050091
0.047710
0.047945
0.051316
0.046022
0.044457
0.048037
0.050591
0.044239
0.045285
0.049163
0.049785
0.043354
0.043121
0.044278
0.048918
0.045037
0.044995
0.045597
0.047319
0.047752
0.050323
0.051677
0.048996
0.049196
0.048158
0.051098
0.052245
0.046132
0.047261
0.047393
0.049217
0.045268
0.043457
0.042139
0.048921
0.049208
0.050511
0.053246
0.054392
0.054426
0.053999
0.053876
0.052086
0.051852
0.050726
0.049944
0.050779
0.050015
0.054233
0.049542
0.049458
0.049271
0.050403
0.065004
0.065439
0.067017
0.066115
0.061205
0.057675
0.054556
0.053722
0.053439
0.054870
0.052669
0.052149
0.052006
0.050070
0.049971
0.049913
0.051023
0.062863
0.055983
0.053618
0.059424
0.056107
0.055980
0.053490
0.050729
0.052091
0.054512
0.053197
0.049108
0.050649
0.053438
0.053777
0.053685
0.052804
0.050744
0.048537
0.047747
0.048490
0.049557
0.048902
0.050396
0.053630
0.053790
0.051850
0.056078
0.057092
0.058583
0.060650
0.049648
0.050960
0.055820
0.055929
0.044321
0.042465
0.044528
0.047776
0.051189
0.049849
0.050605
0.051239
0.053131
0.055040
0.052101
0.054439
0.053537
0.049596
0.049961
0.050543
0.051870
0.051081
0.051919
0.052378
0.053914
0.065998
0.067692
0.068068
0.068644
0.054828
0.055110
0.055698
0.055682
0.052925
0.053425
0.054072
0.054284
0.050719
0.051631
0.052207
0.053735
0.061751
0.057580
0.053121
0.061163
0.047901
0.047819
0.048577
0.054105
0.045243
0.045530
0.046365
0.049058
0.050344
0.051335
0.050896
0.052944
0.050325
0.052905
0.057249
0.058471
0.051272
0.052030
0.053119
0.052848
0.058762
0.050830
0.052292
0.055536
0.056537
0.058312
0.054997
0.056538
0.056651
0.062070
0.060044
0.053291
0.053130
0.054658
0.056100
0.058694
0.063300
0.044366
0.043093
0.043467
0.048652
0.052349
0.049382
0.051744
0.052902
0.054488
0.055571
0.059533
0.053987
0.053230
0.052902
0.053146
0.054187
0.055049
0.054899
0.055824
0.056180
0.057577
0.068865
0.069837
0.070643
0.071137
0.057476
0.057903
0.058759
0.058642
0.055578
0.056398
0.057116
0.057360
0.054434
0.055535
0.055880
0.057570
0.074671
0.071630
0.063275
0.063537
0.064840
0.068023
0.066622
0.061027
0.053637
0.056154
0.057260
0.056290
0.056222
0.057341
0.057484
0.055044
0.057397
0.055937
0.053937
0.052541
0.056512
0.060164
0.057007
0.053122
0.054853
0.054203
0.053645
0.053692
0.055151
0.054540
0.054877
0.056528
0.053004
0.051258
0.052187
0.054811
0.050284
0.046877
0.045727
0.049012
0.064256
0.066205
0.056512
0.058076
0.059826
0.061201
0.069666
0.062959
0.063466
0.056658
0.057646
0.058762
0.059497
0.059043
0.060359
0.061114
0.062760
0.072693
0.074051
0.076308
0.076810
0.060818
0.061567
0.063059
0.063585
0.059190
0.060662
0.062261
0.062999
0.059477
0.060476
0.061254
0.064082
0.075318
0.074266
0.075074
0.076969
0.064442
0.060666
0.063541
0.065625
0.054579
0.053424
0.056099
0.057882
0.052283
0.052164
0.054317
0.055566
0.052827
0.053054
0.055035
0.056468
0.053529
0.054313
0.056479
0.058098
0.055258
0.056422
0.058977
0.061310
0.057280
0.056836
0.058562
0.061622
0.055341
0.054153
0.055193
0.056913
0.063177
0.056763
0.054722
0.055467
0.071035
0.069885
0.068188
0.069772
0.062255
0.063454
0.064987
0.066291
0.075176
0.061654
0.062834
0.064416
0.065833
0.064257
0.065912
0.067218
0.069274
0.079515
0.081146
0.084443
0.085477
0.067052
0.068636
0.070560
0.071187
0.065894
0.068161
0.070463
0.071665
0.066829
0.068444
0.070851
0.076002
0.087144
0.079359
0.076695
0.077708
0.076355
0.081888
0.094417
0.096937
0.065750
0.065841
0.073207
0.078128
0.093365
0.059734
0.061515
0.065792
0.068958
0.060723
0.063515
0.066948
0.069162
0.062226
0.064948
0.070326
0.074938
0.066663
0.068761
0.072170
0.075976
0.066442
0.069995
0.076748
0.079632
0.058871
0.057713
0.059994
0.062628
0.067452
0.113060
0.099595
0.083354
0.074821
0.075190
0.076174
0.075428
0.080515
0.086228
0.101819
0.121843
0.142701
0.126550
0.068928
0.070311
0.076806
0.091475
0.102454
0.090679
0.085050
0.091229
0.071630
0.073102
0.080919
0.097493
0.106478
0.092728
0.088559
0.100605
0.091598
0.092487
0.101985
0.106682
0.106970
0.096541
0.094450
0.105830
0.075841
0.077886
0.086499
0.100818
0.110633
0.095855
0.095865
0.110003
0.075824
0.078784
0.088055
0.101714
0.111560
0.100303
0.096171
0.108036
0.077886
0.081876
0.094032
0.100952
0.098565
0.096991
0.099674
0.108867
0.097758
0.094423
0.102220
0.100064
0.098510
0.096459
0.089517
0.096917
0.103307
0.099808
0.104278
0.105107
0.103774
0.081715
0.087959
0.094821
0.098584
0.098071
0.080461
0.085164
0.091267
0.098503
0.081863
0.086683
0.097065
0.100663
0.087843
0.094034
0.093411
0.093417
0.083104
0.083574
0.085667
0.066908
0.067555
0.072511
0.076410
0.089001
0.093705
0.094325
0.090870
0.096381
0.105668
0.099879
0.094842
0.100307
0.117370
0.103076
0.109695
0.098534
0.089630
0.088705
0.112893
0.099835
0.089162
0.088096
0.112039
0.101686
0.090425
0.089560
0.116311
0.105726
0.094601
0.092691
0.117282
0.105930
0.096524
0.095076
0.104899
0.099487
0.096397
0.099199
0.113092
0.112358
0.102170
0.097100
0.094670
0.101518
0.102521
0.104350
0.098217
0.102242
0.104504
0.098223
0.099716
0.100920
0.100611
0.103448
0.101144
0.097611
0.102474
0.103966
0.088628
0.098968
0.079985
0.095322
0.089862
0.122939
0.125603
0.119743
0.113726
0.099855
0.102128
0.127441
0.129097
0.119814
0.123524
0.096346
0.098503
0.110125
0.113609
0.126998
0.129938
0.131999
0.130163
0.095810
0.096290
0.102356
0.110094
0.124708
0.095575
0.095972
0.102254
0.108945
0.097743
0.099270
0.108639
0.114925
0.100657
0.101780
0.108540
0.121815
0.122069
0.102248
0.102659
0.120197
0.127008
0.131618
0.120463
0.122355
0.143755
0.148868
0.130511
0.119002
0.120941
0.111546
0.120083
0.131524
0.124214
0.117791
0.126349
0.109094
0.115173
0.121013
0.149640
0.150100
0.146464
0.143863
0.144481
0.145672
0.149012
0.147661
0.124517
0.138034
0.144076
0.119407
0.137134
0.139469
0.142902
0.143547
0.165501
0.165569
0.155367
0.142302
0.203097
0.167406
0.172242
0.212533
0.176171
0.174492
0.170518
0.205652
0.177558
0.164204
0.205289
0.174055
0.162170
0.177029
0.180574
0.198618
0.155734
0.144287
0.145303
0.211459
0.216996
0.179706
0.198311
0.186533
0.175810
0.156781
0.181490
0.176889
0.189901
0.173602
0.176984
0.173328
0.179034
0.181460
0.193892
0.216538
0.236764
0.258819
0.262957
0.228677
0.282464
0.283492
0.250515
0.279590
0.306198
0.285608
0.278250
0.349398
0.310519
0.300318
0.290087
0.295386
0.319464
0.135103
0.136060
0.247978
0.192889
0.140116
0.141464
0.154757
0.202374
0.078060
0.076677
0.078623
0.086498
0.100014
0.097184
0.099564
0.101958
0.105103
0.105583
0.102035
0.102772
0.093511
0.087088
0.091775
0.077881
0.073882
0.071837
0.092905
0.082744
0.090968
0.103271
0.094265
0.092547
0.099319
0.086873
0.080522
0.087153
0.082730
0.074974
0.060339
0.062202
0.071452
0.079115
0.090035
0.090361
0.088710
0.136190
0.114015
0.117771
0.118671
0.124463
0.128411
0.136253
0.124460
0.109109
0.129382
0.131142
0.115816
0.104578
0.120580
0.125128
0.135637
0.133663
0.202523
0.143520
0.152747
0.251794
0.270223
0.227690
0.152758
0.141847
0.117204
0.122141
0.130168
0.128441
0.118214
0.114488
0.104915
0.094228
0.125556
0.121125
0.112083
0.102526
0.098054
0.104869
0.115790
0.118079
0.119700
0.119288
0.115048
0.112925
0.121168
0.121092
0.117380
0.130729
0.119056
0.119773
0.111132
0.101382
0.107129
0.115847
0.125022
0.132273
0.127095
0.068590
0.065703
0.073555
0.089423
0.098705
0.101028
0.104896
0.094890
0.090745
0.100030
0.101554
0.088254
0.083605
0.073553
0.073160
0.075539
0.073927
0.086295
0.096578
0.078496
0.092942
0.099574
0.106795
0.099173
0.109843
0.107665
0.098409
0.092158
0.093329
0.092987
0.084806
0.082747
0.083602
0.088978
0.081348
0.093235
0.108589
0.114191
0.115451
0.111308
0.103006
0.119012
0.092567
0.094160
0.095062
0.097679
0.117361
0.119567
0.116114
0.125426
0.122539
0.125544
0.110306
0.096368
0.135038
0.128779
0.111951
0.103350
0.117692
0.122440
0.129013
0.135487
0.141827
0.136208
0.126249
0.124426
0.125172
0.116336
0.082741
0.075301
0.074793
0.077051
0.099236
0.097849
0.075955
0.075358
0.072857
0.076133
0.092256
0.099146
0.107551
0.102552
0.085464
0.091686
0.102116
0.095632
0.091302
0.080854
0.071958
0.061554
0.062250
0.064599
0.064407
0.155760
0.165234
0.161167
0.147601
0.121934
0.138132
0.122485
0.119501
0.119876
0.120797
0.121862
0.123077
0.124764
0.128092
0.066026
0.062024
0.065278
0.071459
0.098137
0.108198
0.100388
0.068919
0.062013
0.062063
0.068965
0.078278
0.080410
0.086847
0.083874
0.082625
0.085440
0.082540
0.112169
0.111896
0.102282
0.095808
0.085875
0.098228
0.111388
0.112278
0.112409
0.128229
0.148982
0.166285
0.155279
0.149555
0.146809
0.148067
0.150643
0.140816
0.126671
0.130370
0.124967
0.068015
0.072159
0.077194
0.088384
0.089161
0.088482
0.083928
0.079246
0.076163
0.073306
0.083711
0.092752
0.098021
0.093514
0.066723
0.062588
0.091099
0.099932
0.110114
0.105761
0.104658
0.107493
0.090353
0.082752
0.072871
0.068626
0.169928
0.161314
0.135846
0.146902
0.159021
0.135198
0.158131
0.147607
0.121330
0.122159
0.125889
0.090263
0.078657
0.082553
0.096479
0.103559
0.119760
0.109954
0.104891
0.119083
0.112923
0.100816
0.096091
0.084250
0.081137
0.084283
0.082789
0.086054
0.092108
0.104715
0.114316
0.067795
0.067513
0.070044
0.094160
0.101835
0.094100
0.084203
0.065717
0.063339
0.059923
0.058187
0.062531
0.073793
0.083128
0.100244
0.092618
0.089346
0.084275
0.117461
0.116323
0.107778
0.106313
0.095356
0.105558
0.118080
0.118606
0.136209
0.140654
0.140471
0.133666
0.280260
0.308886
0.310378
0.262042
0.264080
0.168260
0.146192
0.147713
0.147296
0.152955
0.160875
0.138476
0.128215
0.093301
0.087786
0.088404
0.084431
0.099964
0.111188
0.117888
0.122230
0.115900
0.109091
0.109401
0.096681
0.090218
0.089372
0.077155
0.075342
0.083985
0.080755
0.100524
0.107353
0.086741
0.093412
0.102847
0.096929
0.094747
0.068020
0.075383
0.074320
0.077584
0.087555
0.088406
0.071560
0.069888
0.082247
0.082794
0.097250
0.116463
0.125673
0.123877
0.127734
0.109597
0.097618
0.079639
0.210962
0.195847
0.200245
0.194893
0.208496
0.198109
0.323762
0.271877
0.264709
0.319716
0.078727
0.072228
0.072248
0.087210
0.079318
0.077479
0.079507
0.094237
0.090982
0.090491
0.057723
0.075180
0.075431
0.077099
0.078218
0.121363
0.118880
0.113140
0.101159
0.152551
0.250500
0.078937
0.073535
0.075548
0.082378
0.078331
0.074335
0.078577
0.079535
0.101090
0.101270
0.099580
0.096442
0.082979
0.083930
0.084561
0.087780
0.075516
0.075241
0.081949
0.083300
0.089162
0.046933
0.097417
0.068068
0.137582
0.134562
0.108178
0.177986
0.182780
0.183663
0.175414
0.177733
0.105020
0.095588
0.090823
0.098266
0.081010
0.075389
0.073325
0.072351
0.110905
0.113062
0.145823
0.142901
0.143340
0.120838
0.119783
0.123289
0.133963
0.114744
0.101449
0.105327
0.107877
0.255175
0.048735
0.084444
0.087658
0.076263
0.071827
0.101446
0.089771
0.105736
0.104088
0.155411
0.141789
0.137151
0.122419
0.125936
0.120850
0.121855
0.109193
0.099667
0.105462
0.103089
0.128794
0.128251
0.253361
0.118074
0.121070
0.046682
0.120044
0.117423
0.102687
0.104544
0.107652
0.115101
0.114280
0.114134
0.245252
0.148756
0.143949
0.149077
0.160403
0.052099
0.057366
0.087133
0.103506
0.097773
0.088227
0.093004
0.143851
0.158694
0.140629
0.115873
0.114692
0.129998
0.117947
0.122011
0.122132
0.142416
0.143309
0.140574
0.310301
0.169228
0.147052
0.110682
0.101446
0.095769
0.097865
0.121024
0.121775
0.115482
0.114660
0.166955
0.173912
0.194614
0.124004
0.125223
0.125356
0.121641
0.120368
0.122978
0.090047
0.140189
0.131417
0.129163
0.105631
0.096969
0.087268
0.083771
0.180538
0.178021
0.208302
0.391771
0.346452
0.377340
0.403860
0.410583
0.369611
0.373353
0.371330
0.374291
0.422390
0.394530
0.379849
0.381197
0.414073
0.407600
0.406281
0.431927
0.392145
0.385398
0.343528
0.320804
0.301759
0.422300
0.409959
0.442207
0.446394
0.416802
0.428829
0.268117
0.256242
0.151346
0.139834
0.143818
0.146926
0.142176
0.143739
0.134758
0.127413
0.130421
0.129284
0.126417
0.132128
0.126377
0.127823
0.129083
0.140460
0.136442
0.135110
0.143655
0.141009
0.150159
0.143778
0.135867
0.136716
0.133406
0.131011
0.148762
0.167823
0.164891
0.152944
0.152641
0.146583
0.137780
0.143109
0.141489
0.135078
0.141308
0.144917
0.118324
0.115218
0.111734
0.109661
0.110973
0.130460
0.127365
0.139627
0.148387
0.157637
0.152091
0.153866
0.147259
0.145247
0.124116
0.107412
0.105763
0.114178
0.134705
0.134141
0.129433
0.125832
0.132543
0.132456
0.149324
0.152829
0.145786
0.138997
0.143758
0.135115
0.153201
0.136325
0.148195
0.138774
0.126882
0.128766
0.128046
0.130700
0.098927
0.109642
0.094076
0.093938
0.095861
0.100691
0.106604
0.113413
0.109029
0.110834
0.107505
0.103306
0.110436
0.105786
0.101250
0.098519
0.096772
0.095923
0.087853
0.103927
0.095713
0.117674
0.123216
0.124562
0.125719
0.128498
0.133180
0.132384
0.137113
0.130992
0.124174
0.129080
0.119294
0.123305
0.123104
0.123652
0.121325
0.118632
0.123701
0.123386
0.122989
0.120762
0.125114
0.124332
0.127020
0.125612
0.143670
0.146703
0.141466
0.129365
0.124373
0.135781
0.141000
0.131341
0.131406
0.100084
0.100695
0.097972
0.096009
0.092585
0.093522
0.093533
0.095015
0.096791
0.099511
0.091952
0.088462
0.092776
0.095336
0.089368
0.086796
0.091688
0.093496
0.088297
0.086457
0.095872
0.096843
0.093855
0.094235
0.103257
0.101353
0.112339
0.114470
0.109123
0.107869
0.120477
0.123746
0.121307
0.128083
0.137378
0.124299
0.123172
0.122505
0.118069
0.132218
0.129744
0.124468
0.124335
0.113895
0.109046
0.112159
0.104569
0.101562
0.112451
0.115186
0.108219
0.104887
0.116292
0.119198
0.111158
0.107224
0.112820
0.116059
0.108294
0.103530
0.116382
0.113136
0.111366
0.117123
0.070973
0.070838
0.070889
0.073349
0.082630
0.080442
0.080780
0.076671
0.079852
0.082355
0.076107
0.072712
0.080102
0.082520
0.076913
0.073923
0.083906
0.082511
0.083796
0.083803
0.082406
0.093883
0.095409
0.093462
0.092574
0.093106
0.094900
0.091294
0.090514
0.095037
0.097592
0.092584
0.090859
0.102951
0.109688
0.102626
0.118546
0.139269
0.118891
0.118902
0.130575
0.139538
0.101010
0.106437
0.106286
0.120734
0.097545
0.097554
0.106820
0.117205
0.098485
0.099854
0.106867
0.116375
0.101813
0.101912
0.110755
0.117839
0.096193
0.097608
0.106173
0.115862
0.134656
0.128781
0.134968
0.130251
0.133863
0.131375
0.132882
0.124575
0.064316
0.067422
0.070535
0.065694
0.065325
0.064007
0.068001
0.060073
0.061639
0.064350
0.066647
0.061170
0.059193
0.066518
0.068434
0.064385
0.062903
0.075824
0.077949
0.076109
0.073212
0.085176
0.085965
0.092840
0.095866
0.086871
0.089175
0.085143
0.085800
0.086888
0.084698
0.085194
0.085064
0.089410
0.097172
0.095213
0.115765
0.135394
0.135271
0.129398
0.133551
0.114948
0.101718
0.088609
0.104304
0.079396
0.079349
0.084833
0.100434
0.076635
0.076700
0.088252
0.102213
0.082185
0.085246
0.095944
0.103131
0.098857
0.100431
0.084621
0.090223
0.085931
0.095222
0.114757
0.108986
0.117090
0.119041
0.111671
0.108289
0.109903
0.062027
0.063670
0.054171
0.052181
0.065318
0.065246
0.059437
0.053188
0.054785
0.055715
0.054108
0.054402
0.058479
0.059367
0.057449
0.056146
0.065694
0.067237
0.064892
0.062988
0.079254
0.086895
0.073755
0.071132
0.077005
0.079546
0.074243
0.072090
0.076304
0.081756
0.072331
0.073639
0.077102
0.071576
0.068987
0.074810
0.073153
0.077572
0.087972
0.072099
0.068808
0.076679
0.074435
0.075928
0.071733
0.069144
0.070651
0.067148
0.065735
0.071819
0.076210
0.073355
0.074962
0.080451
0.086239
0.080494
0.077054
0.073839
0.062241
0.066059
0.061885
0.062294
0.065457
0.064831
0.074092
0.084375
0.051666
0.051779
0.051641
0.051462
0.050938
0.051097
0.051035
0.051292
0.055092
0.055031
0.054953
0.054021
0.052319
0.053253
0.051106
0.049979
0.056014
0.057686
0.054172
0.052770
0.064245
0.066346
0.061104
0.059209
0.065371
0.068018
0.062738
0.061128
0.065157
0.067644
0.062979
0.065268
0.073144
0.073632
0.065744
0.067255
0.062673
0.062823
0.066051
0.060711
0.060016
0.067769
0.068392
0.068799
0.069061
0.069666
0.062686
0.063120
0.065353
0.066826
0.075719
0.072454
0.071100
0.074196
0.073479
0.067875
0.071314
0.067338
0.066328
0.069708
0.068204
0.067281
0.065632
0.067954
0.065223
0.067531
0.050245
0.051265
0.049671
0.049860
0.049571
0.049916
0.048909
0.048525
0.049140
0.050484
0.047859
0.047266
0.047140
0.047784
0.046369
0.045852
0.048490
0.049581
0.047588
0.047124
0.055411
0.057590
0.055860
0.057499
0.058268
0.059416
0.057346
0.056711
0.059331
0.060772
0.058363
0.061577
0.058164
0.059686
0.057625
0.058074
0.059899
0.059929
0.060511
0.060411
0.060172
0.064175
0.058886
0.057974
0.060634
0.064099
0.059942
0.061026
0.069965
0.071993
0.066550
0.063402
0.065978
0.066999
0.065465
0.064340
0.068703
0.067888
0.069141
0.069272
0.066640
0.066361
0.066538
0.068784
0.047669
0.048381
0.048265
0.048801
0.050080
0.048843
0.051596
0.051511
0.045313
0.045868
0.044608
0.044096
0.044352
0.044836
0.043494
0.044293
0.045118
0.045690
0.044734
0.045230
0.049319
0.052212
0.048419
0.048604
0.054931
0.055762
0.053847
0.053218
0.054437
0.056540
0.053135
0.056032
0.056353
0.056970
0.055442
0.055285
0.058773
0.059660
0.057873
0.056869
0.056324
0.056838
0.055446
0.054576
0.054561
0.056445
0.053591
0.052398
0.059419
0.061073
0.059338
0.057680
0.064112
0.065221
0.063408
0.061848
0.068039
0.068527
0.067401
0.066807
0.065906
0.066515
0.065352
0.067202
0.046721
0.047323
0.045864
0.045188
0.046312
0.048281
0.045732
0.044820
0.043471
0.043678
0.045485
0.047594
0.049742
0.049807
0.048086
0.051577
0.051033
0.046853
0.051044
0.046963
0.046449
0.048394
0.047474
0.048792
0.048832
0.050600
0.051879
0.053410
0.053108
0.054459
0.055155
0.050515
0.051740
0.051043
0.053940
0.051276
0.052778
0.050507
0.050896
0.054546
0.055620
0.053565
0.052654
0.052497
0.053237
0.051356
0.050459
0.048875
0.050558
0.047968
0.047782
0.053322
0.055658
0.055130
0.057774
0.060451
0.061417
0.059668
0.058470
0.063815
0.065104
0.061777
0.060002
0.062424
0.063877
0.060501
0.061244
0.043422
0.045137
0.048360
0.053472
0.044074
0.044513
0.048823
0.050026
0.053889
0.050159
0.049523
0.048884
0.045449
0.041295
0.041635
0.041592
0.041967
0.045626
0.047853
0.043995
0.043969
0.046728
0.048540
0.046052
0.046023
0.053465
0.055466
0.049738
0.049777
0.057238
0.053819
0.055685
0.054613
0.055896
0.055033
0.049446
0.049861
0.049185
0.049605
0.052383
0.052714
0.052091
0.051178
0.049802
0.049712
0.050892
0.052388
0.047454
0.047061
0.048109
0.047917
0.061392
0.060100
0.062211
0.058867
0.057128
0.058245
0.059053
0.060348
0.059246
0.055872
0.057546
0.056820
0.058136
0.053700
0.056119
0.054849
0.058414
0.047292
0.051143
0.045046
0.046313
0.046364
0.048104
0.046233
0.047183
0.045028
0.044106
0.047737
0.047634
0.042553
0.042330
0.044005
0.047091
0.043920
0.043838
0.044198
0.045198
0.046564
0.045520
0.046939
0.047166
0.051695
0.049974
0.054300
0.056506
0.048108
0.049729
0.048581
0.051469
0.048470
0.048914
0.050222
0.050728
0.050319
0.050850
0.051832
0.052683
0.053406
0.055046
0.052912
0.053191
0.048155
0.047844
0.049079
0.049326
0.053220
0.054495
0.055259
0.057200
0.056385
0.056417
0.055281
0.055393
0.053113
0.055180
0.052660
0.052672
0.050811
0.052738
0.050893
0.052667
0.056065
0.051289
0.051827
0.048960
0.050773
0.050761
0.054533
0.050067
0.048340
0.055182
0.054192
0.049717
0.055125
0.055619
0.053582
0.049108
0.053096
0.053091
0.049152
0.047001
0.051724
0.050654
0.050344
0.047993
0.050181
0.049670
0.058920
0.059052
0.058347
0.057431
0.056848
0.063566
0.058319
0.057913
0.055913
0.060466
0.063834
0.046219
0.046917
0.047552
0.047897
0.055080
0.052465
0.056783
0.053461
0.053426
0.054710
0.055025
0.052192
0.051519
0.050411
0.049918
0.051487
0.052376
0.056775
0.057272
0.057081
0.058597
0.058325
0.057224
0.057485
0.057614
0.053735
0.053353
0.054458
0.054871
0.052119
0.052382
0.052917
0.055063
0.047310
0.047204
0.048009
0.051056
0.047022
0.046755
0.047242
0.050082
0.046045
0.048497
0.046130
0.047264
0.054780
0.054772
0.056539
0.056113
0.055889
0.055618
0.052781
0.056907
0.056038
0.055480
0.054065
0.051136
0.056001
0.058026
0.053230
0.055901
0.057164
0.060687
0.061373
0.061262
0.059837
0.059952
0.045795
0.046607
0.047465
0.046953
0.048602
0.056247
0.053911
0.055726
0.054687
0.057016
0.056033
0.053541
0.055627
0.056504
0.054456
0.053741
0.055510
0.056356
0.058943
0.058404
0.059934
0.061591
0.061251
0.059974
0.060401
0.060468
0.056439
0.055893
0.057571
0.058275
0.055289
0.055233
0.056174
0.058343
0.068410
0.059651
0.071911
0.068100
0.063832
0.064213
0.061549
0.058510
0.059838
0.056235
0.055712
0.051462
0.059590
0.056716
0.054624
0.056436
0.056983
0.054441
0.053146
0.055694
0.055714
0.053873
0.051784
0.063267
0.060640
0.060921
0.059666
0.054936
0.056311
0.059601
0.054057
0.054457
0.056271
0.058551
0.054051
0.055817
0.056092
0.050982
0.062977
0.060071
0.062829
0.064399
0.056666
0.058097
0.062568
0.057246
0.057348
0.058194
0.058889
0.058881
0.058040
0.060221
0.061377
0.063166
0.062218
0.064524
0.066622
0.064930
0.063298
0.064663
0.065384
0.060382
0.059736
0.062051
0.063527
0.059378
0.058981
0.061070
0.063524
0.068154
0.067165
0.068933
0.071246
0.055930
0.055515
0.058140
0.059606
0.052765
0.052365
0.055144
0.056447
0.052562
0.052282
0.054389
0.055852
0.053705
0.052720
0.055495
0.057090
0.055820
0.055158
0.057626
0.059332
0.057984
0.056587
0.060221
0.061021
0.057352
0.056176
0.058893
0.062234
0.068457
0.068740
0.068074
0.069330
0.068588
0.070096
0.071318
0.071262
0.072078
0.061801
0.061071
0.063504
0.065206
0.064548
0.063685
0.066211
0.067632
0.069232
0.067964
0.071140
0.073668
0.071305
0.069117
0.071317
0.073568
0.068130
0.066733
0.070242
0.072305
0.067158
0.065983
0.069916
0.072561
0.083532
0.079408
0.091348
0.071607
0.066900
0.079717
0.086479
0.063451
0.060888
0.067814
0.071203
0.062199
0.059658
0.065411
0.068024
0.064904
0.062214
0.068264
0.071469
0.068016
0.064912
0.073315
0.076239
0.067683
0.065616
0.073232
0.080188
0.068961
0.066956
0.070123
0.070535
0.069058
0.067945
0.074791
0.080105
0.128477
0.118390
0.108349
0.083676
0.125731
0.121274
0.070243
0.071527
0.075143
0.085452
0.072894
0.074499
0.077978
0.088236
0.077911
0.076444
0.085814
0.093898
0.083105
0.081097
0.088272
0.080300
0.080708
0.086553
0.095820
0.078872
0.078302
0.086123
0.094075
0.098923
0.099110
0.097161
0.098358
0.103339
0.101306
0.096749
0.106070
0.090356
0.084559
0.098057
0.086452
0.079372
0.091155
0.098064
0.086421
0.081796
0.094426
0.100433
0.093848
0.085332
0.096645
0.096897
0.090525
0.088537
0.089011
0.089442
0.076642
0.074754
0.079396
0.080298
0.084694
0.082666
0.088508
0.099669
0.147729
0.126726
0.134993
0.141388
0.112837
0.088091
0.090809
0.086546
0.089627
0.089497
0.094104
0.086935
0.090987
0.090407
0.096244
0.086411
0.090059
0.094926
0.100064
0.090586
0.093456
0.097739
0.102173
0.093765
0.096591
0.098004
0.100962
0.094377
0.094341
0.106791
0.105959
0.108318
0.104375
0.092128
0.094372
0.097490
0.098930
0.100937
0.099495
0.102002
0.100546
0.108631
0.106806
0.099340
0.098539
0.100443
0.100546
0.097569
0.102360
0.102549
0.106335
0.103496
0.109359
0.101194
0.095700
0.098213
0.095507
0.110443
0.117781
0.096064
0.093903
0.101991
0.109398
0.098496
0.096090
0.102963
0.107705
0.102233
0.100115
0.109379
0.113877
0.105287
0.101560
0.116516
0.125632
0.123306
0.114579
0.118656
0.111690
0.108379
0.103631
0.105711
0.100807
0.106335
0.108404
0.102459
0.108509
0.105357
0.106798
0.111332
0.114034
0.108515
0.116190
0.106766
0.100788
0.101229
0.098669
0.095095
0.137837
0.139556
0.143139
0.142924
0.139031
0.137407
0.147592
0.146273
0.146268
0.148600
0.150112
0.140627
0.127426
0.121811
0.121971
0.124848
0.136221
0.115948
0.125053
0.127746
0.131741
0.120447
0.135623
0.129307
0.143230
0.142071
0.141180
0.142255
0.142368
0.139777
0.128190
0.144175
0.134836
0.150025
0.152670
0.152470
0.146391
0.135876
0.140954
0.143632
0.137521
0.154206
0.147608
0.152291
0.150162
0.147762
0.148330
0.147083
0.150353
0.154646
0.153273
0.153301
0.153803
0.156213
0.154343
0.153432
0.147460
0.147650
0.139072
0.141515
0.142425
0.156127
0.165557
0.232272
0.237653
0.230093
0.232107
0.236578
0.238368
0.227092
0.247609
0.261745
0.253155
0.235873
0.237277
0.252343
0.266354
0.237998
0.217180
0.238823
0.264163
0.327885
0.329408
0.338554
0.313016
0.321601
0.312668
0.301055
0.293498
0.277115
0.287243
0.299827
0.153772
0.152670
0.096403
0.091013
0.110094
0.108210
0.114409
0.102164
0.087402
0.075743
0.098864
0.090935
0.084598
0.084879
0.078091
0.128116
0.129790
0.133136
0.136429
0.131186
0.137973
0.120109
0.109303
0.167006
0.163635
0.177569
0.186873
0.182890
0.108083
0.098503
0.117968
0.123574
0.120338
0.121744
0.110636
0.103531
0.118637
0.114540
0.111809
0.117600
0.115217
0.111062
0.107248
0.094300
0.082448
0.103847
0.101119
0.093503
0.081688
0.081987
0.100217
0.091858
0.107107
0.103157
0.098965
0.096874
0.090177
0.119815
0.116496
0.105927
0.095474
0.106740
0.109115
0.114890
0.112347
0.098832
0.129091
0.120013
0.136415
0.136791
0.128591
0.136215
0.119725
0.109776
0.102121
0.119846
0.113059
0.093095
0.081825
0.103259
0.094008
0.082686
0.079856
0.074619
0.145158
0.137637
0.154987
0.148651
0.135564
0.123486
0.124331
0.119132
0.117515
0.085068
0.089889
0.088966
0.088083
0.090519
0.098617
0.092692
0.109333
0.112083
0.109918
0.115139
0.094951
0.082963
0.121783
0.118462
0.124951
0.152912
0.143346
0.147866
0.143914
0.141336
0.133743
0.146142
0.139562
0.127815
0.129961
0.126347
0.087204
0.077862
0.088190
0.102912
0.096223
0.096493
0.088240
0.087150
0.073788
0.105096
0.111992
0.107569
0.103770
0.096918
0.085841
0.164792
0.164306
0.161507
0.131777
0.150187
0.125336
0.123052
0.120878
0.125628
0.125035
0.128678
0.126559
0.127325
0.127087
0.101197
0.122754
0.110732
0.121323
0.096214
0.092282
0.098163
0.081582
0.104860
0.092683
0.079221
0.076583
0.074183
0.103851
0.099783
0.114524
0.118146
0.114517
0.120329
0.101248
0.090070
0.120839
0.126819
0.138375
0.126711
0.286470
0.262139
0.154729
0.151620
0.155296
0.150673
0.130023
0.120975
0.105590
0.119417
0.102875
0.117542
0.095790
0.091829
0.094453
0.085420
0.097980
0.092324
0.087922
0.084797
0.074481
0.098218
0.088885
0.109063
0.107384
0.106323
0.092808
0.077477
0.153033
0.162864
0.172209
0.170989
0.157295
0.236084
0.118254
0.120345
0.125980
0.133257
0.284889
0.276045
0.287183
0.093219
0.100737
0.096521
0.097592
0.088625
0.083114
0.102468
0.091952
0.114954
0.121129
0.114522
0.116760
0.102680
0.095542
0.083541
0.072994
0.094729
0.091931
0.090685
0.089409
0.088222
0.110654
0.112361
0.118819
0.123652
0.119951
0.124720
0.109101
0.099411
0.151959
0.158898
0.169215
0.154542
0.153718
0.135198
0.140343
0.137790
0.132300
0.091253
0.104496
0.093122
0.102796
0.087983
0.085363
0.116335
0.119009
0.107380
0.113791
0.100040
0.097065
0.097323
0.087955
0.103409
0.096660
0.089860
0.090211
0.081576
0.105064
0.089985
0.120725
0.120766
0.119944
0.127268
0.101498
0.088020
0.050160
0.050734
0.049949
0.050028
0.048877
0.048488
0.049989
0.050744
0.070653
0.068161
0.073022
0.076481
0.059221
0.059259
0.060912
0.060425
0.094905
0.092875
0.098204
0.101031
0.154081
0.079838
0.077200
0.084627
0.085045
0.079157
0.081102
0.076834
0.080895
0.130627
0.127576
0.119041
0.113497
0.113440
0.113119
0.119494
0.054299
0.054036
0.053789
0.053066
0.066750
0.068373
0.066741
0.066128
0.049146
0.050170
0.049018
0.049291
0.051155
0.050195
0.052385
0.054469
0.055689
0.054480
0.057570
0.059194
0.043854
0.044986
0.042545
0.046625
0.069226
0.067044
0.076885
0.084907
0.071854
0.096286
0.107215
0.094189
0.105173
0.108841
0.106492
0.111936
0.113052
0.100874
0.102828
0.103452
0.102548
0.150442
0.157123
0.114357
0.111778
0.110899
0.112999
0.190582
0.144802
0.146201
0.116182
0.120163
0.117497
0.118089
0.054049
0.054293
0.056138
0.056900
0.049623
0.049402
0.049218
0.049962
0.045022
0.044081
0.046847
0.047639
0.094514
0.085731
0.106048
0.116705
0.101102
0.104892
0.061936
0.064308
0.063946
0.064359
0.101099
0.097151
0.110221
0.103390
0.107188
0.107700
0.101858
0.107168
0.174881
0.197228
0.163442
0.131722
0.129708
0.135396
0.142020
0.054584
0.051542
0.058813
0.063721
0.050517
0.049879
0.051116
0.051700
0.049084
0.052136
0.048021
0.049848
0.081547
0.087751
0.078838
0.076476
0.068141
0.064332
0.072152
0.075599
0.044805
0.045079
0.050741
0.052305
0.085080
0.094315
0.080486
0.080145
0.125676
0.124000
0.127726
0.114090
0.116944
0.121741
0.057290
0.056014
0.061447
0.064198
0.056715
0.056940
0.053947
0.053205
0.051069
0.050628
0.051557
0.052185
0.041198
0.040662
0.047187
0.048746
0.118718
0.113758
0.128019
0.128744
0.120683
0.121754
0.068334
0.068829
0.070325
0.069028
0.117340
0.116331
0.117871
0.119992
0.127188
0.125722
0.132258
0.127911
0.267656
0.158952
0.162736
0.161354
0.051758
0.054780
0.051604
0.053361
0.063139
0.061127
0.066170
0.069650
0.053798
0.052803
0.054966
0.057298
0.051588
0.050525
0.051676
0.056005
0.083995
0.081909
0.111683
0.083862
0.080412
0.051526
0.052709
0.054886
0.054055
0.110993
0.115935
0.108250
0.107630
0.141005
0.143105
0.241467
0.118218
0.115255
0.116208
0.055679
0.058128
0.054594
0.070359
0.274249
0.054134
0.055592
0.054878
0.055936
0.055773
0.054525
0.059402
0.060100
0.051961
0.052753
0.051004
0.052192
0.039119
0.039106
0.041384
0.044858
0.109336
0.112320
0.116119
0.122849
0.114527
0.079116
0.084523
0.086656
0.081583
0.078816
0.121596
0.120580
0.124000
0.146149
0.143143
0.085469
0.079171
0.090046
0.071375
0.067950
0.152122
0.156120
0.238839
0.049508
0.050672
0.050477
0.052061
0.053928
0.052721
0.055333
0.056894
0.081355
0.076712
0.084283
0.086585
0.063091
0.061328
0.062423
0.063101
0.054785
0.055174
0.057788
0.058049
0.113987
0.099808
0.067138
0.065086
0.070348
0.074740
0.063561
0.062292
0.112170
0.116189
0.108732
0.058031
0.058323
0.062215
0.061832
0.143540
0.143816
0.053512
0.054025
0.058338
0.064952
0.054129
0.053764
0.056215
0.056676
0.055542
0.056824
0.052123
0.052215
0.052249
0.053394
0.040368
0.042415
0.043204
0.046851
0.136743
0.133305
0.093723
0.093866
0.093316
0.095187
0.111844
0.140925
0.145690
0.137258
0.130378
0.056320
0.056876
0.058261
0.057911
0.102747
0.102795
0.098356
0.089895
0.084618
0.098021
0.130636
0.398120
0.402765
0.398347
0.381176
0.425733
0.403491
0.364408
0.398749
0.354175
0.347135
0.346453
0.348126
0.362940
0.363009
0.362012
0.367856
0.366799
0.340505
0.349098
0.343591
0.343143
0.312253
0.438692
0.413582
0.403781
0.221778
0.230249
0.197481
0.170114
0.138438
0.141940
0.134214
0.128116
0.130218
0.134539
0.131084
0.145960
0.142263
0.177947
0.164486
0.177976
0.139429
0.146514
0.145547
0.150282
0.148204
0.134494
0.135093
0.140662
0.135060
0.128745
0.133864
0.142157
0.124845
0.143010
0.135298
0.121779
0.124078
0.135624
0.133231
0.132513
0.128889
0.144544
0.147694
0.147276
0.143861
0.132250
0.140890
0.162232
0.157964
0.142097
0.135035
0.152901
0.144426
0.130694
0.130490
0.138682
0.132390
0.127920
0.137759
0.152802
0.165482
0.140741
0.140220
0.148176
0.160995
0.163745
0.163651
0.137388
0.136702
0.142595
0.148461
0.128168
0.131239
0.157589
0.163633
0.140045
0.130853
0.134063
0.127480
0.123937
0.109917
0.114731
0.111568
0.118359
0.116778
0.106738
0.114783
0.109299
0.107455
0.126678
0.129918
0.132295
0.130954
0.133070
0.119160
0.121232
0.154083
0.145337
0.151325
0.151637
0.144935
0.149706
0.154157
0.155051
0.155570
0.154749
0.140868
0.146924
0.140981
0.123045
0.113787
0.098638
0.104480
0.115916
0.114142
0.111307
0.109619
0.128782
0.124107
0.134992
0.136850
0.137511
0.136578
0.117610
0.133224
0.135263
0.133224
0.118782
0.139080
0.132077
0.137545
0.135508
0.136360
0.160601
0.134483
0.141892
0.158869
0.160564
0.161695
0.164163
0.136033
0.142021
0.133806
0.136031
0.155874
0.137134
0.141245
0.132856
0.125847
0.127122
0.126083
0.126122
0.133441
0.128583
0.133026
0.127725
0.100568
0.096609
0.091197
0.098258
0.095418
0.119543
0.108422
0.092276
0.089948
0.105502
0.108640
0.097134
0.096958
0.104374
0.107272
0.108346
0.111274
0.110935
0.103195
0.106438
0.104683
0.108703
0.108682
0.114310
0.112898
0.102316
0.108545
0.102163
0.104974
0.109644
0.093423
0.098456
0.096646
0.105499
0.086277
0.089951
0.092321
0.089427
0.091947
0.098807
0.117813
0.126358
0.102006
0.128289
0.126415
0.129244
0.127469
0.127943
0.125097
0.124014
0.122036
0.131208
0.132938
0.136028
0.138007
0.126444
0.130469
0.132254
0.126468
0.126154
0.122400
0.118853
0.118907
0.125767
0.121032
0.126341
0.122931
0.122120
0.122384
0.118433
0.121473
0.117939
0.120467
0.123722
0.123797
0.123049
0.123393
0.120425
0.122652
0.119896
0.122657
0.124613
0.126313
0.127890
0.126020
0.124159
0.126030
0.123532
0.125489
0.142833
0.145709
0.126078
0.133693
0.124562
0.127538
0.139926
0.139199
0.137977
0.135954
0.124616
0.123899
0.141358
0.111650
0.107540
0.104731
0.103426
0.088625
0.089980
0.093253
0.093041
0.102661
0.100713
0.101195
0.100268
0.088912
0.087491
0.087014
0.087524
0.101535
0.098870
0.098362
0.095375
0.088389
0.091029
0.088961
0.092438
0.096405
0.093416
0.094261
0.092363
0.085938
0.088731
0.087315
0.089824
0.093752
0.091759
0.094578
0.092619
0.086920
0.088278
0.085890
0.087982
0.097065
0.097390
0.096280
0.092317
0.093405
0.093517
0.094649
0.097718
0.101487
0.107492
0.102060
0.106725
0.102416
0.116317
0.112478
0.098772
0.105541
0.108917
0.119149
0.119316
0.124509
0.122161
0.124450
0.119556
0.125013
0.119739
0.127068
0.134247
0.120866
0.118691
0.109351
0.114786
0.131685
0.134080
0.136815
0.129682
0.132607
0.135594
0.127243
0.120103
0.121304
0.109710
0.115044
0.108321
0.115931
0.112539
0.108843
0.112365
0.109550
0.101490
0.104221
0.102575
0.103791
0.114056
0.111072
0.116146
0.113936
0.105875
0.108840
0.104837
0.106722
0.118552
0.116283
0.119583
0.116645
0.106078
0.110047
0.108946
0.111513
0.117965
0.114156
0.114021
0.111384
0.102358
0.106929
0.105328
0.108311
0.119758
0.114880
0.114245
0.116888
0.112113
0.114051
0.112455
0.108720
0.080098
0.075667
0.076300
0.075300
0.071944
0.067540
0.067208
0.067713
0.079297
0.084877
0.088950
0.086787
0.091867
0.070978
0.074407
0.084031
0.082880
0.087101
0.082903
0.078950
0.083151
0.081063
0.073002
0.076282
0.071749
0.074562
0.082710
0.080368
0.081372
0.079771
0.074463
0.076986
0.073237
0.076475
0.082059
0.082010
0.085308
0.080767
0.080815
0.081933
0.082613
0.096577
0.093826
0.094754
0.096290
0.091721
0.089423
0.091391
0.096094
0.094986
0.094462
0.092861
0.088356
0.090193
0.093925
0.097936
0.094278
0.095125
0.086703
0.089894
0.091982
0.092093
0.115534
0.107649
0.118627
0.109682
0.115268
0.104874
0.109070
0.104644
0.128261
0.128585
0.128405
0.107003
0.111082
0.132201
0.125749
0.144158
0.143497
0.144084
0.140834
0.100728
0.100843
0.101843
0.104887
0.127731
0.118879
0.126187
0.115516
0.098054
0.099949
0.096581
0.097740
0.115893
0.108604
0.118156
0.111092
0.098397
0.098645
0.100526
0.100857
0.118548
0.111051
0.113802
0.107079
0.102167
0.103325
0.100023
0.101404
0.117134
0.111639
0.118950
0.113617
0.097991
0.097753
0.094391
0.095106
0.118803
0.107993
0.114556
0.108100
0.122406
0.129589
0.130765
0.135862
0.133261
0.135846
0.137747
0.125017
0.125121
0.128594
0.129720
0.131836
0.134453
0.134654
0.129794
0.066789
0.062363
0.069678
0.065464
0.063528
0.067868
0.068078
0.065057
0.072418
0.077435
0.070739
0.063761
0.062746
0.059742
0.060092
0.063967
0.064006
0.066075
0.063858
0.067338
0.065091
0.059417
0.060967
0.058559
0.060336
0.067885
0.066096
0.069076
0.067284
0.062926
0.064182
0.062026
0.063309
0.077127
0.074147
0.079695
0.079043
0.079735
0.081394
0.070422
0.071001
0.088116
0.090422
0.088353
0.084276
0.086265
0.092966
0.092779
0.093144
0.090999
0.088102
0.087186
0.085049
0.089033
0.086854
0.087512
0.082335
0.082844
0.080440
0.082953
0.087603
0.086319
0.088415
0.107364
0.099898
0.109392
0.121165
0.099785
0.100608
0.094921
0.096469
0.091485
0.097000
0.140356
0.139681
0.141577
0.138477
0.117253
0.103192
0.086766
0.087569
0.126288
0.125352
0.130102
0.125727
0.114065
0.093490
0.100855
0.090284
0.078646
0.079085
0.077559
0.078738
0.103951
0.087965
0.096730
0.087817
0.076267
0.077599
0.075172
0.075775
0.101748
0.089589
0.112453
0.098285
0.088969
0.089191
0.076499
0.077094
0.113493
0.103275
0.104368
0.102463
0.101399
0.092857
0.092081
0.094055
0.096304
0.099569
0.094097
0.105145
0.111749
0.102791
0.098438
0.076941
0.075523
0.081269
0.076201
0.120578
0.121505
0.116982
0.115939
0.112988
0.113671
0.115320
0.104487
0.103665
0.105677
0.106528
0.095965
0.108278
0.109258
0.065390
0.054290
0.062354
0.051877
0.054554
0.053152
0.050009
0.065969
0.062624
0.062757
0.064259
0.054880
0.060024
0.052746
0.055123
0.055049
0.054811
0.056458
0.056256
0.053511
0.055187
0.058196
0.055578
0.058706
0.058061
0.060243
0.059272
0.056076
0.057510
0.056341
0.056647
0.066530
0.066038
0.073500
0.070118
0.065533
0.067096
0.062191
0.062543
0.079492
0.075552
0.080745
0.077706
0.071065
0.073290
0.069040
0.071371
0.080956
0.076863
0.079105
0.076824
0.071897
0.073867
0.072974
0.074115
0.079063
0.075578
0.075009
0.072865
0.067934
0.069498
0.073968
0.072089
0.089826
0.080435
0.077073
0.072222
0.071597
0.066210
0.071343
0.076906
0.075494
0.081405
0.087474
0.080730
0.080308
0.068406
0.072613
0.070238
0.075858
0.078297
0.072405
0.072881
0.071460
0.074413
0.071342
0.073990
0.071477
0.069711
0.069790
0.068910
0.065926
0.066943
0.066168
0.067493
0.073066
0.073299
0.086396
0.079281
0.077368
0.077642
0.072492
0.069750
0.090365
0.086003
0.086277
0.083307
0.087663
0.071663
0.074096
0.074575
0.077652
0.081595
0.070814
0.065251
0.063698
0.063751
0.060367
0.060258
0.064269
0.060841
0.066080
0.066178
0.088397
0.075333
0.083264
0.078793
0.075756
0.062572
0.067075
0.053949
0.050807
0.052143
0.051834
0.051098
0.051281
0.052397
0.050383
0.051614
0.051878
0.052595
0.051711
0.050944
0.051373
0.052781
0.051440
0.060046
0.060554
0.052265
0.051551
0.049556
0.050801
0.061098
0.062058
0.054091
0.052268
0.053564
0.052569
0.049679
0.050795
0.050074
0.050886
0.057722
0.055215
0.061616
0.059464
0.055039
0.056441
0.051849
0.052594
0.064047
0.062131
0.065370
0.063429
0.058719
0.060100
0.057672
0.059277
0.068473
0.065602
0.067885
0.065303
0.060857
0.062268
0.061300
0.062706
0.068758
0.064454
0.064250
0.063428
0.060711
0.061625
0.064542
0.062192
0.078256
0.073980
0.071279
0.070245
0.071060
0.072714
0.064683
0.067536
0.064087
0.065758
0.066824
0.067087
0.065489
0.065870
0.062958
0.060502
0.060913
0.061190
0.061388
0.070239
0.069567
0.068114
0.069078
0.068242
0.070970
0.071389
0.071861
0.070080
0.063046
0.065020
0.063154
0.062542
0.063965
0.063763
0.067921
0.066735
0.065682
0.064166
0.072539
0.076252
0.077686
0.074272
0.075566
0.075796
0.074527
0.075411
0.073719
0.073070
0.069299
0.067530
0.065466
0.066590
0.072059
0.073260
0.071143
0.068868
0.068631
0.068786
0.068431
0.067265
0.067674
0.066501
0.066022
0.071880
0.072638
0.069283
0.062999
0.062117
0.062309
0.072044
0.070432
0.052833
0.049143
0.051040
0.050489
0.050165
0.049452
0.050485
0.048465
0.050997
0.050164
0.050268
0.050234
0.048330
0.049594
0.051186
0.049637
0.056443
0.052085
0.048522
0.048124
0.047142
0.047631
0.047251
0.048553
0.048140
0.047540
0.047696
0.047007
0.045433
0.045962
0.046372
0.046783
0.049480
0.047960
0.052322
0.050710
0.048238
0.049117
0.046040
0.046327
0.054000
0.052925
0.056765
0.058395
0.066832
0.064203
0.050736
0.051385
0.058451
0.057040
0.059436
0.058662
0.057382
0.058186
0.056377
0.056166
0.061143
0.058528
0.058521
0.058310
0.056211
0.057434
0.061341
0.058033
0.066346
0.059480
0.061483
0.059789
0.059767
0.059195
0.055102
0.055337
0.059735
0.059407
0.060472
0.060584
0.061167
0.061067
0.060300
0.060077
0.060435
0.059783
0.064244
0.059937
0.057917
0.058651
0.057844
0.058475
0.061561
0.059007
0.065977
0.063096
0.062679
0.060540
0.061005
0.060398
0.058496
0.070140
0.070345
0.076667
0.071611
0.068456
0.068491
0.061349
0.062825
0.070161
0.070283
0.065207
0.065462
0.064208
0.065780
0.068823
0.070270
0.066963
0.067411
0.067482
0.068294
0.068623
0.068582
0.067051
0.067564
0.070109
0.069055
0.062442
0.062756
0.063403
0.063420
0.072448
0.069478
0.051375
0.050152
0.050829
0.048991
0.046568
0.047732
0.053448
0.052030
0.052054
0.053607
0.048067
0.047824
0.046588
0.047096
0.053966
0.054737
0.057237
0.047356
0.046267
0.045910
0.045285
0.043963
0.044260
0.044647
0.045012
0.045343
0.044737
0.044480
0.043999
0.043621
0.042980
0.044201
0.044007
0.045146
0.044469
0.047026
0.046201
0.045079
0.045502
0.043388
0.043658
0.048960
0.049675
0.058448
0.053232
0.049430
0.050387
0.048913
0.048671
0.055128
0.053857
0.055801
0.055153
0.053162
0.053789
0.052094
0.052653
0.057412
0.054115
0.053740
0.053346
0.051503
0.052310
0.055781
0.052866
0.060734
0.056727
0.059484
0.059184
0.056757
0.057117
0.051993
0.052665
0.059076
0.058377
0.059547
0.058849
0.057194
0.057959
0.057097
0.057660
0.056956
0.056322
0.056575
0.055869
0.054538
0.055236
0.054411
0.055095
0.056599
0.054796
0.057436
0.055606
0.052730
0.054154
0.052787
0.053126
0.057958
0.059118
0.067814
0.063947
0.062067
0.062344
0.055660
0.055671
0.067261
0.067639
0.063895
0.063874
0.061960
0.063712
0.065716
0.067072
0.066512
0.066496
0.067570
0.067329
0.065953
0.066418
0.064818
0.065869
0.069827
0.067952
0.062891
0.062806
0.062157
0.062637
0.070427
0.067708
0.056149
0.050989
0.045942
0.045752
0.044239
0.045032
0.045820
0.046372
0.049774
0.047477
0.045160
0.044397
0.043188
0.043878
0.045886
0.046600
0.043879
0.043093
0.043353
0.043959
0.049836
0.048244
0.042552
0.042478
0.045782
0.047075
0.046402
0.049598
0.051154
0.051027
0.052566
0.045959
0.048725
0.046661
0.048933
0.045989
0.045897
0.049806
0.050581
0.049329
0.049175
0.047139
0.046961
0.050509
0.051861
0.058926
0.058869
0.047563
0.047212
0.052297
0.055127
0.053769
0.054561
0.055923
0.057660
0.058107
0.057543
0.053238
0.050930
0.049510
0.049820
0.049659
0.049503
0.061217
0.054728
0.056218
0.051035
0.055126
0.053944
0.052452
0.052130
0.047094
0.047367
0.055455
0.054333
0.055354
0.054279
0.051897
0.052981
0.053259
0.053707
0.053293
0.052271
0.052866
0.052072
0.050117
0.051035
0.050317
0.050801
0.050912
0.049310
0.050827
0.049430
0.048817
0.048668
0.047733
0.047751
0.051882
0.052221
0.061386
0.058719
0.062225
0.059428
0.055543
0.052652
0.063501
0.063473
0.060933
0.061415
0.057433
0.060765
0.067540
0.074171
0.065588
0.063123
0.062004
0.063944
0.062979
0.059148
0.060751
0.059045
0.060027
0.066856
0.064202
0.060353
0.059547
0.056872
0.058153
0.063417
0.062093
0.050241
0.046794
0.043462
0.042138
0.053010
0.047710
0.050823
0.047928
0.046220
0.044813
0.042882
0.042499
0.050369
0.048474
0.049929
0.047691
0.046416
0.050376
0.049266
0.047038
0.044923
0.045279
0.050951
0.052753
0.052778
0.042113
0.041996
0.045591
0.042973
0.042555
0.042828
0.042562
0.042032
0.046557
0.044941
0.051798
0.050614
0.045250
0.046363
0.044272
0.043885
0.046579
0.046506
0.052393
0.048955
0.046847
0.047465
0.046167
0.046098
0.053605
0.050846
0.056719
0.054015
0.048713
0.047633
0.048288
0.049453
0.054641
0.058895
0.056544
0.053004
0.054853
0.049178
0.053273
0.053535
0.054868
0.052506
0.048681
0.052502
0.052212
0.051017
0.050772
0.045674
0.045847
0.052857
0.052616
0.051379
0.050987
0.050546
0.050935
0.051376
0.052401
0.049717
0.050436
0.049690
0.049926
0.050172
0.052015
0.054674
0.052632
0.047909
0.048851
0.049604
0.050270
0.047019
0.048727
0.051521
0.052650
0.050141
0.058131
0.060878
0.065220
0.064786
0.060981
0.060880
0.052141
0.054061
0.062825
0.060999
0.055954
0.057138
0.060871
0.060910
0.062373
0.062869
0.061223
0.056458
0.056584
0.055823
0.056025
0.058179
0.060292
0.059234
0.058484
0.054784
0.054012
0.052223
0.054963
0.054034
0.059709
0.055263
0.052853
0.047525
0.051382
0.048785
0.048584
0.045316
0.048018
0.045000
0.048679
0.046145
0.046999
0.045498
0.044720
0.045904
0.052545
0.049436
0.046634
0.044454
0.045570
0.044710
0.050148
0.047594
0.051985
0.048888
0.042861
0.043479
0.043645
0.043436
0.045901
0.044203
0.046210
0.044996
0.044741
0.044516
0.044956
0.044371
0.044628
0.044793
0.046588
0.044815
0.045622
0.045664
0.047884
0.049919
0.049382
0.052123
0.046709
0.045691
0.047644
0.047859
0.049681
0.053166
0.059088
0.057845
0.048830
0.047977
0.048229
0.047886
0.044779
0.045887
0.047862
0.046582
0.056202
0.050939
0.051536
0.048446
0.050503
0.049499
0.052296
0.050032
0.047038
0.048105
0.050394
0.050194
0.050232
0.049611
0.054099
0.052031
0.053869
0.054745
0.051864
0.057998
0.058361
0.058737
0.057333
0.049435
0.049605
0.050041
0.049711
0.054501
0.055796
0.050050
0.049982
0.047499
0.047806
0.048990
0.048439
0.050198
0.051264
0.050065
0.051232
0.061806
0.060031
0.063171
0.061090
0.052338
0.050741
0.059070
0.058492
0.056918
0.054190
0.054802
0.055443
0.059613
0.058854
0.056877
0.053713
0.054647
0.052419
0.052451
0.052257
0.052879
0.052913
0.054063
0.051662
0.051624
0.050039
0.050389
0.050215
0.057666
0.051655
0.059612
0.058382
0.060038
0.054557
0.053470
0.048357
0.048809
0.053177
0.052653
0.057679
0.056161
0.056082
0.049435
0.051921
0.048633
0.051859
0.054005
0.049906
0.051825
0.052610
0.053366
0.052271
0.054079
0.050445
0.054579
0.048387
0.050972
0.049082
0.050457
0.049306
0.052755
0.050814
0.053246
0.054596
0.049869
0.050155
0.045009
0.045233
0.048341
0.047492
0.052674
0.050556
0.047901
0.051538
0.049355
0.049038
0.049655
0.046057
0.047253
0.053932
0.055578
0.052857
0.058337
0.059237
0.055702
0.055241
0.055027
0.054845
0.059838
0.059378
0.060220
0.060243
0.049116
0.051601
0.059349
0.059022
0.063188
0.063396
0.056993
0.053629
0.049983
0.051081
0.048664
0.048618
0.049866
0.049158
0.044730
0.044908
0.053938
0.058286
0.059440
0.057475
0.052973
0.056354
0.053132
0.052581
0.052881
0.053044
0.051448
0.051682
0.053698
0.050896
0.051458
0.051965
0.051675
0.049985
0.050151
0.050264
0.050931
0.052559
0.051860
0.051538
0.050953
0.052159
0.053847
0.064034
0.061604
0.063201
0.062079
0.054956
0.053558
0.059299
0.059889
0.054796
0.055362
0.057239
0.057623
0.062067
0.061273
0.053720
0.054148
0.053165
0.053489
0.054546
0.054177
0.055140
0.054864
0.055112
0.053044
0.051137
0.051334
0.052678
0.052258
0.059983
0.053811
0.053561
0.048893
0.048262
0.048192
0.054078
0.049045
0.054201
0.050057
0.048806
0.046909
0.046432
0.046168
0.046861
0.046839
0.047570
0.047656
0.044738
0.045010
0.048521
0.047783
0.050132
0.047528
0.050510
0.045875
0.051235
0.051922
0.052924
0.052812
0.053666
0.057443
0.057063
0.054272
0.055788
0.056402
0.057469
0.056305
0.050629
0.053656
0.053137
0.055304
0.057827
0.057233
0.049312
0.047217
0.051222
0.055787
0.059299
0.058942
0.058890
0.050709
0.049144
0.055874
0.051556
0.053575
0.056929
0.061443
0.062513
0.056882
0.053490
0.059319
0.059971
0.058770
0.059097
0.059878
0.059790
0.060802
0.056978
0.049724
0.047495
0.049539
0.046619
0.046800
0.046361
0.054357
0.055460
0.052709
0.053230
0.056861
0.054477
0.053025
0.054002
0.054645
0.057124
0.052451
0.052840
0.054670
0.054069
0.058521
0.057794
0.053509
0.054178
0.054245
0.055029
0.056661
0.055906
0.055804
0.055065
0.055361
0.057493
0.064662
0.063051
0.065774
0.064247
0.058640
0.057230
0.062264
0.063158
0.057527
0.058078
0.060103
0.060590
0.065499
0.064573
0.056256
0.056858
0.055659
0.056238
0.057894
0.057261
0.058232
0.057860
0.057909
0.056195
0.053908
0.054477
0.056036
0.055500
0.062838
0.057022
0.061259
0.065070
0.064903
0.067064
0.063733
0.068046
0.074230
0.075320
0.073246
0.057417
0.063340
0.049775
0.053126
0.054120
0.054640
0.058905
0.062924
0.055486
0.055200
0.055483
0.057470
0.058312
0.058235
0.060396
0.053246
0.053094
0.055940
0.057534
0.056820
0.055534
0.056460
0.051533
0.054452
0.057225
0.056971
0.058724
0.058865
0.058094
0.053133
0.054109
0.051379
0.053081
0.052686
0.055276
0.058016
0.065740
0.061822
0.057983
0.059099
0.055900
0.057592
0.053094
0.056246
0.056290
0.053789
0.058553
0.055821
0.055326
0.054523
0.053344
0.052727
0.059529
0.055986
0.055879
0.053264
0.054726
0.053585
0.056756
0.054647
0.051362
0.050092
0.055411
0.064862
0.067760
0.054420
0.052288
0.055236
0.055008
0.059154
0.061045
0.060511
0.065787
0.064811
0.064494
0.059923
0.058956
0.057673
0.056832
0.056626
0.057217
0.058851
0.058217
0.058521
0.057952
0.057226
0.058369
0.058602
0.059584
0.061842
0.060832
0.060413
0.059700
0.059514
0.061971
0.068420
0.067245
0.071394
0.069379
0.063795
0.062146
0.065684
0.066873
0.060704
0.061372
0.064911
0.064971
0.070741
0.069097
0.059796
0.060583
0.059589
0.060435
0.063574
0.062242
0.063223
0.062287
0.061498
0.060566
0.057824
0.058627
0.061201
0.060302
0.067031
0.062446
0.077704
0.078526
0.061789
0.061044
0.069703
0.067200
0.074800
0.074724
0.058628
0.057285
0.053988
0.054528
0.059161
0.057508
0.061206
0.059454
0.052877
0.052603
0.053294
0.052363
0.056118
0.054919
0.056770
0.055229
0.053482
0.052068
0.052183
0.052813
0.056247
0.054769
0.055180
0.054044
0.052597
0.053072
0.052776
0.053855
0.057525
0.055930
0.056463
0.055114
0.054040
0.054798
0.055903
0.055948
0.059719
0.057917
0.058799
0.057224
0.055685
0.057667
0.057656
0.058604
0.061071
0.060597
0.062122
0.060431
0.055686
0.055613
0.057075
0.057861
0.060714
0.059999
0.062418
0.058655
0.063022
0.068713
0.065584
0.067444
0.067656
0.070345
0.067811
0.065142
0.065582
0.064940
0.065482
0.068064
0.069397
0.070841
0.069088
0.069347
0.073922
0.072032
0.061290
0.061820
0.061283
0.061996
0.065454
0.063815
0.063958
0.062901
0.062604
0.063640
0.063850
0.064846
0.067852
0.066546
0.066579
0.065563
0.065249
0.068127
0.075020
0.073672
0.079611
0.076623
0.070698
0.068833
0.071269
0.073109
0.066441
0.067489
0.072127
0.072068
0.079184
0.076072
0.066333
0.068086
0.066576
0.068112
0.072535
0.070566
0.071445
0.070324
0.067921
0.068178
0.064238
0.065940
0.071190
0.069213
0.072733
0.070912
0.077137
0.080820
0.079039
0.085974
0.094159
0.097014
0.094461
0.090871
0.086341
0.071427
0.074998
0.065062
0.067778
0.084135
0.077642
0.088932
0.083902
0.063030
0.064263
0.060070
0.062190
0.070589
0.067334
0.073091
0.069566
0.059119
0.061370
0.060612
0.062875
0.068379
0.066076
0.067913
0.065368
0.061047
0.064053
0.062563
0.064563
0.072727
0.068510
0.070126
0.068005
0.062846
0.065970
0.066792
0.069523
0.076257
0.073801
0.077115
0.073036
0.066122
0.066895
0.064561
0.066486
0.083853
0.075937
0.075786
0.071748
0.068792
0.072022
0.062739
0.063778
0.066463
0.066098
0.077188
0.075031
0.066643
0.068130
0.073914
0.073322
0.098227
0.084388
0.070756
0.072959
0.093188
0.107953
0.113846
0.074850
0.076248
0.108593
0.091625
0.130878
0.128522
0.132590
0.128470
0.073180
0.071463
0.070272
0.070062
0.088327
0.077552
0.081283
0.075483
0.071050
0.071575
0.072437
0.071709
0.092068
0.081487
0.086784
0.080036
0.074037
0.076467
0.085113
0.086784
0.099130
0.092677
0.084522
0.081030
0.085397
0.078156
0.077622
0.095773
0.087668
0.094907
0.075587
0.077847
0.078556
0.079197
0.099237
0.089934
0.094878
0.088302
0.077976
0.079434
0.075924
0.077526
0.095115
0.088733
0.097424
0.088730
0.097892
0.100218
0.096943
0.097325
0.100440
0.099276
0.096021
0.097809
0.098913
0.100593
0.094362
0.102990
0.106159
0.107980
0.103254
0.086051
0.092189
0.083492
0.090105
0.103004
0.098502
0.101088
0.079416
0.086646
0.079785
0.085771
0.099204
0.091380
0.098364
0.092481
0.080729
0.085582
0.082127
0.086783
0.103926
0.096416
0.099922
0.093534
0.083384
0.089599
0.088223
0.094931
0.095941
0.095450
0.099540
0.097184
0.087962
0.092617
0.087799
0.088182
0.089596
0.087485
0.089450
0.090579
0.079612
0.078815
0.070445
0.072745
0.078918
0.077233
0.085220
0.083209
0.077950
0.079241
0.100564
0.085199
0.095984
0.095552
0.087864
0.093178
0.141374
0.144481
0.147329
0.138664
0.113113
0.115102
0.107766
0.104900
0.123015
0.141278
0.126062
0.089166
0.092623
0.095508
0.091335
0.088302
0.087841
0.091236
0.089454
0.095471
0.095826
0.098045
0.092745
0.088347
0.087887
0.091827
0.089861
0.098468
0.095488
0.101083
0.095058
0.088394
0.088478
0.090054
0.088564
0.102953
0.099987
0.102735
0.098439
0.091762
0.092206
0.092931
0.091738
0.102936
0.102519
0.105256
0.101210
0.094791
0.095301
0.096211
0.095112
0.104769
0.101393
0.098640
0.097663
0.094493
0.094578
0.094512
0.095386
0.099385
0.100699
0.103471
0.103235
0.110621
0.110145
0.110132
0.100932
0.099942
0.097800
0.089567
0.093393
0.094479
0.093661
0.100652
0.100378
0.098579
0.098514
0.098719
0.094971
0.099750
0.103795
0.102099
0.101024
0.107859
0.106059
0.099114
0.099129
0.099383
0.100144
0.103954
0.101843
0.100307
0.093659
0.093631
0.089434
0.090324
0.093397
0.085818
0.079810
0.090725
0.094255
0.097398
0.098244
0.109113
0.107995
0.101959
0.104902
0.099764
0.102904
0.105218
0.104869
0.114947
0.115475
0.106436
0.094904
0.099509
0.096420
0.100205
0.108425
0.112419
0.108731
0.112291
0.096355
0.097339
0.095894
0.097548
0.119402
0.106035
0.112505
0.095600
0.096002
0.094043
0.095634
0.106496
0.102121
0.111928
0.104444
0.095765
0.096751
0.097049
0.098869
0.108534
0.105861
0.111738
0.104659
0.099279
0.100132
0.100918
0.102534
0.114086
0.109429
0.110569
0.100232
0.102026
0.102912
0.106897
0.122961
0.106942
0.143560
0.142103
0.138307
0.113936
0.111665
0.104611
0.116333
0.116513
0.100232
0.100865
0.098427
0.100136
0.112355
0.107061
0.102699
0.107335
0.102730
0.111385
0.104603
0.106475
0.114098
0.107183
0.095140
0.095552
0.098446
0.100552
0.128183
0.129783
0.093883
0.108815
0.109199
0.106938
0.106249
0.118694
0.125782
0.134184
0.134836
0.151184
0.151147
0.149088
0.133841
0.130540
0.144415
0.143760
0.147677
0.143225
0.143334
0.145215
0.144286
0.145471
0.142407
0.141973
0.146371
0.147208
0.147250
0.138221
0.123402
0.126304
0.130778
0.138115
0.126064
0.115564
0.138003
0.140508
0.152071
0.149535
0.135227
0.136751
0.140477
0.130126
0.128378
0.124514
0.130437
0.125200
0.125261
0.127339
0.133277
0.128359
0.139389
0.156878
0.153943
0.146408
0.137613
0.140145
0.142185
0.150897
0.154212
0.143523
0.135403
0.145675
0.154606
0.149787
0.124241
0.131389
0.145417
0.139075
0.152481
0.149289
0.145170
0.133742
0.153846
0.140733
0.150867
0.154277
0.149207
0.132086
0.128652
0.145920
0.142102
0.119758
0.129219
0.155195
0.150865
0.146681
0.151057
0.171617
0.172624
0.166183
0.148236
0.145870
0.148318
0.154284
0.158967
0.146586
0.148715
0.154390
0.155288
0.157581
0.154963
0.150191
0.153801
0.155898
0.155248
0.154958
0.148116
0.151295
0.151858
0.150813
0.155849
0.156501
0.147534
0.142163
0.142826
0.148519
0.150105
0.151716
0.133538
0.142681
0.145063
0.147654
0.148970
0.154437
0.175568
0.174702
0.163249
0.212071
0.215817
0.220951
0.260858
0.233539
0.247017
0.221357
0.205470
0.234346
0.245637
0.189488
0.203611
0.218082
0.225692
0.242780
0.237836
0.262134
0.258251
0.225544
0.270146
0.266824
0.259912
0.242246
0.220544
0.224690
0.229383
0.209562
0.266081
0.287967
0.219814
0.260720
0.257387
0.236013
0.248807
0.237262
0.246182
0.232230
0.253863
0.225202
0.221517
0.278384
0.224258
0.251077
0.234366
0.237571
0.232396
0.252413
0.240286
0.250714
0.220580
0.233746
0.239607
0.241350
0.319528
0.326219
0.327102
0.334979
0.319092
0.336282
0.319807
0.339950
0.352401
0.345933
0.341612
0.348145
0.341765
0.298066
0.286988
0.317530
0.314869
0.300523
0.304248
0.286933
0.306543
0.286230
0.300684
0.296841
0.282817
0.316959
0.133073
0.141405
0.135281
0.134322
0.171534
0.172702
0.094083
0.095608
0.097751
0.115601
0.100762
0.103889
0.107467
0.092206
0.099551
0.095261
0.097281
0.097559
0.112871
0.101719
0.078824
0.087299
0.091911
0.101212
0.094232
0.098857
0.075046
0.087404
0.084262
0.074483
0.083052
0.084865
0.086586
0.091752
0.128935
0.127277
0.137623
0.131019
0.125980
0.120983
0.123817
0.137651
0.133139
0.113573
0.121532
0.114495
0.124463
0.123990
0.135221
0.176676
0.204740
0.145683
0.157158
0.238664
0.224206
0.153147
0.139828
0.102333
0.110659
0.123238
0.120599
0.119675
0.117417
0.098715
0.109351
0.125011
0.125064
0.103564
0.111780
0.103419
0.105807
0.118743
0.116410
0.112617
0.108055
0.110087
0.124948
0.109952
0.113430
0.104118
0.108932
0.118743
0.126019
0.129287
0.089906
0.100663
0.101051
0.105910
0.082296
0.096554
0.101236
0.096814
0.080830
0.087008
0.085486
0.085721
0.096667
0.092553
0.099723
0.100376
0.107802
0.107864
0.108194
0.091692
0.099467
0.093525
0.086908
0.093484
0.088879
0.095741
0.106665
0.122522
0.122058
0.118579
0.121781
0.119771
0.120201
0.125803
0.125323
0.101842
0.109484
0.109513
0.116971
0.122009
0.125129
0.102923
0.107052
0.109625
0.110426
0.113208
0.107316
0.091687
0.104160
0.115170
0.098762
0.112930
0.098994
0.108167
0.115154
0.122506
0.130571
0.135281
0.139231
0.134845
0.135588
0.117869
0.128144
0.130519
0.128444
0.113385
0.121624
0.107343
0.116047
0.132292
0.120983
0.098705
0.097089
0.095942
0.100217
0.105266
0.100069
0.098564
0.105644
0.112127
0.122501
0.096657
0.106799
0.093286
0.111867
0.101287
0.084294
0.092797
0.095132
0.105165
0.095920
0.103664
0.080394
0.092393
0.082417
0.072543
0.077739
0.075698
0.079594
0.086422
0.129667
0.139121
0.146385
0.152548
0.151637
0.158270
0.144335
0.150952
0.130502
0.117959
0.120595
0.127516
0.125818
0.138926
0.125730
0.127212
0.113732
0.115144
0.116211
0.115144
0.128929
0.135098
0.120309
0.128475
0.079517
0.092771
0.093540
0.102414
0.099486
0.094867
0.093322
0.083899
0.090644
0.083182
0.083236
0.087828
0.091044
0.096718
0.109565
0.106996
0.112554
0.110078
0.093543
0.101483
0.109787
0.083527
0.095249
0.085720
0.096629
0.115753
0.110755
0.118124
0.117077
0.128718
0.127290
0.115512
0.130303
0.147887
0.155459
0.149904
0.151199
0.140242
0.143765
0.141748
0.152516
0.139780
0.142736
0.142156
0.148660
0.137812
0.143852
0.130578
0.138298
0.129975
0.127971
0.132142
0.121166
0.126314
0.122703
0.090211
0.091639
0.091133
0.087782
0.075170
0.087590
0.099917
0.105851
0.090678
0.095940
0.085073
0.092622
0.094075
0.099275
0.090639
0.099008
0.112736
0.114556
0.099990
0.096159
0.079567
0.090545
0.109432
0.102860
0.076674
0.087381
0.074785
0.086055
0.102895
0.159890
0.169032
0.165074
0.164386
0.157416
0.160539
0.152503
0.131478
0.127877
0.123111
0.153348
0.130417
0.122939
0.131347
0.135250
0.123331
0.133234
0.133324
0.123951
0.122678
0.124818
0.121392
0.091871
0.103199
0.123516
0.120890
0.102415
0.123071
0.110486
0.092603
0.097221
0.092947
0.095217
0.119526
0.106005
0.082563
0.096100
0.096129
0.106946
0.094274
0.104097
0.082631
0.096154
0.081626
0.075060
0.077398
0.063225
0.072361
0.079374
0.096204
0.101969
0.113931
0.112528
0.118429
0.115070
0.101105
0.106755
0.115557
0.113907
0.088721
0.101324
0.093053
0.103879
0.122352
0.118020
0.130159
0.126569
0.124688
0.114107
0.131642
0.129232
0.148022
0.164852
0.167565
0.305944
0.164590
0.155024
0.154668
0.155354
0.142569
0.152199
0.147280
0.150871
0.145855
0.141617
0.124141
0.122926
0.120072
0.101747
0.108199
0.112868
0.120221
0.117494
0.121970
0.104406
0.114083
0.098500
0.094756
0.090174
0.092022
0.100812
0.099667
0.113813
0.107364
0.078785
0.087128
0.092681
0.094292
0.101321
0.086612
0.096406
0.094557
0.093647
0.081235
0.089259
0.077907
0.086060
0.086855
0.099445
0.104720
0.124091
0.123308
0.105064
0.097204
0.087498
0.097401
0.120795
0.114901
0.078394
0.094560
0.080386
0.092419
0.110475
0.155660
0.163594
0.159215
0.147358
0.175756
0.167225
0.147124
0.162096
0.208953
0.233114
0.251786
0.219882
0.252644
0.262328
0.135411
0.132329
0.125222
0.124647
0.120957
0.122630
0.122078
0.138108
0.156071
0.128743
0.136538
0.152065
0.284779
0.293201
0.279200
0.097493
0.098678
0.099170
0.094461
0.098192
0.097314
0.082509
0.089012
0.085353
0.089178
0.097372
0.096652
0.093932
0.103621
0.119357
0.113759
0.117500
0.091754
0.105059
0.118398
0.114315
0.092110
0.102368
0.099818
0.101584
0.119215
0.111762
0.076333
0.083887
0.091599
0.097816
0.092989
0.092500
0.072495
0.083273
0.087868
0.089373
0.089600
0.087884
0.094994
0.108923
0.109600
0.119276
0.117172
0.124128
0.119788
0.116312
0.114242
0.120393
0.118862
0.099621
0.108404
0.100800
0.111308
0.130912
0.129827
0.148790
0.155346
0.170585
0.156992
0.155623
0.136025
0.172231
0.146119
0.154440
0.138736
0.134102
0.137562
0.142340
0.134152
0.136377
0.131394
0.141783
0.143530
0.247676
0.265680
0.218838
0.215684
0.091993
0.100855
0.105709
0.110982
0.090889
0.103943
0.103760
0.098962
0.087315
0.091186
0.091186
0.089423
0.098152
0.096215
0.113850
0.115386
0.125543
0.117048
0.110560
0.115160
0.116109
0.116879
0.111236
0.101625
0.107192
0.107317
0.090044
0.095725
0.095955
0.103527
0.098331
0.104382
0.088419
0.097355
0.088813
0.079650
0.088711
0.084489
0.091100
0.091900
0.101649
0.110843
0.125969
0.131978
0.124051
0.121295
0.090069
0.107388
0.123410
0.118456
0.086657
0.101485
0.088113
0.099030
0.116023
0.059546
0.068389
0.055232
0.052764
0.054548
0.048342
0.048830
0.047550
0.048832
0.052586
0.052644
0.053786
0.052742
0.050576
0.052807
0.051194
0.047017
0.051663
0.072584
0.074181
0.089594
0.079176
0.069985
0.069797
0.063442
0.069483
0.062462
0.059199
0.069664
0.067825
0.064170
0.068143
0.062070
0.057525
0.096683
0.099091
0.104659
0.102685
0.096544
0.095377
0.093381
0.089308
0.093174
0.149349
0.152824
0.202296
0.210733
0.194466
0.087976
0.084225
0.087961
0.083264
0.078316
0.076011
0.076263
0.083635
0.123719
0.133172
0.129929
0.116074
0.121068
0.119677
0.119062
0.126639
0.118123
0.115290
0.107355
0.116813
0.132952
0.285272
0.066469
0.053543
0.059615
0.059385
0.056855
0.056836
0.055777
0.051806
0.067553
0.066935
0.075210
0.071421
0.065207
0.066456
0.068017
0.065365
0.058405
0.057062
0.055136
0.056150
0.048035
0.049108
0.048014
0.050229
0.058356
0.057582
0.058830
0.058017
0.048915
0.050744
0.045837
0.052209
0.058455
0.059956
0.060809
0.060541
0.058089
0.055384
0.053319
0.052376
0.041700
0.041469
0.049320
0.047367
0.048081
0.045334
0.045232
0.052283
0.046708
0.079957
0.094693
0.082439
0.087025
0.078760
0.066648
0.063640
0.065321
0.067961
0.105539
0.097091
0.107399
0.096085
0.102567
0.092048
0.109622
0.111284
0.100803
0.111283
0.113628
0.114866
0.115607
0.113729
0.110186
0.100832
0.105380
0.106889
0.099130
0.107387
0.106787
0.103823
0.107845
0.109010
0.107796
0.093360
0.142707
0.162370
0.153539
0.146660
0.121579
0.129086
0.123079
0.119271
0.116641
0.114792
0.106815
0.108045
0.112383
0.106197
0.109408
0.112996
0.131494
0.158987
0.157727
0.128699
0.114487
0.117374
0.110739
0.112935
0.214000
0.253637
0.226615
0.068871
0.054556
0.057352
0.056801
0.057000
0.056661
0.063324
0.055613
0.053360
0.052821
0.052234
0.052437
0.050126
0.049423
0.048329
0.050067
0.049085
0.048869
0.048388
0.048093
0.046168
0.045849
0.043570
0.048749
0.104766
0.110866
0.106894
0.122050
0.118485
0.113086
0.114450
0.094335
0.086913
0.075396
0.078642
0.066355
0.063498
0.067752
0.066874
0.066431
0.067539
0.064593
0.061246
0.102363
0.104690
0.108891
0.108145
0.101080
0.105948
0.090795
0.103891
0.152559
0.150699
0.138353
0.136862
0.151819
0.139303
0.135774
0.129424
0.121595
0.119566
0.058286
0.056314
0.059625
0.057466
0.056796
0.057072
0.060856
0.056081
0.057469
0.064743
0.056781
0.056462
0.056318
0.055880
0.049811
0.051126
0.048205
0.051907
0.054947
0.053892
0.056652
0.054627
0.044339
0.046457
0.052496
0.053098
0.080398
0.078839
0.094492
0.087384
0.079176
0.081745
0.075429
0.076650
0.069182
0.073398
0.080277
0.072181
0.068126
0.062412
0.062829
0.045406
0.044383
0.050273
0.048404
0.047908
0.047223
0.048722
0.046347
0.091679
0.081710
0.099365
0.090875
0.080419
0.078965
0.075447
0.073747
0.141532
0.134926
0.133193
0.128880
0.129740
0.126944
0.121698
0.118758
0.124559
0.110647
0.113336
0.115888
0.116105
0.067915
0.067898
0.060193
0.058252
0.058157
0.059415
0.059836
0.060238
0.059077
0.064868
0.064902
0.062556
0.058210
0.058875
0.049951
0.051330
0.051420
0.054595
0.055245
0.055269
0.054078
0.053984
0.051342
0.050825
0.049255
0.049921
0.042306
0.040669
0.044802
0.044656
0.047749
0.046550
0.047107
0.044728
0.041683
0.126807
0.131560
0.129657
0.120565
0.116948
0.130414
0.121436
0.102623
0.100479
0.107393
0.100503
0.069566
0.069538
0.074981
0.073103
0.068231
0.072053
0.071955
0.071318
0.115107
0.116458
0.118184
0.121325
0.123125
0.118485
0.123330
0.143768
0.142265
0.137958
0.139952
0.138943
0.118097
0.133224
0.133006
0.286899
0.269422
0.153402
0.151983
0.156676
0.153438
0.150422
0.144093
0.056981
0.050260
0.055856
0.055711
0.053584
0.054436
0.049150
0.048582
0.068411
0.070247
0.075424
0.071856
0.063148
0.062152
0.056981
0.060804
0.058361
0.058597
0.059151
0.059154
0.053911
0.055346
0.050911
0.056165
0.052646
0.050900
0.058600
0.055976
0.053658
0.053773
0.057771
0.053806
0.109995
0.113735
0.094850
0.090308
0.092222
0.080194
0.053805
0.051361
0.058993
0.055682
0.051370
0.052004
0.053133
0.051264
0.111437
0.107351
0.119768
0.115825
0.111544
0.109508
0.102280
0.101753
0.148216
0.153901
0.157049
0.153652
0.222770
0.209707
0.117712
0.115811
0.115610
0.117296
0.113946
0.062862
0.056920
0.059507
0.058351
0.058213
0.056615
0.062518
0.052423
0.069935
0.064704
0.068646
0.064547
0.065620
0.049689
0.050006
0.049361
0.051187
0.063635
0.065735
0.078545
0.066409
0.068870
0.059078
0.057823
0.050571
0.055086
0.054983
0.053738
0.054547
0.053239
0.051652
0.050336
0.051143
0.050106
0.039159
0.039144
0.044035
0.043101
0.042409
0.042940
0.042131
0.038679
0.117363
0.125900
0.114713
0.101297
0.099141
0.081961
0.076639
0.084939
0.082956
0.087301
0.076068
0.075155
0.119933
0.119078
0.121467
0.123314
0.129590
0.128694
0.126739
0.126408
0.123406
0.120439
0.154175
0.144706
0.134660
0.144235
0.093803
0.096112
0.090458
0.087305
0.077850
0.066426
0.069476
0.076603
0.077106
0.160039
0.145317
0.153184
0.253307
0.188060
0.052323
0.048619
0.052350
0.052263
0.055905
0.054064
0.048103
0.047080
0.059149
0.059546
0.060838
0.059335
0.053967
0.054786
0.050343
0.054590
0.081637
0.084994
0.089825
0.088155
0.084191
0.081385
0.069761
0.075507
0.066516
0.076262
0.069580
0.067084
0.066908
0.060067
0.061534
0.057327
0.064924
0.060798
0.055777
0.064234
0.061790
0.058660
0.061516
0.057762
0.053344
0.113821
0.108365
0.124608
0.109421
0.090689
0.093227
0.066787
0.065683
0.084717
0.071276
0.073422
0.062748
0.062165
0.063903
0.063406
0.123519
0.121852
0.109750
0.109567
0.102261
0.116374
0.116787
0.062973
0.057434
0.063064
0.061605
0.058699
0.060751
0.068576
0.059080
0.147307
0.157475
0.130342
0.125998
0.062734
0.060846
0.059373
0.061267
0.048493
0.049113
0.053013
0.050586
0.061121
0.060856
0.060818
0.059954
0.060041
0.049574
0.052041
0.050834
0.055834
0.055611
0.054919
0.054807
0.054384
0.052445
0.051068
0.051848
0.050502
0.043639
0.042824
0.040644
0.045175
0.043453
0.044142
0.044476
0.040525
0.037855
0.136394
0.127802
0.147968
0.121892
0.124028
0.095453
0.095091
0.100745
0.094077
0.094257
0.109444
0.105676
0.104579
0.277464
0.314207
0.172302
0.159550
0.127999
0.128767
0.135512
0.141599
0.063914
0.055850
0.063174
0.061256
0.057757
0.058986
0.066069
0.055652
0.108034
0.106931
0.105443
0.103835
0.084497
0.089443
0.090108
0.093005
0.108339
0.101299
0.102423
0.142344
0.390544
0.396412
0.402006
0.391590
0.394388
0.404394
0.401315
0.381748
0.414418
0.375665
0.391484
0.403912
0.423788
0.423289
0.409404
0.394738
0.395493
0.396706
0.393737
0.398305
0.352228
0.362204
0.328892
0.326749
0.341015
0.335299
0.355063
0.366623
0.360199
0.353926
0.346753
0.363453
0.326502
0.344476
0.357296
0.337129
0.322993
0.329891
0.329527
0.329404
0.430354
0.426706
0.431212
0.448431
0.413962
0.425680
0.412774
0.412193
0.271070
0.280996
0.229349
0.241490
0.219443
0.163919
0.187295
0.218184
0.192001
0.139116
0.140576
0.153712
0.141134
0.133575
0.136412
0.133822
0.130419
0.131623
0.130846
0.130066
0.140820
0.136925
0.132749
0.135316
0.153713
0.153012
0.141529
0.145553
0.192325
0.200044
0.173439
0.169580
0.228132
0.241665
0.220086
0.210046
0.262449
0.267698
0.171766
0.161011
0.132181
0.138936
0.149918
0.146448
0.139633
0.146773
0.151204
0.139546
0.130900
0.139515
0.126863
0.143806
0.139518
0.137179
0.122367
0.125854
0.136278
0.132315
0.140408
0.140091
0.129429
0.136387
0.138404
0.139751
0.123876
0.128213
0.122279
0.130950
0.128401
0.147277
0.141494
0.139534
0.138929
0.130911
0.130384
0.121594
0.122873
0.133713
0.131191
0.136577
0.138805
0.140484
0.131930
0.124157
0.143723
0.150668
0.150738
0.146200
0.127724
0.124303
0.130557
0.131507
0.135142
0.132182
0.133301
0.130663
0.147433
0.148400
0.151765
0.146431
0.138228
0.139850
0.143211
0.128154
0.163890
0.159854
0.161404
0.152157
0.133763
0.146084
0.142509
0.133726
0.152540
0.145329
0.143307
0.137759
0.124537
0.130058
0.136834
0.132902
0.126770
0.134751
0.132353
0.134728
0.130967
0.126650
0.122255
0.123433
0.125488
0.126813
0.123474
0.129005
0.144616
0.134178
0.147178
0.161934
0.158671
0.155695
0.161071
0.169921
0.133573
0.131515
0.133976
0.138880
0.143314
0.149741
0.138132
0.143113
0.163509
0.164716
0.143480
0.133837
0.131820
0.132633
0.138677
0.137054
0.143913
0.132104
0.131268
0.148825
0.132062
0.147257
0.135814
0.139848
0.147302
0.139976
0.134440
0.138057
0.133940
0.138469
0.139831
0.149599
0.154290
0.160595
0.158451
0.135414
0.131767
0.132864
0.122818
0.119919
0.116448
0.122648
0.108949
0.113861
0.118573
0.116211
0.111526
0.113727
0.116947
0.101771
0.106578
0.110562
0.110305
0.105682
0.117353
0.116586
0.113629
0.113656
0.115793
0.111038
0.102030
0.105851
0.102649
0.119706
0.123706
0.119718
0.130041
0.141872
0.133496
0.135656
0.118349
0.117442
0.116349
0.131571
0.140507
0.137726
0.145921
0.160684
0.157199
0.143030
0.147546
0.157243
0.155086
0.151233
0.147113
0.148577
0.147880
0.160300
0.161787
0.149082
0.142586
0.156053
0.147734
0.109859
0.122211
0.138441
0.133688
0.137346
0.144856
0.142477
0.135939
0.135486
0.123814
0.115933
0.108626
0.117652
0.095346
0.100735
0.113917
0.096979
0.115032
0.115393
0.111513
0.119526
0.114834
0.113812
0.102857
0.105472
0.110794
0.123918
0.128837
0.131034
0.131580
0.130291
0.124348
0.134028
0.134408
0.137509
0.131921
0.132771
0.141294
0.141206
0.133846
0.122788
0.120449
0.125926
0.127242
0.126894
0.118417
0.130278
0.133634
0.136078
0.135071
0.130331
0.133675
0.127559
0.117544
0.117646
0.124177
0.123152
0.127624
0.136455
0.137720
0.137803
0.138265
0.132142
0.136839
0.134485
0.140194
0.150819
0.155750
0.141183
0.161235
0.159981
0.161362
0.150762
0.145685
0.141312
0.147212
0.153390
0.146426
0.141905
0.144024
0.163862
0.163601
0.158797
0.163269
0.161251
0.142493
0.141035
0.151657
0.142572
0.130546
0.137129
0.143896
0.158067
0.158453
0.146116
0.145294
0.152743
0.153918
0.142080
0.141199
0.143754
0.142306
0.147232
0.154291
0.154041
0.140857
0.130763
0.129297
0.130703
0.134014
0.137751
0.130149
0.131470
0.127018
0.129386
0.129942
0.129995
0.127244
0.131858
0.135535
0.132901
0.093074
0.103716
0.118203
0.115871
0.115442
0.090363
0.091882
0.094707
0.094072
0.105410
0.100182
0.097091
0.100623
0.104330
0.099924
0.098338
0.108940
0.114052
0.111354
0.109682
0.107128
0.109825
0.110810
0.113002
0.112665
0.112590
0.116126
0.113579
0.113689
0.113329
0.108321
0.103933
0.108531
0.108697
0.106893
0.110826
0.108791
0.109430
0.119499
0.116932
0.116115
0.115620
0.115439
0.110394
0.114730
0.114117
0.108322
0.105144
0.110315
0.106184
0.107028
0.106911
0.105056
0.106621
0.103951
0.106172
0.092152
0.096841
0.097891
0.097841
0.098231
0.101349
0.105514
0.094542
0.088328
0.092324
0.088566
0.089198
0.087396
0.097504
0.094061
0.107779
0.112623
0.120266
0.123003
0.118827
0.113214
0.122933
0.124296
0.127911
0.126647
0.125456
0.124847
0.129136
0.132268
0.128865
0.129745
0.129714
0.127675
0.126367
0.129199
0.122411
0.121455
0.123180
0.123917
0.129240
0.129285
0.139396
0.135670
0.135416
0.140250
0.140599
0.126819
0.131626
0.130825
0.131015
0.132557
0.132698
0.130211
0.132097
0.131962
0.129983
0.127501
0.124972
0.124989
0.131012
0.120199
0.117820
0.120207
0.120829
0.120411
0.123552
0.123472
0.121643
0.134606
0.136572
0.125641
0.124325
0.129708
0.122751
0.122265
0.127408
0.121422
0.121293
0.121990
0.122028
0.120033
0.120980
0.122503
0.120989
0.125242
0.130194
0.123530
0.124259
0.130871
0.123484
0.123556
0.126929
0.122547
0.122563
0.123166
0.122844
0.122148
0.123237
0.122880
0.123214
0.128072
0.134222
0.123323
0.127522
0.137573
0.129974
0.125496
0.130383
0.126169
0.126121
0.125841
0.127075
0.124095
0.125876
0.124161
0.127810
0.149218
0.153009
0.146579
0.144037
0.146538
0.148528
0.121356
0.128675
0.136342
0.136240
0.129808
0.133675
0.136066
0.127468
0.142480
0.139154
0.139342
0.140954
0.143220
0.136042
0.137069
0.138478
0.123080
0.129377
0.127048
0.135646
0.143751
0.125933
0.113904
0.113421
0.108363
0.108379
0.105130
0.104343
0.106222
0.105976
0.089049
0.090029
0.092770
0.091453
0.093222
0.099884
0.093912
0.093442
0.106270
0.105276
0.100068
0.101948
0.104417
0.100524
0.099518
0.103556
0.086996
0.086158
0.088281
0.089116
0.087201
0.088940
0.086883
0.087761
0.106675
0.102761
0.101702
0.098242
0.096799
0.101744
0.091140
0.090565
0.093407
0.093000
0.090802
0.095084
0.095685
0.091917
0.099743
0.100681
0.095708
0.095931
0.099877
0.094063
0.093534
0.096742
0.088678
0.087899
0.090577
0.090669
0.089539
0.091847
0.091429
0.089688
0.097965
0.097421
0.092876
0.094249
0.100954
0.095731
0.093651
0.096018
0.088681
0.087636
0.090548
0.091044
0.087809
0.090122
0.089284
0.087919
0.097472
0.096733
0.097600
0.095349
0.094384
0.095907
0.095035
0.092493
0.091961
0.092645
0.092827
0.091530
0.094791
0.096506
0.099370
0.100930
0.101445
0.102774
0.105378
0.108272
0.105260
0.106768
0.104377
0.107875
0.099552
0.100596
0.100984
0.109745
0.113861
0.114103
0.112635
0.105610
0.110796
0.113806
0.105492
0.106683
0.104862
0.108840
0.110613
0.111948
0.118565
0.120802
0.120378
0.119900
0.125291
0.126852
0.123220
0.124900
0.126538
0.118435
0.126793
0.136966
0.124663
0.122203
0.119618
0.115937
0.126550
0.130149
0.133239
0.126321
0.128067
0.123137
0.117217
0.122883
0.113504
0.111815
0.115974
0.119567
0.129957
0.141864
0.127484
0.124606
0.127263
0.130137
0.127587
0.121902
0.118580
0.117036
0.126575
0.120658
0.111677
0.108996
0.116853
0.113947
0.113291
0.113527
0.114947
0.104765
0.115193
0.115959
0.111862
0.112072
0.115908
0.112393
0.111324
0.114451
0.104480
0.103368
0.107061
0.107194
0.103371
0.106319
0.106066
0.104532
0.115976
0.118345
0.114165
0.113605
0.118290
0.116599
0.115350
0.117343
0.109287
0.107874
0.111491
0.112005
0.106231
0.108581
0.108910
0.107671
0.119117
0.122228
0.119081
0.118693
0.122305
0.119761
0.118565
0.120929
0.109750
0.109079
0.113723
0.113734
0.110841
0.113903
0.113926
0.111997
0.122476
0.121261
0.117282
0.117792
0.112409
0.107821
0.113465
0.118049
0.095489
0.105764
0.110124
0.104779
0.107364
0.111753
0.111068
0.108659
0.126488
0.119830
0.120637
0.117665
0.113539
0.116744
0.115142
0.117278
0.116748
0.115439
0.114948
0.110529
0.108310
0.111034
0.113498
0.109696
0.091492
0.083415
0.074673
0.075277
0.076195
0.074767
0.074675
0.077009
0.069661
0.067251
0.067805
0.067488
0.067633
0.072356
0.067580
0.067388
0.076849
0.082457
0.080378
0.076773
0.084705
0.083572
0.088800
0.089109
0.075140
0.073016
0.079660
0.076986
0.076256
0.077432
0.085270
0.080472
0.086079
0.085731
0.081440
0.081807
0.086446
0.083366
0.082418
0.084618
0.076442
0.075519
0.078947
0.078952
0.073760
0.076345
0.076861
0.075412
0.084633
0.085567
0.082580
0.082546
0.084306
0.081148
0.081210
0.083288
0.077942
0.076501
0.078489
0.078433
0.076200
0.078709
0.078463
0.076453
0.083437
0.084546
0.082114
0.081982
0.087023
0.086655
0.084603
0.084998
0.080967
0.080597
0.080881
0.082134
0.082071
0.083747
0.093851
0.093707
0.095865
0.097599
0.096027
0.092930
0.094335
0.091796
0.092089
0.096020
0.097631
0.095269
0.091225
0.093720
0.091921
0.098515
0.094061
0.094006
0.098285
0.090486
0.088204
0.090705
0.092253
0.091648
0.092603
0.093653
0.094733
0.099908
0.103727
0.097600
0.096355
0.096377
0.096585
0.096721
0.099905
0.089550
0.089117
0.092753
0.092100
0.089977
0.092091
0.092723
0.096280
0.112099
0.108076
0.104338
0.109125
0.125428
0.128250
0.111849
0.118571
0.128276
0.107704
0.110746
0.134947
0.109721
0.101875
0.100357
0.104098
0.127395
0.126156
0.135936
0.131278
0.111576
0.106839
0.109659
0.110793
0.128270
0.128255
0.114410
0.114706
0.142248
0.146659
0.142903
0.141488
0.101853
0.097661
0.103576
0.105179
0.103575
0.099479
0.106857
0.103767
0.122056
0.127673
0.120460
0.108317
0.128415
0.122539
0.115219
0.123099
0.102753
0.098948
0.095661
0.097408
0.098843
0.094347
0.097205
0.101236
0.113179
0.110621
0.099392
0.100727
0.113634
0.103082
0.103042
0.113457
0.103718
0.100820
0.096042
0.097305
0.102811
0.098346
0.100945
0.105469
0.117158
0.112329
0.102309
0.104155
0.108635
0.099665
0.100820
0.111056
0.107375
0.105264
0.100421
0.100748
0.102905
0.097612
0.100864
0.105371
0.114276
0.113793
0.104110
0.104376
0.114704
0.106085
0.106981
0.115598
0.104466
0.100735
0.095251
0.096239
0.090289
0.097288
0.096476
0.102088
0.121130
0.110727
0.098991
0.115606
0.108773
0.099674
0.101287
0.111020
0.109196
0.121380
0.133372
0.119469
0.131417
0.134634
0.137875
0.137985
0.124060
0.126894
0.130583
0.128293
0.131857
0.135376
0.134523
0.126892
0.076177
0.068667
0.062742
0.064254
0.066955
0.067914
0.064143
0.062613
0.061802
0.064403
0.065891
0.066933
0.075232
0.066553
0.067058
0.065586
0.070688
0.064459
0.069378
0.070262
0.064364
0.063004
0.066084
0.059696
0.058599
0.060716
0.062239
0.065531
0.065065
0.061213
0.065397
0.068248
0.069836
0.066017
0.065543
0.070931
0.067229
0.066483
0.069222
0.061348
0.060434
0.063136
0.063175
0.059721
0.061870
0.062171
0.061018
0.069981
0.071289
0.067868
0.067711
0.072535
0.069067
0.068326
0.070991
0.064681
0.063777
0.065803
0.065884
0.062687
0.064463
0.064520
0.064561
0.077287
0.079958
0.075434
0.074258
0.078328
0.081225
0.079217
0.079162
0.072605
0.080184
0.084466
0.071617
0.071887
0.072481
0.071766
0.091322
0.084707
0.084788
0.083924
0.078643
0.087578
0.084334
0.083837
0.093199
0.098324
0.094481
0.094781
0.092026
0.089541
0.095149
0.090809
0.087108
0.082149
0.082085
0.084758
0.084873
0.086084
0.093790
0.086933
0.086334
0.087941
0.089912
0.087777
0.087359
0.085129
0.081937
0.083497
0.084515
0.080323
0.085293
0.085015
0.080655
0.079824
0.087798
0.102645
0.094625
0.098942
0.103241
0.132466
0.126751
0.111407
0.109720
0.101574
0.088360
0.099514
0.112334
0.095169
0.092799
0.091332
0.096742
0.138027
0.141856
0.141710
0.137861
0.113351
0.093671
0.097898
0.115080
0.083587
0.080898
0.082555
0.091000
0.119947
0.131567
0.128485
0.107070
0.106540
0.104844
0.084879
0.085089
0.099226
0.082538
0.082932
0.094044
0.076698
0.073425
0.076821
0.080974
0.073917
0.077668
0.082844
0.079194
0.097060
0.097158
0.080390
0.081206
0.093845
0.080510
0.081465
0.093253
0.073248
0.071231
0.074837
0.079239
0.073385
0.075552
0.079520
0.075395
0.097873
0.094961
0.080717
0.083424
0.120655
0.115636
0.089251
0.100177
0.097754
0.085501
0.085492
0.103449
0.073460
0.077956
0.082890
0.077931
0.119481
0.115311
0.104549
0.110000
0.106850
0.097740
0.102327
0.107839
0.086793
0.093033
0.093825
0.089476
0.103433
0.102260
0.094467
0.097083
0.111729
0.106933
0.094113
0.094660
0.102000
0.100297
0.099378
0.104788
0.083297
0.072473
0.078613
0.092294
0.076868
0.074280
0.073756
0.074760
0.112731
0.123633
0.119553
0.113749
0.114096
0.111904
0.115459
0.116498
0.104494
0.102145
0.109157
0.104763
0.099954
0.106156
0.110419
0.102729
0.062659
0.060465
0.054448
0.050721
0.061710
0.063640
0.063099
0.062024
0.053410
0.050514
0.058834
0.057795
0.059013
0.048870
0.052719
0.053151
0.064789
0.068413
0.066446
0.063677
0.060939
0.062663
0.063528
0.060657
0.057437
0.056169
0.062787
0.061710
0.053827
0.056783
0.060807
0.052268
0.056263
0.057259
0.054913
0.055049
0.058564
0.056442
0.056000
0.057417
0.054953
0.053888
0.054819
0.056494
0.058415
0.055766
0.053959
0.054247
0.059494
0.060939
0.058772
0.058753
0.062289
0.060356
0.059693
0.060885
0.057588
0.057178
0.058454
0.058641
0.056293
0.057160
0.057197
0.057392
0.067909
0.069091
0.064652
0.066723
0.071824
0.067998
0.067059
0.068479
0.063080
0.061770
0.065215
0.065319
0.061199
0.065263
0.062556
0.063287
0.078396
0.089600
0.080010
0.073202
0.078908
0.075053
0.081167
0.085032
0.069902
0.073086
0.076622
0.072867
0.065174
0.071054
0.074381
0.071539
0.076403
0.081454
0.076901
0.075215
0.076722
0.075011
0.076373
0.077509
0.070205
0.069759
0.072564
0.071941
0.069535
0.072742
0.074683
0.072421
0.076495
0.078035
0.074072
0.073020
0.074667
0.071653
0.076876
0.080964
0.068903
0.070034
0.073044
0.069102
0.067714
0.070653
0.075364
0.076247
0.086595
0.076302
0.074824
0.077169
0.084536
0.072703
0.070206
0.072075
0.068159
0.067570
0.065976
0.067990
0.071045
0.075622
0.073108
0.078637
0.094093
0.080399
0.073664
0.076008
0.080512
0.081075
0.075306
0.078484
0.069465
0.065698
0.067990
0.075319
0.071703
0.072497
0.071051
0.069755
0.077212
0.078634
0.079732
0.079625
0.072438
0.071973
0.075924
0.071882
0.070362
0.075119
0.077628
0.071034
0.073099
0.076584
0.076611
0.073508
0.071440
0.070710
0.068439
0.069041
0.069825
0.067759
0.068003
0.069731
0.064342
0.065168
0.066286
0.066734
0.065401
0.067466
0.067506
0.064613
0.075583
0.070688
0.069467
0.071185
0.100011
0.092513
0.079202
0.083996
0.087314
0.074163
0.075700
0.089805
0.067843
0.068802
0.076731
0.078040
0.092164
0.086965
0.086924
0.090897
0.077199
0.073656
0.085033
0.086852
0.071184
0.075687
0.072966
0.067625
0.087080
0.089483
0.077199
0.076053
0.068039
0.064986
0.063486
0.063839
0.064445
0.064508
0.063358
0.063860
0.062765
0.059816
0.060639
0.061588
0.061567
0.060702
0.060235
0.060393
0.064783
0.070239
0.070492
0.068025
0.089559
0.086636
0.083628
0.084918
0.076678
0.072706
0.079134
0.082436
0.067183
0.062341
0.068215
0.073178
0.054553
0.051380
0.051242
0.050004
0.054364
0.052940
0.051256
0.050739
0.051598
0.051064
0.051535
0.052297
0.059085
0.049359
0.051426
0.050924
0.053039
0.051494
0.050657
0.052355
0.055103
0.053535
0.050848
0.051952
0.051786
0.050672
0.051187
0.052490
0.051754
0.052428
0.050719
0.051975
0.060619
0.056824
0.059143
0.059619
0.054700
0.052720
0.051360
0.052146
0.050570
0.049984
0.050664
0.051586
0.056495
0.057779
0.061075
0.062498
0.055704
0.054814
0.053079
0.053323
0.055309
0.053599
0.053109
0.054344
0.050796
0.050537
0.051779
0.051793
0.050597
0.051474
0.051523
0.051310
0.058113
0.060255
0.055110
0.055663
0.060053
0.057410
0.056996
0.058880
0.053339
0.052049
0.054538
0.054808
0.051754
0.053912
0.053195
0.052749
0.063659
0.068033
0.064511
0.060819
0.064433
0.061957
0.064843
0.068467
0.057607
0.059915
0.062593
0.059541
0.054910
0.059067
0.061635
0.059880
0.065365
0.070535
0.066137
0.063708
0.065689
0.063470
0.063956
0.065489
0.060440
0.060051
0.061028
0.060765
0.058684
0.061012
0.063684
0.061492
0.064487
0.065598
0.063669
0.062727
0.064944
0.061933
0.065368
0.067246
0.059856
0.062709
0.064205
0.060078
0.059280
0.060835
0.066092
0.067830
0.079166
0.075493
0.070330
0.073773
0.066740
0.066457
0.070146
0.070933
0.061629
0.060900
0.063661
0.065355
0.070804
0.067502
0.063463
0.060921
0.065936
0.066051
0.064249
0.066074
0.069499
0.065815
0.061950
0.062694
0.059758
0.060807
0.060781
0.061463
0.061160
0.063803
0.060851
0.059798
0.070547
0.070954
0.069938
0.066215
0.070668
0.069319
0.067678
0.069934
0.067705
0.068712
0.069602
0.068723
0.062137
0.063324
0.066520
0.063803
0.063067
0.062153
0.062767
0.063205
0.062975
0.064927
0.064568
0.063318
0.067742
0.066305
0.066980
0.068401
0.066876
0.066033
0.064814
0.063610
0.073764
0.073168
0.073050
0.075155
0.090452
0.087280
0.070791
0.071160
0.084080
0.072791
0.071581
0.085748
0.074425
0.074993
0.076103
0.075924
0.082130
0.071416
0.068576
0.080315
0.074461
0.068292
0.068866
0.072881
0.067005
0.064944
0.066102
0.067476
0.080290
0.079778
0.067639
0.066894
0.073284
0.068668
0.069914
0.072876
0.067481
0.068787
0.069568
0.066305
0.066673
0.068235
0.068185
0.067306
0.065907
0.067255
0.067361
0.066480
0.068514
0.069270
0.069374
0.076336
0.065134
0.061381
0.062487
0.063490
0.061760
0.063111
0.062282
0.061590
0.069038
0.073547
0.072490
0.074104
0.053245
0.049796
0.049323
0.048044
0.051518
0.051117
0.050967
0.051275
0.051264
0.049381
0.049956
0.050234
0.057371
0.047253
0.049504
0.048870
0.051202
0.052231
0.049472
0.050543
0.051546
0.051781
0.049114
0.049994
0.049526
0.047929
0.049486
0.050880
0.051730
0.050713
0.049000
0.049254
0.057228
0.058016
0.051390
0.055107
0.049646
0.048443
0.048394
0.048949
0.047576
0.047689
0.048047
0.047742
0.047120
0.049750
0.049411
0.047830
0.049133
0.049173
0.047879
0.048171
0.049118
0.047592
0.047399
0.048441
0.045968
0.045816
0.046499
0.046476
0.046825
0.047352
0.046973
0.046715
0.050022
0.050919
0.048008
0.048421
0.051116
0.049645
0.048958
0.050122
0.047394
0.046556
0.047673
0.048129
0.046000
0.047176
0.046870
0.046841
0.053823
0.057120
0.054331
0.051987
0.055598
0.057112
0.057780
0.058987
0.062051
0.065903
0.060779
0.062994
0.049068
0.052230
0.052599
0.051619
0.056475
0.060272
0.057548
0.056661
0.058451
0.058553
0.058629
0.058949
0.056611
0.056754
0.057530
0.057994
0.057169
0.056834
0.056400
0.055804
0.058172
0.059235
0.058621
0.057970
0.057638
0.056210
0.059833
0.061010
0.055600
0.058470
0.059313
0.055537
0.055912
0.057493
0.062667
0.064363
0.068653
0.057131
0.056130
0.055072
0.059517
0.059270
0.059202
0.059720
0.059317
0.059262
0.059509
0.059310
0.061287
0.053976
0.056061
0.056126
0.060166
0.060352
0.059093
0.059847
0.060124
0.059708
0.061320
0.060974
0.060447
0.061051
0.061713
0.059998
0.061202
0.060695
0.059187
0.059596
0.060853
0.060721
0.059438
0.060043
0.060177
0.058860
0.059364
0.060750
0.057642
0.056990
0.057830
0.058060
0.057950
0.058962
0.058477
0.057680
0.064440
0.059501
0.058592
0.059660
0.065794
0.064724
0.063477
0.064496
0.060168
0.058872
0.060664
0.063062
0.057349
0.058478
0.061848
0.064390
0.069420
0.072299
0.067819
0.071154
0.085608
0.084292
0.072021
0.071718
0.077208
0.065951
0.068889
0.080382
0.061588
0.066665
0.063019
0.060792
0.076646
0.066705
0.066671
0.076094
0.067908
0.065870
0.064571
0.064600
0.065406
0.064222
0.064399
0.066527
0.077017
0.076373
0.065624
0.064086
0.065860
0.067280
0.067749
0.066845
0.067170
0.067835
0.069888
0.069180
0.067479
0.069443
0.070076
0.068202
0.066602
0.066980
0.068198
0.068403
0.068408
0.069803
0.070108
0.068605
0.061909
0.061924
0.064092
0.063818
0.062537
0.064087
0.063853
0.062912
0.068435
0.068688
0.073469
0.074774
0.053320
0.047547
0.048776
0.052459
0.054624
0.054050
0.047232
0.048882
0.047305
0.046386
0.047231
0.049691
0.052733
0.052784
0.051773
0.051219
0.053785
0.050534
0.051969
0.054178
0.049529
0.048838
0.047142
0.047511
0.047112
0.046892
0.047579
0.047729
0.050438
0.053757
0.054970
0.054420
0.047824
0.046950
0.045721
0.047136
0.046657
0.045716
0.045671
0.046419
0.044289
0.044058
0.044762
0.044834
0.045038
0.045539
0.045156
0.044644
0.045938
0.045851
0.045165
0.045238
0.045242
0.044442
0.044323
0.044747
0.042946
0.042798
0.043537
0.043488
0.043918
0.044512
0.044371
0.043810
0.045331
0.046209
0.044847
0.044712
0.046388
0.045717
0.045060
0.045720
0.046055
0.044552
0.044548
0.045005
0.043387
0.044145
0.044338
0.044358
0.050043
0.050079
0.048630
0.048949
0.054854
0.051080
0.051306
0.061405
0.049945
0.048493
0.049604
0.049207
0.047062
0.047869
0.048384
0.049420
0.054446
0.055243
0.054029
0.052514
0.055082
0.054396
0.055122
0.055329
0.053824
0.053530
0.053800
0.052773
0.050758
0.051455
0.053001
0.052473
0.054283
0.054712
0.053580
0.053207
0.053189
0.051769
0.054890
0.056542
0.051153
0.053129
0.054085
0.050951
0.051834
0.052160
0.057000
0.058852
0.064233
0.054308
0.053565
0.052535
0.059163
0.057532
0.058113
0.058602
0.054773
0.055740
0.056927
0.055868
0.057430
0.050628
0.053431
0.052761
0.060046
0.058937
0.058556
0.058980
0.059368
0.057820
0.059103
0.059675
0.056818
0.056576
0.057821
0.057259
0.057861
0.058462
0.057548
0.056627
0.057193
0.057063
0.056134
0.056335
0.056148
0.055639
0.055519
0.055736
0.053815
0.053526
0.054508
0.054857
0.054457
0.055486
0.055057
0.054217
0.057204
0.059817
0.054617
0.055248
0.056785
0.055430
0.054306
0.057051
0.051838
0.052489
0.054129
0.053545
0.052752
0.054371
0.053629
0.052777
0.059034
0.060526
0.056290
0.059052
0.078601
0.075711
0.061611
0.062941
0.069353
0.060205
0.061332
0.072610
0.055437
0.058566
0.055006
0.055173
0.073005
0.064489
0.064734
0.072824
0.065919
0.064589
0.063151
0.063424
0.063480
0.062211
0.062641
0.064691
0.072690
0.072699
0.063420
0.062106
0.065562
0.068128
0.067289
0.066440
0.067025
0.066275
0.068180
0.068728
0.064594
0.065899
0.067312
0.066181
0.064972
0.065869
0.066856
0.066473
0.067962
0.068807
0.068585
0.067615
0.062458
0.061848
0.063518
0.063546
0.060690
0.061959
0.062654
0.061765
0.066283
0.067035
0.071633
0.072577
0.057859
0.048462
0.047136
0.054371
0.046286
0.046025
0.045490
0.045891
0.044483
0.044507
0.045350
0.045320
0.045208
0.046068
0.046168
0.045588
0.048002
0.048579
0.047712
0.046829
0.046189
0.044994
0.044231
0.045681
0.043838
0.043308
0.044155
0.044490
0.045464
0.046348
0.046591
0.046086
0.044656
0.043860
0.042864
0.043728
0.043434
0.042612
0.043567
0.044439
0.048429
0.049703
0.046425
0.045066
0.043210
0.042954
0.042503
0.042477
0.043723
0.045671
0.048313
0.044455
0.043412
0.046477
0.049149
0.046134
0.047046
0.046660
0.052164
0.050746
0.046217
0.045700
0.049687
0.043567
0.045515
0.045889
0.047836
0.049116
0.045892
0.049128
0.047233
0.044812
0.050255
0.050165
0.049550
0.053362
0.047797
0.051970
0.048047
0.047054
0.046581
0.048679
0.047080
0.045896
0.051863
0.054337
0.050829
0.049051
0.053742
0.059670
0.055542
0.055666
0.046340
0.047487
0.047004
0.047323
0.054530
0.052289
0.052645
0.057956
0.055242
0.057638
0.053739
0.053847
0.059802
0.055721
0.053826
0.061212
0.059625
0.056751
0.054890
0.055453
0.051621
0.050706
0.051633
0.054057
0.049548
0.048028
0.050335
0.051647
0.048125
0.048916
0.049709
0.048948
0.060611
0.059431
0.057727
0.061280
0.058884
0.049080
0.048254
0.046865
0.053464
0.052107
0.053301
0.053998
0.051692
0.052431
0.052590
0.051223
0.052501
0.045300
0.048652
0.048983
0.056246
0.055712
0.054794
0.054860
0.055955
0.053994
0.054093
0.054772
0.051942
0.051967
0.052443
0.053003
0.053646
0.054274
0.053663
0.053105
0.053235
0.053406
0.052245
0.051763
0.052304
0.051570
0.051553
0.051943
0.049949
0.049620
0.050187
0.050395
0.049940
0.050556
0.051215
0.050622
0.052129
0.051784
0.049041
0.050293
0.050010
0.049630
0.049210
0.051051
0.051468
0.047582
0.048250
0.050375
0.047875
0.048803
0.047908
0.047352
0.053006
0.054737
0.049767
0.052390
0.069588
0.067608
0.056510
0.057892
0.065876
0.057549
0.056394
0.065748
0.052468
0.053571
0.050589
0.055857
0.069514
0.061233
0.060683
0.067432
0.063089
0.061631
0.060022
0.060583
0.059760
0.058062
0.059113
0.062527
0.077152
0.068891
0.059753
0.058759
0.063136
0.065211
0.063426
0.063137
0.063473
0.061454
0.063095
0.064565
0.057051
0.058368
0.060851
0.060282
0.059625
0.061086
0.061370
0.060163
0.065003
0.065538
0.063883
0.063993
0.059107
0.058054
0.059444
0.060176
0.054954
0.055645
0.057329
0.056703
0.060027
0.062110
0.065320
0.064458
0.051147
0.043942
0.046557
0.049880
0.043652
0.042301
0.044039
0.044653
0.050853
0.052162
0.044490
0.044334
0.049101
0.045672
0.051991
0.052718
0.045095
0.045042
0.046956
0.045234
0.043866
0.044528
0.042283
0.042877
0.051156
0.051467
0.045012
0.048796
0.048980
0.044934
0.049922
0.050301
0.044917
0.046099
0.051617
0.048500
0.048560
0.047055
0.045726
0.047971
0.045371
0.044694
0.044124
0.045274
0.048986
0.052456
0.050920
0.046187
0.044053
0.040817
0.041039
0.042707
0.043555
0.042813
0.041981
0.042107
0.043199
0.042601
0.042154
0.042583
0.042841
0.042566
0.041428
0.042070
0.044318
0.047330
0.046531
0.043004
0.049383
0.050901
0.046810
0.050144
0.045925
0.043706
0.044195
0.048053
0.043308
0.042495
0.044614
0.044651
0.046188
0.047145
0.046523
0.045332
0.049718
0.048829
0.047784
0.055532
0.048258
0.045774
0.046735
0.047413
0.044945
0.045419
0.046379
0.046514
0.057290
0.054676
0.053050
0.049973
0.055492
0.051658
0.051128
0.057949
0.049078
0.049471
0.047364
0.048570
0.048322
0.050209
0.051342
0.050205
0.057191
0.057737
0.059248
0.053408
0.050158
0.053660
0.053805
0.050641
0.045897
0.049253
0.053865
0.051352
0.049382
0.050969
0.057117
0.057646
0.055464
0.046789
0.046598
0.044865
0.051835
0.050884
0.051868
0.052176
0.049808
0.050853
0.051353
0.049887
0.051232
0.043702
0.047435
0.048012
0.053010
0.052893
0.053120
0.052944
0.051566
0.050826
0.051451
0.051689
0.050648
0.050450
0.051079
0.050425
0.052332
0.052872
0.052390
0.051401
0.049478
0.050099
0.051458
0.050335
0.049976
0.051653
0.049966
0.049367
0.051992
0.050365
0.050262
0.053699
0.053761
0.052455
0.053127
0.054569
0.048287
0.047159
0.046562
0.049243
0.052317
0.052378
0.047301
0.047665
0.048028
0.046646
0.047809
0.051326
0.052231
0.050752
0.047521
0.049336
0.054728
0.058975
0.059552
0.058020
0.068590
0.066961
0.062426
0.060130
0.064788
0.058454
0.060121
0.064687
0.050062
0.056681
0.057581
0.053009
0.065960
0.059307
0.059316
0.064281
0.057499
0.055630
0.055915
0.057109
0.060949
0.059854
0.057585
0.059060
0.064562
0.065910
0.060438
0.058605
0.058236
0.057915
0.055775
0.056225
0.054936
0.057108
0.056351
0.056449
0.058090
0.058087
0.057804
0.059039
0.060675
0.058214
0.056518
0.058242
0.058184
0.055071
0.054901
0.055467
0.051871
0.052338
0.053373
0.053238
0.054275
0.055995
0.055335
0.054909
0.055890
0.054783
0.061891
0.067013
0.057012
0.050603
0.044110
0.046138
0.050180
0.046392
0.047599
0.051943
0.053488
0.047818
0.044969
0.046502
0.055847
0.046486
0.043319
0.045986
0.047965
0.049821
0.046855
0.048416
0.046323
0.043913
0.045508
0.047406
0.046073
0.045312
0.044103
0.044989
0.053241
0.052307
0.047442
0.049510
0.045696
0.043914
0.046054
0.047895
0.045620
0.044567
0.045598
0.044936
0.051433
0.050057
0.048923
0.047283
0.055792
0.054399
0.046758
0.046675
0.043375
0.042132
0.042985
0.043359
0.043519
0.043855
0.042967
0.043028
0.049808
0.048305
0.045069
0.046409
0.047597
0.045428
0.043755
0.046194
0.043701
0.044577
0.044567
0.043622
0.046414
0.045083
0.043882
0.043856
0.045151
0.044126
0.044144
0.045066
0.050551
0.044139
0.044715
0.045138
0.045187
0.046374
0.045749
0.044501
0.050811
0.053527
0.046018
0.045678
0.052452
0.048245
0.048260
0.054857
0.046462
0.046281
0.045774
0.045711
0.047491
0.049279
0.048865
0.047731
0.049035
0.053738
0.056024
0.051052
0.055730
0.060291
0.059549
0.057219
0.047957
0.048717
0.048973
0.049428
0.047426
0.053780
0.048495
0.047376
0.044401
0.045944
0.047639
0.046981
0.047841
0.050478
0.047955
0.046483
0.054540
0.048136
0.048991
0.054384
0.053669
0.046718
0.048089
0.045763
0.048813
0.049442
0.049991
0.050279
0.052176
0.053641
0.052539
0.051728
0.046544
0.047261
0.050150
0.049612
0.051046
0.050283
0.050253
0.050468
0.050328
0.049870
0.051042
0.050249
0.052617
0.055068
0.054123
0.050584
0.052421
0.052542
0.050220
0.051850
0.056126
0.057654
0.056629
0.055754
0.049083
0.049428
0.050684
0.050521
0.049454
0.053166
0.050587
0.048743
0.054232
0.055308
0.055545
0.054931
0.050708
0.049061
0.048505
0.051787
0.047467
0.048675
0.047657
0.046996
0.048675
0.049126
0.048157
0.048031
0.051925
0.052949
0.049122
0.049343
0.050188
0.052868
0.048836
0.050593
0.065932
0.064523
0.057114
0.058264
0.066579
0.060392
0.058357
0.064896
0.050316
0.052333
0.049503
0.052290
0.063442
0.056993
0.056596
0.064099
0.058993
0.055543
0.054233
0.057591
0.055728
0.054309
0.054101
0.055070
0.064548
0.065224
0.054391
0.056134
0.059211
0.057191
0.054569
0.054611
0.056515
0.053445
0.052267
0.056158
0.052327
0.052425
0.052071
0.052491
0.052856
0.052952
0.053210
0.052846
0.055107
0.056788
0.051751
0.052766
0.052494
0.050453
0.050065
0.053822
0.050463
0.050401
0.050129
0.050250
0.051929
0.051581
0.051259
0.056317
0.064032
0.051968
0.056118
0.058563
0.057365
0.057300
0.052180
0.051845
0.048439
0.047957
0.049090
0.051994
0.051949
0.055109
0.051526
0.048403
0.054669
0.052379
0.054207
0.057235
0.048621
0.055670
0.047811
0.048185
0.047131
0.046098
0.047504
0.051369
0.056068
0.055071
0.052909
0.052662
0.053203
0.050644
0.053814
0.052110
0.052162
0.054233
0.053113
0.051859
0.051669
0.054371
0.054416
0.054121
0.047322
0.054468
0.053896
0.048464
0.048758
0.047582
0.051861
0.050520
0.051901
0.051675
0.049184
0.048965
0.046445
0.054301
0.051763
0.047518
0.052125
0.052914
0.055338
0.053260
0.052159
0.047382
0.049316
0.051877
0.046124
0.046028
0.048106
0.044913
0.047569
0.049891
0.050131
0.046885
0.052968
0.050964
0.050927
0.050661
0.048817
0.047069
0.048700
0.052728
0.047472
0.048963
0.048128
0.049411
0.046627
0.049846
0.045715
0.048056
0.049688
0.052124
0.053252
0.054983
0.051230
0.053229
0.060332
0.055523
0.055200
0.055435
0.057336
0.059078
0.056183
0.054543
0.056027
0.057368
0.055015
0.058233
0.059219
0.058643
0.060870
0.058816
0.061907
0.058936
0.048311
0.054508
0.054671
0.051513
0.058854
0.061774
0.060215
0.058845
0.060710
0.061324
0.066873
0.064941
0.050311
0.046865
0.044889
0.045566
0.049337
0.048890
0.048689
0.051145
0.050895
0.048959
0.049225
0.049842
0.051096
0.043814
0.044853
0.046040
0.050084
0.050981
0.052211
0.050853
0.054003
0.057297
0.057476
0.055433
0.051042
0.053921
0.054177
0.052119
0.052588
0.051360
0.052797
0.053171
0.052892
0.054146
0.053061
0.050914
0.049611
0.050118
0.055955
0.055583
0.050768
0.050773
0.053656
0.050577
0.050403
0.050456
0.052656
0.054552
0.049997
0.049031
0.049499
0.050318
0.049370
0.050823
0.051059
0.049918
0.052191
0.052628
0.051486
0.051247
0.051245
0.050475
0.050316
0.051633
0.051770
0.053854
0.051803
0.053223
0.066742
0.067418
0.059896
0.060659
0.067085
0.060304
0.060114
0.066951
0.053355
0.055005
0.052475
0.055029
0.064147
0.057735
0.058663
0.065940
0.054497
0.055705
0.055620
0.055034
0.058329
0.056557
0.056002
0.056705
0.067469
0.067688
0.056357
0.058430
0.053187
0.053163
0.053776
0.054263
0.052864
0.053512
0.053654
0.052947
0.054551
0.054570
0.053883
0.053824
0.055382
0.054581
0.054389
0.054998
0.052164
0.059433
0.052742
0.053395
0.051100
0.051377
0.051660
0.050968
0.052703
0.052833
0.051843
0.051979
0.054489
0.053498
0.053129
0.058541
0.059532
0.047139
0.047975
0.052684
0.048647
0.048343
0.047284
0.047232
0.049684
0.058011
0.048112
0.048933
0.051930
0.050589
0.047967
0.051266
0.050798
0.049667
0.047184
0.047048
0.046182
0.046618
0.046096
0.045860
0.049651
0.049175
0.046603
0.046917
0.048280
0.047699
0.047727
0.047353
0.044740
0.044803
0.044965
0.045284
0.051178
0.049197
0.047303
0.050480
0.048391
0.047282
0.047213
0.048238
0.052136
0.046936
0.046743
0.051957
0.050255
0.053837
0.055437
0.053764
0.047991
0.053707
0.055873
0.058148
0.056756
0.056137
0.056554
0.056644
0.054631
0.054208
0.057009
0.055836
0.054300
0.054227
0.058066
0.055704
0.049873
0.054605
0.053961
0.051211
0.054582
0.052809
0.054355
0.055082
0.058405
0.057369
0.058356
0.056651
0.047602
0.051226
0.047380
0.047827
0.047784
0.051681
0.057038
0.055953
0.057662
0.059385
0.059135
0.056418
0.051344
0.049749
0.049543
0.052291
0.051229
0.056160
0.054502
0.051544
0.053193
0.056716
0.054627
0.054561
0.055875
0.063890
0.059062
0.059418
0.053775
0.053394
0.053033
0.057978
0.058800
0.060507
0.061864
0.056017
0.056440
0.056263
0.060678
0.062686
0.056459
0.059846
0.059388
0.057904
0.056660
0.055001
0.061245
0.060966
0.054189
0.046143
0.045571
0.045892
0.049594
0.047046
0.045485
0.046969
0.046246
0.048462
0.045481
0.045694
0.050633
0.045036
0.046332
0.048711
0.054060
0.055382
0.054783
0.050629
0.052422
0.053154
0.056228
0.054284
0.056407
0.056013
0.057323
0.054517
0.050521
0.050112
0.054580
0.051238
0.051126
0.057157
0.059301
0.052495
0.052243
0.052434
0.053470
0.051643
0.054137
0.054861
0.053495
0.052964
0.057097
0.055192
0.058852
0.057656
0.052301
0.052476
0.053467
0.054329
0.053191
0.054913
0.055148
0.053635
0.056121
0.056716
0.055546
0.055223
0.055658
0.054514
0.054287
0.055564
0.055067
0.056569
0.055290
0.056854
0.069168
0.068963
0.061711
0.060815
0.068338
0.063713
0.062690
0.068288
0.056955
0.058650
0.056146
0.058640
0.067449
0.060703
0.061908
0.069515
0.057013
0.058686
0.058280
0.057567
0.061523
0.059297
0.058670
0.059637
0.071780
0.071670
0.059314
0.061430
0.055754
0.055410
0.056462
0.056991
0.055127
0.056358
0.056344
0.055216
0.057593
0.058055
0.056842
0.056717
0.058414
0.057475
0.057301
0.058299
0.054946
0.061901
0.055793
0.056535
0.053855
0.054759
0.054680
0.053531
0.056214
0.056123
0.055106
0.055384
0.057720
0.056702
0.056273
0.061481
0.062108
0.057990
0.069789
0.064019
0.059199
0.069218
0.068498
0.066458
0.062069
0.066711
0.068591
0.066160
0.076408
0.071139
0.071638
0.072812
0.056039
0.053798
0.063098
0.063540
0.054222
0.056333
0.056107
0.054671
0.053811
0.054103
0.054582
0.056425
0.061301
0.061159
0.060365
0.055876
0.054568
0.055090
0.053497
0.055896
0.054024
0.058517
0.054566
0.049880
0.052875
0.055906
0.060348
0.057617
0.056538
0.056404
0.051484
0.051459
0.056537
0.056363
0.056503
0.057016
0.055439
0.054568
0.055740
0.056069
0.051516
0.051359
0.052026
0.052289
0.055476
0.057288
0.056023
0.054632
0.057565
0.058065
0.057162
0.056164
0.057363
0.056702
0.051876
0.051646
0.052271
0.051717
0.051156
0.053302
0.053347
0.053806
0.053080
0.051924
0.057884
0.058791
0.062545
0.058626
0.056891
0.056623
0.058833
0.058877
0.054478
0.056490
0.058726
0.054128
0.053931
0.054227
0.053338
0.053073
0.052493
0.056355
0.053743
0.051806
0.053601
0.053786
0.055457
0.059262
0.057416
0.056347
0.054672
0.054847
0.054637
0.052730
0.053348
0.054949
0.055726
0.058629
0.056297
0.054537
0.051986
0.052880
0.053365
0.055202
0.056668
0.055962
0.053326
0.055437
0.057034
0.056158
0.056765
0.057217
0.054204
0.049566
0.049891
0.048837
0.052351
0.057651
0.056600
0.053625
0.063156
0.065888
0.064695
0.061057
0.055704
0.050726
0.052976
0.058312
0.053663
0.052207
0.054660
0.057971
0.059434
0.061945
0.058127
0.057564
0.064458
0.063312
0.061409
0.064316
0.063410
0.059885
0.057303
0.058727
0.057339
0.058382
0.056898
0.056772
0.055278
0.057177
0.057567
0.055879
0.058308
0.059158
0.057778
0.057248
0.058742
0.057494
0.057223
0.058169
0.056386
0.056474
0.057815
0.057947
0.057395
0.059485
0.059650
0.057924
0.061244
0.061817
0.060230
0.060009
0.060192
0.059125
0.058833
0.060282
0.058791
0.060460
0.059662
0.061203
0.071167
0.072720
0.065987
0.064802
0.074053
0.069049
0.067412
0.073343
0.062113
0.063279
0.060854
0.063655
0.071382
0.064012
0.065729
0.074196
0.060007
0.062117
0.061700
0.060706
0.066486
0.063932
0.062477
0.063741
0.077711
0.077046
0.063528
0.066454
0.058936
0.058814
0.060001
0.060809
0.058568
0.060526
0.060683
0.059074
0.063091
0.063457
0.061330
0.061360
0.063358
0.061474
0.061242
0.062930
0.058414
0.064883
0.059750
0.060758
0.057868
0.059071
0.058814
0.057224
0.061281
0.061229
0.059491
0.060018
0.063660
0.061737
0.061108
0.065797
0.077966
0.076705
0.076011
0.077331
0.065360
0.064474
0.060223
0.062907
0.073759
0.067338
0.061702
0.071367
0.076593
0.075848
0.073353
0.075618
0.061231
0.056024
0.057977
0.058455
0.054218
0.055750
0.056054
0.055134
0.061709
0.062826
0.058838
0.059101
0.069794
0.061759
0.059856
0.062980
0.053434
0.052151
0.054040
0.054049
0.051960
0.053618
0.053819
0.052570
0.057376
0.058848
0.056297
0.056014
0.063238
0.056833
0.056212
0.058089
0.052302
0.051558
0.053170
0.053224
0.052669
0.053990
0.053734
0.052885
0.058275
0.058682
0.056062
0.056078
0.058395
0.055039
0.055015
0.056605
0.053116
0.052732
0.054198
0.054363
0.053635
0.055048
0.054872
0.054049
0.059664
0.060498
0.057280
0.057333
0.059469
0.056335
0.056089
0.058507
0.054670
0.054542
0.056180
0.055998
0.055433
0.056897
0.056935
0.056449
0.062908
0.063640
0.059378
0.059217
0.061257
0.058300
0.058470
0.060653
0.057158
0.056823
0.058808
0.059210
0.058227
0.059465
0.059574
0.058722
0.061649
0.062818
0.060974
0.060828
0.065873
0.061914
0.061277
0.062953
0.055651
0.055210
0.057566
0.056502
0.057431
0.058279
0.059200
0.059090
0.061170
0.062988
0.060337
0.061154
0.065625
0.059621
0.063028
0.068253
0.062205
0.064086
0.067669
0.061209
0.065699
0.068057
0.067801
0.068121
0.071881
0.068887
0.069144
0.072473
0.066313
0.063515
0.067078
0.067450
0.064881
0.062895
0.064741
0.066867
0.065442
0.066890
0.068657
0.068430
0.073115
0.071703
0.070018
0.068565
0.074840
0.073845
0.073657
0.074484
0.060034
0.059141
0.060781
0.062569
0.059666
0.062154
0.062525
0.060432
0.064383
0.065610
0.062976
0.062500
0.063888
0.062194
0.061794
0.063783
0.061405
0.061566
0.063458
0.063409
0.062432
0.064468
0.065210
0.063306
0.067267
0.067775
0.065738
0.065522
0.066419
0.064427
0.064647
0.066532
0.064263
0.065986
0.065723
0.067179
0.077944
0.080022
0.072168
0.070557
0.082135
0.077727
0.074096
0.080973
0.068978
0.069859
0.067148
0.070574
0.077640
0.069805
0.071967
0.081690
0.065402
0.068682
0.067632
0.066013
0.074093
0.070798
0.068797
0.070751
0.089611
0.085524
0.069987
0.074008
0.064922
0.064552
0.067548
0.068011
0.064800
0.067943
0.068606
0.065667
0.071773
0.072338
0.069448
0.069230
0.071485
0.069240
0.069216
0.071293
0.064886
0.069202
0.067424
0.068144
0.063525
0.065981
0.066572
0.063497
0.070807
0.071302
0.067907
0.068224
0.072196
0.069571
0.069544
0.072510
0.077487
0.079375
0.083658
0.082937
0.085757
0.090393
0.084359
0.075178
0.095420
0.089811
0.089312
0.092835
0.085807
0.092760
0.098170
0.079452
0.071818
0.078895
0.079167
0.067229
0.072406
0.072492
0.069314
0.087600
0.091702
0.082324
0.083970
0.091008
0.088318
0.087160
0.090566
0.068420
0.062771
0.066524
0.066938
0.061379
0.064500
0.064680
0.063166
0.076771
0.077921
0.069802
0.070231
0.081536
0.073183
0.071327
0.077664
0.062293
0.060140
0.063210
0.063705
0.062577
0.064891
0.064180
0.063025
0.073617
0.074678
0.067782
0.068212
0.074675
0.067269
0.067041
0.072401
0.063863
0.063378
0.066365
0.066120
0.063916
0.066305
0.066294
0.065589
0.077357
0.077968
0.071616
0.071668
0.076781
0.069569
0.069575
0.074204
0.065459
0.064914
0.069590
0.069564
0.069004
0.071838
0.071361
0.070093
0.081299
0.081866
0.075929
0.075575
0.081395
0.076082
0.076252
0.079562
0.068680
0.066740
0.069903
0.068751
0.065934
0.071742
0.070825
0.067042
0.085892
0.087643
0.082228
0.082884
0.083694
0.073996
0.075544
0.082537
0.071882
0.072760
0.074247
0.074617
0.062946
0.063296
0.065601
0.065697
0.067338
0.069472
0.066456
0.066374
0.079751
0.078231
0.074901
0.075644
0.070166
0.071545
0.069298
0.067513
0.074717
0.093024
0.072486
0.075768
0.107727
0.097589
0.084710
0.107925
0.075596
0.070029
0.074669
0.081686
0.088592
0.086023
0.119991
0.110439
0.081420
0.077262
0.092549
0.074599
0.096838
0.119719
0.111956
0.082821
0.126126
0.129241
0.137183
0.126623
0.068830
0.065151
0.067011
0.077074
0.066436
0.069248
0.075505
0.070882
0.085729
0.083789
0.073015
0.072960
0.080046
0.071053
0.070763
0.079184
0.068949
0.067846
0.070083
0.072821
0.068716
0.070926
0.078112
0.073440
0.091763
0.086337
0.074870
0.076613
0.087389
0.074572
0.074154
0.082192
0.072127
0.073067
0.072723
0.076834
0.087216
0.090702
0.086138
0.080098
0.104539
0.098757
0.094908
0.099078
0.091790
0.080924
0.077340
0.088201
0.089364
0.078662
0.087516
0.095443
0.073046
0.077636
0.082508
0.079191
0.099054
0.090265
0.081689
0.083379
0.098822
0.103845
0.087389
0.091623
0.073590
0.073300
0.077054
0.077523
0.074033
0.078020
0.085836
0.079340
0.100277
0.094182
0.083165
0.084990
0.095782
0.082331
0.082505
0.090951
0.074765
0.074950
0.077786
0.080262
0.073810
0.077330
0.080731
0.076060
0.097065
0.091892
0.081749
0.086047
0.096194
0.083137
0.083126
0.093165
0.099599
0.100607
0.101023
0.100604
0.096740
0.096136
0.098428
0.098937
0.100894
0.098847
0.098760
0.099148
0.095977
0.094691
0.097060
0.097514
0.096099
0.097406
0.099732
0.099905
0.099387
0.104041
0.102916
0.103370
0.106238
0.109970
0.106825
0.105845
0.105213
0.101736
0.103269
0.106469
0.093495
0.090687
0.095325
0.097896
0.089738
0.093494
0.093683
0.089608
0.099237
0.102212
0.102486
0.099923
0.106416
0.098558
0.086544
0.084338
0.090145
0.090127
0.084707
0.088717
0.088543
0.086528
0.100753
0.099501
0.095922
0.097609
0.099240
0.096398
0.095454
0.099960
0.087125
0.083999
0.089614
0.088989
0.085129
0.091542
0.091461
0.088036
0.103763
0.101761
0.101973
0.102656
0.099925
0.097802
0.098264
0.100684
0.086999
0.088067
0.095016
0.093982
0.094017
0.096314
0.095732
0.094976
0.098305
0.096583
0.095408
0.095428
0.099965
0.100597
0.098896
0.098323
0.094413
0.092075
0.091628
0.091471
0.087811
0.086880
0.087978
0.090056
0.091119
0.090709
0.088366
0.088617
0.092793
0.090020
0.089145
0.090400
0.080843
0.078786
0.080976
0.081216
0.071598
0.074217
0.075078
0.074224
0.078126
0.079573
0.078231
0.079256
0.088845
0.087277
0.082627
0.080246
0.076861
0.079356
0.083806
0.083515
0.121368
0.123361
0.096388
0.093022
0.097860
0.092014
0.096192
0.113425
0.093687
0.085904
0.089299
0.097406
0.140382
0.149744
0.147863
0.135802
0.106119
0.101673
0.124986
0.128647
0.108764
0.107269
0.116053
0.103764
0.122227
0.139913
0.145397
0.125857
0.096753
0.089208
0.086694
0.094906
0.101425
0.090536
0.086889
0.089430
0.092994
0.092300
0.086704
0.088180
0.093246
0.090276
0.090431
0.095129
0.104978
0.092740
0.087448
0.094693
0.104351
0.091518
0.087498
0.090234
0.092458
0.092056
0.086955
0.087512
0.093317
0.087731
0.092037
0.097371
0.106082
0.092952
0.086812
0.093321
0.104452
0.092129
0.088760
0.093930
0.092637
0.090747
0.086574
0.087486
0.093166
0.086260
0.090448
0.095550
0.108489
0.098797
0.090807
0.096446
0.109350
0.096641
0.092218
0.095347
0.095190
0.093843
0.090641
0.090936
0.093471
0.088485
0.093638
0.098371
0.111206
0.100866
0.094269
0.099694
0.110192
0.098992
0.095683
0.099214
0.098273
0.097703
0.093648
0.094016
0.096418
0.092062
0.096938
0.101516
0.110666
0.101947
0.095712
0.097756
0.099551
0.095261
0.095494
0.098578
0.098265
0.098937
0.093729
0.093905
0.098598
0.093966
0.094343
0.096782
0.097721
0.100378
0.103555
0.101363
0.103771
0.101341
0.105224
0.102342
0.100912
0.106662
0.110313
0.100132
0.110252
0.109840
0.110852
0.110058
0.101151
0.101057
0.097090
0.098333
0.092587
0.092856
0.096089
0.096858
0.092901
0.092987
0.095637
0.092598
0.091221
0.095719
0.094746
0.098043
0.094031
0.097945
0.100759
0.100491
0.104055
0.097844
0.094918
0.095363
0.096967
0.099538
0.100889
0.099152
0.098991
0.097257
0.097375
0.093480
0.094072
0.095243
0.100444
0.102118
0.106453
0.108527
0.102234
0.104138
0.104867
0.099995
0.100783
0.110785
0.106020
0.109665
0.107413
0.099710
0.098516
0.099924
0.099618
0.099778
0.100915
0.100167
0.101322
0.100243
0.099964
0.100885
0.099269
0.097457
0.092657
0.089043
0.097739
0.086985
0.085717
0.088204
0.092184
0.082072
0.082648
0.084555
0.080719
0.094131
0.077131
0.081416
0.077848
0.075485
0.078899
0.082351
0.079196
0.074958
0.076649
0.078564
0.076973
0.073932
0.075069
0.088438
0.095881
0.096052
0.093339
0.098102
0.098368
0.097991
0.097980
0.113240
0.111732
0.105619
0.105705
0.105074
0.102582
0.105533
0.110096
0.102421
0.103235
0.105979
0.101077
0.102873
0.106169
0.106742
0.106626
0.115173
0.117046
0.109749
0.114076
0.108022
0.104725
0.109877
0.108167
0.097929
0.097969
0.104454
0.105612
0.098492
0.104436
0.105216
0.101862
0.113193
0.113922
0.114234
0.114911
0.112339
0.109160
0.113556
0.099623
0.096140
0.104434
0.104348
0.096245
0.099704
0.102814
0.099920
0.118752
0.117430
0.110483
0.117495
0.117796
0.118264
0.122695
0.099532
0.094486
0.099790
0.100049
0.094903
0.098930
0.098016
0.096923
0.109868
0.113029
0.104448
0.106577
0.117702
0.109142
0.108934
0.119464
0.098160
0.096020
0.100113
0.101584
0.097990
0.102859
0.100664
0.099728
0.106582
0.111145
0.118595
0.110620
0.107030
0.111963
0.101044
0.099457
0.105045
0.106046
0.101165
0.106258
0.104879
0.104553
0.117970
0.118103
0.112406
0.125737
0.116870
0.114370
0.116040
0.103817
0.101036
0.105515
0.105054
0.103497
0.114553
0.116469
0.108739
0.121652
0.127359
0.130633
0.127337
0.117034
0.121288
0.113182
0.116610
0.111590
0.118099
0.106019
0.110233
0.115941
0.112759
0.140358
0.139585
0.131229
0.139180
0.145616
0.142245
0.106885
0.100339
0.101416
0.114083
0.114661
0.130568
0.123911
0.121395
0.120356
0.113598
0.113995
0.115757
0.111505
0.114146
0.112999
0.102228
0.100882
0.104845
0.101302
0.105103
0.102512
0.098011
0.110892
0.119890
0.108288
0.114162
0.106013
0.109153
0.104162
0.104507
0.101984
0.098729
0.102683
0.101168
0.101050
0.102366
0.105111
0.104614
0.107543
0.104342
0.111018
0.102787
0.104547
0.100304
0.097967
0.117483
0.111672
0.113387
0.111018
0.092738
0.092239
0.126562
0.134007
0.121746
0.125281
0.130367
0.088597
0.097592
0.099693
0.097227
0.091786
0.124347
0.115354
0.114127
0.116755
0.123080
0.130620
0.137386
0.133200
0.134412
0.133505
0.152005
0.154301
0.147034
0.147958
0.149264
0.149142
0.149077
0.134652
0.134549
0.130681
0.142909
0.145981
0.138283
0.143094
0.146757
0.142579
0.145686
0.143913
0.146110
0.145584
0.146329
0.141516
0.144124
0.146339
0.146122
0.148150
0.148037
0.144214
0.132028
0.132345
0.137988
0.136661
0.121485
0.127535
0.134699
0.138457
0.125845
0.138637
0.140536
0.138330
0.126211
0.130214
0.125358
0.116742
0.127493
0.123408
0.141611
0.140572
0.139690
0.149995
0.121947
0.115849
0.113332
0.120379
0.128480
0.139662
0.120726
0.131205
0.141257
0.138167
0.136699
0.137191
0.129147
0.127290
0.133979
0.130131
0.133638
0.127303
0.124516
0.114666
0.117354
0.118962
0.116165
0.128610
0.125957
0.137571
0.135647
0.133127
0.139150
0.156733
0.159712
0.154726
0.149515
0.149914
0.143322
0.151012
0.154621
0.158690
0.145643
0.133805
0.137756
0.140682
0.152835
0.153428
0.153629
0.146647
0.130213
0.137500
0.140186
0.125538
0.134322
0.133523
0.145228
0.139507
0.151477
0.149468
0.132637
0.123856
0.125679
0.121755
0.125688
0.122238
0.143112
0.132418
0.132950
0.145958
0.137520
0.146361
0.135638
0.119245
0.129771
0.147299
0.136521
0.144141
0.143942
0.127080
0.150321
0.155240
0.152249
0.131987
0.127294
0.138582
0.133112
0.133691
0.128756
0.136750
0.139975
0.146032
0.127588
0.131899
0.136129
0.123039
0.135120
0.144037
0.148624
0.138790
0.140527
0.134850
0.123924
0.128751
0.142140
0.120148
0.154116
0.154533
0.146728
0.153516
0.148734
0.152430
0.178745
0.157921
0.163510
0.147451
0.147406
0.148527
0.151988
0.154748
0.157378
0.163336
0.162577
0.148294
0.147134
0.145934
0.148530
0.152238
0.153992
0.154663
0.148437
0.155517
0.144762
0.157220
0.148278
0.147730
0.152363
0.150032
0.143906
0.154700
0.154619
0.153874
0.144449
0.147706
0.151046
0.146519
0.130379
0.128868
0.135708
0.133639
0.144032
0.128695
0.151615
0.143979
0.152045
0.148546
0.162350
0.163359
0.160890
0.170079
0.181707
0.173056
0.160693
0.160707
0.153883
0.161988
0.166774
0.223025
0.239712
0.272965
0.244519
0.204527
0.232431
0.198792
0.223819
0.225350
0.252113
0.250727
0.184567
0.211364
0.254152
0.249799
0.240334
0.240335
0.248593
0.258251
0.257362
0.231695
0.203685
0.267054
0.247124
0.269413
0.228893
0.259352
0.255365
0.193460
0.238033
0.185101
0.210444
0.192410
0.278268
0.260989
0.226166
0.214852
0.223115
0.273090
0.254933
0.199895
0.260063
0.261059
0.201419
0.186385
0.253745
0.300693
0.263201
0.197939
0.293492
0.266161
0.314422
0.210152
0.192241
0.193152
0.245112
0.215021
0.275294
0.258857
0.250994
0.255721
0.348347
0.342826
0.303743
0.331467
0.337172
0.316215
0.299261
0.326714
0.325205
0.347098
0.286641
0.305348
0.328544
0.277587
0.301563
0.306757
0.339806
0.351175
0.340840
0.323502
0.346677
0.317691
0.276111
0.306313
0.314923
0.311827
0.305984
0.294066
0.329223
0.280796
0.294319
0.281248
0.274119
0.290845
0.287859
0.269055
0.289506
0.272690
0.288850
0.287292
0.309663
0.308941
0.293664
0.305274
0.301027
0.138054
0.147054
0.164314
0.189709
0.184907
0.186459
0.144058
0.132060
0.136192
0.139593
0.133567
0.168426
0.180258
0.101490
0.096697
0.096067
0.093890
0.101239
0.103292
0.109882
0.111492
0.110199
0.124286
0.092182
0.091591
0.096339
0.096769
0.107059
0.103670
0.105884
0.107053
0.091188
0.091003
0.095360
0.092293
0.091479
0.094975
0.100805
0.090947
0.099777
0.116094
0.110226
0.068817
0.082292
0.079417
0.064711
0.095513
0.101041
0.095623
0.096385
0.100112
0.095107
0.093873
0.094257
0.061952
0.061368
0.076570
0.078481
0.085755
0.087567
0.082747
0.087675
0.089262
0.092706
0.085981
0.081765
0.097311
0.088582
0.121296
0.123471
0.132571
0.138656
0.133261
0.136798
0.131633
0.132331
0.122006
0.126160
0.126377
0.130616
0.117655
0.121313
0.119244
0.124098
0.133869
0.124504
0.142886
0.141772
0.102362
0.118342
0.129784
0.120690
0.116047
0.137189
0.122928
0.117496
0.129700
0.128587
0.164192
0.167641
0.202763
0.169120
0.150303
0.145438
0.161757
0.219191
0.241110
0.161567
0.142539
0.143160
0.144370
0.112846
0.118720
0.109591
0.091058
0.122613
0.124861
0.116010
0.125150
0.121003
0.115089
0.112255
0.119215
0.091487
0.093363
0.103514
0.105978
0.125224
0.116708
0.122331
0.124809
0.092041
0.107601
0.117642
0.103349
0.102111
0.111446
0.111411
0.102660
0.122164
0.119230
0.119424
0.117417
0.113415
0.118770
0.120438
0.121351
0.118704
0.118498
0.123984
0.126045
0.124581
0.124681
0.115648
0.113144
0.114285
0.127993
0.127935
0.122961
0.123579
0.083869
0.091961
0.088801
0.085317
0.102938
0.105415
0.097329
0.096165
0.100958
0.100467
0.102278
0.086968
0.066944
0.082766
0.101455
0.100367
0.097728
0.082451
0.079169
0.088087
0.095628
0.086407
0.086524
0.089579
0.084208
0.100644
0.101042
0.091591
0.083457
0.094969
0.094393
0.079475
0.103607
0.107632
0.104772
0.104911
0.107077
0.109099
0.105032
0.105681
0.093123
0.078596
0.092923
0.103914
0.095414
0.097863
0.091523
0.093776
0.095660
0.094235
0.082696
0.090244
0.099902
0.097914
0.111441
0.105903
0.102171
0.116334
0.121499
0.123140
0.125564
0.112210
0.120662
0.123567
0.117126
0.116098
0.125338
0.123518
0.124125
0.110416
0.111495
0.110473
0.112904
0.108026
0.107632
0.110529
0.105997
0.111847
0.111575
0.124208
0.115113
0.112889
0.120408
0.108136
0.113108
0.108022
0.102267
0.109629
0.108633
0.116979
0.105600
0.098584
0.095509
0.104265
0.112519
0.114572
0.115968
0.116193
0.112903
0.089200
0.087770
0.110310
0.108345
0.096455
0.102450
0.111309
0.091269
0.120721
0.114976
0.111877
0.112185
0.117659
0.126220
0.124899
0.113636
0.136788
0.140034
0.134866
0.135201
0.136312
0.131803
0.131284
0.134736
0.108132
0.108629
0.119047
0.121369
0.131299
0.133594
0.122149
0.120068
0.126466
0.127544
0.114516
0.117139
0.123939
0.116065
0.133389
0.139305
0.136494
0.125592
0.092361
0.102306
0.098377
0.091007
0.110727
0.106137
0.103628
0.110785
0.094161
0.093805
0.102636
0.105268
0.108829
0.101580
0.122369
0.127238
0.087323
0.093834
0.106480
0.093168
0.089754
0.095192
0.088888
0.103339
0.100219
0.070809
0.086928
0.085864
0.070157
0.099990
0.104837
0.100445
0.100628
0.104491
0.099922
0.099305
0.098863
0.065914
0.065040
0.082477
0.083186
0.089318
0.089150
0.080396
0.083168
0.085997
0.079809
0.096950
0.087392
0.104916
0.123470
0.136426
0.131603
0.151960
0.150993
0.147609
0.144426
0.159732
0.157096
0.157313
0.155099
0.138426
0.130349
0.144307
0.146770
0.141919
0.122680
0.140747
0.123047
0.119390
0.128933
0.122710
0.133603
0.150627
0.150027
0.132244
0.128967
0.133097
0.126054
0.124303
0.123407
0.123094
0.121215
0.117006
0.121567
0.118873
0.133510
0.135023
0.130999
0.131317
0.120254
0.122478
0.114244
0.110532
0.120470
0.118175
0.115607
0.121804
0.123028
0.110890
0.079185
0.094870
0.079342
0.073671
0.099869
0.097989
0.107493
0.106174
0.098286
0.097316
0.082861
0.072515
0.085540
0.100494
0.095809
0.075666
0.076981
0.090954
0.082152
0.080966
0.086516
0.086187
0.078608
0.096105
0.091139
0.102885
0.102694
0.093332
0.109748
0.110895
0.111022
0.106864
0.111282
0.111781
0.108686
0.114031
0.098668
0.092855
0.104191
0.107358
0.114406
0.103801
0.103517
0.113300
0.076443
0.076997
0.089414
0.090736
0.081831
0.094146
0.095117
0.079935
0.114746
0.115883
0.104220
0.104873
0.115864
0.122055
0.144954
0.138746
0.121526
0.133991
0.130935
0.130517
0.121987
0.121569
0.134041
0.158050
0.156769
0.153752
0.151384
0.140387
0.131230
0.149597
0.150612
0.119517
0.141416
0.143540
0.127340
0.153107
0.150140
0.148906
0.149553
0.138796
0.143956
0.138603
0.130184
0.146837
0.149661
0.146488
0.146252
0.143994
0.141328
0.141803
0.143026
0.121380
0.122041
0.132569
0.132733
0.135183
0.135442
0.133523
0.132145
0.130209
0.132652
0.126183
0.121049
0.125858
0.127568
0.126258
0.131645
0.094051
0.093062
0.089762
0.088465
0.095680
0.094748
0.089395
0.089755
0.083807
0.083268
0.086480
0.091296
0.105495
0.102778
0.102177
0.103635
0.091015
0.088893
0.092370
0.090585
0.075137
0.088628
0.088636
0.085626
0.096453
0.100579
0.098166
0.095278
0.074764
0.092446
0.092325
0.073039
0.111145
0.119840
0.106341
0.104846
0.103871
0.097803
0.098333
0.085066
0.078218
0.090499
0.096694
0.106989
0.113837
0.089801
0.086659
0.101091
0.095713
0.073515
0.082189
0.086888
0.069319
0.103116
0.096707
0.094466
0.130223
0.160331
0.168834
0.158001
0.161521
0.169310
0.169813
0.164890
0.158462
0.150605
0.152105
0.157215
0.158670
0.149914
0.135745
0.136733
0.156888
0.126614
0.124035
0.122861
0.123085
0.152374
0.151687
0.137623
0.136727
0.126523
0.122101
0.123720
0.131202
0.125600
0.125129
0.140341
0.140490
0.120831
0.130387
0.142385
0.135739
0.136183
0.121822
0.127560
0.132331
0.126808
0.132420
0.083699
0.105655
0.101722
0.100450
0.128613
0.132227
0.113806
0.112409
0.130614
0.114978
0.110497
0.125216
0.095449
0.098776
0.098584
0.099373
0.117121
0.113601
0.111589
0.120541
0.092678
0.091674
0.103237
0.103560
0.088309
0.099255
0.101972
0.092769
0.124685
0.117006
0.113319
0.110885
0.081368
0.087787
0.089511
0.082316
0.103080
0.105342
0.104009
0.103171
0.104188
0.102065
0.101615
0.100644
0.066700
0.077219
0.086832
0.084985
0.091837
0.087814
0.075941
0.077356
0.080078
0.081816
0.072156
0.077184
0.074488
0.072465
0.090555
0.085408
0.095166
0.107533
0.107741
0.099684
0.115154
0.115121
0.115587
0.113198
0.117017
0.116578
0.115385
0.120703
0.104982
0.099681
0.109522
0.111809
0.117716
0.108352
0.107940
0.116607
0.080318
0.082980
0.095798
0.097325
0.088653
0.102348
0.102369
0.087809
0.122687
0.122028
0.110519
0.112433
0.127285
0.127733
0.127345
0.128314
0.127583
0.155655
0.116199
0.116816
0.134313
0.116872
0.113782
0.133157
0.128782
0.130245
0.131191
0.122143
0.139890
0.151937
0.151162
0.151261
0.185529
0.291397
0.286670
0.285084
0.270563
0.160974
0.156360
0.151254
0.149615
0.159652
0.157544
0.150996
0.152376
0.152343
0.151416
0.139903
0.142050
0.149265
0.148145
0.145818
0.134021
0.149819
0.115040
0.133909
0.119850
0.122389
0.129029
0.133070
0.095925
0.104203
0.103437
0.100634
0.117160
0.122455
0.113119
0.110914
0.117601
0.121425
0.116399
0.122724
0.109341
0.101822
0.105530
0.118608
0.103907
0.102175
0.089743
0.093613
0.094098
0.099041
0.098218
0.102109
0.098593
0.113270
0.116802
0.112477
0.104080
0.091739
0.089541
0.086274
0.071537
0.093733
0.094795
0.092787
0.100296
0.100732
0.099430
0.098893
0.073015
0.071529
0.088187
0.090187
0.096919
0.094448
0.091307
0.070944
0.081821
0.088993
0.084664
0.085312
0.087954
0.086153
0.083761
0.091071
0.089389
0.078636
0.094804
0.113983
0.098559
0.122570
0.118368
0.109046
0.101500
0.095415
0.096623
0.085832
0.093291
0.102586
0.123682
0.125468
0.103644
0.115819
0.095557
0.068280
0.090042
0.112645
0.079786
0.089731
0.090481
0.069579
0.117918
0.102905
0.097944
0.106220
0.154954
0.172692
0.157169
0.156260
0.172566
0.164492
0.158726
0.158868
0.153583
0.169595
0.173086
0.164271
0.175410
0.145411
0.146368
0.158446
0.170906
0.238293
0.254636
0.255250
0.249597
0.234386
0.244126
0.206351
0.225370
0.245117
0.242316
0.156611
0.120452
0.123024
0.122708
0.126380
0.128753
0.123532
0.123715
0.120216
0.117856
0.125897
0.125717
0.124128
0.120848
0.120968
0.127691
0.129682
0.140709
0.151697
0.264863
0.277425
0.289117
0.280333
0.111140
0.108873
0.091316
0.093287
0.100995
0.097992
0.096535
0.100304
0.100193
0.097049
0.098209
0.087209
0.087704
0.091085
0.091315
0.099490
0.099335
0.094859
0.084942
0.082601
0.093362
0.094958
0.083882
0.093479
0.092911
0.085668
0.097595
0.096123
0.086746
0.101460
0.103203
0.088279
0.117050
0.119191
0.109295
0.108968
0.115691
0.120383
0.109686
0.121790
0.105629
0.083017
0.099445
0.112947
0.115556
0.115101
0.112907
0.118173
0.094723
0.095488
0.108199
0.107665
0.085716
0.099748
0.108522
0.099441
0.113000
0.119908
0.118654
0.104805
0.068297
0.079925
0.076740
0.063316
0.092532
0.098292
0.092700
0.092320
0.091628
0.089057
0.090269
0.074642
0.058946
0.073201
0.085266
0.084687
0.091732
0.089751
0.089629
0.089852
0.087496
0.084824
0.086496
0.090140
0.087826
0.097717
0.092941
0.095383
0.105942
0.112883
0.112733
0.108684
0.120469
0.119399
0.119095
0.118899
0.123632
0.121587
0.121896
0.126442
0.114813
0.112238
0.115399
0.117071
0.122373
0.114085
0.113894
0.121196
0.094602
0.093888
0.104171
0.105433
0.092403
0.109972
0.110795
0.092623
0.138582
0.126472
0.116713
0.124406
0.156433
0.151340
0.172365
0.150259
0.158915
0.151824
0.148868
0.137464
0.178495
0.183509
0.164920
0.179329
0.138322
0.144526
0.154316
0.155740
0.146888
0.143654
0.137457
0.133195
0.141980
0.136263
0.145799
0.139572
0.133721
0.131961
0.134246
0.135587
0.136629
0.168239
0.139579
0.174973
0.144616
0.267261
0.252311
0.261844
0.234986
0.225266
0.236799
0.266663
0.261037
0.262632
0.263339
0.228125
0.216939
0.222144
0.097937
0.097964
0.089898
0.093515
0.106895
0.105878
0.096963
0.112977
0.108570
0.103276
0.109865
0.089302
0.086485
0.091992
0.095396
0.103804
0.095954
0.095192
0.087838
0.083689
0.089679
0.087897
0.088450
0.092357
0.091400
0.088609
0.102088
0.099732
0.112189
0.116914
0.118448
0.114196
0.124187
0.123885
0.118726
0.122552
0.115685
0.115343
0.111446
0.111504
0.111577
0.115069
0.116155
0.113205
0.106035
0.107875
0.118557
0.099108
0.095733
0.104265
0.101365
0.094951
0.101268
0.098146
0.097296
0.109143
0.104993
0.092257
0.094637
0.090215
0.075820
0.099781
0.103278
0.100386
0.101044
0.105346
0.102466
0.101757
0.101408
0.074704
0.074308
0.090410
0.090868
0.091041
0.092599
0.085880
0.086978
0.089709
0.090816
0.090816
0.093378
0.091399
0.088967
0.096407
0.093463
0.091157
0.103365
0.117348
0.098149
0.127561
0.123322
0.130710
0.124208
0.127883
0.127892
0.112952
0.122138
0.099804
0.089156
0.110477
0.117029
0.122609
0.110654
0.123023
0.102174
0.075009
0.097083
0.109135
0.086848
0.097281
0.101854
0.079211
0.122259
0.131615
0.111092
0.112074
0.062803
0.056657
0.053422
0.054037
0.056587
0.051007
0.052252
0.054465
0.049410
0.048672
0.047945
0.048189
0.048702
0.046688
0.047126
0.049459
0.056488
0.053371
0.050132
0.050115
0.058629
0.053905
0.052279
0.055184
0.052729
0.054324
0.048654
0.048563
0.046937
0.047221
0.047787
0.051291
0.074325
0.079181
0.073453
0.074381
0.097565
0.087739
0.080245
0.089915
0.071167
0.071117
0.070042
0.072514
0.063438
0.065252
0.067883
0.068449
0.065588
0.059804
0.056495
0.065525
0.073416
0.077903
0.063437
0.062863
0.074104
0.064024
0.065264
0.077663
0.057779
0.059042
0.055359
0.061040
0.096384
0.102923
0.098982
0.097367
0.108463
0.107234
0.103326
0.106131
0.103279
0.099567
0.093990
0.097851
0.090070
0.089959
0.092141
0.098124
0.145895
0.128527
0.161097
0.153570
0.153694
0.156724
0.148266
0.149968
0.155377
0.209710
0.218085
0.240800
0.254795
0.283377
0.230007
0.190724
0.106865
0.094941
0.082158
0.081775
0.101126
0.091701
0.082098
0.081142
0.082458
0.074725
0.074925
0.083028
0.072723
0.076269
0.074426
0.084980
0.123529
0.119735
0.135129
0.135102
0.136128
0.130379
0.130348
0.117437
0.120850
0.118769
0.120305
0.120139
0.119364
0.119292
0.117461
0.107577
0.122608
0.108321
0.109046
0.108567
0.109794
0.108397
0.137425
0.278960
0.290696
0.275943
0.083634
0.056789
0.052594
0.062076
0.063120
0.059841
0.055551
0.057390
0.062828
0.052997
0.055310
0.058530
0.052183
0.053403
0.051589
0.052822
0.068960
0.073240
0.067602
0.069368
0.074298
0.068882
0.066657
0.070001
0.065485
0.061222
0.064204
0.066868
0.063236
0.065789
0.064078
0.071109
0.065880
0.059358
0.051273
0.052673
0.059696
0.051016
0.052230
0.059175
0.049331
0.049189
0.047323
0.047796
0.049655
0.047425
0.047069
0.050773
0.060304
0.060165
0.055993
0.055159
0.058874
0.057383
0.056845
0.059389
0.051246
0.048669
0.049521
0.051685
0.051379
0.046241
0.047491
0.055592
0.067696
0.062551
0.057878
0.056721
0.075631
0.063117
0.060494
0.062687
0.062286
0.058590
0.056806
0.059131
0.053311
0.053432
0.054777
0.053613
0.043542
0.045032
0.039858
0.042903
0.050156
0.051130
0.045692
0.047595
0.048615
0.043418
0.043590
0.049510
0.040673
0.040757
0.039876
0.053843
0.097242
0.098228
0.076883
0.067835
0.080545
0.073847
0.073384
0.092635
0.064084
0.066666
0.066773
0.067804
0.065561
0.061044
0.062444
0.072824
0.115559
0.098703
0.103075
0.110049
0.101765
0.097368
0.095204
0.094541
0.092326
0.096667
0.093398
0.096305
0.112397
0.109944
0.105023
0.106791
0.114767
0.116576
0.111543
0.111644
0.112814
0.114410
0.113382
0.116410
0.122503
0.116223
0.110888
0.113205
0.107616
0.102842
0.107730
0.112676
0.106481
0.113285
0.097698
0.102915
0.106869
0.107487
0.108595
0.097000
0.101216
0.109233
0.104254
0.092132
0.094878
0.094131
0.102951
0.145734
0.146716
0.158785
0.165997
0.158878
0.154808
0.151597
0.156077
0.118136
0.117802
0.117693
0.112865
0.120632
0.124651
0.115543
0.114029
0.117616
0.104422
0.107018
0.113949
0.100752
0.104492
0.107862
0.111101
0.147689
0.138948
0.133540
0.128935
0.159775
0.174876
0.161948
0.129664
0.129978
0.113902
0.110512
0.119348
0.118145
0.120610
0.112065
0.111437
0.114394
0.115577
0.110161
0.103261
0.108441
0.121235
0.252721
0.238899
0.206335
0.071731
0.054581
0.052963
0.065973
0.059744
0.059107
0.055757
0.055945
0.057849
0.055565
0.055514
0.058668
0.055745
0.055593
0.052700
0.057617
0.059863
0.052908
0.050547
0.050436
0.054720
0.051945
0.050526
0.053611
0.053081
0.052303
0.048731
0.049056
0.049576
0.048390
0.048724
0.051502
0.052042
0.048724
0.047028
0.047222
0.055377
0.048422
0.048106
0.049109
0.046222
0.048060
0.044702
0.046225
0.041828
0.042579
0.041259
0.049325
0.107248
0.114182
0.101414
0.103107
0.123243
0.114303
0.112040
0.119568
0.094245
0.083669
0.091630
0.094437
0.075486
0.077336
0.083357
0.077259
0.074073
0.065055
0.061481
0.070412
0.072739
0.070951
0.064716
0.065458
0.070271
0.062941
0.064052
0.070710
0.060149
0.063903
0.058776
0.066136
0.102799
0.099659
0.105700
0.101648
0.109919
0.114863
0.112779
0.108522
0.098094
0.104440
0.109358
0.087773
0.093128
0.094532
0.100927
0.170946
0.148441
0.154469
0.192496
0.194883
0.161834
0.152027
0.139862
0.138121
0.135517
0.135341
0.181011
0.142259
0.138123
0.141235
0.129696
0.122165
0.128686
0.131099
0.124445
0.125296
0.125007
0.115191
0.063908
0.050957
0.051734
0.058472
0.065762
0.063851
0.055637
0.053451
0.058844
0.055577
0.058501
0.061285
0.065867
0.056585
0.056496
0.064426
0.065307
0.066681
0.052258
0.052730
0.059666
0.053595
0.054261
0.060026
0.051956
0.051130
0.049179
0.050061
0.051142
0.048237
0.048813
0.053403
0.060883
0.060285
0.053310
0.053081
0.056945
0.054048
0.053155
0.056978
0.047308
0.044235
0.044397
0.045646
0.053687
0.050027
0.045368
0.050640
0.082070
0.091054
0.080686
0.080924
0.085855
0.082976
0.084130
0.089510
0.077927
0.072612
0.077831
0.079542
0.075424
0.077350
0.076565
0.081534
0.082543
0.077444
0.072211
0.069548
0.080596
0.083017
0.079202
0.076046
0.078962
0.072761
0.070583
0.074572
0.063810
0.064211
0.067265
0.064909
0.048781
0.047365
0.042645
0.046662
0.054380
0.053741
0.047475
0.048085
0.048798
0.046887
0.047329
0.050809
0.042785
0.043522
0.042383
0.056205
0.101294
0.100958
0.088501
0.089422
0.108374
0.098798
0.095798
0.104475
0.083195
0.077568
0.084300
0.085121
0.069404
0.074352
0.075733
0.084291
0.140853
0.124992
0.124466
0.128247
0.127115
0.129976
0.123699
0.125264
0.126491
0.116012
0.121011
0.125120
0.120408
0.116810
0.118301
0.115275
0.120004
0.114989
0.116224
0.068339
0.056045
0.056922
0.059800
0.060977
0.060710
0.056197
0.055506
0.060623
0.059831
0.058915
0.061087
0.066782
0.057763
0.058680
0.062307
0.069553
0.062847
0.058768
0.059706
0.066925
0.056166
0.057950
0.062618
0.052918
0.050692
0.049483
0.049721
0.054004
0.053661
0.051734
0.055647
0.057935
0.055014
0.052847
0.054048
0.060278
0.053234
0.052989
0.054819
0.052755
0.051632
0.051314
0.051244
0.050286
0.048113
0.049631
0.051446
0.045032
0.040264
0.039833
0.042533
0.046359
0.047782
0.042569
0.041383
0.051951
0.046868
0.045142
0.047962
0.040261
0.039739
0.038667
0.048891
0.126649
0.137031
0.124842
0.118170
0.115279
0.134752
0.129648
0.120569
0.101987
0.098717
0.108645
0.104331
0.102746
0.106693
0.106967
0.093587
0.074186
0.070481
0.066674
0.070847
0.085091
0.078749
0.070584
0.074468
0.074521
0.067053
0.068409
0.078548
0.073740
0.072585
0.066635
0.072052
0.114218
0.120804
0.116559
0.115831
0.119517
0.122463
0.118939
0.118567
0.120388
0.121923
0.122501
0.124094
0.126940
0.115820
0.117919
0.128036
0.141763
0.140453
0.138644
0.136814
0.119231
0.120895
0.134390
0.114601
0.118675
0.148995
0.260499
0.251646
0.269540
0.153682
0.158261
0.147595
0.151208
0.160065
0.155509
0.148102
0.156420
0.163657
0.161350
0.144596
0.151630
0.162045
0.140468
0.057045
0.048788
0.048259
0.047527
0.058165
0.058537
0.054284
0.054375
0.055097
0.052343
0.053538
0.057080
0.062525
0.046972
0.050847
0.051916
0.073899
0.072853
0.068430
0.067105
0.079034
0.078060
0.073867
0.075973
0.068498
0.062429
0.062866
0.067197
0.061517
0.057814
0.059628
0.063154
0.062571
0.064510
0.055891
0.055557
0.061930
0.059365
0.057892
0.062735
0.056757
0.054704
0.053607
0.056618
0.055325
0.051157
0.052067
0.058510
0.058611
0.051824
0.047738
0.054050
0.066451
0.066383
0.054952
0.055592
0.057944
0.052131
0.053938
0.062149
0.051319
0.050186
0.050486
0.060497
0.096471
0.091574
0.091538
0.088984
0.098517
0.093765
0.082250
0.091168
0.094075
0.083340
0.081981
0.078331
0.076771
0.060126
0.055421
0.050085
0.055168
0.066942
0.063117
0.055057
0.055870
0.053699
0.050988
0.052935
0.056684
0.048597
0.050184
0.047772
0.059589
0.113754
0.118670
0.110232
0.110757
0.125781
0.119873
0.118735
0.122169
0.111248
0.109860
0.113476
0.111290
0.097000
0.100509
0.102827
0.110565
0.151977
0.153988
0.150118
0.140709
0.141282
0.135952
0.249508
0.209195
0.217348
0.205345
0.123873
0.115297
0.135290
0.116942
0.115206
0.115100
0.111169
0.117477
0.068399
0.053811
0.052517
0.053953
0.060545
0.061287
0.058168
0.059050
0.057895
0.055849
0.057130
0.059373
0.051962
0.052075
0.074998
0.078770
0.278085
0.086540
0.077495
0.064117
0.060956
0.070320
0.063284
0.063278
0.067560
0.052270
0.049543
0.049915
0.052630
0.051128
0.048563
0.048305
0.052146
0.072608
0.075741
0.058091
0.057760
0.084608
0.062493
0.061400
0.082755
0.063796
0.060572
0.055980
0.058776
0.055449
0.050306
0.052283
0.060855
0.058727
0.053782
0.051772
0.053675
0.063705
0.052483
0.052406
0.056531
0.053325
0.051774
0.051028
0.051676
0.051248
0.050401
0.050336
0.050537
0.041667
0.037365
0.037363
0.039787
0.047404
0.047255
0.041206
0.041586
0.044512
0.041124
0.041788
0.046871
0.041911
0.040565
0.044650
0.043795
0.114861
0.118728
0.117652
0.120646
0.118917
0.115524
0.115260
0.116486
0.119851
0.122956
0.118107
0.115935
0.101102
0.099561
0.107469
0.106552
0.088944
0.092552
0.079095
0.080980
0.087223
0.084592
0.086237
0.091734
0.090283
0.083153
0.084395
0.089836
0.075046
0.074482
0.074437
0.080551
0.121442
0.118509
0.119807
0.124142
0.126638
0.127884
0.129371
0.123808
0.129815
0.127012
0.126075
0.147640
0.150560
0.146869
0.135628
0.141250
0.140103
0.102552
0.093826
0.085595
0.090057
0.080473
0.079326
0.081848
0.082490
0.074933
0.063619
0.069809
0.076389
0.079165
0.079209
0.075532
0.077568
0.154441
0.164947
0.159220
0.161962
0.145853
0.137855
0.159738
0.247154
0.250228
0.229756
0.187725
0.204146
0.182434
0.056626
0.046796
0.046699
0.047115
0.054004
0.053879
0.053085
0.051456
0.054400
0.054139
0.054325
0.054718
0.047198
0.047471
0.048701
0.049948
0.064543
0.060552
0.056917
0.056497
0.066022
0.061917
0.059469
0.061949
0.058897
0.055491
0.053150
0.054955
0.053991
0.050291
0.051528
0.057214
0.083833
0.088920
0.085013
0.084682
0.091916
0.092677
0.088439
0.090557
0.085611
0.083768
0.081375
0.085037
0.074945
0.073986
0.078942
0.080929
0.065954
0.072021
0.064480
0.064464
0.071014
0.067850
0.064968
0.068584
0.061047
0.065037
0.059616
0.061526
0.061073
0.059331
0.059293
0.067379
0.065644
0.056915
0.052631
0.056167
0.074055
0.074245
0.058859
0.060152
0.067225
0.058126
0.059631
0.070791
0.054621
0.051232
0.050437
0.060462
0.104278
0.101628
0.114073
0.112412
0.131181
0.116347
0.085515
0.072143
0.064255
0.063366
0.070576
0.076762
0.091001
0.074959
0.077152
0.080310
0.059538
0.063884
0.075461
0.062790
0.064379
0.058665
0.068017
0.120447
0.124317
0.123427
0.118786
0.108249
0.109230
0.119898
0.121779
0.070298
0.062057
0.057499
0.062152
0.064649
0.063583
0.059156
0.059882
0.060592
0.055812
0.058002
0.060308
0.056555
0.057167
0.055652
0.067779
0.142765
0.148249
0.166875
0.158706
0.126019
0.130595
0.126262
0.131633
0.073613
0.070850
0.056281
0.055186
0.067215
0.054683
0.059034
0.062362
0.050297
0.048760
0.048428
0.048915
0.050234
0.048746
0.048275
0.050906
0.060124
0.061199
0.060285
0.059832
0.062463
0.060406
0.060769
0.060572
0.050850
0.048913
0.050492
0.050636
0.054645
0.052798
0.051291
0.057038
0.062156
0.056223
0.052487
0.052472
0.065468
0.054726
0.053888
0.056597
0.054107
0.052756
0.051736
0.052482
0.051572
0.051316
0.051203
0.050684
0.043760
0.040510
0.037816
0.039776
0.049270
0.047818
0.042522
0.042503
0.046766
0.044197
0.045256
0.047156
0.042171
0.038819
0.046417
0.043427
0.116606
0.138740
0.129495
0.128543
0.139733
0.145386
0.141865
0.128670
0.134120
0.125405
0.122479
0.120695
0.127017
0.096011
0.098665
0.093636
0.093295
0.107301
0.105729
0.094793
0.095429
0.093688
0.094491
0.093621
0.101961
0.093294
0.094014
0.093660
0.129523
0.272232
0.276617
0.331892
0.325883
0.302589
0.147445
0.154767
0.147000
0.181414
0.124571
0.128288
0.132409
0.128541
0.132832
0.135230
0.136422
0.135481
0.133338
0.077064
0.060801
0.054322
0.065189
0.073327
0.067391
0.059606
0.059910
0.059946
0.057538
0.059112
0.063631
0.055019
0.056475
0.053270
0.059352
0.105265
0.107177
0.102879
0.104627
0.103347
0.079329
0.094860
0.087467
0.089235
0.092800
0.091060
0.090101
0.099651
0.102580
0.102733
0.152713
0.411628
0.390981
0.402692
0.390111
0.407641
0.387986
0.388983
0.398870
0.403026
0.399861
0.403169
0.393219
0.382061
0.407541
0.392301
0.399668
0.403411
0.388065
0.410681
0.372020
0.401094
0.407780
0.410464
0.396947
0.398731
0.374328
0.384860
0.408172
0.406568
0.373027
0.403676
0.350835
0.347615
0.341883
0.334228
0.330013
0.352997
0.351255
0.347331
0.377413
0.356177
0.379901
0.364320
0.359803
0.346964
0.352590
0.352176
0.340932
0.370702
0.366957
0.360537
0.342165
0.356637
0.319648
0.333916
0.326233
0.381409
0.349524
0.308122
0.332165
0.388802
0.324806
0.322187
0.319218
0.320234
0.318091
0.383888
0.329574
0.312753
0.333145
0.304316
0.330430
0.422897
0.432839
0.427341
0.395907
0.420783
0.416712
0.423171
0.250065
0.273513
0.233119
0.280826
0.244324
0.207812
0.186009
0.220442
0.223108
0.180557
0.168720
0.162389
0.203834
0.162556
0.196048
0.192397
0.190569
0.145674
0.148982
0.137989
0.136935
0.140113
0.144373
0.142684
0.134399
0.131872
0.137035
0.134933
0.129991
0.132134
0.137531
0.135058
0.128301
0.132411
0.129994
0.131452
0.135183
0.137655
0.134660
0.138150
0.130118
0.133865
0.133368
0.129559
0.144032
0.145096
0.157842
0.138263
0.144971
0.138960
0.157192
0.144170
0.171596
0.181159
0.204361
0.163744
0.181718
0.157459
0.172376
0.235565
0.192617
0.236668
0.236340
0.204404
0.215337
0.271672
0.218110