0.076853
0.087439
0.071600
0.060506
0.051479
0.049029
0.045844
0.047702
0.051543
0.051255
0.045975
0.043858
0.045842
0.044688
0.043939
0.043306
0.044036
0.043407
0.043583
0.047577
0.046248
0.053489
0.050997
0.048368
0.049204
0.058050
0.054730
0.059840
0.055951
0.056316
0.055814
0.073301
0.058178
0.055684
0.059654
0.056420
0.056154
0.060158
0.061833
0.057459
0.057261
0.060870
0.056526
0.055850
0.059601
0.050844
0.047272
0.048721
0.050733
0.048001
0.048010
0.048473
0.049098
0.052300
0.058499
0.051851
0.047337
0.050693
0.054068
0.047981
0.070841
0.063033
0.048633
0.054483
0.055902
0.050000
0.061379
0.054363
0.051143
0.057441
0.061811
0.056134
0.064642
0.062439
0.062796
0.060791
0.069080
0.075224
0.070079
0.069454
0.069384
0.067190
0.073435
0.073768
0.068002
0.066962
0.070318
0.067877
0.064138
0.064008
0.078755
0.081403
0.083398
0.084878
0.077933
0.072818
0.088314
0.100474
0.089392
0.090588
0.094442
0.082631
0.077799
0.070002
0.077290
0.088960
0.069755
0.072460
0.066725
0.068683
0.087217
0.080653
0.092456
0.101046
0.085872
0.096327
0.103744
0.103965
0.110830
0.099429
0.085070
0.104162
0.098507
0.108628
0.102765
0.111033
0.126638
0.118729
0.111584
0.105057
0.097637
0.098194
0.110920
0.109023
0.102788
0.115997
0.118136
0.112922
0.111524
0.114739
0.099574
0.119580
0.149126
0.128492
0.142249
0.124281
0.113257
0.118168
0.134984
0.066927
0.069927
0.072915
0.069803
0.063527
0.067966
0.067871
0.068227
0.066811
0.074035
0.076071
0.066372
0.063614
0.077190
0.068933
0.086726
0.082240
0.070339
0.078069
0.085384
0.069792
0.085062
0.071867
0.071640
0.085403
0.055386
0.057019
0.052749
0.054978
0.056953
0.057990
0.052947
0.052084
0.055582
0.065285
0.057804
0.068550
0.059852
0.061144
0.069505
0.065505
0.074466
0.063907
0.066338
0.069475
0.080406
0.055686
0.062047
0.056960
0.064315
0.065311
0.058291
0.066407
0.084371
0.070901
0.049011
0.047194
0.049845
0.047726
0.045764
0.044784
0.051594
0.049613
0.048823
0.047831
0.043005
0.045142
0.070144
0.065688
0.056509
0.069143
0.063507
0.052850
0.049389
0.052636
0.064714
0.061682
0.054490
0.049818
0.063066
0.051836
0.046467
0.043655
0.042628
0.045626
0.059898
0.048637
0.061484
0.044795
0.050299
0.075546
0.045358
0.049580
0.053902
0.056056
0.070755
0.048312
0.045942
0.052308
0.058395
0.055036
0.061821
0.057353
0.075399
0.072523
0.060463
0.066857
0.093057
0.074360
0.051528
0.051076
0.066294
0.053645
0.050718
0.048361
0.046927
0.068037
0.061098
0.056901
0.062109
0.056696
0.053633
0.049898
0.050507
0.052770
0.054955
0.049466
0.049693
0.042968
0.043663
0.045935
0.045624
0.052920
0.053900
0.049607
0.050885
0.058034
0.053862
0.053504
0.049295
0.051115
0.081903
0.084157
0.058255
0.060080
0.080552
0.058545
0.070307
0.054926
0.058126
0.080092
0.050794
0.052496
0.050252
0.049700
0.048348
0.050719
0.051462
0.044473
0.045267
0.048348
0.043408
0.043663
0.044565
0.045814
0.048922
0.047477
0.046008
0.042772
0.044174
0.042158
0.042685
0.058560
0.051215
0.042414
0.041017
0.054854
0.046155
0.050216
0.047471
0.047330
0.054645
0.054115
0.050213
0.051125
0.049006
0.048929
0.049737
0.051605
0.057171
0.047252
0.046031
0.047143
0.047804
0.046856
0.047858
0.052418
0.051224
0.048556
0.048398
0.051374
0.050691
0.055673
0.051831
0.050056
0.069781
0.058810
0.058851
0.069775
0.055088
0.054737
0.059050
0.064750
0.071847
0.050426
0.047222
0.051054
0.053762
0.047345
0.051510
0.043372
0.048335
0.051006
0.044700
0.063144
0.068608
0.067462
0.071612
0.073639
0.067484
0.147520
0.141144
0.130429
0.141587
0.134216
0.116254
0.100268
0.114941
0.126616
0.119490
0.096942
0.101305
0.125628
0.084979
0.093475
0.069372
0.084216
0.074483
0.073048
0.087783
0.087482
0.124945
0.102915
0.079348
0.048736
0.042696
0.043378
0.042143
0.037743
0.034457
0.034655
0.035923
0.043593
0.043780
0.036692
0.041005
0.043858
0.034309
0.033049
0.028145
0.031923
0.036254
0.028794
0.033055
0.029088
0.032994
0.032971
0.028481
0.041701
0.039132
0.045707
0.049983
0.040905
0.046978
0.053813
0.054843
0.056513
0.050230
0.058187
0.047895
0.041785
0.064209
0.052229
0.058798
0.055377
0.063534
0.064685
0.060499
0.068936
0.062307
0.068999
0.057880
0.068821
0.065184
0.057423
0.071538
0.067364
0.060678
0.056293
0.052178
0.074348
0.070985
0.068698
0.074215
0.071581
0.064624
0.079752
0.063709
0.073183
0.068394
0.054174
0.049647
0.048826
0.056542
0.026310
0.026784
0.025425
0.025604
0.025098
0.024014
0.023555
0.023369
0.024691
0.023844
0.024907
0.024153
0.030845
0.024327
0.031839
0.024331
0.030140
0.025113
0.024070
0.029960
0.027199
0.027991
0.026429
0.026071
0.028763
0.026614
0.026081
0.025724
0.025592
0.042805
0.032054
0.027239
0.029185
0.031301
0.026666
0.025840
0.029927
0.025605
0.024751
0.025206
0.030092
0.030810
0.029468
0.028525
0.032781
0.031428
0.031385
0.030052
0.028553
0.045059
0.034674
0.035726
0.043773
0.033751
0.031781
0.042417
0.030741
0.027763
0.029464
0.037024
0.041043
0.035948
0.035787
0.037989
0.040468
0.035400
0.033841
0.032068
0.032993
0.035963
0.036475
0.038875
0.039157
0.038017
0.037107
0.049576
0.047089
0.047116
0.046103
0.047734
0.043177
0.045306
0.043634
0.042046
0.043202
0.045767
0.046786
0.041756
0.040332
0.047009
0.046805
0.050983
0.062554
0.047602
0.043912
0.069965
0.046388
0.040443
0.038789
0.035280
0.055590
0.047918
0.079876
0.051448
0.042253
0.038000
0.031801
0.037065
0.048753
0.031005
0.035435
0.038200
0.031832
0.034100
0.030531
0.048123
0.040129
0.033290
0.053802
0.049579
0.051418
0.043028
0.035198
0.055167
0.054892
0.055981
0.065181
0.058459
0.077076
0.073646
0.064226
0.076548
0.059885
0.053520
0.037351
0.036393
0.044118
0.043170
0.050353
0.063283
0.045325
0.053496
0.062716
0.075118
0.041493
0.040873
0.043513
0.045222
0.045278
0.039243
0.063066
0.083898
0.077443
0.121762
0.096716
0.129096
0.108724
0.086757
0.078039
0.132211
0.100365
0.110400
0.131250
0.081924
0.089915
0.089267
0.093124
0.082245
0.076205
0.081015
0.070462
0.062953
0.072816
0.037024
0.036352
0.039659
0.032587
0.034853
0.036946
0.037403
0.042678
0.035678
0.038674
0.033920
0.032140
0.042792
0.036505
0.038615
0.037880
0.041522
0.045850
0.042233
0.061535
0.061057
0.055272
0.056807
0.063294
0.056347
0.053100
0.052374
0.052177
0.068731
0.062211
0.057671
0.064945
0.057839
0.053091
0.049983
0.055537
0.051184
0.047002
0.049107
0.071487
0.074429
0.064859
0.062250
0.083668
0.073634
0.077966
0.071471
0.062399
0.074810
0.086542
0.078960
0.128762
0.094719
0.123249
0.090320
0.062017
0.079069
0.114257
0.068368
0.076716
0.077010
0.070556
0.074985
0.073968
0.077208
0.081386
0.076252
0.061560
0.064185
0.071872
0.069102
0.068707
0.075412
0.082742
0.088170
0.077252
0.073994
0.095971
0.081139
0.098663
0.082684
0.087939
0.101194
0.066683
0.078436
0.060440
0.060333
0.064119
0.076884
0.055682
0.055996
0.055695
0.056711
0.051432
0.058368
0.056463
0.050863
0.064092
0.061183
0.083728
0.081605
0.065034
0.067126
0.068809
0.079630
0.066008
0.074511
0.078964
0.087029
0.052332
0.061186
0.056761
0.068274
0.086900
0.110184
0.074535
0.059226
0.111804
0.082862
0.109272
0.094743
0.089778
0.109238
0.068485
0.070814
0.072925
0.079903
0.074980
0.074735
0.081183
0.079682
0.082689
0.076666
0.081561
0.075719
0.065165
0.085811
0.082973
0.109600
0.106546
0.089252
0.091781
0.103755
0.087417
0.102332
0.088752
0.087223
0.101956
0.071065
0.077522
0.066738
0.068972
0.072379
0.080155
0.063077
0.065174
0.066174
0.065986
0.081923
0.073343
0.119717
0.083782
0.077051
0.090892
0.087608
0.092295
0.098626
0.093295
0.098373
0.104686
0.104463
0.100620
0.097060
0.100149
0.108813
0.108689
0.102756
0.109050
0.109222
0.105586
0.106798
0.110309
0.109509
0.098809
0.100361
0.097023
0.098238
0.097384
0.097048
0.057202
0.049974
0.061557
0.062934
0.056121
0.050173
0.072529
0.065626
0.076474
0.068951
0.103095
0.088968
0.073911
0.080946
0.084274
0.065285
0.052158
0.057897
0.081593
0.043069
0.043257
0.042568
0.043173
0.042573
0.043748
0.042610
0.043744
0.045269
0.045238
0.045325
0.044611
0.053137
0.045202
0.045927
0.055383
0.045039
0.044727
0.047290
0.049065
0.057592
0.043186
0.046741
0.044833
0.046088
0.052345
0.058875
0.053810
0.065170
0.069511
0.066790
0.062821
0.064143
0.064448
0.066409
0.067307
0.061321
0.064262
0.060352
0.066950
0.068173
0.072862
0.062719
0.072388
0.098771
0.096224
0.100404
0.095554
0.093558
0.093079
0.104450
0.102429
0.099252
0.098422
0.091570
0.092059
0.095244
0.094958
0.085645
0.087135
0.085941
0.089439
0.085531
0.085134
0.049461
0.047641
0.049327
0.047157
0.045474
0.047030
0.061524
0.051816
0.058102
0.049978
0.048272
0.054527
0.045945
0.046031
0.044479
0.045188
0.046645
0.047289
0.054254
0.053681
0.053290
0.046020
0.046912
0.052195
0.053496
0.088924
0.091256
0.061103
0.059327
0.095502
0.063459
0.095875
0.061624
0.063156
0.095634
0.102859
0.068977
0.063985
0.101781
0.060279
0.055920
0.055747
0.062500
0.102155
0.050988
0.053186
0.051685
0.049615
0.054703
0.098435
0.062087
0.059005
0.063905
0.075369
0.075102
0.101364
0.071255
0.107502
0.078259
0.079986
0.107499
0.086883
0.090970
0.111884
0.090155
0.103313
0.076316
0.067136
0.073576
0.095729
0.064037
0.065954
0.096122
0.058869
0.063044
0.070088
0.059534
0.053941
0.072401
0.059628
0.064575
0.062452
0.046820
0.048311
0.052603
0.051661
0.049248
0.053044
0.089575
0.057631
0.091392
0.058917
0.058777
0.087233
0.059348
0.061417
0.062127
0.060980
0.060470
0.059076
0.054967
0.057879
0.060145
0.056679
0.061591
0.052345
0.048207
0.051358
0.057483
0.054053
0.061271
0.058212
0.062737
0.067290
0.066812
0.061043
0.061982
0.066215
0.088860
0.070829
0.093482
0.071871
0.083098
0.066430
0.071726
0.090067
0.064730
0.065999
0.061835
0.059809
0.061490
0.066631
0.059286
0.060157
0.057801
0.059117
0.056977
0.054174
0.056565
0.068537
0.059195
0.044414
0.046741
0.045994
0.052450
0.052024
0.048836
0.067722
0.047224
0.065507
0.051197
0.055060
0.068936
0.068755
0.052541
0.065870
0.180819
0.181084
0.200310
0.158533
0.203606
0.187083
0.217978
0.240155
0.182887
0.214047
0.188330
0.222759
0.217841
0.186600
0.201641
0.191992
0.161835
0.174885
0.180052
0.087888
0.099373
0.125064
0.104967
0.107085
0.136485
0.144438
0.138226
0.120142
0.157474
0.112467
0.177600
0.150067
0.187960
0.168668
0.158492
0.183141
0.161769
0.153991
0.153306
0.135949
0.153960
0.162358
0.109789
0.086057
0.089129
0.099430
0.077834
0.081550
0.076270
0.077362
0.086620
0.075431
0.076843
0.077164
0.075014
0.075102
0.074173
0.074185
0.070262
0.071276
0.074336
0.081085
0.072709
0.072905
0.033918
0.031090
0.029986
0.030214
0.034700
0.029527
0.028727
0.029683
0.033593
0.034011
0.029799
0.029203
0.036686
0.031169
0.031286
0.035912
0.047087
0.060686
0.049222
0.055120
0.057121
0.100374
0.051148
0.055396
0.057462
0.057495
0.103103
0.062050
0.040398
0.037059
0.039855
0.042807
0.033987
0.035805
0.052244
0.037018
0.060669
0.045988
0.048916
0.061844
0.075666
0.073021
0.081280
0.079530
0.085960
0.080487
0.088176
0.092350
0.083286
0.083197
0.103701
0.090232
0.097459
0.113519
0.092846
0.086679
0.085295
0.084408
0.092437
0.090374
0.089394
0.103785
0.110607
0.099182
0.093453
0.124205
0.133126
0.117021
0.097409
0.140542
0.126934
0.131779
0.147498
0.116145
0.093902
0.102793
0.118107
0.110425
0.115434
0.105707
0.103897
0.108716
0.107675
0.103774
0.103561
0.113017
0.101285
0.100570
0.092903
0.095036
0.096971
0.096743
0.098669
0.105533
0.098918
0.078825
0.078609
0.074355
0.074316
0.074773
0.077182
0.071937
0.073434
0.072620
0.073642
0.107162
0.078454
0.080939
0.109499
0.112968
0.093981
0.092169
0.106402
0.089624
0.089308
0.094662
0.097965
0.107496
0.084458
0.088737
0.090070
0.098602
0.094842
0.104684
0.103539
0.110071
0.105809
0.106375
0.137539
0.130011
0.135285
0.127343
0.125096
0.141773
0.122852
0.131661
0.121674
0.120483
0.124058
0.125129
0.126440
0.124838
0.125518
0.129886
0.130006
0.123397
0.117941
0.127683
0.123748
0.133196
0.139518
0.126745
0.129424
0.124692
0.130454
0.128260
0.126374
0.117718
0.113874
0.108932
0.111767
0.088572
0.060727
0.093211
0.059871
0.057953
0.056573
0.065191
0.059976
0.072229
0.064598
0.059513
0.074593
0.060466
0.067521
0.070278
0.058836
0.057185
0.060295
0.067997
0.080669
0.102051
0.097622
0.087905
0.102065
0.138538
0.117558
0.152477
0.131975
0.126873
0.151182
0.184874
0.197297
0.208384
0.201185
0.187195
0.199387
0.177558
0.184734
0.173116
0.167668
0.175238
0.192544
0.173184
0.164773
0.175549
0.162678
0.156892
0.158363
0.159827
0.159302
0.150808
0.122515
0.152980
0.140644
0.136550
0.115746
0.157450
0.152668
0.144443
0.144162
0.143110
0.138850
0.129756
0.111401
0.123337
0.087462
0.088174
0.085793
0.087236
0.089841
0.088975
0.085301
0.084670
0.089323
0.094244
0.092860
0.092824
0.070577
0.070622
0.071776
0.069070
0.071410
0.074037
0.084536
0.074337
0.071252
0.052825
0.060279
0.053766
0.061310
0.062879
0.084070
0.054637
0.058785
0.061659
0.073835
0.088664
0.073183
0.077082
0.114431
0.125976
0.139293
0.114397
0.112845
0.123256
0.122163
0.120295
0.126773
0.169229
0.158390
0.155819
0.167171
0.152287
0.147029
0.154895
0.159431
0.172194
0.141821
0.145464
0.147752
0.146673
0.157615
0.155973
0.153509
0.151942
0.154126
0.155863
0.154889
0.176913
0.158162
0.169402
0.152933
0.145646
0.147532
0.152587
0.147448
0.135781
0.128325
0.148662
0.145044
0.135375
0.181225
0.158912
0.161884
0.157725
0.163834
0.155078
0.162406
0.150987
0.157673
0.157819
0.146608
0.152171
0.147465
0.146626
0.142278
0.121555
0.141267
0.142385
0.152252
0.152041
0.158783
0.153540
0.159373
0.159023
0.162172
0.175201
0.165693
0.170095
0.160355
0.157947
0.157589
0.164162
0.156444
0.155697
0.207684
0.154349
0.159670
0.156695
0.161664
0.163104
0.178712
0.220319
0.183014
0.222304
0.182502
0.207378
0.171929
0.177426
0.181623
0.174936
0.182428
0.180176
0.173816
0.167145
0.183370
0.185830
0.189349
0.191608
0.159250
0.154017
0.039089
0.037834
0.028114
0.029230
0.026760
0.027638
0.025039
0.024707
0.025876
0.031128
0.026387
0.033383
0.027093
0.028134
0.033703
0.027035
0.025613
0.026951
0.024892
0.025484
0.026298
0.025094
0.025830
0.025335
0.024886
0.026016
0.026996
0.031143
0.029086
0.030121
0.027997
0.027724
0.028648
0.027388
0.029537
0.027055
0.026542
0.028487
0.028577
0.035420
0.037905
0.034071
0.034604
0.036275
0.039321
0.031839
0.032419
0.033150
0.038331
0.041044
0.040102
0.042837
0.040468
0.042098
0.043778
0.043140
0.040666
0.041504
0.043601
0.045458
0.047759
0.042877
0.047265
0.046641
0.044616
0.043256
0.042579
0.051565
0.044199
0.050935
0.043407
0.052187
0.049589
0.043535
0.049655
0.052048
0.045373
0.043557
0.051291
0.066165
0.062293
0.063178
0.064766
0.057501
0.058659
0.061799
0.067257
0.065050
0.054238
0.053391
0.057514
0.058575
0.064351
0.064960
0.070335
0.068955
0.063058
0.068186
0.060380
0.057736
0.058948
0.059317
0.067421
0.055922
0.056529
0.052924
0.060648
0.059940
0.059244
0.057331
0.060802
0.065823
0.068388
0.062225
0.062456
0.066126
0.068078
0.069182
0.067551
0.064107
0.060593
0.070148
0.091746
0.074327
0.092800
0.076212
0.076131
0.092224
0.057281
0.059133
0.058951
0.056233
0.058146
0.057503
0.056890
0.057249
0.054745
0.057130
0.058558
0.057336
0.057456
0.057248
0.054908
0.057482
0.057601
0.060695
0.060234
0.057847
0.063954
0.061461
0.060630
0.060059
0.057778
0.065182
0.067236
0.063177
0.060220
0.059013
0.056513
0.058364
0.060170
0.063330
0.066010
0.068275
0.070794
0.068582
0.076496
0.080757
0.072464
0.070312
0.081521
0.073224
0.075117
0.080428
0.074381
0.071993
0.087287
0.091340
0.093272
0.095312
0.093097
0.091143
0.094607
0.098463
0.099874
0.098033
0.095526
0.096381
0.094848
0.095089
0.089773
0.085854
0.084603
0.074306
0.091574
0.090641
0.084898
0.074735
0.096235
0.096753
0.093229
0.097514
0.084111
0.087479
0.071496
0.075956
0.083650
0.079325
0.055674
0.047899
0.060143
0.057444
0.052561
0.047656
0.065419
0.063229
0.060900
0.062344
0.054087
0.055131
0.046102
0.047522
0.050490
0.049701
0.040034
0.039763
0.038518
0.040021
0.039395
0.037923
0.039343
0.039549
0.039511
0.037408
0.037626
0.039215
0.040705
0.041903
0.040942
0.042171
0.049774
0.054730
0.045234
0.043869
0.057113
0.044100
0.041026
0.041679
0.040174
0.043611
0.056033
0.040058
0.037543
0.039743
0.037342
0.039409
0.060747
0.064188
0.071710
0.072198
0.073826
0.070748
0.077537
0.078255
0.079267
0.079003
0.077923
0.077634
0.077087
0.078136
0.073491
0.070524
0.077923
0.079010
0.079325
0.080349
0.080148
0.079620
0.083779
0.083627
0.081004
0.080498
0.082188
0.080034
0.080266
0.082042
0.080209
0.080000
0.087456
0.085573
0.089668
0.090118
0.081736
0.086350
0.087306
0.089857
0.089955
0.084870
0.080447
0.086316
0.085448
0.085857
0.088359
0.087972
0.085454
0.082971
0.080313
0.079082
0.076276
0.077250
0.075253
0.074984
0.075444
0.076292
0.073931
0.074070
0.074313
0.074414
0.073952
0.074732
0.075251
0.073992
0.076924
0.073993
0.082434
0.074745
0.073951
0.073684
0.074727
0.078520
0.081352
0.077894
0.080764
0.081955
0.077779
0.129562
0.079583
0.098565
0.104712
0.143230
0.079834
0.076116
0.082189
0.094422
0.101707
0.149328
0.145887
0.123170
0.116599
0.108384
0.110785
0.126432
0.122628
0.116453
0.114332
0.131095
0.150393
0.155977
0.142424
0.140147
0.156613
0.156152
0.135731
0.139482
0.156575
0.096656
0.097383
0.101381
0.103962
0.099556
0.090271
0.125673
0.127496
0.109444
0.108506
0.127615
0.108407
0.132534
0.121241
0.110248
0.128749
0.108641
0.100822
0.090576
0.091990
0.111766
0.100131
0.110451
0.101865
0.099005
0.095043
0.134560
0.116458
0.102343
0.106358
0.122079
0.102985
0.105385
0.124950
0.096767
0.090181
0.100720
0.117065
0.122180
0.112266
0.136176
0.128709
0.138915
0.130599
0.134778
0.145284
0.125481
0.116400
0.123649
0.120164
0.115756
0.134377
0.116083
0.106439
0.106394
0.106407
0.109080
0.131586
0.103713
0.108870
0.101962
0.095142
0.098892
0.090466
0.097550
0.097048
0.092773
0.084197
0.080713
0.086004
0.084869
0.082554
0.079920
0.087691
0.087465
0.086223
0.086441
0.111461
0.112455
0.086739
0.084617
0.114206
0.085355
0.124904
0.080954
0.082773
0.107019
0.116854
0.080444
0.124002
0.081133
0.080234
0.079845
0.154596
0.094791
0.081050
0.139499
0.090832
0.079781
0.083609
0.079650
0.086317
0.085763
0.082628
0.081961
0.085391
0.178717
0.113695
0.119951
0.146842
0.112120
0.109914
0.107379
0.117753
0.150789
0.107213
0.114043
0.103174
0.095573
0.102399
0.142492
0.109591
0.130551
0.122005
0.123542
0.124869
0.126083
0.121537
0.132939
0.117223
0.153761
0.116695
0.161388
0.135546
0.134397
0.150607
0.230888
0.247395
0.220754
0.251411
0.259005
0.258519
0.193122
0.254015
0.215926
0.221532
0.250540
0.258953
0.214118
0.284993
0.281666
0.264588
0.199061
0.236060
0.255271
0.203959
0.230664
0.259406
0.242970
0.232399
0.191940
0.246562
0.262239
0.250011
0.253979
0.267290
0.251084
0.253518
0.250145
0.204862
0.177446
0.207899
0.223614
0.284622
0.280091
0.250260
0.299893
0.288116
0.274544
0.293915
0.300488
0.292605
0.325032
0.320328
0.304742
0.298517
0.277512
0.287082
0.282716
0.323885
0.327176
0.305350
0.279037
0.262194
0.250119
0.278278
0.255005
0.269002
0.270873
0.288337
0.216649
0.245439
0.219602
0.270404
0.244317
0.274832
0.272187
0.262938
0.258228
0.233381
0.256340
0.265888
0.193566
0.228754
0.227623
0.249412
0.262118
0.196300
0.273647
0.240356
0.262062
0.278615
0.192588
0.207941
0.215455
0.229275
0.184665
0.223875
0.238901
0.232081
0.222060
0.230911
0.204523
0.223986
0.173960
0.184110
0.170938
0.167454
0.164742
0.166385
0.158785
0.166572
0.161321
0.148193
0.156178
0.163239
0.157521
0.152810
0.162396
0.157363
0.167964
0.155857
0.171235
0.162526
0.180737
0.173974
0.135459
0.148546
0.126670
0.137767
0.137950
0.143496
0.112907
0.116931
0.122841
0.117758
0.121245
0.129766
0.128588
0.135827
0.132474
0.122011
0.140267
0.137630
0.147120
0.148503
0.108129
0.113105
0.107653
0.112640
0.111350
0.110986
0.106986
0.110326
0.110653
0.105939
0.110735
0.111327
0.118348
0.118356
0.112138
0.111833
0.119067
0.111632
0.110945
0.119956
0.108163
0.110679
0.108844
0.111713
0.111355
0.110266
0.108533
0.112012
0.111596
0.109273
0.112964
0.111742
0.118731
0.118002
0.112154
0.112931
0.118054
0.111917
0.111294
0.118038
0.108858
0.113059
0.110823
0.116021
0.115509
0.113449
0.113768
0.116729
0.116917
0.112048
0.117331
0.114728
0.130830
0.124314
0.114355
0.122497
0.121444
0.115265
0.113934
0.119201
0.114238
0.116901
0.117170
0.121651
0.126877
0.121276
0.115795
0.119935
0.121939
0.117650
0.124884
0.130541
0.133895
0.140029
0.138210
0.129363
0.137578
0.133033
0.127821
0.135424
0.118667
0.122665
0.112155
0.113146
0.115517
0.121161
0.110488
0.110241
0.107288
0.107080
0.115206
0.111634
0.122890
0.119143
0.113657
0.117772
0.122682
0.116312
0.120809
0.127850
0.113284
0.113043
0.117926
0.121016
0.122530
0.116738
0.124287
0.136425
0.129691
0.151686
0.142146
0.132346
0.144046
0.133821
0.125127
0.120713
0.126345
0.142496
0.150077
0.140759
0.178292
0.157087
0.209796
0.174173
0.160734
0.201459
0.169947
0.156985
0.165613
0.170973
0.198286
0.193824
0.192390
0.181428
0.183345
0.174262
0.189862
0.165296
0.170401
0.180005
0.177729
0.164525
0.173660
0.167020
0.184660
0.163952
0.151889
0.157986
0.146686
0.155224
0.154462
0.155772
0.130336
0.133964
0.151223
0.140495
0.135609
0.152596
0.153649
0.139274
0.154367
0.156409
0.118183
0.119122
0.111729
0.114330
0.113214
0.115993
0.102299
0.104374
0.109314
0.105497
0.105754
0.112110
0.113781
0.107808
0.115845
0.119242
0.099949
0.099297
0.100426
0.098263
0.098635
0.098136
0.098808
0.097452
0.096607
0.097143
0.100688
0.099322
0.102003
0.104048
0.101781
0.101483
0.101163
0.098924
0.102817
0.101155
0.103354
0.101760
0.098181
0.098565
0.100973
0.101208
0.102219
0.103134
0.106531
0.106446
0.106372
0.105594
0.096994
0.097028
0.097549
0.098348
0.102079
0.100993
0.102737
0.104281
0.099365
0.096529
0.108208
0.103618
0.107230
0.111452
0.106931
0.106802
0.109065
0.110983
0.110083
0.112407
0.112492
0.112003
0.110604
0.109994
0.112470
0.112349
0.110773
0.113325
0.113063
0.111017
0.112569
0.112497
0.107046
0.107680
0.103566
0.106460
0.106412
0.108142
0.101292
0.104508
0.104613
0.099586
0.107667
0.105759
0.107017
0.110584
0.108179
0.109693
0.104639
0.104831
0.111401
0.113372
0.113101
0.109151
0.119963
0.115014
0.126679
0.119233
0.116577
0.130395
0.115028
0.114194
0.135928
0.143658
0.166982
0.146635
0.142874
0.146126
0.169990
0.142610
0.149957
0.192687
0.184691
0.194115
0.201432
0.166428
0.176648
0.187294
0.201258
0.202238
0.145597
0.153228
0.164692
0.156735
0.161079
0.177690
0.183603
0.164082
0.192639
0.203025
0.204337
0.130501
0.142214
0.119111
0.132835
0.132840
0.138868
0.106748
0.118698
0.123625
0.109534
0.118180
0.127368
0.129686
0.121440
0.135366
0.143541
0.102321
0.112612
0.096749
0.105673
0.106031
0.109664
0.092801
0.100077
0.101584
0.093353
0.098072
0.102668
0.103948
0.098479
0.107009
0.110434
0.090184
0.096749
0.090462
0.095760
0.094879
0.094707
0.095681
0.101187
0.097121
0.091634
0.097253
0.095288
0.096606
0.099448
0.098541
0.096603
0.098459
0.103666
0.096576
0.101924
0.101471
0.101110
0.089179
0.092735
0.097715
0.092485
0.093932
0.099099
0.102150
0.098136
0.103679
0.103031
0.086039
0.089468
0.084673
0.090203
0.090612
0.090223
0.086304
0.090937
0.087923
0.082905
0.095387
0.088729
0.093257
0.100760
0.095456
0.095813
0.089941
0.096137
0.094854
0.101311
0.105426
0.101899
0.098247
0.102133
0.106593
0.098460
0.104801
0.108690
0.110688
0.109110
0.109709
0.108274
0.099482
0.099648
0.097103
0.096971
0.098932
0.101165
0.100422
0.100556
0.094045
0.095470
0.100750
0.096578
0.096465
0.098661
0.101027
0.105306
0.107671
0.106594
0.111884
0.109478
0.108526
0.106670
0.124226
0.123683
0.111044
0.116805
0.122730
0.110069
0.107848
0.122307
0.107416
0.105498
0.136819
0.136426
0.144303
0.144932
0.145652
0.158332
0.147160
0.165380
0.146156
0.144047
0.163296
0.149424
0.155518
0.175007
0.140449
0.148130
0.157127
0.165298
0.181594
0.124317
0.129685
0.145622
0.133901
0.131545
0.155907
0.156138
0.133471
0.158701
0.187218
0.172093
0.109956
0.111737
0.101383
0.101760
0.100572
0.104939
0.096054
0.091765
0.092977
0.097001
0.092803
0.096878
0.099043
0.094062
0.103537
0.110256
0.088560
0.090270
0.083600
0.086393
0.085834
0.088277
0.079417
0.080775
0.081881
0.080139
0.081516
0.082558
0.084189
0.082849
0.086914
0.089390
0.086761
0.087553
0.085677
0.084602
0.086492
0.084776
0.082540
0.082455
0.081410
0.084110
0.086813
0.082572
0.081066
0.080319
0.078470
0.080025
0.083832
0.080773
0.084164
0.086702
0.081299
0.085423
0.087727
0.087400
0.088527
0.086230
0.082840
0.088314
0.089974
0.088619
0.088846
0.088618
0.080575
0.078287
0.077709
0.075971
0.076333
0.077426
0.078685
0.076812
0.074081
0.076655
0.078913
0.075748
0.077503
0.080537
0.077877
0.078734
0.080625
0.079991
0.085362
0.084398
0.084468
0.082012
0.088511
0.088370
0.086723
0.086704
0.090261
0.086716
0.089130
0.092221
0.086842
0.083696
0.092342
0.092019
0.097304
0.096504
0.095884
0.095189
0.102950
0.103951
0.100365
0.101536
0.106401
0.097986
0.095895
0.102059
0.096232
0.096926
0.107718
0.108983
0.117793
0.120717
0.118573
0.113383
0.127994
0.137714
0.131740
0.125496
0.133554
0.123850
0.116497
0.126300
0.114297
0.111722
0.140517
0.142020
0.143034
0.145062
0.132438
0.143761
0.146545
0.145128
0.166518
0.142798
0.145377
0.157481
0.142467
0.141296
0.157133
0.132790
0.129768
0.131964
0.139812
0.154850
0.118750
0.112415
0.121615
0.124772
0.113707
0.127224
0.127980
0.112866
0.132698
0.156689
0.141855
0.096017
0.091648
0.097647
0.096033
0.091760
0.087302
0.098888
0.099235
0.111289
0.102092
0.108598
0.097958
0.100163
0.088007
0.093568
0.104133
0.083606
0.082112
0.079603
0.079655
0.093373
0.081754
0.088020
0.079917
0.084133
0.078382
0.078662
0.084905
0.077790
0.077800
0.077692
0.077411
0.077329
0.077691
0.080459
0.080917
0.083196
0.078065
0.085607
0.080282
0.089187
0.085309
0.082156
0.087153
0.086083
0.083288
0.084074
0.085746
0.088136
0.088551
0.089416
0.088990
0.093198
0.089325
0.094787
0.090244
0.090287
0.086496
0.091024
0.094442
0.085240
0.089085
0.088148
0.084657
0.078807
0.080696
0.079087
0.080608
0.080795
0.083396
0.080591
0.081213
0.086092
0.081735
0.087546
0.082670
0.089239
0.085528
0.083002
0.087699
0.086480
0.090113
0.085127
0.089061
0.091376
0.094387
0.082543
0.085723
0.093383
0.088820
0.101132
0.092912
0.107234
0.097848
0.095893
0.105613
0.094131
0.098010
0.100413
0.098127
0.111425
0.101291
0.113389
0.103618
0.114714
0.108013
0.104282
0.112222
0.107314
0.103414
0.102681
0.106044
0.111594
0.112120
0.115660
0.117724
0.118476
0.113261
0.119516
0.126406
0.123004
0.116046
0.120303
0.121461
0.127045
0.136972
0.136846
0.135555
0.146349
0.189429
0.141102
0.185944
0.127091
0.122280
0.133041
0.133015
0.127347
0.127208
0.163751
0.141084
0.160098
0.142741
0.165797
0.148050
0.140402
0.151456
0.144491
0.129550
0.139085
0.129926
0.126261
0.136599
0.114829
0.110098
0.118337
0.122281
0.120188
0.114232
0.119035
0.123600
0.140605
0.128348
0.138774
0.125761
0.131017
0.119879
0.125215
0.136513
0.103358
0.108034
0.101135
0.094555
0.122755
0.112921
0.116929
0.107415
0.109357
0.101200
0.103431
0.112431
0.094120
0.095343
0.088996
0.088142
0.088676
0.093032
0.094061
0.090333
0.105108
0.096913
0.105203
0.097656
0.107161
0.101721
0.098723
0.105302
0.097602
0.094959
0.091250
0.092953
0.097328
0.100797
0.100616
0.098745
0.108786
0.104147
0.108152
0.103310
0.105892
0.100529
0.102570
0.107755
0.096310
0.098685
0.096636
0.093392
0.090622
0.094021
0.094617
0.091654
0.102893
0.097124
0.105612
0.097667
0.113729
0.108199
0.099872
0.108748
0.103103
0.096100
0.092477
0.094499
0.099328
0.109186
0.114530
0.108732
0.119849
0.115351
0.128435
0.120804
0.133603
0.129678
0.126008
0.133111
0.123645
0.119570
0.115289
0.117746
0.122315
0.127601
0.125160
0.122169
0.134103
0.130648
0.131452
0.127428
0.131030
0.132066
0.127023
0.130341
0.127876
0.123516
0.120115
0.121176
0.123236
0.130059
0.133020
0.131946
0.135149
0.138618
0.136212
0.148348
0.145415
0.138555
0.126050
0.142919
0.148510
0.146467
0.158432
0.159156
0.167766
0.198667
0.158428
0.190980
0.149695
0.150285
0.158944
0.159665
0.151106
0.155167
0.165990
0.159479
0.163502
0.163478
0.192875
0.190117
0.171146
0.175616
0.179084
0.161610
0.171092
0.157357
0.155423
0.171318
0.154257
0.156780
0.151585
0.151076
0.175215
0.157989
0.165763
0.152946
0.150877
0.144557
0.151929
0.157060
0.140348
0.147143
0.145433
0.139907
0.133048
0.134971
0.128714
0.125722
0.146459
0.136838
0.140548
0.132033
0.133935
0.127061
0.129281
0.136116
0.121103
0.122961
0.119427
0.116316
0.113993
0.118409
0.116640
0.112714
0.130302
0.122704
0.128963
0.120957
0.127409
0.121525
0.120480
0.127282
0.116926
0.115622
0.111292
0.112142
0.113525
0.117456
0.116579
0.113824
0.128588
0.121186
0.127423
0.119434
0.125598
0.119899
0.118814
0.125733
0.115333
0.115318
0.112520
0.110603
0.109626
0.115172
0.118904
0.114645
0.126811
0.120046
0.128507
0.122622
0.133435
0.133750
0.125163
0.128583
0.128850
0.122425
0.119063
0.122624
0.128692
0.134610
0.139067
0.136160
0.141707
0.141457
0.144691
0.145786
0.144152
0.144613
0.144785
0.145005
0.139723
0.138772
0.138231
0.137519
0.137838
0.139947
0.137713
0.135271
0.141909
0.142206
0.135899
0.139293
0.133358
0.140083
0.137690
0.132919
0.138057
0.135885
0.133171
0.133242
0.133549
0.137662
0.143440
0.141076
0.133825
0.140082
0.141921
0.144801
0.153565
0.157676
0.148161
0.148109
0.159610
0.151446
0.150939
0.149817
0.165063
0.168234
0.163270
0.169616
0.174553
0.184165
0.234003
0.233411
0.196427
0.189056
0.221587
0.185541
0.184462
0.195038
0.196178
0.205578
0.202231
0.200189
0.198153
0.197974
0.209993
0.183539
0.186962
0.183552
0.170777
0.176495
0.175145
0.156725
0.165633
0.155630
0.160030
0.160465
0.156158
0.154403
0.154277
0.147484
0.148145
0.152403
0.146753
0.135963
0.142886
0.137487
0.142393
0.143662
0.141669
0.138866
0.132786
0.130985
0.137056
0.126904
0.125863
0.123073
0.123797
0.129291
0.129544
0.135631
0.135400
0.136322
0.130191
0.129599
0.135026
0.123213
0.124378
0.124627
0.123707
0.129835
0.128496
0.134147
0.134120
0.135483
0.131349
0.132451
0.134972
0.125541
0.128981
0.137899
0.133181
0.138245
0.134295
0.133844
0.136484
0.141728
0.142104
0.143805
0.145079
0.142678
0.144872
0.139504
0.143845
0.142229
0.143933
0.145963
0.145269
0.142855
0.138428
0.132144
0.134559
0.134411
0.129367
0.130833
0.126880
0.132830
0.127691
0.128679
0.130242
0.132534
0.135408
0.142923
0.141749
0.134642
0.139623
0.158357
0.147467
0.158198
0.152216
0.150362
0.155106
0.161503
0.166840
0.172068
0.170369
0.169154
0.170558
0.219362
0.180616
0.182920
0.225946
0.229942
0.260414
0.254164
0.278967
0.285166
0.289399
0.275200
0.266650
0.221801
0.238830
0.236493
0.257828
0.274646
0.253768
0.237014
0.263111
0.217333
0.224195
0.218026
0.249524
0.230220
0.250906
0.223065
0.189761
0.186081
0.172658
0.188022
0.204646
0.248680
0.209325
0.198997
0.260946
0.190981
0.179311
0.180101
0.191249
0.255301
0.226387
0.202186
0.194393
0.229696
0.225185
0.298086
0.264314
0.321569
0.293897
0.273796
0.309776
0.253840
0.243884
0.244302
0.271895
0.261380
0.314444
0.303522
0.311222
0.290077
0.279914
0.266643
0.282669
0.282001
0.295378
0.323591
0.305888
0.303192
0.202343
0.234249
0.241850
0.236457
0.238686
0.221200
0.236826
0.232800
0.217063
0.208165
0.218328
0.216698
0.222039
0.201215
0.199315
0.196840
0.205290
0.185271
0.207320
0.176074
0.198858
0.172584
0.193400
0.193515
0.175129
0.168242
0.189275
0.173819
0.199373
0.183127
0.198380
0.202131
0.177531
0.204101
0.194105
0.198087
0.194946
0.184327
0.184961
0.176899
0.191775
0.185877
0.180822
0.186632
0.176412
0.168211
0.176380
0.183046
0.188636
0.191440
0.193004
0.174861
0.158634
0.164346
0.195317
0.200237
0.201953
0.215559
0.235758
0.232101
0.201988
0.205309
0.181821
0.170552
0.168539
0.180131
0.196951
0.176768
0.178531
0.188885
0.215382
0.233298
0.206780
0.194223
0.188837
0.214177
0.229158
0.226917
0.376307
0.350521
0.356987
0.383149
0.353771
0.348598
0.395872
0.359876
0.368297
0.360038
0.342384
0.373979
0.391246
0.294623
0.322212
0.342432
0.316079
0.346583
0.310907
0.381773
0.351655
0.376091
0.301886
0.306824
0.340094
0.346359
0.340498
0.313357
0.341527
0.371307
0.344480
0.279997
0.289512
0.292931
0.325974
0.266971
0.324974
0.315349
0.341624
0.328058
0.344991
0.324783
0.342180
0.364665
0.367234
0.384985
0.341913
0.361600
0.315143
0.298422
0.318547
0.344261
0.339447
0.315873
0.272540
0.285886
0.285519
0.312619
0.303078
0.341662
0.384370
0.398851
0.416021
0.364714
0.392846
0.396414
0.417648
0.399963
0.416067
0.391811
0.372261
0.391753
0.369262
0.383442
0.384767
0.342257
0.367546
0.388136
0.405458
0.372095
0.369353
0.370096
0.349533
0.341366
0.364642
0.350061
0.310978
0.330853
0.328527
0.266897
0.295808
0.273051
0.289490
0.292117
0.300229
0.263406
0.281142
0.279670
0.260064
0.276509
0.309013
0.320567
0.404507
0.385092
0.404320
0.404293
0.408694
0.403663
0.401165
0.393765
0.393241
0.383169
0.390774
0.402160
0.398880
0.406698
0.405654
0.399389
0.405932
0.355418
0.378986
0.397242
0.400687
0.372448
0.353469
0.369957
0.370834
0.375512
0.376648
0.395140
0.403653
0.408577
0.386999
0.403610
0.422377
0.422800
0.402732
0.409256
0.396669
0.368845
0.388437
0.403909
0.399449
0.408386
0.378568
0.406886
0.396572
0.387859
0.382364
0.377593
0.339689
0.354131
0.354240
0.345749
0.188630
0.255845
0.269148
0.194819
0.270277
0.257077
0.272981
0.293236
0.267454
0.207170
0.198459
0.245964
0.307635
0.309028
0.314579
0.291819
0.290401
0.169635
0.176299
0.183015
0.173110
0.163760
0.170708
0.159557
0.158450
0.157479
0.161433
0.164265
0.172856
0.172379
0.155089
0.154497
0.156973
0.144118
0.163353
0.152553
0.153887
0.162858
0.147651
0.149179
0.149177
0.149491
0.164619
0.149022
0.147589
0.146558
0.156077
0.154795
0.160857
0.158587
0.166669
0.193529
0.212869
0.193597
0.211083
0.231485
0.235680
0.194739
0.249962
0.213569
0.250553
0.256606
0.239807
0.232627
0.220563
0.210525
0.162991
0.196286
0.163275
0.161676
0.166608
0.159835
0.193258
0.243212
0.227734
0.173707
0.208583
0.235856
0.254876
0.162739
0.168626
0.163769
0.167352
0.159555
0.156262
0.155824
0.157691
0.170078
0.152380
0.148641
0.153868
0.146952
0.153276
0.157726
0.160591
0.166055
0.177073
0.164745
0.159182
0.213329
0.215146
0.192265
0.223867
0.199954
0.186135
0.226184
0.197794
0.203776
0.228155
0.180254
0.192251
0.169720
0.166709
0.167206
0.177181
0.205436
0.227296
0.221616
0.195909
0.218877
0.251433
0.220867
0.241053
0.272341
0.274352
0.362504
0.325330
0.237793
0.263688
0.231460
0.226195
0.237974
0.240374
0.231878
0.237490
0.226148
0.209047
0.171927
0.162603
0.170134
0.159750
0.165201
0.169206
0.196606
0.166800
0.175249
0.182191
0.154771
0.160486
0.159470
0.163651
0.161519
0.168549
0.160143
0.168267
0.162340
0.148491
0.160776
0.160752
0.161765
0.170059
0.159698
0.149665
0.159191
0.144904
0.166175
0.174170
0.172103
0.177255
0.193219
0.189977
0.198986
0.189753
0.187191
0.215315
0.198786
0.205824
0.215314
0.187690
0.192239
0.173055
0.170841
0.183289
0.186028
0.165242
0.176668
0.173178
0.160146
0.211774
0.173333
0.174881
0.218447
0.163113
0.158628
0.157321
0.164911
0.198225
0.153119
0.164646
0.154622
0.151917
0.151596
0.198849
0.153833
0.204601
0.187666
0.153962
0.156659
0.154383
0.167197
0.168015
0.156124
0.155951
0.186293
0.168997
0.162640
0.185909
0.156655
0.186505
0.278840
0.275023
0.256008
0.227052
0.249653
0.253415
0.231637
0.210887
0.188316
0.215655
0.193748
0.216115
0.214114
0.234521
0.159750
0.160708
0.160327
0.157571
0.154542
0.151912
0.160427
0.188740
0.190179
0.181200
0.161479
0.169553
0.197424
0.189690
0.195748
0.176389
0.187063
0.170410
0.182106
0.166774
0.172057
0.158503
0.164669
0.179670
0.171163
0.158356
0.154002
0.153335
0.149874
0.151722
0.152222
0.187951
0.149220
0.144950
0.205900
0.153591
0.213744
0.167597
0.152749
0.206460
0.149889
0.151017
0.151180
0.148186
0.157036
0.174011
0.188812
0.211673
0.255066
0.233721
0.248118
0.247202
0.236920
0.215233
0.264675
0.273041
0.298892
0.289014
0.284942
0.284745
0.173231
0.158938
0.151268
0.150115
0.147011
0.145536
0.146244
0.158479
0.156044
0.248233
0.224737
0.191401
0.283948
0.232520
0.254411
0.228736
0.224356
0.198391
0.246951
0.254787
0.228361
0.233676
0.236743
0.207091
0.232346
0.200942
0.227630
0.237222
0.230863
0.226642
0.230253
0.263727
0.271908
0.250975
0.237961
0.251220
0.263580
0.294903
0.376480
0.388261
0.376410
0.417413
0.438209
0.423374
0.444991
0.448033
0.435311
0.443130
0.455830
0.459327
0.434099
0.429817
0.451957
0.419751
0.436956
0.428054
0.423932
0.435151
0.414213
0.412069
0.425267
0.418735
0.328769
0.342114
0.350551
0.374465
0.351756
0.371197
0.393391
0.319934
0.380561
0.406298
0.408023
0.431549
0.423181
0.402532
0.412503
0.432493
0.400180
0.433768
0.432030
0.402577
0.398489
0.400903
0.390775
0.377010
0.221964
0.217426
0.262240
0.275537
0.257326
0.215268
0.262890
0.293053
0.253173
0.308232
0.271843
0.166830
0.158359
0.160564
0.156939
0.156749
0.156898
0.164814
0.161484
0.155999
0.150357
0.153132
0.150671
0.161560
0.159530
0.163172
0.159642
0.193130
0.188803
0.168048
0.189728
0.180347
0.179070
0.200065
0.194690
0.194090
0.230240
0.253512
0.285596
0.255539
0.299785
0.255371
0.258335
0.250816
0.284553
0.257904
0.303893
0.270857
0.274357
0.285107
0.340160
0.298389
0.275121
0.262482
0.275592
0.315868
0.345450
0.334576
0.353976
0.323436
0.343264
0.314360
0.379518
0.354895
0.319518
0.313331
0.307633
0.291162
0.331747
0.331099
0.322195
0.304339
0.301269
0.289398
0.292971
0.287542
0.297296
0.313661
0.302411
0.235195
0.215647
0.234202
0.209579
0.209279
0.192241
0.215203
0.208715
0.240618
0.251341
0.319399
0.298358
0.203906
0.178737
0.165378
0.167820
0.177186
0.159469
0.164774
0.161939
0.158365
0.153785
0.155466
0.156589
0.151270
0.147042
0.149826
0.141726
0.131290
0.137505
0.137817
0.139854
0.136568
0.146502
0.154768
0.151407
0.159802
0.226590
0.180143
0.258270
0.169772
0.186326
0.206590
0.276948
0.221200
0.196466
0.220857
0.278127
0.209127
0.206138
0.234352
0.261329
0.235684
0.263186
0.237287
0.242086
0.228549
0.267749
0.262271
0.258289
0.263384
0.278776
0.262087
0.256371
0.272462
0.279791
0.263497
0.287177
0.272101
0.323096
0.286998
0.273257
0.258206
0.275051
0.240309
0.311095
0.239061
0.287668
0.311268
0.302434
0.325252
0.299597
0.325222
0.318441
0.299814
0.346715
0.315140
0.301356
0.315031
0.307161
0.304515
0.310585
0.344156
0.335764
0.389181
0.369383
0.394337
0.339616
0.348110
0.316627
0.323056
0.357723
0.303470
0.383187
0.377623
0.373603
0.376906
0.387084
0.363869
0.388629
0.374264
0.379101
0.336424
0.356114
0.306034
0.355375
0.348645
0.349503
0.350065
0.333060
0.377114
0.370259
0.368665
0.367015
0.360635
0.379550
0.331440
0.360078
0.356476
0.357830
0.354091
0.358633
0.334635
0.321003
0.329522
0.398961
0.382757
0.388399
0.364155
0.407502
0.398584
0.351280
0.354540
0.341695
0.311471
0.320670
0.326391
0.335379
0.323266
0.308147
0.311507
0.314391
0.310327
0.313052
0.312488
0.309324
0.292401
0.295520
0.307559
0.291614
0.286332
0.312313
0.300059
0.295261
0.288922
0.326262
0.297844
0.292417
0.311897
0.304545
0.309697
0.303743
0.320594
0.308006
0.304644
0.319918
0.340628
0.326770
0.321820
0.326598
0.334384
0.323348
0.305485
0.309862
0.290773
0.284624
0.297532
0.306536
0.310886
0.332915
0.319566
0.321287
0.317417
0.316358
0.316310
0.313001
0.317825
0.317484
0.320481
0.365957
0.355514
0.310075
0.321244
0.297714
0.357681
0.392506
0.392983
0.388670
0.397309
0.389280
0.393181
0.378552
0.403356
0.404537
0.371191
0.367300
0.373575
0.326226
0.340645
0.356986
0.317203
0.333323
0.354679
0.385912
0.350723
0.384828
0.360081
0.328651
0.337699
0.380062
0.395031
0.378512
0.399961
0.377001
0.372461
0.363371
0.375266
0.390306
0.300314
0.312844
0.316379
0.312178
0.321443
0.343703
0.311838
0.291724
0.337724
0.345633
0.328894
0.269271
0.275821
0.292298
0.295129
0.293323
0.274463
0.287454
0.257345
0.299847
0.303899
0.306392
0.294712
0.247358
0.298169
0.311839
0.250921
0.317672
0.309315
0.283551
0.214521
0.226652
0.232137
0.179196
0.213198
0.229505
0.266459
0.261025
0.247448
0.301245
0.328198
0.323105
0.334022
0.336288
0.335137
0.339819
0.347379
0.315817
0.328274
0.342324
0.321290
0.314934
0.306991
0.304171
0.287284
0.293231
0.284201
0.271800
0.264918
0.269559
0.258803
0.267542
0.270232
0.274908
0.259517
0.261144
0.264971
0.259318
0.302338
0.286440
0.300028
0.311291
0.281818
0.286402
0.292703
0.276581
0.286622
0.306843
0.311798
0.305014
0.301995
0.261878
0.315165
0.331340
0.265443
0.326779
0.269608
0.263176
0.280870
0.270914
0.284549
0.287207
0.285933
0.310255
0.326797
0.315655
0.299811
0.315324
0.314569
0.303914
0.297482
0.301373
0.269698
0.277910
0.269144
0.265862
0.267222
0.275730
0.276408
0.282060
0.275473
0.269473
0.282617
0.307706
0.287544
0.277481
0.300248
0.281838
0.293890
0.280499
0.286354
0.278766
0.285631
0.280168
0.293862
0.295212
0.279374
0.222059
0.199425
0.226185
0.163678
0.180691
0.188234
0.172079
0.200133
0.213010
0.206366
0.163273
0.173120
0.182166
0.171635
0.172133
0.186627
0.180271
0.163237
0.189161
0.173371
0.184928
0.181069
0.180459
0.164670
0.151528
0.139676
0.148592
0.136327
0.159722
0.155155
0.169571
0.161915
0.150748
0.155998
0.160032
0.159643
0.171293
0.180073
0.195477
0.191858
0.183202
0.167328
0.173444
0.157000
0.157754
0.154659
0.154159
0.151917
0.156806
0.148940
0.152160
0.151205
0.147671
0.157428
0.155679
0.188153
0.175353
0.184344
0.160776
0.161431
0.190632
0.215850
0.306456
0.301168
0.277975
0.330350
0.334753
0.318355
0.336816
0.285831
0.209257
0.175319
0.157200
0.152847
0.153367
0.166446
0.179540
0.174743
0.185694
0.205482
0.180628
0.182350
0.179321
0.175577
0.177140
0.171180
0.155859
0.153439
0.150484
0.149758
0.151745
0.144339
0.148389
0.150069
0.148554
0.147888
0.146257
0.146993
0.146627
0.139978
0.147957
0.152116
0.149546
0.135202
0.138828
0.156476
0.149711
0.141202
0.133029
0.122319
0.121394
0.123298
0.128656
0.121817
0.125377
0.128867
0.136149
0.160789
0.137803
0.148127
0.146354
0.187077
0.134268
0.147229
0.158140
0.159195
0.208171
0.160662
0.137213
0.136468
0.141008
0.138412
0.146815
0.132596
0.165514
0.141006
0.147712
0.187672
0.147619
0.147264
0.147680
0.147493
0.158745
0.150637
0.158218
0.166027
0.176971
0.262540
0.276443
0.274316
0.314119
0.260905
0.275855
0.251156
0.278311
0.282219
0.285895
0.308591
0.289947
0.280437
0.304971
0.322304
0.309509
0.309397
0.294610
0.308503
0.302587
0.295415
0.268742
0.295334
0.264221
0.293667
0.298421
0.173280
0.182735
0.160244
0.171301
0.173008
0.174013
0.162275
0.153365
0.186370
0.158904
0.166805
0.210173
0.198570
0.173744
0.197753
0.439671
0.414991
0.447072
0.440810
0.427580
0.434597
0.427156
0.445879
0.433314
0.431456
0.432321
0.409860
0.431776
0.426187
0.426407
0.432695
0.421437
0.396898
0.411167
0.410622
0.401787
0.406038
0.407372
0.417430
0.416686
0.429886
0.419554
0.399301
0.430166
0.407323
0.399414
0.411989
0.392978
0.348368
0.352555
0.276615
0.247477
0.261680
0.255684
0.258644
0.250342
0.254525
0.253208
0.255865
0.247510
0.240744
0.241983
0.234933
0.245402
0.228812
0.233048
0.251449
0.229525
0.236949
0.258797
0.256567
0.247529
0.255388
0.266586
0.269305
0.272865
0.270705
0.280326
0.284693
0.289601
0.275340
0.267810
0.267183
0.267119
0.268021
0.263013
0.250392
0.261861
0.244529
0.272151
0.263992
0.238703
0.277399
0.275614
0.278414
0.290273
0.280705
0.287801
0.293846
0.302779
0.284078
0.296822
0.219409
0.232362
0.215358
0.218929
0.223694
0.220545
0.211468
0.223941
0.233766
0.229212
0.213466
0.221011
0.207244
0.241905
0.204174
0.229068
0.219754
0.226541
0.227665
0.246167
0.243250
0.240488
0.235210
0.235966
0.259145
0.263668
0.255958
0.259963
0.273611
0.275370
0.275299
0.274538
0.281902
0.282930
0.262229
0.261998
0.263710
0.259388
0.261301
0.257043
0.257182
0.261492
0.248218
0.266171
0.254929
0.265609
0.250363
0.261406
0.254203
0.258319
0.254254
0.211524
0.260730
0.251465
0.231922
0.258780
0.235840
0.245559
0.249256
0.253531
0.242065
0.243043
0.242949
0.242098
0.241463
0.243518
0.243950
0.256911
0.247466
0.255547
0.262560
0.263979
0.266635
0.262767
0.282804
0.270079
0.266365
0.282695
0.238535
0.243961
0.245943
0.249268
0.254047
0.249965
0.254147
0.236465
0.241332
0.235847
0.240584
0.235376
0.220859
0.236127
0.218615
0.245896
0.226401
0.237754
0.210306
0.248919
0.202443
0.242228
0.251911
0.265748
0.264055
0.310194
0.326504
0.298748
0.323122
0.335372
0.348730
0.294974
0.328928
0.345736
0.253353
0.244271
0.238237
0.221249
0.201716
0.208082
0.225358
0.201486
0.234149
0.203408
0.198485
0.194845
0.195102
0.181404
0.196716
0.198973
0.178607
0.161797
0.182488
0.166565
0.169534
0.159845
0.164473
0.170584
0.171371
0.176049
0.177405
0.192915
0.161287
0.183004
0.194747
0.208171
0.182752
0.167988
0.227804
0.201429
0.224065
0.235746
0.242599
0.241715
0.244194
0.246665
0.213072
0.232436
0.218364
0.238073
0.243994
0.250623
0.247146
0.229533
0.252664
0.251045
0.250707
0.253746
0.256041
0.255913
0.263940
0.254453
0.258603
0.264537
0.268628
0.255051
0.268297
0.276372
0.265044
0.253905
0.277174
0.265464
0.264462
0.256142
0.255275
0.245032
0.240609
0.192769
0.216644
0.190686
0.214429
0.249525
0.233257
0.291176
0.265483
0.269199
0.276431
0.241000
0.247939
0.237956
0.260897
0.249721
0.242441
0.237261
0.192819
0.177261
0.197541
0.194960
0.189791
0.225626
0.213829
0.239302
0.219335
0.203112
0.171267
0.156395
0.152911
0.150761
0.203197
0.159357
0.201323
0.213288
0.157645
0.181742
0.154703
0.191160
0.159623
0.152627
0.177021
0.245872
0.237771
0.245390
0.239981
0.229332
0.234688
0.245065
0.224413
0.191704
0.228944
0.253596
0.223943
0.258172
0.257040
0.253385
0.262570
0.249653
0.255049
0.259210
0.258300
0.262124
0.257990
0.266789
0.267527
0.260095
0.263621
0.268585
0.268420
0.240398
0.280929
0.285222
0.250915
0.185046
0.204581
0.182122
0.179763
0.192025
0.185674
0.204231
0.177237
0.191592
0.188245
0.196660
0.176419
0.192684
0.179071
0.191365
0.183816
0.216554
0.215906
0.215478
0.188064
0.190419
0.206909
0.246107
0.260075
0.228635
0.248638
0.210468
0.203670
0.195467
0.194111
0.203546
0.203610
0.190751
0.188861
0.184228
0.192693
0.191335
0.179082
0.195416
0.195562
0.202273
0.203133
0.207731
0.185914
0.168433
0.189425
0.170279
0.159259
0.159957
0.168674
0.166056
0.179260
0.173838
0.240508
0.226298
0.220901
0.200092
0.189800
0.176630
0.202978
0.165928
0.171476
0.154916
0.181073
0.213190
0.250779
0.254548
0.249227
0.246570
0.257209
0.257033
0.252582
0.249153
0.229125
0.218417
0.245646
0.250947
0.214319
0.240669
0.233431
0.206478
0.256377
0.262888
0.258575
0.265556
0.260612
0.267047
0.246791
0.258218
0.254197
0.242446
0.202603
0.205899
0.211738
0.190226
0.198992
0.203311
0.206279
0.227244
0.211161
0.204078
0.208618
0.183739
0.210757
0.214400
0.212743
0.202137
0.222399
0.220152
0.229747
0.227181
0.223013
0.246447
0.246568
0.265204
0.277508
0.253410
0.192361
0.204936
0.199607
0.227381
0.207360
0.214958
0.240609
0.248267
0.217841
0.224062
0.205344
0.180429
0.204274
0.166252
0.178838
0.192488
0.174374
0.179043
0.182666
0.188714
0.183983
0.172745
0.220299
0.212824
0.149679
0.157503
0.206218
0.148846
0.158081
0.154861
0.214039
0.161951
0.151820
0.191291
0.151233
0.166317
0.199274
0.158253
0.208678
0.193018
0.221836
0.316154
0.372969
0.370657
0.378002
0.374343
0.326132
0.258332
0.271884
0.268997
0.247594
0.220350
0.229003
0.256361
0.253712
0.242964
0.236902
0.274965
0.289546
0.266007
0.359756
0.330434
0.322301
0.300866
0.286724
0.281168
0.291210
0.269064
0.245513
0.290776
0.267189
0.290879
0.334605
0.347630
0.311731
0.208145
0.185396
0.178131
0.188995
0.163081
0.165371
0.175451
0.176188
0.193242
0.184969
0.213098
0.228518
0.181870
0.226548
0.204759
0.187993
0.170346
0.221696
0.207633
0.192770
0.170400
0.161140
0.174217
0.224276
0.175646
0.209044
0.209641
0.240464
0.172791
0.177307
0.208375
0.214790
0.241360
0.243454
0.236666
0.264804
0.238979
0.175123
0.190120
0.203726
0.202108
0.193743
0.222038
0.220971
0.232858
0.107083
0.109995
0.093892
0.097948
0.089886
0.090789
0.092247
0.092108
0.089990
0.087371
0.086371
0.087254
0.075946
0.081753
0.079891
0.085526
0.087284
0.084395
0.089209
0.084351
0.090631
0.091911
0.088250
0.086088
0.095222
0.075077
0.103089
0.076760
0.072795
0.070889
0.079056
0.085338
0.074318
0.070860
0.070157
0.068235
0.078016
0.083152
0.086947
0.090311
0.094457
0.092178
0.097023
0.094252
0.092952
0.090074
0.116283
0.108675
0.304329
0.297457
0.280977
0.286435
0.290605
0.299404
0.287045
0.288445
0.287637
0.280549
0.275167
0.277863
0.224773
0.239913
0.212825
0.226487
0.225992
0.211464
0.210065
0.202649
0.206734
0.209064
0.234339
0.216931
0.235221
0.220969
0.220310
0.222507
0.232794
0.213177
0.227591
0.222608
0.252260
0.230131
0.245882
0.255147
0.259687
0.280028
0.267444
0.262431
0.237417
0.253800
0.264637
0.233413
0.274713
0.252442
0.293878
0.292832
0.292450
0.286367
0.232992
0.230384
0.240901
0.226841
0.249853
0.231987
0.240684
0.268019
0.282344
0.249456
0.253584
0.251844
0.267052
0.330020
0.328853
0.332002
0.317648
0.317679
0.326113
0.328074
0.327939
0.318141
0.296928
0.299365
0.277662
0.265234
0.259757
0.279113
0.247417
0.281676
0.267670
0.284587
0.292232
0.286767
0.284268
0.297989
0.303157
0.294916
0.294469
0.287605
0.299959
0.278128
0.271354
0.147078
0.154062
0.152051
0.141397
0.134820
0.137272
0.125370
0.125263
0.123587
0.136532
0.137180
0.129993
0.130625
0.128557
0.125647
0.118999
0.119890
0.121364
0.121534
0.122956
0.122266
0.120638
0.118685
0.121169
0.122011
0.137877
0.136925
0.131024
0.131281
0.133515
0.129339
0.124562
0.125358
0.120047
0.127689
0.130487
0.121672
0.124242
0.118578
0.126790
0.120599
0.115405
0.111638
0.119632
0.121620
0.138607
0.142300
0.130676
0.130129
0.138428
0.128314
0.115611
0.116097
0.119103
0.129028
0.138776
0.115157
0.111722
0.106564
0.109499
0.102331
0.107263
0.101705
0.099670
0.106765
0.103768
0.102637
0.110566
0.110199
0.121702
0.120573
0.114538
0.113635
0.116250
0.114520
0.119633
0.123691
0.137915
0.139889
0.130086
0.127149
0.140118
0.131670
0.132782
0.139388
0.121428
0.133215
0.117436
0.113074
0.114798
0.130331
0.114721
0.113008
0.113612
0.111429
0.109285
0.109949
0.112313
0.112553
0.109518
0.110731
0.127564
0.127318
0.109872
0.109880
0.108739
0.121790
0.107948
0.113702
0.116359
0.129938
0.108808
0.108249
0.109998
0.109638
0.117717
0.118291
0.108681
0.106583
0.128588
0.120403
0.138485
0.137312
0.126897
0.133489
0.141906
0.145096
0.136288
0.139345
0.146222
0.148008
0.131437
0.130912
0.134322
0.135739
0.126275
0.128175
0.137596
0.134176
0.136892
0.142391
0.145548
0.148349
0.146914
0.145452
0.149144
0.141766
0.148035
0.139883
0.134812
0.136404
0.138557
0.138943
0.129301
0.121753
0.124248
0.126790
0.132240
0.132305
0.124415
0.169800
0.172611
0.158050
0.156876
0.173964
0.155733
0.146887
0.192208
0.166136
0.159452
0.186103
0.156308
0.151748
0.118113
0.145550
0.114774
0.154502
0.155516
0.153414
0.153677
0.134023
0.153010
0.134091
0.131745
0.108885
0.117506
0.101178
0.121267
0.108749
0.142851
0.118646
0.138278
0.132043
0.115594
0.149014
0.143622
0.157169
0.150663
0.158806
0.152662
0.155086
0.153063
0.158728
0.149373
0.147170
0.151615
0.128189
0.141987
0.135909
0.116209
0.138260
0.143518
0.146062
0.142461
0.154104
0.130867
0.135110
0.110008
0.128668
0.125270
0.104711
0.133885
0.145246
0.144273
0.142427
0.133865
0.139358
0.144265
0.104318
0.113532
0.123015
0.132636
0.116983
0.141507
0.132500
0.145106
0.142618
0.163583
0.152640
0.152429
0.169823
0.147718
0.148488
0.148561
0.150740
0.157351
0.146607
0.145851
0.145024
0.140061
0.132959
0.151192
0.135363
0.151780
0.153238
0.135318
0.201753
0.178459
0.187589
0.179283
0.172265
0.168431
0.183171
0.166165
0.154008
0.135542
0.166517
0.135309
0.220091
0.246973
0.267615
0.209849
0.262974
0.246954
0.198732
0.214926
0.178266
0.207047
0.181600
0.192518
0.194776
0.216156
0.193368
0.239749
0.163723
0.188815
0.174262
0.200860
0.173732
0.207069
0.232239
0.223803
0.216601
0.205088
0.167438
0.176432
0.200136
0.199369
0.193693
0.161632
0.200153
0.213870
0.195039
0.183948
0.198316
0.193396
0.194113
0.157569
0.184034
0.189051
0.161244
0.177889
0.204342
0.206353
0.191600
0.224104
0.186709
0.187367
0.155785
0.218676
0.190395
0.202408
0.163121
0.239984
0.232684
0.232780
0.176784
0.213802
0.226678
0.179777
0.214710
0.237598
0.195634
0.219216
0.213232
0.170900
0.198061
0.210596
0.162743
0.221759
0.229074
0.334420
0.315444
0.290599
0.302843
0.314972
0.236066
0.249989
0.264814
0.247034
0.253388
0.245064
0.233419
0.235947
0.220604
0.215391
0.244284
0.208396
0.197431
0.211502
0.202404
0.216750
0.215705
0.186371
0.173191
0.200754
0.207272
0.198755
0.207814
0.226271
0.225391
0.240136
0.299307
0.300343
0.287327
0.314807
0.307063
0.319697
0.312864
0.281178
0.305500
0.289038
0.310830
0.293128
0.308268
0.316681
0.323753
0.334929
0.338085
0.335313
0.312046
0.337641
0.312818
0.326379
0.312048
0.295699
0.317007
0.324584
0.320226
0.343975
0.326646
0.315660
0.184903
0.145064
0.144012
0.138836
0.100051
0.116519
0.116830
0.124725
0.116680
0.146355
0.133563
0.144566
0.132314
0.115368
0.107474
0.119200
0.106433
0.141865
0.143173
0.127990
0.126900
0.096417
0.110767
0.113573
0.098804
0.114617
0.100120
0.125959
0.135288
0.117274
0.132562
0.084998
0.106556
0.115403
0.094810
0.121812
0.136474
0.112518
0.128325
0.088624
0.104676
0.102329
0.088187
0.117138
0.133639
0.121649
0.132876
0.098939
0.110514
0.110322
0.102469
0.095294
0.117943
0.126487
0.139584
0.170279
0.136399
0.129317
0.137877
0.192021
0.128505
0.115743
0.101038
0.112256
0.096920
0.139611
0.136693
0.162322
0.134990
0.122196
0.115934
0.134950
0.109513
0.215971
0.214761
0.230806
0.246171
0.247502
0.224601
0.227709
0.227565
0.225203
0.232053
0.202682
0.240140
0.200230
0.258992
0.269450
0.268577
0.255085
0.257573
0.285421
0.302793
0.292626
0.286021
0.292247
0.275884
0.285844
0.282749
0.289112
0.283132
0.262507
0.260879
0.263847
0.265852
0.264882
0.216359
0.205748
0.241070
0.241820
0.259544
0.233502
0.222522
0.173565
0.204364
0.168296
0.209102
0.160923
0.200308
0.167083
0.207933
0.171498
0.199556
0.223863
0.163387
0.196299
0.183252
0.177291
0.187590
0.159570
0.179585
0.187035
0.186715
0.207076
0.326487
0.330255
0.308077
0.345531
0.327154
0.301138
0.278281
0.239907
0.245094
0.231811
0.221606
0.226882
0.231951
0.213478
0.231435
0.209229
0.221478
0.203428
0.222272
0.160845
0.160992
0.195355
0.190711
0.177906
0.219026
0.225196
0.222622
0.173068
0.150124
0.142093
0.139841
0.144241
0.160103
0.153577
0.160322
0.149676
0.161827
0.156587
0.168798
0.189188
0.170900
0.212198
0.165650
0.209918
0.157042
0.165131
0.154904
0.167516
0.195556
0.200975
0.207554
0.205702
0.215131
0.226391
0.226959
0.242582
0.246258
0.239668
0.235017
0.262384
0.226068
0.209527
0.227124
0.247759
0.257502
0.281859
0.292052
0.294577
0.305432
0.285038
0.301942
0.302086
0.295271
0.273051
0.294680
0.258056
0.251817
0.260368
0.245735
0.258445
0.268659
0.261507
0.277792
0.256604
0.276041
0.243240
0.211338
0.240313
0.230476
0.213508
0.241913
0.278998
0.256569
0.262540
0.281089
0.241210
0.273584
0.262354
0.257010
0.274533
0.247914
0.229116
0.215525
0.257213
0.265121
0.264181
0.283765
0.282515
0.291495
0.296815
0.291755
0.301978
0.297059
0.292795
0.293130
0.286643
0.306307
0.284174
0.261649
0.301966
0.295275
0.293440
0.302650
0.316798
0.287778
0.331212
0.272311
0.290723
0.315865
0.266477
0.291316
0.306314
0.298377
0.314487
0.271242
0.255506
0.292140
0.243921
0.228648
0.235501
0.257957
0.267080
0.296282
0.298198
0.296333
0.299756
0.310865
0.292590
0.304193
0.294498
0.298161
0.299974
0.310977
0.298373
0.318217
0.211438
0.255298
0.266722
0.195660
0.245251
0.311394
0.290445
0.353845
0.334895
0.323098
0.316360
0.301880
0.289809
0.289684
0.272917
0.319979
0.299682
0.277703
0.280488
0.297161
0.270373
0.229798
0.266077
0.268584
0.260561
0.269984
0.252245
0.285130
0.309337
0.326739
0.340877
0.360104
0.381086
0.377489
0.362594
0.313457
0.309007
0.327135
0.308669
0.313363
0.321552
0.302912
0.286467
0.176199
0.186260
0.209797
0.193974
0.162139
0.183276
0.188512
0.209268
0.196733
0.145481
0.160181
0.167181
0.144491
0.167400
0.176884
0.180049
0.165234
0.196490
0.218376
0.222164
0.210259
0.180727
0.187598
0.176450
0.166867
0.141697
0.145958
0.163286
0.158429
0.152734
0.165951
0.172182
0.160042
0.141729
0.148443
0.152832
0.152201
0.143361
0.152701
0.139924
0.152174
0.152989
0.151847
0.151861
0.151946
0.137521
0.141289
0.150215
0.152142
0.148035
0.149136
0.149974
0.135085
0.150134
0.154845
0.152178
0.153271
0.150982
0.150679
0.148635
0.160871
0.149601
0.151799
0.150902
0.133500
0.131289
0.149165
0.148110
0.148982
0.126451
0.136638
0.148729
0.148774
0.145497
0.147875
0.142301
0.148986
0.146878
0.149179
0.147647
0.150197
0.147662
0.136856
0.141917
0.146136
0.146132
0.139270
0.147893
0.134847
0.145824
0.145677
0.150672
0.144439
0.132956
0.147147
0.147505
0.146758
0.150575
0.131053
0.128850
0.122883
0.120764
0.120780
0.124676
0.114372
0.115208
0.116459
0.124560
0.118309
0.130981
0.123729
0.126984
0.132582
0.143552
0.140788
0.130660
0.128184
0.125830
0.134266
0.120590
0.119319
0.120105
0.117267
0.122641
0.126962
0.136976
0.136346
0.124784
0.124930
0.133620
0.142190
0.120139
0.113407
0.127741
0.126868
0.136253
0.146606
0.135147
0.139724
0.121253
0.119549
0.123366
0.139652
0.108862
0.110223
0.112866
0.111880
0.122035
0.135334
0.122922
0.128643
0.119454
0.121991
0.119835
0.126993
0.114326
0.115701
0.111869
0.109969
0.119302
0.127446
0.120301
0.115789
0.115382
0.113889
0.113543
0.113392
0.113204
0.109637
0.113289
0.114385
0.114546
0.115182
0.121356
0.109731
0.129128
0.116638
0.106201
0.109462
0.112663
0.126834
0.105072
0.116158
0.107947
0.108557
0.113814
0.129532
0.117174
0.137307
0.135575
0.133703
0.135918
0.132181
0.132007
0.129461
0.128267
0.131548
0.104058
0.102515
0.099653
0.093089
0.096470
0.089383
0.100978
0.081941
0.092787
0.074089
0.074594
0.080371
0.085956
0.079970
0.094039
0.078270
0.086669
0.091833
0.101937
0.108399
0.090279
0.095202
0.091315
0.083680
0.091284
0.093180
0.134110
0.139589
0.129178
0.126920
0.132067
0.132725
0.133196
0.129884
0.125884
0.123060
0.116247
0.119079
0.122749
0.123232
0.122838
0.147285
0.142552
0.136255
0.130753
0.130030
0.138015
0.124954
0.127972
0.124707
0.122094
0.127729
0.132795
0.133793
0.142502
0.141674
0.138930
0.149191
0.148569
0.148059
0.150457
0.141405
0.142178
0.138914
0.135188
0.132607
0.139975
0.135049
0.140715
0.139292
0.143658
0.132983
0.140890
0.145271
0.146515
0.148881
0.149113
0.148478
0.147862
0.148865
0.148326
0.151402
0.148643
0.149428
0.149612
0.148171
0.148106
0.146623
0.147897
0.144231
0.151479
0.149486
0.147019
0.151804
0.147075
0.152356
0.154232
0.143791
0.146449
0.144990
0.146746
0.148542
0.152113
0.150334
0.152265
0.142875
0.145752
0.143825
0.136368
0.125453
0.126730
0.137581
0.139190
0.130048
0.137920
0.142591
0.155329
0.156321
0.232146
0.270051
0.249307
0.254357
0.219351
0.280115
0.282635
0.286461
0.276582
0.289031
0.266494
0.275560
0.292727
0.242924
0.249584
0.227150
0.228595
0.236731
0.234418
0.247191
0.265847
0.227919
0.227034
0.246407
0.269714
0.234906
0.280737
0.290092
0.278098
0.279197
0.261968
0.293004
0.308187
0.303228
0.282799
0.213674
0.193063
0.245906
0.258967
0.211819
0.268345
0.230863
0.203070
0.177433
0.215055
0.200125
0.254368
0.243546
0.273746
0.234260
0.225465
0.238770
0.250233
0.260824
0.268513
0.270959
0.233228
0.297893
0.297567
0.278662
0.280348
0.294301
0.278643
0.282963
0.280796
0.267184
0.235475
0.271128
0.225894
0.243172
0.243554
0.253779
0.276634
0.282510
0.302687
0.260021
0.238221
0.232762
0.241760
0.246005
0.282605
0.277121
0.250432
0.253236
0.244867
0.243182
0.247976
0.244250
0.246006
0.268139
0.283699
0.250213
0.262170
0.227296
0.214671
0.251241
0.263931
0.224111
0.270392
0.270740
0.272815
0.273949
0.262702
0.228893
0.252123
0.263344
0.275692
0.267834
0.275329
0.273078
0.279798
0.283656
0.290277
0.295348
0.313631
0.303970
0.311308
0.296012
0.305826
0.314514
0.326435
0.309480
0.317710
0.310418
0.306820
0.301335
0.296415
0.298641
0.281492
0.268681
0.284680
0.282370
0.283844
0.286111
0.296986
0.285339
0.283757
0.285477
0.300763
0.297538
0.300226
0.308067
0.294205
0.287344
0.291083
0.291769
0.273177
0.290759
0.288031
0.275849
0.305756
0.297664
0.305150
0.308742
0.321167
0.319107
0.320407
0.311087
0.334556
0.313140
0.287753
0.283891
0.276242
0.280839
0.318698
0.303742
0.338598
0.343077
0.327969
0.322049
0.319890
0.316930
0.326599
0.325238
0.315442
0.291893
0.315409
0.301608
0.315864
0.324883
0.309481
0.300929
0.284494
0.276933
0.280426
0.283266
0.283209
0.267076
0.275270
0.274734
0.281405
0.283466
0.295173
0.285801
0.352926
0.348009
0.363959
0.357845
0.337485
0.316298
0.301540
0.286903
0.158686
0.151381
0.177502
0.149461
0.149695
0.148481
0.142756
0.143503
0.109112
0.095224
0.096484
0.089328
0.092832
0.099597
0.088353
0.086488
0.084760
0.085601
0.087176
0.091077
0.084793
0.090652
0.081122
0.085310
0.089440
0.091160
0.096452
0.100211
0.092615
0.089579
0.077404
0.090220
0.072516
0.085024
0.093612
0.104179
0.107591
0.130240
0.141313
0.116974
0.144488
0.149345
0.152138
0.148134
0.115557
0.158392
0.173170
0.177061
0.163225
0.154856
0.159905
0.151999
0.117239
0.111356
0.148643
0.153423
0.106553
0.136324
0.137100
0.104055
0.140421
0.139436
0.129592
0.103360
0.182994
0.149525
0.153525
0.149593
0.151924
0.139896
0.103099
0.127098
0.105090
0.121125
0.128439
0.112156
0.140605
0.128639
0.111039
0.161109
0.129651
0.138472
0.169526
0.137194
0.107657
0.130586
0.127881
0.122028
0.120305
0.104713
0.118528
0.108126
0.120286
0.119645
0.139022
0.120513
0.108111
0.136694
0.123115
0.128242
0.148277
0.125230
0.152469
0.147614
0.125097
0.165729
0.154107
0.149804
0.162329
0.147719
0.127123
0.148058
0.152476
0.121237
0.155657
0.154881
0.155255
0.162175
0.158018
0.169269
0.154085
0.122363
0.153052
0.122610
0.154101
0.154364
0.124269
0.152751
0.151665
0.155352
0.122939
0.160356
0.163569
0.154513
0.153847
0.152877
0.118692
0.149578
0.174706
0.158940
0.158591
0.163976
0.120352
0.155080
0.118228
0.157973
0.156260
0.114102
0.163435
0.184488
0.237528
0.215026
0.202920
0.228188
0.201532
0.183576
0.184089
0.206291
0.183702
0.178957
0.208140
0.221287
0.218664
0.174252
0.191316
0.217622
0.150443
0.182260
0.167348
0.198163
0.170074
0.204418
0.220033
0.154436
0.152431
0.144312
0.131928
0.136697
0.133299
0.146537
0.145858
0.137473
0.152059
0.167721
0.173625
0.164721
0.167997
0.140954
0.156387
0.146957
0.136073
0.156625
0.158025
0.180014
0.169886
0.158597
0.139942
0.154940
0.156262
0.142522
0.160963
0.162700
0.171941
0.216667
0.172345
0.190660
0.164306
0.163063
0.194271
0.149187
0.173645
0.158041
0.140076
0.190073
0.239887
0.226375
0.237437
0.183741
0.211988
0.228820
0.225214
0.204714
0.186805
0.235925
0.231234
0.223255
0.183857
0.212412
0.182667
0.176642
0.217113
0.238234
0.304768
0.300541
0.318631
0.297084
0.299593
0.336648
0.308710
0.330362
0.328134
0.303508
0.328244
0.327687
0.391387
0.350549
0.331370
0.388531
0.355089
0.304925
0.290091
0.246510
0.263782
0.256595
0.220109
0.240295
0.204377
0.257433
0.269724
0.291215
0.304097
0.274920
0.317805
0.287267
0.256142
0.291216
0.292241
0.269944
0.311287
0.347082
0.289053
0.237285
0.324291
0.332382
0.294952
0.271330
0.263574
0.226749
0.220680
0.245327
0.177047
0.213209
0.211969
0.179680
0.240417
0.227345
0.302575
0.294336
0.236541
0.338512
0.253343
0.275528
0.283567
0.267810
0.256926
0.267784
0.313139
0.290701
0.306509
0.286340
0.305611
0.314109
0.315480
0.304421
0.280256
0.254100
0.257995
0.272332
0.254878
0.250479
0.252993
0.248329
0.251516
0.226661
0.243488
0.235592
0.265210
0.262243
0.251219
0.252709
0.261564
0.266778
0.277337
0.291913
0.292305
0.294939
0.313170
0.312456
0.319729
0.291051
0.315211
0.338245
0.321600
0.323595
0.315754
0.282047
0.296815
0.289192
0.281492
0.284278
0.290287
0.283949
0.292964
0.275702
0.286815
0.300996
0.313842
0.308268
0.316925
0.280269
0.298147
0.308012
0.292473
0.308295
0.299712
0.299164
0.292674
0.283669
0.292704
0.249733
0.311027
0.304749
0.308035
0.310136
0.298298
0.291279
0.261376
0.281813
0.294360
0.205584
0.235892
0.207588
0.247601
0.213087
0.222896
0.181464
0.172780
0.196300
0.194349
0.160746
0.236887
0.251985
0.230996
0.209117
0.237760
0.252085
0.259912
0.283601
0.273119
0.254050
0.183734
0.220719
0.208057
0.248824
0.242790
0.238109
0.232982
0.265615
0.263323
0.287607
0.272756
0.266226
0.269315
0.205526
0.230191
0.205383
0.230353
0.259700
0.275307
0.282699
0.300516
0.316010
0.295796
0.263332
0.287860
0.247009
0.251173
0.259467
0.244757
0.220902
0.214899
0.244745
0.249327
0.232812
0.230399
0.199915
0.164816
0.182085
0.175691
0.174860
0.192830
0.162902
0.160522
0.191659
0.168252
0.198918
0.173949
0.158859
0.157974
0.182160
0.162257
0.201117
0.202830
0.161828
0.162732
0.207705
0.152011
0.152480
0.184682
0.194358
0.151554
0.146773
0.132233
0.162751
0.140078
0.142673
0.170039
0.149067
0.182477
0.151141
0.174327
0.144467
0.166946
0.137097
0.152938
0.140970
0.148966
0.148152
0.172861
0.149788
0.178154
0.155734
0.180813
0.157819
0.196567
0.186175
0.158167
0.158705
0.176056
0.216084
0.163220
0.196767
0.175171
0.201472
0.223306
0.247872
0.202990
0.334341
0.332244
0.319019
0.341457
0.343495
0.375376
0.326466
0.377040
0.311556
0.201482
0.209007
0.166793
0.166846
0.171940
0.174859
0.169248
0.189319
0.155618
0.157183
0.179005
0.155338
0.175937
0.151901
0.167439
0.154510
0.199459
0.157040
0.193449
0.155879
0.164606
0.209329
0.186734
0.173150
0.178681
0.181242
0.181690
0.178822
0.188579
0.179775
0.265346
0.236608
0.276045
0.265633
0.251207
0.294153
0.269696
0.270602
0.293589
0.292026
0.282950
0.301925
0.292673
0.301103
0.292245
0.283240
0.293286
0.312158
0.291555
0.282801
0.291139
0.292912
0.275641
0.269460
0.289301
0.201519
0.205060
0.192626
0.194687
0.227353
0.215768
0.187339
0.209868
0.245846
0.206486
0.250826
0.213040
0.189014
0.161897
0.151247
0.149815
0.139763
0.133956
0.145580
0.163926
0.139713
0.134358
0.129923
0.127380
0.133489
0.132890
0.137254
0.124741
0.143946
0.126247
0.131176
0.123510
0.132013
0.123189
0.119569
0.131410
0.160083
0.122219
0.128577
0.129229
0.120970
0.119340
0.110483
0.111737
0.122570
0.119321
0.118258
0.166692
0.157578
0.127092
0.137130
0.119179
0.146947
0.105897
0.100300
0.110677
0.104404
0.103161
0.108961
0.107863
0.142897
0.117858
0.118687
0.144110
0.112961
0.114270
0.112447
0.118377
0.117434
0.128822
0.120004
0.148340
0.131332
0.195547
0.194039
0.154823
0.135533
0.148030
0.177175
0.135378
0.121368
0.118708
0.120789
0.116081
0.169381
0.140036
0.142073
0.145250
0.178214
0.127089
0.118895
0.117188
0.161432
0.161539
0.139969
0.330069
0.329124
0.332032
0.336323
0.312220
0.332001
0.320142
0.307061
0.292306
0.302482
0.291081
0.288972
0.282395
0.296548
0.295222
0.309679
0.284397
0.294026
0.300441
0.306867
0.318063
0.307017
0.309667
0.313263
0.307522
0.319448
0.305600
0.313516
0.234179
0.237347
0.208461
0.208936
0.217793
0.218036
0.176662
0.195251
0.221345
0.211163
0.229302
0.222364
0.221110
0.232045
0.240807
0.244440
0.243091
0.248410
0.242469
0.236787
0.251034
0.315712
0.339852
0.325866
0.262002
0.215664
0.232963
0.178912
0.219070
0.176428
0.200665
0.225976
0.202695
0.186530
0.213548
0.228142
0.220863
0.238324
0.219155
0.201574
0.156857
0.172382
0.206923
0.186968
0.175576
0.151959
0.187189
0.197317
0.201148
0.189641
0.181113
0.168068
0.172683
0.191197
0.183541
0.186459
0.193423
0.174278
0.210268
0.181403
0.214214
0.227543
0.271223
0.247100
0.248065
0.256137
0.247377
0.240948
0.229280
0.238190
0.243171
0.223259
0.243285
0.232034
0.200291
0.195606
0.230764
0.215395
0.218517
0.192611
0.194113
0.213065
0.192755
0.207542
0.213074
0.227319
0.186226
0.170724
0.200483
0.193437
0.232790
0.241024
0.263308
0.221115
0.221369
0.157704
0.203889
0.178539
0.213665
0.176613
0.226857
0.257470
0.223682
0.157167
0.135556
0.132298
0.140168
0.162401
0.134338
0.142380
0.142356
0.170409
0.172607
0.171966
0.179925
0.176809
0.168748
0.169942
0.160407
0.168477
0.167233
0.157355
0.157021
0.157614
0.167220
0.163507
0.171959
0.184346
0.172111
0.178583
0.209146
0.180923
0.191078
0.204046
0.217938
0.245806
0.250405
0.231862
0.234686
0.080469
0.074582
0.076955
0.072925
0.071323
0.063004
0.077640
0.080762
0.079278
0.091485
0.083145
0.082421
0.077811
0.067984
0.070212
0.073081
0.079170
0.078090
0.086752
0.077021
0.071356
0.094659
0.087826
0.082690
0.077192
0.074101
0.066653
0.065132
0.064092
0.067912
0.067932
0.064736
0.061638
0.069425
0.067126
0.073579
0.076014
0.076131
0.078556
0.068959
0.073580
0.077075
0.072792
0.075931
0.073665
0.078988
0.077677
0.087607
0.088565
0.085453
0.081549
0.083269
0.087288
0.087976
0.084145
0.086705
0.085944
0.091834
0.087245
0.094456
0.101166
0.095429
0.091912
0.091137
0.092378
0.100559
0.098354
0.086278
0.093096
0.096970
0.103345
0.111571
0.108729
0.108294
0.106369
0.096906
0.085045
0.111054
0.093237
0.092589
0.083538
0.100986
0.097979
0.101017
0.104401
0.091956
0.082959
0.073063
0.084169
0.090126
0.082761
0.096919
0.096149
0.095447
0.115207
0.102353
0.291441
0.287921
0.295493
0.303343
0.296933
0.289802
0.299493
0.312459
0.312049
0.294029
0.305202
0.288951
0.313817
0.283645
0.288635
0.290474
0.264899
0.286387
0.255154
0.289106
0.291696
0.359808
0.352183
0.348640
0.332129
0.326783
0.322967
0.336222
0.321669
0.334678
0.322878
0.301870
0.301991
0.238881
0.224266
0.240228
0.226675
0.237241
0.234752
0.231785
0.230431
0.247143
0.235538
0.256078
0.275066
0.241578
0.219082
0.242362
0.242461
0.209960
0.253992
0.214697
0.225419
0.247567
0.283457
0.267007
0.217974
0.222199
0.231249
0.245311
0.230024
0.223559
0.225177
0.232212
0.230016
0.235877
0.232315
0.228484
0.247911
0.230709
0.215222
0.240849
0.234108
0.232668
0.228862
0.236382
0.225868
0.224252
0.210833
0.237965
0.238931
0.317211
0.331163
0.309170
0.300837
0.305472
0.299095
0.291155
0.304117
0.322991
0.314030
0.350866
0.379562
0.370815
0.367676
0.384066
0.325931
0.292711
0.316301
0.323405
0.312104
0.315047
0.298259
0.320174
0.305299
0.298664
0.296197
0.295623
0.289214
0.292557
0.301186
0.281918
0.284553
0.283304
0.284273
0.307650
0.322420
0.280938
0.321851
0.323838
0.320335
0.273798
0.287452
0.269019
0.304853
0.302238
0.305615
0.279376
0.267976
0.323213
0.312167
0.358544
0.374003
0.386966
0.351404
0.357028
0.321811
0.322873
0.361933
0.347747
0.342088
0.316196
0.341748
0.323635
0.318915
0.310045
0.361234
0.331817
0.303182
0.287943
0.263581
0.295111
0.275894
0.302364
0.254204
0.293925
0.303895
0.295803
0.300244
0.280313
0.259088
0.298086
0.309946
0.272113
0.308164
0.288154
0.327224
0.330835
0.314808
0.316349
0.327863
0.330567
0.339002
0.325300
0.326254
0.342173
0.339612
0.319789
0.310126
0.297362
0.314235
0.305113
0.306659
0.303259
0.300706
0.300193
0.299320
0.313137
0.320962
0.328226
0.322211
0.284374
0.349726
0.349636
0.325551
0.294269
0.257776
0.300597
0.286218
0.314723
0.301677
0.286097
0.305540
0.328842
0.343150
0.320711
0.292889
0.310206
0.266439
0.287523
0.263279
0.284052
0.288301
0.281395
0.295485
0.281809
0.282414
0.247022
0.240339
0.283239
0.281128
0.267689
0.253722
0.285390
0.291818
0.280760
0.259821
0.240817
0.207662
0.223431
0.245642
0.263754
0.237069
0.221333
0.195941
0.197150
0.229632
0.256375
0.245918
0.228703
0.211766
0.220197
0.213103
0.286827
0.286074
0.277507
0.252481
0.253995
0.260246
0.267648
0.280335
0.278521
0.238946
0.289642
0.288391
0.288687
0.246010
0.274973
0.234892
0.246408
0.246617
0.228657
0.252379
0.245263
0.248972
0.217935
0.182212
0.197511
0.183160
0.223616
0.241356
0.220380
0.206714
0.314425
0.313570
0.333770
0.307209
0.304554
0.305479
0.278050
0.240757
0.301079
0.284221
0.290350
0.272162
0.281425
0.241801
0.232207
0.233946
0.260988
0.244521
0.251531
0.273204
0.274977
0.250293
0.234481
0.237369
0.221584
0.264144
0.215986
0.287237
0.248999
0.265426
0.231566
0.210772
0.138708
0.116111
0.113158
0.106394
0.097576
0.105411
0.110157
0.125301
0.149717
0.139206
0.136938
0.137470
0.139728
0.151262
0.156184
0.147585
0.142604
0.141855
0.143920
0.152691
0.154595
0.138590
0.147847
0.140355
0.145906
0.149716
0.152524
0.122470
0.132528
0.121292
0.131812
0.130717
0.145022
0.126781
0.117487
0.126567
0.111012
0.115833
0.114961
0.120177
0.130782
0.121023
0.126394
0.109513
0.111442
0.114804
0.125188
0.113306
0.123423
0.110776
0.109799
0.118684
0.128763
0.144750
0.124699
0.130102
0.131247
0.120588
0.113123
0.118274
0.063333
0.070344
0.060213
0.071002
0.069823
0.065609
0.075164
0.072542
0.060500
0.079699
0.074574
0.075146
0.083319
0.068471
0.064491
0.051296
0.046969
0.047643
0.051415
0.044147
0.043596
0.042330
0.053658
0.056619
0.052187
0.051428
0.048778
0.048354
0.043302
0.041565
0.036278
0.037605
0.040668
0.041341
0.037111
0.036427
0.038917
0.035276
0.035055
0.034876
0.035408
0.033852
0.033173
0.038596
0.035469
0.051773
0.038754
0.036579
0.041422
0.043175
0.047199
0.043915
0.045162
0.045907
0.052070
0.052272
0.044647
0.054937
0.045545
0.052122
0.048074
0.046100
0.049905
0.050568
0.045423
0.076191
0.053608
0.046140
0.057261
0.040172
0.043500
0.042361
0.038730
0.044936
0.042937
0.042086
0.042261
0.040278
0.054509
0.049596
0.043909
0.045806
0.051997
0.042446
0.053470
0.040969
0.041008
0.056625
0.041431
0.041093
0.048965
0.043363
0.041990
0.041906
0.042002
0.050799
0.041668
0.045194
0.045841
0.050781
0.044597
0.041139
0.048600
0.043675
0.063843
0.065237
0.046773
0.051685
0.066477
0.050598
0.060151
0.051469
0.050670
0.061280
0.076494
0.076136
0.080051
0.089388
0.093308
0.084365
0.077409
0.081989
0.083740
0.086280
0.086280
0.092725
0.091668
0.086289
0.102618
0.099900
0.088468
0.090370
0.105738
0.112517
0.101218
0.109992
0.102149
0.094307
0.117104
0.109604
0.106253
0.098039
0.090985
0.127775
0.107372
0.114762
0.126359
0.103976
0.115058
0.115671
0.103494
0.104733
0.086995
0.095637
0.107264
0.109362
0.115484
0.110263
0.120872
0.124419
0.128374
0.120848
0.112365
0.147643
0.137350
0.131484
0.148656
0.140366
0.140304
0.151040
0.124389
0.106459
0.116003
0.058051
0.065073
0.065178
0.057327
0.064838
0.066111
0.061359
0.056736
0.052604
0.094123
0.095641
0.069729
0.070870
0.088013
0.067994
0.092278
0.081263
0.069053
0.086597
0.074501
0.061140
0.063883
0.053276
0.055778
0.068785
0.047147
0.043577
0.047778
0.046316
0.044853
0.040747
0.056799
0.048959
0.058339
0.047720
0.047005
0.058732
0.046676
0.039633
0.044538
0.079671
0.061926
0.085434
0.067629
0.060117
0.057083
0.072528
0.085701
0.063056
0.050257
0.056102
0.046241
0.051244
0.049121
0.042666
0.040621
0.035688
0.040329
0.034149
0.036644
0.037600
0.032826
0.033352
0.035133
0.037182
0.041295
0.042128
0.069527
0.072108
0.054628
0.067250
0.069472
0.050822
0.045049
0.048155
0.063215
0.046575
0.068494
0.041061
0.035423
0.037080
0.038739
0.040636
0.054436
0.057478
0.043657
0.042253
0.062561
0.070822
0.049172
0.048617
0.072348
0.050241
0.046833
0.045735
0.043556
0.080558
0.060430
0.051807
0.077387
0.051138
0.047621
0.044617
0.047308
0.043302
0.040982
0.041786
0.096963
0.050518
0.043836
0.060932
0.045044
0.040631
0.041500
0.043630
0.058135
0.032278
0.032464
0.037570
0.037875
0.034459
0.039488
0.041399
0.044986
0.040573
0.036448
0.046177
0.042150
0.064176
0.057419
0.044678
0.049693
0.048134
0.038438
0.038626
0.047696
0.038942
0.038186
0.042060
0.042282
0.049569
0.044353
0.040630
0.036694
0.037850
0.037419
0.040171
0.056022
0.068358
0.044471
0.041424
0.076558
0.047744
0.071784
0.050471
0.047821
0.076523
0.056103
0.049178
0.048297
0.045839
0.048510
0.049006
0.048143
0.046624
0.044537
0.047266
0.057610
0.050257
0.046971
0.057864
0.049878
0.057143
0.044626
0.049071
0.056073
0.043688
0.047254
0.042255
0.044892
0.045577
0.041441
0.047360
0.043387
0.042888
0.052067
0.042434
0.040179
0.040410
0.039362
0.040490
0.040645
0.052653
0.040678
0.038034
0.042206
0.037030
0.036833
0.040709
0.040234
0.043407
0.035438
0.036326
0.041736
0.036969
0.073865
0.073492
0.065439
0.066857
0.069080
0.060152
0.053852
0.055525
0.058263
0.057005
0.066311
0.051659
0.041856
0.046599
0.049720
0.057563
0.049871
0.052108
0.057478
0.049423
0.142331
0.139776
0.135178
0.142773
0.130165
0.125413
0.102609
0.109682
0.128964
0.090289
0.085152
0.111550
0.131071
0.079660
0.097097
0.063471
0.080912
0.071838
0.068294
0.077577
0.107801
0.115867
0.085971
0.081507
0.049045
0.052715
0.050981
0.043728
0.049962
0.045202
0.048324
0.047218
0.038544
0.044939
0.048632
0.041568
0.038812
0.042508
0.037910
0.035311
0.048782
0.043475
0.048643
0.042767
0.061798
0.055101
0.040205
0.063329
0.056638
0.052564
0.047792
0.035423
0.060409
0.057622
0.064728
0.057544
0.055967
0.066096
0.055749
0.055752
0.066202
0.051775
0.044750
0.034978
0.047620
0.061989
0.047408
0.043419
0.051925
0.057463
0.041874
0.050653
0.054032
0.055774
0.062832
0.067888
0.049842
0.039808
0.074099
0.054258
0.072292
0.056721
0.068554
0.065431
0.056639
0.064036
0.066751
0.059572
0.057954
0.034644
0.042214
0.038663
0.031313
0.036443
0.034842
0.034830
0.037261
0.030677
0.033891
0.033278
0.037024
0.036435
0.035928
0.032992
0.039307
0.024570
0.025726
0.024908
0.023416
0.024616
0.023987
0.022969
0.021951
0.023072
0.023703
0.025036
0.023716
0.029888
0.024534
0.029737
0.023583
0.044196
0.024908
0.022527
0.028477
0.019988
0.020798
0.021586
0.020203
0.021893
0.022589
0.025367
0.024746
0.024152
0.022395
0.022121
0.024678
0.042357
0.027712
0.040211
0.028564
0.027404
0.028364
0.038817
0.027905
0.024190
0.025517
0.021799
0.021980
0.024606
0.023312
0.020602
0.019835
0.022976
0.020298
0.019859
0.019576
0.019296
0.023182
0.026075
0.039417
0.035591
0.036877
0.032819
0.031371
0.034113
0.032544
0.030697
0.031140
0.033363
0.028880
0.029093
0.026769
0.026207
0.028991
0.031214
0.054501
0.041612
0.038351
0.057396
0.039740
0.035381
0.037397
0.040553
0.062929
0.045410
0.030582
0.033217
0.039902
0.031244
0.034786
0.039933
0.048086
0.035154
0.033659
0.047906
0.037704
0.069902
0.040940
0.047114
0.032277
0.040952
0.052643
0.036432
0.046628
0.056523
0.049022
0.053099
0.034714
0.042175
0.046991
0.036126
0.057393
0.059889
0.080145
0.087563
0.075330
0.078018
0.074742
0.068006
0.055764
0.057830
0.055445
0.080338
0.056765
0.080092
0.064673
0.051892
0.049715
0.074483
0.085716
0.053701
0.033748
0.041496
0.034475
0.042927
0.041279
0.033224
0.090330
0.118390
0.075847
0.086645
0.107164
0.129121
0.073784
0.068399
0.078420
0.075601
0.081684
0.071257
0.074615
0.079216
0.080710
0.082979
0.130846
0.133470
0.105340
0.104132
0.056246
0.049457
0.049890
0.052038
0.043356
0.039207
0.039829
0.037608
0.038399
0.048143
0.036698
0.036381
0.044884
0.035523
0.042468
0.063841
0.056870
0.055898
0.065089
0.048467
0.049338
0.048861
0.051406
0.063034
0.044211
0.042468
0.047262
0.057823
0.049288
0.055704
0.052228
0.069357
0.066167
0.054770
0.059816
0.064580
0.056398
0.065547
0.074719
0.060849
0.072617
0.080120
0.073928
0.083422
0.114958
0.083038
0.064563
0.119323
0.095750
0.100121
0.120928
0.078709
0.086075
0.074092
0.053969
0.056552
0.058648
0.054161
0.060917
0.062925
0.061045
0.057500
0.052714
0.085322
0.084562
0.068004
0.067632
0.081716
0.065212
0.074527
0.063107
0.063266
0.075900
0.058246
0.059362
0.049259
0.051018
0.055567
0.053294
0.073883
0.061282
0.073881
0.060505
0.055981
0.056289
0.074724
0.066489
0.060414
0.073163
0.064089
0.055324
0.052408
0.046181
0.051408
0.059886
0.047507
0.052959
0.052426
0.047617
0.076475
0.070893
0.083944
0.078004
0.078813
0.072665
0.104396
0.110876
0.088435
0.091327
0.112516
0.086301
0.081289
0.062180
0.083273
0.110171
0.063372
0.079705
0.071452
0.057972
0.080945
0.067445
0.084205
0.082387
0.076032
0.063690
0.101851
0.088126
0.102350
0.087585
0.111123
0.097318
0.088680
0.103528
0.094358
0.086044
0.081728
0.064533
0.078793
0.090163
0.079882
0.067897
0.077765
0.064896
0.058184
0.057843
0.120241
0.087593
0.062197
0.082430
0.072627
0.056590
0.053392
0.056898
0.060903
0.058500
0.088394
0.088996
0.100650
0.092966
0.094595
0.103221
0.106477
0.104878
0.125322
0.100426
0.102576
0.102530
0.099488
0.102323
0.106151
0.109269
0.105389
0.109543
0.123288
0.109496
0.057193
0.063885
0.052170
0.060076
0.060536
0.057814
0.076038
0.057172
0.050133
0.076693
0.063850
0.088860
0.080550
0.069325
0.075297
0.075716
0.064174
0.061328
0.072668
0.042698
0.042883
0.042242
0.042288
0.042304
0.041743
0.043032
0.042675
0.044433
0.044300
0.042804
0.042672
0.043859
0.049026
0.041830
0.042068
0.050938
0.042294
0.041573
0.041112
0.041116
0.042908
0.044913
0.042132
0.041562
0.041410
0.039177
0.040690
0.049458
0.048823
0.047947
0.048524
0.049803
0.048632
0.049879
0.050221
0.047042
0.049185
0.050211
0.047802
0.046808
0.055793
0.045317
0.054633
0.098808
0.101776
0.097577
0.098030
0.098020
0.100862
0.090688
0.089900
0.090843
0.091953
0.089279
0.093835
0.095641
0.091916
0.099730
0.104264
0.045599
0.043071
0.037866
0.036620
0.034651
0.034694
0.032054
0.034116
0.034267
0.044090
0.036478
0.046220
0.037434
0.038087
0.046124
0.036909
0.037510
0.043750
0.043629
0.043773
0.039026
0.080784
0.078714
0.049957
0.052135
0.079376
0.048387
0.078915
0.049955
0.047985
0.078416
0.045890
0.046345
0.040257
0.038721
0.107576
0.101502
0.065962
0.075473
0.093019
0.058259
0.047398
0.049412
0.062135
0.052422
0.082489
0.043741
0.037712
0.039011
0.047598
0.038924
0.059568
0.080853
0.087687
0.077074
0.097226
0.095761
0.130220
0.104975
0.124145
0.097273
0.088489
0.115885
0.068358
0.091911
0.056571
0.050601
0.056489
0.087190
0.064196
0.048093
0.067685
0.048537
0.043297
0.046421
0.055096
0.046049
0.047065
0.086448
0.088030
0.053373
0.052840
0.038195
0.043870
0.045100
0.040488
0.079151
0.050235
0.081628
0.050998
0.051414
0.081558
0.046157
0.042250
0.057274
0.051918
0.050017
0.059359
0.049972
0.046485
0.046359
0.049782
0.058847
0.043658
0.046596
0.043432
0.041883
0.045540
0.058409
0.049131
0.055421
0.053777
0.058242
0.055936
0.054551
0.052936
0.080465
0.085149
0.060358
0.062143
0.081670
0.057222
0.053767
0.070798
0.053588
0.051315
0.068144
0.068692
0.065695
0.062571
0.062118
0.067323
0.060401
0.064986
0.061730
0.057844
0.057276
0.059976
0.058432
0.064407
0.061953
0.047254
0.049540
0.053815
0.052641
0.052477
0.053272
0.072895
0.054867
0.086231
0.068645
0.064318
0.084080
0.182847
0.185611
0.162150
0.200255
0.176873
0.163775
0.205269
0.182958
0.216488
0.181035
0.204640
0.206973
0.211902
0.211863
0.194243
0.090177
0.121252
0.127900
0.104404
0.136551
0.140311
0.144343
0.131859
0.111947
0.159645
0.169234
0.156361
0.137629
0.176833
0.163020
0.197707
0.162997
0.179966
0.172462
0.142406
0.116267
0.143770
0.103996
0.094569
0.084494
0.081153
0.086884
0.083592
0.077210
0.076015
0.080554
0.074029
0.076627
0.080901
0.085270
0.076197
0.080202
0.076132
0.072038
0.073226
0.078202
0.080350
0.074713
0.075099
0.046811
0.039242
0.038643
0.043993
0.036127
0.039074
0.034753
0.037330
0.040415
0.039366
0.044477
0.053388
0.083300
0.056463
0.099086
0.058472
0.059120
0.059908
0.061939
0.077666
0.060678
0.059456
0.060725
0.060614
0.044532
0.041383
0.037451
0.037419
0.062508
0.040785
0.056667
0.038995
0.035821
0.054001
0.036009
0.035232
0.063984
0.067829
0.076668
0.087310
0.076506
0.076017
0.091804
0.099659
0.117094
0.104212
0.102401
0.091284
0.085780
0.078880
0.080863
0.088197
0.091729
0.093173
0.095796
0.092966
0.097780
0.102084
0.111266
0.109427
0.097300
0.101773
0.095897
0.110797
0.145331
0.124301
0.141405
0.125737
0.123896
0.100672
0.123125
0.136104
0.123382
0.137564
0.116308
0.111483
0.116518
0.130671
0.108283
0.109092
0.106170
0.106478
0.102201
0.100977
0.101097
0.106447
0.106511
0.115297
0.126784
0.113742
0.111627
0.086512
0.086573
0.083141
0.079165
0.079351
0.079456
0.111263
0.081312
0.109521
0.079902
0.077805
0.081934
0.076703
0.080807
0.125076
0.120488
0.103817
0.110755
0.118979
0.103007
0.101882
0.100771
0.099634
0.104817
0.101773
0.120807
0.108006
0.101982
0.100227
0.114166
0.103774
0.093457
0.100069
0.141536
0.140885
0.143901
0.141753
0.143002
0.145398
0.147684
0.142989
0.145555
0.141752
0.136151
0.144309
0.136811
0.117723
0.125836
0.117415
0.126052
0.126672
0.136421
0.116806
0.123940
0.122074
0.129499
0.121570
0.127570
0.134375
0.143250
0.131530
0.125002
0.059418
0.071543
0.053666
0.050882
0.051265
0.084854
0.058732
0.049888
0.069914
0.052068
0.065349
0.053947
0.072649
0.063148
0.053332
0.082990
0.053978
0.062945
0.069116
0.087954
0.104363
0.093417
0.136542
0.111078
0.144556
0.116256
0.122202
0.151870
0.125782
0.109566
0.187124
0.207437
0.212595
0.194210
0.191318
0.190524
0.184548
0.200683
0.186131
0.175974
0.177893
0.173370
0.157501
0.163064
0.158549
0.171571
0.164504
0.171892
0.184824
0.171663
0.132824
0.152104
0.126417
0.143254
0.146380
0.146010
0.136560
0.119175
0.145830
0.141213
0.150909
0.141198
0.150389
0.149672
0.147412
0.093883
0.092409
0.098521
0.095765
0.089044
0.094375
0.103512
0.105309
0.104935
0.092201
0.095641
0.086287
0.070799
0.072919
0.075228
0.070967
0.077733
0.080317
0.083559
0.075487
0.071999
0.077536
0.056867
0.086357
0.058916
0.058048
0.055734
0.069423
0.063290
0.075982
0.069310
0.057034
0.063878
0.058973
0.119962
0.131213
0.119580
0.119951
0.119357
0.112906
0.128828
0.126455
0.138005
0.159166
0.156459
0.163477
0.157775
0.153652
0.151231
0.169111
0.159385
0.185513
0.157265
0.155059
0.152561
0.153973
0.151118
0.150916
0.150146
0.146751
0.144710
0.143568
0.148512
0.137618
0.143384
0.132672
0.137845
0.132531
0.151493
0.146737
0.153533
0.153325
0.173781
0.156264
0.161548
0.152530
0.153168
0.150655
0.148514
0.154286
0.129610
0.137294
0.145412
0.123985
0.135986
0.150939
0.155160
0.147531
0.152313
0.157713
0.151625
0.151405
0.154928
0.164363
0.159786
0.169417
0.181362
0.162667
0.157225
0.153085
0.161356
0.155237
0.158855
0.152745
0.156195
0.195252
0.153869
0.153713
0.174758
0.158913
0.166997
0.193824
0.211611
0.186864
0.195609
0.210090
0.190310
0.193013
0.184196
0.176797
0.187184
0.194928
0.205563
0.175679
0.168105
0.052580
0.041094
0.041280
0.037542
0.042378
0.034361
0.035729
0.037683
0.035638
0.037564
0.034605
0.042233
0.028538
0.026082
0.027773
0.025223
0.023716
0.022879
0.027623
0.026495
0.025876
0.024574
0.022009
0.022965
0.025321
0.024832
0.025240
0.022651
0.022312
0.022519
0.024318
0.022221
0.021416
0.020957
0.020168
0.020369
0.023269
0.020978
0.025371
0.022758
0.022318
0.020595
0.025023
0.026839
0.024292
0.023767
0.022045
0.020008
0.031576
0.029124
0.033534
0.030498
0.029001
0.028320
0.032030
0.034964
0.029652
0.027875
0.027640
0.026539
0.038916
0.040139
0.042025
0.041863
0.048362
0.041170
0.049786
0.042267
0.047586
0.044347
0.043099
0.050198
0.044587
0.043303
0.042900
0.044144
0.051259
0.050636
0.048420
0.048284
0.050577
0.048473
0.047081
0.047465
0.047251
0.048528
0.050338
0.046495
0.044998
0.045523
0.045717
0.045766
0.048426
0.052250
0.047252
0.048949
0.050528
0.055315
0.053203
0.046334
0.054895
0.047660
0.048445
0.052643
0.050911
0.058156
0.052974
0.058784
0.055485
0.065524
0.062533
0.058801
0.055477
0.092334
0.072677
0.067491
0.092224
0.058635
0.053275
0.055381
0.052048
0.053054
0.051898
0.051180
0.051082
0.051979
0.052195
0.051525
0.050784
0.050984
0.051244
0.050832
0.055011
0.056035
0.054523
0.053770
0.054461
0.056001
0.053749
0.052790
0.052043
0.053013
0.055065
0.053753
0.057998
0.057724
0.062412
0.063486
0.056735
0.060503
0.074558
0.064035
0.077272
0.067973
0.069219
0.075944
0.085155
0.085919
0.090054
0.089943
0.085727
0.091172
0.086527
0.092787
0.084245
0.089963
0.091397
0.088623
0.062923
0.071601
0.063557
0.073613
0.077641
0.076046
0.075149
0.065552
0.081218
0.086796
0.080005
0.079143
0.044717
0.049220
0.044123
0.049455
0.051300
0.049592
0.049142
0.044532
0.052784
0.056595
0.054399
0.053012
0.039890
0.038961
0.039643
0.037921
0.037187
0.037087
0.039941
0.038741
0.037527
0.037005
0.035593
0.036033
0.042651
0.050163
0.039340
0.039979
0.043360
0.052835
0.037292
0.037124
0.036010
0.040684
0.052709
0.043923
0.061924
0.063472
0.069983
0.071508
0.063241
0.068518
0.072308
0.072145
0.075398
0.075264
0.077648
0.077338
0.076642
0.074964
0.076852
0.078350
0.073190
0.075439
0.083355
0.076783
0.084110
0.079622
0.081452
0.084045
0.089449
0.087516
0.088497
0.089709
0.090912
0.087569
0.087227
0.088066
0.090028
0.091164
0.088684
0.092306
0.084912
0.083896
0.080270
0.080555
0.084029
0.081296
0.080324
0.079425
0.077604
0.077249
0.076788
0.074055
0.077237
0.077633
0.071707
0.075599
0.076185
0.073140
0.077311
0.074297
0.072619
0.077763
0.080766
0.121288
0.097462
0.132080
0.103583
0.095353
0.083772
0.110703
0.153905
0.092886
0.077110
0.077755
0.111288
0.121658
0.150024
0.152231
0.128309
0.141369
0.127986
0.130342
0.144874
0.113407
0.108878
0.099030
0.085815
0.086203
0.088153
0.096807
0.095015
0.094516
0.088023
0.087494
0.101182
0.097460
0.118500
0.115336
0.107121
0.111657
0.115973
0.105566
0.113803
0.103144
0.105716
0.115644
0.090419
0.096663
0.090384
0.091019
0.088098
0.096712
0.089030
0.094638
0.110135
0.099380
0.106200
0.094247
0.120189
0.097130
0.090504
0.100818
0.090700
0.097858
0.109292
0.105621
0.100656
0.111562
0.136184
0.122026
0.129933
0.118739
0.117346
0.125275
0.107328
0.099728
0.105576
0.090387
0.092379
0.092704
0.101365
0.112083
0.084644
0.087622
0.085432
0.084495
0.095367
0.088412
0.085559
0.099241
0.092459
0.109654
0.097999
0.085851
0.086698
0.082696
0.082364
0.083488
0.084506
0.133207
0.117823
0.081015
0.081507
0.115723
0.084229
0.084773
0.106951
0.086494
0.088034
0.083999
0.119386
0.080636
0.077908
0.082880
0.119580
0.085497
0.078739
0.082155
0.075330
0.077743
0.073037
0.079296
0.084339
0.080620
0.140150
0.122519
0.084934
0.089717
0.164411
0.144070
0.103843
0.102890
0.138819
0.103214
0.093208
0.093153
0.111430
0.097751
0.134693
0.087652
0.080678
0.085291
0.106824
0.089730
0.108874
0.119270
0.105682
0.110632
0.116528
0.128052
0.104589
0.127574
0.104102
0.104253
0.125317
0.122686
0.121406
0.125079
0.238718
0.242074
0.252924
0.227547
0.234671
0.208567
0.286459
0.252930
0.249689
0.223238
0.194107
0.207377
0.189910
0.186528
0.192249
0.202353
0.165777
0.162917
0.187270
0.193428
0.161459
0.186069
0.209848
0.221525
0.201433
0.188616
0.206117
0.173421
0.145679
0.225404
0.252123
0.243190
0.234349
0.250648
0.232009
0.250400
0.260006
0.319088
0.305540
0.308992
0.300827
0.304929
0.296037
0.280510
0.294183
0.303867
0.297150
0.294514
0.304297
0.276036
0.295783
0.271592
0.272431
0.258027
0.305223
0.283238
0.251766
0.263588
0.280657
0.259493
0.284804
0.333887
0.306966
0.253616
0.266588
0.287560
0.257553
0.282642
0.267298
0.203480
0.201042
0.238429
0.210980
0.198638
0.227350
0.244241
0.207571
0.270471
0.236178
0.252557
0.258795
0.209970
0.231450
0.230172
0.175963
0.190315
0.202233
0.169769
0.176709
0.184886
0.183369
0.179419
0.188077
0.179194
0.178109
0.213152
0.185869
0.174750
0.213813
0.185224
0.206714
0.199863
0.203929
0.215114
0.187120
0.181244
0.173612
0.176649
0.171431
0.174283
0.177360
0.173064
0.162240
0.158754
0.171631
0.176588
0.158840
0.165259
0.157814
0.165095
0.166819
0.160292
0.154431
0.153252
0.152301
0.144671
0.145427
0.143832
0.149933
0.151101
0.141921
0.146038
0.136419
0.140052
0.144926
0.138623
0.136280
0.140381
0.133028
0.137538
0.138295
0.134893
0.130694
0.125570
0.131286
0.128553
0.127079
0.122940
0.131481
0.132777
0.131298
0.130420
0.128251
0.128517
0.129313
0.130236
0.125777
0.126522
0.122101
0.121359
0.124638
0.124440
0.125441
0.123088
0.125620
0.124649
0.124779
0.122894
0.127206
0.126937
0.125301
0.125563
0.121700
0.121664
0.123754
0.124075
0.121111
0.122914
0.121293
0.122184
0.123147
0.121641
0.119731
0.119664
0.119400
0.119408
0.119569
0.119386
0.120365
0.119791
0.121568
0.120015
0.126448
0.123180
0.119461
0.120743
0.121090
0.118867
0.120381
0.119420
0.119478
0.119647
0.121212
0.121711
0.123708
0.125569
0.124082
0.124003
0.132966
0.126820
0.135327
0.128583
0.137462
0.133177
0.128945
0.135568
0.128578
0.125910
0.124738
0.124565
0.125321
0.125294
0.127825
0.126650
0.131173
0.133463
0.130405
0.128030
0.139758
0.137071
0.141920
0.139659
0.145816
0.145386
0.138638
0.140907
0.138704
0.132196
0.128451
0.126897
0.129083
0.130370
0.136043
0.132123
0.142414
0.147215
0.144241
0.138077
0.151618
0.148701
0.155213
0.149963
0.168362
0.157976
0.152200
0.160159
0.154934
0.150350
0.145670
0.150486
0.154206
0.161350
0.159606
0.182972
0.167043
0.179615
0.165063
0.210444
0.165019
0.178789
0.214334
0.165859
0.195035
0.198473
0.190397
0.201009
0.183571
0.172752
0.180095
0.192972
0.184609
0.173086
0.170537
0.168928
0.171820
0.174541
0.187118
0.179593
0.172868
0.168191
0.159866
0.171345
0.161804
0.159371
0.150965
0.170493
0.166093
0.158222
0.163065
0.151794
0.153624
0.139362
0.144439
0.152180
0.147605
0.143558
0.131243
0.146345
0.136278
0.133416
0.124330
0.148375
0.138788
0.128393
0.135147
0.123246
0.129480
0.113454
0.117790
0.123908
0.119448
0.115312
0.107966
0.117073
0.115895
0.113803
0.107804
0.119578
0.118323
0.119375
0.117384
0.116688
0.114742
0.110397
0.107785
0.112518
0.113984
0.116703
0.113652
0.118688
0.118692
0.117371
0.114430
0.120759
0.120475
0.120601
0.120361
0.118039
0.118024
0.112371
0.114330
0.116407
0.115932
0.115478
0.110699
0.117835
0.116915
0.114231
0.110641
0.120145
0.119726
0.121167
0.119380
0.117358
0.115870
0.111101
0.109418
0.112881
0.113714
0.116208
0.114066
0.119244
0.121604
0.120509
0.118101
0.122124
0.122929
0.123666
0.122989
0.124334
0.123373
0.120856
0.120458
0.123331
0.124675
0.125458
0.122910
0.125165
0.124043
0.123909
0.121817
0.125027
0.124949
0.126824
0.123930
0.124613
0.122249
0.119573
0.118358
0.122018
0.121861
0.123369
0.122233
0.127031
0.132100
0.130832
0.128684
0.129649
0.132960
0.145187
0.136547
0.138255
0.132468
0.136766
0.141589
0.145226
0.156338
0.146960
0.152276
0.155982
0.183826
0.167168
0.181578
0.195185
0.206532
0.210674
0.196285
0.206840
0.214227
0.191277
0.185533
0.175483
0.217467
0.211135
0.200714
0.170900
0.185589
0.159592
0.165991
0.146669
0.158536
0.157820
0.150788
0.145963
0.132205
0.147854
0.135089
0.131911
0.122446
0.149020
0.138453
0.127668
0.134558
0.121469
0.127268
0.111408
0.114758
0.120489
0.117276
0.112928
0.105359
0.114888
0.109391
0.105994
0.099611
0.117975
0.113041
0.105862
0.109313
0.101162
0.103589
0.094246
0.095533
0.099736
0.097924
0.096601
0.091361
0.099074
0.100457
0.098612
0.096334
0.101350
0.101977
0.107186
0.102637
0.105902
0.101868
0.098441
0.097923
0.100355
0.103120
0.107124
0.103526
0.109701
0.110368
0.108879
0.105398
0.111324
0.111358
0.108595
0.111739
0.106913
0.110048
0.101124
0.106351
0.108837
0.106453
0.102435
0.094626
0.103545
0.103666
0.101517
0.089096
0.105696
0.106163
0.107595
0.105369
0.104671
0.103493
0.088277
0.086379
0.100728
0.101507
0.104100
0.090196
0.107918
0.110133
0.106028
0.093342
0.111422
0.113923
0.116405
0.116778
0.108829
0.111653
0.092135
0.092485
0.104453
0.103271
0.105497
0.093880
0.110568
0.112660
0.111835
0.099400
0.118502
0.117934
0.117750
0.114247
0.116661
0.113387
0.110052
0.103585
0.114962
0.115287
0.117953
0.118302
0.119868
0.128150
0.127522
0.129357
0.122226
0.127142
0.137938
0.130743
0.138830
0.135010
0.136705
0.132812
0.135416
0.140029
0.145580
0.145589
0.150577
0.145447
0.146857
0.149244
0.178932
0.155774
0.155478
0.154612
0.174999
0.169204
0.177738
0.165204
0.159636
0.172325
0.167419
0.153757
0.151826
0.148398
0.171528
0.180925
0.155675
0.133650
0.150499
0.130472
0.143661
0.127586
0.137646
0.137802
0.129380
0.117916
0.111965
0.116182
0.108724
0.106016
0.102631
0.116896
0.111306
0.103245
0.107372
0.098697
0.102340
0.097506
0.097899
0.098320
0.096240
0.093603
0.091910
0.095683
0.090989
0.088508
0.086144
0.097638
0.092919
0.089445
0.089844
0.086205
0.086574
0.079970
0.081158
0.084097
0.082738
0.084491
0.082538
0.082339
0.089119
0.081286
0.081700
0.087413
0.089257
0.093371
0.081536
0.078362
0.084978
0.087155
0.093105
0.095431
0.095433
0.075946
0.079665
0.091940
0.085125
0.084035
0.094381
0.097082
0.095756
0.086446
0.096139
0.088515
0.098631
0.100386
0.102159
0.092712
0.102075
0.076217
0.068673
0.078844
0.070418
0.066569
0.063457
0.084028
0.076043
0.075090
0.071838
0.069642
0.065727
0.066599
0.060878
0.061272
0.064604
0.070686
0.072979
0.073606
0.078754
0.078556
0.081179
0.077067
0.079708
0.082202
0.081253
0.081638
0.081466
0.080407
0.084049
0.082372
0.080599
0.079736
0.081049
0.082409
0.084804
0.083030
0.084874
0.083975
0.086838
0.106472
0.090901
0.098796
0.088014
0.089940
0.086995
0.085667
0.089426
0.097061
0.095914
0.109252
0.120226
0.111943
0.104677
0.121005
0.129845
0.135972
0.132509
0.138881
0.130399
0.126243
0.113789
0.125439
0.136532
0.144446
0.142935
0.145455
0.147165
0.169279
0.146477
0.165915
0.147403
0.163032
0.143919
0.144352
0.137140
0.155110
0.148408
0.145380
0.155974
0.149519
0.138692
0.138294
0.140954
0.149643
0.137475
0.117757
0.131838
0.114301
0.125953
0.127387
0.133254
0.124778
0.116151
0.092450
0.095202
0.089781
0.096753
0.100211
0.097729
0.107709
0.116315
0.098069
0.090424
0.121933
0.103760
0.108828
0.122487
0.104085
0.102747
0.086378
0.082447
0.080705
0.082394
0.076397
0.077846
0.078011
0.078657
0.081417
0.082643
0.080134
0.077787
0.088945
0.080201
0.081656
0.097684
0.075353
0.079881
0.076371
0.078133
0.077056
0.082382
0.070816
0.075134
0.071462
0.073357
0.071865
0.068204
0.076410
0.074410
0.078330
0.080447
0.075910
0.071523
0.066697
0.068307
0.064476
0.067226
0.064467
0.064836
0.066553
0.067558
0.063350
0.062669
0.068284
0.062889
0.063652
0.068032
0.068166
0.059897
0.069737
0.060975
0.060701
0.060321
0.075446
0.067209
0.061677
0.071654
0.065511
0.060510
0.060503
0.064459
0.062587
0.062096
0.082205
0.085038
0.088942
0.088376
0.084493
0.083599
0.099212
0.099918
0.092832
0.094504
0.093608
0.086867
0.080700
0.084784
0.077819
0.076452
0.084584
0.086925
0.091405
0.090992
0.093916
0.089017
0.097131
0.092332
0.102459
0.100665
0.095166
0.098648
0.100312
0.095180
0.095565
0.099664
0.098763
0.101738
0.103361
0.101951
0.103759
0.119767
0.102125
0.118869
0.108547
0.103942
0.107041
0.143769
0.135481
0.174258
0.148387
0.149789
0.180001
0.143352
0.137372
0.135658
0.138699
0.133861
0.136762
0.138036
0.141070
0.131343
0.131678
0.132344
0.132905
0.135296
0.135483
0.154290
0.155875
0.137730
0.136805
0.155825
0.139694
0.143508
0.153359
0.118231
0.136299
0.115743
0.135790
0.134834
0.136714
0.129471
0.138154
0.134936
0.123994
0.137698
0.134508
0.135856
0.135381
0.134496
0.134670
0.102633
0.093806
0.095749
0.098286
0.081793
0.085641
0.084630
0.092415
0.098172
0.102929
0.098074
0.089611
0.111537
0.103194
0.107079
0.118812
0.078302
0.075477
0.075679
0.075634
0.070660
0.071138
0.075178
0.075474
0.087764
0.086015
0.079068
0.080645
0.089075
0.078989
0.079445
0.090964
0.071225
0.072552
0.076548
0.075097
0.068670
0.070999
0.074826
0.076242
0.089503
0.090611
0.081807
0.081203
0.089615
0.080946
0.080583
0.088444
0.068072
0.070829
0.075224
0.073109
0.082094
0.073034
0.090633
0.078762
0.105535
0.095751
0.083313
0.094767
0.093156
0.081006
0.080075
0.088387
0.093565
0.100913
0.104352
0.102005
0.103367
0.105235
0.106133
0.106719
0.122614
0.121862
0.106997
0.107545
0.119186
0.106317
0.105998
0.116884
0.104261
0.105963
0.107254
0.105878
0.109142
0.107218
0.110197
0.108292
0.128599
0.126278
0.109054
0.111843
0.126261
0.109011
0.108268
0.124902
0.111289
0.115104
0.112261
0.109846
0.127957
0.131714
0.116084
0.139625
0.132352
0.117885
0.115932
0.129338
0.150024
0.139550
0.158570
0.190716
0.169033
0.208387
0.153734
0.149332
0.131125
0.131822
0.142737
0.142125
0.143822
0.133829
0.157749
0.153377
0.151730
0.151748
0.162382
0.153089
0.176289
0.159576
0.155470
0.168512
0.150487
0.145472
0.136811
0.144704
0.134380
0.136129
0.141426
0.141002
0.127194
0.134872
0.131946
0.141666
0.148066
0.157919
0.148947
0.137851
0.158911
0.147906
0.147979
0.160024
0.125025
0.118944
0.117901
0.121343
0.106243
0.111065
0.108351
0.114286
0.115558
0.118614
0.116742
0.111906
0.126212
0.119524
0.122953
0.137403
0.100235
0.097643
0.099473
0.099525
0.094195
0.093502
0.099307
0.099131
0.110761
0.108956
0.104258
0.103883
0.109572
0.104484
0.104779
0.109814
0.095906
0.098931
0.101891
0.099123
0.098501
0.100487
0.107164
0.103923
0.120956
0.119077
0.110661
0.117714
0.117525
0.107339
0.102362
0.114234
0.097486
0.104545
0.113858
0.112867
0.118054
0.108572
0.126329
0.115860
0.129724
0.122968
0.123620
0.131039
0.125497
0.126836
0.127754
0.125118
0.129225
0.134249
0.138873
0.136697
0.140035
0.137305
0.142858
0.138801
0.142483
0.142598
0.142170
0.145468
0.141401
0.142528
0.141306
0.139011
0.142870
0.144599
0.146131
0.144940
0.145844
0.144430
0.146137
0.147060
0.147402
0.148871
0.146817
0.145411
0.146798
0.146902
0.147911
0.145765
0.144884
0.146517
0.146961
0.145902
0.154644
0.147429
0.154352
0.147724
0.162958
0.153706
0.146966
0.157857
0.151045
0.148164
0.148224
0.148969
0.163996
0.160952
0.220914
0.184511
0.224874
0.187797
0.230087
0.171944
0.174162
0.164525
0.169339
0.165562
0.160097
0.177594
0.173144
0.179912
0.199077
0.186004
0.209424
0.184781
0.182773
0.205652
0.171085
0.173734
0.169501
0.168424
0.153710
0.167908
0.155500
0.174158
0.159267
0.171863
0.169641
0.146324
0.132499
0.137075
0.144695
0.117560
0.121618
0.125503
0.130772
0.137287
0.134423
0.139209
0.145520
0.112702
0.114609
0.121863
0.119271
0.119910
0.115126
0.126118
0.125449
0.133861
0.129535
0.131414
0.128862
0.127464
0.125859
0.125823
0.127779
0.123271
0.124994
0.122264
0.124631
0.123994
0.121332
0.124580
0.125974
0.121424
0.122137
0.121743
0.120648
0.130314
0.123063
0.130439
0.121988
0.121719
0.129209
0.122575
0.120896
0.137629
0.140156
0.140918
0.140836
0.143232
0.142103
0.142734
0.140406
0.141135
0.143007
0.141125
0.139554
0.144783
0.146126
0.146012
0.144790
0.151267
0.147639
0.151824
0.145905
0.145202
0.149150
0.147036
0.145058
0.153200
0.156256
0.157856
0.156985
0.166944
0.159781
0.170815
0.160558
0.157853
0.174487
0.155966
0.156534
0.176094
0.178129
0.185059
0.186811
0.182359
0.216964
0.186493
0.219366
0.188991
0.192701
0.221075
0.243105
0.259262
0.279390
0.260334
0.275157
0.253835
0.232340
0.202273
0.207850
0.229300
0.237165
0.256364
0.251812
0.265476
0.231696
0.210039
0.177560
0.205610
0.181723
0.210546
0.261653
0.230239
0.252193
0.220890
0.182964
0.213060
0.199045
0.200336
0.225379
0.235396
0.228885
0.272364
0.208464
0.225192
0.236489
0.297768
0.264056
0.251289
0.276058
0.263056
0.256901
0.244723
0.265224
0.285433
0.332274
0.311425
0.298374
0.344800
0.290128
0.307200
0.247615
0.272149
0.260421
0.281301
0.272602
0.301610
0.289850
0.303269
0.264447
0.292749
0.295272
0.297379
0.284691
0.270931
0.194853
0.226130
0.221188
0.207142
0.227485
0.218303
0.207932
0.226333
0.205927
0.213212
0.224835
0.219617
0.208334
0.188004
0.192712
0.191296
0.167628
0.168951
0.183742
0.183261
0.176941
0.191325
0.197589
0.187243
0.193482
0.181094
0.164125
0.191242
0.169544
0.193540
0.190132
0.199268
0.201127
0.175383
0.171863
0.195956
0.201188
0.182271
0.188925
0.190749
0.188286
0.182751
0.178864
0.190747
0.192148
0.160229
0.175922
0.153491
0.174511
0.184479
0.184214
0.177107
0.177797
0.181409
0.173570
0.183662
0.193460
0.205549
0.213551
0.194895
0.170124
0.152418
0.189434
0.157379
0.175521
0.159853
0.171463
0.172191
0.167892
0.167739
0.202026
0.239878
0.192018
0.175623
0.212017
0.187860
0.176228
0.228683
0.378964
0.388480
0.399387
0.382073
0.421900
0.405121
0.378894
0.352366
0.333286
0.340583
0.324231
0.321445
0.278262
0.327883
0.313589
0.357718
0.347874
0.381081
0.360838
0.280564
0.271064
0.322721
0.278054
0.310193
0.289784
0.328859
0.338468
0.332203
0.384073
0.341335
0.348341
0.408955
0.377507
0.395569
0.408410
0.391235
0.340152
0.264790
0.284567
0.322265
0.267525
0.325511
0.336846
0.255887
0.299223
0.327547
0.346961
0.311914
0.380369
0.375745
0.379724
0.355632
0.348763
0.300263
0.327026
0.283153
0.282472
0.256650
0.291383
0.292087
0.327625
0.332223
0.322418
0.277428
0.302045
0.308715
0.315690
0.382355
0.415953
0.402557
0.409431
0.394024
0.389890
0.406566
0.428253
0.442708
0.442254
0.413232
0.419631
0.412460
0.410656
0.361032
0.394203
0.431443
0.420968
0.420813
0.428803
0.376464
0.366236
0.358469
0.333138
0.305668
0.344895
0.330136
0.352386
0.296009
0.294237
0.257527
0.292599
0.288753
0.296077
0.267987
0.299952
0.287832
0.266104
0.259695
0.253794
0.274606
0.294398
0.404981
0.411791
0.396268
0.409972
0.412902
0.418906
0.403000
0.403928
0.405265
0.397989
0.407179
0.419628
0.416957
0.423236
0.411749
0.421268
0.394288
0.415256
0.411914
0.413024
0.401896
0.399711
0.371344
0.414552
0.400819
0.395897
0.396939
0.413096
0.408477
0.406916
0.423288
0.427272
0.444046
0.425991
0.419559
0.407646
0.403579
0.384793
0.402955
0.403158
0.387354
0.390012
0.391249
0.359306
0.381969
0.403536
0.411318
0.337057
0.372809
0.357838
0.352947
0.182853
0.198855
0.182486
0.217857
0.209001
0.189225
0.200001
0.178929
0.218232
0.257110
0.237213
0.244177
0.246057
0.268987
0.285122
0.271832
0.297671
0.265514
0.152267
0.169288
0.164659
0.153860
0.155487
0.153876
0.152321
0.151975
0.149961
0.138957
0.148471
0.147818
0.137108
0.163057
0.150433
0.164183
0.168623
0.157649
0.158572
0.157783
0.154490
0.146222
0.149544
0.151232
0.150617
0.142649
0.140551
0.153241
0.138404
0.137082
0.140492
0.143940
0.145161
0.145830
0.136705
0.156682
0.171904
0.192458
0.173817
0.206751
0.208366
0.203467
0.180890
0.212029
0.181399
0.212073
0.214544
0.240238
0.210479
0.177519
0.199106
0.188073
0.173549
0.154218
0.201463
0.217042
0.170153
0.214795
0.194933
0.157110
0.158740
0.147921
0.147950
0.159273
0.149855
0.140610
0.158582
0.149173
0.136112
0.160310
0.150248
0.150448
0.151379
0.137976
0.154593
0.145599
0.149245
0.158941
0.143964
0.147307
0.147934
0.140492
0.152912
0.136011
0.152851
0.211342
0.183986
0.215058
0.177082
0.182687
0.236634
0.168971
0.195305
0.178470
0.208838
0.181458
0.239450
0.190339
0.193172
0.210625
0.216806
0.231915
0.211309
0.238317
0.225590
0.226821
0.389534
0.351726
0.350677
0.290400
0.280040
0.253039
0.244877
0.246799
0.207372
0.225229
0.227125
0.239632
0.211483
0.231619
0.214047
0.218115
0.180251
0.165987
0.199407
0.172184
0.191957
0.188359
0.161504
0.158119
0.142825
0.150657
0.149325
0.155574
0.151994
0.139298
0.152669
0.162801
0.158112
0.170277
0.188201
0.165714
0.172651
0.157803
0.140234
0.157254
0.163977
0.143799
0.169350
0.162272
0.169567
0.179283
0.180484
0.175460
0.143724
0.166782
0.156174
0.175028
0.162476
0.177926
0.178858
0.162371
0.178465
0.187716
0.191000
0.189723
0.192205
0.180811
0.186311
0.202097
0.164290
0.158696
0.190180
0.153680
0.145101
0.144491
0.141704
0.145780
0.185204
0.142180
0.141992
0.139725
0.136780
0.136822
0.179177
0.151026
0.153754
0.164936
0.149865
0.154602
0.167905
0.169853
0.158366
0.147928
0.161132
0.159180
0.172899
0.177937
0.179253
0.263736
0.273197
0.251206
0.255398
0.224850
0.244232
0.241667
0.234742
0.212137
0.191029
0.190222
0.205223
0.168093
0.160709
0.163237
0.156698
0.151956
0.169072
0.176182
0.177513
0.196496
0.185231
0.184437
0.202256
0.185255
0.159904
0.176596
0.169208
0.171917
0.169000
0.139026
0.142844
0.136806
0.133311
0.130555
0.129370
0.126627
0.128555
0.132355
0.128073
0.177700
0.179302
0.133892
0.143453
0.179439
0.136632
0.124868
0.132553
0.166912
0.184353
0.160822
0.216883
0.225585
0.226919
0.202254
0.173864
0.259106
0.249225
0.255868
0.255236
0.227278
0.219222
0.178708
0.198064
0.201496
0.142758
0.132625
0.131561
0.133660
0.126303
0.128623
0.126707
0.135757
0.139573
0.174133
0.189120
0.245178
0.178297
0.195168
0.225793
0.196484
0.203429
0.281092
0.239841
0.208089
0.233799
0.221502
0.174862
0.197728
0.215602
0.234209
0.219171
0.189999
0.236775
0.252872
0.255361
0.248475
0.258027
0.250349
0.274179
0.278695
0.380239
0.377056
0.430720
0.425553
0.429530
0.436770
0.431928
0.433181
0.429400
0.421035
0.421554
0.426054
0.432113
0.422646
0.429139
0.433624
0.431704
0.426212
0.425913
0.429750
0.427785
0.399774
0.412364
0.412168
0.385707
0.294455
0.327385
0.367829
0.331027
0.370471
0.301146
0.380084
0.370011
0.346123
0.415352
0.409488
0.427102
0.417546
0.401014
0.426282
0.410686
0.417145
0.421551
0.408922
0.410075
0.398858
0.410322
0.427744
0.413315
0.359360
0.395760
0.248370
0.246205
0.186976
0.268814
0.294648
0.277888
0.227041
0.220624
0.191958
0.211044
0.144145
0.137563
0.143666
0.140764
0.144761
0.139416
0.141304
0.146495
0.146260
0.153476
0.152440
0.152505
0.145804
0.149138
0.158626
0.173834
0.154142
0.153242
0.166319
0.165665
0.159715
0.183825
0.161970
0.182513
0.178125
0.183138
0.254017
0.226055
0.266634
0.219344
0.228716
0.247303
0.209207
0.207707
0.204150
0.242699
0.262013
0.260969
0.267333
0.295577
0.321202
0.276390
0.314119
0.313884
0.290529
0.305053
0.287667
0.325280
0.300880
0.370441
0.330308
0.293247
0.344538
0.278848
0.272927
0.318793
0.263810
0.278317
0.265026
0.270713
0.259987
0.268117
0.267418
0.277214
0.271517
0.295954
0.288221
0.272924
0.279109
0.234884
0.227393
0.216450
0.217204
0.250344
0.249894
0.345617
0.318304
0.259337
0.198138
0.302933
0.230083
0.185616
0.173442
0.173384
0.167564
0.171378
0.165843
0.161749
0.149408
0.153230
0.138710
0.132787
0.129606
0.130638
0.133788
0.141804
0.129494
0.130104
0.127593
0.127264
0.126768
0.131537
0.139584
0.135494
0.164334
0.160218
0.230906
0.165007
0.157666
0.219806
0.176894
0.172231
0.201908
0.261110
0.194012
0.207046
0.270104
0.213319
0.226986
0.225855
0.261558
0.219299
0.232083
0.233586
0.265292
0.267788
0.268410
0.284455
0.270008
0.278305
0.266009
0.262128
0.299413
0.315665
0.258876
0.256713
0.265797
0.235793
0.227237
0.221141
0.220883
0.275408
0.306897
0.313685
0.306422
0.336342
0.324608
0.324090
0.343440
0.319074
0.339566
0.311357
0.305279
0.317045
0.327991
0.317867
0.307192
0.332843
0.336684
0.386228
0.302125
0.306662
0.284665
0.305423
0.307519
0.334190
0.362143
0.375686
0.359797
0.358860
0.378617
0.356780
0.348788
0.340424
0.360006
0.359550
0.361348
0.330540
0.358679
0.356533
0.330364
0.345347
0.366619
0.369948
0.369582
0.368491
0.360694
0.350432
0.316455
0.335958
0.356801
0.351825
0.346090
0.379507
0.389391
0.367079
0.391952
0.364313
0.392894
0.371372
0.358093
0.322664
0.335872
0.337057
0.324068
0.350615
0.342186
0.329570
0.295449
0.331568
0.321180
0.341635
0.324702
0.328296
0.302990
0.302518
0.298872
0.322385
0.319367
0.307818
0.312267
0.306393
0.321920
0.324630
0.305628
0.317378
0.314604
0.323138
0.288124
0.294483
0.294772
0.339563
0.290377
0.294558
0.302246
0.313554
0.347575
0.355911
0.331316
0.355221
0.338834
0.332332
0.353658
0.304940
0.315886
0.308795
0.287985
0.312172
0.332592
0.328832
0.335106
0.315171
0.328368
0.318596
0.305267
0.314492
0.314914
0.317587
0.330921
0.348697
0.341582
0.297640
0.313298
0.394555
0.387908
0.376643
0.390611
0.393019
0.378593
0.373750
0.370600
0.351721
0.342709
0.332966
0.353095
0.356399
0.361361
0.374283
0.376620
0.353072
0.335004
0.370936
0.344754
0.334943
0.338648
0.377842
0.387830
0.398749
0.403914
0.330700
0.357204
0.410870
0.411751
0.371267
0.370474
0.374524
0.276117
0.279710
0.270121
0.292189
0.273478
0.281973
0.285385
0.284531
0.289052
0.352603
0.368029
0.336835
0.320184
0.344765
0.251096
0.269519
0.276819
0.270128
0.261445
0.238212
0.241710
0.233631
0.271989
0.268367
0.255040
0.228615
0.271630
0.276029
0.304077
0.222455
0.289987
0.196855
0.263001
0.216833
0.257918
0.272245
0.259438
0.259069
0.267040
0.262972
0.245261
0.332089
0.299430
0.336149
0.322665
0.310728
0.301601
0.319809
0.300652
0.308363
0.268211
0.272875
0.271419
0.273538
0.275886
0.252580
0.258199
0.270902
0.253777
0.243033
0.244893
0.242743
0.255404
0.277158
0.254201
0.296754
0.281245
0.280079
0.298784
0.288672
0.287506
0.286760
0.280509
0.275869
0.268406
0.277220
0.276654
0.286583
0.280907
0.268638
0.286551
0.299468
0.311143
0.321405
0.294933
0.300800
0.288978
0.290444
0.272610
0.298511
0.326552
0.342986
0.318565
0.304095
0.299282
0.295329
0.318311
0.285384
0.265047
0.269796
0.270775
0.270351
0.279532
0.252201
0.270893
0.268575
0.281465
0.272249
0.273095
0.268981
0.286305
0.288775
0.299792
0.288013
0.275893
0.286113
0.283522
0.280857
0.279447
0.281165
0.280148
0.277768
0.297112
0.271329
0.289377
0.220136
0.187705
0.196000
0.184906
0.160482
0.173308
0.163121
0.152834
0.146059
0.152674
0.155297
0.149645
0.149250
0.168470
0.167235
0.152174
0.150864
0.165701
0.174675
0.186926
0.175906
0.154002
0.174525
0.145247
0.157730
0.152269
0.163982
0.167217
0.160089
0.166459
0.161169
0.172707
0.177082
0.182025
0.168140
0.168039
0.156275
0.158810
0.136747
0.124375
0.132892
0.141342
0.124022
0.131091
0.123189
0.130918
0.130954
0.138721
0.147076
0.137345
0.173582
0.178965
0.180747
0.179264
0.166685
0.177600
0.183336
0.295806
0.290923
0.298862
0.290664
0.305321
0.294103
0.302016
0.306043
0.312568
0.302283
0.203319
0.168467
0.172035
0.159107
0.152464
0.159311
0.154576
0.164144
0.171767
0.162521
0.155177
0.175260
0.176892
0.196574
0.142725
0.148134
0.130758
0.136796
0.134351
0.140804
0.125565
0.122383
0.125543
0.128560
0.122506
0.132939
0.146636
0.141702
0.151033
0.133597
0.134681
0.149903
0.126246
0.127009
0.123474
0.120499
0.138837
0.133374
0.148616
0.156055
0.164985
0.149783
0.189628
0.159981
0.150990
0.141912
0.171469
0.206888
0.164688
0.156742
0.138265
0.130205
0.117810
0.123677
0.120139
0.115448
0.127590
0.122536
0.157835
0.121881
0.138216
0.117958
0.115543
0.130265
0.137950
0.144782
0.163682
0.148379
0.146727
0.161577
0.171058
0.261983
0.252045
0.295197
0.246897
0.281129
0.252174
0.252551
0.250788
0.222118
0.246625
0.246219
0.253841
0.270943
0.291394
0.287184
0.273811
0.299875
0.297467
0.291211
0.300641
0.285524
0.302147
0.286134
0.256566
0.267086
0.263193
0.177925
0.162599
0.183990
0.165795
0.176054
0.172547
0.168505
0.184367
0.169575
0.203279
0.173538
0.211358
0.197758
0.193474
0.197383
0.404913
0.391460
0.405932
0.413805
0.430571
0.424723
0.445645
0.429973
0.431659
0.412435
0.417551
0.412041
0.412452
0.412539
0.401384
0.412208
0.406755
0.401216
0.427831
0.429406
0.409573
0.417012
0.437854
0.432435
0.439111
0.440355
0.439145
0.446592
0.403895
0.427971
0.424265
0.410318
0.343000
0.337388
0.294512
0.267634
0.254393
0.253072
0.255850
0.248619
0.256299
0.261435
0.243579
0.252676
0.246102
0.257002
0.256450
0.245154
0.253395
0.239329
0.244424
0.247132
0.247755
0.234883
0.249713
0.235253
0.236370
0.248103
0.244715
0.269940
0.270384
0.273256
0.274082
0.277564
0.269474
0.280978
0.272482
0.276438
0.265812
0.269439
0.265206
0.262234
0.287266
0.306097
0.299801
0.302427
0.293028
0.259928
0.253216
0.286206
0.304749
0.300590
0.296270
0.296700
0.302475
0.295873
0.305535
0.296759
0.226916
0.229182
0.230569
0.217116
0.222726
0.225781
0.223510
0.217852
0.220735
0.209670
0.243649
0.224513
0.225596
0.217577
0.223591
0.229845
0.223258
0.228293
0.259539
0.263894
0.250666
0.251311
0.251397
0.239463
0.267243
0.305453
0.298595
0.287053
0.291901
0.266451
0.285605
0.268141
0.281157
0.281610
0.275418
0.275153
0.276004
0.239173
0.257011
0.254753
0.255765
0.257707
0.252816
0.259999
0.256726
0.258262
0.247315
0.259604
0.250893
0.248966
0.258528
0.235990
0.257649
0.257845
0.227704
0.245228
0.252712
0.256058
0.247256
0.260583
0.265051
0.267523
0.257387
0.264911
0.270808
0.272421
0.264656
0.266923
0.276859
0.299467
0.292315
0.253104
0.274849
0.265369
0.222575
0.233467
0.246498
0.251187
0.246633
0.230672
0.252936
0.250484
0.242603
0.220639
0.222980
0.222816
0.217281
0.212171
0.229665
0.225501
0.248398
0.225256
0.224751
0.203781
0.215110
0.224807
0.236839
0.254884
0.216204
0.262344
0.283040
0.271674
0.311549
0.288640
0.320340
0.314953
0.310282
0.251925
0.253485
0.225995
0.209728
0.223133
0.239206
0.204933
0.192685
0.203915
0.179504
0.198335
0.201331
0.230276
0.235826
0.213767
0.212322
0.189133
0.169491
0.191532
0.169737
0.187673
0.172174
0.164434
0.166662
0.180367
0.160168
0.226866
0.203821
0.258861
0.232698
0.240177
0.191964
0.215242
0.192612
0.179270
0.187076
0.167330
0.263222
0.268846
0.265181
0.266645
0.271263
0.272561
0.273634
0.269445
0.262984
0.255766
0.268304
0.277145
0.241759
0.257012
0.252629
0.231635
0.273146
0.286112
0.281399
0.278164
0.289413
0.284273
0.283354
0.276411
0.263052
0.257229
0.251987
0.251674
0.243589
0.250647
0.250309
0.252875
0.209265
0.222577
0.232265
0.234210
0.222297
0.199364
0.290027
0.269043
0.253164
0.250446
0.251100
0.262255
0.256992
0.249902
0.235396
0.257288
0.205733
0.207068
0.178872
0.224536
0.234263
0.250711
0.215357
0.182695
0.241387
0.182873
0.161960
0.211016
0.206735
0.153000
0.162871
0.161901
0.235459
0.174714
0.164846
0.154190
0.157427
0.166617
0.207528
0.171603
0.242562
0.229759
0.232014
0.243588
0.237144
0.216916
0.207479
0.211843
0.221438
0.238184
0.217136
0.249517
0.233620
0.244047
0.236682
0.232384
0.247946
0.236149
0.241112
0.244304
0.256749
0.261790
0.262705
0.256699
0.262005
0.252388
0.271880
0.290816
0.284347
0.283909
0.259687
0.292536
0.287973
0.242838
0.209745
0.226708
0.217988
0.222841
0.193614
0.207644
0.195013
0.203961
0.191907
0.207682
0.190430
0.200543
0.192879
0.208056
0.220020
0.199561
0.215159
0.237193
0.214287
0.213306
0.216062
0.248918
0.261234
0.307790
0.305457
0.287239
0.245267
0.240040
0.241051
0.236505
0.219099
0.214764
0.228535
0.236245
0.242588
0.225961
0.202715
0.219811
0.218759
0.201292
0.212389
0.204410
0.204497
0.197799
0.189562
0.188869
0.178346
0.175453
0.180861
0.179077
0.197538
0.195059
0.193257
0.209153
0.205098
0.187455
0.205010
0.195702
0.187340
0.165646
0.176031
0.175701
0.200113
0.177809
0.161659
0.210754
0.216903
0.230569
0.221932
0.188631
0.216960
0.201089
0.229141
0.238688
0.270526
0.245319
0.214806
0.269128
0.252728
0.247840
0.258871
0.276933
0.289508
0.288125
0.271595
0.261142
0.296063
0.260274
0.294168
0.289107
0.259674
0.279374
0.289213
0.248655
0.255576
0.246844
0.259606
0.282034
0.246404
0.239562
0.239257
0.225721
0.232487
0.229454
0.220956
0.235051
0.244448
0.223854
0.223518
0.220978
0.203955
0.233198
0.215534
0.186346
0.253860
0.241557
0.288074
0.274986
0.270104
0.262787
0.251494
0.177516
0.197331
0.211581
0.195940
0.221859
0.226054
0.196741
0.240124
0.227785
0.206916
0.197116
0.195031
0.181896
0.186984
0.172830
0.165164
0.180934
0.176178
0.186674
0.178350
0.172541
0.168671
0.209788
0.214705
0.210441
0.170767
0.170773
0.169904
0.211681
0.163515
0.159017
0.152956
0.182189
0.177238
0.200036
0.194450
0.166970
0.165413
0.196698
0.180279
0.183660
0.282224
0.339011
0.319156
0.331300
0.362457
0.275859
0.271326
0.310082
0.259844
0.240489
0.254320
0.266932
0.266126
0.262291
0.260885
0.257104
0.247974
0.259058
0.265090
0.272244
0.274417
0.274305
0.268940
0.270203
0.307668
0.287395
0.287488
0.242495
0.257663
0.263130
0.284266
0.301652
0.283265
0.254161
0.182201
0.173061
0.156580
0.154457
0.185167
0.164928
0.159834
0.155170
0.148313
0.143640
0.142934
0.147637
0.205834
0.148213
0.168857
0.175123
0.210456
0.146020
0.160772
0.169936
0.187037
0.198814
0.215376
0.181909
0.226423
0.213546
0.202165
0.174218
0.231689
0.245112
0.226053
0.247282
0.230381
0.207904
0.194043
0.166308
0.165624
0.182139
0.218766
0.208912
0.192005
0.247607
0.237726
0.216938
0.184052
0.103276
0.095556
0.096801
0.091407
0.092721
0.089294
0.087265
0.089825
0.093505
0.094276
0.093083
0.094019
0.083603
0.078424
0.087970
0.084491
0.080933
0.078051
0.090780
0.087490
0.091533
0.084291
0.080123
0.078546
0.072056
0.074039
0.070534
0.072704
0.076634
0.080556
0.071122
0.074649
0.077455
0.074870
0.083983
0.078091
0.077167
0.076699
0.091857
0.097334
0.075173
0.081060
0.085282
0.129963
0.130450
0.359937
0.362194
0.363186
0.352098
0.364372
0.354511
0.347371
0.311436
0.335280
0.337057
0.325945
0.312803
0.260595
0.243920
0.254444
0.273241
0.244378
0.264054
0.257475
0.274140
0.254584
0.270782
0.247844
0.273638
0.242959
0.284074
0.236992
0.251476
0.221242
0.229247
0.240525
0.283706
0.242009
0.288759
0.275255
0.276619
0.281516
0.298243
0.258294
0.296309
0.265645
0.291033
0.288104
0.298269
0.257374
0.317681
0.291067
0.315563
0.262455
0.223231
0.242566
0.210966
0.236320
0.234952
0.238707
0.238374
0.250311
0.255012
0.258579
0.271040
0.261758
0.279377
0.330470
0.318332
0.307792
0.306087
0.316223
0.306578
0.300535
0.298271
0.288746
0.304316
0.291413
0.290718
0.290630
0.275489
0.296888
0.289281
0.275830
0.287559
0.273486
0.302777
0.306984
0.296730
0.296230
0.321706
0.296325
0.303952
0.306290
0.289929
0.280397
0.297617
0.126473
0.131990
0.128019
0.122433
0.111934
0.110979
0.106439
0.107227
0.111594
0.101878
0.101951
0.102870
0.103617
0.104918
0.105130
0.107012
0.108936
0.105500
0.102861
0.115695
0.109084
0.122887
0.114993
0.110551
0.122175
0.124391
0.118175
0.108926
0.114863
0.112097
0.107242
0.107313
0.108678
0.110410
0.109362
0.108957
0.106650
0.107056
0.110543
0.106466
0.105379
0.104979
0.108496
0.108168
0.109022
0.137710
0.131358
0.127432
0.134962
0.124924
0.119798
0.118167
0.126299
0.134718
0.118452
0.116302
0.110817
0.113746
0.118163
0.111810
0.110069
0.113135
0.117182
0.136073
0.125986
0.118703
0.124318
0.128120
0.132632
0.126390
0.132374
0.141048
0.135381
0.144250
0.139240
0.148753
0.143625
0.143281
0.148717
0.142160
0.138409
0.136824
0.133713
0.133017
0.136685
0.146458
0.142457
0.147427
0.143476
0.139015
0.142449
0.146031
0.142896
0.143579
0.148939
0.137197
0.137684
0.131483
0.135783
0.134741
0.130851
0.139170
0.137370
0.140572
0.144785
0.144054
0.140680
0.144845
0.139720
0.133606
0.134397
0.143818
0.139989
0.139174
0.143664
0.132910
0.132824
0.126629
0.128559
0.127819
0.126754
0.130171
0.128321
0.128209
0.126889
0.142930
0.138482
0.141672
0.138580
0.134855
0.135239
0.139789
0.141748
0.138630
0.141047
0.137501
0.132306
0.128706
0.128570
0.128730
0.128882
0.128990
0.130974
0.130121
0.128965
0.132663
0.133561
0.122378
0.130480
0.137739
0.135908
0.109548
0.113426
0.120070
0.123127
0.131110
0.129664
0.138966
0.138219
0.142594
0.161918
0.156881
0.160390
0.170537
0.148659
0.145848
0.154084
0.163907
0.174935
0.106093
0.140508
0.141286
0.103440
0.153510
0.169202
0.175346
0.160809
0.157259
0.160806
0.154163
0.140804
0.154459
0.150097
0.118989
0.135926
0.140351
0.114980
0.145612
0.150424
0.148793
0.150935
0.127621
0.158349
0.162810
0.169773
0.183422
0.162978
0.158338
0.173416
0.163227
0.140743
0.137321
0.167444
0.165382
0.191423
0.179988
0.166460
0.174210
0.189253
0.167301
0.156750
0.160621
0.150433
0.135569
0.152647
0.152185
0.140900
0.162523
0.148509
0.147717
0.151002
0.146516
0.147746
0.146977
0.143694
0.126840
0.147137
0.129228
0.144402
0.144746
0.141953
0.142534
0.142796
0.142993
0.142916
0.136390
0.116275
0.131367
0.115433
0.133811
0.118800
0.159781
0.149272
0.147319
0.154881
0.146687
0.143932
0.148529
0.145028
0.116665
0.120647
0.141518
0.141260
0.138879
0.142631
0.119957
0.147785
0.142790
0.147323
0.155908
0.169403
0.150204
0.155058
0.163222
0.164285
0.111763
0.140586
0.139571
0.113513
0.159529
0.164571
0.169764
0.195389
0.220591
0.201776
0.255993
0.176035
0.181200
0.191720
0.197144
0.161516
0.240913
0.201851
0.248026
0.266560
0.254866
0.268714
0.273719
0.256567
0.243648
0.272525
0.180739
0.252861
0.199868
0.247447
0.218501
0.248722
0.190057
0.243839
0.256140
0.229650
0.226886
0.212547
0.184146
0.192794
0.241969
0.221967
0.191510
0.260240
0.266358
0.254848
0.204830
0.240788
0.264696
0.210864
0.249054
0.254618
0.280271
0.250309
0.243495
0.238197
0.221425
0.191261
0.222837
0.204957
0.232917
0.180878
0.213387
0.246778
0.271631
0.276462
0.277371
0.251213
0.229918
0.295052
0.270320
0.266230
0.176779
0.220360
0.183723
0.162638
0.169298
0.195432
0.208557
0.177437
0.193345
0.155814
0.196222
0.208385
0.161095
0.336361
0.338393
0.301774
0.367527
0.332359
0.302808
0.320968
0.285052
0.260819
0.266363
0.247404
0.271064
0.258313
0.252597
0.242648
0.254706
0.263376
0.274257
0.262027
0.238937
0.242740
0.256124
0.247839
0.253944
0.254925
0.249353
0.239202
0.243128
0.255992
0.225972
0.254921
0.256700
0.222878
0.353174
0.351986
0.358559
0.356039
0.349689
0.366425
0.347719
0.361196
0.364992
0.355493
0.354181
0.316031
0.337526
0.329410
0.324326
0.305830
0.291163
0.299407
0.298081
0.314908
0.292363
0.311781
0.304010
0.289706
0.285100
0.284588
0.280966
0.314780
0.137776
0.162790
0.090085
0.092450
0.103267
0.105181
0.086316
0.123321
0.131188
0.137002
0.123704
0.094501
0.118792
0.125253
0.104202
0.134095
0.144680
0.151998
0.152105
0.145665
0.148061
0.151304
0.136761
0.107485
0.136316
0.123401
0.142922
0.140939
0.120598
0.151931
0.142032
0.151431
0.147365
0.129963
0.145465
0.143423
0.125771
0.148348
0.137328
0.149413
0.139365
0.133561
0.119083
0.132709
0.113850
0.135602
0.139950
0.123197
0.143230
0.128029
0.120232
0.111928
0.114271
0.119315
0.103705
0.115958
0.125910
0.167915
0.098665
0.110514
0.102037
0.093954
0.116823
0.178506
0.120022
0.106168
0.128486
0.084543
0.098691
0.100132
0.084706
0.120843
0.164075
0.245276
0.231953
0.250227
0.243841
0.269625
0.239074
0.232950
0.277461
0.267825
0.262903
0.256379
0.258571
0.269406
0.272433
0.269550
0.238892
0.258143
0.265976
0.298823
0.298034
0.294214
0.309861
0.303589
0.302354
0.312413
0.295770
0.291865
0.284990
0.286740
0.292418
0.267810
0.292509
0.287270
0.276796
0.227132
0.215893
0.245632
0.247613
0.258619
0.249100
0.244671
0.192326
0.174667
0.209618
0.205482
0.217417
0.168672
0.188606
0.157796
0.204775
0.160021
0.145001
0.150768
0.154946
0.198828
0.153401
0.146340
0.199237
0.205796
0.183379
0.170799
0.325848
0.289857
0.294785
0.353285
0.310746
0.316578
0.306616
0.269590
0.260815
0.242850
0.253303
0.263889
0.245863
0.235990
0.245530
0.230887
0.254201
0.235206
0.194282
0.231778
0.230437
0.193459
0.260561
0.265032
0.250968
0.218071
0.177833
0.204726
0.163547
0.160927
0.200888
0.183596
0.178168
0.164681
0.163360
0.204013
0.162074
0.180609
0.207600
0.180903
0.227772
0.164714
0.212678
0.174552
0.225361
0.193263
0.221213
0.259830
0.260674
0.238690
0.259880
0.263755
0.259226
0.259361
0.252515
0.277343
0.287352
0.241508
0.268111
0.283914
0.323677
0.289747
0.291591
0.307699
0.279117
0.317514
0.275735
0.268658
0.285846
0.284441
0.276322
0.276532
0.287861
0.290427
0.305286
0.302022
0.304597
0.289984
0.255718
0.283449
0.275058
0.301419
0.305634
0.309348
0.315806
0.323624
0.323875
0.310106
0.289095
0.311619
0.241481
0.252154
0.245353
0.245556
0.264464
0.271882
0.253735
0.258638
0.291998
0.257159
0.254235
0.229741
0.189566
0.208049
0.254556
0.264125
0.345359
0.346291
0.350782
0.348289
0.342747
0.348303
0.320153
0.328477
0.321591
0.314200
0.326421
0.333767
0.320270
0.328117
0.318311
0.334322
0.320734
0.298972
0.310518
0.288556
0.297345
0.290531
0.316235
0.326897
0.268897
0.277191
0.254286
0.242802
0.311439
0.281810
0.253414
0.233646
0.316172
0.253578
0.263309
0.228830
0.245764
0.254244
0.250282
0.269795
0.332162
0.276247
0.314550
0.313155
0.324184
0.340756
0.319303
0.303045
0.320829
0.323587
0.334503
0.336137
0.297507
0.297872
0.212680
0.262278
0.237299
0.299296
0.248970
0.289437
0.246515
0.224702
0.270807
0.324248
0.282959
0.266330
0.279995
0.301714
0.305280
0.313350
0.329918
0.292414
0.279046
0.276862
0.288911
0.326714
0.285873
0.292514
0.266365
0.308786
0.291571
0.315502
0.280348
0.279746
0.353068
0.347779
0.385017
0.387524
0.380845
0.347266
0.342878
0.326772
0.349624
0.329249
0.333965
0.312648
0.306128
0.156507
0.191009
0.188619
0.150212
0.183009
0.185051
0.167399
0.161705
0.132390
0.180128
0.183892
0.170763
0.156877
0.166087
0.155018
0.163290
0.135421
0.128920
0.158739
0.152387
0.187506
0.174911
0.172724
0.184831
0.138012
0.168056
0.141680
0.166319
0.139559
0.152732
0.163220
0.142362
0.174879
0.180740
0.162006
0.153186
0.158470
0.151880
0.150390
0.143111
0.152496
0.160574
0.149662
0.148823
0.139217
0.148674
0.155451
0.161897
0.152084
0.161239
0.158382
0.157341
0.151952
0.163590
0.154318
0.158425
0.152686
0.161657
0.177805
0.173613
0.168441
0.174007
0.155022
0.166203
0.151629
0.161893
0.163354
0.157187
0.172654
0.165830
0.168897
0.193841
0.146612
0.156883
0.139706
0.149958
0.144121
0.146963
0.137237
0.144046
0.144185
0.141588
0.142490
0.142170
0.142050
0.141097
0.143798
0.143551
0.136865
0.142449
0.142810
0.143081
0.134843
0.142860
0.142759
0.142504
0.141053
0.134408
0.141270
0.123333
0.115548
0.126308
0.120298
0.111174
0.106684
0.132020
0.129079
0.128110
0.125561
0.127706
0.127188
0.118326
0.102818
0.105184
0.106745
0.110654
0.106529
0.102636
0.102300
0.104334
0.105809
0.100969
0.100025
0.102225
0.100141
0.099886
0.120837
0.123950
0.116955
0.112445
0.115454
0.115668
0.109635
0.104929
0.104447
0.110819
0.109148
0.110964
0.142072
0.147240
0.133482
0.125914
0.129395
0.132683
0.128031
0.120463
0.113620
0.120266
0.119759
0.119559
0.147954
0.147778
0.149236
0.138971
0.142733
0.141924
0.149421
0.135114
0.126969
0.133075
0.136102
0.135383
0.147364
0.142465
0.147730
0.144552
0.143157
0.136237
0.148586
0.146442
0.144462
0.137550
0.130330
0.135599
0.144050
0.134073
0.133459
0.144583
0.134305
0.129921
0.130424
0.128917
0.135774
0.146387
0.128594
0.124264
0.126916
0.124830
0.126523
0.137635
0.134660
0.133206
0.134378
0.132557
0.129439
0.127396
0.127068
0.128243
0.084290
0.097192
0.071353
0.070491
0.089411
0.085023
0.095198
0.098847
0.107790
0.107640
0.098968
0.100887
0.101359
0.099908
0.100843
0.100141
0.103337
0.099528
0.099539
0.089704
0.102091
0.105179
0.099182
0.088552
0.077040
0.081190
0.093662
0.093359
0.128098
0.119147
0.122440
0.114490
0.114439
0.117197
0.110138
0.116225
0.111804
0.109334
0.110260
0.110876
0.112629
0.114140
0.112935
0.119862
0.130502
0.114086
0.111847
0.113480
0.125157
0.110088
0.109991
0.110203
0.109872
0.115332
0.107983
0.119806
0.125902
0.135353
0.134740
0.138455
0.133387
0.146014
0.141675
0.144879
0.148704
0.142427
0.142556
0.147160
0.146647
0.150720
0.155099
0.150446
0.145963
0.156557
0.155136
0.150019
0.148643
0.149447
0.145000
0.151876
0.152149
0.150338
0.151167
0.154515
0.158060
0.157506
0.150931
0.152686
0.150836
0.148234
0.145392
0.150416
0.147814
0.148673
0.150170
0.149041
0.148457
0.145869
0.146856
0.146572
0.141927
0.143068
0.139855
0.138309
0.151510
0.141555
0.144809
0.143554
0.148195
0.147624
0.119221
0.131112
0.132701
0.123004
0.138353
0.138578
0.139761
0.149660
0.135745
0.224465
0.233678
0.241403
0.285148
0.258716
0.287445
0.276777
0.270446
0.297073
0.289289
0.326667
0.325108
0.300684
0.308830
0.322717
0.298829
0.303685
0.300012
0.287447
0.304493
0.301730
0.313408
0.326917
0.315890
0.338751
0.270733
0.244915
0.292720
0.256003
0.289169
0.287485
0.310501
0.292542
0.283867
0.281896
0.311015
0.303231
0.283542
0.239928
0.252983
0.253569
0.248179
0.255174
0.250743
0.290743
0.298302
0.319013
0.266641
0.303414
0.255510
0.256432
0.254174
0.257863
0.271656
0.283748
0.262122
0.238548
0.234852
0.230324
0.270097
0.265424
0.265212
0.254190
0.287633
0.269604
0.289046
0.303327
0.289611
0.284909
0.304657
0.294634
0.288492
0.299310
0.244945
0.253114
0.254784
0.245662
0.256199
0.294959
0.300981
0.279064
0.273041
0.234905
0.250161
0.234148
0.242817
0.251112
0.256159
0.291747
0.261760
0.278587
0.295058
0.234333
0.252553
0.256231
0.218347
0.245089
0.287494
0.320308
0.261550
0.280176
0.289598
0.266247
0.293925
0.306296
0.284416
0.263417
0.309224
0.293380
0.313239
0.308402
0.306952
0.309429
0.316232
0.303734
0.312520
0.311315
0.323691
0.315755
0.343159
0.347921
0.311510
0.350111
0.354575
0.350246
0.354122
0.365971
0.365626
0.353772
0.319064
0.335759
0.357821
0.365399
0.362483
0.355273
0.366784
0.364279
0.309695
0.298436
0.315366
0.291790
0.292512
0.301991
0.312555
0.301393
0.301198
0.329116
0.323946
0.329328
0.321881
0.341314
0.328795
0.343702
0.337706
0.298784
0.316518
0.325327
0.317714
0.307386
0.313927
0.316788
0.323169
0.295342
0.311916
0.315957
0.304412
0.316135
0.337319
0.332544
0.316245
0.308639
0.323299
0.327950
0.333538
0.319368
0.339407
0.336333
0.308454
0.344123
0.340891
0.345535
0.334556
0.323763
0.362039
0.341153
0.358581
0.337862
0.356139
0.316610
0.308009
0.303416
0.295985
0.300881
0.312342
0.302529
0.306313
0.305101
0.306172
0.300314
0.303464
0.313467
0.316711
0.362254
0.367282
0.362838
0.363526
0.359499
0.348415
0.339824
0.314459
0.329615
0.192214
0.174926
0.155286
0.151845
0.160736
0.157269
0.154759
0.147792
0.146512
0.085375
0.077949
0.082845
0.071756
0.071071
0.071857
0.073279
0.083365
0.084581
0.093577
0.094747
0.087196
0.093090
0.106537
0.099420
0.102312
0.108086
0.119941
0.112461
0.114222
0.109669
0.107882
0.110423
0.119045
0.114112
0.121272
0.109359
0.116329
0.111048
0.109036
0.097572
0.122631
0.132635
0.099117
0.127356
0.141323
0.140113
0.146130
0.098886
0.131409
0.130736
0.096358
0.143073
0.143376
0.151087
0.152203
0.153538
0.159509
0.155792
0.124877
0.120825
0.150773
0.154286
0.123403
0.152225
0.155318
0.152405
0.155747
0.147386
0.122045
0.156740
0.161961
0.158500
0.229572
0.164004
0.182951
0.131188
0.125877
0.154510
0.155195
0.126002
0.159215
0.155626
0.156989
0.123444
0.160497
0.196306
0.160460
0.155976
0.187287
0.158002
0.162435
0.152933
0.154258
0.170974
0.162295
0.154940
0.152358
0.132711
0.132403
0.154299
0.155875
0.133725
0.156521
0.154212
0.132220
0.134021
0.156330
0.154491
0.154079
0.133865
0.155521
0.157780
0.170547
0.156563
0.167010
0.120410
0.123252
0.143149
0.126425
0.143185
0.148068
0.153352
0.133961
0.149933
0.156922
0.151969
0.165864
0.113681
0.135277
0.145532
0.142531
0.143528
0.145769
0.152072
0.153894
0.149660
0.148048
0.118001
0.152505
0.151759
0.157083
0.160060
0.160767
0.159003
0.151611
0.149332
0.153097
0.152733
0.145360
0.102075
0.134794
0.120641
0.155544
0.154911
0.120862
0.270693
0.254142
0.239885
0.240248
0.245323
0.178102
0.228785
0.220710
0.187516
0.233943
0.189115
0.242213
0.197392
0.211273
0.271623
0.235865
0.271177
0.241703
0.184886
0.229401
0.194458
0.190487
0.171722
0.178397
0.166519
0.170837
0.166662
0.168427
0.174345
0.168667
0.170763
0.164672
0.177547
0.171428
0.186075
0.175375
0.182838
0.170449
0.168645
0.160348
0.168812
0.168611
0.155338
0.184528
0.169629
0.181094
0.172254
0.162893
0.175315
0.142547
0.165207
0.156307
0.134097
0.156256
0.169055
0.155696
0.151717
0.150163
0.141272
0.154201
0.146751
0.162148
0.155322
0.141931
0.183289
0.219260
0.187115
0.175213
0.168286
0.158058
0.172665
0.184227
0.175819
0.164438
0.211379
0.228514
0.215433
0.181679
0.175842
0.194326
0.204629
0.173278
0.307344
0.298445
0.315156
0.306783
0.310815
0.306027
0.302658
0.322152
0.317460
0.332730
0.330049
0.325600
0.337177
0.328737
0.328618
0.363692
0.342535
0.341416
0.280227
0.334523
0.325285
0.298050
0.331259
0.290437
0.254597
0.271681
0.283848
0.273680
0.262568
0.235761
0.250605
0.268442
0.277881
0.264748
0.248212
0.272766
0.263127
0.255849
0.300984
0.287839
0.256026
0.229029
0.261544
0.322961
0.216752
0.236391
0.242577
0.260218
0.259873
0.257877
0.304960
0.264410
0.182850
0.184352
0.299411
0.195327
0.244044
0.248060
0.316402
0.192304
0.169939
0.174071
0.191831
0.264506
0.281934
0.291654
0.257904
0.290198
0.262686
0.288272
0.303335
0.308859
0.311151
0.314117
0.297195
0.295788
0.252490
0.221791
0.212794
0.216963
0.216203
0.203205
0.206637
0.201372
0.193453
0.200623
0.217788
0.254086
0.238842
0.270355
0.280315
0.250281
0.227665
0.234279
0.211807
0.211338
0.260571
0.238971
0.267850
0.272394
0.294929
0.272901
0.283738
0.289229
0.274482
0.284893
0.319771
0.314778
0.313812
0.298783
0.312413
0.317093
0.300404
0.318437
0.295261
0.309012
0.295450
0.284559
0.300017
0.303113
0.289485
0.318777
0.326501
0.312104
0.299785
0.307120
0.319124
0.285379
0.327817
0.322681
0.329607
0.290945
0.329487
0.359178
0.341247
0.366043
0.338348
0.360894
0.258828
0.225168
0.230069
0.193164
0.167700
0.170980
0.196125
0.156480
0.229967
0.220022
0.242780
0.222624
0.223124
0.217154
0.223596
0.236078
0.255615
0.233300
0.242074
0.218514
0.207000
0.188115
0.185540
0.203736
0.238582
0.220589
0.245685
0.277610
0.296950
0.247134
0.306222
0.286307
0.318312
0.335739
0.315514
0.277964
0.326705
0.217248
0.239007
0.234908
0.267004
0.258974
0.259551
0.245980
0.272855
0.276492
0.298111
0.290999
0.280959
0.292738
0.281281
0.282720
0.261059
0.248177
0.252822
0.276301
0.204228
0.210083
0.216818
0.223433
0.244030
0.274926
0.292147
0.284609
0.258996
0.193324
0.175928
0.189759
0.222921
0.184878
0.223318
0.172595
0.165035
0.174090
0.200167
0.162561
0.196899
0.163517
0.162740
0.214768
0.169502
0.170427
0.219070
0.236417
0.176628
0.175213
0.172516
0.230921
0.159169
0.162480
0.198404
0.165578
0.198862
0.167905
0.198518
0.162863
0.187008
0.161170
0.194672
0.161924
0.207829
0.172679
0.175668
0.165549
0.221647
0.183112
0.222829
0.190277
0.220822
0.220412
0.178257
0.171243
0.202523
0.176962
0.215566
0.197930
0.176310
0.239256
0.209253
0.204680
0.217704
0.217675
0.216864
0.310212
0.289363
0.314083
0.339655
0.324512
0.300314
0.177129
0.150653
0.154081
0.193258
0.142172
0.174420
0.136161
0.201113
0.148771
0.157295
0.148166
0.156329
0.152748
0.172589
0.172780
0.199177
0.152825
0.179088
0.150016
0.189897
0.151168
0.158462
0.170508
0.180522
0.179380
0.185611
0.186036
0.208996
0.292911
0.246274
0.280291
0.270204
0.285370
0.262468
0.278237
0.246971
0.272838
0.303656
0.293204
0.284131
0.291206
0.309534
0.305012
0.297082
0.306809
0.284317
0.301003
0.273656
0.268939
0.211479
0.216704
0.219500
0.227583
0.207434
0.192902
0.211033
0.196388
0.205626
0.283000
0.247699
0.222338
0.151580
0.110477
0.129019
0.111059
0.108676
0.100951
0.098422
0.103288
0.103943
0.107781
0.156814
0.119246
0.134818
0.121881
0.128285
0.131067
0.118840
0.116486
0.107964
0.125578
0.118712
0.125888
0.161139
0.144185
0.131605
0.206151
0.162871
0.149325
0.179919
0.143042
0.135858
0.144975
0.139409
0.130294
0.137581
0.128077
0.137225
0.171824
0.145733
0.141518
0.146242
0.182471
0.137363
0.132982
0.131183
0.131090
0.136356
0.137295
0.189576
0.147313
0.138007
0.139756
0.144581
0.187794
0.129020
0.126848
0.131512
0.132631
0.131372
0.176297
0.125223
0.129865
0.180242
0.112220
0.121698
0.118606
0.122720
0.124838
0.123373
0.180346
0.137788
0.148983
0.119404
0.125895
0.100235
0.099317
0.103854
0.107314
0.105179
0.136604
0.166055
0.143200
0.272527
0.280345
0.283573
0.278685
0.289921
0.298811
0.278674
0.298467
0.285268
0.307475
0.312162
0.300186
0.360523
0.358633
0.370084
0.356373
0.348656
0.362884
0.355491
0.384788
0.337890
0.338508
0.327516
0.372509
0.360987
0.381990
0.380488
0.391058
0.377514
0.289743
0.292963
0.269638
0.278865
0.254200
0.254598
0.270861
0.267717
0.260853
0.259749
0.250974
0.251147
0.234328
0.227629
0.235841
0.256344
0.247485
0.258992
0.268378
0.268438
0.336954
0.334342
0.229921
0.202339
0.218229
0.197096
0.182667
0.217364
0.189583
0.201241
0.254084
0.221864
0.249517
0.209154
0.187895
0.275055
0.236355
0.255694
0.234971
0.222261
0.191905
0.183539
0.240303
0.207514
0.202839
0.243032
0.227568
0.215462
0.213597
0.230769
0.208231
0.196527
0.215626
0.222859
0.208166
0.224401
0.213430
0.210794
0.210834
0.214497
0.244646
0.221664
0.225690
0.222111
0.225796
0.225580
0.240272
0.205255
0.245117
0.179566
0.215573
0.218848
0.246076
0.223583
0.240020
0.194589
0.222770
0.230792
0.195644
0.176720
0.170698
0.160067
0.183403
0.205892
0.199788
0.258756
0.290063
0.264487
0.278359
0.261210
0.257292
0.189844
0.230755
0.246948
0.274525
0.300940
0.269443
0.210789
0.251206
0.168154
0.174987
0.184036
0.162225
0.162501
0.168255
0.182240
0.170685
0.194451
0.184310
0.178682
0.196460
0.196980
0.192655
0.188541
0.196810
0.183576
0.187368
0.178952
0.169204
0.176537
0.162069
0.177449
0.167506
0.158005
0.161333
0.157323
0.156183
0.157563
0.168821
0.156927
0.157453
0.160020
0.177405
0.162530
0.187729
0.188996
0.191435
0.161975
0.059653
0.054655
0.058379
0.063035
0.058031
0.058034
0.057495
0.054968
0.066917
0.065294
0.079440
0.084110
0.073638
0.068147
0.069801
0.054352
0.063937
0.052584
0.060195
0.061189
0.074894
0.049013
0.058136
0.066500
0.070202
0.087015
0.073341
0.077014
0.087613
0.083605
0.077640
0.097880
0.091305
0.095040
0.091281
0.084717
0.082342
0.075362
0.075900
0.079109
0.085708
0.087104
0.082064
0.093229
0.094621
0.104293
0.096676
0.094518
0.088683
0.083092
0.085716
0.093894
0.101687
0.104950
0.101145
0.111064
0.111554
0.114087
0.110948
0.108395
0.106139
0.103279
0.103223
0.105050
0.111340
0.111243
0.105438
0.117413
0.115595
0.116426
0.116947
0.106392
0.109716
0.102422
0.096464
0.080646
0.071506
0.085965
0.097532
0.091287
0.084896
0.093150
0.104525
0.115115
0.110744
0.098148
0.104535
0.064111
0.066607
0.082209
0.081483
0.064861
0.076480
0.089995
0.126260
0.121381
0.313793
0.319912
0.299364
0.328732
0.308640
0.304880
0.310159
0.323627
0.338413
0.327952
0.305245
0.296501
0.299380
0.302179
0.292775
0.300711
0.270520
0.291666
0.308724
0.269555
0.308251
0.301805
0.279308
0.347928
0.344298
0.336948
0.327034
0.308261
0.330954
0.313649
0.305849
0.294816
0.279334
0.294593
0.300298
0.217158
0.244189
0.207662
0.237613
0.226496
0.218346
0.210025
0.209814
0.223480
0.274501
0.240291
0.242804
0.239611
0.241252
0.257389
0.262153
0.286295
0.257117
0.289700
0.301789
0.281518
0.249399
0.239519
0.282645
0.234237
0.269752
0.256046
0.223308
0.253541
0.249963
0.260685
0.256327
0.216781
0.235578
0.232917
0.247365
0.230285
0.222971
0.243833
0.216364
0.226716
0.241410
0.245998
0.211446
0.199395
0.222815
0.235696
0.265220
0.267263
0.358262
0.360367
0.343266
0.351340
0.347666
0.363856
0.363016
0.360689
0.333635
0.344622
0.326813
0.348550
0.370930
0.352482
0.344720
0.345678
0.376238
0.377656
0.327304
0.346360
0.334391
0.332452
0.321005
0.336190
0.313666
0.312054
0.319430
0.300787
0.309490
0.310666
0.306913
0.312787
0.298737
0.310709
0.302196
0.308173
0.267376
0.308256
0.310656
0.303730
0.258955
0.293881
0.306993
0.317253
0.326893
0.284201
0.307062
0.283986
0.304993
0.291687
0.249174
0.282509
0.286888
0.300416
0.315406
0.319627
0.288971
0.337440
0.326183
0.352747
0.355690
0.340434
0.308417
0.321227
0.300869
0.312437
0.328317
0.335781
0.302299
0.316318
0.338276
0.353021
0.297445
0.306164
0.337556
0.289931
0.340438
0.320331
0.321638
0.328226
0.352315
0.333997
0.292693
0.319921
0.357222
0.345603
0.333600
0.363561
0.369838
0.319200
0.306197
0.310850
0.329348
0.305060
0.304925
0.309639
0.304645
0.299750
0.290528
0.294273
0.278694
0.281825
0.307898
0.290280
0.310280
0.299729
0.307816
0.321295
0.356438
0.344343
0.332155
0.371761
0.351496
0.364282
0.310658
0.359613
0.378357
0.369657
0.370018
0.313429
0.315813
0.341921
0.342085
0.346847
0.323425
0.352700
0.374400
0.345475
0.321220
0.311355
0.295874
0.337936
0.303559
0.324175
0.358781
0.344162
0.320839
0.333084
0.245965
0.251620
0.289285
0.296585
0.299472
0.260102
0.287611
0.295757
0.304267
0.295954
0.200172
0.210749
0.187175
0.216265
0.225870
0.269296
0.227721
0.179221
0.217305
0.187307
0.218577
0.242202
0.257578
0.225039
0.217359
0.230158
0.245563
0.263762
0.241468
0.266021
0.288022
0.234103
0.232022
0.279006
0.270350
0.232870
0.285799
0.303460
0.294623
0.294697
0.232090
0.248696
0.247079
0.247000
0.230722
0.250480
0.279887
0.275781
0.262275
0.218952
0.233628
0.214444
0.244260
0.285133
0.284117
0.287727
0.277617
0.296858
0.300601
0.285708
0.282833
0.256037
0.241885
0.259058
0.257647
0.285617
0.268465
0.297660
0.262651
0.269967
0.268917
0.271714
0.292254
0.295616
0.277499
0.288212
0.296056
0.308051
0.314756
0.258025
0.251347
0.290978
0.292394
0.275587
0.293536
0.304702
0.290410
0.291471
0.179503
0.166021
0.150272
0.151561
0.144568
0.146461
0.143567
0.146227
0.149829
0.133008
0.115849
0.123714
0.111252
0.110816
0.114986
0.140969
0.137317
0.139591
0.123275
0.129577
0.140081
0.151835
0.152605
0.153839
0.151592
0.144810
0.143089
0.151380
0.146609
0.154103
0.151824
0.152937
0.154396
0.155179
0.153355
0.152778
0.153823
0.136270
0.156438
0.148180
0.149273
0.138504
0.142581
0.126400
0.148945
0.131770
0.128078
0.124211
0.117647
0.113195
0.126543
0.117963
0.117699
0.108834
0.117622
0.125065
0.104196
0.117711
0.108357
0.097844
0.092041
0.056321
0.052074
0.056757
0.059397
0.057989
0.050206
0.056629
0.060676
0.076808
0.065027
0.070875
0.062214
0.050912
0.060881
0.069429
0.044291
0.041836
0.039413
0.040956
0.040237
0.036603
0.033684
0.043264
0.043210
0.102102
0.103244
0.103276
0.097500
0.101447
0.104670
0.079503
0.084474
0.079743
0.078647
0.075778
0.075194
0.057099
0.056599
0.057232
0.057374
0.055343
0.058424
0.059409
0.074144
0.074492
0.079226
0.082382
0.068998
0.084291
0.093478
0.150288
0.141482
0.153018
0.154998
0.142016
0.111754
0.111735
0.128809
0.095030
0.104715
0.099915
0.125927
0.094582
0.087215
0.094610
0.122233
0.096218
0.059025
0.061850
0.061827
0.058864
0.063427
0.062823
0.059210
0.061445
0.063146
0.068419
0.061327
0.083370
0.078645
0.153036
0.151334
0.150683
0.144636
0.111025
0.111697
0.102110
0.109266
0.105579
0.107673
0.100309
0.112483
0.108016
0.143739
0.143899
0.150633
0.142044
0.149188
0.127992
0.161993
0.159283
0.155757
0.153953
0.099196
0.092284
0.094734
0.092971
0.085062
0.113620
0.108026
0.253886
0.242898
0.257257
0.217947
0.218150
0.087197
0.084244
0.082427
0.079972
0.084707
0.084466
0.082934
0.071933
0.072457
0.085826
0.086879
0.069986
0.100112
0.105263
0.211485
0.218105
0.188925
0.193869
0.203805
0.177940
0.183617
0.169681
0.103508
0.104993
0.104379
0.075386
0.124313
0.132515
0.307048
0.306493
0.321698
0.310734
0.298204
0.288045
0.310819
0.230279
0.224479
0.218892
0.184132
0.222315
0.245891
0.299668
0.322827
0.316173
0.290600
0.274375
0.277149
0.285428
0.281063
0.301960
0.335216
0.353780
0.370533
0.381781
0.351085
0.332761
0.309833
0.312875
0.301031
0.288958
0.279055
0.284839
0.275731
0.274651
0.279547
0.278960
0.294780
0.286658
0.287378
0.296617
0.312697
0.324646
0.312399
0.341618
0.280951
0.260614
0.261603
0.203143
0.238921
0.442469
0.466330
0.453146
0.442976
0.452216
0.464585
0.417414
0.422898
0.304258
0.297218
0.289783
0.224832
0.249102
0.253820
0.250306
0.237848
0.259966
0.260452
0.276658
0.258984
0.269321
0.308057
0.343915
0.341322
0.334419
0.301771
0.374063
0.348467
0.367596
0.326233
0.323261
0.341173
0.357368
0.352129
0.366018
0.386967
0.347300
0.330563
0.322666
0.309155
0.300709
0.322785
0.332403
0.294291
0.288348
0.269506
0.278080
0.265985
0.267099
0.324038
0.364862
0.372476
0.382120
0.358339
0.367309
0.369335
0.378335
0.397547
0.378351
0.319083
0.267198
0.264664
0.258371
0.265445
0.249751
0.206075
0.212563
0.192720
0.194588
0.194247
0.177017
0.180136
0.171097
0.193146
0.211754
0.208259
0.197583
0.203712
0.173109
0.189976
0.199579
0.191532
0.186851
0.206887
0.209489
0.170112
0.168831
0.198117
0.224160
0.236919
0.243194
0.206445
0.171737
0.206744
0.202032
0.214281
0.202250
0.208086
0.195905
0.212178
0.180870
0.175684
0.201819
0.221288
0.193970
0.201338
0.205468
0.186195
0.210831
0.233460
0.215699
0.191402
0.183163
0.202969
0.230842
0.213851
0.200001
0.226871
0.191969
0.221483
0.248665
0.259465
0.250087
0.258573
0.252323
0.255874
0.199956
0.194562
0.195767
0.192468
0.209839
0.185149
0.208202
0.242583
0.235990
0.254638
0.274700
0.257843
0.249670
0.261219
0.255880
0.235785
0.243370
0.245637
0.184650
0.198793
0.203720
0.215911
0.240783
0.230276
0.265105
0.255073
0.198618
0.209383
0.215374
0.222515
0.237708
0.233433
0.253353
0.237100
0.257327
0.254503
0.191745
0.220203
0.191289
0.220637
0.251825
0.219591
0.192748
0.206899
0.230245
0.215962
0.202920
0.205812
0.172781
0.184245
0.192833
0.194411
0.220863
0.205097
0.200426
0.188669
0.217518
0.174117
0.210272
0.204912
0.232181
0.239050
0.236610
0.202016
0.199783
0.167206
0.168044
0.173750
0.193459
0.176057
0.202912
0.192057
0.170023
0.171454
0.201523
0.206585
0.227148
0.227962
0.223666
0.207245
0.216716
0.179048
0.173995
0.195859
0.193358
0.213506
0.211499
0.211666
0.198882
0.190235
0.184036
0.187692
0.196303
0.120166
0.113263
0.108532
0.108870
0.107859
0.103754
0.079433
0.082216
0.079883
0.077862
0.078537
0.075687
0.057765
0.057060
0.058070
0.058533
0.056797
0.060816
0.060726
0.075748
0.076026
0.081072
0.082641
0.077990
0.087773
0.086133
0.134395
0.135298
0.129186
0.133855
0.130275
0.125387
0.116755
0.108127
0.128241
0.113792
0.107018
0.102289
0.112306
0.125128
0.105261
0.094684
0.096761
0.061787
0.057964
0.057286
0.058834
0.054279
0.056127
0.056140
0.064315
0.070072
0.071214
0.058148
0.080576
0.078746
0.145801
0.148238
0.146151
0.145507
0.102922
0.108871
0.100537
0.098066
0.101439
0.093752
0.105448
0.098764
0.109831
0.145114
0.145186
0.144565
0.119697
0.147018
0.144371
0.159254
0.154316
0.151259
0.146181
0.097444
0.093308
0.095751
0.095540
0.085286
0.110494
0.109916
0.224968
0.223339
0.232544
0.207148
0.212793
0.093423
0.095085
0.098672
0.097595
0.091955
0.102983
0.106892
0.083109
0.086292
0.087837
0.082066
0.089059
0.104249
0.092378
0.225326
0.211372
0.195418
0.189981
0.166775
0.104660
0.096658
0.092104
0.089865
0.127398
0.111681
0.300546
0.318797
0.292408
0.310522
0.322133
0.242782
0.225705
0.231370
0.217969
0.238241
0.220269
0.194913
0.259528
0.277961
0.294178
0.235879
0.263535
0.253240
0.279531
0.293771
0.312430
0.361071
0.390818
0.358256
0.394960
0.361462
0.320781
0.376030
0.315839
0.337417
0.275882
0.300543
0.277962
0.294794
0.271593
0.275616
0.275353
0.292734
0.290449
0.279477
0.301780
0.296832
0.330115
0.309923
0.347809
0.311181
0.258394
0.218613
0.236968
0.181691
0.232863
0.421237
0.429193
0.440513
0.409933
0.439617
0.439224
0.430309
0.419482
0.298723
0.280854
0.198739
0.216082
0.219175
0.232201
0.200091
0.222719
0.239838
0.218837
0.229373
0.269332
0.306505
0.345822
0.342203
0.304190
0.354369
0.370917
0.356149
0.353123
0.367999
0.360651
0.351103
0.315958
0.285858
0.270241
0.277008
0.326457
0.316570
0.333702
0.321586
0.318139
0.313168
0.304210
0.311465
0.311222
0.312610
0.310830
0.319742
0.326286
0.328629
0.319688
0.322506
0.307387
0.310590
0.295589
0.254237
0.254625
0.246957
0.238432
0.256714
0.244644
0.236452
0.224415
0.221122
0.210656
0.219625
0.221598
0.184644
0.188417
0.201498
0.239628
0.235253
0.220696
0.228129
0.205004
0.189016
0.207442
0.207974
0.198237
0.220631
0.218193
0.176086
0.191483
0.265960
0.252794
0.242022
0.221740
0.220970
0.223933
0.171876
0.217214
0.212851
0.224892
0.209669
0.216529
0.235799
0.220080
0.194701
0.186312
0.220108
0.197962
0.205401
0.214361
0.214783
0.207484
0.235726
0.269139
0.230021
0.194527
0.189234
0.222773
0.219861
0.241914
0.225995
0.197408
0.226274
0.245315
0.222692
0.273204
0.222776
0.208412
0.240306
0.216124
0.260108
0.241980
0.223835
0.182964
0.229094
0.248691
0.221218
0.274819
0.291211
0.309653
0.295356
0.305744
0.264689
0.283223
0.297846
0.283523
0.242230
0.188203
0.189841
0.191906
0.232608
0.241914
0.261222
0.210491
0.222165
0.207780
0.232515
0.212710
0.239981
0.221065
0.249163
0.248852
0.228595
0.235839
0.225626
0.236373
0.232517
0.208919
0.272074
0.229262
0.213119
0.259625
0.219860
0.180974
0.201636
0.201622
0.202903
0.210950
0.213524
0.202206
0.198326
0.191705
0.185063
0.210710
0.222068
0.211321
0.240642
0.236556
0.212391
0.221956
0.189753
0.244367
0.208110
0.218266
0.182440
0.212695
0.169149
0.162232
0.204525
0.203428
0.196694
0.226638
0.215490
0.208141
0.198125
0.166297
0.232840
0.233365
0.218794
0.229640
0.230800
0.204606
0.206823
0.180070
0.176954
0.233714
0.213709
0.198061
0.223083
0.210210
0.187847