0.141379
0.099509
0.221809
0.165834
0.112937
0.139385
0.087992
0.078575
0.100892
0.079580
0.174849
0.138434
0.106178
0.130458
0.138148
0.133220
0.127867
0.139989
0.281403
0.293425
0.278146
0.231482
0.220947
0.290303
0.206093
0.306313
0.087188
0.111047
0.087898
0.078220
0.175088
0.186995
0.162818
0.146898
0.134550
0.098678
0.082783
0.114350
0.115366
0.147462
0.158717
0.134326
0.105872
0.153803
0.131386
0.130823
0.143855
0.144777
0.216491
0.248230
0.266548
0.266848
0.210048
0.239674
0.206064
0.302163
0.109491
0.142780
0.107795
0.133029
0.110565
0.085663
0.182236
0.144071
0.120565
0.241193
0.153613
0.163537
0.144143
0.139666
0.132644
0.103879
0.124923
0.088769
0.082724
0.166260
0.157313
0.196529
0.156710
0.139380
0.196609
0.144854
0.138209
0.107702
0.168859
0.074154
0.144181
0.144728
0.174501
0.071984
0.084130
0.196738
0.141852
0.230403
0.084259
0.133230
0.197313
0.181971
0.130216
0.147032
0.132410
0.160047
0.113712
0.074903
0.097568
0.086157
0.118214
0.132030
0.121957
0.270732
0.092798
0.168248
0.106350
0.076102
0.059274
0.115102
0.166188
0.148558
0.147613
0.138182
0.141939
0.139412
0.149675
0.084707
0.180213
0.158071
0.131119
0.163776
0.132770
0.141230
0.086436
0.099916
0.129729
0.094438
0.081334
0.140851
0.227517
0.147114
0.167396
0.133345
0.290120
0.280114
0.237343
0.267346
0.112490
0.116438
0.140868
0.097916
0.139950
0.147740
0.069062
0.104506
0.151226
0.155151
0.151297
0.155985
0.140936
0.140868
0.141622
0.099237
0.112605
0.096179
0.141822
0.140317
0.145145
0.158678
0.119847
0.120982
0.109221
0.083846
0.108598
0.107521
0.116461
0.111945
0.106058
0.237661
0.263988
0.210556
0.237870
0.227311
0.255071
0.092134
0.093468
0.143530
0.218738
0.136884
0.261209
0.207184
0.137786
0.188826
0.077986
0.172637
0.137668
0.103936
0.086895
0.115385
0.075585
0.076536
0.099000
0.131640
0.179098
0.144817
0.130979
0.127266
0.161703
0.232521
0.148509
0.163457
0.074090
0.100067
0.133179
0.138773
0.145251
0.159941
0.118070
0.076396
0.073935
0.069324
0.145245
0.191950
0.134956
0.173540
0.139271
0.149791
0.130887
0.132055
0.135619
0.138947
0.137602
0.098884
0.170021
0.099893
0.093949
0.102904
0.110209
0.116237
0.144498
0.264449
0.130828
0.175118
0.115807
0.178467
0.100299
0.117321
0.116143
0.099916
0.075426
0.062126
0.054682
0.067715
0.135704
0.127218
0.109998
0.104342
0.154572
0.156807
0.153398
0.135052
0.136870
0.219816
0.112816
0.142146
0.140112
0.134435
0.081107
0.090253
0.088796
0.147072
0.069009
0.159534
0.148508
0.123077
0.144518
0.157861
0.153447
0.151622
0.127586
0.129869
0.142687
0.116188
0.096293
0.098550
0.076367
0.126093
0.142893
0.161330
0.168357
0.153268
0.187142
0.130907
0.226076
0.237422
0.220199
0.185169
0.149327
0.131823
0.105002
0.141409
0.100720
0.066764
0.063333
0.071331
0.115379
0.098319
0.119584
0.155881
0.079722
0.093848
0.098379
0.244099
0.149458
0.152036
0.154953
0.148750
0.135400
0.212409
0.256265
0.139187
0.148545
0.123054
0.104935
0.116582
0.076921
0.086416
0.048677
0.046585
0.045405
0.241645
0.140584
0.169283
0.137622
0.155960
0.198551
0.085650
0.115350
0.088339
0.234528
0.241911
0.241789
0.148208
0.210454
0.194997
0.209416
0.212669
0.232039
0.112151
0.120388
0.161024
0.190247
0.081760
0.119628
0.102312
0.078642
0.132288
0.120451
0.081096
0.072097
0.100155
0.139667
0.202160
0.182213
0.266420
0.078806
0.147181
0.092379
0.080524
0.071758
0.075302
0.081696
0.100207
0.115632
0.118811
0.232553
0.161889
0.190687
0.189387
0.128693
0.145446
0.150206
0.150469
0.143828
0.111534
0.063942
0.110759
0.056421
0.105845
0.080104
0.141806
0.085395
0.114761
0.129283
0.143793
0.071498
0.084882
0.079942
0.108855
0.110154
0.158910
0.160906
0.073845
0.169910
0.150263
0.141966
0.111241
0.078499
0.142398
0.158299
0.217026
0.223065
0.150641
0.243906
0.248867
0.159270
0.141241
0.122619
0.155701
0.083862
0.084567
0.067984
0.124831
0.083601
0.153423
0.130916
0.126195
0.133279
0.099358
0.104125
0.136363
0.131274
0.140164
0.067047
0.063819
0.127185
0.133222
0.127940
0.131841
0.095980
0.103082
0.140655
0.142090
0.064544
0.062612
0.065629
0.107361
0.117891
0.188605
0.115559
0.152213
0.115736
0.112400
0.121277
0.145730
0.163762
0.232933
0.171491
0.172326
0.222123
0.225239
0.216598
0.176224
0.171236
0.137073
0.159698
0.177129
0.147831
0.119187
0.071447
0.095057
0.077658
0.125196
0.196923
0.127193
0.078473
0.083983
0.126423
0.084419
0.148422
0.109859
0.073133
0.096532
0.094930
0.090246
0.086594
0.163829
0.329483
0.154998
0.167403
0.192051
0.151554
0.091046
0.147805
0.111467
0.068850
0.054397
0.068519
0.153459
0.159702
0.187523
0.115830
0.084485
0.087018
0.111763
0.072253
0.144555
0.177868
0.224939
0.265380
0.074136
0.072131
0.163899
0.088852
0.095885
0.092775
0.108709
0.110788
0.110559
0.105758
0.159903
0.136805
0.178122
0.202375
0.327539
0.172971
0.187246
0.158326
0.082964
0.062035
0.121513
0.116502
0.119662
0.113382
0.120220
0.101690
0.100926
0.084663
0.121456
0.124669
0.128571
0.122690
0.124106
0.054591
0.054758
0.124784
0.118878
0.120886
0.109284
0.096639
0.124717
0.098707
0.076434
0.127821
0.122654
0.123749
0.128366
0.126003
0.052401
0.049765
0.085064
0.102635
0.100838
0.100314
0.107473
0.096417
0.108370
0.142949
0.280293
0.198763
0.208938
0.204760
0.181242
0.177434
0.165310
0.199943
0.241895
0.160475
0.180424
0.224475
0.158526
0.152300
0.132304
0.096993
0.116695
0.116704
0.193520
0.180459
0.186848
0.165406
0.168190
0.213636
0.167277
0.159743
0.115668
0.093744
0.233967
0.219619
0.224690
0.220583
0.260481
0.157047
0.177943
0.203604
0.235319
0.270591
0.248479
0.226069
0.138122
0.121378
0.117970
0.101438
0.121775
0.125353
0.186877
0.189562
0.200145
0.235225
0.088677
0.105977
0.103233
0.138262
0.120959
0.083798
0.082741
0.092778
0.095231
0.095144
0.085582
0.078189
0.080183
0.078830
0.108036
0.096152
0.075511
0.078515
0.082984
0.080937
0.079094
0.080258
0.076288
0.069675
0.075338
0.076500
0.070556
0.067071
0.066154
0.070693
0.070648
0.077877
0.077196
0.075457
0.072298
0.080274
0.094474
0.078769
0.068726
0.202693
0.084946
0.086362
0.075664
0.057696
0.058809
0.060700
0.069062
0.142964
0.226966
0.288690
0.188807
0.231224
0.291202
0.291328
0.135378
0.311391
0.176342
0.209867
0.175033
0.165117
0.161521
0.145168
0.200638
0.070961
0.068074
0.074231
0.077508
0.085257
0.089683
0.092813
0.099615
0.102685
0.112436
0.128059
0.149751
0.134934
0.129127
0.109470
0.091093
0.143122
0.078705
0.074512
0.071182
0.215121
0.250925
0.270892
0.196861
0.189777
0.188239
0.170104
0.177041
0.167367
0.179096
0.171150
0.164346
0.167933
0.185318
0.141880
0.142030
0.109464
0.111371
0.117308
0.117100
0.144643
0.106810
0.115762
0.138857
0.192466
0.155533
0.161220
0.171267
0.183757
0.131792
0.132384
0.134891
0.133659
0.148133
0.150936
0.198497
0.223119
0.174456
0.105847
0.102390
0.103379
0.100761
0.107129
0.107857
0.106752
0.125908
0.123498
0.114219
0.122961
0.093196
0.097817
0.069403
0.072639
0.083013
0.097766
0.134296
0.115738
0.099768
0.100167
0.104536
0.098437
0.095666
0.090780
0.095190
0.097662
0.103437
0.096119
0.095825
0.092436
0.088385
0.075193
0.110401
0.281289
0.325505
0.349513
0.179511
0.179051
0.136382
0.144487
0.136006
0.113919
0.102305
0.149211
0.138622
0.144934
0.154462
0.160818
0.155204
0.157372
0.157214
0.144570
0.148779
0.148829
0.134217
0.135035
0.114095
0.108080
0.114192
0.074045
0.083005
0.082778
0.084313
0.081175
0.124561
0.084489
0.082520
0.101764
0.099385
0.111616
0.173587
0.201287
0.122578
0.128215
0.117032
0.147407
0.170106
0.091719
0.102228
0.099903
0.098794
0.076550
0.077247
0.103299
0.105068
0.142794
0.101139
0.097521
0.094924
0.093625
0.087252
0.083617
0.099173
0.124447
0.138207
0.092124
0.085392
0.085549
0.086558
0.075173
0.082806
0.103693
0.092372
0.097349
0.148871
0.146043
0.080568
0.071514
0.091358
0.095539
0.108629
0.113975
0.111831
0.142952
0.140080
0.136035
0.135251
0.071317
0.073897
0.062457
0.202628
0.306936
0.248619
0.209057
0.217208
0.186930
0.169341
0.221852
0.202867
0.090784
0.093763
0.103061
0.116368
0.120365
0.104288
0.097277
0.083162
0.088749
0.099898
0.107693
0.108416
0.089869
0.105948
0.105039
0.091902
0.084826
0.076787
0.083711
0.076485
0.084644
0.081785
0.091821
0.100808
0.118130
0.138404
0.155249
0.130873
0.132040
0.122884
0.131892
0.095786
0.092542
0.098845
0.097871
0.078169
0.083581
0.080594
0.089665
0.086371
0.127246
0.121917
0.131737
0.132810
0.132128
0.123692
0.128133
0.099365
0.106194
0.092952
0.092692
0.077057
0.078507
0.075203
0.076868
0.123800
0.122362
0.177339
0.183717
0.198291
0.115334
0.144079
0.143598
0.147200
0.125806
0.131473
0.134672
0.149793
0.154980
0.165711
0.177662
0.213298
0.072455
0.068984
0.084010
0.103015
0.146303
0.174667
0.176735
0.086737
0.089059
0.091906
0.103406
0.100910
0.094149
0.101944
0.098796
0.135218
0.160315
0.162689
0.176176
0.178896
0.147372
0.163595
0.148892
0.138968
0.136973
0.133470
0.136635
0.138633
0.130117
0.099296
0.122298
0.123058
0.134667
0.146829
0.151112
0.118922
0.119980
0.122236
0.111327
0.115780
0.121627
0.130096
0.133373
0.129435
0.137772
0.136845
0.135274
0.128423
0.133018
0.133983
0.131540
0.129708
0.128112
0.126453
0.099120
0.079703
0.109741
0.107199
0.092974
0.116836
0.115037
0.126774
0.127837
0.120620
0.111784
0.113888
0.108343
0.074964
0.073722
0.201727
0.250824
0.244849
0.329552
0.095182
0.095695
0.093104
0.211600
0.176514
0.175162
0.168005
0.172831
0.147720
0.164050
0.158830
0.172095
0.179031
0.142012
0.137624
0.163244
0.164736
0.169211
0.092083
0.113522
0.101994
0.107275
0.094022
0.102565
0.127709
0.124686
0.115908
0.120570
0.111265
0.103953
0.073895
0.242301
0.267143
0.102436
0.122277
0.209486
0.237160
0.101494
0.105020
0.100555
0.101565
0.098172
0.096233
0.103254
0.132128
0.129831
0.121271
0.117391
0.098431
0.105019
0.103752
0.075423
0.110394
0.113306
0.110163
0.099648
0.097407
0.106620
0.106646
0.102389
0.104813
0.069073
0.062603
0.060049
0.067238
0.109318
0.132404
0.098867
0.079343
0.091075
0.104908
0.116386
0.117222
0.116018
0.234419
0.243992
0.236469
0.250029
0.179645
0.172988
0.176419
0.176097
0.103946
0.131557
0.124469
0.104012
0.081356
0.082568
0.077755
0.080503
0.109435
0.105867
0.116293
0.110325
0.090003
0.091261
0.092891
0.091747
0.094183
0.186627
0.210866
0.180914
0.160776
0.141541
0.164202
0.166347
0.142300
0.084572
0.080876
0.083410
0.096309
0.097254
0.111770
0.109435
0.111736
0.103755
0.091772
0.086243
0.087886
0.094585
0.105680
0.111758
0.108688
0.101892
0.089590
0.089338
0.099120
0.105648
0.120693
0.122620
0.129089
0.128978
0.102759
0.096694
0.095461
0.094402
0.099705
0.101979
0.105425
0.095126
0.094404
0.090580
0.106270
0.106849
0.102400
0.136912
0.128567
0.182275
0.138494
0.142685
0.142393
0.185382
0.166422
0.151465
0.141586
0.125004
0.126373
0.130174
0.179861
0.165441
0.133622
0.122252
0.125379
0.111636
0.113464
0.214868
0.216091
0.170057
0.132335
0.131992
0.132794
0.139665
0.137707
0.219643
0.297590
0.108536
0.138396
0.147925
0.160630
0.238928
0.098783
0.091418
0.094656
0.084086
0.265874
0.254421
0.233784
0.251585
0.135339
0.211970
0.176214
0.185074
0.203847
0.192291
0.200046
0.158008
0.180336
0.211829
0.209060
0.203927
0.167951
0.183651
0.167383
0.175990
0.199804
0.196666
0.201665
0.232635
0.213662
0.263181
0.275128
0.261976
0.254750
0.330117
0.292755
0.334878
0.329369
0.340354
0.285710
0.297071
0.180320
0.229251
0.229967
0.233932
0.246628
0.213750
0.248674
0.228689
0.229904
0.251437
0.268411
0.259833
0.199950
0.218126
0.171910
0.236130
0.275647
0.153992
0.288496
0.224802
0.207004
0.230328
0.212509
0.216469
0.216864
0.157250
0.177388
0.152320
0.163224
0.167551
0.179734
0.190077
0.134192
0.150604
0.169909
0.121332
0.128004
0.138367
0.158757
0.135826
0.112877
0.150301
0.143464
0.126231
0.159414
0.147423
0.170939
0.290325
0.269698
0.203620
0.294436
0.281122
0.288484
0.234565
0.318311
0.227715
0.288509
0.213175
0.209387
0.221607
0.136989
0.252340
0.183994
0.349559
0.266084
0.128338
0.161336
0.202683
0.314403
0.098280
0.096753
0.109485
0.110005
0.082063
0.079263
0.097326
0.107215
0.104469
0.101335
0.095355
0.193160
0.184008
0.221743
0.199069
0.190121
0.269986
0.274590
0.159433
0.159034
0.151030
0.171485
0.151665
0.194586
0.167562
0.183898
0.193343
0.284602
0.150879
0.147375
0.152557
0.146363
0.128719
0.141844
0.139759
0.229745
0.249613
0.135038
0.168252
0.136423
0.177568
0.107968
0.273938
0.281112
0.196348
0.195503
0.216985
0.116160
0.133102
0.160497
0.234302
0.188572
0.121976
0.124990
0.148270
0.136841
0.130039
0.184318
0.097746
0.105314
0.112269
0.173661
0.154214
0.174882
0.152364
0.153019
0.068917
0.071942
0.078109
0.081078
0.081942
0.073507
0.079034
0.089641
0.094266
0.099851
0.108443
0.137469
0.136842
0.126171
0.123545
0.118457
0.122307
0.127719
0.127057
0.119041
0.116791
0.105119
0.107788
0.106292
0.096358
0.092249
0.095022
0.080462
0.076575
0.071472
0.114961
0.113234
0.073623
0.080820
0.087318
0.128416
0.122985
0.131903
0.129358
0.121836
0.122185
0.125915
0.127118
0.129412
0.122426
0.111336
0.106262
0.087431
0.080275
0.086184
0.140541
0.140483
0.133633
0.108128
0.108111
0.099653
0.090919
0.079191
0.077776
0.076808
0.075753
0.073766
0.067249
0.068013
0.069544
0.074495
0.075295
0.075235
0.074757
0.075256
0.075751
0.078722
0.081052
0.142280
0.123782
0.114596
0.105306
0.108094
0.108551
0.115621
0.114344
0.109856
0.071683
0.060992
0.076304
0.185042
0.156550
0.139975
0.147425
0.138769
0.142647
0.143351
0.142367
0.210535
0.143084
0.151990
0.132669
0.143116
0.126334
0.131613
0.123336
0.133401
0.107253
0.108071
0.101244
0.075614
0.069035
0.062228
0.061958
0.097235
0.104777
0.107295
0.116349
0.109523
0.107594
0.113319
0.111134
0.123945
0.137239
0.136653
0.150640
0.131339
0.127463
0.119309
0.123109
0.161345
0.169505
0.129994
0.141234
0.147724
0.131159
0.164815
0.148875
0.145849
0.143634
0.185306
0.162774
0.161947
0.178958
0.174768
0.167822
0.176908
0.139233
0.173977
0.161862
0.138858
0.120888
0.161343
0.163486
0.158350
0.153448
0.146326
0.157837
0.131264
0.155681
0.160184
0.152978
0.132622
0.131191
0.149685
0.139439
0.133723
0.141158
0.142394
0.134848
0.139059
0.140283
0.155774
0.151613
0.159019
0.162293
0.107013
0.113878
0.126232
0.127283
0.124052
0.119865
0.125223
0.142035
0.142262
0.125880
0.134695
0.152681
0.150340
0.152653
0.161304
0.152885
0.137441
0.147194
0.154914
0.163409
0.125238
0.141813
0.139357
0.146863
0.143542
0.125247
0.135453
0.141215
0.163387
0.142328
0.155845
0.140352
0.145024
0.146526
0.142017
0.160036
0.162165
0.118712
0.116338
0.145385
0.115943
0.143029
0.145848
0.145480
0.142258
0.108040
0.108662
0.135692
0.133196
0.127906
0.126236
0.111294
0.113829
0.122317
0.127481
0.136325
0.135378
0.116383
0.130165
0.243767
0.253714
0.254004
0.228562
0.214011
0.225252
0.168214
0.166959
0.158237
0.163760
0.179306
0.189735
0.196862
0.151813
0.156020
0.129100
0.134400
0.116880
0.112573
0.151885
0.150420
0.160756
0.172619
0.175540
0.160342
0.190768
0.149749
0.156227
0.151398
0.142750
0.146030
0.149499
0.206273
0.188778
0.152676
0.159454
0.108843
0.103926
0.091815
0.094650
0.097577
0.129206
0.127626
0.098302
0.114925
0.126698
0.137263
0.099856
0.113066
0.070346
0.071998
0.081931
0.093069
0.118800
0.113183
0.116701
0.108281
0.094239
0.098673
0.105105
0.100123
0.093954
0.094924
0.088563
0.088086
0.279354
0.289443
0.303371
0.215299
0.142957
0.143757
0.141974
0.178195
0.181034
0.087369
0.116861
0.153319
0.151042
0.146847
0.154690
0.160495
0.163458
0.147589
0.147401
0.153529
0.146970
0.149201
0.150293
0.146430
0.129045
0.117083
0.091462
0.192584
0.192900
0.164420
0.091976
0.085222
0.084569
0.141771
0.164116
0.089294
0.091894
0.106726
0.110155
0.112602
0.170615
0.219513
0.122451
0.136118
0.117120
0.170247
0.195977
0.092799
0.100652
0.109270
0.075551
0.106173
0.095880
0.159700
0.107327
0.101464
0.095985
0.092700
0.088268
0.110358
0.115017
0.148360
0.157762
0.093323
0.088289
0.085917
0.087277
0.114419
0.109147
0.093938
0.155866
0.084783
0.076421
0.087788
0.096907
0.119388
0.126640
0.120909
0.161013
0.175982
0.167867
0.156390
0.086295
0.101537
0.099236
0.066274
0.218205
0.279006
0.336949
0.214761
0.268007
0.268074
0.241046
0.274214
0.244742
0.233891
0.108066
0.095132
0.102170
0.119849
0.124309
0.116711
0.109151
0.101635
0.118033
0.120495
0.129913
0.159949
0.091516
0.109529
0.105195
0.099581
0.086497
0.159849
0.148365
0.154441
0.145092
0.124725
0.118669
0.113790
0.124960
0.089137
0.080839
0.090837
0.092832
0.090303
0.137561
0.125733
0.150296
0.154781
0.147222
0.148554
0.146742
0.150520
0.138115
0.101676
0.093365
0.087729
0.092295
0.078407
0.078248
0.114135
0.126085
0.135152
0.169214
0.177501
0.195880
0.198644
0.235699
0.105292
0.116199
0.108504
0.100224
0.124145
0.150554
0.148867
0.155077
0.146232
0.146047
0.154847
0.151236
0.151316
0.163216
0.167286
0.153406
0.203057
0.202482
0.237876
0.070601
0.081381
0.089987
0.215182
0.085118
0.087176
0.086701
0.103348
0.099698
0.094648
0.090530
0.095336
0.128136
0.156113
0.155574
0.151269
0.156703
0.159418
0.151985
0.157804
0.147308
0.149743
0.137267
0.127052
0.129630
0.131196
0.124316
0.124132
0.102534
0.126440
0.143830
0.152897
0.161741
0.153544
0.156776
0.146586
0.136253
0.118714
0.129489
0.139522
0.140061
0.140652
0.149891
0.153361
0.141038
0.130746
0.124632
0.123677
0.129312
0.127569
0.143727
0.146168
0.141786
0.139800
0.117242
0.085332
0.105902
0.127422
0.132280
0.132244
0.116126
0.089116
0.092645
0.144330
0.143572
0.148986
0.143037
0.140578
0.135225
0.129684
0.076913
0.086943
0.201922
0.247770
0.238291
0.314500
0.098386
0.092476
0.090537
0.111051
0.259444
0.176278
0.178529
0.171040
0.176755
0.183968
0.163181
0.163461
0.143806
0.129884
0.134729
0.167612
0.254503
0.236205
0.121831
0.103977
0.120061
0.113918
0.146324
0.144405
0.126059
0.124579
0.110136
0.119314
0.088538
0.217523
0.267429
0.254788
0.113454
0.119188
0.220762
0.252975
0.136922
0.119534
0.113073
0.119683
0.120353
0.122405
0.119159
0.142680
0.144720
0.139986
0.139175
0.120045
0.101895
0.108093
0.122174
0.118507
0.115030
0.109628
0.103548
0.124048
0.120564
0.124204
0.122647
0.101922
0.071193
0.063824
0.063353
0.070878
0.143202
0.082977
0.121081
0.137525
0.143055
0.141997
0.264956
0.250898
0.240572
0.245673
0.192489
0.213776
0.186773
0.098212
0.098381
0.108989
0.101043
0.085748
0.084481
0.084869
0.091559
0.114353
0.104785
0.102975
0.122523
0.116648
0.112438
0.176355
0.174483
0.165651
0.167268
0.161784
0.159732
0.177043
0.102167
0.097969
0.113437
0.122177
0.128863
0.128309
0.126938
0.110447
0.089594
0.093675
0.098740
0.126248
0.118454
0.106218
0.092559
0.090457
0.100326
0.106085
0.133512
0.134507
0.148794
0.126206
0.123113
0.119071
0.116973
0.149997
0.151925
0.150009
0.137173
0.128060
0.110508
0.123605
0.120979
0.119540
0.123745
0.114177
0.137446
0.141382
0.223105
0.211061
0.162064
0.138410
0.143889
0.174595
0.156661
0.154768
0.135449
0.144077
0.179872
0.149267
0.189055
0.175150
0.147970
0.148130
0.151450
0.142351
0.135583
0.207663
0.146020
0.140711
0.140127
0.136605
0.279225
0.278734
0.269555
0.140866
0.148016
0.167669
0.245926
0.276320
0.093961
0.091032
0.089851
0.083704
0.194023
0.203064
0.141991
0.138063
0.137867
0.182893
0.217672
0.214751
0.214025
0.167962
0.194728
0.220890
0.218468
0.223695
0.226323
0.172644
0.205207
0.218750
0.212041
0.228477
0.198720
0.168884
0.253622
0.275994
0.315359
0.314424
0.310490
0.300368
0.317182
0.220853
0.255941
0.238213
0.311949
0.270433
0.278279
0.166543
0.221663
0.214681
0.234187
0.196435
0.166362
0.234054
0.205050
0.243689
0.228315
0.254929
0.167271
0.221752
0.274038
0.305378
0.169275
0.260683
0.239779
0.202468
0.229969
0.210687
0.234204
0.223526
0.163118
0.177153
0.222141
0.163597
0.190191
0.155120
0.187713
0.179079
0.211862
0.149588
0.148290
0.163895
0.140307
0.128185
0.140029
0.152509
0.153690
0.126438
0.119805
0.144155
0.152438
0.151349
0.158584
0.151728
0.134992
0.163719
0.150051
0.162342
0.172786
0.268137
0.172947
0.292609
0.268969
0.295596
0.272671
0.196927
0.251655
0.206194
0.204500
0.155199
0.121068
0.169574
0.329992
0.280675
0.314496
0.203661
0.208304
0.307390
0.250549
0.278634
0.124197
0.115667
0.107092
0.102955
0.115124
0.126445
0.100728
0.096229
0.082046
0.130241
0.135678
0.135549
0.122980
0.114456
0.107701
0.204759
0.192446
0.209798
0.162972
0.174653
0.213108
0.190912
0.250550
0.203235
0.176141
0.173553
0.161932
0.158982
0.183212
0.189591
0.184187
0.133951
0.131694
0.164515
0.151744
0.177983
0.161461
0.165119
0.156126
0.178727
0.136319
0.135053
0.140584
0.225320
0.163751
0.195666
0.176482
0.186266
0.180885
0.175799
0.198188
0.103077
0.115451
0.113731
0.154277
0.132818
0.131634
0.208459
0.196399
0.199401
0.221587
0.130688
0.126446
0.185962
0.216158
0.233534
0.213113
0.179001
0.134873
0.136070
0.155239
0.167576
0.138222
0.139858
0.137140
0.187143
0.105952
0.109223
0.111950
0.182512
0.162721
0.143075
0.085099
0.074628
0.079769
0.088250
0.096926
0.090535
0.082544
0.093501
0.108131
0.109989
0.104958
0.109310
0.132064
0.083939
0.144157
0.150266
0.153143
0.138166
0.138070
0.143199
0.146538
0.143363
0.140219
0.130166
0.136853
0.129806
0.118888
0.115960
0.109242
0.106060
0.093031
0.091077
0.135700
0.126342
0.100293
0.106718
0.111849
0.111276
0.143009
0.146098
0.143930
0.150054
0.149712
0.149652
0.147476
0.147361
0.152316
0.151374
0.153805
0.113639
0.109022
0.095459
0.086621
0.139614
0.141479
0.114881
0.124658
0.113021
0.099875
0.096997
0.100813
0.105024
0.102812
0.101474
0.096895
0.095368
0.096373
0.103292
0.098089
0.099074
0.100846
0.116225
0.119037
0.115383
0.115837
0.140460
0.143971
0.142850
0.136701
0.147275
0.139411
0.142783
0.141858
0.074874
0.067010
0.100584
0.169152
0.143256
0.143160
0.144011
0.138734
0.137880
0.181726
0.203674
0.157285
0.150146
0.134660
0.146202
0.141313
0.118605
0.100106
0.099904
0.098884
0.095696
0.098330
0.103098
0.117750
0.119540
0.126185
0.126152
0.129073
0.139498
0.144517
0.158952
0.139950
0.141322
0.136840
0.124730
0.132145
0.173383
0.184567
0.140699
0.149879
0.170441
0.151166
0.155153
0.150591
0.145595
0.223600
0.191708
0.167271
0.200556
0.203637
0.197871
0.186616
0.174632
0.159893
0.182674
0.180919
0.158878
0.142101
0.160936
0.149243
0.188169
0.200965
0.180792
0.176674
0.162467
0.164854
0.173784
0.153140
0.155077
0.150543
0.136393
0.138853
0.138433
0.146600
0.141993
0.155383
0.153769
0.113982
0.111029
0.125187
0.132996
0.143764
0.127990
0.133487
0.155904
0.154322
0.148381
0.152990
0.157454
0.169160
0.170633
0.154980
0.159893
0.170561
0.152500
0.153178
0.154567
0.163635
0.159792
0.138073
0.148739
0.158937
0.137276
0.156664
0.158711
0.154350
0.166948
0.160855
0.150693
0.149362
0.154313
0.156293
0.159830
0.158050
0.151287
0.150827
0.156410
0.156495
0.142012
0.158595
0.154532
0.150250
0.151394
0.137103
0.151875
0.129295
0.146715
0.139222
0.126502
0.118532
0.132345
0.147895
0.153763
0.152082
0.148833
0.127787
0.145888
0.124997
0.108266
0.091236
0.132898
0.117543
0.097728
0.120858
0.103460
0.174327
0.114037
0.133482
0.175539
0.155116
0.126980
0.132986
0.124487
0.108256
0.135296
0.145056
0.130678
0.106559
0.119543
0.109333
0.152641
0.213637
0.146884
0.113347
0.148978
0.152717
0.157481
0.135106
0.144713
0.140846
0.148104
0.136440
0.134252
0.122816
0.125287
0.126985
0.162869
0.174294
0.154605
0.162615
0.160064
0.170594
0.190403
0.219208
0.167531
0.174991
0.166657
0.187808
0.152227
0.227543
0.165839
0.154442
0.237428
0.162561
0.163604
0.152170
0.239554
0.143099
0.216207
0.257237
0.149456
0.149221
0.156909
0.163536
0.193769
0.166512
0.168032
0.177908
0.189025
0.140977
0.145414
0.146822
0.166327
0.163256
0.142632
0.140244
0.122458
0.117651
0.099799
0.103763
0.128573
0.108892
0.126817
0.120654
0.138318
0.115531
0.113165
0.109335
0.108733
0.116743
0.120231
0.119153
0.146936
0.150089
0.120272
0.127405
0.129230
0.122573
0.135354
0.132494
0.140067
0.139806
0.150573
0.143859
0.161832
0.152248
0.141881
0.156477
0.128020
0.119355
0.121938
0.159378
0.209240
0.255542
0.141411
0.245948
0.147711
0.257668
0.164006
0.241702
0.163660
0.183751
0.171439
0.251962
0.163151
0.175122
0.180968
0.239723
0.167971
0.226008
0.239522
0.162331
0.165936
0.167806
0.177120
0.160081
0.163242
0.182067
0.153736
0.177478
0.167596
0.144640
0.132996
0.144328
0.145384
0.116210
0.133303
0.137102
0.140640
0.145761
0.106967
0.121079
0.105617
0.125765
0.145172
0.108202
0.129404
0.125264
0.175507
0.127136
0.113016
0.147769
0.171083
0.141132
0.114737
0.130018
0.115067
0.117190
0.062087
0.068659
0.084678
0.099605
0.069249
0.071351
0.080463
0.102176
0.054475
0.052311
0.060802
0.076227
0.082351
0.089818
0.086556
0.071495
0.055521
0.110485
0.079269
0.068844
0.043600
0.065939
0.040728
0.113807
0.083189
0.067446
0.051782
0.111813
0.062825
0.060036
0.040551
0.161455
0.219944
0.158512
0.155704
0.136722
0.244996
0.134284
0.146768
0.259521
0.239609
0.262423
0.163777
0.226824
0.151348
0.152281
0.204301
0.222985
0.140315
0.131788
0.141691
0.168372
0.190428
0.140739
0.135127
0.140712
0.178511
0.176564
0.139243
0.144648
0.133981
0.139678
0.184479
0.162956
0.154069
0.126694
0.124868
0.115095
0.112228
0.214394
0.175832
0.091525
0.087296
0.150716
0.147526
0.146127
0.149888
0.218879
0.154490
0.157135
0.154014
0.225704
0.173146
0.163798
0.219445
0.079234
0.117957
0.078361
0.137683
0.131619
0.157229
0.151678
0.154322
0.234703
0.168684
0.157889
0.171472
0.220838
0.169855
0.168937
0.253918
0.148301
0.161120
0.208386
0.157974
0.143954
0.172435
0.145761
0.136435
0.156532
0.164760
0.142407
0.141820
0.135772
0.200500
0.197918
0.139309
0.139045
0.140003
0.144826
0.166897
0.160252
0.167641
0.112072
0.120337
0.124495
0.137087
0.129544
0.130310
0.166861
0.143602
0.153374
0.242129
0.160927
0.158462
0.169924
0.228884
0.244542
0.170901
0.161360
0.168731
0.208927
0.072205
0.098977
0.154504
0.194417
0.152902
0.179333
0.182935
0.230565
0.257372
0.133675
0.146252
0.152883
0.182420
0.189584
0.193634
0.165400
0.189201
0.175195
0.157801
0.156658
0.170618
0.156828
0.156499
0.119783
0.128468
0.222656
0.168037
0.253887
0.175582
0.149931
0.255457
0.196790
0.165281
0.201042
0.197646
0.171066
0.149763
0.172839
0.164719
0.156365
0.159917
0.154148
0.177689
0.143479
0.116892
0.128998
0.093884
0.133225
0.113328
0.103093
0.091816
0.088080
0.148263
0.139030
0.168126
0.223357
0.100817
0.106768
0.111069
0.115346
0.153186
0.150807
0.106446
0.093175
0.088161
0.090422
0.084631
0.082125
0.116312
0.125511
0.105210
0.109308
0.149304
0.126428
0.130983
0.159147
0.176829
0.206857
0.216078
0.187171
0.210150
0.075606
0.075749
0.098867
0.096766
0.099087
0.121703
0.114827
0.108573
0.134076
0.106681
0.119840
0.093079
0.066052
0.076954
0.062704
0.074130
0.116000
0.117793
0.107922
0.155623
0.166570
0.141682
0.134476
0.125118
0.132517
0.123258
0.180852
0.200323
0.159908
0.090330
0.080977
0.089136
0.097969
0.142044
0.134684
0.145381
0.140959
0.146545
0.143370
0.146791
0.167210
0.168606
0.177163
0.181076
0.078594
0.103781
0.080087
0.083873
0.096826
0.098669
0.103811
0.098262
0.098846
0.098014
0.106574
0.104927
0.100974
0.136654
0.144390
0.126339
0.113689
0.086432
0.085189
0.084191
0.088954
0.091618
0.085593
0.061971
0.068535
0.058332
0.064990
0.147425
0.144113
0.124532
0.121831
0.118666
0.118934
0.099160
0.170473
0.169965
0.189889
0.151035
0.141210
0.144314
0.126429
0.121363
0.151227
0.096440
0.081174
0.077663
0.086253
0.150974
0.155908
0.129086
0.118111
0.167107
0.193177
0.114213
0.146350
0.125297
0.108577
0.101630
0.142233
0.153087
0.150959
0.145454
0.114341
0.116775
0.104094
0.084609
0.086215
0.089371
0.079054
0.093099
0.105611
0.139422
0.126549
0.142769
0.143758
0.158576
0.170785
0.099106
0.093976
0.106780
0.113480
0.084959
0.086532
0.083158
0.085115
0.076077
0.072154
0.074485
0.074899
0.082820
0.135386
0.119373
0.127893
0.139405
0.095678
0.093483
0.099623
0.099119
0.071432
0.077145
0.081586
0.085765
0.116314
0.131006
0.127918
0.150651
0.149951
0.160365
0.086844
0.085279
0.074653
0.078774
0.067041
0.082002
0.085409
0.104409
0.098671
0.149355
0.151843
0.095225
0.113102
0.092096
0.066145
0.065105
0.073790
0.293850
0.258632
0.239580
0.190269
0.191879
0.220497
0.186669
0.221436
0.172326
0.185491
0.191002
0.083762
0.090160
0.085982
0.088496
0.103563
0.097012
0.111700
0.070861
0.071076
0.082593
0.068412
0.070857
0.084697
0.079554
0.082719
0.079406
0.105296
0.103182
0.100141
0.093434
0.143862
0.127711
0.147887
0.092632
0.084650
0.094452
0.080953
0.072303
0.083083
0.080948
0.080696
0.085260
0.074424
0.069376
0.083723
0.096834
0.097302
0.112173
0.086737
0.128439
0.106906
0.106208
0.163874
0.149995
0.099942
0.155038
0.132006
0.138274
0.076495
0.083930
0.095146
0.094593
0.071673
0.075646
0.097393
0.095532
0.099042
0.150239
0.071612
0.075005
0.090791
0.089112
0.093432
0.067929
0.086407
0.073124
0.108396
0.115316
0.125534
0.146177
0.156439
0.284108
0.111197
0.144011
0.150286
0.143382
0.137864
0.133024
0.148362
0.169523
0.181667
0.176730
0.141258
0.180058
0.167881
0.152332
0.157584
0.153050
0.178155
0.150237
0.158328
0.156859
0.197810
0.087433
0.130055
0.083577
0.104061
0.105823
0.099278
0.103493
0.118323
0.101707
0.144110
0.129602
0.156155
0.182324
0.151579
0.148738
0.152364
0.147855
0.155276
0.116780
0.118422
0.112831
0.141374
0.141624
0.141648
0.145861
0.140494
0.140496
0.144296
0.136326
0.147586
0.121493
0.137947
0.134811
0.141049
0.149037
0.148614
0.126915
0.132079
0.106255
0.120184
0.086120
0.073830
0.119329
0.103208
0.112406
0.103702
0.101418
0.094000
0.126070
0.122165
0.075742
0.073317
0.089019
0.083735
0.088322
0.116589
0.138591
0.113438
0.114344
0.122406
0.093235
0.093534
0.085536
0.076388
0.075271
0.089647
0.240887
0.210553
0.206711
0.215463
0.096697
0.110579
0.114170
0.096906
0.093257
0.098811
0.105005
0.098380
0.102216
0.135695
0.118573
0.131826
0.129209
0.116664
0.209763
0.167093
0.188155
0.163682
0.163268
0.146358
0.164655
0.157411
0.174151
0.160749
0.165546
0.155909
0.149123
0.164883
0.191564
0.168293
0.149564
0.145560
0.173635
0.163184
0.113180
0.117316
0.102554
0.106979
0.113352
0.111256
0.079663
0.076049
0.074592
0.076989
0.238578
0.167225
0.100881
0.104996
0.106001
0.100861
0.096071
0.133387
0.124848
0.102064
0.116066
0.119336
0.112017
0.100284
0.113271
0.099330
0.102261
0.236955
0.245467
0.207214
0.170777
0.164799
0.186688
0.100105
0.093518
0.076600
0.080218
0.084177
0.080868
0.079698
0.080707
0.175540
0.173941
0.168326
0.166318
0.093477
0.082250
0.078076
0.087084
0.100681
0.104312
0.097308
0.107160
0.102526
0.086885
0.092458
0.091182
0.085235
0.087143
0.088684
0.083752
0.088163
0.089451
0.116142
0.113313
0.119373
0.148412
0.154334
0.114814
0.106618
0.091752
0.087840
0.105968
0.114740
0.113355
0.112277
0.114428
0.254523
0.157982
0.161428
0.138235
0.168201
0.197376
0.272267
0.220626
0.303265
0.226963
0.271143
0.290674
0.237999
0.232919
0.233500
0.322948
0.277534
0.321207
0.105567
0.100354
0.219619
0.099964
0.084266
0.110277
0.156924
0.191442
0.153647
0.192160
0.180452
0.220824
0.188248
0.213991
0.170590
0.152560
0.204477
0.177373
0.289067
0.207221
0.301440
0.305355
0.307192
0.200506
0.172910
0.227107
0.227358
0.272476
0.199438
0.241316
0.212740
0.178500
0.120828
0.108690
0.155166
0.131367
0.149472
0.165883
0.195702
0.162948
0.304943
0.128969
0.177260
0.134363
0.333095
0.307906
0.102525
0.109429
0.104050
0.092269
0.091156
0.086872
0.082553
0.119156
0.112055
0.130073
0.127405
0.181194
0.215964
0.203324
0.202378
0.208163
0.219496
0.302183
0.151796
0.147134
0.184419
0.207621
0.317480
0.147141
0.168143
0.129652
0.165431
0.157713
0.148287
0.167401
0.150622
0.151870
0.141980
0.199435
0.153637
0.177100
0.146023
0.113398
0.106266
0.098391
0.088060
0.091315
0.131894
0.116658
0.115145
0.114733
0.145340
0.133328
0.117836
0.125872
0.131640
0.112543
0.101084
0.115369
0.122474
0.119333
0.124910
0.136316
0.110307
0.179209
0.187538
0.230392
0.269950
0.224904
0.193447
0.176120
0.191532
0.229080
0.222555
0.130511
0.166769
0.214126
0.243122
0.257832
0.261847
0.144065
0.154367
0.084794
0.089624
0.183120
0.200173
0.170795
0.102118
0.103759
0.107595
0.094785
0.152385
0.172153
0.164984
0.153789
0.144601
0.076472
0.082402
0.074474
0.088963
0.089526
0.075834
0.083735
0.092097
0.092343
0.084065
0.081097
0.113644
0.065265
0.068744
0.066590
0.078137
0.074231
0.075003
0.078728
0.082695
0.097689
0.090287
0.141183
0.127765
0.144893
0.148947
0.141839
0.141550
0.142399
0.118131
0.117954
0.081909
0.089246
0.091940
0.085070
0.139086
0.151578
0.149154
0.154231
0.141164
0.134765
0.148327
0.143174
0.087207
0.078175
0.103131
0.108876
0.095343
0.082182
0.116846
0.125410
0.136935
0.142994
0.111433
0.099697
0.093549
0.091147
0.100431
0.098913
0.075503
0.072235
0.078784
0.082811
0.059012
0.062114
0.059332
0.069779
0.072919
0.067709
0.127387
0.130455
0.131574
0.117374
0.114208
0.116223
0.116302
0.125131
0.107391
0.109254
0.118753
0.124340
0.108738
0.111047
0.057468
0.054574
0.054936
0.063234
0.075853
0.066811
0.072458
0.064443
0.068979
0.056483
0.053586
0.075710
0.151885
0.151208
0.105104
0.107380
0.092409
0.101309
0.080405
0.080807
0.093381
0.090106
0.090806
0.086915
0.086673
0.089030
0.090117
0.091394
0.097049
0.095145
0.141254
0.144922
0.115560
0.120589
0.107773
0.107653
0.109069
0.125281
0.126201
0.053349
0.051868
0.062905
0.075470
0.058839
0.057844
0.069022
0.087826
0.120743
0.119231
0.121808
0.124142
0.121953
0.124208
0.119379
0.118562
0.117745
0.121627
0.120893
0.118482
0.123775
0.110699
0.110545
0.103416
0.103564
0.104847
0.109595
0.109748
0.105433
0.102692
0.119239
0.130372
0.124529
0.127908
0.097504
0.090708
0.103642
0.071342
0.077500
0.065279
0.063819
0.083868
0.093050
0.099916
0.095522
0.091729
0.099494
0.091592
0.091644
0.097127
0.103415
0.101880
0.095292
0.093632
0.104152
0.116911
0.103119
0.136019
0.142292
0.125749
0.136550
0.137063
0.157174
0.168771
0.160787
0.168974
0.168126
0.155408
0.167182
0.165155
0.157127
0.151845
0.152003
0.156910
0.148924
0.145322
0.148158
0.149660
0.119957
0.121183
0.110928
0.111314
0.140227
0.141513
0.147240
0.162162
0.153451
0.157965
0.151363
0.151927
0.134468
0.135211
0.146651
0.134424
0.147480
0.130013
0.121475
0.157277
0.160387
0.122321
0.119582
0.126741
0.143619
0.113539
0.115081
0.139229
0.126417
0.128649
0.130898
0.124787
0.129937
0.109116
0.137603
0.136057
0.125681
0.124732
0.138912
0.141262
0.121964
0.119973
0.116274
0.102238
0.152433
0.157198
0.151720
0.155077
0.090652
0.109850
0.091051
0.086505
0.089462
0.089501
0.142726
0.128663
0.113628
0.112360
0.153378
0.148697
0.139790
0.143994
0.203126
0.173136
0.170866
0.194669
0.202096
0.087012
0.094493
0.092019
0.089607
0.083492
0.109619
0.118483
0.131486
0.117079
0.101664
0.076812
0.071411
0.071927
0.081141
0.102365
0.106204
0.117162
0.156788
0.152012
0.149948
0.155674
0.146267
0.145170
0.126377
0.115984
0.280299
0.165432
0.149275
0.140451
0.138819
0.085676
0.095554
0.104701
0.139230
0.142343
0.144509
0.144005
0.145685
0.144391
0.144690
0.151011
0.183801
0.181013
0.175180
0.229061
0.195474
0.089214
0.119956
0.089708
0.105708
0.105999
0.104345
0.101978
0.099158
0.100359
0.102436
0.102047
0.100241
0.127155
0.124043
0.118269
0.140526
0.086241
0.087907
0.091429
0.095487
0.088510
0.094881
0.056517
0.056282
0.061671
0.069266
0.157653
0.156286
0.156015
0.146260
0.147540
0.100044
0.098249
0.091295
0.181935
0.188032
0.197425
0.150105
0.152267
0.145778
0.138840
0.189589
0.184301
0.098139
0.092098
0.098836
0.087956
0.082086
0.078209
0.168679
0.174852
0.198207
0.130513
0.143607
0.216428
0.134505
0.103742
0.111982
0.173641
0.168306
0.162426
0.158388
0.120830
0.131448
0.119207
0.084371
0.086887
0.077069
0.099437
0.088659
0.152249
0.164194
0.175952
0.190209
0.153214
0.109098
0.109416
0.106508
0.082553
0.082512
0.083452
0.084653
0.079607
0.078955
0.080977
0.080070
0.079299
0.147626
0.154509
0.147243
0.135117
0.089621
0.090802
0.090386
0.094811
0.091123
0.090742
0.076510
0.073595
0.077163
0.088627
0.149085
0.148894
0.134796
0.094227
0.095112
0.068675
0.072737
0.076324
0.089796
0.088700
0.124370
0.129836
0.187909
0.193321
0.103524
0.097735
0.067255
0.067539
0.066168
0.304553
0.271877
0.268347
0.267204
0.231540
0.234542
0.239991
0.219896
0.249871
0.249311
0.093174
0.089985
0.089443
0.104596
0.122121
0.117217
0.106274
0.082528
0.085011
0.093699
0.083133
0.077597
0.091469
0.085857
0.115870
0.123045
0.149383
0.132491
0.100141
0.094030
0.091141
0.083867
0.089232
0.078518
0.075292
0.074435
0.087448
0.091147
0.090032
0.091236
0.088329
0.091174
0.117301
0.101707
0.132062
0.144151
0.155812
0.162114
0.104239
0.120014
0.152173
0.140805
0.156148
0.154042
0.150202
0.080860
0.085967
0.079614
0.100214
0.102917
0.072503
0.076630
0.115640
0.116236
0.115071
0.155227
0.153597
0.154940
0.150228
0.081219
0.081908
0.107048
0.098683
0.107816
0.074004
0.069363
0.071386
0.073895
0.075443
0.076259
0.133329
0.120801
0.156814
0.134244
0.116827
0.153327
0.179098
0.159054
0.164327
0.179159
0.272647
0.109488
0.106488
0.147491
0.145604
0.155261
0.153661
0.186978
0.181673
0.207754
0.121183
0.149099
0.158229
0.205355
0.165856
0.173887
0.159734
0.188007
0.165737
0.184392
0.186741
0.271836
0.075526
0.082889
0.108759
0.097219
0.099493
0.099059
0.103318
0.095626
0.109854
0.102066
0.140437
0.133361
0.157646
0.159707
0.159982
0.159206
0.167265
0.151347
0.145788
0.153341
0.150098
0.148187
0.130001
0.139402
0.145928
0.166366
0.164428
0.163729
0.162313
0.166624
0.154201
0.143391
0.133756
0.159142
0.135856
0.132604
0.157312
0.098728
0.080360
0.078450
0.088916
0.105440
0.122607
0.113315
0.117334
0.139086
0.079968
0.080073
0.106432
0.107414
0.150630
0.147855
0.149236
0.152828
0.154800
0.099446
0.100318
0.080560
0.077313
0.077524
0.222685
0.252472
0.223885
0.221679
0.243644
0.102605
0.108617
0.100499
0.091576
0.087856
0.087330
0.100228
0.114795
0.126174
0.146912
0.140680
0.138743
0.223663
0.271485
0.171374
0.192660
0.164762
0.160844
0.188268
0.157780
0.160140
0.170344
0.167183
0.194005
0.178622
0.162509
0.167846
0.157883
0.143851
0.155603
0.157958
0.108657
0.118968
0.127367
0.127546
0.148421
0.126130
0.087496
0.092357
0.091941
0.076254
0.073908
0.095946
0.209752
0.124598
0.126134
0.120109
0.123484
0.108518
0.150347
0.134115
0.141571
0.106972
0.126383
0.135983
0.133609
0.123690
0.121242
0.102569
0.092770
0.205902
0.242732
0.199727
0.166891
0.193610
0.188304
0.206842
0.094994
0.093179
0.084894
0.080143
0.078852
0.078922
0.082911
0.079818
0.088924
0.177291
0.164227
0.158346
0.162490
0.153896
0.176415
0.097770
0.107797
0.118278
0.112278
0.109191
0.094001
0.087716
0.090086
0.097894
0.106374
0.094196
0.092332
0.104871
0.103340
0.090423
0.086456
0.125917
0.124123
0.126009
0.168165
0.160017
0.149688
0.126006
0.135048
0.141312
0.139904
0.142780
0.146673
0.139256
0.150565
0.252779
0.154477
0.161086
0.145104
0.172319
0.164275
0.277805
0.316779
0.278169
0.255838
0.315552
0.221005
0.221490
0.220901
0.211397
0.269583
0.287431
0.098085
0.094528
0.248885
0.107506
0.134718
0.173252
0.232963
0.198309
0.146897
0.175248
0.236023
0.138766
0.176103
0.142943
0.215239
0.160899
0.209690
0.188164
0.293123
0.183118
0.228399
0.221289
0.137266
0.118606
0.137923
0.154991
0.168251
0.169169
0.194211
0.172854
0.314867
0.133968
0.133176
0.311180
0.305889
0.155260
0.330421
0.151147
0.103371
0.133318
0.124211
0.105902
0.100652
0.159507
0.154212
0.151281
0.153041
0.167202
0.186769
0.224695
0.220187
0.224316
0.207192
0.187299
0.199440
0.187506
0.173906
0.155115
0.146359
0.187230
0.168795
0.194845
0.187805
0.169106
0.158460
0.169499
0.148942
0.123027
0.148588
0.160534
0.153350
0.234196
0.181665
0.179577
0.114045
0.131425
0.103274
0.111141
0.122626
0.120063
0.116498
0.139849
0.140698
0.144888
0.118844
0.121337
0.114054
0.099897
0.109490
0.118042
0.145631
0.139492
0.150412
0.143591
0.135218
0.138589
0.224274
0.284270
0.273998
0.169989
0.155719
0.226858
0.242440
0.232277
0.161152
0.093650
0.097732
0.169360
0.180333
0.177265
0.109983
0.103833
0.108321
0.114564
0.151669
0.176501
0.151831
0.168045
0.168094
0.150452
0.081136
0.077740
0.088279
0.106383
0.108446
0.106189
0.098951
0.092966
0.096831
0.101706
0.104643
0.117771
0.109699
0.073599
0.076772
0.081627
0.075194
0.087169
0.088064
0.087232
0.086956
0.098005
0.102384
0.142712
0.149527
0.150935
0.149573
0.149158
0.152840
0.155767
0.158621
0.141767
0.138443
0.106983
0.105799
0.153695
0.150389
0.153941
0.143349
0.152807
0.151293
0.154530
0.107062
0.109043
0.094054
0.084225
0.124421
0.137740
0.106046
0.092047
0.143832
0.141568
0.139334
0.127094
0.123341
0.119703
0.120268
0.116714
0.113020
0.103149
0.106449
0.097620
0.092179
0.080227
0.086114
0.095565
0.108073
0.111899
0.108605
0.143308
0.144362
0.141616
0.144371
0.144727
0.139583
0.133581
0.140390
0.140450
0.141493
0.139405
0.137342
0.076206
0.069108
0.084981
0.067008
0.061479
0.061232
0.081436
0.067167
0.065042
0.078228
0.079134
0.152598
0.151416
0.147142
0.145483
0.127215
0.115145
0.104376
0.097734
0.112679
0.107750
0.114415
0.109952
0.113473
0.111980
0.120646
0.124939
0.130323
0.131341
0.125159
0.123835
0.148703
0.149363
0.151328
0.147173
0.138400
0.134852
0.151870
0.150318
0.145510
0.141519
0.070669
0.065078
0.082406
0.097861
0.070919
0.068541
0.085661
0.103644
0.122233
0.123480
0.125305
0.122228
0.119329
0.119598
0.120272
0.118840
0.121998
0.119380
0.120444
0.113412
0.111079
0.113366
0.120754
0.119116
0.113389
0.122428
0.126638
0.149233
0.129855
0.130343
0.132629
0.125871
0.089012
0.099866
0.093533
0.062469
0.059809
0.068779
0.075422
0.096161
0.091585
0.094782
0.092136
0.093468
0.089561
0.102335
0.103610
0.101926
0.115231
0.119097
0.117296
0.115572
0.122173
0.142613
0.148835
0.144253
0.139199
0.150317
0.148497
0.152844
0.205845
0.169421
0.168800
0.166992
0.187315
0.166672
0.161815
0.144748
0.144099
0.147268
0.110646
0.104435
0.122003
0.130496
0.151788
0.157468
0.161418
0.155557
0.154445
0.159602
0.151923
0.157276
0.154528
0.149799
0.146610
0.143029
0.155493
0.152659
0.145780
0.149246
0.140278
0.144800
0.137906
0.151456
0.151665
0.151722
0.150119
0.154454
0.129458
0.136380
0.111489
0.136419
0.114762
0.110760
0.128623
0.131433
0.149971
0.123352
0.131845
0.129106
0.126708
0.135460
0.126666
0.129110
0.125485
0.116636
0.114909
0.118717
0.116795
0.103941
0.102517
0.088525
0.105646
0.095255
0.126348
0.128504
0.126248
0.134845
0.130776
0.133341
0.132530
0.134642
0.077921
0.074807
0.069785
0.061554
0.072549
0.067913
0.068683
0.062414
0.065202
0.060510
0.121042
0.123392
0.126723
0.128393
0.127456
0.118367
0.121267
0.112860
0.113741
0.116530
0.113865
0.114107
0.103057
0.097320
0.095065
0.085587
0.135897
0.128232
0.140679
0.132110
0.129294
0.131416
0.131814
0.127187
0.128119
0.072303
0.069870
0.066040
0.066573
0.063125
0.054453
0.064204
0.057716
0.065358
0.059969
0.094457
0.111852
0.127720
0.107057
0.126481
0.089345
0.119404
0.110607
0.119380
0.112568
0.101660
0.123343
0.115866
0.123643
0.128135
0.193003
0.146474
0.133614
0.156098
0.155989
0.188694
0.196416
0.156962
0.121973
0.137089
0.137555
0.133084
0.135115
0.134321
0.122709
0.106879
0.132635
0.125623
0.119893
0.122276
0.103893
0.093676
0.121054
0.144745
0.126518
0.159716
0.176931
0.159380
0.171201
0.160286
0.108155
0.099115
0.101714
0.098858
0.114891
0.105161
0.125561
0.127545
0.136739
0.155930
0.137182
0.160246
0.163239
0.115336
0.114485
0.117626
0.105745
0.096216
0.096925
0.149665
0.151771
0.153899
0.150800
0.149374
0.132979
0.106178
0.111254
0.114919
0.117099
0.124853
0.123058
0.121776
0.110544
0.108267
0.108601
0.100060
0.094939
0.106686
0.117500
0.117583
0.112469
0.112393
0.118759
0.117651
0.116889
0.116908
0.117630
0.110324
0.111861
0.102858
0.087248
0.097376
0.104744
0.097941
0.106258
0.113021
0.112988
0.113884
0.110199
0.109746
0.101648
0.117854
0.103720
0.099571
0.111257
0.120313
0.139576
0.107439
0.121140
0.132156
0.115549
0.117211
0.112899
0.110790
0.097873
0.102864
0.109247
0.098775
0.109889
0.129083
0.105564
0.109277
0.130324
0.154092
0.159701
0.152090
0.132182
0.148567
0.150676
0.125195
0.138640
0.146554
0.130389
0.139591
0.127081
0.187707
0.182087
0.241907
0.225089
0.216245
0.177654
0.197008
0.230988
0.158240
0.158732
0.160800
0.172963
0.174970
0.189351
0.168971
0.127018
0.136705
0.149923
0.122291
0.138206
0.095796
0.109345
0.142242
0.148314
0.157467
0.169191
0.212243
0.182960
0.170218
0.165936
0.158776
0.139650
0.110919
0.099539
0.223350
0.121467
0.112757
0.218442
0.200333
0.202051
0.139853
0.172931
0.150183
0.091978
0.124655
0.210069
0.218361
0.210394
0.241958
0.238689
0.212326
0.195887
0.214406
0.174986
0.143584
0.121406
0.133945
0.152161
0.164143
0.181066
0.104794
0.127623
0.128721
0.119650
0.123475
0.109568
0.112437
0.157554
0.150856
0.153433
0.149001
0.118077
0.112100
0.092357
0.092227
0.104869
0.100464
0.087627
0.083637
0.088812
0.091247
0.095007
0.097335
0.118452
0.131662
0.119216
0.112422
0.114033
0.099345
0.107353
0.117932
0.149142
0.120461
0.129965
0.147648
0.147469
0.114100
0.187308
0.171926
0.159581
0.164868
0.178945
0.206388
0.220421
0.202665
0.129504
0.099830
0.074666
0.072073
0.073497
0.068813
0.092552
0.094957
0.099655
0.103097
0.094556
0.104090
0.108653
0.125934
0.126348
0.096400
0.115026
0.155103
0.141404
0.121513
0.128181
0.127270
0.129087
0.138902
0.097857
0.095660
0.097061
0.093903
0.077281
0.067155
0.062924
0.070192
0.084832
0.125135
0.121742
0.120002
0.100384
0.116530
0.121623
0.147508
0.148517
0.160261
0.169134
0.148528
0.135525
0.156629
0.129338
0.133823
0.131499
0.143959
0.134530
0.138226
0.115711
0.131988
0.106086
0.128891
0.276313
0.269021
0.236251
0.196970
0.189327
0.176435
0.163245
0.162226
0.157970
0.168510
0.145511
0.132520
0.151705
0.111790
0.092926
0.074627
0.094523
0.125699
0.115333
0.099371
0.124594
0.138016
0.142167
0.146622
0.147849
0.133393
0.146348
0.138631
0.140431
0.148711
0.145139
0.144928
0.144468
0.159382
0.159443
0.159815
0.162754
0.176643
0.173632
0.176865
0.176191
0.190526
0.226263
0.084666
0.074462
0.074253
0.091399
0.106541
0.100110
0.101723
0.099959
0.097892
0.099335
0.097648
0.096850
0.107227
0.106643
0.104717
0.107427
0.100861
0.126308
0.101111
0.112409
0.111035
0.139200
0.144464
0.119979
0.133479
0.121562
0.088212
0.089310
0.089193
0.080001
0.085697
0.088383
0.093778
0.086067
0.095232
0.091380
0.095468
0.070001
0.063352
0.067126
0.062299
0.063615
0.061868
0.059643
0.056819
0.148149
0.149416
0.147895
0.143650
0.143547
0.124567
0.123313
0.091107
0.082375
0.087212
0.120372
0.169630
0.165397
0.162951
0.215797
0.195497
0.185372
0.181150
0.195790
0.146198
0.141440
0.143215
0.144042
0.144690
0.135703
0.118052
0.122349
0.138066
0.158921
0.140030
0.145031
0.150512
0.149521
0.147286
0.105815
0.086343
0.083785
0.088372
0.085778
0.076167
0.079952
0.077555
0.079120
0.078358
0.086998
0.151699
0.141772
0.154045
0.130430
0.118701
0.110610
0.118611
0.125863
0.162856
0.181794
0.214841
0.209221
0.229907
0.240255
0.207647
0.204625
0.113715
0.108872
0.111392
0.105241
0.091182
0.103532
0.113623
0.143541
0.157247
0.144241
0.172442
0.160880
0.152035
0.131270
0.120333
0.123966
0.101353
0.109028
0.107562
0.090090
0.074260
0.082524
0.080383
0.095897
0.092189
0.078203
0.092291
0.088395
0.152098
0.135366
0.132834
0.137388
0.152820
0.172300
0.158679
0.149058
0.145513
0.125129
0.108379
0.105632
0.098877
0.101001
0.093083
0.089510
0.081160
0.081290
0.078543
0.080833
0.093005
0.087975
0.091263
0.078018
0.080493
0.078663
0.134897
0.110986
0.126469
0.115506
0.153522
0.143490
0.131222
0.140887
0.137655
0.106683
0.094336
0.093451
0.094282
0.095370
0.084357
0.075567
0.072712
0.068566
0.073710
0.086823
0.102135
0.081431
0.077475
0.112036
0.110309
0.128907
0.128693
0.115331
0.119065
0.122804
0.139152
0.142497
0.148507
0.164558
0.156040
0.148922
0.136268
0.111430
0.106790
0.075102
0.070424
0.084887
0.083306
0.074648
0.069452
0.075776
0.072459
0.081755
0.088046
0.084353
0.098038
0.079548
0.121121
0.121276
0.086297
0.105358
0.091075
0.129391
0.128244
0.154388
0.151281
0.149274
0.113822
0.108455
0.075042
0.075717
0.068815
0.063860
0.066200
0.064818
0.071050
0.086523
0.285241
0.349763
0.327265
0.308735
0.330016
0.243748
0.231065
0.217463
0.246513
0.193332
0.197685
0.198505
0.227113
0.187250
0.174617
0.181913
0.204473
0.199736
0.194657
0.214385
0.090183
0.088107
0.086150
0.088204
0.085990
0.081581
0.098121
0.108385
0.112261
0.123033
0.104668
0.117156
0.092814
0.098626
0.077738
0.074435
0.084805
0.082318
0.069923
0.071779
0.070191
0.070515
0.071196
0.081968
0.087107
0.106615
0.098554
0.095693
0.091707
0.077520
0.086981
0.115595
0.147022
0.121978
0.086196
0.095847
0.098361
0.090551
0.076230
0.088115
0.092265
0.077600
0.089179
0.097059
0.086226
0.073589
0.074624
0.084706
0.079340
0.113084
0.108800
0.108053
0.080469
0.078800
0.084005
0.090426
0.080922
0.091915
0.119023
0.114884
0.088284
0.097125
0.119711
0.166173
0.142608
0.117932
0.102141
0.096052
0.109498
0.121195
0.112065
0.167970
0.135561
0.075770
0.075488
0.074028
0.078061
0.115809
0.115576
0.113061
0.081590
0.090434
0.089732
0.078357
0.081123
0.082517
0.090298
0.079253
0.114135
0.105261
0.086393
0.083676
0.085762
0.112841
0.109594
0.143227
0.154482
0.154971
0.153694
0.136187
0.121481
0.070613
0.072019
0.073923
0.071348
0.115123
0.075881
0.068533
0.108899
0.109522
0.079188
0.080535
0.066279
0.070426
0.078336
0.073087
0.109250
0.106498
0.105058
0.121670
0.118017
0.129339
0.118478
0.150836
0.109057
0.129486
0.137443
0.166181
0.157750
0.152805
0.169147
0.285012
0.237975
0.227287
0.234331
0.117425
0.091951
0.102244
0.098899
0.112842
0.146835
0.140739
0.147874
0.141284
0.131940
0.136765
0.116264
0.128738
0.131780
0.148502
0.149331
0.151695
0.178256
0.178459
0.167975
0.171378
0.174059
0.216145
0.157918
0.143921
0.116720
0.166392
0.177638
0.153270
0.151976
0.154923
0.147037
0.194489
0.155754
0.165700
0.135422
0.166677
0.154002
0.150766
0.175877
0.192676
0.270166
0.230905
0.172484
0.096064
0.084711
0.084559
0.130272
0.090802
0.103056
0.106711
0.104379
0.104382
0.096610
0.097823
0.102684
0.116845
0.103911
0.100367
0.103339
0.104873
0.117699
0.104920
0.141923
0.133013
0.145683
0.132035
0.132218
0.161532
0.169839
0.159706
0.195792
0.188384
0.193138
0.164097
0.160131
0.143147
0.143484
0.151664
0.157383
0.160263
0.144834
0.119345
0.114535
0.109345
0.119563
0.119122
0.145564
0.138461
0.134770
0.141018
0.137414
0.144591
0.149873
0.140199
0.120449
0.140920
0.143692
0.129368
0.122515
0.140506
0.124841
0.134830
0.164495
0.151771
0.147000
0.130791
0.135270
0.129397
0.124837
0.151656
0.132555
0.147659
0.102920
0.093938
0.108057
0.112728
0.093414
0.083289
0.091597
0.088607
0.067838
0.070753
0.071080
0.078487
0.106383
0.114530
0.109830
0.120126
0.100457
0.110462
0.110780
0.096964
0.086671
0.097635
0.110089
0.108913
0.109762
0.132141
0.122816
0.104605
0.074675
0.073306
0.099173
0.101592
0.101529
0.075718
0.079215
0.080427
0.082824
0.110107
0.120116
0.137667
0.137406
0.115634
0.111515
0.108734
0.114585
0.112239
0.125377
0.138172
0.122895
0.070179
0.071465
0.105068
0.101753
0.071065
0.078955
0.068678
0.078976
0.090886
0.070756
0.085403
0.217682
0.205420
0.243388
0.196755
0.250059
0.271702
0.216135
0.202582
0.233908
0.249350
0.094472
0.106343
0.108518
0.096085
0.096813
0.124939
0.114404
0.107646
0.104633
0.090657
0.118413
0.134581
0.129636
0.109311
0.121586
0.231657
0.208826
0.215155
0.179080
0.178653
0.195312
0.188150
0.166834
0.145527
0.159805
0.153492
0.156155
0.170886
0.149615
0.193278
0.186439
0.213712
0.192108
0.158013
0.160119
0.160029
0.153120
0.164135
0.146544
0.128165
0.155933
0.153962
0.176897
0.150970
0.176116
0.121419
0.112617
0.116512
0.099167
0.108546
0.104981
0.105629
0.108492
0.105370
0.092658
0.076621
0.107299
0.099545
0.093555
0.071039
0.088728
0.076516
0.076143
0.074353
0.075682
0.078158
0.223842
0.264000
0.224871
0.110155
0.095486
0.106135
0.108769
0.110497
0.100943
0.094608
0.103509
0.101613
0.102296
0.098033
0.103295
0.124945
0.117585
0.133805
0.135241
0.131688
0.129125
0.130115
0.112203
0.104097
0.097022
0.097252
0.098021
0.099488
0.097363
0.101812
0.109711
0.098362
0.102295
0.099566
0.097748
0.101734
0.097951
0.117767
0.228586
0.213462
0.171946
0.253877
0.186213
0.245265
0.173914
0.167264
0.140308
0.193133
0.190475
0.111457
0.093037
0.094213
0.097076
0.075954
0.077870
0.088023
0.080039
0.075516
0.072843
0.079818
0.071313
0.073300
0.090332
0.098992
0.095034
0.159621
0.165767
0.171702
0.163388
0.174481
0.143490
0.189361
0.104167
0.097799
0.081301
0.083459
0.088268
0.081397
0.097682
0.100527
0.108859
0.105649
0.106603
0.106170
0.089257
0.087454
0.084522
0.092534
0.090207
0.094966
0.088780
0.085647
0.097011
0.103233
0.092253
0.082060
0.086672
0.094084
0.084349
0.084781
0.089716
0.087638
0.110840
0.116211
0.114878
0.113760
0.113716
0.111094
0.115254
0.152661
0.158638
0.142545
0.140954
0.117664
0.123125
0.117162
0.104739
0.101180
0.102338
0.099293
0.092348
0.098711
0.098996
0.106398
0.123147
0.118602
0.120331
0.115766
0.112924
0.127143
0.125434
0.125675
0.111953
0.113760
0.198095
0.213976
0.256249
0.244573
0.175628
0.172852
0.149689
0.137093
0.170762
0.157102
0.149158
0.170819
0.147968
0.151598
0.134944
0.128854
0.231409
0.165679
0.171634
0.141021
0.185835
0.204423
0.316423
0.315250
0.267635
0.282469
0.320964
0.316283
0.254375
0.238191
0.278179
0.233394
0.265912
0.223221
0.165031
0.211818
0.230582
0.236427
0.230080
0.302706
0.310590
0.351284
0.288180
0.296250
0.314265
0.323782
0.116543
0.101874
0.100338
0.099228
0.101102
0.178727
0.174000
0.085557
0.104759
0.110579
0.165815
0.179999
0.151764
0.136127
0.168508
0.162809
0.128430
0.177184
0.196956
0.152804
0.180787
0.213247
0.205961
0.156997
0.214343
0.198373
0.223395
0.311957
0.192542
0.199302
0.156865
0.205184
0.294603
0.185907
0.181112
0.178843
0.194132
0.249607
0.309976
0.282949
0.176851
0.223903
0.181412
0.169840
0.236671
0.187906
0.239338
0.234188
0.224007
0.224725
0.194004
0.172518
0.175799
0.212032
0.111713
0.117435
0.127312
0.146187
0.149242
0.150921
0.128196
0.140714
0.136068
0.149967
0.164164
0.164578
0.161483
0.174806
0.156007
0.270574
0.303366
0.295106
0.309637
0.253578
0.228639
0.267794
0.119469
0.125725
0.144912
0.291913
0.336503
0.133541
0.178038
0.232408
0.309905
0.304443
0.366320
0.168249
0.137825
0.128156
0.098752
0.098028
0.112421
0.107106
0.104278
0.106091
0.106317
0.113757
0.103564
0.097944
0.100023
0.093165
0.093426
0.088260
0.092901
0.084848
0.086038
0.091263
0.089343
0.112773
0.122593
0.111847
0.115456
0.134290
0.134819
0.181861
0.193838
0.165008
0.167613
0.199482
0.228584
0.199111
0.191668
0.206939
0.212078
0.194178
0.205470
0.190173
0.220280
0.216894
0.250279
0.203250
0.160197
0.150286
0.150984
0.150782
0.159458
0.145979
0.153954
0.134723
0.145276
0.172673
0.189652
0.166190
0.183736
0.187354
0.172616
0.177939
0.157178
0.161904
0.170752
0.324413
0.205324
0.142760
0.143767
0.164276
0.175152
0.170772
0.176227
0.168247
0.141663
0.153563
0.155762
0.149683
0.142005
0.213088
0.239596
0.149827
0.115782
0.097528
0.095610
0.091842
0.088733
0.093633
0.098944
0.115189
0.115335
0.139850
0.104432
0.111512
0.129093
0.110676
0.105054
0.102233
0.098565
0.101388
0.120880
0.143251
0.125504
0.116174
0.122074
0.122627
0.132361
0.098625
0.089313
0.097202
0.112300
0.120137
0.116349
0.121708
0.098276
0.109301
0.122010
0.124993
0.146164
0.094648
0.116306
0.105985
0.137240
0.152784
0.274805
0.301976
0.186262
0.199534
0.188053
0.235124
0.132646
0.126555
0.167052
0.137162
0.210137
0.213068
0.261753
0.242512
0.265903
0.265464
0.220453
0.228519
0.185786
0.155188
0.137784
0.089048
0.082661
0.102086
0.098605
0.087099
0.083926
0.197728
0.216053
0.215841
0.167479
0.184264
0.164011
0.101028
0.097459
0.087551
0.106625
0.110989
0.116851
0.161714
0.159509
0.169281
0.175193
0.163897
0.167900
0.160239
0.157267
0.154653
0.150859
0.155182
0.150861
0.159963
0.165149
0.156185
0.158106
0.148195
0.151679
0.146642
0.076724
0.087212
0.082681
0.063901
0.070648
0.082952
0.080781
0.100641
0.105481
0.103311
0.077845
0.072606
0.094175
0.085794
0.079139
0.094845
0.091835
0.092834
0.079570
0.079128
0.082703
0.110891
0.119269
0.067232
0.069185
0.067343
0.069070
0.079336
0.075298
0.070744
0.071923
0.074761
0.086251
0.074997
0.076320
0.085853
0.103490
0.090524
0.076977
0.089620
0.099762
0.104278
0.147112
0.135897
0.126491
0.138118
0.139794
0.142735
0.145698
0.144684
0.151707
0.150846
0.136467
0.135633
0.133343
0.143389
0.143291
0.124933
0.131945
0.138722
0.137468
0.131644
0.105639
0.109956
0.121534
0.129829
0.117731
0.120140
0.072893
0.078750
0.092771
0.085924
0.102505
0.098827
0.095870
0.090404
0.080572
0.099858
0.102158
0.109338
0.131734
0.131310
0.143185
0.135685
0.144033
0.141695
0.159407
0.155140
0.133243
0.132466
0.131935
0.144446
0.139172
0.135344
0.137053
0.145839
0.139054
0.143781
0.076443
0.087174
0.088880
0.094596
0.113222
0.108846
0.106426
0.101353
0.086261
0.102191
0.076586
0.088348
0.118809
0.110429
0.134369
0.125021
0.137292
0.140955
0.136941
0.130019
0.115516
0.112861
0.116967
0.114051
0.094411
0.101384
0.109026
0.099937
0.079849
0.087331
0.093974
0.107610
0.110804
0.100403
0.101787
0.066672
0.069100
0.074477
0.074944
0.093927
0.088990
0.077704
0.082152
0.063329
0.060100
0.060411
0.059827
0.064304
0.063065
0.063008
0.073795
0.066094
0.069236
0.068497
0.071969
0.073980
0.078451
0.127623
0.136509
0.129651
0.123108
0.124807
0.116828
0.117718
0.121320
0.118532
0.108782
0.110587
0.107403
0.110602
0.115873
0.117258
0.122009
0.116781
0.121841
0.112070
0.113524
0.115000
0.107328
0.052762
0.070287
0.077218
0.075373
0.071404
0.070863
0.066208
0.069758
0.065305
0.055699
0.055753
0.059707
0.063546
0.068594
0.065619
0.076636
0.072675
0.075886
0.141611
0.153311
0.156162
0.134900
0.107874
0.107278
0.085886
0.097193
0.105364
0.095171
0.076593
0.093486
0.094365
0.092251
0.076247
0.077411
0.082250
0.101637
0.097729
0.097894
0.079609
0.082503
0.077185
0.079463
0.080753
0.078463
0.096071
0.091067
0.083296
0.081813
0.095942
0.097390
0.102221
0.096727
0.085546
0.119001
0.141431
0.155332
0.154812
0.139282
0.140939
0.115501
0.115989
0.128792
0.123236
0.113575
0.100215
0.109872
0.107865
0.102817
0.115279
0.130631
0.114222
0.115369
0.110474
0.102184
0.100829
0.046302
0.049346
0.069385
0.060188
0.082961
0.069329
0.063394
0.062387
0.066247
0.065263
0.099259
0.077258
0.076958
0.061938
0.052907
0.059042
0.120744
0.122987
0.117301
0.120437
0.121749
0.122956
0.123531
0.125331
0.132143
0.130572
0.121555
0.118656
0.121229
0.121913
0.117936
0.130169
0.124398
0.119624
0.118892
0.119129
0.129396
0.128534
0.118895
0.115562
0.110081
0.123274
0.122959
0.106820
0.106957
0.109130
0.115320
0.099454
0.104900
0.105779
0.114252
0.130547
0.129007
0.124112
0.128988
0.131858
0.124137
0.120749
0.097866
0.079954
0.119877
0.098952
0.088858
0.076224
0.082271
0.073229
0.076367
0.071755
0.062077
0.064382
0.066790
0.064961
0.078779
0.077525
0.079291
0.078145
0.086346
0.078274
0.091026
0.094290
0.091696
0.095577
0.090943
0.094091
0.096553
0.094589
0.100164
0.093712
0.091927
0.095795
0.096205
0.110194
0.097765
0.102800
0.093634
0.095187
0.099661
0.089667
0.095774
0.105382
0.112713
0.092896
0.117272
0.140916
0.116908
0.132089
0.144992
0.141888
0.126511
0.131528
0.137230
0.131431
0.140376
0.158259
0.157337
0.154097
0.156207
0.157370
0.152534
0.149678
0.157618
0.178519
0.181721
0.182970
0.185763
0.185925
0.182656
0.170610
0.174266
0.159040
0.162432
0.169667
0.164256
0.157023
0.165313
0.155097
0.157140
0.159388
0.157525
0.156096
0.154703
0.154343
0.157653
0.153034
0.154510
0.150862
0.153119
0.148123
0.144251
0.145854
0.148769
0.148659
0.128210
0.130646
0.117746
0.116633
0.102738
0.107823
0.118793
0.150643
0.147634
0.137899
0.119282
0.130599
0.130575
0.152292
0.148646
0.147902
0.146443
0.156379
0.168823
0.160499
0.165659
0.141171
0.148314
0.160530
0.157740
0.149856
0.161423
0.154733
0.153433
0.147258
0.147724
0.140476
0.141159
0.143767
0.133561
0.123695
0.138776
0.139939
0.150255
0.142032
0.157621
0.153393
0.140492
0.142640
0.129582
0.135065
0.157560
0.165304
0.174642
0.176908
0.138993
0.144566
0.147124
0.151281
0.115099
0.111939
0.111447
0.150404
0.118028
0.135715
0.127017
0.108125
0.117745
0.107973
0.112840
0.133899
0.127769
0.129131
0.124643
0.132536
0.120505
0.131680
0.139535
0.120366
0.128545
0.113288
0.130190
0.132523
0.132100
0.131926
0.125499
0.114768
0.119733
0.142670
0.145199
0.136418
0.137916
0.139814
0.127821
0.135067
0.101602
0.102893
0.111855
0.147263
0.153708
0.167093
0.154728
0.151192
0.152295
0.148538
0.147380
0.093784
0.087293
0.125761
0.113733
0.100045
0.090694
0.096000
0.091339
0.101592
0.085249
0.101102
0.101002
0.141535
0.147699
0.133765
0.126758
0.108142
0.101555
0.131908
0.123528
0.154910
0.151695
0.148735
0.139814
0.135728
0.165735
0.179796
0.182267
0.203686
0.184993
0.169591
0.183802
0.177063
0.171266
0.163659
0.104592
0.095509
0.084875
0.153599
0.080252
0.079493
0.098164
0.090449
0.093910
0.094042
0.090727
0.086988
0.087623
0.085524
0.105703
0.128702
0.122004
0.114478
0.124470
0.149913
0.142381
0.121485
0.107412
0.137128
0.116025
0.109811
0.130446
0.099175
0.108185
0.102087
0.073732
0.071833
0.065591
0.082658
0.072849
0.082023
0.101673
0.109955
0.109287
0.109181
0.115600
0.105955
0.146111
0.155562
0.152939
0.157590
0.159996
0.147506
0.148218
0.143002
0.148571
0.147646
0.149721
0.122678
0.127114
0.131013
0.114147
0.095393
0.293886
0.288890
0.218486
0.193143
0.152747
0.161877
0.154572
0.132883
0.137730
0.137802
0.121105
0.083805
0.092058
0.086251
0.089825
0.087918
0.106333
0.132587
0.132953
0.144281
0.139861
0.147901
0.144013
0.143805
0.147880
0.147506
0.143429
0.147941
0.146656
0.149045
0.147352
0.152941
0.187659
0.175621
0.164695
0.185353
0.174650
0.208359
0.198766
0.183717
0.094566
0.099677
0.091562
0.139258
0.093884
0.092685
0.092064
0.089928
0.103148
0.104305
0.101456
0.101329
0.109617
0.110042
0.104808
0.101218
0.101232
0.100187
0.096330
0.098188
0.100464
0.104375
0.101639
0.099986
0.101170
0.098110
0.105540
0.105169
0.119378
0.117877
0.134181
0.128564
0.134514
0.123548
0.130334
0.128401
0.141798
0.133041
0.082720
0.090215
0.093839
0.088503
0.086846
0.094559
0.093635
0.094887
0.090243
0.092475
0.065040
0.061940
0.065250
0.060651
0.066632
0.060279
0.056787
0.064797
0.152063
0.154819
0.156123
0.154412
0.141996
0.143810
0.148294
0.141625
0.141136
0.143541
0.094046
0.085383
0.111626
0.115616
0.172892
0.195722
0.187863
0.192286
0.192741
0.155374
0.154289
0.152162
0.146189
0.148834
0.132402
0.132081
0.147280
0.154377
0.153186
0.176724
0.181797
0.155533
0.161865
0.165082
0.172985
0.164375
0.094295
0.091617
0.088669
0.106674
0.111944
0.085538
0.077213
0.075917
0.078225
0.081026
0.076179
0.080606
0.081618
0.092483
0.158695
0.165730
0.128267
0.149255
0.133581
0.141627
0.131997
0.171540
0.159361
0.214904
0.221265
0.137657
0.110474
0.123293
0.090177
0.104657
0.115728
0.114105
0.096003
0.133519
0.163820
0.192248
0.175038
0.153128
0.115035
0.133744
0.140696
0.143670
0.110326
0.119270
0.083352
0.080344
0.075300
0.078770
0.092994
0.089978
0.111827
0.101715
0.085957
0.086657
0.117656
0.099283
0.175616
0.158727
0.152359
0.188499
0.182283
0.167029
0.151264
0.156695
0.111474
0.114776
0.130922
0.127975
0.099794
0.107688
0.079612
0.080205
0.081812
0.081603
0.089957
0.089022
0.085138
0.086059
0.084199
0.079332
0.094632
0.089294
0.122803
0.135160
0.131867
0.161919
0.162970
0.148733
0.147735
0.140913
0.101751
0.097318
0.090370
0.090895
0.091192
0.086790
0.090485
0.074372
0.074599
0.070202
0.081710
0.079030
0.079482
0.081160
0.086257
0.103557
0.110153
0.110891
0.136880
0.143464
0.135755
0.150261
0.151558
0.155620
0.154622
0.189092
0.175625
0.159285
0.079047
0.119926
0.122321
0.078801
0.069429
0.067784
0.076217
0.073567
0.073463
0.068627
0.088827
0.092274
0.084160
0.095657
0.085975
0.110924
0.100169
0.095975
0.147857
0.145718
0.164470
0.167821
0.089092
0.125102
0.117592
0.086622
0.066842
0.065676
0.067088
0.081335
0.337871
0.320504
0.340432
0.273069
0.255338
0.230817
0.260916
0.262951
0.189830
0.250291
0.192543
0.244975
0.248685
0.228930
0.218697
0.204897
0.102601
0.107717
0.087077
0.088452
0.089864
0.091630
0.109993
0.120570
0.115581
0.127483
0.111504
0.117492
0.104580
0.114575
0.091140
0.097024
0.080181
0.080811
0.089456
0.100568
0.085247
0.086265
0.084139
0.124547
0.117101
0.130620
0.114731
0.137861
0.157171
0.147334
0.115943
0.099827
0.097473
0.090243
0.092362
0.092823
0.092048
0.084064
0.078279
0.084779
0.070803
0.091499
0.089948
0.085976
0.087530
0.084598
0.090491
0.093595
0.097684
0.089524
0.115843
0.127077
0.136753
0.150907
0.166410
0.155835
0.107451
0.109018
0.110876
0.110053
0.125860
0.115488
0.136968
0.125147
0.159758
0.166004
0.093020
0.081808
0.083748
0.079510
0.092338
0.111921
0.126100
0.114757
0.095869
0.096097
0.088646
0.084617
0.085789
0.073874
0.070627
0.084375
0.091462
0.090000
0.140001
0.136842
0.146113
0.150733
0.153150
0.150072
0.093563
0.084151
0.078580
0.077824
0.078697
0.090647
0.133385
0.130040
0.120501
0.077663
0.069682
0.072634
0.079671
0.078866
0.112774
0.136155
0.143228
0.151281
0.150368
0.115123
0.153506
0.144646
0.120338
0.154568
0.149911
0.150082
0.149467
0.159168
0.167655
0.162664
0.171098
0.163165
0.160796
0.171546
0.161544
0.114928
0.108909
0.117885
0.137236
0.140788
0.147717
0.152716
0.151210
0.150021
0.142604
0.138194
0.150125
0.151196
0.153503
0.152292
0.160439
0.152545
0.163036
0.171751
0.171828
0.192326
0.191965
0.203025
0.209708
0.222009
0.200730
0.135458
0.121122
0.151949
0.154589
0.230519
0.175307
0.163089
0.233138
0.177769
0.203360
0.166340
0.154470
0.162413
0.232710
0.178871
0.222085
0.180456
0.175803
0.205778
0.197844
0.272361
0.203160
0.082555
0.076798
0.085192
0.114215
0.078811
0.099504
0.101899
0.100280
0.100047
0.093297
0.107084
0.103444
0.117759
0.111767
0.131773
0.143708
0.139323
0.141531
0.163279
0.161187
0.157239
0.153574
0.156213
0.162659
0.161909
0.164280
0.175029
0.157703
0.152816
0.138138
0.146951
0.147132
0.155478
0.160326
0.155037
0.149827
0.150909
0.122752
0.138473
0.150759
0.149147
0.143800
0.133778
0.153515
0.155363
0.171394
0.174683
0.172137
0.171069
0.168858
0.153713
0.147102
0.144399
0.145068
0.152161
0.129636
0.158735
0.165546
0.164189
0.160843
0.149410
0.151326
0.152173
0.130176
0.121104
0.141939
0.119221
0.086884
0.104976
0.107442
0.083790
0.084092
0.079162
0.084961
0.124165
0.102179
0.105050
0.102766
0.113296
0.120827
0.109079
0.110458
0.129081
0.146661
0.148423
0.141946
0.082621
0.083155
0.078459
0.081745
0.082065
0.094831
0.113443
0.110792
0.103657
0.127391
0.153005
0.139611
0.146392
0.145972
0.152097
0.151258
0.157384
0.152403
0.145637
0.146339
0.146103
0.084594
0.077657
0.076633
0.116017
0.127176
0.119373
0.071333
0.080871
0.074841
0.080802
0.075198
0.090219
0.208334
0.253120
0.273464
0.223268
0.180633
0.279092
0.241945
0.193614
0.273787
0.263053
0.288488
0.089741
0.093539
0.093009
0.113553
0.087380
0.089054
0.108140
0.106327
0.137827
0.117482
0.102920
0.147956
0.148055
0.132454
0.126484
0.141778
0.250980
0.265596
0.238075
0.261163
0.199063
0.168861
0.171672
0.184524
0.191626
0.194379
0.170788
0.172668
0.151558
0.161396
0.159642
0.174872
0.163486
0.169096
0.175310
0.196409
0.184608
0.193493
0.184062
0.158727
0.154195
0.198398
0.141680
0.157361
0.155694
0.165055
0.139722
0.132137
0.171038
0.166285
0.170646
0.162887
0.131533
0.119937
0.126300
0.120063
0.098636
0.110986
0.139101
0.132691
0.116835
0.096239
0.127531
0.120746
0.129514
0.087034
0.106119
0.098894
0.099434
0.084229
0.083343
0.076842
0.076067
0.077212
0.072022
0.289187
0.239308
0.223866
0.260244
0.140929
0.138793
0.122091
0.116114
0.118783
0.118689
0.118679
0.116042
0.120225
0.119272
0.123517
0.123746
0.131522
0.135722
0.148805
0.147670
0.143973
0.142255
0.137770
0.134763
0.109828
0.108667
0.102109
0.109519
0.113850
0.114876
0.113013
0.121563
0.123662
0.128492
0.112007
0.111769
0.098388
0.098929
0.091296
0.121902
0.105231
0.229357
0.263204
0.191243
0.206044
0.196889
0.149809
0.193203
0.183774
0.175276
0.204289
0.207542
0.094983
0.093711
0.095516
0.085133
0.088185
0.082579
0.077044
0.082340
0.083503
0.076529
0.074224
0.087960
0.087924
0.088998
0.088676
0.072164
0.075859
0.102782
0.085797
0.181840
0.161487
0.167068
0.159777
0.166210
0.173555
0.105985
0.103603
0.103629
0.104910
0.111528
0.107507
0.101594
0.099385
0.092816
0.117677
0.126626
0.113649
0.096012
0.110979
0.122360
0.093703
0.086834
0.084214
0.088365
0.100840
0.098394
0.100147
0.109370
0.103762
0.092856
0.091793
0.099873
0.091221
0.084973
0.085094
0.100851
0.096150
0.126749
0.122844
0.124831
0.121502
0.121469
0.134449
0.156884
0.177146
0.172385
0.142832
0.122564
0.148589
0.138576
0.142708
0.153270
0.154528
0.150426
0.156028
0.147936
0.134192
0.126850
0.131621
0.139964
0.153250
0.143275
0.147216
0.145710
0.160531
0.245912
0.192784
0.209291
0.210475
0.225430
0.189710
0.187603
0.168386
0.156654
0.159551
0.184694
0.157085
0.192936
0.204255
0.163673
0.152649
0.168244
0.192578
0.208000
0.151698
0.164307
0.167287
0.207447
0.298314
0.312110
0.258805
0.268512
0.336775
0.252929
0.242911
0.292990
0.343301
0.360875
0.221954
0.239110
0.190009
0.245425
0.243217
0.213613
0.216266
0.295891
0.293223
0.284391
0.101229
0.094857
0.110032
0.090687
0.095431
0.099078
0.196366
0.255361
0.217599
0.171234
0.115911
0.129693
0.117978
0.170629
0.218586
0.170017
0.219086
0.154637
0.220611
0.176077
0.220077
0.166413
0.139531
0.217789
0.177394
0.242648
0.168641
0.181235
0.244447
0.297723
0.230625
0.212497
0.209436
0.153661
0.139486
0.156794
0.234768
0.190574
0.174697
0.243201
0.284522
0.241722
0.282556
0.241065
0.209243
0.207257
0.168883
0.236641
0.181266
0.174026
0.214100
0.251866
0.208299
0.192910
0.177862
0.185172
0.195692
0.125630
0.133039
0.145140
0.150946
0.137615
0.156622
0.161757
0.148636
0.183588
0.172904
0.154622
0.164606
0.173385
0.169708
0.310585
0.285109
0.296817
0.267759
0.123229
0.132800
0.139866
0.315579
0.268880
0.322341
0.166960
0.156049
0.136619
0.173332
0.288591
0.363403
0.298165
0.195787
0.144055
0.147509
0.107678
0.095472
0.113509
0.144284
0.130540
0.138856
0.119370
0.124064
0.124649
0.111958
0.118495
0.122347
0.100319
0.096232
0.093332
0.104000
0.110987
0.118866
0.144317
0.138479
0.145067
0.148720
0.156186
0.198944
0.212389
0.194817
0.197671
0.172468
0.165497
0.197941
0.206616
0.197831
0.202096
0.196722
0.215556
0.224767
0.210137
0.185270
0.220929
0.172412
0.147964
0.164769
0.178151
0.149820
0.151095
0.194313
0.168553
0.178971
0.172686
0.162041
0.191382
0.188844
0.193266
0.159853
0.166604
0.182458
0.291604
0.256324
0.186947
0.188515
0.155429
0.143223
0.150754
0.169594
0.155028
0.161816
0.172063
0.154211
0.152478
0.185560
0.221970
0.230646
0.236202
0.191098
0.168038
0.161020
0.117405
0.115872
0.131771
0.102556
0.098503
0.110998
0.092425
0.104034
0.100473
0.101623
0.112934
0.128338
0.139704
0.120961
0.105485
0.109191
0.106513
0.132101
0.109397
0.120731
0.132914
0.129256
0.149979
0.159746
0.116313
0.116051
0.132319
0.132336
0.119704
0.113456
0.087095
0.104064
0.100249
0.116986
0.130794
0.137727
0.149272
0.146781
0.146316
0.163943
0.130522
0.133170
0.104081
0.219273
0.195472
0.202109
0.227824
0.269233
0.269041
0.212089
0.186357
0.198280
0.189061
0.201947
0.210383
0.161735
0.138925
0.138594
0.134597
0.137690
0.188165
0.236602
0.258248
0.256531
0.246670
0.214282
0.180544
0.117923
0.110489
0.108354
0.082227
0.100694
0.089688
0.175608
0.181309
0.187612
0.179626
0.181923
0.107764
0.087355
0.104915
0.100438
0.107532
0.105518
0.154499
0.154159
0.175794
0.170725
0.164370
0.155457
0.153496
0.141660
0.158167
0.145908
0.152598
0.155577
0.155516
0.155980
0.152894
0.091655
0.085770
0.081931
0.075800
0.081478
0.110609
0.119375
0.094183
0.097856
0.096840
0.106989
0.092138
0.089311
0.090462
0.096649
0.097116
0.112644
0.113071
0.112107
0.098978
0.101849
0.117382
0.121116
0.107658
0.110237
0.074450
0.075225
0.071300
0.072709
0.084248
0.086035
0.087172
0.084171
0.076893
0.085015
0.082042
0.092933
0.088969
0.086487
0.102795
0.109258
0.109775
0.097021
0.101237
0.133009
0.144419
0.152280
0.149685
0.149987
0.148017
0.149235
0.148963
0.152675
0.153773
0.154296
0.157802
0.158757
0.153488
0.154617
0.155906
0.151012
0.150534
0.150574
0.149352
0.149807
0.148831
0.129862
0.130798
0.136825
0.127279
0.108899
0.096713
0.092126
0.091633
0.096093
0.124614
0.111813
0.111388
0.094607
0.103669
0.112520
0.110332
0.113892
0.152289
0.150538
0.152870
0.151311
0.151244
0.151675
0.154802
0.155326
0.153211
0.162696
0.155845
0.152052
0.150505
0.151488
0.150504
0.160180
0.159489
0.161894
0.162161
0.115826
0.106242
0.084340
0.089575
0.081773
0.091619
0.105213
0.124691
0.116281
0.087068
0.099801
0.096823
0.110193
0.143496
0.133571
0.141031
0.142312
0.142687
0.142188
0.141010
0.139878
0.151532
0.138112
0.135274
0.151637
0.125867
0.124361
0.115968
0.121431
0.127408
0.106060
0.100265
0.124197
0.127726
0.116805
0.108659
0.098885
0.098809
0.089165
0.094130
0.097791
0.101033
0.091765
0.085320
0.084739
0.082581
0.097073
0.087948
0.091429
0.104624
0.110259
0.112519
0.113510
0.109456
0.106084
0.111158
0.140057
0.140855
0.143282
0.137150
0.141496
0.138502
0.140663
0.139273
0.144687
0.141240
0.137196
0.129231
0.134549
0.139767
0.137242
0.141857
0.145628
0.137974
0.141383
0.139936
0.141086
0.139166
0.086364
0.075425
0.092387
0.087113
0.062424
0.072820
0.067468
0.078718
0.070038
0.074703
0.064826
0.067483
0.065651
0.074193
0.072476
0.084045
0.079955
0.138687
0.153359
0.151700
0.140631
0.142148
0.151079
0.152019
0.141009
0.120064
0.135676
0.129957
0.103943
0.095396
0.121246
0.117844
0.114452
0.095553
0.110975
0.122124
0.112250
0.109689
0.111469
0.109001
0.108394
0.115111
0.111079
0.106012
0.121021
0.132721
0.130727
0.131160
0.116460
0.121255
0.139660
0.153889
0.154695
0.142405
0.142539
0.152361
0.150952
0.140506
0.136306
0.144633
0.130023
0.147656
0.152447
0.143453
0.140316
0.155869
0.151297
0.158223
0.133147
0.083587
0.080993
0.109853
0.092344
0.091200
0.079232
0.059710
0.066848
0.067160
0.071607
0.103756
0.088684
0.103040
0.085339
0.068771
0.076128
0.118234
0.125377
0.124245
0.120960
0.121644
0.122725
0.125128
0.123912
0.118650
0.118286
0.124453
0.122515
0.116935
0.116847
0.124150
0.122676
0.121593
0.115913
0.118263
0.118416
0.121972
0.117683
0.117365
0.119218
0.114990
0.114355
0.106052
0.112633
0.118142
0.101531
0.129439
0.134729
0.130127
0.111719
0.116354
0.123972
0.123162
0.134333
0.143128
0.146931
0.140995
0.134607
0.130523
0.129227
0.122521
0.100913
0.089239
0.106626
0.083504
0.076251
0.075528
0.059104
0.060175
0.074643
0.068405
0.077822
0.072356
0.065056
0.068025
0.090304
0.092135
0.107084
0.099110
0.091791
0.093580
0.103325
0.097645
0.079657
0.083618
0.090875
0.090292
0.089361
0.092570
0.088830
0.092439
0.092924
0.095487
0.094549
0.102973
0.103266
0.112186
0.101022
0.102934
0.098536
0.121230
0.114150
0.116068
0.111210
0.112951
0.126750
0.129354
0.105871
0.134528
0.115538
0.138420
0.145502
0.138733
0.149031
0.147061
0.149041
0.141248
0.132419
0.146270
0.153616
0.141095
0.157674
0.148182
0.152616
0.152361
0.158946
0.154611
0.169505
0.218961
0.231018
0.197605
0.202272
0.192031
0.206661
0.210177
0.187476
0.194138
0.166831
0.169938
0.169375
0.171077
0.177066
0.162891
0.191516
0.185313
0.173377
0.166639
0.161078
0.163711
0.149675
0.154596
0.148172
0.148965
0.152372
0.147170
0.139762
0.145749
0.136246
0.156371
0.105925
0.108865
0.130087
0.123179
0.138632
0.132812
0.116731
0.133354
0.153406
0.149392
0.164866
0.155901
0.154455
0.150950
0.164528
0.155400
0.151760
0.157636
0.158708
0.162090
0.166569
0.159102
0.152449
0.161473
0.157674
0.148649
0.155694
0.160164
0.157025
0.153172
0.156761
0.140887
0.148012
0.151585
0.150492
0.152086
0.129758
0.139248
0.155822
0.150564
0.151761
0.147704
0.157758
0.158292
0.159113
0.163880
0.157087
0.164289
0.154183
0.165393
0.164729
0.143364
0.138057
0.156664
0.153279
0.150002
0.151310
0.147189
0.157854
0.154500
0.122408
0.139109
0.117923
0.116753
0.149893
0.154103
0.145487
0.150674
0.134319
0.146609
0.128720
0.110794
0.108531
0.134725
0.117574
0.117386
0.136720
0.132187
0.133090
0.126012
0.108363
0.115734
0.138678
0.150189
0.117662
0.130519
0.127311
0.123276
0.135099
0.130962
0.121669
0.128449
0.137982
0.123245
0.125825
0.105575
0.108825
0.120813
0.130828
0.133137
0.120891
0.099384
0.098702
0.105506
0.122902
0.121643
0.119717
0.090627
0.090130
0.105626
0.113173
0.123545
0.124180
0.086708
0.072290
0.077916
0.092551
0.094659
0.118828
0.114376
0.138664
0.119971
0.117036
0.122976
0.140752
0.141556
0.142351
0.118470
0.127380
0.145999
0.126205
0.131002
0.144544
0.138444
0.143678
0.142868
0.144153
0.141928
0.120630
0.124430
0.120653
0.127032
0.134432
0.158395
0.069929
0.072603
0.070346
0.050316
0.055356
0.063166
0.074158
0.076126
0.065187
0.063838
0.048718
0.046916
0.059608
0.062328
0.074238
0.067790
0.129399
0.119824
0.125825
0.146780
0.143599
0.122417
0.137130
0.131964
0.131979
0.134807
0.128644
0.133338
0.130112
0.122057
0.107290
0.102047
0.119685
0.125272
0.122646
0.121044
0.122249
0.122570
0.095090
0.090865
0.105770
0.126639
0.120123
0.117186
0.091478
0.081124
0.104197
0.112176
0.124413
0.116702
0.104115
0.072352
0.061763
0.084059
0.094693
0.090456
0.136489
0.122044
0.125019
0.124416
0.147699
0.118575
0.124299
0.140701
0.145492
0.143249
0.122502
0.125748
0.144434
0.121472
0.126430
0.148660
0.144787
0.141141
0.142489
0.140443
0.121408
0.131253
0.141331
0.072215
0.068097
0.053279
0.046783
0.055329
0.064925
0.067978
0.067805
0.060677
0.059662
0.045103
0.044049
0.056103
0.068460
0.069478
0.104872
0.085550
0.108083
0.140176
0.105999
0.086409
0.085179
0.094235
0.112411
0.106668
0.122171
0.120815
0.125665
0.106007
0.107380
0.104159
0.101534
0.092298
0.148377
0.120610
0.089634
0.094179
0.147405
0.115089
0.117214
0.116790
0.134891
0.131756
0.186119
0.138242
0.132964
0.137237
0.134387
0.144919
0.196782
0.236078
0.172035
0.190907
0.186872
0.232319
0.190322
0.239571
0.209236
0.148906
0.182191
0.132105
0.142687
0.130711
0.110560
0.118459
0.132867
0.131984
0.130226
0.160723
0.123042
0.095460
0.096896
0.170120
0.142841
0.098965
0.112267
0.100071
0.120933
0.121316
0.139570
0.134166
0.127572
0.123576
0.126880
0.097413
0.104363
0.092857
0.101708
0.118182
0.112872
0.108308
0.114154
0.107447
0.142602
0.123583
0.141931
0.202449
0.167784
0.175297
0.172346
0.194546
0.168109
0.160609
0.126862
0.128082
0.130182
0.103809
0.109525
0.094554
0.095366
0.110199
0.100718
0.100046
0.111327
0.111340
0.119780
0.120859
0.125801
0.152888
0.150768
0.139691
0.150871
0.155780
0.175452
0.129939
0.131878
0.128078
0.164718
0.105837
0.108876
0.091405
0.092732
0.095835
0.122886
0.110063
0.099418
0.120055
0.115971
0.095731
0.099510
0.152639
0.152150
0.204189
0.151687
0.151099
0.165698
0.143861
0.128917
0.089224
0.087116
0.105218
0.135497
0.125003
0.130671
0.138794
0.117874
0.120512
0.122370
0.137675
0.136052
0.126834
0.097991
0.086612
0.081408
0.131998
0.134452
0.113386
0.090251
0.092548
0.102276
0.102956
0.088573
0.096017
0.113957
0.111170
0.104678
0.112199
0.126410
0.124562
0.105959
0.113390
0.122440
0.101472
0.103874
0.119998
0.125807
0.109035
0.129477
0.134087
0.130992
0.110264
0.114500
0.103124
0.121366
0.088237
0.081889
0.102455
0.097672
0.081372
0.092796
0.120275
0.111811
0.111000
0.087832
0.098633
0.087160
0.115660
0.111906
0.115311
0.106819
0.109312
0.110009
0.120308
0.102807
0.082859
0.091118
0.129887
0.120659
0.117920
0.128391
0.083143
0.109287
0.105767
0.128963
0.126660
0.110147
0.111576
0.137204
0.118236
0.140079
0.119447
0.096187
0.112581
0.119830
0.128045
0.137765
0.127288
0.116985
0.115270
0.116589
0.126598
0.121092
0.114669
0.114011
0.115034
0.117203
0.114723
0.104840
0.116888
0.104932
0.099680
0.118223
0.104293
0.096264
0.105412
0.107078
0.118941
0.139576
0.120734
0.114952
0.107955
0.107539
0.141310
0.136234
0.138138
0.138126
0.149631
0.137146
0.164007
0.152953
0.152452
0.115558
0.113344
0.151699
0.146180
0.131989
0.120836
0.119410
0.129825
0.132792
0.158707
0.148805
0.150547
0.131329
0.125571
0.110779
0.142426
0.205507
0.275237
0.216874
0.222355
0.253510
0.240567
0.238363
0.222036
0.246533
0.186511
0.239498
0.241617
0.242362
0.243145
0.242732
0.232030
0.199239
0.247044
0.232140
0.229291
0.179477
0.234340
0.249823
0.202157
0.220382
0.221118
0.200514
0.218278
0.158723
0.185204
0.162639
0.161962
0.168765
0.168738
0.157129
0.174994
0.179891
0.189256
0.168237
0.151982
0.136480
0.151152
0.151004
0.143005
0.127149
0.120759
0.112328
0.123829
0.148739
0.141511
0.153326
0.142952
0.144454
0.134231
0.127430
0.145607
0.135158
0.126958
0.119970
0.112959
0.099488
0.115864
0.125847
0.111364
0.131109
0.147120
0.201669
0.181687
0.233906
0.165666
0.137100
0.148897
0.138491
0.164185
0.144976
0.124173
0.182768
0.160610
0.149746
0.171999
0.221252
0.175992
0.222962
0.215709
0.155670
0.199511
0.204957
0.163974
0.167250
0.166039
0.226668
0.252934
0.197890
0.174984
0.146748
0.169257
0.166438
0.204076
0.186679
0.159767
0.176265
0.159127
0.152802
0.154123
0.159990
0.175230
0.152156
0.148207
0.159554
0.151579
0.132860
0.137727
0.126802
0.083085
0.101959
0.210103
0.153929
0.133181
0.127351
0.118225
0.105907
0.090434
0.144628
0.140871
0.122162
0.100220
0.110659
0.184137
0.177538
0.183161
0.187414
0.186280
0.210519
0.155192
0.171333
0.171402
0.184794
0.175334
0.155601
0.161006
0.163840
0.165559
0.162845
0.145899
0.142584
0.165255
0.088597
0.078059
0.116251
0.115051
0.136067
0.148358
0.179429
0.219141
0.225859
0.230648
0.249499
0.264245
0.228841
0.224913
0.234567
0.218996
0.226141
0.231696
0.265739
0.237119
0.224259
0.216386
0.271436
0.177415
0.217110
0.124623
0.117214
0.131672
0.151119
0.143478
0.135762
0.154150
0.138200
0.129709
0.175244
0.186796
0.164699
0.171142
0.253137
0.217971
0.250284
0.124128
0.089537
0.122302
0.124957
0.108649
0.109370
0.159523
0.147904
0.136538
0.153122
0.171838
0.146607
0.107360
0.105191
0.097705
0.101649
0.099456
0.083047
0.076494
0.087673
0.089535
0.086833
0.092267
0.095444
0.111768
0.117008
0.121293
0.124045
0.119487
0.111680
0.109112
0.113199
0.110866
0.116714
0.097040
0.099409
0.119656
0.113140
0.112627
0.119686
0.149360
0.150126
0.152690
0.152949
0.137540
0.126959
0.136935
0.116962
0.145928
0.150454
0.115490
0.145043
0.113426
0.120108
0.114556
0.157624
0.172783
0.166978
0.218750
0.206792
0.190097
0.157818
0.188877
0.191252
0.195669
0.178200
0.197555
0.197019
0.171147
0.169561
0.110314
0.091003
0.078798
0.081423
0.083705
0.077927
0.074963
0.077171
0.104249
0.102356
0.099684
0.107401
0.100606
0.112940
0.100412
0.101303
0.094242
0.093880
0.098563
0.092237
0.096110
0.096688
0.104086
0.093852
0.100195
0.126877
0.116534
0.123469
0.108730
0.116715
0.104038
0.102611
0.106837
0.106235
0.157898
0.149684
0.150936
0.122448
0.136558
0.141432
0.132686
0.130938
0.126958
0.122908
0.124927
0.153611
0.118296
0.079374
0.068310
0.061709
0.071396
0.061978
0.059937
0.058254
0.066025
0.080206
0.076722
0.066571
0.068544
0.090122
0.075646
0.068521
0.083430
0.126251
0.125698
0.117275
0.122000
0.119554
0.122360
0.095964
0.115286
0.108581
0.094267
0.105958
0.106024
0.114397
0.125705
0.155785
0.161687
0.164548
0.140601
0.156538
0.144060
0.145093
0.113523
0.116618
0.126800
0.129080
0.132843
0.126690
0.141455
0.128936
0.120846
0.108753
0.114466
0.117033
0.118862
0.122302
0.114456
0.108097
0.121064
0.104105
0.100919
0.109362
0.138771
0.134664
0.266128
0.261088
0.288640
0.257084
0.174732
0.169798
0.151469
0.157694
0.165181
0.154333
0.122713
0.135419
0.118505
0.113729
0.111674
0.101575
0.090344
0.082060
0.072960
0.082696
0.079829
0.102163
0.115101
0.086612
0.128188
0.107222
0.137162
0.144218
0.135827
0.143469
0.150345
0.144666
0.146163
0.139779
0.145285
0.148211
0.146874
0.144909
0.146853
0.142680
0.135031
0.142534
0.147922
0.147334
0.148154
0.145441
0.144782
0.145386
0.144099
0.152658
0.145498
0.145141
0.146006
0.148632
0.162655
0.159594
0.162917
0.169221
0.169820
0.167461
0.172343
0.176035
0.180381
0.183865
0.227598
0.201889
0.189724
0.174621
0.096075
0.094103
0.085895
0.077312
0.077841
0.078184
0.079564
0.077499
0.104628
0.101315
0.097131
0.097872
0.104507
0.100425
0.096989
0.108974
0.108573
0.104267
0.104715
0.107615
0.106217
0.140860
0.139809
0.129879
0.134517
0.127221
0.127259
0.103356
0.105308
0.113928
0.121475
0.117490
0.117719
0.133090
0.133856
0.143296
0.145457
0.121908
0.138535
0.134003
0.116969
0.087048
0.089831
0.089670
0.095792
0.094464
0.080028
0.087142
0.086859
0.079895
0.093433
0.086845
0.094972
0.094764
0.085849
0.092674
0.092145
0.092984
0.098207
0.094575
0.099023
0.092481
0.090904
0.067700
0.062023
0.057953
0.059326
0.073807
0.065274
0.062226
0.064560
0.063101
0.063968
0.062335
0.061315
0.059013
0.054189
0.063445
0.068942
0.144391
0.146850
0.149462
0.145266
0.145998
0.144056
0.142814
0.147370
0.142810
0.120970
0.128046
0.125700
0.132322
0.134674
0.099932
0.096836
0.095394
0.085735
0.088618
0.092217
0.104650
0.110829
0.182648
0.172467
0.174868
0.179517
0.170052
0.167856
0.169808
0.172774
0.173060
0.169954
0.180078
0.188015
0.176198
0.187796
0.176789
0.145308
0.133471
0.144672
0.138265
0.143190
0.145671
0.144448
0.117138
0.144426
0.128285
0.147089
0.146150
0.144420
0.166571
0.152428
0.153562
0.148718
0.142650
0.155997
0.152073
0.149993
0.152577
0.158203
0.148475
0.143223
0.145559
0.147600
0.113422
0.102830
0.111112
0.086197
0.088829
0.093661
0.091750
0.085938
0.092255
0.091672
0.087169
0.086924
0.081733
0.071592
0.078987
0.076305
0.078649
0.078459
0.072437
0.079074
0.079739
0.080206
0.079329
0.084971
0.163036
0.156219
0.154104
0.154676
0.136986
0.141373
0.126826
0.123337
0.119394
0.109812
0.113195
0.118132
0.110846
0.130155
0.120379
0.159976
0.162003
0.162637
0.172183
0.174801
0.218909
0.189031
0.181513
0.191000
0.227656
0.193253
0.193373
0.153536
0.156971
0.132070
0.155605
0.152132
0.125463
0.105618
0.116354
0.112704
0.108104
0.092500
0.103015
0.104319
0.113651
0.119695
0.117324
0.126274
0.127289
0.134906
0.130689
0.121442
0.149814
0.149691
0.147601
0.149312
0.150948
0.147209
0.148606
0.155638
0.150434
0.135284
0.136229
0.122973
0.126822
0.134309
0.139324
0.151669
0.148626
0.166824
0.153965
0.160289
0.152239
0.145797
0.136198
0.118814
0.122233
0.108454
0.107565
0.109409
0.110143
0.113276
0.105491
0.087596
0.090343
0.076118
0.077545
0.081133
0.083534
0.084193
0.081923
0.093036
0.095073
0.093785
0.095063
0.090358
0.088071
0.082859
0.090475
0.085783
0.105934
0.113046
0.104307
0.104927
0.133907
0.132525
0.131176
0.133738
0.117251
0.118965
0.122129
0.133552
0.128127
0.126308
0.139633
0.150647
0.133236
0.134659
0.146272
0.166689
0.162765
0.171645
0.102128
0.096990
0.103789
0.109990
0.107525
0.101102
0.104292
0.106180
0.097709
0.097631
0.098925
0.098643
0.092004
0.089522
0.088452
0.089140
0.082239
0.081415
0.080611
0.081128
0.076176
0.075277
0.078355
0.079999
0.087457
0.088922
0.092111
0.091322
0.090261
0.075923
0.075023
0.079906
0.073747
0.081548
0.074351
0.079443
0.079558
0.130468
0.121973
0.125176
0.107986
0.098783
0.106780
0.108960
0.116953
0.126684
0.142594
0.146722
0.140356
0.132620
0.132798
0.121468
0.139584
0.144387
0.134814
0.134074
0.125626
0.109682
0.107577
0.096588
0.100648
0.098925
0.099845
0.103201
0.094038
0.092123
0.097263
0.096052
0.096813
0.093257
0.075238
0.080922
0.070424
0.069413
0.074142
0.074289
0.070379
0.070815
0.080358
0.077003
0.075216
0.088593
0.106111
0.098501
0.085251
0.078709
0.077489
0.082029
0.082504
0.102541
0.110629
0.094446
0.094187
0.137669
0.118222
0.116635
0.111613
0.112622
0.119210
0.122411
0.141741
0.132661
0.144758
0.144920
0.141830
0.124941
0.105640
0.104018
0.100993
0.106408
0.083668
0.082313
0.065103
0.071302
0.081873
0.083450
0.084393
0.075356
0.075598
0.074549
0.067326
0.070281
0.076450
0.079586
0.084558
0.078012
0.086716
0.090847
0.081917
0.087042
0.086276
0.085595
0.085907
0.127679
0.095242
0.081740
0.088314
0.103025
0.119778
0.134737
0.143608
0.149478
0.150635
0.154332
0.148280
0.151951
0.151093
0.122361
0.110287
0.117099
0.103131
0.119678
0.068885
0.079248
0.074113
0.077054
0.077029
0.073306
0.071948
0.066896
0.064806
0.062565
0.072968
0.068349
0.070524
0.096965
0.349272
0.266741
0.331286
0.256400
0.242330
0.259588
0.231285
0.197751
0.194707
0.242341
0.252401
0.234061
0.225511
0.190804
0.196285
0.203160
0.213533
0.181041
0.194296
0.206015
0.183741
0.182349
0.205977
0.210933
0.254257
0.235139
0.186359
0.179317
0.190148
0.186896
0.201144
0.178908
0.103868
0.099137
0.097051
0.094399
0.086526
0.093207
0.080358
0.090346
0.101825
0.101859
0.092104
0.116128
0.114047
0.116114
0.123749
0.111393
0.105083
0.086187
0.086215
0.094451
0.091354
0.075065
0.073070
0.071896
0.075156
0.079825
0.077206
0.072335
0.073876
0.069229
0.075408
0.074429
0.073059
0.073331
0.080609
0.083982
0.100093
0.098010
0.090613
0.091686
0.102133
0.116956
0.116249
0.111315
0.132038
0.120693
0.133276
0.145601
0.104889
0.088927
0.108061
0.102304
0.097599
0.095594
0.097646
0.078400
0.080981
0.075564
0.089325
0.077615
0.092395
0.084998
0.076746
0.081627
0.071324
0.079965
0.072574
0.078866
0.080707
0.081948
0.090197
0.097192
0.098760
0.100108
0.088470
0.079399
0.145574
0.133229
0.136434
0.108238
0.120679
0.120812
0.171408
0.160333
0.154910
0.156924
0.140983
0.158345
0.156968
0.130523
0.102076
0.097652
0.099403
0.104720
0.103726
0.133674
0.102222
0.105270
0.115515
0.145636
0.141198
0.137602
0.128925
0.142551
0.138791
0.146132
0.149045
0.145097
0.159259
0.159540
0.130681
0.130369
0.152542
0.136129
0.151523
0.137055
0.139518
0.151445
0.130413
0.125352
0.132233
0.073513
0.074530
0.073284
0.075932
0.074469
0.089321
0.119492
0.124956
0.116309
0.115831
0.117886
0.089569
0.084597
0.088400
0.082855
0.080271
0.082480
0.073557
0.071287
0.080142
0.088583
0.074827
0.072335
0.083480
0.070906
0.077862
0.101257
0.084393
0.087913
0.132459
0.133697
0.136071
0.136249
0.077326
0.068502
0.082370
0.071179
0.071527
0.073223
0.074040
0.104288
0.113277
0.111898
0.081833
0.063699
0.080972
0.071830
0.116769
0.106312
0.106242
0.074666
0.073254
0.072539
0.068405
0.064901
0.068559
0.067612
0.078129
0.081638
0.099441
0.113860
0.079005
0.088128
0.097479
0.084152
0.095722
0.097203
0.107634
0.123704
0.120420
0.123984
0.112789
0.116601
0.133587
0.133965
0.114331
0.132831
0.135197
0.141821
0.140280
0.138942
0.133831
0.163944
0.168558
0.164858
0.158733
0.150769
0.155512
0.158216
0.194742
0.155702
0.161753
0.191148
0.170338
0.183831
0.183057
0.181535
0.207408
0.242287
0.140732
0.132252
0.105140
0.090686
0.086678
0.108755
0.102769
0.118478
0.149910
0.145757
0.138464
0.147130
0.122899
0.146607
0.146209
0.143930
0.137461
0.141861
0.146142
0.147170
0.150740
0.145196
0.146747
0.146149
0.139097
0.140577
0.129587
0.131605
0.125422
0.120278
0.139422
0.133293
0.132470
0.148372
0.148457
0.140510
0.148593
0.150021
0.147516
0.148991
0.154259
0.174548
0.173014
0.181801
0.174831
0.178400
0.186803
0.178985
0.218141
0.214253
0.172316
0.180202
0.169882
0.168879
0.138520
0.146845
0.136256
0.141420
0.156632
0.167527
0.157591
0.160376
0.150646
0.156275
0.154593
0.148148
0.152952
0.156722
0.159774
0.150119
0.149002
0.147274
0.145497
0.159655
0.162032
0.165344
0.151141
0.149319
0.154296
0.184521
0.177790
0.182189
0.171542
0.184637
0.228370
0.172359
0.181076
0.173376
0.221727
0.212286
0.181892
0.113096
0.089696
0.087033
0.093068
0.084507
0.079786
0.086518
0.087535
0.084561
0.091567
0.084915
0.085806
0.094579
0.107840
0.105502
0.105376
0.106840
0.100043
0.103371
0.106086
0.104750
0.100002
0.096735
0.097387
0.102016
0.107118
0.105222
0.102791
0.096331
0.096358
0.099896
0.103913
0.097382
0.100608
0.098996
0.140041
0.132902
0.107926
0.134808
0.139763
0.149185
0.152326
0.161430
0.167353
0.161685
0.160151
0.161771
0.192520
0.177903
0.175282
0.192490
0.161079
0.189324
0.180204
0.182461
0.176017
0.194538
0.166094
0.152108
0.153427
0.146577
0.147438
0.147935
0.153487
0.150755
0.155524
0.159134
0.163030
0.153372
0.133535
0.126989
0.118363
0.118897
0.118659
0.117065
0.116364
0.111226
0.122621
0.117843
0.115070
0.125984
0.149694
0.140007
0.145636
0.145274
0.150306
0.150221
0.136608
0.145313
0.145449
0.147604
0.148697
0.134966
0.137651
0.114004
0.130730
0.137976
0.159124
0.149624
0.137975
0.149431
0.117910
0.120082
0.117215
0.122558
0.117459
0.145113
0.129828
0.144636
0.130469
0.128235
0.133549
0.148574
0.146360
0.141722
0.146675
0.151103
0.156772
0.152300
0.139689
0.151686
0.151937
0.158586
0.149719
0.144876
0.121736
0.121399
0.126850
0.128195
0.125420
0.145594
0.136755
0.130539
0.136704
0.148254
0.140465
0.124313
0.126251
0.128357
0.148942
0.145791
0.145491
0.146035
0.136609
0.129413
0.154797
0.106398
0.123201
0.095378
0.092911
0.118191
0.096730
0.087952
0.077201
0.082722
0.091118
0.091650
0.089537
0.104848
0.092986
0.079940
0.072379
0.084131
0.124495
0.117193
0.110744
0.114751
0.110320
0.092579
0.101210
0.097594
0.085341
0.121020
0.091341
0.083712
0.092307
0.097441
0.105685
0.144237
0.139546
0.132072
0.154900
0.106669
0.122200
0.098887
0.079257
0.078816
0.070132
0.074134
0.093771
0.082272
0.073598
0.082563
0.077924
0.072015
0.072817
0.081627
0.074712
0.074991
0.071666
0.072997
0.112983
0.117295
0.077940
0.081481
0.104300
0.117440
0.093717
0.096091
0.115657
0.144884
0.115270
0.111263
0.141068
0.138516
0.124400
0.119361
0.110149
0.105668
0.107446
0.078688
0.073950
0.070319
0.070810
0.075925
0.095777
0.071056
0.069657
0.076298
0.080347
0.077968
0.075092
0.071904
0.079685
0.074491
0.103883
0.237760
0.255166
0.200033
0.161568
0.158830
0.214117
0.230491
0.266575
0.236944
0.306867
0.235344
0.207232
0.152879
0.215861
0.254942
0.158083
0.246321
0.214704
0.215948
0.239399
0.172447
0.185312
0.207894
0.261988
0.216061
0.233549
0.110144
0.105486
0.099680
0.108890
0.101812
0.101093
0.108388
0.092368
0.099062
0.098855
0.092545
0.094886
0.100755
0.090595
0.092879
0.097675
0.119320
0.112729
0.108854
0.097442
0.102937
0.089986
0.115707
0.124728
0.130247
0.126673
0.126118
0.130272
0.138047
0.126444
0.108632
0.109041
0.122541
0.103698
0.104267
0.138088
0.221279
0.210317
0.215496
0.175919
0.174428
0.158813
0.166947
0.169868
0.155438
0.171222
0.176847
0.182835
0.173910
0.166678
0.155576
0.146389
0.157193
0.154735
0.180927
0.161339
0.169774
0.160845
0.163158
0.174848
0.183214
0.173403
0.194475
0.157570
0.164942
0.163184
0.154264
0.155882
0.156562
0.158235
0.164382
0.163420
0.199047
0.141541
0.140246
0.127554
0.134537
0.135030
0.139570
0.161820
0.137316
0.146901
0.162126
0.168621
0.164878
0.155504
0.161543
0.137903
0.156792
0.153922
0.149017
0.151090
0.163861
0.176054
0.172916
0.160402
0.166747
0.159754
0.154677
0.110633
0.115105
0.096417
0.108008
0.100171
0.097658
0.109235
0.106583
0.094136
0.106633
0.102978
0.105242
0.108594
0.104532
0.106249
0.105278
0.104364
0.093841
0.105708
0.102013
0.105237
0.108458
0.104817
0.103418
0.108176
0.107039
0.099276
0.091340
0.102374
0.103237
0.080342
0.090974
0.096905
0.083605
0.113889
0.107149
0.091765
0.105415
0.102089
0.094636
0.088457
0.082652
0.080707
0.106849
0.093362
0.112326
0.107411
0.100627
0.124036
0.115559
0.133503
0.116024
0.123237
0.110792
0.104871
0.098760
0.116080
0.132343
0.127421
0.127208
0.124054
0.124504
0.107113
0.095252
0.096502
0.105523
0.075357
0.066439
0.067783
0.098155
0.093794
0.075664
0.082429
0.071017
0.076072
0.075557
0.075817
0.074689
0.075653
0.076101
0.069671
0.080637
0.209959
0.237546
0.217972
0.266659
0.215185
0.169892
0.103364
0.097150
0.100082
0.103800
0.099536
0.102450
0.098241
0.107246
0.110490
0.111725
0.104687
0.095786
0.091574
0.093547
0.099404
0.098749
0.101023
0.097676
0.090362
0.101525
0.098489
0.096742
0.103200
0.102555
0.113482
0.133905
0.138717
0.122522
0.132159
0.117114
0.127529
0.132421
0.137750
0.119463
0.123811
0.119404
0.119971
0.110693
0.108998
0.101587
0.104281
0.104820
0.106922
0.115762
0.110354
0.110336
0.104863
0.104518
0.114105
0.113076
0.104947
0.114922
0.114984
0.112222
0.096398
0.109931
0.106763
0.105142
0.094198
0.097452
0.111610
0.107891
0.120023
0.196911
0.164486
0.179447
0.230433
0.169936
0.222928
0.185693
0.192316
0.224074
0.221392
0.161188
0.180683
0.187118
0.179244
0.157168
0.178207
0.143730
0.173715
0.187511
0.102953
0.088321
0.093903
0.095318
0.096510
0.077352
0.072266
0.089374
0.079200
0.085465
0.081028
0.079364
0.079598
0.075099
0.075067
0.073027
0.075682
0.079917
0.082895
0.082998
0.086773
0.078601
0.078258
0.069205
0.070877
0.086341
0.100767
0.111185
0.159074
0.180639
0.141051
0.136139
0.159074
0.145061
0.168961
0.138768
0.143924
0.157190
0.143550
0.173497
0.157684
0.162075
0.157709
0.141677
0.147967
0.152061
0.161690
0.160333
0.173247
0.149114
0.152278
0.152240
0.153554
0.180147
0.101963
0.092215
0.074625
0.075869
0.083286
0.091465
0.098849
0.101900
0.082942
0.081672
0.082577
0.081471
0.091093
0.080607
0.088183
0.080244
0.103723
0.088503
0.115704
0.113504
0.104098
0.107196
0.110165
0.107557
0.102198
0.105724
0.084090
0.089184
0.094072
0.091044
0.089573
0.089732
0.088182
0.081235
0.082073
0.105347
0.090150
0.093219
0.091477
0.082219
0.083451
0.099205
0.090114
0.101427
0.083378
0.090725
0.082265
0.085826
0.113027
0.119288
0.118910
0.113591
0.116819
0.119966
0.118024
0.110019
0.112961
0.116959
0.112547
0.110914
0.108686
0.110219
0.108621
0.112994
0.115031
0.117835
0.104445
0.105338
0.113479
0.153293
0.157210
0.147020
0.150208
0.138529
0.125096
0.121163
0.118113
0.118805
0.117612
0.117799
0.128544
0.105508
0.103798
0.095351
0.106734
0.099470
0.102422
0.101929
0.079653
0.077896
0.083834
0.078975
0.087698
0.092902
0.096299
0.096206
0.081191
0.087749
0.096519
0.122366
0.121498
0.120457
0.116327
0.118655
0.116274
0.116566
0.102720
0.110235
0.114437
0.126451
0.116718
0.118722
0.096849
0.102656
0.105713
0.092511
0.109590
0.099143
0.157310
0.165301
0.170829
0.180487
0.146662
0.173567
0.186455
0.182154
0.139224
0.149175
0.151278
0.161487
0.145829
0.166501
0.156657
0.120416
0.160992
0.168735
0.171498
0.169423
0.161613
0.210244
0.151750
0.141807
0.141534
0.152148
0.140555
0.157990
0.197974
0.179396
0.221663
0.240390
0.173931
0.156612
0.154188
0.139129
0.135914
0.163480
0.155939
0.170876
0.159959
0.182934
0.222818
0.283599
0.200264
0.264833
0.283160
0.254230
0.282280
0.266288
0.269423
0.245692
0.244406
0.274623
0.234991
0.285286
0.239886
0.252263
0.196576
0.267675
0.245332
0.209650
0.229519
0.183484
0.206358
0.210227
0.234099
0.232978
0.201772
0.244298
0.233318
0.295749
0.323387
0.340216
0.304118
0.253095
0.350685
0.339731
0.103391
0.135269
0.101315
0.104244
0.103435
0.098837
0.097437
0.092982
0.088313
0.114250
0.186494
0.199895
0.137817
0.183478
0.236778
0.194830
0.220542
0.222233
0.154863
0.185166
0.097338
0.090208
0.090250
0.079497
0.076466
0.082117
0.101267
0.094548
0.100583
0.123211
0.101550
0.153024
0.167168
0.177234
0.152824
0.145627
0.155283
0.129393
0.132991
0.139687
0.143790
0.154335
0.151406
0.136419
0.149449
0.199816
0.184171
0.159102
0.144862
0.191425
0.153481
0.166498
0.254106
0.307246
0.253829
0.316571
0.159288
0.192333
0.165776
0.246826
0.136102
0.138804
0.149447
0.156952
0.238621
0.154761
0.281122
0.209051
0.151806
0.269147
0.203785
0.263848
0.223254
0.239912
0.305774
0.253397
0.219785
0.239003
0.199281
0.249002
0.199410
0.165825
0.192366
0.201532
0.214437
0.164830
0.164354
0.238782
0.202204
0.163363
0.172719
0.178767
0.189434
0.140313
0.158175
0.195327
0.180943
0.129236
0.122112
0.128129
0.116799
0.113178
0.117023
0.117577
0.120887
0.128191
0.124075
0.100486
0.148106
0.147252
0.146300
0.152664
0.145804
0.149284
0.159811
0.156381
0.139518
0.118401
0.153863
0.146924
0.165960
0.163531
0.163204
0.178205
0.155497
0.177321
0.318836
0.317067
0.343560
0.346101
0.276555
0.137152
0.119030
0.127446
0.115118
0.121123
0.111722
0.119226
0.178736
0.281790
0.290061
0.317195
0.334936
0.173132
0.153442
0.112316
0.134365
0.143965
0.126430
0.237000
0.234971
0.337929
0.347724
0.295982
0.137672
0.156669
0.124768
0.131113
0.118855
0.104345
0.105507
0.104849
0.100052
0.116205
0.102952
0.112271
0.102717
0.108118
0.111075
0.110349
0.117351
0.115540
0.103338
0.107795
0.091613
0.092001
0.102854
0.087764
0.081630
0.088556
0.087015
0.089003
0.095056
0.077198
0.088675
0.085326
0.081016
0.095510
0.090799
0.094132
0.082388
0.082701
0.078476
0.079922
0.085877
0.082640
0.079536
0.085273
0.088652
0.080267
0.081510
0.079737
0.079176
0.079235
0.077604
0.097522
0.114065
0.116569
0.103238
0.114239
0.113465
0.114892
0.111507
0.118599
0.117921
0.114547
0.104016
0.128906
0.145724
0.221777
0.179321
0.180751
0.180106
0.176960
0.174097
0.159921
0.169065
0.181189
0.163088
0.162331
0.155118
0.157090
0.176096
0.219067
0.189838
0.193182
0.185936
0.189768
0.181045
0.219987
0.221352
0.190148
0.183887
0.202480
0.247666
0.292094
0.289545
0.169995
0.186228
0.159560
0.164915
0.177251
0.186243
0.142620
0.146754
0.154992
0.156881
0.178544
0.192935
0.170013
0.171416
0.176247
0.201282
0.150334
0.159310
0.159436
0.166721
0.165253
0.173232
0.161694
0.171314
0.198926
0.261253
0.306111
0.281215
0.313380
0.163941
0.149532
0.161306
0.162150
0.131295
0.108966
0.145934
0.132492
0.110971
0.104297
0.112036
0.103676
0.110597
0.124590
0.121534
0.126800
0.159568
0.152442
0.151517
0.164366
0.170155
0.147311
0.154697
0.174060
0.152569
0.155771
0.144614
0.153365
0.157503
0.159262
0.161649
0.151852
0.165497
0.150897
0.149587
0.154707
0.168215
0.183641
0.164045
0.160905
0.195574
0.237035
0.282510
0.220146
0.283274
0.168687
0.141396
0.113938
0.104661
0.127928
0.110425
0.124644
0.097809
0.096613
0.099737
0.092541
0.120102
0.117267
0.118932
0.136432
0.153690
0.101001
0.108673
0.108454
0.111153
0.107133
0.103042
0.143776
0.134022
0.137046
0.113447
0.120759
0.126677
0.147439
0.142559
0.137332
0.102377
0.097735
0.096091
0.129602
0.113056
0.121132
0.112642
0.114358
0.118280
0.118100
0.125966
0.110387
0.129043
0.187580
0.134912
0.171872
0.148558
0.121274
0.124353
0.123974
0.134101
0.201270
0.153681
0.140518
0.099444
0.087933
0.127903
0.119397
0.108690
0.125792
0.149304
0.290719
0.230334
0.191704
0.197369
0.183606
0.195214
0.222550
0.216373
0.243914
0.219362
0.134162
0.143466
0.140437
0.130556
0.148412
0.187671
0.257827
0.262848
0.264263
0.259441
0.250520
0.253895
0.216318
0.211864
0.222968
0.177059
0.173388
0.153793
0.148079
0.105735
0.101120
0.099453
0.091985
0.165325
0.206283
0.172024
0.205877
0.143463
0.181711
0.144437
0.184203
0.110317
0.103535
0.097770
0.095010
0.095575
0.099653
0.114000
0.112510
0.111875
0.099920
0.100636
0.110070
0.121138
0.155985
0.159611
0.176775
0.146259
0.137329
0.144753
0.166654
0.180050
0.175048
0.175764
0.174477
0.164514
0.164444
0.170092
0.150052
0.153912
0.159331
0.161622
0.160900
0.151720
0.149565
0.155088
0.151225
0.150246
0.150325
0.147057
0.151579
0.158562
0.084765
0.070173
0.064080
0.089556
0.085615
0.088418
0.087606
0.069079
0.064113
0.067691
0.081673
0.085111
0.115732
0.114058
0.099626
0.097453
0.090604
0.101519
0.082264
0.076520
0.076211
0.074066
0.086253
0.081163
0.108974
0.092877
0.090190
0.096269
0.077751
0.082775
0.084689
0.098914
0.092964
0.095714
0.091492
0.078572
0.084174
0.076943
0.076607
0.086685
0.082880
0.111097
0.108579
0.099344
0.111854
0.123132
0.116081
0.117763
0.110293
0.097586
0.066788
0.069066
0.066771
0.071370
0.070329
0.068526
0.071630
0.080070
0.087094
0.079993
0.075184
0.077462
0.072955
0.075754
0.071393
0.071493
0.071277
0.092235
0.075182
0.073721
0.077360
0.085929
0.089359
0.105417
0.103123
0.103173
0.096342
0.091201
0.084666
0.080205
0.090185
0.091878
0.092648
0.101523
0.105974
0.141785
0.137947
0.127964
0.128231
0.131518
0.150683
0.142167
0.147858
0.146398
0.141112
0.148211
0.145591
0.146610
0.148263
0.142147
0.142201
0.143520
0.146861
0.150011
0.132976
0.143176
0.154073
0.151532
0.135170
0.134201
0.133665
0.140827
0.147398
0.122682
0.127569
0.135981
0.134061
0.145651
0.145309
0.139818
0.147183
0.131846
0.128771
0.127505
0.096755
0.103002
0.116666
0.113542
0.129830
0.128495
0.125019
0.124420
0.113289
0.113610
0.071208
0.079579
0.083223
0.097735
0.101711
0.095688
0.095800
0.098764
0.090359
0.090598
0.097075
0.074410
0.074603
0.084868
0.112431
0.101755
0.130317
0.138959
0.134291
0.134088
0.131897
0.143775
0.137683
0.134847
0.136087
0.139341
0.144650
0.144235
0.139301
0.162539
0.151475
0.154258
0.152835
0.134146
0.138113
0.133415
0.137031
0.131689
0.134166
0.145618
0.145808
0.146451
0.137578
0.141168
0.142038
0.139704
0.137186
0.149735
0.158830
0.154081
0.137682
0.140236
0.141803
0.140003
0.148889
0.141570
0.147791
0.140920
0.146925
0.146797
0.135996
0.139927
0.076017
0.070704
0.074413
0.080532
0.097283
0.105335
0.084367
0.079955
0.114040
0.109644
0.097678
0.115307
0.104922
0.095204
0.093471
0.100527
0.081013
0.077740
0.088920
0.090771
0.074298
0.078588
0.080227
0.076136
0.107865
0.110371
0.098819
0.100388
0.126459
0.115312
0.110650
0.125918
0.135752
0.137261
0.139274
0.140306
0.137774
0.133350
0.131425
0.112144
0.111832
0.111744
0.113405
0.114065
0.112258
0.093932
0.102351
0.092567
0.108004
0.096266
0.105070
0.103708
0.101094
0.073088
0.084977
0.081789
0.089997
0.084170
0.113502
0.107852
0.106605
0.101476
0.092308
0.098054
0.099484
0.073843
0.072825
0.068129
0.063452
0.074437
0.071027
0.076063
0.092944
0.088532
0.083217
0.084555
0.075648
0.070455
0.078096
0.079726
0.064598
0.061022
0.059427
0.066991
0.057861
0.057799
0.061974
0.067741
0.067126
0.059488
0.062221
0.064785
0.059700
0.063667
0.074951
0.071838
0.070804
0.073424
0.067431
0.062842
0.065988
0.067793
0.068940
0.078423
0.069546
0.067059
0.076709
0.071052
0.069905
0.081438
0.123721
0.136198
0.127278
0.134552
0.127247
0.122100
0.124192
0.125258
0.112673
0.113516
0.114332
0.117026
0.118350
0.116697
0.120158
0.117930
0.115876
0.105057
0.112729
0.109218
0.111153
0.109697
0.110479
0.110125
0.109605
0.119414
0.117498
0.119122
0.115943
0.117550
0.112490
0.111624
0.112854
0.113447
0.111951
0.107441
0.110108
0.120724
0.057950
0.050495
0.054906
0.053281
0.078245
0.078249
0.067188
0.059718
0.073863
0.073703
0.075382
0.077895
0.061415
0.057383
0.059336
0.070378
0.066700
0.061639
0.061613
0.068296
0.057704
0.052342
0.053692
0.059335
0.065920
0.066023
0.059890
0.056333
0.073098
0.072322
0.065548
0.080103
0.135425
0.141625
0.155803
0.156785
0.106848
0.132280
0.110026
0.103765
0.106558
0.086966
0.077452
0.121970
0.104681
0.131993
0.109538
0.129423
0.097968
0.091873
0.079507
0.072886
0.089192
0.124416
0.093806
0.078733
0.070491
0.076893
0.081047
0.082298
0.082053
0.103203
0.099127
0.104107
0.106010
0.086515
0.081130
0.079198
0.071778
0.073453
0.082125
0.080692
0.076623
0.078558
0.079440
0.076215
0.092001
0.108650
0.093887
0.085860
0.118042
0.083664
0.076292
0.082396
0.081392
0.086315
0.099035
0.091871
0.079434
0.080420
0.090342
0.126532
0.136554
0.149414
0.156550
0.147039
0.154086
0.158458
0.141122
0.137588
0.139234
0.110877
0.128256
0.117665
0.131176
0.127291
0.127075
0.114747
0.113693
0.115703
0.103399
0.099047
0.129541
0.110868
0.113466
0.138638
0.100113
0.102672
0.111580
0.129388
0.135410
0.148311
0.115722
0.117242
0.106095
0.102055
0.106471
0.117103
0.119573
0.111635
0.111014
0.108539
0.106591
0.099545
0.056792
0.046737
0.045834
0.048437
0.059973
0.060742
0.052657
0.055442
0.092005
0.077534
0.060437
0.068858
0.070548
0.056562
0.054755
0.071271
0.069355
0.065912
0.062714
0.066607
0.083223
0.082035
0.069561
0.071456
0.064690
0.060867
0.058352
0.064598
0.056489
0.053605
0.049642
0.058280
0.117831
0.124229
0.124849
0.123117
0.118865
0.118590
0.123212
0.117884
0.120263
0.121407
0.123189
0.121440
0.122785
0.128675
0.123956
0.130177
0.132420
0.126212
0.131360
0.121534
0.119464
0.118600
0.118630
0.123009
0.119129
0.117835
0.119419
0.126715
0.125026
0.119077
0.118912
0.122640
0.125105
0.123501
0.128118
0.118915
0.119196
0.118672
0.118636
0.122581
0.125186
0.133889
0.128192
0.130591
0.128270
0.116673
0.116436
0.125125
0.120610
0.122648
0.119707
0.124465
0.120773
0.107854
0.118428
0.103832
0.122043
0.127362
0.111778
0.114414
0.113868
0.125751
0.127689
0.099432
0.102575
0.122965
0.096029
0.099154
0.125299
0.117358
0.109454
0.115689
0.124615
0.107319
0.121128
0.102172
0.099393
0.112317
0.127807
0.125803
0.126122
0.128896
0.124137
0.144399
0.134906
0.127089
0.130298
0.136817
0.132019
0.126050
0.129826
0.119698
0.100965
0.082106
0.075765
0.076411
0.122643
0.103507
0.089135
0.107726
0.095034
0.081473
0.080023
0.088996
0.070849
0.070059
0.065516
0.074819
0.082598
0.084422
0.077582
0.070968
0.082557
0.075672
0.074318
0.080704
0.064356
0.061328
0.067286
0.068423
0.065695
0.066224
0.066922
0.066751
0.085521
0.089137
0.086893
0.087744
0.085771
0.093976
0.091392
0.091357
0.102544
0.096842
0.079935
0.083366
0.079156
0.080948
0.095230
0.084598
0.086260
0.088076
0.090540
0.093125
0.091752
0.092290
0.092104
0.086596
0.092782
0.093292
0.097548
0.098055
0.100213
0.095546
0.096239
0.109347
0.099892
0.098922
0.094260
0.104627
0.112578
0.102978
0.101478
0.092716
0.093524
0.110440
0.114333
0.097683
0.089745
0.092452
0.115487
0.126781
0.119123
0.112884
0.129949
0.132554
0.136191
0.135910
0.142731
0.144701
0.122647
0.122101
0.133176
0.130022
0.125547
0.128515
0.130483
0.129197
0.126885
0.120902
0.132146
0.142875
0.138781
0.137100
0.135162
0.130402
0.152177
0.152022
0.153983
0.154430
0.152413
0.155418
0.168833
0.157372
0.149436
0.155509
0.163706
0.192806
0.180292
0.193477
0.161843
0.174433
0.183344
0.187297
0.178244
0.176095
0.157104
0.172779
0.155588
0.173259
0.175243
0.178248
0.169693
0.147689
0.156758
0.153363
0.150540
0.157179
0.155581
0.152495
0.169204
0.163608
0.150705
0.166150
0.167626
0.148023
0.161977
0.166468
0.162854
0.167167
0.167186
0.148145
0.153218
0.159068
0.158288
0.156215
0.157340
0.155887
0.148040
0.155081
0.153006
0.154150
0.152038
0.142718
0.144778
0.151189
0.143273
0.150488
0.154801
0.150034
0.150209
0.157007
0.153457
0.145048
0.145363
0.147053
0.137880
0.127862
0.121096
0.128525
0.124011
0.113706
0.113271
0.114845
0.098375
0.089164
0.103870
0.104315
0.094041
0.112612
0.116004
0.101609
0.149623
0.150711
0.134555
0.143609
0.117493
0.116931
0.115329
0.133336
0.152545
0.153190
0.139568
0.139099
0.139888
0.133387
0.143130
0.164105
0.166210
0.161680
0.166005
0.171393
0.158227
0.161098
0.159829
0.127768
0.144262
0.149522
0.159957
0.156861
0.156103
0.156785
0.161145
0.161080
0.158741
0.157901
0.125956
0.118598
0.146199
0.151126
0.131357
0.150825
0.151820
0.124621
0.154366
0.122864
0.122746
0.131270
0.130458
0.152748
0.146830
0.139280
0.142151
0.143279
0.142720
0.132295
0.136343
0.136451
0.143059
0.142472
0.149892
0.133782
0.146632
0.140581
0.139720
0.154374
0.167295
0.171433
0.147451
0.160275
0.164999
0.182389
0.173901
0.154780
0.148032
0.149061
0.146024
0.135329
0.131828
0.143169
0.153634
0.154287
0.152333
0.147771
0.149343
0.149938
0.142575
0.142805
0.152040
0.148090
0.150651
0.151363
0.147259
0.146731
0.148677
0.119467
0.142083
0.142608
0.137993
0.135994
0.149412
0.147661
0.138071
0.137274
0.125729
0.116477
0.143489
0.137630
0.119810
0.108610
0.113528
0.139094
0.135112
0.146722
0.143581
0.145694
0.138702
0.134594
0.133429
0.128950
0.126500
0.130389
0.130429
0.137471
0.128739
0.117972
0.125220
0.119197
0.130138
0.127069
0.111280
0.116589
0.132812
0.102627
0.106279
0.119481
0.120448
0.116009
0.129508
0.135758
0.127816
0.124776
0.133971
0.135151
0.139167
0.134396
0.122172
0.130029
0.111518
0.112516
0.117293
0.108594
0.134497
0.136892
0.141756
0.148359
0.144472
0.144890
0.143729
0.139475
0.139022
0.115606
0.097702
0.104800
0.116272
0.148109
0.153873
0.147395
0.146379
0.101681
0.111822
0.101787
0.101640
0.103001
0.097053
0.092295
0.093231
0.083183
0.081167
0.099324
0.099557
0.095666
0.134237
0.129414
0.141771
0.137124
0.132468
0.132589
0.125848
0.114436
0.101446
0.094792
0.113583
0.140971
0.130883
0.129030
0.126235
0.145596
0.151856
0.151292
0.151724
0.147038
0.147878
0.125897
0.115453
0.128898
0.147389
0.140334
0.128599
0.145280
0.144717
0.145967
0.142840
0.117640
0.136795
0.127327
0.181800
0.189110
0.164307
0.201894
0.176851
0.201771
0.202305
0.180469
0.182605
0.195910
0.153638
0.169771
0.162417
0.170525
0.192324
0.101501
0.082625
0.106241
0.082754
0.082125
0.079845
0.080147
0.073678
0.082700
0.081295
0.078200
0.109952
0.119948
0.107198
0.105965
0.099534
0.099589
0.101119
0.098113
0.101247
0.099134
0.090068
0.087041
0.093541
0.085456
0.088164
0.089261
0.085337
0.103161
0.096859
0.114885
0.116466
0.108702
0.086310
0.102044
0.102949
0.119640
0.108313
0.120242
0.144933
0.149198
0.153016
0.137142
0.144287
0.143583
0.113373
0.110622
0.143661
0.131767
0.133440
0.114588
0.122632
0.093894
0.070708
0.074592
0.080859
0.066005
0.066878
0.068287
0.067229
0.083553
0.076654
0.069398
0.071129
0.089605
0.075824
0.073945
0.078203
0.105550
0.095332
0.102316
0.105392
0.111596
0.107338
0.105518
0.112180
0.104123
0.110996
0.103358
0.105019
0.121004
0.119858
0.159620
0.156070
0.145678
0.157253
0.159698
0.158363
0.152022
0.153219
0.154523
0.159504
0.130239
0.146163
0.135239
0.146333
0.148983
0.141091
0.147783
0.136847
0.113533
0.124991
0.110233
0.111756
0.138575
0.126117
0.104249
0.106223
0.091348
0.090465
0.124324
0.099233
0.123210
0.138855
0.271099
0.275271
0.289206
0.285049
0.198183
0.196976
0.160081
0.163561
0.156149
0.148208
0.149141
0.150424
0.138123
0.132563
0.140428
0.092289
0.087588
0.111676
0.098414
0.101897
0.086378
0.086395
0.100889
0.109741
0.142148
0.140550
0.136510
0.140328
0.124012
0.140126
0.140820
0.150805
0.146454
0.143787
0.141769
0.147204
0.147067
0.147530
0.148942
0.144684
0.146398
0.148735
0.148932
0.145748
0.146190
0.147523
0.147433
0.149919
0.155628
0.152194
0.158259
0.185407
0.175463
0.185826
0.163324
0.161360
0.160226
0.168405
0.161559
0.180155
0.206321
0.215309
0.207179
0.183608
0.190696
0.180033
0.183953
0.193384
0.091697
0.101447
0.089013
0.097750
0.089832
0.108914
0.104553
0.106944
0.102143
0.100629
0.110597
0.110565
0.132698
0.127434
0.119593
0.131392
0.132104
0.132977
0.127350
0.127772
0.131593
0.131225
0.127174
0.124009
0.135993
0.136757
0.141029
0.138069
0.118827
0.109479
0.084048
0.082049
0.095479
0.093743
0.088636
0.085429
0.094942
0.084070
0.087882
0.093748
0.095120
0.094550
0.093684
0.090679
0.092508
0.096793
0.092126
0.097443
0.095149
0.087909
0.095829
0.097285
0.092986
0.065767
0.060722
0.061244
0.062889
0.073832
0.064165
0.059319
0.063674
0.060932
0.065455
0.057484
0.061417
0.057536
0.055242
0.052651
0.066631
0.144621
0.152897
0.156202
0.157949
0.151903
0.155444
0.157048
0.156561
0.149733
0.145126
0.146920
0.141784
0.145541
0.142979
0.091701
0.089667
0.087770
0.102530
0.123494
0.167596
0.168523
0.167804
0.171282
0.184926
0.178895
0.199020
0.198454
0.190630
0.220862
0.198683
0.206304
0.195852
0.230092
0.156597
0.154324
0.150484
0.151730
0.148153
0.149008
0.146445
0.147068
0.129867
0.147834
0.141957
0.149475
0.152797
0.168464
0.172432
0.195815
0.199443
0.204326
0.171761
0.160371
0.165221
0.163863
0.171884
0.177702
0.180758
0.184726
0.156260
0.163505
0.161492
0.106276
0.089288
0.102998
0.112100
0.123042
0.113567
0.128391
0.102533
0.088119
0.085133
0.093065
0.080159
0.079217
0.071038
0.071720
0.079443
0.080423
0.081818
0.079598
0.072237
0.074898
0.094713
0.076818
0.173746
0.172272
0.162601
0.178766
0.152512
0.145297
0.153878
0.152979
0.121776
0.117286
0.128773
0.127814
0.139588
0.137239
0.132003
0.144171
0.168736
0.166703
0.164811
0.159700
0.165026
0.169820
0.204198
0.189926
0.208481
0.197589
0.178227
0.214687
0.217609
0.212667
0.222091
0.148446
0.146329
0.152050
0.155199
0.152180
0.150511
0.149140
0.152117
0.121635
0.119322
0.093868
0.092713
0.117488
0.106868
0.102982
0.117910
0.111488
0.112608
0.127940
0.165595
0.160164
0.166261
0.173103
0.143049
0.157320
0.152577
0.143007
0.152078
0.156024
0.147440
0.176131
0.177656
0.168040
0.163793
0.156097
0.153027
0.154083
0.153329
0.172046
0.158657
0.162799
0.173934
0.162330
0.159125
0.180015
0.172551
0.122073
0.117126
0.151483
0.151622
0.138809
0.146676
0.129232
0.148935
0.123886
0.112885
0.109418
0.106647
0.085245
0.083907
0.081888
0.081512
0.077561
0.077621
0.087622
0.083986
0.089477
0.089185
0.092730
0.089293
0.088307
0.097463
0.119012
0.111859
0.117174
0.132402
0.133934
0.134558
0.150063
0.146927
0.145670
0.159140
0.160399
0.153730
0.151621
0.154725
0.167015
0.189293
0.191154
0.160563
0.182021
0.151685
0.151920
0.155570
0.150156
0.119226
0.106228
0.104687
0.113896
0.138561
0.106784
0.088822
0.092763
0.109547
0.104768
0.100358
0.100347
0.095880
0.078768
0.079334
0.079975
0.077817
0.080938
0.080842
0.080254
0.080371
0.090717
0.088949
0.085467
0.086409
0.084129
0.081720
0.084431
0.085560
0.076339
0.074242
0.077189
0.079872
0.095468
0.088125
0.084026
0.079845
0.085608
0.133592
0.128863
0.132765
0.127783
0.110617
0.152741
0.149708
0.153133
0.166209
0.151426
0.152172
0.159069
0.143912
0.146248
0.149576
0.145572
0.140418
0.137957
0.104396
0.095338
0.092646
0.091678
0.104077
0.099181
0.088291
0.085361
0.073450
0.070132
0.069915
0.073254
0.070977
0.072157
0.080248
0.082261
0.076464
0.080364
0.077972
0.080169
0.078703
0.085123
0.081862
0.078738
0.087097
0.088176
0.108991
0.095825
0.104525
0.093065
0.093118
0.114741
0.126637
0.134325
0.146655
0.142076
0.128988
0.133698
0.155941
0.155457
0.162034
0.158806
0.154951
0.172425
0.162066
0.145720
0.163609
0.158557
0.145200
0.086301
0.073569
0.125985
0.129307
0.119720
0.119172
0.128933
0.085955
0.080302
0.070328
0.075472
0.075160
0.075976
0.074974
0.071458
0.074053
0.078098
0.070238
0.068248
0.088835
0.092894
0.099581
0.089674
0.092647
0.086790
0.083476
0.084707
0.094296
0.102743
0.102583
0.110817
0.092939
0.154394
0.142692
0.219948
0.189334
0.194975
0.175801
0.170195
0.162702
0.160700
0.162259
0.100642
0.087958
0.139606
0.131572
0.113685
0.114232
0.109943
0.090217
0.092405
0.083070
0.070058
0.068495
0.065572
0.066855
0.067987
0.071953
0.076353
0.086756
0.085280
0.320859
0.356385
0.348516
0.291123
0.311859
0.302224
0.233758
0.225407
0.303778
0.284238
0.268943
0.260162
0.230338
0.237724
0.284794
0.202394
0.265131
0.208132
0.252169
0.218650
0.261905
0.262588
0.214749
0.210153
0.257191
0.249754
0.253361
0.243933
0.202557
0.207475
0.254991
0.252871
0.252752
0.239255
0.215213
0.199166
0.269421
0.265269
0.223527
0.196199
0.251782
0.098676
0.091403
0.095897
0.091131
0.091067
0.091020
0.108498
0.117206
0.117340
0.118102
0.121299
0.124420
0.126529
0.103239
0.101169
0.113172
0.110877
0.098202
0.109554
0.106474
0.093571
0.085617
0.085319
0.086004
0.077130
0.084929
0.084425
0.081437
0.077030
0.079133
0.077450
0.091648
0.089203
0.087977
0.082359
0.083983
0.093065
0.095617
0.096481
0.088802
0.114226
0.107499
0.106759
0.121137
0.126986
0.129656
0.124869
0.127952
0.106406
0.108563
0.105200
0.114714
0.130699
0.128033
0.142574
0.138045
0.148939
0.152324
0.102181
0.095854
0.120045
0.103861
0.094456
0.095138
0.088512
0.085260
0.080520
0.080461
0.084078
0.077495
0.072820
0.077226
0.079041
0.078955
0.080098
0.089307
0.092182
0.085705
0.084487
0.085517
0.081174
0.079397
0.085148
0.087668
0.088711
0.083969
0.090686
0.090027
0.095003
0.086483
0.084264
0.083587
0.085690
0.095932
0.099921
0.099668
0.156701
0.149771
0.146801
0.124961
0.112306
0.118783
0.139163
0.149091
0.165884
0.162130
0.168138
0.168516
0.154812
0.115213
0.100236
0.112189
0.115126
0.111876
0.129679
0.120120
0.137293
0.126774
0.115339
0.146348
0.148446
0.152921
0.136567
0.149841
0.150758
0.170114
0.157924
0.158594
0.163432
0.174625
0.165252
0.153287
0.170221
0.161378
0.152364
0.153198
0.150936
0.146362
0.147145
0.083672
0.079682
0.080477
0.084283
0.085185
0.082371
0.094470
0.095477
0.096952
0.109268
0.109919
0.118161
0.110687
0.117002
0.091677
0.093507
0.086541
0.082070
0.089269
0.077373
0.084687
0.086250
0.075942
0.071890
0.072515
0.071824
0.072731
0.084587
0.086800
0.124447
0.158676
0.155367
0.154355
0.151990
0.156249
0.154009
0.152467
0.123389
0.109017
0.081475
0.081514
0.083036
0.080556
0.080190
0.079051
0.080023
0.074156
0.078218
0.085357
0.081792
0.130328
0.139236
0.129491
0.125270
0.126252
0.126932
0.132099
0.081535
0.070615
0.073979
0.073267
0.070760
0.076665
0.074492
0.077714
0.092305
0.109171
0.120729
0.100181
0.090317
0.094566
0.110649
0.101572
0.135412
0.118220
0.145127
0.151695
0.155615
0.135490
0.133391
0.131196
0.141932
0.128797
0.145324
0.172191
0.160520
0.141150
0.162224
0.181908
0.195628
0.167759
0.186913
0.160256
0.186961
0.159961
0.233663
0.258301
0.238344
0.265029
0.285511
0.260017
0.107173
0.142189
0.118482
0.113564
0.107010
0.121955
0.134587
0.145847
0.152881
0.143075
0.154272
0.150835
0.158980
0.151562
0.153265
0.157248
0.151617
0.155570
0.145992
0.150414
0.153220
0.151219
0.152254
0.154451
0.153614
0.152738
0.153606
0.153147
0.153113
0.157192
0.155227
0.166309
0.179957
0.174282
0.175199
0.193395
0.185912
0.221070
0.223688
0.201648
0.153711
0.150060
0.145980
0.147825
0.138011
0.152626
0.140377
0.153566
0.186416
0.170218
0.163436
0.168091
0.173954
0.176445
0.175133
0.154876
0.157610
0.157719
0.159727
0.162251
0.203876
0.161735
0.161522
0.199067
0.150652
0.160522
0.179318
0.164460
0.184853
0.179976
0.218126
0.171517
0.163831
0.171805
0.184572
0.187328
0.197592
0.194824
0.202766
0.194686
0.217264
0.251086
0.256667
0.230291
0.275863
0.235963
0.222788
0.086022
0.077914
0.073067
0.075335
0.078465
0.087184
0.089286
0.080098
0.079603
0.079978
0.076430
0.075083
0.079949
0.096635
0.092299
0.098685
0.091995
0.091813
0.094329
0.097005
0.101071
0.102330
0.101865
0.099819
0.099117
0.099683
0.101739
0.093957
0.099029
0.096739
0.097337
0.096146
0.106208
0.106958
0.125248
0.114787
0.109580
0.097431
0.121414
0.145102
0.148043
0.143127
0.139737
0.111848
0.135557
0.152543
0.149845
0.155623
0.159270
0.189030
0.179713
0.163159
0.152031
0.149300
0.146745
0.148279
0.147998
0.153762
0.152792
0.150746
0.164924
0.153683
0.129220
0.129461
0.143729
0.148712
0.150196
0.143771
0.153143
0.151622
0.137708
0.138177
0.140227
0.141208
0.159510
0.155054
0.160140
0.153695
0.157619
0.168259
0.171817
0.172966
0.171586
0.169944
0.158506
0.158785
0.161887
0.164258
0.156886
0.159745
0.150019
0.143654
0.148852
0.135693
0.147939
0.156881
0.152945
0.149681
0.149377
0.152129
0.133409
0.126036
0.134380
0.137703
0.133215
0.126829
0.144456
0.145654
0.134146
0.132554
0.151932
0.138980
0.150922
0.148074
0.144871
0.144551
0.150689
0.143152
0.157301
0.155937
0.154297
0.155450
0.156024
0.156720
0.153005
0.161316
0.160598
0.161944
0.161393
0.161148
0.163153
0.165784
0.162827
0.156499
0.159079
0.160181
0.155896
0.150729
0.146982
0.150878
0.152887
0.149983
0.150083
0.146810
0.152226
0.149177
0.153340
0.150785
0.153841
0.149692
0.154099
0.126689
0.116537
0.146363
0.125368
0.119335
0.126750
0.112257
0.122955
0.085481
0.090835
0.090014
0.086157
0.099348
0.095923
0.104775
0.082793
0.080388
0.092589
0.084684
0.081794
0.084269
0.097504
0.120204
0.113266
0.123724
0.108096
0.130994
0.125378
0.103824
0.107975
0.109161
0.105662
0.106679
0.112556
0.106248
0.101116
0.118347
0.101043
0.109980
0.095223
0.118724
0.126517
0.121613
0.149110
0.146778
0.165573
0.149494
0.149314
0.151062
0.154497
0.133453
0.087811
0.082692
0.079346
0.079017
0.098587
0.082663
0.078451
0.080267
0.077404
0.079057
0.081359
0.093172
0.092732
0.111010
0.135546
0.134205
0.121623
0.125192
0.108840
0.111777
0.139273
0.152784
0.151144
0.151718
0.156164
0.156687
0.153317
0.149290
0.141662
0.096478
0.088588
0.080841
0.077080
0.084737
0.128420
0.115668
0.108022
0.121602
0.077225
0.076800
0.076781
0.085090
0.081280
0.067114
0.077425
0.075526
0.082968
0.083557
0.084406
0.158516
0.221328
0.249570
0.168982
0.259141
0.277067
0.216424
0.173238
0.222958
0.211493
0.248430
0.253064
0.187593
0.290846
0.278098
0.253294
0.205671
0.161280
0.226365
0.179651
0.200381
0.178625
0.230577
0.241870
0.314077
0.227929
0.237877
0.122618
0.107629
0.098524
0.103355
0.092728
0.095037
0.101993
0.094588
0.107696
0.096916
0.092825
0.102082
0.095195
0.091603
0.089783
0.091159
0.086375
0.098922
0.101998
0.127711
0.122400
0.100587
0.101849
0.107485
0.117451
0.132727
0.114313
0.142065
0.146944
0.149128
0.143146
0.144263
0.146718
0.141367
0.106866
0.140725
0.237678
0.275963
0.259115
0.240502
0.272305
0.224641
0.176218
0.183048
0.170073
0.178440
0.164528
0.180095
0.182672
0.152567
0.159703
0.160688
0.161440
0.154699
0.153206
0.155345
0.159877
0.167989
0.162954
0.200546
0.200150
0.163889
0.174678
0.161520
0.168960
0.155843
0.164079
0.163139
0.183865
0.163470
0.186912
0.199667
0.209160
0.156476
0.165221
0.155935
0.157661
0.145652
0.144003
0.152863
0.153403
0.151784
0.141228
0.156306
0.161264
0.160861
0.156157
0.163876
0.146139
0.132976
0.150304
0.139778
0.163714
0.170202
0.170568
0.154693
0.163403
0.156820
0.129053
0.113078
0.126878
0.125927
0.123292
0.123395
0.112353
0.117087
0.127889
0.118290
0.116926
0.123680
0.104814
0.097593
0.112939
0.117890
0.101928
0.103975
0.105541
0.097261
0.110772
0.125360
0.117280
0.094025
0.152364
0.137098
0.141252
0.121759
0.116764
0.113061
0.116087
0.084996
0.077177
0.098689
0.096781
0.093900
0.099751
0.108792
0.105944
0.097466
0.096542
0.125690
0.126285
0.112099
0.113557
0.133189
0.110139
0.148701
0.140999
0.140519
0.129017
0.126639
0.129682
0.128426
0.149566
0.144571
0.131865
0.128870
0.127939
0.136298
0.130861
0.093485
0.087932
0.087906
0.092757
0.115303
0.107185
0.099808
0.104446
0.110444
0.096954
0.085830
0.081086
0.079812
0.082670
0.077033
0.075584
0.078544
0.077622
0.068133
0.073788
0.109841
0.261176
0.226130
0.218056
0.228563
0.221841
0.262099
0.266196
0.202090
0.150755
0.127087
0.126399
0.127751
0.112828
0.113436
0.114408
0.104185
0.120799
0.115762
0.107372
0.117050
0.120714
0.118223
0.119276
0.122487
0.124142
0.119305
0.116600
0.105116
0.107429
0.118141
0.124181
0.125926
0.125084
0.149377
0.152398
0.147758
0.148291
0.142282
0.149042
0.146089
0.132848
0.143080
0.098781
0.112823
0.104218
0.118160
0.116025
0.126355
0.135758
0.126011
0.126638
0.128934
0.128792
0.136825
0.134803
0.138880
0.130606
0.127543
0.125346
0.118553
0.121044
0.097035
0.099725
0.107769
0.106910
0.104971
0.161991
0.174195
0.215946
0.179186
0.231377
0.197402
0.180534
0.191915
0.204009
0.201065
0.190447
0.185764
0.195625
0.174144
0.159255
0.153330
0.185462
0.199723
0.207814
0.173479
0.106811
0.097026
0.098222
0.089275
0.092639
0.091272
0.105263
0.095778
0.086270
0.088361
0.082107
0.078837
0.075305
0.083273
0.082835
0.083288
0.082649
0.077921
0.072539
0.074708
0.072664
0.097528
0.090243
0.087733
0.077298
0.073688
0.083915
0.082115
0.139212
0.143892
0.156744
0.168180
0.174975
0.145840
0.183519
0.163932
0.161763
0.146432
0.152924
0.167227
0.159186
0.156328
0.156346
0.159728
0.160723
0.161198
0.163621
0.164612
0.163024
0.152475
0.161894
0.187339
0.174609
0.167075
0.191554
0.127851
0.113631
0.104812
0.116399
0.101052
0.102873
0.104091
0.106337
0.104657
0.107272
0.104529
0.108356
0.102334
0.104047
0.109069
0.096006
0.101306
0.093751
0.113106
0.102277
0.118611
0.122598
0.124693
0.117226
0.110604
0.119397
0.114969
0.128454
0.094681
0.089863
0.096543
0.088400
0.081646
0.094372
0.096121
0.094548
0.100145
0.110223
0.106668
0.118024
0.128704
0.084192
0.092996
0.102394
0.098074
0.106136
0.102094
0.104329
0.112227
0.103951
0.096858
0.123147
0.120922
0.128906
0.129594
0.130306
0.124697
0.123881
0.126581
0.128220
0.123906
0.123485
0.129508
0.111932
0.120693
0.120695
0.121754
0.128315
0.122813
0.133401
0.135609
0.136945
0.155267
0.158773
0.172694
0.169101
0.171767
0.141512
0.145284
0.145889
0.129520
0.128591
0.132761
0.123533
0.119780
0.120828
0.126429
0.128089
0.130659
0.148016
0.142436
0.153939
0.153537
0.142526
0.148889
0.142581
0.152470
0.118163
0.120893
0.131341
0.131515
0.133955
0.135440
0.128686
0.124695
0.141171
0.145733
0.131648
0.128314
0.128475
0.144288
0.136014
0.137429
0.136172
0.137732
0.136887
0.141824
0.132813
0.137599
0.141665
0.147904
0.109770
0.121429
0.139510
0.179519
0.222442
0.138570
0.181070
0.234972
0.206428
0.176076
0.144998
0.150090
0.157919
0.156690
0.153335
0.152699
0.154361
0.156099
0.133287
0.158643
0.163195
0.132445
0.161514
0.175736
0.172335
0.174103
0.194770
0.164290
0.158807
0.147888
0.151337
0.159519
0.183071
0.178313
0.199901
0.141553
0.157517
0.168966
0.169290
0.155132
0.163494
0.172271
0.157948
0.139132
0.150847
0.135297
0.149050
0.156385
0.226688
0.235519
0.327850
0.320857
0.251008
0.282221
0.228374
0.240853
0.276184
0.316774
0.284350
0.343272
0.263306
0.239070
0.233783
0.233229
0.365349
0.288897
0.258388
0.214971
0.282273
0.260050
0.193502
0.174802
0.235565
0.235088
0.173291
0.219105
0.177454
0.219961
0.251859
0.215912
0.219139
0.265794
0.295257
0.270139
0.296872
0.299275
0.326578
0.296570
0.296223
0.291304
0.276431
0.305120
0.127549
0.095000
0.092193
0.095801
0.094947
0.102703
0.092271
0.090895
0.088873
0.096139
0.101415
0.164972
0.225459
0.211150
0.196823
0.226322
0.180290
0.157851
0.125065
0.105796
0.115949
0.089067
0.106046
0.098736
0.131837
0.101942
0.127073
0.152748
0.167580
0.167988
0.151521
0.157437
0.159981
0.166210
0.156529
0.150113
0.139214
0.161698
0.179829
0.203756
0.174269
0.160802
0.136548
0.162961
0.231680
0.229379
0.179052
0.193078
0.211609
0.222796
0.256182
0.248170
0.259831
0.198478
0.218090
0.144439
0.162185
0.222924
0.153317
0.206578
0.262198
0.188728
0.307208
0.213675
0.209592
0.275969
0.161336
0.169886
0.217242
0.275775
0.229401
0.250792
0.198595
0.236218
0.174275
0.175632
0.168799
0.167584
0.183763
0.191740
0.195211
0.189674
0.174284
0.226998
0.175709
0.175984
0.189132
0.168806
0.170911
0.176881
0.199342
0.159070
0.194999
0.146285
0.129183
0.128095
0.123000
0.146560
0.132736
0.122597
0.106518
0.137900
0.148360
0.155959
0.152537
0.151173
0.147958
0.146736
0.149484
0.122529
0.155003
0.164065
0.160368
0.162410
0.175058
0.161144
0.161148
0.175570
0.348334
0.344059
0.318776
0.257225
0.278398
0.262305
0.265598
0.271154
0.131531
0.119921
0.116406
0.171536
0.115928
0.112500
0.128629
0.152239
0.136287
0.136796
0.136141
0.127638
0.142415
0.190858
0.317613
0.327400
0.311351
0.141863
0.142999
0.146361
0.166263
0.135269
0.148366
0.124893
0.144385
0.100038
0.118361
0.098598
0.100645
0.109800
0.131587
0.140696
0.141280
0.143730
0.143380
0.131388
0.113731
0.120327
0.124575
0.104022
0.104593
0.121158
0.112252
0.091040
0.100979
0.098604
0.107169
0.104610
0.113823
0.117241
0.110138
0.107266
0.110115
0.115776
0.114877
0.114852
0.134153
0.127321
0.118323
0.126657
0.123489
0.112814
0.112459
0.117469
0.105491
0.106228
0.105588
0.104873
0.114045
0.119441
0.108260
0.103220
0.151495
0.143549
0.150996
0.148146
0.147198
0.142571
0.152871
0.149357
0.150257
0.160925
0.159376
0.173209
0.161370
0.186810
0.185006
0.170065
0.175058
0.158573
0.172551
0.200737
0.207262
0.209690
0.183464
0.194890
0.206486
0.203438
0.220038
0.207744
0.194451
0.178251
0.194610
0.187654
0.164711
0.152706
0.156637
0.156324
0.163892
0.173613
0.156810
0.186811
0.189363
0.164977
0.205713
0.184371
0.184260
0.182288
0.167694
0.167557
0.182172
0.178924
0.161817
0.217365
0.221004
0.211664
0.284313
0.272631
0.265763
0.169210
0.180214
0.149487
0.115574
0.131949
0.152349
0.145842
0.148818
0.138919
0.140366
0.114660
0.106370
0.131258
0.153595
0.145072
0.162976
0.171051
0.179406
0.151145
0.159419
0.133998
0.160290
0.147133
0.165921
0.160807
0.166960
0.166507
0.176661
0.165578
0.165249
0.149650
0.154556
0.156273
0.167323
0.154710
0.164456
0.199246
0.261026
0.235590
0.199577
0.245599
0.251687
0.237206
0.161501
0.152344
0.153927
0.136440
0.145750
0.114190
0.121553
0.091586
0.101465
0.122258
0.113890
0.114962
0.150494
0.123782
0.111396
0.105974
0.112317
0.118023
0.134560
0.107620
0.147576
0.147812
0.166358
0.172053
0.148692
0.138857
0.112998
0.120020
0.116134
0.150991
0.145902
0.113831
0.113812
0.115515
0.140219
0.137127
0.145933
0.140880
0.149774
0.145822
0.159738
0.145371
0.135530
0.135899
0.144283
0.149859
0.140813
0.156080
0.154541
0.192824
0.149012
0.095583
0.099494
0.124973
0.155292
0.156372
0.136144
0.253549
0.256943
0.277846
0.277184
0.178053
0.187648
0.193078
0.223381
0.123871
0.155065
0.202571
0.226625
0.210459
0.195707
0.229747
0.211994
0.255796
0.254443
0.249541
0.267878
0.257275
0.255085
0.246778
0.219697
0.193491
0.193297
0.221477
0.173556
0.154863
0.153673
0.125380
0.126693
0.081824
0.088656
0.166657
0.156777
0.169395
0.160998
0.179271
0.178241
0.184202
0.177772
0.179748
0.110752
0.110207
0.120981
0.096302
0.098773
0.099565
0.104931
0.107333
0.102708
0.104831
0.118598
0.113646
0.156809
0.158268
0.155473
0.156246
0.158766
0.153490
0.156419
0.158645
0.164367
0.162871
0.183006
0.176584
0.156345
0.146815
0.150552
0.148886
0.135688
0.154669
0.174601
0.178388
0.173879
0.156934
0.153191
0.144026
0.145343
0.146149
0.149561
0.151464
0.152937
0.154890
0.180174
0.100007
0.091809
0.098900
0.086725
0.075184
0.073149
0.078052
0.080585
0.084694
0.124463
0.099564
0.132399
0.122580
0.121564
0.132051
0.094943
0.091246
0.090748
0.127089
0.119720
0.111919
0.103810
0.097616
0.086377
0.088521
0.091643
0.098385
0.093713
0.100874
0.095277
0.093866
0.099543
0.107044
0.113536
0.110909
0.092412
0.108128
0.110739
0.115042
0.112527
0.122764
0.103956
0.111059
0.078203
0.073263
0.074584
0.073573
0.068107
0.072605
0.074833
0.078803
0.088204
0.084620
0.087110
0.083071
0.077139
0.085932
0.090889
0.070070
0.079716
0.082876
0.084644
0.080134
0.095015
0.090666
0.096876
0.092976
0.096803
0.102321
0.088682
0.108359
0.109303
0.110128
0.107252
0.109917
0.105893
0.105172
0.099500
0.133187
0.145495
0.140294
0.137102
0.144674
0.151258
0.151186
0.151557
0.147229
0.147032
0.151358
0.147210
0.143824
0.152334
0.154013
0.153387
0.155367
0.153590
0.152314
0.154368
0.151286
0.155380
0.149333
0.155523
0.155200
0.153539
0.148932
0.152525
0.153989
0.153113
0.145347
0.154373
0.155497
0.151626
0.152180
0.153588
0.153911
0.152429
0.153000
0.146656
0.151082
0.149234
0.151706
0.151741
0.148610
0.148398
0.151044
0.141363
0.123492
0.131213
0.134133
0.133062
0.125987
0.127813
0.115007
0.129449
0.103334
0.109667
0.093596
0.096147
0.116426
0.107509
0.107500
0.102650
0.109392
0.113702
0.113116
0.125801
0.117008
0.122161
0.151987
0.152315
0.155968
0.148166
0.151575
0.151623
0.153871
0.151971
0.152346
0.152556
0.152295
0.154737
0.156545
0.154994
0.153141
0.151443
0.153049
0.154347
0.159515
0.154658
0.157182
0.156947
0.152360
0.152748
0.150278
0.151444
0.140508
0.151793
0.150918
0.154374
0.156552
0.149807
0.152928
0.154981
0.162712
0.160090
0.156827
0.160120
0.160195
0.159415
0.157809
0.160126
0.130535
0.108158
0.096869
0.104882
0.097749
0.075716
0.083306
0.095106
0.076884
0.084566
0.083823
0.077886
0.102072
0.106385
0.098097
0.099677
0.112502
0.105611
0.110635
0.117932
0.081406
0.080089
0.089292
0.087617
0.084482
0.098344
0.099984
0.092929
0.132769
0.138445
0.119703
0.120761
0.143244
0.141425
0.141546
0.141164
0.142661
0.142857
0.142103
0.143188
0.148483
0.152284
0.149820
0.141145
0.137906
0.134951
0.136869
0.148841
0.132969
0.125736
0.130047
0.121002
0.125605
0.117247
0.121408
0.126176
0.131604
0.131723
0.132859
0.110048
0.104661
0.109995
0.100130
0.103873
0.101596
0.125363
0.133799
0.122431
0.116719
0.116496
0.108655
0.103755
0.106389
0.100869
0.101306
0.095951
0.098420
0.094119
0.086022
0.090534
0.098994
0.098632
0.101834
0.095980
0.090907
0.089967
0.083087
0.081056
0.084408
0.090159
0.085625
0.082974
0.079807
0.090782
0.088308
0.087078
0.091723
0.083150
0.086998
0.105225
0.099052
0.108254
0.112347
0.105335
0.115043
0.112656
0.102736
0.110766
0.110177
0.112712
0.114075
0.105510
0.111960
0.108562
0.110784
0.142202
0.143582
0.140325
0.143105
0.144753
0.139776
0.143478
0.143525
0.139325
0.142598
0.146690
0.145069
0.139600
0.136338
0.138944
0.142347
0.147175
0.149895
0.144197
0.137555
0.138671
0.142891
0.138471
0.132963
0.135625
0.142983
0.129965
0.137257
0.137248
0.139313
0.140348
0.140006
0.140206
0.144532
0.140520
0.140889
0.137214
0.137605
0.140598
0.135440
0.136477
0.083766
0.090560
0.081169
0.077519
0.095069
0.073672
0.077618
0.087920
0.062958
0.058831
0.064937
0.061087
0.065811
0.071315
0.068005
0.062681
0.071312
0.064708
0.066914
0.076564
0.069425
0.064997
0.062117
0.060975
0.071717
0.075250
0.067887
0.068430
0.077310
0.082610
0.071610
0.080780
0.138636
0.147841
0.153487
0.154669
0.138765
0.147051
0.141320
0.140394
0.143763
0.151426
0.154147
0.168074
0.153482
0.144014
0.140803
0.123464
0.128884
0.154252
0.134218
0.167409
0.126798
0.153068
0.119369
0.108571
0.105876
0.095211
0.140133
0.117028
0.106975
0.097045
0.085686
0.094071
0.094513
0.109130
0.128163
0.120266
0.120638
0.110332
0.111839
0.109647
0.113310
0.107188
0.111812
0.110727
0.107428
0.110356
0.117268
0.112246
0.113513
0.110727
0.114857
0.104741
0.104437
0.108625
0.109209
0.112251
0.117163
0.124359
0.123490
0.119427
0.144952
0.115063
0.129424
0.117837
0.121688
0.118021
0.104227
0.135335
0.141312
0.142144
0.155765
0.156423
0.152620
0.143355
0.144723
0.142782
0.144789
0.155445
0.154787
0.154557
0.152925
0.142697
0.142299
0.132970
0.135850
0.149477
0.143496
0.145654
0.161404
0.132675
0.130885
0.151061
0.151645
0.153279
0.153193
0.153736
0.154860
0.154496
0.145428
0.141232
0.143323
0.133485
0.156465
0.165484
0.156329
0.141191
0.091373
0.091348
0.071746
0.073778
0.125711
0.092302
0.080205
0.101345
0.084943
0.073262
0.072623
0.078049
0.062886
0.058187
0.059565
0.060296
0.065991
0.063774
0.069360
0.070530
0.091433
0.091595
0.078095
0.078230
0.086485
0.080646
0.078500
0.088532
0.071414
0.067250
0.063536
0.074535
0.120761
0.132054
0.125722
0.131661
0.128093
0.117721
0.122394
0.121473
0.124799
0.123792
0.123164
0.127191
0.127834
0.128670
0.125563
0.128336
0.121549
0.126668
0.120970
0.123483
0.115739
0.117625
0.129322
0.124860
0.117732
0.119004
0.120653
0.126608
0.117608
0.117771
0.117984
0.119715
0.118527
0.121177
0.120866
0.123018
0.124581
0.145969
0.118369
0.118324
0.116401
0.124242
0.125445
0.118681
0.122658
0.118856
0.108621
0.129186
0.105882
0.136103
0.118670
0.115201
0.117089
0.116104
0.118359
0.122664
0.100612
0.121400
0.102080
0.112043
0.126144
0.138219
0.131584
0.125095
0.129690
0.133704
0.133238
0.134891
0.135366
0.116532
0.111109
0.108730
0.111310
0.137264
0.138828
0.123892
0.141078
0.133616
0.127431
0.138272
0.134022
0.124098
0.126097
0.138797
0.146786
0.140528
0.132833
0.143597
0.152378
0.152723
0.149474
0.142242
0.132084
0.121910
0.094974
0.087479
0.077346
0.082287
0.111398
0.099384
0.086809
0.093072
0.083456
0.072634
0.079300
0.081560
0.071311
0.071265
0.067884
0.068667
0.060946
0.063636
0.063675
0.060708
0.080443
0.082989
0.074227
0.073378
0.077387
0.073221
0.073806
0.082841
0.067255
0.063929
0.067357
0.067817
0.089379
0.095754
0.093033
0.092542
0.108663
0.095643
0.097497
0.104630
0.092570
0.088251
0.105029
0.093755
0.090930
0.077673
0.078445
0.082227
0.091153
0.092293
0.083296
0.085098
0.091862
0.091582
0.099982
0.090347
0.090772
0.085124
0.092362
0.095793
0.092691
0.094581
0.092638
0.095544
0.093956
0.091510
0.104047
0.109227
0.102230
0.097164
0.096351
0.117992
0.121278
0.118059
0.121329
0.119297
0.108367
0.117010
0.123948
0.122212
0.126824
0.123032
0.110694
0.107900
0.116285
0.137656
0.146128
0.147712
0.148971
0.128365
0.135856
0.147309
0.150177
0.147797
0.142726
0.136947
0.134355
0.141718
0.125384
0.122111
0.135916
0.142471
0.144265
0.150929
0.149855
0.151314
0.139243
0.134794
0.145729
0.157332
0.158497
0.155061
0.163536
0.151606
0.152699
0.148300
0.152319
0.152867
0.160215
0.223173
0.214833
0.232752
0.207275
0.174604
0.179786
0.178422
0.204406
0.216090
0.207888
0.190561
0.181122
0.191980
0.172935
0.183303
0.182402
0.182593
0.156545
0.160354
0.173706
0.152083
0.160452
0.157903
0.160744
0.158742
0.166242
0.157063
0.170565
0.177102
0.174183
0.167052
0.190826
0.181059
0.160588
0.167231
0.166385
0.157882
0.159072
0.197776
0.194453
0.208878
0.200818
0.168193
0.150603
0.158463
0.178496
0.176353
0.179311
0.154536
0.158929
0.160952
0.155184
0.151919
0.143237
0.148409
0.130553
0.135220
0.138958
0.153735
0.152500
0.151457
0.150578
0.156971
0.154483
0.152844
0.157950
0.148657
0.146716
0.102137
0.106028
0.104419
0.096312
0.124697
0.119729
0.110823
0.119084
0.143198
0.132123
0.121785
0.124963
0.095405
0.091905
0.104297
0.109287
0.122760
0.113923
0.130724
0.161559
0.154813
0.146164
0.159787
0.150709
0.153808
0.162021
0.159390
0.159914
0.153307
0.154237
0.153679
0.151135
0.165881
0.161966
0.160262
0.159403
0.169270
0.164202
0.156779
0.159630
0.119924
0.147400
0.154287
0.115774
0.148821
0.152140
0.117896
0.162435
0.159192
0.160303
0.162175
0.161564
0.156066
0.152607
0.154380
0.119641
0.124442
0.148635
0.151591
0.142405
0.141844
0.150204
0.144874
0.157146
0.155264
0.146185
0.150911
0.146385
0.150076
0.150508
0.152746
0.152467
0.154367
0.134032
0.142173
0.140640
0.137435
0.143104
0.151756
0.149509
0.148813
0.149474
0.142633
0.148170
0.151856
0.153074
0.157866
0.157111
0.161150
0.159507
0.152857
0.158294
0.159335
0.161188
0.162332
0.156198
0.148061
0.153313
0.153993
0.160950
0.159692
0.157462
0.168061
0.161273
0.157621
0.153462
0.156841
0.151649
0.154552
0.149289
0.148973
0.147495
0.153699
0.152965
0.146209
0.150226
0.149941
0.150437
0.142442
0.135758
0.123575
0.137262
0.148221
0.130692
0.118901
0.104463
0.110773
0.112246
0.109929
0.118417
0.152267
0.150569
0.150579
0.154846
0.157402
0.152554
0.152244
0.154953
0.143401
0.154326
0.144903
0.147191
0.153526
0.153150
0.151275
0.131982
0.137357
0.128185
0.141873
0.144629
0.132288
0.110608
0.105398
0.122475
0.119845
0.118285
0.127715
0.113055
0.114144
0.123843
0.122142
0.114075
0.113412
0.135229
0.123867
0.127418
0.121196
0.120405
0.126514
0.100881
0.095301
0.106794
0.110185
0.137960
0.137417
0.140805
0.145920
0.148795
0.152914
0.150383
0.152771
0.130181
0.135004
0.112930
0.115384
0.125733
0.110643
0.125428
0.127867
0.131790
0.130129
0.127964
0.127841
0.106478
0.128199
0.131597
0.138545
0.125241
0.126769
0.129527
0.119474
0.094624
0.121539
0.121407
0.128786
0.115734
0.120756
0.118447
0.094254
0.110398
0.111101
0.101105
0.121832
0.119598
0.123411
0.123828
0.120994
0.114202
0.122891
0.118179
0.082603
0.095945
0.113385
0.094627
0.130985
0.123321
0.123957
0.117499
0.084953
0.079870
0.094103
0.088582
0.062057
0.090647
0.096834
0.073292
0.116441
0.106284
0.109134
0.114859
0.135486
0.135636
0.132054
0.137004
0.139569
0.145652
0.142013
0.145879
0.142128
0.139916
0.115786
0.126882
0.131581
0.139867
0.139678
0.135081
0.125478
0.125783
0.137824
0.148698
0.134467
0.134008
0.130293
0.078819
0.069802
0.076214
0.067491
0.046233
0.059087
0.064591
0.058670
0.078469
0.074753
0.082273
0.076978
0.064083
0.068266
0.071744
0.058546
0.042331
0.051992
0.065655
0.052115
0.062020
0.060791
0.068085
0.072516
0.121481
0.130751
0.125948
0.123327
0.140970
0.148642
0.128177
0.114849
0.130085
0.123583
0.138251
0.104046
0.129161
0.125446
0.134571
0.144941
0.129996
0.122412
0.092545
0.113096
0.124813
0.122986
0.126057
0.122436
0.123076
0.121400
0.125390
0.090496
0.101717
0.100725
0.107347
0.127790
0.125502
0.127494
0.121809
0.118956
0.119878
0.120969
0.118720
0.078184
0.089634
0.110619
0.106226
0.121911
0.126988
0.119424
0.108219
0.109669
0.108867
0.105976
0.096099
0.056755
0.061589
0.094530
0.090461
0.092235
0.094751
0.097919
0.084539
0.138897
0.139597
0.114569
0.124595
0.143096
0.143059
0.152358
0.133789
0.133167
0.115509
0.131084
0.139138
0.148437
0.148437
0.122469
0.132292
0.139476
0.142902
0.152234
0.134224
0.077872
0.071720
0.075448
0.063045
0.042836
0.050762
0.058684
0.057356
0.067562
0.068237
0.069897
0.063411
0.056917
0.064979
0.069850
0.060666
0.040381
0.053383
0.058843
0.050411
0.064165
0.065328
0.072225
0.074057
0.102609
0.090597
0.089345
0.080660
0.108407
0.093890
0.102780
0.118099
0.102930
0.107307
0.120488
0.092930
0.096252
0.104008
0.077171
0.073233
0.077306
0.080975
0.082350
0.086894
0.082464
0.115443
0.117642
0.101450
0.104684
0.123131
0.111798
0.101831
0.101527
0.099467
0.116510
0.124927
0.117040
0.111598
0.115425
0.114475
0.136911
0.101682
0.118870
0.110026
0.091183
0.107975
0.127260
0.112178
0.118925
0.107222
0.091541
0.100795
0.134553
0.109882
0.140692
0.116374
0.106229
0.120146
0.125692
0.130831
0.158371
0.154662
0.135191
0.138425
0.128710
0.126027
0.140256
0.125595
0.118370
0.129525
0.137853
0.138828
0.142836
0.145056
0.151810
0.145172
0.120267
0.152065
0.151164
0.128146
0.146624
0.167881
0.201858
0.169499
0.184263
0.186949
0.226357
0.192010
0.204793
0.201946
0.188649
0.183212
0.166713
0.178038
0.176896
0.135383
0.151034
0.163894
0.152847
0.151894
0.128674
0.150996
0.142878
0.132628
0.134816
0.110733
0.125107
0.169945
0.141279
0.130353
0.106942
0.113531
0.112498
0.117492
0.152545
0.153791
0.136483
0.149544
0.122652
0.117768
0.107570
0.117415
0.124615
0.131791
0.096325
0.113678
0.116422
0.142267
0.115434
0.139326
0.134384
0.129496
0.124942
0.119117
0.125180
0.104133
0.116097
0.135879
0.132398
0.132237
0.116664
0.116469
0.126511
0.097466
0.092558
0.095650
0.096276
0.096409
0.094815
0.117431
0.123300
0.111645
0.112180
0.118711
0.115949
0.105225
0.126633
0.088946
0.092065
0.099018
0.118162
0.107823
0.111320
0.129134
0.146935
0.143227
0.121035
0.128265
0.120236
0.129118
0.144803
0.207586
0.163186
0.144400
0.149393
0.158156
0.157055
0.163032
0.146611
0.121684
0.111012
0.111482
0.109054
0.100738
0.097958
0.101295
0.121820
0.097419
0.093761
0.094573
0.129797
0.108495
0.108770
0.117089
0.178242
0.125523
0.125383
0.131303
0.132010
0.137843
0.133356
0.137079
0.144150
0.131433
0.128798
0.125750
0.124696
0.117830
0.125220
0.118419
0.117457
0.113254
0.115178
0.119175
0.123424
0.138688
0.120723
0.113519
0.115888
0.109682
0.082512
0.093965
0.089502
0.100161
0.098026
0.146270
0.104433
0.103402
0.102406
0.105908
0.090537
0.095514
0.167819
0.135234
0.151217
0.146917
0.139685
0.150137
0.135022
0.109558
0.111567
0.118846
0.130795
0.100060
0.096910
0.098729
0.103742
0.131174
0.122218
0.126228
0.121882
0.134167
0.129891
0.113397
0.118545
0.117609
0.110200
0.119653
0.119565
0.126649
0.128793
0.132900
0.128862
0.132010
0.129803
0.100414
0.089215
0.105643
0.088811
0.089155
0.136043
0.137121
0.128104
0.125448
0.110498
0.130887
0.086862
0.084913
0.090779
0.090011
0.097103
0.124345
0.097163
0.134621
0.108023
0.091310
0.090241
0.095197
0.096992
0.115284
0.119662
0.101763
0.102881
0.122888
0.126321
0.127363
0.124712
0.128423
0.106304
0.109064
0.126728
0.118125
0.101166
0.097649
0.100233
0.144727
0.125669
0.104511
0.106830
0.109259
0.110980
0.142455
0.127471
0.133469
0.131456
0.131129
0.128989
0.128923
0.112057
0.111830
0.097828
0.110807
0.130640
0.117763
0.094817
0.083066
0.077512
0.085814
0.137347
0.109505
0.123808
0.098056
0.085289
0.090026
0.095566
0.084382
0.125779
0.127101
0.107387
0.118603
0.122993
0.111080
0.089116
0.079902
0.101132
0.084345
0.099987
0.120082
0.116684
0.112985
0.113441
0.113164
0.108498
0.110438
0.109088
0.108591
0.106411
0.110621
0.112903
0.113874
0.130821
0.115382
0.114620
0.115765
0.103192
0.104745
0.099715
0.118755
0.117459
0.109626
0.084111
0.094174
0.110918
0.109692
0.114409
0.112585
0.114744
0.113413
0.123116
0.118861
0.106704
0.108956
0.106059
0.100527
0.103484
0.109711
0.124839
0.127171
0.117597
0.115616
0.124176
0.095911
0.115484
0.118106
0.113909
0.112617
0.131156
0.128171
0.124113
0.125683
0.129107
0.126779
0.121770
0.104156
0.105156
0.105517
0.113530
0.120961
0.125014
0.116330
0.116802
0.114495
0.112072
0.111142
0.117053
0.110713
0.114520
0.109903
0.114535
0.115827
0.099440
0.102753
0.106984
0.098080
0.103296
0.097372
0.104453
0.097219
0.097128
0.098602
0.133206
0.117016
0.121033
0.114609
0.100871
0.099401
0.104006
0.114419
0.105409
0.116048
0.114611
0.134576
0.148832
0.148595
0.128497
0.131141
0.121273
0.131241
0.117765
0.108637
0.122616
0.107331
0.103838
0.106662
0.108405
0.107597
0.111496
0.139165
0.136392
0.147345
0.130400
0.140757
0.141129
0.131535
0.134687
0.136464
0.144394
0.146313
0.154809
0.153850
0.138637
0.147473
0.144368
0.149004
0.146415
0.156901
0.152851
0.149806
0.148628
0.152802
0.150878
0.148839
0.148557
0.137658
0.133234
0.142590
0.144166
0.122210
0.115820
0.153701
0.147068
0.143150
0.142090
0.129892
0.130350
0.131864
0.122412
0.154596
0.154787
0.153867
0.135229
0.135347
0.124611
0.108338
0.139566
0.138598
0.135194
0.177558
0.199046
0.192788
0.166204
0.156499
0.149584
0.165911
0.221310
0.142286
0.154801
0.197068
0.198568
0.191236
0.215061
0.167191
0.193895
0.195921
0.152541
0.168452
0.213461
0.234528
0.202042
0.182322
0.150135
0.231676
0.189225
0.202643
0.171671
0.200501
0.212645
0.185069
0.220492
0.210266
0.160666
0.196274
0.158503
0.206464
0.228838
0.260665
0.196206
0.202057
0.175425
0.234911
0.230146
0.177584
0.197447
0.193775
0.190562
0.210139
0.204253
0.211402
0.184951
0.226584
0.225426
0.174694
0.215476
0.228583
0.197116
0.232419
0.176977
0.225231
0.162980
0.204300
0.224525
0.168196
0.200030
0.203641
0.214610
0.166926
0.199543
0.183221
0.184122
0.195943
0.225873
0.228575
0.199682
0.245533
0.174079
0.187983
0.173431
0.187168
0.203115
0.177713
0.159271
0.165245
0.181343
0.170409
0.147982
0.157989
0.157639
0.193135
0.185422
0.167486
0.144669
0.159492
0.158127
0.148261
0.164427
0.163800
0.168373
0.171068
0.165822
0.148976
0.163785
0.145970
0.119546
0.150499
0.139279
0.132047
0.118621
0.120203
0.104252
0.102468
0.109584
0.116396
0.145764
0.150311
0.138993
0.131703
0.149868
0.151141
0.121990
0.122914
0.117961
0.116043
0.139898
0.137597
0.130064
0.122742
0.127180
0.095543
0.091536
0.081066
0.083200
0.116113
0.103522
0.110184
0.136356
0.115744
0.113573
0.093630
0.155258
0.180701
0.125873
0.154919
0.145861
0.159987
0.190958
0.171523
0.141392
0.177026
0.145975
0.181345
0.158558
0.160253
0.166838
0.152274
0.147413
0.146899
0.155303
0.152157
0.171133
0.151043
0.229238
0.174152
0.148355
0.162461
0.152784
0.210166
0.212775
0.205092
0.234576
0.186774
0.185429
0.195412
0.162427
0.187979
0.188036
0.160084
0.184018
0.143273
0.156892
0.162146
0.204091
0.210683
0.159775
0.211408
0.157514
0.151524
0.196339
0.139480
0.136665
0.122407
0.097132
0.112775
0.079927
0.093547
0.110841
0.100993
0.152831
0.157124
0.117671
0.108655
0.115671
0.109466
0.089662
0.080454
0.080597
0.122816
0.109986
0.133739
0.106612
0.104312
0.075133
0.082101
0.097720
0.211307
0.174254
0.219373
0.182234
0.172280
0.169355
0.191047
0.199732
0.217676
0.165092
0.207813
0.217155
0.229149
0.154421
0.205826
0.173037
0.156548
0.175380
0.169948
0.185341
0.186105
0.184247
0.154615
0.153559
0.159358
0.172725
0.146780
0.141486
0.141802
0.135754
0.149312
0.144516
0.075604
0.114310
0.094356
0.085256
0.076722
0.110643
0.117378
0.220609
0.171997
0.234279
0.228955
0.198025
0.240413
0.193408
0.196301
0.198228
0.257708
0.239884
0.244536
0.202119
0.162603
0.187255
0.270693
0.189080
0.223471
0.127862
0.122405
0.119696
0.128342
0.150101
0.152338
0.151078
0.141180
0.139288
0.153248
0.154968
0.152506
0.141962
0.150232
0.157211
0.157159
0.155070
0.170503
0.170742
0.173027