0.020223
0.020744
0.022936
0.012494
0.018050
0.017897
0.018422
0.012024
0.019788
0.023322
0.058135
0.052552
0.024044
0.021348
0.021558
0.050268
0.020010
0.011176
0.013452
0.184366
0.187161
0.161849
0.181915
0.164224
0.190458
0.121869
0.128128
0.086311
0.071001
0.116767
0.070914
0.062844
0.045592
0.058315
0.114178
0.061259
0.053772
0.061844
0.061849
0.051117
0.045372
0.051836
0.034720
0.032483
0.031916
0.041104
0.131459
0.189389
0.206214
0.124579
0.065246
0.058292
0.103394
0.091632
0.062080
0.065174
0.123058
0.180552
0.186451
0.218876
0.191823
0.224191
0.228634
0.175828
0.165846
0.221849
0.169648
0.037104
0.038290
0.040525
0.031713
0.042326
0.040950
0.028884
0.027275
0.035630
0.051271
0.105218
0.097469
0.050791
0.089443
0.045530
0.110402
0.047867
0.045493
0.097319
0.037221
0.034498
0.027912
0.028560
0.027572
0.026515
0.040947
0.019959
0.057049
0.020539
0.016851
0.018470
0.061684
0.063026
0.021328
0.020993
0.017929
0.012142
0.008434
0.008675
0.008849
0.008140
0.010280
0.016642
0.009141
0.008016
0.011838
0.210930
0.174089
0.195513
0.213018
0.195224
0.243580
0.221127
0.057375
0.051540
0.053075
0.050661
0.115269
0.057712
0.101714
0.057350
0.108081
0.055850
0.057708
0.098960
0.042315
0.045349
0.031910
0.033574
0.044599
0.075640
0.088729
0.049035
0.114862
0.054243
0.189487
0.230168
0.137831
0.068538
0.118287
0.199827
0.170838
0.234398
0.153440
0.183016
0.159823
0.120352
0.111428
0.067432
0.060061
0.092489
0.053026
0.039776
0.037842
0.036014
0.091491
0.115712
0.054119
0.048194
0.048932
0.033958
0.028463
0.028599
0.028450
0.027904
0.027931
0.061933
0.066632
0.025588
0.021505
0.062762
0.022817
0.022660
0.012963
0.019999
0.059745
0.059334
0.024397
0.023982
0.020880
0.014801
0.010462
0.010428
0.010868
0.010187
0.011106
0.017519
0.010223
0.009862
0.009550
0.012727
0.154035
0.156244
0.163883
0.159476
0.158770
0.160970
0.064220
0.061107
0.060759
0.060675
0.044571
0.055805
0.105414
0.065090
0.102922
0.060844
0.107958
0.057262
0.059298
0.097603
0.043959
0.047093
0.032295
0.031935
0.033952
0.033822
0.040440
0.065257
0.076728
0.045890
0.094933
0.105726
0.056210
0.112938
0.178825
0.183851
0.191009
0.121302
0.112277
0.093836
0.043965
0.060726
0.106376
0.195852
0.157583
0.169814
0.153275
0.160599
0.189250
0.150395
0.115526
0.062840
0.063317
0.098369
0.045836
0.042882
0.039585
0.086188
0.033175
0.029920
0.041087
0.034398
0.028597
0.029561
0.030010
0.038183
0.030178
0.030013
0.030080
0.037842
0.028912
0.049421
0.107690
0.090719
0.040626
0.010640
0.010489
0.010842
0.009975
0.015509
0.015298
0.016684
0.009169
0.019544
0.020263
0.048388
0.044951
0.020634
0.048304
0.020902
0.048415
0.022070
0.022181
0.060064
0.018223
0.023408
0.011409
0.011805
0.010417
0.013238
0.163362
0.191173
0.180219
0.199901
0.233803
0.170334
0.194155
0.225098
0.068957
0.118817
0.052342
0.074272
0.052194
0.039308
0.036655
0.031635
0.034983
0.047860
0.054832
0.061645
0.091233
0.091706
0.061854
0.176157
0.136577
0.177172
0.113302
0.142138
0.112783
0.110284
0.056214
0.053315
0.082318
0.074645
0.054088
0.098779
0.047926
0.040836
0.080656
0.090242
0.160894
0.171388
0.210835
0.149596
0.156916
0.146507
0.182680
0.196510
0.147246
0.042077
0.043575
0.045603
0.044926
0.027888
0.036953
0.052148
0.107601
0.085972
0.051714
0.087956
0.049380
0.101079
0.056090
0.050466
0.092396
0.044615
0.034157
0.039270
0.026243
0.006290
0.008172
0.005876
0.008705
0.011584
0.008838
0.007892
0.012267
0.010261
0.016537
0.027902
0.014346
0.039946
0.016521
0.018452
0.061172
0.014051
0.008844
0.008961
0.018527
0.013227
0.013112
0.017470
0.011683
0.010556
0.015288
0.018475
0.012141
0.008979
0.008880
0.008946
0.008493
0.009700
0.009512
0.012923
0.010010
0.011067
0.018561
0.014250
0.028235
0.033916
0.018035
0.017167
0.041156
0.045532
0.032994
0.035868
0.044047
0.033950
0.035065
0.037690
0.037448
0.041388
0.045971
0.087501
0.093416
0.050711
0.045667
0.084943
0.050207
0.104704
0.093660
0.050061
0.047501
0.037072
0.041522
0.048830
0.035782
0.040561
0.042593
0.044714
0.045769
0.035340
0.034770
0.036994
0.036675
0.040184
0.045488
0.080368
0.091777
0.050201
0.044827
0.082547
0.047308
0.094299
0.112943
0.046582
0.043740
0.029446
0.028699
0.030436
0.027699
0.030395
0.031952
0.033744
0.029632
0.033862
0.031540
0.032136
0.034837
0.033358
0.036884
0.034466
0.062622
0.039744
0.034779
0.034393
0.041306
0.038507
0.038356
0.032714
0.037752
0.029290
0.021201
0.032955
0.042962
0.018073
0.034936
0.063514
0.031413
0.016425
0.020181
0.029211
0.029823
0.031358
0.030793
0.030505
0.042130
0.033879
0.054414
0.089917
0.046684
0.018312
0.022843
0.025246
0.017274
0.026219
0.030811
0.032885
0.020661
0.035332
0.029324
0.039815
0.037001
0.042406
0.063792
0.044815
0.036421
0.023426
0.023081
0.035228
0.057754
0.040102
0.062719
0.094132
0.030149
0.052454
0.111983
0.088238
0.023827
0.015259
0.025973
0.034239
0.033805
0.070541
0.089625
0.047846
0.105159
0.130272
0.035159
0.034699
0.040102
0.032347
0.030455
0.035861
0.038324
0.038334
0.038794
0.029060
0.028042
0.032371
0.033038
0.040425
0.040934
0.092147
0.094500
0.045728
0.048054
0.094870
0.046009
0.099671
0.101311
0.046190
0.045882
0.029402
0.025483
0.033620
0.025486
0.020303
0.029421
0.074870
0.070421
0.037128
0.067658
0.035075
0.067487
0.032961
0.033838
0.080426
0.029087
0.029377
0.029216
0.027981
0.019835
0.021699
0.031403
0.031124
0.035947
0.036978
0.046738
0.046423
0.037580
0.037122
0.058484
0.049248
0.076198
0.058604
0.113543
0.061592
0.106518
0.045735
0.044735
0.038969
0.043919
0.040083
0.010588
0.010240
0.010239
0.007762
0.011373
0.011106
0.008651
0.008823
0.011595
0.013261
0.012189
0.015019
0.032290
0.021869
0.017209
0.023789
0.015889
0.012645
0.013808
0.013594
0.011072
0.010384
0.003749
0.003603
0.004015
0.003662
0.005405
0.006141
0.005326
0.004316
0.006962
0.006921
0.011385
0.011499
0.007642
0.014494
0.008783
0.034886
0.012661
0.010249
0.016879
0.010087
0.008785
0.006044
0.004611
0.005623
0.019684
0.011062
0.014399
0.026003
0.010197
0.011884
0.018740
0.030405
0.014768
0.011813
0.009082
0.011882
0.011908
0.011874
0.012837
0.017216
0.037560
0.021969
0.021385
0.020920
0.023994
0.023644
0.023139
0.026766
0.030658
0.031137
0.033196
0.033529
0.032949
0.027074
0.033923
0.088777
0.085292
0.046657
0.084849
0.037561
0.084781
0.083960
0.038332
0.038600
0.031597
0.029709
0.033932
0.034115
0.033016
0.043237
0.043531
0.038629
0.037274
0.044035
0.105562
0.085979
0.049072
0.088608
0.082282
0.049304
0.054107
0.019761
0.019048
0.030972
0.031214
0.018515
0.022343
0.039546
0.028412
0.055230
0.037470
0.055825
0.041227
0.087663
0.035689
0.033993
0.030358
0.027792
0.031367
0.029228
0.029754
0.030904
0.028582
0.028325
0.032156
0.033523
0.030400
0.026003
0.026271
0.029071
0.030670
0.033785
0.048787
0.060401
0.034930
0.034783
0.023175
0.033798
0.048991
0.029485
0.054283
0.089862
0.071649
0.045535
0.104678
0.056035
0.054581
0.092702
0.103399
0.128365
0.135927
0.115458
0.055071
0.087171
0.037404
0.038289
0.025039
0.031183
0.036524
0.029570
0.017549
0.012636
0.013376
0.017809
0.015131
0.024056
0.024547
0.042482
0.026729
0.017856
0.057065
0.032847
0.084470
0.088954
0.042558
0.023301
0.023119
0.026690
0.031267
0.034438
0.021236
0.020279
0.023368
0.024418
0.030580
0.034392
0.071377
0.082709
0.039437
0.037767
0.083018
0.085937
0.082654
0.040050
0.025216
0.023668
0.026959
0.026678
0.024153
0.028312
0.028162
0.035173
0.031390
0.023044
0.022479
0.026738
0.026833
0.033630
0.035248
0.083628
0.086465
0.039738
0.042840
0.084650
0.033748
0.087875
0.090148
0.044800
0.036160
0.008877
0.010192
0.010245
0.012609
0.013673
0.015986
0.011034
0.015220
0.016107
0.013370
0.023465
0.017957
0.045129
0.029983
0.021525
0.030401
0.027255
0.021163
0.015946
0.043128
0.035222
0.049054
0.071772
0.036434
0.054970
0.094451
0.049036
0.036465
0.049618
0.044170
0.046319
0.054417
0.045045
0.068599
0.114768
0.066891
0.010118
0.010688
0.011093
0.008278
0.013174
0.013091
0.009351
0.008544
0.013138
0.014890
0.021062
0.020020
0.015408
0.023601
0.017540
0.041859
0.020787
0.019503
0.029321
0.015908
0.014759
0.009895
0.009314
0.009485
0.010173
0.017915
0.009799
0.009484
0.016454
0.006824
0.006680
0.010840
0.018432
0.007686
0.004506
0.004387
0.004487
0.004239
0.005036
0.005308
0.007442
0.006587
0.005646
0.005938
0.012967
0.009744
0.025041
0.039965
0.020891
0.012825
0.036690
0.025694
0.026067
0.038310
0.024359
0.025310
0.035197
0.051288
0.031686
0.024824
0.018401
0.017934
0.023074
0.019113
0.028851
0.024510
0.038627
0.030415
0.021805
0.054635
0.035409
0.086173
0.099328
0.058922
0.049411
0.015862
0.021434
0.022050
0.014358
0.024496
0.028399
0.028984
0.020449
0.034511
0.026040
0.028337
0.039761
0.078856
0.049093
0.073291
0.044466
0.043548
0.024235
0.024748
0.036551
0.027962
0.043011
0.030361
0.018971
0.055083
0.034687
0.025061
0.016109
0.027850
0.087788
0.054057
0.030543
0.026042
0.022707
0.014313
0.019877
0.041038
0.018042
0.015542
0.030222
0.014195
0.009734
0.010953
0.023149
0.007368
0.006924
0.006751
0.006020
0.005655
0.004922
0.005202
0.004878
0.004387
0.006820
0.015815
0.009521
0.007929
0.008361
0.008451
0.007226
0.013169
0.012086
0.011110
0.006922
0.012942
0.019000
0.043171
0.027529
0.017320
0.028103
0.015012
0.014411
0.021373
0.014228
0.006992
0.009314
0.080920
0.076623
0.047805
0.058711
0.078100
0.042538
0.038256
0.043081
0.033062
0.051983
0.033987
0.024962
0.034577
0.021719
0.029783
0.025934
0.017527
0.024190
0.036921
0.028083
0.013160
0.011720
0.012052
0.014659
0.012813
0.012368
0.018914
0.020139
0.017890
0.011584
0.010044
0.011835
0.013008
0.016013
0.030763
0.032477
0.019191
0.020474
0.044491
0.024974
0.051232
0.049503
0.023103
0.026495
0.040327
0.031239
0.032468
0.031571
0.037912
0.033766
0.050357
0.087452
0.049309
0.068610
0.034750
0.035547
0.018077
0.028385
0.051696
0.019624
0.032288
0.018705
0.017747
0.030135
0.033887
0.058515
0.046826
0.091158
0.046482
0.037249
0.039547
0.078235
0.040541
0.029409
0.018184
0.028645
0.016715
0.029892
0.020972
0.043302
0.059518
0.027282
0.014466
0.010403
0.009825
0.008276
0.016052
0.012381
0.011987
0.012418
0.021016
0.048669
0.056136
0.019210
0.054441
0.013680
0.033180
0.008482
0.011183
0.043925
0.007526
0.012580
0.004179
0.007206
0.007198
0.090200
0.087698
0.096762
0.078091
0.091702
0.056433
0.055550
0.081671
0.042862
0.063742
0.023363
0.033455
0.052143
0.027219
0.038348
0.061686
0.039871
0.038905
0.087172
0.069944
0.044618
0.042744
0.049769
0.104644
0.065026
0.097058
0.054983
0.051497
0.035172
0.049459
0.074561
0.035872
0.048492
0.035082
0.032287
0.044972
0.047280
0.064512
0.113219
0.051044
0.069936
0.098960
0.039876
0.033283
0.042195
0.043334
0.057925
0.043156
0.052485
0.075382
0.066902
0.132873
0.114872
0.114553
0.091556
0.092692
0.095468
0.055860
0.059878
0.084962
0.051805
0.065978
0.029505
0.035713
0.055113
0.035825
0.047094
0.073619
0.047040
0.042940
0.071656
0.088049
0.060460
0.049157
0.077144
0.032245
0.053142
0.113259
0.093785
0.026908
0.029692
0.058898
0.079528
0.072825
0.122954
0.150039
0.174733
0.162516
0.163188
0.119940
0.112362
0.116971
0.142799
0.116327
0.099637
0.087383
0.073038
0.078419
0.037765
0.031651
0.033144
0.032468
0.020362
0.029829
0.042278
0.062299
0.028683
0.022399
0.055349
0.026424
0.015786
0.018785
0.149114
0.109009
0.161578
0.164425
0.117892
0.099202
0.088455
0.097223
0.091075
0.078295
0.053364
0.086213
0.052913
0.042384
0.037777
0.064149
0.041347
0.030871
0.024053
0.024383
0.024577
0.025587
0.028425
0.034255
0.028161
0.025608
0.038936
0.022888
0.028939
0.047560
0.031819
0.064500
0.052169
0.106803
0.070874
0.180718
0.212436
0.117963
0.127731
0.126749
0.094443
0.093394
0.094380
0.044494
0.027598
0.030607
0.055848
0.037799
0.022771
0.021559
0.022529
0.028645
0.022088
0.044127
0.045526
0.067989
0.075135
0.049419
0.142489
0.161660
0.129022
0.163143
0.145125
0.116207
0.098005
0.075991
0.104849
0.108901
0.119463
0.063995
0.113702
0.060325
0.128578
0.090051
0.041172
0.107852
0.137676
0.122027
0.092200
0.080491
0.029008
0.046881
0.131543
0.110654
0.116987
0.106988
0.103504
0.046843
0.066549
0.105047
0.056484
0.089290
0.076898
0.040276
0.090388
0.100297
0.110621
0.046379
0.037327
0.047806
0.035972
0.029797
0.040094
0.096971
0.065320
0.095859
0.046020
0.036597
0.066914
0.033155
0.026564
0.026541
0.045506
0.072816
0.037564
0.052333
0.074459
0.041750
0.030973
0.029854
0.028803
0.044694
0.060587
0.044301
0.116401
0.108312
0.088296
0.080942
0.080194
0.076758
0.069056
0.061857
0.034474
0.053244
0.035941
0.050828
0.042025
0.038755
0.079653
0.061844
0.014973
0.016926
0.015512
0.019270
0.014338
0.017839
0.015282
0.019653
0.021948
0.023756
0.023580
0.016303
0.019510
0.012823
0.013837
0.023413
0.020264
0.015614
0.014202
0.021670
0.020336
0.019223
0.013870
0.010872
0.010211
0.008862
0.009642
0.003711
0.003135
0.004921
0.005512
0.005260
0.006870
0.004831
0.008101
0.008354
0.010616
0.012791
0.009386
0.007931
0.008519
0.008662
0.009424
0.014081
0.014412
0.009308
0.013681
0.018695
0.020285
0.018982
0.017760
0.016355
0.011937
0.012285
0.006697
0.005960
0.009943
0.007993
0.005026
0.006510
0.013284
0.011017
0.008808
0.008912
0.008212
0.006823
0.005822
0.004324
0.004016
0.004850
0.007622
0.006563
0.008334
0.009873
0.010807
0.014942
0.012130
0.012133
0.010085
0.008195
0.006882
0.018942
0.017576
0.014474
0.013885
0.021393
0.019969
0.019085
0.013118
0.010268
0.009659
0.009466
0.009981
0.008923
0.008977
0.010637
0.010959
0.010210
0.011860
0.011481
0.012230
0.014082
0.017697
0.015447
0.016258
0.013281
0.013949
0.011756
0.010484
0.011186
0.015119
0.014788
0.009750
0.013233
0.019184
0.020066
0.018005
0.018549
0.017820
0.011734
0.012251
0.009143
0.008874
0.006506
0.004195
0.009040
0.009664
0.007770
0.012125
0.009528
0.014758
0.018176
0.016026
0.010926
0.014815
0.007927
0.014273
0.010273
0.015848
0.009013
0.003994
0.006874
0.005545
0.008779
0.009864
0.007226
0.011821
0.016956
0.015832
0.007209
0.006524
0.008335
0.008552
0.009182
0.010254
0.008690
0.008528
0.010600
0.012251
0.014852
0.015994
0.012399
0.012042
0.011621
0.006799
0.007451
0.006941
0.009332
0.011239
0.009450
0.006422
0.009659
0.011030
0.011729
0.015796
0.013494
0.010449
0.012726
0.019057
0.017792
0.019602
0.023262
0.025620
0.020553
0.013686
0.017520
0.014811
0.020880
0.011742
0.018500
0.135719
0.154650
0.160214
0.130867
0.158596
0.139187
0.203827
0.160138
0.154441
0.141418
0.136624
0.147444
0.129021
0.146293
0.134317
0.114540
0.057430
0.137906
0.104131
0.048883
0.150180
0.133264
0.137406
0.115861
0.047639
0.074413
0.109537
0.118279
0.133094
0.063761
0.105362
0.061920
0.106019
0.102856
0.054493
0.128258
0.143744
0.124095
0.081581
0.118930
0.102898
0.035156
0.048671
0.041030
0.082292
0.101956
0.051973
0.107709
0.106910
0.016211
0.011447
0.015816
0.009526
0.009051
0.012556
0.019187
0.016804
0.015893
0.011704
0.009168
0.008568
0.009983
0.015600
0.015290
0.018286
0.050365
0.022657
0.060991
0.021019
0.021887
0.064348
0.021364
0.012337
0.109745
0.108017
0.117368
0.113004
0.103334
0.098841
0.096626
0.128997
0.136807
0.145960
0.121341
0.115252
0.118584
0.127563
0.105689
0.055386
0.091657
0.053690
0.089805
0.055942
0.093416
0.051056
0.094370
0.045616
0.087413
0.123341
0.036104
0.066113
0.113799
0.129375
0.121965
0.142561
0.150783
0.155174
0.162965
0.165517
0.153936
0.151397
0.145713
0.139942
0.139614
0.047694
0.059049
0.037636
0.051266
0.053607
0.081622
0.042503
0.035724
0.079875
0.048089
0.034005
0.042752
0.190099
0.171713
0.154173
0.184960
0.162925
0.157127
0.151367
0.155725
0.131811
0.097132
0.128574
0.102195
0.049107
0.066746
0.048380
0.081534
0.104029
0.062730
0.111219
0.029017
0.015200
0.016190
0.011957
0.008605
0.007668
0.008924
0.009267
0.009946
0.010054
0.012107
0.018610
0.009872
0.014000
0.011720
0.014980
0.038478
0.018400
0.062903
0.018337
0.017784
0.060123
0.015485
0.011208
0.069861
0.105959
0.108778
0.127182
0.150409
0.157240
0.137585
0.138488
0.123568
0.178868
0.142664
0.168996
0.146891
0.215586
0.197128
0.155584
0.147671
0.171999
0.131884
0.153064
0.139628
0.032207
0.023380
0.029337
0.031402
0.027466
0.016265
0.016766
0.023723
0.052088
0.027671
0.062758
0.030745
0.073835
0.036701
0.018088
0.021053
0.020188
0.024740
0.039587
0.038835
0.021892
0.025590
0.032582
0.078261
0.039981
0.076355
0.050945
0.063872
0.044048
0.149833
0.188249
0.165638
0.144504
0.171182
0.152070
0.241601
0.184128
0.196798
0.156024
0.137527
0.162116
0.132190
0.152992
0.138160
0.136328
0.071241
0.141298
0.091423
0.050509
0.116118
0.145232
0.141512
0.118083
0.076420
0.039037
0.052692
0.013951
0.011299
0.015863
0.010038
0.008200
0.011980
0.018138
0.015466
0.014779
0.011522
0.007359
0.007645
0.017841
0.052161
0.011997
0.022370
0.052922
0.014826
0.008292
0.008387
0.008161
0.018729
0.042175
0.021952
0.112040
0.090298
0.146776
0.104059
0.089670
0.086464
0.082627
0.125733
0.129980
0.232389
0.147484
0.206534
0.217279
0.172122
0.171491
0.144983
0.142198
0.143720
0.041072
0.043295
0.034563
0.040985
0.056952
0.048744
0.031368
0.033624
0.037942
0.064271
0.039085
0.084375
0.062268
0.099193
0.062055
0.225738
0.188612
0.178849
0.141303
0.176220
0.155547
0.119686
0.146030
0.099539
0.060332
0.127452
0.090629
0.041136
0.112805
0.140707
0.133762
0.117795
0.096067
0.033622
0.054288
0.097652
0.109175
0.054056
0.086247
0.049292
0.087536
0.080840
0.039973
0.107942
0.121849
0.083772
0.103428
0.119257
0.100887
0.052751
0.085878
0.044594
0.072199
0.046300
0.069410
0.014810
0.010638
0.017298
0.009978
0.008921
0.014174
0.023358
0.020137
0.020108
0.013759
0.008731
0.008586
0.009613
0.010450
0.021935
0.019131
0.009056
0.014477
0.038397
0.017486
0.046983
0.028182
0.047431
0.027512
0.116140
0.079758
0.130376
0.100021
0.072141
0.075716
0.075344
0.114904
0.141109
0.145545
0.128371
0.129187
0.138347
0.118810
0.061549
0.103162
0.061608
0.100152
0.063201
0.105689
0.062512
0.098392
0.064057
0.111029
0.127814
0.060398
0.099856
0.139797
0.153068
0.140241
0.153447
0.181116
0.155057
0.166901
0.141466
0.149305
0.136766
0.151010
0.131451
0.131400
0.138870
0.131535
0.126906
0.197516
0.156822
0.047114
0.050147
0.057552
0.043962
0.036067
0.043913
0.053743
0.075908
0.057244
0.090433
0.051332
0.050849
0.094402
0.043570
0.031232
0.033018
0.048011
0.084995
0.040288
0.057117
0.044895
0.040501
0.032374
0.031107
0.050748
0.082877
0.055766
0.133962
0.128044
0.146826
0.155016
0.222613
0.164768
0.236285
0.228717
0.208543
0.209178
0.272667
0.053434
0.046506
0.049844
0.031787
0.040910
0.042760
0.056410
0.025811
0.056658
0.047741
0.047015
0.048049
0.090026
0.067444
0.027840
0.040374
0.296304
0.172341
0.223536
0.233981
0.291343
0.251887
0.276638
0.189327
0.232631
0.185624
0.093053
0.090641
0.138754
0.097053
0.133349
0.039674
0.039097
0.047780
0.043366
0.040311
0.033758
0.039942
0.049867
0.046757
0.048467
0.040385
0.030194
0.030800
0.048164
0.095279
0.039906
0.064657
0.050270
0.036464
0.033035
0.032494
0.060393
0.095387
0.066809
0.141535
0.173895
0.146724
0.167121
0.201299
0.260383
0.188983
0.167107
0.202982
0.238321
0.246961
0.274437
0.051354
0.039244
0.044641
0.028559
0.034266
0.049051
0.046440
0.024672
0.028523
0.040704
0.088839
0.047865
0.097618
0.063688
0.084818
0.096133
0.050101
0.059029
0.152387
0.192996
0.220871
0.190500
0.207858
0.171350
0.230735
0.159386
0.138969
0.118570
0.044005
0.035829
0.051145
0.054627
0.034307
0.060023
0.059618
0.104240
0.060853
0.060974
0.105226
0.069662
0.037642
0.047074
0.177973
0.160920
0.235561
0.158773
0.162948
0.191421
0.242719
0.227144
0.179346
0.139052
0.039540
0.029130
0.037498
0.023022
0.040566
0.082299
0.042796
0.042638
0.043514
0.081519
0.045616
0.023215
0.030443
0.257545
0.247182
0.216648
0.203740
0.224797
0.239913
0.183159
0.099125
0.140789
0.101199
0.064759
0.035898
0.042092
0.047047
0.034523
0.028813
0.029239
0.034404
0.028292
0.030321
0.027183
0.029612
0.038199
0.047890
0.045922
0.047687
0.100592
0.044981
0.045853
0.081259
0.046600
0.037129
0.190021
0.252812
0.186366
0.215606
0.281151
0.182511
0.237969
0.261387
0.041452
0.043398
0.031361
0.039584
0.050793
0.047727
0.025531
0.030728
0.041251
0.100472
0.046715
0.092110
0.064011
0.103377
0.052926
0.236288
0.177977
0.179920
0.180871
0.228887
0.147012
0.203122
0.167877
0.097307
0.141382
0.110696
0.139327
0.068655
0.061506
0.046168
0.043132
0.049502
0.038175
0.033403
0.032996
0.034960
0.031718
0.033138
0.034940
0.032258
0.048055
0.045937
0.044171
0.030430
0.049966
0.059366
0.105609
0.100709
0.062353
0.102015
0.055669
0.053058
0.085146
0.053823
0.031527
0.037154
0.149748
0.141935
0.191528
0.131820
0.151419
0.152161
0.156482
0.160799
0.152209
0.196448
0.182796
0.174348
0.191517
0.047591
0.054539
0.056109
0.036725
0.052221
0.078054
0.051357
0.088467
0.046820
0.049630
0.085230
0.043174
0.055120
0.043407
0.039922
0.032591
0.040239
0.170341
0.211712
0.173946
0.228747
0.181265
0.175298
0.213057
0.177917
0.183817
0.119411
0.158246
0.106985
0.146943
0.069508
0.050219
0.046344
0.066006
0.054301
0.042788
0.038412
0.031705
0.031824
0.032276
0.031173
0.034456
0.030647
0.033295
0.032131
0.033784
0.045661
0.042873
0.043561
0.046752
0.055562
0.087933
0.101468
0.058563
0.049148
0.090165
0.172519
0.139426
0.141617
0.151922
0.167486
0.202480
0.177122
0.187140
0.196461
0.036535
0.036936
0.026066
0.032919
0.044423
0.041617
0.021621
0.031332
0.026650
0.024926
0.030307
0.035456
0.082606
0.085958
0.040732
0.037880
0.082648
0.057704
0.049681
0.158776
0.176906
0.198371
0.170263
0.167577
0.198310
0.153969
0.167965
0.202738
0.148498
0.105372
0.095345
0.135111
0.102617
0.140371
0.095464
0.125898
0.068898
0.062318
0.043887
0.040693
0.055208
0.056134
0.048004
0.039449
0.032475
0.030195
0.030416
0.030126
0.032017
0.030435
0.042646
0.042714
0.029846
0.048552
0.088440
0.053233
0.094732
0.052900
0.055031
0.101934
0.054275
0.031200
0.036808
0.137772
0.135742
0.152142
0.143671
0.137988
0.136711
0.136199
0.147296
0.154819
0.143168
0.139471
0.145451
0.137851
0.043061
0.035080
0.040149
0.043750
0.030852
0.046504
0.086006
0.040520
0.086498
0.040978
0.041221
0.082445
0.048026
0.032631
0.038946
0.147415
0.151069
0.160799
0.156943
0.163277
0.158488
0.150200
0.149209
0.155597
0.153172
0.103824
0.148468
0.105623
0.141544
0.116386
0.151665
0.069468
0.059386
0.043832
0.039886
0.055324
0.037961
0.030623
0.031705
0.029465
0.030030
0.030632
0.030020
0.031585
0.040402
0.041578
0.045615
0.089965
0.052824
0.088393
0.049534
0.050871
0.089043
0.051496
0.036537
0.167339
0.130261
0.198556
0.146361
0.125430
0.132008
0.133813
0.157758
0.203012
0.172669
0.213272
0.152296
0.182466
0.149189
0.173691
0.029821
0.033583
0.024110
0.028166
0.038954
0.036504
0.021397
0.024674
0.031389
0.079723
0.035100
0.084868
0.047293
0.083654
0.042078
0.144563
0.153944
0.145041
0.155028
0.151498
0.155858
0.153524
0.146958
0.132460
0.127796
0.151581
0.127549
0.081408
0.115609
0.078635
0.106636
0.085806
0.116413
0.054710
0.041735
0.055411
0.043797
0.028929
0.031070
0.031543
0.050668
0.056778
0.139911
0.147804
0.147035
0.157593
0.154582
0.161757
0.160628
0.155689
0.156804
0.160608
0.152253
0.162381
0.174456
0.155108
0.184774
0.167667
0.179207
0.176755
0.202628
0.183504
0.162174
0.151709
0.095381
0.052939
0.118184
0.072150
0.043910
0.106363
0.141224
0.142902
0.090166
0.087891
0.065245
0.046182
0.044630
0.054713
0.015463
0.017178
0.015306
0.019402
0.018828
0.013546
0.010339
0.014982
0.022157
0.021804
0.018640
0.019014
0.018109
0.015847
0.014628
0.013604
0.013478
0.009606
0.010044
0.022188
0.021388
0.045235
0.016356
0.015623
0.029115
0.051871
0.020206
0.011742
0.010375
0.010724
0.010200
0.010514
0.018217
0.024047
0.023078
0.048614
0.053755
0.027118
0.103434
0.131252
0.102891
0.083539
0.090092
0.105430
0.118915
0.138843
0.152599
0.151830
0.155642
0.157294
0.156895
0.145786
0.153749
0.153460
0.149738
0.151620
0.147899
0.150375
0.149735
0.152809
0.152854
0.156168
0.149801
0.148402
0.145235
0.154517
0.152077
0.149587
0.050196
0.041393
0.046495
0.056105
0.034892
0.057210
0.088866
0.044821
0.099543
0.047741
0.095209
0.044887
0.049036
0.087112
0.046325
0.061854
0.048081
0.044075
0.035693
0.045828
0.168844
0.174018
0.175698
0.165208
0.184039
0.166878
0.177630
0.175639
0.198707
0.160935
0.153347
0.150918
0.158619
0.162139
0.151083
0.159210
0.156180
0.170677
0.159288
0.162896
0.183377
0.171035
0.183828
0.150721
0.143463
0.166924
0.118722
0.165612
0.166609
0.124740
0.120952
0.062290
0.064980
0.102712
0.095230
0.057558
0.093215
0.055741
0.053420
0.092286
0.019291
0.019150
0.018829
0.022362
0.022573
0.013937
0.010847
0.017713
0.027850
0.028573
0.023998
0.023875
0.023743
0.018117
0.017785
0.013696
0.013151
0.009995
0.010603
0.024732
0.021864
0.058002
0.018886
0.029522
0.062770
0.021251
0.018388
0.012250
0.011054
0.009461
0.010644
0.017194
0.025622
0.019758
0.057032
0.058519
0.026903
0.124268
0.139451
0.100964
0.106830
0.110951
0.101760
0.105848
0.115464
0.131921
0.158600
0.174632
0.199410
0.187976
0.210002
0.214914
0.187775
0.195404
0.146427
0.184925
0.171847
0.196504
0.161561
0.204539
0.176991
0.185516
0.202168
0.172874
0.190728
0.186295
0.185865
0.239310
0.198684
0.190377
0.031007
0.033952
0.024198
0.027877
0.041540
0.038787
0.020545
0.019355
0.021673
0.023100
0.027136
0.031967
0.070188
0.082011
0.036783
0.034365
0.079052
0.053343
0.047663
0.152599
0.167407
0.159446
0.154067
0.156704
0.146935
0.147921
0.148833
0.150938
0.148100
0.153549
0.149152
0.149338
0.154545
0.148692
0.156522
0.148740
0.150205
0.157795
0.162253
0.173150
0.066008
0.036223
0.099573
0.055828
0.036627
0.094391
0.135425
0.138884
0.138049
0.085746
0.043298
0.051797
0.014485
0.011653
0.016060
0.011523
0.009779
0.014416
0.019821
0.018209
0.018270
0.014875
0.009823
0.010312
0.022350
0.052543
0.015953
0.029153
0.047167
0.020229
0.009879
0.010694
0.010712
0.024227
0.042729
0.026939
0.127124
0.085725
0.142471
0.103636
0.070696
0.074603
0.074072
0.111302
0.151352
0.154541
0.154154
0.159696
0.148948
0.149885
0.153787
0.144394
0.139440
0.142436
0.136895
0.142983
0.131458
0.137174
0.143215
0.147675
0.146605
0.144773
0.146232
0.157022
0.148918
0.144601
0.046478
0.038616
0.043299
0.047005
0.033759
0.049056
0.095197
0.041105
0.094247
0.042693
0.043146
0.094052
0.050801
0.035299
0.042063
0.150124
0.157754
0.159449
0.151073
0.148832
0.149555
0.148944
0.145711
0.151345
0.145550
0.140575
0.147098
0.157830
0.150684
0.151366
0.165671
0.154942
0.163766
0.163945
0.176622
0.157408
0.158203
0.155639
0.117231
0.112999
0.114342
0.059174
0.093130
0.048665
0.079804
0.049213
0.081080
0.014049
0.010489
0.017245
0.011049
0.009035
0.015289
0.023220
0.021568
0.022375
0.016557
0.009715
0.010200
0.017069
0.056102
0.012337
0.024448
0.052146
0.017331
0.008481
0.009727
0.010121
0.022836
0.047606
0.024775
0.138250
0.094006
0.176527
0.120115
0.087376
0.091320
0.090146
0.135121
0.182634
0.187226
0.198281
0.174481
0.192882
0.173001
0.186642
0.167390
0.165232
0.165704
0.159678
0.174567
0.163813
0.172980
0.160622
0.160483
0.180139
0.162030
0.164404
0.163383
0.186071
0.176239
0.168035
0.147085
0.029797
0.021447
0.028105
0.025404
0.017954
0.028437
0.071746
0.031266
0.072852
0.030219
0.030901
0.073932
0.031727
0.018618
0.023195
0.104507
0.169660
0.134147
0.164322
0.122709
0.115827
0.106603
0.109490
0.053634
0.085098
0.072245
0.117684
0.123728
0.090387
0.119524
0.041434
0.034893
0.038023
0.027798
0.027877
0.030921
0.047829
0.036038
0.030194
0.020897
0.020554
0.017720
0.021088
0.032860
0.038452
0.070542
0.041169
0.085372
0.048339
0.049941
0.092323
0.051203
0.033537
0.098076
0.122293
0.115986
0.167800
0.141485
0.126152
0.126727
0.162567
0.129880
0.120837
0.162226
0.148816
0.129819
0.140608
0.133634
0.132019
0.141278
0.163831
0.164249
0.136869
0.135801
0.133152
0.136992
0.139877
0.156026
0.154675
0.158831
0.132392
0.116412
0.133232
0.132869
0.096448
0.121316
0.118083
0.091897
0.087671
0.038951
0.055084
0.043141
0.074981
0.060938
0.084576
0.053963
0.092317
0.016581
0.014295
0.014839
0.010315
0.015575
0.015200
0.008587
0.007887
0.011379
0.019964
0.015603
0.013949
0.009713
0.006296
0.005996
0.007636
0.011402
0.012772
0.014907
0.043836
0.015710
0.055117
0.016404
0.017338
0.017182
0.062624
0.015640
0.018160
0.012128
0.010779
0.124085
0.095471
0.120254
0.108942
0.092843
0.100719
0.093967
0.086484
0.106151
0.078803
0.078309
0.100909
0.151814
0.133248
0.132086
0.137794
0.150091
0.162440
0.128763
0.127110
0.132465
0.138561
0.159583
0.144321
0.144545
0.131039
0.135578
0.134361
0.171321
0.139971
0.125010
0.151714
0.142823
0.148778
0.150492
0.152513
0.140262
0.137708
0.071732
0.093800
0.080217
0.131473
0.145692
0.101849
0.153409
0.132850
0.056838
0.041377
0.048455
0.045161
0.036790
0.038976
0.041825
0.043547
0.052775
0.057769
0.045002
0.047771
0.058433
0.085676
0.046025
0.095663
0.057272
0.062975
0.099195
0.061599
0.049714
0.138489
0.142646
0.137521
0.130330
0.139338
0.106703
0.147601
0.148324
0.155477
0.135404
0.155938
0.147859
0.153894
0.147223
0.144915
0.152849
0.150292
0.147548
0.153745
0.152893
0.155381
0.151989
0.138841
0.153465
0.154107
0.149463
0.144568
0.147791
0.133254
0.132917
0.138348
0.145039
0.130490
0.137289
0.140278
0.108116
0.098417
0.060913
0.114878
0.092854
0.034579
0.034545
0.035909
0.066965
0.094406
0.044298
0.106392
0.110158
0.032396
0.019906
0.021699
0.016873
0.012386
0.014259
0.013859
0.013139
0.013336
0.016529
0.022848
0.015638
0.018778
0.016566
0.019229
0.034941
0.021585
0.048915
0.022137
0.022144
0.049097
0.019785
0.014492
0.059757
0.108110
0.088569
0.123655
0.094185
0.101740
0.142582
0.134438
0.116151
0.092645
0.150504
0.155080
0.156104
0.171281
0.166361
0.148687
0.155219
0.144469
0.151568
0.142061
0.152462
0.151429
0.157599
0.158339
0.142456
0.151278
0.102837
0.084552
0.090338
0.099681
0.132847
0.132295
0.129141
0.126564
0.144562
0.139409
0.147757
0.148866
0.134766
0.119378
0.120507
0.121492
0.075445
0.077018
0.106419
0.115126
0.077692
0.089925
0.124518
0.123542
0.153320
0.146890
0.139152
0.142867
0.026897
0.029862
0.028845
0.022036
0.035442
0.030481
0.031793
0.019449
0.034334
0.038201
0.035637
0.033808
0.034247
0.039081
0.019975
0.027112
0.177639
0.168518
0.180364
0.196666
0.177757
0.185555
0.178003
0.225965
0.171148
0.165239
0.178234
0.162906
0.163523
0.175753
0.158012
0.161232
0.158120
0.174247
0.157271
0.178759
0.160869
0.177016
0.164077
0.168541
0.202486
0.184381
0.201977
0.059212
0.097832
0.099020
0.050639
0.114344
0.126393
0.078172
0.050824
0.114649
0.185846
0.160661
0.157701
0.165056
0.097419
0.054457
0.072142
0.011728
0.012160
0.012735
0.009756
0.015032
0.014947
0.009895
0.008061
0.012968
0.018567
0.019133
0.017353
0.017360
0.013460
0.008174
0.008867
0.055325
0.019743
0.018505
0.059422
0.016626
0.012796
0.024317
0.053432
0.016234
0.008516
0.007969
0.008473
0.008424
0.020872
0.044960
0.023167
0.117184
0.091793
0.155637
0.114932
0.100639
0.089196
0.089225
0.085608
0.125252
0.158920
0.165600
0.168670
0.157598
0.155731
0.190059
0.159639
0.159950
0.131912
0.153703
0.155923
0.155735
0.153886
0.153952
0.154435
0.148936
0.157113
0.173785
0.155593
0.157218
0.158035
0.157608
0.161863
0.148767
0.172317
0.153492
0.186067
0.146701
0.040437
0.039593
0.043326
0.036262
0.035189
0.040574
0.045483
0.040920
0.045210
0.031946
0.035683
0.042226
0.090370
0.045696
0.090952
0.052364
0.076886
0.079777
0.048410
0.047505
0.124023
0.148433
0.138853
0.147331
0.150773
0.163118
0.150574
0.151408
0.150431
0.149750
0.148226
0.149485
0.164183
0.170414
0.152532
0.146460
0.152909
0.144202
0.145045
0.146337
0.141267
0.142806
0.141008
0.150278
0.142081
0.156546
0.145270
0.164842
0.148830
0.145607
0.153429
0.188685
0.164724
0.167159
0.179228
0.164574
0.159149
0.146297
0.111002
0.112112
0.100621
0.151893
0.093551
0.045201
0.070675
0.038273
0.061428
0.038989
0.050919
0.077204
0.065046
0.012498
0.012645
0.012985
0.010462
0.015861
0.015438
0.010629
0.009167
0.014211
0.019728
0.019836
0.019074
0.019980
0.015487
0.009741
0.009869
0.050689
0.020161
0.018124
0.048467
0.017000
0.013303
0.025690
0.042901
0.018596
0.009882
0.009117
0.010371
0.010723
0.023300
0.040345
0.024974
0.145650
0.125018
0.098127
0.078113
0.151233
0.100515
0.083791
0.064960
0.070129
0.072035
0.113976
0.157219
0.168136
0.171036
0.159981
0.168493
0.174301
0.162370
0.169384
0.156517
0.156093
0.157348
0.153927
0.166305
0.158235
0.163205
0.155407
0.158244
0.153033
0.161493
0.156721
0.165994
0.156015
0.188816
0.180833
0.168508
0.174739
0.176908
0.083137
0.089153
0.133850
0.087925
0.121665
0.150096
0.041341
0.036090
0.042697
0.046389
0.025440
0.043652
0.048605
0.041470
0.039384
0.047378
0.022249
0.031156
0.200218
0.202499
0.170301
0.270201
0.206896
0.269107
0.237706
0.207158
0.199062
0.204360
0.228157
0.204994
0.192321
0.174544
0.253115
0.255818
0.184292
0.119905
0.067085
0.105856
0.061116
0.131397
0.111830
0.177368
0.099437
0.057497
0.082180
0.013296
0.012528
0.013985
0.010431
0.016823
0.016167
0.010194
0.008517
0.013406
0.018617
0.019109
0.017721
0.017799
0.013653
0.008511
0.008964
0.017838
0.017162
0.043880
0.013828
0.012395
0.026404
0.064398
0.018048
0.011099
0.008278
0.009017
0.009047
0.023881
0.055478
0.025603
0.139250
0.122442
0.201174
0.102119
0.111043
0.101319
0.139220
0.201449
0.192729
0.237868
0.217950
0.204729
0.155831
0.165393
0.163983
0.188307
0.164439
0.169257
0.168884
0.178190
0.186612
0.202693
0.178079
0.170346
0.169854
0.037202
0.041181
0.032508
0.037879
0.044826
0.050088
0.030691
0.035033
0.048199
0.099338
0.052947
0.107235
0.064400
0.066718
0.099544
0.138306
0.149980
0.156917
0.147326
0.176608
0.173443
0.188804
0.171717
0.158200
0.158501
0.158275
0.184896
0.160964
0.188514
0.211599
0.224727
0.178328
0.089296
0.175047
0.110350
0.053745
0.088238
0.042422
0.046892
0.076777
0.012212
0.010410
0.014886
0.010600
0.009371
0.013879
0.018096
0.018103
0.019368
0.015424
0.009683
0.009862
0.018641
0.060045
0.013183
0.027361
0.062191
0.020166
0.009530
0.010657
0.010826
0.024866
0.053070
0.026212
0.102821
0.098727
0.145419
0.100188
0.100864
0.094352
0.115986
0.158794
0.165274
0.183223
0.179864
0.148515
0.163551
0.184633
0.197117
0.166933
0.161725
0.179318
0.174319
0.154222
0.192068
0.199589
0.208842
0.156752
0.135795
0.091915
0.101006
0.068802
0.111907
0.113952
0.073978
0.101466
0.085346
0.057242
0.087178
0.047954
0.033531
0.052310
0.069900
0.037000
0.029876
0.038007
0.028200
0.026024
0.030894
0.047774
0.035802
0.020943
0.029892
0.020334
0.016385
0.017725
0.025621
0.045605
0.037716
0.014509
0.024906
0.022037
0.054038
0.068764
0.033026
0.020426
0.086225
0.053816
0.081567
0.060527
0.152848
0.118881
0.129115
0.113684
0.070603
0.107574
0.072651
0.115526
0.063179
0.067468
0.111111
0.168268
0.168238
0.063516
0.086254
0.071141
0.119453
0.119478
0.062444
0.124554
0.132784
0.122363
0.142683
0.074283
0.111259
0.070847
0.122630
0.093391
0.076509
0.134887
0.136223
0.158618
0.142123
0.136901
0.137799
0.147304
0.079698
0.124890
0.082213
0.129391
0.071816
0.081189
0.135299
0.071636
0.131951
0.088833
0.142555
0.098326
0.144765
0.094452
0.144694
0.181986
0.167005
0.172148
0.143527
0.165565
0.082849
0.133339
0.088804
0.137010
0.086648
0.084798
0.136145
0.144202
0.162670
0.137843
0.080500
0.134210
0.095482
0.070343
0.080532
0.104083
0.058327
0.121985
0.076387
0.042180
0.097945
0.128727
0.117268
0.078761
0.089714
0.051517
0.074153
0.038023
0.026731
0.034762
0.046019
0.018981
0.015672
0.021112
0.015882
0.014013
0.018216
0.027080
0.021986
0.016455
0.019422
0.015258
0.017583
0.013636
0.014325
0.027128
0.053827
0.020268
0.033076
0.043282
0.023430
0.013337
0.013982
0.013300
0.014403
0.019180
0.027830
0.020224
0.026324
0.029788
0.029313
0.112958
0.099519
0.120211
0.083413
0.081655
0.050550
0.033509
0.043219
0.052070
0.078039
0.052873
0.060441
0.104049
0.145117
0.076989
0.084850
0.077239
0.123198
0.125852
0.075107
0.138966
0.164352
0.147303
0.073865
0.109366
0.069626
0.123928
0.093302
0.126757
0.075359
0.128821
0.140779
0.157986
0.148317
0.149182
0.085758
0.099502
0.146107
0.089844
0.073951
0.144088
0.150696
0.093096
0.141504
0.095073
0.092575
0.148703
0.087365
0.142975
0.152818
0.158328
0.149907
0.157530
0.082152
0.126294
0.075229
0.128379
0.098851
0.076856
0.138238
0.129866
0.150540
0.156385
0.152014
0.146323
0.100306
0.145073
0.089018
0.105657
0.080194
0.152401
0.153793
0.147230
0.074221
0.133429
0.077544
0.130840
0.056590
0.073756
0.112103
0.071576
0.089931
0.122418
0.108561
0.144022
0.047781
0.053499
0.050401
0.041064
0.042789
0.055749
0.045143
0.036973
0.039438
0.038978
0.038957
0.038481
0.052009
0.089379
0.045281
0.061797
0.096081
0.041666
0.038613
0.039863
0.045851
0.054270
0.042049
0.065700
0.079343
0.059529
0.166756
0.139442
0.151869
0.151557
0.131408
0.081204
0.118457
0.091290
0.137680
0.090776
0.092462
0.148817
0.156484
0.189949
0.152667
0.096132
0.142863
0.091854
0.089147
0.087045
0.136708
0.146556
0.153233
0.153377
0.150773
0.155716
0.087334
0.138536
0.091798
0.136659
0.089629
0.086852
0.144016
0.148365
0.151192
0.152114
0.148083
0.086963
0.103155
0.148318
0.101089
0.091621
0.156813
0.169511
0.139706
0.140878
0.087004
0.142999
0.082943
0.136505
0.081756
0.082832
0.129779
0.133422
0.154010
0.166825
0.152537
0.148691
0.078227
0.127470
0.077794
0.125980
0.079475
0.081125
0.128747
0.130199
0.154673
0.085428
0.129038
0.074089
0.082962
0.069724
0.133508
0.123146
0.121382
0.097721
0.095420
0.068221
0.121845
0.062833
0.088656
0.035625
0.046263
0.077702
0.046451
0.041485
0.067017
0.046035
0.073436
0.011110
0.008092
0.013260
0.007707
0.007509
0.010235
0.018442
0.014685
0.011508
0.013531
0.008306
0.009104
0.005400
0.006111
0.007639
0.008287
0.018912
0.015932
0.006074
0.007801
0.011533
0.030587
0.036504
0.013532
0.010654
0.050689
0.024037
0.053733
0.024362
0.108097
0.112375
0.094004
0.082761
0.077724
0.047131
0.072113
0.067775
0.100914
0.070686
0.058770
0.125766
0.141292
0.209863
0.065530
0.119337
0.088168
0.128872
0.086008
0.125829
0.076972
0.167457
0.133479
0.185097
0.171731
0.169471
0.134921
0.077714
0.126479
0.078350
0.127829
0.079317
0.081022
0.130510
0.131779
0.141776
0.131439
0.130144
0.132600
0.074938
0.082240
0.126371
0.082431
0.064378
0.130274
0.129502
0.072191
0.126534
0.080639
0.076537
0.126663
0.125706
0.068393
0.130228
0.142225
0.161207
0.074228
0.117872
0.070860
0.126721
0.089865
0.123600
0.073674
0.131660
0.132465
0.140532
0.165096
0.124359
0.073049
0.068433
0.113593
0.062696
0.107353
0.017458
0.018985
0.010887
0.011138
0.014799
0.008874
0.007867
0.007924
0.007126
0.006813
0.006410
0.007354
0.009454
0.013116
0.009849
0.020057
0.017646
0.021234
0.018290
0.016478
0.019247
0.022410
0.019754
0.018523
0.018679
0.019234
0.019487
0.017618
0.013832
0.014970
0.012916
0.016263
0.013794
0.010261
0.012323
0.009294
0.010280
0.011313
0.013201
0.006178
0.006441
0.006958
0.006995
0.006106
0.007628
0.007773
0.008165
0.009835
0.009438
0.006053
0.007135
0.011628
0.016449
0.009054
0.009560
0.012730
0.007686
0.006553
0.006011
0.005755
0.007696
0.011664
0.008114
0.020555
0.020136
0.021002
0.019812
0.018617
0.018033
0.020708
0.016980
0.016804
0.018628
0.021507
0.021606
0.021439
0.016430
0.017507
0.014814
0.019873
0.015648
0.009272
0.012870
0.008905
0.010668
0.011326
0.015022
0.003398
0.002588
0.004467
0.003046
0.002763
0.004341
0.005750
0.006039
0.007105
0.005045
0.003088
0.003385
0.002223
0.002580
0.003964
0.004119
0.002672
0.004512
0.008323
0.005561
0.009977
0.005842
0.011025
0.005463
0.016324
0.017455
0.016438
0.016988
0.017693
0.014944
0.016210
0.013601
0.012524
0.015769
0.019818
0.019139
0.020508
0.017956
0.021094
0.019562
0.020810
0.021968
0.022984
0.022273
0.019861
0.018946
0.022884
0.022254
0.018104
0.019692
0.020407
0.021041
0.019899
0.021803
0.021401
0.022648
0.026631
0.025860
0.019650
0.021807
0.027488
0.028140
0.024280
0.023740
0.024158
0.021519
0.020884
0.019870
0.019384
0.021898
0.025709
0.023331
0.029095
0.027668
0.029431
0.026671
0.025819
0.026009
0.029179
0.026543
0.028696
0.028409
0.029896
0.029453
0.021584
0.015078
0.025211
0.019853
0.017767
0.022467
0.027118
0.026227
0.030176
0.024797
0.020586
0.025240
0.007694
0.009072
0.008524
0.009733
0.010543
0.011486
0.012703
0.011939
0.009273
0.028138
0.028802
0.023058
0.025103
0.037709
0.031191
0.021543
0.022385
0.025532
0.024478
0.026084
0.036648
0.034411
0.042527
0.044382
0.042840
0.044973
0.039931
0.035440
0.032392
0.032715
0.040199
0.031451
0.026591
0.027419
0.023690
0.026068
0.038353
0.031235
0.028638
0.040345
0.027876
0.023433
0.024090
0.023721
0.029770
0.020847
0.034863
0.025364
0.018813
0.028196
0.040235
0.031221
0.025018
0.022382
0.016719
0.020422
0.011044
0.011920
0.012021
0.009788
0.009566
0.010602
0.013937
0.012105
0.011375
0.010276
0.008569
0.008765
0.017023
0.023777
0.013500
0.017544
0.019810
0.013423
0.011250
0.009672
0.008964
0.013680
0.017706
0.014767
0.040554
0.034427
0.036845
0.032653
0.025800
0.025399
0.024806
0.028175
0.031183
0.043985
0.047454
0.036925
0.031490
0.030123
0.030323
0.037810
0.037744
0.046402
0.047845
0.045981
0.037081
0.044285
0.037546
0.029243
0.029636
0.030888
0.029750
0.041618
0.037196
0.046786
0.042573
0.045356
0.048402
0.042559
0.037070
0.040110
0.052224
0.041014
0.034115
0.035484
0.034868
0.035167
0.044886
0.037451
0.046767
0.040848
0.033093
0.033349
0.033137
0.032974
0.039564
0.040920
0.047357
0.049004
0.046291
0.038199
0.044878
0.039957
0.031868
0.032220
0.031612
0.032023
0.041399
0.038717
0.047818
0.042796
0.051555
0.044530
0.039161
0.052239
0.039495
0.033154
0.034028
0.034968
0.049762
0.037130
0.044183
0.038995
0.032690
0.031638
0.030657
0.032096
0.033614
0.036142
0.035466
0.037327
0.034356
0.035691
0.034363
0.030082
0.029410
0.030476
0.034632
0.031432
0.030422
0.029403
0.025268
0.026301
0.037217
0.041165
0.034617
0.035587
0.034923
0.032463
0.034906
0.029281
0.026111
0.030315
0.029593
0.031047
0.048816
0.045361
0.038088
0.039265
0.042166
0.035897
0.031147
0.031995
0.029591
0.049714
0.047496
0.042440
0.037548
0.038733
0.048932
0.035175
0.028305
0.032390
0.028314
0.030197
0.046586
0.050941
0.044393
0.040921
0.039633
0.038017
0.043853
0.035742
0.030239
0.032170
0.028607
0.030887
0.046820
0.048862
0.038746
0.033645
0.038584
0.051558
0.036154
0.029022
0.029301
0.023878
0.026751
0.039288
0.035688
0.036383
0.030756
0.027023
0.028578
0.037114
0.026919
0.022166
0.022831
0.019779
0.020963
0.031759
0.035304
0.029507
0.028242
0.027326
0.025848
0.030450
0.023802
0.020049
0.022011
0.019651
0.020961
0.034852
0.033105
0.028390
0.027512
0.035536
0.025009
0.020391
0.021881
0.020837
0.032131
0.024412
0.025463
0.020357
0.019269
0.017727
0.011389
0.017057
0.013236
0.016111
0.016160
0.022137
0.004901
0.003579
0.006082
0.003722
0.003120
0.004973
0.008998
0.006850
0.006329
0.004456
0.002982
0.002910
0.003171
0.003463
0.006709
0.006152
0.003067
0.005250
0.011254
0.006392
0.016980
0.009082
0.019151
0.009435
0.031724
0.029599
0.029044
0.025250
0.028176
0.021755
0.017655
0.021060
0.020952
0.031553
0.023774
0.026257
0.020512
0.021173
0.020069
0.020944
0.028470
0.025534
0.032890
0.031727
0.033630
0.036736
0.030412
0.029983
0.029127
0.027348
0.031483
0.024981
0.021238
0.023482
0.021674
0.022531
0.037940
0.036657
0.035329
0.032246
0.026495
0.029814
0.036687
0.027689
0.023101
0.024479
0.022852
0.023692
0.034856
0.027099
0.035427
0.027681
0.021227
0.021756
0.019269
0.021498
0.026584
0.028132
0.033877
0.036150
0.030842
0.023634
0.028560
0.022704
0.017647
0.018137
0.018476
0.018004
0.027158
0.023559
0.031746
0.028117
0.034961
0.031635
0.026451
0.033449
0.024593
0.020436
0.021029
0.026100
0.019103
0.028831
0.021054
0.015314
0.022216
0.034868
0.026372
0.019728
0.017063
0.012593
0.015265
0.011005
0.009219
0.011495
0.008500
0.007395
0.009225
0.013103
0.010445
0.009497
0.008183
0.006701
0.006911
0.008222
0.007536
0.012489
0.010523
0.006519
0.008609
0.012791
0.009584
0.019586
0.013563
0.022257
0.014845
0.031295
0.029223
0.026622
0.023735
0.028595
0.021498
0.017171
0.019996
0.020273
0.029005
0.022467
0.029102
0.024164
0.019572
0.017605
0.019348
0.024744
0.024830
0.032913
0.033250
0.030304
0.022626
0.028368
0.021933
0.016491
0.017220
0.017796
0.017180
0.026234
0.022639
0.030108
0.027453
0.031550
0.029933
0.029850
0.027576
0.031789
0.024243
0.019958
0.024698
0.022181
0.069654
0.068525
0.071936
0.074717
0.080468
0.070911
0.079277
0.076259
0.125219
0.145552
0.068159
0.069252
0.066670
0.070374
0.066933
0.070942
0.070429
0.078677
0.081159
0.081522
0.061045
0.065508
0.059731
0.063855
0.061737
0.063235
0.060380
0.062947
0.061204
0.060028
0.062869
0.060726
0.069008
0.059356
0.063799
0.061907
0.064279
0.062439
0.061965
0.064006
0.065828
0.065457
0.063429
0.063921
0.062082
0.062654
0.062127
0.061980
0.060671
0.063410
0.063799
0.066171
0.067175
0.065783
0.063549
0.066612
0.068616
0.067468
0.070360
0.068069
0.072182
0.071250
0.069039
0.070281
0.064619
0.062025
0.071313
0.066150
0.069688
0.062553
0.068415
0.067264
0.061068
0.066758
0.067841
0.065868
0.060583
0.068102
0.070651
0.063582
0.063274
0.070882
0.071489
0.068758
0.064160
0.066220
0.060515
0.060441
0.067133
0.057203
0.057060
0.066373
0.059870
0.058874
0.058625
0.061079
0.058249
0.057558
0.058370
0.064376
0.059646
0.065537
0.059959
0.066493
0.069060
0.062925
0.060167
0.066957
0.065987
0.083332
0.074982
0.069104
0.066897
0.070137
0.070961
0.074040
0.073488
0.086623
0.157976
0.154351
0.160865
0.148227
0.160092
0.157168
0.149305
0.150403
0.145796
0.147112
0.149434
0.169513
0.151260
0.154724
0.153648
0.155610
0.155754
0.155751
0.168455
0.156435
0.155479
0.161915
0.168504
0.158747
0.160057
0.156406
0.159788
0.183131
0.170084
0.163556
0.175608
0.170003
0.162969
0.158777
0.156218
0.162176
0.170115
0.161819
0.161120
0.163158
0.156339
0.152475
0.149919
0.158650
0.159408
0.152507
0.159495
0.154262
0.150442
0.149587
0.150784
0.155368
0.157785
0.151439
0.155418
0.149320
0.151829
0.154180
0.148626
0.150095
0.145297
0.150257
0.143861
0.140348
0.086820
0.076176
0.078445
0.078902
0.071199
0.080637
0.074590
0.076850
0.082151
0.085036
0.084723
0.084753
0.084335
0.080364
0.070691
0.071634
0.078888
0.061977
0.063684
0.063326
0.063283
0.060674
0.060433
0.061867
0.062757
0.062470
0.060788
0.069404
0.064115
0.073034
0.067604
0.064197
0.063961
0.065677
0.071106
0.071521
0.066007
0.065361
0.068862
0.070964
0.076502
0.077549
0.076861
0.078520
0.077345
0.070463
0.075500
0.070270
0.067455
0.067209
0.069992
0.066669
0.070949
0.068825
0.070452
0.070336
0.074974
0.066552
0.067846
0.068025
0.070788
0.067275
0.068199
0.068218
0.064483
0.069394
0.062850
0.063943
0.070718
0.059842
0.066596
0.064651
0.072418
0.073958
0.073949
0.070192
0.068473
0.069470
0.072199
0.070478
0.067260
0.067764
0.068458
0.069662
0.073514
0.075743
0.074403
0.073002
0.072770
0.071850
0.069780
0.068300
0.067421
0.065653
0.069522
0.065067
0.067785
0.067542
0.070946
0.074700
0.078340
0.079998
0.076191
0.081037
0.084162
0.083779
0.085570
0.079138
0.090768
0.093948
0.086372
0.086717
0.085907
0.082046
0.080897
0.082238
0.094269
0.089235
0.086558
0.082835
0.083154
0.080622
0.079026
0.079384
0.097540
0.091282
0.096708
0.086208
0.085020
0.090766
0.091070
0.082188
0.088607
0.081260
0.082596
0.089284
0.096651
0.088782
0.094194
0.102589
0.101615
0.100298
0.100040
0.093323
0.095814
0.089798
0.090565
0.092102
0.101512
0.093627
0.095000
0.107202
0.107755
0.112070
0.116720
0.110354
0.107705
0.102377
0.096869
0.095904
0.100473
0.089194
0.099821
0.102459
0.089392
0.085575
0.087886
0.090418
0.091227
0.099643
0.096878
0.104615
0.118837
0.084980
0.079947
0.079725
0.081101
0.083951
0.081549
0.084585
0.084187
0.080997
0.079940
0.087391
0.088971
0.103459
0.085198
0.088104
0.088558
0.092772
0.087687
0.088711
0.088138
0.088063
0.092690
0.096996
0.090797
0.096168
0.099861
0.090342
0.097202
0.099846
0.098981
0.097930
0.083675
0.102775
0.090498
0.095494
0.094635
0.085854
0.082753
0.086760
0.101573
0.107347
0.093938
0.095264
0.079992
0.097671
0.182651
0.187052
0.201050
0.208288
0.192753
0.190224
0.102233
0.103613
0.098888
0.102491
0.105161
0.091912
0.088295
0.106832
0.089243
0.095909
0.113039
0.191187
0.190203
0.213642
0.236412
0.121384
0.124324
0.115682
0.096314
0.095257
0.102421
0.107251
0.108436
0.108164
0.117106
0.126316
0.198123
0.185521
0.194492
0.222484
0.123813
0.129887
0.129188
0.128855
0.123358
0.118233
0.116884
0.125845
0.119814
0.121738
0.189364
0.175204
0.198230
0.190489
0.200837
0.133713
0.116625
0.116858
0.087446
0.094024
0.100381
0.115948
0.115271
0.183948
0.165542
0.171087
0.173389
0.175521
0.104726
0.117326
0.085215
0.114668
0.079591
0.081205
0.083607
0.100394
0.088407
0.103694
0.099873
0.172899
0.172542
0.188051
0.112879
0.111166
0.112830
0.089821
0.103704
0.091383
0.089654
0.098597
0.110439
0.090458
0.096637
0.210128
0.185351
0.176891
0.177591
0.109802
0.114355
0.090255
0.094936
0.111580
0.105247
0.126790
0.192741
0.186957
0.190921
0.104403
0.097419
0.096401
0.091184
0.083294
0.086340
0.094167
0.081244
0.079180
0.076178
0.090170
0.088904
0.092311
0.096549
0.078806
0.095940
0.220117
0.240818
0.229280
0.208089
0.218080
0.204858
0.203745
0.210854
0.203448
0.205771
0.214814
0.222584
0.209137
0.202166
0.097653
0.094299
0.096846
0.092099
0.079912
0.089736
0.084365
0.087947
0.083939
0.095365
0.087955
0.094886
0.222318
0.214827
0.255331
0.250198
0.242633
0.252359
0.253898
0.240454
0.254834
0.245163
0.117185
0.114176
0.124128
0.100653
0.100889
0.106600
0.095076
0.082372
0.087022
0.118978
0.105668
0.219222
0.244106
0.224626
0.248873
0.249534
0.221479
0.254708
0.243158
0.233441
0.231091
0.257478
0.239049
0.138325
0.126627
0.130196
0.111941
0.117551
0.113020
0.108391
0.115018
0.114849
0.125619
0.108222
0.110370
0.216375
0.209594
0.222369
0.241179
0.233850
0.209258
0.208240
0.208901
0.224228
0.209206
0.206882
0.111293
0.127362
0.090556
0.096715
0.100310
0.100764
0.092226
0.093794
0.115883
0.108561
0.119783
0.122298
0.191423
0.208827
0.205110
0.189021
0.197392
0.200501
0.182857
0.186327
0.196224
0.189558
0.090853
0.086814
0.090288
0.077767
0.075982
0.085930
0.085456
0.074100
0.082757
0.077435
0.082144
0.191437
0.188602
0.221722
0.221091
0.215296
0.220120
0.219926
0.215459
0.220680
0.224291
0.203964
0.117213
0.099462
0.084965
0.099834
0.085803
0.079104
0.096081
0.089908
0.101594
0.083609
0.087767
0.227625
0.235361
0.224424
0.236572
0.226560
0.224258
0.236707
0.213168
0.203143
0.208379
0.211592
0.101324
0.096033
0.093706
0.093923
0.087713
0.095588
0.102368
0.092921
0.107033
0.208854
0.212024
0.220562
0.245138
0.210386
0.226711
0.213951
0.077708
0.075313
0.059834
0.061754
0.067774
0.062948
0.067197
0.060631
0.069842
0.061044
0.059116
0.075216
0.081752
0.081284
0.084388
0.086465
0.081642
0.080099
0.083615
0.074178
0.071315
0.075766
0.082946
0.079871
0.077459
0.073438
0.075370
0.065877
0.062984
0.068664
0.066306
0.064643
0.066648
0.060423
0.060344
0.071886
0.071721
0.064497
0.072317
0.067616
0.063805
0.070052
0.066258
0.071609
0.070566
0.061853
0.066634
0.062617
0.059730
0.057153
0.058645
0.068503
0.064531
0.064895
0.066100
0.063238
0.063607
0.063349
0.065016
0.063862
0.062604
0.062497
0.060211
0.062960
0.064458
0.082488
0.089112
0.095891
0.097138
0.088955
0.096621
0.110504
0.136203
0.135987
0.113414
0.134764
0.106616
0.122314
0.106913
0.102850
0.132202
0.090973
0.090897
0.084668
0.082474
0.078128
0.080079
0.086192
0.092700
0.097112
0.097671
0.085967
0.101244
0.133265
0.109925
0.136643
0.112889
0.136573
0.137038
0.111098
0.114113
0.128917
0.111630
0.108123
0.131478
0.094464
0.095575
0.103244
0.131109
0.095618
0.088774
0.087479
0.088857
0.088628
0.091794
0.131362
0.106566
0.084565
0.085655
0.089108
0.093130
0.105024
0.098118
0.088438
0.103355
0.132087
0.112169
0.131659
0.107309
0.134989
0.140132
0.115455
0.109961
0.091594
0.100592
0.090054
0.096496
0.133686
0.114940
0.134030
0.107107
0.112017
0.107058
0.130287
0.093522
0.094985
0.080786
0.084274
0.126338
0.100596
0.099175
0.089720
0.087539
0.098222
0.132696
0.091049
0.079849
0.077297
0.084608
0.085240
0.088050
0.131751
0.107514
0.081855
0.090730
0.083094
0.091616
0.126012
0.101627
0.129221
0.102539
0.125763
0.110023
0.104594
0.132262
0.098726
0.093533
0.087897
0.083763
0.092104
0.101356
0.090437
0.096103
0.133929
0.114288
0.132578
0.104084
0.101746
0.128875
0.092160
0.084831
0.091504
0.091863
0.094515
0.102961
0.093198
0.087422
0.090449
0.090741
0.091817
0.089912
0.087127
0.091819
0.096026
0.094064
0.100072
0.100494
0.087092
0.088794
0.089379
0.099697
0.087206
0.085564
0.085030
0.089810
0.086187
0.114769
0.114781
0.120817
0.120462
0.126872
0.124632
0.121183
0.121714
0.113992
0.112768
0.109269
0.114745
0.109805
0.107556
0.116039
0.115204
0.113300
0.105758
0.106708
0.103303
0.106169
0.104527
0.102392
0.106336
0.106351
0.105657
0.100342
0.101716
0.094436
0.102199
0.101391
0.097054
0.098197
0.099385
0.098272
0.100894
0.090399
0.099150
0.087040
0.089820
0.087885
0.090642
0.098015
0.099406
0.093825
0.098184
0.093519
0.099285
0.112333
0.114160
0.103487
0.110869
0.108136
0.117809
0.179420
0.197412
0.198562
0.180398
0.219615
0.217134
0.196231
0.172910
0.213722
0.186910
0.216909
0.184947
0.190279
0.188348
0.184390
0.199144
0.214134
0.196472
0.209700
0.173409
0.170359
0.210324
0.216447
0.187607
0.178370
0.193551
0.214401
0.213653
0.220704
0.211488
0.177442
0.226504
0.183036
0.176016
0.206864
0.216018
0.205429
0.179917
0.208968
0.194800
0.227008
0.244778
0.237244
0.195097
0.194779
0.165933
0.181823
0.159018
0.133136
0.153482
0.162013
0.140020
0.162800
0.176902
0.185903
0.153713
0.153711
0.153807
0.151124
0.187428
0.153438
0.155019
0.154836
0.156136
0.172211
0.178811
0.153306
0.153182
0.155212
0.155329
0.152932
0.151711
0.153738
0.154010
0.175100
0.169472
0.150652
0.151235
0.149665
0.149493
0.164589
0.163442
0.165986
0.168470
0.172945
0.175809
0.152648
0.153825
0.151971
0.150484
0.154872
0.156023
0.168919
0.175216
0.156233
0.175915
0.170230
0.170352
0.180055
0.182891
0.172320
0.179845
0.172527
0.176667
0.168929
0.193120
0.189835
0.194586
0.188575
0.175566
0.179439
0.180008
0.188172
0.196589
0.184000
0.213069
0.201510
0.194752
0.206312
0.191280
0.201958
0.190344
0.199573
0.208031
0.187690
0.193854
0.212070
0.212439
0.185926
0.183118
0.189017
0.175645
0.171146
0.173544
0.171304
0.170625
0.168199
0.167374
0.166940
0.170440
0.166059
0.157758
0.166222
0.166181
0.165210
0.176766
0.168727
0.177853
0.184909
0.168145
0.154536
0.149590
0.070329
0.079463
0.070254
0.061021
0.060645
0.065459
0.071391
0.068327
0.073032
0.082975
0.075476
0.068207
0.072604
0.074564
0.066863
0.067842
0.075122
0.076222
0.069676
0.067496
0.073207
0.067075
0.073734
0.076384
0.072781
0.082741
0.080091
0.076031
0.080020
0.081323
0.072939
0.069785
0.069299
0.064974
0.067378
0.078258
0.069625
0.076320
0.078374
0.080786
0.070407
0.069184
0.065496
0.068367
0.066496
0.067915
0.070478
0.076185
0.070867
0.070757
0.069111
0.067757
0.066596
0.065547
0.071102
0.073489
0.068493
0.075772
0.081789
0.078634
0.078730
0.075294
0.075824
0.073407
0.086155
0.084466
0.081918
0.083081
0.081600
0.080602
0.082469
0.080071
0.080189
0.087531
0.077454
0.075834
0.098970
0.079548
0.078313
0.083632
0.078024
0.075945
0.088046
0.086997
0.076165
0.089349
0.088817
0.082750
0.080958
0.081763
0.078671
0.077978
0.081042
0.079357
0.087332
0.082215
0.085190
0.082479
0.080355
0.080629
0.080132
0.079525
0.079960
0.092479
0.090907
0.091196
0.092666
0.088831
0.088472
0.082970
0.089637
0.087694
0.089197
0.083685
0.087475
0.087785
0.084067
0.086325
0.085189
0.080206
0.076135
0.080221
0.084479
0.082952
0.075976
0.081744
0.074029
0.075247
0.089435
0.099228
0.117701
0.107280
0.091685
0.101387
0.088117
0.085231
0.091425
0.094393
0.101377
0.107376
0.111950
0.122394
0.117673
0.104373
0.114759
0.094881
0.091104
0.102659
0.088416
0.089077
0.101068
0.112287
0.256782
0.259154
0.267715
0.253305
0.243746
0.270092
0.273400
0.262095
0.282609
0.288591
0.287867
0.262990
0.275754
0.270075
0.265835
0.269567
0.257213
0.259895
0.261706
0.273342
0.265479
0.258501
0.275379
0.250279
0.247679
0.264580
0.239061
0.229175
0.229232
0.253398
0.232670
0.250396
0.241277
0.215003
0.220770
0.248835
0.246564
0.240903
0.215210
0.256649
0.258891
0.211724
0.256455
0.260687
0.211307
0.263677
0.219939
0.240127
0.244424
0.268173
0.241499
0.272892
0.239016
0.266437
0.244592
0.263212
0.267330
0.250312
0.235071
0.231009
0.242600
0.269272
0.262752
0.243749
0.244342
0.245166
0.280660
0.277102
0.246992
0.276764
0.245460
0.250952
0.241644
0.273857
0.276367
0.244788
0.278803
0.259226
0.235184
0.238992
0.261250
0.238563
0.258447
0.236201
0.240644
0.240954
0.272248
0.267612
0.238706
0.242835
0.236508
0.253445
0.245905
0.245043
0.244313
0.244920
0.228743
0.246181
0.259954
0.264369
0.213945
0.252437
0.218339
0.219642
0.247846
0.237519
0.287559
0.294265
0.249447
0.241274
0.303394
0.306463
0.268965
0.274361
0.262757
0.263567
0.293289
0.272644
0.263579
0.275752
0.297100
0.286286
0.301231
0.287714
0.295994
0.289908
0.285010
0.275249
0.262520
0.286487
0.288316
0.267220
0.274299
0.273719
0.272268
0.280824
0.276223
0.304298
0.289821
0.287093
0.266814
0.255444
0.244803
0.259133
0.273231
0.256816
0.263995
0.259263
0.256827
0.267487
0.267143
0.290204
0.283974
0.259613
0.251119
0.252286
0.269523
0.277058
0.262173
0.284877
0.259999
0.277902
0.267089
0.265874
0.261095
0.257108
0.272673
0.270041
0.301713
0.293267
0.266896
0.263408
0.258853
0.280174
0.280224
0.268075
0.309295
0.283007
0.275903
0.285145
0.281587
0.285932
0.279360
0.287492
0.279370
0.290021
0.284440
0.282252
0.298029
0.281453
0.264781
0.248364
0.295076
0.286508
0.284151
0.282786
0.253807
0.224575
0.273105
0.283755
0.266262
0.289708
0.265997
0.276263
0.251604
0.292308
0.286122
0.279304
0.299371
0.291277
0.265748
0.261382
0.258507
0.260069
0.272837
0.276209
0.282671
0.298090
0.305705
0.280503
0.281986
0.284232
0.281815
0.280327
0.288000
0.276265
0.276102
0.273117
0.281253
0.279601
0.280383
0.300342
0.297293
0.296677
0.298469
0.285034
0.283218
0.299361
0.288251
0.296140
0.291639
0.276279
0.281064
0.285626
0.297247
0.310707
0.309367
0.325990
0.313317
0.334443
0.332751
0.319810
0.308610
0.295648
0.311736
0.301671
0.293370
0.300572
0.266973
0.277767
0.284511
0.281383
0.291277
0.274348
0.254634
0.271931
0.255375
0.259319
0.253045
0.257940
0.306642
0.259912
0.288148
0.284712
0.329423
0.299222
0.301866
0.334403
0.341359
0.348135
0.334574
0.341001
0.328828
0.302112
0.297821
0.326366
0.310790
0.302859
0.306967
0.300501
0.276531
0.271530
0.261418
0.274751
0.308429
0.298433
0.291995
0.301336
0.297989
0.294942
0.307415
0.296921
0.300492
0.261781
0.274721
0.281431
0.302044
0.298047
0.305269
0.309510
0.311725
0.305954
0.314005
0.298021
0.285720
0.285182
0.281843
0.278329
0.276118
0.285708
0.300896
0.308134
0.325998
0.307769
0.314272
0.302624
0.313823
0.299949
0.283941
0.268804
0.281474
0.273055
0.282360
0.284948
0.293015
0.302940
0.306257
0.318959
0.335855
0.331224
0.330756
0.304333
0.299366
0.347067
0.336250
0.343993
0.318959
0.289449
0.297118
0.297927
0.298234
0.298700
0.307594
0.306033
0.296503
0.298943
0.302949
0.305942
0.311865
0.318414
0.308181
0.320915
0.309018
0.301790
0.301854
0.300325
0.301133
0.313561
0.311848
0.302368
0.306202
0.301521
0.305011
0.308845
0.307430
0.323045
0.314991
0.315845
0.322541
0.305071
0.317439
0.302771
0.305520
0.310388
0.315963
0.317469
0.340604
0.319466
0.333633
0.314730
0.300632
0.335451
0.296433
0.288890
0.280303
0.278706
0.278840
0.284116
0.268188
0.274506
0.279092
0.279317
0.278977
0.281377
0.291477
0.272773
0.290390
0.300496
0.274478
0.278100
0.302846
0.285777
0.306537
0.288656
0.318756
0.292217
0.295531
0.292376
0.283545
0.317813
0.278394
0.291430
0.293398
0.294052
0.292374
0.293600
0.292147
0.317184
0.317180
0.325972
0.293560
0.282574
0.289121
0.293325
0.307055
0.305921
0.287083
0.312440
0.278919
0.281149
0.277543
0.296181
0.276022
0.280105
0.284403
0.285915
0.299046
0.300587
0.288705
0.319049
0.288794
0.283246
0.309943
0.282401
0.309679
0.277338
0.311321
0.320266
0.316972
0.278510
0.308633
0.303607
0.347150
0.355071
0.338875
0.342028
0.364957
0.359692
0.336313
0.338782
0.325078
0.330750
0.330613
0.332138
0.339740
0.355419
0.339525
0.325856
0.326279
0.345547
0.323678
0.308644
0.333609
0.326630
0.340358
0.343355
0.338279
0.329511
0.357006
0.367163
0.355200
0.382659
0.387680
0.347809
0.342799
0.386410
0.375903
0.369703
0.378651
0.370720
0.349649
0.362703
0.356698
0.359804
0.368267
0.353550
0.390598
0.402512
0.381002
0.399098
0.389694
0.369761
0.352048
0.399965
0.387877
0.361332
0.380725
0.388391
0.351638
0.336439
0.359814
0.345858
0.337145
0.350759
0.338948
0.354485
0.366183
0.353374
0.336954
0.365082
0.370490
0.362559
0.345965
0.361047
0.360016
0.375739
0.364007
0.352932
0.373841
0.367951
0.365493
0.357680
0.376618
0.361137
0.375011
0.356095
0.357886
0.366018
0.342260
0.346580
0.327679
0.330767
0.278845
0.289807
0.295645
0.302623
0.288121
0.328311
0.337275
0.356104
0.325790
0.341721
0.320328
0.368388
0.343448
0.345311
0.353373
0.346778
0.332336
0.330657
0.320654
0.308534
0.337302
0.332820
0.363604
0.354412
0.357781
0.363037
0.360057
0.341669
0.339432
0.364691
0.350562
0.367335
0.347903
0.358451
0.359954
0.344504
0.346964
0.348954
0.365551
0.365431
0.339142
0.384381
0.367769
0.363166
0.347163
0.337208
0.331630
0.348811
0.348882
0.391988
0.367138
0.371352
0.387995
0.352311
0.373832
0.321263
0.346522
0.367818
0.345278
0.354119
0.362496
0.304047
0.338896
0.298852
0.296244
0.310424
0.317627
0.347855
0.350395
0.328300
0.314544
0.300320
0.347741
0.339474
0.345559
0.359954
0.327396
0.301634
0.309660
0.311325
0.313419
0.345899
0.368916
0.349840
0.370669
0.347855
0.346127
0.311786
0.312060
0.306609
0.315417
0.352198
0.316226
0.366568
0.368369
0.412829
0.384241
0.363349
0.358133
0.388833
0.348523
0.306339
0.303607
0.339420
0.353106
0.357518
0.361074
0.362212
0.364363
0.363908
0.368706
0.377105
0.365556
0.371343
0.372611
0.381799
0.359369
0.357728
0.356352
0.345788
0.370496
0.354831
0.397904
0.416335
0.413244
0.421857
0.395327
0.381652
0.394866
0.402850
0.399797
0.403709
0.410868
0.361717
0.368406
0.366753
0.363557
0.355332
0.375009
0.367242
0.372682
0.373288
0.364616
0.373224
0.360634
0.362131
0.383196
0.366359
0.384621
0.378890
0.382482
0.383350
0.381768
0.376363
0.388694
0.388074
0.398158
0.390217
0.387327
0.388421
0.362953
0.373080
0.374097
0.367833
0.369468
0.379001
0.341657
0.359417
0.362399
0.332266
0.302619
0.299589
0.333135
0.303201
0.308685
0.313698
0.317310
0.301010
0.314351
0.304392
0.297777
0.298043
0.294978
0.282974
0.298975
0.290169
0.292241
0.274505
0.296196
0.266453
0.267685
0.264001
0.278901
0.260566
0.284929
0.293159
0.259087
0.292675
0.265223
0.270686
0.263229
0.289789
0.292859
0.298820
0.321671
0.296016
0.323999
0.304032
0.313017
0.320648
0.315057
0.323241
0.299312
0.327088
0.292294
0.313270
0.331225
0.316715
0.292547
0.316963
0.319968
0.319929
0.316128
0.318502
0.299843
0.284672
0.285421
0.298824
0.287144
0.285736
0.321827
0.316015
0.284142
0.320860
0.293118
0.298042
0.281471
0.318744
0.296019
0.314727
0.302319
0.276975
0.318393
0.276348
0.306752
0.274984
0.268013
0.267888
0.286873
0.271160
0.275934
0.272793
0.271083
0.290848
0.321311
0.269476
0.269065
0.309428
0.266216
0.267854
0.309290
0.265337
0.281474
0.258803
0.268787
0.279160
0.296970
0.277701
0.315662
0.287552
0.295596
0.311617
0.292745
0.294589
0.329205
0.298444
0.302211
0.347140
0.341869
0.350382
0.347972
0.317718
0.338703
0.322820
0.349781
0.328871
0.311771
0.349413
0.304438
0.306039
0.305255
0.320745
0.341263
0.332624
0.344705
0.344930
0.339786
0.350302
0.342468
0.374324
0.338153
0.350387
0.341385
0.336503
0.325857
0.337082
0.334139
0.342940
0.331287
0.332252
0.321395
0.349821
0.334511
0.327731
0.334066
0.322631
0.326713
0.349485
0.327210
0.326330
0.355496
0.349808
0.338572
0.328465
0.345628
0.347281
0.333150
0.347389
0.339284
0.336069
0.349026
0.375788
0.363305
0.406554
0.376239
0.369338
0.350572
0.380739
0.377218
0.390683
0.369044
0.363665
0.360971
0.358509
0.356268
0.345591
0.340291
0.367223
0.367843
0.355314
0.369565
0.375202
0.344483
0.368548
0.361342
0.366684
0.360757
0.364481
0.349035
0.332203
0.380617
0.368486
0.376974
0.355032
0.318832
0.286103
0.323020
0.289426
0.292116
0.327747
0.329801
0.348373
0.333925
0.315714
0.355685
0.351087
0.361667
0.359031
0.330324
0.366457
0.349160
0.315681
0.372800
0.334296
0.365881
0.375749
0.380861
0.379971
0.365714
0.371341
0.363648
0.366432
0.373754
0.354708
0.339155
0.363518
0.369565
0.371258
0.374060
0.374959
0.366343
0.371637
0.343567
0.370725
0.363567
0.340110
0.359100
0.354863
0.356024
0.351915
0.322798
0.365598
0.364086
0.371451
0.341713
0.298893
0.348006
0.327555
0.333913
0.355005
0.356655
0.366457
0.386658
0.385092
0.397247
0.386008
0.375668
0.319446
0.392140
0.356576
0.359705
0.370507
0.321832
0.333615
0.318029
0.320958
0.341541
0.342771
0.334631
0.331630
0.311041
0.321046
0.345016
0.358154
0.319599
0.357368
0.374415
0.370194
0.368938
0.376612
0.361041
0.352292
0.336166
0.303982
0.338470
0.381894
0.358813
0.381094
0.378525
0.366718
0.335244
0.336584
0.338418
0.344264
0.344022
0.349001
0.349351
0.354596
0.342982
0.353373
0.352053
0.344049
0.341763
0.334677
0.344964
0.346671
0.353403
0.358501
0.342903
0.332767
0.351828
0.370386
0.362044
0.365539
0.366917
0.366857
0.354932
0.357081
0.366096
0.364866
0.400472
0.382654
0.399394
0.421655
0.422422
0.407267
0.420241
0.411604
0.390645
0.403637
0.395691
0.384196
0.375226
0.378196
0.389354
0.377469
0.379894
0.372421
0.363954
0.363887
0.359225
0.364177
0.370705
0.373572
0.371044
0.358577
0.379322
0.378154
0.384848
0.366236
0.306534
0.294578
0.278587
0.288389
0.293111
0.297174
0.278610
0.284942
0.290999
0.287160
0.270435
0.293328
0.308803
0.280413
0.286646
0.283703
0.279106
0.288826
0.286252
0.283151
0.286497
0.284203
0.287102
0.280361
0.284883
0.281542
0.291451
0.288009
0.282995
0.301940
0.283825
0.281957
0.283807
0.280203
0.296171
0.278656
0.279536
0.280382
0.293210
0.278979
0.283897
0.280870
0.289521
0.288438
0.307951
0.296468
0.310508
0.290269
0.290678
0.292626
0.290611
0.290817
0.284824
0.313003
0.281294
0.282651
0.279788
0.288210
0.287031
0.309807
0.293557
0.299080
0.288046
0.282305
0.295403
0.277875
0.274680
0.299388
0.280896
0.288214
0.277095
0.269322
0.269597
0.297749
0.261923
0.257915
0.275876
0.258227
0.260670
0.266042
0.263835
0.280692
0.272771
0.267299
0.284094
0.266458
0.279437
0.262662
0.262856
0.261294
0.281737
0.285255
0.265116
0.276317
0.278991
0.272324
0.309524
0.297861
0.315541
0.333021
0.287841
0.295412
0.312323
0.322078
0.307395
0.302497
0.326690
0.334814
0.329901
0.322874
0.327718
0.326657
0.334648
0.312721
0.333367
0.308154
0.313960
0.315568
0.318849
0.319775
0.333349
0.321416
0.315214
0.321358
0.332045
0.331347
0.327933
0.322983
0.331869
0.323554
0.318608
0.337355
0.347584
0.343656
0.327469
0.341954
0.331661
0.326777
0.321991
0.318856
0.338192
0.335123
0.348270
0.340205
0.328636
0.354102
0.340891
0.343433
0.354035
0.339122
0.333835
0.333926
0.322074
0.330283
0.311577
0.318855
0.363034
0.375826
0.344712
0.387008
0.376229
0.337830
0.368265
0.374425
0.361705
0.365176
0.353749
0.332325
0.389111
0.334398
0.359355
0.348027
0.314892
0.340800
0.333548
0.324455
0.317315
0.325295
0.320502
0.333371
0.326024
0.331089
0.341197
0.325396
0.314725
0.343003
0.327297
0.325499
0.336912
0.307905
0.306144
0.286901
0.289781
0.315868
0.317226
0.315166
0.327558
0.325337
0.294612
0.343061
0.318374
0.325957
0.340715
0.343631
0.326509
0.330774
0.300019
0.298950
0.341949
0.334253
0.338656
0.340536
0.345940
0.345330
0.319339
0.317220
0.351323
0.351861
0.337130
0.347746
0.339701
0.351205
0.328734
0.343752
0.341221
0.333840
0.345938
0.351289
0.343324
0.342962
0.349386
0.346125
0.338895
0.327407
0.334171
0.342578
0.352525
0.354082
0.325899
0.344394
0.341694
0.295440
0.317517
0.339578
0.349093
0.306254
0.317407
0.361868
0.337247
0.313796
0.315428
0.274940
0.322714
0.293579
0.332437
0.323807
0.382248
0.367682
0.317646
0.340376
0.302370
0.361573
0.332980
0.344498
0.356000
0.326955
0.305999
0.298500
0.332299
0.338073
0.337447
0.327350
0.329802
0.327526
0.299650
0.301219
0.293074
0.294654
0.306616
0.304526
0.345392
0.358583
0.338632
0.366246
0.342798
0.333130
0.345050
0.332601
0.326102
0.317009
0.327954
0.342465
0.338284
0.331756
0.335417
0.328066
0.334565
0.345252
0.342109
0.350108
0.341337
0.355014
0.337071
0.336348
0.332480
0.332559
0.334640
0.344061
0.355157
0.348851
0.356132
0.344872
0.354250
0.336011
0.358272
0.326720
0.332993
0.342346
0.372867
0.373663
0.400502
0.394430
0.393800
0.407442
0.363924
0.378071
0.397350
0.393199
0.395874
0.365608
0.355541
0.342451
0.340756
0.352665
0.331706
0.332981
0.342121
0.341557
0.347084
0.330824
0.344570
0.338902
0.266407
0.272967
0.258027
0.234688
0.253490
0.248469
0.239466
0.224635
0.198434
0.199000
0.197166
0.211193
0.262788
0.246423
0.181340
0.226264
0.171860
0.169672
0.204721
0.173321
0.171545
0.211065
0.169414
0.182506
0.231542
0.182323
0.182296
0.190663
0.188432
0.188461
0.223244
0.178299
0.188824
0.210877
0.182074
0.225760
0.214270
0.192258
0.216080
0.193057
0.217589
0.248815
0.213275
0.238430
0.199107
0.188845
0.214997
0.213137
0.238355
0.229144
0.194501
0.210275
0.213540
0.191870
0.207557
0.213470
0.254692
0.205646
0.197418
0.250414
0.194100
0.191305
0.231838
0.193329
0.197481
0.245100
0.213799
0.213316
0.253468
0.204680
0.252373
0.249756
0.209544
0.255138
0.251428
0.236295
0.239375
0.258983
0.233860
0.220762
0.251749
0.227295
0.250719
0.233524
0.254613
0.239699
0.241825
0.254456
0.242630
0.248924
0.261107
0.254437
0.257833
0.254477
0.243887
0.262394
0.237555
0.241477
0.235417
0.239339
0.251028
0.248913
0.257384
0.248808
0.278434
0.255068
0.256476
0.268940
0.248512
0.250341
0.257785
0.248191
0.266557
0.257554
0.255555
0.258074
0.274151
0.275860
0.265525
0.255446
0.253670
0.267639
0.279925
0.367915
0.349589
0.342650
0.344592
0.373258
0.337242
0.337662
0.324190
0.360258
0.345666
0.371655
0.347196
0.341457
0.332640
0.372691
0.351386
0.373638
0.362864
0.352522
0.331586
0.347686
0.344357
0.360078
0.343311
0.352112
0.339097
0.345982
0.359595
0.367166
0.364359
0.371452
0.368616
0.351165
0.369882
0.363106
0.352249
0.360632
0.362680
0.342963
0.340831
0.343480
0.348397
0.356730
0.340823
0.333801
0.357527
0.393050
0.367179
0.357555
0.337417
0.375970
0.366401
0.366715
0.349936
0.370808
0.346611
0.340709
0.395594
0.370383
0.376325
0.379969
0.369290
0.348511
0.370565
0.349407
0.341487
0.338245
0.355754
0.327715
0.349868
0.315276
0.254101
0.263540
0.273510
0.312498
0.264411
0.306029
0.326179
0.266680
0.322736
0.276167
0.322101
0.276542
0.279519
0.288926
0.330613
0.342187
0.334304
0.329408
0.301585
0.288148
0.269104
0.321056
0.316393
0.318866
0.274781
0.298248
0.310760
0.321982
0.323296
0.300242
0.333198
0.258076
0.277315
0.294802
0.296033
0.331154
0.311482
0.315761
0.279076
0.272338
0.275654
0.280352
0.291698
0.276580
0.287520
0.324593
0.321809
0.300086
0.300698
0.337420
0.326269
0.330412
0.286971
0.312594
0.284193
0.293992
0.293623
0.291104
0.322849
0.298269
0.268534
0.306959
0.298806
0.328001
0.296538
0.283110
0.254549
0.246454
0.233721
0.307658
0.301069
0.316360
0.263815
0.260744
0.245528
0.276084
0.322814
0.300958
0.294940
0.382945
0.378497
0.358584
0.397239
0.354651
0.397770
0.392173
0.340467
0.380839
0.379312
0.339415
0.372469
0.391032
0.380877
0.360384
0.407421
0.373858
0.394371
0.417721
0.340096
0.353373
0.353983
0.338333
0.340074
0.361300
0.332976
0.339227
0.363908
0.371280
0.340087
0.367389
0.369326
0.329318
0.340969
0.367401
0.364580
0.362294
0.374155
0.374022
0.372435
0.352258
0.371577
0.377433
0.378614
0.357385
0.403379
0.404650
0.372543
0.419746
0.395951
0.351598
0.377771
0.368015
0.384991
0.396848
0.391384
0.368192
0.401620
0.370377
0.374783
0.400007
0.357957
0.357792
0.341514
0.339322
0.355068
0.352713
0.361515
0.335076
0.368444
0.361442
0.352993
0.346159
0.255091
0.257787
0.246907
0.212212
0.222418
0.228362
0.196145
0.211320
0.189671
0.194028
0.197237
0.246033
0.225306
0.180717
0.221712
0.177059
0.222708
0.186260
0.182433
0.215416
0.179003
0.168635
0.222447
0.173987
0.181962
0.174746
0.214047
0.179537
0.213711
0.179964
0.185782
0.189933
0.234263
0.187520
0.232459
0.203253
0.201269
0.221017
0.202505
0.192267
0.206024
0.209850
0.207623
0.225143
0.256913
0.243619
0.220938
0.238222
0.190059
0.211469
0.191535
0.252593
0.213899
0.196901
0.187679
0.181110
0.213567
0.187475
0.175563
0.249151
0.186947
0.171514
0.222519
0.174281
0.181710
0.217175
0.188265
0.193940
0.230949
0.196008
0.206533
0.200408
0.208364
0.242377
0.209218
0.237522
0.223194
0.218438
0.211759
0.248764
0.207604
0.207320
0.236887
0.211600
0.235977
0.205217
0.251899
0.223063
0.235074
0.251194
0.224050
0.229243
0.252637
0.233145
0.247054
0.253624
0.234647
0.266555
0.245108
0.244937
0.243349
0.269971
0.239041
0.245184
0.254193
0.243664
0.263651
0.248915
0.248690
0.269530
0.251781
0.242023
0.278989
0.247230
0.232363
0.242957
0.235670
0.231962
0.218175
0.237191
0.220717
0.266070
0.233884
0.209531
0.210454
0.223717
0.249504
0.339678
0.328489
0.347091
0.345613
0.320579
0.315447
0.328306
0.358321
0.345703
0.352659
0.356045
0.340011
0.333531
0.320103
0.351126
0.339536
0.348641
0.346731
0.330817
0.356486
0.358056
0.349742
0.359610
0.353225
0.331324
0.364886
0.347876
0.354209
0.329922
0.314824
0.329360
0.337015
0.318703
0.361062
0.318597
0.320672
0.347921
0.338479
0.333224
0.346593
0.336884
0.319664
0.315111
0.314899
0.320999
0.339306
0.313915
0.341535
0.343685
0.321582
0.353415
0.339208
0.346732
0.335670
0.311972
0.340463
0.346369
0.367542
0.342988
0.315205
0.288886
0.370763
0.346083
0.324443
0.313750
0.317779
0.312492
0.289159
0.239640
0.256027
0.261068
0.278804
0.255065
0.301167
0.315199
0.314932
0.314553
0.318980
0.336984
0.328516
0.277496
0.266010
0.278995
0.340484
0.339833
0.328969
0.329159
0.303094
0.296497
0.299262
0.266046
0.323824
0.316381
0.300541
0.289417
0.295329
0.306960
0.311924
0.313934
0.309765
0.328544
0.290855
0.284708
0.286649
0.310087
0.315299
0.326507
0.315553
0.263793
0.260983
0.269424
0.275070
0.295145
0.280214
0.301576
0.335995
0.319155
0.311752
0.292555
0.271119
0.278354
0.333155
0.346276
0.330216
0.332265
0.271697
0.333653
0.323093
0.328453
0.274446
0.274465
0.277062
0.286781
0.298064
0.259647
0.315889
0.286201
0.327414
0.280251
0.284746
0.279803
0.271387
0.326394
0.320746
0.323616
0.321350
0.270503
0.267653
0.272311
0.285415
0.311246
0.314869
0.321462
0.253957
0.347666
0.356366
0.357283
0.372505
0.373585
0.367000
0.373013
0.370989
0.364569
0.332899
0.365529
0.372182
0.353999
0.360674
0.353401
0.359431
0.348775
0.370645
0.370950
0.372337
0.366187
0.364706
0.367718
0.374902
0.344847
0.358103
0.375156
0.378880
0.334553
0.359611
0.382166
0.388932
0.392921
0.356454
0.392906
0.376030
0.392247
0.387431
0.351831
0.381659
0.368669
0.362716
0.343000
0.353628
0.352747
0.349117
0.344417
0.342501
0.362784
0.360902
0.344613
0.339916
0.355324
0.350442
0.329980
0.352717
0.352856
0.348982
0.373626
0.368616
0.358453
0.341130
0.349641
0.375991
0.356738
0.358613
0.320982
0.259741
0.227523
0.229723
0.198459
0.234036
0.228787
0.211390
0.226186
0.186407
0.182774
0.236926
0.191300
0.180959
0.167187
0.166333
0.189037
0.163217
0.161186
0.204146
0.166900
0.163157
0.213062
0.160203
0.205657
0.165164
0.205965
0.169470
0.180520
0.166154
0.180751
0.217774
0.171104
0.224467
0.191500
0.194004
0.224580
0.187374
0.226467
0.207189
0.196248
0.204913
0.195983
0.199089
0.201349
0.228439
0.205503
0.216769
0.179407
0.179376
0.192158
0.184509
0.202122
0.187764
0.201160
0.181038
0.216562
0.191939
0.213883
0.181806
0.226922
0.186974
0.176654
0.227324
0.179698
0.208867
0.186309
0.218753
0.188639
0.226559
0.187088
0.224298
0.200430
0.193757
0.189965
0.189363
0.218714
0.192825
0.192045
0.212647
0.203341
0.197727
0.241319
0.227361
0.201354
0.198045
0.228846
0.198254
0.231180
0.200908
0.222712
0.176975
0.168237
0.234363
0.187933
0.184273
0.206067
0.185408
0.216665
0.175616
0.221414
0.169562
0.173974
0.215218
0.171093
0.169702
0.215446
0.179887
0.218296
0.227523
0.184555
0.216353
0.254194
0.189754
0.225384
0.198026
0.227529
0.177827
0.185746
0.216166
0.192415
0.241547
0.233023
0.215437
0.257491
0.265751
0.244717
0.246875
0.235951
0.230860
0.250957
0.258305
0.257680
0.324118
0.308563
0.324832
0.328683
0.303189
0.295503
0.354203
0.326377
0.337961
0.344750
0.315631
0.317287
0.321142
0.340499
0.316615
0.333748
0.323091
0.310759
0.329655
0.320339
0.327901
0.325549
0.316106
0.334534
0.337708
0.331526
0.330964
0.314821
0.309486
0.293260
0.310769
0.316261
0.314300
0.304916
0.323366
0.307621
0.320456
0.309433
0.289988
0.269639
0.326054
0.340610
0.309942
0.336651
0.338176
0.292483
0.348848
0.334473
0.317896
0.316446
0.308906
0.347027
0.323542
0.337281
0.342165
0.333386
0.314924
0.336381
0.329411
0.326442
0.341351
0.327567
0.328304
0.349741
0.330185
0.313592
0.298072
0.300167
0.207164
0.230976
0.251285
0.261076
0.299471
0.264966
0.302763
0.267321
0.253381
0.298975
0.313189
0.305355
0.259694
0.264491
0.303737
0.291279
0.292886
0.317658
0.287928
0.257690
0.289876
0.278487
0.309071
0.298278
0.304756
0.288526
0.298300
0.304329
0.319826
0.304397
0.278151
0.280359
0.261645
0.270025
0.283533
0.304321
0.309048
0.302945
0.301040
0.257231
0.267020
0.261444
0.234601
0.259231
0.256646
0.301381
0.306120
0.283525
0.306265
0.258584
0.252790
0.296251
0.286664
0.294063
0.231010
0.237161
0.282933
0.255043
0.260554
0.260997
0.260950
0.284707
0.271740
0.244379
0.275341
0.273418
0.284695
0.270496
0.251418
0.233999
0.235213
0.231940
0.278464
0.285094
0.294720
0.282277
0.254486
0.264705
0.278053
0.278890
0.280943
0.274877
0.316706
0.338487
0.334650
0.342174
0.326310
0.352075
0.362388
0.335367
0.368000
0.332499
0.365898
0.359807
0.328175
0.357051
0.363187
0.361105
0.320650
0.326267
0.345266
0.340419
0.356853
0.323026
0.316794
0.332860
0.313307
0.328772
0.325273
0.310889
0.334754
0.314102
0.344796
0.352576
0.317034
0.330429
0.297966
0.301063
0.320715
0.325468
0.325669
0.324910
0.343917
0.314685
0.343937
0.332578
0.353830
0.325818
0.339685
0.346225
0.347405
0.351646
0.353266
0.343412
0.337847
0.334692
0.353384
0.341573
0.360499
0.350257
0.328159
0.319258
0.338049
0.327117
0.343112
0.355790
0.337137
0.331164
0.321497
0.328584
0.339736
0.366587
0.356981
0.340497
0.331428
0.332855
0.334877
0.242573
0.252066
0.229082
0.195009
0.219437
0.219529
0.186786
0.206065
0.175221
0.206512
0.173290
0.233484
0.205817
0.175747
0.172898
0.210518
0.205069
0.173653
0.169356
0.190591
0.163506
0.165814
0.198445
0.165226
0.160971
0.159929
0.216069
0.164689
0.200783
0.175954
0.180617
0.165258
0.174316
0.179469
0.202326
0.187967
0.211849
0.195302
0.213886
0.202027
0.199676
0.194465
0.191770
0.193554
0.226143
0.187715
0.182817
0.229731
0.181956
0.225754
0.195416
0.194697
0.210936
0.203113
0.184417
0.195031
0.199926
0.187640
0.175473
0.180700
0.221941
0.177403
0.178101
0.205854
0.178396
0.181155
0.185023
0.171936
0.205396
0.181834
0.165688
0.211415
0.165697
0.219983
0.168729
0.196131
0.164495
0.169284
0.221724
0.169285
0.164177
0.210096
0.162911
0.176618
0.223051
0.179017
0.182152
0.221276
0.173151
0.173947
0.178452
0.212310
0.188932
0.186834
0.189700
0.240968
0.188669
0.186118
0.209470
0.192999
0.217858
0.195141
0.198094
0.235771
0.201519
0.224185
0.190693
0.195538
0.215328
0.199652
0.226087
0.203085
0.212335
0.250709
0.204718
0.229346
0.200051
0.197991
0.219606
0.211581
0.252628
0.232814
0.315979
0.319215
0.348910
0.312104
0.305105
0.307462
0.296612
0.318984
0.345443
0.321493
0.335925
0.311936
0.344482
0.335917
0.357551
0.341106
0.359176
0.351918
0.343396
0.315013
0.335239
0.328399
0.315578
0.316458
0.330228
0.312861
0.304244
0.314823
0.338707
0.316863
0.317722
0.307240
0.338074
0.337722
0.320332
0.363478
0.325747
0.314891
0.320877
0.345191
0.308931
0.309133
0.343420
0.318718
0.309703
0.286058
0.293481
0.299082
0.322061
0.300994
0.319792
0.287731
0.346046
0.316626
0.337776
0.329110
0.327974
0.323075
0.316730
0.345790
0.343472
0.329539
0.351709
0.335556
0.338386
0.306528
0.345737
0.361311
0.326155
0.332919
0.329656
0.236341
0.244094
0.253016
0.288046
0.243803
0.284533
0.264015
0.244052
0.298360
0.301625
0.309333
0.263797
0.272975
0.282933
0.279201
0.284783
0.304579
0.291098
0.291122
0.275390
0.265956
0.306276
0.278974
0.287344
0.277632
0.291423
0.316597
0.295918
0.306267
0.280463
0.275695
0.277542
0.243016
0.300489
0.290010
0.267168
0.312106
0.270493
0.270392
0.258091
0.251945
0.237864
0.252643
0.306352
0.283420
0.297149
0.244023
0.252498
0.284363
0.273111
0.327019
0.249729
0.269063
0.257613
0.286624
0.290297
0.238851
0.215077
0.231714
0.243813
0.283703
0.254958
0.252846
0.290123
0.297904
0.310156
0.257598
0.254824
0.231877
0.225637
0.299837
0.293363
0.307228
0.253469
0.247028
0.240366
0.220600
0.249614
0.295939
0.273686
0.269894
0.322995
0.340965
0.328764
0.358564
0.322915
0.332921
0.375554
0.368465
0.305217
0.357734
0.356556
0.313895
0.365953
0.363843
0.336638
0.378630
0.331930
0.375238
0.387288
0.326804
0.353649
0.350935
0.344716
0.333988
0.355713
0.347009
0.348866
0.320853
0.338258
0.362241
0.343972
0.369241
0.352587
0.330488
0.336755
0.378871
0.383084
0.366873
0.379897
0.388981
0.336958
0.342228
0.366902
0.352516
0.360768
0.324316
0.349895
0.344291
0.340318
0.355987
0.342246
0.325417
0.361662
0.335869
0.354296
0.361905
0.348190
0.353021
0.349899
0.326249
0.342034
0.346787
0.348075
0.358179
0.341206
0.304512
0.323425
0.336116
0.347628
0.367215
0.347356
0.344592
0.381483
0.288059
0.389655
0.336688
0.310833
0.299105
0.313673
0.346352
0.403419
0.397609
0.442369
0.362719
0.316850
0.288428
0.173664
0.235639
0.315294
0.316458
0.330203
0.336911
0.300285
0.319617
0.237551
0.075068
0.068295
0.096543
0.073253
0.047958
0.088123
0.105045
0.119886
0.041836
0.039793
0.063990
0.076777
0.078750
0.123554
0.179302
0.186581
0.222207
0.146359
0.203975
0.104791
0.103122
0.137058
0.121127
0.066376
0.041206
0.044314
0.066780
0.043295
0.090886
0.058512
0.095056
0.097396
0.048834
0.126342
0.204423
0.143990
0.084264
0.086564
0.089155
0.081735
0.086989
0.085877
0.079111
0.081603
0.081791
0.109154
0.111672
0.079170
0.080133
0.081336
0.086469
0.098426
0.103177
0.089611
0.084482
0.103072
0.085164
0.102327
0.110588
0.091812
0.083840
0.069038
0.074202
0.077968
0.072916
0.072730
0.077935
0.079048
0.079748
0.079142
0.073725
0.069687
0.072406
0.074416
0.075449
0.078150
0.091448
0.096842
0.080060
0.076919
0.103997
0.078223
0.104333
0.102714
0.091702
0.085263
0.032846
0.031600
0.042037
0.041333
0.028302
0.043341
0.054152
0.077400
0.054754
0.025825
0.027131
0.035239
0.038109
0.048759
0.054687
0.064492
0.067297
0.065011
0.063000
0.073111
0.069546
0.075482
0.097286
0.085485
0.072967
0.082626
0.097658
0.076656
0.085711
0.105154
0.117775
0.100762
0.074638
0.074988
0.080129
0.083114
0.094130
0.099725
0.100486
0.100898
0.098649
0.110272
0.117752
0.109173
0.136714
0.121522
0.116661
0.170097
0.177359
0.196166
0.195129
0.210146
0.229843
0.281531
0.169060
0.248260
0.295046
0.320383
0.367514
0.330591
0.102076
0.122102
0.109084
0.108337
0.111324
0.114283
0.077422
0.068393
0.069767
0.078723
0.069288
0.081101
0.078508
0.094833
0.082268
0.070372
0.113085
0.128118
0.110783
0.097830
0.079225
0.114306
0.302640
0.344309
0.253152
0.140469
0.207025
0.185474
0.233982
0.171747
0.218539
0.175148
0.247360
0.277468
0.172885
0.165056
0.142469
0.134910
0.123770
0.120397
0.136039
0.112297
0.102964
0.050884
0.045893
0.076554
0.071941
0.049794
0.094155
0.048625
0.044992
0.072422
0.086829
0.148018
0.143282
0.109041
0.116438
0.135758
0.125543
0.085516
0.046400
0.050785
0.082063
0.048586
0.096648
0.057407
0.094354
0.098421
0.046967
0.126307
0.123620
0.141680
0.115105
0.097853
0.108591
0.090437
0.086796
0.082036
0.108992
0.104786
0.082131
0.082827
0.076205
0.076148
0.068062
0.069218
0.072977
0.071203
0.073363
0.081117
0.074170
0.080695
0.069104
0.070363
0.075625
0.067293
0.071608
0.073308
0.075519
0.064372
0.075443
0.072735
0.112020
0.101432
0.074540
0.097983
0.074027
0.073936
0.098868
0.080276
0.064897
0.073219
0.097717
0.100142
0.079781
0.075768
0.100021
0.076960
0.075478
0.073490
0.101573
0.076424
0.070186
0.065699
0.067793
0.065045
0.074773
0.060800
0.061717
0.063599
0.068622
0.100557
0.103342
0.104818
0.102154
0.103093
0.107824
0.121350
0.104400
0.116124
0.099918
0.103083
0.109840
0.115915
0.130994
0.113702
0.111286
0.139893
0.132276
0.135920
0.139662
0.114798
0.125574
0.214997
0.180930
0.283253
0.193593
0.315552
0.318435
0.323232
0.315050
0.294246
0.282794
0.265044
0.232550
0.217993
0.261235
0.311391
0.309552
0.311298
0.280500
0.251663
0.249674
0.267131
0.244128
0.171412
0.162901
0.201956
0.162706
0.183978
0.224213
0.200246
0.096527
0.095097
0.103913
0.082590
0.080520
0.094238
0.076448
0.074907
0.074065
0.074942
0.079052
0.081184
0.075741
0.077820
0.084470
0.078689
0.094705
0.101150
0.085312
0.102896
0.081733
0.098998
0.085863
0.090359
0.092390
0.080213
0.082532
0.078753
0.083431
0.072960
0.076548
0.078725
0.086772
0.077157
0.080483
0.120757
0.106595
0.121082
0.106710
0.104389
0.129253
0.106753
0.103348
0.102846
0.102889
0.100542
0.103806
0.096556
0.099838
0.104619
0.098134
0.104275
0.105670
0.105739
0.112268
0.119681
0.108145
0.120085
0.105884
0.098077
0.102431
0.097714
0.127626
0.086305
0.085687
0.079214
0.091651
0.086345
0.096659
0.097551
0.104329
0.105784
0.087865
0.084077
0.076418
0.081364
0.077683
0.074722
0.093514
0.105503
0.088834
0.069894
0.067839
0.064774
0.068646
0.074648
0.081555
0.114205
0.091902
0.147013
0.109574
0.162104
0.179782
0.121046
0.123985
0.155999
0.164627
0.130598
0.125131
0.173182
0.123097
0.108469
0.109528
0.103141
0.188577
0.140974
0.114521
0.128057
0.090059
0.100089
0.083527
0.092780
0.091747
0.074126
0.090194
0.087968
0.085374
0.086526
0.090444
0.086595
0.058911
0.058826
0.051882
0.049773
0.039385
0.041147
0.054689
0.066744
0.043885
0.029781
0.021497
0.022500
0.028315
0.023136
0.034975
0.039049
0.051811
0.035609
0.024011
0.094522
0.050268
0.119709
0.115114
0.091578
0.079599
0.052403
0.051938
0.048327
0.045527
0.054203
0.057838
0.068251
0.071894
0.074679
0.053515
0.053963
0.080917
0.123552
0.096875
0.129787
0.098419
0.137310
0.140681
0.090878
0.098997
0.126360
0.086232
0.087681
0.159775
0.063694
0.069134
0.080152
0.145786
0.067587
0.057149
0.061395
0.066480
0.057753
0.063131
0.057643
0.059443
0.051941
0.056509
0.060451
0.065124
0.131555
0.081804
0.054300
0.055746
0.053776
0.048912
0.055830
0.057670
0.063539
0.065509
0.066434
0.054348
0.055060
0.069606
0.121555
0.080334
0.131611
0.082390
0.121235
0.125682
0.080406
0.084095
0.085179
0.059446
0.067770
0.114577
0.047369
0.055049
0.068346
0.128956
0.063730
0.045812
0.050616
0.056528
0.050095
0.058057
0.060803
0.059794
0.055695
0.064987
0.065328
0.068457
0.066349
0.104211
0.159885
0.133597
0.082740
0.057504
0.045143
0.046587
0.055914
0.043324
0.045370
0.050306
0.047159
0.047557
0.043588
0.053730
0.054417
0.045853
0.054924
0.044737
0.065127
0.047216
0.044568
0.054786
0.051031
0.052530
0.050666
0.055230
0.043516
0.048013
0.128778
0.129187
0.097460
0.101933
0.139421
0.091597
0.081158
0.072182
0.074292
0.137087
0.102957
0.092384
0.074652
0.067688
0.062361
0.061179
0.057323
0.054473
0.060678
0.063736
0.055889
0.058267
0.051714
0.057526
0.128687
0.103344
0.089683
0.082449
0.072636
0.131530
0.142609
0.086900
0.078819
0.078424
0.063563
0.068698
0.059566
0.057340
0.065108
0.060667
0.061240
0.058391
0.057358
0.089938
0.081934
0.081022
0.076241
0.073646
0.075976
0.087045
0.081950
0.080530
0.076859
0.079218
0.076020
0.074631
0.073965
0.072323
0.076063
0.074263
0.076951
0.072648
0.074387
0.090394
0.090371
0.077178
0.079011
0.086586
0.073761
0.070860
0.048635
0.043400
0.045182
0.040086
0.046618
0.043397
0.043394
0.051452
0.039810
0.037654
0.038524
0.038974
0.055553
0.052972
0.040835
0.042000
0.055923
0.050178
0.054309
0.047440
0.096863
0.095472
0.102123
0.100562
0.101082
0.100895
0.104303
0.102629
0.102062
0.102543
0.101870
0.100440
0.104735
0.106526
0.101922
0.100907
0.099832
0.094497
0.102380
0.096289
0.083258
0.082480
0.092243
0.084911
0.103662
0.099317
0.105409
0.105656
0.108032
0.123618
0.197032
0.140206
0.143900
0.193513
0.123490
0.112729
0.099029
0.110903
0.128998
0.124236
0.116016
0.123767
0.172372
0.146271
0.177260
0.136046
0.196720
0.217910
0.152279
0.137236
0.050856
0.047329
0.048953
0.042667
0.045066
0.047150
0.066472
0.051435
0.079949
0.053066
0.094671
0.071711
0.055415
0.090092
0.062382
0.050265
0.051462
0.057242
0.048748
0.044971
0.061597
0.057991
0.061288
0.064476
0.062820
0.066693
0.071085
0.066397
0.071390
0.065131
0.074643
0.077501
0.070608
0.078643
0.070861
0.085863
0.073345
0.071678
0.080189
0.073458
0.076448
0.062119
0.061990
0.066329
0.069137
0.124797
0.146732
0.131598
0.144083
0.156342
0.213479
0.217169
0.154972
0.150149
0.152364
0.229530
0.141406
0.132356
0.132367
0.143519
0.177320
0.163118
0.210288
0.151278
0.147011
0.209235
0.155209
0.201953
0.160754
0.148828
0.331974
0.310294
0.328147
0.317215
0.220501
0.283028
0.214167
0.230422
0.287380
0.280613
0.216190
0.209250
0.322785
0.349542
0.352387
0.350451
0.309683
0.329150
0.287932
0.210849
0.241864
0.301473
0.139278
0.176984
0.148830
0.136493
0.156519
0.143397
0.144186
0.144511
0.105494
0.085341
0.089952
0.115740
0.099280
0.141760
0.155380
0.174821
0.152675
0.120050
0.188268
0.154680
0.204611
0.195641
0.157456
0.153184
0.121859
0.113844
0.111370
0.116429
0.121675
0.095548
0.091707
0.118816
0.090107
0.105560
0.103367
0.083670
0.112632
0.115095
0.116609
0.110784
0.119150
0.122480
0.108254
0.104990
0.080465
0.089145
0.113706
0.091286
0.117547
0.093522
0.121492
0.115410
0.170366
0.204694
0.185592
0.166341
0.229451
0.331472
0.298413
0.260590
0.202819
0.186040
0.226016
0.271150
0.229070
0.199590
0.144271
0.183151
0.230326
0.348234
0.308489
0.316938
0.303278
0.195667
0.215444
0.283182
0.214270
0.278472
0.216208
0.213350
0.279002
0.279206
0.232379
0.269273
0.301735
0.202635
0.284036
0.308566
0.330167
0.378952
0.212705
0.224135
0.322249
0.271705
0.217692
0.300309
0.189044
0.235665
0.237350
0.248441
0.224811
0.281561
0.204677
0.174665
0.218758
0.262739
0.152614
0.125385
0.212647
0.142880
0.055431
0.088493
0.051226
0.091990
0.041295
0.074569
0.089439
0.043897
0.112514
0.149916
0.147152
0.166389
0.220343
0.216875
0.313344
0.230951
0.317254
0.313041
0.351248
0.371849
0.227060
0.177938
0.224712
0.313093
0.366882
0.278755
0.247466
0.265656
0.240125
0.272378
0.322081
0.364871
0.316191
0.244326
0.284550
0.249042
0.303874
0.292518
0.227503
0.303446
0.232836
0.111223
0.084536
0.079648
0.067667
0.064855
0.067001
0.071500
0.071266
0.066880
0.065551
0.062113
0.061456
0.063868
0.062102
0.061994
0.069674
0.066692
0.067426
0.064107
0.064701
0.064665
0.061200
0.061283
0.059150
0.057515
0.062978
0.063851
0.060794
0.057512
0.055492
0.053481
0.058546
0.054383
0.050714
0.046978
0.050213
0.060266
0.051904
0.066498
0.057553
0.069521
0.061479
0.067777
0.060844
0.064373
0.066047
0.062340
0.070006
0.052991
0.057538
0.056934
0.068745
0.075113
0.064533
0.069404
0.066786
0.066866
0.053816
0.056515
0.057889
0.059067
0.061353
0.062163
0.059778
0.061623
0.061587
0.067361
0.061454
0.066099
0.065230
0.062744
0.059904
0.064805
0.058830
0.067142
0.063638
0.061569
0.069506
0.070368
0.072550
0.073530
0.070758
0.066589
0.068756
0.055897
0.056431
0.057621
0.055774
0.058484
0.057408
0.058513
0.060824
0.062022
0.062171
0.059446
0.060565
0.058053
0.057665
0.056985
0.055163
0.049414
0.047030
0.059030
0.043499
0.027016
0.035986
0.025213
0.039971
0.023050
0.033990
0.088168
0.089397
0.093000
0.095389
0.093973
0.096685
0.082393
0.092929
0.080276
0.097070
0.098563
0.099248
0.097427
0.098891
0.095890
0.097773
0.084853
0.092163
0.094099
0.083228
0.073603
0.075880
0.068477
0.072930
0.072105
0.065098
0.079286
0.089061
0.088206
0.089135
0.098545
0.107800
0.102417
0.111130
0.130194
0.130781
0.117940
0.116241
0.109409
0.102232
0.107852
0.093557
0.093506
0.105209
0.123635
0.087128
0.092970
0.097091
0.115264
0.106527
0.138296
0.124035
0.047605
0.044991
0.042845
0.040679
0.040111
0.042728
0.041926
0.039650
0.044657
0.073264
0.049243
0.064297
0.047397
0.055676
0.042993
0.056149
0.051725
0.050934
0.054450
0.053373
0.049725
0.049116
0.051046
0.048116
0.056028
0.052232
0.047800
0.045020
0.045664
0.048955
0.044533
0.059969
0.067226
0.058437
0.062571
0.060807
0.059130
0.056986
0.054432
0.057401
0.053485
0.058706
0.059429
0.055841
0.056652
0.053963
0.056813
0.103649
0.084647
0.126415
0.098457
0.136999
0.113102
0.125352
0.135197
0.143538
0.146976
0.150000
0.146423
0.109006
0.136656
0.149280
0.155802
0.136228
0.127374
0.126288
0.121255
0.164450
0.144558
0.125964
0.115891
0.108710
0.105566
0.105149
0.106322
0.103999
0.105453
0.109605
0.143203
0.132765
0.104090
0.120971
0.123896
0.172569
0.173005
0.256772
0.347870
0.232040
0.253845
0.282921
0.345253
0.279216
0.229304
0.290468
0.267558
0.263743
0.239727
0.230612
0.213890
0.136788
0.113901
0.108216
0.135345
0.073434
0.078698
0.089634
0.125954
0.072889
0.057754
0.064136
0.066944
0.057468
0.064845
0.060956
0.061547
0.064109
0.072112
0.122415
0.088720
0.088990
0.079141
0.073979
0.076690
0.077796
0.068976
0.075852
0.087569
0.075349
0.071410
0.068700
0.072952
0.064171
0.071084
0.119984
0.112297
0.093624
0.090136
0.112357
0.111577
0.091321
0.105695
0.119557
0.106950
0.271358
0.266124
0.249341
0.253363
0.231793
0.249124
0.234490
0.184483
0.213746
0.188215
0.195017
0.215719
0.233089
0.223571
0.259882
0.281253
0.304880
0.304745
0.346850
0.338521
0.289953
0.298690
0.289380
0.254921
0.335328
0.251337
0.277460
0.292281
0.280723
0.307340
0.174374
0.141208
0.187683
0.162092
0.120350
0.139639
0.142420
0.137187
0.145291
0.148719
0.150023
0.150276
0.154299
0.148319
0.156528
0.151626
0.151004
0.155060
0.151475
0.140337
0.151909
0.155855
0.155279
0.137969
0.146041
0.093855
0.128168
0.125542
0.090937
0.044201
0.054710
0.033928
0.049958
0.046210
0.028173
0.090754
0.108041
0.114888
0.152320
0.151237
0.145084
0.139267
0.151387
0.134804
0.147767
0.131700
0.122719
0.121339
0.127212
0.118030
0.116507
0.131467
0.137816
0.141440
0.116904
0.126283
0.127680
0.145336
0.151166
0.150924
0.150299
0.174103
0.126923
0.135412
0.146539
0.144962
0.123203
0.139775
0.161668
0.158219
0.149664
0.148671
0.127844
0.113353
0.088058
0.113781
0.105364
0.132016
0.117306
0.137283
0.120064
0.149749
0.149034
0.153864
0.150694
0.132590
0.130650
0.124456
0.120273
0.088289
0.075926
0.073267
0.067008
0.069139
0.061287
0.054999
0.056703
0.060719
0.060632
0.066413
0.066841
0.065328
0.062118
0.067970
0.065067
0.056621
0.055726
0.060812
0.062875
0.064883
0.064033
0.066095
0.065713
0.069311
0.068072
0.073060
0.073393
0.064840
0.063516
0.063159
0.063311
0.069502
0.067297
0.061045
0.058299
0.060007
0.063891
0.065059
0.067647
0.070116
0.073702
0.075224
0.088290
0.123391
0.076139
0.088992
0.107015
0.075832
0.068598
0.063225
0.060086
0.077799
0.098439
0.080558
0.129002
0.128816
0.146472
0.139163
0.140931
0.162557
0.160037
0.153718
0.153971
0.144235
0.129476
0.151570
0.153671
0.146019
0.136972
0.139432
0.135555
0.152401
0.148129
0.142029
0.136121
0.129635
0.127370
0.124646
0.122953
0.121027
0.120215
0.127115
0.162501
0.151155
0.110903
0.120451
0.133323
0.149338
0.190457
0.174916
0.255079
0.205929
0.244410
0.221156
0.198877
0.190019
0.160264
0.209896
0.206157
0.231861
0.187727
0.238979
0.231535
0.251524
0.281232
0.189276
0.247462
0.213772
0.177365
0.183193
0.047666
0.078327
0.047276
0.095582
0.122631
0.132459
0.041789
0.085597
0.129448
0.174801
0.145422
0.166861
0.159410
0.152129
0.158784
0.190008
0.186473
0.193408
0.194051
0.208827
0.213500
0.187156
0.163078
0.155227
0.154651
0.149666
0.178874
0.234796
0.296200
0.206875
0.220652
0.180292
0.178128
0.156616
0.156433
0.186352
0.203870
0.225793
0.242788
0.175885
0.248423
0.302473
0.296900
0.295820
0.181540
0.179977
0.197223
0.191181
0.142000
0.234922
0.192310
0.125708
0.160505
0.181603
0.166263
0.179633
0.211293
0.196321
0.245162
0.249413
0.200681
0.149614
0.144257
0.102645
0.105406
0.109727
0.093984
0.086401
0.081084
0.087271
0.085517
0.078260
0.079669
0.074601
0.067232
0.082211
0.097398
0.077297
0.073677
0.070831
0.074529
0.074316
0.070015
0.067864
0.063679
0.065636
0.066172
0.070162
0.074858
0.065028
0.078478
0.066093
0.086160
0.095430
0.081749
0.064517
0.074468
0.074823
0.079509
0.084999
0.096208
0.090344
0.101260
0.094079
0.093858
0.186479
0.172959
0.141778
0.154596
0.154555
0.125834
0.137428
0.118067
0.119199
0.139786
0.116312
0.098144
0.089855
0.115148
0.105579
0.117431
0.159124
0.149614
0.160363
0.183414
0.205061
0.164833
0.193314
0.220022
0.200498
0.241002
0.267668
0.255661
0.166378
0.181958
0.189763
0.167130
0.175854
0.200638
0.198591
0.253538
0.231809
0.271739
0.182320
0.185614
0.173819
0.196992
0.303125
0.046513
0.078857
0.097339
0.047367
0.130257
0.123961
0.084522
0.046085
0.118918
0.242430
0.222229
0.131782
0.138855
0.104723
0.101642
0.077380
0.049262
0.045344
0.069446
0.044769
0.078573
0.088852
0.042965
0.118073
0.127872
0.097611
0.044025
0.127160
0.150765
0.162761
0.145460
0.145244
0.112068
0.127831
0.081206
0.039798
0.046174
0.083397
0.149610
0.207101
0.119377
0.116841
0.140867
0.137234
0.115609
0.107368
0.046172
0.046776
0.084734
0.066112
0.047288
0.087064
0.047671
0.087648
0.090896
0.110812
0.052383
0.063504
0.133233
0.079893
0.038236
0.026911
0.029406
0.037459
0.029422
0.050933
0.055609
0.031860
0.098828
0.135697
0.091254
0.085151
0.059595
0.052816
0.081110
0.080745
0.050117
0.046504
0.028448
0.027985
0.038756
0.036180
0.027489
0.040216
0.026595
0.037718
0.079256
0.060679
0.058419
0.054797
0.065390
0.069426
0.054384
0.048349
0.028728
0.027523
0.038868
0.036106
0.027804
0.044789
0.026079
0.040100
0.119894
0.086423
0.091900
0.063322
0.069479
0.051091
0.054209
0.033524
0.030535
0.038514
0.026154
0.036696
0.035360
0.023939
0.045538
0.057911
0.079068
0.041151
0.120947
0.076929
0.043217
0.117088
0.150963
0.167549
0.148412
0.205423
0.100766
0.098254
0.071877
0.040868
0.046480
0.066520
0.046088
0.045861
0.078353
0.079951
0.050380
0.098817
0.109254
0.118119
0.126740
0.046744
0.088340
0.141893
0.153142
0.201787
0.159381
0.179877
0.076252
0.087777
0.086453
0.056906
0.125494
0.120890
0.086515
0.044330
0.121113
0.214681
0.225663
0.095085
0.108669
0.072193
0.055139
0.044456
0.070007
0.174340
0.135540
0.194084
0.127869
0.126727
0.112881
0.205754
0.137441
0.098692
0.078564
0.084442
0.079640
0.099975
0.077608
0.090346
0.217557
0.272328
0.234257
0.271340
0.274105
0.238476
0.140662
0.173515
0.138446
0.197090
0.194571
0.224431
0.124652
0.184833
0.243669
0.287382
0.281816
0.276123
0.097976
0.065246
0.068525
0.058444
0.053554
0.048891
0.051706
0.051494
0.051837
0.049622
0.055539
0.075687
0.051857
0.054159
0.055363
0.057205
0.055143
0.058790
0.064271
0.060973
0.062717
0.059940
0.059768
0.058424
0.062391
0.066203
0.082122
0.078495
0.068052
0.071738
0.099268
0.073909
0.108112
0.090989
0.100669
0.081864
0.221576
0.154501
0.215750
0.149312
0.159531
0.150027
0.209456
0.151219
0.134871
0.126224
0.143998
0.137079
0.279933
0.297906
0.294961
0.337123
0.340654
0.349165
0.333490
0.271923
0.334051
0.297878
0.202873
0.226862
0.217202
0.263989
0.274056
0.242965
0.297834
0.349679
0.184452
0.156458
0.124491
0.117512
0.147372
0.114925
0.105583
0.107667
0.100279
0.104033
0.099185
0.103283
0.103777
0.104164
0.102123
0.100450
0.102438
0.103714
0.101164
0.098966
0.096524
0.095497
0.098925
0.099622
0.120621
0.107372
0.118419
0.102504
0.106201
0.102003
0.109965
0.100206
0.096836
0.095350
0.101685
0.103074
0.121273
0.135909
0.145815
0.148529
0.136691
0.150837
0.204412
0.154426
0.205190
0.161424
0.196529
0.161751
0.247553
0.256672
0.258708
0.289211
0.293881
0.306980
0.319637
0.299942
0.286498
0.206921
0.259755
0.188413
0.260218
0.194442
0.265491
0.117709
0.142403
0.108142
0.137614
0.135953
0.141141
0.102209
0.133630
0.150086
0.151924
0.145847
0.151221
0.085731
0.089818
0.076398
0.080178
0.078337
0.076587
0.066344
0.070320
0.076607
0.079773
0.078282
0.083837
0.057436
0.059802
0.058460
0.058416
0.069528
0.066195
0.056393
0.056848
0.061567
0.063483
0.074136
0.073991
0.136384
0.102145
0.138888
0.091725
0.089016
0.077932
0.141457
0.096681
0.066054
0.054591
0.066535
0.060188
0.174468
0.204769
0.204925
0.272789
0.227890
0.231041
0.189547
0.265752
0.261960
0.265159
0.258644
0.209521
0.247226
0.183699
0.231361
0.185499
0.244690
0.154591
0.124008
0.140178
0.126715
0.099086
0.101498
0.091726
0.108466
0.109550
0.090686
0.121810
0.144618
0.086172
0.077747
0.076736
0.074348
0.071525
0.071925
0.069930
0.072263
0.072344
0.070130
0.074178
0.077290
0.072850
0.070741
0.068970
0.068879
0.070772
0.069485
0.068935
0.066346
0.068452
0.042507
0.069811
0.048458
0.089401
0.116084
0.128651
0.046484
0.080622
0.127870
0.147958
0.158536
0.183839
0.190588
0.184577
0.159616
0.137346
0.174312
0.168170
0.129585
0.201494
0.174909
0.109673
0.081125
0.086728
0.072067
0.055408
0.056257
0.054926
0.051964
0.050162
0.061923
0.084863
0.077749
0.061908
0.059577
0.065993
0.059581
0.056063
0.055666
0.059873
0.125181
0.078160
0.102424
0.074895
0.073532
0.104346
0.072746
0.066899
0.070664
0.079423
0.137962
0.139024
0.147410
0.200071
0.149858
0.199071
0.148002
0.149095
0.287402
0.274623
0.271592
0.255824
0.269178
0.204164
0.197234
0.066710
0.111211
0.055208
0.111738
0.124883
0.129039
0.047755
0.096199
0.136176
0.145146
0.148826
0.135868
0.106675
0.190405
0.129055
0.045778
0.071065
0.043420
0.086134
0.086855
0.042746
0.134391
0.196723
0.228017
0.293519
0.285143
0.244793
0.345440
0.272717
0.137639
0.156968
0.132567
0.145636
0.151533
0.137385
0.156848
0.157092
0.154887
0.150096
0.119256
0.110992
0.102741
0.102151
0.107062
0.102538
0.098836
0.100504
0.097142
0.098371
0.090812
0.089978
0.088961
0.090569
0.091893
0.092865
0.089734
0.089440
0.093799
0.095733
0.094637
0.096082
0.094563
0.104775
0.132554
0.126286
0.166547
0.121810
0.175186
0.117014
0.115265
0.185182
0.147998
0.113805
0.225685
0.241465
0.214036
0.217442
0.211828
0.233027
0.237243
0.062832
0.100729
0.054171
0.106421
0.158892
0.161211
0.049302
0.095048
0.154727
0.172090
0.217346
0.190087
0.261748
0.291271
0.274609
0.217818
0.196984
0.234689
0.245549
0.240230
0.192724
0.237753
0.259136
0.148508
0.151054
0.124153
0.121179
0.117380
0.105941
0.092561
0.089989
0.101000
0.107555
0.111260
0.092576
0.117103
0.128381
0.083990
0.074055
0.072819
0.070736
0.068170
0.071802
0.067164
0.069300
0.066167
0.064726
0.067315
0.066754
0.065443
0.066338
0.069748
0.069729
0.054519
0.056529
0.058113
0.054049
0.058003
0.060715
0.059016
0.057526
0.061809
0.060064
0.061874
0.065509
0.067691
0.063257
0.059285
0.061904
0.051546
0.058756
0.067117
0.070841
0.074636
0.079961
0.084432
0.108316
0.118628
0.089281
0.121142
0.084793
0.084419
0.127218
0.087091
0.066058
0.221700
0.175936
0.213907
0.168483
0.138367
0.170572
0.161799
0.224999
0.236191
0.262983
0.275476
0.238137
0.244296
0.034058
0.025776
0.023367
0.018670
0.019389
0.017768
0.022324
0.019270
0.016601
0.017421
0.018652
0.017903
0.019478
0.021701
0.020131
0.022407
0.022436
0.023036
0.021631
0.020883
0.021193
0.022536
0.021608
0.023661
0.024069
0.023095
0.024004
0.022721
0.022501
0.019646
0.019447
0.019639
0.021502
0.017380
0.020275
0.022619
0.020091
0.021481
0.022242
0.019005
0.015244
0.017489
0.015346
0.016871
0.016348
0.015030
0.016245
0.014604
0.014632
0.016720
0.017242
0.015565
0.013277
0.015043
0.013475
0.014084
0.014572
0.014453
0.014885
0.013553
0.013335
0.014625
0.015041
0.013951
0.012530
0.014477
0.013292
0.014153
0.014677
0.014942
0.015080
0.013926
0.013493
0.015262
0.015607
0.015589
0.016300
0.014394
0.014097
0.015580
0.013951
0.016118
0.016364
0.015201
0.014652
0.013070
0.014953
0.015409
0.016217
0.015662
0.014359
0.016419
0.014488
0.017473
0.016572
0.015528
0.015153
0.013783
0.015259
0.016335
0.017538
0.015658
0.015605
0.016835
0.018075
0.014297
0.016029
0.017749
0.015660
0.017096
0.017594
0.015671
0.016235
0.013576
0.013477
0.014704
0.013563
0.014846
0.015418
0.015377
0.015488
0.013031
0.014311
0.014376
0.012348
0.015122
0.013325
0.014413
0.014386
0.013846
0.014214
0.014368
0.013067
0.016495
0.015151
0.015705
0.017118
0.026458
0.023289
0.018657
0.018249
0.016315
0.015808
0.016626
0.017374
0.029467
0.023130
0.253085
0.257275
0.231979
0.235753
0.188608
0.179021
0.197981
0.223036
0.201793
0.234984
0.192142
0.216414
0.249738
0.221783
0.161371
0.118655
0.145770
0.143257
0.127363
0.113637
0.097336
0.088751
0.100969
0.101930
0.085094
0.093412
0.099430
0.094219
0.072553
0.075168
0.069536
0.072355
0.075051
0.073588
0.068572
0.068724
0.067960
0.068702
0.069467
0.072477
0.074127
0.073789
0.076071
0.078377
0.072584
0.069686
0.072871
0.070648
0.065485
0.066887
0.065785
0.068348
0.069899
0.074797
0.068743
0.066379
0.090399
0.071197
0.086535
0.074634
0.074175
0.087274
0.095512
0.103620
0.121107
0.115080
0.143917
0.153587
0.127287
0.116417
0.166588
0.127272
0.125349
0.249332
0.236855
0.201434
0.185521
0.207261
0.246661
0.303681
0.269437
0.293257
0.327370
0.322852
0.286542
0.227516
0.206260
0.146886
0.123723
0.178834
0.109304
0.097572
0.068985
0.044821
0.070212
0.076101
0.039548
0.061945
0.039824
0.061384
0.045503
0.043057
0.025858
0.027395
0.038098
0.022266
0.019710
0.020182
0.018450
0.030315
0.018302
0.017570
0.019598
0.021593
0.020626
0.022531
0.054351
0.069172
0.130619
0.124748
0.054972
0.062826
0.072468
0.112100
0.224431
0.227046
0.213521
0.280264
0.141561
0.272689
0.293143
0.286736
0.281739
0.289904
0.269800
0.266967
0.237762
0.260374
0.268073
0.282508
0.260704
0.255178
0.249645
0.262228
0.271380
0.261767
0.265580
0.273619
0.264214
0.276688
0.274088
0.265092
0.270895
0.220130
0.201199
0.078839
0.055324
0.089995
0.094941
0.051693
0.093667
0.098106
0.113142
0.114480
0.054677
0.083018
0.120223
0.177171
0.173544
0.028717
0.020513
0.022686
0.019984
0.016762
0.017399
0.015318
0.015331
0.042304
0.036866
0.015916
0.018072
0.039186
0.024521
0.042548
0.021827
0.159775
0.074895
0.211017
0.109333
0.054716
0.067592
0.070825
0.070960
0.097161
0.132607
0.204998
0.286716
0.272185
0.247416
0.230717
0.184625
0.163979
0.203277
0.189004
0.192016
0.147112
0.187080
0.225401
0.238896
0.227254
0.191658
0.097142
0.090872
0.095694
0.095855
0.091649
0.099423
0.099773
0.108174
0.105212
0.091417
0.099062
0.110263
0.116529
0.111189
0.113368
0.118563
0.087841
0.082467
0.083688
0.079669
0.075533
0.078624
0.073590
0.076361
0.076716
0.079567
0.075286
0.072643
0.083110
0.078647
0.082082
0.082062
0.090916
0.093852
0.083343
0.078227
0.091158
0.083307
0.089521
0.076874
0.089100
0.093515
0.087329
0.085747
0.084514
0.091427
0.077719
0.085932
0.125947
0.183191
0.113228
0.131977
0.155954
0.121668
0.093786
0.106299
0.101902
0.110797
0.125777
0.132111
0.132322
0.158491
0.162976
0.140699
0.223833
0.184372
0.235639
0.204380
0.179263
0.186109
0.213257
0.179819
0.214822
0.243244
0.263915
0.287044
0.309110
0.227075
0.230595
0.297098
0.303949
0.217381
0.286318
0.119242
0.169612
0.137458
0.101743
0.126118
0.146342
0.141094
0.081440
0.087481
0.076383
0.076707
0.079013
0.074183
0.078809
0.079170
0.064536
0.060457
0.062819
0.069169
0.060476
0.061179
0.060346
0.065615
0.072843
0.139384
0.093471
0.073820
0.154264
0.082590
0.065671
0.053609
0.065287
0.264394
0.296825
0.228773
0.190115
0.304034
0.312642
0.229064
0.274510
0.276251
0.329555
0.359390
0.307429
0.263951
0.337332
0.399816
0.299192
0.245418
0.233593
0.284240
0.327609
0.378902
0.182658
0.150649
0.136459
0.099942
0.119592
0.086063
0.077024
0.069161
0.071633
0.064879
0.067992
0.056560
0.066965
0.054744
0.058192
0.059870
0.060509
0.068950
0.051822
0.073729
0.054264
0.068804
0.135593
0.090280
0.130136
0.087832
0.178369
0.175242
0.253415
0.317161
0.379012
0.321557
0.301315
0.282280
0.273745
0.262105
0.240714
0.239591
0.225390
0.218239
0.224218
0.223748
0.221942
0.248120
0.238463
0.221501
0.244910
0.240928
0.230197
0.239321
0.230751
0.251812
0.227905
0.234523
0.213117
0.195429
0.167616
0.174126
0.169814
0.128388
0.120770
0.155285
0.120456
0.146866
0.156730
0.121863
0.191411
0.069432
0.063955
0.077974
0.063220
0.059873
0.068578
0.091670
0.076908
0.077796
0.072840
0.068762
0.066534
0.066459
0.069885
0.059801
0.060797
0.072638
0.077159
0.069859
0.070306
0.070676
0.068135
0.063147
0.063300
0.058822
0.061140
0.060414
0.063541
0.061493
0.064726
0.064513
0.063327
0.079291
0.097006
0.077333
0.088805
0.099294
0.081166
0.078366
0.072001
0.067932
0.068181
0.074877
0.084396
0.076204
0.091409
0.093128
0.082931
0.160554
0.170626
0.143852
0.139068
0.170380
0.142059
0.143392
0.119866
0.134583
0.175017
0.144388
0.123960
0.110906
0.126174
0.112467
0.123007
0.213992
0.213247
0.215867
0.223035
0.248125
0.240463
0.235483
0.260045
0.237674
0.258310
0.248381
0.259069
0.254954
0.250796
0.252882
0.250278
0.248346
0.235693
0.240147
0.246913
0.251646
0.236707
0.239202
0.225254
0.104252
0.129561
0.133547
0.140859
0.173244
0.177725
0.191715
0.154085
0.210036
0.195276
0.151722
0.188884
0.201841
0.185200
0.179424
0.195492
0.173275
0.144036
0.163477
0.182535
0.153679
0.147955
0.146120
0.163725
0.185679
0.154000
0.193922
0.168922
0.227097
0.224383
0.223893
0.225332
0.208638
0.237913
0.190342
0.202940
0.186872
0.167351
0.175032
0.175288
0.160459
0.152433
0.153028
0.161809
0.185878
0.157832
0.144747
0.171736
0.191738
0.196039
0.228752
0.227117
0.223157
0.178640
0.203177
0.133784
0.154560
0.137369
0.171938
0.140860
0.164874
0.177075
0.137273
0.221312
0.199138
0.254080
0.235887
0.248281
0.179810
0.152412
0.175620
0.182371
0.134731
0.198548
0.215888
0.185351
0.131696
0.174062
0.186394
0.228623
0.227686
0.242018
0.228053
0.198707
0.206899
0.200591
0.177523
0.158105
0.148663
0.174501
0.149318
0.184593
0.190004
0.154856
0.223992
0.205055
0.214038
0.148791
0.158902
0.151716
0.186697
0.148303
0.165219
0.179623
0.146551
0.210555
0.203339
0.239489
0.237090
0.239819
0.142179
0.125002
0.112127
0.093056
0.100886
0.086068
0.093422
0.100539
0.073715
0.069773
0.062895
0.070731
0.072720
0.075106
0.070285
0.063506
0.102050
0.083286
0.119558
0.105180
0.088021
0.096475
0.109967
0.089969
0.099557
0.107584
0.124005
0.122540
0.131326
0.121670
0.101588
0.120549
0.100487
0.085630
0.089318
0.081347
0.082097
0.060562
0.058931
0.076514
0.066753
0.077670
0.100612
0.088100
0.120324
0.141071
0.130599
0.134965
0.098631
0.114212
0.131459
0.116205
0.083957
0.088791
0.081341
0.070101
0.073947
0.080265
0.065557
0.071000
0.072449
0.079668
0.113760
0.109904
0.076582
0.096349
0.091669
0.080579
0.112487
0.103679
0.115161
0.135160
0.141476
0.133159
0.213723
0.212179
0.200171
0.187796
0.176979
0.170641
0.142402
0.134546
0.159029
0.173281
0.142966
0.161944
0.150421
0.156888
0.167671
0.182132
0.183844
0.203999
0.169538
0.166583
0.186799
0.177970
0.163050
0.190491
0.184973
0.184215
0.118361
0.102642
0.125912
0.110258
0.078150
0.104147
0.154843
0.130253
0.146076
0.100901
0.096969
0.071000
0.083455
0.124351
0.067361
0.089464
0.063614
0.059089
0.060855
0.072561
0.143520
0.152737
0.216757
0.190121
0.128268
0.158317
0.176752
0.184393
0.214710
0.221457
0.226021
0.210483
0.176034
0.137578
0.162760
0.201597
0.163429
0.187662
0.219395
0.224298
0.240333
0.225166
0.215023
0.178830
0.152857
0.132756
0.160403
0.169936
0.129934
0.180499
0.127314
0.178927
0.140498
0.131774
0.131585
0.119093
0.130620
0.121542
0.139099
0.114238
0.113887
0.124558
0.113298
0.132454
0.123963
0.144485
0.132788
0.147396
0.141699
0.137012
0.148124
0.129839
0.133117
0.055326
0.048924
0.054189
0.049488
0.044978
0.052304
0.075035
0.056652
0.073078
0.056519
0.059004
0.067733
0.056587
0.048683
0.050257
0.084951
0.092615
0.107709
0.109096
0.097968
0.113159
0.115882
0.115342
0.120763
0.119418
0.121499
0.114406
0.117507
0.119790
0.105307
0.116631
0.104387
0.112125
0.113790
0.120736
0.104834
0.109546
0.104633
0.102680
0.105984
0.100273
0.103911
0.097275
0.103878
0.106662
0.108258
0.104130
0.157381
0.164192
0.170187
0.128673
0.210013
0.191734
0.175257
0.130251
0.184377
0.247926
0.210807
0.209974
0.200938
0.163059
0.160474
0.131732
0.129865
0.166568
0.160797
0.160714
0.124305
0.130457
0.159462
0.136602
0.173889
0.118076
0.122156
0.138006
0.156441
0.154427
0.142509
0.169080
0.125543
0.159482
0.154872
0.128266
0.141858
0.128097
0.148867
0.115062
0.087088
0.072494
0.104111
0.130304
0.080369
0.115541
0.085652
0.123132
0.126383
0.157989
0.150184
0.180789
0.165900
0.113321
0.155941
0.168294
0.182583
0.133720
0.149500
0.159415
0.148578
0.171679
0.183676
0.189185
0.143070
0.197581
0.184007
0.159440
0.138546
0.167110
0.169049
0.131484
0.165082
0.204851
0.165781
0.122364
0.166017
0.176078
0.183398
0.224238
0.203027
0.092090
0.076699
0.109679
0.078855
0.061943
0.072566
0.122744
0.091198
0.088345
0.104749
0.090193
0.088111
0.073395
0.058454
0.074780
0.083253
0.094620
0.115289
0.107732
0.104212
0.085212
0.064043
0.057784
0.077190
0.072672
0.066512
0.084438
0.080781
0.096535
0.104979
0.088298
0.075062
0.089325
0.050536
0.049150
0.044875
0.046850
0.051847
0.049365
0.060973
0.049798
0.057357
0.047066
0.048570
0.043830
0.057535
0.070818
0.067573
0.077175
0.078117
0.086483
0.110492
0.086563
0.074931
0.067195
0.089071
0.090181
0.107027
0.083897
0.116572
0.131552
0.126251
0.114814
0.126109
0.071936
0.083865
0.069747
0.091298
0.102095
0.087645
0.064629
0.082148
0.091914
0.108307
0.118798
0.104041
0.215338
0.243989
0.244053
0.266363
0.272505
0.285244
0.301272
0.300630
0.297987
0.300345
0.299211
0.199223
0.207808
0.259759
0.266197
0.197097
0.261886
0.308103
0.298805
0.286753
0.293955
0.225327
0.220773
0.212448
0.211780
0.263111
0.287337
0.285209
0.294490
0.271218
0.260705
0.232930
0.221832
0.262823
0.274547
0.267926
0.303408
0.296153
0.282506
0.288164
0.226972
0.228377
0.237227
0.263526
0.263424
0.258985
0.277545
0.283735
0.284587
0.217027
0.217359
0.259966
0.266924
0.212901
0.248829
0.286992
0.289947
0.298783
0.297345
0.241020
0.229040
0.282712
0.275887
0.276112
0.298889
0.300592
0.319351
0.303803
0.260009
0.257954
0.282999
0.295903
0.299810
0.332845
0.315755
0.304656
0.316158
0.263879
0.261862
0.273061
0.276345
0.277877
0.299473
0.294013
0.284242
0.288874
0.253170
0.251189
0.271069
0.267173
0.268697
0.283403
0.284789
0.296610
0.290282
0.263072
0.261103
0.275320
0.274367
0.274778
0.303257
0.293036
0.294881
0.294553
0.264041
0.265118
0.274438
0.279153
0.297127
0.298998
0.287309
0.226325
0.223249
0.267402
0.274624
0.265786
0.276329
0.311777
0.302949
0.300499
0.301574
0.304570
0.217967
0.218143
0.260981
0.268686
0.268247
0.303426
0.292280
0.285063
0.286928
0.209529
0.220584
0.262283
0.263973
0.261700
0.289326
0.295185
0.300495
0.288889
0.228418
0.218951
0.233921
0.269667
0.269845
0.305296
0.302349
0.253522
0.294150
0.217897
0.211343
0.207825
0.250865
0.240848
0.214457
0.275143
0.283796
0.279916
0.218784
0.212564
0.264093
0.254228
0.213194
0.252341
0.284736
0.283154
0.280499
0.228299
0.227280
0.269144
0.262815
0.264612
0.285412
0.288399
0.306101
0.291682
0.236726
0.233919
0.281943
0.286920
0.284957
0.321666
0.308413
0.296167
0.314110
0.247111
0.271614
0.268858
0.274119
0.271474
0.284939
0.271592
0.278384
0.259463
0.266698
0.260830
0.263904
0.270100
0.265308
0.262121
0.280353
0.229405
0.236569
0.263329
0.260975
0.264488
0.293115
0.282447
0.291693
0.284670
0.237296
0.231115
0.265654
0.269102
0.300368
0.294083
0.292713
0.220392
0.201600
0.252911
0.249606
0.257545
0.263092
0.261531
0.277391
0.252113
0.222246
0.183583
0.181759
0.237958
0.230429
0.181870
0.270968
0.233285
0.274476
0.277852
0.275930
0.211822
0.201878
0.251463
0.252938
0.249809
0.283757
0.279193
0.267932
0.282194
0.237948
0.247957
0.232820
0.243002
0.248163
0.253181
0.248903
0.247457
0.196887
0.201019
0.239360
0.234124
0.232271
0.254484
0.253173
0.253614
0.258226
0.217657
0.244555
0.249414
0.246191
0.255689
0.258456
0.266628
0.256160
0.223313
0.256722
0.254236
0.248817
0.257048
0.268788
0.262319
0.277082
0.232393
0.266628
0.247179
0.259422
0.270125
0.279164
0.267874
0.272587
0.208601
0.210567
0.261760
0.260174
0.255024
0.280423
0.282229
0.270104
0.286429
0.223109
0.257375
0.251924
0.252917
0.265423
0.262962
0.269053
0.265441
0.235595
0.232492
0.254052
0.251698
0.252326
0.276842
0.267863
0.277446
0.267419
0.240659
0.243120
0.260712
0.261586
0.286748
0.287065
0.288844
0.207537
0.246576
0.248553
0.250920
0.263562
0.267116
0.269266
0.262727
0.277968
0.269782
0.196277
0.199341
0.235637
0.251908
0.254644
0.287161
0.276705
0.271843
0.276073
0.193281
0.194849
0.242504
0.243939
0.181597
0.233995
0.279916
0.280257
0.278685
0.277151
0.218945
0.221324
0.241914
0.250729
0.251180
0.283806
0.271487
0.266715
0.273230
0.210404
0.215828
0.212521
0.239724
0.237401
0.265263
0.259406
0.264100
0.259688
0.205450
0.207360
0.233771
0.238151
0.195815
0.238021
0.266818
0.262339
0.262825
0.261712
0.212614
0.205175
0.231607
0.202266
0.236873
0.272204
0.259695
0.273954
0.265398
0.203922
0.202769
0.238461
0.247349
0.208002
0.245695
0.276309
0.273884
0.264972
0.276015
0.211771
0.206383
0.246503
0.233753
0.204862
0.234847
0.258747
0.262715
0.258361
0.216955
0.213020
0.242816
0.240483
0.240910
0.259761
0.261681
0.267953
0.261251
0.217116
0.219561
0.254349
0.247009
0.247773
0.271866
0.264511
0.274387
0.271835
0.219120
0.267497
0.263421
0.275606
0.285341
0.283862
0.324799
0.317039
0.306079
0.293401
0.294959
0.303072
0.303579
0.312483
0.308438
0.295287
0.308902
0.301587
0.298517
0.297286
0.303872
0.303729
0.292058
0.300181
0.300394
0.309103
0.301366
0.307697
0.295778
0.296310
0.321103
0.311376
0.315835
0.292065
0.343616
0.323181
0.313319
0.311744
0.291246
0.329256
0.312892
0.338065
0.322130
0.302878
0.297925
0.294116
0.308720
0.282789
0.319425
0.298329
0.298041
0.288473
0.272602
0.317973
0.321540
0.317833
0.313051
0.288315
0.320140
0.312417
0.304798
0.330184
0.324006
0.313188
0.286012
0.286407
0.301096
0.310300
0.308864
0.310245
0.300070
0.295876
0.313307
0.316926
0.304932
0.300665
0.320679
0.310054
0.321578
0.313675
0.293807
0.305794
0.303316
0.288482
0.292547
0.289746
0.299844
0.298013
0.307704
0.302120
0.282348
0.329880
0.307950
0.300866
0.297140
0.276318
0.316890
0.299666
0.327686
0.313092
0.291392
0.286917
0.280455
0.293799
0.268569
0.297302
0.273642
0.285922
0.269109
0.259488
0.314322
0.319126
0.307386
0.308476
0.281153
0.331497
0.304750
0.319689
0.292554
0.284433
0.278785
0.279296
0.261160
0.267212
0.252388
0.307950
0.293027
0.301744
0.303768
0.275155
0.304810
0.302402
0.293755
0.275758
0.262382
0.279677
0.267075
0.284178
0.267944
0.261793
0.261194
0.261373
0.262799
0.265798
0.262543
0.269085
0.261390
0.269456
0.273408
0.284921
0.275821
0.274881
0.281662
0.273321
0.291627
0.293889
0.285085
0.283157
0.274743
0.299725
0.290427
0.294602
0.264850
0.289933
0.283475
0.273083
0.252907
0.292910
0.300030
0.290314
0.285024
0.284427
0.284939
0.273936
0.314915
0.291286
0.308701
0.265097
0.293148
0.279802
0.268974
0.269078
0.246961
0.300071
0.304198
0.290907
0.292302
0.280164
0.265653
0.307439
0.293702
0.298385
0.285803
0.292401
0.295806
0.292146
0.280278
0.282675
0.274944
0.276712
0.281904
0.274062
0.284917
0.280592
0.279178
0.277435
0.270554
0.288994
0.285731
0.282064
0.282769
0.278584
0.282364
0.281067
0.287429
0.280402
0.272553
0.275786
0.276013
0.278055
0.280903
0.274483
0.282627
0.275309
0.269364
0.276416
0.269938
0.286186
0.283894
0.280411
0.277882
0.271285
0.283697
0.282538
0.262755
0.292794
0.302857
0.310985
0.317930
0.323207
0.341163
0.346842
0.333737
0.340217
0.326932
0.292675
0.292275
0.301144
0.285721
0.320690
0.339670
0.331163
0.346319
0.255718
0.294031
0.291003
0.288321
0.333636
0.332330
0.327333
0.297011
0.303420
0.310611
0.302594
0.301177
0.321713
0.324036
0.336971
0.334130
0.307978
0.311741
0.308480
0.287451
0.321695
0.334513
0.330665
0.335529
0.287442
0.308567
0.312589
0.310689
0.338123
0.331572
0.335797
0.311330
0.280406
0.293821
0.314137
0.313746
0.351377
0.349199
0.323666
0.315668
0.348455
0.316604
0.280495
0.292222
0.292614
0.262333
0.272877
0.247137
0.320060
0.321785
0.318878
0.372463
0.384980
0.373385
0.335182
0.340276
0.339971
0.341466
0.339582
0.368172
0.370303
0.370316
0.372887
0.291091
0.326954
0.337878
0.307269
0.351316
0.362333
0.319263
0.358866
0.317278
0.313977
0.290621
0.316937
0.338180
0.341868
0.327459
0.321808
0.339705
0.327366
0.364599
0.401940
0.372577
0.375223
0.361035
0.394465
0.343228
0.321449
0.350272
0.363987
0.363713
0.292875
0.289891
0.312467
0.289986
0.341060
0.314919
0.302899
0.313420
0.348710
0.324153
0.344229
0.354514
0.340613
0.367934
0.379089
0.379710
0.356416
0.347515
0.339529
0.319319
0.350289
0.366551
0.372565
0.320838
0.331369
0.321942
0.332655
0.383638
0.367612
0.288989
0.305145
0.327720
0.299184
0.342838
0.373856
0.336131
0.321531
0.356333
0.351560
0.380086
0.364257
0.366991
0.361535
0.359512
0.383404
0.375389
0.343413
0.334806
0.377019
0.386101
0.406238
0.407737
0.361557
0.341425
0.359446
0.333622
0.362654
0.362463
0.388170
0.327241
0.326023
0.329591
0.315854
0.348747
0.326802
0.352290
0.301529
0.312581
0.302305
0.320072
0.320112
0.351275
0.288420
0.334949
0.321112
0.322460
0.369261
0.375139
0.324560
0.318538
0.342266
0.342524
0.392249
0.383743
0.349505
0.349417
0.347327
0.342476
0.344217
0.371773
0.380905
0.326634
0.342294
0.353011
0.354112
0.386047
0.381148
0.357601
0.333543
0.316141
0.332316
0.365383
0.350019
0.287298
0.283194
0.305500
0.278816
0.299956
0.301761
0.353909
0.274648
0.306366
0.285871
0.314700
0.356979
0.314943
0.330937
0.338930
0.360817
0.384886
0.417496
0.393563
0.380746
0.423721
0.346049
0.364429
0.350559
0.368306
0.388820
0.378526
0.323720
0.332277
0.337453
0.361178
0.288885
0.298940
0.304001
0.305542
0.337787
0.341090
0.287326
0.302786
0.310936
0.296142
0.309380
0.349702
0.340569
0.324022
0.298115
0.304526
0.288318
0.297217
0.334939
0.301982
0.285154
0.299416
0.317687
0.285897
0.302151
0.329450
0.312034
0.324319
0.324914
0.313651
0.328710
0.322573
0.307694
0.311094
0.316297
0.322931
0.317488
0.314376
0.294245
0.298117
0.312001
0.330676
0.318345
0.302221
0.273400
0.272673
0.299295
0.276362
0.326856
0.303562
0.288927
0.330456
0.327622
0.294609
0.341141
0.379147
0.375940
0.349878
0.342940
0.340954
0.301594
0.336427
0.356581
0.362394
0.325710
0.332588
0.331490
0.330565
0.323900
0.319441
0.306902
0.313755
0.317487
0.347190
0.323000
0.374932
0.358409
0.365540
0.387320
0.386426
0.397896
0.384321
0.395923
0.375130
0.402498
0.400461
0.353488
0.360044
0.376544
0.400477
0.378387
0.394054
0.377383
0.356773
0.343267
0.366018
0.357384
0.376719
0.361945
0.365132
0.351695
0.374572
0.381251
0.381159
0.343821
0.379591
0.368148
0.400154
0.403799
0.380876
0.364473
0.412434
0.392279
0.407420
0.402586
0.391952
0.373766
0.418607
0.428105
0.426620
0.431205
0.430891
0.404142
0.428294
0.433067
0.428552
0.432342
0.418350
0.420005
0.395061
0.392313
0.403999
0.403727
0.406055
0.352927
0.393342
0.382362
0.415850
0.400367
0.368401
0.371766
0.384032
0.401092
0.407832
0.418091
0.415547
0.414959
0.437778
0.450914
0.387142
0.410793
0.426013
0.438812
0.365213
0.368138
0.344953
0.406015
0.444931
0.395996
0.352373
0.402975
0.400970
0.400494
0.446920
0.422374
0.398391
0.416728
0.432379
0.446018
0.401387
0.447331
0.429572
0.454717
0.394448
0.443292
0.465851
0.413122
0.426838
0.461661
0.452541
0.450598
0.387582
0.412410
0.418347
0.411638
0.429190
0.437703
0.435718
0.422896
0.461572
0.433309
0.407423
0.449040
0.453581
0.440718
0.467616
0.447091
0.415675
0.459551
0.439891
0.428686
0.354553
0.394600
0.378290
0.408734
0.367750
0.418572
0.419490
0.453059
0.389917
0.430006
0.435183
0.456626
0.437472
0.462503
0.413853
0.439599
0.433819
0.446820
0.430345
0.428045
0.402885
0.453708
0.442989
0.396466
0.422276
0.413890
0.439362
0.446737
0.420641
0.416720
0.441195
0.456862
0.396882
0.381853
0.471791
0.455966
0.458986
0.421998
0.390418
0.449967
0.445632
0.454363
0.466529
0.453607
0.420902
0.435801
0.446796
0.454081
0.437717
0.420395
0.437694
0.440482
0.367102
0.406803
0.414907
0.433833
0.439916
0.386335
0.395229
0.381564
0.425143
0.426364
0.444541
0.386460
0.373111
0.402063
0.431465
0.419049
0.397366
0.370130
0.398935
0.427168
0.353459
0.347472
0.413377
0.394123
0.393227
0.319388
0.326227
0.340434
0.332734
0.373697
0.387886
0.328391
0.346545
0.354153
0.433691
0.406083
0.361809
0.382465
0.423234
0.428228
0.362460
0.340522
0.409985
0.398296
0.418248
0.374333
0.408428
0.429934
0.433423
0.388147
0.391397
0.397316
0.411525
0.351073
0.353437
0.335355
0.354266
0.370127
0.413923
0.355242
0.386288
0.412465
0.403448
0.400170
0.407675
0.402183
0.406958
0.407457
0.407192
0.400468
0.400186
0.417819
0.408821
0.393924
0.397000
0.392649
0.385512
0.400910
0.399705
0.400267
0.406000
0.407444
0.394581
0.417509
0.405620
0.410891
0.438795
0.431387
0.428761
0.420115
0.431930
0.429647
0.420672
0.411245
0.418608
0.420032
0.421661
0.417942
0.395295
0.419017
0.413593
0.415812
0.414091
0.408869
0.418719
0.469398
0.460672
0.476101
0.477351
0.474495
0.470313
0.474130
0.476136
0.473700
0.454873
0.478279
0.477863
0.478305
0.477537
0.459263
0.477976
0.478661
0.475781
0.461835
0.475175
0.473417
0.476205
0.474524
0.476728
0.476712
0.475737
0.479960
0.478390
0.480848
0.464997
0.473790
0.480544
0.451075
0.476963
0.474358
0.475751
0.474598
0.475271
0.473813
0.473277
0.474053
0.473908
0.472015
0.471689
0.470682
0.464911
0.477866
0.476206
0.475112
0.478039
0.476794
0.477439
0.476349
0.476947
0.475886
0.477393
0.464795
0.471157
0.474428
0.474778
0.454885
0.472028
0.474720
0.475158
0.476365
0.476381
0.454840
0.456149
0.454380
0.458409
0.452855
0.453901
0.454416
0.452803
0.455335
0.458185
0.459371
0.463971
0.456004
0.466226
0.460216
0.457789
0.452072
0.455476
0.432162
0.449416
0.453913
0.454624
0.450213
0.413206
0.451494
0.442276
0.456429
0.456844
0.465620
0.427927
0.428072
0.442030
0.136768
0.091844
0.083933
0.067247
0.065850
0.067928
0.072901
0.070145
0.070351
0.068114
0.067594
0.066458
0.067103
0.067914
0.067606
0.066276
0.071098
0.069540
0.064761
0.065148
0.065493
0.065738
0.065156
0.064869
0.065084
0.065090
0.065381
0.064948
0.063895
0.064423
0.065977
0.064174
0.067836
0.066226
0.063909
0.063958
0.064693
0.067517
0.065637
0.065608
0.066868
0.065629
0.066326
0.065370
0.064050
0.064097
0.065744
0.065263
0.066525
0.066632
0.065638
0.064531
0.073691
0.074841
0.072638
0.073367
0.073836
0.071462
0.069978
0.069481
0.067063
0.068455
0.069813
0.070231
0.071681
0.070421
0.071347
0.072095
0.071795
0.069938
0.073058
0.074663
0.068558
0.074045
0.075241
0.072844
0.070151
0.071336
0.072362
0.075358
0.072588
0.068511
0.067175
0.072358
0.070961
0.069286
0.069428
0.068786
0.065481
0.067750
0.067947
0.066160
0.065283
0.064718
0.067436
0.067566
0.067079
0.065876
0.062640
0.065390
0.070421
0.071918
0.069651
0.066297
0.067561
0.065608
0.068838
0.064798
0.063189
0.063015
0.065270
0.064001
0.067853
0.065952
0.063232
0.063308
0.073808
0.071246
0.089983
0.081382
0.071772
0.068411
0.064602
0.065808
0.071128
0.087974
0.071400
0.079667
0.166263
0.195290
0.248779
0.145672
0.194948
0.153536
0.181855
0.158096
0.142749
0.158765
0.173370
0.219165
0.172430
0.163688
0.171701
0.195659
0.177305
0.206918
0.172527
0.208260
0.237476
0.166303
0.160943
0.138026
0.144923
0.173120
0.150390
0.178178
0.157874
0.186150
0.218086
0.202448
0.175880
0.239819
0.157807
0.185125
0.152899
0.188601
0.153229
0.152210
0.161380
0.161887
0.156459
0.156806
0.145730
0.140486
0.152263
0.137181
0.138552
0.128097
0.137351
0.121550
0.121749
0.114745
0.107749
0.132103
0.144934
0.151732
0.145016
0.142174
0.149588
0.129198
0.136589
0.143462
0.121077
0.105832
0.110132
0.119445
0.130154
0.125695
0.117865
0.130020
0.197077
0.177855
0.193150
0.152221
0.156178
0.153662
0.166146
0.152247
0.136833
0.150641
0.170378
0.166988
0.208345
0.164436
0.218101
0.168774
0.145931
0.157913
0.174153
0.157614
0.201159
0.162824
0.209287
0.246219
0.150101
0.137292
0.137570
0.134638
0.138168
0.134389
0.118264
0.129982
0.126653
0.132659
0.133248
0.143703
0.114804
0.115275
0.148796
0.142259
0.115534
0.133522
0.132332
0.141956
0.141287
0.165566
0.141748
0.160904
0.205179
0.208482
0.175724
0.204504
0.254277
0.196095
0.172578
0.179356
0.165909
0.181515
0.172150
0.161542
0.164618
0.172602
0.161072
0.166710
0.179858
0.202359
0.145185
0.156643
0.175077
0.162771
0.187402
0.186933
0.158514
0.211361
0.243707
0.168079
0.147760
0.143129
0.139785
0.126603
0.129504
0.137955
0.112411
0.105120
0.114646
0.113739
0.117141
0.143756
0.139035
0.134103
0.122410
0.131805
0.122136
0.135138
0.114913
0.111659
0.108366
0.111231
0.134563
0.073211
0.066483
0.070685
0.067048
0.063791
0.069053
0.067297
0.066360
0.065851
0.067575
0.063568
0.064298
0.066483
0.065047
0.070559
0.066649
0.071522
0.069103
0.066119
0.069611
0.065480
0.067063
0.066275
0.066426
0.068992
0.066506
0.069370
0.066282
0.064333
0.068279
0.065562
0.066772
0.063660
0.064736
0.071376
0.069280
0.071043
0.069103
0.067526
0.070237
0.066342
0.067305
0.067294
0.066466
0.075042
0.070061
0.075939
0.074684
0.068894
0.074666
0.069917
0.071869
0.067840
0.071251
0.069195
0.065001
0.070456
0.066529
0.063816
0.068935
0.067668
0.067352
0.062455
0.064548
0.071324
0.066449
0.069958
0.066623
0.065498
0.068267
0.063597
0.064828
0.065180
0.062694
0.070406
0.068899
0.071230
0.077582
0.063588
0.072184
0.073549
0.140738
0.136534
0.134185
0.136812
0.143501
0.138474
0.139225
0.130143
0.133021
0.105631
0.116564
0.121373
0.109906
0.158813
0.151768
0.144980
0.141127
0.153022
0.150863
0.141601
0.125615
0.130889
0.159045
0.133028
0.150817
0.142465
0.122418
0.147343
0.145767
0.134073
0.131368
0.109121
0.121092
0.113126
0.153852
0.143510
0.135574
0.135252
0.130631
0.149834
0.149384
0.131889
0.123075
0.110551
0.111875
0.111938
0.140657
0.124367
0.142917
0.136520
0.122394
0.148931
0.142107
0.121263
0.128328
0.134409
0.128446
0.126889
0.128612
0.129687
0.120196
0.128900
0.126788
0.123818
0.129201
0.142770
0.133921
0.130518
0.132094
0.139673
0.127425
0.130780
0.120881
0.127956
0.112177
0.121128
0.106674
0.160266
0.140788
0.140978
0.128906
0.143035
0.151827
0.125621
0.110164
0.114713
0.119712
0.115008
0.110504
0.113626
0.112527
0.110588
0.103143
0.130943
0.126134
0.122716
0.126127
0.125759
0.119172
0.109193
0.136984
0.131600
0.134910
0.142577
0.147093
0.128215
0.126240
0.116081
0.111179
0.154278
0.147502
0.138028
0.138825
0.142766
0.148449
0.128129
0.119028
0.115864
0.123782
0.121078
0.118057
0.120433
0.113800
0.120391
0.119058
0.146525
0.147146
0.139821
0.135174
0.149552
0.133320
0.126959
0.058033
0.052918
0.052482
0.052609
0.054741
0.052968
0.048977
0.046054
0.054387
0.052885
0.062965
0.062090
0.056417
0.060311
0.063001
0.056507
0.062644
0.061543
0.059163
0.057746
0.049418
0.051111
0.051223
0.059399
0.060220
0.058992
0.051103
0.057583
0.061602
0.060388
0.065874
0.065161
0.068908
0.068634
0.067335
0.067376
0.066846
0.063568
0.068913
0.067245
0.067664
0.070167
0.066063
0.069801
0.069067
0.073060
0.073013
0.073457
0.075214
0.071797
0.071780
0.071600
0.074245
0.071742
0.071617
0.071586
0.054474
0.059091
0.059122
0.063058
0.062503
0.066603
0.071556
0.068731
0.069730
0.067117
0.067173
0.064035
0.056702
0.058204
0.057847
0.061802
0.063514
0.063486
0.055593
0.064498
0.067221
0.068616
0.067726
0.068727
0.070460
0.070175
0.068885
0.068072
0.070373
0.069074
0.069735
0.067310
0.066639
0.064737
0.071145
0.068689
0.066778
0.067325
0.064002
0.062167
0.058862
0.058133
0.061842
0.061787
0.066142
0.066136
0.067946
0.068251
0.064913
0.064889
0.066324
0.069381
0.063836
0.064998
0.064283
0.061356
0.059117
0.061927
0.068540
0.065615
0.063529
0.064447
0.066257
0.065427
0.064809
0.065379
0.070992
0.067807
0.065633
0.063961
0.064276
0.064624
0.068132
0.065111
0.069998
0.063927
0.061728
0.069890
0.069245
0.068901
0.067514
0.067353
0.060397
0.057715
0.061044
0.062508
0.070083
0.067926
0.068365
0.063645
0.063576
0.066293
0.064397
0.063343
0.056896
0.059904
0.076175
0.074640
0.073259
0.068812
0.069685
0.070460
0.071503
0.070346
0.065529
0.065361
0.061905
0.060880
0.057513
0.071852
0.073252
0.069589
0.072658
0.074038
0.069971
0.066000
0.071145
0.070708
0.067852
0.063165
0.064909
0.066249
0.065644
0.062148
0.056563
0.057587
0.075100
0.072485
0.073343
0.068815
0.069700
0.071381
0.070233
0.065346
0.063777
0.061044
0.069614
0.066149
0.072930
0.069378
0.070831
0.073136
0.073257
0.072284
0.069996
0.068879
0.072195
0.068751
0.074991
0.102288
0.063530
0.088193
0.090641
0.297144
0.284638
0.313494
0.282352
0.271259
0.251741
0.185325
0.267423
0.211244
0.161655
0.232951
0.222977
0.186439
0.169737
0.192792
0.103315
0.078214
0.118869
0.092659
0.077616
0.109489
0.129024
0.125068
0.141763
0.123785
0.138747
0.104520
0.108213
0.086938
0.082785
0.093729
0.063277
0.057619
0.061174
0.055883
0.054563
0.057723
0.061852
0.060489
0.069468
0.061349
0.069074
0.057549
0.062939
0.061913
0.054675
0.055150
0.050254
0.050218
0.052154
0.054345
0.048366
0.053925
0.054458
0.052853
0.058768
0.052993
0.060742
0.057742
0.055172
0.054141
0.048955
0.053966
0.077743
0.111537
0.059526
0.083697
0.120416
0.064552
0.046408
0.049865
0.051293
0.050266
0.068584
0.070242
0.085556
0.129092
0.121461
0.084190
0.202653
0.243051
0.192174
0.142967
0.167841
0.164545
0.169389
0.190272
0.235937
0.255913
0.277731
0.282997
0.275486
0.304079
0.304262
0.285345
0.247776
0.236636
0.273827
0.270218
0.165537
0.199358
0.181149
0.154585
0.201282
0.228360
0.220664
0.226795
0.192047
0.168377
0.160085
0.177156
0.106962
0.083210
0.117891
0.091438
0.079420
0.108425
0.136270
0.128615
0.138101
0.127213
0.115846
0.102856
0.096636
0.086500
0.083207
0.087399
0.067132
0.064532
0.067343
0.065383
0.064487
0.067196
0.068236
0.069219
0.076485
0.070106
0.073547
0.068103
0.072410
0.070931
0.065777
0.066544
0.063953
0.068944
0.063796
0.069795
0.068720
0.067030
0.063437
0.063870
0.069421
0.064392
0.073783
0.072431
0.072715
0.080613
0.070679
0.070895
0.099293
0.160814
0.084396
0.126226
0.162037
0.103148
0.070187
0.077705
0.079437
0.080126
0.111678
0.119806
0.130419
0.184767
0.161968
0.129385
0.282682
0.206298
0.302536
0.244328
0.193276
0.210206
0.201793
0.213869
0.252648
0.262315
0.284137
0.327171
0.313038
0.291924
0.316856
0.372070
0.362815
0.335870
0.349234
0.292538
0.322079
0.077420
0.038825
0.101410
0.054033
0.035994
0.099928
0.191222
0.145242
0.151906
0.089024
0.090596
0.068364
0.040504
0.045552
0.051466
0.027094
0.041762
0.020369
0.026945
0.039684
0.023519
0.019391
0.021428
0.020233
0.021874
0.022119
0.026904
0.023025
0.051171
0.043006
0.026361
0.068842
0.107778
0.049909
0.071664
0.072234
0.079992
0.140826
0.130099
0.168595
0.218998
0.229721
0.175444
0.160480
0.266454
0.188194
0.271958
0.289900
0.282358
0.284977
0.274441
0.278337
0.297527
0.258847
0.286179
0.300756
0.294867
0.291310
0.301374
0.305133
0.302053
0.297205
0.301167
0.295367
0.312470
0.302982
0.294614
0.290644
0.294882
0.302697
0.289582
0.279600
0.274596
0.286639
0.288076
0.283150
0.276071
0.277747
0.291627
0.289753
0.304360
0.290215
0.310967
0.294941
0.295788
0.309928
0.268734
0.270594
0.270162
0.268554
0.288709
0.272765
0.284739
0.283527
0.304959
0.261494
0.190047
0.188952
0.269940
0.275296
0.320521
0.289381
0.310334
0.289171
0.290021
0.098209
0.048075
0.115745
0.069922
0.041007
0.107514
0.181269
0.202129
0.094621
0.089245
0.076818
0.039708
0.043454
0.061181
0.019079
0.049268
0.013546
0.018341
0.041095
0.015645
0.014898
0.014113
0.015157
0.014048
0.014471
0.017710
0.014997
0.051260
0.035739
0.016016
0.141090
0.076094
0.203521
0.112147
0.068397
0.074479
0.071084
0.071411
0.118975
0.127019
0.140178
0.182953
0.237075
0.260830
0.321095
0.330457
0.287568
0.314368
0.291513
0.275608
0.147305
0.194637
0.125453
0.162860
0.205910
0.228990
0.211735
0.172391
0.136160
0.128022
0.150514
0.091798
0.078188
0.100143
0.081108
0.075001
0.092646
0.103391
0.103972
0.126559
0.110408
0.101472
0.098068
0.089770
0.080381
0.081512
0.086044
0.069320
0.070407
0.068777
0.068557
0.069652
0.068249
0.068968
0.069024
0.075276
0.071501
0.074711
0.071957
0.073552
0.076086
0.072850
0.071933
0.074729
0.089108
0.072837
0.082652
0.093482
0.077733
0.071250
0.072931
0.076559
0.075373
0.084421
0.085132
0.085136
0.116441
0.092662
0.087489
0.170019
0.158907
0.128828
0.148393
0.150920
0.121253
0.126089
0.120865
0.115483
0.150286
0.125080
0.108345
0.101389
0.111762
0.107674
0.108261
0.188949
0.201651
0.162225
0.182645
0.206093
0.198423
0.226835
0.239377
0.202634
0.214555
0.211775
0.237401
0.222325
0.162608
0.202621
0.256802
0.205506
0.275670
0.322839
0.242687
0.275038
0.334892
0.286948
0.231338
0.278144
0.239248
0.258371
0.310856
0.255838
0.254989
0.233116
0.249503
0.255278
0.239796
0.209805
0.229725
0.242111
0.236377
0.253614
0.240890
0.270357
0.269645
0.262191
0.256017
0.252546
0.249164
0.255647
0.253923
0.255704
0.259586
0.267257
0.262110
0.263969
0.259386
0.267629
0.264405
0.259062
0.260933
0.259180
0.243492
0.258559
0.200025
0.173476
0.121927
0.178254
0.156933
0.124131
0.210874
0.219426
0.153199
0.174449
0.161112
0.105199
0.125657
0.155997
0.069233
0.059861
0.066502
0.055664
0.054717
0.064044
0.077911
0.073552
0.078007
0.072512
0.060593
0.061831
0.055404
0.058452
0.056124
0.051545
0.060589
0.065036
0.059758
0.064162
0.066097
0.061401
0.057036
0.058003
0.058676
0.058071
0.062887
0.062731
0.066280
0.069629
0.067030
0.065289
0.075227
0.097529
0.071968
0.086457
0.097558
0.078862
0.067805
0.070460
0.070287
0.071437
0.079074
0.086688
0.081585
0.099006
0.098476
0.088476
0.138617
0.184701
0.121938
0.157325
0.190027
0.141212
0.110277
0.118399
0.119878
0.120564
0.137055
0.151267
0.148951
0.199217
0.202407
0.159059
0.262992
0.215545
0.239121
0.259426
0.251499
0.259145
0.282093
0.258755
0.248484
0.276279
0.299656
0.274374
0.290721
0.274196
0.251849
0.252365
0.247374
0.251852
0.246699
0.246197
0.262875
0.253031
0.264978
0.258730
0.248483
0.267793
0.265150
0.256116
0.256094
0.240161
0.245105
0.241347
0.239865
0.255074
0.245847
0.256707
0.242687
0.251976
0.244166
0.247373
0.239629
0.287144
0.268763
0.262760
0.281575
0.270655
0.275853
0.275396
0.276768
0.267053
0.272369
0.258566
0.272343
0.258443
0.287902
0.250571
0.192129
0.139846
0.214587
0.128980
0.165302
0.214720
0.268569
0.187074
0.120377
0.151004
0.227705
0.073117
0.064753
0.064270
0.071986
0.060539
0.063545
0.068797
0.079936
0.070349
0.058093
0.057239
0.072058
0.082862
0.083962
0.087025
0.088378
0.066334
0.068435
0.063425
0.065345
0.066064
0.063048
0.060032
0.059359
0.058524
0.058574
0.060980
0.063618
0.060341
0.063938
0.064613
0.064094
0.079634
0.106421
0.075721
0.091640
0.099402
0.082155
0.069669
0.070159
0.067942
0.069158
0.075577
0.088141
0.076362
0.093183
0.093521
0.087206
0.146636
0.199615
0.129331
0.173825
0.206740
0.149225
0.118642
0.117567
0.115103
0.158467
0.202498
0.174037
0.252772
0.261162
0.313033
0.261622
0.302212
0.283332
0.291467
0.310693
0.282600
0.272167
0.268362
0.265074
0.266463
0.281388
0.279091
0.285380
0.263818
0.280402
0.311355
0.353777
0.335950
0.217697
0.149979
0.214210
0.285546
0.072230
0.066070
0.073252
0.084597
0.062997
0.062994
0.065148
0.060345
0.057849
0.061182
0.086428
0.106850
0.077260
0.067731
0.083205
0.147430
0.201970
0.154002
0.117412
0.136337
0.353469
0.310923
0.286966
0.351614
0.323663
0.298286
0.283586
0.297983
0.309149
0.275010
0.259221
0.190480
0.214478
0.211009
0.255591
0.211765
0.269278
0.336260
0.233976
0.283095
0.144279
0.173092
0.144797
0.182466
0.262489
0.274842
0.211184
0.158111
0.219548
0.143345
0.104806
0.127973
0.160275
0.079880
0.070797
0.070934
0.072328
0.083288
0.076473
0.068077
0.075285
0.058039
0.060184
0.057516
0.058217
0.056475
0.053842
0.062161
0.062036
0.063984
0.057091
0.055631
0.053643
0.055793
0.055422
0.060914
0.054944
0.058211
0.062034
0.061498
0.080573
0.100601
0.081694
0.098449
0.068712
0.067612
0.060332
0.066240
0.066891
0.081431
0.067916
0.078752
0.092025
0.081578
0.144213
0.207576
0.150621
0.115605
0.089403
0.108078
0.128571
0.128789
0.145908
0.163255
0.192328
0.166217
0.289361
0.189922
0.252977
0.357551
0.312658
0.273904
0.212827
0.225681
0.271210
0.179992
0.231294
0.250597
0.205444
0.270791
0.290913
0.269972
0.197330
0.282925
0.110041
0.119423
0.099225
0.114376
0.122219
0.120906
0.090472
0.111229
0.127898
0.149344
0.157956
0.145649
0.128100
0.100093
0.114170
0.096028
0.122232
0.090010
0.129360
0.103573
0.075319
0.111720
0.147079
0.121199
0.102066
0.102543
0.089078
0.098974
0.077842
0.064435
0.067249
0.081893
0.054594
0.052641
0.053569
0.047900
0.046941
0.048790
0.057667
0.052239
0.049022
0.050388
0.047083
0.046228
0.046451
0.047382
0.044560
0.043601
0.051288
0.053421
0.049630
0.050228
0.049339
0.048869
0.050245
0.047065
0.044463
0.045777
0.044963
0.048463
0.043998
0.045760
0.046452
0.047173
0.059381
0.069816
0.055540
0.061329
0.062098
0.056211
0.053419
0.049981
0.046261
0.048506
0.049749
0.057575
0.048779
0.054209
0.055204
0.055683
0.098573
0.123637
0.086167
0.096991
0.106562
0.082321
0.074188
0.066969
0.059352
0.062880
0.067385
0.081589
0.070029
0.083489
0.089845
0.082332
0.141432
0.132309
0.139193
0.124415
0.092267
0.098561
0.116534
0.148811
0.119799
0.121262
0.105063
0.097340
0.107055
0.111747
0.094927
0.131359
0.112389
0.099661
0.148073
0.144745
0.140345
0.124850
0.102488
0.104768
0.083350
0.082733
0.079396
0.080576
0.084207
0.080241
0.077236
0.078591
0.075748
0.078707
0.075076
0.075829
0.080662
0.083651
0.078976
0.077501
0.077293
0.072830
0.059256
0.078063
0.070685
0.059371
0.075238
0.083373
0.080701
0.077660
0.078091
0.072650
0.073311
0.068263
0.057776
0.059645
0.069355
0.045704
0.043822
0.046108
0.041176
0.041225
0.042944
0.047838
0.046830
0.046343
0.046581
0.044748
0.042351
0.044286
0.044466
0.041004
0.039948
0.042887
0.043490
0.042193
0.042652
0.042497
0.042592
0.042363
0.041931
0.041354
0.041477
0.041743
0.042569
0.041668
0.042195
0.042114
0.042338
0.046175
0.051834
0.044258
0.048108
0.050384
0.045592
0.043404
0.043055
0.042398
0.042810
0.045065
0.047540
0.044878
0.048806
0.049063
0.048005
0.063599
0.073016
0.058822
0.064674
0.071511
0.059634
0.054893
0.054861
0.053012
0.054386
0.057072
0.060593
0.060567
0.067887
0.068990
0.064135
0.082625
0.078385
0.080775
0.080935
0.078812
0.074357
0.077066
0.076664
0.082003
0.080508
0.086480
0.088528
0.086156
0.085999
0.085573
0.081949
0.083003
0.083289
0.084499
0.079767
0.081036
0.087240
0.083255
0.081078
0.080503
0.078933
0.078735
0.076163
0.077484
0.074972
0.076194
0.074528
0.075012
0.076724
0.074058
0.076364
0.082811
0.077497
0.082028
0.076455
0.078126
0.081996
0.075019
0.077156
0.077612
0.075400
0.075560
0.090794
0.087943
0.066629
0.055343
0.073827
0.067591
0.058115
0.072936
0.076608
0.074971
0.083762
0.073304
0.075903
0.064971
0.059495
0.069066
0.044369
0.042151
0.045108
0.040050
0.040223
0.042176
0.046722
0.046287
0.048284
0.046337
0.047882
0.041942
0.047704
0.047785
0.040440
0.039470
0.041599
0.041895
0.040993
0.041732
0.041686
0.041633
0.040817
0.040937
0.041261
0.040713
0.042075
0.041794
0.042435
0.042865
0.041774
0.041954
0.043910
0.048563
0.042594
0.045928
0.047924
0.043967
0.041902
0.042221
0.042825
0.042236
0.045424
0.046012
0.045158
0.048920
0.047702
0.046698
0.058724
0.066500
0.054571
0.061022
0.066567
0.057059
0.051117
0.052508
0.053094
0.052577
0.057610
0.058509
0.061597
0.068579
0.066913
0.062324
0.076523
0.072269
0.080370
0.075733
0.072531
0.073427
0.076430
0.073625
0.079541
0.077989
0.083866
0.081359
0.081464
0.080083
0.094750
0.080391
0.075314
0.077754
0.076048
0.078223
0.080690
0.080164
0.091862
0.079725
0.086274
0.078282
0.084352
0.077326
0.082647
0.095851
0.112265
0.116395
0.093189
0.122205
0.158765
0.137256
0.160297
0.133347
0.170744
0.136661
0.115717
0.098823
0.116296
0.137251
0.192628
0.167096
0.080715
0.063835
0.096903
0.091274
0.079449
0.105656
0.107779
0.131863
0.164834
0.119507
0.182299
0.144635
0.097036
0.118632
0.049480
0.044228
0.051127
0.042667
0.042819
0.047641
0.052578
0.055927
0.072673
0.060289
0.062835
0.049858
0.058738
0.056888
0.045586
0.044080
0.043315
0.043637
0.042608
0.044252
0.045457
0.044362
0.041730
0.043828
0.048603
0.044773
0.049824
0.045722
0.051577
0.053421
0.048071
0.046608
0.045426
0.050422
0.045024
0.049120
0.052763
0.048283
0.044341
0.047480
0.054826
0.048879
0.057305
0.051960
0.058813
0.067633
0.056376
0.052797
0.061992
0.071405
0.058400
0.069652
0.083036
0.064521
0.054155
0.060054
0.079412
0.062784
0.088312
0.070101
0.103753
0.119142
0.093692
0.078639
0.100394
0.085037
0.114761
0.082325
0.101988
0.109122
0.144812
0.117137
0.178291
0.135436
0.113020
0.118823
0.192166
0.136958
0.089404
0.096857
0.113657
0.116486
0.102025
0.113424
0.194714
0.136898
0.193938
0.145197
0.190974
0.142052
0.190535
0.265337
0.190934
0.212807
0.218667
0.255421
0.364920
0.204836
0.136290
0.227447
0.156908
0.252661
0.188313
0.169034
0.065866
0.057258
0.069896
0.058305
0.056733
0.063724
0.084003
0.074042
0.071234
0.066744
0.071219
0.055919
0.059050
0.054279
0.058027
0.060671
0.057013
0.053043
0.055274
0.065988
0.083076
0.063194
0.079136
0.087765
0.071495
0.060845
0.064065
0.132508
0.113392
0.152607
0.181078
0.131557
0.092119
0.107889
0.242300
0.235735
0.205108
0.291745
0.255543
0.209912
0.240468
0.250091
0.296733
0.375859
0.282991
0.377840
0.337913
0.416333
0.431979
0.419777
0.382894
0.210609
0.301552
0.363412
0.256993
0.219743
0.310723
0.069940
0.080325
0.077418
0.084761
0.066715
0.081881
0.060215
0.063351
0.059208
0.057684
0.058042
0.059849
0.062145
0.070183
0.064307
0.062086
0.076499
0.077487
0.067497
0.068897
0.077363
0.099970
0.087867
0.146400
0.145599
0.131134
0.131975
0.152633
0.214280
0.192470
0.338507
0.297456
0.400604
0.361986
0.303930
0.350008
0.405048
0.345703
0.357356
0.304231
0.199195
0.346303
0.338243
0.276148
0.197270
0.249856
0.070353
0.073997
0.062630
0.077061
0.088019
0.082794
0.070256
0.070886
0.074402
0.060489
0.060111
0.057512
0.058219
0.058586
0.071728
0.061657
0.081062
0.102844
0.083100
0.071416
0.100614
0.075625
0.083271
0.078541
0.178282
0.249773
0.186083
0.212702
0.144009
0.148696
0.173231
0.188463
0.401763
0.329245
0.337467
0.412227
0.387503
0.404515
0.318973
0.392947
0.380331
0.395746
0.301783
0.367376
0.321952
0.358009
0.259781
0.175784
0.266040
0.159498
0.232399
0.078203
0.069877
0.064134
0.070910
0.057795
0.059635
0.064581
0.061747
0.097985
0.067077
0.073285
0.080719
0.163197
0.162231
0.122088
0.212944
0.267484
0.253551
0.200489
0.277788
0.340881
0.215925
0.190519
0.207594
0.135562
0.125078
0.200646
0.108536
0.047857
0.085559
0.054684
0.097145
0.057241
0.057790
0.097051
0.119103
0.137712
0.120747
0.056697
0.092884
0.048483
0.053620
0.097328
0.155033
0.112287
0.183202
0.095352
0.069708
0.111561
0.119305
0.053469
0.090924
0.042363
0.076651
0.036317
0.031372
0.049017
0.059523
0.057355
0.056556
0.054465
0.047590
0.043943
0.046927
0.062422
0.045594
0.025663
0.038401
0.024850
0.037626
0.024878
0.026800
0.036200
0.035077
0.056666
0.057878
0.055982
0.050305
0.049282
0.048335
0.053849
0.044582
0.026095
0.038911
0.028523
0.043537
0.028159
0.029849
0.042655
0.043980
0.068467
0.090904
0.070842
0.063175
0.070540
0.058945
0.062047
0.051839
0.029637
0.045534
0.034279
0.057136
0.032611
0.036861
0.051363
0.054446
0.139852
0.133756
0.104936
0.103128
0.093066
0.119115
0.075561
0.037913
0.058495
0.043368
0.074978
0.040488
0.050449
0.071199
0.073496
0.139410
0.182132
0.117808
0.113053
0.052795
0.082776
0.052937
0.092427
0.044093
0.082849
0.142855
0.122978
0.090554
0.053836
0.057425
0.058378
0.093207
0.109069
0.167305
0.170643
0.118146
0.116319
0.198220
0.113071
0.054858
0.090861
0.048611
0.081359
0.046936
0.077291
0.024094
0.019928
0.019990
0.015819
0.015649
0.015412
0.015929
0.015334
0.049486
0.018035
0.046937
0.018083
0.036450
0.036776
0.018134
0.018367
0.018578
0.017997
0.016109
0.016173
0.017284
0.016234
0.049789
0.018388
0.057793
0.017949
0.057138
0.018374
0.016143
0.014086
0.016930
0.014564
0.013682
0.015395
0.017075
0.015979
0.048481
0.018734
0.053631
0.017820
0.052363
0.047346
0.016780
0.017730
0.013485
0.013289
0.013549
0.012138
0.011919
0.012354
0.013375
0.013101
0.031624
0.015343
0.033466
0.014646
0.033642
0.034431
0.013837
0.013953
0.014035
0.014044
0.013900
0.012829
0.012528
0.012425
0.013601
0.012438
0.026141
0.013913
0.026837
0.014289
0.027007
0.028246
0.014283
0.014448
0.014898
0.015370
0.014662
0.013629
0.013422
0.013120
0.014319
0.013040
0.028880
0.014593
0.029709
0.015062
0.029692
0.032793
0.014936
0.015008
0.017004
0.017096
0.016507
0.014758
0.014814
0.014039
0.015992
0.014175
0.033955
0.015561
0.034750
0.015561
0.035802
0.039558
0.016113
0.016109
0.014484
0.014681
0.016706
0.014493
0.012852
0.015317
0.017772
0.015246
0.044025
0.017099
0.051210
0.017400
0.050559
0.015407
0.018294
0.019236
0.016182
0.016304
0.016258
0.014393
0.014054
0.013016
0.052277
0.016507
0.054293
0.048115
0.018069
0.017675
0.021028
0.020860
0.020550
0.018927
0.019864
0.017607
0.049833
0.019490
0.051574
0.021676
0.048156
0.022452
0.075134
0.081115
0.093909
0.115169
0.116627
0.127890
0.091722
0.127350
0.249277
0.226252
0.108438
0.103885
0.124396
0.206409
0.091724
0.068557
0.098884
0.108707
0.090803
0.119692
0.101000
0.124932
0.136244
0.048017
0.040810
0.052265
0.046059
0.049758
0.057560
0.053517
0.069127
0.080213
0.073085
0.041113
0.042264
0.042573
0.053082
0.058310
0.055509
0.039709
0.053572
0.071132
0.071999
0.078291
0.046066
0.049169
0.048803
0.062053
0.071106
0.065790
0.045868
0.065398
0.087990
0.107758
0.088336
0.059748
0.067819
0.061701
0.092805
0.107417
0.094800
0.055219
0.087900
0.131354
0.153955
0.134162
0.097998
0.102573
0.121240
0.120079
0.087421
0.122646
0.227480
0.177423
0.088954
0.110498
0.102285
0.201584
0.241500
0.195728
0.082424
0.095416
0.142177
0.139734
0.089911
0.120732
0.197476
0.216693
0.192111
0.314700
0.298091
0.213807
0.303642
0.197517
0.155340
0.195135
0.221604
0.313104
0.255060
0.168732
0.235541
0.079672
0.091820
0.106623
0.099078
0.097634
0.084600
0.086435
0.082685
0.079685
0.080217
0.075004
0.080916
0.094367
0.086013
0.132455
0.093699
0.101230
0.106599
0.112257
0.139474
0.151753
0.165469
0.210062
0.170857
0.286779
0.317437
0.311131
0.245177
0.304194
0.294765
0.304088
0.302414
0.306841
0.303130
0.307971
0.302264
0.311663
0.313945
0.307958
0.249551
0.186692
0.208708
0.152066
0.244623
0.312985
0.290204
0.232901
0.143597
0.161376
0.081920
0.072011
0.089315
0.066341
0.061084
0.077700
0.109037
0.093240
0.087890
0.069781
0.057726
0.054413
0.075076
0.086898
0.071586
0.074809
0.074538
0.068903
0.067930
0.062070
0.058755
0.067264
0.065428
0.067119
0.104037
0.118964
0.088368
0.095119
0.100501
0.086557
0.090758
0.075488
0.070229
0.084703
0.094069
0.083224
0.165060
0.219004
0.162076
0.174728
0.204757
0.152871
0.127860
0.118724
0.177361
0.201736
0.180453
0.300831
0.278978
0.273102
0.278669
0.342525
0.324682
0.321003
0.309336
0.309713
0.312100
0.323758
0.323383
0.295616