0.364599
0.394347
0.623164
0.546133
0.384304
0.337030
0.356125
0.321898
0.507691
0.680776
0.537476
0.359163
0.360865
0.354219
0.690145
0.307161
0.420021
0.478940
0.559170
0.515186
0.476236
0.455236
0.489570
0.485623
0.444441
0.590703
0.546146
0.567176
0.565472
0.625304
0.496718
0.477257
0.524585
0.452253
0.459543
0.377475
0.325993
0.586583
0.656872
0.620725
0.425104
0.559594
0.630094
0.664814
0.529340
0.483302
0.473272
0.671987
0.653357
0.572869
0.481758
0.474603
0.496796
0.499405
0.342909
0.631751
0.704824
0.555489
0.463550
0.404440
0.610474
0.355398
0.349601
0.388866
0.380762
0.374722
0.387499
0.398105
0.316416
0.411755
0.386121
0.380852
0.357372
0.401716
0.406697
0.379462
0.433871
0.383206
0.321621
0.314798
0.312037
0.382795
0.377574
0.677179
0.659906
0.706200
0.819489
0.665545
0.699121
0.655841
0.210008
0.251933
0.383705
0.428279
0.350429
0.413165
0.436215
0.422494
0.408978
0.399970
0.343763
0.299031
0.432829
0.254797
0.221766
0.241259
0.669385
0.629059
0.559633
0.553540
0.532349
0.515944
0.483613
0.291361
0.258357
0.574637
0.551684
0.727438
0.725041
0.522765
0.555504
0.786707
0.778897
0.451210
0.507709
0.280180
0.293582
0.338070
0.427000
0.315168
0.258990
0.302582
0.320341
0.372853
0.535268
0.607562
0.314836
0.284898
0.423720
0.312345
0.425391
0.438890
0.410998
0.362397
0.357236
0.360984
0.573167
0.496651
0.568265
0.463829
0.382416
0.374440
0.540772
0.597149
0.540525
0.454925
0.668473
0.650035
0.812300
0.699674
0.732961
0.829060
0.628781
0.613516
0.585893
0.341054
0.518000
0.569259
0.500717
0.280403
0.305074
0.329437
0.333109
0.369870
0.507243
0.437309
0.556627
0.565279
0.547791
0.569652
0.584971
0.361526
0.414509
0.424715
0.509855
0.430287
0.414354
0.431680
0.359465
0.528505
0.521724
0.548067
0.599791
0.636775
0.560045
0.585496
0.289277
0.286529
0.274708
0.287704
0.311393
0.317203
0.283291
0.366085
0.444145
0.409961
0.350407
0.314455
0.362980
0.309911
0.379025
0.380798
0.352169
0.295086
0.515875
0.691370
0.577558
0.647683
0.627029
0.334874
0.295582
0.311699
0.381876
0.453065
0.524811
0.467123
0.414761
0.306863
0.357426
0.460943
0.428665
0.412304
0.364502
0.438493
0.385987
0.421571
0.439338
0.358279
0.466648
0.393386
0.370976
0.361170
0.308228
0.311249
0.334666
0.336629
0.366201
0.358646
0.344824
0.345279
0.319289
0.354482
0.315178
0.379205
0.509523
0.448092
0.301494
0.294308
0.328102
0.342530
0.319085
0.331093
0.334709
0.332082
0.329675
0.346018
0.347952
0.375878
0.336388
0.318028
0.338227
0.331298
0.354420
0.335754
0.311511
0.325449
0.337549
0.331413
0.327289
0.349102
0.349779
0.318778
0.341256
0.367975
0.321047
0.298216
0.314065
0.298894
0.293730
0.311220
0.359781
0.319642
0.320271
0.302698
0.306333
0.358148
0.315752
0.354863
0.329563
0.308372
0.367260
0.333463
0.353824
0.369615
0.392893
0.331109
0.319675
0.326535
0.336665
0.356698
0.344165
0.353526
0.364602
0.349419
0.301496
0.343485
0.329731
0.326967
0.356251
0.338336
0.362230
0.392424
0.358904
0.346954
0.339981
0.381535
0.337510
0.337953
0.330429
0.338597
0.332503
0.326804
0.315197
0.290910
0.295683
0.286225
0.293399
0.341067
0.309925
0.303858
0.344094
0.373485
0.307775
0.318559
0.317179
0.305882
0.302281
0.316118
0.310504
0.381062
0.327987
0.372908
0.358984
0.354355
0.336149
0.315693
0.370656
0.342526
0.354403
0.367721
0.351946
0.367803
0.366293
0.327675
0.297179
0.216242
0.166811
0.159175
0.212707
0.144637
0.132277
0.189454
0.351065
0.339609
0.411629
0.349502
0.377927
0.329189
0.317544
0.346837
0.328233
0.315018
0.367851
0.325749
0.312054
0.327215
0.343848
0.352203
0.514826
0.390158
0.344019
0.334983
0.341141
0.311516
0.303386
0.307714
0.307525
0.304295
0.251903
0.250744
0.178190
0.220492
0.130091
0.232793
0.238336
0.225181
0.269108
0.348401
0.370548
0.213504
0.468847
0.407792
0.475849
0.323250
0.424438
0.345468
0.320440
0.312398
0.293472
0.311588
0.342503
0.563495
0.520799
0.395685
0.418780
0.545823
0.494487
0.402490
0.608561
0.721668
0.647687
0.850377
0.696175
0.735631
0.683361
0.534842
0.686350
0.680603
0.634964
0.614428
0.539554
0.672533
0.609123
0.631218
0.675177
0.691421
0.552558
0.600436
0.537307
0.590158
0.532804
0.539786
0.561504
0.462526
0.629415
0.580523
0.515171
0.387478
0.386447
0.351641
0.400663
0.343926
0.301946
0.329600
0.402815
0.208640
0.272206
0.268715
0.260561
0.323834
0.279419
0.519289
0.598105
0.534076
0.730010
0.715929
0.734019
0.661792
0.797717
0.628132
0.664850
0.290064
0.410054
0.306259
0.312687
0.325207
0.340255
0.344791
0.379819
0.374794
0.393173
0.358981
0.298927
0.320844
0.310890
0.351653
0.342993
0.333613
0.306379
0.324040
0.366748
0.377952
0.348997
0.317915
0.347504
0.338354
0.348539
0.335185
0.349320
0.330646
0.329940
0.352924
0.330860
0.337310
0.333536
0.306636
0.471911
0.505365
0.321177
0.322836
0.316214
0.371086
0.317197
0.330910
0.340888
0.312457
0.319487
0.412877
0.324199
0.346361
0.364227
0.345184
0.493414
0.454288
0.490216
0.409752
0.363718
0.343293
0.462754
0.333941
0.367828
0.363212
0.364393
0.309199
0.313407
0.331165
0.323534
0.308175
0.330814
0.350241
0.363447
0.580013
0.484486
0.443826
0.390076
0.411471
0.489411
0.328728
0.534173
0.498322
0.415245
0.547421
0.428047
0.422541
0.504718
0.447319
0.553674
0.573440
0.463807
0.537828
0.469293
0.346127
0.329501
0.334165
0.331912
0.555982
0.546133
0.409001
0.368815
0.438937
0.435908
0.385441
0.351051
0.454282
0.355843
0.361659
0.455912
0.457304
0.425787
0.329110
0.361619
0.333400
0.322513
0.331774
0.384847
0.320665
0.375772
0.307145
0.397306
0.309631
0.320871
0.297740
0.537358
0.503468
0.482337
0.537726
0.565378
0.583567
0.502141
0.615549
0.458795
0.481191
0.405164
0.356048
0.454737
0.457729
0.441652
0.387321
0.400195
0.509634
0.417492
0.500696
0.465783
0.510604
0.515716
0.419308
0.328276
0.283938
0.405276
0.357668
0.399993
0.405537
0.374075
0.344844
0.241088
0.419510
0.394626
0.380519
0.400032
0.400542
0.398544
0.394773
0.320758
0.320500
0.312434
0.304691
0.364083
0.325502
0.353639
0.316366
0.314655
0.443766
0.619123
0.515509
0.686441
0.629108
0.359905
0.348063
0.338263
0.572620
0.308778
0.706998
0.522926
0.322623
0.550697
0.328186
0.430581
0.365717
0.329296
0.308931
0.387600
0.340447
0.319820
0.249815
0.327118
0.355409
0.401240
0.395684
0.412173
0.463758
0.451021
0.507618
0.443550
0.483180
0.371568
0.358228
0.338160
0.319762
0.303944
0.294461
0.347593
0.526689
0.594666
0.348663
0.332309
0.312305
0.533283
0.262634
0.306970
0.332494
0.327670
0.325364
0.325201
0.308128
0.307945
0.328229
0.343410
0.348433
0.322817
0.630009
0.679549
0.526373
0.524160
0.262920
0.369461
0.356339
0.359418
0.385621
0.334086
0.429196
0.581191
0.430573
0.344633
0.355806
0.343817
0.321905
0.335544
0.313696
0.297907
0.306145
0.298521
0.318569
0.903770
0.815433
0.706569
0.717470
0.463732
0.407561
0.427465
0.584556
0.433846
0.437310
0.398635
0.462288
0.403279
0.449956
0.370212
0.344209
0.360096
0.353225
0.411983
0.393079
0.397079
0.378983
0.388939
0.409632
0.421812
0.465554
0.409756
0.383981
0.460145
0.499392
0.468368
0.396951
0.385499
0.420932
0.473810
0.343687
0.332574
0.340340
0.352278
0.275953
0.390577
0.352464
0.321803
0.322582
0.353922
0.321122
0.301308
0.353366
0.343730
0.377282
0.314577
0.305080
0.348510
0.357745
0.321712
0.358437
0.310158
0.413400
0.449216
0.423864
0.457170
0.334307
0.314498
0.284839
0.346132
0.349829
0.311411
0.290806
0.326286
0.306736
0.294764
0.305892
0.297985
0.281209
0.303093
0.305528
0.301521
0.332231
0.321689
0.300695
0.306536
0.340825
0.385024
0.375923
0.428940
0.368493
0.378477
0.330353
0.293653
0.309966
0.594825
0.587702
0.306008
0.305177
0.312764
0.598655
0.275454
0.286840
0.298296
0.532135
0.310862
0.502548
0.425233
0.414104
0.526325
0.299393
0.333133
0.305761
0.334938
0.300907
0.389484
0.273167
0.246000
0.241794
0.323078
0.317552
0.356292
0.311205
0.334332
0.298354
0.260235
0.313123
0.273497
0.228284
0.327332
0.315464
0.280169
0.297453
0.334317
0.370842
0.373833
0.368204
0.328852
0.303368
0.307995
0.324659
0.309259
0.325476
0.283823
0.291983
0.348358
0.365236
0.367317
0.365692
0.351819
0.411430
0.380376
0.304534
0.297743
0.326836
0.327476
0.473239
0.407064
0.305233
0.339640
0.284853
0.298370
0.302122
0.302732
0.301005
0.313051
0.320631
0.320451
0.311651
0.297610
0.314869
0.291295
0.300181
0.312440
0.302599
0.301399
0.303057
0.305626
0.336516
0.311301
0.316288
0.273783
0.325498
0.314582
0.358979
0.422018
0.317907
0.345193
0.272525
0.357324
0.360562
0.382957
0.310016
0.286323
0.316795
0.346252
0.405263
0.303135
0.287161
0.369410
0.302376
0.325564
0.329735
0.307069
0.276513
0.312554
0.523645
0.567956
0.551861
0.562915
0.617733
0.609452
0.491925
0.591139
0.285851
0.579137
0.702571
0.690810
0.632191
0.678873
0.833734
0.884807
1.000000
0.888326
0.514393
0.864281
0.706023
0.675934
0.617716
0.682371
0.637635
0.506543
0.580389
0.556288
0.450269
0.472838
0.431426
0.495268
0.507921
0.538364
0.629157
0.564507
0.602072
0.634826
0.613035
0.579544
0.504814
0.457810
0.419996
0.423752
0.376859
0.477506
0.359536
0.342652
0.317726
0.334707
0.300944
0.299283
0.332506
0.464058
0.508546
0.518414
0.368819
0.452216
0.453122
0.526502
0.529814
0.602365
0.500881
0.240630
0.268289
0.324534
0.384676
0.413991
0.429187
0.417131
0.203989
0.192787
0.241877
0.278766
0.252877
0.247690
0.265451
0.275349
0.288594
0.299226
0.301971
0.379295
0.312604
0.306666
0.316160
0.319892
0.390576
0.331738
0.325530
0.477145
0.420793
0.289246
0.317440
0.288210
0.305949
0.303093
0.396781
0.322569
0.306701
0.304053
0.472407
0.358964
0.289347
0.292488
0.359956
0.253216
0.301589
0.286412
0.310921
0.315483
0.293933
0.261944
0.316868
0.316812
0.275097
0.285968
0.401719
0.401802
0.364734
0.419654
0.414713
0.456778
0.484737
0.259890
0.273311
0.283138
0.306182
0.279636
0.285134
0.311286
0.536036
0.494316
0.304357
0.350629
0.356924
0.369449
0.300728
0.291484
0.321257
0.272834
0.272517
0.301069
0.274568
0.269011
0.255527
0.278806
0.633574
0.599405
0.680764
0.634256
0.707823
0.624460
0.658748
0.497222
0.469823
0.440301
0.428799
0.376847
0.275764
0.301283
0.278251
0.275008
0.311603
0.293919
0.345791
0.311487
0.226070
0.213883
0.237938
0.270260
0.218576
0.252769
0.252107
0.276618
0.271061
0.285384
0.471217
0.496988
0.518356
0.357664
0.411817
0.483556
0.598258
0.461789
0.505410
0.577888
0.706871
0.673489
0.735681
0.784689
0.560505
0.676329
0.577563
0.775622
0.745864
0.590967
0.708527
0.672821
0.573632
0.524385
0.476907
0.541001
0.592982
0.793763
0.852780
0.942064
0.800563
0.853859
0.734774
0.343635
0.346384
0.432664
0.345880
0.477655
0.319138
0.425497
0.458740
0.466198
0.341454
0.339520
0.444830
0.343082
0.312398
0.500414
0.269301
0.486788
0.300285
0.309414
0.522285
0.381682
0.428923
0.292402
0.369360
0.309846
0.299826
0.350237
0.468948
0.429732
0.379926
0.373697
0.472491
0.317855
0.486316
0.319553
0.295902
0.349371
0.395850
0.323677
0.335102
0.322486
0.330256
0.425736
0.295857
0.354718
0.283521
0.735294
0.412415
0.588103
0.319289
0.470390
0.286603
0.328861
0.361011
0.468750
0.488253
0.297214
0.294904
0.458513
0.345294
0.327078
0.333522
0.588437
0.344192
0.361101
0.340873
0.305172
0.346501
0.321132
0.278618
0.268214
0.320345
0.277542
0.345866
0.370666
0.343426
0.526596
0.310742
0.356989
0.286341
0.257818
0.286330
0.317304
0.469786
0.351497
0.338695
0.370962
0.333523
0.622708
0.349732
0.406742
0.307928
0.425368
0.836625
0.315616
0.315904
0.346528
0.303545
0.400554
0.338998
0.456762
0.394645
0.380535
0.418844
0.339122
0.305119
0.353537
0.347888
0.638636
0.342319
0.235496
0.352212
0.535599
0.325538
0.288228
0.343528
0.337488
0.334388
0.349518
0.304465
0.358327
0.328237
0.312762
0.360805
0.346748
0.538336
0.430307
0.202045
0.592475
0.343720
0.338792
0.313334
0.361682
0.282405
0.303950
0.727654
0.350378
0.359650
0.353300
0.472526
0.294395
0.331706
0.351119
0.323744
0.373707
0.283690
0.376043
0.312257
0.298077
0.334593
0.502214
0.547207
0.437426
0.394336
0.325626
0.341761
0.305146
0.307559
0.362018
0.452777
0.321501
0.345211
0.362465
0.332404
0.326242
0.333574
0.326333
0.385641
0.355083
0.545840
0.305413
0.386424
0.493054
0.321604
0.320878
0.247651
0.308938
0.329962
0.425416
0.309108
0.304163
0.349335
0.357243
0.405588
0.306214
0.373099
0.472400
0.675761
0.515664
0.280985
0.346286
0.489504
0.566232
0.418229
0.287283
0.360978
0.460996
0.326339
0.305824
0.436347
0.325104
0.371285
0.355957
0.507759
0.502081
0.430787
0.346691
0.375182
0.422389
0.478320
0.308621
0.317093
0.410343
0.292435
0.522819
0.626901
0.382551
0.353808
0.314587
0.311641
0.547811
0.509723
0.295145
0.311475
0.593801
0.468816
0.414212
0.334520
0.500495
0.441276
0.420833
0.313186
0.429416
0.379567
0.377594
0.307800
0.325590
0.212485
0.327786
0.483172
0.319174
0.287871
0.517104
0.344983
0.350727
0.477157
0.467699
0.234044
0.349662
0.382986
0.379570
0.414178
0.184407
0.373582
0.370183
0.308290
0.348664
0.334066
0.323710
0.318468
0.335172
0.377672
0.325752
0.307936
0.311657
0.369775
0.345609
0.322115
0.501050
0.440358
0.240316
0.533808
0.513096
0.356378
0.335286
0.362699
0.438211
0.417103
0.288581
0.458091
0.305425
0.322931
0.389372
0.297433
0.467176
0.346972
0.457213
0.471100
0.286407
0.331707
0.532084
0.454773
0.326063
0.274759
0.368923
0.331948
0.264641
0.752675
0.523302
0.272639
0.322752
0.357606
0.618888
0.407221
0.334422
0.472618
0.321784
0.292793
0.301709
0.579492
0.328689
0.307665
0.355056
0.342484
0.293596
0.605752
0.295555
0.299333
0.222545
0.403752
0.311047
0.335328
0.307548
0.332523
0.312996
0.342739
0.353529
0.362340
0.304344
0.314155
0.295211
0.334864
0.329990
0.371872
0.321540
0.526772
0.282001
0.445285
0.268831
0.304556
0.249385
0.303672
0.481068
0.337440
0.403514
0.373547
0.627705
0.386376
0.260554
0.277529
0.278393
0.312432
0.499109
0.408138
0.312820
0.338945
0.451119
0.399520
0.245493
0.319714
0.632055
0.294628
0.437005
0.259957
0.652077
0.332848
0.699236
0.739008
0.362924
0.328533
0.450308
0.325928
0.308076
0.262454
0.347199
0.325945
0.305051
0.376760
0.418200
0.320118
0.331163
0.463844
0.521164
0.321920
0.671637
0.344535
0.350827
0.306567
0.362856
0.256552
0.307789
0.524107
0.340053
0.353592
0.355724
0.448173
0.304733
0.359555
0.359311
0.291897
0.260111
0.324129
0.355957
0.336082
0.352265
0.294317
0.623018
0.298569
0.286484
0.346968
0.292020
0.336932
0.439310
0.362815
0.352175
0.296577
0.396746
0.337872
0.248066
0.350606
0.263049
0.358444
0.370259
0.341423
0.441742
0.292134
0.438823
0.345116
0.507426
0.298029
0.302377
0.276735
0.497664
0.351135
0.248721
0.323865
0.427559
0.309500
0.300225
0.425697
0.372468
0.359519
0.347843
0.332487
0.563290
0.437741
0.429940
0.446042
0.343510
0.349350
0.417013
0.352042
0.420892
0.331452
0.368357
0.400890
0.363090
0.401082
0.300571
0.404547
0.362669
0.313714
0.360550
0.340881
0.265737
0.330828
0.348590
0.320289
0.456906
0.332337
0.370617
0.295363
0.440756
0.460076
0.317173
0.364930
0.391130
0.299434
0.356210
0.313781
0.380176
0.318203
0.396664
0.410778
0.383231
0.292010
0.315815
0.337546
0.428355
0.426333
0.391597
0.337977
0.462136
0.408979
0.296159
0.424280
0.341540
0.467814
0.352268
0.266696
0.435411
0.525695
0.293883
0.357349
0.363691
0.329785
0.238438
0.299596
0.330667
0.370589
0.326967
0.813574
0.354284
0.328719
0.325392
0.420681
0.471592
0.348277
0.330869
0.444002
0.326586
0.315353
0.491128
0.295520
0.376062
0.300363
0.632985
0.327398
0.360742
0.306721
0.409650
0.403146
0.513433
0.409233
0.275875
0.374233
0.299703
0.296901
0.336191
0.303039
0.121569
0.584685
0.520783
0.386800
0.368796
0.361364
0.463590
0.318990
0.298360
0.362401
0.350074
0.400818
0.332007
0.437686
0.324995
0.549114
0.290844
0.327628
0.633980
0.264069
0.348379
0.622238
0.370533
0.324330
0.312810
0.412763
0.426646
0.386577
0.347725
0.267811
0.470320
0.345279
0.316870
0.482899
0.334762
0.317511
0.290842
0.319290
0.308554
0.371801
0.295659
0.387425
0.335708
0.315218
0.384818
0.718120
0.341717
0.806104
0.596915
0.313715
0.568601
0.315838
0.398701
0.309015
0.310904
0.312922
0.620316
0.312557
0.409652
0.421013
0.283309
0.256618
0.324207
0.302178
0.335978
0.330245
0.269669
0.531020
0.324834
0.438129
0.311567
0.508439
0.327781
0.378996
0.424446
0.299433
0.357268
0.328820
0.347139
0.308486
0.446781
0.387915
0.399453
0.332684
0.353047
0.447889
0.343180
0.368249
0.271184
0.328112
0.458394
0.431674
0.346846
0.306769
0.435104
0.370463
0.702261
0.370725
0.322346
0.486235
0.347626
0.400827
0.401589
0.590496
0.404450
0.479324
0.331944
0.308388
0.248286
0.670077
0.409971
0.582808
0.502299
0.452774
0.303378
0.303136
0.270050
0.319372
0.590177
0.622118
0.347720
0.462820
0.306332
0.340743
0.547641
0.257947
0.388734
0.372308
0.404175
0.423467
0.567466
0.375715
0.430095
0.459361
0.530763
0.357891
0.345757
0.353584
0.388050
0.260735
0.316766
0.350960
0.424291
0.446966
0.395046
0.360327
0.414409
0.378075
0.264228
0.381631
0.342331
0.358496
0.278497
0.309880
0.308226
0.423812
0.582381
0.283377
0.430931
0.350979
0.315201
0.364534
0.301955
0.314069
0.304560
0.256621
0.396498
0.563203
0.615340
0.291902
0.594285
0.373709
0.356021
0.632296
0.398382
0.299087
0.500131
0.446700
0.310441
0.251934
0.331342
0.345602
0.303087
0.337655
0.343553
0.403196
0.472112
0.421605
0.479872
0.714154
0.323870
0.394716
0.351629
0.580922
0.354921
0.379673
0.336321
0.512820
0.476659
0.331044
0.274195
0.307931
0.318753
0.335440
0.655750
0.479796
0.793066
0.265650
0.296007
0.655311
0.472108
0.303164
0.346537
0.385242
0.506025
0.442752
0.418529
0.313009
0.302829
0.309616
0.490940
0.284230
0.459309
0.318592
0.288257
0.361550
0.380354
0.340177
0.415194
0.310309
0.491970
0.239690
0.430757
0.436823
0.333914
0.354807
0.362836
0.339425
0.284559
0.318960
0.319536
0.317507
0.305126
0.317687
0.297823
0.373951
0.326213
0.305949
0.370619
0.289240
0.346104
0.230109
0.473017
0.380723
0.343100
0.672986
0.410389
0.614314
0.352766
0.404984
0.270006
0.500125
0.519714
0.583982
0.349918
0.327559
0.347974
0.348349
0.540151
0.293476
0.375608
0.429264
0.324591
0.477870
0.247137
0.412491
0.384662
0.337276
0.367764
0.476277
0.533166
0.454187
0.499750
0.404502
0.539569
0.384675
0.314760
0.375285
0.470757
0.426571
0.443064
0.442731
0.385471
0.454849
0.357434
0.315408
0.285819
0.331877
0.329885
0.338028
0.364789
0.096891
0.504648
0.551364
0.593401
0.502261
0.415819
0.700318
0.499236
0.137376
0.333722
0.393911
0.316554
0.522964
0.340020
0.317319
0.327227
0.339824
0.336064
0.202827
0.286633
0.381568
0.439057
0.500199
0.202230
0.385449
0.430186
0.189242
0.281868
0.419017
0.460281
0.444055
0.280505
0.308579
0.396180
0.255897
0.354340
0.493057
0.322192
0.346173
0.365831
0.280454
0.134259
0.377860
0.286610
0.307416
0.259601
0.386886
0.363185
0.345062
0.315346
0.366401
0.323106
0.308111
0.316330
0.397601
0.308156
0.345441
0.238304
0.364576
0.318101
0.296248
0.221235
0.465429
0.355939
0.292667
0.277582
0.431707
0.499875
0.284034
0.295884
0.285142
0.384387
0.360896
0.211036
0.340173
0.304482
0.655439
0.348182
0.378713
0.249745
0.634593
0.325265
0.301190
0.338934
0.228234
0.394909
0.380470
0.406020
0.319622
0.306024
0.334492
0.777567
0.404986
0.174368
0.299704
0.303711
0.421507
0.200272
0.323209
0.277254
0.234000
0.309180
0.392103
0.420096
0.284424
0.397521
0.174293
0.390539
0.410600
0.400057
0.662464
0.349426
0.274592
0.285689
0.299381
0.379987
0.486352
0.326169
0.544629
0.455976
0.512724
0.290608
0.314308
0.224715
0.330576
0.306110
0.321838
0.288115
0.371886
0.366902
0.333369
0.494911
0.302425
0.337939
0.362174
0.381727
0.537379
0.360871
0.319578
0.366294
0.340969
0.464697
0.266718
0.346903
0.380537
0.296421
0.429015
0.294163
0.438529
0.346290
0.362847
0.329706
0.405346
0.527773
0.319946
0.265499
0.187912
0.315835
0.429421
0.393580
0.368675
0.308877
0.370246
0.334801
0.369420
0.276107
0.614415
0.430149
0.398887
0.430943
0.277256
0.487256
0.410387
0.306523
0.397249
0.286831
0.297545
0.316701
0.406572
0.298944
0.247157
0.317726
0.253136
0.272155
0.277481
0.452811
0.350063
0.517572
0.346248
0.286841
0.306853
0.328041
0.277005
0.432948
0.225384
0.642495
0.138116
0.251323
0.330279
0.328727
0.261368
0.357198
0.579405
0.322838
0.400604
0.450875
0.374463
0.243933
0.312176
0.334166
0.316377
0.628197
0.408662
0.472650
0.322475
0.314374
0.337961
0.366543
0.504326
0.325188
0.260368
0.602109
0.380618
0.334485
0.293563
0.352981
0.405445
0.536814
0.449876
0.388606
0.388795
0.338823
0.272076
0.498761
0.356983
0.235173
0.381967
0.516934
0.229610
0.313188
0.364194
0.300559
0.342827
0.316430
0.291897
0.286977
0.279587
0.258517
0.294632
0.314159
0.421200
0.370676
0.334960
0.358987
0.389080
0.352798
0.318932
0.482733
0.530807
0.433932
0.481461
0.268037
0.364713
0.310083
0.354115
0.323575
0.354750
0.300271
0.306720
0.343859
0.297450
0.314639
0.226085
0.292433
0.322443
0.327970
0.332642
0.292458
0.246432
0.265553
0.321338
0.382755
0.362729
0.281484
0.285704
0.335553
0.463591
0.549972
0.336605
0.495031
0.513374
0.421845
0.471007
0.489661
0.288372
0.406034
0.363213
0.187877
0.454770
0.298150
0.313681
0.719210
0.352614
0.742806
0.330247
0.672420
0.653302
0.253554
0.385302
0.391016
0.366591
0.561767
0.321185
0.313186
0.348129
0.308918
0.299561
0.345420
0.319815
0.363037
0.336794
0.369058
0.321756
0.272278
0.433672
0.272343
0.308469
0.326734
0.341820
0.364219
0.377102
0.354860
0.407921
0.291880
0.414658
0.308223
0.354331
0.449146
0.409585
0.255477
0.350117
0.295002
0.306676
0.254080
0.310106
0.343096
0.297224
0.457266
0.346057
0.370195
0.350611
0.293964
0.387431
0.434160
0.355502
0.334395
0.531881
0.479950
0.344267
0.249417
0.334311
0.355985
0.368793
0.349739
0.381003
0.349366
0.452810
0.358662
0.413816
0.620633
0.533569
0.457957
0.261119
0.285254
0.415506
0.260551
0.337634
0.475011
0.389280
0.431439
0.611670
0.293909
0.424422
0.254959
0.450701
0.372770
0.341161
0.330241
0.342084
0.294767
0.335489
0.349745
0.918468
0.375915
0.388891
0.519070
0.302131
0.432010
0.339212
0.357942
0.298276
0.385271
0.331165
0.378048
0.444285
0.268688
0.474789
0.244986
0.340098
0.331721
0.448346
0.414033
0.433071
0.573227
0.380307
0.353157
0.312021
0.378534
0.458298
0.444313
0.276726
0.492389
0.304997
0.294145
0.326945
0.341998
0.347724
0.338064
0.219442
0.363256
0.361939
0.388315
0.303257
0.550316
0.222204
0.306437
0.484605
0.196179
0.299682
0.312161
0.327208
0.406225
0.330173
0.306064
0.340276
0.214105
0.395645
0.425336
0.398040
0.389289
0.292347
0.414042
0.437390
0.317274
0.223174
0.322943
0.443062
0.506222
0.573229
0.307996
0.484129
0.334207
0.381438
0.367726
0.381691
0.408510
0.228389
0.322088
0.398718
0.275524
0.336588
0.506884
0.534664
0.374337
0.365059
0.255587
0.431428
0.370130
0.301081
0.317719
0.405314
0.335168
0.324294
0.343120
0.307008
0.319712
0.404683
0.407567
0.319544
0.336500
0.373266
0.245259
0.390589
0.334314
0.387239
0.330394
0.355359
0.342805
0.321468
0.308632
0.289276
0.381419
0.359161
0.403338
0.338065
0.316959
0.327767
0.339941
0.319665
0.426540
0.212254
0.379515
0.339236
0.548483
0.289311
0.332891
0.305513
0.311742
0.349927
0.383548
0.295199
0.279588
0.373484
0.327220
0.344082
0.389775
0.407333
0.531108
0.516710
0.453744
0.423680
0.288952
0.303098
0.334259
0.432951
0.394361
0.277092
0.292693
0.270547
0.656202
0.385518
0.505598
0.341974
0.344747
0.443773
0.279206
0.462595
0.411725
0.617959
0.302726
0.368764
0.316952
0.560361
0.304408
0.273377
0.344733
0.318790
0.429330
0.288102
0.504595
0.325467
0.369546
0.346655
0.525101
0.324115
0.293963
0.325001
0.463091
0.427734
0.334573
0.349527
0.269776
0.279721
0.371544
0.310454
0.256331
0.293081
0.455940
0.302198
0.567621
0.502713
0.438842
0.688090
0.413745
0.626365
0.319657
0.225752
0.321306
0.282875
0.295881
0.316528
0.313686
0.448279
0.208928
0.364372
0.479120
0.256010
0.640063
0.361490
0.426196
0.299227
0.347262
0.560581
0.430145
0.303640
0.315513
0.319411
0.298537
0.280523
0.260098
0.293308
0.382099
0.253162
0.346477
0.296087
0.337891
0.203292
0.303389
0.325971
0.464991
0.328946
0.303806
0.403313
0.332325
0.285402
0.391561
0.359959
0.362470
0.347962
0.336711
0.311828
0.368146
0.376634
0.361962
0.288580
0.242979
0.265432
0.304250
0.424857
0.306687
0.371502
0.301977
0.269468
0.364077
0.325063
0.244133
0.307818
0.569824
0.153953
0.710957
0.292530
0.206596
0.350188
0.295134
0.319893
0.458626
0.333867
0.406055
0.268221
0.486114
0.177294
0.238219
0.358259
0.274382
0.306951
0.196035
0.339670
0.310864
0.352498
0.314104
0.389453
0.314300
0.329205
0.319451
0.503745
0.276815
0.422060
0.347077
0.329629
0.487287
0.776487
0.326553
0.518575
0.335792
0.337304
0.315484
0.282453
0.431291
0.352302
0.233586
0.331081
0.347851
0.297644
0.328797
0.295859
0.321267
0.491974
0.274956
0.263872
0.293997
0.398712
0.322956
0.348424
0.358975
0.356452
0.366941
0.313906
0.258790
0.288736
0.288727
0.342540
0.333539
0.311674
0.288639
0.315603
0.266308
0.315771
0.319960
0.256472
0.237864
0.219082
0.274368
0.232056
0.327728
0.209315
0.311934
0.326024
0.312660
0.314699
0.242536
0.195786
0.288819
0.322647
0.280562
0.310727
0.296134
0.244049
0.271461
0.498731
0.336604
0.267898
0.266364
0.214354
0.350237
0.287125
0.310277
0.266411
0.257133
0.248971
0.277616
0.356145
0.278225
0.266847
0.239548
0.449231
0.317502
0.331344
0.394404
0.344370
0.232799
0.322168
0.269081
0.332977
0.319892
0.182999
0.410774
0.219840
0.407445
0.352208
0.321181
0.244464
0.348403
0.326134
0.545711
0.302802
0.244981
0.291927
0.276419
0.400024
0.248557
0.339352
0.403749
0.307529
0.266295
0.352362
0.315945
0.038724
0.313601
0.280784
0.225212
0.353757
0.307945
0.312956
0.316951
0.355672
0.297148
0.289984
0.191552
0.312499
0.263461
0.276010
0.294028
0.475132
0.262448
0.222040
0.322045
0.254835
0.365239
0.353589
0.384721
0.294818
0.317074
0.322660
0.266324
0.263438
0.344236
0.398501
0.339580
0.428256
0.360999
0.329611
0.290607
0.262673
0.321808
0.345762
0.352033
0.361985
0.290467
0.195042
0.343639
0.180482
0.281133
0.320386
0.343469
0.344321
0.259471
0.047635
0.307973
0.508487
0.364017
0.322726
0.273072
0.265607
0.366413
0.302885
0.344346
0.280324
0.302908
0.291341
0.356266
0.331664
0.379301
0.282104
0.370055
0.394615
0.318349
0.321325
0.311596
0.307370
0.275197
0.303703
0.354129
0.355149
0.421477
0.222211
0.296247
0.356017
0.227727
0.339337
0.546657
0.214625
0.394562
0.255729
0.271444
0.270700
0.320167
0.375332
0.297116
0.341579
0.257705
0.336722
0.364197
0.311809
0.325058
0.339828
0.340050
0.394653
0.242111
0.290664
0.336280
0.236347
0.340819
0.390361
0.371318
0.261851
0.308047
0.523104
0.318010
0.308299
0.256574
0.311844
0.152652
0.203097
0.275147
0.239138
0.247189
0.313206
0.283305
0.250137
0.322829
0.334545
0.334832
0.238483
0.239218
0.369484
0.242934
0.318782
0.507858
0.413040
0.331808
0.359242
0.392137
0.305701
0.347361
0.391430
0.223423
0.012579
0.284887
0.440009
0.417945
0.278962
0.274638
0.195023
0.315521
0.324842
0.334235
0.285534
0.331614
0.483436
0.340218
0.326589
0.275218
0.298147
0.277683
0.379278
0.283826
0.346304
0.257677
0.322741
0.337454
0.392815
0.289450
0.300583
0.317620
0.281127
0.376743
0.376126
0.472789
0.364884
0.345821
0.394273
0.343238
0.332891
0.265823
0.378809
0.468028
0.335789
0.307725
0.277328
0.369155
0.367481
0.324704
0.359874
0.308740
0.255328
0.260763
0.338528
0.306600
0.295361
0.287275
0.220028
0.340712
0.354598
0.335003
0.525709
0.265566
0.297335
0.281913
0.305197
0.290821
0.150834
0.258973
0.362609
0.229473
0.334766
0.336229
0.259028
0.311810
0.319314
0.303792
0.309737
0.306059
0.321739
0.307805
0.214917
0.400368
0.242629
0.288465
0.362881
0.382661
0.286586
0.429051
0.337158
0.252156
0.514576
0.276768
0.347346
0.196861
0.334190
0.327901
0.231475
0.549772
0.631063
0.390704
0.319863
0.297539
0.296042
0.095256
0.313018
0.482649
0.250406
0.271774
0.347027
0.408434
0.372711
0.284729
0.281093
0.358661
0.368478
0.375582
0.352799
0.500879
0.559052
0.337314
0.244832
0.210184
0.337616
0.344777
0.334609
0.285644
0.219043
0.292485
0.355484
0.310087
0.349059
0.372508
0.312710
0.252939
0.313779
0.295721
0.419136
0.284329
0.286713
0.195772
0.282315
0.290633
0.317590
0.296065
0.134738
0.196293
0.042341
0.339602
0.293634
0.303450
0.299373
0.080342
0.068112
0.203371
0.356650
0.287676
0.265152
0.032531
0.236068
0.265252
0.078060
0.285510
0.315097
0.295986
0.298706
0.285141
0.466953
0.280313
0.394213
0.210553
0.404081
0.271064
0.373862
0.309113
0.279821
0.198518
0.286993
0.269888
0.309078
0.307968
0.288589
0.367576
0.264910
0.264355
0.355411
0.279464
0.280605
0.301837
0.361167
0.237354
0.282074
0.311077
0.232949
0.243406
0.300561
0.346763
0.322152
0.239195
0.274726
0.268648
0.220946
0.339815
0.344182
0.220169
0.323176
0.322685
0.331523
0.224952
0.315269
0.308371
0.357205
0.342245
0.585290
0.253779
0.329327
0.266761
0.283415
0.259385
0.270691
0.304593
0.279265
0.321296
0.331648
0.312067
0.311444
0.382347
0.284626
0.257050
0.357564
0.354107
0.294897
0.243651
0.631339
0.291031
0.229005
0.305568
0.311803
0.333837
0.259098
0.331539
0.318467
0.316952
0.389149
0.415025
0.368837
0.367637
0.395237
0.302597
0.320523
0.322007
0.689162
0.243546
0.323674
0.348839
0.150322
0.316224
0.411559
0.321973
0.287721
0.195448
0.292484
0.286635
0.321277
0.335145
0.359173
0.408729
0.326825
0.057040
0.254654
0.403460
0.263334
0.399009
0.461857
0.253430
0.328796
0.290215
0.308954
0.337908
0.276616
0.279828
0.399372
0.346560
0.418146
0.319311
0.389424
0.450800
0.358211
0.336198
0.278853
0.199751
0.387691
0.253898
0.209512
0.465621
0.317752
0.455729
0.257812
0.279102
0.458014
0.325342
0.216433
0.284730
0.378787
0.359501
0.285764
0.288058
0.298525
0.314911
0.276940
0.292450
0.247790
0.264630
0.229222
0.175748
0.372821
0.261008
0.308395
0.424708
0.191305
0.295365
0.359399
0.291771
0.435087
0.377725
0.251858
0.339487
0.262040
0.232313
0.337999
0.237922
0.188869
0.252256
0.283197
0.371029
0.277082
0.340261
0.285099
0.026324
0.252368
0.279184
0.340997
0.347604
0.245162
0.398791
0.386238
0.341445
0.220158
0.285470
0.269727
0.277355
0.352765
0.300518
0.292308
0.297799
0.239786
0.311103
0.294097
0.346420
0.363919
0.310779
0.403804
0.293019
0.411046
0.330976
0.305757
0.281831
0.241645
0.290165
0.331931
0.311819
0.422122
0.383623
0.290070
0.550717
0.392138
0.313778
0.370739
0.290410
0.315342
0.306069
0.338027
0.412238
0.354502
0.398057
0.326808
0.306183
0.335524
0.206962
0.319536
0.211023
0.298418
0.251988
0.337584
0.322188
0.259682
0.318072
0.263474
0.332784
0.263195
0.337660
0.347228
0.310815
0.277239
0.207064
0.281097
0.447368
0.313110
0.446119
0.360718
0.239372
0.319413
0.242356
0.305397
0.298979
0.270933
0.230454
0.321217
0.244583
0.304458
0.273241
0.439009
0.281103
0.392343
0.389143
0.208356
0.477282
0.334574
0.302304
0.181303
0.280971
0.273487
0.174584
0.273836
0.348174
0.220922
0.362812
0.308861
0.250519
0.217600
0.287488
0.319021
0.322654
0.325321
0.325560
0.262574
0.338174
0.350784
0.345877
0.398292
0.373034
0.368425
0.298483
0.098294
0.225955
0.321082
0.202100
0.311423
0.254259
0.345066
0.345917
0.354935
0.252853
0.289456
0.397757
0.281716
0.487464
0.386328
0.264754
0.339775
0.367161
0.487058
0.258145
0.594353
0.308821
0.295807
0.438527
0.288364
0.252008
0.309680
0.359283
0.376286
0.349008
0.472049
0.201379
0.456155
0.142365
0.366358
0.344477
0.331167
0.196346
0.459685
0.244041
0.385493
0.226671
0.401825
0.292417
0.326293
0.330268
0.267326
0.260229
0.305607
0.383143
0.104702
0.277008
0.309604
0.364298
0.341544
0.356789
0.315210
0.356594
0.389399
0.376343
0.365360
0.351843
0.321572
0.289445
0.315539
0.291987
0.287209
0.251165
0.291477
0.362074
0.283976
0.348512
0.213757
0.305020
0.315811
0.212789
0.309199
0.225360
0.062427
0.351023
0.390455
0.255937
0.334171
0.309900
0.264486
0.289958
0.332976
0.295337
0.228080
0.349042
0.417518
0.320588
0.254797
0.245186
0.244598
0.051025
0.264044
0.358268
0.300268
0.303382
0.269160
0.623079
0.264765
0.367613
0.301696
0.264596
0.288829
0.308010
0.297563
0.292967
0.344191
0.342601
0.318506
0.602350
0.247493
0.327330
0.229284
0.317158
0.310201
0.255366
0.318388
0.318733
0.365529
0.284678
0.291023
0.397799
0.105217
0.304194
0.291133
0.309438
0.329542
0.296037
0.457139
0.301225
0.360575
0.227841
0.265438
0.252980
0.344507
0.226534
0.364969
0.247488
0.237613
0.293170
0.343498
0.300048
0.309728
0.248078
0.297481
0.291591
0.367709
0.308931
0.353345
0.371630
0.311295
0.282678
0.337127
0.344252
0.372213
0.304252
0.296143
0.291915
0.316844
0.248865
0.200953
0.338558
0.241867
0.277873
0.376830
0.271198
0.338457
0.309171
0.286210
0.354245
0.343924
0.380269
0.326741
0.416525
0.221946
0.317198
0.287181
0.257059
0.377105
0.188036
0.338037
0.308298
0.317413
0.383466
0.374067
0.261483
0.433921
0.259662
0.234335
0.315871
0.243727
0.282066
0.280103
0.338663
0.310549
0.282905
0.331784
0.525409
0.407177
0.262763
0.314738
0.321642
0.230715
0.201289
0.449444
0.232710
0.255441
0.443699
0.323278
0.322045
0.305551
0.259466
0.223386
0.234096
0.319944
0.312903
0.306993
0.382138
0.289784
0.303267
0.286549
0.288113
0.332672
0.325491
0.320840
0.247244
0.376945
0.300557
0.362789
0.325426
0.223203
0.324884
0.229444
0.198365
0.359363
0.258555
0.413240
0.231453
0.303963
0.347357
0.310866
0.371448
0.371855
0.382887
0.255132
0.273260
0.589888
0.359692
0.306779
0.319655
0.323561
0.067100
0.313929
0.265831
0.243132
0.413109
0.300553
0.366797
0.285886
0.199706
0.240366
0.237358
0.191734
0.273251
0.280982
0.336150
0.382761
0.405654
0.342397
0.300233
0.322641
0.347259
0.305107
0.279159
0.322656
0.460686
0.233534
0.460189
0.485722
0.207274
0.265710
0.303356
0.473350
0.258631
0.209936
0.346172
0.312587
0.302698
0.214474
0.241816
0.294797
0.168570
0.059768
0.210210
0.324006
0.278956
0.301388
0.442717
0.328172
0.310712
0.239507
0.309634
0.200087
0.203039
0.330178
0.342986
0.363283
0.172128
0.311950
0.273063
0.295191
0.301715
0.337053
0.351612
0.283938
0.324942
0.331481
0.379412
0.393619
0.230370
0.294761
0.338413
0.316854
0.264453
0.388914
0.313861
0.237627
0.472778
0.245187
0.334876
0.352883
0.359291
0.193227
0.323730
0.271641
0.304218
0.267888
0.218977
0.226528
0.299473
0.287789
0.340966
0.293861
0.325858
0.307110
0.362494
0.289866
0.319699
0.269557
0.198476
0.056431
0.000000
0.273013
0.274613
0.285853
0.243688
0.264876
0.263871
0.257470
0.253640
0.289013
0.352194
0.271125
0.274532
0.461218
0.314486
0.280134
0.349780
0.199235
0.388382
0.450317
0.378177
0.300715
0.247461
0.425689
0.324890
0.420773
0.215858
0.228935
0.229731
0.375913
0.246765
0.257840
0.269124
0.184659
0.319291
0.237299
0.281630
0.376896
0.298392
0.182401
0.287943
0.322535
0.289251
0.292053
0.235295
0.316543
0.280889
0.260978
0.298496
0.280230
0.295920
0.383684
0.310709
0.276097
0.312123
0.374699
0.312803
0.323008
0.377575
0.260697
0.244297
0.229318
0.282430
0.338537
0.309438
0.289471
0.327673
0.327944
0.347823
0.321196
0.213586
0.235142
0.309193
0.070744
0.281789
0.265140
0.354655
0.288391
0.424036
0.273376
0.321380
0.323824
0.360827
0.269189
0.262652
0.309240
0.323204
0.210831
0.281929
0.272529
0.297253
0.266597
0.290403
0.102014
0.233789
0.355806
0.320267
0.784237
0.375884
0.131001
0.270876
0.271272
0.209350
0.509481
0.308502
0.376600
0.296442
0.204196
0.225119
0.273089
0.374710
0.321489
0.209069
0.286458
0.352957
0.500799
0.266890
0.183789
0.321884
0.238571
0.227873
0.259048
0.322407
0.244216
0.269927
0.264828
0.228858
0.324366
0.352144
0.235000
0.231632
0.311738
0.255005
0.373613
0.333405
0.274761
0.367001
0.406808
0.402425
0.339962
0.313663
0.485256
0.326159
0.369254
0.273362
0.317976
0.333351
0.348293
0.274713
0.363427
0.371774
0.265170
0.337504
0.277511
0.292841
0.301709
0.290543
0.259937
0.363145
0.365022
0.404510
0.410802
0.304247
0.325841
0.328778
0.198126
0.316532
0.329154
0.373242
0.489808
0.457699
0.263764
0.255657
0.339099
0.304201
0.331479
0.275477
0.280295
0.362643
0.238802
0.385306
0.277342
0.308812
0.290052
0.293326
0.342362
0.250485
0.246467
0.258465
0.276731
0.198304
0.394276
0.368141
0.063126
0.275795
0.268358
0.220646
0.056670
0.240943
0.230212
0.214057
0.428681
0.356957
0.276030
0.318693
0.226560
0.251227
0.428530
0.309029
0.279864
0.235585
0.353134
0.336951
0.293522
0.310668
0.395989
0.329085
0.312065
0.273919
0.287309
0.253499
0.398874
0.381324
0.289694
0.304612
0.254907
0.295644
0.325646
0.413915
0.290070
0.365318
0.367306
0.166462
0.390094
0.202787
0.359447
0.398966
0.286028
0.342614
0.271779
0.320477
0.452268
0.277984
0.323783
0.319059
0.382195
0.326589
0.061168
0.308768
0.306227
0.331888
0.250986
0.440505
0.247830
0.305360
0.319481
0.294517
0.386244
0.320117
0.355753
0.329444
0.205727
0.279914
0.309663
0.365364
0.365528
0.259006
0.271521
0.279494
0.312799
0.457311
0.299925
0.347111
0.290436
0.311469
0.311207
0.248383
0.367611
0.291430
0.504072
0.256565
0.358051
0.267296
0.295582
0.456871
0.433540
0.400837
0.277589
0.349882
0.245253
0.274798
0.281286
0.287643
0.393014
0.275376
0.243492
0.320424
0.215720
0.352650
0.355297
0.155939
0.332347
0.369332
0.322415
0.239728
0.242121
0.348973
0.436749
0.425931
0.332863
0.320756
0.392500
0.209066
0.284296
0.245702
0.275923
0.479313
0.238272
0.319158
0.295533
0.293542
0.295332
0.267028
0.231687
0.329948
0.287237
0.193366
0.403024
0.282790
0.306582
0.289813
0.382835
0.340625
0.495248
0.367423
0.317887
0.292221
0.298708
0.305259
0.426459
0.318668
0.236781
0.358521
0.393969
0.329382
0.309201
0.275533
0.284510
0.306425
0.277931
0.255186
0.266406
0.436580
0.319171
0.280613
0.355727
0.350092
0.325138
0.401500
0.368671
0.400962
0.344313
0.317680
0.328308
0.411396
0.371316
0.402110
0.298347
0.390919
0.422861
0.314000
0.320769
0.316677
0.315091
0.253946
0.276884
0.241888
0.313268
0.282928
0.202405
0.300972
0.284041
0.327491
0.246999
0.355129
0.282474
0.262493
0.247994
0.560277
0.231514
0.261414
0.395511
0.207003
0.278193
0.330301
0.344516
0.302045
0.361959
0.234545
0.350032
0.271050
0.255343
0.377258
0.348797
0.339826
0.300900
0.218036
0.232583
0.300781
0.369645
0.389020
0.320192
0.342177
0.295188
0.266206
0.288605
0.295363
0.551833
0.318561
0.342367
0.288968
0.354097
0.334865
0.300105
0.095036
0.326946
0.387009
0.057544
0.325927
0.281379
0.393671
0.517176
0.256208
0.328267
0.306550
0.388863
0.291255
0.289976
0.432844
0.281906
0.317690
0.309757
0.313498
0.359900
0.352898
0.621854
0.241399
0.318623
0.352741
0.293801
0.330429
0.390983
0.232633
0.413988
0.340702
0.348438
0.306901
0.337894
0.285252
0.297363
0.353610
0.278756
0.272027
0.259108
0.332710
0.225645
0.331297
0.323492
0.236072
0.303024
0.253743
0.328009
0.286232
0.306138
0.183889
0.243115
0.260677
0.348872
0.258646
0.217855
0.343944
0.197865
0.289852
0.333295
0.179008
0.321986
0.331194
0.241435
0.296456
0.219499
0.323819
0.294454
0.460031
0.336306
0.314868
0.228291
0.272835
0.193743
0.316286
0.255270
0.206480
0.312765
0.292942
0.312922
0.332975
0.425052
0.308987
0.298291
0.297470
0.277860
0.330953
0.240287
0.353888
0.218305
0.422572
0.294190
0.222059
0.484728
0.382025
0.329870
0.304814
0.332041
0.262133
0.315923
0.271007
0.354317
0.298528
0.425390
0.254696
0.202873
0.366821
0.268597
0.235782
0.280325
0.354939
0.307105
0.432333
0.308306
0.409555
0.397108
0.308347
0.349858
0.252675
0.340145
0.313440
0.314666
0.224636
0.323753
0.353775
0.314901
0.262879
0.434790
0.260176
0.315620
0.284681
0.319256
0.295989
0.230451
0.342465
0.242483
0.499356
0.400832
0.263867
0.341652
0.323632
0.344411
0.423756
0.316738
0.308429
0.280381
0.236478
0.275652
0.316682
0.196549
0.327076
0.310890
0.482826
0.269614
0.313303
0.229283
0.378700
0.457269
0.098590
0.330001
0.210159
0.313672
0.322980
0.215256
0.354100
0.323439
0.252854
0.427024
0.420821
0.473086
0.339683
0.312481
0.236903
0.361031
0.360275
0.308491
0.269742
0.316745
0.410750
0.263968
0.335212
0.380877
0.461315
0.432350
0.277070
0.324263
0.356793
0.247250
0.242041
0.306503
0.287043
0.290944
0.345970
0.288785
0.221354
0.298235
0.327235
0.274090
0.285642
0.315436
0.442377
0.284398
0.325020
0.430002
0.442900
0.420955
0.366496
0.352731
0.282718
0.234292
0.280821
0.365547
0.326177
0.241194
0.259458
0.327939
0.350078
0.323841
0.264233
0.372078
0.238741
0.264272
0.347873
0.318306
0.202271
0.267165
0.321229
0.210782
0.325730
0.216673
0.199248
0.336907
0.288516
0.353346
0.232464
0.349683
0.262927
0.285767
0.343822
0.298079
0.326762
0.295676
0.262681
0.381173
0.305316
0.299737
0.576223
0.281700
0.301491
0.202155
0.239758
0.436659
0.452507
0.266369
0.389674
0.273668
0.273438
0.202559
0.354436
0.299048
0.252194
0.231710
0.249489
0.364090
0.242921
0.366474
0.299843
0.292283
0.278269
0.289258
0.311831
0.248478
0.318834
0.319513
0.266066
0.463828
0.253328
0.324674
0.466007
0.283811
0.301326
0.365542
0.310709
0.319115
0.449874
0.302411
0.281308
0.287128
0.425436
0.203436
0.198459
0.401038
0.376851
0.486957
0.342788
0.294016
0.302728
0.385136
0.258875
0.339058
0.386673
0.325620
0.091484
0.256056
0.245907
0.393046
0.422164
0.280495
0.550099
0.451219
0.512436
0.283603
0.196833
0.392869
0.388140
0.349198
0.400511
0.243576
0.263466
0.324006
0.348521
0.406840
0.365554
0.206644
0.326183
0.345107
0.322797
0.373867
0.345993
0.222923
0.336903
0.442642
0.314234
0.278704
0.340949
0.306631
0.274089
0.361398
0.267261
0.317534
0.412996
0.329037
0.247280
0.327480
0.419165
0.262906
0.127728
0.371131
0.331499
0.123915
0.268205
0.285596
0.454568
0.347719
0.406269
0.235434
0.246500
0.372471
0.265758
0.377469
0.342805
0.375372
0.346090
0.303871
0.253310
0.250321
0.321950
0.150772
0.392857
0.359641
0.249231
0.218571
0.336540
0.310217
0.345821
0.288159
0.219508
0.301381
0.309114
0.327834
0.335769
0.338342
0.309319
0.260265
0.331329
0.314438
0.324085
0.355932
0.353906
0.284965
0.232368
0.267497
0.069265
0.375499
0.294056
0.302149
0.065275
0.236254
0.305122
0.311402
0.320768
0.321355
0.365433
0.302638
0.256117
0.131154
0.257197
0.322051
0.220778
0.336001
0.438575
0.286283
0.409302
0.372104
0.392443
0.342453
0.295697
0.267121
0.321390
0.239323
0.270314
0.282854
0.259751
0.271725
0.334684
0.338157
0.242396
0.358398
0.399644
0.275938
0.346953
0.304583
0.227967
0.308775
0.234681
0.379022
0.246304
0.409200
0.303676
0.375707
0.337323
0.295812
0.411126
0.270973
0.194439
0.328540
0.187171
0.361467
0.351041
0.295066
0.254770
0.298832
0.253667
0.225367
0.207945
0.316038
0.346099
0.460697
0.341841
0.443832
0.257704
0.303016
0.330552
0.328978
0.273548
0.540063
0.246717
0.294777
0.296214
0.284734
0.314479
0.260048
0.314592
0.487494
0.228251
0.360104
0.355550
0.445749
0.393776
0.356076
0.246550
0.237695
0.396195
0.288091
0.113904
0.303337
0.214246
0.348467
0.297826
0.413691
0.280413
0.347475
0.310244
0.303472
0.404294
0.323923
0.492619
0.418603
0.287896
0.348528
0.372583
0.277025
0.329252
0.315079
0.316547
0.296903
0.244238
0.321086
0.334688
0.445626
0.289200
0.291532
0.303785
0.264997
0.289686
0.247932
0.130914
0.330694
0.221276
0.355482
0.311879
0.312244
0.333667
0.347262
0.322429
0.404066
0.202467
0.271127
0.264957
0.319248
0.415074
0.249801
0.300989
0.354371
0.095349
0.291577
0.364915
0.318049
0.478527
0.236485
0.194533
0.233998
0.308420
0.297985
0.238649
0.312339
0.316860
0.297502
0.286675
0.308679
0.341838
0.357906
0.285453
0.254730
0.418103
0.283437
0.236064
0.285996
0.207000
0.281664
0.222854
0.433733
0.273732
0.317307
0.273207
0.268252
0.315898
0.283640
0.263245
0.287200
0.347228
0.302831
0.261073
0.328280
0.217656
0.250331
0.260083
0.240439
0.312017
0.274578
0.305984
0.330722
0.337058
0.271499
0.209479
0.230854
0.268536
0.248351
0.263112
0.313191
0.303270
0.195366
0.268524
0.246171
0.188408
0.331478
0.377368
0.464039
0.249913
0.290004
0.305862
0.232669
0.289673
0.247462
0.209804
0.243225
0.370636
0.280349
0.303237
0.318775
0.247068
0.307713
0.266613
0.255980
0.348309
0.353258
0.336831
0.296728
0.261058
0.434884
0.319260
0.379995
0.280174
0.254638
0.597085
0.235117
0.282470
0.274900
0.261623
0.196416
0.351470
0.275822
0.268520
0.450752
0.462973
0.284041
0.326364
0.240772
0.334525
0.203802
0.307594
0.271450
0.297102
0.182398
0.355558
0.321949
0.324397
0.312026
0.364384
0.319178
0.238652
0.356968
0.226338
0.289726
0.270314
0.281509
0.297332
0.352596
0.329749
0.541873
0.261632
0.254045
0.290176
0.336837
0.318657
0.564822
0.339347
0.262942
0.259978
0.381358
0.201446
0.378538
0.307790
0.336333
0.407706
0.368581
0.493237
0.402016
0.221293
0.307973
0.294036
0.273420
0.233905
0.350872
0.303933
0.321528
0.321617
0.245350
0.340701
0.231889
0.180367
0.337712
0.295536
0.236485
0.247134
0.287973
0.321811
0.313532
0.291789
0.270572
0.273902
0.244550
0.192708
0.305792
0.292869
0.240928
0.369678
0.271529
0.324449
0.096869
0.200325
0.489210
0.374851
0.609117
0.235514
0.251231
0.323857
0.305256
0.371510
0.285425
0.309746
0.326258
0.386156
0.330203
0.336149
0.330951
0.282687
0.290033
0.269420
0.328092
0.309787
0.352214
0.339926
0.200581
0.269397
0.306074
0.316435
0.280452
0.339105
0.270078
0.290922
0.382243
0.487721
0.294471
0.234569
0.299730
0.526231
0.342754
0.360123
0.441388
0.224679
0.283287
0.281955
0.463891
0.316857
0.317978
0.233500
0.241896
0.216206
0.419146
0.369856
0.451345
0.204924
0.290817
0.285511
0.285592
0.230058
0.282895
0.300568
0.336137
0.253729
0.072038
0.235225
0.296467
0.296406
0.219442
0.369446
0.286872
0.265377
0.265035
0.252419
0.379740
0.447115
0.281972
0.336394
0.274663
0.267087
0.335681
0.281533
0.431494
0.337685
0.277128
0.294207
0.410642
0.432521
0.297220
0.268123
0.310588
0.255643
0.225475
0.224600
0.335374
0.387686
0.410463
0.386318
0.411795
0.290966
0.242970
0.466776
0.337050
0.297378
0.481007
0.169841
0.387972
0.397071
0.364902
0.299528
0.299086
0.267714
0.301522
0.237360
0.390883
0.371053
0.460395
0.385135
0.106998
0.418987
0.080255
0.449576
0.278587
0.065990
0.235982
0.270175
0.082565
0.315896
0.537224
0.393867
0.213426
0.048528
0.364366
0.363665
0.525314
0.295292
0.303703
0.288671
0.341679
0.388648
0.247158
0.315088
0.348466
0.330964
0.294790
0.427635
0.325540
0.296122
0.331352
0.384315
0.343401
0.362667
0.601497
0.309062
0.551894
0.205542
0.217686
0.516424
0.269856
0.228368
0.330492
0.335357
0.457434
0.264303
0.195522
0.307090
0.322418
0.369353
0.332641
0.219195
0.249138
0.292665
0.179591
0.297135
0.612764
0.270297
0.290188
0.333579
0.236701
0.216022
0.288674
0.351203
0.362765
0.544956
0.475115
0.348178
0.275432
0.306633
0.298804
0.313341
0.346242
0.345645
0.328403
0.320560
0.245543
0.388124
0.336734
0.285377
0.307622
0.298866
0.246443
0.266977
0.392938
0.198240
0.258840
0.576194
0.526391
0.237290
0.370107
0.385987
0.255395
0.490579
0.403875
0.324085
0.433388
0.278702
0.283736
0.276662
0.265575
0.510416
0.315634
0.300495
0.319439
0.391314
0.263010
0.290555
0.425865
0.335643
0.312110
0.334936
0.229806
0.263231
0.308885
0.459029
0.262042
0.352225
0.268328
0.287754
0.296665
0.281411
0.348972
0.216300
0.344480
0.415999
0.253348
0.305445
0.320959
0.251459
0.376611
0.360310
0.263210
0.265484
0.441861
0.264926
0.287063
0.322209
0.195083
0.339575
0.336342
0.395571
0.348741
0.355462
0.328007
0.356448
0.418790
0.262406
0.384780
0.297695
0.303995
0.264736
0.302407
0.242919
0.286625
0.348217
0.280474
0.343435
0.319494
0.249080
0.299206
0.326635
0.304608
0.185579
0.375707
0.242847
0.301765
0.289976
0.281330
0.243083
0.308016
0.308730
0.191538
0.275180
0.197161
0.234636
0.358859
0.520147
0.370037
0.214359
0.292646
0.210953
0.294408
0.271724
0.287680
0.335687
0.464179
0.278472
0.291701
0.366299
0.229171
0.083094
0.202938
0.356341
0.323193
0.264653
0.307529
0.310610
0.245989
0.341056
0.387210
0.310677
0.365050
0.273758
0.270830
0.307569
0.233695
0.274895
0.255909
0.311018
0.294961
0.366768
0.341631
0.342556
0.310448
0.322213
0.298195
0.401753
0.227922
0.330253
0.300100
0.315073
0.295284
0.279268
0.271331
0.319575
0.304414
0.258170
0.292698
0.461812
0.239497
0.202767
0.325759
0.221373
0.343046
0.356089
0.283737
0.219609
0.277629
0.429639
0.264825
0.273441
0.274779
0.395462
0.267925
0.063308
0.242125
0.345853
0.225790
0.276081
0.429567
0.321009
0.276060
0.272749
0.317510
0.273288
0.391633
0.441126
0.297265
0.238667
0.352374
0.275251
0.266230
0.314404
0.269996
0.428197
0.414017
0.255675
0.376548
0.319731
0.516970
0.405863
0.302658
0.289155
0.278456
0.284800
0.239748
0.245552
0.264400
0.280730
0.318512
0.251142
0.181412
0.346863
0.278644
0.320032
0.223324
0.213324
0.078323
0.307051
0.295671
0.308523
0.235715
0.228759
0.526825
0.226690
0.287028
0.332342
0.275446
0.360066
0.297300
0.409741
0.205676
0.335382
0.352516
0.293345
0.214637
0.547991
0.346796
0.264069
0.251060
0.258938
0.381227
0.289742
0.356421
0.301252
0.311213
0.327749
0.253296
0.135159
0.215662
0.328236
0.255612
0.259230
0.233944
0.291202
0.298236
0.389318
0.266043
0.273258
0.263758
0.234952
0.276343
0.354057
0.274738
0.246708
0.393254
0.304261
0.337738
0.336107
0.278127
0.317228
0.325092
0.326401
0.377018
0.255226
0.369251
0.423462
0.224766
0.407707
0.400461
0.315518
0.304532
0.303125
0.281001
0.346880
0.196979
0.270952
0.394528
0.355332
0.428049
0.238196
0.314955
0.346892
0.404004
0.284724
0.300813
0.251130
0.318867
0.289733
0.301159
0.334929
0.189735
0.267930
0.188862
0.253517
0.256645
0.234435
0.187621
0.306194
0.257269
0.353407
0.222639
0.491883
0.322980
0.347563
0.413582
0.325015
0.219002
0.414749
0.321553
0.249306
0.273171
0.290187
0.325142
0.268207
0.324406
0.271373
0.285596
0.184686
0.325817
0.306980
0.295922
0.314558
0.269213
0.275188
0.320863
0.355448
0.311822
0.218336
0.282261
0.244897
0.346844
0.259525
0.319005
0.345772
0.267411
0.435136
0.236381
0.295301
0.268207
0.267942
0.367513
0.332383
0.379759
0.202608
0.313334
0.192530
0.314936
0.424315
0.316400
0.327668
0.277277
0.469656
0.209355
0.317382
0.317033
0.238705
0.323887
0.306465
0.242490
0.353767
0.257668
0.394017
0.241067
0.342532
0.305443
0.233161
0.304562
0.242382
0.222096
0.347439
0.316255
0.288378
0.314468
0.257681
0.229474
0.280230
0.375858
0.374541
0.244267
0.333671
0.302384
0.287642
0.324955
0.380940
0.208865
0.210920
0.280076
0.319178
0.362240
0.267093
0.272892
0.327964
0.264315
0.371850
0.347086
0.302166
0.259348
0.351960
0.306275
0.285405
0.266469
0.260988
0.262891
0.324134
0.274469
0.285104
0.279457
0.310748
0.310516
0.274928
0.217834
0.328401
0.221001
0.265672
0.293604
0.242567
0.215923
0.273418
0.261714
0.323514
0.288620
0.231884
0.329452
0.262393
0.323751
0.338516
0.332220
0.269546
0.485135
0.278178
0.279397
0.280253
0.225415
0.232162
0.316976
0.362668
0.202861
0.239163
0.245245
0.241577
0.206008
0.241570
0.292212
0.365882
0.470558
0.289900
0.374998
0.307094
0.362803
0.239101
0.295669
0.339331
0.408502
0.206334
0.315244
0.290850
0.227125
0.398681
0.279445
0.292935
0.224460
0.331199
0.290783
0.333143
0.375844
0.332678
0.288669
0.247733
0.304878
0.306446
0.249366
0.333796
0.337611
0.359429
0.264028
0.360855
0.343200
0.280049
0.222764
0.197619
0.289502
0.268176
0.271759
0.168110
0.203019
0.445688
0.270208
0.320180
0.341881
0.343867
0.300258
0.337567
0.310099
0.346964
0.352660
0.323821
0.311327
0.351972
0.238131
0.331876
0.422538
0.404935
0.345433
0.299892
0.363520
0.458063
0.382289
0.274270
0.207751
0.277316
0.250792
0.226348
0.302834
0.312999
0.286694
0.249961
0.290868
0.257703
0.308402
0.285295
0.292252
0.241474
0.212374
0.273630
0.200178
0.235082
0.301656
0.283925
0.176472
0.259232
0.254808
0.313420
0.416700
0.240790
0.311554
0.351061
0.429352
0.366772
0.352852
0.348776
0.313737
0.267430
0.341966
0.198409
0.264358
0.294297
0.343784
0.260996
0.354696
0.334048
0.428064
0.363470
0.343246
0.320379
0.313159
0.293450
0.319006
0.319864
0.294334
0.271046
0.278639
0.318749
0.353586
0.367367
0.378951
0.358560
0.254596
0.340327
0.287849
0.278475
0.329088
0.262240
0.194997
0.291738
0.615428
0.256515
0.280389
0.255772
0.324928
0.369725
0.230293
0.284742
0.381492
0.264097
0.323945
0.320492
0.330709
0.321932
0.248374
0.369120
0.346427
0.266276
0.290193
0.354496
0.314044
0.536707
0.318498
0.277647
0.370952
0.349993
0.289640
0.375713
0.396379
0.379110
0.483697
0.266934
0.296932
0.267088
0.215062
0.232053
0.294664
0.244004
0.260969
0.258381
0.227026
0.284182
0.333021
0.469588
0.449350
0.374456
0.304422
0.296952
0.266596
0.429663
0.239079
0.310386
0.254704
0.252526
0.282499
0.230872
0.248361
0.328574
0.224634
0.265062
0.333157
0.300382
0.339329
0.280884
0.332089
0.330223
0.348050
0.241521
0.206795
0.350142
0.288403
0.358669
0.132689
0.333063
0.295577
0.345186
0.505418
0.296523
0.393074
0.245820
0.244583
0.296681
0.447835
0.587895
0.267432
0.298038
0.320712
0.319814
0.234376
0.370286
0.332437
0.216548
0.230395
0.293232
0.177980
0.256544
0.551295
0.259064
0.305932
0.310256
0.220782
0.261179
0.307469
0.284391
0.331186
0.332409
0.310487
0.344456
0.310755
0.273382
0.330753
0.231110
0.343350
0.428692
0.428737
0.243428
0.296545
0.201750
0.284814
0.302755
0.278082
0.244885
0.345095
0.290746
0.223074
0.304329
0.282822
0.313714
0.277019
0.414587
0.260901
0.428008
0.302087
0.310099
0.268362
0.350030
0.330172
0.680752
0.269642
0.270643
0.351503
0.323887
0.329508
0.375892
0.357241
0.331402
0.308382
0.331536
0.317755
0.398071
0.388884
0.345559
0.256339
0.246348
0.413543
0.280189
0.254301
0.351655
0.307602
0.336071
0.260894
0.365013
0.253589
0.252700
0.294463
0.288172
0.339748
0.272466
0.252262
0.224430
0.261206
0.243862
0.329190
0.363078
0.304156
0.244031
0.347921
0.226083
0.302316
0.262146
0.358069
0.247287
0.249723
0.351403
0.433400
0.409112
0.296550
0.285629
0.243862
0.457523
0.348841
0.343034
0.253551
0.281192
0.505637
0.455857
0.223820
0.480545
0.291290
0.406843
0.293762
0.281411
0.305350
0.259520
0.342365
0.335373
0.337709
0.304411
0.330724
0.247644
0.343467
0.284007
0.328771
0.294870
0.317443
0.382951
0.214053
0.264307
0.321955
0.288505
0.302129
0.384463
0.274833
0.255605
0.382380
0.108325
0.303727
0.258294
0.241467
0.270841
0.076591
0.100957
0.416755
0.385291
0.367424
0.592972
0.281984
0.241563
0.310822
0.313257
0.358880
0.306342
0.290792
0.286832
0.294881
0.225644
0.334499
0.333719
0.380124
0.234183
0.379073
0.336954
0.322456
0.295867
0.210963
0.287424
0.310048
0.245843
0.248392
0.324914
0.342051
0.261669
0.339789
0.350762
0.470068
0.254632
0.316558
0.245040
0.377219
0.388065
0.362927
0.275605
0.330942
0.379218
0.437613
0.405182
0.258979
0.279821
0.283764
0.351185
0.310465
0.355433
0.327862
0.332959
0.335171
0.360051
0.325834
0.288201
0.243216
0.325986
0.240219
0.351055
0.216972
0.350993
0.243279
0.302800
0.310498
0.376962
0.280458
0.242604
0.287243
0.309877
0.191473
0.418905
0.316479
0.358955
0.332113
0.304639
0.224824
0.263851
0.288464
0.237126
0.299034
0.279426
0.290854
0.352167
0.327975
0.269060
0.360899
0.262430
0.320585
0.401025
0.339555
0.272673
0.401316
0.361634
0.309774
0.372903
0.203638
0.349154
0.353022
0.351117
0.314512
0.267926
0.333145
0.351734
0.276279
0.280653
0.268617
0.306654
0.282901
0.310117
0.305626
0.339085
0.226386
0.515120
0.297267
0.338197
0.298863
0.271223
0.206475
0.241442
0.232684
0.363875
0.374440
0.536947
0.304258
0.282684
0.261297
0.301101
0.474390
0.317485
0.513979
0.340396
0.276182
0.269141
0.400625
0.358305
0.384583
0.367684
0.297718
0.237192
0.288145
0.130391
0.250708
0.259176
0.339887
0.272939
0.482277
0.299294
0.316264
0.149416
0.263780
0.239712
0.309708
0.375234
0.420819
0.293834
0.179921
0.297548
0.281814
0.276918
0.267345
0.356561
0.220095
0.298873
0.338133
0.284021
0.315210
0.265527
0.327213
0.348246
0.230625
0.310052
0.300643
0.237289
0.267082
0.314476
0.353506
0.420664
0.298429
0.290178
0.280747
0.338190
0.521986
0.320825
0.225874
0.322563
0.314421
0.280343
0.252762
0.331831
0.312261
0.324904
0.406911
0.147298
0.321949
0.428007
0.216019
0.152808
0.345472
0.230128
0.265106
0.369641
0.325167
0.421838
0.253069
0.415145
0.274632
0.344099
0.259270
0.383141
0.305877
0.318318
0.260961
0.343558
0.258467
0.274524
0.327860
0.316786
0.326844
0.454685
0.264972
0.458801
0.332284
0.302894
0.363799
0.274373
0.462544
0.337286
0.252864
0.282875
0.267639
0.272145
0.295010
0.242539
0.301652
0.229428
0.234919
0.279657
0.239428
0.477726
0.354342
0.371716
0.283713
0.327177
0.479973
0.345692
0.295998
0.292600
0.271598
0.355950
0.299802
0.337688
0.273119
0.222628
0.311220
0.308584
0.302775
0.429405
0.231596
0.446987
0.277106
0.359359
0.347583
0.410610
0.294103
0.290596
0.260464
0.386869
0.429393
0.356060
0.253340
0.268261
0.249367
0.250642
0.251232
0.335555
0.336625
0.293029
0.290213
0.306672
0.479740
0.253326
0.277900
0.313372
0.407855
0.459470
0.272436
0.309127
0.407178
0.422692
0.156918
0.455091
0.324080
0.346883
0.384690
0.234990
0.408329
0.320794
0.229077
0.239117
0.584908
0.231031
0.399360
0.282765
0.352626
0.363469
0.309061
0.306161
0.383310
0.518723
0.275032
0.227446
0.319707
0.290610
0.374375
0.211972
0.217849
0.240221
0.317455
0.380852
0.259688
0.213043
0.220706
0.326640
0.285374
0.365285
0.425153
0.100798
0.320305
0.370047
0.275195
0.373531
0.285985
0.039952
0.233726
0.403302
0.249069
0.343238
0.295137
0.331434
0.361135
0.254201
0.265933
0.365426
0.342042
0.373270
0.273533
0.292619
0.397738
0.244871
0.386305
0.259410
0.330734
0.387187
0.300683
0.287243
0.430454
0.298253
0.229108
0.326350
0.329181
0.369086
0.402855
0.272267
0.298999
0.279466
0.248907
0.370077
0.278874
0.300289
0.490361
0.247619
0.354962
0.342520
0.274635
0.332473
0.583199
0.307517
0.184329
0.366787
0.214271
0.464827
0.316523
0.314831
0.281897
0.262185
0.560412
0.341589
0.356688
0.266537
0.208220
0.286720
0.353741
0.462440
0.261475
0.270875
0.301567
0.299876
0.208768
0.304097
0.253311
0.332510
0.230525
0.421364
0.276460
0.421641
0.414616
0.316300
0.308902
0.329122
0.294836
0.223754
0.254934
0.259283
0.331299
0.327223
0.278587
0.311990
0.292723
0.322267
0.342738
0.329825
0.275809
0.312034
0.315074
0.339042
0.241180
0.258141
0.279681
0.447875
0.310403
0.197938
0.286614
0.308729
0.502820
0.390618
0.292294
0.215855
0.454284
0.234653
0.339371
0.262542
0.456909
0.273672
0.277253
0.257740
0.294067
0.394600
0.311274
0.218204
0.306647
0.295293
0.310695
0.316090
0.337617
0.245050
0.260056
0.247994
0.339309
0.377332
0.313481
0.336916
0.362359
0.324138
0.226499
0.522813
0.266234
0.266340
0.289952
0.327590
0.626943
0.416043
0.339373
0.340670
0.274064
0.265377
0.257862
0.096498
0.309412
0.374159
0.246288
0.392561
0.174924
0.316801
0.417965
0.274903
0.358468
0.261702
0.400122
0.558592
0.376715
0.264323
0.406411
0.311835
0.303850
0.294432
0.280979
0.326177
0.241593
0.343682
0.351728
0.444162
0.304904
0.257862
0.307947
0.344826
0.235071
0.320652
0.246487
0.298843
0.284614
0.320218
0.302436
0.436017
0.389206
0.285410
0.300318
0.249397
0.326541
0.283650
0.364393
0.230109
0.215809
0.201391
0.235851
0.393065
0.172352
0.389617
0.300335
0.261894
0.328756
0.225236
0.325971
0.313910
0.250490
0.207262
0.397765
0.359047
0.271362
0.237999
0.274153
0.257990
0.341752
0.321501
0.214754
0.321953
0.309193
0.362047
0.251397
0.207746
0.341206
0.259526
0.340056
0.431321
0.412629
0.299584
0.461566
0.301371
0.406661
0.397970
0.370046
0.296139
0.448151
0.383618
0.445519
0.227484
0.475877
0.247937
0.398415
0.324897
0.411999
0.253360
0.258015
0.317234
0.318453
0.207219
0.397820
0.266924
0.268735
0.286128
0.426117
0.262099
0.328123
0.344000
0.379129
0.232882
0.315070
0.556815
0.355234
0.339218
0.189974
0.288151
0.602141
0.280093
0.262196
0.271995
0.454400
0.364143
0.299098
0.222546
0.307615
0.272431
0.393451
0.220793
0.249253
0.281962
0.287486
0.276395
0.331855
0.341574
0.331715
0.253992
0.344807
0.280934
0.347581
0.315486
0.334781
0.228698
0.276833
0.275006
0.327440
0.298893
0.237626
0.299142
0.262439
0.276475
0.451264
0.280906
0.285626
0.377243
0.328487
0.273273
0.272661
0.406258
0.277730
0.372993
0.361655
0.200620
0.478382
0.326381
0.310397
0.333388
0.365102
0.334382
0.268908
0.316268
0.391308
0.343025
0.309381
0.460619
0.321081
0.261092
0.290702
0.237645
0.251354
0.288774
0.312353
0.268026
0.254985
0.265924
0.183756
0.415099
0.386703
0.302335
0.268967
0.325613
0.230536
0.312364
0.354149
0.734291
0.258364
0.335565
0.220160
0.297640
0.472858
0.323175
0.279318
0.201538
0.220780
0.259376
0.326857
0.327597
0.349543
0.343015
0.268614
0.326428
0.397961
0.372317
0.330355
0.239294
0.264372
0.344954
0.310567
0.379267
0.344776
0.385458
0.381562
0.277869
0.285474
0.262180
0.220029
0.322530
0.265038
0.281983
0.323392
0.273371
0.357228
0.236456
0.341853
0.300429
0.273467
0.316312
0.263279
0.249681
0.395183
0.216758
0.339384
0.306549
0.336527
0.328448
0.354515
0.337188
0.259097
0.331370
0.286569
0.310670
0.236791
0.294501
0.257579
0.426670
0.395324
0.293643
0.264065
0.364731
0.339259
0.263176
0.250258
0.326075
0.348049
0.255533
0.218327
0.277411
0.241949
0.376288
0.234839
0.235071
0.296920
0.350100
0.216429
0.262159
0.295571
0.339520
0.415890
0.332638
0.251207
0.292230
0.329297
0.398193
0.300976
0.291741
0.269441
0.371865
0.265656
0.291320
0.330390
0.342999
0.314270
0.323815
0.701952
0.300109
0.309605
0.311423
0.337985
0.257376
0.282065
0.351003
0.340214
0.380708
0.338305
0.330822
0.323167
0.344534
0.339977
0.294903
0.279285
0.321758
0.386548
0.319959
0.350682
0.233133
0.356889
0.270361
0.300996
0.331433
0.257885
0.371711
0.304805
0.446766
0.273100
0.365949
0.424291
0.279727
0.301927
0.297294
0.317662
0.262278
0.279056
0.321121
0.335691
0.307881
0.265277
0.348607
0.334493
0.275481
0.350245
0.240194
0.303161
0.301135
0.350567
0.292145
0.291851
0.373486
0.272950
0.354783
0.325649
0.281896
0.320765
0.390625
0.289879
0.266667
0.373744
0.414376
0.302640
0.247079
0.213084
0.243891
0.354069
0.300392
0.248884
0.309814
0.368238
0.327540
0.211030
0.277479
0.313821
0.325886
0.224742
0.308770
0.415344
0.358614
0.481543
0.336326
0.327946
0.343405
0.297998
0.293181
0.345391
0.412714
0.247166
0.314195
0.278979
0.325343
0.369891
0.355900
0.296813
0.268441
0.387191
0.202946
0.225675
0.269230
0.242501
0.266276
0.253737
0.330890
0.368810
0.284358
0.487146
0.288167
0.337793
0.285134
0.340182
0.265152
0.236122
0.296578
0.275593
0.320349
0.312733
0.274294
0.320054
0.353088
0.244468
0.310436
0.254521
0.282042
0.303452
0.288820
0.338910
0.210944
0.340015
0.273273
0.275388
0.266821
0.327830
0.395551
0.240837
0.282584
0.305778
0.292909
0.210872
0.426494
0.291392
0.303088
0.236755
0.385964
0.294271
0.373144
0.329386
0.371753
0.381281
0.322770
0.261983
0.358569
0.207790
0.313550
0.281742
0.313078
0.260988
0.254137
0.419853
0.368422
0.354321
0.317686
0.394594
0.267321
0.443100
0.301065
0.301801
0.355051
0.300170
0.291850
0.339155
0.271096
0.350745
0.259630
0.251282
0.271591
0.261087
0.273036
0.354239
0.466100
0.241448
0.204808
0.285359
0.217811
0.311372
0.333655
0.331797
0.356674
0.351100
0.298430
0.287412
0.364521
0.220902
0.338173
0.379614
0.275352
0.334469
0.254051
0.278334
0.337714
0.281766
0.296821
0.298844
0.594280
0.358604
0.268359
0.358582
0.304253
0.301884
0.373408
0.331051
0.257205
0.319683
0.322400
0.238194
0.256123
0.426724
0.343997
0.337243
0.303650
0.499454
0.436976
0.213952
0.227452
0.331214
0.343864
0.190289
0.231930
0.225952
0.316650
0.291798
0.342402
0.226203
0.304624
0.389191
0.309539
0.295295
0.253250
0.319537
0.314232
0.271057
0.290690
0.319574
0.232367
0.251885
0.313737
0.296967
0.307258
0.366493
0.361730
0.348002
0.372207
0.313850
0.265827
0.505165
0.294161
0.143348
0.345941
0.371772
0.448331
0.353346
0.250549
0.441637
0.341207
0.309668
0.275396
0.412069
0.297164
0.440592
0.285719
0.277967
0.319805
0.224337
0.319873
0.339246
0.235782
0.340110
0.286558
0.229282
0.332629
0.363089
0.286181
0.397265
0.489243
0.349571
0.319309
0.236308
0.341037
0.314395
0.425294
0.355511
0.248270
0.286743
0.300592
0.396230
0.308544
0.241524
0.371336
0.253138
0.080147
0.253766
0.226894
0.272226
0.291885
0.282705
0.230550
0.332089
0.323388
0.303580
0.297486
0.242997
0.383521
0.222164
0.223312
0.366225
0.314221
0.290669
0.342764
0.310718
0.310238
0.236708
0.238185
0.279749
0.321644
0.434508
0.362371
0.325908
0.290772
0.272304
0.230793
0.304102
0.226333
0.360010
0.316128
0.335355
0.341416
0.500205
0.291689
0.515707
0.323995
0.350190
0.335468
0.290903
0.291334
0.409505
0.274044
0.326687
0.216297
0.221874
0.271202
0.367362
0.314972
0.239758
0.354010
0.439050
0.266616
0.317977
0.317364
0.322410
0.339819
0.290852
0.274422
0.305608
0.337655
0.314901
0.313427
0.213850
0.278188
0.199710
0.310617
0.303324
0.263067
0.307741
0.218195
0.300634
0.372956
0.293216
0.298474
0.283037
0.407313
0.269302
0.257183
0.308849
0.325932
0.272109
0.341743
0.310541
0.272096
0.329123
0.220054
0.215074
0.249633
0.305001
0.289911
0.323727
0.363105
0.266974
0.268139
0.349960
0.447197
0.252256
0.315481
0.306822
0.350903
0.242318
0.188959
0.309619
0.329573
0.336198
0.338365
0.326917
0.283635
0.296981
0.292999
0.281604
0.218589
0.403276
0.292692
0.293422
0.417568
0.344518
0.344189
0.232774
0.285411
0.285887
0.345249
0.300041
0.376600
0.237462
0.234882
0.306461
0.262519
0.516165
0.274589
0.280549
0.515595
0.333347
0.355344
0.386501
0.359976
0.263056
0.301873
0.390224
0.358250
0.281382
0.213103
0.460686
0.361721
0.221653
0.308973
0.227891
0.406373
0.391695
0.456547
0.346421
0.233781
0.381247
0.259563
0.227055
0.273497
0.325313
0.389158
0.334765
0.224608
0.500708
0.313104
0.292710
0.330065
0.290491
0.326544
0.302884
0.305609
0.322555
0.343543
0.249775
0.216576
0.257107
0.309594
0.324145
0.292892
0.302549
0.244647
0.266354
0.237242
0.238611
0.326953
0.333011
0.332319
0.318166
0.302562
0.404273
0.395786
0.387624
0.210343
0.267006
0.301757
0.313792
0.448796
0.232434
0.284491
0.258059
0.229843
0.275655
0.342395
0.286809
0.360715
0.497978
0.425241
0.254805
0.322152
0.371116
0.266071
0.281092
0.354941
0.273063
0.288549
0.363834
0.297151
0.253003
0.418892
0.347908
0.287953
0.248051
0.269142
0.287676
0.387964
0.276222
0.315149
0.342931
0.205472
0.294980
0.298027
0.348206
0.260694
0.276173
0.316104
0.260214
0.297747
0.313171
0.373268
0.092469
0.234478
0.323888
0.388034
0.277424
0.266692
0.344451
0.378954
0.224773
0.337524
0.316822
0.243087
0.283887
0.295066
0.304078
0.372660
0.565437
0.279694
0.361563
0.380449
0.290696
0.292402
0.287388
0.307419
0.292941
0.334781
0.266586
0.285603
0.301310
0.369864
0.401841
0.279668
0.257158
0.240713
0.309348
0.249504
0.277438
0.276358
0.299231
0.245664
0.338192
0.234038
0.229797
0.130999
0.361983
0.290084
0.345823
0.337023
0.318221
0.324253
0.341165
0.241579
0.250148
0.360638
0.419896
0.358692
0.288379
0.261783
0.293780
0.287401
0.242355
0.253105
0.295570
0.264711
0.336228
0.303870
0.232261
0.321474
0.329941
0.250890
0.261375
0.259043
0.494570
0.210045
0.208816
0.304677
0.255473
0.359874
0.261592
0.247019
0.268216
0.297725
0.361253
0.358620
0.323191
0.219324
0.336450
0.318885
0.330063
0.399778
0.288304
0.406259
0.373923
0.246176
0.315189
0.345247
0.313099
0.322526
0.283466
0.422419
0.320754
0.248064
0.472168
0.199449
0.315518
0.349167
0.261026
0.299295
0.344287
0.340554
0.341263
0.352762
0.363921
0.329711
0.248021
0.372125
0.260633
0.250575
0.346775
0.318125
0.294957
0.368087
0.336455
0.295238
0.254784
0.264981
0.277494
0.352480
0.301508
0.626630
0.346263
0.370216
0.232548
0.308086
0.240973
0.254954
0.300924
0.316390
0.348736
0.267822
0.233930
0.242069
0.323746
0.204822
0.343304
0.317090
0.303133
0.315244
0.408897
0.390358
0.307282
0.313788
0.303230
0.244136
0.318868
0.186926
0.243043
0.230974
0.263255
0.123668
0.337053
0.221478
0.324924
0.320498
0.308209
0.322794
0.296291
0.349789
0.319921
0.530334
0.260617
0.250320
0.294288
0.424484
0.329083
0.300204
0.361550
0.373263
0.293116
0.270723
0.321705
0.311180
0.363703
0.342886
0.424381
0.254058
0.428070
0.213667
0.305154
0.329540
0.337535
0.328854
0.553610
0.405665
0.287765
0.385349
0.249086
0.351884
0.291042
0.382859
0.324971
0.263200
0.297564
0.337515
0.372398
0.253047
0.307583
0.566393
0.337870
0.354555
0.288717
0.318141
0.437688
0.296399
0.367105
0.313305
0.368486
0.268296
0.302182
0.310738
0.256826
0.309708
0.322356
0.331006
0.256727
0.285319
0.237894
0.233074
0.189330
0.259179
0.265328
0.301554
0.327882
0.333038
0.356638
0.204648
0.247325
0.261471
0.211312
0.335260
0.309016
0.296572
0.250517
0.250383
0.161529
0.306080
0.681460
0.382847
0.559550
0.233160
0.271270
0.326163
0.345038
0.428423
0.341090
0.372903
0.352887
0.243444
0.300009
0.339190
0.320060
0.255305
0.232747
0.064015
0.238168
0.207459
0.196772
0.419201
0.269917
0.371967
0.262494
0.278512
0.234470
0.249931
0.326234
0.355675
0.226694
0.125604
0.262447
0.263204
0.295455
0.343413
0.159931
0.298952
0.396504
0.290558
0.284791
0.312436
0.329944
0.222607
0.250614
0.353294
0.253270
0.366901
0.387829
0.399939
0.395620
0.250825
0.405843
0.418779
0.299761
0.355174
0.358257
0.369301
0.354795
0.310633
0.374255
0.297978
0.249773
0.326868
0.310743
0.195609
0.331547
0.276090
0.195536
0.252711
0.316536
0.255457
0.294261
0.283069
0.298398
0.233903
0.495673
0.301523
0.348704
0.307418
0.358175
0.244810
0.346101
0.376625
0.333949
0.260586
0.337990
0.274285
0.183752
0.359901
0.223370
0.392747
0.412324
0.251099
0.237484
0.304174
0.295755
0.359563
0.339543
0.254649
0.341551
0.296121
0.256517
0.211261
0.220294
0.305515
0.409030
0.338071
0.280222
0.302247
0.360572
0.253144
0.221768
0.331747
0.277225
0.197129
0.276839
0.523619
0.204908
0.282802
0.215519
0.140023
0.295936
0.266919
0.269332
0.316860
0.258906
0.261513
0.323559
0.314036
0.291277
0.229957
0.364044
0.344726
0.333483
0.349913
0.300078
0.270220
0.301241
0.374362
0.435893
0.367003
0.401264
0.338791
0.329917
0.324730
0.270504
0.299433
0.332104
0.263409
0.337941
0.339193
0.281716
0.310164
0.458863
0.331944
0.271534
0.319976
0.213867
0.303644
0.281857
0.389433
0.345462
0.256954
0.259964
0.402583
0.302347
0.241246
0.336279
0.254714
0.238715
0.296282
0.236323
0.306370
0.340112
0.275734
0.270775
0.251026
0.319498
0.229800
0.346328
0.316848
0.318652
0.254629
0.264391
0.341856
0.316754
0.309624
0.293922
0.230456
0.335945
0.342795
0.275335
0.281098
0.291057
0.267644
0.281573
0.368865
0.374208
0.637974
0.374924
0.280951
0.408713
0.344554
0.251014
0.344433
0.221078
0.398385
0.277543
0.524917
0.351263
0.277132
0.341155
0.300431
0.288901
0.300553
0.361372
0.429068
0.315502
0.441951
0.344491
0.406043
0.305969
0.270563
0.249898
0.345809
0.251352
0.255438
0.227776
0.295831
0.281218
0.252612
0.288741
0.301561
0.320021
0.370985
0.509932
0.329223
0.450291
0.249151
0.416789
0.391700
0.315872
0.227802
0.279274
0.397573
0.278315
0.236062
0.287961
0.253072
0.298603
0.305506
0.342707
0.267064
0.342024
0.344623
0.206826
0.379035
0.358331
0.309763
0.375957
0.344812
0.342387
0.364406
0.469393
0.380985
0.332495
0.255027
0.251540
0.344965
0.240659
0.204709
0.246771
0.302726
0.294892
0.256783
0.239163
0.257610
0.269800
0.286991
0.363169
0.238272
0.315862
0.230547
0.279619
0.321933
0.296999
0.313885
0.331497
0.396362
0.231915
0.315398
0.303172
0.348567
0.328761
0.315037
0.365991
0.314927
0.390140
0.254709
0.298164
0.436252
0.391758
0.311986
0.284938
0.318929
0.236706
0.380112
0.268806
0.241790
0.338820
0.287730
0.332658
0.277695
0.314969
0.272288
0.259196
0.289522
0.292410
0.399231
0.289556
0.299391
0.385012
0.285762
0.315325
0.384219
0.349913
0.245933
0.313365
0.359182
0.326301
0.214005
0.298478
0.371982
0.301744
0.492239
0.272805
0.394819
0.317895
0.291479
0.350118
0.240947
0.310810
0.309961
0.248461
0.234687
0.356213
0.352181
0.324299
0.243471
0.402886
0.319420
0.333915
0.307910
0.258574
0.270703
0.239112
0.263912
0.323847
0.366584
0.235769
0.329717
0.250628
0.317048
0.252890
0.332909
0.281550
0.305692
0.163932
0.365864
0.308988
0.332927
0.303547
0.251738
0.309103
0.250432
0.252552
0.411770
0.264451
0.144600
0.253747
0.361242
0.284858
0.255271
0.444652
0.346256
0.319356
0.210050
0.206683
0.271398
0.374137
0.401971
0.312548
0.236529
0.298847
0.248972
0.317419
0.294275
0.306715
0.288429
0.448037
0.270333
0.310594
0.148118
0.228945
0.264893
0.300769
0.333667
0.282985
0.326349
0.321009
0.229404
0.281747
0.363288
0.335819
0.207017
0.308679
0.320240
0.346176
0.359054
0.500279
0.492154
0.351883
0.301742
0.305464
0.341282
0.274955
0.269888
0.266922
0.307500
0.272088
0.348244
0.300215
0.292685
0.284672
0.265176
0.223596
0.300157
0.297911
0.335379
0.280105
0.292874
0.262688
0.274139
0.185337
0.324881
0.382381
0.298064
0.250485
0.363624
0.284659
0.318496
0.365376
0.291849
0.356154
0.316829
0.146500
0.251023
0.277191
0.313330
0.462855
0.320518
0.307171
0.353584
0.366759
0.240465
0.214075
0.234048
0.407200
0.261014
0.364930
0.299733
0.303784
0.277293
0.278155
0.355858
0.304692
0.326436
0.278645
0.297098
0.196156
0.272540
0.345419
0.276516
0.232905
0.286991
0.414340
0.393435
0.347924
0.384276
0.329821
0.270834
0.329043
0.215492
0.215522
0.261229
0.299863
0.333779
0.340639
0.351564
0.340548
0.269217
0.330950
0.270009
0.312581
0.403961
0.321740
0.346828
0.399569
0.165810
0.320643
0.351623
0.181638
0.404606
0.196088
0.237010
0.260994
0.275361
0.356687
0.263823
0.264815
0.323283
0.347486
0.162079
0.220286
0.340844
0.313327
0.290419
0.213250
0.435960
0.268989
0.275428
0.342273
0.358073
0.315233
0.312431
0.215649
0.277620
0.240626
0.353727
0.273571
0.319457
0.334763
0.396808
0.375731
0.193604
0.390128
0.298900
0.280667
0.314337
0.355824
0.376840
0.360600
0.294107
0.229265
0.421849
0.236496
0.283549
0.426279
0.264940
0.221290
0.288547
0.299599
0.283481
0.210667
0.224190
0.303266
0.243839
0.315235
0.307900
0.306046
0.342310
0.333108
0.197939
0.307897
0.330102
0.393982
0.290236
0.374984
0.318378
0.271652
0.364903
0.275238
0.217554
0.336316
0.322868
0.339380
0.316669
0.353925
0.241708
0.369800
0.493344
0.260373
0.411352
0.249239
0.288832
0.243095
0.414853
0.263776
0.263471
0.256075
0.327508
0.382724
0.303463
0.359118
0.299716
0.361518
0.266426
0.388063
0.249203
0.390051
0.253895
0.330626
0.256241
0.402874
0.205779
0.326316
0.427203
0.261661
0.354894
0.360546
0.326055
0.283208
0.220256
0.313956
0.329864
0.362102
0.329188
0.325030
0.308426
0.487309
0.308659
0.157175
0.372400
0.346971
0.263359
0.325774
0.431385
0.335012
0.348806
0.209463
0.303008
0.250345
0.186940
0.333154
0.272534
0.380984
0.337005
0.334386
0.336346
0.360678
0.334199
0.369181
0.334782
0.366409
0.346526
0.320216
0.314276
0.098230
0.304836
0.343491
0.302122
0.178031
0.334253
0.309972
0.221084
0.336515
0.389904
0.363881
0.314605
0.314886
0.302636
0.264891
0.345247
0.324568
0.297188
0.304661
0.270553
0.292426
0.279625
0.354639
0.277708
0.372511
0.281327
0.267547
0.252145
0.272469
0.256409
0.249150
0.226117
0.250305
0.245723
0.361471
0.274413
0.308053
0.376512
0.334937
0.300723
0.342461
0.299786
0.241826
0.332499
0.269634
0.296180
0.266589
0.358751
0.349577
0.232696
0.389777
0.299462
0.280951
0.327674
0.265652
0.348575
0.223855
0.307673
0.286257
0.247823
0.155985
0.265173
0.234124
0.297962
0.319932
0.341811
0.362229
0.267140
0.357827
0.323691
0.335829
0.435597
0.257978
0.389645
0.120508
0.233317
0.207722
0.260932
0.277901
0.239256
0.113102
0.363528
0.319705
0.322012
0.391161
0.204370
0.325411
0.239225
0.375567
0.317209
0.222981
0.340240
0.334389
0.378917
0.218009
0.351888
0.239747
0.359032
0.213528
0.247933
0.235668
0.391142
0.309756
0.464727
0.273681
0.314963
0.277480
0.261540
0.248380
0.278567
0.190566
0.309962
0.317187
0.331756
0.262081
0.352989
0.454604
0.236500
0.233918
0.329676
0.369247
0.210080
0.306644
0.217046
0.244340
0.325444
0.337807
0.259329
0.316709
0.460984
0.333107
0.274219
0.296235
0.396391
0.475591
0.259221
0.317200
0.244026
0.246248
0.268596
0.599321
0.426296
0.355437
0.390559
0.302095
0.090191
0.254500
0.308921
0.302795
0.283839
0.355506
0.241158
0.246442
0.275131
0.288228
0.293726
0.269202
0.290042
0.286437
0.407213
0.338844
0.363793
0.343376
0.303522
0.477077
0.264645
0.242532
0.305756
0.287298
0.237223
0.322715
0.227753
0.324524
0.347968
0.346934
0.406722
0.296133
0.456760
0.355490
0.447110
0.329963
0.286817
0.381967
0.385435
0.231268
0.318864
0.227239
0.302292
0.374039
0.251047
0.504863
0.257653
0.326460
0.320711
0.320156
0.213262
0.442511
0.231322
0.298648
0.625431
0.310209
0.247473
0.280260
0.324793
0.512844
0.385899
0.241576
0.376727
0.347884
0.346486
0.352380
0.621330
0.321009
0.320000
0.205275
0.397001
0.477843
0.227303
0.277131
0.197250
0.271532
0.330573
0.301127
0.256632
0.426198
0.311877
0.497638
0.269113
0.286669
0.333136
0.276160
0.403950
0.342865
0.237263
0.329240
0.310215
0.112754
0.299477
0.293118
0.334701
0.443531
0.495011
0.354981
0.322847
0.356469
0.272751
0.329147
0.309634
0.272484
0.362968
0.307968
0.305967
0.336597
0.353348
0.226264
0.453421
0.270297
0.158467
0.294089
0.283862
0.286101
0.252667
0.327722
0.525673
0.163083
0.262266
0.301730
0.261416
0.309555
0.226137
0.281712
0.330945
0.341207
0.254029
0.312007
0.340813
0.326977
0.266590
0.174909
0.329236
0.334051
0.307677
0.313681
0.314047
0.330842
0.337055
0.324977
0.338103
0.288892
0.327632
0.247518
0.378735
0.247721
0.258617
0.235121
0.438093
0.442271
0.243175
0.342135
0.251340
0.342556
0.275433
0.331403
0.315432
0.342032
0.308613
0.336136
0.273671
0.235717
0.302680
0.203337
0.352604
0.217494
0.254132
0.235910
0.325812
0.351037
0.341457
0.383303
0.249218
0.345709
0.212196
0.236692
0.256253
0.410956
0.449253
0.443400
0.289420
0.291128
0.248700
0.386977
0.350370
0.415842
0.302009
0.293861
0.265239
0.296525
0.273004
0.133940
0.317197
0.360506
0.223762
0.317225
0.312593
0.242974
0.227058
0.316535
0.380788
0.309682
0.392853
0.237391
0.310266
0.287516
0.245190
0.324589
0.241996
0.411303
0.255705
0.365515
0.251149
0.425186
0.363635
0.642421
0.448272
0.288097
0.499430
0.324960
0.427643
0.408554
0.219223
0.235522
0.448454
0.210923
0.332772
0.291077
0.373671
0.330586
0.272510
0.361903
0.313167
0.752728
0.253665
0.279700
0.269525
0.292778
0.276362
0.256276
0.340396
0.263431
0.281919
0.275683
0.239447
0.261774
0.168256
0.298915
0.317462
0.307953
0.431485
0.274048
0.294821
0.451962
0.321891
0.327622
0.215904
0.252950
0.199589
0.347124
0.251385
0.266871
0.271598
0.277112
0.236230
0.266328
0.222794
0.247992
0.337453
0.347286
0.314833
0.259773
0.274921
0.279266
0.288080
0.318666
0.376692
0.325555
0.340329
0.339694
0.392012
0.362780
0.334815
0.368172
0.239002
0.330552
0.289521
0.169768
0.331420
0.271355
0.509351
0.233832
0.323389
0.272244
0.253122
0.277073
0.343731
0.194289
0.285311
0.338394
0.338614
0.406654
0.292644
0.475303
0.275817
0.238560
0.252667
0.574664
0.266272
0.325552
0.290686
0.399402
0.380557
0.347046
0.340118
0.364197
0.321177
0.231749
0.266262
0.310578
0.241132
0.349023
0.253055
0.253570
0.299728
0.404144
0.215238
0.247628
0.277017
0.286047
0.258130
0.276728
0.241310
0.211382
0.219540
0.287416
0.330233
0.426098
0.308114
0.244024
0.304484
0.333990
0.388996
0.370248
0.212744
0.278011
0.193742
0.209411
0.302956
0.223469
0.245482
0.291150
0.348354
0.424131
0.343410
0.313329
0.315688
0.418278
0.402538
0.272883
0.311888
0.443338
0.339559
0.310268
0.352126
0.216150
0.257026
0.356239
0.334454
0.325284
0.272992
0.213917
0.290478
0.265138
0.278742
0.347915
0.335877
0.337608
0.309880
0.420010
0.217586
0.323698
0.316473
0.284929
0.307056
0.199578
0.276226
0.215486
0.333273
0.264735
0.334977
0.267330
0.305609
0.420668
0.316289
0.342307
0.378702
0.243290
0.324429
0.378367
0.397679
0.262686
0.255615
0.276684
0.312527
0.347179
0.253330
0.298342
0.251365
0.328454
0.256304
0.340316
0.294054
0.201612
0.210232
0.301269
0.272683
0.190632
0.370433
0.221747
0.211153
0.266385
0.328157
0.308439
0.473086
0.418510
0.225646
0.262876
0.300645
0.219504
0.325833
0.333339
0.269375
0.326819
0.371214
0.313019
0.332392
0.333615
0.188559
0.326364
0.330505
0.290565
0.325807
0.223173
0.370657
0.267480
0.382011
0.195545
0.372812
0.302427
0.483232
0.281079
0.295570
0.278677
0.352287
0.347614
0.223607
0.200727
0.237941
0.299540
0.244125
0.260121
0.310609
0.268377
0.212393
0.213140
0.277596
0.284138
0.217384
0.290107
0.243185
0.304704
0.282642
0.380832
0.272743
0.428741
0.279385
0.318405
0.300157
0.235674
0.326687
0.247415
0.238169
0.299929
0.254628
0.240095
0.316055
0.236757
0.238526
0.302399
0.438263
0.493832
0.348726
0.361447
0.366982
0.369393
0.428272
0.244310
0.333630
0.302879
0.299594
0.494726
0.294522
0.328028
0.220700
0.381698
0.294544
0.250729
0.344529
0.261572
0.481425
0.266518
0.226959
0.220703
0.241221
0.334496
0.303962
0.362656
0.312358
0.524287
0.431357
0.316111
0.261178
0.300059
0.282556
0.361167
0.240509
0.297767
0.374279
0.235606
0.302365
0.319397
0.270401
0.276939
0.256941
0.170210
0.192493
0.254194
0.290069
0.406399
0.485624
0.259895
0.344801
0.272984
0.302430
0.356807
0.366142
0.470244
0.234313
0.374966
0.331519
0.311299
0.291389
0.281008
0.348341
0.732331
0.270379
0.305814
0.322328
0.461677
0.289584
0.233805
0.277123
0.327219
0.260937
0.189396
0.272501
0.313433
0.335703
0.228677
0.230866
0.229044
0.191467
0.216853
0.209080
0.295313
0.274006
0.251937
0.218344
0.292942
0.348878
0.347816
0.301407
0.528208
0.410560
0.474103
0.400899
0.400070
0.400757
0.302303
0.370390
0.305484
0.397384
0.324588
0.285010
0.383964
0.348303
0.272952
0.323041
0.282980
0.281448
0.258979
0.241491
0.270544
0.316987
0.324808
0.329953
0.263136
0.279403
0.222478
0.338665
0.246000
0.279665
0.384715
0.280890
0.239791
0.289507
0.258233
0.241477
0.310418
0.304852
0.212257
0.234689
0.254652
0.215671
0.441044
0.215437
0.439152
0.285095
0.243316
0.254777
0.342789
0.280855
0.224681
0.251679
0.195880
0.280619
0.212286
0.348367
0.282567
0.277632
0.279066
0.231834
0.247343
0.290044
0.293578
0.227080
0.278254
0.251042
0.299702
0.330715
0.319107
0.225917
0.284892
0.350628
0.309018
0.302962
0.286166
0.281495
0.355152
0.219882
0.282395
0.494939
0.261565
0.281786
0.471341
0.279315
0.290764
0.210077
0.280300
0.228524
0.260923
0.284707
0.318332
0.315320
0.243124
0.273045
0.454638
0.317121
0.248492
0.276182
0.201417
0.345699
0.326719
0.333177
0.450407
0.293050
0.476695
0.268507
0.301465
0.286432
0.301113
0.319815
0.493523
0.424642
0.382288
0.344049
0.346950
0.363845
0.383109
0.359660
0.220971
0.334008
0.283519
0.238552
0.272595
0.330478
0.202642
0.243967
0.242911
0.397583
0.430870
0.388008
0.304898
0.459304
0.288567
0.531415
0.366146
0.358846
0.315746
0.401165
0.272316
0.312645
0.280423
0.280070
0.379132
0.363258
0.249326
0.251778
0.216802
0.287745
0.275197
0.296450
0.292052
0.315329
0.402371
0.347460
0.295176
0.280695
0.312126
0.251484
0.301498
0.360645
0.221412
0.289877
0.367831
0.377603
0.332165
0.276659
0.319748
0.403056
0.378608
0.197103
0.404397
0.227307
0.234400
0.408039
0.246949
0.280634
0.283399
0.292905
0.207435
0.270682
0.328282
0.288120
0.327715
0.231002
0.353585
0.306164
0.233855
0.432901
0.321754
0.196663
0.345347
0.302853
0.296737
0.302968
0.212174
0.353074
0.305573
0.226899
0.379768
0.337191
0.464061
0.298596
0.440768
0.230776
0.351491
0.239274
0.378288
0.305772
0.237093
0.324556
0.247277
0.318471
0.359101
0.241187
0.523205
0.271963
0.315431
0.285467
0.260730
0.246680
0.350637
0.312514
0.291961
0.252721
0.279352
0.275527
0.311226
0.330038
0.334299
0.341483
0.340950
0.292168
0.375229
0.226768
0.380823
0.401875
0.341978
0.250174
0.236745
0.355315
0.275431
0.252072
0.365044
0.209401
0.321766
0.331097
0.424862
0.298478
0.368743
0.314878
0.531291
0.356757
0.396249
0.247208
0.259012
0.292809
0.437615
0.226290
0.312665
0.245968
0.503422
0.397812
0.300275
0.290172
0.225609
0.275264
0.181936
0.311573
0.304243
0.280778
0.292119
0.283385
0.424196
0.362847
0.344995
0.281964
0.279958
0.404146
0.303278
0.317177
0.250161
0.244464
0.334650
0.355080
0.286946
0.326085
0.210578
0.220504
0.380866
0.435700
0.254866
0.214064
0.266285
0.374457
0.410794
0.383733
0.266324
0.274440
0.217382
0.303924
0.371339
0.273992
0.353710
0.246274
0.265630
0.327458
0.206218
0.285085
0.262391
0.282524
0.302983
0.200975
0.339117
0.306029
0.315612
0.287748
0.295873
0.260452
0.279935
0.327432
0.267376
0.332476
0.308811
0.301023
0.292955
0.328887
0.298113
0.427252
0.308296
0.252175
0.400628
0.419532
0.276420
0.229824
0.376699
0.250370
0.358422
0.309413
0.237960
0.227932
0.237735
0.340147
0.297419
0.179029
0.413774
0.252787
0.351186
0.358825
0.322277
0.313916
0.298503
0.343340
0.374499
0.259200
0.406559
0.457120
0.324936
0.299794
0.255703
0.287305
0.392827
0.308859
0.303596
0.227263
0.277119
0.236551
0.388662
0.371182
0.288115
0.339469
0.236827
0.161892
0.311984
0.346197
0.366192
0.279945
0.264107
0.299591
0.426178
0.318556
0.383734
0.471330
0.407898
0.247955
0.233149
0.358200
0.277916
0.208426
0.355109
0.239591
0.473591
0.414887
0.282796
0.236998
0.324267
0.303464
0.286226
0.221584
0.356136
0.279049
0.330670
0.220666
0.294318
0.230280
0.313431
0.271867
0.053507
0.360888
0.349774
0.348512
0.421181
0.330246
0.349416
0.272830
0.292576
0.186780
0.313912
0.348669
0.287581
0.350310
0.366175
0.320114
0.256266
0.223321
0.211452
0.217337
0.385371
0.214107
0.230720
0.252373
0.226854
0.368755
0.226114
0.287814
0.233890
0.290947
0.345291
0.341461
0.228993
0.243192
0.279606
0.298325
0.450546
0.226007
0.276864
0.321433
0.324015
0.288753
0.361894
0.369148
0.336095
0.329921
0.297448
0.345347
0.277287
0.290929
0.324524
0.415313
0.227625
0.300315
0.411641
0.241201
0.404572
0.273763
0.292021
0.371368
0.294284
0.384236
0.305182
0.281734
0.428924
0.253272
0.293373
0.267468
0.257621
0.277796
0.266379
0.264569
0.275768
0.435193
0.329874
0.320095
0.310393
0.492564
0.264048
0.283836
0.284226
0.226911
0.297143
0.291512
0.234308
0.207893
0.355298
0.334824
0.342731
0.351513
0.379707
0.294365
0.373331
0.348489
0.295073
0.293879
0.329903
0.390898
0.404796
0.584593
0.321674
0.304719
0.443213
0.235557
0.402539
0.245120
0.303936
0.266824
0.246963
0.339400
0.314805
0.218661
0.271788
0.310309
0.606113
0.426441
0.283400
0.346969
0.226156
0.327006
0.315574
0.372887
0.463300
0.298680
0.328832
0.305326
0.284627
0.355366
0.216415
0.220228
0.211437
0.248560
0.298451
0.310571
0.258702
0.233475
0.279378
0.261631
0.349016
0.252375
0.404029
0.400043
0.302487
0.111617
0.277526
0.349161
0.280935
0.285152
0.098386
0.297620
0.268244
0.239738
0.247978
0.283992
0.261686
0.253251
0.330289
0.228148
0.325778
0.253242
0.325126
0.324133
0.313320
0.318942
0.391205
0.268976
0.271199
0.348994
0.336857
0.324223
0.346180
0.271610
0.350583
0.501688
0.372011
0.275961
0.267803
0.279815
0.254494
0.346079
0.360784
0.362576
0.369005
0.201644
0.323421
0.275906
0.300091
0.285253
0.268190
0.440510
0.311160
0.248882
0.314201
0.142947
0.230596
0.236031
0.425954
0.406158
0.291957
0.282267
0.303436
0.502921
0.249608
0.354094
0.278840
0.257303
0.502804
0.251618
0.388817
0.249017
0.267520
0.325004
0.361938
0.373553
0.316444
0.491353
0.316780
0.303540
0.237996
0.215223
0.357345
0.331767
0.329500
0.351653
0.273700
0.263481
0.409950
0.339337
0.349207
0.279938
0.343398
0.434812
0.282175
0.405727
0.266185
0.213739
0.252995
0.250467
0.272386
0.295260
0.300326
0.269043
0.325833
0.231738
0.293680
0.325736
0.272586
0.323766
0.239643
0.357943
0.251106
0.290264
0.320855
0.344831
0.359607
0.355797
0.326476
0.309170
0.320261
0.383700
0.327271
0.245969
0.199247
0.340112
0.309812
0.304046
0.368426
0.280739
0.291136
0.339186
0.287982
0.395404
0.381078
0.259206
0.319643
0.271232
0.228515
0.424102
0.307848
0.279063
0.273260
0.371915
0.267692
0.436016
0.303352
0.281779
0.282818
0.308638
0.275392
0.352839
0.607759
0.369258
0.183568
0.357572
0.280168
0.257694
0.218118
0.288131
0.247596
0.302581
0.308243
0.278661
0.227169
0.236963
0.233042
0.344634
0.251692
0.337137
0.255970
0.312970
0.289685
0.707118
0.317416
0.440245
0.322182
0.444606
0.634935
0.378864
0.236952
0.352827
0.348417
0.312575
0.375699
0.300600
0.285574
0.311716
0.258377
0.286104
0.267838
0.289847
0.295016
0.299557
0.304840
0.279278
0.462695
0.290371
0.320368
0.292059
0.307248
0.215680
0.327526
0.299333
0.378514
0.280895
0.394939
0.223643
0.281904
0.226403
0.314486
0.405799
0.294455
0.198876
0.328114
0.280589
0.252595
0.336959
0.242771
0.343611
0.389419
0.128278
0.378558
0.241590
0.401382
0.270698
0.373775
0.212205
0.229254
0.460235
0.330623
0.313825
0.235271
0.321168
0.494532
0.282821
0.347863
0.252051
0.294767
0.276141
0.237020
0.421803
0.456391
0.365985
0.323463
0.245242
0.369836
0.353409
0.250415
0.240220
0.300420
0.381550
0.377159
0.268431
0.325736
0.509935
0.289562
0.487371
0.308685
0.308983
0.325438
0.298380
0.218279
0.291444
0.337239
0.328800
0.424455
0.230500
0.296160
0.292403
0.265545
0.232025
0.346714
0.316381
0.325928
0.304868
0.319900
0.329071
0.302921
0.255968
0.384272
0.400807
0.380577
0.318127
0.289377
0.383621
0.250406
0.367222
0.376084
0.233145
0.277782
0.331360
0.340456
0.266323
0.178285
0.385978
0.276798
0.426695
0.286054
0.362742
0.258235
0.236476
0.270964
0.313585
0.375338
0.317792
0.335716
0.282063
0.295913
0.281746
0.312158
0.343611
0.295557
0.242421
0.233551
0.302653
0.298438
0.373198
0.343129
0.474870
0.376886
0.303583
0.300446
0.401854
0.315699
0.294471
0.299615
0.335954
0.296837
0.323789
0.224360
0.263629
0.333997
0.463173
0.308857
0.245269
0.265399
0.377372
0.390894
0.287922
0.290035
0.331985
0.279551
0.283976
0.318755
0.277570
0.379026
0.327180
0.326049
0.499547
0.141155
0.373575
0.291852
0.305559
0.410840
0.279553
0.259488
0.264988
0.339592
0.329361
0.276584
0.351701
0.214789
0.253764
0.345342
0.466450
0.517026
0.360021
0.601294
0.423528
0.282837
0.305487
0.259939
0.353688
0.346797
0.322161
0.255178
0.374562
0.217252
0.426167
0.334662
0.531946
0.294445
0.341949
0.297362
0.286780
0.339367
0.262870
0.317210
0.301169
0.384734
0.335334
0.350907
0.305487
0.322022
0.430019
0.436068
0.337686
0.264430
0.272999
0.324157
0.286236
0.410795
0.600737
0.463779
0.493190
0.375094
0.539524
0.242370
0.306275
0.333721
0.312363
0.266748
0.318017
0.314316
0.341438
0.334493
0.240614
0.233584
0.386268
0.250050
0.277934
0.251425
0.174604
0.303105
0.379345
0.297629
0.322950
0.208747
0.218730
0.321712
0.262178
0.359881
0.232894
0.335240
0.392091
0.332092
0.198498
0.339273
0.261469
0.259658
0.310537
0.345334
0.304250
0.268814
0.224113
0.386680
0.273846
0.367007
0.312021
0.229414
0.408105
0.348931
0.342185
0.250778
0.300546
0.258413
0.238006
0.291020
0.316612
0.261541
0.230234
0.180714
0.285948
0.335146
0.321377
0.307584
0.274990
0.506987
0.354633
0.226245
0.290089
0.331600
0.209124
0.324459
0.358004
0.316839
0.561779
0.291423
0.363871
0.304775
0.387629
0.226869
0.395415
0.407954
0.237610
0.438393
0.468790
0.346700
0.347896
0.328196
0.207118
0.226975
0.341664
0.356221
0.253931
0.233223
0.289306
0.286955
0.330491
0.298264
0.309797
0.246579
0.253910
0.242042
0.321772
0.332974
0.309899
0.304561
0.300258
0.302216
0.372321
0.270377
0.328728
0.269868
0.260993
0.344264
0.372165
0.247957
0.339224
0.255747
0.247239
0.272836
0.296141
0.268780
0.296240
0.243540
0.379266
0.272036
0.420440
0.270927
0.420886
0.243987
0.328095
0.345450
0.210919
0.234659
0.344830
0.223206
0.141930
0.338096
0.288570
0.324953
0.248532
0.286577
0.332770
0.504790
0.300515
0.356150
0.175254
0.304046
0.241221
0.241416
0.285707
0.390458
0.233054
0.223678
0.358902
0.275584
0.610128
0.491220
0.491851
0.360708
0.280342
0.557936
0.321359
0.301223
0.311059
0.319667
0.337799
0.238334
0.349234
0.328930
0.258317
0.412254
0.308875
0.361867
0.371333
0.345661
0.332636
0.496948
0.353797
0.318822
0.466846
0.377646
0.260324
0.416344
0.266786
0.191442
0.163318
0.241074
0.330400
0.412135
0.294158
0.256894
0.270799
0.291516
0.212605
0.267216
0.245704
0.193671
0.216780
0.273529
0.302661
0.274687
0.302156
0.210324
0.221168
0.310168
0.191714
0.328027
0.459413
0.240148
0.273425
0.236984
0.346928
0.380667
0.308321
0.269360
0.371563
0.252802
0.278881
0.330738
0.300385
0.436389
0.197178
0.289434
0.210097
0.291791
0.328969
0.255092
0.306888
0.305034
0.268084
0.393985
0.372315
0.399384
0.267474
0.270143
0.214862
0.393705
0.300133
0.575486
0.251571
0.414831
0.302091
0.322737
0.271069
0.333270
0.309396
0.309046
0.343998
0.280921
0.324296
0.280220
0.414591
0.421593
0.392712
0.364381
0.297612
0.360736
0.249035
0.234298
0.259069
0.340131
0.447717
0.327202
0.310137
0.219201
0.361843
0.283168
0.347136
0.273977
0.307894
0.355876
0.331939
0.369801
0.345427
0.360313
0.381239
0.283803
0.385668
0.269908
0.458656
0.383988
0.330657
0.411326
0.304734
0.382101
0.325065
0.296341
0.305551
0.323175
0.264671
0.452558
0.294116
0.329999
0.346682
0.456309
0.337198
0.331578
0.346305
0.374763
0.307255
0.356588
0.410487
0.275689
0.313830
0.334565
0.373803
0.285082
0.414753
0.409493
0.402697
0.293194
0.367392
0.323835
0.400759
0.226879
0.306492
0.310404
0.323588
0.259478
0.338110
0.504159
0.327009
0.352838
0.380266
0.154572
0.253959
0.296530
0.344467
0.283233
0.260123
0.501167
0.209392
0.347491
0.358374
0.368876
0.360149
0.302872
0.361075
0.333853
0.303586
0.335472
0.479420
0.348180
0.284539
0.222779
0.258386
0.348250
0.316374
0.406696
0.353536
0.344361
0.269505
0.332253
0.327085
0.388561
0.268718
0.299245
0.254954
0.353905
0.287751
0.315230
0.324112
0.321385
0.307696
0.299891
0.242929
0.307228
0.303288
0.222910
0.275561
0.259797
0.401653
0.292572
0.300286
0.233648
0.306321
0.342736
0.298427
0.250075
0.398699
0.337723
0.349497
0.307356
0.400736
0.336695
0.292632
0.327048
0.343822
0.307299
0.319324
0.289856
0.376569
0.341489
0.236205
0.382441
0.301160
0.405409
0.312095
0.310971
0.183134
0.285218
0.291360
0.361989
0.275193
0.318476
0.253011
0.315462
0.318582
0.228652
0.306151
0.335880
0.181679
0.217893
0.411354
0.320397
0.277692
0.225022
0.307856
0.287809
0.291640
0.296454
0.118085
0.334345
0.243761
0.314683
0.226181
0.337582
0.235036
0.360279
0.254917
0.364438
0.323715
0.390984
0.364126
0.205769
0.277014
0.255329
0.287300
0.251703
0.389969
0.356372
0.300050
0.539359
0.327224
0.320513
0.340449
0.244694
0.271519
0.346003
0.199706
0.315923
0.388995
0.344548
0.289604
0.385462
0.316455
0.327206
0.282818
0.328446
0.550409
0.355808
0.280854
0.289100
0.273667
0.268523
0.251835
0.255543
0.324969
0.249463
0.354469
0.255557
0.271527
0.215579
0.294502
0.285889
0.312493
0.474820
0.284948
0.332919
0.370159
0.445413
0.290456
0.419895
0.264392
0.388877
0.308633
0.491048
0.324485
0.318368
0.249727
0.563562
0.542290
0.253443
0.350533
0.265529
0.389387
0.274393
0.302894
0.374591
0.404244
0.313752
0.324908
0.260437
0.351947
0.325060
0.352894
0.671858
0.379881
0.418665
0.329088
0.315992
0.352570
0.442419
0.386159
0.241759
0.211237
0.335073
0.202219
0.271670
0.279461
0.346449
0.488492
0.328632
0.221013
0.381536
0.255516
0.290049
0.251257
0.260850
0.261905
0.300209
0.354276
0.313932
0.295968
0.297541
0.300808
0.303572
0.465943
0.363464
0.294068
0.252697
0.383699
0.299319
0.214299
0.271840
0.235801
0.219430
0.231823
0.359654
0.232439
0.242243
0.218703
0.353274
0.301389
0.260030
0.298301
0.209674
0.240600
0.281499
0.364470
0.280583
0.199761
0.306770
0.266552
0.283862
0.369199
0.320777
0.294558
0.254012
0.362700
0.299694
0.367200
0.334460
0.296395
0.238464
0.294651
0.305549
0.234030
0.289964
0.250347
0.306645
0.387957
0.330689
0.285508
0.236541
0.262809
0.267628
0.234236
0.231554
0.252100
0.268912
0.259841
0.332829
0.298086
0.321591
0.483870
0.372979
0.390867
0.240068
0.280079
0.277103
0.288256
0.362626
0.304398
0.275131
0.305024
0.294950
0.398734
0.356816
0.247101
0.245708
0.260394
0.334259
0.325155
0.232002
0.314557
0.310454
0.217209
0.354219
0.234047
0.301923
0.310062
0.379332
0.325094
0.268939
0.268676
0.279167
0.257441
0.306308
0.231111
0.245535
0.276265
0.236742
0.356946
0.364953
0.292403
0.291640
0.257501
0.206159
0.273248
0.234506
0.214249
0.306452
0.255184
0.328358
0.316130
0.265708
0.335521
0.259499
0.435302
0.357896
0.201566
0.335432
0.309464
0.321947
0.303765
0.298780
0.330781
0.312450
0.229314
0.182246
0.426487
0.243744
0.288487
0.268126
0.358875
0.395133
0.358923
0.472614
0.370364
0.261750
0.306398
0.350970
0.246357
0.240476
0.312814
0.304548
0.272110
0.397348
0.281549
0.347658
0.294470
0.279155
0.293557
0.328132
0.322889
0.473126
0.530887
0.415293
0.307077
0.259963
0.308272
0.300186
0.267186
0.283390
0.243028
0.309262
0.344990
0.235588
0.219466
0.247822
0.286740
0.269536
0.288423
0.276212
0.258876
0.331638
0.224158
0.345974
0.438465
0.370748
0.378228
0.540872
0.306764
0.370692
0.289633
0.229934
0.263786
0.245022
0.445980
0.298629
0.315044
0.228511
0.327339
0.264981
0.451413
0.311405
0.358909
0.328852
0.276551
0.338316
0.504027
0.325216
0.318073
0.235592
0.225462
0.257140
0.435932
0.402854
0.366174
0.313781
0.246042
0.351445
0.193223
0.287716
0.294324
0.248798
0.232534
0.317238
0.403701
0.379456
0.299617
0.323953
0.569579
0.251021
0.332778
0.311034
0.250218
0.248290
0.320369
0.334779
0.281857
0.333002
0.234842
0.359295
0.272887
0.333826
0.316281
0.248100
0.220985
0.232271
0.297191
0.259999
0.349343
0.241387
0.386796
0.340113
0.318087
0.403645
0.297313
0.271261
0.219011
0.295050
0.305508
0.315615
0.531387
0.388896
0.404759
0.315544
0.339351
0.337761
0.340765
0.267450
0.241170
0.313215
0.297147
0.407927
0.255730
0.316683
0.343694
0.317116
0.328001
0.471462
0.349576
0.315899
0.358663
0.321477
0.280479
0.271763
0.292751
0.262622
0.285869
0.270102
0.271635
0.460111
0.300749
0.266997
0.321931
0.322710
0.254218
0.202835
0.233818
0.282309
0.281178
0.432385
0.261672
0.328992
0.206609
0.258173
0.309320
0.284940
0.299267
0.279998
0.419401
0.349406
0.308802
0.297806
0.259443
0.249867
0.246756
0.298661
0.272648
0.265028
0.327271
0.313609
0.379689
0.269172
0.390596
0.338530
0.330541
0.363407
0.424739
0.282603
0.394228
0.297435
0.200402
0.418882
0.320716
0.292834
0.259894
0.259897
0.395589
0.427664
0.340894
0.367059
0.372544
0.264506
0.344343
0.289288
0.269013
0.311407
0.341675
0.504543
0.350892
0.303712
0.383256
0.240289
0.258569
0.232072
0.334626
0.319228
0.395750
0.382005
0.317950
0.355387
0.290387
0.304837
0.298061
0.312768
0.262276
0.257681
0.289372
0.550114
0.300832
0.329125
0.296449
0.374591
0.362714
0.262127
0.283767
0.503009
0.290640
0.366088
0.288990
0.240689
0.243023
0.231104
0.274954
0.307834
0.413100
0.254087
0.302314
0.257611
0.343229
0.291895
0.251277
0.300876
0.351382
0.247303
0.433548
0.458788
0.242349
0.276060
0.300744
0.192280
0.351177
0.282204
0.284028
0.251298
0.227754
0.286815
0.245850
0.246876
0.302934
0.291263
0.373765
0.261591
0.373762
0.580407
0.500631
0.302375
0.258584
0.321820
0.375727
0.311676
0.284202
0.525597
0.270612
0.210492
0.401998
0.224935
0.269027
0.595955
0.294832
0.486248
0.262206
0.287888
0.327583
0.281170
0.257790
0.345493
0.402627
0.349841
0.226196
0.342534
0.286744
0.239973
0.393281
0.386735
0.307058
0.289112
0.193724
0.208842
0.267821
0.368920
0.145967
0.283990
0.205760
0.322061
0.351522
0.229694
0.368824
0.228247
0.354935
0.306374
0.234024
0.331207
0.284326
0.289385
0.289069
0.344057
0.368573
0.344822
0.347189
0.365350
0.444176
0.463958
0.281520
0.463025
0.308423
0.291100
0.242537
0.227352
0.325809
0.193574
0.279020
0.230345
0.268610
0.275044
0.335150
0.393036
0.329352
0.275265
0.275724
0.303827
0.060976
0.320103
0.291112
0.329781
0.314319
0.320090
0.325974
0.342056
0.326702
0.326725
0.303523
0.376430
0.255718
0.238511
0.292368
0.267731
0.190793
0.273857
0.265259
0.353314
0.289489
0.454068
0.285985
0.377864
0.281801
0.274489
0.270662
0.317283
0.327236
0.308025
0.337528
0.282687
0.280269
0.283680
0.239659
0.541488
0.234934
0.300549
0.304444
0.291274
0.289517
0.353347
0.232432
0.256353
0.658135
0.252873
0.391722
0.336844
0.355244
0.298429
0.338001
0.547642
0.360172
0.294629
0.306738
0.281131
0.425831
0.422326
0.239328
0.345641
0.430198
0.412961
0.334895
0.352628
0.304165
0.273340
0.274553
0.271295
0.226179
0.277610
0.244000
0.257885
0.327792
0.309678
0.317637
0.292804
0.314520
0.286183
0.262858
0.296280
0.292223
0.273527
0.239710
0.339578
0.232917
0.448727
0.354794
0.313000
0.306075
0.370997
0.309149
0.319446
0.251588
0.343786
0.183170
0.347968
0.340293
0.336960
0.291217
0.222270
0.330410
0.278778
0.288467
0.295074
0.396760
0.301814
0.259679
0.371660
0.396946
0.391473
0.317663
0.350621
0.280196
0.359943
0.320617
0.254663
0.266176
0.322758
0.210045
0.292372
0.330900
0.333710
0.260038
0.290646
0.294943
0.208560
0.123447
0.369004
0.252727
0.316090
0.304575
0.436570
0.402437
0.292291
0.277501
0.223347
0.320563
0.243979
0.301016
0.225008
0.392374
0.274534
0.327504
0.476868
0.276912
0.326813
0.286521
0.302411
0.254604
0.325531
0.242921
0.236540
0.360606
0.464355
0.309551
0.375940
0.348725
0.313342
0.347422
0.296054
0.324690
0.277493
0.273065
0.227066
0.288824
0.293542
0.312253
0.321118
0.350960
0.308327
0.299557
0.303094
0.344622
0.252647
0.236405
0.352158
0.343484
0.269734
0.292031
0.240928
0.218163
0.251542
0.410632
0.290145
0.529802
0.306774
0.221775
0.345183
0.294812
0.267963
0.295943
0.267366
0.264276
0.245672
0.349868
0.203547
0.382000
0.253301
0.256065
0.284442
0.243081
0.246737
0.326850
0.243206
0.367198
0.332407
0.293816
0.270813
0.269370
0.220902
0.265843
0.239504
0.316750
0.224626
0.338539
0.368940
0.338097
0.246811
0.323540
0.331469
0.378394
0.299165
0.233518
0.339827
0.252565
0.340624
0.230684
0.374017
0.244304
0.385412
0.329493
0.250450
0.346795
0.433168
0.307147
0.251386
0.282697
0.287221
0.338549
0.682879
0.297459
0.334512
0.242148
0.225733
0.183407
0.270159
0.217412
0.322778
0.312784
0.267563
0.302040
0.293719
0.263654
0.295588
0.277833
0.331034
0.221755
0.289215
0.339673
0.292031
0.294471
0.264067
0.299144
0.338704
0.258629
0.439271
0.257048
0.351141
0.336895
0.409247
0.300364
0.333687
0.250350
0.311276
0.347273
0.289162
0.320457
0.335404
0.325932
0.261127
0.191481
0.361031
0.297742
0.359665
0.298135
0.361419
0.337687
0.329293
0.193197
0.232617
0.251777
0.374989
0.277587
0.229067
0.371443
0.226782
0.249422
0.297389
0.300648
0.227223
0.261691
0.298162
0.295908
0.392931
0.230815
0.279989
0.246077
0.329808
0.350816
0.267866
0.299699
0.296437
0.352378
0.351128
0.163093
0.251144
0.225855
0.285159
0.251310
0.299601
0.395452
0.304022
0.269522
0.408892
0.236640
0.262157
0.256674
0.316517
0.388943
0.684081
0.282623
0.394234
0.291955
0.258827
0.356490
0.278029
0.299962
0.315296
0.259859
0.316365
0.407028
0.347283
0.440630
0.296616
0.333052
0.345591
0.309874
0.460974
0.306040
0.378796
0.266970
0.354639
0.287680
0.308130
0.508287
0.414760
0.288154
0.257278
0.240844
0.132467
0.394207
0.422394
0.318115
0.289324
0.267400
0.255819
0.301896
0.381819
0.245848
0.256306
0.204956
0.384438
0.330934
0.401390
0.336741
0.312750
0.266951
0.216611
0.221920
0.237515
0.307862
0.295544
0.200866
0.332409
0.264317
0.319191
0.287482
0.369272
0.357378
0.368948
0.343795
0.335372
0.302794
0.239756
0.368006
0.238553
0.383309
0.227830
0.342462
0.221586
0.287372
0.286951
0.276014
0.239941
0.391826
0.207784
0.414580
0.316997
0.472738
0.605928
0.355036
0.339781
0.310146
0.369471
0.309783
0.338640
0.253857
0.283857
0.222712
0.258241
0.295651
0.260838
0.247082
0.277374
0.310486
0.226382
0.427192
0.212936
0.359932
0.256969
0.214177
0.316568
0.203704
0.392955
0.336755
0.267284
0.352011
0.361699
0.392268
0.563644
0.246066
0.349094
0.360839
0.279086
0.452374
0.308387
0.385394
0.340206
0.295393
0.328327
0.290891
0.254705
0.245976
0.243821
0.275852
0.265432
0.388787
0.311576
0.259244
0.210724
0.275081
0.297193
0.333451
0.297295
0.313358
0.267501
0.285699
0.465290
0.242736
0.288254
0.227684
0.296081
0.397867
0.298234
0.370280
0.296065
0.271120
0.422732
0.274556
0.323554
0.287053
0.292307
0.369882
0.294986
0.346542
0.342137
0.286025
0.334651
0.359850
0.333606
0.358229
0.335171
0.584824
0.570606
0.233731
0.272037
0.325001
0.312128
0.348643
0.297763
0.316867
0.306500
0.196260
0.189594
0.379683
0.260738
0.419520
0.296647
0.239657
0.239636
0.284844
0.288726
0.300556
0.341380
0.319708
0.467405
0.239159
0.270721
0.364191
0.326046
0.289622
0.368452
0.218979
0.281236
0.307224
0.255328
0.199380
0.290073
0.399590
0.309305
0.385057
0.354759
0.375161
0.286129
0.324131
0.241935
0.291959
0.283009
0.362611
0.439656
0.346994
0.291704
0.363518
0.383396
0.336623
0.279815
0.303832
0.248228
0.288489
0.367218
0.309892
0.274711
0.373836
0.363538
0.257903
0.378915
0.396771
0.296000
0.430144
0.266020
0.430286
0.478643
0.267171
0.337826
0.281397
0.257648
0.233125
0.285340
0.266253
0.354368
0.325409
0.253133
0.304507
0.262890
0.233853
0.322528
0.326668
0.519787
0.298672
0.339434
0.501062
0.260951
0.304184
0.231655
0.378326
0.402827
0.222474
0.360963
0.381142
0.621172
0.370919
0.375920
0.238566
0.391257
0.495175
0.501469
0.295039
0.394300
0.380447
0.388450
0.266122
0.361990
0.477127
0.551215
0.385624
0.238455
0.212232
0.257829
0.364349
0.330523
0.273208
0.315420
0.254062
0.309335
0.385173
0.375525
0.243231
0.307361
0.310100
0.382515
0.359786
0.236605
0.309764
0.399142
0.335797
0.324263
0.304928
0.288591
0.305734
0.322550
0.200250
0.304244
0.358603
0.334038
0.385411
0.433042
0.293266
0.231559
0.498869
0.387288
0.427189
0.229882
0.302770
0.310616
0.307292
0.288077
0.343493
0.373905
0.203772
0.286063
0.452298
0.543065
0.495729
0.385961
0.305863
0.505384
0.373739
0.278276
0.282197
0.277664
0.220853
0.296877
0.332277
0.308997
0.292149
0.234716
0.360106
0.301638
0.394754
0.282010
0.220395
0.274277
0.282807
0.254882
0.342568
0.292872
0.385220
0.340203
0.315607
0.244906
0.302959
0.281946
0.251677
0.261426
0.444107
0.343672
0.347773
0.305586
0.254422
0.316357
0.339468
0.283342
0.445003
0.334009
0.292899
0.357364
0.444318
0.303363
0.493287
0.300254
0.334893
0.289537
0.505837
0.289161
0.218612
0.347475
0.322192
0.445338
0.345376
0.329855
0.265319
0.303339
0.345781
0.228625
0.230769
0.234921
0.332710
0.345949
0.301634
0.221821
0.263269
0.235036
0.219869
0.332292
0.318114
0.320280
0.273015
0.230450
0.302564
0.222728
0.581848
0.294708
0.216187
0.289662
0.213383
0.240043
0.285224
0.283137
0.338510
0.310628
0.227337
0.212098
0.222946
0.221415
0.275342
0.270601
0.328963
0.257580
0.372605
0.295371
0.336807
0.315076
0.251973
0.309752
0.314343
0.333091
0.351513
0.457903
0.322090
0.367763
0.451471
0.307059
0.271773
0.263670
0.231535
0.406161
0.262291
0.305540
0.276916
0.287747
0.313981
0.277575
0.296944
0.237168
0.321578
0.342973
0.168005
0.283653
0.189713
0.320202
0.257363
0.329090
0.502934
0.307323
0.261540
0.286469
0.320636
0.264603
0.370252
0.262930
0.246403
0.225445
0.288463
0.357305
0.215089
0.371149
0.314829
0.332042
0.239694
0.209129
0.199167
0.202966
0.318822
0.222400
0.286384
0.272436
0.353618
0.357996
0.338989
0.276723
0.270279
0.352063
0.315617
0.364840
0.281954
0.320584
0.470996
0.237302
0.371508
0.694440
0.277474
0.389447
0.298385
0.293049
0.521951
0.465285
0.356328
0.336900
0.333308
0.273783
0.233924
0.319735
0.305727
0.316728
0.310422
0.320329
0.349587
0.344563
0.244970
0.232269
0.294663
0.372152
0.367190
0.356325
0.393032
0.328342
0.212004
0.350861
0.346866
0.332888
0.308753
0.323644
0.262390
0.217490
0.266491
0.281446
0.326193
0.239548
0.239856
0.212733
0.349983
0.304284
0.224861
0.245128
0.235566
0.321909
0.331027
0.362258
0.271284
0.294947
0.233682
0.376650
0.281489
0.361018
0.435889
0.278693
0.294366
0.281488
0.196554
0.391660
0.258778
0.250414
0.292359
0.221650
0.283589
0.253103
0.328659
0.402390
0.293792
0.296148
0.341269
0.306048
0.186583
0.332353
0.352690
0.388845
0.414706
0.316675
0.326376
0.260823
0.459397
0.300693
0.410802
0.272460
0.267898
0.343609
0.657678
0.275751
0.382603
0.242173
0.345216
0.281941
0.326359
0.396047
0.459153
0.341740
0.253776
0.412671
0.293217
0.276259
0.337502
0.408725
0.227532
0.289999
0.558029
0.277194
0.273130
0.225820
0.315446
0.236050
0.215606
0.343159
0.334907
0.343927
0.294575
0.279651
0.225397
0.257875
0.284835
0.280553
0.368664
0.394674
0.209297
0.221456
0.395404
0.340541
0.361788
0.225635
0.263507
0.329986
0.430729
0.301110
0.343512
0.249958
0.334393
0.301513
0.333547
0.322713
0.236109
0.272750
0.413904
0.319240
0.347493
0.375228
0.303848
0.241107
0.215679
0.325679
0.312940
0.320386
0.324751
0.285099
0.225515
0.328978
0.384467
0.274907
0.228339
0.288302
0.197991
0.382836
0.262521
0.312269
0.267056
0.391603
0.281421
0.226509
0.459488
0.324256
0.400755
0.495439
0.504434
0.443344
0.302310
0.373821
0.376832
0.427645
0.219785
0.232887
0.265873
0.303278
0.308358
0.298041
0.293261
0.325099
0.333127
0.276282
0.268831
0.314683
0.319274
0.424425
0.253749
0.389499
0.288966
0.380986
0.239973
0.243814
0.275124
0.380465
0.309398
0.349683
0.336322
0.333571
0.309642
0.266164
0.259441
0.329810
0.340473
0.384725
0.309978
0.323866
0.371098
0.323203
0.241263
0.306873
0.288185
0.371171
0.249842
0.332866
0.280966
0.278526
0.298711
0.230315
0.233586
0.283613
0.206778
0.273942
0.275707
0.473697
0.197614
0.239010
0.484389
0.233222
0.249761
0.351047
0.426959
0.293166
0.292832
0.224602
0.314316
0.204098
0.284994
0.347546
0.370521
0.334643
0.219657
0.266245
0.337308
0.314042
0.331419
0.383643
0.273636
0.275979
0.201949
0.290070
0.224241
0.299995
0.369558
0.314718
0.660317
0.427119
0.342901
0.317601
0.249349
0.236604
0.328794
0.255761
0.324057
0.227812
0.207545
0.312634
0.326480
0.299040
0.286888
0.253437
0.263697
0.263910
0.226430
0.261633
0.300479
0.318157
0.278687
0.340549
0.255897
0.223162
0.425859
0.358215
0.331198
0.225512
0.265115
0.245309
0.326196
0.282387
0.284143
0.317423
0.267766
0.277912
0.334614
0.231119
0.310244
0.317814
0.238259
0.310207
0.271128
0.321364
0.250546
0.273460
0.323102
0.282643
0.351856
0.191867
0.385320
0.222308
0.243003
0.240510
0.308049
0.308238
0.186513
0.251508
0.276912
0.257209
0.261694
0.220301
0.325223
0.316451
0.256692
0.210175
0.279316
0.270813
0.290764
0.316638
0.226641
0.272246
0.408541
0.215395
0.337019
0.265012
0.244028
0.336076
0.380138
0.468228
0.312624
0.438855
0.351625
0.427062
0.426195
0.310791
0.328616
0.274463
0.262727
0.282838
0.481849
0.286096
0.307069
0.311711
0.337887
0.279191
0.339871
0.323125
0.323369
0.251250
0.298737
0.344558
0.341657
0.231866
0.250504
0.223719
0.367285
0.320067
0.254299
0.449843
0.268024
0.300822
0.353462
0.279907
0.250525
0.179688
0.297935
0.290180
0.322837
0.239222
0.251490
0.238220
0.271007
0.404356
0.329398
0.353050
0.488385
0.360287
0.514100
0.309389
0.613749
0.228411
0.373811
0.235502
0.225123
0.211136
0.262846
0.320942
0.352115
0.242951
0.269176
0.236060
0.282489
0.277778
0.213343
0.202803
0.246503
0.212974
0.273107
0.200959
0.281280
0.241512
0.316844
0.314813
0.215162
0.254552
0.283725
0.288069
0.390808
0.273203
0.396242
0.612866
0.329454
0.470777
0.346015
0.459780
0.282435
0.443227
0.272726
0.342650
0.310380
0.325910
0.428398
0.448521
0.329709
0.282917
0.344857
0.274070
0.329050
0.348835
0.322883
0.335550
0.339495
0.283644
0.226930
0.300834
0.246313
0.365014
0.321813
0.341333
0.520835
0.284557
0.269381
0.225434
0.385660
0.303710
0.401321
0.386849
0.260611
0.294868
0.365976
0.254766
0.296382
0.305680
0.316670
0.399110
0.402549
0.264004
0.277555
0.328020
0.284403
0.360239
0.212819
0.267914
0.346615
0.267927
0.383015
0.368992
0.329032
0.275669
0.293509
0.326257
0.276545
0.288717
0.195590
0.379362
0.266450
0.331521
0.261476
0.271917
0.240103
0.302086
0.366729
0.341665
0.215929
0.342686
0.392780
0.218428
0.396645
0.220762
0.302773
0.374012
0.332440
0.272081
0.465092
0.452716
0.330169
0.360319
0.336133
0.279416
0.165123
0.334143
0.313588
0.325066
0.292204
0.208734
0.431524
0.214331
0.331220
0.362899
0.335267
0.238832
0.529109
0.421528
0.260305
0.471162
0.215410
0.334892
0.299729
0.371304
0.444420
0.287560
0.474306
0.270109
0.279963
0.270523
0.243906
0.306102
0.425823
0.373333
0.390419
0.265832
0.315709
0.300655
0.234252
0.321436
0.280564
0.289235
0.478927
0.337433
0.243309
0.286763
0.254052
0.395339
0.377816
0.332997
0.396213
0.283241
0.270255
0.349852
0.340332
0.408653
0.568451
0.330387
0.344161
0.362118
0.250680
0.279753
0.295905
0.357482
0.316320
0.316697
0.351137
0.271164
0.305155
0.297712
0.355854
0.277153
0.293633
0.306281
0.305838
0.280566
0.282735
0.300837
0.313589
0.210425
0.226836
0.286300
0.225714
0.317493
0.190632
0.467347
0.278206
0.278853
0.306044
0.428271
0.337185
0.231823
0.297578
0.311850
0.235116
0.235517
0.275099
0.278681
0.262421
0.366731
0.321100
0.292680
0.294882
0.263802
0.371377
0.332762
0.346611
0.323173
0.265564
0.322169
0.238114
0.303694
0.261062
0.254884
0.253713
0.204690
0.221276
0.232135
0.284629
0.287499
0.509573
0.297046
0.322436
0.268169
0.272714
0.453459
0.345677
0.313602
0.233341
0.316031
0.262419
0.369689
0.352547
0.485696
0.357820
0.406718
0.483453
0.403383
0.323036
0.326590
0.362790
0.440534
0.337863
0.375743
0.357508
0.363691
0.345756
0.203041
0.232395
0.266086
0.393855
0.244853
0.215748
0.235451
0.239562
0.295755
0.230871
0.406706
0.330528
0.347649
0.314882
0.223950
0.352584
0.291335
0.319405
0.341936
0.336496
0.421346
0.319051
0.370678
0.313570
0.298359
0.240552
0.296184
0.210882
0.209506
0.210974
0.274735
0.253913
0.352317
0.256753
0.339332
0.249798
0.363034
0.292172
0.272857
0.225503
0.263325
0.238914
0.293501
0.363340
0.414343
0.456566
0.324037
0.230848
0.352073
0.327820
0.312192
0.247135
0.404363
0.452817
0.356291
0.316861
0.276984
0.289908
0.346848
0.128854
0.264252
0.330832
0.386221
0.277619
0.343293
0.252362
0.242200
0.256841
0.365826
0.379011
0.343993
0.319885
0.239572
0.382721
0.249615
0.237345
0.284416
0.363869
0.264379
0.274567
0.209171
0.264018
0.329000
0.229290
0.311866
0.279323
0.244418
0.375428
0.330891
0.338619
0.342559
0.306040
0.230622
0.329660
0.369289
0.301460
0.288457
0.261356
0.231653
0.309597
0.182458
0.290360
0.347764
0.555527
0.487184
0.342975
0.450518
0.271293
0.248741
0.271479
0.369468
0.315277
0.251901
0.315041
0.326445
0.318292
0.353257
0.242014
0.301801
0.454404
0.312392
0.340207
0.210691
0.242074
0.292107
0.290805
0.288078
0.413499
0.323775
0.260265
0.406051
0.297000
0.249848
0.251488
0.285528
0.244185
0.263137
0.124307
0.194235
0.326694
0.243863
0.388835
0.369344
0.339421
0.290312
0.230298
0.293559
0.303941
0.253533
0.279378
0.178271
0.262175
0.270879
0.333806
0.213622
0.219534
0.308123
0.509450
0.332900
0.309695
0.240765
0.290256
0.263671
0.369249
0.342612
0.236891
0.325554
0.350065
0.258096
0.323232
0.651301
0.287493
0.322902
0.272469
0.216246
0.377680
0.343646
0.368244
0.304858
0.368037
0.186425
0.241637
0.253596
0.254356
0.225209
0.261972
0.376057
0.253431
0.252795
0.317165
0.373603
0.326169
0.242328
0.200430
0.286101
0.320773
0.330871
0.331868
0.350146
0.311980
0.378532
0.324689
0.285226
0.341593
0.316855
0.306426
0.321042
0.367446
0.277121
0.340218
0.339534
0.255404
0.339837
0.262180
0.352913
0.335174
0.295971
0.267389
0.205503
0.339025
0.327472
0.334361
0.315905
0.263120
0.375492
0.428871
0.388746
0.240532
0.290260
0.252867
0.270519
0.389661
0.337641
0.315939
0.315232
0.334516
0.353056
0.228138
0.257917
0.274960
0.383596
0.244047
0.367781
0.565721
0.356681
0.341671
0.279718
0.372718
0.357523
0.280986
0.288825
0.278535
0.380697
0.337529
0.360802
0.278778
0.319556
0.581395
0.359770
0.292327
0.368725
0.303267
0.311064
0.440389
0.198892
0.268451
0.293402
0.341223
0.343279
0.322488
0.311105
0.297608
0.356154
0.343291
0.341117
0.345361
0.265468
0.338605
0.318516
0.230466
0.375295
0.217285
0.248205
0.234758
0.324040
0.277361
0.247695
0.156272
0.349512
0.242029
0.311635
0.298874
0.270074
0.212886
0.283827
0.191301
0.371792
0.335627
0.225316
0.369992
0.202404
0.293804
0.312492
0.245372
0.258919
0.249714
0.368425
0.279882
0.391417
0.429447
0.382841
0.363350
0.261075
0.289884
0.310125
0.426906
0.357091
0.221994
0.354175
0.269265
0.325088
0.691498
0.262192
0.326393
0.278857
0.281196
0.245737
0.346134
0.191778
0.320106
0.408190
0.222760
0.329332
0.403591
0.274176
0.335753
0.231019
0.331811
0.275836
0.380309
0.326031
0.297209
0.247037
0.309056
0.253123
0.282547
0.357655
0.263035
0.392904
0.381144
0.217851
0.250988
0.277465
0.248833
0.240240
0.313598
0.247507
0.311356
0.482603
0.245762
0.253263
0.303252
0.291258
0.276794
0.291219
0.274613
0.306142
0.346728
0.298588
0.310139
0.354834
0.318109
0.299506
0.340740
0.326874
0.390577
0.256595
0.375241
0.597049
0.368991
0.363077
0.301035
0.403832
0.222997
0.262076
0.192252
0.310617
0.588259
0.406952
0.378633
0.302091
0.502341
0.227099
0.379702
0.315068
0.394878
0.304690
0.270132
0.343379
0.206864
0.274422
0.219704
0.346997
0.323697
0.240753
0.286142
0.367991
0.314680
0.303702
0.362437
0.277554
0.361471
0.327271
0.312775
0.203494
0.323383
0.326699
0.410608
0.283824
0.344973
0.302867
0.285440
0.210117
0.260101
0.302853
0.400374
0.328485
0.275805
0.356190
0.273634
0.320631
0.236150
0.231883
0.316103
0.208412
0.178618
0.246321
0.394904
0.290149
0.447050
0.689824
0.362368
0.292115
0.303724
0.392473
0.285541
0.301740
0.271966
0.282697
0.407460
0.283328
0.326193
0.259074
0.375746
0.333988
0.276357
0.342260
0.347749
0.319167
0.344680
0.314185
0.295436
0.270442
0.310177
0.260768
0.289811
0.277492
0.297964
0.203588
0.318579
0.235824
0.168927
0.231449
0.265875
0.265891
0.243443
0.308773
0.398031
0.257955
0.335047
0.353188
0.310228
0.242859
0.296593
0.181614
0.220640
0.353682
0.275950
0.330860
0.258314
0.292521
0.369300
0.273525
0.260229
0.339739
0.311778
0.273234
0.279388
0.246898
0.309404
0.264826
0.212743
0.444278
0.180278
0.299718
0.207973
0.294354
0.243930
0.156357
0.272929
0.340364
0.282442
0.330288
0.219484
0.238018
0.328767
0.225533
0.305632
0.279302
0.232236
0.289456
0.440119
0.330377
0.399080
0.406209
0.370543
0.413240
0.268038
0.607283
0.433451
0.363982
0.346933
0.317180
0.304629
0.252351
0.314295
0.349478
0.307316
0.334042
0.272122
0.292514
0.340934
0.294455
0.289899
0.302407
0.263602
0.247119
0.302598
0.295621
0.170831
0.402465
0.258794
0.238327
0.260738
0.319821
0.308264
0.367165
0.243667
0.262809
0.320345
0.282552
0.342593
0.395644
0.313071
0.269902
0.258026
0.318552
0.355525
0.310114
0.330561
0.398984
0.327032
0.348260
0.329497
0.412699
0.306491
0.337441
0.267559
0.213952
0.253817
0.433691
0.272580
0.295267
0.255807
0.353223
0.267605
0.225607
0.221372
0.292769
0.291477
0.308624
0.260674
0.299367
0.220245
0.203619
0.232724
0.234737
0.261985
0.260037
0.270632
0.418442
0.317501
0.229301
0.345732
0.261612
0.296854
0.320978
0.306939
0.350747
0.188708
0.258544
0.621684
0.297369
0.334327
0.301488
0.308733
0.371283
0.239654
0.252678
0.272872
0.314780
0.200037
0.233113
0.288078
0.166526
0.304280
0.390913
0.478956
0.399674
0.500121
0.491509
0.803576
0.475027
0.544174
0.254529
0.320686
0.568375
0.362061
0.282588
0.224238
0.292698
0.327017
0.292573
0.515299
0.313327
0.341876
0.291263
0.303938
0.178742
0.300796
0.204761
0.247781
0.374710
0.210588
0.276473
0.248925
0.357371
0.363345
0.260913
0.277570
0.366644
0.339249
0.320495
0.325851
0.315981
0.308351
0.342732
0.282981
0.300203
0.308514
0.310905
0.337592
0.282890
0.209045
0.411558
0.290661
0.367067
0.224496
0.445459
0.277265
0.461145
0.322727
0.312450
0.476462
0.312407
0.288637
0.355902
0.368961
0.343884
0.297102
0.151089
0.308713
0.232685
0.181402
0.173170
0.297303
0.353675
0.325582
0.294482
0.242032
0.233873
0.269096
0.223464
0.275187
0.224249
0.423952
0.291385
0.221711
0.313038
0.277311
0.269764
0.202483
0.253162
0.412798
0.275332
0.291900
0.368839
0.258827
0.239806
0.402420
0.292410
0.273674
0.241622
0.323714
0.309055
0.243546
0.286964
0.233258
0.284711
0.258107
0.312214
0.295964
0.217048
0.308392
0.295810
0.303798
0.339226
0.376402
0.285151
0.300418
0.373011
0.246403
0.398451
0.290751
0.354935
0.233293
0.414358
0.270145
0.296585
0.347399
0.290851
0.259455
0.309883
0.344099
0.247553
0.289437
0.368603
0.336031
0.307554
0.482391
0.372149
0.311165
0.285173
0.316159
0.232524
0.256460
0.300675
0.232158
0.342321
0.305249
0.361050
0.280244
0.258600
0.279482
0.289174
0.356465
0.312652
0.320247
0.386863
0.329269
0.282119
0.302545
0.313440
0.415093
0.246464
0.328229
0.269000
0.280167
0.269206
0.245899
0.380822
0.230899
0.258397
0.272975
0.313649
0.283208
0.299294
0.248302
0.319221
0.303213
0.268458
0.267839
0.259584
0.212274
0.468956
0.289320
0.220412
0.281012
0.290205
0.237245
0.348949
0.323246
0.199813
0.330616
0.247099
0.296448
0.330084
0.326704
0.279221
0.330287
0.526255
0.347372
0.416426
0.354915
0.421270
0.501639
0.499269
0.385894
0.344719
0.362552
0.363854
0.364631
0.253342
0.292875
0.234545
0.301740
0.276217
0.300153
0.330206
0.317061
0.217761
0.245036
0.256533
0.304145
0.286236
0.226737
0.257584
0.310354
0.311403
0.435989
0.278345
0.320436
0.321919
0.250255
0.359011
0.305858
0.226184
0.237905
0.283536
0.247054
0.459080
0.316677
0.370541
0.292618
0.274268
0.351796
0.422546
0.389606
0.264434
0.241224
0.302241
0.288081
0.321123
0.265158
0.360305
0.298613
0.302236
0.328871
0.371170
0.253743
0.328210
0.324622
0.308903
0.298293
0.326046
0.300422
0.367862
0.277650
0.316317
0.328557
0.271975
0.300286
0.337464
0.247722
0.406118
0.392670
0.353877
0.329232
0.432374
0.326814
0.341264
0.358685
0.212945
0.255224
0.284210
0.443012
0.294365
0.295334
0.264219
0.339589
0.209834
0.215734
0.382943
0.302663
0.336162
0.333896
0.331044
0.223944
0.264778
0.313387
0.331037
0.298394
0.446390
0.337247
0.415749
0.389188
0.317581
0.189369
0.286676
0.244497
0.460259
0.421986
0.296131
0.262243
0.287724
0.310827
0.362192
0.337549
0.272218
0.305241
0.288325
0.281763
0.236314
0.397375
0.342052
0.332351
0.281968
0.233699
0.298119
0.247281
0.394578
0.350199
0.253747
0.330900
0.265943
0.277799
0.347543
0.291471
0.325162
0.324880
0.433482
0.369674
0.297480
0.256858
0.323493
0.232740
0.264731
0.384773
0.290569
0.334057
0.442548
0.516195
0.285944
0.397362
0.315778
0.323142
0.327584
0.290431
0.276516
0.275132
0.302366
0.274183
0.236032
0.326432
0.275311
0.310050
0.304650
0.276078
0.218846
0.415460
0.299616
0.337127
0.332910
0.529527
0.323037
0.375285
0.235485
0.300260
0.200527
0.285296
0.298794
0.284748
0.299144
0.273125
0.335804
0.501496
0.350510
0.270492
0.221675
0.261255
0.298580
0.371610
0.264146
0.371293
0.367310
0.327235
0.312870
0.385305
0.364376
0.307269
0.309727
0.336859
0.299696
0.311488
0.256170
0.265247
0.212806
0.227071
0.312825
0.198623
0.290234
0.193420
0.291178
0.344307
0.404855
0.289013
0.333225
0.341925
0.317463
0.382375
0.216112
0.421787
0.374266
0.330421
0.350582
0.266359
0.377042
0.313406
0.326968
0.273129
0.219251
0.324101
0.331154
0.541863
0.351712
0.274795
0.244364
0.297895
0.260523
0.297946
0.373033
0.335923
0.273731
0.336710
0.368942
0.342941
0.241260
0.278216
0.289630
0.344355
0.270211
0.243623
0.289830
0.363019
0.263500
0.257636
0.311741
0.302084
0.305606
0.292638
0.262547
0.243846
0.205570
0.266191
0.342178
0.229521
0.236433
0.285376
0.312053
0.465657
0.372075
0.530151
0.253546
0.327761
0.283333
0.207811
0.370918
0.331903
0.643814
0.315777
0.369628
0.314721
0.329298
0.296834
0.161586
0.434452
0.181004
0.300397
0.249738
0.318477
0.389734
0.389239
0.481765
0.368993
0.474182
0.239992
0.281558
0.341003
0.271267
0.219728
0.531812
0.394375
0.431985
0.295313
0.419295
0.312884
0.371981
0.250692
0.300173
0.367626
0.340985
0.285128
0.398119
0.269913
0.429522
0.257171
0.326318
0.394895
0.335756
0.291459
0.441249
0.392588
0.298724
0.327092
0.332673
0.530266
0.271914
0.443664
0.279851
0.320095
0.288088
0.323690
0.272317
0.324974
0.333855
0.301136
0.300891
0.246549
0.262921
0.357476
0.219867
0.380066
0.320294
0.313453
0.253786
0.400196
0.357645
0.232562
0.247593
0.329859
0.359904
0.305399
0.229860
0.268182
0.344241
0.317255
0.322494
0.271542
0.361402
0.361814
0.384868
0.256411
0.298437
0.289885
0.278960
0.330325
0.304864
0.423526
0.438510
0.266806
0.288970
0.300435
0.342862
0.421327
0.274221
0.268975
0.237222
0.322132
0.463187
0.469655
0.429287
0.375745
0.404306
0.402378
0.359279
0.318340
0.380407
0.321715
0.364400
0.311775
0.293802
0.299780
0.283153
0.361206
0.299634
0.291269
0.382759
0.295177
0.291891
0.276283
0.258754
0.462449
0.288502
0.298483
0.310355
0.263674
0.271534
0.407624
0.308730
0.233343
0.298898
0.378318
0.355154
0.289652
0.361508
0.344491
0.281685
0.239545
0.240235
0.314411
0.366840
0.255435
0.311470
0.350944
0.382646
0.285460
0.299791
0.323014
0.326566
0.273481
0.285675
0.313882
0.259927
0.303057
0.330445
0.282770
0.274533
0.484466
0.338771
0.316481
0.301541
0.253875
0.306311
0.285506
0.275692
0.284642
0.323732
0.454899
0.292050
0.288221
0.329483
0.539502
0.416033
0.247071
0.275002
0.256868
0.432085
0.439697
0.369537
0.343382
0.350938
0.204487
0.272540
0.243992
0.334509
0.432409
0.322744
0.288254
0.302342
0.258117
0.394867
0.213207
0.276927
0.355805
0.256103
0.296508
0.318044
0.339672
0.268208
0.330715
0.289158
0.216641
0.241444
0.418835
0.344470
0.355663
0.570855
0.374689
0.273037
0.344337
0.289308
0.213868
0.220690
0.332991
0.275933
0.215046
0.352886
0.121905
0.436670
0.297502
0.375935
0.314783
0.361177
0.264278
0.264544
0.275825
0.199945
0.314859
0.294764
0.332805
0.404215
0.326361
0.320644
0.286983
0.317543
0.269774
0.281940
0.279479
0.422041
0.313242
0.373827
0.349805
0.271361
0.363484
0.274431
0.311576
0.344107
0.259285
0.464080
0.338567
0.287008
0.386998
0.304915
0.215636
0.241747
0.334089
0.185936
0.241266
0.268296
0.280527
0.278485
0.406339
0.407529
0.300591
0.333126
0.315364
0.281361
0.367309
0.299040
0.281899
0.237671
0.361050
0.317095
0.519005
0.258876
0.287872
0.291580
0.338478
0.389246
0.227320
0.348876
0.281210
0.310711
0.246315
0.261778
0.289997
0.244206
0.286563
0.283222
0.324144
0.600386
0.317446
0.270115
0.348728
0.333023
0.429824
0.262950
0.278505
0.251094
0.339754
0.262645
0.159954
0.275064
0.290941
0.297005
0.440652
0.394987
0.318211
0.311519
0.310918
0.245227
0.326476
0.292752
0.300897
0.299413
0.367786
0.265043
0.311075
0.284309
0.363964
0.287452
0.416066
0.332050
0.251911
0.247890
0.295534
0.263319
0.426275
0.332346
0.253316
0.309138
0.298482
0.363009
0.331159
0.464018
0.248548
0.330434
0.252385
0.246627
0.250241
0.321015
0.240504
0.356916
0.359520
0.442150
0.347672
0.366847
0.349476
0.384152
0.402186
0.436777
0.336109
0.238822
0.216311
0.266598
0.338751
0.323180
0.385193
0.256049
0.320404
0.268240
0.322921
0.247754
0.311657
0.249099
0.285273
0.257122
0.263706
0.311152
0.420768
0.271159
0.262996
0.248980
0.252787
0.240109
0.298942
0.286928
0.315678
0.255627
0.357537
0.329581
0.301867
0.464607
0.360363
0.288431
0.351333
0.299428
0.286935
0.510080
0.277865
0.423795
0.469688
0.303850
0.336383
0.308556
0.300688
0.303598
0.236638
0.277556
0.284795
0.274620
0.485121
0.276658
0.385295
0.525967
0.319403
0.384454
0.304597
0.503928
0.289877
0.394247
0.326291
0.384147
0.341847
0.359641
0.402919
0.315229
0.236133
0.390335
0.339443
0.235277
0.336136
0.324260
0.221402
0.266152
0.500833
0.313427
0.312546
0.298246
0.268395
0.331808
0.293693
0.329475
0.244432
0.279265
0.343734
0.323669
0.409085
0.342752
0.274918
0.206285
0.281664
0.348068
0.391607
0.226633
0.226650
0.314453
0.247685
0.218644
0.336668
0.223627
0.213580
0.381655
0.184584
0.438817
0.211374
0.247582
0.244577
0.321159
0.251911
0.304795
0.332441
0.282846
0.296421
0.348586
0.337212
0.260305
0.324394
0.238368
0.385153
0.374513
0.369092
0.229283
0.377255
0.303688
0.249145
0.234745
0.651864
0.313582
0.292486
0.329953
0.446278
0.336293
0.303017
0.242080
0.333675
0.364289
0.264287
0.402980
0.364073
0.355861
0.456991
0.370684
0.487365
0.325904
0.343495
0.400648
0.381594
0.391299
0.315397
0.336376
0.329815
0.388860
0.241366
0.291445
0.281342
0.262863
0.318422
0.247120
0.302013
0.332974
0.367871
0.282530
0.257579
0.347436
0.305080
0.320045
0.258122
0.291806
0.224118
0.414153
0.326518
0.496183
0.330896
0.369666
0.296876
0.347150
0.400880
0.396927
0.356857
0.342389
0.396442
0.299449
0.296676
0.292019
0.265526
0.392780
0.308366
0.390332
0.315863
0.300588
0.305257
0.280086
0.454554
0.299435
0.468469
0.362080
0.286481
0.348630
0.307109
0.323141
0.399198
0.329519
0.383421
0.278912
0.216122
0.318038
0.343519
0.357457
0.250423
0.422102
0.322933
0.344858
0.383910
0.332550
0.298488
0.226911
0.363717
0.243820
0.347901
0.492295
0.425580
0.363137
0.308547
0.384977
0.277942
0.237315
0.254786
0.253243
0.261180
0.297807
0.277005
0.328162
0.299449
0.463237
0.266211
0.304710
0.401752
0.325150
0.203737
0.311955
0.314641
0.207438
0.205771
0.275746
0.199056
0.345055
0.293553
0.337944
0.212692
0.245560
0.244820
0.313337
0.314165
0.284323
0.233876
0.313502
0.289321
0.343592
0.324363
0.235807
0.301141
0.286347
0.246101
0.338189
0.270954
0.239980
0.214321
0.555956
0.281464
0.318002
0.249130
0.237068
0.273074
0.299201
0.492747
0.291022
0.301749
0.328126
0.365230
0.467149
0.327136
0.274625
0.272526
0.241885
0.354293
0.335098
0.264946
0.348269
0.250154
0.322715
0.265834
0.319568
0.322086
0.348405
0.336269
0.298293
0.257958
0.274331
0.372957
0.326527
0.269766
0.369659
0.277508
0.325860
0.244776
0.337083
0.267888
0.276805
0.333048
0.327908
0.290605
0.325673
0.209788
0.257610
0.191833
0.374917
0.286944
0.212268
0.295175
0.284715
0.274440
0.359094
0.303095
0.464750
0.248547
0.492205
0.280948
0.330807
0.340538
0.297700
0.327705
0.293971
0.305769
0.286258
0.347635
0.284062
0.206711
0.217311
0.287050
0.361656
0.340707
0.357496
0.244020
0.373237
0.252562
0.316313
0.265623
0.433175
0.332249
0.406838
0.309461
0.320790
0.299234
0.236646
0.308162
0.364361
0.360220
0.319346
0.189051
0.239145
0.320733
0.332945
0.310364
0.332434
0.314993
0.377131
0.341998
0.291011
0.260460
0.135099
0.277781
0.268183
0.298360
0.335953
0.380563
0.244497
0.312572
0.368344
0.345948
0.469475
0.265302
0.334126
0.359488
0.264546
0.210226
0.262638
0.199251
0.299110
0.417067
0.497335
0.301932
0.225579
0.493545
0.369092
0.270211
0.337682
0.280162
0.316861
0.257648
0.294554
0.566841
0.256967
0.339913
0.246767
0.346456
0.296984
0.382752
0.218689
0.268888
0.454514
0.306141
0.331009
0.332673
0.303701
0.255717
0.253489
0.363636
0.284434
0.240011
0.487676
0.404302
0.267066
0.332857
0.318413
0.320268
0.402827
0.306194
0.455869
0.223376
0.232428
0.386205
0.264791
0.265879
0.262312
0.225067
0.326866
0.271486
0.241837
0.462481
0.280395
0.291004
0.531135
0.385731
0.419202
0.466004
0.322718
0.538366
0.331792
0.371062
0.245006
0.278716
0.243005
0.243609
0.502483
0.260185
0.253077
0.382511
0.318811
0.261492
0.239119
0.268686
0.331709
0.238283
0.274059
0.370424
0.213977
0.342340
0.332206
0.198409
0.251155
0.228945
0.327312
0.299521
0.290270
0.321466
0.329543
0.277184
0.254282
0.341128
0.214903
0.238512
0.287118
0.276676
0.207535
0.248430
0.344966
0.233464
0.316842
0.225990
0.314196
0.355409
0.284503
0.362690
0.368864
0.299387
0.377136
0.447611
0.360883
0.393653
0.400980
0.293189
0.356165
0.353001
0.319277
0.339176
0.295615
0.435243
0.287696
0.207048
0.330937
0.354954
0.561585
0.356817
0.310694
0.349024
0.316735
0.320153
0.377887
0.284958
0.271809
0.236463
0.238011
0.259467
0.352272
0.244637
0.312465
0.361591
0.257566
0.294716
0.518971
0.294485
0.292047
0.292320
0.288399
0.539117
0.355193
0.306708
0.339600
0.319423
0.521730
0.391115
0.290955
0.281337
0.373168
0.251861
0.244487
0.240272
0.221374
0.278327
0.281904
0.317917
0.316339
0.214334
0.330110
0.472547
0.341240
0.273468
0.272615
0.267944
0.181654
0.214778
0.207644
0.236275
0.216564
0.260307
0.547280
0.332810
0.364764
0.349751
0.379364
0.358851
0.218384
0.263599
0.334933
0.198470
0.345763
0.288144
0.323384
0.257847
0.302697
0.251954
0.297171
0.310592
0.492371
0.258242
0.284193
0.322262
0.319796
0.301717
0.305227
0.277032
0.252105
0.302709
0.332107
0.289273
0.290171
0.232056
0.238790
0.253622
0.408908
0.323507
0.296964
0.314144
0.246592
0.269391
0.334532
0.501785
0.308742
0.332771
0.326751
0.198390
0.334018
0.306753
0.354300
0.206870
0.281234
0.201614
0.302862
0.238061
0.198042
0.332283
0.301071
0.364103
0.242418
0.257353
0.204825
0.223436
0.285696
0.341025
0.274625
0.331308
0.278580
0.273944
0.243096
0.245936
0.311775
0.269357
0.270261
0.254776
0.220196
0.269509
0.187797
0.365767
0.280935
0.302996
0.216387
0.288491
0.297527
0.277131
0.413353
0.292319
0.206811
0.238958
0.227561
0.293150
0.271985
0.233786
0.333601
0.268316
0.328914
0.238492
0.329734
0.143824
0.265207
0.542906
0.423633
0.270288
0.352464
0.330875
0.426459
0.256996
0.239754
0.569527
0.347435
0.345026
0.330433
0.303388
0.211014
0.293276
0.267534
0.323785
0.228629
0.372153
0.338697
0.228445
0.555969
0.264951
0.381667
0.424655
0.427483
0.287439
0.470718
0.263729
0.264356
0.303016
0.408155
0.270208
0.526462
0.291699
0.294533
0.230870
0.290523
0.358128
0.336928
0.408872
0.262568
0.259445
0.252088
0.259857
0.255454
0.319000
0.322654
0.298226
0.275133
0.239804
0.376854
0.225779
0.335912
0.227857
0.193211
0.374885
0.243297
0.336350
0.251145
0.291931
0.241022
0.303839
0.369289
0.356002
0.272352
0.300151
0.361952
0.368604
0.389835
0.409028
0.300535
0.355974
0.398030
0.320416
0.300544
0.464560
0.308890
0.350902
0.392613
0.513635
0.370119
0.307908
0.321936
0.376953
0.249582
0.364543
0.288201
0.323711
0.214460
0.262490
0.317866
0.380598
0.339456
0.331051
0.332353
0.163493
0.296650
0.323599
0.300195
0.381989
0.383022
0.260795
0.258233
0.319713
0.258740
0.567246
0.541791
0.231515
0.208361
0.423237
0.433022
0.407764
0.232593
0.268445
0.305470
0.410601
0.353504
0.317226
0.283358
0.233298
0.347989
0.248368
0.324579
0.253541
0.289541
0.284225
0.289898
0.316278
0.282459
0.266479
0.303953
0.310765
0.334676
0.352374
0.395801
0.347025
0.267021
0.296322
0.217186
0.350971
0.280735
0.242680
0.277014
0.200926
0.267958
0.350698
0.293534
0.327589
0.344342
0.330059
0.290643
0.282449
0.304941
0.298225
0.284386
0.275646
0.338149
0.361761
0.320075
0.278233
0.216653
0.117007
0.303654
0.283718
0.247476
0.193727
0.329082
0.238040
0.359947
0.274107
0.344481
0.277354
0.287320
0.267266
0.354985
0.240440
0.387737
0.287750
0.358250
0.269506
0.233369
0.324112
0.324416
0.305201
0.248509
0.264523
0.253216
0.281679
0.248676
0.348019
0.265320
0.301669
0.359219
0.243707
0.253717
0.263134
0.318116
0.250398
0.239920
0.272511
0.248960
0.318206
0.343813
0.246284
0.325701
0.320488
0.285981
0.215552
0.326475
0.231492
0.269530
0.159801
0.313198
0.250948
0.421867
0.308310
0.264104
0.235738
0.287185
0.415080
0.260482
0.264389
0.325096
0.316450
0.219980
0.370727
0.344988
0.240101
0.248832
0.250459
0.353401
0.285445
0.202532
0.318285
0.290737
0.361539
0.450425
0.374965
0.287502
0.360724
0.412225
0.236626
0.350591
0.236530
0.311419
0.282656
0.407911
0.321338
0.281413
0.269076
0.327724
0.296132
0.326812
0.294976
0.248439
0.285701
0.237061
0.281312
0.325865
0.267492
0.249082
0.276634
0.266429
0.217804
0.327557
0.289995
0.248032
0.336096
0.275709
0.345789
0.344794
0.218386
0.352553
0.380797
0.367161
0.282393
0.367327
0.324185
0.612278
0.347297
0.382670
0.448068
0.255479
0.333810
0.163679
0.276150
0.350585
0.301383
0.271344
0.313220
0.334893
0.307886
0.411559
0.393966
0.270935
0.336006
0.310663
0.360759
0.301411
0.241205
0.260689
0.350622
0.343251
0.271300
0.283005
0.342542
0.301096
0.310123
0.213610
0.356369
0.228760
0.236619
0.284646
0.299605
0.275133
0.262475
0.270138
0.441447
0.309787
0.284396
0.249330
0.234284
0.219438
0.267660
0.310400
0.218448
0.305596
0.298458
0.304749
0.419084
0.353335
0.224560
0.291733
0.241006
0.291638
0.296272
0.248238
0.309079
0.257038
0.495349
0.464402
0.309138
0.318035
0.329002
0.303421
0.312195
0.373108
0.237796
0.544417
0.326442
0.295598
0.276702
0.223718
0.291693
0.256276
0.292677
0.320618
0.308026
0.333756
0.293724
0.295673
0.320459
0.326515
0.301589
0.343031
0.267722
0.269720
0.323871
0.326903
0.428141
0.299328
0.292581
0.183965
0.256942
0.191872
0.380437
0.283471
0.276672
0.296810
0.280232
0.354127
0.302139
0.384306
0.250568
0.277841
0.405167
0.202880
0.304779
0.371044
0.267665
0.374728
0.288429
0.380638
0.307206
0.281005
0.225407
0.298146
0.269330
0.289891
0.315015
0.368725
0.308128
0.339114
0.387224
0.322415
0.298638
0.343202
0.224823
0.280558
0.301755
0.241559
0.334887
0.362084
0.311041
0.246668
0.286954
0.325041
0.319546
0.267528
0.245109
0.259841
0.317345
0.414606
0.499455
0.422300
0.262451
0.363754
0.291933
0.380598
0.323714
0.464280
0.292186
0.205400
0.332447
0.313391
0.428898
0.306126
0.345198
0.367416
0.183050
0.194390
0.234909
0.511918
0.289285
0.372094
0.334620
0.337055
0.345085
0.347572
0.317163
0.317794
0.297617
0.275527
0.301447
0.286235
0.344233
0.299362
0.297726
0.313923
0.316376
0.269175
0.217238
0.288461
0.228483
0.281590
0.263519
0.203550
0.224614
0.264391
0.254961
0.279043
0.277868
0.277793
0.318918
0.336742
0.324300
0.250348
0.302152
0.308984
0.284790
0.324557
0.242765
0.297046
0.228519
0.222505
0.263881
0.294236
0.377110
0.272049
0.241146
0.320997
0.430732
0.288799
0.199606
0.133307
0.264213
0.268078
0.355159
0.367709
0.479661
0.365584
0.585746
0.189317
0.338165
0.357267
0.344032
0.538223
0.399154
0.379789
0.320693
0.333971
0.358714
0.369130
0.409461
0.313285
0.332822
0.337600
0.269611
0.325905
0.316403
0.543143
0.412877
0.354342
0.298479
0.249591
0.216866
0.425756
0.326567
0.353104
0.236023
0.307208
0.267808
0.389349
0.483990
0.303650
0.237192
0.297531
0.461822
0.236460
0.298135
0.228758
0.344609
0.356133
0.304665
0.348400
0.272532
0.323574
0.272796
0.349924
0.279124
0.279773
0.266949
0.253609
0.226669
0.221572
0.369547
0.205010
0.262236
0.225127
0.446844
0.314634
0.258670
0.358730
0.249445
0.258792
0.254838
0.339793
0.353665
0.256058
0.273984
0.260497
0.247156
0.281280
0.314939
0.341745
0.465687
0.430417
0.358528
0.270827
0.415098
0.309800
0.227366
0.324234
0.207707
0.423424
0.292431
0.355273
0.307079
0.402508
0.379999
0.535519
0.283911
0.417965
0.255835
0.369294
0.241233
0.349181
0.318082
0.294873
0.318281
0.240610
0.310681
0.240004
0.322656
0.300935
0.228709
0.293360
0.301079
0.304732
0.285238
0.320122
0.466656
0.331752
0.357456
0.296118
0.366179
0.264875
0.337402
0.252365
0.360738
0.217130
0.274780
0.239839
0.380298
0.267581
0.422916
0.339896
0.362323
0.417065
0.383795
0.415640
0.604565
0.361043
0.374377
0.343482
0.323309
0.255149
0.202857
0.187601
0.194591
0.246593
0.297058
0.236241
0.265154
0.281424
0.425198
0.271606
0.271489
0.329629
0.383959
0.280469
0.377727
0.195034
0.302408
0.312042
0.310669
0.273756
0.383969
0.319039
0.323425
0.336814
0.354745
0.555172
0.354919
0.261507
0.254880
0.270526
0.192824
0.333925
0.347013
0.302190
0.339878
0.319939
0.296691
0.272863
0.283989
0.214998
0.336486
0.258973
0.280089
0.285513
0.319181
0.332069
0.522991
0.346534
0.253947
0.303527
0.294504
0.342671
0.304767
0.260597
0.276373
0.260062
0.249710
0.314124
0.251003
0.293544
0.333440
0.373293
0.316475
0.288058
0.294995
0.288037
0.312902
0.314112
0.259200
0.375393
0.276483
0.318428
0.279419
0.317651
0.340460
0.448535
0.408204
0.310351
0.257350
0.203858
0.298459
0.254502
0.222681
0.294300
0.204047
0.209564
0.256564
0.327235
0.227407
0.316041
0.190139
0.325771
0.359144
0.364561
0.318183
0.255228
0.256565
0.345372
0.312272
0.278716
0.267573
0.353003
0.283697
0.216224
0.340297
0.270543
0.292495
0.274490
0.311357
0.248567
0.214852
0.299799
0.323472
0.311710
0.235696
0.273313
0.281829
0.256630
0.263491
0.245902
0.221156
0.401759
0.317654
0.318285
0.380860
0.312472
0.198154
0.306817
0.324283
0.531561
0.398343
0.426767
0.341409
0.407977
0.481044
0.311588
0.326762
0.296708
0.285401
0.312192
0.420778
0.274693
0.361812
0.334200
0.340122
0.374906
0.360433
0.541981
0.184833
0.219495
0.272437
0.283536
0.333992
0.373630
0.575576
0.330387
0.368443
0.344916
0.266671
0.315130
0.379610
0.276426
0.269958
0.325725
0.284980
0.339636
0.269605
0.280360
0.315876
0.396130
0.320110
0.316937
0.329714
0.372905
0.402328
0.393551
0.360997
0.308777
0.307660
0.239595
0.312953
0.317387
0.287214
0.235986
0.327705
0.368417
0.330218
0.353937
0.313552
0.288863
0.299564
0.306110
0.298105
0.272357
0.192935
0.276451
0.279478
0.285087
0.320227
0.140970
0.318775
0.340705
0.349130
0.452035
0.270435
0.271672
0.199367
0.269149
0.335036
0.262978
0.302343
0.305982
0.313552
0.214700
0.237853
0.211872
0.242524
0.366983
0.282834
0.284099
0.275744
0.232680
0.339567
0.194812
0.299403
0.292205
0.291710
0.254299
0.272647
0.259433
0.222975
0.366685
0.305432
0.347116
0.475029
0.347631
0.262378
0.400307
0.309905
0.289478
0.270674
0.330873
0.366253
0.300751
0.312053
0.347979
0.285561
0.282427
0.528213
0.375788
0.373043
0.503133
0.503545
0.323025
0.455110
0.443681
0.284140
0.265883
0.302891
0.273404
0.339071
0.231302
0.245791
0.275625
0.190274
0.269574
0.270867
0.318005
0.250093
0.206171
0.212849
0.264556
0.358474
0.330242
0.373002
0.343375
0.429384
0.255800
0.288263
0.327244
0.261729
0.412201
0.272533
0.308796
0.248159
0.224115
0.330222
0.310558
0.314907
0.386516
0.292979
0.276190
0.279843
0.265879
0.267704
0.364300
0.269377
0.378020
0.209298
0.290495
0.320903
0.282482
0.328279
0.278738
0.251255
0.292270
0.233985
0.323536
0.217711
0.246414
0.286643
0.325741
0.377726
0.232221
0.233532
0.329775
0.280737
0.459167
0.386876
0.323218
0.256635
0.291598
0.329472
0.315217
0.422437
0.373924
0.474688
0.352486
0.399314
0.249695
0.328334
0.325539
0.339272
0.383707
0.322802
0.377637
0.300667
0.425086
0.250209
0.377708
0.349648
0.260780
0.252997
0.299691
0.306824
0.338116
0.268136
0.398313
0.261522
0.284147
0.271371
0.273495
0.315530
0.595362
0.383608
0.257743
0.261858
0.286623
0.446318
0.305057
0.388799
0.414703
0.637144
0.351847
0.316257
0.319469
0.308803
0.217044
0.277476
0.408095
0.262422
0.326893
0.251366
0.354626
0.272045
0.348465
0.318029
0.396652
0.349534
0.190654
0.322028
0.321354
0.406230
0.441290
0.261013
0.340401
0.351057
0.317051
0.354530
0.219186
0.308684
0.286099
0.305943
0.284130
0.275486
0.250894
0.356485
0.354870
0.244690
0.200966
0.189887
0.432724
0.367394
0.334560
0.372304
0.291463
0.283279
0.290051
0.308869
0.280245
0.295852
0.248972
0.302111
0.372577
0.303578
0.284540
0.256082
0.438731
0.228154
0.266384
0.267249
0.290512
0.303010
0.248403
0.347422
0.328457
0.250364
0.221662
0.216522
0.269859
0.320748
0.293571
0.278807
0.207221
0.352079
0.324836
0.319177
0.339734
0.247627
0.374788
0.356028
0.242654
0.308260
0.320256
0.263398
0.316747
0.209182
0.290100
0.259686
0.296988
0.220586
0.336006
0.287038
0.255844
0.348020
0.488532
0.227372
0.290958
0.316852
0.253104
0.365578
0.268849
0.383215
0.333897
0.292199
0.299694
0.294756
0.452937
0.367856
0.333966
0.253847
0.219681
0.248766
0.281666
0.368995
0.275701
0.295631
0.390848
0.238087
0.387183
0.268325
0.650798
0.357750
0.336086
0.377096
0.269455
0.462458
0.312455
0.339575
0.320388
0.326290
0.367318
0.335657
0.474733
0.330382
0.353549
0.130753
0.314464
0.237317
0.365928
0.261157
0.265791
0.377937
0.346150
0.233362
0.294202
0.265345
0.263098
0.194970
0.233865
0.277328
0.315154
0.341375
0.305293
0.344319
0.301568
0.326627
0.220180
0.273020
0.334200
0.321968
0.216201
0.286332
0.309842
0.374430
0.271055
0.349861
0.358994
0.422710
0.396170
0.413513
0.239332
0.300703
0.273581
0.370129
0.462953
0.428237
0.262985
0.227210
0.423951
0.405654
0.494409
0.426503
0.355371
0.351911
0.324703
0.381820
0.360636
0.449054
0.405637
0.275170
0.321167
0.385851
0.271191
0.224162
0.194023
0.247936
0.102215
0.336892
0.283954
0.288911
0.248792
0.293904
0.259080
0.426217
0.241306
0.344032
0.319149
0.418938
0.366537
0.282226
0.402381
0.268076
0.265056
0.283807
0.456956
0.262630
0.287498
0.280913
0.662631
0.291334
0.304507
0.286869
0.278793
0.291414
0.218000
0.317836
0.384255
0.291619
0.242855
0.290108
0.174356
0.304063
0.246505
0.503218
0.395759
0.467639
0.338339
0.263920
0.218821
0.252481
0.198860
0.255123
0.239114
0.262319
0.234110
0.506756
0.245700
0.292054
0.329685
0.376297
0.605907
0.371534
0.338094
0.300185
0.222644
0.293023
0.351247
0.291342
0.312521
0.237206
0.280757
0.294641
0.321727
0.208449
0.270944
0.258811
0.308316
0.346835
0.253939
0.291497
0.200149
0.331276
0.234889
0.389517
0.489029
0.349195
0.355774
0.297003
0.331216
0.378438
0.337299
0.356869
0.358171
0.266363
0.421073
0.318167
0.288798
0.346963
0.386496
0.349872
0.265823
0.226088
0.254546
0.358378
0.446600
0.429587
0.261311
0.389110
0.400185
0.323188
0.264812
0.240139
0.253354
0.378586
0.334634
0.309724
0.244620
0.313614
0.206466
0.291043
0.302143
0.316220
0.273568
0.376307
0.385157
0.366897
0.236042
0.484154
0.244551
0.227720
0.207146
0.228778
0.355031
0.624240
0.351387
0.347993
0.279200
0.374441
0.227349
0.333364
0.350935
0.368023
0.255459
0.356934
0.261616
0.384269
0.242119
0.310368
0.349586
0.390027
0.518727
0.339443
0.429685
0.573864
0.429722
0.337327
0.343361
0.336353
0.338226
0.283199
0.276833
0.213029
0.363460
0.252280
0.215044
0.193452
0.279261
0.317198
0.298801
0.289032
0.252754
0.303899
0.285938
0.257878
0.242559
0.232809
0.289345
0.301361
0.278050
0.288502
0.312927
0.264547
0.273956
0.256402
0.358013
0.425780
0.331381
0.324924
0.278766
0.224940
0.284934
0.324778
0.241480
0.234922
0.236203
0.279898
0.248487
0.273255
0.260863
0.302061
0.196021
0.286628
0.336734
0.354461
0.270102
0.309383
0.373515
0.338895
0.578600
0.275202
0.639454
0.251210
0.340432
0.256782
0.297888
0.238036
0.340332
0.354941
0.241490
0.321954
0.254500
0.324453
0.375409
0.272352
0.324730
0.326491
0.292755
0.237175
0.287196
0.253562
0.305054
0.250989
0.374031
0.297996
0.287579
0.339400
0.411293
0.323297
0.281544
0.429076
0.326448
0.385466
0.245481
0.337408
0.251606
0.281969
0.346326
0.291080
0.398986
0.321359
0.386850
0.369950
0.278710
0.324938
0.306677
0.288797
0.419308
0.190503
0.325418
0.225204
0.327174
0.481467
0.356235
0.297020
0.311995
0.339747
0.288667
0.278785
0.320981
0.266233
0.422324
0.246663
0.306989
0.308039
0.340100
0.334956
0.317458
0.285735
0.377356
0.418491
0.405746
0.237708
0.390479
0.271887
0.304180
0.424459
0.303133
0.338087
0.262039
0.341253
0.290754
0.279943
0.279804
0.271960
0.282810
0.342122
0.274830
0.472045
0.277934
0.405769
0.246738
0.267689
0.350972
0.268015
0.319046
0.313179
0.326060
0.283134
0.323948
0.305182
0.307257
0.392373
0.392962
0.284562
0.312177
0.371492
0.353616
0.386043
0.315650
0.333076
0.297271
0.290672
0.336474
0.304003
0.281887
0.327072
0.272890
0.452969
0.344957
0.320466
0.205295
0.267945
0.276749
0.247604
0.211647
0.196718
0.407415
0.314171
0.303806
0.336758
0.221832
0.303006
0.231147
0.375161
0.311791
0.290751
0.284577
0.356686
0.371778
0.285477
0.337945
0.439215
0.295089
0.407237
0.229262
0.269029
0.342256
0.289547
0.320223
0.275747
0.289976
0.255166
0.461717
0.261190
0.258152
0.304097
0.398035
0.272444
0.413952
0.313997
0.267376
0.417102
0.296912
0.358910
0.271561
0.278903
0.294720
0.373125
0.225544
0.332132
0.323567
0.286492
0.292268
0.227357
0.368367
0.294059
0.300993
0.290949
0.308730
0.536735
0.337524
0.220873
0.261773
0.264723
0.236402
0.423969
0.239640
0.449840
0.276734
0.298697
0.330885
0.293523
0.374729
0.298411
0.276447
0.366515
0.414584
0.240996
0.393838
0.321395
0.359438
0.302523
0.406526
0.368686
0.302615
0.357209
0.309377
0.385245
0.339126
0.308295
0.400085
0.268525
0.234529
0.478108
0.309833
0.255261
0.222821
0.347812
0.329816
0.380507
0.307753
0.425322
0.346033
0.415562
0.260798
0.413181
0.362327
0.272111
0.173712
0.239046
0.300293
0.335151
0.333310
0.350925
0.356276
0.252738
0.236083
0.260585
0.284559
0.315010
0.325439
0.302424
0.339566
0.269021
0.259362
0.264399
0.390261
0.319926
0.333607
0.206867
0.273192
0.332804
0.398419
0.308758
0.357703
0.351575
0.443822
0.295285
0.398348
0.397673
0.373353
0.425308
0.256158
0.347044
0.228004
0.314080
0.444088
0.299239
0.361424
0.292333
0.304072
0.284910
0.310455
0.400769
0.334368
0.369468
0.429146
0.316952
0.337424
0.362310
0.275724
0.256492
0.301640
0.373656
0.324411
0.332350
0.280116
0.222289
0.344024
0.323972
0.293391
0.330098
0.350998
0.240074
0.208546
0.305057
0.450531
0.285931
0.232344
0.356026
0.363419
0.285585
0.334284
0.311433
0.311969
0.440759
0.274663
0.327483
0.313235
0.314408
0.262200
0.375775
0.358383
0.277065
0.303350
0.370283
0.356006
0.287725
0.428088
0.314650
0.288820
0.327592
0.293212
0.337696
0.486115
0.310925
0.371822
0.350416
0.264628
0.291083
0.318199
0.349685
0.241259
0.307542
0.243347
0.336664
0.302949
0.289836
0.349315
0.243397
0.249457
0.277913
0.196019
0.331583
0.314105
0.390473
0.281071
0.311267
0.307607
0.228350
0.335243
0.318173
0.250676
0.295953
0.311449
0.157089
0.273219
0.288739
0.379666
0.357506
0.282264
0.335169
0.308598
0.367028
0.229787
0.242368
0.269482
0.256764
0.289275
0.210664
0.271795
0.222153
0.335731
0.273403
0.309640
0.321872
0.203087
0.212475
0.226546
0.280212
0.308134
0.260322
0.259245
0.309375
0.370626
0.463513
0.331372
0.260887
0.277408
0.304208
0.317913
0.291130
0.259004
0.224735
0.270631
0.230424
0.280940
0.518146
0.310305
0.295840
0.241793
0.261648
0.289972
0.271745
0.308495
0.262118
0.278724
0.602483
0.443252
0.269353
0.266680
0.320692
0.415835
0.364002
0.476852
0.272847
0.275013
0.515762
0.299903
0.275451
0.314470
0.237458
0.318585
0.234399
0.386425
0.383950
0.298589
0.494554
0.356533
0.316476
0.363915
0.340465
0.301601
0.364336
0.302194
0.269734
0.277441
0.211155
0.422247
0.658192
0.394758
0.379148
0.345769
0.347521
0.481334
0.339860
0.377991
0.265139
0.264882
0.234149
0.194187
0.351833
0.283660
0.456469
0.277151
0.345397
0.334243
0.342186
0.201410
0.239672
0.321116
0.307046
0.315062
0.210300
0.291358
0.232727
0.223960
0.339886
0.214454
0.376939
0.284292
0.239218
0.341196
0.331947
0.281289
0.323912
0.298618
0.289762
0.369972
0.340504
0.299238
0.303346
0.286479
0.527856
0.332055
0.314997
0.270554
0.266783
0.340013
0.298647
0.309873
0.257886
0.277164
0.308078
0.292901
0.265610
0.310058
0.250323
0.313505
0.304595
0.149464
0.272773
0.257190
0.255425
0.326395
0.348305
0.299609
0.261711
0.291790
0.235446
0.248553
0.219345
0.250412
0.227031
0.332122
0.287098
0.267395
0.410962
0.330090
0.330010
0.357637
0.470956
0.407364
0.370669
0.273749
0.221352
0.288511
0.299509
0.341488
0.293175
0.346176
0.317446
0.247602
0.248359
0.215926
0.360739
0.289163
0.311391
0.313398
0.336250
0.360944
0.282834
0.347334
0.322052
0.293316
0.328998
0.277032
0.319144
0.341895
0.383501
0.303603
0.329049
0.378533
0.280033
0.336345
0.260227
0.172688
0.347357
0.226819
0.289740
0.324438
0.278803
0.222393
0.268112
0.266339
0.297287
0.339936
0.248504
0.181909
0.234895
0.316673
0.244796
0.360097
0.414240
0.235294
0.282995
0.309279
0.250254
0.289657
0.342957
0.332159
0.313312
0.219235
0.282680
0.341889
0.293683
0.246791
0.224630
0.265930
0.287011
0.320588
0.319642
0.324778
0.332189
0.330963
0.207333
0.307445
0.233031
0.378514
0.252310
0.252036
0.299970
0.346896
0.294677
0.332881
0.318806
0.327201
0.283790
0.312776
0.206270
0.285108
0.309379
0.356406
0.286798
0.555541
0.370019
0.334000
0.275942
0.193333
0.301248
0.340024
0.235193
0.235958
0.260275
0.239307
0.278342
0.272333
0.252998
0.239951
0.312070
0.263249
0.326270
0.226235
0.245031
0.253385
0.328038
0.303794
0.336219
0.342356
0.281845
0.351525
0.322083
0.289359
0.322082
0.244175
0.240718
0.299429
0.466482
0.271462
0.353623
0.349118
0.300391
0.247888
0.297085
0.232641
0.350395
0.252338
0.255670
0.335903
0.514354
0.242686
0.351952
0.316347
0.356721
0.395877
0.361932
0.347424
0.329224
0.226600
0.264829
0.279560
0.343137
0.218638
0.323455
0.294861
0.364880
0.322797
0.458668
0.307204
0.260580
0.313818
0.343139
0.386902
0.375535
0.324347
0.313616
0.342465
0.528882
0.331247
0.379011
0.297220
0.303482
0.302931
0.319842
0.368914
0.362131
0.312503
0.243956
0.231109
0.307047
0.319953
0.209030
0.270801
0.342036
0.271103
0.242724
0.434853
0.278677
0.272096
0.227060
0.211893
0.325345
0.314921
0.309746
0.315062
0.288923
0.349366
0.297055
0.291075
0.278618
0.284236
0.222059
0.288371
0.300317
0.383966
0.457948
0.245580
0.288624
0.304884
0.274675
0.239100
0.280588
0.362125
0.318562
0.482188
0.280922
0.280304
0.324495
0.574040
0.316428
0.398404
0.396892
0.486378
0.408438
0.572417
0.325026
0.332582
0.326429
0.309491
0.336576
0.257123
0.332454
0.238769
0.267743
0.308610
0.247509
0.282669
0.381878
0.224926
0.251115
0.327073
0.284940
0.347797
0.270285
0.235782
0.278547
0.307624
0.309290
0.263043
0.332282
0.354631
0.280613
0.297440
0.199806
0.369510
0.201869
0.257976
0.205335
0.287911
0.243280
0.304148
0.323807
0.302384
0.255247
0.384868
0.241627
0.261545
0.231928
0.322702
0.231273
0.304996
0.293008
0.359053
0.293628
0.328427
0.465924
0.335701
0.413431
0.364273
0.357662
0.382779
0.328012
0.132520
0.309596
0.334033
0.248683
0.252382
0.324323
0.402080
0.322504
0.322075
0.356125
0.264929
0.470815
0.423776
0.561922
0.297881
0.410823
0.365089
0.400975
0.289176
0.283399
0.324109
0.343176
0.253614
0.342426
0.413725
0.285968
0.254337
0.314805
0.388416
0.336816
0.293429
0.536651
0.259626
0.341228
0.313144
0.479095
0.269340
0.285273
0.304060
0.144341
0.270359
0.239333
0.238189
0.234682
0.323216
0.336238
0.354689
0.306809
0.248513
0.226309
0.254124
0.251160
0.369679
0.254034
0.233938
0.328347
0.312164
0.319412
0.278792
0.294803
0.258815
0.293009
0.271582
0.300527
0.252544
0.306415
0.241429
0.309956
0.191788
0.374751
0.293726
0.299295
0.314474
0.257576
0.358701
0.223292
0.381600
0.359992
0.324442
0.360765
0.376404
0.340285
0.449333
0.269990
0.295634
0.246506
0.368217
0.267892
0.370725
0.296698
0.445167
0.200316
0.315830
0.318653
0.371173
0.335346
0.376269
0.279810
0.282414
0.450994
0.348997
0.296516
0.550054
0.241864
0.327236
0.311386
0.235113
0.284206
0.258988
0.236432
0.290911
0.262033
0.322341
0.258839
0.248451
0.269299
0.340621
0.366779
0.306737
0.362443
0.355304
0.322858
0.326000
0.477415
0.360201
0.412282
0.280396
0.468601
0.267793
0.465975
0.324689
0.396486
0.239355
0.324816
0.271949
0.307673
0.315830
0.333541
0.394509
0.321945
0.308713
0.339468
0.438437
0.381109
0.303513
0.333674
0.588546
0.319397
0.352189
0.292828
0.386742
0.388131
0.322420
0.460235
0.464490
0.341489
0.340623
0.405228
0.274029
0.266800
0.304671
0.267772
0.269377
0.473655
0.249644
0.245934
0.363685
0.414196
0.269771
0.303072
0.294517
0.383487
0.355422
0.272358
0.321565
0.293903
0.368880
0.329653
0.389758
0.294501
0.348486
0.367196
0.341883
0.309148
0.265300
0.294306
0.405569
0.265664
0.327862
0.364797
0.235483
0.413357
0.635722
0.322664
0.332182
0.327954
0.328924
0.390018
0.275195
0.524661
0.303022
0.350099
0.281420
0.353163
0.593654
0.410001
0.424300
0.302806
0.331915
0.306294
0.441733
0.218812
0.409261
0.286226
0.459213
0.347571
0.326410
0.237782
0.356983
0.244692
0.347960
0.271871
0.325429
0.308105
0.292648
0.334155
0.382875
0.275499
0.299492
0.280313
0.321556
0.421909
0.243534
0.229131
0.253564
0.342055
0.308576
0.284982
0.346165
0.339035
0.267880
0.324105
0.235142
0.311604
0.270930
0.307780
0.335589
0.258248
0.326587
0.305596
0.287967
0.388352
0.335727
0.322071
0.202737
0.259076
0.363833
0.279028
0.317928
0.281551
0.290351
0.271025
0.282325
0.358213
0.230543
0.377547
0.255491
0.390195
0.285159
0.256955
0.255068
0.345427
0.495897
0.289770
0.337203
0.328243
0.316588
0.189408
0.364899
0.207377
0.328479
0.319240
0.252133
0.238050
0.268459
0.217111
0.254896
0.277745
0.278825
0.263860
0.307405
0.331693
0.290756
0.188344
0.283928
0.256284
0.225786
0.256655
0.283267
0.274120
0.215250
0.258508
0.315743
0.339183
0.375497
0.315808
0.301013
0.301046
0.309980
0.342367
0.324642
0.314996
0.278109
0.290173
0.331778
0.317883
0.389568
0.391911
0.329276
0.264060
0.356080
0.503313
0.337811
0.362514
0.398360
0.301311
0.320085
0.318510
0.313896
0.316655
0.234047
0.345763
0.248867
0.280829
0.298033
0.248408
0.250906
0.202223
0.353493
0.283569
0.362047
0.396401
0.319102
0.318787
0.323667
0.322094
0.239089
0.334691
0.276998
0.290202
0.209910
0.202493
0.251688
0.290777
0.366452
0.444772
0.307746
0.250904
0.343626
0.576356
0.395757
0.335529
0.258671
0.305790
0.278044
0.273586
0.583119
0.223478
0.399309
0.197892
0.360112
0.463569
0.343992
0.301105
0.337859
0.237467
0.333479
0.304507
0.324275
0.340604
0.297980
0.217381
0.206469
0.218209
0.280783
0.291861
0.314538
0.308009
0.360016
0.377076
0.259515
0.381349
0.307884
0.193518
0.364426
0.299216
0.337629
0.317389
0.334072
0.233025
0.219919
0.277817
0.299092
0.283910
0.226244
0.226182
0.295677
0.304282
0.336659
0.268164
0.310891
0.257351
0.258287
0.206721
0.261220
0.224593
0.226203
0.231622
0.284007
0.240803
0.219000
0.254643
0.248125
0.379272
0.261978
0.255443
0.328944
0.247724
0.234824
0.266577
0.272248
0.311225
0.405167
0.484739
0.415528
0.402383
0.354800
0.383811
0.410164
0.321823
0.352409
0.358674
0.302724
0.316519
0.256391
0.315642
0.290630
0.377337
0.324343
0.440788
0.354899
0.557990
0.565740
0.290884
0.309480
0.468297
0.335119
0.226615
0.269756
0.312203
0.275736
0.422069
0.299205
0.271086
0.345485
0.323156
0.457992
0.294016
0.356339
0.328635
0.410709
0.325515
0.331175
0.281073
0.289919
0.401819
0.611804
0.466818
0.299772
0.281463
0.450955
0.456329
0.352092
0.260010
0.247531
0.311620
0.365360
0.221227
0.462609
0.334102
0.633330
0.471387
0.325659
0.295884
0.366163
0.324359
0.310145
0.379229
0.328237
0.255159
0.321271
0.314047
0.240360
0.333014
0.263967
0.342845
0.269022
0.320256
0.223993
0.507728
0.231241
0.337900
0.267628
0.334366
0.261302
0.281805
0.273166
0.438940
0.298581
0.372297
0.253014
0.286809
0.325940
0.240219
0.302900
0.224447
0.218648
0.237560
0.308467
0.448737
0.353126
0.193441
0.241041
0.306718
0.370374
0.340912
0.384922
0.392864
0.381856
0.459303
0.291348
0.235300
0.251920
0.321048
0.389597
0.466423
0.543499
0.393129
0.545400
0.533400
0.327120
0.287245
0.396761
0.420544
0.500474
0.270051
0.557822
0.358421
0.418244
0.333836
0.228655
0.278633
0.298481
0.312651
0.296528
0.411374
0.427463
0.483092
0.338224
0.259413
0.244446
0.245723
0.355948
0.354089
0.348572
0.355487
0.382717
0.387399
0.347241
0.297387
0.359292
0.410233
0.333769
0.381484
0.316710
0.284634
0.313264
0.282719
0.230574
0.464044
0.284617
0.510018
0.317286
0.323504
0.404688
0.340410
0.562671
0.298345
0.281061
0.382841
0.241283
0.548178
0.223605
0.265160
0.319104
0.365777
0.289517
0.554959
0.311529
0.302972
0.338160
0.317627
0.299381
0.337487
0.283274
0.367461
0.322980
0.265279
0.300639
0.306581
0.281684
0.214678
0.266063
0.243456
0.326158
0.329968
0.251332
0.298940
0.252665
0.322002
0.341913
0.398398
0.280016
0.275957
0.172578
0.443238
0.287281
0.316963
0.343990
0.105005
0.187149
0.246463
0.216185
0.284925
0.297242
0.245155
0.253881
0.287913
0.261614
0.299456
0.256902
0.259871
0.332124
0.327265
0.321059
0.364344
0.257023
0.284505
0.341928
0.411111
0.357910
0.286971
0.254006
0.220698
0.321888
0.315385
0.228930
0.276243
0.305224
0.248489
0.210369
0.310636
0.281227
0.202593
0.197149
0.349056
0.202904
0.310159
0.279610
0.230960
0.257020
0.360373
0.296939
0.483232
0.372768
0.293688
0.303279
0.258712
0.324114
0.354492
0.229858
0.285763
0.153824
0.329071
0.274072
0.241539
0.305992
0.233332
0.292841
0.195847
0.275844
0.325160
0.276966
0.273643
0.470810
0.335912
0.389081
0.334805
0.279302
0.364308
0.232861
0.305231
0.294380
0.394933
0.501960
0.306707
0.223488
0.358432
0.318654
0.285246
0.252292
0.296560
0.359003
0.305391
0.415907
0.308889
0.315776
0.391192
0.275966
0.307064
0.235092
0.270653
0.405574
0.479714
0.449891
0.433868
0.261323
0.377619
0.322115
0.322862
0.332335
0.338799
0.347188
0.338479
0.283333
0.340382
0.298530
0.300588
0.234487
0.301043
0.310234
0.255734
0.213861
0.272076
0.310779
0.347855
0.213314
0.309182
0.362095
0.295225
0.395745
0.197275
0.206236
0.197057
0.310147
0.253764
0.290781
0.207483
0.349763
0.345279
0.295163
0.298510
0.290366
0.341204
0.346210
0.260543
0.421093
0.318104
0.289091
0.366399
0.269716
0.407775
0.313690
0.242680
0.479312
0.352023
0.239834
0.404133
0.242414
0.401555
0.225082
0.232648
0.284527
0.375383
0.256087
0.390106
0.484910
0.238503
0.242097
0.276829
0.273815
0.300629
0.243362
0.244274
0.310854
0.341336
0.350780
0.323193
0.289845
0.479192
0.303763
0.388360
0.347440
0.617186
0.416278
0.519807
0.294276
0.282031
0.284232
0.291419
0.316059
0.294927
0.224010
0.255687
0.261360
0.452101
0.594243
0.392445
0.324961
0.336267
0.218356
0.242690
0.359758
0.326078
0.280012
0.298836
0.314286
0.429035
0.371608
0.404473
0.248244
0.345803
0.230149
0.246386
0.368373
0.321576
0.294912
0.233889
0.352947
0.266230
0.304116
0.217009
0.256895
0.284061
0.318088
0.361689
0.569847
0.315516
0.270319
0.276723
0.312476
0.240813
0.277619
0.320573
0.315561
0.184686
0.357669
0.222773
0.345790
0.292837
0.293133
0.237749
0.348678
0.218014
0.305222
0.284537
0.253509
0.334178
0.227557
0.223378
0.351741
0.292206
0.286624
0.305529
0.384184
0.304072
0.229773
0.302243
0.209647
0.397054
0.203438
0.274409
0.352303
0.348517
0.334699
0.268913
0.312920
0.353219
0.364643
0.332475
0.365258
0.329368
0.329438
0.313218
0.281130
0.282903
0.333576
0.338014
0.352219
0.374076
0.310863
0.291947
0.250607
0.247382
0.310502
0.201685
0.310950
0.230588
0.320457
0.226122
0.354694
0.274100
0.246249
0.236760
0.317104
0.280308
0.330053
0.295407
0.207084
0.245336
0.280374
0.399953
0.677111
0.300825
0.346342
0.357521
0.243851
0.274501
0.252622
0.477341
0.331133
0.274428
0.307193
0.305362
0.259626
0.288607
0.285207
0.231837
0.314327
0.323572
0.286094
0.272102
0.253831
0.374433
0.266133
0.237635
0.340375
0.352267
0.247244
0.227402
0.268558
0.271650
0.350050
0.367931
0.377231
0.243266
0.306385
0.329953
0.201234
0.351434
0.307251
0.356374
0.409895
0.268057
0.279308
0.281978
0.310882
0.318384
0.365445
0.346276
0.265434
0.306549
0.395027
0.212877
0.258796
0.267958
0.313898
0.459003
0.274398
0.322879
0.336540
0.290443
0.246289
0.310135
0.456749
0.303097
0.283850
0.225867
0.308889
0.217372
0.395202
0.283910
0.379103
0.325374
0.319002
0.207044
0.369258
0.317663
0.321120
0.318654
0.343569
0.319868
0.313757
0.363212
0.270177
0.306880
0.340181
0.279796
0.318863
0.205432
0.316475
0.285223
0.190077
0.291776
0.375118
0.350807
0.382038
0.517401
0.291013
0.308882
0.289703
0.411997
0.446063
0.340775
0.294968
0.274291
0.289931
0.241268
0.227130
0.306534
0.317090
0.272421
0.300982
0.344437
0.260735
0.318407
0.302022
0.356449
0.382488
0.509559
0.353714
0.332545
0.315896
0.348235
0.491053
0.227681
0.316243
0.190905
0.296817
0.289046
0.242731
0.297088
0.283835
0.369539
0.510283
0.271396
0.384355
0.227990
0.367246
0.209607
0.251822
0.293426
0.323638
0.258065
0.274786
0.263385
0.363040
0.349469
0.413021
0.264013
0.402775
0.230167
0.204392
0.307296
0.224900
0.268708
0.249117
0.318778
0.285318
0.280952
0.405345
0.246544
0.274371
0.390858
0.369533
0.350966
0.417465
0.315209
0.291761
0.286153
0.220970
0.236176
0.261953
0.350964
0.263157
0.328227
0.292879
0.315440
0.276030
0.348142
0.311503
0.406460
0.283406
0.374851
0.238999
0.214024
0.255111
0.298737
0.241998
0.363831
0.310580
0.295138
0.301256
0.264978
0.232812
0.415247
0.308659
0.515630
0.262725
0.226028
0.305818
0.325199
0.258031
0.302420
0.296069
0.255383
0.286773
0.280048
0.314039
0.263122
0.432558
0.344881
0.326604
0.284790
0.306364
0.357108
0.302400
0.341733
0.347244
0.287836
0.332770
0.296797
0.238949
0.277496
0.276239
0.288924
0.310052
0.237039
0.224079
0.371565
0.317646
0.312380
0.316119
0.341670
0.366627
0.327824
0.247786
0.282593
0.328605
0.404665
0.367536
0.323027
0.265045
0.233775
0.443693
0.302374
0.239778
0.183939
0.307475
0.259306
0.262152
0.242001
0.276113
0.294698
0.307671
0.254745
0.423277
0.326577
0.537992
0.287434
0.314521
0.370902
0.290754
0.312251
0.433096
0.318744
0.326324
0.339826
0.287841
0.288403
0.229044
0.186494
0.231523
0.285119
0.436126
0.330735
0.266697
0.204240
0.265474
0.329641
0.253462
0.250589
0.209445
0.277138
0.248027
0.370865
0.339495
0.249735
0.310562
0.313574
0.318502
0.318526
0.402977
0.312306
0.662850
0.392847
0.286069
0.263373
0.574601
0.387447
0.425824
0.339751
0.273655
0.236217
0.258140
0.240747
0.333199
0.272656
0.319965
0.270424
0.284963
0.245478
0.271886
0.273728
0.328516
0.239588
0.251354
0.224909
0.232414
0.488252
0.345158
0.405784
0.297409
0.350494
0.289113
0.246637
0.171779
0.308517
0.296035
0.420482
0.243836
0.313821
0.211801
0.306673
0.213369
0.331871
0.295069
0.291119
0.289960
0.278238
0.474322
0.268708
0.341334
0.227251
0.295345
0.184570
0.272865
0.300474
0.309479
0.376577
0.277286
0.317688
0.326919
0.278701
0.382812
0.420072
0.607696
0.436095
0.483517
0.221989
0.272880
0.334858
0.342705
0.297991
0.269157
0.253858
0.429321
0.320945
0.356096
0.449327
0.281934
0.526944
0.311765
0.361445
0.305017
0.345656
0.303115
0.294567
0.431018
0.305372
0.377136
0.304847
0.313909
0.264190
0.257579
0.316448
0.214167
0.264925
0.333584
0.273352
0.408325
0.283443
0.480941
0.249578
0.285466
0.197170
0.279999
0.272991
0.264752
0.344730
0.280365
0.298532
0.273291
0.309779
0.200784
0.324042
0.250156
0.280935
0.279231
0.319786
0.240132
0.308630
0.178416
0.329179
0.401236
0.244053
0.213389
0.346813
0.326547
0.348210
0.405374
0.273712
0.346345
0.355707
0.240408
0.330128
0.243238
0.298946
0.298515
0.272471
0.325001
0.351918
0.296641
0.341405
0.464849
0.250420
0.214596
0.341839
0.300360
0.421422
0.188106
0.271471
0.362392
0.297764
0.253780
0.229086
0.259007
0.217033
0.273983
0.275128
0.291295
0.326849
0.322379
0.257950
0.246783
0.218643
0.255470
0.244963
0.227817
0.241291
0.214442
0.214361
0.233025
0.241653
0.292336
0.281009
0.304874
0.267853
0.266111
0.277712
0.342334
0.241172
0.510312
0.542546
0.293645
0.299933
0.322064
0.344426
0.314500
0.338511
0.342567
0.266793
0.277157
0.270009
0.345550
0.367283
0.280323
0.346602
0.542356
0.282935
0.406868
0.622748
0.393554
0.488449
0.364368
0.268459
0.333762
0.334361
0.273277
0.257988
0.253053
0.315790
0.270326
0.363991
0.333582
0.309764
0.270169
0.298372
0.256622
0.333245
0.291011
0.362391
0.248513
0.281224
0.319534
0.284143
0.288672
0.236732
0.311537
0.238493
0.179873
0.295358
0.290920
0.218594
0.314143
0.403369
0.355468
0.337858
0.266692
0.326273
0.345122
0.374579
0.390415
0.292780
0.306300
0.302988
0.378271
0.434483
0.243708
0.251826
0.334866
0.265933
0.395288
0.296056
0.311712
0.236924
0.283679
0.345316
0.257126
0.318313
0.341978
0.339112
0.272834
0.300297
0.301553
0.342768
0.229276
0.312696
0.316445
0.311559
0.369825
0.284578
0.372887
0.261347
0.309320
0.351516
0.404675
0.395083
0.303537
0.291345
0.330412
0.177327
0.279486
0.255532
0.283154
0.247474
0.353399
0.293752
0.352758
0.285480
0.358351
0.286221
0.428640
0.436560
0.328108
0.235405
0.314077
0.304961
0.271172
0.312793
0.241924
0.247345
0.225613
0.439348
0.280132
0.323718
0.399013
0.481204
0.333904
0.375937
0.329655
0.269633
0.298095
0.280862
0.356120
0.311033
0.280942
0.400037
0.265363
0.286371
0.300688
0.298584
0.344519
0.236959
0.208128
0.244267
0.267349
0.283209
0.241802
0.278192
0.260805
0.213916
0.261637
0.272110
0.273728
0.239030
0.236894
0.261877
0.303196
0.307937
0.249661
0.269059
0.243000
0.294098
0.327118
0.286194
0.338939
0.328836
0.310159
0.306653
0.255292
0.303068
0.361900
0.322999
0.305120
0.326997
0.359958
0.329529
0.213072
0.349745
0.334022
0.339204
0.280781
0.336225
0.290924
0.304147
0.253041
0.390834
0.202286
0.537203
0.388431
0.195132
0.259601
0.379650
0.333262
0.289536
0.296559
0.227304
0.230472
0.298875
0.332676
0.278569
0.233916
0.337945
0.311330
0.504994
0.310094
0.315291
0.444153
0.344195
0.280416
0.361947
0.295619
0.245033
0.327499
0.313204
0.377218
0.256079
0.593370
0.253417
0.488536
0.287603
0.366547
0.245081
0.286591
0.194042
0.264683
0.310071
0.201470
0.257734
0.213542
0.435441
0.263083
0.352751
0.320123
0.346890
0.333251
0.331263
0.330592
0.411029
0.329860
0.300049
0.304786
0.349044
0.398213
0.285622
0.361155
0.336044
0.274666
0.276465
0.260999
0.265779
0.382619
0.354609
0.323144
0.324403
0.278126
0.397420
0.344466
0.250055
0.346083
0.338998
0.319661
0.426348
0.271528
0.265260
0.377596
0.291020
0.289936
0.207063
0.301169
0.290323
0.367104
0.442436
0.643447
0.310483
0.449452
0.294109
0.306054
0.254452
0.289037
0.283804
0.268953
0.274526
0.254033
0.357743
0.322281
0.355978
0.358052
0.338962
0.310371
0.365222
0.274432
0.318745
0.328903
0.491434
0.283092
0.293871
0.304337
0.370762
0.576109
0.365780
0.301509
0.328212
0.318871
0.270575
0.307689
0.264874
0.299895
0.357646
0.544996
0.283340
0.311815
0.248540
0.278833
0.245834
0.253722
0.265396
0.266950
0.440671
0.273394
0.237421
0.311156
0.286329
0.236217
0.339024
0.353159
0.376917
0.480468
0.323749
0.329485
0.299637
0.300493
0.308829
0.281302
0.354312
0.268637
0.311510
0.290296
0.387770
0.350485
0.362279
0.311547
0.337379
0.381663
0.388559
0.345922
0.211557
0.275714
0.338724
0.243905
0.233303
0.377446
0.254419
0.435760
0.179901
0.252899
0.219849
0.296609
0.298739
0.342353
0.351117
0.337818
0.366210
0.244085
0.245966
0.338438
0.391450
0.329922
0.279038
0.234509
0.192248
0.278619
0.297441
0.242772
0.230261
0.339760
0.252545
0.355644
0.233392
0.266521
0.320230
0.441135
0.320794
0.275950
0.390381
0.315568
0.418125
0.266090
0.235936
0.317839
0.232404
0.313924
0.353790
0.382524
0.320510
0.338928
0.322539
0.326145
0.409167
0.201012
0.347384
0.258789
0.314864
0.343145
0.306197
0.294733
0.286908
0.311898
0.349315
0.450410
0.339364
0.295556
0.258744
0.321594
0.282110
0.293960
0.329471
0.369351
0.454001
0.313982
0.354301
0.316419
0.383601
0.615235
0.295701
0.239842
0.269343
0.425914
0.349709
0.239288
0.305605
0.192586
0.327802
0.328421
0.204259
0.221206
0.467488
0.385367
0.306607
0.460984
0.239658
0.269057
0.266472
0.291411
0.188474
0.264740
0.279645
0.330642
0.335308
0.325367
0.267013
0.301438
0.281943
0.346117
0.317770
0.377846
0.443061
0.361654
0.317999
0.320608
0.374733
0.256646
0.346451
0.290892
0.315027
0.294210
0.313495
0.295283
0.244700
0.233561
0.215499
0.268580
0.279786
0.286322
0.262130
0.197338
0.283120
0.256074
0.238345
0.291451
0.262919
0.336581
0.381235
0.223027
0.215960
0.255910
0.226633
0.344395
0.247825
0.370411
0.254531
0.283773
0.227427
0.320538
0.231763
0.324020
0.286970
0.283910
0.282394
0.258750
0.292769
0.237492
0.331840
0.459371
0.278580
0.237304
0.267593
0.237198
0.220898
0.340255
0.342568
0.512633
0.301449
0.340511
0.318395
0.291656
0.263265
0.320712
0.408781
0.325840
0.335072
0.243423
0.515067
0.343419
0.340420
0.287612
0.330372
0.207931
0.206763
0.243621
0.286560
0.319434
0.278027
0.339669
0.308646
0.307879
0.252180
0.314286
0.296831
0.334549
0.323306
0.328986
0.364403
0.264851
0.344114
0.311429
0.316489
0.294897
0.295470
0.338378
0.378448
0.299233
0.218682
0.297248
0.323733
0.565229
0.375623
0.337965
0.329173
0.266911
0.382675
0.317286
0.249160
0.270797
0.335733
0.263283
0.214772
0.328797
0.193830
0.298027
0.245095
0.319247
0.360975
0.375264
0.249010
0.342680
0.369530
0.239042
0.285808
0.290778
0.332212
0.406552
0.273447
0.245157
0.291712
0.368206
0.288891
0.347114
0.275396
0.333177
0.366913
0.280791
0.248375
0.301093
0.303207
0.324852
0.301536
0.314128
0.279664
0.432531
0.270612
0.308120
0.243115
0.205870
0.324476
0.294415
0.325723
0.296126
0.252905
0.258495
0.358690
0.383034
0.367107
0.269064
0.227715
0.302609
0.280321
0.378375
0.280262
0.256673
0.231107
0.309381
0.230349
0.266342
0.293220
0.251698
0.254582
0.237539
0.308788
0.360570
0.333980
0.195579
0.395002
0.303325
0.266807
0.333995
0.264838
0.211457
0.244023
0.296580
0.236462
0.318807
0.259015
0.368675
0.305374
0.302051
0.296584
0.237361
0.294990
0.208416
0.227785
0.365271
0.286512
0.315403
0.232339
0.265792
0.287049
0.348200
0.313226
0.449368
0.376968
0.250706
0.287786
0.332711
0.407608
0.314391
0.201823
0.267776
0.227017
0.405617
0.270804
0.311021
0.281627
0.300247
0.507075
0.382504
0.342474
0.316388
0.311813
0.341821
0.351867
0.245402
0.489159
0.338544
0.474595
0.381162
0.321611
0.310080
0.375153
0.310974
0.346078
0.178584
0.334984
0.350045
0.260176
0.256862
0.352198
0.299437
0.290110
0.305688
0.349181
0.288324
0.378616
0.251700
0.267988
0.255806
0.311393
0.329704
0.250821
0.227221
0.280879
0.261653
0.328066
0.241941
0.351905
0.296855
0.420834
0.507630
0.333930
0.284639
0.322816
0.347066
0.147864
0.213248
0.299056
0.236151
0.335316
0.373692
0.591521
0.444454
0.575413
0.388684
0.311726
0.337819
0.523885
0.403961
0.315768
0.259027
0.303793
0.271088
0.293736
0.221431
0.308813
0.226811
0.298293
0.224591
0.240684
0.198839
0.219005
0.277634
0.269465
0.304687
0.292363
0.242089
0.294526
0.261175
0.244075
0.271097
0.308258
0.335101
0.233363
0.295260
0.334637
0.279437
0.481387
0.355743
0.421637
0.329479
0.373859
0.334005
0.300117
0.331796
0.399961
0.315139
0.281328
0.343958
0.307507
0.299726
0.394111
0.276476
0.332179
0.352182
0.480950
0.323489
0.362868
0.327670
0.373284
0.384058
0.298475
0.254392
0.309564
0.303235
0.402648
0.308076
0.278884
0.439749
0.298399
0.237293
0.370694
0.412548
0.354018
0.327676
0.231203
0.443542
0.239185
0.285945
0.255537
0.298290
0.233458
0.229440
0.266829
0.280217
0.313686
0.276352
0.427314
0.328124
0.317086
0.310902
0.282350
0.272331
0.310902
0.315030
0.322395
0.432031
0.237075
0.383829
0.430572
0.528463
0.377414
0.366618
0.326843
0.322612
0.320578
0.402584
0.334317
0.586634
0.293849
0.415152
0.362231
0.290623
0.311745
0.285804
0.312389
0.246002
0.435454
0.268432
0.312861
0.274848
0.310698
0.297923
0.274035
0.385333
0.314906
0.225150
0.308703
0.280846
0.443919
0.583465
0.431163
0.405654
0.309426
0.309695
0.317253
0.410908
0.384850
0.509672
0.412608
0.558650
0.445060
0.433285
0.257540
0.271966
0.416290
0.360205
0.401768
0.338670
0.324021
0.449231
0.367253
0.345036
0.241851
0.502112
0.201484
0.265645
0.210348
0.289548
0.291396
0.288455
0.390774
0.291374
0.281680
0.404683
0.307945
0.274371
0.300007
0.335969
0.330812
0.269515
0.501312
0.353505
0.362146
0.341342
0.334556
0.448302
0.269204
0.344156
0.238136
0.300922
0.356764
0.317418
0.356408
0.370763
0.303729
0.315561
0.401737
0.531428
0.367505
0.345904
0.286382
0.329630
0.244115
0.310046
0.224011
0.260780
0.289367
0.283170
0.259566
0.205675
0.236995
0.230094
0.474906
0.383535
0.314886
0.304966
0.365223
0.214727
0.295438
0.239256
0.317505
0.454276
0.344814
0.507400
0.236891
0.257754
0.281559
0.303692
0.426912
0.302969
0.324994
0.352923
0.279521
0.234515
0.225922
0.216655
0.290446
0.214319
0.305987
0.250099
0.313512
0.517650
0.259545
0.295563
0.297038
0.310968
0.307530
0.216505
0.368604
0.361679
0.304475
0.314445
0.343220
0.345681
0.269238
0.241783
0.218511
0.328974
0.254437
0.337766
0.240089
0.459726
0.425968
0.275853
0.238057
0.452071
0.424111
0.376808
0.347196
0.273438
0.278466
0.254708
0.239761
0.324955
0.370698
0.288089
0.322668
0.352864
0.341733
0.288943
0.322396
0.295158
0.299039
0.309116
0.286806
0.395187
0.358255
0.307316
0.282251
0.319835
0.274578
0.375015
0.338209
0.415312
0.583932
0.289884
0.272221
0.297863
0.278313
0.275915
0.427864
0.297415
0.378677
0.383783
0.255846
0.609769
0.332084
0.508825
0.239797
0.255115
0.267396
0.290274
0.460058
0.337875
0.332770
0.347285
0.301611
0.345579
0.547541
0.244338
0.261305
0.417633
0.347748
0.379866
0.365804
0.380338
0.295445
0.305359
0.234907
0.215728
0.265274
0.284519
0.363461
0.287392
0.205367
0.317845
0.347500
0.321276
0.570539
0.417737
0.360125
0.292757
0.261805
0.252944
0.243745
0.337925
0.261391
0.278590
0.262453
0.306363
0.298410
0.335282
0.359124
0.272085
0.289501
0.190564
0.338266
0.275172
0.299170
0.294323
0.452947
0.378120
0.511158
0.429541
0.367109
0.245048
0.298662
0.254989
0.297510
0.341356
0.240705
0.447646
0.228692
0.239540
0.320250
0.353497
0.338657
0.348119
0.372974
0.502280
0.237777
0.250893
0.217656
0.270326
0.255206
0.270740
0.260586
0.373887
0.262084
0.262197
0.404582
0.313538
0.321271
0.294588
0.318727
0.320932
0.270051
0.268873
0.311324
0.301120
0.334362
0.382111
0.454509
0.322425
0.324187
0.266561
0.279715
0.256263
0.332188
0.416331
0.331229
0.299412
0.379848
0.345537
0.340645
0.377015
0.357443
0.279545
0.440963
0.399641
0.688061
0.346316
0.403096
0.346404
0.307938
0.339352
0.210187
0.255817
0.256869
0.290423
0.253324
0.228647
0.248830
0.315508
0.621477
0.320752
0.355327
0.258989
0.219616
0.272324
0.343008
0.707299
0.362509
0.280591
0.326067
0.310420
0.240439
0.315882
0.364723
0.344448
0.282178
0.317026
0.263039
0.318712
0.329774
0.307343
0.313080
0.384603
0.524082
0.415440
0.314893
0.364549
0.264382
0.407985
0.325242
0.325646
0.417226
0.390189
0.336373
0.284284
0.286750
0.414023
0.307711
0.333264
0.356270
0.236567
0.352073
0.313332
0.306305
0.235187
0.303926
0.251403
0.236900
0.305329
0.355729
0.313241
0.320693
0.467188
0.282619
0.328532
0.339481
0.293557
0.312085
0.326063
0.335221
0.332001
0.297059
0.340034
0.359256
0.360286
0.415743
0.279598
0.263985
0.281758
0.239033
0.294364
0.356156
0.357565
0.437485
0.283672
0.319082
0.247538
0.198108
0.251196
0.284442
0.404340
0.331707
0.296385
0.254653
0.325476
0.331304
0.319920
0.419428
0.329555
0.304748
0.358613
0.318048
0.383770
0.235852
0.283770
0.255423
0.315587
0.426098
0.333531
0.364686
0.291167
0.327201
0.247737
0.330960
0.271807
0.395949
0.292668
0.250197
0.243212
0.202224
0.277921
0.331918
0.346365
0.360085
0.378306
0.340580
0.478653
0.335306
0.343714
0.321159
0.296695
0.431360
0.380361
0.467711
0.412136
0.301773
0.309669
0.350122
0.248624
0.355759
0.352700
0.294014
0.283202
0.261640
0.295648
0.335782
0.290654
0.229289
0.268305
0.240529
0.287403
0.321457
0.331632
0.544147
0.346183
0.387988
0.242284
0.292239
0.503738
0.328553
0.308033
0.542500
0.352000
0.306187
0.323372
0.203920
0.269808
0.237371
0.354415
0.309489
0.508549
0.249623
0.252552
0.323541
0.244781
0.278245
0.370992
0.326382
0.290573
0.296634
0.256933
0.292476
0.259791
0.366356
0.375598
0.391945
0.247237
0.298633
0.253349
0.207261
0.244040
0.261968
0.248303
0.351054
0.346245
0.389878
0.303918
0.267860
0.218069
0.322120
0.259032
0.275854
0.275390
0.247663
0.298054
0.276259
0.443778
0.483511
0.317402
0.270021
0.309221
0.374213
0.420633
0.361964
0.260428
0.229258
0.285481
0.302654
0.308418
0.336223
0.345732
0.248009
0.277683
0.343961
0.283700
0.228215
0.404311
0.244184
0.237866
0.241954
0.302205
0.277234
0.216699
0.354890
0.243912
0.225104
0.268726
0.265968
0.309007
0.318487
0.268475
0.221073
0.361590
0.366548
0.344969
0.292421
0.331126
0.277773
0.320561
0.222691
0.214998
0.276296
0.185838
0.314657
0.273095
0.332726
0.350106
0.365832
0.225842
0.360596
0.285322
0.330488
0.375270
0.373397
0.243115
0.381391
0.273075
0.252752
0.361370
0.294481
0.275094
0.368902
0.260226
0.341713
0.273296
0.278223
0.381776
0.259071
0.303355
0.224850
0.275475
0.277912
0.236957
0.241689
0.308911
0.352733
0.282948
0.348816
0.296973
0.511828
0.277702
0.245890
0.351524
0.268170
0.241404
0.426020
0.554446
0.350530
0.344491
0.316733
0.303820
0.302361
0.312630
0.329067
0.295566
0.243140
0.325568
0.340376
0.356499
0.350653
0.544430
0.275102
0.354586
0.227270
0.336082
0.253593
0.340136
0.382393
0.414045
0.317822
0.327304
0.330812
0.391841
0.237874
0.329599
0.558614
0.328039
0.266794
0.263045
0.299406
0.305613
0.369215
0.288310
0.255004
0.382938
0.309287
0.351807
0.386303
0.321987
0.297910
0.480380
0.366423
0.351402
0.298796
0.307332
0.237026
0.245440
0.340258
0.292842
0.427609
0.290349
0.345988
0.247628
0.326088
0.288355
0.276017
0.314048
0.283430
0.307531
0.385907
0.314423
0.336446
0.393968
0.243432
0.206796
0.242258
0.311679
0.438232
0.465048
0.286243
0.404396
0.360131
0.317438
0.317270
0.401000
0.290154
0.411370
0.312633
0.408699
0.273736
0.426443
0.378252
0.373063
0.315690
0.363786
0.389880
0.295212
0.312074
0.423664
0.245437
0.329445
0.292292
0.373930
0.227589
0.267641
0.239226
0.401576
0.288038
0.341012
0.289535
0.274293
0.271639
0.230936
0.320105
0.382132
0.284867
0.325928
0.268720
0.266005
0.227000
0.261528
0.244031
0.280734
0.335793
0.381218
0.267137
0.365073
0.349540
0.421060
0.372111
0.462573
0.242994
0.255575
0.307988
0.402309
0.365277
0.299634
0.304852
0.224278
0.225226
0.243403
0.242560
0.333752
0.249940
0.280507
0.258841
0.215471
0.298516
0.287778
0.276726
0.335807
0.288241
0.404017
0.440124
0.272179
0.344520
0.375088
0.373326
0.328288
0.270624
0.321574
0.405253
0.332402
0.330332
0.309953
0.322824
0.386792
0.383398
0.336758
0.309395
0.286289
0.313490
0.346496
0.340529
0.238015
0.311999
0.313068
0.277951
0.502566
0.610414
0.235232
0.343194
0.318860
0.333415
0.299855
0.204267
0.248112
0.306047
0.295749
0.233716
0.330120
0.266411
0.265338
0.270865
0.285773
0.316334
0.344103
0.297077
0.272758
0.286089
0.299572
0.355578
0.402183
0.301600
0.516188
0.322544
0.361873
0.352668
0.314874
0.523565
0.615843
0.373769
0.433556
0.276232
0.315350
0.382314
0.364529
0.436831
0.257773
0.279249
0.372464
0.254105
0.317033
0.321483
0.314663
0.337932
0.405835
0.223771
0.272139
0.342337
0.282782
0.324551
0.228028
0.242127
0.290615
0.290036
0.338320
0.292264
0.268940
0.284690
0.300984
0.337950
0.289172
0.239855
0.407570
0.239391
0.224162
0.290366
0.290191
0.325443
0.385611
0.292798
0.387156
0.318370
0.357545
0.370736
0.268317
0.260176
0.314586
0.293932
0.511228
0.248481
0.326993
0.300377
0.360359
0.258692
0.260545
0.275181
0.416274
0.223385
0.228557
0.310485
0.273854
0.467737
0.296720
0.350549
0.274188
0.280624
0.388974
0.294892
0.262478
0.210361
0.351750
0.320953
0.480270
0.533407
0.286517
0.250033
0.300551
0.311600
0.263421
0.257502
0.247355
0.451968
0.294009
0.285583
0.193024
0.206120
0.300916
0.352532
0.455677
0.353671
0.384545
0.260606
0.333955
0.288343
0.301309
0.347650
0.346958
0.250653
0.212316
0.379076
0.262418
0.283594
0.212775
0.329311
0.291426
0.297460
0.248399
0.245129
0.203083
0.328875
0.324027
0.253825
0.337992
0.304152
0.302416
0.302177
0.245179
0.291749
0.398612
0.228839
0.290762
0.261189
0.296391
0.352011
0.499414
0.309108
0.286556
0.263644
0.320339
0.277097
0.245780
0.266829
0.482950
0.301583
0.350766
0.336109
0.255055
0.428053
0.374625
0.337147
0.305605
0.227621
0.322756
0.285478
0.325315
0.229250
0.360493
0.311226
0.245565
0.376896
0.318546
0.402806
0.410821
0.473014
0.310775
0.394074
0.403025
0.344351
0.268490
0.225448
0.201932
0.339811
0.270386
0.297951
0.327588
0.292519
0.242510
0.510536
0.292578
0.217628
0.281528
0.209570
0.406471
0.363477
0.459287
0.406464
0.433295
0.243779
0.318985
0.309653
0.283127
0.198546
0.226399
0.309454
0.249926
0.515896
0.321275
0.358674
0.285856
0.534828
0.389436
0.414161
0.327142
0.417280
0.309357
0.337654
0.297562
0.246016
0.265505
0.265339
0.305741
0.562776
0.303476
0.237382
0.307995
0.338628
0.298050
0.297987
0.328189
0.265643
0.321079
0.387403
0.332481
0.264522
0.295587
0.300555
0.343450
0.372270
0.248118
0.327061
0.245454
0.301302
0.339649
0.289246
0.227997
0.266631
0.319262
0.296529
0.351720
0.316229
0.338291
0.323771
0.314113
0.242275
0.372270
0.308060
0.347100
0.351996
0.392095
0.301068
0.365939
0.341068
0.365906
0.390064
0.492871
0.316520
0.296115
0.295570
0.246472
0.355734
0.276021
0.353331
0.251168
0.253924
0.327811
0.304550
0.317915
0.250364
0.327009
0.298456
0.347082
0.296228
0.258105
0.326569
0.252950
0.258096
0.256702
0.318982
0.297998
0.233194
0.417623
0.220370
0.317674
0.335351
0.393712
0.299378
0.248725
0.313990
0.348917
0.287053
0.328170
0.365942
0.274750
0.271909
0.288110
0.322171
0.234789
0.339652
0.216505
0.268312
0.306057
0.270935
0.230669
0.307360
0.274748
0.297600
0.436602
0.365945
0.376684
0.270536
0.300141
0.305365
0.306297
0.304282
0.255922
0.237372
0.284196
0.314202
0.303963
0.256441
0.347149
0.305300
0.345840
0.269899
0.282342
0.391416
0.216972
0.261647
0.392529
0.364000
0.413733
0.385500
0.457291
0.240836
0.268855
0.267574
0.295666
0.242152
0.258462
0.257502
0.351023
0.432351
0.267758
0.267803
0.227174
0.338509
0.260102
0.374382
0.342213
0.287170
0.403198
0.274204
0.428443
0.284718
0.337085
0.520963
0.298581
0.375810
0.262728
0.317451
0.325151
0.351599
0.402439
0.411313
0.339784
0.304255
0.308641
0.429592
0.364218
0.388413
0.365852
0.427791
0.315281
0.342709
0.377243
0.424597
0.375819
0.275382
0.224718
0.380122
0.238180
0.226196
0.222410
0.317047
0.274587
0.288789
0.398982
0.261867
0.296228
0.335766
0.183859
0.293213
0.389331
0.255728
0.209797
0.432763
0.561600
0.291902
0.235439
0.241094
0.277625
0.239404
0.238839
0.258729
0.313116
0.198911
0.348316
0.327881
0.252545
0.223201
0.260191
0.307546
0.391944
0.192124
0.249087
0.247270
0.253111
0.287576
0.303681
0.392537
0.337653
0.260603
0.282344
0.322323
0.276443
0.260675
0.341493
0.308661
0.269376
0.300159
0.361065
0.224111
0.308436
0.245241
0.304749
0.290891
0.267298
0.350243
0.320696
0.340105
0.453855
0.332739
0.264177
0.317610
0.459222
0.311258
0.327063
0.416305
0.360628
0.416076
0.434407
0.350200
0.305390
0.338689
0.357142
0.249360
0.330473
0.286971
0.439895
0.326611
0.306888
0.208908
0.336887
0.408069
0.322701
0.266571
0.361675
0.243867
0.336807
0.386454
0.289565
0.350257
0.348430
0.397461
0.252438
0.283989
0.299484
0.332015
0.211705
0.232009
0.254816
0.266509
0.363906
0.362829
0.321488
0.307459
0.374482
0.391669
0.210123
0.304009
0.258108
0.365207
0.354259
0.304689
0.261591
0.254267
0.356548
0.307683
0.371587
0.289144
0.254895
0.236869
0.409673
0.272849
0.263497
0.330868
0.310748
0.308284
0.280508
0.265878
0.281553
0.347424
0.398463
0.329504
0.370723
0.339828
0.326761
0.330909
0.446104
0.287603
0.380742
0.299608
0.379697
0.204676
0.217026
0.337729
0.341304
0.342109
0.277361
0.305217
0.282034
0.346161
0.250293
0.328860
0.287522
0.388395
0.273221
0.361700
0.325056
0.336796
0.366047
0.354992
0.379041
0.305576
0.311016
0.346618
0.295622
0.375557
0.248073
0.372422
0.299475
0.326963
0.304468
0.266769
0.227785
0.329406
0.311523
0.252090
0.291154
0.289149
0.270179
0.304165
0.457511
0.350818
0.255702
0.245605
0.262492
0.365323
0.312100
0.288616
0.279094
0.238107
0.329663
0.270418
0.377674
0.301947
0.334667
0.242667
0.283074
0.272742
0.263350
0.463226
0.436410
0.288856
0.254658
0.382275
0.257805
0.345057
0.283234
0.337702
0.318350
0.336180
0.305883
0.326284
0.246984
0.210702
0.276408
0.242217
0.314744
0.266394
0.346168
0.351713
0.421213
0.357369
0.333911
0.319236
0.332394
0.459482
0.320163
0.347808
0.225770
0.287957
0.310516
0.311703
0.339390
0.311366
0.281070
0.304104
0.261594
0.304258
0.365953
0.225807
0.285257
0.264757
0.471692
0.434343
0.288849
0.349724
0.238751
0.281695
0.230817
0.241455
0.379491
0.281697
0.244982
0.359710
0.243487
0.315433
0.314747
0.267719
0.401642
0.283794
0.365618
0.354514
0.373504
0.318182
0.212908
0.315886
0.267983
0.327812
0.248895
0.297890
0.278453
0.269883
0.348479
0.296224
0.224859
0.274053
0.297392
0.248787
0.280649
0.166377
0.308802
0.218507
0.311107
0.334655
0.270798
0.381065
0.313372
0.334884
0.349161
0.331908
0.325115
0.360905
0.296082
0.331926
0.379312
0.333177
0.359111
0.275664
0.318620
0.237901
0.253797
0.320973
0.451526
0.340745
0.508880
0.319178
0.364587
0.230713
0.262863
0.239153
0.346494
0.278079
0.363034
0.340615
0.302971
0.279524
0.260225
0.278013
0.303794
0.230162
0.311818
0.315938
0.320073
0.241814
0.307604
0.221230
0.354910
0.257637
0.251760
0.252708
0.288611
0.311866
0.294097
0.308494
0.261879
0.325418
0.280428
0.278757
0.344351
0.303839
0.260819
0.217773
0.319188
0.291837
0.335457
0.465828
0.287405
0.377199
0.284037
0.348043
0.330891
0.345393
0.273653
0.422661
0.377967
0.415122
0.288130
0.251903
0.403323
0.441622
0.284145
0.303395
0.266307
0.295350
0.295930
0.238107
0.341583
0.318109
0.334163
0.321056
0.335443
0.257370
0.297578
0.293046
0.260244
0.441309
0.282197
0.268109
0.237441
0.301608
0.276404
0.293293
0.283179
0.262490
0.257478
0.302496
0.286520
0.292767
0.335262
0.369828
0.384225
0.314970
0.281438
0.319411
0.441450
0.545945
0.371535
0.450299
0.226297
0.262250
0.272585
0.262817
0.309970
0.329493
0.536909
0.369459
0.278541
0.298259
0.283411
0.354736
0.294363
0.394603
0.288839
0.261854
0.312007
0.260362
0.336225
0.225948
0.268916
0.393848
0.362711
0.299259
0.273875
0.359397
0.322814
0.387898
0.439965
0.225771
0.230575
0.246724
0.286643
0.322623
0.277865
0.224013
0.200035
0.285673
0.214986
0.219024
0.336150
0.225102
0.250812
0.213698
0.309615
0.237065
0.323278
0.247315
0.239948
0.386471
0.283564
0.245110
0.284464
0.266750
0.316749
0.201161
0.265702
0.349837
0.277776
0.316556
0.342256
0.201398
0.324860
0.236548
0.287179
0.237530
0.327131
0.211110
0.504475
0.244883
0.280036
0.309232
0.335664
0.284680
0.313562
0.523451
0.245859
0.380447
0.316500
0.306975
0.315421
0.256143
0.222036
0.351290
0.319684
0.401981
0.284719
0.310877
0.284637
0.284361
0.345163
0.343343
0.372177
0.304414
0.264301
0.269586
0.349223
0.278580
0.386476
0.446822
0.257724
0.347237
0.265028
0.294098
0.290574
0.381491
0.566717
0.317420
0.245154
0.311213
0.188535
0.262963
0.227702
0.199331
0.275311
0.301298
0.357925
0.683321
0.249763
0.168108
0.191732
0.383559
0.247355
0.279838
0.272689
0.287334
0.325875
0.311931
0.282726
0.302968
0.234446
0.311842
0.282672
0.290651
0.328488
0.313431
0.330843
0.326072
0.336215
0.403345
0.315942
0.353223
0.498911
0.290615
0.277599
0.227130
0.598526
0.318039
0.376715
0.397353
0.431009
0.366035
0.348615
0.315357
0.227022
0.342503
0.242328
0.386247
0.274504
0.317881
0.239248
0.369095
0.284401
0.319649
0.333476
0.423262
0.347960
0.280896
0.338378
0.271086
0.294289
0.374354
0.343828
0.356698
0.407199
0.341567
0.309213
0.332742
0.214857
0.321547
0.239365
0.211314
0.264335
0.362511
0.318577
0.303906
0.331709
0.273912
0.238097
0.318912
0.256985
0.322133
0.287808
0.365874
0.223892
0.242594
0.202448
0.296721
0.347071
0.270037
0.269239
0.291417
0.213447
0.234907
0.336918
0.412253
0.281149
0.580378
0.425216
0.353302
0.437765
0.450884
0.302673
0.247633
0.225239
0.238109
0.224208
0.215409
0.236184
0.340940
0.311776
0.302777
0.292547
0.351798
0.301505
0.369663
0.319049
0.379742
0.272477
0.324269
0.336299
0.468729
0.402351
0.387089
0.334049
0.371401
0.393810
0.348388
0.401901
0.347422
0.275005
0.265519
0.314549
0.289094
0.350227
0.260437
0.238281
0.308871
0.465010
0.386095
0.326808
0.267874
0.337009
0.290945
0.349823
0.470239
0.372397
0.512155
0.341179
0.316112
0.289424
0.400243
0.288407
0.304584
0.357625
0.349415
0.338289
0.224568
0.264788
0.278469
0.365783
0.277075
0.437051
0.364816
0.347952
0.344661
0.311420
0.258818
0.282517
0.329300
0.310650
0.344367
0.234056
0.333125
0.319568
0.306769
0.381458
0.319769
0.338014
0.285156
0.322882
0.301632
0.244607
0.339541
0.391815
0.313117
0.283689
0.225494
0.269465
0.340255
0.329978
0.413709
0.221034
0.205930
0.206817
0.287106
0.226874
0.365062
0.325870
0.233492
0.320408
0.338354
0.373780
0.247378
0.355157
0.255579
0.372724
0.294229
0.367045
0.259514
0.304647
0.235281
0.235159
0.306948
0.319538
0.238342
0.294413
0.338726
0.363047
0.337261
0.242191
0.232731
0.219104
0.189140
0.302918
0.224747
0.286736
0.308741
0.313292
0.254008
0.354904
0.302524
0.320284
0.435099
0.595061
0.296147
0.592996
0.287128
0.370871
0.294052
0.368432
0.332227
0.216142
0.263646
0.223736
0.202125
0.272155
0.236997
0.358701
0.352061
0.350428
0.217138
0.271905
0.336134
0.303171
0.271842
0.297372
0.216877
0.271738
0.260680
0.217204
0.321303
0.290500
0.304093
0.529529
0.431664
0.405518
0.285641
0.403574
0.318604
0.461274
0.493014
0.285159
0.319194
0.340720
0.289140
0.276184
0.239511
0.252065
0.386507
0.229237
0.352889
0.287186
0.226087
0.274705
0.221111
0.348214
0.334685
0.323777
0.303699
0.213867
0.252205
0.307834
0.233092
0.310569
0.257186
0.278863
0.443531
0.460813
0.365766
0.337127
0.312463
0.224238
0.271137
0.385977
0.318129
0.364325
0.282643
0.293242
0.348477
0.336909
0.329274
0.327063
0.296701
0.322948
0.290469
0.353300
0.218046
0.305762
0.298862
0.272164
0.334955
0.249667
0.314243
0.260220
0.329203
0.255054
0.253954
0.241186
0.245824
0.319982
0.258482
0.202460
0.268419
0.382209
0.296492
0.501759
0.315887
0.319320
0.308185
0.417997
0.398747
0.332744
0.266853
0.248428
0.255372
0.232945
0.309166
0.260088
0.322831
0.270266
0.357138
0.352873
0.428245
0.304289
0.296184
0.275123
0.342388
0.299934
0.296283
0.242436
0.299155
0.253653
0.266040
0.383634
0.288810
0.321793
0.289433
0.245539
0.284089
0.271669
0.241305
0.295411
0.167831
0.212021
0.220061
0.242072
0.283457
0.307858
0.222841
0.248124
0.264715
0.243301
0.285481
0.280653
0.351001
0.292132
0.238584
0.360634
0.299174
0.337745
0.255614
0.315311
0.179752
0.240278
0.245349
0.248266
0.266043
0.237766
0.313121
0.298629
0.244846
0.305529
0.222472
0.239307
0.364083
0.263476
0.415020
0.318802
0.370919
0.283715
0.376749
0.281443
0.243846
0.411404
0.298578
0.367030
0.296326
0.333378
0.352872
0.418667
0.350706
0.452353
0.558701
0.346856
0.364136
0.284820
0.208188
0.273772
0.282943
0.243705
0.406206
0.292167
0.328712
0.422927
0.325131
0.284464
0.302726
0.214974
0.314759
0.398635
0.290953
0.352614
0.210091
0.378844
0.338645
0.333873
0.577714
0.333552
0.549442
0.186930
0.263665
0.278564
0.278637
0.324841
0.284163
0.305213
0.304046
0.364277
0.305596
0.343388
0.325905
0.331763
0.263324
0.283742
0.337852
0.343941
0.335047
0.386551
0.326047
0.418712
0.314210
0.291468
0.354882
0.378419
0.304068
0.352003
0.293644
0.297474
0.331281
0.300850
0.314707
0.211543
0.295869
0.246667
0.255211
0.267352
0.212767
0.525836
0.315192
0.251987
0.354621
0.320025
0.318778
0.391874
0.268642
0.294465
0.338116
0.325788
0.356183
0.334575
0.437534
0.307831
0.287541
0.278826
0.284254
0.232175
0.224036
0.387976
0.260223
0.442726
0.283188
0.448394
0.338559
0.530916
0.267559
0.432136
0.304614
0.295653
0.415787
0.224373
0.312897
0.341449
0.383133
0.460369
0.413406
0.393696
0.422787
0.243576
0.245075
0.288827
0.352939
0.361966
0.501916
0.352105
0.333980
0.361912
0.241608
0.337265
0.287138
0.278092
0.322191
0.304878
0.300438
0.287354
0.364674
0.247310
0.335251
0.278059
0.344776
0.282365
0.403554
0.329895
0.390179
0.322826
0.228586
0.346406
0.226910
0.305006
0.431938
0.524364
0.513283
0.583814
0.304701
0.362289
0.627542
0.472030
0.410734
0.419065
0.310052
0.235947
0.286300
0.248061
0.404572
0.291217
0.395539
0.411036
0.351982
0.367643
0.294974
0.425799
0.427628
0.343724
0.294712
0.348440
0.296942
0.365480
0.325658
0.428780
0.296007
0.363945
0.255750
0.264778
0.404532
0.325285
0.446851
0.346335
0.312066
0.370560
0.348623
0.235215
0.444119
0.296902
0.338958
0.316717
0.352740
0.341273
0.498738
0.245237
0.329822
0.319870
0.282870
0.184693
0.234696
0.213953
0.355593
0.275155
0.330178
0.403103
0.412888
0.414263
0.324078
0.315851
0.307777
0.289118
0.368912
0.280946
0.239508
0.247093
0.304597
0.307360
0.280423
0.250033
0.253324
0.270960
0.259682
0.338985
0.297860
0.293445
0.266938
0.424464
0.275082
0.278070
0.283166
0.289446
0.243943
0.263101
0.347334
0.274531
0.374641
0.213270
0.219459
0.233545
0.369929
0.348542
0.324241
0.330524
0.387943
0.299429
0.305196
0.269545
0.261997
0.277081
0.322846
0.430036
0.431640
0.332761
0.382595
0.312421
0.416144
0.262986
0.214482
0.297705
0.485003
0.424029
0.317200
0.451747
0.228112
0.363568
0.357248
0.326127
0.235121
0.309402
0.161070
0.343729
0.278172
0.248656
0.237754
0.256611
0.294426
0.260221
0.434199
0.346154
0.309924
0.303020
0.243367
0.220444
0.333010
0.354007
0.277815
0.306991
0.227904
0.295629
0.359641
0.310971
0.277512
0.345452
0.356382
0.306086
0.263639
0.252101
0.302706
0.339224
0.202476
0.293328
0.326409
0.235056
0.279245
0.265781
0.224772
0.236769
0.336286
0.247571
0.269640
0.259066
0.471265
0.384951
0.348202
0.231467
0.343681
0.247000
0.303388
0.392130
0.515941
0.239176
0.339222
0.218585
0.263266
0.245014
0.251807
0.272998
0.278719
0.359127
0.305115
0.314814
0.278198
0.307814
0.310683
0.361254
0.250631
0.248255
0.321445
0.388083
0.347739
0.264011
0.222608
0.281156
0.350466
0.373519
0.519992
0.311721
0.281216
0.327235
0.280911
0.243603
0.352695
0.153793
0.399265
0.339403
0.367610
0.309893
0.372002
0.299064
0.362264
0.302883
0.350982
0.504700
0.241147
0.336329
0.299831
0.237450
0.286065
0.279589
0.192808
0.226054
0.251883
0.259657
0.281615
0.249501
0.228175
0.318112
0.252262
0.292381
0.251961
0.327115
0.477104
0.282073
0.391791
0.311882
0.378997
0.344915
0.535792
0.398132
0.277639
0.478680
0.371586
0.409148
0.543391
0.302917
0.348574
0.419558
0.324792
0.345088
0.294615
0.316613
0.311966
0.286622
0.387690
0.356938
0.331106
0.319821
0.263736
0.322036
0.189104
0.312364
0.332410
0.311451
0.323310
0.273318
0.406289
0.345993
0.471417
0.252672
0.324889
0.309939
0.360593
0.422997
0.335980
0.407518
0.274690
0.410748
0.226636
0.231151
0.263370
0.223695
0.279066
0.335174
0.317083
0.289917
0.257631
0.321618
0.285385
0.297905
0.304411
0.242866
0.319055
0.217883
0.281333
0.207658
0.284738
0.330005
0.322713
0.218363
0.322135
0.326983
0.308388
0.410125
0.325557
0.420891
0.333849
0.320122
0.387019
0.370055
0.745895
0.430559
0.567632
0.317716
0.580454
0.348572
0.380841
0.342694
0.381285
0.485035
0.331164
0.303479
0.183327
0.219508
0.287795
0.368120
0.321970
0.334330
0.280677
0.273313
0.188967
0.241170
0.449943
0.292213
0.372610
0.235049
0.302586
0.273391
0.220476
0.252745
0.320076
0.234167
0.317861
0.192679
0.267506
0.172007
0.244865
0.261155
0.472090
0.277038
0.303871
0.274998
0.287304
0.265531
0.345216
0.252121
0.252149
0.316876
0.299083
0.339675
0.281024
0.310841
0.330226
0.298934
0.304773
0.327539
0.290033
0.351314
0.173625
0.266240
0.262610
0.265313
0.263019
0.447641
0.215787
0.365753
0.224034
0.372802
0.352561
0.572479
0.282299
0.333574
0.302387
0.265205
0.206400
0.249381
0.363948
0.344333
0.292073
0.413277
0.335142
0.293083
0.335735
0.248802
0.244185
0.335288
0.315114
0.297693
0.221537
0.198900
0.248675
0.364237
0.289511
0.311265
0.360372
0.280490
0.323418
0.272581
0.223846
0.309186
0.327786
0.331771
0.315431
0.253766
0.231658
0.294245
0.269930
0.316611
0.435411
0.369765
0.511793
0.292696
0.296740
0.206693
0.221565
0.243039
0.326308
0.264188
0.273696
0.299622
0.307005
0.330905
0.382935
0.345881
0.265777
0.276165
0.246893
0.418991
0.570812
0.376292
0.471188
0.311969
0.340531
0.396080
0.291249
0.299115
0.292943
0.330658
0.382330
0.335967
0.433975
0.254750
0.420545
0.312634
0.312430
0.209747
0.303754
0.322303
0.237014
0.224570
0.275276
0.321019
0.284795
0.311304
0.400785
0.296860
0.318153
0.350071
0.257235
0.189339
0.295071
0.294244
0.328124
0.248320
0.269872
0.249908
0.278552
0.246248
0.286975
0.192919
0.239377
0.220461
0.312137
0.233938
0.374044
0.290146
0.230772
0.188112
0.240298
0.298831
0.390515
0.285829
0.349807
0.238720
0.299853
0.207993
0.232207
0.282195
0.235117
0.247595
0.364619
0.202600
0.276507
0.279051
0.334228
0.230438
0.299261
0.227303
0.212752
0.191574
0.263575
0.289771
0.302118
0.323343
0.356632
0.198458
0.435934
0.341678
0.282424
0.404648
0.246976
0.280751
0.299881
0.417320
0.332422
0.292590
0.348059
0.320204
0.252407
0.262517
0.388663
0.241367
0.307772
0.444798
0.406501
0.418634
0.247524
0.402319
0.263848
0.371100
0.306103
0.296945
0.382307
0.341603
0.388086
0.314109
0.286035
0.322653
0.421405
0.237641
0.277488
0.287001
0.258525
0.253883
0.293528
0.322840
0.265319
0.425932
0.265951
0.328507
0.295878
0.266826
0.330810
0.259541
0.248197
0.322375
0.391074
0.277806
0.380585
0.269366
0.320272
0.284839
0.333272
0.367247
0.329174
0.330775
0.364499
0.308786
0.336151
0.316387
0.332120
0.260479
0.269159
0.314485
0.237040
0.281464
0.362163
0.278197
0.236067
0.290720
0.305129
0.344905
0.386141
0.286895
0.300938
0.332979
0.367877
0.314051
0.292215
0.308020
0.248302
0.266659
0.253248
0.288998
0.323517
0.369568
0.370336
0.353157
0.368568
0.368950
0.405418
0.236663
0.308996
0.315502
0.290904
0.256757
0.185238
0.267190
0.293621
0.249065
0.205025
0.357183
0.265657
0.299288
0.197676
0.220003
0.262210
0.298290
0.297919
0.328809
0.321569
0.308501
0.390611
0.245014
0.303620
0.347959
0.370028
0.421962
0.527679
0.346179
0.373133
0.321801
0.276188
0.258115
0.364760
0.200150
0.283906
0.298128
0.337093
0.289077
0.249721
0.210066
0.272784
0.373211
0.256566
0.338239
0.220901
0.451520
0.306701
0.277362
0.274282
0.292791
0.342878
0.308046
0.357256
0.322232
0.332548
0.361140
0.342024
0.301392
0.299917
0.298488
0.225790
0.462118
0.336553
0.298358
0.352297
0.341621
0.368481
0.468864
0.321957
0.310149
0.287011
0.262425
0.297479
0.305690
0.308366
0.319756
0.277374
0.177435
0.276620
0.297054
0.361132
0.328354
0.366860
0.301387
0.483557
0.391244
0.398968
0.297708
0.298245
0.398580
0.204116
0.316003
0.248817
0.190059
0.291430
0.287857
0.263289
0.239271
0.296038
0.308900
0.272210
0.321374
0.400017
0.275700
0.319968
0.258739
0.283571
0.370025
0.333721
0.378584
0.277424
0.322725
0.272899
0.357175
0.255561
0.274437
0.250799
0.242150
0.243710
0.291409
0.233941
0.240949
0.419767
0.320207
0.252546
0.336723
0.299891
0.375696
0.288205
0.341178
0.240785
0.218795
0.299378
0.313140
0.369661
0.251586
0.335688
0.320383
0.382473
0.372498
0.291718
0.263076
0.254959
0.353999
0.327172
0.421394
0.253933
0.430079
0.349478
0.456900
0.485593
0.417130
0.474368
0.284184
0.409836
0.239417
0.279786
0.222902
0.502778
0.243049
0.245767
0.240322
0.326512
0.299426
0.305583
0.251864
0.239906
0.302046
0.188696
0.297999
0.312019
0.263598
0.363095
0.319508
0.296204
0.307093
0.316520
0.309623
0.295059
0.289481
0.288704
0.229075
0.238456
0.516232
0.288857
0.297619
0.341979
0.380337
0.247391
0.307775
0.333137
0.349729
0.251183
0.385501
0.291480
0.361854
0.339407
0.343906
0.260113
0.347344
0.274656
0.393714
0.277032
0.232184
0.417135
0.276312
0.216909
0.307687
0.315341
0.297385
0.263881
0.258310
0.230730
0.323295
0.278795
0.404754
0.284069
0.350919
0.395829
0.407996
0.283366
0.318025
0.268677
0.274529
0.292414
0.330977
0.322328
0.308380
0.327778
0.288131
0.281460
0.375803
0.283127
0.296135
0.309001
0.267410
0.305591
0.281999
0.245007
0.327622
0.322221
0.434261
0.286902
0.254362
0.231347
0.288801
0.348154
0.290982
0.313691
0.257653
0.385926
0.300607
0.320945
0.329133
0.289242
0.333789
0.334570
0.246851
0.260440
0.255110
0.262728
0.302384
0.316116
0.272444
0.257539
0.315600
0.346796
0.474066
0.301226
0.334625
0.201895
0.347895
0.345664
0.306054
0.215785
0.241558
0.254372
0.224038
0.223323
0.272969
0.315034
0.322378
0.255095
0.223602
0.279254
0.261045
0.283919
0.275593
0.332877
0.265461
0.261703
0.215117
0.251938
0.350871
0.460610
0.308459
0.277078
0.287091
0.430435
0.338311
0.314914
0.364396
0.317858
0.446918
0.225314
0.275154
0.357442
0.316812
0.331610
0.375021
0.359633
0.348487
0.358530
0.297090
0.374676
0.473390
0.261553
0.354141
0.366836
0.443982
0.358498
0.341592
0.272862
0.272598
0.296068
0.252966
0.324458
0.325743
0.567641
0.353589
0.436756
0.314254
0.261334
0.377106
0.237142
0.320320
0.284564
0.361006
0.386383
0.334177
0.298835
0.295172
0.344800
0.229796
0.275962
0.296510
0.330453
0.397592
0.283750
0.250602
0.265764
0.245106
0.256339
0.187634
0.302140
0.222178
0.348224
0.346188
0.398750
0.395327
0.372773
0.325728
0.378743
0.343049
0.293198
0.251858
0.338787
0.370748
0.398030
0.508166
0.238156
0.370862
0.272916
0.361882
0.315411
0.313689
0.407447
0.300483
0.307674
0.397998
0.252622
0.332756
0.319425
0.365315
0.288531
0.339308
0.303593
0.354167
0.404182
0.212278
0.223688
0.265114
0.287287
0.418435
0.540837
0.467063
0.289380
0.332312
0.339431
0.432586
0.517596
0.482765
0.493327
0.423793
0.393681
0.337466
0.331404
0.321528
0.282226
0.375406
0.382865
0.595137
0.314758
0.307762
0.267059
0.340636
0.280483
0.414295
0.387900
0.310828
0.242067
0.370061
0.216176
0.252501
0.245779
0.312364
0.218301
0.243156
0.264277
0.297352
0.289098
0.348746
0.347912
0.322454
0.461110
0.314800
0.298625
0.316880
0.327583
0.303066
0.437270
0.298043
0.329945
0.332879
0.291674
0.295026
0.253660
0.358893
0.317593
0.343072
0.325034
0.330348
0.401114
0.250359
0.281980
0.278173
0.284402
0.331302
0.349579
0.352808
0.382284
0.561535
0.302285
0.342830
0.306814
0.254389
0.332546
0.392706
0.300442
0.400120
0.309625
0.283902
0.245205
0.281633
0.250325
0.330101
0.274355
0.297073
0.294796
0.393175
0.266690
0.263343
0.328763
0.312673
0.260910
0.327373
0.255270
0.260605
0.222370
0.303596
0.282825
0.345315
0.306849
0.430649
0.269445
0.342458
0.342731
0.302068
0.262278
0.220021
0.228888
0.333407
0.283239
0.290656
0.349127
0.461926
0.241610
0.434407
0.318933
0.247846
0.296737
0.188315
0.296866
0.259649
0.229501
0.235561
0.280342
0.277553
0.289705
0.277479
0.296743
0.251139
0.314826
0.205406
0.279310
0.285459
0.314166
0.383440
0.251042
0.326605
0.272515
0.370353
0.290831
0.445874
0.218167
0.424097
0.259058
0.347972
0.334307
0.186088
0.252080
0.212818
0.254887
0.280031
0.364823
0.323477
0.174132
0.257157
0.200954
0.226471
0.296174
0.319039
0.296731
0.354406
0.252829
0.238310
0.229840
0.232610
0.232273
0.224488
0.235816
0.248648
0.250619
0.248473
0.324237
0.246572
0.316826
0.269295
0.429203
0.366907
0.440529
0.415866
0.409342
0.549758
0.253211
0.230345
0.231087
0.307807
0.366519
0.225756
0.253043
0.304930
0.276952
0.261732
0.300900
0.266266
0.209720
0.285239
0.352690
0.374529
0.418256
0.261877
0.206376
0.342304
0.246418
0.381814
0.249569
0.390616
0.284422
0.283874
0.288124
0.229699
0.341389
0.299932
0.338201
0.363981
0.276452
0.349079
0.286835
0.314828
0.257385
0.315604
0.407458
0.304335
0.407415
0.255288
0.251229
0.314045
0.540042
0.305125
0.288202
0.339538
0.291568
0.428194
0.386872
0.330758
0.282173
0.284134
0.270854
0.435230
0.264538
0.447297
0.298863
0.477576
0.337821
0.325740
0.311391
0.208033
0.349265
0.287750
0.470899
0.534639
0.311845
0.346855
0.269603
0.306939
0.406505
0.364417
0.333470
0.410598
0.346638
0.431373
0.330458
0.228786
0.267165
0.215343
0.280527
0.381688
0.262585
0.354548
0.323777
0.319525
0.283190
0.312684
0.208885
0.282526
0.447893
0.300295
0.319822
0.286374
0.296126
0.262334
0.258720
0.446911
0.297620
0.281553
0.236435
0.242213
0.247508
0.365978
0.177072
0.249762
0.242386
0.351070
0.270472
0.232788
0.247326
0.293820
0.391701
0.197853
0.330971
0.251609
0.402772
0.284153
0.286952
0.308793
0.273901
0.195822
0.231778
0.290208
0.289484
0.258049
0.165613
0.289910
0.269149
0.266144
0.341986
0.270253
0.329048
0.282463
0.267472
0.235790
0.225769
0.242665
0.231963
0.234980
0.368583
0.354824
0.382756
0.269790
0.307563
0.228626
0.299561
0.404461
0.289923
0.296813
0.286516
0.331128
0.371566
0.329804
0.388322
0.376863
0.354263
0.397149
0.346238
0.253409
0.329756
0.349758
0.259943
0.471003
0.299848
0.275720
0.325867
0.250810
0.372480
0.406752
0.319596
0.295330
0.598064
0.375489
0.385696
0.375497
0.330380
0.459418
0.385647
0.593759
0.425569
0.503755
0.501893
0.350864
0.315481
0.408233
0.266685
0.309543
0.279916
0.258654
0.368898
0.347116
0.541730
0.297875
0.452161
0.415429
0.440507
0.390621
0.339027
0.223731
0.287244
0.189214
0.253814
0.241519
0.233603
0.248723
0.266079
0.561021
0.303543
0.242390
0.293125
0.267991
0.267281
0.287024
0.359162
0.365042
0.358750
0.236091
0.316868
0.297281
0.268778
0.369139
0.288326
0.317929
0.249005
0.458901
0.285521
0.368915
0.361841
0.291908
0.298039
0.295473
0.290135
0.289130
0.387210
0.336378
0.322888
0.337537
0.380591
0.257461
0.289689
0.267400
0.345129
0.329106
0.240490
0.241364
0.333711
0.318913
0.343474
0.342123
0.297558
0.308590
0.378401
0.265360
0.237023
0.278760
0.301188
0.213796
0.308615
0.228815
0.228384
0.252568
0.249921
0.309035
0.247779
0.265699
0.262486
0.280824
0.293914
0.265098
0.213934
0.281081
0.272008
0.307986
0.299680
0.333770
0.311598
0.313501
0.307391
0.332840
0.334512
0.314544
0.321089
0.265752
0.256070
0.362472
0.280624
0.354504
0.318451
0.321817
0.341828
0.327271
0.351888
0.295528
0.267055
0.344212
0.324870
0.261212
0.386766
0.463941
0.358644
0.289729
0.306999
0.290696
0.300839
0.278685
0.242209
0.260580
0.342052
0.388051
0.260070
0.233755
0.355413
0.346946
0.395172
0.442983
0.388321
0.461130
0.149724
0.269370
0.311486
0.241415
0.388331
0.304377
0.495428
0.347015
0.247911
0.255557
0.287050
0.369190
0.394945
0.456668
0.301984
0.360948
0.220118
0.261520
0.322525
0.294548
0.321115
0.297842
0.312638
0.336599
0.324365
0.393352
0.286749
0.258505
0.346482
0.268113
0.340114
0.278462
0.390313
0.239196
0.314411
0.280233
0.253726
0.254326
0.337421
0.329937
0.299567
0.411491
0.222693
0.291169
0.261942
0.332113
0.269900
0.288784
0.254941
0.329409
0.366318
0.556846
0.602685
0.431363
0.447768
0.327381
0.391451
0.594513
0.435865
0.317096
0.610401
0.271813
0.284868
0.257882
0.303394
0.349302
0.321907
0.284915
0.367786
0.441879
0.311133
0.336423
0.331840
0.314083
0.328268
0.351001
0.290781
0.301296
0.302726
0.352156
0.305606
0.236943
0.272364
0.231520
0.305119
0.267247
0.321233
0.419997
0.330927
0.371176
0.337247
0.348891
0.276248
0.332276
0.275133
0.436920
0.317232
0.361330
0.349470
0.306971
0.323822
0.315841
0.326974
0.241284
0.307899
0.254526
0.337929
0.293377
0.393922
0.360817
0.243224
0.294745
0.336266
0.268517
0.386275
0.312966
0.278340
0.349290
0.356702
0.380144
0.543981
0.336353
0.323146
0.233357
0.216428
0.297460
0.241854
0.371397
0.327239
0.296685
0.341506
0.206208
0.193751
0.239950
0.201141
0.257081
0.179482
0.270785
0.225989
0.222594
0.336964
0.337431
0.341026
0.320112
0.347329
0.289915
0.196767
0.273082
0.358698
0.321992
0.337438
0.272895
0.393606
0.284970
0.309596
0.314017
0.388382
0.276843
0.265114
0.348809
0.319197
0.258715
0.342774
0.346510
0.457306
0.301619
0.355421
0.233667
0.308430
0.221474
0.376331
0.285861
0.391492
0.404058
0.391071
0.309699
0.371505
0.319584
0.306689
0.291155
0.370559
0.339735
0.344148
0.278224
0.329130
0.353062
0.307910
0.291665
0.289048
0.199438
0.296946
0.358954
0.373623
0.438460
0.304254
0.362086
0.329240
0.276884
0.414670
0.246359
0.266945
0.361151
0.344449
0.339813
0.354207
0.432358
0.181883
0.310705
0.273255
0.329930
0.261518
0.286821
0.477328
0.384442
0.301158
0.299984
0.429817
0.310548
0.307181
0.289635
0.432518
0.267036
0.428039
0.420000
0.472996
0.547715
0.277230
0.414221
0.404821
0.362343
0.276338
0.159817
0.259755
0.325451
0.355588
0.257140
0.340613
0.268735
0.430586
0.230228
0.314333
0.254967
0.423070
0.269326
0.302030
0.296569
0.266292
0.342671
0.327669
0.271345
0.244577
0.243068
0.329649
0.264462
0.344783
0.316219
0.383353
0.325745
0.371322
0.355941
0.319709
0.569869
0.301200
0.305669
0.271112
0.499547
0.325023
0.366235
0.388998
0.575808
0.300129
0.253372
0.294113
0.320499
0.314001
0.304781
0.278272
0.237881
0.317534
0.589207
0.301837
0.345159
0.289214
0.293064
0.438154
0.292983
0.373998
0.317391
0.322140
0.280524
0.297815
0.417579
0.238267
0.300066
0.293749
0.251890
0.239941
0.317094
0.354179
0.315123
0.309421
0.394401
0.253941
0.279619
0.214104
0.272315
0.318323
0.227726
0.189078
0.339178
0.221848
0.197304
0.281166
0.303946
0.269462
0.336244
0.308539
0.373489
0.270287
0.321321
0.340739
0.352891
0.341289
0.282627
0.350660
0.364147
0.322990
0.355311
0.318181
0.313515
0.283016
0.350672
0.307963
0.354848
0.333807
0.552193
0.450997
0.417879
0.321265
0.298828
0.285426
0.333571
0.315765
0.308099
0.340133
0.325560
0.279275
0.288796
0.285285
0.307572
0.323530
0.298031
0.312770
0.299412
0.287976
0.313305
0.292673
0.388922
0.276140
0.341936
0.292406
0.427214
0.351443
0.328512
0.284042
0.314993
0.228833
0.323706
0.322409
0.341206
0.369627
0.312200
0.291650
0.398115
0.376000
0.229889
0.329681
0.267505
0.336689
0.350220
0.322279
0.537466
0.409128
0.559494
0.380243
0.335363
0.222706
0.334477
0.363116
0.385755
0.372683
0.267783
0.226405
0.244106
0.278212
0.363003
0.399105
0.290958
0.227587
0.307375
0.243894
0.331131
0.308241
0.239164
0.298136
0.284052
0.256490
0.286199
0.172526
0.346625
0.277241
0.301727
0.320685
0.254114
0.323986
0.361983
0.472758
0.406348
0.302544
0.398326
0.306943
0.407738
0.326596
0.191332
0.282967
0.482900
0.297359
0.349781
0.292528
0.293862
0.292910
0.206319
0.324366
0.295744
0.321640
0.292230
0.219740
0.243244
0.318949
0.441797
0.342534
0.295602
0.263317
0.230186
0.298495
0.485635
0.347724
0.363165
0.258861
0.219311
0.228630
0.272331
0.540903
0.350860
0.274857
0.260902
0.315617
0.314633
0.306566
0.240293
0.337558
0.299973
0.281016
0.305463
0.262755
0.345769
0.264739
0.396473
0.271665
0.306087
0.301698
0.237563
0.331434
0.312962
0.305729
0.344340
0.353318
0.274142
0.314516
0.263882
0.330989
0.256578
0.309453
0.248139
0.397134
0.328640
0.370195
0.280683
0.324677
0.322862
0.279397
0.271940
0.385971
0.213514
0.220783
0.249602
0.286415
0.399791
0.278160
0.334039
0.227862
0.307691
0.326265
0.316445
0.452581
0.398780
0.373374
0.360753
0.300544
0.264115
0.245621
0.284090
0.325545
0.309774
0.276536
0.287508
0.283793
0.322750
0.279963
0.278268
0.214249
0.315714
0.324920
0.289309
0.197134
0.204694
0.256320
0.280917
0.326902
0.278548
0.258500
0.354430
0.229677
0.321639
0.296637
0.423035
0.432795
0.391096
0.371709
0.383249
0.379732
0.303243
0.448030
0.258448
0.349680
0.257828
0.295553
0.303838
0.440371
0.268665
0.300745
0.272744
0.243019
0.208358
0.310560
0.317940
0.374405
0.195726
0.268187
0.249589
0.296464
0.313316
0.398889
0.237081
0.338889
0.352974
0.300733
0.482422
0.293603
0.369000
0.260278
0.252243
0.213294
0.277470
0.399813
0.318317
0.471833
0.275224
0.307988
0.359301
0.353845
0.416596
0.501750
0.431104
0.362457
0.304291
0.336145
0.248073
0.313890
0.243727
0.340037
0.344724
0.208061
0.269708
0.379056
0.339559
0.389461
0.310450
0.332343
0.307439
0.215516
0.269311
0.504672
0.329668
0.325175
0.282767
0.308243
0.310391
0.327763
0.368303
0.306989
0.351237
0.388872
0.353485
0.403567
0.323862
0.232948
0.248946
0.294585
0.246203
0.262639
0.229712
0.211127
0.214351
0.268904
0.228413
0.275303
0.422307
0.284401
0.303505
0.226170
0.262208
0.276657
0.303835
0.223578
0.193406
0.269633
0.226943
0.208217
0.301019
0.247019
0.295199
0.191992
0.258720
0.267585
0.328064
0.371770
0.417912
0.353027
0.339726
0.247339
0.389559
0.506421
0.379725
0.380126
0.344623
0.290459
0.213428
0.351298
0.291090
0.333574
0.336765
0.359093
0.281221
0.283378
0.346903
0.308349
0.264026
0.245010
0.267754
0.382576
0.354766
0.342051
0.272061
0.275403
0.442708
0.368835
0.329382
0.281568
0.354242
0.298507
0.292974
0.356352
0.337276
0.630818
0.335180
0.342213
0.356799
0.333614
0.563880
0.259519
0.300822
0.249877
0.206101
0.304345
0.333724
0.325377
0.281926
0.420438
0.258043
0.271724
0.322358
0.278064
0.399959
0.352786
0.321236
0.240145
0.242779
0.284197
0.317890
0.325357
0.330319
0.321698
0.329461
0.232894
0.230453
0.266755
0.342926
0.239895
0.192488
0.192087
0.267380
0.266638
0.356780
0.315089
0.288445
0.206223
0.255246
0.194481
0.346371
0.302164
0.350148
0.260321
0.506587
0.316603
0.286040
0.326327
0.209965
0.325377
0.338764
0.247575
0.322055
0.302873
0.285546
0.365529
0.355050
0.297235
0.233969
0.268069
0.279682
0.333178
0.308580
0.374954
0.422787
0.341833
0.227288
0.380397
0.270592
0.308791
0.277986
0.302899
0.278776
0.259831
0.302834
0.293783
0.250703
0.339098
0.237807
0.374925
0.329871
0.277275
0.273036
0.372205
0.341943
0.330303
0.356398
0.213754
0.287875
0.220572
0.354530
0.287116
0.292140
0.339580
0.264642
0.258215
0.285517
0.253906
0.293776
0.400536
0.299745
0.350222
0.305697
0.179895
0.336223
0.224507
0.282846
0.218922
0.296614
0.373717
0.306702
0.462318
0.335623
0.391364
0.256786
0.321139
0.306862
0.276556
0.462293
0.282785
0.327107
0.281968
0.281098
0.424155
0.346748
0.309232
0.291069
0.232740
0.342276
0.261333
0.226118
0.234571
0.280698
0.363751
0.289294
0.402147
0.388288
0.287645
0.337901
0.373718
0.281340
0.302486
0.306744
0.352222
0.397978
0.643885
0.517146
0.318591
0.314878
0.433123
0.459255
0.384731
0.413810
0.430096
0.408241
0.463068
0.386898
0.356867
0.264504
0.375277
0.197380
0.373526
0.399904
0.337844
0.339932
0.367542
0.333161
0.352350
0.320453
0.371941
0.194602
0.256193
0.284995
0.296552
0.234180
0.314149
0.348407
0.359258
0.288005
0.338288
0.352295
0.334845
0.346581
0.333942
0.287558
0.345227
0.238463
0.272265
0.296046
0.287005
0.241845
0.246756
0.273837
0.300706
0.352369
0.293454
0.346289
0.243248
0.336990
0.302566
0.299376
0.371098
0.343355
0.319598
0.305262
0.403942
0.269269
0.330334
0.377506
0.302741
0.212518
0.325174
0.267554
0.269025
0.295624
0.254362
0.311727
0.300901
0.234831
0.375880
0.290185
0.360478
0.232038
0.278019
0.309471
0.230996
0.292587
0.291657
0.297501
0.308819
0.293810
0.323768
0.321998
0.342828
0.299014
0.303074
0.278507
0.158961
0.288409
0.285051
0.315585
0.326829
0.307959
0.224452
0.397797
0.266015
0.305375
0.315889
0.329680
0.313973
0.367177
0.332652
0.469073
0.386616
0.319198
0.316372
0.319216
0.317261
0.309978
0.274278
0.321978
0.244518
0.363678
0.351957
0.410020
0.563407
0.293075
0.383487
0.269904
0.293670
0.300372
0.272358
0.254937
0.313003
0.238931
0.507801
0.366328
0.370905
0.442051
0.626371
0.441108
0.317451
0.323078
0.274479
0.352931
0.272225
0.291484
0.270298
0.279078
0.293444
0.263671
0.323413
0.281633
0.397203
0.280357
0.323509
0.266847
0.322078
0.301346
0.345919
0.332450
0.404810
0.293918
0.296350
0.331836
0.410435
0.402587
0.499021
0.324936
0.290001
0.330744
0.330037
0.461792
0.288491
0.362347
0.278898
0.300708
0.349210
0.290676
0.302810
0.307967
0.333711
0.292134
0.289396
0.301449
0.411527
0.315838
0.352485
0.277128
0.331935
0.356287
0.277152
0.345524
0.356386
0.462184
0.318509
0.390888
0.259078
0.314802
0.301401
0.320907
0.340045
0.300252
0.215677
0.226071
0.295148
0.274062
0.342232
0.367929
0.249984
0.280291
0.454960
0.296279
0.313944
0.235801
0.284516
0.323143
0.269148
0.333145
0.334029
0.383391
0.233759
0.270730
0.272233
0.409706
0.510152
0.463925
0.337921
0.323602
0.458918
0.257112
0.299336
0.240205
0.338556
0.333488
0.499404
0.349129
0.332816
0.341454
0.253647
0.319444
0.251595
0.218898
0.282372
0.195133
0.246104
0.350214
0.341498
0.371556
0.319099
0.406688
0.252776
0.337585
0.275397
0.253647
0.370309
0.321249
0.319782
0.292304
0.248398
0.286283
0.250338
0.253522
0.329081
0.425774
0.303596
0.278228
0.312005
0.194451
0.361578
0.306488
0.329971
0.376790
0.377972
0.310023
0.329012
0.275102
0.336931
0.274945
0.348584
0.398378
0.320813
0.520538
0.359800
0.457597
0.242664
0.426876
0.312455
0.445895
0.387965
0.257321
0.280335
0.338792
0.218039
0.234019
0.234930
0.310478
0.185248
0.282088
0.301255
0.198502
0.273396
0.271407
0.193464
0.303921
0.246918
0.250281
0.209031
0.294594
0.321646
0.426617
0.440758
0.261062
0.289517
0.403723
0.335223
0.247227
0.497979
0.395183
0.511541
0.358282
0.334239
0.353997
0.368396
0.332945
0.373431
0.363908
0.295859
0.363050
0.322539
0.387993
0.337724
0.255469
0.182148
0.225253
0.190134
0.280078
0.289458
0.300668
0.248334
0.231830
0.315510
0.371771
0.352368
0.298156
0.413537
0.428697
0.463020
0.349866
0.320276
0.383610
0.313148
0.393335
0.299099
0.328646
0.312293
0.328984
0.320673
0.365474
0.248023
0.303693
0.400422
0.250186
0.361478
0.329686
0.296115
0.367258
0.332896
0.394729
0.437085
0.300596
0.225780
0.177554
0.267808
0.285030
0.232092
0.201979
0.265537
0.233341
0.304995
0.251056
0.210225
0.237323
0.228783
0.289948
0.336310
0.285273
0.232349
0.256315
0.334051
0.302791
0.298264
0.306808
0.533935
0.375973
0.369369
0.350835
0.314095
0.296505
0.255291
0.249866
0.290711
0.440044
0.527898
0.305850
0.367344
0.257110
0.282704
0.238693
0.310070
0.201929
0.255140
0.303940
0.293973
0.371749
0.333958
0.301960
0.254225
0.331117
0.448284
0.428948
0.260392
0.347793
0.376164
0.261315
0.293617
0.232785
0.351855
0.373681
0.237435
0.386625
0.217480
0.366383
0.341005
0.479476
0.554352
0.499724
0.352819
0.276708
0.394386
0.433448
0.305846
0.299469
0.272664
0.305791
0.231091
0.287676
0.347924
0.321784
0.340563
0.302856
0.259815
0.276618
0.342034
0.312767
0.246897
0.334586
0.291155
0.316247
0.305156
0.368433
0.375119
0.340663
0.274876
0.231890
0.293720
0.300071
0.225525
0.373803
0.324727
0.272787
0.370974
0.303107
0.279023
0.236732
0.273916
0.310499
0.333329
0.334188
0.329532
0.354382
0.309217
0.291891
0.289841
0.333755
0.315121
0.245751
0.324772
0.249381
0.342912
0.250085
0.392873
0.305459
0.309637
0.291744
0.330550
0.317079
0.261327
0.396576
0.349326
0.303321
0.484310
0.349003
0.392086
0.470279
0.392460
0.351800
0.326214
0.340366
0.337654
0.337230
0.397662
0.287657
0.321012
0.337046
0.257309
0.323130
0.354188
0.238388
0.310390
0.298200
0.248311
0.372509
0.314038
0.344937
0.390772
0.314418
0.256488
0.307628
0.341926
0.311025
0.407793
0.402467
0.305209
0.320001
0.292533
0.269968
0.320803
0.369109
0.425531
0.445048
0.301651
0.247816
0.244766
0.267569
0.318799
0.265289
0.386155
0.288540
0.329509
0.262087
0.202222
0.253265
0.251803
0.320695
0.323353
0.339009
0.242520
0.315404
0.310642
0.320311
0.358401
0.293753
0.368516
0.419903
0.307287
0.322814
0.348296
0.308372
0.327400
0.338722
0.327295
0.368518
0.287308
0.363589
0.314091
0.298348
0.272366
0.354048
0.300158
0.264121
0.222874
0.272765
0.324681
0.338094
0.303822
0.264498
0.369374
0.273976
0.288425
0.394524
0.278910
0.382967
0.488047
0.495359
0.334630
0.267103
0.385827
0.336606
0.414833
0.316908
0.401190
0.278853
0.215006
0.254606
0.398890
0.360190
0.499861
0.346863
0.251491
0.315935
0.304305
0.395868
0.477570
0.291218
0.278271
0.325542
0.396092
0.357623
0.230448
0.383408
0.238774
0.347111
0.301986
0.371217
0.356733
0.337697
0.325073
0.283690
0.298414
0.366101
0.322382
0.390847
0.259431
0.212443
0.393521
0.212552
0.292418
0.246679
0.305563
0.349126
0.306392
0.240984
0.297463
0.376563
0.452936
0.330199
0.316039
0.235256
0.216691
0.339148
0.377708
0.362983
0.599648
0.462311
0.331896
0.340776
0.296408
0.323623
0.267834
0.272267
0.318446
0.276805
0.338310
0.613346
0.421216
0.521982
0.331121
0.268028
0.538278
0.316067
0.422485
0.339146
0.583079
0.546426
0.457256
0.384688
0.308398
0.440030
0.396180
0.425860
0.320743
0.333739
0.290609
0.235380
0.319611
0.286553
0.307892
0.258676
0.224792
0.247793
0.309880
0.379856
0.379236
0.292538
0.295568
0.335354
0.319907
0.292950
0.331652
0.202001
0.271825
0.253101
0.236949
0.235797
0.326304
0.230775
0.312419
0.259322
0.353781
0.313757
0.379062
0.282137
0.314826
0.352134
0.354163
0.313630
0.304598
0.415790
0.376118
0.298252
0.418862
0.270262
0.314398
0.294866
0.330417
0.469215
0.316011
0.359025
0.325702
0.481845
0.409237
0.278974
0.219003
0.284511
0.361038
0.344427
0.458102
0.499964
0.427032
0.385497
0.360420
0.451516
0.405787
0.498299
0.289373
0.328919
0.263987
0.316288
0.306192
0.264936
0.293366
0.247366
0.206845
0.365148
0.225063
0.340501
0.294637
0.272764
0.304959
0.346740
0.414685
0.318212
0.240228
0.251387
0.235939
0.279003
0.252487
0.315646
0.277336
0.215586
0.216619
0.297106
0.231035
0.366404
0.265903
0.322040
0.267812
0.292707
0.237706
0.354786
0.284140
0.359701
0.227561
0.342117
0.353469
0.300143
0.299588
0.238160
0.325314
0.250038
0.322581
0.367395
0.289154
0.351448
0.268875
0.438861
0.303672
0.346925
0.416910
0.332462
0.317290
0.267993
0.390650
0.212905
0.260545
0.179949
0.263217
0.407370
0.296369
0.580702
0.371350
0.394506
0.302707
0.390342
0.333401
0.577165
0.360212
0.348058
0.384618
0.398969
0.594414
0.322100
0.460773
0.309867
0.448344
0.299231
0.401273
0.239546
0.241345
0.243307
0.218791
0.295808
0.285185
0.256341
0.363281
0.398408
0.276608
0.353243
0.482146
0.297622
0.275586
0.256475
0.296266
0.374829
0.327011
0.309651
0.382417
0.283553
0.287177
0.308950
0.290336
0.265525
0.467065
0.277590
0.360508
0.265006
0.303496
0.283784
0.313047
0.263163
0.357436
0.308977
0.581028
0.296730
0.322256
0.334407
0.420200
0.408915
0.459189
0.245368
0.279609
0.379573
0.477176
0.408794
0.353937
0.337674
0.275321
0.309563
0.259597
0.429660
0.279691
0.270221
0.336148
0.410625
0.282478
0.376252
0.286640
0.297797
0.315371
0.269351
0.197420
0.398164
0.209518
0.335210
0.280687
0.406761
0.573215
0.417761
0.329644
0.503550
0.377474
0.592527
0.368766
0.328027
0.293327
0.315982
0.295043
0.284144
0.315812
0.215561
0.381602
0.303625
0.333864
0.316173
0.356895
0.318891
0.309115
0.297489
0.271767
0.308202
0.265338
0.325477
0.167541
0.361346
0.223050
0.316219
0.255829
0.290541
0.258706
0.305092
0.257565
0.319179
0.306001
0.315932
0.298051
0.273732
0.262795
0.304140
0.304383
0.265425
0.248062
0.289271
0.277487
0.521865
0.323770
0.404723
0.302560
0.373891
0.455997
0.439083
0.424081
0.323665
0.394913
0.350735
0.403735
0.535370
0.280198
0.288929
0.345554
0.319039
0.283755
0.215402
0.252903
0.237194
0.239661
0.372517
0.418300
0.562612
0.418751
0.382455
0.390785
0.579153
0.467580
0.532372
0.313091
0.392919
0.214963
0.240441
0.362539
0.311651
0.372903
0.325133
0.330987
0.378757
0.364143
0.334302
0.363569
0.337468
0.292706
0.291348
0.237365
0.334161
0.281376
0.322682
0.269530
0.242392
0.303468
0.286129
0.397444
0.214258
0.316721
0.282546
0.302578
0.256254
0.305449
0.310167
0.213156
0.245210
0.233340
0.310397
0.340225
0.307237
0.264598
0.393354
0.187582
0.283963
0.257376
0.248938
0.272755
0.320360
0.328180
0.278213
0.335634
0.269984
0.235452
0.246645
0.366170
0.238770
0.289430
0.286900
0.268942
0.223087
0.239747
0.286527
0.294787
0.289480
0.265396
0.217603
0.254299
0.294561
0.276272
0.265385
0.410431
0.353035
0.524764
0.298423
0.393282
0.376096
0.390103
0.349154
0.411782
0.280143
0.446911
0.243919
0.324595
0.222664
0.355455
0.281174
0.343044
0.325260
0.376044
0.328805
0.310919
0.322524
0.335603
0.283705
0.299622
0.233237
0.272205
0.326870
0.297436
0.234323
0.241951
0.242782
0.248178
0.276990
0.217970
0.299286
0.223702
0.276769
0.246809
0.242658
0.233754
0.241351
0.261162
0.274042
0.288312
0.268769
0.299449
0.292023
0.384896
0.337631
0.252750
0.286031
0.278082
0.349066
0.265068
0.240412
0.263529
0.198373
0.304896
0.311782
0.348496
0.383899
0.279564
0.297545
0.321131
0.371746
0.300070
0.299182
0.322943
0.294067
0.217141
0.385539
0.296017
0.357212
0.278090
0.289168
0.240198
0.340368
0.278370
0.376834
0.285106
0.284320
0.257658
0.197800
0.313348
0.193942
0.228869
0.236986
0.341499
0.325715
0.340387
0.334381
0.376933
0.317716
0.402725
0.380009
0.386286
0.241121
0.231589
0.302681
0.312710
0.261769
0.323967
0.288636
0.364240
0.338304
0.334205
0.486305
0.336279
0.414922
0.263938
0.290342
0.258703
0.222025
0.298871
0.325178
0.247259
0.284693
0.369620
0.304234
0.401949
0.310490
0.341806
0.302542
0.357600
0.199153
0.205987
0.245502
0.271159
0.379640
0.237993
0.238351
0.205759
0.275629
0.331187
0.371117
0.318176
0.421499
0.422403
0.490912
0.236024
0.334245
0.270031
0.286907
0.241434
0.281618
0.374322
0.662553
0.456098
0.444693
0.505509
0.658159
0.336268
0.277805
0.261181
0.398588
0.461480
0.420663
0.384411
0.491040
0.283267
0.422894
0.237887
0.425511
0.289934
0.344254
0.251523
0.363885
0.268327
0.423201
0.257755
0.306470
0.354171
0.259842
0.277063
0.304061
0.318986
0.379717
0.298292
0.277279
0.459680
0.245830
0.276152
0.244461
0.372933
0.289116
0.329528
0.269452
0.225124
0.365678
0.329601
0.390723
0.291809
0.323192
0.291512
0.407115
0.261413
0.326300
0.335875
0.340053
0.284704
0.250569
0.265906
0.194736
0.330739
0.262377
0.261209
0.259512
0.316569
0.276813
0.369494
0.295303
0.241946
0.205606
0.342507
0.246413
0.382637
0.276059
0.287699
0.290931
0.327183
0.326008
0.244199
0.322672
0.257401
0.293436
0.215366
0.276717
0.297885
0.298708
0.232381
0.245363
0.294275
0.267455
0.275068
0.273671
0.311184
0.251858
0.358678
0.306227
0.297644
0.265536
0.305020
0.297512
0.320821
0.422462
0.264199
0.324514
0.379651
0.356156
0.274052
0.385174
0.330367
0.256161
0.309122
0.282217
0.365711
0.306937
0.355775
0.332172
0.375945
0.325071
0.380110
0.307829
0.264579
0.357114
0.435350
0.280379
0.350735
0.335673
0.342598
0.345268
0.343109
0.323201
0.266789
0.325838
0.326650
0.296864
0.228780
0.288009
0.246445
0.270603
0.363422
0.216975
0.235436
0.299805
0.251678
0.268611
0.286274
0.274951
0.343052
0.391503
0.324767
0.319674
0.221761
0.325308
0.337154
0.402873
0.350628
0.278662
0.261295
0.385042
0.330900
0.303774
0.322266
0.470912
0.498930
0.372651
0.344766
0.273603
0.385320
0.299111
0.310133
0.230228
0.238092
0.330214
0.418414
0.376135
0.333903
0.740807
0.525368
0.617689
0.366994
0.400678
0.429874
0.245952
0.305339
0.251582
0.277441
0.210437
0.284094
0.327362
0.267443
0.341000
0.341690
0.237438
0.325746
0.219808
0.309611
0.299379
0.327107
0.420086
0.277587
0.273473
0.259957
0.258739
0.280129
0.282978
0.255256
0.249277
0.241913
0.317961
0.343956
0.266202
0.210328
0.270600
0.316931
0.279151
0.303598
0.322836
0.344852
0.361859
0.286438
0.229074
0.277789
0.244137
0.239128
0.238158
0.543078
0.357274
0.347204
0.217264
0.309705
0.330405
0.286326
0.317263
0.253532
0.201085
0.264152
0.272975
0.536885
0.288676
0.348913
0.314254
0.397512
0.275187
0.274956
0.332033
0.321063
0.311195
0.300260
0.293598
0.391937
0.507916
0.363824
0.439976
0.319993
0.355582
0.343210
0.358266
0.455540
0.235186
0.377758
0.314803
0.584255
0.648854
0.614798
0.344055
0.494638
0.199900
0.315041
0.211307
0.256929
0.321061
0.577558
0.303179
0.308909
0.347563
0.278963
0.339338
0.310372
0.312899
0.312761
0.369899
0.264213
0.293446
0.285279
0.345998
0.352259
0.386137
0.288446
0.286409
0.451051
0.300859
0.419353
0.236745
0.265548
0.298209
0.264354
0.239275
0.251558
0.314300
0.251408
0.372443
0.482565
0.551558
0.342962
0.293099
0.319757
0.320367
0.320046
0.280075
0.283399
0.572772
0.407058
0.558981
0.353919
0.321725
0.348644
0.287261
0.349200
0.314772
0.422350
0.395016
0.351819
0.274314
0.373435
0.368609
0.245054
0.261761
0.224962
0.290961
0.364342
0.356813
0.480070
0.456648
0.598163
0.377289
0.315305
0.196717
0.241692
0.269350
0.250077
0.421774
0.459590
0.357585
0.301406
0.539850
0.304723
0.380839
0.322465
0.295175
0.290942
0.290314
0.337905
0.277863
0.266814
0.274923
0.303158
0.288243
0.286980
0.355886
0.224267
0.408935
0.300279
0.359481
0.406134
0.405654
0.329231
0.216943
0.317737
0.293758
0.253579
0.268916
0.224148
0.279766
0.241058
0.239962
0.265053
0.370402
0.333939
0.412826
0.310368
0.344348
0.504336
0.566800
0.259515
0.276467
0.266599
0.330474
0.339026
0.268547
0.360354
0.452250
0.299456
0.310093
0.412515
0.237682
0.400741
0.291390
0.333400
0.493001
0.475471
0.338839
0.261366
0.249964
0.273853
0.246087
0.262417
0.222985
0.200781
0.267896
0.329699
0.320286
0.277888
0.344448
0.335822
0.337638
0.265589
0.313128
0.298675
0.314866
0.319113
0.366137
0.317938
0.313843
0.359305
0.371870
0.274727
0.357324
0.244632
0.334390
0.265957
0.367581
0.326867
0.346683
0.259986
0.355254
0.281217
0.397103
0.382471
0.487475
0.354269
0.266003
0.337629
0.307934
0.433350
0.276777
0.310130
0.255592
0.414787
0.271776
0.313825
0.306565
0.279957
0.206695
0.261328
0.235199
0.351252
0.356578
0.350716
0.303636
0.320602
0.403129
0.292123
0.291912
0.243563
0.287454
0.414588
0.267996
0.294298
0.231820
0.266667
0.252856
0.259453
0.454743
0.333932
0.457347
0.366617
0.615446
0.262708
0.327075
0.352666
0.280581
0.226381
0.253652
0.285334
0.223326
0.353174
0.306710
0.310023
0.303748
0.318647
0.355250
0.424374
0.418724
0.370104
0.382354
0.281986
0.271218
0.310593
0.333296
0.309445
0.523719
0.287942
0.327340
0.280464
0.376216
0.412842
0.320343
0.306396
0.227101
0.359809
0.229037
0.226383
0.219788
0.289608
0.312936
0.319727
0.316508
0.339955
0.576884
0.394709
0.279625
0.339206
0.269518
0.361548
0.303575
0.523125
0.394850
0.609443
0.347432
0.279364
0.391487
0.251521
0.330112
0.310835
0.256680
0.222465
0.213284
0.324557
0.293545
0.264417
0.422364
0.299117
0.259184
0.301744
0.209738
0.249676
0.339025
0.330799
0.310938
0.215483
0.247619
0.257421
0.217023
0.276378
0.257461
0.285795
0.329771
0.211024
0.212385
0.232779
0.204879
0.328442
0.216600
0.276957
0.277472
0.380712
0.275213
0.447354
0.342589
0.509017
0.228336
0.293774
0.211450
0.301272
0.222895
0.249653
0.263043
0.271543
0.348357
0.205117
0.242091
0.344238
0.298104
0.237394
0.283907
0.340917
0.248538
0.306609
0.357978
0.258704
0.312700
0.318679
0.354665
0.303377
0.300770
0.459910
0.222771
0.380739
0.304164
0.348029
0.288139
0.312388
0.507247
0.326683
0.386142
0.292696
0.315709
0.564424
0.321274
0.281671
0.286245
0.260056
0.302976
0.283873
0.378621
0.257613
0.343137
0.367311
0.294708
0.357319
0.249809
0.336905
0.320710
0.315134
0.353953
0.255613
0.409607
0.297236
0.421358
0.398273
0.234163
0.225438
0.325575
0.308225
0.405954
0.333306
0.429804
0.218699
0.262766
0.298115
0.241136
0.550935
0.367283
0.458849
0.339066
0.293393
0.474412
0.341099
0.279731
0.374382
0.371675
0.315127
0.274911
0.275684
0.330297
0.431330
0.301265
0.337717
0.332574
0.324061
0.246875
0.306310
0.252736
0.430712
0.385804
0.256159
0.290669
0.235856
0.270718
0.334466
0.199259
0.271715
0.332031
0.226504
0.348947
0.332649
0.374763
0.307159
0.248149
0.202003
0.257895
0.309188
0.303392
0.277839
0.240426
0.320464
0.376789
0.301151
0.244618
0.268160
0.269544
0.300933
0.318364
0.300486
0.333020
0.272618
0.320949
0.337552
0.234589
0.332152
0.325191
0.290533
0.321535
0.261962
0.286855
0.292605
0.269956
0.255468
0.347979
0.295027
0.266179
0.280360
0.335945
0.335607
0.325491
0.322347
0.295477
0.249429
0.303798
0.290060
0.351029
0.266356
0.305578
0.247419
0.290968
0.262428
0.305074
0.361567
0.291105
0.333021
0.363083
0.284890
0.537424
0.299173
0.274526
0.273833
0.387007
0.300391
0.338568
0.301653
0.328041
0.353109
0.334762
0.435875
0.337493
0.319260
0.289684
0.255111
0.323967
0.320330
0.266316
0.433661
0.332382
0.310795
0.321835
0.246557
0.371251
0.461310
0.398007
0.300919
0.226278
0.233903
0.224349
0.222769
0.195642
0.362776
0.234036
0.388962
0.322695
0.319463
0.346506
0.328823
0.323272
0.324954
0.347926
0.277054
0.371750
0.314647
0.336045
0.340409
0.352106
0.351230
0.314044
0.355728
0.275051
0.358270
0.314260
0.455540
0.317478
0.321813
0.336081
0.203997
0.255470
0.302294
0.312668
0.216240
0.314059
0.252570
0.305047
0.268109
0.199102
0.350603
0.244216
0.348194
0.342967
0.554715
0.297643
0.406938
0.259543
0.368172
0.301425
0.308030
0.323274
0.329051
0.403846
0.406923
0.348348
0.291738
0.416863
0.478744
0.356267
0.314801
0.233202
0.302303
0.342373
0.223154
0.290550
0.307250
0.264981
0.267947
0.250443
0.311353
0.447442
0.227076
0.344608
0.253362
0.259365
0.290387
0.263012
0.304078
0.330586
0.279144
0.370463
0.326319
0.286622
0.360163
0.267448
0.333866
0.265919
0.328896
0.559409
0.298728
0.285471
0.277068
0.271688
0.264607
0.423262
0.466463
0.303221
0.348205
0.302824
0.421983
0.267542
0.270935
0.322240
0.353434
0.288193
0.214438
0.371473
0.311051
0.494206
0.365979
0.338770
0.255532
0.408296
0.339353
0.343749
0.330940
0.278155
0.227372
0.294626
0.224853
0.315423
0.270899
0.372894
0.280999
0.372774
0.282530
0.260465
0.356039
0.339140
0.501760
0.332685
0.365408
0.320710
0.375763
0.319474
0.316030
0.252781
0.407986
0.193730
0.273874
0.268887
0.350555
0.284482
0.335605
0.270821
0.293276
0.276341
0.328081
0.342232
0.544646
0.343583
0.300044
0.217811
0.264585
0.302582
0.265703
0.243253
0.317859
0.328177
0.236614
0.284212
0.307921
0.390157
0.348526
0.370571
0.571432
0.308165
0.361859
0.267211
0.232172
0.314700
0.286844
0.337255
0.398088
0.369121
0.389195
0.369977
0.293936
0.286768
0.234586
0.437184
0.327705
0.279099
0.333188
0.271399
0.247712
0.260235
0.277083
0.310629
0.242173
0.229261
0.348165
0.314192
0.386728
0.210858
0.263717
0.164062
0.210650
0.278218
0.339318
0.306477
0.298861
0.382726
0.245681
0.362151
0.430073
0.492184
0.345523
0.327921
0.410838
0.293595
0.353764
0.351168
0.411090
0.339793
0.294546
0.291586
0.305040
0.256293
0.301042
0.321109
0.274080
0.352685
0.369117
0.365850
0.383812
0.322547
0.312783
0.264564
0.277640
0.286062
0.335937
0.327686
0.485114
0.570012
0.429123
0.545011
0.324979
0.342092
0.368588
0.441961
0.326027
0.356327
0.279588
0.576156
0.275503
0.314744
0.299972
0.295176
0.321681
0.196029
0.321672
0.291494
0.326268
0.470419
0.348814
0.564584
0.346896
0.381629
0.272358
0.345472
0.239365
0.262757
0.224154
0.305200
0.242667
0.233228
0.275598
0.211422
0.280759
0.325147
0.253381
0.328460
0.252696
0.279518
0.177832
0.326073
0.235207
0.296862
0.280744
0.332615
0.295638
0.169499
0.164611
0.327473
0.198707
0.248862
0.333878
0.311990
0.276358
0.310548
0.209920
0.412146
0.333860
0.497685
0.307938
0.344095
0.314078
0.225495
0.258734
0.270874
0.236820
0.275523
0.296721
0.306310
0.321823
0.269440
0.294487
0.158317
0.354555
0.386846
0.343133
0.307416
0.325034
0.301906
0.374872
0.178700
0.232973
0.277554
0.379878
0.324904
0.378503
0.327807
0.515582
0.509995
0.388782
0.331244
0.375278
0.410608
0.314200
0.253512
0.321838
0.378779
0.360320
0.315536
0.376127
0.370507
0.253045
0.313360
0.313953
0.397359
0.357925
0.220753
0.289083
0.303662
0.254941
0.296483
0.224418
0.227125
0.341477
0.433646
0.245784
0.375838
0.310856
0.331386
0.284428
0.355068
0.320022
0.288334
0.239986
0.265625
0.267472
0.300802
0.286740
0.239606
0.286764
0.327292
0.461138
0.362106
0.430167
0.293567
0.244908
0.283024
0.275821
0.504810
0.436111
0.350955
0.330845
0.276597
0.325555
0.359073
0.349924
0.311628
0.359971
0.348749
0.297882
0.295296
0.298651
0.351961
0.344977
0.301267
0.324146
0.294538
0.286958
0.451965
0.313849
0.460027
0.425743
0.568071
0.350891
0.351122
0.366417
0.320573
0.360362
0.343217
0.249400
0.325021
0.224286
0.241591
0.233710
0.244634
0.286519
0.275115
0.303735
0.300038
0.269576
0.314528
0.324141
0.236761
0.278151
0.303402
0.271696
0.246070
0.292833
0.201861
0.268751
0.235879
0.285488
0.286196
0.278418
0.273590
0.320318
0.266660
0.282869
0.250212
0.294195
0.279440
0.274615
0.323397
0.295373
0.324061
0.391194
0.324466
0.281492
0.297281
0.311846
0.393081
0.344595
0.366554
0.257860
0.273637
0.353449
0.356720
0.225525
0.215954
0.311306
0.261249
0.270519
0.268077
0.474359
0.290912
0.325303
0.234274
0.277610
0.346426
0.269577
0.372968
0.339763
0.239976
0.281038
0.293233
0.267152
0.298053
0.307622
0.281914
0.310030
0.302372
0.320094
0.356848
0.258189
0.282517
0.340334
0.315319
0.445162
0.317429
0.277860
0.197531
0.230431
0.230953
0.273176
0.451123
0.310059
0.436417
0.322159
0.299607
0.278903
0.404367
0.240110
0.295505
0.262761
0.642811
0.264664
0.313887
0.298433
0.285058
0.286975
0.287255
0.341930
0.288073
0.323215
0.293618
0.341697
0.426690
0.425637
0.347767
0.384775
0.325219
0.377978
0.460371
0.333553
0.602136
0.404029
0.647458
0.403515
0.357584
0.573325
0.291837
0.275579
0.330864
0.422459
0.249368
0.291953
0.203538
0.298538
0.339489
0.418028
0.270983
0.272016
0.205781
0.235257
0.320416
0.376281
0.167744
0.126215
0.310760
0.282651
0.268014
0.311891
0.258849
0.234912
0.389458
0.477853
0.477319
0.259647
0.306758
0.281749
0.236200
0.256460
0.274900
0.405325
0.279063
0.395787
0.285264
0.266319
0.319017
0.281919
0.300936
0.228051
0.225942
0.272124
0.254466
0.265231
0.312333
0.211420
0.339949
0.238813
0.290793
0.262777
0.288759
0.310117
0.332031
0.268216
0.363954
0.323177
0.314154
0.280697
0.251011
0.205788
0.288328
0.316955
0.234524
0.225648
0.281616
0.276280
0.343929
0.290631
0.310510
0.268217
0.292585
0.320624
0.353278
0.363606
0.335022
0.343134
0.336276
0.347066
0.313866
0.393315
0.240831
0.297655
0.294108
0.325230
0.359356
0.284736
0.288648
0.232498
0.204230
0.265734
0.323004
0.251561
0.260235
0.337890
0.312561
0.314120
0.347054
0.334490
0.323341
0.338679
0.290769
0.421972
0.600939
0.413556
0.301880
0.380568
0.237904
0.372132
0.467844
0.390683
0.537265
0.225854
0.250570
0.294152
0.366568
0.282173
0.249907
0.266849
0.260272
0.358738
0.327828
0.321146
0.270358
0.274550
0.245908
0.262842
0.377531
0.233444
0.259271
0.211542
0.347265
0.291218
0.382715
0.316086
0.341546
0.310283
0.366449
0.326047
0.322826
0.271690
0.211853
0.346817
0.329472
0.296755
0.441113
0.278536
0.426792
0.293938
0.377639
0.358465
0.376113
0.485851
0.368929
0.371942
0.311866
0.271655
0.429050
0.315248
0.355829
0.325182
0.330406
0.311988
0.312763
0.306187
0.309529
0.332090
0.235079
0.257652
0.494461
0.302271
0.318672
0.259336
0.326227
0.392724
0.260514
0.300910
0.395794
0.619720
0.373776
0.413130
0.293060
0.452913
0.612201
0.403073
0.352014
0.318359
0.301140
0.545789
0.462080
0.269431
0.403831
0.357196
0.383101
0.368291
0.386271
0.383331
0.372334
0.324185
0.355872
0.288637
0.312572
0.182454
0.249602
0.216616
0.159639
0.391682
0.372348
0.544017
0.615593
0.443737
0.400192
0.383608
0.384808
0.321770
0.464250
0.358899
0.251616
0.377080
0.533482
0.342697
0.267290
0.450623
0.284555
0.247253
0.259018
0.346058
0.264778
0.348951
0.302798
0.295601
0.269768
0.298949
0.338478
0.444999
0.375463
0.377636
0.265650
0.280874
0.421420
0.359653
0.399259
0.316054
0.344279
0.280631
0.232469
0.301537
0.236266
0.382337
0.307693
0.236903
0.249832
0.339485
0.296863
0.320045
0.252275
0.256213
0.297095
0.229475
0.307712
0.355096
0.317944
0.547277
0.393545
0.382236
0.317059
0.238463
0.228429
0.268053
0.380416
0.319897
0.483129
0.371141
0.327723
0.368169
0.316077
0.320342
0.317750
0.253491
0.233386
0.295319
0.288335
0.266976
0.220719
0.274686
0.289790
0.297770
0.278979
0.337210
0.317852
0.231673
0.319450
0.317756
0.370445
0.356062
0.223223
0.209971
0.277957
0.344771
0.213899
0.337275
0.311320
0.221327
0.233750
0.240475
0.234315
0.229442
0.293580
0.330996
0.251279
0.325364
0.481699
0.276482
0.257220
0.242949
0.280038
0.298464
0.279233
0.282905
0.268665
0.248362
0.260245
0.258883
0.243489
0.250870
0.318698
0.241573
0.221598
0.249141
0.359942
0.334250
0.272701
0.367641
0.312968
0.211261
0.297417
0.234291
0.311663
0.231217
0.294556
0.244804
0.274937
0.300311
0.271250
0.356142
0.275392
0.319122
0.202734
0.340637
0.286559
0.326435
0.277948
0.224484
0.266740
0.220247
0.351183
0.343730
0.349106
0.275540
0.295933
0.337944
0.311231
0.293817
0.205298
0.363891
0.365520
0.387867
0.353587
0.234457
0.206961
0.193765
0.244037
0.201105
0.308581
0.286817
0.259609
0.285064
0.375167
0.381186
0.338322
0.342704
0.324144
0.470202
0.270111
0.258220
0.303329
0.361456
0.335658
0.284682
0.229458
0.221095
0.345911
0.307079
0.240745
0.326306
0.307224
0.301305
0.149941
0.235343
0.276727
0.237136
0.289143
0.179269
0.334426
0.308390
0.279618
0.317034
0.323641
0.327347
0.268817
0.340605
0.248306
0.302628
0.258073
0.341295
0.341527
0.360850
0.323583
0.322026
0.258478
0.314415
0.267926
0.321106
0.291640
0.218821
0.223868
0.245193
0.236644
0.332421
0.238180
0.303333
0.404068
0.300705
0.436318
0.393470
0.514940
0.307551
0.351236
0.310415
0.278163
0.347239
0.335131
0.351208
0.285719
0.241106
0.337889
0.236208
0.340826
0.272762
0.383051
0.280393
0.397247
0.399520
0.350820
0.322260
0.243203
0.200785
0.260235
0.286781
0.310043
0.336148
0.516908
0.201983
0.292434
0.254582
0.397482
0.234600
0.327597
0.423679
0.491967
0.373408
0.548464
0.484487
0.335156
0.293743
0.384383
0.547306
0.449914
0.258441
0.248129
0.293205
0.349894
0.640988
0.334931
0.354919
0.234006
0.401277
0.319663
0.299959
0.309810
0.328412
0.336029
0.317112
0.313585
0.396380
0.254183
0.330880
0.284084
0.295575
0.314167
0.279547
0.313517
0.257949
0.328161
0.285072
0.300604
0.370038
0.354850
0.292933
0.281834
0.347269
0.276307
0.622516
0.347061
0.254834
0.462484
0.615765
0.315799
0.366756
0.355153
0.292497
0.264446
0.277077
0.351561
0.312609
0.296329
0.330809
0.225210
0.376084
0.346849
0.274946
0.264105
0.310133
0.380391
0.279739
0.518398
0.343556
0.340866
0.248771
0.370526
0.288553
0.252182
0.293041
0.234599
0.316788
0.275989
0.315307
0.426736
0.329473
0.418756
0.293069
0.356826
0.403096
0.305993
0.329730
0.396515
0.272643
0.587576
0.365321
0.386804
0.271623
0.279349
0.207210
0.459672
0.311460
0.627521
0.448654
0.376048
0.296988
0.260093
0.282457
0.337682
0.313521
0.327105
0.281508
0.362949
0.228941
0.307114
0.327669
0.367705
0.282331
0.271866
0.286297
0.196712
0.341430
0.279684
0.461388
0.590535
0.410388
0.379767
0.530707
0.319103
0.307249
0.374003
0.412505
0.336603
0.483956
0.302768
0.496869
0.321150
0.251886
0.321636
0.255473
0.283932
0.276181
0.353206
0.313252
0.373309
0.279624
0.496702
0.315050
0.286105
0.307365
0.257631
0.289323
0.318657
0.246204
0.271453
0.289734
0.247407
0.389128
0.314548
0.392519
0.367828
0.249073
0.301945
0.339933
0.307479
0.308539
0.256891
0.261655
0.332291
0.315778
0.416770
0.325715
0.282241
0.283917
0.283421
0.305228
0.307471
0.209345
0.265154
0.214313
0.252145
0.303092
0.372623
0.348589
0.324730
0.415475
0.336074
0.454931
0.227584
0.354465
0.308364
0.491280
0.332101
0.483930
0.240236
0.299017
0.329631
0.416558
0.603413
0.524561
0.351631
0.260697
0.400649
0.238031
0.246007
0.320612
0.327636
0.305506
0.348196
0.244074
0.499966
0.293074
0.438114
0.347910
0.441001
0.422967
0.545445
0.315273
0.336551
0.307783
0.348651
0.328904
0.194568
0.294260
0.298657
0.270418
0.252409
0.270104
0.284845
0.278222
0.166798
0.320711
0.348800
0.319857
0.309269
0.246258
0.251568
0.271956
0.281794
0.347729
0.342953
0.311407
0.289129
0.335431
0.320785
0.280040
0.369040
0.292148
0.494526
0.286119
0.356363
0.308913
0.318104
0.286293
0.255664
0.396891
0.390670
0.540585
0.271401
0.259849
0.296095
0.294766
0.431111
0.313628
0.336746
0.201904
0.261008
0.349765
0.298146
0.357193
0.335171
0.468477
0.346361
0.453826
0.494261
0.278794
0.303993
0.488585
0.404749
0.405485
0.552675
0.520877
0.321473
0.318633
0.280656
0.281871
0.316626
0.375171
0.509397
0.384382
0.330083
0.404245
0.283959
0.212661
0.209993
0.227865
0.270908
0.191811
0.341864
0.224912
0.312727
0.247340
0.208044
0.278004
0.359905
0.246501
0.494663
0.252005
0.334939
0.228967
0.387117
0.334484
0.344488
0.349442
0.335183
0.572667
0.304917
0.458123
0.397946
0.324488
0.322436
0.324504
0.316872
0.479124
0.237589
0.247262
0.274498
0.248493
0.324825
0.225548
0.296804
0.323337
0.308682
0.367043
0.304130
0.404009
0.555198
0.375905
0.250054
0.215032
0.374564
0.309105
0.295981
0.375769
0.341137
0.386053
0.331737
0.319014
0.416608
0.421095
0.475277
0.431572
0.353597
0.443607
0.388261
0.461562
0.383591
0.315523
0.399657
0.283138
0.314379
0.192983
0.350410
0.345026
0.316187
0.295624
0.399377
0.312917
0.363636
0.319787
0.410747
0.464670
0.275405
0.332381
0.313069
0.356033
0.348701
0.273347
0.321249
0.393314
0.304742
0.202479
0.244290
0.339863
0.426505
0.391564
0.627496
0.482398
0.313151
0.270446
0.335845
0.364578
0.381229
0.323465
0.332031
0.300813
0.345649
0.218453
0.343901
0.322444
0.220646
0.270459
0.228931
0.354252
0.313182
0.310883
0.285325
0.255917
0.214791
0.221324
0.228686
0.340140
0.387857
0.341505
0.359150
0.369805
0.410889
0.346006
0.315184
0.344703
0.273837
0.372190
0.254206
0.265269
0.301353
0.264097
0.331308
0.270893
0.250454
0.287589
0.569252
0.361789
0.352814
0.292535
0.202439
0.267246
0.295418
0.203471
0.308567
0.347837
0.216094
0.315909
0.345660
0.308058
0.324507
0.269280
0.332020
0.370123
0.406209
0.309369
0.300164
0.375861
0.410008
0.332544
0.320390
0.326992
0.184220
0.380731
0.371189
0.274658
0.289704
0.245880
0.264605
0.329085
0.335260
0.345583
0.209856
0.285825
0.267884
0.315479
0.276774
0.253089
0.232598
0.291861
0.229629
0.239225
0.297818
0.385230
0.282990
0.288957
0.350645
0.296101
0.373974
0.364496
0.361598
0.340528
0.322493
0.253724
0.325096
0.254579
0.280970
0.274440
0.343497
0.282979
0.214472
0.296446
0.213601
0.240056
0.309588
0.233358
0.326968
0.502167
0.378548
0.309765
0.403188
0.422750
0.281452
0.453992
0.289632
0.268932
0.364748
0.291729
0.344642
0.270747
0.250245
0.258431
0.315077
0.218109
0.329634
0.398702
0.335672
0.283440
0.279724
0.260029
0.215722
0.246534
0.306658
0.281558
0.334198
0.236514
0.397597
0.315281
0.358378
0.358022
0.409701
0.289012
0.284978
0.351288
0.281992
0.343173
0.304094
0.267774
0.325486
0.318463
0.366885
0.265327
0.240002
0.315694
0.257448
0.303901
0.226025
0.259204
0.261941
0.292135
0.256388
0.284615
0.243470
0.304175
0.370861
0.238885
0.329668
0.303611
0.283696
0.355643
0.225940
0.341777
0.248449
0.288306
0.395171
0.470834
0.355044
0.294656
0.423385
0.200920
0.357135
0.244833
0.293233
0.252918
0.397815
0.425962
0.285006
0.294032
0.283941
0.240133
0.398843
0.383644
0.329416
0.207527
0.274935
0.322911
0.303094
0.269311
0.312450
0.354687
0.349971
0.372071
0.288102
0.443180
0.299910
0.232470
0.216700
0.240407
0.343282
0.289473
0.287981
0.408108
0.301226
0.251284
0.327451
0.462423
0.498165
0.354426
0.327119
0.298491
0.314521
0.301421
0.364015
0.296639
0.301245
0.335166
0.312229
0.333698
0.226672
0.313907
0.321640
0.280010
0.357484
0.347395
0.347689
0.272570
0.318556
0.366505
0.425920
0.396467
0.352470
0.544018
0.305239
0.151076
0.277647
0.282646
0.218417
0.309595
0.325483
0.318954
0.326204
0.330812
0.382172
0.388013
0.312432
0.320148
0.375630
0.261284
0.249452
0.280981
0.357785
0.239214
0.270586
0.249462
0.296800
0.305274
0.362087
0.356032
0.364250
0.351002
0.351567
0.356465
0.359077
0.351212
0.547467
0.287104
0.332250
0.288172
0.320767
0.361181
0.453551
0.295076
0.308635
0.195060
0.319118
0.426484
0.290697
0.272938
0.285878
0.324919
0.245598
0.317833
0.264076
0.259725
0.306128
0.342857
0.338200
0.374716
0.340859
0.388744
0.271609
0.325685
0.323155
0.335801
0.419760
0.342491
0.322479
0.270906
0.328803
0.186382
0.215251
0.280333
0.333432
0.285181
0.260564
0.227973
0.223697
0.270374
0.366380
0.498057
0.393120
0.460846
0.422759
0.314221
0.456962
0.400849
0.571173
0.530421
0.376195
0.330611
0.447523
0.315172
0.383904
0.291199
0.357031
0.284833
0.360194
0.393782
0.318141
0.385927
0.345799
0.371389
0.278818
0.375779
0.236715
0.341878
0.201502
0.330406
0.283141
0.320986
0.256471
0.340220
0.332550
0.288373
0.309661
0.312590
0.364963
0.329619
0.425181
0.350494
0.351134
0.273864
0.379133
0.244183
0.416269
0.279385
0.232779
0.305691
0.402780
0.320847
0.332859
0.293903
0.329561
0.394286
0.316918
0.235104
0.285168
0.273578
0.297452
0.242431
0.309867
0.239077
0.329410
0.326364
0.377064
0.325110
0.375781
0.343230
0.333649
0.320243
0.269948
0.375543
0.404196
0.545242
0.376103
0.288459
0.213271
0.239103
0.193020
0.391652
0.282425
0.381459
0.484027
0.373891
0.258088
0.454326
0.306668
0.258293
0.194493
0.306956
0.302660
0.312530
0.328434
0.296511
0.284779
0.350005
0.382443
0.463965
0.471289
0.612007
0.372463
0.394981
0.457294
0.494180
0.389582
0.326906
0.354008
0.477554
0.375120
0.336366
0.552951
0.559023
0.748682
0.621541
0.378882
0.379297
0.429496
0.550207
0.341455
0.209954
0.218022
0.316731
0.356387
0.325029
0.279278
0.292058
0.441472
0.261548
0.310766
0.326394
0.329630
0.274240
0.335623
0.359313
0.362708
0.384945
0.387174
0.687471
0.382158
0.272154
0.251977
0.329185
0.293471
0.323810
0.292090
0.280514
0.231428
0.208166
0.292816
0.353290
0.292129
0.329404
0.243575
0.193546
0.324470
0.227558
0.200858
0.300087
0.251961
0.316956
0.244895
0.333404
0.280783
0.360311
0.232023
0.273548
0.252398
0.319902
0.385317
0.468977
0.413247
0.231506
0.333388
0.425068
0.355173
0.347443
0.284270
0.314327
0.307040
0.285785
0.315577
0.311278
0.223129
0.315342
0.292586
0.332526
0.344577
0.327927
0.345768
0.263213
0.325012
0.284107
0.316623
0.279290
0.369536
0.306409
0.331385
0.298720
0.422555
0.226106
0.308633
0.302199
0.348497
0.373579
0.225113
0.293130
0.211783
0.217699
0.224674
0.271198
0.314472
0.235747
0.346876
0.219423
0.427643
0.301008
0.435447
0.353448
0.238561
0.258115
0.326017
0.431973
0.410416
0.312344
0.451114
0.413940
0.336104
0.298299
0.220065
0.308149
0.209419
0.317120
0.312205
0.271561
0.299593
0.258107
0.302498
0.306248
0.401869
0.303282
0.355269
0.292021
0.394911
0.456087
0.439266
0.305568
0.297981
0.432162
0.358060
0.478289
0.347742
0.338092
0.292238
0.240547
0.352347
0.298731
0.342963
0.262384
0.249799
0.321096
0.326825
0.230069
0.316026
0.231557
0.340531
0.498365
0.358818
0.347614
0.449685
0.344988
0.375723
0.256281
0.353619
0.357179
0.288866
0.304440
0.289363
0.254258
0.282107
0.213673
0.426764
0.356025
0.460432
0.302312
0.335056
0.263365
0.257015
0.307352
0.303413
0.240733
0.310096
0.366057
0.218117
0.263966
0.250358
0.288911
0.343412
0.268676
0.468096
0.388296
0.737512
0.552725
0.287537
0.249271
0.328488
0.458311
0.229306
0.274338
0.263150
0.232028
0.407058
0.261652
0.423145
0.351293
0.329344
0.370652
0.421344
0.189019
0.226229
0.275835
0.258536
0.285855
0.270149
0.314130
0.320698
0.257499
0.277729
0.354931
0.219818
0.298027
0.304562
0.299252
0.312332
0.311839
0.285235
0.277864
0.311180
0.301668
0.292099
0.310380
0.267214
0.264117
0.265536
0.333174
0.218103
0.317935
0.367268
0.278065
0.210532
0.275443
0.260297
0.275662
0.264804
0.329259
0.303162
0.297480
0.292732
0.251251
0.306406
0.334572
0.221093
0.318990
0.323385
0.340210
0.375132
0.452609
0.408523
0.364840
0.420342
0.279356
0.419265
0.274574
0.317029
0.353248
0.244163
0.299583
0.348082
0.301898
0.463904
0.263044
0.223566
0.308236
0.275004
0.276500
0.330376
0.447870
0.396951
0.288569
0.249360
0.285257
0.245855
0.304242
0.374745
0.311674
0.441434
0.383876
0.342122
0.514733
0.351634
0.513296
0.414794
0.264514
0.420094
0.302527
0.412669
0.306738
0.292138
0.334754
0.332679
0.282490
0.280080
0.340041
0.278356
0.322351
0.290248
0.335871
0.269346
0.318731
0.297170
0.305078
0.222442
0.212615
0.368653
0.261557
0.320782
0.215662
0.231295
0.413422
0.265966
0.280876
0.331430
0.280169
0.237595
0.316189
0.244314
0.367049
0.317827
0.345118
0.407990
0.352240
0.288222
0.311479
0.303595
0.292375
0.378827
0.493916
0.380885
0.467904
0.306153
0.266345
0.313043
0.377096
0.351994
0.173861
0.266767
0.209794
0.265513
0.258551
0.336491
0.468248
0.275700
0.319330
0.264712
0.449947
0.397536
0.533540
0.308185
0.262186
0.278566
0.361520
0.290822
0.326204
0.313712
0.343851
0.341957
0.294999
0.366824
0.307722
0.346150
0.384454
0.329848
0.325791
0.321827
0.285411
0.392142
0.407050
0.360535
0.424067
0.337076
0.551075
0.346776
0.424473
0.300453
0.349450
0.315586
0.305285
0.354506
0.336088
0.394161
0.243702
0.367070
0.322232
0.288997
0.277645
0.597911
0.366736
0.352652
0.239363
0.289092
0.202559
0.292625
0.277209
0.257554
0.323809
0.466027
0.295476
0.201264
0.282069
0.372567
0.289505
0.341035
0.210564
0.337545
0.268064
0.323954
0.412773
0.307526
0.267639
0.399899
0.312298
0.262654
0.308071
0.260640
0.240940
0.301199
0.318425
0.375257
0.310275
0.311475
0.280399
0.346092
0.247641
0.380277
0.459427
0.361135
0.369795
0.326775
0.283677
0.336676
0.324353
0.282897
0.307145
0.348083
0.359058
0.327191
0.429971
0.554210
0.249448
0.249640
0.279785
0.290803
0.259452
0.350437
0.270612
0.281063
0.237669
0.304333
0.363328
0.439039
0.263425
0.335440
0.210615
0.328283
0.271113
0.346675
0.263504
0.357465
0.345898
0.291645
0.309950
0.323707
0.258926
0.367096
0.316809
0.341458
0.334579
0.335355
0.281942
0.342227
0.370748
0.370148
0.266778
0.356364
0.410504
0.319519
0.280760
0.316224
0.334657
0.300468
0.324220
0.294655
0.280961
0.252398
0.245305
0.334037
0.299525
0.388176
0.360798
0.247134
0.264311
0.321363
0.271985
0.364711
0.256961
0.227764
0.238707
0.309995
0.318300
0.303419
0.252686
0.313980
0.390881
0.337977
0.285013
0.351105
0.409729
0.384099
0.244565
0.372022
0.333384
0.369529
0.378381
0.207347
0.494158
0.394435
0.452594
0.310399
0.273514
0.422042
0.231434
0.383007
0.286560
0.289166
0.249938
0.221688
0.289207
0.311525
0.292890
0.214542
0.212381
0.239992
0.317329
0.402446
0.257942
0.253819
0.252488
0.339247
0.282442
0.298335
0.178662
0.176589
0.287921
0.250138
0.304619
0.263236
0.327634
0.257360
0.237394
0.321987
0.278166
0.334554
0.298070
0.286180
0.413713
0.357242
0.423831
0.337377
0.244038
0.467121
0.543100
0.425692
0.286743
0.415218
0.271702
0.275871
0.213680
0.294109
0.274386
0.294724
0.277026
0.306594
0.259231
0.261054
0.324702
0.332857
0.372520
0.276309
0.394857
0.401843
0.301795
0.318753
0.370061
0.355629
0.433608
0.324182
0.364020
0.256164
0.349815
0.325547
0.337415
0.300825
0.321483
0.291169
0.297531
0.315196
0.284147
0.286402
0.258527
0.305670
0.292460
0.278494
0.353523
0.326242
0.337208
0.455666
0.296282
0.384484
0.339457
0.445184
0.469766
0.312302
0.356711
0.283927
0.281093
0.279184
0.239853
0.290569
0.316752
0.249898
0.311951
0.217190
0.326799
0.249121
0.342728
0.261850
0.360311
0.280240
0.354905
0.383573
0.295263
0.361927
0.286670
0.325495
0.280073
0.347049
0.374212
0.262946
0.297998
0.254064
0.296285
0.232538
0.257599
0.235589
0.302520
0.223325
0.269637
0.279726
0.303390
0.386890
0.332652
0.372881
0.384880
0.408910
0.303268
0.352072
0.296657
0.319250
0.297250
0.314774
0.234977
0.279561
0.219458
0.301022
0.295587
0.357707
0.264081
0.321006
0.271699
0.350367
0.224661
0.341220
0.259236
0.278131
0.249889
0.341943
0.248418
0.313361
0.338940
0.325290
0.371691
0.342738
0.259139
0.424190
0.381902
0.335561
0.259534
0.365640
0.294073
0.234015
0.316864
0.351873
0.364507
0.198374
0.261979
0.264483
0.348608
0.362247
0.413072
0.542545
0.384623
0.360436
0.296122
0.283135
0.386648
0.416820
0.293500
0.344107
0.184405
0.278558
0.244926
0.255144
0.362768
0.253978
0.278921
0.245360
0.329118
0.352632
0.330776
0.259043
0.261851
0.330656
0.341544
0.355205
0.306545
0.342636
0.349840
0.451544
0.346234
0.299216
0.291767
0.199400
0.246192
0.258152
0.200117
0.449501
0.288773
0.258009
0.300999
0.267042
0.201859
0.257528
0.268514
0.527351
0.371124
0.535711
0.351541
0.234179
0.272755
0.231733
0.356063
0.224294
0.280479
0.334290
0.239582
0.232181
0.266503
0.329024
0.362978
0.234986
0.240590
0.225301
0.301902
0.227003
0.281447
0.263497
0.286517
0.338653
0.327931
0.316554
0.297606
0.304309
0.295837
0.299959
0.325755
0.376771
0.345198
0.353046
0.340014
0.269137
0.329716
0.373699
0.324594
0.247856
0.247539
0.324886
0.261877
0.315213
0.312087
0.355219
0.282345
0.314429
0.253153
0.337415
0.336054
0.263372
0.397617
0.323766
0.353659
0.377985
0.198529
0.270924
0.364785
0.314531
0.313033
0.392152
0.297734
0.241174
0.343842
0.325158
0.309892
0.311623
0.331174
0.257126
0.271151
0.291690
0.195096
0.307074
0.235807
0.199557
0.253073
0.233483
0.253897
0.187036
0.189082
0.169729
0.148111
0.271367
0.253344
0.340445
0.251743
0.288279
0.304061
0.239733
0.333438
0.331789
0.366512
0.293311
0.522376
0.334282
0.318946
0.254937
0.246586
0.274044
0.286737
0.269258
0.272965
0.306141
0.291540
0.249768
0.291162
0.297485
0.343392
0.419808
0.260582
0.361476
0.286948
0.279761
0.256750
0.219389
0.269184
0.325443
0.297738
0.353385
0.294336
0.326455
0.308808
0.226276
0.266854
0.345324
0.291325
0.364049
0.451185
0.253077
0.420894
0.299757
0.326134
0.178822
0.292794
0.265389
0.299295
0.287306
0.259987
0.434792
0.327176
0.340806
0.395441
0.446681
0.439260
0.281764
0.326582
0.408464
0.215088
0.371367
0.308267
0.254478
0.243491
0.337680
0.238723
0.411471
0.271180
0.301358
0.343792
0.268574
0.369236
0.316896
0.319924
0.308283
0.285382
0.359531
0.312393
0.329655
0.334870
0.219514
0.289150
0.230337
0.299848
0.577881
0.363037
0.419634
0.313705
0.321950
0.459840
0.463084
0.395457
0.393966
0.338851
0.409397
0.296223
0.456879
0.275655
0.328866
0.249833
0.268849
0.343806
0.275325
0.256784
0.365164
0.345999
0.371706
0.499378
0.289075
0.295600
0.290186
0.435675
0.316407
0.315518
0.328185
0.190757
0.202188
0.305108
0.275685
0.407803
0.312463
0.337439
0.282260
0.454762
0.279403
0.342108
0.275505
0.328287
0.281330
0.333561
0.227201
0.312703
0.290625
0.389907
0.336362
0.367455
0.379182
0.624828
0.504004
0.357644
0.364146
0.251583
0.230386
0.305196
0.417617
0.219969
0.381332
0.344255
0.460436
0.394110
0.394035
0.302256
0.410210
0.218836
0.303522
0.228802
0.229137
0.185003
0.257503
0.289076
0.210266
0.325265
0.185844
0.412232
0.359825
0.306928
0.361427
0.347102
0.366529
0.228881
0.261547
0.278775
0.271740
0.362743
0.264429
0.282347
0.322519
0.254741
0.376259
0.310975
0.276515
0.319912
0.329703
0.226989
0.379267
0.313082
0.311888
0.394231
0.304418
0.339183
0.227235
0.295424
0.251209
0.297464
0.286092
0.351591
0.207338
0.324180
0.249358
0.335040
0.404309
0.252896
0.277881
0.270288
0.252992
0.310742
0.337626
0.365722
0.319259
0.336047
0.323017
0.313501
0.373783
0.253337
0.234015
0.334080
0.308135
0.234541
0.320422
0.270870
0.438143
0.348709
0.407154
0.323969
0.322411
0.211566
0.210317
0.212278
0.313038
0.328645
0.337238
0.256185
0.404148
0.394864
0.284667
0.302422
0.319933
0.337320
0.287263
0.299500
0.270513
0.325050
0.336694
0.306375
0.273672
0.280839
0.269691
0.343305
0.323047
0.222655
0.284491
0.324943
0.380478
0.375318
0.317398
0.317481
0.254152
0.432761
0.317597
0.302359
0.303087
0.293923
0.305812
0.290399
0.406042
0.272088
0.358882
0.311127
0.263472
0.499434
0.337760
0.345022
0.340039
0.344492
0.300609
0.368929
0.411191
0.545673
0.394139
0.403515
0.375877
0.330803
0.295341
0.378814
0.518394
0.351000
0.353061
0.326043
0.390202
0.340632
0.387627
0.556896
0.425143
0.381896
0.333022
0.315092
0.305227
0.315016
0.366784
0.325896
0.411976
0.322001
0.299549
0.233758
0.258484
0.402786
0.367799
0.269127
0.274785
0.356547
0.325051
0.300009
0.234654
0.326408
0.219787
0.284569
0.310453
0.316325
0.258688
0.258268
0.411492
0.310431
0.264147
0.219291
0.302912
0.203716
0.212307
0.193842
0.304579
0.283284
0.361262
0.266107
0.303529
0.315417
0.295209
0.310830
0.271888
0.273751
0.374038
0.629022
0.406471
0.460812
0.341626
0.282787
0.403234
0.327632
0.351715
0.270671
0.304724
0.276260
0.373816
0.275393
0.328047
0.251259
0.338040
0.311110
0.314081
0.396806
0.257000
0.407291
0.266945
0.323554
0.350142
0.250730
0.349815
0.337031
0.487888
0.357029
0.348824
0.319880
0.363443
0.388938
0.270785
0.289448
0.408372
0.316165
0.329136
0.336888
0.386261
0.344018
0.384711
0.239495
0.364252
0.309381
0.273640
0.285580
0.259371
0.296705
0.317361
0.366561
0.324615
0.344656
0.186719
0.286535
0.316219
0.300270
0.284282
0.330939
0.345697
0.331272
0.348566
0.341149
0.467692
0.352478
0.303976
0.375934
0.307153
0.312187
0.321721
0.314584
0.384586
0.298000
0.312532
0.294424
0.320531
0.302000
0.322799
0.284315
0.281929
0.276989
0.245831
0.324754
0.322071
0.317670
0.284543
0.267461
0.289592
0.349887
0.300670
0.319429
0.354067
0.381557
0.460762
0.352644
0.387129
0.362671
0.346020
0.315083
0.384363
0.402421
0.319390
0.403702
0.261109
0.281335
0.291158
0.275267
0.246316
0.271255
0.328690
0.233824
0.297292
0.340953
0.327617
0.282307
0.228066
0.372181
0.262677
0.340929
0.280976
0.388665
0.272875
0.411024
0.380482
0.380179
0.348070
0.255546
0.391319
0.281300
0.281949
0.271424
0.239687
0.283953
0.340243
0.303685
0.269139
0.236757
0.300673
0.204434
0.350773
0.256325
0.364866
0.282132
0.295510
0.450406
0.500362
0.429997
0.407660
0.388596
0.307023
0.423913
0.345129
0.305602
0.294371
0.317194
0.359574
0.307132
0.285448
0.284140
0.309318
0.335206
0.255641
0.242205
0.303317
0.429693
0.333113
0.379380
0.382728
0.390261
0.292170
0.308903
0.357572
0.344085
0.304894
0.249008
0.306018
0.271982
0.281017
0.243180
0.327481
0.260304
0.323834
0.306688
0.341249
0.252359
0.325693
0.340481
0.349687
0.237404
0.242758
0.325189
0.292246
0.344868
0.347120
0.318119
0.313421
0.372171
0.333612
0.262020
0.338726
0.244084
0.321360
0.259993
0.396420
0.312150
0.342387
0.337341
0.396446
0.347082
0.532524
0.284841
0.320180
0.379065
0.325358
0.328928
0.364463
0.383184
0.309888
0.570567
0.320560
0.407448
0.419753
0.543530
0.342436
0.278723
0.274950
0.224663
0.248895
0.215386
0.249923
0.313704
0.291774
0.308538
0.329603
0.299766
0.302671
0.324859
0.342622
0.313322
0.371021
0.342830
0.350032
0.264291
0.561735
0.555817
0.492908
0.537863
0.432087
0.386099
0.468771
0.345900
0.276089
0.350930
0.322392
0.339163
0.275324
0.525150
0.293303
0.323047
0.332602
0.569278
0.323894
0.430349
0.261191
0.279822
0.303440
0.308274
0.326659
0.278764
0.293773
0.246780
0.278924
0.248819
0.310516
0.321464
0.296116
0.370876
0.482781
0.295315
0.292839
0.284156
0.264301
0.317113
0.304464
0.263993
0.331707
0.242139
0.371549
0.299118
0.358379
0.301958
0.293601
0.268189
0.357110
0.273139
0.371613
0.634298
0.525869
0.514661
0.509890
0.414721
0.287528
0.294459
0.334866
0.281373
0.298416
0.451008
0.345631
0.342239
0.226244
0.426849
0.375392
0.707641
0.423799
0.521362
0.475247
0.237362
0.324452
0.537726
0.335281
0.340043
0.291606
0.514764
0.315984
0.348981
0.327085
0.349150
0.505043
0.397720
0.318928
0.256204
0.248109
0.371212
0.406772
0.416577
0.389227
0.371838
0.416967
0.421006
0.348738
0.244277
0.352927
0.278282
0.471390
0.475141
0.798477
0.418868
0.365316
0.311225
0.252087
0.281409
0.263626
0.335562
0.279907
0.354152
0.417856
0.341724
0.412498
0.370189
0.351630
0.355827
0.277391
0.337710
0.252072
0.342896
0.361467
0.368171
0.346593
0.437332
0.365401
0.297571
0.238571
0.189912
0.277119
0.259112
0.281677
0.248631
0.270113
0.312767
0.336325
0.306721
0.365825
0.321845
0.306707
0.322463
0.237879
0.256475
0.309039
0.279991
0.286108
0.288597
0.244781
0.277974
0.321867
0.193092
0.255388
0.268184
0.236493
0.268315
0.271771
0.288847
0.310105
0.394416
0.336972
0.293496
0.370300
0.272311
0.284525
0.340659
0.291976
0.325379
0.313307
0.273902
0.334925
0.322335
0.334657
0.239061
0.288447
0.308331
0.359053
0.355069
0.270167
0.309584
0.407277
0.312539
0.297005
0.269915
0.249310
0.254717
0.250346
0.274617
0.357715
0.262149
0.296354
0.358149
0.286138
0.265062
0.257311
0.197730
0.288787
0.325270
0.350682
0.314305
0.392403
0.250121
0.312638
0.346815
0.437928
0.670655
0.362172
0.288477
0.231050
0.272978
0.287508
0.263328
0.245387
0.290504
0.216770
0.290565
0.295246
0.324986
0.327990
0.352355
0.328910
0.328004
0.322096
0.335897
0.382071
0.287005
0.266758
0.271428
0.340363
0.496285
0.428975
0.370553
0.189632
0.334008
0.235750
0.252945
0.324080
0.264320
0.248446
0.354142
0.353873
0.353397
0.304677
0.330812
0.293766
0.396253
0.317424
0.291406
0.281653
0.298088
0.216723
0.450392
0.316146
0.402649
0.440015
0.509332
0.356327
0.261758
0.237201
0.414739
0.703806
0.605701
0.443457
0.569640
0.374944
0.407013
0.384160
0.259596
0.428407
0.319705
0.668917
0.389025
0.462007
0.260736
0.291995
0.272409
0.337549
0.260735
0.248011
0.246258
0.257935
0.260938
0.224645
0.268876
0.256980
0.355179
0.383332
0.407196
0.504360
0.241149
0.271917
0.281398
0.301252
0.356220
0.247433
0.336843
0.283008
0.308859
0.377393
0.296283
0.413830
0.310675
0.295789
0.307601
0.246638
0.343305
0.264770
0.338970
0.257747
0.380488
0.271075
0.402138
0.426742
0.431081
0.497766
0.382802
0.328052
0.314092
0.271029
0.313167
0.265050
0.221977
0.356461
0.207700
0.234172
0.294992
0.298900
0.298112
0.290872
0.261679
0.228826
0.383533
0.257118
0.383554
0.244469
0.267226
0.564908
0.322574
0.350667
0.287589
0.259707
0.254316
0.272132
0.370126
0.293857
0.295897
0.340808
0.367563
0.275980
0.368306
0.262599
0.413234
0.278302
0.420163
0.261452
0.363875
0.385467
0.235425
0.313113
0.274730
0.362791
0.359547
0.309666
0.331974
0.350214
0.361213
0.380234
0.714944
0.352899
0.451182
0.316388
0.343403
0.292718
0.386430
0.307432
0.332092
0.297101
0.282973
0.132164
0.222917
0.193839
0.279272
0.141057
0.258631
0.322644
0.325075
0.520858
0.256152
0.281388
0.244796
0.224474
0.265294
0.240796
0.378279
0.294325
0.296043
0.312439
0.263373
0.214706
0.305894
0.297575
0.258403
0.259160
0.225059
0.296407
0.252357
0.277229
0.341691
0.354032
0.282287
0.221580
0.205598
0.237116
0.233238
0.316707
0.254429
0.397445
0.271576
0.281987
0.311961
0.268362
0.324139
0.309339
0.356043
0.562845
0.342522
0.411016
0.399096
0.324148
0.271569
0.356221
0.297284
0.297600
0.206963
0.219252
0.289712
0.292872
0.299681
0.296452
0.415488
0.335367
0.314367
0.300037
0.241434
0.250696
0.329550
0.291006
0.303651
0.263968
0.360239
0.302440
0.215058
0.288013
0.296441
0.478632
0.370849
0.301176
0.213615
0.297961
0.234022
0.301777
0.222742
0.317294
0.322116
0.305561
0.362278
0.335892
0.338436
0.236935
0.203156
0.196211
0.240536
0.280028
0.249639
0.276200
0.278204
0.282251
0.351465
0.347603
0.326702
0.355025
0.325720
0.380929
0.299048
0.383795
0.311075
0.264351
0.250895
0.427343
0.221051
0.312487
0.291151
0.228456
0.307846
0.311018
0.464908
0.564331
0.288695
0.269051
0.252745
0.187471
0.259871
0.272952
0.321180
0.360146
0.213044
0.333146
0.436777
0.280743
0.375286
0.353876
0.332773
0.301379
0.388876
0.546213
0.381705
0.348492
0.425908
0.345788
0.475144
0.504008
0.483712
0.376357
0.215078
0.301691
0.305169
0.305684
0.330084
0.285645
0.404181
0.318648
0.332505
0.294995
0.320933
0.292629
0.482143
0.363923
0.353394
0.340889
0.301846
0.319707
0.246356
0.239775
0.307283
0.331034
0.249650
0.311250
0.370311
0.254890
0.372308
0.292372
0.299033
0.308698
0.263060
0.216159
0.267309
0.336914
0.376619
0.324288
0.369399
0.368483
0.331716
0.337279
0.389681
0.277065
0.436174
0.284711
0.294841
0.344909
0.322764
0.356067
0.375875
0.324690
0.227460
0.329837
0.303511
0.257388
0.345237
0.236777
0.252007
0.340123
0.432422
0.251677
0.360490
0.291855
0.357629
0.245907
0.343348
0.304823
0.280366
0.295642
0.390271
0.281943
0.332914
0.224859
0.346822
0.334956
0.415732
0.338525
0.339102
0.340900
0.376030
0.385093
0.349043
0.342746
0.360026
0.406307
0.288663
0.248845
0.331782
0.318769
0.310072
0.206343
0.324398
0.254434
0.292432
0.401144
0.298584
0.337373
0.320353
0.267878
0.344068
0.200757
0.327719
0.330757
0.289488
0.276622
0.303514
0.231748
0.310825
0.293289
0.268717
0.288744
0.299226
0.258574
0.239780
0.258767
0.252526
0.223339
0.291810
0.252735
0.330668
0.220884
0.235686
0.263688
0.353162
0.327808
0.487083
0.487538
0.342938
0.376685
0.301629
0.344937
0.393596
0.343948
0.347027
0.349560
0.275238
0.412112
0.357116
0.336185
0.350115
0.263306
0.336522
0.335034
0.410266
0.342437
0.477764
0.308836
0.307301
0.206411
0.161284
0.228449
0.247975
0.305775
0.173047
0.198868
0.265715
0.210871
0.284491
0.325825
0.310984
0.418620
0.323573
0.317130
0.377716
0.295091
0.386059
0.312844
0.367909
0.303443
0.241904
0.395692
0.343232
0.350767
0.268126
0.362878
0.308433
0.365359
0.297142
0.363001
0.286122
0.351836
0.219406
0.299954
0.335937
0.303529
0.282612
0.340920
0.330682
0.257990
0.374150
0.308419
0.307445
0.353648
0.315630
0.314694
0.385238
0.313561
0.277627
0.281738
0.320213
0.377931
0.301156
0.346303
0.264816
0.327365
0.226580
0.321760
0.246140
0.320368
0.258083
0.269718
0.370931
0.267119
0.339370
0.380476
0.331599
0.305537
0.215259
0.304713
0.362016
0.450281
0.385751
0.341466
0.237181
0.440214
0.380752
0.519040
0.413379
0.470515
0.266239
0.326878
0.551787
0.347919
0.310563
0.351142
0.364831
0.284528
0.201050
0.254608
0.313345
0.315947
0.339523
0.282373
0.255283
0.294685
0.324404
0.349258
0.301818
0.269818
0.278954
0.334518
0.299297
0.271066
0.254483
0.219062
0.263547
0.249026
0.302266
0.334543
0.237006
0.275278
0.326990
0.221778
0.310073
0.273514
0.233098
0.272748
0.303602
0.260200
0.258168
0.327700
0.279553
0.309548
0.199745
0.347524
0.306339
0.487924
0.427597
0.380502
0.390294
0.347824
0.346172
0.557189
0.351560
0.417665
0.389885
0.325858
0.416670
0.384759
0.529523
0.469106
0.392027
0.320163
0.316077
0.358447
0.293952
0.532081
0.312409
0.308247
0.450535
0.555819
0.393911
0.397126
0.343119
0.347458
0.418555
0.334927
0.329368
0.382653
0.323975
0.465277
0.345712
0.335038
0.347959
0.416366
0.369467
0.570290
0.409243
0.324902
0.275380
0.345782
0.358409
0.277880
0.462653
0.330243
0.386351
0.393808
0.347625
0.549883
0.419155
0.379260
0.433804
0.530642
0.450643
0.321756
0.394298
0.381257
0.353789
0.315802
0.553597
0.620043
0.318596
0.496496
0.330853
0.581023
0.374682
0.445392
0.406074
0.517971
0.342865
0.412873
0.309171
0.425805
0.333040
0.363460
0.376728
0.310752
0.362902
0.228564
0.354896
0.200552
0.244979
0.239015
0.394093
0.209952
0.318153
0.209395
0.300324
0.259787
0.317316
0.315888
0.291775
0.285346
0.306118
0.404415
0.358437
0.334785
0.312825
0.295844
0.304516
0.303732
0.202812
0.279132
0.310938
0.347831
0.245966
0.373371
0.247393
0.233512
0.371690
0.329559
0.370663
0.494402
0.394166
0.308643
0.297614
0.218628
0.268705
0.328137
0.292437
0.242481
0.377650
0.258951
0.490469
0.235704
0.344239
0.237546
0.278866
0.221707
0.302861
0.321192
0.457823
0.485082
0.406627
0.399578
0.284049
0.290093
0.219934
0.559805
0.281111
0.294181
0.241986
0.175788
0.564178
0.243525
0.260512
0.255113
0.298362
0.239855
0.356798
0.265717
0.281708
0.277360
0.343931
0.258720
0.292371
0.345544
0.311606
0.330465
0.306666
0.370567
0.231607
0.290373
0.274701
0.307109
0.341996
0.320939
0.300900
0.298166
0.277744
0.323672
0.323710
0.354093
0.369959
0.375419
0.376815
0.405594
0.321684
0.332970
0.332954
0.291531
0.481764
0.400855
0.373108
0.254579
0.332331
0.382377
0.330622
0.334653
0.254323
0.337973
0.327703
0.347446
0.342801
0.368624
0.412508
0.375633
0.309760
0.278246
0.293148
0.528156
0.409476
0.570804
0.282694
0.284036
0.295247
0.278858
0.327011
0.561498
0.360600
0.356680
0.324479
0.294573
0.327471
0.317917
0.304674
0.305411
0.308064
0.290011
0.241231
0.325016
0.274353
0.287177
0.269752
0.202670
0.267242
0.232114
0.356720
0.322826
0.280535
0.234877
0.260398
0.263271
0.314898
0.301104
0.320340
0.287631
0.232094
0.242282
0.304173
0.278461
0.241553
0.288034
0.213895
0.304221
0.239192
0.289186
0.270297
0.222601
0.365395
0.308133
0.197571
0.246982
0.287674
0.442498
0.340868
0.320889
0.268185
0.364015
0.261142
0.282883
0.361435
0.358417
0.448003
0.288447
0.240063
0.337415
0.339568
0.331081
0.268358
0.317453
0.320705
0.264826
0.339246
0.352340
0.292154
0.338955
0.362193
0.496086
0.363593
0.373344
0.281092
0.338600
0.334305
0.360140
0.300991
0.341450
0.435829
0.354487
0.349492
0.377498
0.287909
0.308190
0.279740
0.274242
0.309303
0.222042
0.253758
0.199599
0.317147
0.335359
0.250232
0.285699
0.239131
0.295198
0.285779
0.266803
0.284685
0.318686
0.258442
0.312012
0.254827
0.235639
0.465585
0.360159
0.211364
0.268198
0.327378
0.217297
0.201566
0.417390
0.169729
0.279610
0.605301
0.651805
0.440024
0.412857
0.311018
0.274894
0.229879
0.210941
0.301083
0.485578
0.340750
0.443869
0.338012
0.492108
0.341309
0.329028
0.276313
0.276810
0.267430
0.304106
0.346179
0.445438
0.274718
0.342927
0.271718
0.443079
0.295045
0.284464
0.296855
0.270772
0.399305
0.305016
0.388735
0.259719
0.237994
0.342479
0.338787
0.351197
0.257915
0.320129
0.330259
0.351479
0.339100
0.212134
0.275247
0.340844
0.266449
0.345853
0.309640
0.323361
0.331523
0.269399
0.329751
0.307003
0.312136
0.374536
0.281820
0.334288
0.328426
0.431764
0.345821
0.315141
0.371802
0.280313
0.321876
0.262282
0.291689
0.323732
0.272536
0.263442
0.243006
0.324942
0.272534
0.192456
0.269967
0.329994
0.334332
0.303574
0.355735
0.336818
0.358639
0.330682
0.331402
0.273196
0.324996
0.254044
0.256379
0.332386
0.347236
0.294183
0.322253
0.254862
0.256300
0.228940
0.252319
0.235686
0.304029
0.331922
0.338615
0.227249
0.343741
0.370386
0.348557
0.399616
0.462007
0.375326
0.357479
0.301709
0.270640
0.254966
0.276101
0.309262
0.565396
0.405195
0.448223
0.427278
0.314794
0.411427
0.329439
0.334273
0.357884
0.257827
0.321653
0.347986
0.260473
0.309829
0.307367
0.245377
0.311233
0.328667
0.319687
0.353022
0.280212
0.226979
0.282983
0.340186
0.352634
0.322227
0.462680
0.370252
0.350031
0.335437
0.388216
0.496923
0.342396
0.320297
0.208083
0.339875
0.234743
0.366316
0.425461
0.378747
0.508058
0.422477
0.455281
0.490343
0.346238
0.400490
0.429289
0.337972
0.244443
0.258196
0.271705
0.223448
0.256415
0.245719
0.342837
0.258736
0.393219
0.289257
0.293276
0.250836
0.255032
0.232193
0.322070
0.250902
0.330790
0.326897
0.314945
0.338663
0.248648
0.324093
0.304247
0.372642
0.346833
0.428510
0.306052
0.338646
0.315049
0.443001
0.194626
0.318758
0.244200
0.310352
0.291606
0.301786
0.317623
0.377873
0.379118
0.425130
0.383110
0.452338
0.447257
0.331282
0.336518
0.335157
0.389113
0.481619
0.327411
0.384316
0.287520
0.284453
0.301715
0.212987
0.300024
0.284369
0.324231
0.299422
0.266700
0.231901
0.303202
0.211699
0.206940
0.317157
0.321547
0.351115
0.329818
0.361158
0.348866
0.281535
0.314913
0.304619
0.305190
0.299129
0.243138
0.305267
0.248377
0.253853
0.249182
0.301494
0.217881
0.250968
0.388815
0.317126
0.398368
0.342874
0.343746
0.210056
0.244935
0.259164
0.277174
0.255801
0.293091
0.363577
0.380902
0.342583
0.379012
0.345820
0.398735
0.244775
0.259451
0.213509
0.310448
0.285429
0.226694
0.243050
0.281261
0.271993
0.227178
0.262640
0.218147
0.222252
0.298062
0.280409
0.258680
0.358583
0.232733
0.321488
0.288430
0.275756
0.369518
0.256620
0.245139
0.320545
0.271207
0.342698
0.304124
0.303552
0.277953
0.325334
0.343399
0.189632
0.242057
0.311429
0.331042
0.345838
0.406101
0.395455
0.369396
0.381411
0.256386
0.230649
0.197565
0.252145
0.304539
0.282419
0.343284
0.254728
0.236353
0.213039
0.435018
0.274178
0.308935
0.249481
0.204001
0.263051
0.278529
0.312872
0.308698
0.289687
0.455161
0.229774
0.413851
0.287697
0.357741
0.323058
0.402106
0.460529
0.466464
0.323180
0.279743
0.261533
0.257382
0.239341
0.250676
0.272014
0.285906
0.291110
0.293876
0.340092
0.260866
0.337790
0.268891
0.297095
0.271548
0.377903
0.551164
0.598810
0.397901
0.344593
0.381103
0.425693
0.450713
0.375070
0.375482
0.304172
0.324574
0.331390
0.325653
0.359376
0.318102
0.320647
0.291911
0.341485
0.271329
0.360731
0.319799
0.371690
0.287747
0.308419
0.288858
0.336326
0.216672
0.277554
0.240853
0.287999
0.310431
0.349153
0.249043
0.269295
0.250766
0.193505
0.331681
0.449839
0.310750
0.297778
0.315989
0.308431
0.384369
0.447445
0.292687
0.413166
0.224336
0.314896
0.222300
0.220748
0.302988
0.327641
0.350510
0.425901
0.416269
0.443554
0.367726
0.200717
0.425546
0.333300
0.443392
0.361995
0.314615
0.238037
0.213025
0.230577
0.290867
0.247980
0.343458
0.352169
0.520624
0.512101
0.316924
0.333064
0.339162
0.270355
0.419413
0.416429
0.392378
0.537279
0.371072
0.384208
0.344163
0.332583
0.311670
0.324900
0.303271
0.244693
0.338467
0.406770
0.298285
0.368404
0.307614
0.351829
0.267682
0.333663
0.354780
0.277738
0.334450
0.287308
0.375014
0.266153
0.423672
0.263233
0.362894
0.539793
0.480628
0.538714
0.408698
0.563650
0.321411
0.308618
0.396135
0.331533
0.361523
0.278457
0.349934
0.357734
0.315240
0.233545
0.334239
0.398202
0.715719
0.410420
0.294038
0.269171
0.259864
0.224101
0.282049
0.246475
0.283470
0.227260
0.356291
0.425119
0.405464
0.360745
0.233412
0.495516
0.275845
0.426506
0.314485
0.618802
0.333901
0.350745
0.406231
0.596125
0.373270
0.276312
0.224867
0.362334
0.340343
0.462001
0.394323
0.347384
0.299551
0.391162
0.387377
0.435840
0.247797
0.303954
0.299867
0.221187
0.306037
0.284337
0.368674
0.373599
0.430375
0.358010
0.345621
0.360240
0.261644
0.321111
0.318007
0.357236
0.349140
0.390591
0.293705
0.297025
0.343440
0.343608
0.372767
0.344525
0.299061
0.333353
0.316636
0.228016
0.314852
0.259357
0.233348
0.267217
0.278532
0.278007
0.306440
0.217083
0.312894
0.319093
0.296455
0.282588
0.327157
0.210077
0.201279
0.237309
0.229559
0.226619
0.270437
0.282141
0.308422
0.525085
0.284416
0.271928
0.283421
0.302190
0.235214
0.390076
0.308221
0.322039
0.294988
0.383939
0.292134
0.347919
0.299757
0.262751
0.271010
0.318281
0.343015
0.240469
0.439230
0.265152
0.379005
0.339511
0.309104
0.468921
0.408015
0.369547
0.339632
0.415653
0.332424
0.358934
0.334193
0.357869
0.275236
0.323821
0.382838
0.303670
0.220200
0.259790
0.288540
0.231469
0.236104
0.257198
0.258470
0.332635
0.271699
0.308141
0.401942
0.336566
0.376533
0.360991
0.380506
0.323591
0.340802
0.353391
0.340908
0.525500
0.324013
0.321081
0.379856
0.240817
0.328305
0.229637
0.271398
0.489744
0.347256
0.307401
0.244798
0.357646
0.254885
0.318729
0.293905
0.258710
0.265034
0.234401
0.291572
0.216022
0.304268
0.408685
0.395941
0.385314
0.270053
0.311257
0.301756
0.285235
0.246517
0.217212
0.278370
0.290308
0.359498
0.203909
0.247013
0.304980
0.306927
0.217265
0.226217
0.270856
0.335386
0.250922
0.316562
0.274556
0.319347
0.219558
0.421862
0.198121
0.299853
0.271719
0.222831
0.291448
0.239059
0.319565
0.347453
0.368703
0.305562
0.293167
0.314846
0.294730
0.246347
0.365647
0.304942
0.289246
0.393943
0.332552
0.300679
0.376014
0.301557
0.387438
0.289551
0.275306
0.374705
0.257108
0.247102
0.331437
0.321896
0.309523
0.234510
0.353711
0.287765
0.346349
0.363242
0.274256
0.310974
0.288400
0.349653
0.386301
0.352454
0.530681
0.354810
0.422434
0.415072
0.530563
0.473378
0.284557
0.330022
0.257486
0.336837
0.391586
0.474690
0.318641
0.452049
0.444195
0.291079
0.247221
0.226156
0.291562
0.210449
0.327291
0.229141
0.259212
0.267924
0.349987
0.337373
0.284368
0.226792
0.335263
0.320253
0.536409
0.246556
0.340661
0.310147
0.311082
0.336753
0.309331
0.333541
0.267162
0.401245
0.322119
0.324034
0.245691
0.324394
0.315053
0.279652
0.259695
0.343702
0.342633
0.338746
0.409839
0.331754
0.274821
0.262243
0.275487
0.285934
0.328696
0.329986
0.361111
0.313990
0.276589
0.368924
0.479063
0.341272
0.381984
0.203638
0.327505
0.259640
0.338263
0.311143
0.398166
0.279389
0.347946
0.330439
0.304485
0.375514
0.331413
0.390735
0.295205
0.342874
0.299908
0.372762
0.336116
0.355128
0.254673
0.343377
0.236826
0.294508
0.258597
0.331119
0.256433
0.311936
0.286462
0.247424
0.259274
0.224074
0.242191
0.249413
0.309989
0.330310
0.284742
0.418215
0.336559
0.381475
0.304072
0.273995
0.303081
0.366809
0.407648
0.339182
0.448762
0.400153
0.366673
0.266887
0.297390
0.305953
0.293052
0.270965
0.543391
0.344388
0.382981
0.301556
0.446382
0.253994
0.680541
0.281720
0.339791
0.417005
0.510780
0.417640
0.360514
0.342497
0.470727
0.383961
0.345521
0.273014
0.325892
0.276809
0.303946
0.347096
0.284787
0.416809
0.345463
0.471533
0.349296
0.351945
0.338065
0.305522
0.366540
0.257450
0.379022
0.317530
0.375701
0.296197
0.261410
0.329753
0.290387
0.354799
0.260370
0.350301
0.244314
0.318870
0.311321
0.273189
0.264166
0.258748
0.312407
0.291729
0.328950
0.270165
0.295828
0.253390
0.259596
0.337781
0.409575
0.356692
0.292393
0.299202
0.272172
0.279642
0.335125
0.274087
0.305958
0.299406
0.278707
0.338000
0.573913
0.460131
0.425370
0.436465
0.302442
0.302794
0.530001
0.450377
0.373323
0.326820
0.367748
0.296892
0.367272
0.222791
0.271471
0.255979
0.401754
0.232673
0.332522
0.248709
0.303797
0.211257
0.218138
0.310642
0.169965
0.302801
0.160920
0.258572
0.295118
0.345158
0.407008
0.468266
0.388984
0.376517
0.276178
0.345531
0.309267
0.400718
0.251725
0.328978
0.343382
0.280204
0.277696
0.306376
0.214986
0.270676
0.325609
0.301712
0.317114
0.320832
0.338900
0.270419
0.327131
0.261899
0.249412
0.239042
0.307493
0.329469
0.355324
0.353080
0.242966
0.300192
0.312887
0.302442
0.314515
0.256706
0.277667
0.350428
0.371258
0.562303
0.402878
0.357681
0.299799
0.326722
0.338689
0.300414
0.377802
0.379388
0.419641
0.343848
0.369435
0.271817
0.335690
0.298684
0.322461
0.326034
0.329540
0.297367
0.330249
0.293324
0.314551
0.333936
0.308505
0.297143
0.293411
0.312225
0.332478
0.325330
0.268884
0.305686
0.267751
0.297906
0.270871
0.292218
0.291740
0.250097
0.370172
0.249640
0.261660
0.354283
0.603242
0.356231
0.436657
0.380474
0.566525
0.395761
0.512033
0.389887
0.311312
0.320671
0.290346
0.318531
0.459155
0.334334
0.337979
0.276375
0.444217
0.450487
0.433620
0.429601
0.423044
0.274798
0.292756
0.488780
0.586275
0.342592
0.296328
0.455897
0.252673
0.319882
0.365354
0.325892
0.470584
0.235180
0.342086
0.352510
0.329079
0.310945
0.309763
0.367710
0.309277
0.353635
0.408903
0.338186
0.324402
0.307644
0.296153
0.362418
0.364183
0.338079
0.259873
0.332839
0.367104
0.278598
0.325192
0.367682
0.303992
0.300755
0.352356
0.344597
0.333772
0.304073
0.279698
0.292458
0.291116
0.289096
0.286144
0.374392
0.256899
0.301442
0.232549
0.241271
0.409048
0.266087
0.302806
0.292508
0.239286
0.318782
0.369889
0.320323
0.498156
0.354947
0.428782
0.313918
0.464505
0.349152
0.612864
0.329676
0.265254
0.286319
0.290956
0.302665
0.302982
0.264795
0.293351
0.245614
0.391305
0.281820
0.273586
0.334742
0.242684
0.340685
0.311497
0.361478
0.291311
0.386101
0.213752
0.320288
0.234419
0.356676
0.315006
0.222432
0.272404
0.319117
0.309291
0.291901
0.246580
0.222313
0.252533
0.242763
0.241570
0.318524
0.262060
0.232325
0.301511
0.294142
0.335934
0.288856
0.230523
0.265013
0.268412
0.325581
0.290358
0.259861
0.241003
0.230135
0.321753
0.306470
0.335322
0.265763
0.254692
0.233054
0.394165
0.294354
0.341934
0.267672
0.337479
0.367472
0.320973
0.390600
0.309118
0.480582
0.388784
0.554376
0.316453
0.372267
0.333316
0.339030
0.375909
0.536650
0.450629
0.363366
0.349142
0.490281
0.413893
0.458440
0.377553
0.311307
0.225723
0.327677
0.236195
0.331505
0.391404
0.443437
0.356675
0.355209
0.288742
0.549121
0.542068
0.575745
0.520135
0.392068
0.512729
0.363154
0.423904
0.350089
0.288088
0.393598
0.263933
0.364374
0.321360
0.260785
0.331923
0.282391
0.283447
0.347083
0.296596
0.268942
0.286656
0.304241
0.316560
0.223744
0.189933
0.215137
0.315470
0.248915
0.356303
0.349919
0.344894
0.376264
0.322969
0.343359
0.349940
0.301795
0.232701
0.210984
0.368117
0.414672
0.312454
0.375199
0.326869
0.371420
0.348920
0.313372
0.215640
0.249426
0.289463
0.205118
0.209313
0.166583
0.253658
0.337950
0.285621
0.345758
0.359514
0.287974
0.274807
0.347689
0.299390
0.382084
0.391066
0.321175
0.352043
0.367121
0.352010
0.273494
0.415387
0.625149
0.523295
0.363862
0.282155
0.341304
0.368983
0.370333
0.387361
0.386355
0.256333
0.303129
0.374631
0.270155
0.248102
0.206169
0.238214
0.323552
0.393147
0.446256
0.573181
0.426556
0.328521
0.284357
0.357397
0.473171
0.296471
0.333217
0.303170
0.324148
0.313718
0.338499
0.267735
0.316375
0.474261
0.333380
0.505340
0.230406
0.334676
0.276355
0.450059
0.274982
0.318388
0.270497
0.311802
0.339342
0.207695
0.324525
0.504467
0.365977
0.369282
0.349393
0.296218
0.269218
0.350460
0.407969
0.340008
0.350951
0.297451
0.257369
0.260643
0.188752
0.292242
0.246323
0.594649
0.364508
0.349575
0.425668
0.247388
0.255468
0.345310
0.289348
0.284977
0.200848
0.296441
0.296423
0.289745
0.306961
0.207932
0.426659
0.244401
0.252739
0.281867
0.282104
0.238850
0.277339
0.285166
0.292622
0.361823
0.289662
0.328435
0.361313
0.383309
0.318902
0.283019
0.257466
0.536442
0.388731
0.512495
0.434964
0.257809
0.326032
0.317299
0.331176
0.269086
0.347518
0.264066
0.272267
0.354105
0.281319
0.409519
0.367943
0.279540
0.261950
0.251942
0.279126
0.304865
0.361495
0.234777
0.316794
0.288320
0.322371
0.292245
0.346417
0.341262
0.441037
0.290862
0.482878
0.306051
0.392100
0.290307
0.285239
0.219796
0.341219
0.333755
0.402972
0.315751
0.319876
0.315293
0.323156
0.258765
0.414293
0.317304
0.238799
0.383477
0.363736
0.238036
0.233940
0.286822
0.221609
0.332707
0.320667
0.443962
0.346392
0.318384
0.277630
0.394151
0.223815
0.255577
0.240141
0.227092
0.290042
0.292273
0.220236
0.269473
0.339924
0.224552
0.206189
0.300082
0.318963
0.342060
0.338741
0.290708
0.357659
0.283529
0.268363
0.287179
0.275929
0.290382
0.335002
0.531231
0.414686
0.656989
0.379508
0.349410
0.341977
0.326149
0.432866
0.372898
0.407196
0.338512
0.380564
0.277432
0.381038
0.405914
0.290261
0.324102
0.360687
0.384752
0.349847
0.428123
0.318878
0.465904
0.377792
0.492876
0.329956
0.330890
0.233304
0.207633
0.337025
0.256940
0.286766
0.266200
0.321575
0.177572
0.265083
0.292980
0.392631
0.403838
0.641701
0.416475
0.460535
0.391695
0.392449
0.364519
0.277663
0.536368
0.319488
0.405397
0.319810
0.343193
0.318289
0.260770
0.223549
0.305601
0.282722
0.350003
0.305858
0.246917
0.375168
0.295214
0.320061
0.254001
0.266619
0.253541
0.330688
0.235957
0.286506
0.267043
0.249609
0.282821
0.262051
0.305591
0.593023
0.458294
0.500531
0.240830
0.260553
0.362999
0.428498
0.445709
0.322527
0.336084
0.330160
0.340124
0.515866
0.382612
0.308889
0.360147
0.380820
0.484299
0.320574
0.198607
0.273877
0.313778
0.297324
0.262339
0.263299
0.280557
0.344628
0.297375
0.302568
0.367309
0.306485
0.256382
0.291424
0.343170
0.347339
0.260262
0.321836
0.337474
0.361991
0.349091
0.317769
0.360354
0.328235
0.367723
0.357605
0.353763
0.328259
0.337703
0.276010
0.329496
0.369605
0.440177
0.455750
0.311480
0.339468
0.305492
0.302735
0.319441
0.329190
0.295930
0.319369
0.315187
0.393484
0.322133
0.348915
0.480558
0.338848
0.299411
0.310769
0.346688
0.288346
0.313411
0.291792
0.268235
0.390949
0.315449
0.305636
0.464507
0.360337
0.390296
0.376202
0.305722
0.380377
0.419904
0.390741
0.304173
0.322918
0.288044
0.260517
0.353299
0.378140
0.415866
0.346627
0.388032
0.329006
0.324836
0.310120
0.305764
0.311281
0.269020
0.311941
0.292663
0.326065
0.297635
0.298587
0.262182
0.341994
0.265947
0.307950
0.242747
0.258519
0.247300
0.307679
0.249293
0.335689
0.287592
0.297673
0.265842
0.362061
0.343753
0.287233
0.298471
0.301028
0.328218
0.328855
0.319114
0.293332
0.384908
0.239222
0.308210
0.260502
0.224857
0.217628
0.242900
0.228466
0.380679
0.273483
0.249781
0.245884
0.435784
0.311082
0.372708
0.265448
0.297994
0.251966
0.338079
0.264277
0.301248
0.295719
0.292348
0.249001
0.319956
0.276920
0.269539
0.300149
0.414010
0.327441
0.384686
0.290428
0.234069
0.327707
0.303269
0.291150
0.270559
0.316604
0.380630
0.292013
0.339916
0.334679
0.189820
0.245189
0.306088
0.285519
0.351036
0.304959
0.273658
0.263860
0.323302
0.263609
0.317616
0.293116
0.307958
0.258102
0.259119
0.239238
0.327563
0.268499
0.312421
0.348925
0.397926
0.437559
0.371347
0.374274
0.329439
0.385948
0.391877
0.394490
0.435933
0.371069
0.401674
0.380690
0.292904
0.307282
0.369910
0.372637
0.209746
0.391169
0.372069
0.351791
0.235499
0.328089
0.340885
0.281933
0.281309
0.374022
0.358088
0.326608
0.246301
0.335594
0.283983
0.337832
0.368902
0.432531
0.395368
0.539537
0.428918
0.426852
0.263322
0.319628
0.291815
0.281703
0.413793
0.319128
0.312954
0.356844
0.281501
0.401029
0.443710
0.394145
0.295253
0.395402
0.381150
0.360941
0.310024
0.227950
0.286110
0.247148
0.254887
0.236641
0.319738
0.347855
0.450546
0.361696
0.277238
0.252959
0.293841
0.320597
0.307482
0.284715
0.353034
0.291141
0.386386
0.345581
0.472982
0.319510
0.380489
0.411988
0.464530
0.477182
0.399080
0.482393
0.283802
0.391791
0.279986
0.313443
0.367688
0.300248
0.314242
0.339582
0.298857
0.394864
0.372342
0.349706
0.320939
0.257912
0.320885
0.295150
0.395914
0.399189
0.529402
0.556743
0.250651
0.347344
0.272048
0.301705
0.348213
0.290006
0.338660
0.369915
0.520691
0.591878
0.347001
0.446051
0.382202
0.309565
0.233096
0.289286
0.286683
0.252969
0.399079
0.350444
0.369043
0.363061
0.310949
0.314495
0.316987
0.325706
0.294873
0.416456
0.279735
0.316301
0.352021
0.312153
0.316082
0.313182
0.313383
0.273763
0.356581
0.187198
0.266811
0.324187
0.256101
0.252689
0.321513
0.262051
0.302989
0.313782
0.282406
0.315012
0.312997
0.347387
0.312585
0.255423
0.267985
0.221755
0.204305
0.178813
0.217686
0.201726
0.251264
0.193221
0.248901
0.297695
0.294012
0.287591
0.399988
0.292853
0.380151
0.238007
0.301198
0.291348
0.373155
0.250349
0.316289
0.519828
0.322151
0.275254
0.250137
0.210235
0.347212
0.317867
0.283766
0.327596
0.330129
0.302487
0.210950
0.288679
0.282131
0.454567
0.302747
0.414155
0.405468
0.289141
0.289282
0.301119
0.242425
0.269461
0.307588
0.358578
0.272733
0.379168
0.308859
0.339640
0.318988
0.343353
0.466909
0.429282
0.295491
0.278849
0.421603
0.446356
0.341541
0.368929
0.276775
0.299603
0.271888
0.234735
0.224331
0.299813
0.267714
0.390593
0.278712
0.237976
0.384381
0.317804
0.384099
0.347918
0.344456
0.325967
0.318660
0.294616
0.229503
0.241062
0.287989
0.284953
0.471659
0.368053
0.352828
0.405051
0.320640
0.379421
0.325871
0.336007
0.391520
0.304754
0.332222
0.291946
0.297306
0.351734
0.337487
0.289116
0.283326
0.316783
0.341602
0.390269
0.406904
0.254158
0.308930
0.317123
0.387486
0.552243
0.432533
0.366426
0.285886
0.339789
0.301150
0.369187
0.458096
0.366139
0.274547
0.327231
0.310090
0.471726
0.299130
0.338266
0.266092
0.324140
0.243977
0.236164
0.379148
0.316786
0.372016
0.206559
0.205600
0.306776
0.280619
0.300329
0.304262
0.158781
0.216856
0.290390
0.296211
0.278951
0.238470
0.228768
0.330396
0.228421
0.315567
0.315365
0.268503
0.341344
0.327183
0.356014
0.369320
0.339444
0.430687
0.380821
0.395942
0.264185
0.206671
0.322894
0.253496
0.429153
0.338764
0.322740
0.356290
0.339291
0.258942
0.383180
0.299693
0.225323
0.367903
0.276966
0.317133
0.229570
0.273012
0.291624
0.256966
0.360718
0.271262
0.365703
0.301887
0.333142
0.400038
0.321615
0.272889
0.229379
0.337191
0.222467
0.319073
0.271156
0.186254
0.208822
0.341730
0.289328
0.236588
0.303884
0.345273
0.301483
0.306660
0.274457
0.220984
0.292276
0.198221
0.292021
0.291284
0.306187
0.216680
0.344878
0.313010
0.291034
0.313234
0.273139
0.264204
0.198267
0.274728
0.249966
0.281312
0.301155
0.330049
0.250978
0.270346
0.274606
0.323747
0.256129
0.280151
0.317869
0.245298
0.379101
0.447263
0.316292
0.362937
0.281278
0.370485
0.325815
0.282232
0.277174
0.287754
0.317417
0.340504
0.233257
0.181641
0.209039
0.230159
0.249064
0.244747
0.290411
0.277787
0.239329
0.358385
0.230244
0.236814
0.272646
0.276283
0.257919
0.397904
0.249657
0.267459
0.251878
0.324146
0.229563
0.308185
0.207464
0.295703
0.313940
0.257272
0.341641
0.248616
0.342629
0.276103
0.374848
0.279039
0.303719
0.279891
0.291227
0.427322
0.318233
0.320766
0.207557
0.316184
0.304630
0.262343
0.280073
0.266127
0.377714
0.319330
0.328391
0.293810
0.260212
0.232772
0.279941
0.167792
0.265127
0.287539
0.287370
0.283926
0.247321
0.311277
0.397920
0.290858
0.496498
0.314897
0.375539
0.306863
0.297797
0.366636
0.291925
0.372232
0.319988
0.424751
0.409935
0.489973
0.335231
0.333109
0.290317
0.391426
0.331328
0.373188
0.307462
0.346368
0.353704
0.283235
0.274231
0.256684
0.235043
0.332749
0.239660
0.255612
0.196251
0.246985
0.248314
0.253974
0.322198
0.300933
0.285716
0.351034
0.421038
0.231840
0.357456
0.240926
0.405784
0.336014
0.282645
0.347447
0.300920
0.318816
0.321306
0.275567
0.340244
0.256040
0.280074
0.368380
0.411047
0.390668
0.442582
0.382514
0.366031
0.269953
0.301632
0.330727
0.274346
0.336556
0.352790
0.272668
0.541931
0.429727
0.402732
0.371859
0.252007
0.286869
0.327399
0.340948
0.479580
0.309232
0.318814
0.253947
0.324687
0.356485
0.307251
0.298118
0.428341
0.318923
0.296866
0.306130
0.289958
0.307263
0.351750
0.333668
0.330294
0.429083
0.229462
0.213963
0.321308
0.308253
0.295425
0.314322
0.406966
0.282628
0.327085
0.245507
0.400723
0.339054
0.416240
0.543103
0.481818
0.278182
0.266746
0.278857
0.295569
0.195029
0.256363
0.299392
0.253567
0.333107
0.281850
0.341424
0.252461
0.329191
0.233968
0.326764
0.293602
0.406201
0.348827
0.370156
0.358769
0.249166
0.234677
0.267489
0.262027
0.231152
0.202511
0.306610
0.343548
0.238973
0.263653
0.224787
0.287171
0.296844
0.201473
0.227194
0.291388
0.323099
0.327881
0.308735
0.279822
0.345245
0.411610
0.404905
0.395243
0.354950
0.415207
0.354089
0.508658
0.344343
0.530336
0.256466
0.291231
0.278387
0.351194
0.300278
0.413529
0.329461
0.304796
0.324564
0.374458
0.318558
0.360215
0.269503
0.413810
0.406761
0.302149
0.320981
0.324249
0.330800
0.372663
0.418618
0.305080
0.375612
0.279867
0.275243
0.358276
0.318568
0.387792
0.376979
0.491992
0.200563
0.344558
0.285156
0.421125
0.357471
0.611071
0.483475
0.429143
0.444534
0.352085
0.304735
0.279529
0.329333
0.278605
0.330862
0.293754
0.288564
0.298486
0.247094
0.266144
0.259759
0.332311
0.396305
0.354380
0.302707
0.336314
0.288544
0.331171
0.228692
0.225959
0.325752
0.308569
0.314690
0.289286
0.352267
0.260394
0.291975
0.265469
0.337715
0.245043
0.275347
0.275976
0.304453
0.229125
0.262673
0.260929
0.278266
0.304420
0.283765
0.307967
0.268134
0.264149
0.294611
0.222435
0.234139
0.330701
0.240906
0.338267
0.271943
0.233751
0.246479
0.260185
0.195977
0.336302
0.309651
0.339048
0.319129
0.363586
0.412431
0.371954
0.259312
0.291646
0.299242
0.348400
0.452348
0.650303
0.459168
0.378157
0.371944
0.363972
0.572525
0.603019
0.367523
0.412655
0.321762
0.334546
0.307772
0.347188
0.332002
0.352036
0.307998
0.276892
0.262790
0.229945
0.307555
0.313592
0.321917
0.344276
0.323760
0.276095
0.309910
0.282856
0.302636
0.265159
0.328398
0.235171
0.326242
0.300696
0.306644
0.325298
0.318010
0.347980
0.349664
0.264911
0.355788
0.309448
0.327926
0.336831
0.305821
0.309693
0.304008
0.274807
0.338332
0.325010
0.305884
0.306151
0.265948
0.222194
0.244882
0.374829
0.435689
0.246261
0.371131
0.222435
0.255166
0.313761
0.266342
0.359767
0.324856
0.293598
0.240989
0.352870
0.259435
0.335909
0.167983
0.313689
0.278714
0.322975
0.242159
0.279799
0.334541
0.359272
0.393252
0.368458
0.352264
0.565908
0.303247
0.230020
0.296749
0.329904
0.342918
0.483008
0.317602
0.305944
0.296134
0.376211
0.521588
0.606385
0.322617
0.320911
0.394627
0.437794
0.446132
0.399957
0.360007
0.408578
0.537741
0.366352
0.393176
0.314659
0.299451
0.430170
0.313498
0.444181
0.297480
0.390905
0.299107
0.222468
0.348375
0.363824
0.369676
0.441862
0.342173
0.311289
0.269107
0.313712
0.346023
0.360612
0.250523
0.333940
0.328372
0.274533
0.308709
0.233296
0.462093
0.305227
0.324542
0.403669
0.345731
0.319707
0.299546
0.255071
0.336737
0.358353
0.373616
0.515211
0.452457
0.631550
0.353386
0.366093
0.266976
0.224170
0.300667
0.325151
0.242725
0.235860
0.308060
0.302530
0.337978
0.301387
0.238561
0.289159
0.398388
0.287487
0.300121
0.337297
0.320438
0.316539
0.237591
0.173451
0.320185
0.396249
0.250617
0.322999
0.283962
0.229320
0.216828
0.347121
0.309850
0.334818
0.262324
0.349979
0.438891
0.273609
0.340017
0.419136
0.324312
0.376373
0.313373
0.344033
0.335667
0.345343
0.330796
0.287717
0.381183
0.295539
0.380274
0.401352
0.545982
0.393046
0.384475
0.291634
0.341883
0.408033
0.433489
0.298992
0.227330
0.297246
0.267047
0.256307
0.276105
0.288170
0.252334
0.336475
0.262793
0.276697
0.225665
0.284129
0.238412
0.378564
0.376511
0.387589
0.482948
0.348919
0.345642
0.292493
0.548668
0.289444
0.321866
0.314475
0.302741
0.319557
0.282993
0.300141
0.361793
0.258099
0.303575
0.270276
0.294565
0.327754
0.288780
0.275529
0.328823
0.297875
0.301843
0.358825
0.314209
0.298202
0.360444
0.213730
0.344012
0.385221
0.330047
0.411779
0.362694
0.402777
0.302750
0.421773
0.397143
0.338683
0.340226
0.460944
0.363596
0.495693
0.407786
0.541154
0.342968
0.351505
0.249517
0.191748
0.296136
0.289196
0.371145
0.725869
0.385335
0.335328
0.321106
0.325977
0.357342
0.300517
0.384262
0.482652
0.376303
0.263847
0.355006
0.323554
0.308268
0.657765
0.382128
0.335523
0.374639
0.247389
0.263619
0.327635
0.277440
0.341098
0.337625
0.332207
0.299376
0.318306
0.377446
0.337088
0.339391
0.299149
0.328122
0.370853
0.219190
0.272017
0.313788
0.286620
0.408084
0.285055
0.328026
0.333924
0.261879
0.253090
0.311588
0.270290
0.307970
0.272630
0.307423
0.294500
0.226121
0.313987
0.274665
0.338831
0.313248
0.336060
0.338032
0.271373
0.331710
0.460974
0.338687
0.424273
0.286737
0.341451
0.308774
0.345076
0.376051
0.271229
0.320551
0.348052
0.278290
0.314387
0.358531
0.248695
0.294733
0.401128
0.315889
0.333802
0.259790
0.368831
0.524821
0.429452
0.330077
0.384457
0.335287
0.345715
0.309507
0.288859
0.103413
0.244620
0.274786
0.328058
0.336503
0.198820
0.274867
0.229522
0.278342
0.269580
0.248316
0.370020
0.317588
0.316744
0.232925
0.300010
0.306534
0.308595
0.322794
0.285049
0.386020
0.322703
0.302961
0.376898
0.319178
0.349853
0.317993
0.290191
0.364781
0.359299
0.506534
0.290890
0.286011
0.298509
0.295705
0.323935
0.238702
0.312170
0.244764
0.293128
0.277488
0.280893
0.240958
0.344480
0.281601
0.289550
0.301337
0.310473
0.308840
0.407510
0.349584
0.287011
0.284975
0.302241
0.326807
0.300204
0.330852
0.253315
0.418765
0.279531
0.366950
0.337674
0.348308
0.280578
0.319821
0.275959
0.266675
0.291512
0.253468
0.365887
0.247083
0.346545
0.315202
0.430624
0.252340
0.402750
0.270212
0.312783
0.317864
0.336625
0.466305
0.396044
0.377089
0.323064
0.300641
0.538591
0.438806
0.366144
0.307071
0.389826
0.360644
0.326098
0.355018
0.424004
0.385010
0.263145
0.364284
0.249067
0.344730
0.264655
0.369428
0.324766
0.308135
0.384020
0.471839
0.426281
0.396293
0.422074
0.508498
0.403656
0.271679
0.333585
0.295256
0.287706
0.317744
0.310470
0.280397
0.306988
0.338180
0.300275
0.261042
0.308664
0.323882
0.338127
0.357278
0.330316
0.280391
0.312799
0.215203
0.278842
0.326918
0.358179
0.191146
0.347111
0.209788
0.299432
0.245728
0.286558
0.217998
0.343665
0.365446
0.593357
0.316151
0.352635
0.282603
0.269963
0.367738
0.435965
0.287164
0.318785
0.240150
0.310718
0.333597
0.223524
0.370652
0.340785
0.335847
0.438754
0.287338
0.363995
0.378023
0.373290
0.404836
0.292392
0.362609
0.303237
0.302063
0.292385
0.321330
0.269440
0.278613
0.323896
0.273661
0.293570
0.298695
0.412533
0.254829
0.346564
0.266746
0.272582
0.281421
0.301257
0.352589
0.420317
0.391059
0.304776
0.325478
0.265249
0.298477
0.318688
0.331505
0.339082
0.378209
0.252278
0.276964
0.332232
0.305251
0.283797
0.348731
0.251453
0.311990
0.280451
0.330972
0.326801
0.384549
0.306666
0.367422
0.380808
0.449677
0.349308
0.294901
0.342770
0.302606
0.405057
0.274833
0.297507
0.295844
0.230039
0.278143
0.278348
0.412436
0.310721
0.253034
0.276225
0.457253
0.314719
0.293809
0.254905
0.314664
0.263271
0.325627
0.307453
0.297218
0.305961
0.260737
0.287174
0.277972
0.238537
0.303383
0.332701
0.351835
0.384386
0.389704
0.318030
0.394807
0.285407
0.279087
0.255225
0.238319
0.288757
0.198738
0.230896
0.304867
0.339882
0.449292
0.371108
0.321646
0.507302
0.303621
0.471256
0.316751
0.400506
0.305096
0.428779
0.342963
0.378617
0.301985
0.223691
0.298187
0.358166
0.332006
0.252498
0.329027
0.379419
0.353996
0.483186
0.334924
0.462574
0.323994
0.344234
0.293423
0.284775
0.328266
0.294771
0.300162
0.345464
0.353834
0.283994
0.303726
0.266028
0.269636
0.262719
0.205908
0.273753
0.227440
0.190538
0.253913
0.309700
0.265581
0.412229
0.273050
0.325672
0.258799
0.244593
0.242946
0.335522
0.240582
0.297170
0.310755
0.269504
0.327771
0.224304
0.301616
0.392169
0.322126
0.483883
0.618393
0.306191
0.405920
0.249622
0.267591
0.312286
0.314806
0.329494
0.517342
0.382816
0.323204
0.325926
0.345083
0.250544
0.316738
0.311400
0.461046
0.292172
0.374204
0.439397
0.521651
0.319046
0.345430
0.272219
0.291898
0.278076
0.381286
0.257613
0.348703
0.174269
0.297656
0.358758
0.380258
0.535331
0.576936
0.303674
0.299191
0.340547
0.427450
0.685446
0.419682
0.349438
0.303088
0.365078
0.285573
0.393459
0.371228
0.292298
0.250266
0.364405
0.299420
0.342684
0.353375
0.465555
0.381720
0.288176
0.294304
0.360969
0.333379
0.398080
0.192126
0.301974
0.296746
0.253698
0.191686
0.306295
0.347994
0.329694
0.378008
0.380586
0.281057
0.314219
0.360219
0.457374
0.412856
0.514081
0.392990
0.324035
0.242603
0.275116
0.274365
0.247160
0.257873
0.265254
0.358029
0.511214
0.330965
0.375383
0.390683
0.503556
0.501337
0.443831
0.372553
0.323078
0.307493
0.237927
0.323955
0.363446
0.333087
0.277636
0.368081
0.294950
0.310300
0.249048
0.285662
0.269317
0.285947
0.183655
0.276774
0.337495
0.363375
0.452472
0.249682
0.341302
0.303436
0.359202
0.346976
0.306441
0.283429
0.328125
0.255610
0.283175
0.258398
0.371240
0.418551
0.479072
0.391938
0.358021
0.428445
0.328725
0.534067
0.312945
0.344842
0.386373
0.375718
0.419293
0.461282
0.397404
0.344186
0.340647
0.332399
0.303694
0.237854
0.308400
0.385104
0.370511
0.345073
0.321735
0.343311
0.388879
0.330513
0.400156
0.305802
0.338950
0.312189
0.319884
0.364777
0.459185
0.417065
0.355601
0.386356
0.256447
0.266862
0.307320
0.313646
0.234325
0.279638
0.383482
0.407881
0.326929
0.349757
0.353246
0.283617
0.404458
0.286177
0.378762
0.351089
0.428807
0.306990
0.346123
0.290767
0.201502
0.227902
0.284414
0.393630
0.324795
0.431785
0.332765
0.238412
0.363842
0.319117
0.332583
0.411491
0.309172
0.289822
0.420222
0.292182
0.339355
0.304319
0.289986
0.341904
0.275266
0.284842
0.361221
0.322934
0.266586
0.287030
0.310866
0.368416
0.317975
0.352838
0.349262
0.322383
0.342686
0.324514
0.220472
0.306568
0.288423
0.312143
0.324009
0.451128
0.261918
0.397952
0.287289
0.381412
0.313692
0.395013
0.261754
0.267692
0.264421
0.407274
0.275561
0.396900
0.406523
0.405910
0.279151
0.303290
0.296785
0.200836
0.415359
0.306300
0.295771
0.477749
0.526226
0.448072
0.379146
0.277875
0.403166
0.345931
0.342155
0.226358
0.317406
0.336600
0.223445
0.208928
0.333914
0.288622
0.262809
0.283449
0.280923
0.310364
0.225556
0.283620
0.277330
0.295435
0.258016
0.277906
0.248148
0.281010
0.236825
0.299896
0.319431
0.318624
0.340954
0.382061
0.368903
0.310668
0.340385
0.476832
0.317592
0.318158
0.321865
0.313564
0.322731
0.319608
0.287037
0.197325
0.263814
0.258047
0.458636
0.500070
0.501325
0.398740
0.384330
0.358573
0.275525
0.239980
0.399986
0.336445
0.331232
0.311206
0.455626
0.375178
0.608391
0.556096
0.525258
0.706381
0.633429
0.457270
0.557947
0.278288
0.264526
0.318974
0.245630
0.273007
0.359122
0.336972
0.345933
0.375787
0.458015
0.401318
0.717491
0.470715
0.358966
0.361404
0.283056
0.270563
0.206774
0.310315
0.264224
0.225782
0.173287
0.254489
0.278772
0.629351
0.249174
0.307755
0.321961
0.278520
0.315779
0.331615
0.325891
0.265945
0.327157
0.270789
0.247625
0.308309
0.352729
0.288803
0.331155
0.324585
0.236888
0.339564
0.372488
0.243312
0.421197
0.394554
0.348808
0.333866
0.351640
0.383111
0.395077
0.317909
0.352811
0.464134
0.245506
0.251592
0.248934
0.305879
0.320037
0.264193
0.295655
0.303115
0.311113
0.301266
0.316815
0.324761
0.329643
0.306157
0.236644
0.296289
0.302109
0.368815
0.330403
0.329432
0.307375
0.192388
0.344774
0.302704
0.421029
0.354965
0.504673
0.327669
0.558053
0.421511
0.423090
0.424264
0.359209
0.329844
0.674524
0.325135
0.291755
0.345236
0.375853
0.508147
0.613471
0.483246
0.385169
0.294014
0.222031
0.409177
0.241871
0.219202
0.262354
0.317066
0.296063
0.435441
0.282495
0.345055
0.333346
0.219548
0.359778
0.297713
0.348466
0.299442
0.271352
0.296478
0.298424
0.317975
0.362080
0.367317
0.359873
0.259509
0.283320
0.353790
0.272257
0.290310
0.250243
0.251149
0.302709
0.342109
0.286361
0.413771
0.271508
0.265806
0.341963
0.328240
0.374359
0.357876
0.280791
0.326432
0.365796
0.381989
0.314492
0.341564
0.416682
0.509072
0.513096
0.518521
0.245108
0.314577
0.316597
0.293502
0.310177
0.231568
0.401745
0.290401
0.319712
0.320839
0.270337
0.296025
0.318997
0.277693
0.395780
0.302512
0.373370
0.379881
0.354704
0.425079
0.355968
0.289852
0.314856
0.320055
0.347438
0.363434
0.329288
0.436535
0.326419
0.317963
0.385334
0.379823
0.396961
0.380591
0.346905
0.275930
0.260442
0.358748
0.316701
0.324648
0.316360
0.228546
0.303361
0.237425
0.298762
0.278745
0.370112
0.202401
0.268730
0.290333
0.283989
0.267730
0.247472
0.252933
0.329382
0.254947
0.337314
0.269485
0.347155
0.302781
0.360142
0.444442
0.629054
0.383543
0.350058
0.320019
0.330218
0.376866
0.311260
0.309331
0.305963
0.276767
0.424370
0.310726
0.294745
0.343465
0.319896
0.300274
0.296092
0.253240
0.178040
0.226364
0.347127
0.295525
0.303555
0.255150
0.293745
0.311046
0.260195
0.325606
0.299314
0.318026
0.342779
0.389942
0.354576
0.387395
0.405275
0.465719
0.295673
0.350342
0.235046
0.326641
0.361003
0.348027
0.310571
0.446118
0.366823
0.361200
0.227743
0.293835
0.318806
0.333954
0.316566
0.375487
0.232464
0.416663
0.419492
0.344089
0.479372
0.489614
0.328352
0.303903
0.389068
0.318906
0.345543
0.391438
0.320829
0.424487
0.263938
0.283116
0.267502
0.295492
0.283481
0.306023
0.281913
0.262166
0.266793
0.260149
0.267674
0.332745
0.397618
0.432828
0.323056
0.363433
0.336161
0.270102
0.244728
0.332650
0.311625
0.311244
0.351391
0.320770
0.274269
0.300636
0.238904
0.353619
0.304568
0.312933
0.259757
0.364643
0.247246
0.294351
0.331854
0.306685
0.298515
0.282105
0.331631
0.384800
0.554563
0.464742
0.482739
0.625263
0.347550
0.326887
0.246050
0.222055
0.297202
0.376740
0.387046
0.643984
0.405023
0.378640
0.367870
0.346103
0.310244
0.443572
0.323536
0.264848
0.256128
0.371156
0.292327
0.479503
0.249960
0.306416
0.250275
0.300132
0.310653
0.351155
0.336897
0.302529
0.338068
0.211071
0.338369
0.299634
0.369519
0.363043
0.414633
0.479039
0.316950
0.335881
0.344149
0.409218
0.575135
0.538166
0.286037
0.302979
0.343694
0.268052
0.254509
0.196357
0.304846
0.356086
0.287688
0.226338
0.284903
0.329881
0.431900
0.325521
0.566058
0.391903
0.337262
0.366100
0.269150
0.192186
0.260835
0.302867
0.321409
0.287015
0.265250
0.257960
0.250278
0.236307
0.188659
0.315415
0.292863
0.339978
0.374656
0.351807
0.314026
0.318535
0.391433
0.326567
0.338816
0.252334
0.321764
0.432334
0.254624
0.221749
0.206808
0.270587
0.231446
0.352908
0.272982
0.324549
0.284385
0.221665
0.216681
0.200147
0.288991
0.327741
0.264648
0.325031
0.368795
0.339086
0.290915
0.435692
0.447373
0.256175
0.212880
0.377584
0.300496
0.448149
0.358868
0.374187
0.381195
0.339704
0.372725
0.272984
0.333569
0.351022
0.284136
0.337893
0.335087
0.345013
0.458964
0.359452
0.308669
0.363780
0.550394
0.445712
0.349922
0.309837
0.331554
0.301585
0.373648
0.299174
0.331918
0.285229
0.265675
0.257163
0.278087
0.286532
0.315091
0.309772
0.280001
0.287547
0.280779
0.298123
0.443608
0.334281
0.339431
0.378534
0.281803
0.299396
0.300402
0.285747
0.360200
0.355063
0.286896
0.318145
0.238807
0.284507
0.325451
0.376803
0.554919
0.307388
0.346893
0.357364
0.212069
0.344665
0.349113
0.463620
0.413633
0.337228
0.319020
0.293136
0.344468
0.280250
0.341244
0.263743
0.333944
0.345654
0.307133
0.319869
0.335748
0.375091
0.243434
0.343506
0.323402
0.310652
0.324587
0.410007
0.488659
0.331575
0.340734
0.290488
0.273075
0.300069
0.294407
0.265152
0.411364
0.396471
0.344935
0.368852
0.265761
0.330341
0.283143
0.380084
0.329584
0.347249
0.351120
0.317184
0.356164
0.289511
0.340693
0.395489
0.384612
0.360520
0.362020
0.265054
0.254103
0.244724
0.327991
0.338532
0.393029
0.272317
0.365075
0.438508
0.269517
0.341789
0.293283
0.519273
0.450392
0.334744
0.346038
0.398060
0.326555
0.399358
0.376694
0.378467
0.346519
0.370958
0.322990
0.326797
0.334791
0.357081
0.354912
0.380465
0.452844
0.419709
0.439935
0.649364
0.486692
0.302383
0.336706
0.339725
0.325540
0.321823
0.232999
0.287521
0.291000
0.282432
0.298291
0.337802
0.679653
0.378979
0.425116
0.348483
0.312759
0.319484
0.326635
0.377878
0.317100
0.350017
0.392967
0.544953
0.517401
0.409964
0.322968
0.344610
0.289578
0.355884
0.307934
0.337472
0.286635
0.277960
0.273482
0.345164
0.311865
0.416174
0.410943
0.487030
0.438480
0.365135
0.308403
0.281731
0.354879
0.421804
0.318321
0.383198
0.267155
0.326912
0.528417
0.323813
0.341266
0.276490
0.260847
0.257938
0.320205
0.248231
0.373768
0.303535
0.386586
0.384612
0.374148
0.389335
0.308165
0.326756
0.361108
0.414200
0.453087
0.291875
0.543051
0.227956
0.223006
0.270848
0.318716
0.295548
0.311932
0.257207
0.439364
0.437102
0.523109
0.311909
0.382068
0.302774
0.377383
0.351312
0.404174
0.353327
0.374467
0.282837
0.331872
0.262071
0.348904
0.292716
0.312365
0.261803
0.242131
0.457380
0.408929
0.366873
0.438112
0.419678
0.299247
0.346554
0.254131
0.311978
0.362486
0.261864
0.287402
0.294755
0.320390
0.307011
0.306291
0.287311
0.277100
0.372992
0.293113
0.249661
0.278821
0.299878
0.289803
0.229747
0.348197
0.318259
0.356140
0.351868
0.484882
0.442737
0.356448
0.362068
0.406540
0.308746
0.350857
0.322855
0.300925
0.263526
0.343370
0.262455
0.304758
0.243209
0.257720
0.262183
0.292475
0.320973
0.440421
0.445287
0.397569
0.381854
0.604000
0.437803
0.666332
0.388960
0.360409
0.380437
0.312153
0.218291
0.258497
0.193658
0.291870
0.348537
0.192684
0.278732
0.289470
0.282811
0.330095
0.261021
0.377065
0.302159
0.391651
0.278619
0.265287
0.322911
0.339000
0.435619
0.408729
0.229391
0.346657
0.305506
0.409301
0.345169
0.340152
0.301794
0.344380
0.375426
0.375996
0.270748
0.263682
0.318305
0.373511
0.306655
0.290624
0.407991
0.314275
0.248955
0.264268
0.356108
0.327346
0.295849
0.328206
0.278940
0.314259
0.293043
0.332726
0.309365
0.329634
0.275802
0.301829
0.300382
0.344765
0.356063
0.351128
0.364656
0.297973
0.369429
0.356932
0.277973
0.278448
0.248136
0.319949
0.369497
0.511585
0.372064
0.357296
0.293776
0.372028
0.407043
0.306334
0.383939
0.280620
0.330499
0.257922
0.298565
0.170120
0.219193
0.244533
0.344486
0.350023
0.329703
0.355470
0.352984
0.331067
0.315546
0.310294
0.276637
0.253763
0.278268
0.292926
0.371021
0.265079
0.345003
0.310099
0.271560
0.314863
0.326351
0.362296
0.372262
0.309700
0.322589
0.257564
0.478142
0.372743
0.304557
0.270730
0.345995
0.328147
0.202665
0.187178
0.390340
0.280600
0.270465
0.299784
0.298146
0.284059
0.408283
0.303506
0.320284
0.331197
0.353964
0.379240
0.359432
0.445267
0.267371
0.379628
0.330336
0.270024
0.286817
0.298621
0.384997
0.395849
0.447776
0.369144
0.527653
0.219681
0.304524
0.405054
0.439953
0.475450
0.313918
0.455103
0.291792
0.296314
0.229180
0.308985
0.352789
0.359543
0.595382
0.396791
0.306392
0.279918
0.355394
0.403756
0.399322
0.280464
0.298142
0.296035
0.331015
0.288146
0.407881
0.409549
0.528840
0.425121
0.456771
0.364713
0.290166
0.323924
0.294629
0.277295
0.324694
0.377497
0.271584
0.248073
0.311165
0.298644
0.363062
0.316120
0.336512
0.294176
0.242096
0.347070
0.375625
0.346790
0.323746
0.328623
0.238627
0.249370
0.306210
0.314857
0.309857
0.294192
0.354704
0.449104
0.424095
0.411493
0.314891
0.372357
0.320070
0.585826
0.382018
0.327883
0.346043
0.289182
0.387945
0.239454
0.294218
0.196452
0.308461
0.260541
0.354890
0.365880
0.350021
0.328514
0.343261
0.387181
0.384962
0.353047
0.299338
0.392741
0.294212
0.316491
0.293123
0.251514
0.379290
0.216478
0.419839
0.285174
0.393164
0.305634
0.274219
0.329817
0.307474
0.354979
0.417170
0.444025
0.646221
0.398641
0.640887
0.406693
0.559391
0.469569
0.323187
0.366578
0.383717
0.337409
0.371203
0.285420
0.389954
0.350552
0.315386
0.345030
0.300475
0.324486
0.338059
0.253643
0.361567
0.448001
0.279981
0.234554
0.345610
0.289896
0.345498
0.452170
0.327569
0.346566
0.336930
0.291567
0.372207
0.339307
0.342107
0.275822
0.292110
0.292263
0.311353
0.289327
0.385560
0.343233
0.311969
0.377857
0.380861
0.577209
0.345118
0.292592
0.275553
0.319504
0.284852
0.360730
0.293481
0.372932
0.205671
0.417055
0.596069
0.489747
0.279983
0.272443
0.249491
0.280041
0.367462
0.353579
0.304173
0.288130
0.356459
0.331466
0.422353
0.373660
0.398597
0.527616
0.401506
0.580214
0.377258
0.552979
0.408353
0.306539
0.294171
0.345943
0.319523
0.276456
0.508078
0.406650
0.344394
0.388907
0.263285
0.392845
0.356241
0.373154
0.390419
0.322069
0.329888
0.278412
0.260776
0.326894
0.381864
0.287391
0.297922
0.326445
0.334345
0.272761
0.315517
0.228268
0.423642
0.440747
0.460669
0.333121
0.301892
0.330387
0.471745
0.284478
0.282370
0.310540
0.348752
0.267945
0.359113
0.253253
0.214695
0.308337
0.297868
0.354494
0.445618
0.298752
0.315604
0.342302
0.333660
0.341022
0.338401
0.391206
0.392539
0.547760
0.470994
0.369897
0.569405
0.267239
0.375878
0.225516
0.345154
0.304644
0.305802
0.401842
0.308347
0.324141
0.290973
0.378938
0.307068
0.294527
0.368834
0.372011
0.291045
0.296543
0.304138
0.423709
0.281335
0.323555
0.307634
0.318857
0.304525
0.309470
0.336652
0.214537
0.253491
0.191235
0.293861
0.187122
0.256077
0.211813
0.333078
0.357125
0.264823
0.442547
0.347551
0.355677
0.342512
0.279375
0.384923
0.267164
0.433965
0.325721
0.468659
0.356192
0.498844
0.397604
0.388121
0.304661
0.466404
0.419677
0.453931
0.351383
0.462016
0.441018
0.299051
0.279335
0.332475
0.357137
0.360786
0.354736
0.386545
0.359796
0.442992
0.326947
0.354998
0.290056
0.282885
0.237768
0.292879
0.207657
0.239987
0.270741
0.250339
0.361401
0.166994
0.287196
0.275047
0.316609
0.268845
0.227463
0.289222
0.237453
0.315483
0.282848
0.199969
0.237878
0.318171
0.237158
0.280327
0.233604
0.244973
0.222743
0.241807
0.240854
0.275488
0.390841
0.259445
0.384150
0.277005
0.318568
0.318562
0.315376
0.285528
0.303164
0.346819
0.256916
0.240767
0.382667
0.348706
0.321213
0.402220
0.376228
0.385296
0.519106
0.341160
0.257908
0.244298
0.372264
0.295025
0.326404
0.356206
0.284726
0.264886
0.155069
0.212618
0.220254
0.227720
0.212303
0.254715
0.218164
0.283214
0.363936
0.348231
0.326383
0.388981
0.354743
0.450642
0.352279
0.339574
0.277723
0.295284
0.281543
0.295654
0.334829
0.201956
0.353815
0.385669
0.421687
0.417469
0.502406
0.599918
0.369479
0.397306
0.370777
0.507017
0.321717
0.401559
0.295050
0.247514
0.244796
0.267000
0.373446
0.342533
0.430575
0.326237
0.347360
0.253336
0.285156
0.289405
0.341994
0.351758
0.348257
0.300362
0.286669
0.475244
0.288494
0.417190
0.348611
0.396436
0.441631
0.300558
0.312038
0.310787
0.306224
0.343183
0.274575
0.355528
0.311761
0.515143
0.283656
0.445039
0.363263
0.427503
0.483605
0.321502
0.362392
0.211850
0.306415
0.273589
0.355414
0.295215
0.329883
0.247526
0.321598
0.252001
0.258111
0.279444
0.245995
0.306967
0.268307
0.296965
0.302558
0.298318
0.331515
0.261093
0.381326
0.318091
0.462712
0.326912
0.414408
0.305784
0.339444
0.363655
0.314604
0.364709
0.336835
0.345432
0.296230
0.327601
0.310599
0.350122
0.413140
0.367684
0.456991
0.474809
0.411435
0.407140
0.292785
0.383608
0.377247
0.518269
0.331175
0.383704
0.276205
0.281614
0.330911
0.304825
0.427986
0.374495
0.311836
0.316632
0.336060
0.340818
0.329204
0.286763
0.378775
0.388808
0.384291
0.367676
0.369688
0.426920
0.470662
0.484981
0.319002
0.456860
0.357394
0.344071
0.267353
0.325690
0.309252
0.308302
0.342735
0.309500
0.327856
0.335636
0.277971
0.256668
0.283206
0.332174
0.382443
0.242213
0.317850
0.253216
0.348819
0.397703
0.443082
0.631351
0.367927
0.413159
0.309274
0.394113
0.451609
0.407049
0.390729
0.362100
0.353818
0.541180
0.424500
0.386437
0.346349
0.366691
0.310717
0.515672
0.551558
0.312808
0.379974
0.379170
0.493915
0.656217
0.444723
0.494192
0.347504
0.388719
0.320295
0.352976
0.393226
0.351079
0.372077
0.352672
0.371260
0.552999
0.396219
0.298920
0.307635
0.305676
0.299943
0.307967
0.312090
0.355570
0.252493
0.346674
0.300538
0.334181
0.253280
0.352353
0.317295
0.254137
0.315950
0.407977
0.287294
0.283323
0.315357
0.312572
0.282079
0.290154
0.275830
0.287728
0.200428
0.338690
0.232592
0.314514
0.327248
0.390459
0.269092
0.343479
0.293728
0.292110
0.299433
0.282315
0.289201
0.237575
0.345126
0.335544
0.484198
0.366791
0.398665
0.350274
0.296977
0.385868
0.344408
0.350473
0.441715
0.470870
0.324872
0.370461
0.444042
0.316961
0.356383
0.294310
0.309736
0.219627
0.264166
0.315674
0.317025
0.277049
0.195008
0.245641
0.301022
0.335794
0.322079
0.358846
0.500816
0.493914
0.464369
0.344224
0.327125
0.291469
0.334591
0.238835
0.286283
0.235807
0.305126
0.269490
0.357940
0.268844
0.283634
0.310058
0.323699
0.423121
0.570178
0.477793
0.411614
0.375005
0.363314
0.219775
0.349772
0.315918
0.369929
0.280772
0.304093
0.358167
0.307226
0.462032
0.318765
0.356848
0.280159
0.367979
0.345446
0.298506
0.315743
0.298739
0.310560
0.340825
0.333378
0.331903
0.225659
0.346575
0.292405
0.382368
0.341024
0.611771
0.396275
0.327837
0.309784
0.340661
0.248009
0.298309
0.312457
0.282635
0.283453
0.230036
0.299389
0.209721
0.273052
0.293015
0.388443
0.320141
0.605953
0.422100
0.532439
0.312274
0.298961
0.349890
0.327568
0.338005
0.347535
0.400487
0.298237
0.351525
0.244935
0.243297
0.283653
0.216419
0.238051
0.200414
0.340037
0.290484
0.320581
0.215712
0.373281
0.364182
0.460630
0.335688
0.355884
0.255240
0.177923
0.245591
0.234984
0.276037
0.248459
0.384746
0.344313
0.339511
0.342542
0.346449
0.352279
0.231297
0.289500
0.399234
0.313477
0.339820
0.286361
0.322088
0.350425
0.507192
0.427136
0.479186
0.411208
0.344743
0.331376
0.309288
0.374845
0.404859
0.315876
0.396032
0.306356
0.430066
0.376357
0.313009
0.305250
0.442841
0.305862
0.331549
0.323947
0.316762
0.293887
0.381757
0.330522
0.330546
0.394799
0.424497
0.481975
0.401194
0.318308
0.374920
0.276045
0.382947
0.296345
0.377636
0.403761
0.330639
0.382941
0.289097
0.335834
0.314732
0.342313
0.563393
0.450417
0.404468
0.287671
0.399055
0.519301
0.404779
0.232009
0.387595
0.273734
0.370775
0.369386
0.290957
0.289531
0.212987
0.233446
0.287811
0.297235
0.297875
0.372999
0.392508
0.522541
0.455770
0.502846
0.347022
0.343841
0.316356
0.347749
0.320138
0.302202
0.250848
0.315459
0.323796
0.311624
0.336431
0.308759
0.288394
0.357501
0.328635
0.257345
0.305917
0.378528
0.467163
0.424042
0.418326
0.426499
0.297749
0.366222
0.291138
0.361132
0.417923
0.521022
0.442305
0.474142
0.297050
0.327552
0.239668
0.326680
0.280092
0.338687
0.294763
0.285422
0.322442
0.284185
0.319920
0.342866
0.295609
0.374094
0.320807
0.356076
0.344460
0.369159
0.386026
0.363264
0.408259
0.359003
0.358041
0.207251
0.367177
0.400488
0.436993
0.313396
0.289352
0.282001
0.311054
0.370312
0.378252
0.360357
0.258445
0.309360
0.231467
0.177821
0.266963
0.286861
0.305900
0.317141
0.342079
0.315672
0.256515
0.355041
0.547509
0.354812
0.355072
0.300654
0.325703
0.309971
0.325665
0.304350
0.415161
0.306740
0.370143
0.475174
0.347879
0.490754
0.330764
0.334001
0.269656
0.197095
0.289119
0.307286
0.222771
0.312066
0.343722
0.326378
0.332033
0.260638
0.322525
0.246246
0.243205
0.275978
0.314708
0.330823
0.209063
0.235526
0.367681
0.359910
0.461674
0.272468
0.242432
0.298866
0.264845
0.254347
0.208216
0.284445
0.288384
0.211224
0.276073
0.281409
0.376540
0.280506
0.270163
0.227508
0.330091
0.415093
0.357366
0.328437
0.368977
0.273892
0.309420
0.270852
0.242446
0.306066
0.310967
0.352678
0.247460
0.281427
0.248318
0.329728
0.245303
0.325246
0.291740
0.272557
0.316062
0.345432
0.491468
0.275446
0.360704
0.245701
0.388578
0.323281
0.301289
0.350359
0.303758
0.290669
0.272373
0.294349
0.293304
0.375842
0.351111
0.306231
0.270712
0.326617
0.266611
0.351895
0.377002
0.284860
0.356933
0.257788
0.344615
0.312717
0.371114
0.315972
0.366361
0.289031
0.389880
0.304541
0.401580
0.357731
0.362742
0.366483
0.342751
0.329092
0.326373
0.433229
0.357988
0.300773
0.315427
0.257636
0.273643
0.414377
0.295130
0.287081
0.325503
0.308190
0.289496
0.292832
0.318409
0.317890
0.326947
0.336413
0.262657
0.292260
0.301314
0.325129
0.265346
0.272348
0.274351
0.309315
0.321260
0.329797
0.310103
0.373295
0.258234
0.268078
0.229638
0.298922
0.295138
0.197107
0.205827
0.302989
0.267956
0.331209
0.313564
0.407533
0.306474
0.282666
0.277587
0.311497
0.324889
0.348362
0.329087
0.341891
0.245520
0.323984
0.377773
0.389059
0.380880
0.341592
0.299908
0.297891
0.344517
0.301936
0.330754
0.351253
0.328308
0.297091
0.341061
0.369557
0.270555
0.321159
0.329268
0.280705
0.297765
0.255335
0.272807
0.275143
0.209995
0.237727
0.279574
0.299961
0.228642
0.293507
0.258204
0.260191
0.271717
0.334268
0.341542
0.533699
0.520270
0.534361
0.525089
0.410634
0.293712
0.208860
0.440468
0.339638
0.371597
0.492087
0.323642
0.528293
0.446477
0.478051
0.653905
0.560534
0.446535
0.406780
0.363793
0.254524
0.278770
0.255955
0.318646
0.337113
0.334630
0.343305
0.360361
0.309313
0.282128
0.394606
0.262037
0.296453
0.233225
0.287506
0.321086
0.336055
0.282784
0.296378
0.396987
0.359523
0.434307
0.559177
0.544809
0.355218
0.411825
0.269714
0.324096
0.289752
0.333943
0.357282
0.290724
0.301890
0.327650
0.309311
0.379220
0.254326
0.318128
0.329887
0.271178
0.386410
0.262530
0.341135
0.440741
0.570945
0.365032
0.607294
0.466501
0.400520
0.427801
0.337409
0.335404
0.328659
0.294250
0.348157
0.304663
0.344905
0.330110
0.318741
0.305760
0.293496
0.371015
0.343735
0.363966
0.324968
0.323107
0.451678
0.304359
0.328419
0.239344
0.323427
0.327547
0.452733
0.331807
0.504370
0.375446
0.451771
0.376847
0.616794
0.340080
0.347245
0.335299
0.319168
0.313661
0.285466
0.360177
0.253771
0.527198
0.346761
0.351391
0.503955
0.361515
0.341722
0.226517
0.209475
0.322092
0.276993
0.193113
0.268145
0.330448
0.310469
0.321154
0.289119
0.284175
0.268834
0.313564
0.352301
0.372995
0.320336
0.411074
0.297083
0.324893
0.286867
0.263480
0.401957
0.402098
0.367123
0.326108
0.322496
0.302578
0.305638
0.316247
0.315819
0.323398
0.340355
0.321580
0.334066
0.405202
0.350798
0.245684
0.198811
0.344669
0.272634
0.464718
0.245228
0.387751
0.443784
0.322890
0.475216
0.409416
0.561798
0.425726
0.315038
0.335230
0.321515
0.312973
0.347021
0.340284
0.289123
0.319423
0.289863
0.249183
0.272598
0.283551
0.294379
0.260920
0.308862
0.285436
0.290818
0.288938
0.250685
0.334952
0.256109
0.334312
0.248479
0.324509
0.303459
0.344503
0.368207
