0.565226
0.559458
0.474561
0.489267
0.464471
0.484264
0.442955
0.490334
0.339929
0.346404
0.417682
0.334333
0.353998
0.306422
0.333014
0.344685
0.330924
0.353096
0.452764
0.446575
0.478024
0.452714
0.462056
0.449091
0.406363
0.442021
0.445385
0.473837
0.451064
0.451846
0.486178
0.497068
0.490962
0.492310
0.483447
0.471922
0.483187
0.472442
0.464853
0.462603
0.425889
0.453185
0.387114
0.465504
0.380697
0.437180
0.484684
0.498471
0.496525
0.462389
0.485778
0.462373
0.482679
0.464602
0.374136
0.437045
0.443026
0.472364
0.486831
0.477721
0.484131
0.466877
0.437008
0.453866
0.460128
0.469330
0.470912
0.473857
0.468237
0.460087
0.491378
0.511308
0.369383
0.530900
0.413512
0.269586
0.383694
0.300686
0.362297
0.228574
0.163881
0.189771
0.168400
0.208522
0.272945
0.312456
0.138423
0.154662
0.103570
0.093387
0.265786
0.091004
0.179833
0.097756
0.175670
0.117766
0.108804
0.191137
0.269835
0.173294
0.157732
0.178763
0.131650
0.128827
0.112459
0.103214
0.232287
0.140914
0.137556
0.095144
0.269473
0.187075
0.270479
0.147962
0.178483
0.089550
0.116863
0.079259
0.062277
0.070375
0.071732
0.075006
0.115838
0.078693
0.074472
0.101920
0.168151
0.254527
0.262813
0.434266
0.337205
0.457127
0.454880
0.468919
0.458348
0.461197
0.330343
0.435162
0.397875
0.342050
0.210930
0.216448
0.242767
0.337789
0.170445
0.275151
0.211888
0.351839
0.239839
0.170345
0.170311
0.196856
0.134117
0.120854
0.104683
0.070056
0.079996
0.114213
0.124607
0.357206
0.405095
0.459753
0.413366
0.462940
0.463563
0.467795
0.380452
0.367524
0.269317
0.338138
0.136782
0.187350
0.199863
0.156058
0.148558
0.141759
0.088946
0.065490
0.153881
0.083706
0.103184
0.094069
0.073724
0.053666
0.058770
0.076860
0.357310
0.286066
0.281960
0.147764
0.202030
0.157816
0.193894
0.344575
0.417674
0.427617
0.391575
0.338419
0.340112
0.323177
0.126865
0.140180
0.115849
0.080390
0.083339
0.145844
0.077822
0.058788
0.066015
0.078336
0.074503
0.083752
0.087446
0.077353
0.074578
0.062821
0.077535
0.050182
0.048720
0.065066
0.059894
0.201672
0.171650
0.130888
0.118350
0.118461
0.108840
0.129282
0.131066
0.143032
0.191017
0.233304
0.206426
0.184207
0.109670
0.096879
0.066660
0.152326
0.102350
0.155283
0.087999
0.110032
0.104464
0.096110
0.220582
0.154675
0.465430
0.467704
0.447059
0.449782
0.453360
0.451010
0.448777
0.480598
0.448943
0.432481
0.345321
0.442374
0.446103
0.473386
0.479645
0.415299
0.440514
0.432037
0.483541
0.487884
0.477984
0.474636
0.465985
0.490519
0.483317
0.489341
0.478850
0.495161
0.502762
0.480926
0.500295
0.487484
0.492432
0.407282
0.467906
0.367915
0.447035
0.362386
0.429331
0.428826
0.352419
0.461395
0.452520
0.430026
0.451561
0.338285
0.440838
0.486934
0.481918
0.476885
0.452518
0.493677
0.476453
0.434145
0.437639
0.271410
0.313740
0.478433
0.426354
0.442262
0.491861
0.483698
0.461178
0.443911
0.200934
0.161511
0.194958
0.137658
0.151243
0.173709
0.165957
0.191477
0.110072
0.218782
0.092262
0.063014
0.078268
0.062321
0.055163
0.075211
0.211011
0.088433
0.054897
0.093692
0.046099
0.076143
0.446304
0.424007
0.443893
0.328592
0.478197
0.448176
0.385680
0.322306
0.416514
0.281331
0.302460
0.348391
0.413748
0.358722
0.351087
0.433017
0.447836
0.442769
0.412740
0.426031
0.167486
0.202020
0.194152
0.199417
0.228351
0.126974
0.095346
0.154212
0.130713
0.063438
0.102586
0.062764
0.077232
0.047230
0.044528
0.073244
0.071457
0.047785
0.046438
0.085047
0.128467
0.113994
0.184566
0.068601
0.068889
0.068481
0.092144
0.235079
0.250116
0.257237
0.392386
0.326389
0.346439
0.315855
0.366486
0.323520
0.291916
0.274389
0.382708
0.410087
0.220364
0.217316
0.201005
0.155137
0.173215
0.077644
0.146480
0.095486
0.127438
0.187690
0.136928
0.147396
0.154676
0.326238
0.300011
0.269292
0.411658
0.356713
0.393237
0.302003
0.274129
0.176800
0.249321
0.176894
0.227446
0.186724
0.231388
0.202475
0.224192
0.187573
0.222709
0.180673
0.231476
0.181892
0.180388
0.226748
0.231326
0.216203
0.188939
0.202850
0.194194
0.198412
0.191158
0.127726
0.157548
0.160597
0.154996
0.156176
0.186165
0.226068
0.311360
0.210565
0.299128
0.304428
0.395634
0.380864
0.354540
0.232432
0.240590
0.314498
0.233267
0.328138
0.117483
0.116585
0.204855
0.161922
0.138213
0.151122
0.118590
0.135964
0.125607
0.128313
0.118906
0.121558
0.122307
0.155919
0.125184
0.133826
0.128534
0.149485
0.167022
0.267117
0.279596
0.248370
0.245438
0.222072
0.256244
0.249307
0.279868
0.204374
0.227835
0.249658
0.221024
0.148893
0.238347
0.121749
0.134169
0.116816
0.136537
0.197500
0.132018
0.079965
0.096641
0.095625
0.071831
0.082933
0.092213
0.109111
0.068323
0.062528
0.068605
0.082819
0.049885
0.061476
0.080669
0.075917
0.086042
0.092075
0.084604
0.096425
0.066275
0.071768
0.085596
0.073917
0.061495
0.064934
0.053953
0.059329
0.073145
0.082797
0.145041
0.232676
0.091719
0.087415
0.081645
0.292844
0.157972
0.178233
0.188378
0.234515
0.276456
0.299170
0.387806
0.445170
0.406110
0.383891
0.274662
0.232850
0.180845
0.345981
0.152558
0.162489
0.150774
0.140681
0.266560
0.156745
0.153069
0.242609
0.114513
0.113654
0.096503
0.119037
0.123920
0.148622
0.109425
0.102424
0.113353
0.129378
0.162488
0.136909
0.127833
0.089893
0.071739
0.144996
0.111584
0.098178
0.091620
0.066471
0.208967
0.110502
0.201956
0.154787
0.150350
0.158355
0.205405
0.163895
0.154060
0.173874
0.248404
0.381861
0.345886
0.370009
0.331126
0.358077
0.376775
0.392194
0.379217
0.347206
0.371886
0.330968
0.301857
0.479851
0.477562
0.470566
0.423903
0.422866
0.462843
0.329982
0.227372
0.267674
0.228976
0.057003
0.061936
0.044873
0.028138
0.083976
0.151180
0.079369
0.350013
0.343041
0.264762
0.273250
0.265508
0.216658
0.469286
0.426497
0.446612
0.451952
0.433108
0.315468
0.295523
0.360444
0.448464
0.167779
0.239568
0.222206
0.273352
0.270448
0.247869
0.289860
0.235921
0.232660
0.346382
0.391001
0.290029
0.273082
0.305017
0.282048
0.253726
0.302710
0.398133
0.297991
0.356898
0.442696
0.423383
0.451574
0.387526
0.469446
0.465551
0.462453
0.464986
0.485324
0.479268
0.474936
0.389893
0.441437
0.435019
0.479498
0.406205
0.427806
0.399600
0.172596
0.213282
0.228095
0.414488
0.170575
0.186835
0.208388
0.254601
0.162981
0.180126
0.152807
0.156849
0.085633
0.073283
0.142753
0.359368
0.349546
0.366074
0.381069
0.318809
0.316869
0.499987
0.494977
0.342194
0.470874
0.179501
0.296694
0.299101
0.172185
0.212583
0.242451
0.413384
0.453926
0.456048
0.465362
0.351566
0.335188
0.367513
0.350142
0.343587
0.349770
0.335428
0.373497
0.337147
0.350061
0.241011
0.260746
0.238507
0.351532
0.316896
0.380790
0.435190
0.332172
0.437427
0.336680
0.386304
0.480964
0.422096
0.472802
0.478748
0.501234
0.488095
0.483102
0.481949
0.498940
0.389269
0.317943
0.217737
0.411720
0.517593
0.504455
0.500632
0.499008
0.537065
0.522612
0.468418
0.425211
0.478735
0.457816
0.455665
0.446805
0.464042
0.455960
0.482025
0.449646
0.482434
0.452926
0.375283
0.439037
0.422760
0.395491
0.315162
0.399493
0.430300
0.417563
0.375795
0.423319
0.417572
0.414395
0.472174
0.474575
0.446328
0.467334
0.508471
0.450214
0.509024
0.482918
0.485455
0.485361
0.484427
0.506955
0.473797
0.470477
0.472038
0.433566
0.424592
0.451069
0.098514
0.059163
0.087449
0.121773
0.116969
0.404476
0.444630
0.463928
0.473163
0.468515
0.456552
0.474984
0.484752
0.481429
0.492850
0.478027
0.479143
0.481699
0.476870
0.484771
0.485181
0.492994
0.477889
0.472450
0.479769
0.465261
0.475569
0.475301
0.476626
0.462790
0.465035
0.463986
0.447593
0.466746
0.449965
0.458703
0.470088
0.464811
0.457763
0.461018
0.458932
0.474260
0.450103
0.460471
0.430336
0.434271
0.425752
0.438501
0.140474
0.099888
0.088203
0.151100
0.065207
0.061232
0.117146
0.061604
0.082785
0.063323
0.065174
0.122192
0.082879
0.073022
0.152812
0.120413
0.213370
0.133504
0.162067
0.093144
0.237930
0.167486
0.214752
0.162549
0.141132
0.128724
0.140979
0.160627
0.134096
0.165312
0.189638
0.193618
0.336810
0.300129
0.319736
0.258868
0.310181
0.209077
0.151581
0.118095
0.094580
0.086983
0.125448
0.085635
0.109199
0.201467
0.117210
0.139122
0.218801
0.238635
0.241748
0.186974
0.236529
0.211742
0.202083
0.259457
0.275856
0.347723
0.263610
0.238617
0.260366
0.250561
0.373178
0.252968
0.228356
0.237724
0.388192
0.270420
0.245896
0.267904
0.386167
0.243609
0.278005
0.273174
0.268675
0.340030
0.242027
0.262442
0.225142
0.248727
0.265817
0.262585
0.281897
0.252424
0.161873
0.177995
0.161406
0.173900
0.169620
0.181132
0.208597
0.196061
0.312631
0.255114
0.356110
0.284459
0.281946
0.235275
0.435496
0.424969
0.443389
0.471996
0.456710
0.403257
0.377789
0.314639
0.407743
0.484082
0.479950
0.491177
0.475902
0.414666
0.373586
0.484714
0.481303
0.473326
0.375190
0.481599
0.486952
0.474927
0.468006
0.386270
0.400500
0.284015
0.404539
0.471826
0.464597
0.455481
0.457309
0.390837
0.411456
0.401729
0.403339
0.430231
0.408595
0.430278
0.439388
0.453739
0.439665
0.363962
0.377427
0.411544
0.411828
0.441429
0.464638
0.440554
0.430628
0.410536
0.389985
0.355965
0.233305
0.205848
0.169325
0.166708
0.210864
0.215863
0.253103
0.223881
0.231765
0.374747
0.356645
0.353768
0.228465
0.149322
0.154972
0.205449
0.225118
0.162600
0.151125
0.148099
0.142139
0.162090
0.137097
0.152468
0.162090
0.177869
0.151567
0.234869
0.167679
0.139876
0.116897
0.101493
0.325239
0.243596
0.282399
0.238705
0.255109
0.258522
0.276813
0.263082
0.257181
0.275332
0.299721
0.317404
0.398035
0.423764
0.384810
0.430596
0.431600
0.311605
0.307261
0.238174
0.454668
0.331665
0.361369
0.356232
0.245781
0.282291
0.218627
0.178581
0.219237
0.231858
0.249875
0.204697
0.143954
0.110345
0.188495
0.110056
0.097819
0.093512
0.089385
0.088785
0.083348
0.077882
0.087991
0.171505
0.183838
0.099130
0.148275
0.132436
0.085939
0.071234
0.072581
0.075669
0.107669
0.105074
0.110911
0.191051
0.125212
0.183584
0.207248
0.161082
0.150074
0.145943
0.246827
0.242856
0.158637
0.212312
0.183597
0.194995
0.171327
0.209135
0.258592
0.225060
0.251063
0.288608
0.292386
0.457499
0.448355
0.507528
0.508442
0.472806
0.411334
0.457702
0.382756
0.428644
0.490050
0.517784
0.500299
0.495236
0.492718
0.465481
0.492129
0.489381
0.393566
0.408173
0.385492
0.442303
0.492714
0.505561
0.509970
0.502487
0.530229
0.490668
0.513095
0.502638
0.503087
0.521030
0.504624
0.506465
0.515064
0.511944
0.512255
0.517069
0.517047
0.518680
0.276930
0.266567
0.276645
0.247298
0.224445
0.428345
0.427614
0.383337
0.378576
0.467575
0.424572
0.439343
0.382203
0.475647
0.500954
0.517729
0.494409
0.533702
0.528406
0.526827
0.522296
0.521958
0.491770
0.522581
0.508636
0.503175
0.471637
0.430871
0.463954
0.437038
0.422558
0.421279
0.413062
0.344685
0.322768
0.404390
0.411766
0.411903
0.321241
0.343902
0.445462
0.422589
0.412469
0.427176
0.393918
0.466903
0.447333
0.469360
0.507857
0.488686
0.508285
0.522709
0.526511
0.541227
0.512905
0.505294
0.498659
0.508992
0.498929
0.421792
0.497025
0.467463
0.461447
0.461902
0.459522
0.380853
0.433490
0.398297
0.379561
0.331769
0.306413
0.299520
0.380094
0.327760
0.302547
0.289772
0.341664
0.420536
0.359595
0.435127
0.428580
0.449504
0.496021
0.486934
0.500651
0.486762
0.497663
0.490120
0.485845
0.489733
0.435716
0.478689
0.475492
0.434935
0.414668
0.416082
0.413979
0.307364
0.283848
0.272524
0.287255
0.338341
0.440048
0.432531
0.464140
0.496324
0.500464
0.498129
0.494586
0.501387
0.435505
0.381289
0.361219
0.368932
0.290327
0.285121
0.289973
0.291438
0.275656
0.306120
0.403122
0.315423
0.335979
0.345165
0.452673
0.394880
0.426090
0.491709
0.492068
0.496457
0.496000
0.488492
0.491312
0.432626
0.488250
0.483026
0.462228
0.419186
0.390633
0.427225
0.423849
0.308836
0.327381
0.313630
0.307587
0.333968
0.375727
0.380548
0.453784
0.412626
0.458151
0.498385
0.514770
0.487431
0.500612
0.503064
0.476781
0.505533
0.486679
0.427355
0.469008
0.446435
0.420942
0.410325
0.412257
0.377584
0.329194
0.325066
0.360103
0.318014
0.329756
0.330324
0.344481
0.413280
0.369721
0.389979
0.487140
0.443631
0.474524
0.428109
0.488372
0.513256
0.515604
0.520304
0.508293
0.520989
0.485708
0.517313
0.504822
0.490136
0.443829
0.482494
0.487148
0.467454
0.453652
0.399473
0.421894
0.391467
0.375591
0.311555
0.374008
0.330399
0.314825
0.439190
0.367142
0.479497
0.464508
0.510659
0.526609
0.516905
0.518125
0.527175
0.527981
0.501966
0.527420
0.513511
0.530884
0.489439
0.468068
0.432434
0.431280
0.426480
0.426226
0.390341
0.319599
0.352166
0.357508
0.424880
0.396587
0.338150
0.369845
0.396985
0.440499
0.474369
0.502995
0.510956
0.502902
0.517067
0.508473
0.534773
0.537094
0.454458
0.442564
0.501931
0.478186
0.469941
0.443358
0.439533
0.405262
0.402777
0.355461
0.379255
0.324308
0.311754
0.384513
0.395345
0.416044
0.497602
0.460956
0.489121
0.508815
0.505202
0.519557
0.524151
0.526804
0.509884
0.530663
0.518520
0.514125
0.500696
0.498936
0.459478
0.462381
0.431309
0.451052
0.421939
0.387478
0.416793
0.350175
0.373860
0.428043
0.390549
0.443298
0.411687
0.432130
0.443883
0.427984
0.457977
0.400764
0.474375
0.461145
0.498162
0.467861
0.489587
0.500232
0.476473
0.502877
0.511004
0.516132
0.488299
0.502341
0.499446
0.516648
0.498690
0.483477
0.456795
0.503387
0.492664
0.447560
0.456593
0.447413
0.467283
0.428470
0.465654
0.455988
0.460611
0.452086
0.488593
0.487545
0.479373
0.482122
0.464355
0.469557
0.477392
0.474880
0.465119
0.461535
0.456049
0.476421
0.479649
0.499709
0.495942
0.484840
0.479982
0.487453
0.490025
0.503491
0.494248
0.492073
0.484226
0.389792
0.423535
0.349731
0.331266
0.303142
0.330845
0.353574
0.348899
0.346163
0.304968
0.390378
0.407024
0.413446
0.431438
0.374823
0.274823
0.256052
0.219834
0.346546
0.139082
0.270473
0.255211
0.475908
0.441848
0.405193
0.407217
0.324762
0.488171
0.485815
0.471514
0.469187
0.436016
0.363204
0.470669
0.477372
0.431709
0.352193
0.473746
0.479536
0.483553
0.437859
0.435838
0.471456
0.467028
0.464900
0.439890
0.478977
0.389625
0.329695
0.412434
0.432983
0.219623
0.260071
0.296840
0.347344
0.300504
0.277514
0.222799
0.235830
0.174948
0.298261
0.283285
0.240948
0.288428
0.302179
0.309449
0.386384
0.306699
0.399133
0.420071
0.366833
0.264102
0.369635
0.356627
0.378279
0.445877
0.428837
0.334319
0.449377
0.461939
0.440211
0.202479
0.360857
0.278660
0.321121
0.404591
0.226885
0.238540
0.278822
0.247286
0.487630
0.476675
0.488558
0.499242
0.318006
0.501476
0.473554
0.435737
0.458991
0.464777
0.476398
0.463380
0.489320
0.462822
0.470580
0.386679
0.468290
0.474189
0.490026
0.478267
0.368786
0.357661
0.471830
0.478102
0.469536
0.460302
0.391124
0.458228
0.374188
0.427693
0.454009
0.313352
0.434264
0.421015
0.420880
0.378889
0.469208
0.450267
0.303631
0.344469
0.319999
0.387372
0.488390
0.443349
0.384046
0.424824
0.461435
0.482155
0.483241
0.458566
0.450309
0.434378
0.438265
0.369596
0.362653
0.413247
0.418079
0.479061
0.487601
0.480472
0.466848
0.459237
0.428217
0.469071
0.495160
0.478075
0.436087
0.448580
0.473386
0.455263
0.441170
0.431724
0.476289
0.464031
0.472022
0.477966
0.378336
0.397535
0.368630
0.351038
0.367326
0.371723
0.380701
0.442770
0.448421
0.426288
0.460000
0.463163
0.471382
0.475784
0.449975
0.459689
0.393037
0.374546
0.374237
0.364736
0.336816
0.303555
0.341735
0.329326
0.339452
0.325663
0.393418
0.358273
0.502465
0.470011
0.474767
0.460096
0.470566
0.529909
0.528350
0.495714
0.481994
0.501519
0.545672
0.521125
0.503095
0.512244
0.528256
0.498797
0.508799
0.497256
0.539938
0.526331
0.519108
0.537786
0.529847
0.534220
0.490008
0.562161
0.539189
0.532717
0.550375
0.575249
0.532503
0.545836
0.534095
0.543123
0.563588
0.553596
0.575127
0.577651
0.545787
0.559586
0.557528
0.553857
0.537045
0.539310
0.565738
0.548491
0.550192
0.515132
0.537990
0.493237
0.552925
0.537318
0.565882
0.519299
0.583748
0.555966
0.598546
0.491010
0.516840
0.517187
0.534430
0.487441
0.501673
0.549016
0.498732
0.574744
0.497158
0.548502
0.538025
0.512119
0.501167
0.527908
0.520469
0.556517
0.493612
0.508083
0.583941
0.569827
0.413822
0.431734
0.409645
0.408671
0.381278
0.370004
0.421146
0.416605
0.426505
0.370356
0.428691
0.371978
0.432624
0.439130
0.399621
0.386603
0.415255
0.444698
0.416302
0.394294
0.438098
0.482597
0.484834
0.433094
0.485487
0.487005
0.432432
0.480907
0.507080
0.507301
0.438093
0.470197
0.443567
0.324374
0.389562
0.323276
0.218176
0.185390
0.196106
0.193359
0.202130
0.326796
0.241577
0.257172
0.255296
0.258221
0.227623
0.191055
0.227070
0.297651
0.260373
0.279567
0.208013
0.256929
0.269998
0.273056
0.241298
0.263859
0.206238
0.236007
0.256588
0.129834
0.129192
0.201254
0.330538
0.299098
0.264331
0.329179
0.342820
0.442886
0.371609
0.430371
0.457037
0.424945
0.313274
0.284089
0.324489
0.350879
0.296802
0.249948
0.279344
0.214215
0.288586
0.236073
0.271603
0.218295
0.133228
0.126264
0.194213
0.191856
0.288540
0.312988
0.277628
0.269751
0.171513
0.214249
0.224821
0.268290
0.335901
0.304857
0.381788
0.433179
0.461098
0.441010
0.230589
0.308192
0.272501
0.240309
0.280383
0.284881
0.311293
0.278171
0.301134
0.271495
0.260379
0.171098
0.360312
0.367523
0.371842
0.379564
0.354048
0.251798
0.256566
0.250496
0.250489
0.238399
0.289013
0.193883
0.198432
0.203869
0.267306
0.253947
0.261440
0.218175
0.236140
0.256936
0.194884
0.206474
0.229032
0.184378
0.155110
0.246347
0.317746
0.263993
0.362459
0.303143
0.286529
0.196075
0.184958
0.151618
0.351809
0.259910
0.344504
0.391213
0.506153
0.512515
0.442696
0.523273
0.453367
0.484078
0.489904
0.260476
0.280857
0.268644
0.369123
0.280559
0.261242
0.304215
0.298352
0.277991
0.440962
0.422686
0.357582
0.383576
0.431784
0.460385
0.424692
0.454682
0.455362
0.465379
0.479977
0.467477
0.469467
0.467490
0.468226
0.476866
0.468216
0.476802
0.448188
0.442764
0.451586
0.443147
0.448775
0.444897
0.443932
0.400074
0.456403
0.462887
0.402690
0.376282
0.329198
0.382930
0.397519
0.397399
0.396491
0.453421
0.413651
0.405101
0.360182
0.375488
0.384700
0.439936
0.391860
0.383273
0.460023
0.433987
0.474356
0.440727
0.454505
0.497025
0.501337
0.490540
0.472627
0.394006
0.498428
0.248245
0.463930
0.377330
0.246570
0.371091
0.162125
0.213953
0.168795
0.203740
0.166436
0.306728
0.235045
0.295116
0.217216
0.093491
0.085938
0.143204
0.194508
0.094340
0.097314
0.115734
0.293211
0.111196
0.217532
0.268768
0.174412
0.171463
0.087600
0.104422
0.108894
0.165178
0.189097
0.120594
0.114387
0.111638
0.194190
0.243639
0.158672
0.137502
0.241487
0.167477
0.256773
0.184992
0.117680
0.125786
0.132928
0.105591
0.120202
0.140138
0.299375
0.344249
0.276483
0.232321
0.298615
0.426452
0.432011
0.486035
0.462829
0.341110
0.407294
0.449045
0.259404
0.347543
0.333961
0.321970
0.241168
0.362820
0.330034
0.309842
0.312674
0.234669
0.255502
0.180263
0.208484
0.179653
0.101513
0.097003
0.072860
0.039884
0.075348
0.061859
0.315758
0.396754
0.401699
0.356509
0.451348
0.438143
0.456921
0.470078
0.449091
0.462986
0.433445
0.421059
0.453002
0.294674
0.403034
0.343019
0.233085
0.165865
0.240061
0.294178
0.229418
0.213625
0.092156
0.115778
0.101529
0.119188
0.121287
0.158916
0.089166
0.036172
0.043598
0.065121
0.160976
0.336690
0.171008
0.197286
0.325878
0.233711
0.174356
0.203686
0.422602
0.370552
0.368108
0.371135
0.152237
0.133019
0.093537
0.141568
0.093185
0.063402
0.072326
0.071382
0.051794
0.044007
0.046368
0.133705
0.074921
0.097679
0.081415
0.071182
0.058836
0.035495
0.078484
0.048892
0.072481
0.197667
0.210062
0.184812
0.156968
0.154438
0.128149
0.136718
0.120000
0.119163
0.138637
0.113410
0.215336
0.273493
0.111843
0.115565
0.143071
0.161030
0.231282
0.179730
0.211327
0.206591
0.156949
0.064059
0.116785
0.437117
0.432400
0.415151
0.432902
0.450783
0.465830
0.480078
0.465284
0.459115
0.429912
0.458598
0.458059
0.426365
0.471587
0.464705
0.458465
0.454818
0.459862
0.459257
0.451612
0.457683
0.429408
0.448997
0.462308
0.442078
0.453999
0.466926
0.472418
0.478735
0.467648
0.491791
0.496662
0.486266
0.498027
0.496490
0.491367
0.495342
0.479461
0.466596
0.418441
0.459851
0.389593
0.460406
0.440524
0.444750
0.405743
0.369870
0.379406
0.438467
0.455674
0.458225
0.489392
0.482096
0.497300
0.489174
0.417917
0.493181
0.472147
0.498200
0.487886
0.490359
0.495091
0.439976
0.441541
0.472781
0.441304
0.408600
0.498248
0.446207
0.447501
0.469982
0.244579
0.206423
0.243992
0.207457
0.231229
0.197618
0.237056
0.204272
0.136285
0.213379
0.083216
0.185598
0.124493
0.118703
0.109400
0.051977
0.054563
0.057294
0.039379
0.061656
0.066236
0.071763
0.457641
0.427310
0.391429
0.333375
0.402547
0.421118
0.416928
0.245804
0.275993
0.345070
0.342018
0.295161
0.438683
0.386109
0.400687
0.429064
0.237733
0.282644
0.196787
0.253237
0.243288
0.269513
0.227485
0.205127
0.127730
0.118514
0.081660
0.097409
0.151250
0.123225
0.149037
0.049410
0.053891
0.039086
0.030794
0.076935
0.064620
0.100365
0.068812
0.096042
0.143013
0.092707
0.079339
0.044995
0.083611
0.160506
0.125932
0.329075
0.320856
0.320302
0.350811
0.272304
0.274605
0.241005
0.227137
0.212147
0.291931
0.280818
0.266566
0.343569
0.339287
0.274736
0.254523
0.226059
0.165677
0.117489
0.154527
0.136887
0.144825
0.208633
0.152371
0.259405
0.257031
0.266068
0.324146
0.323282
0.300417
0.378825
0.351664
0.294261
0.326441
0.325856
0.231493
0.243985
0.297459
0.275203
0.227637
0.302110
0.221451
0.286150
0.310608
0.212838
0.224334
0.257822
0.229005
0.272100
0.231349
0.245236
0.187661
0.212361
0.209012
0.203791
0.164297
0.163692
0.132699
0.147194
0.158713
0.132673
0.142694
0.140345
0.143380
0.204202
0.210951
0.269446
0.204815
0.315308
0.316796
0.242006
0.322420
0.316097
0.295512
0.237140
0.253443
0.124835
0.111104
0.338351
0.115027
0.166868
0.145378
0.221857
0.323624
0.195712
0.177891
0.188632
0.168010
0.157908
0.116859
0.156697
0.136637
0.144229
0.135288
0.181758
0.219352
0.235654
0.233376
0.295734
0.260759
0.319977
0.226922
0.231008
0.237082
0.203105
0.176355
0.207227
0.174068
0.242348
0.181401
0.144278
0.114859
0.125611
0.106776
0.125241
0.106926
0.140197
0.112698
0.137908
0.133740
0.131539
0.108099
0.107711
0.061505
0.070295
0.080050
0.078463
0.083848
0.070220
0.081721
0.050637
0.107609
0.034974
0.077470
0.038856
0.054485
0.044223
0.037522
0.053614
0.072139
0.097176
0.042938
0.046767
0.097721
0.234126
0.280276
0.267188
0.107919
0.149694
0.286381
0.232347
0.221553
0.173642
0.173353
0.232086
0.348315
0.369590
0.353543
0.437462
0.258718
0.382069
0.361578
0.415285
0.146786
0.141322
0.197989
0.286450
0.281251
0.154151
0.157798
0.120664
0.123380
0.085425
0.188040
0.148327
0.403116
0.149497
0.185052
0.195990
0.095232
0.062492
0.166843
0.047660
0.099266
0.131925
0.178673
0.191224
0.144477
0.160033
0.210492
0.169976
0.361857
0.349792
0.322449
0.323854
0.341713
0.335400
0.332700
0.308344
0.329139
0.324215
0.470844
0.458028
0.473142
0.498395
0.469689
0.459986
0.321787
0.295498
0.310269
0.209253
0.145116
0.117011
0.179965
0.075015
0.083244
0.125754
0.330223
0.306267
0.205491
0.300214
0.242198
0.214195
0.466779
0.468748
0.452458
0.465145
0.466085
0.440227
0.410794
0.368208
0.289070
0.248285
0.197253
0.200965
0.221594
0.254624
0.196011
0.214941
0.285950
0.334152
0.342299
0.260795
0.428178
0.333695
0.405344
0.233467
0.281536
0.223922
0.235883
0.250980
0.299525
0.454210
0.445490
0.367738
0.362288
0.457923
0.489721
0.500408
0.505133
0.458487
0.491460
0.492515
0.500139
0.514619
0.474519
0.461707
0.424548
0.465275
0.421474
0.387134
0.445701
0.404084
0.443208
0.247473
0.294416
0.315723
0.169029
0.161770
0.248608
0.170495
0.173114
0.176249
0.248161
0.244012
0.145358
0.187443
0.157505
0.425078
0.374230
0.450072
0.376110
0.332668
0.355937
0.320913
0.295508
0.362170
0.477754
0.416137
0.243501
0.256887
0.290430
0.456208
0.463815
0.315703
0.361897
0.358119
0.291678
0.345488
0.313170
0.337431
0.280539
0.271247
0.310535
0.307061
0.242455
0.220728
0.297627
0.282211
0.345168
0.329384
0.356691
0.218472
0.345662
0.358315
0.326281
0.423177
0.437099
0.369168
0.351397
0.364854
0.451141
0.422345
0.483417
0.467117
0.480761
0.352391
0.361820
0.331973
0.474899
0.496187
0.492854
0.498207
0.478755
0.420457
0.448263
0.420112
0.410208
0.398225
0.434981
0.438507
0.393846
0.354966
0.431781
0.429995
0.442062
0.457751
0.435224
0.401546
0.497245
0.488315
0.457556
0.487596
0.484515
0.474713
0.479259
0.448059
0.435658
0.453345
0.464439
0.470925
0.467776
0.456373
0.440576
0.437415
0.471221
0.461027
0.464691
0.447361
0.455800
0.436971
0.431773
0.109227
0.073329
0.057961
0.096221
0.134498
0.442083
0.461025
0.462137
0.487585
0.472715
0.476340
0.505441
0.490356
0.487825
0.493442
0.488020
0.489096
0.494090
0.507119
0.501172
0.496244
0.484139
0.492738
0.486093
0.482000
0.480331
0.480369
0.472635
0.485472
0.473637
0.461668
0.467750
0.477441
0.484142
0.476227
0.479899
0.476378
0.478677
0.468413
0.472931
0.467986
0.470113
0.470085
0.447872
0.464048
0.419238
0.145649
0.156075
0.076836
0.070274
0.056056
0.094142
0.048627
0.133849
0.088105
0.122068
0.065576
0.059494
0.177338
0.168170
0.162330
0.297479
0.197120
0.128434
0.190036
0.061278
0.162458
0.256135
0.157286
0.121962
0.180421
0.239133
0.269073
0.212663
0.163858
0.151826
0.165664
0.187353
0.349246
0.375934
0.310501
0.278747
0.196516
0.208747
0.108924
0.159534
0.093286
0.108850
0.087164
0.106921
0.101994
0.118698
0.145286
0.203757
0.172039
0.206420
0.187319
0.216351
0.201342
0.217556
0.189714
0.233936
0.231011
0.411235
0.399709
0.303936
0.351064
0.340369
0.365727
0.270765
0.265980
0.252502
0.325606
0.335759
0.366319
0.237136
0.264637
0.279882
0.246565
0.272315
0.279902
0.194507
0.188362
0.170776
0.223032
0.194798
0.207680
0.200858
0.349538
0.275914
0.275483
0.219419
0.223673
0.278897
0.385434
0.441304
0.443459
0.488617
0.425410
0.463697
0.443016
0.439307
0.440412
0.441911
0.493166
0.497818
0.488983
0.422822
0.393620
0.395028
0.487141
0.480889
0.384842
0.392503
0.325600
0.453898
0.318329
0.348053
0.350283
0.383449
0.468175
0.457762
0.460317
0.443709
0.379561
0.395665
0.458193
0.408950
0.431529
0.457150
0.462023
0.395167
0.340964
0.429197
0.320659
0.275360
0.231474
0.197972
0.226194
0.299662
0.264690
0.277102
0.345148
0.342254
0.341305
0.377157
0.328744
0.188978
0.248340
0.226879
0.192718
0.198897
0.168895
0.188647
0.166441
0.175297
0.179785
0.145815
0.202700
0.208026
0.218406
0.148058
0.140718
0.134985
0.099059
0.301603
0.368339
0.234392
0.167509
0.238578
0.246274
0.250602
0.231281
0.256785
0.272096
0.313592
0.358190
0.380202
0.435699
0.353856
0.345046
0.361389
0.290084
0.337602
0.328413
0.273778
0.316198
0.242623
0.355342
0.214112
0.166021
0.141847
0.111406
0.175755
0.094862
0.090629
0.106741
0.155971
0.108167
0.082642
0.087415
0.070351
0.088677
0.075038
0.164869
0.164013
0.152626
0.137853
0.100239
0.127496
0.154705
0.175622
0.243668
0.168492
0.208447
0.265940
0.207028
0.189620
0.282200
0.217217
0.209223
0.223160
0.247674
0.251821
0.455543
0.476020
0.459424
0.475830
0.459971
0.336450
0.402386
0.364168
0.364259
0.499186
0.485989
0.518367
0.516516
0.509316
0.477155
0.482602
0.489999
0.364066
0.328078
0.342579
0.355275
0.381401
0.481266
0.468995
0.489000
0.533297
0.505067
0.490076
0.497743
0.472656
0.511731
0.502216
0.495373
0.518280
0.503664
0.504171
0.505975
0.531580
0.464111
0.493927
0.490448
0.295685
0.307775
0.291676
0.296271
0.304652
0.321847
0.359146
0.419257
0.439674
0.425940
0.442131
0.396845
0.479893
0.465935
0.452912
0.444915
0.468293
0.485904
0.483938
0.472445
0.485792
0.443427
0.457085
0.461731
0.466457
0.405680
0.407544
0.440061
0.425292
0.356596
0.419249
0.392987
0.430216
0.348373
0.377357
0.428741
0.408176
0.421249
0.433884
0.413351
0.454664
0.474362
0.467126
0.487263
0.469973
0.476853
0.480338
0.478294
0.491679
0.449959
0.451560
0.447636
0.478265
0.403803
0.391995
0.422530
0.337336
0.332973
0.365688
0.370211
0.369304
0.356109
0.326799
0.340259
0.402867
0.425178
0.462693
0.427356
0.465239
0.465525
0.469341
0.458583
0.459835
0.466012
0.472872
0.473089
0.470657
0.434993
0.460290
0.454326
0.381511
0.392288
0.295750
0.318785
0.313363
0.317417
0.314578
0.399007
0.379364
0.463970
0.458545
0.453120
0.468162
0.467774
0.420788
0.435054
0.428185
0.384586
0.401347
0.323522
0.301860
0.349342
0.317729
0.308124
0.342460
0.291042
0.407973
0.429919
0.396090
0.401759
0.436658
0.462510
0.448797
0.448787
0.463053
0.463167
0.461741
0.461692
0.470189
0.459054
0.465326
0.450537
0.453687
0.445427
0.437658
0.422732
0.408646
0.409381
0.367730
0.365885
0.363880
0.326709
0.333373
0.339734
0.325826
0.457908
0.401080
0.405886
0.468341
0.469159
0.458719
0.459547
0.470547
0.455515
0.433086
0.447223
0.451835
0.405173
0.400655
0.351531
0.366000
0.361489
0.386827
0.366884
0.390485
0.375707
0.387128
0.386322
0.441345
0.448864
0.416964
0.427388
0.462729
0.477629
0.465930
0.478066
0.479050
0.469414
0.473923
0.461920
0.426226
0.447202
0.462096
0.462940
0.405055
0.416617
0.414518
0.341329
0.348486
0.351425
0.363859
0.383101
0.429942
0.429743
0.466176
0.481484
0.469253
0.470111
0.475461
0.471251
0.448553
0.462804
0.412350
0.409213
0.360139
0.347118
0.350411
0.354162
0.347424
0.381416
0.338461
0.374918
0.400331
0.442834
0.436018
0.451062
0.437692
0.492949
0.490802
0.481989
0.476788
0.482549
0.469160
0.474454
0.465797
0.478047
0.439188
0.451167
0.449346
0.454677
0.415331
0.426436
0.416495
0.416471
0.415277
0.422434
0.404764
0.385586
0.363583
0.381449
0.433059
0.366185
0.428764
0.383460
0.472085
0.459553
0.469631
0.444323
0.490405
0.483867
0.491697
0.484349
0.474873
0.477993
0.475122
0.475834
0.482126
0.466239
0.452958
0.450962
0.448760
0.467744
0.441039
0.425500
0.429939
0.443495
0.450265
0.409125
0.435855
0.447545
0.444143
0.420324
0.399692
0.455241
0.455879
0.444121
0.470756
0.467236
0.470441
0.453975
0.475859
0.482658
0.487588
0.478848
0.475102
0.464504
0.471417
0.472309
0.463893
0.447142
0.451399
0.450074
0.432310
0.447871
0.441665
0.408601
0.426752
0.424077
0.406721
0.475584
0.470911
0.461911
0.411313
0.394027
0.422916
0.419658
0.450620
0.493421
0.485300
0.486241
0.485916
0.478542
0.493770
0.424569
0.415168
0.365991
0.327405
0.330946
0.367025
0.397885
0.458142
0.352969
0.423235
0.446191
0.438889
0.402881
0.403103
0.368310
0.331232
0.310616
0.348447
0.300772
0.226100
0.239072
0.456647
0.407878
0.424411
0.472855
0.472550
0.381458
0.473330
0.458596
0.426605
0.467678
0.426586
0.454336
0.422397
0.444654
0.433681
0.392908
0.465655
0.437572
0.464966
0.463463
0.426390
0.434853
0.477544
0.442202
0.409412
0.427396
0.351734
0.374989
0.325034
0.400981
0.359595
0.313128
0.270100
0.285162
0.238083
0.251669
0.250474
0.244202
0.336270
0.292522
0.335345
0.301276
0.271517
0.231061
0.410315
0.400916
0.381183
0.374680
0.351824
0.299921
0.354854
0.371739
0.385054
0.370073
0.424576
0.430236
0.264493
0.318942
0.396963
0.378032
0.418062
0.370858
0.296016
0.299411
0.275981
0.208139
0.270335
0.191966
0.328014
0.428607
0.469940
0.363865
0.451166
0.461522
0.451961
0.465329
0.471391
0.355124
0.455253
0.461091
0.437935
0.433761
0.420204
0.407264
0.338958
0.445219
0.458485
0.459508
0.295830
0.435983
0.309730
0.435352
0.456891
0.474827
0.463049
0.385143
0.406766
0.430980
0.454001
0.360206
0.247821
0.334345
0.407208
0.432605
0.411949
0.417526
0.424474
0.477145
0.471610
0.465852
0.348709
0.421739
0.350857
0.301298
0.332571
0.344371
0.451576
0.372641
0.355354
0.411777
0.354383
0.446946
0.432701
0.319542
0.372977
0.347496
0.398141
0.354873
0.337823
0.342640
0.344179
0.450984
0.431453
0.389373
0.353456
0.385597
0.363844
0.438030
0.464029
0.439444
0.367506
0.427428
0.443006
0.474988
0.474283
0.379201
0.395974
0.420186
0.470187
0.461941
0.462896
0.469342
0.473243
0.339742
0.339055
0.335281
0.314950
0.326764
0.326439
0.417444
0.464982
0.413854
0.450102
0.482272
0.488565
0.444080
0.416140
0.414349
0.331375
0.318477
0.349451
0.346933
0.346875
0.317689
0.302887
0.354951
0.397787
0.371742
0.436265
0.435303
0.467880
0.491507
0.523860
0.465859
0.482263
0.465286
0.517400
0.489559
0.503651
0.518881
0.500909
0.524176
0.556797
0.554600
0.526221
0.486961
0.519099
0.546396
0.542985
0.548736
0.543846
0.523386
0.522341
0.535046
0.522509
0.551832
0.515310
0.536376
0.530499
0.543209
0.531194
0.523243
0.521068
0.511670
0.546513
0.536557
0.566285
0.553189
0.509954
0.528190
0.550490
0.507527
0.558498
0.495152
0.549695
0.489881
0.489162
0.518240
0.490236
0.519702
0.505466
0.535161
0.523316
0.490180
0.539286
0.483809
0.514097
0.538961
0.495890
0.541736
0.534372
0.471302
0.430789
0.423001
0.397436
0.426065
0.369992
0.396351
0.365220
0.380583
0.398927
0.390027
0.382269
0.374471
0.437348
0.427344
0.391959
0.387638
0.390192
0.372398
0.447035
0.411066
0.422611
0.453258
0.506083
0.476006
0.435073
0.469113
0.444485
0.467104
0.483617
0.418631
0.495495
0.493932
0.438971
0.437268
0.347158
0.288498
0.258085
0.209621
0.194679
0.210352
0.238704
0.209837
0.282635
0.287598
0.292049
0.233372
0.288532
0.307981
0.285737
0.171168
0.198672
0.270261
0.294456
0.334836
0.271688
0.226043
0.163005
0.297499
0.208252
0.217036
0.153721
0.359514
0.376688
0.396268
0.251892
0.272011
0.373310
0.389258
0.322527
0.354698
0.364974
0.325163
0.382015
0.398424
0.381699
0.339795
0.319721
0.322639
0.301370
0.240673
0.201282
0.173437
0.263930
0.212873
0.320141
0.331543
0.345354
0.273731
0.260113
0.300944
0.361479
0.315621
0.289025
0.349663
0.383198
0.324618
0.314624
0.363187
0.250307
0.247986
0.292542
0.278080
0.254067
0.323609
0.331402
0.311978
0.278348
0.228879
0.196357
0.177453
0.338864
0.286175
0.384114
0.269075
0.392975
0.383885
0.258169
0.367778
0.300974
0.298325
0.248963
0.203500
0.207580
0.195832
0.215292
0.284227
0.268900
0.239704
0.271988
0.199131
0.274959
0.270005
0.247974
0.241649
0.221409
0.203275
0.293823
0.342113
0.171435
0.224875
0.337663
0.270244
0.405826
0.387042
0.396077
0.361856
0.374666
0.331456
0.322594
0.250922
0.117909
0.113661
0.098909
0.113053
0.271031
0.106166
0.164069
0.085935
0.105252
0.127176
0.163799
0.107635
0.109380
0.091070
0.309173
0.139231
0.141411
0.321339
0.148278
0.377712
0.134528
0.290567
0.132561
0.337481
0.135165
0.129473
0.186695
0.181676
0.142885
0.155812
0.301351
0.199111
0.159561
0.175966
0.114493
0.159419
0.122375
0.179857
0.097138
0.097931
0.084876
0.245619
0.227692
0.279428
0.261495
0.298668
0.405076
0.327481
0.354538
0.312840
0.339234
0.419204
0.301013
0.381129
0.290916
0.277513
0.304134
0.271655
0.421314
0.433084
0.434649
0.419225
0.384836
0.373673
0.328071
0.406281
0.365269
0.368325
0.302291
0.380214
0.441873
0.434722
0.449973
0.433412
0.437377
0.433121
0.422170
0.410060
0.408318
0.425532
0.326024
0.279929
0.143830
0.106942
0.091492
0.131479
0.230130
0.129259
0.091820
0.100408
0.246107
0.151411
0.110286
0.164567
0.135348
0.090086
0.104184
0.306167
0.189237
0.333326
0.154556
0.303032
0.179706
0.295015
0.281737
0.133744
0.120590
0.183205
0.133324
0.116074
0.235540
0.149709
0.217795
0.158502
0.128168
0.160991
0.145523
0.097290
0.151410
0.235052
0.238214
0.238407
0.207315
0.259779
0.305967
0.251681
0.286464
0.250107
0.284061
0.276365
0.252593
0.284816
0.272980
0.239383
0.235366
0.238088
0.229436
0.247622
0.297004
0.253808
0.301188
0.317028
0.377345
0.331820
0.265365
0.281887
0.350249
0.421259
0.414347
0.393681
0.401291
0.420337
0.408469
0.390904
0.458898
0.437575
0.654007
0.591634
0.560278
0.564667
0.545657
0.701171
0.698754
0.580626
0.612704
0.696184
0.579082
0.599308
0.738529
0.709671
0.761770
0.678911
0.704484
0.759019
0.722103
0.636247
0.636147
0.614016
0.658357
0.666534
0.679273
0.581214
0.620234
0.569915
0.655176
0.649671
0.736108
0.721498
0.678325
0.673151
0.658512
0.713669
0.664078
0.623506
0.682624
0.695119
0.620441
0.666987
0.608624
0.567258
0.593597
0.598548
0.588608
0.591769
0.548211
0.526806
0.504895
0.566610
0.608069
0.481369
0.429804
0.442305
0.610742
0.480240
0.617305
0.612359
0.585168
0.482945
0.541094
0.495051
0.619778
0.503705
0.528458
0.520270
0.514782
0.606656
0.494822
0.508788
0.468018
0.469705
0.508290
0.626125
0.619936
0.628282
0.576476
0.562424
0.540003
0.539349
0.556033
0.553169
0.593757
0.523497
0.514033
0.518339
0.510581
0.505896
0.581267
0.574832
0.658769
0.513619
0.680234
0.532434
0.498237
0.512587
0.601126
0.530581
0.515694
0.518879
0.505787
0.527155
0.505489
0.524663
0.515913
0.542811
0.628110
0.558936
0.627902
0.548119
0.537965
0.591352
0.565911
0.537287
0.512949
0.692385
0.527999
0.603239
0.549788
0.549158
0.636427
0.534563
0.591448
0.623636
0.633728
0.540074
0.518381
0.516358
0.519306
0.641548
0.799479
0.679200
0.615845
0.789329
0.739141
0.716819
0.716213
0.645008
0.791761
0.734282
0.719643
0.706003
0.594339
0.582438
0.557286
0.610074
0.633352
0.610923
0.582306
0.556156
0.559157
0.501816
0.686042
0.729799
0.610188
0.568680
0.585604
0.564154
0.534793
0.488739
0.517474
0.529494
0.533636
0.615136
0.702773
0.648030
0.702820
0.695880
0.706925
0.653859
0.703687
0.631325
0.588134
0.545441
0.585562
0.736897
0.708294
0.650033
0.741232
0.569097
0.743300
0.720879
0.521170
0.569821
0.527125
0.557503
0.516184
0.484564
0.505270
0.599043
0.499772
0.523965
0.503650
0.567981
0.518039
0.580066
0.542211
0.567309
0.490597
0.492203
0.496682
0.500956
0.506566
0.504321
0.480042
0.540563
0.522337
0.533786
0.592707
0.542393
0.567138
0.524818
0.539585
0.521152
0.527088
0.598525
0.635452
0.607339
0.554207
0.641351
0.568825
0.463177
0.444145
0.514200
0.485725
0.516523
0.458911
0.496166
0.665692
0.538657
0.499309
0.603129
0.619897
0.604517
0.633517
0.663818
0.654973
0.672596
0.730587
0.623888
0.725315
0.653021
0.589260
0.618343
0.536879
0.524462
0.593881
0.675266
0.717224
0.679017
0.737445
0.710000
0.598196
0.492833
0.610173
0.646939
0.501471
0.567020
0.555565
0.540028
0.633283
0.527489
0.514434
0.521686
0.503400
0.516266
0.512503
0.533827
0.523104
0.501849
0.507907
0.510813
0.511430
0.507536
0.502596
0.481210
0.520961
0.491985
0.501698
0.606070
0.502099
0.432159
0.393468
0.354228
0.383805
0.388722
0.516693
0.433308
0.462927
0.523433
0.421327
0.420471
0.415458
0.465172
0.436410
0.454267
0.412646
0.396806
0.390584
0.374059
0.394112
0.481951
0.500447
0.500927
0.433599
0.470835
0.556530
0.510196
0.544191
0.440122
0.395079
0.422932
0.459221
0.595026
0.465800
0.474758
0.442471
0.441850
0.461606
0.525646
0.461451
0.495015
0.452158
0.426769
0.511701
0.405941
0.516930
0.500736
0.386454
0.368739
0.380370
0.448428
0.459454
0.471562
0.485016
0.532522
0.493986
0.587506
0.531148
0.468796
0.552652
0.426153
0.425614
0.533677
0.479116
0.516888
0.499756
0.592173
0.496030
0.545440
0.497625
0.504032
0.634914
0.538544
0.522494
0.485057
0.520037
0.483668
0.475679
0.460424
0.466557
0.453151
0.416821
0.497447
0.489050
0.491474
0.472440
0.465779
0.493615
0.484604
0.480275
0.440836
0.460315
0.428392
0.474904
0.412659
0.448100
0.443891
0.664789
0.480081
0.425103
0.519247
0.422375
0.401643
0.455424
0.438388
0.438972
0.461823
0.477465
0.466676
0.467712
0.408459
0.399124
0.383022
0.391324
0.407303
0.423476
0.499863
0.493564
0.682601
0.561374
0.456791
0.375269
0.376085
0.389746
0.479005
0.500075
0.501519
0.499741
0.507256
0.475759
0.466559
0.460607
0.472349
0.492471
0.482351
0.486645
0.496433
0.425077
0.410740
0.456575
0.457172
0.489562
0.595608
0.508874
0.471566
0.482586
0.442475
0.420180
0.423513
0.505511
0.476817
0.478680
0.472999
0.470463
0.471860
0.454462
0.380503
0.529934
0.527257
0.469878
0.500588
0.548911
0.562370
0.535151
0.517810
0.481325
0.535931
0.523407
0.624451
0.543698
0.556257
0.543480
0.592261
0.519522
0.481429
0.599963
0.564998
0.661019
0.668413
0.523120
0.555547
0.602258
0.551851
0.525010
0.591177
0.489943
0.517432
0.545569
0.614755
0.578863
0.642532
0.560889
0.670176
0.563844
0.651523
0.606635
0.685608
0.645214
0.692691
0.602569
0.642955
0.556257
0.593978
0.589029
0.542076
0.704599
0.647984
0.678783
0.732169
0.590420
0.556781
0.608082
0.578953
0.538040
0.662295
0.759521
0.727542
0.618473
0.571782
0.743764
0.612371
0.698766
0.688258
0.649367
0.667955
0.611254
0.608543
0.633324
0.623457
0.575787
0.510508
0.570794
0.541137
0.585747
0.542015
0.634988
0.614028
0.626349
0.619769
0.629355
0.580620
0.665297
0.762303
0.714805
0.642890
0.561579
0.536332
0.576435
0.666694
0.511777
0.488539
0.533064
0.500445
0.530495
0.640969
0.565580
0.549780
0.586863
0.492395
0.558277
0.504926
0.544442
0.557735
0.545275
0.544864
0.588139
0.487544
0.455756
0.513868
0.622842
0.654063
0.553009
0.541697
0.560089
0.514748
0.591739
0.582738
0.574868
0.571007
0.555527
0.542676
0.494697
0.480834
0.716395
0.780376
0.670526
0.568613
0.574136
0.530234
0.498843
0.550763
0.551959
0.461510
0.529869
0.576449
0.525417
0.523253
0.480245
0.536403
0.613744
0.602232
0.541865
0.551885
0.555868
0.524303
0.514677
0.548071
0.553268
0.559670
0.527364
0.540952
0.490951
0.503281
0.475738
0.473455
0.487550
0.474309
0.498112
0.549868
0.512315
0.532914
0.557975
0.583286
0.564701
0.513246
0.500639
0.520880
0.494729
0.517603
0.605550
0.336753
0.223940
0.277445
0.270655
0.194876
0.169648
0.204186
0.166015
0.624224
0.563797
0.567506
0.515123
0.628210
0.619529
0.544535
0.656928
0.671012
0.595635
0.576746
0.559387
0.576024
0.540373
0.584365
0.637866
0.592015
0.535120
0.585066
0.593613
0.531173
0.506886
0.603759
0.621687
0.519191
0.479820
0.504876
0.534385
0.532675
0.547355
0.555979
0.532813
0.537310
0.501092
0.451174
0.451377
0.313708
0.411651
0.330058
0.407125
0.414972
0.368864
0.412211
0.371759
0.434252
0.423849
0.345050
0.444939
0.440383
0.525224
0.504260
0.486644
0.509600
0.496879
0.511239
0.529813
0.466771
0.459225
0.457100
0.418916
0.309430
0.411454
0.485950
0.461800
0.270015
0.210079
0.228485
0.215014
0.204238
0.172617
0.247766
0.217636
0.240308
0.276998
0.258288
0.259664
0.250376
0.267459
0.247721
0.221824
0.252904
0.286605
0.382498
0.461398
0.464789
0.465421
0.410792
0.507151
0.548774
0.511322
0.527080
0.493624
0.487642
0.529309
0.491368
0.468122
0.477902
0.422157
0.470231
0.483979
0.365174
0.448531
0.441817
0.467050
0.437318
0.433037
0.472991
0.423661
0.414178
0.431689
0.451836
0.451582
0.356226
0.317887
0.321344
0.243587
0.321262
0.329008
0.246324
0.292722
0.274381
0.211767
0.231134
0.248066
0.265145
0.237406
0.265462
0.235852
0.299514
0.265560
0.268586
0.353163
0.299219
0.267810
0.316645
0.339636
0.301736
0.345108
0.620032
0.625591
0.626557
0.596554
0.679634
0.361718
0.354851
0.289176
0.376655
0.315282
0.295978
0.202225
0.222837
0.332315
0.265314
0.274254
0.284433
0.349683
0.373004
0.361142
0.422351
0.439052
0.457032
0.454110
0.228508
0.297827
0.200709
0.197084
0.169048
0.198293
0.401291
0.203832
0.175235
0.143270
0.150146
0.168752
0.168340
0.197145
0.178664
0.190212
0.216723
0.200302
0.243359
0.123498
0.162779
0.146162
0.197021
0.220226
0.216190
0.215821
0.222459
0.315961
0.287546
0.393457
0.278958
0.175126
0.195714
0.302194
0.366499
0.370390
0.315658
0.195477
0.149034
0.198858
0.285055
0.313135
0.183117
0.199392
0.199909
0.178084
0.157580
0.172692
0.201894
0.128717
0.151886
0.123562
0.153439
0.218028
0.447606
0.347555
0.345150
0.275803
0.303821
0.238348
0.184057
0.294189
0.210064
0.269478
0.375592
0.307303
0.469201
0.480575
0.503954
0.477422
0.553545
0.592007
0.632760
0.558196
0.619044
0.578246
0.615144
0.579908
0.598954
0.603872
0.568664
0.626665
0.608106
0.549537
0.569320
0.593538
0.608124
0.501770
0.590501
0.581450
0.627132
0.597915
0.517279
0.497471
0.515783
0.540694
0.503896
0.524765
0.530864
0.545324
0.632845
0.563883
0.588248
0.548953
0.521312
0.538411
0.519053
0.533537
0.514097
0.512864
0.514334
0.290289
0.447038
0.466460
0.420792
0.371927
0.329707
0.400351
0.291527
0.295028
0.238554
0.436324
0.405537
0.412209
0.334125
0.356444
0.253133
0.387399
0.345683
0.419665
0.397849
0.425999
0.301835
0.408341
0.454355
0.459401
0.471527
0.469325
0.468609
0.467298
0.477443
0.435131
0.478335
0.479949
0.476767
0.463489
0.489518
0.455022
0.510445
0.455614
0.418728
0.450074
0.440208
0.424059
0.433524
0.458068
0.443050
0.473657
0.443304
0.508193
0.501510
0.457768
0.499785
0.480877
0.508666
0.495701
0.481746
0.478502
0.492775
0.494856
0.475321
0.487269
0.508763
0.536580
0.502613
0.519890
0.636720
0.516943
0.579921
0.546016
0.539694
0.528074
0.572847
0.563030
0.541529
0.511125
0.583753
0.533610
0.531500
0.534877
0.562569
0.512848
0.529637
0.534063
0.552744
0.572469
0.536284
0.526126
0.557115
0.579457
0.579675
0.604606
0.578234
0.605422
0.567019
0.515418
0.515961
0.508417
0.569185
0.576488
0.559136
0.584329
0.562778
0.508312
0.502183
0.690059
0.691815
0.687528
0.700521
0.693075
0.699472
0.693552
0.679670
0.694136
0.668344
0.638006
0.685782
0.688640
0.556302
0.640291
0.606303
0.551506
0.591419
0.620007
0.506484
0.511805
0.507438
0.528001
0.536142
0.535666
0.516672
0.523550
0.562612
0.563885
0.499337
0.566302
0.526674
0.590037
0.573136
0.661215
0.552446
0.557522
0.495811
0.513279
0.501699
0.519786
0.523307
0.403925
0.444257
0.461455
0.472390
0.433214
0.462667
0.412091
0.360760
0.479895
0.468490
0.395871
0.398274
0.470638
0.502235
0.483031
0.484252
0.385876
0.491511
0.508357
0.430679
0.460552
0.494032
0.525097
0.514067
0.501611
0.496198
0.519294
0.530879
0.506917
0.472656
0.257813
0.329729
0.310445
0.374102
0.305085
0.333861
0.349782
0.427234
0.265003
0.375250
0.376577
0.286203
0.202353
0.249653
0.272836
0.206164
0.124582
0.226284
0.203217
0.213973
0.432741
0.360583
0.467450
0.464602
0.245313
0.260820
0.284532
0.373235
0.346592
0.307025
0.460785
0.455876
0.348373
0.428064
0.452037
0.304118
0.307978
0.464241
0.470506
0.478279
0.466078
0.381130
0.352845
0.373573
0.423246
0.469632
0.452778
0.442485
0.411230
0.338120
0.426250
0.443061
0.365589
0.268031
0.308519
0.277690
0.331766
0.333866
0.407740
0.415879
0.303307
0.372607
0.313013
0.285863
0.255504
0.279181
0.344877
0.269050
0.364380
0.409619
0.463092
0.427208
0.363530
0.291090
0.500292
0.489391
0.444910
0.448107
0.295989
0.335449
0.358426
0.278978
0.273198
0.252317
0.346899
0.355790
0.374575
0.285183
0.299123
0.219773
0.406266
0.241249
0.280889
0.347157
0.293748
0.366554
0.275967
0.373428
0.368442
0.436351
0.417810
0.405078
0.346688
0.398900
0.447694
0.405737
0.243852
0.194006
0.175464
0.194243
0.322127
0.370809
0.283381
0.338160
0.316359
0.273525
0.246946
0.256632
0.254615
0.259392
0.250423
0.244789
0.268378
0.283493
0.281792
0.290386
0.231877
0.268247
0.286776
0.224539
0.170588
0.165688
0.200616
0.214652
0.208066
0.157364
0.165857
0.221578
0.280780
0.259687
0.342694
0.415130
0.476515
0.469014
0.434736
0.430863
0.444794
0.380508
0.351274
0.406656
0.464701
0.454052
0.461195
0.476554
0.462389
0.476617
0.468365
0.449069
0.459162
0.445385
0.461681
0.463055
0.436510
0.377792
0.370209
0.387954
0.391613
0.315704
0.326190
0.320382
0.407607
0.318394
0.405814
0.426449
0.345602
0.410038
0.390018
0.456211
0.412934
0.356814
0.374567
0.348924
0.430091
0.440792
0.299923
0.348091
0.249811
0.161286
0.305201
0.119141
0.138781
0.193174
0.329582
0.191227
0.262976
0.371521
0.148362
0.105280
0.118921
0.120246
0.129307
0.216425
0.145408
0.230752
0.158240
0.130344
0.157791
0.110860
0.114605
0.209176
0.213281
0.176387
0.188135
0.317779
0.411058
0.425927
0.352889
0.308442
0.178767
0.129740
0.104308
0.121272
0.123471
0.225251
0.193605
0.130681
0.132998
0.160894
0.200805
0.292744
0.382952
0.405823
0.436009
0.473799
0.461329
0.429330
0.278854
0.200456
0.291748
0.255658
0.193888
0.163637
0.144580
0.234443
0.131915
0.125228
0.138373
0.474582
0.401455
0.392034
0.508579
0.512402
0.471151
0.487233
0.443329
0.455849
0.488125
0.435180
0.423992
0.471453
0.445504
0.442176
0.481828
0.480140
0.474761
0.485174
0.477881
0.478386
0.452827
0.482484
0.499804
0.502508
0.279987
0.301816
0.259094
0.238613
0.297940
0.456469
0.471475
0.480624
0.452182
0.444218
0.441678
0.458291
0.469119
0.461187
0.469540
0.467110
0.463067
0.452684
0.459933
0.456986
0.442831
0.452479
0.412584
0.385453
0.399762
0.424291
0.398011
0.456757
0.292093
0.235047
0.209743
0.229781
0.205238
0.301818
0.241036
0.329272
0.269586
0.292767
0.227742
0.165289
0.170993
0.201919
0.202137
0.328083
0.185791
0.196018
0.329704
0.354148
0.392713
0.410810
0.318162
0.375959
0.377512
0.275859
0.159634
0.158678
0.161801
0.205981
0.237978
0.239667
0.265840
0.196668
0.250155
0.209819
0.279733
0.271210
0.278917
0.303926
0.327940
0.344528
0.301762
0.301005
0.308800
0.272900
0.307702
0.306984
0.301048
0.342491
0.331747
0.437505
0.457007
0.439626
0.462072
0.467279
0.424339
0.361034
0.394176
0.359090
0.412151
0.456289
0.448962
0.434069
0.451256
0.423452
0.343734
0.364850
0.404670
0.366623
0.494634
0.444757
0.494206
0.437663
0.480088
0.478367
0.435356
0.563483
0.469847
0.417769
0.465611
0.470953
0.480431
0.384094
0.374535
0.399958
0.396611
0.380510
0.389804
0.427199
0.505448
0.422537
0.493492
0.543133
0.551908
0.591066
0.523773
0.389876
0.354801
0.371668
0.256521
0.279929
0.720032
0.642510
0.500921
0.506900
0.602578
0.522053
0.503057
0.502836
0.544860
0.550476
0.676993
0.784312
0.690470
0.669523
0.518730
0.546840
0.597805
0.629678
0.536465
0.557658
0.733483
0.543015
0.571878
0.612876
0.508179
0.541364
0.549834
0.662444
0.512428
0.566760
0.602417
0.620766
0.597560
0.636064
0.578227
0.466276
0.582188
0.477257
0.564970
0.525117
0.604370
0.682680
0.620585
0.598601
0.620406
0.491000
0.517643
0.537708
0.527372
0.516042
0.485497
0.590102
0.678772
0.683970
0.560100
0.636723
0.618180
0.697536
0.607152
0.561897
0.578606
0.542647
0.682798
0.504601
0.515740
0.476124
0.517948
0.517732
0.631199
0.670294
0.580882
0.598352
0.678170
0.548470
0.505093
0.512452
0.590346
0.709522
0.826553
0.555197
0.696017
0.799476
0.572116
0.752358
0.718212
0.782840
0.707261
0.610604
0.564073
0.582852
0.589497
0.717752
0.560433
0.531386
0.593228
0.715843
0.703312
0.722784
0.722670
0.604089
0.689040
0.830649
0.729560
0.575559
0.567991
0.739336
0.629521
0.661780
0.580893
0.796553
0.867308
0.887295
0.874724
0.860950
0.882268
0.848690
0.835578
0.832005
0.751856
0.826172
0.720958
0.805215
0.835736
0.836507
0.793975
0.799310
0.624051
0.703405
0.611612
0.870932
0.668193
0.842581
0.863838
0.844268
0.792279
0.762761
0.832948
0.863376
0.891427
0.736500
0.814240
0.705374
0.636964
0.859515
0.739336
0.750065
0.692823
0.825198
0.678529
0.705041
0.625992
0.586994
0.647507
0.760516
0.796798
0.728216
0.815107
0.731803
0.816599
0.812200
0.794119
0.744475
0.803965
0.811233
0.746826
0.859606
0.866224
0.751679
0.808533
0.786835
0.579860
0.736942
0.616823
0.488344
0.474846
0.606087
0.671000
0.762155
0.557024
0.788262
0.647380
0.550037
0.453498
0.497736
0.702226
0.559132
0.527517
0.550817
0.750760
0.612416
0.693994
0.714732
0.660961
0.661461
0.540256
0.532912
0.499693
0.520208
0.541515
0.507843
0.612504
0.527231
0.626642
0.724242
0.570497
0.760758
0.757339
0.682307
0.741072
0.672065
0.501867
0.455568
0.477336
0.417543
0.423399
0.623324
0.499098
0.473438
0.611570
0.556161
0.505587
0.545738
0.513892
0.556104
0.564143
0.528462
0.534793
0.562914
0.535857
0.526182
0.531409
0.473359
0.509043
0.564169
0.547814
0.405957
0.398749
0.465303
0.462421
0.412315
0.438616
0.486271
0.513546
0.484434
0.462613
0.545062
0.489548
0.532958
0.390291
0.464420
0.447433
0.421635
0.420935
0.420781
0.391321
0.487047
0.530020
0.600686
0.560243
0.537628
0.513169
0.721097
0.716766
0.424620
0.471459
0.485321
0.451682
0.485211
0.482517
0.494490
0.485456
0.494776
0.484602
0.471978
0.474097
0.489206
0.493859
0.506594
0.500774
0.551055
0.575933
0.491457
0.539215
0.676578
0.614372
0.621681
0.611676
0.595640
0.590377
0.634600
0.668870
0.683541
0.693814
0.636158
0.637674
0.613932
0.629737
0.585744
0.487843
0.499524
0.525353
0.432657
0.386818
0.384401
0.412602
0.375145
0.328079
0.284965
0.282091
0.291566
0.295275
0.309915
0.469307
0.479016
0.469343
0.497137
0.488280
0.476487
0.483604
0.489269
0.482417
0.503443
0.372328
0.388036
0.347592
0.308476
0.512120
0.561333
0.586986
0.606652
0.559810
0.530696
0.535604
0.547241
0.507624
0.534154
0.512854
0.524489
0.498905
0.504561
0.504785
0.496362
0.550323
0.401693
0.424481
0.532721
0.513243
0.470461
0.327960
0.379566
0.510523
0.536403
0.511069
0.546569
0.508743
0.510853
0.494421
0.486470
0.508958
0.527223
0.392182
0.275667
0.357455
0.373291
0.243396
0.202998
0.153849
0.152423
0.214150
0.347556
0.256888
0.233578
0.195296
0.197594
0.185016
0.183788
0.162901
0.163290
0.155538
0.255821
0.349701
0.233594
0.294312
0.248376
0.215398
0.192879
0.148211
0.106424
0.119477
0.126290
0.247839
0.267829
0.257481
0.227495
0.161404
0.172363
0.182407
0.244965
0.297811
0.346539
0.318044
0.510790
0.516847
0.480080
0.471390
0.476207
0.496700
0.480010
0.435875
0.401395
0.398157
0.403966
0.470958
0.438682
0.322429
0.377415
0.420385
0.371468
0.341942
0.502950
0.529750
0.486545
0.490481
0.522584
0.526914
0.476824
0.459275
0.479345
0.488886
0.489227
0.481216
0.513006
0.511311
0.527341
0.592594
0.673272
0.659021
0.602736
0.645887
0.655984
0.656028
0.554954
0.560018
0.470513
0.496680
0.488514
0.500998
0.463448
0.450580
0.465484
0.460432
0.473982
0.469083
0.479633
0.477285
0.465980
0.500403
0.506359
0.537734
0.665846
0.620320
0.655984
0.740312
0.748024
0.746221
0.666399
0.698567
0.589093
0.707783
0.574218
0.489059
0.456769
0.449807
0.458930
0.471271
0.470056
0.479428
0.474865
0.487232
0.515675
0.526697
0.586962
0.528878
0.623309
0.536989
0.761061
0.718656
0.619528
0.716103
0.553268
0.562956
0.474212
0.469236
0.477935
0.468795
0.484938
0.470928
0.488069
0.503026
0.634822
0.639349
0.733469
0.767528
0.743608
0.798520
0.759220
0.775636
0.778973
0.707269
0.706321
0.747120
0.615047
0.531545
0.469798
0.475950
0.447876
0.442321
0.483466
0.486456
0.490722
0.485301
0.496275
0.484220
0.519916
0.525730
0.520061
0.600734
0.671084
0.605069
0.619311
0.773667
0.778066
0.731042
0.765791
0.792666
0.781293
0.745606
0.676515
0.676878
0.631942
0.629674
0.729715
0.695082
0.758662
0.767098
0.764870
0.782168
0.759436
0.697481
0.603836
0.507364
0.481620
0.485554
0.469770
0.448280
0.474593
0.483255
0.459676
0.496804
0.491548
0.508599
0.573145
0.669192
0.676147
0.767764
0.775952
0.756856
0.733621
0.754069
0.757957
0.758824
0.739830
0.741490
0.579151
0.496518
0.490925
0.487370
0.475764
0.480329
0.483850
0.475298
0.474007
0.450096
0.450088
0.457683
0.543302
0.610186
0.694353
0.735955
0.689408
0.704623
0.737810
0.743674
0.707966
0.716163
0.709845
0.715034
0.733296
0.713977
0.759074
0.652202
0.634665
0.615249
0.576435
0.630290
0.567141
0.514868
0.507734
0.505594
0.513083
0.520814
0.500398
0.495944
0.490720
0.480316
0.469267
0.468716
0.477032
0.475727
0.493884
0.504984
0.481350
0.603371
0.645117
0.550472
0.664458
0.704452
0.692120
0.711251
0.687079
0.743642
0.709207
0.697417
0.588545
0.558330
0.537765
0.528180
0.504500
0.516425
0.514664
0.508556
0.500707
0.483877
0.517531
0.503901
0.498875
0.503061
0.525150
0.459356
0.453226
0.334432
0.375808
0.379827
0.355830
0.423927
0.445125
0.415649
0.373163
0.367395
0.394536
0.464135
0.456346
0.472210
0.465526
0.465862
0.451386
0.378715
0.361331
0.448121
0.432700
0.428090
0.341431
0.398262
0.438625
0.430101
0.419218
0.405418
0.452639
0.460941
0.400943
0.391131
0.385768
0.438928
0.542628
0.467034
0.338932
0.119113
0.146912
0.154806
0.190455
0.419909
0.453900
0.339155
0.311467
0.346785
0.481557
0.349643
0.323541
0.371316
0.250950
0.247861
0.466131
0.480513
0.379833
0.324428
0.313580
0.269097
0.291238
0.270774
0.235297
0.355494
0.387568
0.392378
0.362643
0.474309
0.498618
0.456831
0.338393
0.298937
0.213796
0.198961
0.111339
0.119286
0.073842
0.081015
0.063750
0.079974
0.073502
0.127102
0.134481
0.079751
0.193137
0.042245
0.043080
0.077714
0.061602
0.050657
0.065565
0.047408
0.048368
0.067175
0.046498
0.076307
0.056487
0.087528
0.091109
0.148165
0.117885
0.085855
0.128446
0.103921
0.120475
0.072325
0.112016
0.186325
0.199177
0.176917
0.191773
0.191686
0.197620
0.210332
0.216340
0.206052
0.205546
0.178616
0.184513
0.204154
0.183707
0.202912
0.196247
0.192875
0.182051
0.197964
0.189426
0.208905
0.192845
0.209196
0.207065
0.213664
0.214619
0.148454
0.173989
0.171256
0.255835
0.110149
0.139432
0.148023
0.145831
0.175698
0.161486
0.165638
0.177434
0.158785
0.217161
0.195455
0.331991
0.226350
0.232237
0.266577
0.262595
0.229176
0.245142
0.313737
0.348770
0.284406
0.342168
0.218926
0.200971
0.169284
0.254683
0.288867
0.243153
0.251065
0.457781
0.455989
0.460591
0.459131
0.464719
0.466942
0.459193
0.434243
0.449871
0.453780
0.460794
0.468775
0.470103
0.446911
0.445387
0.428942
0.422039
0.468171
0.468925
0.467315
0.464802
0.477591
0.468664
0.468828
0.470904
0.434316
0.422893
0.431503
0.457478
0.424780
0.438933
0.451715
0.285356
0.284104
0.363547
0.349865
0.378288
0.289225
0.295916
0.317986
0.359618
0.370092
0.369893
0.451862
0.446834
0.412551
0.382976
0.409659
0.451732
0.430081
0.269475
0.306827
0.403050
0.347561
0.280017
0.257762
0.314745
0.360446
0.397306
0.356781
0.320505
0.370501
0.434282
0.358496
0.337929
0.422977
0.391151
0.392078
0.310519
0.344913
0.397575
0.374395
0.399671
0.442604
0.451702
0.436014
0.452593
0.447228
0.456539
0.391293
0.336700
0.276871
0.412451
0.438945
0.318302
0.371750
0.407690
0.389891
0.413903
0.240086
0.428970
0.376258
0.402418
0.431532
0.413333
0.421425
0.467556
0.449964
0.455545
0.452230
0.432758
0.413067
0.388182
0.461346
0.407482
0.416958
0.435822
0.422644
0.458325
0.451070
0.457222
0.393534
0.409836
0.402915
0.443684
0.427665
0.466703
0.456875
0.456504
0.463840
0.466166
0.465193
0.442573
0.460857
0.450586
0.463130
0.450166
0.464807
0.443009
0.416396
0.453628
0.454416
0.457024
0.454440
0.473589
0.464774
0.473288
0.471520
0.460249
0.452181
0.451212
0.412590
0.410760
0.433678
0.448333
0.471773
0.455490
0.444329
0.407901
0.423123
0.429678
0.437369
0.412377
0.371470
0.421388
0.499114
0.481592
0.481835
0.496698
0.485608
0.458876
0.464805
0.453285
0.352288
0.304696
0.254838
0.268791
0.177946
0.217545
0.201336
0.182103
0.214052
0.341987
0.236803
0.160112
0.122482
0.157392
0.213805
0.122814
0.162793
0.097994
0.147604
0.097047
0.118162
0.156450
0.156472
0.139262
0.173496
0.136687
0.151911
0.151660
0.151375
0.178270
0.015037
0.077657
0.228716
0.027052
0.009285
0.000000
0.023411
0.020304
0.055524
0.238909
0.075964
0.230614
0.357115
0.128861
0.322954
0.116603
0.074259
0.178521
0.141249
0.321584
0.418016
0.353300
0.266264
0.221895
0.260629
0.179229
0.175651
0.114919
0.200712
0.188612
0.183195
0.100487
0.119013
0.089879
0.164853
0.069165
0.060668
0.053622
0.057940
0.059461
0.163412
0.062703
0.108089
0.137997
0.057834
0.312894
0.197957
0.283740
0.215240
0.210577
0.202599
0.322570
0.352189
0.267300
0.441071
0.473596
0.381648
0.379346
0.432479
0.467257
0.448965
0.454715
0.421407
0.373132
0.421570
0.417528
0.465138
0.449183
0.426484
0.239838
0.129755
0.179638
0.336748
0.275873
0.331373
0.363253
0.400386
0.338809
0.364100
0.343153
0.365509
0.390443
0.406822
0.395496
0.222669
0.099749
0.269029
0.074115
0.027231
0.025617
0.048182
0.187563
0.155039
0.248298
0.238811
0.101782
0.079391
0.231251
0.102940
0.050355
0.052654
0.091160
0.126449
0.188500
0.355195
0.257567
0.022599
0.043560
0.080154
0.167290
0.033873
0.142915
0.194122
0.028213
0.008966
0.023584
0.239184
0.143827
0.329019
0.248121
0.229921
0.228483
0.134223
0.081977
0.170996
0.166546
0.163932
0.158148
0.170700
0.150588
0.182273
0.183875
0.197587
0.165081
0.244834
0.274268
0.179534
0.167522
0.176117
0.268614
0.273310
0.256433
0.155436
0.118724
0.250478
0.248161
0.164184
0.268111
0.226158
0.204386
0.257580
0.229593
0.215478
0.181206
0.156444
0.199967
0.216862
0.199587
0.227166
0.309701
0.289455
0.242637
0.285142
0.225994
0.275238
0.198606
0.219591
0.169014
0.195585
0.201204
0.312286
0.234186
0.209738
0.290983
0.221661
0.181812
0.291458
0.214882
0.359380
0.211019
0.345781
0.127786
0.010049
0.086033
0.000717
0.035237
0.054936
0.204875
0.250713
0.077657
0.146039
0.148678
0.161607
0.166930
0.122401
0.170874
0.125043
0.148453
0.140071
0.144422
0.172084
0.150512
0.200487
0.167381
0.200223
0.227090
0.241975
0.343123
0.299490
0.383958
0.223977
0.278245
0.184424
0.220202
0.207079
0.209263
0.251036
0.156992
0.148741
0.183589
0.124341
0.173655
0.184644
0.205995
0.216345
0.208418
0.210752
0.179555
0.197465
0.190331
0.155715
0.191246
0.244520
0.270998
0.297924
0.277932
0.258386
0.171637
0.452334
0.453093
0.408112
0.285203
0.399447
0.303803
0.220142
0.280846
0.298904
0.282810
0.207348
0.185084
0.177790
0.152059
0.197449
0.183437
0.205364
0.222123
0.210427
0.185485
0.424748
0.345209
0.339800
0.362130
0.394133
0.291935
0.263034
0.257536
0.219811
0.234914
0.216477
0.200057
0.181755
0.225356
0.257815
0.267470
0.284130
0.334507
0.241939
0.167262
0.210212
0.238921
0.161746
0.159726
0.113507
0.108234
0.096606
0.125898
0.246018
0.179176
0.294698
0.085191
0.131273
0.072705
0.081795
0.116157
0.174027
0.198205
0.195095
0.196565
0.195816
0.199895
0.211387
0.213081
0.208527
0.204939
0.205235
0.193018
0.228060
0.218877
0.315170
0.288815
0.218634
0.211077
0.307205
0.336369
0.280467
0.183574
0.153441
0.138799
0.120935
0.105577
0.120276
0.132232
0.115969
0.129742
0.153401
0.147287
0.105551
0.169487
0.186485
0.153105
0.165660
0.138299
0.182597
0.193236
0.293133
0.317242
0.309765
0.284560
0.364273
0.282243
0.358229
0.462909
0.462787
0.464257
0.453144
0.436541
0.429842
0.287452
0.309315
0.406787
0.385252
0.365177
0.456799
0.247147
0.170871
0.301285
0.264636
0.414882
0.361866
0.267244
0.127752
0.101489
0.134426
0.224215
0.218736
0.218589
0.156983
0.069173
0.107350
0.115888
0.378382
0.285078
0.196394
0.209008
0.433400
0.378116
0.314421
0.337992
0.433650
0.365764
0.486350
0.481273
0.476109
0.407831
0.477065
0.421775
0.469530
0.473611
0.473211
0.483483
0.460168
0.456951
0.476779
0.477966
0.464975
0.463458
0.446577
0.210377
0.146507
0.209010
0.093548
0.142647
0.131767
0.139267
0.165127
0.113194
0.094845
0.185427
0.227069
0.251249
0.247349
0.237046
0.241215
0.208400
0.188171
0.178814
0.181565
0.201534
0.176559
0.140392
0.122495
0.159145
0.192647
0.217327
0.202959
0.195440
0.212006
0.237345
0.331026
0.382107
0.419111
0.436432
0.429984
0.321386
0.205090
0.403945
0.239049
0.232633
0.165969
0.107212
0.178868
0.238752
0.240551
0.287750
0.253605
0.366176
0.285954
0.302512
0.391153
0.300356
0.470841
0.475994
0.465184
0.346583
0.250138
0.271409
0.171912
0.167536
0.118302
0.232290
0.380730
0.418634
0.317657
0.274121
0.427609
0.430302
0.472731
0.471653
0.470969
0.366874
0.471907
0.250641
0.470745
0.367130
0.419662
0.464692
0.485640
0.474637
0.279730
0.368194
0.465774
0.459339
0.472718
0.468891
0.467170
0.465940
0.460709
0.465848
0.395032
0.343325
0.334300
0.262056
0.268992
0.324305
0.397920
0.351684
0.300968
0.388727
0.346673
0.378797
0.368415
0.364314
0.269646
0.227065
0.251015
0.255207
0.386950
0.371874
0.260884
0.286812
0.386411
0.372974
0.282360
0.219491
0.342372
0.384609
0.268863
0.250578
0.252487
0.180806
0.333785
0.336812
0.210735
0.233004
0.219004
0.353857
0.358101
0.293061
0.306825
0.241404
0.363511
0.375143
0.339396
0.241757
0.231579
0.242456
0.171553
0.215045
0.167306
0.233948
0.225389
0.347579
0.284726
0.236677
0.302674
0.191988
0.201194
0.263587
0.193406
0.215280
0.366206
0.431958
0.416720
0.445674
0.429437
0.425851
0.431195
0.365334
0.378109
0.468346
0.422712
0.485963
0.446550
0.465472
0.398922
0.460204
0.406206
0.410934
0.442277
0.417905
0.383005
0.381779
0.324119
0.420672
0.411422
0.327817
0.327643
0.389782
0.379033
0.381874
0.429158
0.315372
0.322489
0.333817
0.467932
0.441413
0.398285
0.431691
0.478089
0.490559
0.492958
0.399822
0.362838
0.433001
0.443256
0.456412
0.457359
0.484426
0.464945
0.491707
0.469459
0.477209
0.467270
0.501986
0.528304
0.512845
0.517019
0.511252
0.479906
0.468600
0.477011
0.448134
0.456134
0.454563
0.444644
0.439466
0.461294
0.343726
0.400059
0.439111
0.411700
0.369278
0.427417
0.406059
0.410410
0.424340
0.402364
0.396928
0.407301
0.395626
0.407951
0.411050
0.405458
0.401740
0.418044
0.411863
0.410780
0.412629
0.405957
0.397276
0.398937
0.357209
0.359132
0.305399
0.327795
0.365749
0.326749
0.348762
0.394978
0.412261
0.404921
0.392425
0.377650
0.396582
0.353936
0.358833
0.353593
0.365983
0.351632
0.381599
0.423257
0.398073
0.428148
0.464806
0.454715
0.423497
0.512234
0.496335
0.517951
0.519796
0.499704
0.482352
0.423791
0.430607
0.468938
0.445305
0.471909
0.444513
0.409920
0.449444
0.258884
0.392528
0.502480
0.493042
0.498115
0.474433
0.465043
0.466349
0.471337
0.427217
0.456705
0.457461
0.428709
0.437398
0.419240
0.436962
0.424000
0.436967
0.345009
0.382474
0.383868
0.385309
0.415914
0.379447
0.375708
0.360323
0.271985
0.408097
0.407937
0.401187
0.399770
0.397419
0.366208
0.367047
0.382690
0.303342
0.310951
0.298494
0.317955
0.209577
0.410144
0.422063
0.424245
0.409166
0.394186
0.403891
0.348998
0.296850
0.367622
0.310866
0.324452
0.327325
0.326663
0.472453
0.402575
0.422918
0.364532
0.354645
0.356493
0.512460
0.457763
0.475806
0.424332
0.486937
0.475461
0.480803
0.385808
0.368160
0.196808
0.168315
0.150111
0.261935
0.174081
0.340749
0.398605
0.276043
0.259405
0.354194
0.289803
0.223471
0.187045
0.229839
0.143516
0.146599
0.175237
0.156037
0.306358
0.237142
0.189588
0.210187
0.127748
0.126906
0.217854
0.117129
0.158558
0.146314
0.101790
0.125894
0.338535
0.419508
0.230921
0.371219
0.373579
0.337104
0.359933
0.444239
0.459140
0.216761
0.167844
0.191538
0.247428
0.246796
0.108074
0.281693
0.146921
0.133576
0.100857
0.146401
0.290897
0.377747
0.451671
0.434747
0.426916
0.407328
0.470268
0.413713
0.456372
0.461723
0.418089
0.406962
0.435264
0.439075
0.405212
0.381254
0.389502
0.287191
0.220703
0.340145
0.172740
0.182190
0.189140
0.208760
0.195886
0.446568
0.439498
0.499886
0.387555
0.453566
0.391374
0.339001
0.430290
0.403396
0.410096
0.424563
0.387946
0.358705
0.396338
0.310042
0.281351
0.345748
0.384474
0.278708
0.221881
0.375972
0.433892
0.370811
0.267536
0.238972
0.168137
0.154662
0.166360
0.173046
0.268338
0.162308
0.168498
0.200142
0.148199
0.145454
0.244701
0.322597
0.463000
0.484801
0.473195
0.476727
0.486225
0.497464
0.534941
0.559010
0.553388
0.545287
0.504145
0.456112
0.492611
0.471390
0.454191
0.482447
0.447506
0.469249
0.489482
0.476351
0.488318
0.494565
0.500550
0.523112
0.495673
0.474660
0.433929
0.473726
0.473809
0.467232
0.472945
0.485227
0.506389
0.351865
0.364711
0.460851
0.474831
0.468380
0.483454
0.467496
0.439565
0.439770
0.447316
0.473246
0.469113
0.469243
0.484423
0.467479
0.496149
0.489138
0.493189
0.495679
0.468230
0.497067
0.470509
0.475838
0.492053
0.455589
0.478599
0.483407
0.485445
0.489935
0.443971
0.491408
0.471320
0.493750
0.492059
0.466397
0.443047
0.481870
0.466446
0.501769
0.512257
0.507759
0.510803
0.506234
0.490940
0.488136
0.515597
0.494639
0.476012
0.497328
0.501943
0.493206
0.489023
0.482126
0.491242
0.487148
0.484108
0.478161
0.471754
0.470266
0.463166
0.476970
0.433768
0.476382
0.451631
0.458384
0.456114
0.489868
0.473229
0.475705
0.468470
0.476039
0.453501
0.481615
0.489937
0.459807
0.465281
0.471431
0.469394
0.470188
0.505860
0.468608
0.475977
0.491985
0.492594
0.495039
0.493738
0.487153
0.501932
0.498637
0.483100
0.471305
0.472753
0.484384
0.495336
0.464778
0.458017
0.462389
0.432512
0.437414
0.482375
0.473359
0.455878
0.476067
0.453240
0.452454
0.475867
0.479570
0.397927
0.376236
0.508595
0.492190
0.384413
0.412633
0.409983
0.483412
0.481750
0.417155
0.349711
0.480594
0.482062
0.464551
0.442838
0.421087
0.423874
0.452650
0.448609
0.207149
0.394359
0.376282
0.419980
0.476810
0.538941
0.614785
0.554535
0.603396
0.534372
0.623161
0.494589
0.496999
0.485209
0.461283
0.455462
0.445715
0.251766
0.220910
0.227007
0.258780
0.220753
0.229199
0.246739
0.277116
0.228997
0.210765
0.238023
0.216503
0.395210
0.243996
0.328053
0.321342
0.251580
0.246826
0.361012
0.230309
0.289865
0.258596
0.222293
0.229304
0.257678
0.257720
0.322564
0.383185
0.457521
0.469646
0.374134
0.380656
0.073911
0.246524
0.095411
0.083276
0.112813
0.120848
0.087214
0.148210
0.068346
0.109527
0.154532
0.051808
0.109118
0.060675
0.075956
0.073008
0.040025
0.045852
0.092866
0.107915
0.223689
0.168002
0.215070
0.353051
0.344000
0.199048
0.238523
0.164643
0.132782
0.128743
0.124534
0.107785
0.179736
0.456774
0.468266
0.489836
0.524692
0.503258
0.580535
0.588736
0.629584
0.551599
0.584084
0.604151
0.633732
0.569414
0.627213
0.565167
0.664037
0.604891
0.635916
0.567434
0.658897
0.700279
0.625981
0.725346
0.644184
0.649441
0.584829
0.574526
0.671442
0.680913
0.683927
0.572388
0.544950
0.589100
0.538428
0.569865
0.545283
0.588732
0.577634
0.606996
0.656365
0.600918
0.592879
0.612704
0.591801
0.652217
0.568461
0.612603
0.555249
0.543973
0.590982
0.566671
0.510424
0.545919
0.510612
0.471966
0.507455
0.494172
0.504377
0.538682
0.513931
0.561154
0.515285
0.574782
0.568698
0.484306
0.478551
0.475572
0.555447
0.489200
0.523256
0.482252
0.516380
0.463782
0.560723
0.542284
0.514453
0.503520
0.528930
0.636497
0.603361
0.521646
0.546986
0.553613
0.542084
0.529267
0.520960
0.500490
0.520264
0.503694
0.537044
0.550764
0.533296
0.520072
0.567150
0.512524
0.500913
0.491733
0.477203
0.509776
0.666744
0.543869
0.610915
0.710042
0.541715
0.565786
0.491329
0.500173
0.499315
0.500829
0.481540
0.595807
0.564424
0.538916
0.592505
0.618775
0.584869
0.566251
0.615927
0.550002
0.539072
0.505427
0.598469
0.552998
0.546681
0.583020
0.534742
0.552286
0.533272
0.613937
0.522129
0.522609
0.683859
0.624605
0.646744
0.630821
0.753116
0.769744
0.758721
0.701786
0.649398
0.788915
0.703136
0.664865
0.714994
0.696722
0.606723
0.665037
0.538352
0.632426
0.509499
0.524809
0.474540
0.549052
0.524883
0.528783
0.563799
0.603631
0.505929
0.492268
0.680278
0.723581
0.696350
0.607907
0.525526
0.613475
0.597770
0.588943
0.523411
0.547525
0.487673
0.543216
0.650717
0.653625
0.637673
0.696983
0.630817
0.597143
0.529533
0.649757
0.552393
0.604898
0.559185
0.588611
0.584181
0.605889
0.569103
0.646728
0.671207
0.506348
0.474790
0.543826
0.472926
0.573550
0.510822
0.482970
0.488564
0.490463
0.497508
0.487855
0.535357
0.555604
0.538546
0.516539
0.502844
0.526849
0.510264
0.451547
0.497352
0.518945
0.540592
0.538392
0.499268
0.535235
0.531503
0.517052
0.514675
0.538189
0.520609
0.497484
0.479599
0.540112
0.481241
0.481125
0.509230
0.520887
0.473798
0.584330
0.566037
0.540099
0.514317
0.540223
0.570503
0.626214
0.547811
0.554577
0.536108
0.540494
0.659061
0.596612
0.600317
0.608589
0.517143
0.502888
0.535187
0.606024
0.665522
0.528232
0.501048
0.491950
0.486279
0.494500
0.610515
0.484180
0.475696
0.479472
0.539454
0.533615
0.516641
0.492150
0.505738
0.509351
0.485236
0.503823
0.510416
0.488368
0.475622
0.474544
0.481816
0.469418
0.526717
0.500188
0.457451
0.469923
0.527045
0.487587
0.474363
0.464110
0.510667
0.465761
0.456280
0.530534
0.464360
0.490524
0.477053
0.475353
0.472141
0.490912
0.490294
0.478939
0.526767
0.490307
0.486774
0.478998
0.491329
0.468905
0.524292
0.471874
0.496325
0.505886
0.456046
0.441007
0.546996
0.495589
0.447144
0.537474
0.466929
0.505587
0.461009
0.475159
0.464257
0.501513
0.483494
0.467637
0.481831
0.470471
0.486385
0.495177
0.465043
0.418738
0.443504
0.507362
0.508565
0.504615
0.485655
0.473432
0.469188
0.470992
0.439925
0.531805
0.517594
0.481705
0.470778
0.447781
0.495033
0.453184
0.478715
0.548612
0.506080
0.509723
0.479282
0.526052
0.494916
0.453539
0.495936
0.461957
0.452776
0.500642
0.481365
0.538524
0.518560
0.459126
0.450871
0.490987
0.454683
0.465503
0.487871
0.491483
0.495821
0.489334
0.506253
0.478053
0.439218
0.455667
0.466114
0.457715
0.446357
0.481479
0.495304
0.553805
0.514420
0.465151
0.450024
0.466495
0.465630
0.450458
0.467620
0.468095
0.471047
0.477625
0.454973
0.459981
0.466958
0.462731
0.454269
0.467459
0.430224
0.447312
0.504166
0.587587
0.618625
0.504108
0.471748
0.449212
0.408562
0.449031
0.500187
0.486702
0.486703
0.502200
0.467386
0.493227
0.458678
0.508111
0.486516
0.513892
0.482573
0.501034
0.477821
0.480683
0.480559
0.483851
0.459319
0.455597
0.501283
0.475198
0.489431
0.491308
0.464385
0.471503
0.483455
0.494004
0.462250
0.475288
0.456792
0.461169
0.451807
0.458837
0.435617
0.553297
0.531602
0.447295
0.457929
0.597591
0.535098
0.504379
0.495181
0.545546
0.536273
0.595080
0.480385
0.579441
0.536983
0.568590
0.523163
0.566861
0.519326
0.521492
0.509457
0.593018
0.600665
0.609672
0.572377
0.582960
0.497717
0.523129
0.508513
0.534913
0.552474
0.485797
0.517125
0.671029
0.576830
0.608677
0.600371
0.573795
0.584525
0.543171
0.607972
0.587736
0.681001
0.598333
0.592135
0.618993
0.581341
0.545922
0.620986
0.619406
0.615294
0.569515
0.585245
0.580615
0.575131
0.555346
0.553637
0.533814
0.522334
0.568914
0.607136
0.565532
0.649561
0.592044
0.660972
0.646965
0.617765
0.616819
0.551463
0.548118
0.630301
0.628964
0.619684
0.601170
0.584258
0.626369
0.620067
0.606628
0.676597
0.567064
0.633196
0.523338
0.594987
0.572150
0.576372
0.528380
0.575388
0.537329
0.577602
0.612621
0.533512
0.566449
0.611773
0.695122
0.677306
0.693324
0.527939
0.570504
0.545548
0.524903
0.534236
0.576872
0.572653
0.586363
0.516721
0.529156
0.450504
0.536324
0.533233
0.533265
0.520533
0.542538
0.526370
0.525222
0.503820
0.603768
0.571000
0.571279
0.492055
0.502640
0.470559
0.484020
0.589688
0.570907
0.538135
0.533969
0.559432
0.718939
0.500517
0.645952
0.553360
0.578511
0.588389
0.556008
0.474740
0.504739
0.468567
0.555885
0.563338
0.563440
0.570458
0.505657
0.491536
0.577560
0.560875
0.493275
0.466033
0.540249
0.480014
0.446073
0.546111
0.556767
0.506504
0.488672
0.509773
0.489251
0.491040
0.515577
0.501652
0.504533
0.450549
0.416253
0.498014
0.481180
0.529133
0.501242
0.550673
0.528547
0.564262
0.509910
0.539793
0.592229
0.542987
0.453159
0.504476
0.473291
0.511575
0.506945
0.501887
0.543800
0.500151
0.344912
0.231765
0.241163
0.189245
0.262769
0.413165
0.316173
0.494792
0.461092
0.536137
0.482152
0.452411
0.540914
0.515486
0.510956
0.528797
0.537205
0.574014
0.621511
0.574786
0.550163
0.559959
0.606085
0.582835
0.526828
0.547327
0.526997
0.485266
0.411175
0.419746
0.460909
0.467462
0.462129
0.504534
0.462948
0.413841
0.437174
0.408449
0.432267
0.433996
0.434227
0.404793
0.460362
0.443100
0.480284
0.499790
0.480262
0.482535
0.379927
0.316766
0.454667
0.338376
0.440868
0.351858
0.386194
0.413044
0.424454
0.398424
0.395076
0.372257
0.365653
0.411076
0.411347
0.490390
0.460777
0.370843
0.333844
0.452761
0.200664
0.181972
0.122065
0.174382
0.209202
0.222435
0.233368
0.233587
0.243117
0.241369
0.251364
0.231230
0.288856
0.283593
0.303527
0.491156
0.371305
0.464533
0.425805
0.458419
0.400549
0.327893
0.405328
0.435685
0.401833
0.439323
0.454428
0.445084
0.433640
0.391899
0.366758
0.413672
0.374003
0.350731
0.366333
0.345105
0.369978
0.378710
0.368298
0.439578
0.385221
0.453446
0.376914
0.395860
0.391160
0.456752
0.397808
0.335812
0.267041
0.285034
0.307147
0.319558
0.215426
0.190050
0.261887
0.227089
0.215946
0.170860
0.229521
0.250334
0.358730
0.390541
0.419639
0.298843
0.300143
0.377518
0.340860
0.412803
0.403688
0.535757
0.616968
0.534583
0.341879
0.282556
0.336062
0.440785
0.402843
0.362726
0.265518
0.142234
0.227433
0.283718
0.331368
0.218128
0.277872
0.306361
0.421404
0.348668
0.341088
0.389719
0.389475
0.369583
0.335932
0.234661
0.387014
0.153483
0.147000
0.125341
0.129885
0.117180
0.148488
0.171845
0.096127
0.114405
0.116803
0.123619
0.170604
0.143820
0.167477
0.199514
0.180829
0.187206
0.123250
0.165772
0.141143
0.191190
0.290720
0.171153
0.212412
0.288681
0.320243
0.300690
0.212870
0.247446
0.321797
0.243993
0.278485
0.280423
0.315295
0.437337
0.353407
0.229581
0.168995
0.194756
0.170149
0.151463
0.141241
0.182122
0.144284
0.242177
0.211798
0.157001
0.129227
0.136685
0.172087
0.120259
0.119434
0.148266
0.216325
0.223249
0.297718
0.342913
0.257055
0.271923
0.216716
0.270420
0.442707
0.430609
0.440586
0.555430
0.516987
0.552922
0.567907
0.540425
0.570653
0.531409
0.538614
0.613365
0.584766
0.550325
0.564957
0.480099
0.545436
0.564277
0.540918
0.563472
0.595789
0.563260
0.568536
0.552103
0.523245
0.560115
0.552900
0.508002
0.529385
0.570917
0.571580
0.576200
0.580537
0.570788
0.589145
0.594952
0.586489
0.605529
0.573793
0.587836
0.578206
0.576138
0.591272
0.594039
0.588525
0.569703
0.254232
0.308697
0.423342
0.407750
0.259492
0.295669
0.275317
0.219551
0.359733
0.381564
0.335402
0.234581
0.281676
0.219444
0.399195
0.389736
0.242432
0.285690
0.374514
0.409449
0.289723
0.369284
0.333644
0.418891
0.482703
0.425442
0.422370
0.415704
0.422125
0.416043
0.473007
0.484161
0.455714
0.464852
0.482094
0.511057
0.436767
0.462502
0.451140
0.438641
0.491737
0.452132
0.458123
0.459294
0.454627
0.510842
0.422799
0.507997
0.547546
0.401600
0.507193
0.443217
0.505736
0.550613
0.503531
0.515130
0.518333
0.504948
0.515620
0.636197
0.619230
0.524898
0.656704
0.534641
0.577707
0.549475
0.566493
0.578609
0.536644
0.531817
0.615407
0.658467
0.638509
0.534104
0.537545
0.593899
0.590337
0.568181
0.578568
0.568515
0.549357
0.555591
0.537724
0.571865
0.537617
0.596873
0.588535
0.560476
0.572829
0.591389
0.575877
0.595530
0.582373
0.578659
0.600151
0.581575
0.590314
0.596657
0.559975
0.600755
0.551762
0.587918
0.575643
0.622602
0.625965
0.615499
0.619350
0.690833
0.700548
0.682285
0.575335
0.644754
0.595427
0.612703
0.549476
0.557235
0.548201
0.571313
0.561502
0.516579
0.559274
0.576779
0.598294
0.557990
0.581559
0.578753
0.542231
0.592095
0.603595
0.599986
0.667814
0.639449
0.558024
0.540378
0.573082
0.536859
0.571949
0.590291
0.597258
0.514853
0.565065
0.529203
0.512571
0.508975
0.467555
0.429875
0.457090
0.488328
0.554101
0.464911
0.400857
0.411219
0.538059
0.476853
0.421128
0.491852
0.600333
0.548128
0.418824
0.405230
0.460389
0.463682
0.445800
0.465569
0.488337
0.508556
0.512574
0.507925
0.493871
0.487236
0.504347
0.475219
0.524165
0.504227
0.516214
0.383970
0.303284
0.393150
0.408037
0.326143
0.354088
0.336241
0.440005
0.398322
0.223177
0.233458
0.212938
0.275621
0.305178
0.229082
0.211721
0.288996
0.251203
0.258730
0.295338
0.377073
0.404734
0.326244
0.225794
0.275227
0.304482
0.363816
0.326174
0.411740
0.309865
0.328562
0.300165
0.424389
0.420243
0.300594
0.414750
0.365417
0.423101
0.422334
0.428227
0.445043
0.360266
0.373308
0.328958
0.355750
0.320453
0.388408
0.430884
0.482676
0.463696
0.280826
0.256101
0.285300
0.393446
0.472491
0.317162
0.402189
0.430057
0.425715
0.465671
0.479828
0.451355
0.447712
0.309698
0.378568
0.418962
0.460274
0.418516
0.453991
0.319470
0.487973
0.522359
0.492311
0.464914
0.450065
0.398255
0.393141
0.282640
0.446734
0.504641
0.488451
0.496253
0.387104
0.360742
0.401188
0.329100
0.275517
0.344260
0.351854
0.298935
0.337480
0.287566
0.429017
0.391632
0.402757
0.349129
0.289776
0.314140
0.467184
0.460164
0.437049
0.389720
0.332085
0.430006
0.423041
0.314183
0.391041
0.459846
0.376210
0.435493
0.380122
0.460831
0.355351
0.377284
0.425403
0.473381
0.328295
0.199972
0.308340
0.247463
0.291395
0.304241
0.343046
0.297872
0.334156
0.317841
0.320571
0.278359
0.317144
0.329356
0.301086
0.288954
0.291342
0.263940
0.335834
0.310420
0.320625
0.285505
0.289869
0.245569
0.307270
0.268430
0.287056
0.276204
0.349759
0.291698
0.281092
0.266106
0.365692
0.370170
0.447359
0.461631
0.449493
0.437867
0.413153
0.423287
0.314856
0.393588
0.304614
0.378526
0.368767
0.420831
0.400986
0.400782
0.427884
0.424542
0.441905
0.428416
0.447413
0.492149
0.500542
0.496100
0.456683
0.437275
0.413807
0.470087
0.459371
0.468392
0.450274
0.451667
0.439063
0.441341
0.442364
0.463646
0.467674
0.470445
0.463713
0.306028
0.293000
0.420788
0.306240
0.342113
0.388876
0.344076
0.308797
0.309563
0.312600
0.304447
0.212237
0.203731
0.152167
0.195469
0.164281
0.151383
0.281077
0.161230
0.152478
0.143350
0.168206
0.149005
0.139916
0.142529
0.128867
0.130504
0.157570
0.163195
0.162132
0.159824
0.303184
0.137219
0.166473
0.229857
0.448717
0.426113
0.417451
0.205507
0.168424
0.203580
0.139008
0.121050
0.127184
0.188362
0.145858
0.278892
0.139357
0.203345
0.138570
0.423940
0.464903
0.464307
0.468261
0.483939
0.481258
0.290901
0.242534
0.203223
0.142095
0.183923
0.305458
0.220212
0.338561
0.226120
0.206663
0.143261
0.161268
0.236707
0.467104
0.523550
0.480929
0.506143
0.478787
0.415170
0.487655
0.469385
0.405731
0.466877
0.476861
0.426363
0.472546
0.401736
0.466664
0.475392
0.464604
0.408533
0.446655
0.485164
0.477687
0.503441
0.488443
0.450986
0.492445
0.453887
0.502479
0.516138
0.536539
0.236482
0.263495
0.253902
0.287657
0.272947
0.499829
0.478349
0.454944
0.413609
0.368261
0.374949
0.399054
0.418858
0.454636
0.447097
0.448031
0.472894
0.477866
0.405301
0.417073
0.393450
0.366023
0.387247
0.407991
0.407702
0.507877
0.331718
0.295968
0.345321
0.223534
0.231367
0.243885
0.366533
0.234881
0.216118
0.256236
0.305668
0.251913
0.226210
0.209287
0.205373
0.212870
0.226696
0.229390
0.209418
0.340384
0.362754
0.326268
0.378772
0.435241
0.395506
0.327091
0.335892
0.335161
0.387185
0.328135
0.239648
0.200685
0.203967
0.239638
0.288740
0.276061
0.254273
0.287223
0.270136
0.258880
0.247776
0.283160
0.346804
0.329341
0.296439
0.313310
0.323955
0.342030
0.337340
0.360239
0.375439
0.405231
0.413630
0.339112
0.346187
0.329453
0.391414
0.417751
0.416956
0.360742
0.430177
0.405044
0.429655
0.369544
0.365765
0.444892
0.448015
0.394290
0.450965
0.451511
0.452412
0.446576
0.505042
0.481336
0.451279
0.477186
0.512505
0.405592
0.421459
0.407368
0.405226
0.383726
0.420246
0.447843
0.491110
0.490011
0.492918
0.410298
0.438106
0.438179
0.511780
0.494529
0.531967
0.542739
0.594815
0.531908
0.403743
0.204270
0.301010
0.232483
0.545073
0.566457
0.578990
0.539922
0.604792
0.522058
0.488679
0.555353
0.565868
0.590733
0.499273
0.536978
0.666065
0.667689
0.670423
0.615459
0.567634
0.545129
0.538658
0.563803
0.551943
0.619190
0.552297
0.558694
0.520032
0.504982
0.498822
0.510998
0.585582
0.597890
0.543297
0.561611
0.566081
0.588886
0.539350
0.563849
0.543665
0.629805
0.519773
0.525859
0.607787
0.569150
0.514026
0.499308
0.625095
0.626756
0.641338
0.546697
0.631542
0.585534
0.435713
0.434800
0.460272
0.415127
0.410830
0.445698
0.496251
0.601284
0.527333
0.567498
0.512948
0.592842
0.639864
0.518479
0.533531
0.510138
0.580205
0.525213
0.455201
0.477874
0.596786
0.658709
0.630212
0.571599
0.578589
0.564238
0.579244
0.733646
0.811875
0.595630
0.646454
0.598518
0.793304
0.858650
0.712226
0.782353
0.816553
0.882296
0.543022
0.591884
0.729153
0.608327
0.733493
0.689872
0.520023
0.517210
0.577137
0.814271
0.701631
0.696749
0.705441
0.736103
0.569434
0.600547
0.631463
0.801348
0.822415
0.650808
0.697217
0.802755
0.768310
0.675972
0.575340
0.602604
0.739486
0.740486
0.598141
0.582801
0.775818
0.821432
0.902606
0.877879
0.719347
0.828720
0.879190
0.796683
0.738889
0.781181
0.706164
0.601771
0.625332
0.742753
0.738813
0.823846
0.836831
0.745193
0.899966
0.834260
0.831181
0.728382
0.840852
0.853277
0.787540
0.794920
0.803395
0.787290
0.713705
0.704040
0.695571
0.856556
0.749291
0.863780
0.782857
0.881678
0.647882
0.850554
0.627737
0.626785
0.799922
0.795270
0.622372
0.786133
0.642339
0.823008
0.847175
0.870791
0.673897
0.832215
0.812430
0.856419
0.769205
0.753561
0.832002
0.643319
0.816846
0.726046
0.796414
0.648679
0.658452
0.541712
0.503761
0.499038
0.729095
0.731559
0.582876
0.623121
0.816495
0.670260
0.803863
0.721859
0.723399
0.564451
0.545171
0.496810
0.644863
0.553488
0.488951
0.613669
0.571081
0.546110
0.512238
0.550366
0.530477
0.563960
0.541097
0.578588
0.573975
0.598521
0.656168
0.516669
0.502833
0.531346
0.531870
0.517398
0.518911
0.570246
0.573636
0.610747
0.614388
0.556204
0.621483
0.555489
0.586529
0.557170
0.512378
0.494304
0.621391
0.587966
0.474227
0.543481
0.530219
0.489959
0.512237
0.540505
0.561455
0.548757
0.563963
0.574740
0.584571
0.548308
0.497882
0.543034
0.415817
0.475401
0.469324
0.397853
0.548136
0.463713
0.528339
0.555058
0.475776
0.491470
0.509896
0.470310
0.522839
0.360157
0.411439
0.420894
0.443391
0.513818
0.478605
0.492610
0.464056
0.607517
0.621511
0.630458
0.476686
0.471476
0.497195
0.454970
0.421161
0.433245
0.463973
0.432805
0.488212
0.465043
0.463938
0.453164
0.463003
0.470210
0.468914
0.508158
0.516534
0.598688
0.585012
0.561296
0.562498
0.501979
0.583662
0.648818
0.637507
0.685228
0.589222
0.571979
0.561696
0.622626
0.622015
0.750392
0.646796
0.655372
0.600499
0.601398
0.582033
0.598531
0.518595
0.577491
0.590567
0.552993
0.489098
0.521946
0.452936
0.562634
0.547934
0.468028
0.478309
0.477673
0.426696
0.479296
0.382423
0.324012
0.324567
0.319876
0.370599
0.323846
0.383051
0.368621
0.417214
0.414002
0.446802
0.415889
0.445821
0.459299
0.456434
0.489107
0.477346
0.461322
0.354661
0.364959
0.335703
0.474628
0.542577
0.527939
0.561589
0.499471
0.544037
0.584742
0.571645
0.538444
0.498467
0.488127
0.486203
0.448463
0.439957
0.447021
0.497708
0.433493
0.480523
0.483487
0.418430
0.454650
0.507835
0.505350
0.555593
0.527507
0.514746
0.503596
0.441484
0.421609
0.429409
0.408319
0.314262
0.375293
0.353839
0.211096
0.186906
0.193218
0.161586
0.178054
0.192805
0.306549
0.152909
0.178705
0.184965
0.204287
0.167036
0.192003
0.137095
0.149814
0.178011
0.169002
0.154876
0.135166
0.155428
0.175496
0.160781
0.157923
0.199475
0.183114
0.125777
0.149412
0.090220
0.149401
0.105138
0.217056
0.185901
0.229189
0.262821
0.227681
0.184579
0.183165
0.197453
0.193962
0.189438
0.246393
0.503944
0.535837
0.534038
0.485375
0.521267
0.515215
0.504402
0.451746
0.433467
0.458447
0.366689
0.431075
0.382142
0.368009
0.399607
0.438213
0.407362
0.423103
0.316319
0.354399
0.399535
0.519438
0.546882
0.523456
0.494991
0.548431
0.534477
0.531916
0.490381
0.552620
0.486233
0.492768
0.539814
0.463527
0.480587
0.490826
0.600687
0.584209
0.520147
0.591154
0.638381
0.661686
0.707856
0.738308
0.705838
0.666520
0.626506
0.722600
0.670223
0.665702
0.663512
0.576764
0.537946
0.479722
0.480077
0.480491
0.464532
0.488476
0.522519
0.482565
0.513791
0.584131
0.678936
0.683793
0.712639
0.738531
0.736402
0.747124
0.683238
0.533711
0.493581
0.547736
0.466415
0.461391
0.467206
0.462313
0.461755
0.461741
0.451225
0.498193
0.479205
0.541544
0.633099
0.740989
0.669746
0.694604
0.743036
0.751454
0.779748
0.757633
0.699310
0.610044
0.555493
0.520157
0.494033
0.479799
0.515581
0.468067
0.457362
0.463345
0.486709
0.454254
0.461362
0.510390
0.597935
0.580558
0.519198
0.705930
0.726458
0.766140
0.746324
0.764383
0.775586
0.674139
0.708060
0.731472
0.508407
0.538803
0.579170
0.460407
0.457667
0.461614
0.472958
0.466963
0.467057
0.471965
0.480218
0.474799
0.485736
0.472291
0.572070
0.523079
0.628689
0.601135
0.627827
0.708144
0.709453
0.732059
0.751980
0.724829
0.735618
0.647601
0.670372
0.663478
0.707370
0.614075
0.753882
0.759024
0.746763
0.754347
0.744641
0.743689
0.757966
0.715017
0.703748
0.499414
0.502286
0.500475
0.503422
0.491568
0.470833
0.484996
0.465612
0.463474
0.471417
0.529882
0.527678
0.566561
0.608209
0.744811
0.726809
0.724861
0.730869
0.728346
0.668702
0.620490
0.619783
0.542587
0.571468
0.615670
0.582009
0.498259
0.524595
0.490061
0.479434
0.476603
0.474726
0.482539
0.485265
0.464355
0.468559
0.476009
0.467553
0.598202
0.720489
0.717594
0.712327
0.711396
0.742065
0.686334
0.689638
0.660484
0.678172
0.548497
0.595264
0.586460
0.558454
0.509994
0.517726
0.499839
0.489869
0.491969
0.480979
0.475792
0.509675
0.519110
0.486472
0.476627
0.490475
0.486655
0.496756
0.503886
0.610670
0.629612
0.660343
0.683738
0.626063
0.554972
0.716911
0.674791
0.704650
0.724639
0.673830
0.608257
0.635592
0.617388
0.578971
0.610482
0.603260
0.532881
0.546512
0.527673
0.530950
0.557463
0.496914
0.504444
0.520513
0.557736
0.534001
0.533916
0.508478
0.478393
0.417467
0.373266
0.433543
0.365267
0.365299
0.425152
0.334917
0.316965
0.400490
0.402463
0.344949
0.394153
0.464690
0.454179
0.467349
0.450478
0.433576
0.418182
0.423157
0.458518
0.392777
0.390169
0.385536
0.455942
0.429776
0.449782
0.453727
0.470259
0.452260
0.423303
0.448918
0.420329
0.372877
0.401767
0.397800
0.444516
0.193244
0.247496
0.187731
0.175401
0.206759
0.389243
0.487430
0.295927
0.286200
0.319883
0.431397
0.463614
0.273155
0.308015
0.288006
0.454563
0.242122
0.239199
0.342620
0.392514
0.391715
0.378072
0.236991
0.211959
0.249550
0.376230
0.159159
0.185182
0.180081
0.163226
0.154136
0.132735
0.145025
0.154383
0.130493
0.309350
0.185466
0.128365
0.176307
0.122794
0.125242
0.128268
0.127674
0.149770
0.132262
0.137125
0.139043
0.148995
0.118379
0.132319
0.144711
0.155521
0.162864
0.157591
0.160302
0.143290
0.156912
0.154120
0.152160
0.159180
0.155651
0.130205
0.086665
0.095756
0.110075
0.109187
0.080566
0.070263
0.063766
0.067622
0.071640
0.055835
0.056703
0.073436
0.049800
0.052197
0.056252
0.063600
0.056370
0.056218
0.057595
0.056404
0.056205
0.060769
0.045295
0.044230
0.052959
0.092813
0.056419
0.058365
0.065965
0.097831
0.070793
0.062911
0.069600
0.168601
0.072879
0.120091
0.118274
0.180506
0.102313
0.132049
0.160163
0.190997
0.182213
0.152416
0.221279
0.284697
0.211227
0.382261
0.244651
0.254255
0.254054
0.213904
0.204409
0.198100
0.205985
0.210227
0.262086
0.450474
0.459917
0.455067
0.458879
0.451448
0.456318
0.480330
0.472934
0.467996
0.443233
0.450689
0.475524
0.468263
0.461828
0.479802
0.430525
0.419350
0.358566
0.372710
0.381848
0.413015
0.403515
0.402669
0.453471
0.459003
0.467058
0.475948
0.463154
0.470852
0.316731
0.441560
0.418939
0.337571
0.291509
0.437897
0.460135
0.407168
0.334362
0.373921
0.436365
0.436366
0.401150
0.372221
0.280223
0.295201
0.416168
0.411688
0.290411
0.448270
0.427036
0.434151
0.307049
0.300210
0.297836
0.366194
0.367614
0.390013
0.412008
0.455111
0.383688
0.444965
0.331301
0.390360
0.391920
0.434129
0.357908
0.438744
0.438151
0.451853
0.444178
0.434080
0.303908
0.323821
0.302331
0.400915
0.456187
0.447769
0.432311
0.456265
0.462357
0.455404
0.455016
0.467474
0.468543
0.469815
0.451830
0.450814
0.459626
0.434224
0.422668
0.431653
0.419251
0.414478
0.453828
0.450398
0.410917
0.463746
0.422477
0.402993
0.469758
0.470932
0.395602
0.373388
0.367743
0.411802
0.430736
0.452624
0.463775
0.445136
0.455843
0.458959
0.443117
0.464657
0.394439
0.419028
0.372525
0.446668
0.465202
0.452891
0.455521
0.444961
0.448504
0.450777
0.449444
0.429747
0.455125
0.434302
0.458382
0.446179
0.457797
0.445745
0.454587
0.428375
0.445436
0.394752
0.455430
0.442847
0.454523
0.462260
0.471945
0.432168
0.453645
0.435106
0.386700
0.413531
0.420384
0.471685
0.467944
0.463803
0.470696
0.428018
0.452204
0.445956
0.442483
0.346891
0.380248
0.329472
0.398815
0.434399
0.359492
0.390441
0.353253
0.213771
0.364644
0.203989
0.226949
0.135251
0.164590
0.125295
0.125518
0.109407
0.113264
0.099334
0.112303
0.107399
0.106830
0.159213
0.110839
0.222803
0.145342
0.116869
0.100416
0.069002
0.076207
0.076003
0.081191
0.090574
0.099403
0.099250
0.285903
0.072743
0.048072
0.039306
0.276041
0.058720
0.052706
0.046369
0.046263
0.037970
0.039749
0.199188
0.319070
0.072250
0.293263
0.108507
0.370790
0.127215
0.048079
0.067138
0.072492
0.088821
0.139850
0.164304
0.136912
0.252889
0.292250
0.209148
0.147684
0.152075
0.159240
0.127000
0.191728
0.046779
0.054927
0.068047
0.050608
0.145742
0.053290
0.055103
0.110207
0.066017
0.045861
0.316645
0.313878
0.167325
0.262229
0.181782
0.381667
0.249922
0.339684
0.255535
0.261696
0.417447
0.406072
0.387831
0.390049
0.366164
0.371501
0.302036
0.329654
0.415961
0.366741
0.372579
0.342876
0.192639
0.180813
0.162217
0.202604
0.242553
0.175502
0.201189
0.250052
0.213039
0.169385
0.193117
0.345881
0.206085
0.229880
0.325507
0.272224
0.293719
0.313685
0.299549
0.196662
0.115004
0.079729
0.135674
0.131176
0.036981
0.024200
0.049663
0.227219
0.243896
0.251569
0.091907
0.115205
0.114753
0.329442
0.178850
0.115532
0.082718
0.066424
0.058388
0.031427
0.021493
0.038595
0.027346
0.016801
0.023594
0.133285
0.104862
0.119760
0.032510
0.131883
0.216208
0.036836
0.077952
0.150151
0.178922
0.253138
0.113153
0.108977
0.118757
0.110487
0.133764
0.167369
0.145583
0.150545
0.106774
0.155762
0.109321
0.127618
0.109048
0.138895
0.175171
0.182872
0.142804
0.193237
0.191204
0.108466
0.148509
0.178528
0.187445
0.215501
0.227367
0.202804
0.264752
0.189090
0.171072
0.181043
0.118576
0.125549
0.134039
0.127950
0.131344
0.177310
0.234795
0.173733
0.265406
0.282021
0.197513
0.182241
0.157103
0.145672
0.122981
0.280670
0.209355
0.305228
0.221661
0.251850
0.270792
0.204494
0.140963
0.330980
0.377849
0.209536
0.061915
0.055195
0.255996
0.036604
0.053290
0.233048
0.055219
0.056435
0.100568
0.094460
0.117767
0.103976
0.200185
0.141231
0.155300
0.140705
0.121677
0.117858
0.183140
0.184097
0.169713
0.162320
0.151861
0.129936
0.075168
0.134485
0.117033
0.318547
0.236053
0.178608
0.265811
0.253316
0.163558
0.322213
0.176597
0.212344
0.212703
0.220278
0.203267
0.216469
0.251047
0.217072
0.204653
0.224978
0.238514
0.190752
0.196049
0.161043
0.131244
0.114606
0.104371
0.151234
0.190568
0.118046
0.131588
0.224081
0.256400
0.180605
0.375184
0.400683
0.257081
0.391638
0.382257
0.338703
0.309517
0.214101
0.246357
0.191346
0.146284
0.153103
0.147672
0.131956
0.246668
0.112232
0.178195
0.172221
0.135656
0.190803
0.228293
0.423453
0.387343
0.387674
0.255385
0.227672
0.212167
0.127205
0.175575
0.140711
0.120512
0.175094
0.204577
0.219766
0.322401
0.293487
0.324253
0.333125
0.248759
0.163043
0.294906
0.175282
0.256061
0.129042
0.144612
0.107599
0.094480
0.113191
0.093822
0.255888
0.156049
0.306026
0.209054
0.144684
0.194029
0.160859
0.153183
0.162274
0.171724
0.111884
0.115358
0.092932
0.135832
0.117352
0.112721
0.062323
0.084446
0.068978
0.067087
0.118391
0.076936
0.064763
0.088390
0.142383
0.096696
0.166015
0.222649
0.314662
0.175712
0.317901
0.200820
0.226647
0.185819
0.116871
0.137326
0.150977
0.158689
0.196665
0.146192
0.126181
0.110556
0.148634
0.133647
0.165773
0.133178
0.126467
0.124384
0.122152
0.143490
0.141619
0.276392
0.182641
0.222590
0.265175
0.275432
0.240046
0.258545
0.373017
0.444682
0.460516
0.442718
0.449839
0.456472
0.461028
0.452879
0.453323
0.280262
0.360315
0.354654
0.417414
0.420983
0.349634
0.415957
0.242233
0.207283
0.236135
0.334038
0.391669
0.251686
0.295156
0.204454
0.172534
0.128128
0.244129
0.233052
0.089955
0.103882
0.077587
0.205222
0.141863
0.299136
0.262836
0.132686
0.288595
0.424471
0.448720
0.433340
0.369109
0.455216
0.435791
0.435026
0.434204
0.424311
0.294456
0.431244
0.457406
0.434125
0.429453
0.433782
0.457393
0.435124
0.428330
0.464412
0.450012
0.476061
0.469115
0.448949
0.445407
0.199982
0.169348
0.091987
0.075755
0.064012
0.144105
0.191878
0.164389
0.153712
0.209588
0.218220
0.218950
0.214479
0.185814
0.193797
0.167500
0.148616
0.132287
0.091861
0.129017
0.120616
0.124542
0.138240
0.162147
0.171352
0.203439
0.183869
0.196351
0.199207
0.245605
0.401240
0.404984
0.366702
0.348742
0.399174
0.275251
0.308960
0.269843
0.320301
0.295600
0.225112
0.161227
0.183976
0.200535
0.257385
0.195833
0.181438
0.293496
0.261443
0.349179
0.297588
0.353986
0.305931
0.424742
0.231416
0.251560
0.235462
0.193109
0.250026
0.262706
0.195165
0.366008
0.347045
0.375829
0.372622
0.305746
0.456536
0.436252
0.465087
0.465212
0.372830
0.431981
0.377654
0.356604
0.453462
0.460459
0.338004
0.424380
0.339134
0.406908
0.418838
0.443129
0.436331
0.424476
0.456768
0.478234
0.479976
0.429953
0.416761
0.394055
0.333896
0.374140
0.372596
0.382182
0.251517
0.380703
0.375862
0.413396
0.425707
0.311791
0.218877
0.224308
0.168454
0.175715
0.174864
0.315010
0.221600
0.329501
0.237059
0.297650
0.369468
0.321536
0.224151
0.257676
0.228253
0.245331
0.193966
0.319160
0.254497
0.185800
0.172413
0.257008
0.277985
0.128164
0.151518
0.241459
0.265234
0.157971
0.238581
0.122058
0.108596
0.129523
0.127852
0.248343
0.237157
0.138062
0.121218
0.168260
0.253706
0.248448
0.157030
0.223772
0.339220
0.240614
0.339817
0.443284
0.407004
0.443631
0.470564
0.473545
0.458193
0.465849
0.448726
0.410695
0.459525
0.475120
0.473863
0.482190
0.427732
0.389703
0.366312
0.446855
0.376875
0.371145
0.396751
0.360774
0.430685
0.310592
0.335545
0.285589
0.360402
0.332410
0.330493
0.286936
0.306080
0.339745
0.227287
0.322680
0.362499
0.369663
0.303678
0.325023
0.375620
0.357803
0.319600
0.443002
0.433723
0.460989
0.469115
0.457777
0.470779
0.472932
0.465140
0.476229
0.470856
0.489523
0.477541
0.486927
0.491251
0.486175
0.503639
0.498866
0.501016
0.503975
0.404751
0.432086
0.428051
0.450967
0.459136
0.437897
0.442468
0.441783
0.382395
0.349083
0.389757
0.375701
0.366873
0.390278
0.378946
0.335611
0.367449
0.366936
0.321778
0.299641
0.384018
0.365741
0.376499
0.354959
0.377784
0.384116
0.373282
0.385289
0.361537
0.384340
0.383186
0.379612
0.370766
0.373500
0.299419
0.291499
0.280203
0.296492
0.287113
0.280350
0.377574
0.373553
0.391591
0.401998
0.388997
0.306493
0.307045
0.333673
0.330344
0.354577
0.433312
0.444497
0.385139
0.377777
0.346558
0.375461
0.384769
0.338617
0.499950
0.490406
0.501499
0.482921
0.477338
0.449118
0.482604
0.472611
0.495262
0.478008
0.478534
0.490466
0.473754
0.486874
0.302798
0.451439
0.515266
0.506072
0.487857
0.466941
0.486738
0.449787
0.468196
0.479254
0.444918
0.440488
0.380680
0.266662
0.421345
0.364576
0.391381
0.289842
0.253557
0.322558
0.376832
0.361696
0.321241
0.356156
0.195808
0.264800
0.352655
0.379166
0.363821
0.371053
0.353522
0.366751
0.361940
0.265787
0.312762
0.261031
0.238074
0.225086
0.235539
0.119327
0.238853
0.388450
0.391226
0.393135
0.394136
0.324435
0.337260
0.305906
0.348892
0.318027
0.366178
0.336946
0.337920
0.300046
0.226302
0.271314
0.432867
0.421379
0.366224
0.362342
0.401556
0.383181
0.492054
0.476294
0.505828
0.502644
0.483938
0.498493
0.468349
0.463898
0.430333
0.159909
0.129141
0.119644
0.181758
0.238449
0.319041
0.266274
0.320550
0.315461
0.296745
0.261141
0.129949
0.144735
0.158176
0.177769
0.193999
0.269959
0.280461
0.251323
0.188816
0.276396
0.198555
0.171277
0.126593
0.109380
0.061230
0.079838
0.106034
0.149351
0.392207
0.420039
0.394958
0.399446
0.399111
0.420451
0.421771
0.413462
0.279628
0.392540
0.357531
0.401706
0.379996
0.377603
0.348440
0.313670
0.312588
0.313923
0.350303
0.174542
0.173582
0.228945
0.309550
0.237709
0.202622
0.361400
0.379257
0.440877
0.451634
0.462392
0.459078
0.433561
0.419770
0.459606
0.464197
0.453594
0.472265
0.384443
0.424032
0.368526
0.255328
0.308142
0.185604
0.100270
0.137382
0.183869
0.149354
0.162437
0.197681
0.322904
0.275567
0.318934
0.228425
0.289265
0.337638
0.381596
0.391902
0.460968
0.462132
0.452288
0.356162
0.416167
0.291471
0.264779
0.380416
0.385522
0.264707
0.398473
0.401296
0.341848
0.241295
0.184706
0.233932
0.189859
0.239368
0.181427
0.122373
0.237332
0.318445
0.378350
0.447852
0.423669
0.425571
0.457554
0.534244
0.555285
0.519779
0.522788
0.495991
0.510312
0.533589
0.514728
0.516009
0.511720
0.488943
0.506996
0.455474
0.453025
0.437752
0.453459
0.491897
0.467750
0.491967
0.470852
0.472635
0.511688
0.524461
0.511270
0.489827
0.479488
0.502010
0.432067
0.501685
0.503660
0.493603
0.488632
0.495473
0.417433
0.459950
0.459168
0.510983
0.511297
0.536135
0.506782
0.468340
0.488144
0.474722
0.497664
0.477903
0.497352
0.506616
0.490285
0.515911
0.534609
0.513403
0.484716
0.501630
0.507236
0.506426
0.515215
0.494948
0.502641
0.519814
0.522005
0.533493
0.525790
0.534596
0.528540
0.532363
0.522373
0.498008
0.512857
0.514432
0.466808
0.475821
0.464285
0.489618
0.458677
0.466046
0.476822
0.473110
0.491220
0.471723
0.484265
0.487071
0.475576
0.484087
0.496120
0.502789
0.486145
0.509888
0.510596
0.470081
0.519190
0.518821
0.508548
0.523725
0.516535
0.522934
0.519599
0.520957
0.517014
0.501509
0.516178
0.513629
0.521896
0.526922
0.514805
0.514822
0.517067
0.520350
0.525532
0.522730
0.511210
0.483913
0.437879
0.460624
0.478830
0.438746
0.464025
0.485457
0.472209
0.464953
0.423868
0.462912
0.496891
0.468807
0.490229
0.529717
0.518249
0.489634
0.460604
0.435887
0.467343
0.399521
0.497263
0.490770
0.381474
0.425455
0.364814
0.486468
0.481494
0.499334
0.520435
0.503938
0.493429
0.224049
0.168983
0.287852
0.308180
0.286174
0.547582
0.521975
0.494688
0.429967
0.465568
0.360680
0.467913
0.286686
0.309787
0.240835
0.266871
0.317593
0.253007
0.235789
0.209374
0.212598
0.296679
0.267017
0.256467
0.235563
0.289689
0.392684
0.303740
0.384203
0.273573
0.264867
0.304957
0.401844
0.287062
0.271199
0.381061
0.291226
0.292719
0.250706
0.218112
0.157819
0.300754
0.304221
0.289927
0.467996
0.435560
0.235244
0.100481
0.234532
0.108062
0.111358
0.065778
0.090942
0.070799
0.078948
0.122536
0.070581
0.149067
0.092185
0.100573
0.099460
0.155547
0.080398
0.233086
0.116050
0.080104
0.096101
0.183438
0.229534
0.238099
0.187883
0.253112
0.179024
0.144232
0.284321
0.136389
0.145604
0.262172
0.153628
0.299482
0.145517
0.425065
0.369581
0.334132
0.355211
0.408833
0.596569
0.612935
0.518383
0.632411
0.470993
0.532072
0.520646
0.633753
0.580682
0.535816
0.641854
0.600786
0.591308
0.594017
0.618197
0.606604
0.647948
0.612117
0.633913
0.586163
0.622070
0.632399
0.681757
0.577367
0.703052
0.669823
0.582868
0.682256
0.557727
0.644605
0.537852
0.595602
0.622291
0.540356
0.669152
0.535195
0.617161
0.602987
0.544401
0.527623
0.620909
0.591620
0.616618
0.605564
0.689952
0.683004
0.596900
0.631429
0.674487
0.599809
0.623241
0.511498
0.619660
0.574750
0.603329
0.601755
0.645809
0.657035
0.596404
0.617948
0.470813
0.455533
0.450224
0.425730
0.550281
0.541940
0.423443
0.431304
0.415685
0.386830
0.419556
0.533640
0.620087
0.431376
0.418192
0.349492
0.357333
0.350725
0.287694
0.361838
0.643445
0.630212
0.721288
0.594119
0.600274
0.639091
0.663815
0.568349
0.620412
0.601355
0.624045
0.675893
0.598836
0.583797
0.613799
0.591175
0.626294
0.668056
0.620775
0.599328
0.665604
0.683590
0.718538
0.636378
0.689149
0.593817
0.485595
0.447455
0.419046
0.432654
0.393763
0.374306
0.434259
0.450115
0.438136
0.443392
0.483957
0.469702
0.475695
0.485782
0.462065
0.465316
0.465664
0.443367
0.433949
0.462235
0.483595
0.506682
0.468720
0.473248
0.473276
0.377548
0.352450
0.320141
0.429947
0.405733
0.340917
0.429139
0.369582
0.443381
0.397374
0.370298
0.427513
0.437776
0.453202
0.322417
0.431114
0.400485
0.360028
0.378665
0.313920
0.334973
0.261468
0.339365
0.312843
0.431754
0.412270
0.478671
0.442521
0.377395
0.359291
0.445565
0.356392
0.414754
0.472046
0.406339
0.450046
0.287594
0.197596
0.187939
0.242633
0.179444
0.185982
0.168333
0.225702
0.184090
0.180418
0.108280
0.145159
0.098593
0.160693
0.120550
0.176098
0.100605
0.114437
0.134387
0.304087
0.375466
0.433781
0.425574
0.417947
0.380913
0.342850
0.386923
0.342334
0.321647
0.216428
0.256544
0.290309
0.267435
0.449822
0.407550
0.485582
0.406875
0.496335
0.479803
0.472082
0.394810
0.389699
0.441400
0.344213
0.477079
0.478402
0.319043
0.241007
0.258451
0.307453
0.256923
0.232053
0.229138
0.331222
0.329804
0.276242
0.340955
0.340495
0.275435
0.227027
0.200538
0.218234
0.216782
0.296748
0.446243
0.363384
0.358477
0.391835
0.282093
0.343262
0.322578
0.267600
0.289856
0.205599
0.205104
0.235248
0.198532
0.151236
0.175058
0.165555
0.209821
0.162168
0.189305
0.237056
0.185817
0.193963
0.171786
0.330158
0.261823
0.212962
0.160679
0.198533
0.196121
0.300980
0.336660
0.272671
0.419555
0.391525
0.182755
0.284934
0.186680
0.150339
0.190947
0.412133
0.368046
0.326557
0.367643
0.341558
0.253677
0.272738
0.405287
0.282882
0.352454
0.390340
0.357037
0.348710
0.320156
0.363832
0.300199
0.305022
0.243098
0.197429
0.253497
0.219045
0.271092
0.352807
0.364669
0.352744
0.443281
0.450780
0.367581
0.461437
0.418143
0.441738
0.398765
0.331498
0.402864
0.466326
0.338634
0.359755
0.252828
0.301927
0.208978
0.225271
0.147999
0.104917
0.129049
0.116602
0.176441
0.396262
0.304350
0.398139
0.447298
0.301175
0.298955
0.300543
0.336490
0.438321
0.256260
0.373155
0.277682
0.231214
0.187538
0.133009
0.333876
0.412281
0.222636
0.252376
0.412521
0.305592
0.269056
0.338191
0.441930
0.352077
0.462975
0.453878
0.422398
0.348100
0.356451
0.322626
0.240576
0.346583
0.247320
0.145838
0.361926
0.266652
0.190437
0.264618
0.398328
0.246239
0.098042
0.073578
0.079011
0.125455
0.228489
0.377989
0.206650
0.146749
0.222476
0.155889
0.131594
0.295713
0.229145
0.273950
0.140091
0.153534
0.134363
0.419594
0.377569
0.194984
0.268261
0.210228
0.175408
0.332412
0.384786
0.425420
0.409873
0.409664
0.387922
0.151007
0.131586
0.109676
0.107291
0.093891
0.082107
0.101307
0.079777
0.076758
0.144280
0.079193
0.100545
0.083628
0.116515
0.139663
0.207772
0.211864
0.262524
0.213511
0.228391
0.218086
0.333087
0.206703
0.175311
0.182436
0.179068
0.295629
0.425970
0.480345
0.438819
0.456253
0.465795
0.443962
0.385060
0.461351
0.445854
0.373047
0.334513
0.391956
0.328280
0.467220
0.437777
0.444775
0.409133
0.368810
0.411825
0.446705
0.460678
0.481168
0.446849
0.464919
0.476240
0.453249
0.460543
0.469215
0.449952
0.461503
0.445099
0.457988
0.429085
0.381545
0.413727
0.373000
0.408734
0.252990
0.255075
0.410989
0.411441
0.333424
0.430505
0.438027
0.456314
0.467687
0.423827
0.423632
0.364596
0.409178
0.428177
0.287225
0.240270
0.358327
0.346628
0.153333
0.164913
0.178891
0.166140
0.216858
0.167780
0.173916
0.297267
0.201687
0.361053
0.323406
0.246296
0.307344
0.403089
0.420998
0.377323
0.352712
0.414891
0.352209
0.333405
0.345065
0.312688
0.360982
0.313431
0.318654
0.435154
0.454828
0.412096
0.468991
0.474616
0.450706
0.470035
0.418488
0.419419
0.422223
0.351117
0.480160
0.464741
0.466859
0.459986
0.442314
0.464106
0.491750
0.440333
0.496232
0.430102
0.438068
0.409264
0.468986
0.444546
0.381019
0.324695
0.282010
0.276376
0.300377
0.236574
0.414267
0.328740
0.387967
0.301854
0.290836
0.261830
0.309741
0.303073
0.297067
0.284908
0.224605
0.239111
0.237988
0.227200
0.316028
0.314319
0.260780
0.282611
0.308386
0.281857
0.303985
0.345053
0.348129
0.345686
0.332884
0.312576
0.294432
0.334630
0.273330
0.239481
0.243443
0.339313
0.309124
0.285558
0.246275
0.259341
0.225988
0.225400
0.301683
0.296192
0.261886
0.202979
0.326675
0.337725
0.558588
0.490131
0.513623
0.584782
0.527848
0.654475
0.541353
0.581329
0.547606
0.577176
0.564575
0.583992
0.553421
0.568056
0.541310
0.546772
0.536604
0.607101
0.552586
0.589653
0.563945
0.587170
0.627581
0.587132
0.645499
0.576893
0.604497
0.623797
0.596606
0.624724
0.625904
0.611571
0.576229
0.582205
0.628994
0.625539
0.570468
0.631967
0.644593
0.627256
0.583073
0.634559
0.595905
0.669774
0.616944
0.591516
0.597095
0.613750
0.587279
0.579489
0.594671
0.623226
0.657433
0.521939
0.619318
0.558523
0.526125
0.614623
0.598996
0.486864
0.515800
0.593531
0.601708
0.586899
0.465473
0.599229
0.626306
0.576363
0.607191
0.594902
0.600189
0.583206
0.486597
0.520170
0.599226
0.465029
0.686335
0.687154
0.516144
0.624929
0.414406
0.509569
0.604688
0.605841
0.593529
0.458842
0.499032
0.295234
0.397040
0.486111
0.449720
0.540027
0.509452
0.450346
0.583345
0.568295
0.536254
0.548532
0.524151
0.473172
0.384248
0.339709
0.440012
0.447845
0.581277
0.392179
0.369172
0.515924
0.502561
0.554320
0.535435
0.472220
0.567107
0.554241
0.458296
0.500142
0.481442
0.506614
0.642082
0.450060
0.591808
0.575697
0.499033
0.355138
0.427929
0.376502
0.441653
0.442380
0.212858
0.229423
0.154074
0.190615
0.136085
0.192252
0.220422
0.175343
0.455327
0.383255
0.264440
0.242095
0.305688
0.396487
0.269798
0.121684
0.186123
0.281259
0.181302
0.398197
0.480583
0.469503
0.435005
0.431152
0.464384
0.420772
0.344950
0.420185
0.261207
0.201318
0.268240
0.163738
0.228329
0.172981
0.363624
0.461099
0.470636
0.510895
0.470511
0.533779
0.514160
0.453080
0.502509
0.485617
0.582794
0.442783
0.388418
0.262052
0.226390
0.262895
0.349219
0.429328
0.488245
0.296199
0.449705
0.414035
0.501012
0.505102
0.482357
0.412693
0.457494
0.483247
0.442077
0.471507
0.487331
0.431591
0.498806
0.424173
0.400758
0.407885
0.482070
0.386068
0.456306
0.383879
0.260479
0.350110
0.207512
0.343222
0.297468
0.296819
0.409167
0.364192
0.345651
0.364863
0.377416
0.353704
0.364956
0.295642
0.288995
0.348265
0.358360
0.338296
0.339791
0.323056
0.335965
0.354948
0.351593
0.358882
0.398554
0.428747
0.339042
0.326336
0.357450
0.362912
0.318399
0.343386
0.364526
0.292856
0.240308
0.256687
0.348423
0.372720
0.437371
0.441897
0.343048
0.431347
0.495059
0.503241
0.463473
0.423595
0.441268
0.473615
0.454879
0.387872
0.445237
0.489368
0.442709
0.432766
0.411909
0.382760
0.428096
0.384813
0.299730
0.347839
0.430754
0.409846
0.376696
0.417593
0.421179
0.362383
0.363993
0.453625
0.381007
0.365015
0.373070
0.373117
0.443538
0.439161
0.414781
0.359559
0.409155
0.363756
0.415140
0.418672
0.425916
0.350409
0.450453
0.301274
0.332120
0.286343
0.296399
0.317414
0.364859
0.367267
0.364557
0.325824
0.379433
0.350753
0.311268
0.318871
0.344985
0.330541
0.318321
0.329883
0.330548
0.311081
0.271786
0.263799
0.279800
0.275612
0.335309
0.379182
0.414212
0.341505
0.418895
0.438893
0.420880
0.425339
0.419888
0.430334
0.454925
0.424602
0.411972
0.451551
0.410934
0.486592
0.466365
0.448091
0.422106
0.446802
0.413902
0.306195
0.363812
0.336181
0.349742
0.451038
0.404923
0.439535
0.383913
0.277189
0.271692
0.269174
0.273268
0.270828
0.295193
0.280040
0.322139
0.260861
0.235046
0.226541
0.334870
0.274795
0.262781
0.306709
0.348727
0.321949
0.279121
0.376535
0.334802
0.288806
0.317400
0.316477
0.291571
0.312074
0.313734
0.396998
0.423628
0.457603
0.307939
0.349383
0.454687
0.456130
0.435945
0.429231
0.373347
0.390126
0.461069
0.441099
0.371641
0.437085
0.357861
0.441090
0.335020
0.345998
0.363497
0.430039
0.436988
0.409332
0.383259
0.358644
0.468383
0.398216
0.284978
0.267209
0.260069
0.223907
0.211776
0.239791
0.204329
0.233694
0.152603
0.159391
0.244783
0.177287
0.275928
0.282289
0.306785
0.350403
0.377201
0.322239
0.423271
0.366858
0.445519
0.314694
0.257982
0.260263
0.286356
0.430947
0.335655
0.299901
0.348323
0.345053
0.244614
0.276860
0.392982
0.417339
0.272865
0.261252
0.280104
0.419359
0.366186
0.437722
0.388306
0.251836
0.300573
0.277053
0.380183
0.322040
0.312301
0.268556
0.408275
0.337605
0.407465
0.273844
0.278227
0.252944
0.254493
0.204930
0.140534
0.167739
0.140285
0.430855
0.451635
0.426532
0.473463
0.475226
0.483169
0.473251
0.333990
0.333508
0.133808
0.173026
0.154784
0.331858
0.379630
0.242919
0.293238
0.100372
0.078900
0.071526
0.086225
0.101594
0.249046
0.249195
0.220207
0.271878
0.272320
0.467684
0.370101
0.418475
0.475428
0.479022
0.504088
0.531390
0.559569
0.493712
0.486083
0.472351
0.493450
0.483499
0.625913
0.604417
0.645637
0.632272
0.669809
0.684454
0.679882
0.759318
0.668152
0.707316
0.701640
0.502317
0.596504
0.533354
0.578932
0.564924
0.507200
0.505028
0.488416
0.530268
0.587965
0.586287
0.612197
0.566056
0.656288
0.700746
0.566893
0.718083
0.722616
0.607732
0.681084
0.637360
0.563773
0.628105
0.562458
0.569373
0.682258
0.626821
0.680278
0.647112
0.736290
0.686707
0.569105
0.587277
0.607586
0.628782
0.551378
0.568384
0.554915
0.654770
0.568389
0.484017
0.476610
0.470630
0.578054
0.510993
0.596745
0.575555
0.575863
0.471084
0.450619
0.488942
0.470075
0.453412
0.467515
0.463720
0.469368
0.463250
0.441084
0.460888
0.443653
0.449434
0.466077
0.450646
0.392361
0.365804
0.429580
0.370684
0.440221
0.470465
0.411624
0.412396
0.477299
0.473215
0.479950
0.488923
0.497744
0.472058
0.383948
0.513330
0.500778
0.359458
0.380000
0.301732
0.315011
0.355154
0.396080
0.460343
0.448669
0.463679
0.489227
0.404411
0.403956
0.370198
0.361790
0.365712
0.410805
0.381329
0.328172
0.369012
0.437953
0.424461
0.386453
0.492101
0.474888
0.483681
0.492177
0.501070
0.488422
0.450235
0.445191
0.378008
0.444375
0.354391
0.367376
0.313133
0.362667
0.381682
0.396128
0.341583
0.384963
0.429664
0.501567
0.309048
0.367676
0.475086
0.457364
0.414695
0.456075
0.488539
0.466747
0.404601
0.339787
0.281529
0.359022
0.466635
0.499821
0.497006
0.475427
0.438218
0.449336
0.426487
0.466987
0.461391
0.435883
0.387298
0.405134
0.397891
0.415649
0.394073
0.402348
0.475979
0.489276
0.489594
0.482207
0.481598
0.462791
0.471798
0.499196
0.403973
0.451714
0.399737
0.443936
0.442355
0.466499
0.401151
0.412287
0.489321
0.476129
0.483145
0.473983
0.493064
0.488940
0.487439
0.488896
0.479331
0.481067
0.484211
0.490099
0.481831
0.502302
0.499847
0.492477
0.505347
0.513529
0.501492
0.461648
0.497867
0.485883
0.499142
0.494323
0.491903
0.391511
0.425916
0.383638
0.400527
0.399951
0.385284
0.388158
0.380695
0.391561
0.385332
0.321446
0.391701
0.342172
0.378626
0.369685
0.383976
0.405933
0.441088
0.464198
0.466928
0.461102
0.455503
0.507983
0.476832
0.486780
0.476934
0.460167
0.477859
0.477939
0.472512
0.499271
0.487078
0.501226
0.495081
0.477174
0.486661
0.505020
0.428548
0.402458
0.385399
0.492861
0.484113
0.509122
0.491198
0.505386
0.486818
0.493730
0.503744
0.505120
0.416567
0.400320
0.413228
0.445939
0.480567
0.480496
0.451126
0.477300
0.464569
0.444075
0.486592
0.414207
0.409654
0.329806
0.292059
0.290153
0.406953
0.401143
0.359799
0.402599
0.277788
0.376075
0.276350
0.408980
0.397252
0.391257
0.472120
0.425030
0.401104
0.365869
0.404887
0.392655
0.459299
0.460684
0.470348
0.463777
0.483701
0.502560
0.461707
0.485655
0.483125
0.495649
0.499591
0.455075
0.353729
0.450492
0.503426
0.500539
0.397468
0.372166
0.431334
0.432223
0.495635
0.481973
0.405131
0.399265
0.399274
0.455059
0.475555
0.456070
0.442346
0.628072
0.755294
0.690584
0.671739
0.578300
0.656042
0.662880
0.604873
0.620905
0.731446
0.659386
0.705201
0.670830
0.680882
0.666128
0.632330
0.803294
0.748027
0.698804
0.648114
0.846929
0.715512
0.756121
0.618384
0.780295
0.585274
0.675912
0.708241
0.683540
0.714223
0.695372
0.764218
0.733764
0.674083
0.626730
0.677028
0.637958
0.704227
0.679595
0.772092
0.789014
0.698438
0.818304
0.756590
0.850615
0.853658
0.732838
0.720541
0.539155
0.684200
0.655193
0.672811
0.694629
0.656901
0.732651
0.733796
0.721316
0.678891
0.699849
0.553234
0.535989
0.707358
0.716697
0.506538
0.566615
0.516103
0.533082
0.522380
0.528665
0.613468
0.548170
0.568976
0.653196
0.511684
0.487923
0.480745
0.432919
0.505344
0.491145
0.535366
0.420056
0.540949
0.589780
0.511735
0.811378
0.856253
0.886356
0.964563
0.934301
1.000000
0.956469
0.678024
0.728486
0.849930
0.698018
0.686008
0.712348
0.760735
0.675741
0.586517
0.734955
0.717331
0.661972
0.665009
0.631993
0.587001
0.591412
0.605144
0.667285
0.629683
0.653069
0.695611
0.644693
0.641132
0.604627
0.586868
0.852837
0.693947
0.676877
0.671853
0.690433
0.919037
0.945371
0.944543
0.806838
0.964137
0.656680
0.628853
0.541193
0.454431
0.499126
0.552354
0.483220
0.576275
0.463907
0.471476
0.466482
0.485301
0.488887
0.482888
0.386905
0.414798
0.428257
0.426080
0.429067
0.431477
0.369820
0.446241
0.418831
0.448641
0.403076
0.498923
0.408718
0.473055
0.391186
0.453710
0.384538
0.403551
0.409413
0.440287
0.447714
0.455673
0.435968
0.421227
0.379233
0.368281
0.412391
0.416268
0.446083
0.386884
0.458182
0.400075
0.463830
0.458013
0.485187
0.383831
0.463507
0.500441
0.438350
0.404192
0.431048
0.358841
0.300309
0.278563
0.434075
0.451769
0.487556
0.500921
0.417364
0.357732
0.337974
0.321940
0.326144
0.335077
0.402884
0.318667
0.313091
0.323371
0.262291
0.305196
0.367431
0.242597
0.297313
0.267072
0.308257
0.345860
0.273014
0.233983
0.420176
0.434642
0.467008
0.446474
0.485038
0.483954
0.477858
0.331892
0.374551
0.417329
0.451025
0.429569
0.485716
0.411017
0.455774
0.489786
0.467766
0.454236
0.474347
0.352791
0.400395
0.267514
0.253605
0.221873
0.209312
0.235036
0.209968
0.252517
0.177434
0.162471
0.181626
0.178854
0.205366
0.189074
0.209125
0.280122
0.236013
0.221551
0.200329
0.243091
0.251623
0.218350
0.379899
0.367620
0.358040
0.357576
0.340807
0.390333
0.321527
0.338821
0.385983
0.359187
0.381830
0.339361
0.344694
0.351327
0.195302
0.160596
0.202841
0.203579
0.258088
0.196298
0.241739
0.328341
0.209219
0.262188
0.218670
0.331635
0.323482
0.232377
0.179222
0.252629
0.171523
0.247084
0.302047
0.179098
0.228876
0.329564
0.401606
0.338906
0.351274
0.378024
0.316134
0.299130
0.324740
0.393087
0.541737
0.467187
0.471318
0.446535
0.473132
0.472570
0.486389
0.481455
0.449617
0.456469
0.437338
0.523700
0.365046
0.391642
0.290292
0.321281
0.305592
0.346310
0.304161
0.358248
0.433939
0.429004
0.421025
0.430707
0.465015
0.435253
0.447684
0.463904
0.416898
0.443899
0.444217
0.426035
0.260048
0.179911
0.303103
0.183485
0.158100
0.282133
0.277936
0.525388
0.514592
0.476657
0.448809
0.431157
0.437226
0.227392
0.361926
0.296542
0.393804
0.440000
0.363396
0.326538
0.306495
0.346607
0.411969
0.367812
0.454675
0.403053
0.282817
0.262082
0.395815
0.314755
0.283226
0.339685
0.266383
0.167826
0.172200
0.228007
0.320814
0.337385
0.306572
0.415549
0.474860
0.399879
0.447267
0.266891
0.376088
0.177794
0.267554
0.310122
0.430439
0.452559
0.394649
0.436521
0.442229
0.458896
0.411914
0.334561
0.339539
0.384898
0.357738
0.410487
0.314515
0.304826
0.335218
0.348827
0.327465
0.335586
0.319129
0.338490
0.325521
0.295923
0.345055
0.403102
0.272396
0.245392
0.308206
0.204926
0.166543
0.202019
0.179102
0.181911
0.384219
0.311268
0.415520
0.282333
0.277216
0.261583
0.268472
0.282962
0.347288
0.391433
0.325411
0.369304
0.412355
0.203111
0.143792
0.166929
0.106584
0.095416
0.094968
0.133502
0.144012
0.114312
0.229382
0.235200
0.451293
0.439301
0.420529
0.452365
0.440575
0.184364
0.178878
0.143864
0.158813
0.144535
0.113140
0.127761
0.166491
0.142349
0.118891
0.113964
0.136335
0.151267
0.311459
0.290052
0.291245
0.309004
0.293114
0.316121
0.223199
0.172422
0.217840
0.173066
0.122617
0.116874
0.167737
0.135276
0.184629
0.470508
0.460340
0.445953
0.467402
0.470776
0.466489
0.469213
0.471573
0.466743
0.445688
0.441543
0.469705
0.470019
0.417574
0.372450
0.400505
0.425554
0.412667
0.391893
0.454238
0.464572
0.422255
0.495872
0.366317
0.466452
0.414015
0.488768
0.443558
0.445020
0.400948
0.453020
0.477367
0.465049
0.387294
0.286876
0.303153
0.377921
0.491013
0.447541
0.512594
0.388474
0.430505
0.392128
0.472777
0.455950
0.445238
0.459591
0.425863
0.466061
0.457805
0.443655
0.469216
0.302521
0.404191
0.375061
0.281059
0.456777
0.367422
0.212781
0.176297
0.229236
0.236165
0.212813
0.141946
0.311336
0.235697
0.345465
0.299328
0.239539
0.197565
0.344206
0.288915
0.330902
0.279568
0.274949
0.289502
0.339282
0.305224
0.313103
0.300344
0.312104
0.294133
0.364176
0.366389
0.356806
0.268070
0.326424
0.329597
0.253042
0.346880
0.347179
0.337293
0.354910
0.390417
0.344378
0.363214
0.360875
0.363177
0.343673
0.377368
0.384307
0.385714
0.351547
0.353650
0.397701
0.339281
0.391887
0.336861
0.363180
0.358498
0.354679
0.356474
0.371145
0.364509
0.392222
0.375957
0.350379
0.355567
0.355646
0.329065
0.415750
0.370297
0.361248
0.434993
0.463975
0.437004
0.378839
0.463660
0.465261
0.438402
0.438823
0.448338
0.466221
0.409638
0.412431
0.452239
0.456699
0.460680
0.376054
0.357102
0.353471
0.313298
0.411917
0.449910
0.358920
0.303553
0.255835
0.203452
0.411114
0.417651
0.511745
0.450410
0.446319
0.538175
0.566981
0.598315
0.669021
0.670128
0.634824
0.572647
0.598604
0.556576
0.577970
0.534800
0.527334
0.620666
0.620000
0.646850
0.585867
0.646377
0.626909
0.593533
0.557206
0.661178
0.588647
0.623556
0.578821
0.602588
0.624418
0.593355
0.608548
0.589532
0.666001
0.694830
0.633171
0.697136
0.714482
0.668522
0.709303
0.670659
0.655833
0.711397
0.607470
0.679868
0.668707
0.629340
0.677689
0.645368
0.631302
0.650617
0.701143
0.781164
0.648848
0.569898
0.562751
0.538519
0.712060
0.673184
0.671709
0.565280
0.572635
0.544570
0.605393
0.499195
0.570451
0.580638
0.634423
0.576644
0.692969
0.521790
0.629390
0.635331
0.480777
0.563017
0.483816
0.598861
0.645698
0.977270
0.958068
0.912361
0.455531
0.597422
0.468721
0.578227
0.447118
0.450734
0.349183
0.559623
0.593903
0.607206
0.594107
0.498791
0.414386
0.351814
0.571680
0.352123
0.628543
0.548481
0.701912
0.607807
0.691424
0.644906
0.561848
0.636914
0.404079
0.470108
0.411552
0.434972
0.389517
0.443134
0.459250
0.373277
0.523463
0.451256
0.443905
0.592755
0.508450
0.508654
0.551405
0.664857
0.567091
0.552953
0.477220
0.423664
0.381723
0.545599
0.531336
0.220192
0.252319
0.253930
0.203017
0.227570
0.250023
0.186435
0.418523
0.404041
0.262060
0.390964
0.267163
0.262714
0.282509
0.211797
0.171261
0.262564
0.458732
0.522769
0.447493
0.510202
0.399367
0.467562
0.500186
0.277820
0.276048
0.263536
0.186140
0.173659
0.373048
0.494079
0.495589
0.375957
0.404948
0.500774
0.568836
0.562343
0.590189
0.470003
0.538478
0.609336
0.580979
0.504287
0.473832
0.312163
0.342330
0.305324
0.310306
0.356188
0.281131
0.300465
0.287178
0.436563
0.541382
0.463581
0.424944
0.454976
0.482203
0.452047
0.404658
0.446498
0.435502
0.449389
0.394588
0.426257
0.530983
0.471253
0.427687
0.532756
0.396299
0.376624
0.380334
0.358044
0.292895
0.330970
0.312242
0.338110
0.267158
0.420098
0.480827
0.425597
0.423291
0.435415
0.471922
0.441160
0.453501
0.376796
0.313882
0.371537
0.332452
0.372548
0.391717
0.469898
0.439605
0.430064
0.445075
0.491317
0.457730
0.445057
0.407350
0.496504
0.514439
0.389181
0.333979
0.319600
0.276857
0.225523
0.355158
0.378846
0.503103
0.444235
0.445304
0.476935
0.416763
0.422005
0.503604
0.452979
0.373306
0.347572
0.359062
0.344202
0.355664
0.370579
0.388086
0.336231
0.349593
0.344593
0.363076
0.360833
0.338416
0.323559
0.361394
0.370022
0.373518
0.379256
0.354720
0.375083
0.378440
0.329426
0.344651
0.365822
0.363300
0.374438
0.377328
0.368864
0.454456
0.476844
0.423718
0.379044
0.446015
0.433188
0.374808
0.410192
0.322899
0.325894
0.317062
0.335928
0.368005
0.455133
0.426173
0.470063
0.492631
0.472569
0.488850
0.487059
0.456102
0.425493
0.428213
0.435779
0.418053
0.476334
0.440988
0.306523
0.304359
0.313902
0.305416
0.309045
0.405376
0.351648
0.421239
0.406369
0.426860
0.421812
0.337112
0.393257
0.373808
0.306855
0.315254
0.313225
0.352981
0.348966
0.366623
0.360934
0.464344
0.380197
0.425460
0.465357
0.355016
0.344071
0.326439
0.309181
0.365351
0.326918
0.300455
0.323898
0.334694
0.405370
0.431774
0.421075
0.438683
0.423924
0.435296
0.484698
0.457567
0.418497
0.443101
0.465510
0.461589
0.415404
0.427358
0.447075
0.431279
0.491056
0.335888
0.309278
0.319940
0.311299
0.292719
0.309403
0.279589
0.230256
0.312738
0.311222
0.369281
0.384453
0.373899
0.298545
0.327873
0.286026
0.293784
0.299739
0.302167
0.349277
0.360572
0.329500
0.290464
0.264053
0.342630
0.277946
0.272990
0.307884
0.354054
0.351316
0.345036
0.387706
0.423950
0.427076
0.442864
0.495402
0.376938
0.393931
0.404755
0.371833
0.411875
0.351326
0.336151
0.374744
0.417127
0.446321
0.410752
0.320665
0.340359
0.406416
0.400110
0.472134
0.469728
0.472417
0.401378
0.346298
0.382763
0.417338
0.458166
0.470058
0.444440
0.379151
0.469237
0.320320
0.314186
0.292033
0.310250
0.343046
0.224684
0.312633
0.240723
0.227845
0.228136
0.292103
0.385105
0.453163
0.333546
0.347055
0.364432
0.426721
0.459088
0.395570
0.296442
0.332218
0.329239
0.355864
0.377757
0.418046
0.356901
0.397134
0.462497
0.353476
0.353764
0.311798
0.313375
0.287232
0.290334
0.292888
0.233456
0.143217
0.165640
0.460351
0.472317
0.461579
0.487544
0.419597
0.497582
0.459975
0.481659
0.412170
0.487504
0.453634
0.467805
0.437118
0.449057
0.494686
0.417563
0.301438
0.206274
0.214960
0.184092
0.344459
0.378625
0.356646
0.380396
0.148401
0.137729
0.093194
0.111474
0.167868
0.312953
0.304911
0.279370
0.275564
0.332535
0.362880
0.398132
0.332817
0.400607
0.438354
0.495890
0.488891
0.543989
0.637508
0.694718
0.685410
0.641822
0.700224
0.676953
0.717101
0.642597
0.640149
0.643967
0.714336
0.603085
0.542329
0.618526
0.556254
0.616294
0.576506
0.561288
0.619073
0.656920
0.725887
0.585062
0.630919
0.675714
0.617175
0.685271
0.762587
0.746465
0.723769
0.781252
0.794289
0.657817
0.780630
0.754124
0.658906
0.726418
0.761420
0.742348
0.758508
0.781581
0.675256
0.738374
0.768201
0.769608
0.758426
0.743677
0.785699
0.755113
0.775219
0.718817
0.698776
0.645219
0.692043
0.775053
0.788433
0.774091
0.793163
0.768130
0.732551
0.777879
0.776751
0.766354
0.609992
0.745251
0.625421
0.690819
0.769072
0.786923
0.805886
0.700217
0.788168
0.765889
0.591232
0.673815
0.676897
0.713293
0.571453
0.620540
0.645093
0.686274
0.609535
0.724623
0.671129
0.659658
0.409796
0.623237
0.598446
0.407090
0.387917
0.363441
0.452385
0.465486
0.416785
0.354743
0.348914
0.384456
0.344636
0.411955
0.405248
0.312676
0.399281
0.480155
0.457196
0.448292
0.534254
0.440733
0.510622
0.469655
0.494748
0.535151
0.510546
0.472808
0.522266
0.565019
0.515889
0.569335
0.542585
0.568663
0.557853
0.565819
0.559560
0.457063
0.568551
0.574961
0.507835
0.412844
0.603716
0.585623
0.527255
0.554701
0.557753
0.485838
0.619823
0.648017
0.595614
0.577145
0.589564
0.614104
0.625814
0.477952
0.450189
0.501546
0.478248
0.514714
0.512169
0.482851
0.489112
0.499658
0.515540
0.545274
0.560525
0.592267
0.598559
0.531922
0.513426
0.529313
0.600135
0.490682
0.493523
0.484684
0.500409
0.508423
0.502572
0.491929
0.480375
0.501294
0.481764
0.420846
0.435849
0.472088
0.485518
0.475084
0.515430
0.467533
0.397120
0.471497
0.396526
0.412318
0.411425
0.419242
0.448202
0.388779
0.437799
0.453537
0.422001
0.343357
0.387389
0.371065
0.495177
0.478236
0.502368
0.493397
0.488088
0.492152
0.482540
0.454880
0.370185
0.429743
0.428107
0.317923
0.412810
0.382238
0.429078
0.392188
0.274852
0.344637
0.281698
0.381679
0.349719
0.366614
0.369325
0.370452
0.381313
0.425849
0.487688
0.483631
0.484232
0.494951
0.494692
0.494658
0.490021
0.506185
0.488216
0.480270
0.459016
0.494016
0.458786
0.473418
0.452192
0.487028
0.408852
0.454737
0.417203
0.410594
0.424539
0.423337
0.400981
0.414744
0.431252
0.420983
0.413212
0.426821
0.425967
0.477355
0.473265
0.436832
0.394873
0.405175
0.399723
0.505983
0.500536
0.502397
0.495767
0.511161
0.483985
0.508706
0.510586
0.490090
0.480231
0.487394
0.502603
0.454557
0.501026
0.445501
0.493233
0.502004
0.503464
0.491851
0.497204
0.504187
0.449071
0.494307
0.486712
0.466772
0.433773
0.404567
0.464292
0.476167
0.437878
0.415834
0.410244
0.431146
0.417250
0.426155
0.449472
0.410295
0.397048
0.380692
0.359633
0.386885
0.389347
0.397285
0.383678
0.485097
0.489013
0.476523
0.380407
0.403302
0.403303
0.442345
0.440575
0.452926
0.505683
0.504961
0.494750
0.517617
0.508600
0.503657
0.459112
0.472908
0.440408
0.452481
0.485622
0.484787
0.442595
0.497351
0.506379
0.517376
0.440215
0.466159
0.504257
0.503812
0.504595
0.504084
0.429953
0.494414
0.495985
0.488595
0.484711
0.491950
0.457816
0.499305
0.498551
0.430998
0.485384
0.483276
0.486014
0.481723
0.482364
0.497979
0.475528
0.498445
0.462228
0.457394
0.390060
0.372584
0.322700
0.350368
0.365515
0.351511
0.288738
0.284779
0.399055
0.389389
0.372879
0.308971
0.307154
0.328851
0.376336
0.340651
0.318815
0.327251
0.345671
0.407318
0.450912
0.445606
0.451336
0.449846
0.437550
0.436619
0.442140
0.466580
0.441356
0.434284
0.414322
0.451249
0.406124
0.448046
0.398530
0.444416
0.449405
0.439849
0.399802
0.417969
0.514987
0.423170
0.441605
0.422856
0.430252
0.424152
0.263050
0.376712
0.441807
0.532629
0.603009
0.576925
0.596765
0.624020
0.578801
0.642496
0.675799
0.647198
0.598911
0.632263
0.618419
0.641884
0.577160
0.537249
0.639209
0.698866
0.608065
0.595467
0.621463
0.667540
0.687176
0.634594
0.624118
0.613080
0.609436
0.664866
0.363553
0.403644
0.345843
0.280786
0.269782
0.241907
0.462054
0.470258
0.473319
0.468497
0.473572
0.466464
0.485132
0.478958
0.462391
0.466502
0.442880
0.477262
0.502081
0.468776
0.483289
0.477362
0.474598
0.622205
0.474181
0.504911
0.479665
0.492111
0.535659
0.480966
0.369291
0.380889
0.342476
0.431766
0.466492
0.405886
0.356132
0.432702
0.589682
0.623225
0.659695
0.592009
0.584846
0.608565
0.655092
0.651061
0.595045
0.620806
0.643704
0.674852
0.658718
0.675305
0.637588
0.596986
0.650431
0.666744
0.709389
0.662734
0.635173
0.669608
0.692230
0.723023
0.645299
0.639331
0.649427
0.620533
0.377239
0.427272
0.426958
0.487155
0.482099
0.450244
0.373087
0.602801
0.448707
0.394132
0.422711
0.574365
0.389231
0.431658
0.422483
0.536195
0.513815
0.389500
0.408951
0.416120
0.510666
0.479580
0.481594
0.503307
0.467192
0.527301
0.506379
0.496050
0.520611
0.511312
0.488547
0.408538
0.505807
0.515238
0.415128
0.532412
0.542490
0.529623
0.534779
0.482576
0.489726
0.468444
0.452219
0.505010
0.532172
0.413718
0.387298
0.380298
0.386428
0.360801
0.396823
0.432048
0.401210
0.410458
0.416090
0.462148
0.430608
0.643957
0.673911
0.652516
0.604785
0.610148
0.604977
0.536231
0.575271
0.535675
0.622552
0.586801
0.518183
0.536844
0.524757
0.544577
0.537253
0.526343
0.515331
0.577729
0.584339
0.586871
0.637174
0.618171
0.634134
0.621098
0.615886
0.590130
0.567276
0.603249
0.563661
0.559342
0.552745
0.570047
0.562173
0.497031
0.502163
0.483468
0.496960
0.466361
0.476564
0.491284
0.495490
0.505221
0.491699
0.437603
0.400944
0.441747
0.450937
0.377395
0.351329
0.248902
0.245305
0.307679
0.483106
0.530380
0.497199
0.565633
0.515395
0.468241
0.476913
0.500093
0.482921
0.487170
0.477348
0.452075
0.476969
0.408630
0.392988
0.432300
0.347436
0.422922
0.335794
0.292760
0.334609
0.313912
0.345164
0.399893
0.475251
0.500110
0.484629
0.535043
0.513788
0.598073
0.540041
0.595620
0.584452
0.545837
0.528164
0.531117
0.514189
0.614935
0.594872
0.481218
0.461752
0.505361
0.496982
0.443695
0.491700
0.565898
0.611413
0.416879
0.365530
0.381007
0.422180
0.367270
0.326561
0.332676
0.335187
0.317326
0.383304
0.472732
0.472912
0.473382
0.470820
0.482250
0.504022
0.545683
0.517544
0.519227
0.510849
0.506984
0.551119
0.537567
0.528347
0.559674
0.597018
0.544296
0.514364
0.480071
0.484684
0.452848
0.424673
0.507110
0.504774
0.490735
0.474875
0.502389
0.517639
0.547301
0.539051
0.540680
0.613432
0.637203
0.493811
0.596784
0.636053
0.522238
0.460146
0.315607
0.296966
0.364504
0.234787
0.263842
0.270127
0.297298
0.279907
0.275467
0.297173
0.294021
0.315425
0.315926
0.361544
0.305549
0.342253
0.356764
0.375400
0.368142
0.314338
0.506668
0.518920
0.588324
0.617112
0.526248
0.524740
0.401061
0.438715
0.513270
0.465160
0.554193
0.519282
0.504774
0.491559
0.527316
0.584401
0.497386
0.532997
0.468033
0.522743
0.704040
0.535114
0.708996
0.600309
0.560960
0.438070
0.694840
0.747017
0.533081
0.540496
0.527345
0.345485
0.302128
0.341903
0.272450
0.284424
0.268681
0.256479
0.274038
0.252705
0.251513
0.255431
0.272061
0.299379
0.358509
0.312207
0.322326
0.372465
0.417173
0.380269
0.472192
0.445844
0.457588
0.401801
0.470848
0.402773
0.398532
0.462045
0.444242
0.438423
0.421308
0.349695
0.351261
0.374461
0.303137
0.303619
0.291556
0.336366
0.479748
0.455582
0.498096
0.538039
0.509059
0.448386
0.437269
0.502966
0.478257
0.483929
0.546464
0.546583
0.530531
0.532356
0.471461
0.481959
0.487858
0.515680
0.523391
0.443288
0.541567
0.516478
0.488937
0.475368
0.532272
0.575205
0.555619
0.535980
0.507837
0.532032
0.603662
0.501376
0.603455
0.529576
0.369955
0.528272
0.408545
0.596444
0.527650
0.518382
0.624619
0.455360
0.435389
0.603038
0.617456
0.538742
0.550257
0.639055
0.574552
0.582698
0.537918
0.506069
0.557775
0.490693
0.434913
0.448963
0.479030
0.549634
0.502003
0.460563
0.404211
0.400384
0.505504
0.563522
0.599335
0.528529
0.481087
0.389672
0.367536
0.251812
0.276523
0.222070
0.238148
0.295748
0.297679
0.235301
0.425480
0.417166
0.414773
0.372254
0.384768
0.431145
0.433639
0.409942
0.279127
0.308710
0.263083
0.268551
0.265535
0.255059
0.244560
0.215611
0.204057
0.199920
0.209670
0.203327
0.248481
0.385037
0.307576
0.309821
0.255946
0.383510
0.444051
0.404869
0.372611
0.337328
0.332880
0.330484
0.382639
0.417370
0.376362
0.350809
0.286888
0.269377
0.257717
0.231593
0.221458
0.226806
0.203919
0.225691
0.223926
0.208159
0.279757
0.222255
0.246230
0.230483
0.245386
0.303547
0.425167
0.351947
0.334187
0.281391
0.442304
0.422107
0.452688
0.382641
0.385266
0.396407
0.353562
0.411320
0.471168
0.479394
0.453416
0.289407
0.242505
0.244055
0.290928
0.215879
0.216686
0.201648
0.265227
0.339335
0.427400
0.359304
0.434373
0.372525
0.435204
0.384170
0.453677
0.459516
0.402873
0.427341
0.389939
0.357769
0.374815
0.310066
0.360414
0.399536
0.380446
0.373410
0.424251
0.428701
0.308573
0.277410
0.237908
0.257871
0.265842
0.237588
0.213089
0.356819
0.230741
0.270148
0.272488
0.347652
0.315953
0.311766
0.291444
0.284541
0.284314
0.329618
0.304782
0.257706
0.244954
0.257083
0.247576
0.303423
0.244155
0.320100
0.249964
0.262415
0.322554
0.438570
0.343084
0.367795
0.693160
0.728611
0.629365
0.532174
0.522199
0.710447
0.506188
0.553744
0.320443
0.329191
0.294971
0.320946
0.379650
0.304966
0.315677
0.371420
0.349045
0.407888
0.352869
0.386315
0.382037
0.336963
0.288277
0.294139
0.295465
0.276633
0.296215
0.343713
0.314366
0.338463
0.295061
0.337698
0.272357
0.305833
0.271296
0.321706
0.403746
0.409234
0.446524
0.471487
0.392059
0.451123
0.457916
0.398470
0.437622
0.335989
0.401118
0.390713
0.331032
0.364727
0.359384
0.350756
0.398551
0.440565
0.422756
0.444410
0.424513
0.420397
0.443014
0.479954
0.407952
0.415691
0.451546
0.414215
0.489741
0.479531
0.657761
0.502720
0.436696
0.476420
0.678667
0.691240
0.603140
0.595477
0.457734
0.565228
0.440845
0.493492
0.591340
0.444364
0.471039
0.707780
0.709437
0.624091
0.498874
0.455471
0.640735
0.619598
0.464869
0.438931
0.474606
0.455421
0.440189
0.491732
0.483752
0.500796
0.476819
0.494959
0.519291
0.496898
0.491147
0.485920
0.512645
0.520569
0.519640
0.537787
0.495497
0.512068
0.543717
0.515785
0.496645
0.509159
0.546414
0.502443
0.484974
0.488746
0.516664
0.500190
0.503528
0.517556
0.507170
0.525524
0.557926
0.506397
0.500696
0.495699
0.486793
0.499110
0.505399
0.514455
0.507001
0.508443
0.524080
0.512489
0.512746
0.510770
0.516728
0.533182
0.540664
0.516321
0.538683
0.548996
0.560555
0.560554
0.545618
0.536237
0.523508
0.571422
0.602681
0.589785
0.558141
0.552253
0.546977
0.552721
0.548731
0.550410
0.541495
0.477313
0.459520
0.450829
0.476213
0.495707
0.418006
0.462202
0.487592
0.483138
0.424021
0.445922
0.446321
0.466930
0.789699
0.760205
0.782685
0.812922
0.873015
0.808942
0.823657
0.833508
0.790148
0.808189
0.814157
0.841343
0.781874
0.796567
0.801515
0.764674
0.784392
0.771908
0.840458
0.854786
0.864984
0.860691
0.840831
0.594675
0.764429
0.559885
0.774011
0.762644
0.614321
0.726854
0.718623
0.695497
0.718378
0.698089
0.721572
0.718554
0.671404
0.706463
0.719868
0.816471
0.768042
0.727503
0.852875
0.864726
0.753546
0.753276
0.858001
0.766200
0.834327
0.871916
0.848078
0.722416
0.805162
0.817859
0.741376
0.730959
0.810304
0.720608
0.798581
0.718593
0.811228
0.789495
0.728143
0.806438
0.800299
0.858050
0.831871
0.737002
0.858091
0.747909
0.848516
0.861162
0.852889
0.852146
0.759482
0.687471
0.760510
0.792568
0.837009
0.828628
0.724639
0.698787
0.758292
0.769232
0.688662
0.733891
0.664735
0.689951
0.659608
0.666519
0.674954
0.734226
0.725476
0.678647
0.724864
0.752164
0.714335
0.711249
0.758954
0.742494
0.697543
0.690440
0.686930
0.694977
0.720423
0.692108
0.683080
0.686391
0.663066
0.638920
0.676016
0.612929
0.632832
0.654491
0.612418
0.658171
0.658772
0.630161
0.670300
0.698153
0.657694
0.691976
0.706551
0.696024
0.698346
0.676690
0.674014
0.675641
0.584644
0.716286
0.631065
0.602725
0.624573
0.628269
0.546390
0.600877
0.615824
0.530649
0.577591
0.571558
0.623379
0.617031
0.543962
0.634140
0.694704
0.652886
0.619274
0.596298
0.703088
0.619309
0.699390
0.655291
0.730459
0.675898
0.606338
0.705054
0.693115
0.682660
0.695354
0.669046
0.586244
0.609931
0.622994
0.672251
0.542793
0.625089
0.673621
0.664188
0.730374
0.599494
0.584034
0.767438
0.651388
0.666813
0.773963
0.605088
0.697568
0.814087
0.844251
0.864162
0.867272
0.845978
0.854635
0.873176
0.805492
0.809598
0.810706
0.800561
0.824412
0.834901
0.863656
0.846689
0.835525
0.862358
0.726602
0.773236
0.751246
0.561387
0.517071
0.590418
0.597032
0.511295
0.458153
0.468424
0.553142
0.441042
0.437978
0.444310
0.453329
0.453487
0.542301
0.514155
0.527335
0.487607
0.505904
0.487266
0.441521
0.390269
0.461287
0.465256
0.376563
0.365509
0.384385
0.386535
0.378836
0.406251
0.418642
0.436836
0.529981
0.529928
0.562890
0.640628
0.604368
0.551543
0.527703
0.583785
0.584987
0.593558
0.567901
0.591798
0.617424
0.610847
0.621700
0.647078
0.649480
0.670549
0.637506
0.601529
0.608162
0.644841
0.557366
0.535398
0.520797
0.515164
0.514940
0.518310
0.493177
0.517280
0.551138
0.550256
0.542854
0.395735
0.466600
0.447972
0.410755
0.307304
0.392877
0.282095
0.244345
0.484572
0.472434
0.511568
0.502025
0.462179
0.545625
0.493368
0.485461
0.447502
0.491615
0.460520
0.429768
0.450429
0.413294
0.375196
0.370895
0.472229
0.447362
0.505985
0.556196
0.551066
0.553055
0.529666
0.494132
0.494830
0.499385
0.504983
0.556417
0.549241
0.540640
0.601884
0.547654
0.491157
0.542668
0.538712
0.534000
0.343236
0.350955
0.387886
0.390210
0.595214
0.444142
0.448539
0.376783
0.329539
0.462311
0.410276
0.363758
0.345284
0.335716
0.374263
0.538103
0.471540
0.495356
0.431908
0.508512
0.485246
0.508808
0.473709
0.551860
0.506001
0.528666
0.555191
0.586141
0.587900
0.540399
0.559695
0.613586
0.575432
0.577096
0.551321
0.540002
0.533229
0.569338
0.533723
0.542493
0.536022
0.587808
0.661310
0.623008
0.551340
0.559708
0.494219
0.487369
0.434624
0.428358
0.502677
0.496644
0.497425
0.534293
0.502497
0.563240
0.472578
0.582178
0.478492
0.315081
0.302213
0.294531
0.247765
0.245459
0.292741
0.312522
0.305595
0.297406
0.318238
0.380607
0.322908
0.315339
0.314388
0.334649
0.422414
0.318524
0.369235
0.447920
0.582186
0.604692
0.655366
0.630455
0.628639
0.469569
0.496323
0.479202
0.519553
0.535931
0.565939
0.544448
0.567534
0.608631
0.552226
0.501222
0.555646
0.533550
0.566990
0.655525
0.552934
0.586134
0.643795
0.746393
0.626395
0.639193
0.623863
0.515716
0.487596
0.509724
0.682939
0.504295
0.265777
0.286298
0.268633
0.279218
0.280342
0.366641
0.339552
0.290278
0.261113
0.353459
0.321265
0.293773
0.239981
0.367689
0.409454
0.401570
0.456491
0.462609
0.430388
0.455150
0.387489
0.418956
0.487416
0.421695
0.459035
0.393952
0.423389
0.412095
0.453424
0.419760
0.364157
0.359400
0.365047
0.326410
0.356014
0.369317
0.522417
0.485791
0.455887
0.470031
0.495608
0.490046
0.529329
0.474144
0.536302
0.534047
0.474861
0.573540
0.554085
0.565160
0.530452
0.562157
0.561454
0.578533
0.482314
0.510620
0.494483
0.506602
0.555277
0.577665
0.559859
0.537317
0.518515
0.528253
0.442278
0.538517
0.473848
0.536344
0.482310
0.406044
0.463356
0.575636
0.490501
0.585786
0.636168
0.483619
0.518373
0.653032
0.630964
0.604102
0.603960
0.626832
0.558291
0.641871
0.471958
0.541326
0.455356
0.559473
0.647428
0.550153
0.487395
0.409528
0.383644
0.506924
0.583472
0.544848
0.581997
0.531849
0.441899
0.505905
0.408193
0.527850
0.509362
0.384753
0.331636
0.304334
0.340953
0.341489
0.330029
0.384669
0.371961
0.405664
0.427208
0.389845
0.333924
0.320836
0.330413
0.340645
0.321919
0.302183
0.315017
0.311707
0.299176
0.306683
0.347472
0.274260
0.267735
0.252059
0.264424
0.273482
0.297099
0.371221
0.384420
0.351213
0.462741
0.413683
0.407184
0.373745
0.327363
0.384276
0.331902
0.296462
0.279695
0.296211
0.295621
0.273149
0.263975
0.244332
0.235364
0.218103
0.255794
0.303027
0.224548
0.240203
0.272998
0.342565
0.270269
0.400095
0.446980
0.456015
0.383999
0.468618
0.397083
0.336430
0.333925
0.300619
0.294546
0.263641
0.289414
0.279627
0.227571
0.256150
0.234181
0.278163
0.319584
0.359247
0.325013
0.371674
0.357037
0.357630
0.422189
0.472434
0.394670
0.443831
0.390072
0.393198
0.333399
0.361867
0.347657
0.365692
0.276792
0.272428
0.233769
0.229045
0.236831
0.274155
0.241187
0.277955
0.289462
0.341822
0.354484
0.339739
0.311017
0.330343
0.326970
0.335384
0.278353
0.237951
0.282552
0.237938
0.233125
0.220957
0.223516
0.224609
0.320925
0.245760
0.329748
0.427308
0.364195
0.414366
0.591538
0.660865
0.470440
0.469650
0.624829
0.473288
0.385005
0.367138
0.349849
0.362731
0.328162
0.398191
0.362591
0.387579
0.396007
0.400945
0.415092
0.391222
0.280949
0.284190
0.320681
0.319525
0.343335
0.343607
0.327179
0.307733
0.386980
0.268288
0.382290
0.289360
0.368299
0.368804
0.387069
0.388269
0.444931
0.429371
0.386984
0.379133
0.369428
0.419258
0.416041
0.370082
0.367669
0.373228
0.345649
0.359075
0.360243
0.373874
0.366056
0.426950
0.449794
0.496532
0.430942
0.384936
0.380498
0.420080
0.471723
0.400036
0.386213
0.337019
0.353913
0.391365
0.592897
0.665401
0.458430
0.407735
0.613524
0.601659
0.441776
0.522558
0.475590
0.630821
0.597683
0.662513
0.487323
0.633117
0.412429
0.487855
0.580855
0.454449
0.622822
0.482404
0.687782
0.460341
0.625646
0.497722
0.640558
0.714798
0.405047
0.696522
0.667751
0.680819
0.427270
0.450743
0.429887
0.393358
0.393879
0.444143
0.408109
0.390761
0.396910
0.464854
0.417680
0.497983
0.492478
0.506877
0.511559
0.495546
0.494552
0.479300
0.488539
0.525080
0.513932
0.514771
0.495378
0.488223
0.490110
0.493636
0.526624
0.514542
0.495411
0.520256
0.501974
0.524888
0.514597
0.536237
0.555257
0.538537
0.544948
0.508934
0.531454
0.548636
0.513790
0.521387
0.523397
0.521862
0.523149
0.510752
0.519176
0.505881
0.533469
0.540666
0.539555
0.504393
0.496774
0.522987
0.538061
0.531621
0.540548
0.538693
0.576892
0.555103
0.602184
0.551839
0.603226
0.582177
0.502933
0.507439
0.446710
0.451451
0.440122
0.455626
0.467425
0.729263
0.727932
0.731282
0.792968
0.815197
0.826849
0.814745
0.839513
0.801316
0.795454
0.789230
0.803241
0.807741
0.811330
0.820527
0.783957
0.759424
0.800069
0.804790
0.804877
0.609400
0.797141
0.807079
0.810613
0.758074
0.821436
0.819419
0.809667
0.813322
0.772009
0.698399
0.703982
0.703485
0.743345
0.775932
0.824212
0.834795
0.826902
0.798828
0.782208
0.795824
0.775456
0.778571
0.770704
0.763784
0.733248
0.716539
0.706917
0.743323
0.721146
0.734302
0.749556
0.765839
0.742580
0.803169
0.784287
0.814286
0.814076
0.811271
0.802287
0.807344
0.794125
0.771353
0.758508
0.755848
0.743980
0.729540
0.734270
0.740438
0.710067
0.713005
0.749493
0.727510
0.739165
0.698869
0.710793
0.734424
0.751808
0.754234
0.787831
0.792914
0.783224
0.792742
0.776398
0.797894
0.804137
0.761132
0.764487
0.763774
0.744609
0.723140
0.711317
0.680980
0.686327
0.683304
0.691014
0.726406
0.758801
0.812577
0.765644
0.766555
0.747581
0.705470
0.691650
0.679858
0.661821
0.601244
0.653350
0.655355
0.674581
0.710420
0.733826
0.732193
0.718187
0.701467
0.687061
0.679175
0.548188
0.587922
0.610151
0.615940
0.678392
0.529311
0.657603
0.659245
0.684148
0.632680
0.631370
0.639173
0.589174
0.593741
0.603904
0.627852
0.626490
0.670866
0.530873
0.619158
0.669843
0.553849
0.527391
0.633490
0.716827
0.623662
0.589259
0.662266
0.568891
0.712388
0.682127
0.673685
0.685775
0.636098
0.630891
0.575943
0.534330
0.579938
0.686749
0.628660
0.708475
0.633027
0.592805
0.561528
0.675363
0.718937
0.649601
0.780065
0.820322
0.816609
0.729583
0.771284
0.829460
0.809935
0.823773
0.783630
0.798513
0.771489
0.782334
0.828625
0.833827
0.754272
0.794393
0.798580
0.757210
0.725708
0.461515
0.431304
0.450110
0.399242
0.385450
0.397560
0.382215
0.422619
0.423321
0.416633
0.415657
0.395849
0.389797
0.411840
0.420563
0.444261
0.412076
0.440999
0.449920
0.434296
0.387839
0.390496
0.405278
0.347217
0.366421
0.347276
0.328860
0.376313
0.459953
0.370402
0.383377
0.499310
0.604258
0.687406
0.643645
0.638244
0.670320
0.569422
0.572081
0.645153
0.672754
0.659394
0.655956
0.663273
0.590123
0.558602
0.596631
0.531383
0.633218
0.512386
0.514409
0.500648
0.498101
0.472890
0.369459
0.518274
0.385395
0.609500
0.575111
0.512275
0.534888
0.584455
0.525331
0.530437
0.552355
0.526174
0.517263
0.493921
0.516256
0.514633
0.500495
0.578636
0.525228
0.545654
0.565786
0.563206
0.638693
0.676662
0.678481
0.686872
0.633887
0.625064
0.558030
0.588067
0.647029
0.610106
0.628864
0.548690
0.555619
0.572957
0.600212
0.579989
0.518296
0.470541
0.386388
0.427390
0.458796
0.451866
0.476061
0.487328
0.490441
0.493026
0.506218
0.525132
0.515790
0.538353
0.541660
0.515415
0.549545
0.488619
0.505373
0.517405
0.474109
0.514417
0.602983
0.495225
0.508162
0.488513
0.486156
0.496540
0.521498
0.510514
0.499255
0.496229
0.552338
0.536874
0.477296
0.531952
0.500995
0.502295
0.554900
0.544232
0.525244
0.494412
0.526331
0.545997
0.486700
0.509344
0.495831
0.509422
0.482301
0.503404
0.503010
0.486510
0.513961
0.548130
0.529846
0.508641
0.582087
0.561343
0.561344
0.569663
0.564043
0.591334
0.571816
0.535203
0.576744
0.524008
0.534747
0.512416
0.579484
0.570127
0.593808
0.595860
0.556815
0.641265
0.665145
0.631673
0.599668
0.582730
0.508791
0.572724
0.589228
0.539227
0.547131
0.548446
0.609101
0.627081
0.578430
0.558670
0.563549
0.616656
0.630146
0.581539
0.584320
0.586920
0.637167
0.553069
0.574846
0.553112
0.608251
0.584998
0.512282
0.579149
0.595666
0.592009
0.584518
0.512347
0.501312
0.531193
0.533175
0.536960
0.554275
0.527042
0.571183
0.502171
0.523831
0.530308
0.537718
0.555430
0.538859
0.536693
0.552459
0.535646
0.572226
0.539117
0.529103
0.529209
0.514464
0.540977
0.641027
0.608937
0.634294
0.542646
0.576946
0.586515
0.591477
0.606054
0.572230
0.587272
0.592154
0.576829
0.581575
0.566106
0.590903
0.562190
0.588372
0.577979
0.558739
0.562019
0.558416
0.561303
0.537963
0.568260
0.548394
0.560101
0.550227
0.523233
0.561450
0.521426
0.507727
0.506796
0.523776
0.529975
0.520865
0.533100
0.515752
0.536213
0.525377
0.501291
0.501396
0.549215
0.569426
0.494837
0.547483
0.501142
0.571907
0.497107
0.549872
0.530497
0.536038
0.511650
0.556485
0.580463
0.583756
0.544004
0.544065
0.585662
0.577647
0.484587
0.541462
0.530530
0.587025
0.581342
0.600677
0.518387
0.510769
0.516549
0.529554
0.560482
0.531381
0.578447
0.497813
0.584112
0.605547
0.595344
0.527895
0.515934
0.586186
0.567494
0.583420
0.563583
0.575034
0.509783
0.554163
0.578469
0.567952
0.502148
0.584738
0.613255
0.612830
0.598980
0.575218
0.505553
0.544323
0.553693
0.595402
0.601579
0.523077
0.532856
0.582905
0.560042
0.555191
0.563831
0.558440
0.560171
0.539573
0.513976
0.547245
0.561471
0.550700
0.534482
0.530916
0.528406
0.525498
0.547568
0.537474
0.578110
0.563569
0.562165
0.551303
0.542234
0.525325
0.525380
0.563519
0.534623
0.594578
0.598254
0.580365
0.590422
0.599803
0.603553
0.599443
0.610824
0.590900
0.617201
0.603423
0.580225
0.600316
0.581679
0.589926
0.591436
0.576834
0.602108
0.603077
0.579181
0.576662
0.568014
0.501185
0.510057
0.546605
0.501561
0.481539
0.540154
0.588633
0.575780
0.488673
0.543591
0.494016
0.552573
0.559935
0.581634
0.472205
0.564788
0.547465
0.503727
0.583490
0.566199
0.554922
0.504518
0.528302
0.510537
0.557379
0.573081
0.568132
0.507486
0.602435
0.556228
0.513524
0.611002
0.579521
0.622243
0.515468
0.495940
0.530408
0.600714
0.580139
0.582080
0.568126
0.584141
0.571125
0.503128
0.531538
0.522587
0.524782
0.522571
0.570023
0.567405
0.560576
0.507120
0.574403
0.523288
0.573902
0.555949
0.538142
0.596098
0.526386
0.584435
0.593970
0.577070
0.494345
0.538069
0.568953
0.491266
0.585945
0.592800
0.500174
0.566424
0.547045
0.506549
0.593836
0.585302
0.511704
0.576695
0.577450
0.510482
0.581195
0.557748
0.589028
0.523362
0.581488
0.519669
0.641002
0.516557
0.570208
0.517308
0.603304
0.609784
0.652253
0.555143
0.509898
0.590963
0.499424
0.575921
0.599965
0.587594
0.524897
0.583506
0.504920
0.582694
0.597681
0.533363
0.535597
0.560735
0.518437
0.538047
0.552115
0.553238
0.572645
0.575838
0.609515
0.610584
0.626710
0.595000
0.609219
0.610785
0.618644
0.650957
0.638344
0.620331
0.625470
0.600098
0.600617
0.630120
0.671943
0.637758
0.635659
0.658468
0.659444
0.656723
0.647249
0.686695
0.689063
0.701000
0.650169
0.634078
0.655253
0.651354
0.595820
0.579850
0.568354
0.499896
0.544304
0.520328
0.562213
0.526022
0.490126
0.522100
0.545375
0.545118
0.553132
0.566516
0.571568
0.553398
0.556639
0.552201
0.565935
0.546860
0.515421
0.537585
0.570777
0.548238
0.525188
0.612984
0.555827
0.565648
0.684495
0.627008
0.629563
0.653197
0.677866
0.694878
0.698983
0.699433
0.670613
0.709168
0.675747
0.625770
0.647162
0.584223
0.588222
0.561761
0.555518
0.577401
0.580041
0.570648
0.596349
0.596784
0.568442
0.550489
0.619489
0.548514
0.614583
0.567639
0.555369
0.602949
0.558234
0.525260
0.538853
0.554307
0.625203
0.607917
0.615370
0.638972
0.578520
0.578541
0.628958
0.584503
0.549769
0.600747
0.567149
0.629919
0.598831
0.629397
0.609670
0.611275
0.579268
0.537995
0.548417
0.568685
0.557525
0.580765
0.589114
0.572452
0.610666
0.596922
0.570589
0.573441
0.535103
0.554708
0.545673
0.571851
0.638290
0.651732
0.603076
0.600773
0.613060
0.633454
0.632956
0.591955
0.659157
0.627765
0.627581
0.610760
0.681317
0.643164
0.631621
0.648504
0.567074
0.566436
0.572313
0.574000
0.555835
0.543111
0.561118
0.569693
0.573706
0.563704
0.582737
0.517605
0.547189
0.561262
0.516723
0.537246
0.557731
0.575945
0.557975
0.567186
0.568959
0.538916
0.546940
0.562614
0.567495
0.565408
0.570334
0.588852
0.562481
0.576364
0.557617
0.566709
0.585074
0.602317
0.588375
0.564913
0.573215
0.567015
0.543609
0.564465
0.569732
0.560526
0.562511
0.566460
0.569044
0.549402
0.527903
0.536548
0.516408
0.541210
0.562795
0.552535
0.543105
0.547827
0.598373
0.593843
0.589193
0.565167
0.573158
0.541457
0.544423
0.528402
0.557905
0.576992
0.557172
0.631182
0.586183
0.597464
0.578123
0.573971
0.587025
0.618660
0.606261
0.609909
0.647140
0.645648
0.689114
0.657416
0.650848
0.662645
0.667351
0.677611
0.688289
0.697622
0.712241
0.673324
0.605461
0.597161
0.607992
0.602361
0.591270
0.597072
0.596035
0.587802
0.590120
0.583781
0.607107
0.599213
0.596961
0.601725
0.598427
0.588488
0.567705
0.572932
0.590777
0.420285
0.362059
0.281101
0.206044
0.220421
0.412515
0.366673
0.417575
0.368656
0.186933
0.240645
0.423157
0.363065
0.371853
0.245964
0.279858
0.351620
0.425606
0.354478
0.244312
0.286089
0.346150
0.452728
0.400232
0.297220
0.286359
0.281189
0.352814
0.457309
0.402630
0.422426
0.383459
0.340548
0.316694
0.261739
0.414390
0.441377
0.406293
0.256493
0.241245
0.442725
0.376592
0.442859
0.391953
0.239097
0.201781
0.436170
0.377632
0.386758
0.275884
0.226456
0.352851
0.235720
0.450762
0.374447
0.442146
0.382555
0.248824
0.226178
0.431846
0.415903
0.274004
0.301398
0.412433
0.437582
0.449002
0.315563
0.303706
0.275313
0.462982
0.463146
0.311071
0.327413
0.449488
0.452098
0.270948
0.414582
0.283339
0.419959
0.449104
0.392834
0.312780
0.254675
0.249194
0.401476
0.435855
0.292875
0.190663
0.182617
0.129381
0.135901
0.135978
0.133905
0.134474
0.132337
0.136110
0.137214
0.125946
0.130749
0.133024
0.173890
0.135687
0.198943
0.189044
0.180142
0.220107
0.217726
0.216884
0.224947
0.238713
0.228916
0.230688
0.224716
0.234995
0.239192
0.251418
0.285026
0.265624
0.252191
0.287832
0.284292
0.289227
0.313583
0.295150
0.297925
0.259043
0.297111
0.174338
0.166967
0.182633
0.196719
0.145416
0.154217
0.145538
0.113622
0.105573
0.111833
0.103715
0.101073
0.104587
0.113881
0.102895
0.127894
0.117873
0.124489
0.129365
0.146159
0.152940
0.150116
0.215280
0.159036
0.157657
0.139138
0.157096
0.223666
0.209775
0.247721
0.269771
0.247177
0.265203
0.268272
0.248808
0.284136
0.170732
0.165709
0.160628
0.182194
0.162327
0.216566
0.178875
0.180407
0.194281
0.211248
0.209110
0.222399
0.200772
0.203071
0.195566
0.203751
0.187413
0.211700
0.235576
0.195902
0.222899
0.230186
0.216390
0.149293
0.151604
0.150417
0.145795
0.153587
0.108658
0.131246
0.100584
0.118848
0.097181
0.096345
0.149233
0.131673
0.136044
0.152051
0.193751
0.429659
0.422770
0.507076
0.456591
0.513857
0.465124
0.466125
0.498407
0.481287
0.466316
0.477376
0.456725
0.478036
0.466236
0.446903
0.454452
0.434772
0.468234
0.413731
0.432165
0.424178
0.435183
0.497858
0.505929
0.430920
0.432141
0.449756
0.443294
0.441502
0.445483
0.474664
0.444145
0.455462
0.541236
