0.113392
0.108201
0.111291
0.089687
0.080250
0.080732
0.081667
0.082498
0.082201
0.089082
0.088117
0.086164
0.086273
0.082205
0.081599
0.093312
0.092790
0.090705
0.091169
0.091133
0.087340
0.089154
0.085004
0.081842
0.078516
0.079212
0.076995
0.077595
0.077881
0.074697
0.074823
0.080816
0.079157
0.079104
0.080335
0.080563
0.082161
0.084151
0.083707
0.079130
0.080647
0.073761
0.075265
0.069396
0.074477
0.075594
0.074911
0.074295
0.075310
0.074234
0.075977
0.076499
0.075351
0.076700
0.075014
0.074132
0.071972
0.067863
0.077481
0.074890
0.069941
0.070080
0.065861
0.076157
0.068523
0.075855
0.075009
0.068473
0.066387
0.073974
0.068765
0.061930
0.059429
0.058950
0.061207
0.065802
0.071698
0.077307
0.081585
0.074241
0.074908
0.075245
0.076129
0.080241
0.079600
0.097595
0.096752
0.104136
0.100365
0.098181
0.102057
0.098085
0.099222
0.097537
0.085821
0.094589
0.096082
0.087860
0.096056
0.088612
0.091511
0.083934
0.088849
0.090973
0.095045
0.063477
0.063778
0.060905
0.061628
0.061424
0.060508
0.063414
0.058088
0.060829
0.056469
0.058918
0.058364
0.055685
0.056451
0.053900
0.053747
0.062016
0.060551
0.061449
0.062037
0.059415
0.063416
0.060470
0.063947
0.062724
0.067096
0.068406
0.071852
0.067657
0.076125
0.077049
0.078788
0.075073
0.073194
0.079788
0.070014
0.061015
0.064441
0.058308
0.056801
0.054401
0.052928
0.055052
0.057660
0.054818
0.055589
0.050657
0.059528
0.046738
0.055673
0.045088
0.050105
0.092895
0.093596
0.097200
0.095895
0.091356
0.096068
0.095530
0.095856
0.095424
0.089734
0.093022
0.094401
0.086397
0.086759
0.084891
0.083587
0.094697
0.096057
0.098144
0.098616
0.098675
0.098647
0.097349
0.098044
0.099469
0.098132
0.098298
0.099836
0.094457
0.095401
0.098294
0.098188
0.108021
0.114982
0.090178
0.091888
0.131438
0.086488
0.080392
0.084156
0.084266
0.080333
0.082257
0.077626
0.076562
0.079424
0.076462
0.084847
0.079172
0.087004
0.116089
0.107730
0.085741
0.097051
0.096182
0.082755
0.113563
0.116967
0.119543
0.090494
0.080020
0.075361
0.076033
0.073603
0.073686
0.082046
0.086556
0.110055
0.077769
0.077863
0.080665
0.074983
0.115478
0.125207
0.118656
0.076519
0.073562
0.077914
0.073768
0.115041
0.071785
0.072201
0.073753
0.071599
0.085188
0.086676
0.071051
0.075367
0.072559
0.077325
0.077112
0.074595
0.082591
0.080094
0.081659
0.080580
0.084546
0.084606
0.079850
0.081884
0.096824
0.090760
0.096298
0.110549
0.090435
0.093354
0.101027
0.101352
0.111229
0.137819
0.108218
0.118545
0.149665
0.123681
0.156842
0.099201
0.131727
0.095853
0.090183
0.088080
0.102300
0.117751
0.103556
0.110025
0.109208
0.120728
0.115460
0.117837
0.115364
0.131179
0.133118
0.131541
0.140585
0.128156
0.120890
0.138374
0.127286
0.145458
0.133528
0.148440
0.179988
0.166470
0.155530
0.170293
0.148601
0.148001
0.151543
0.160702
0.180937
0.166482
0.176091
0.159013
0.167499
0.146815
0.149858
0.198938
0.223209
0.191740
0.181336
0.226259
0.187155
0.227447
0.192365
0.230200
0.200610
0.196951
0.186426
0.161950
0.179898
0.165966
0.155673
0.149624
0.157001
0.178640
0.164055
0.191744
0.152700
0.239286
0.201731
0.245115
0.200387
0.248453
0.211449
0.257862
0.227920
0.193523
0.168266
0.170983
0.188491
0.159859
0.173472
0.185111
0.214188
0.216524
0.196810
0.184725
0.270764
0.242189
0.263680
0.224696
0.254317
0.217149
0.235221
0.210228
0.220853
0.190877
0.163333
0.186042
0.151293
0.181609
0.155697
0.186713
0.222614
0.194961
0.241573
0.196727
0.270154
0.238803
0.209375
0.238737
0.176050
0.166585
0.165632
0.185442
0.166020
0.190097
0.186580
0.229932
0.267787
0.228659
0.253814
0.286974
0.283538
0.223650
0.256791
0.200558
0.217350
0.194607
0.163314
0.171414
0.186681
0.161309
0.152348
0.150429
0.157496
0.148638
0.151531
0.144410
0.158253
0.159671
0.229475
0.182675
0.170021
0.157768
0.135771
0.147298
0.126939
0.144015
0.131175
0.144223
0.169203
0.161793
0.152940
0.166948
0.198723
0.185773
0.163022
0.180944
0.206090
0.213243
0.202764
0.185534
0.217001
0.196631
0.190047
0.198893
0.175326
0.196639
0.171212
0.167077
0.221149
0.214510
0.228417
0.214576
0.238460
0.226616
0.229129
0.225834
0.200713
0.202823
0.181419
0.166331
0.229474
0.204025
0.193309
0.177226
0.162658
0.173140
0.196609
0.201109
0.214353
0.229746
0.214621
0.274240
0.277463
0.253028
0.253115
0.286974
0.268412
0.251578
0.274497
0.255710
0.238894
0.301501
0.307363
0.293071
0.283993
0.319619
0.298260
0.334255
0.306798
0.327422
0.310182
0.301447
0.307281
0.281321
0.276358
0.309967
0.290403
0.292039
0.276224
0.316225
0.310249
0.333978
0.319923
0.337983
0.324120
0.338302
0.324857
0.334988
0.318179
0.357508
0.348766
0.322325
0.346354
0.324150
0.296476
0.312808
0.291307
0.272801
0.281052
0.268907
0.287893
0.292925
0.290877
0.279162
0.288504
0.288688
0.270596
0.307148
0.298138
0.331613
0.309319
0.320179
0.336828
0.332458
0.312200
0.316185
0.308993
0.316939
0.306315
0.277894
0.288772
0.266212
0.284218
0.275257
0.259582
0.296257
0.295454
0.291305
0.305819
0.306475
0.325405
0.304248
0.302914
0.321529
0.313263
0.323176
0.324343
0.283145
0.290153
0.325223
0.337283
0.343167
0.327002
0.345168
0.334666
0.348442
0.329889
0.307786
0.299437
0.251363
0.227359
0.227919
0.246360
0.226255
0.206824
0.256637
0.258328
0.271555
0.268656
0.269465
0.248337
0.263334
0.233010
0.265296
0.238938
0.237156
0.219156
0.189714
0.217269
0.177296
0.208359
0.179475
0.206723
0.244558
0.233821
0.226137
0.252204
0.267215
0.256218
0.248948
0.263306
0.251319
0.264066
0.249058
0.244797
0.256200
0.251396
0.241295
0.250986
0.268533
0.261320
0.257852
0.272986
0.283554
0.271439
0.287061
0.264771
0.289557
0.295931
0.268814
0.263913
0.241156
0.249409
0.236016
0.223312
0.246648
0.245531
0.291418
0.260791
0.263132
0.250304
0.269192
0.294279
0.304991
0.309066
0.318737
0.316525
0.302785
0.310495
0.335087
0.319432
0.350504
0.358549
0.298892
0.333157
0.334270
0.351018
0.296372
0.284776
0.286492
0.315268
0.340574
0.309928
0.359042
0.340241
0.341930
0.299880
0.275019
0.265962
0.295359
0.280841
0.291762
0.307802
0.270090
0.290264
0.308366
0.285533
0.264726
0.257188
0.316777
0.296905
0.334264
0.339399
0.275641
0.305639
0.316099
0.285156
0.261317
0.256622
0.271961
0.279679
0.281528
0.261655
0.273047
0.273837
0.277906
0.256403
0.255512
0.273962
0.270596
0.274515
0.277453
0.265914
0.273548
0.271655
0.267295
0.261582
0.257503
0.275198
0.299812
0.295404
0.282261
0.261228
0.240346
0.145001
0.141317
0.140919
0.133574
0.133869
0.133666
0.129583
0.128749
0.130395
0.134098
0.130075
0.136801
0.152490
0.147756
0.153430
0.131160
0.132168
0.127825
0.126538
0.141555
0.135650
0.134823
0.131586
0.133006
0.166908
0.150373
0.142428
0.143945
0.150147
0.141881
0.137101
0.137479
0.139470
0.131483
0.134554
0.132880
0.142626
0.139048
0.137093
0.142420
0.153020
0.184102
0.143634
0.147699
0.135558
0.130750
0.130581
0.132441
0.133995
0.139429
0.139164
0.130494
0.133403
0.131958
0.129239
0.138316
0.136447
0.128629
0.137262
0.135981
0.142679
0.149583
0.150662
0.146905
0.165789
0.201625
0.182705
0.152390
0.150491
0.151783
0.149615
0.160433
0.149415
0.145065
0.134630
0.143792
0.180420
0.189167
0.162104
0.157906
0.219078
0.193015
0.189305
0.155301
0.149734
0.145841
0.136068
0.176012
0.138327
0.140826
0.130110
0.131231
0.148216
0.149104
0.174572
0.186887
0.149837
0.150056
0.154010
0.148029
0.175248
0.174625
0.139311
0.145030
0.137052
0.134457
0.133006
0.128916
0.141838
0.138271
0.133549
0.142292
0.140754
0.147037
0.150512
0.155697
0.127021
0.124863
0.125283
0.127145
0.121746
0.121777
0.124158
0.124493
0.132652
0.130305
0.125026
0.138043
0.128831
0.127513
0.122993
0.129336
0.122964
0.119375
0.124722
0.128056
0.138709
0.149574
0.149240
0.141710
0.171138
0.161315
0.157907
0.149844
0.143611
0.156828
0.147166
0.139400
0.135427
0.138034
0.129758
0.130037
0.126749
0.130540
0.136973
0.137343
0.147158
0.155461
0.152376
0.147546
0.202254
0.187622
0.182519
0.152396
0.144952
0.126330
0.139756
0.140169
0.125398
0.134956
0.123492
0.154490
0.162277
0.142041
0.131385
0.164969
0.147908
0.170386
0.154188
0.209286
0.201127
0.150771
0.162009
0.153888
0.143374
0.206901
0.194280
0.129196
0.142190
0.135582
0.126032
0.137067
0.126805
0.150474
0.158857
0.195132
0.184232
0.189931
0.223525
0.215109
0.216014
0.255698
0.267818
0.252176
0.221468
0.188970
0.205068
0.196998
0.162973
0.162635
0.168137
0.198482
0.119498
0.119065
0.126196
0.123617
0.117536
0.124614
0.168923
0.156487
0.155755
0.113171
0.121315
0.148949
0.112960
0.110979
0.109629
0.109494
0.106908
0.105811
0.114954
0.110928
0.114834
0.116011
0.107391
0.108744
0.130513
0.118794
0.113751
0.110106
0.124599
0.116843
0.131365
0.123528
0.141411
0.136508
0.124951
0.133856
0.152750
0.147422
0.137170
0.135868
0.135364
0.133111
0.133074
0.134680
0.125516
0.128730
0.128214
0.132019
0.152310
0.160658
0.134270
0.131951
0.127240
0.146728
0.124684
0.121993
0.121720
0.132963
0.119988
0.121287
0.123822
0.119366
0.120491
0.119425
0.115941
0.116973
0.120323
0.123334
0.139598
0.138657
0.126537
0.133855
0.140408
0.132520
0.142910
0.140479
0.150405
0.148596
0.155647
0.150372
0.157424
0.151582
0.166702
0.150516
0.191018
0.177595
0.149075
0.149515
0.176489
0.146739
0.142290
0.146243
0.145425
0.137917
0.135130
0.138891
0.136956
0.138884
0.139950
0.140657
0.135990
0.138205
0.173067
0.150363
0.145230
0.149328
0.146320
0.142497
0.156592
0.151105
0.146524
0.136356
0.133333
0.138446
0.138377
0.138651
0.137593
0.130661
0.125311
0.141965
0.136727
0.136829
0.147526
0.151469
0.163201
0.160849
0.168585
0.168135
0.154841
0.159012
0.209320
0.192066
0.182286
0.160841
0.165147
0.175414
0.157389
0.156902
0.156833
0.146670
0.210111
0.193526
0.151627
0.156087
0.146358
0.152432
0.137015
0.136273
0.147506
0.161671
0.138783
0.138886
0.204359
0.202451
0.170889
0.168946
0.228028
0.257800
0.269479
0.238226
0.281649
0.299499
0.291497
0.235921
0.216143
0.214056
0.205217
0.195602
0.215347
0.228530
0.247380
0.262139
0.286011
0.282845
0.255980
0.281503
0.293057
0.295487
0.301851
0.268032
0.242582
0.232896
0.241367
0.248490
0.256934
0.239802
0.231907
0.282050
0.276115
0.271193
0.285543
0.191974
0.180804
0.187423
0.180917
0.182312
0.193819
0.173177
0.157243
0.168913
0.168210
0.168333
0.178144
0.186693
0.187029
0.192408
0.157874
0.155651
0.151551
0.152468
0.177229
0.157677
0.151099
0.154116
0.159410
0.162950
0.156889
0.160972
0.162040
0.168266
0.178919
0.176935
0.179174
0.189464
0.180875
0.171389
0.181812
0.180465
0.170321
0.157408
0.159077
0.177636
0.169300
0.205064
0.205205
0.228060
0.241823
0.261444
0.249178
0.253970
0.281365
0.282458
0.297909
0.286981
0.291756
0.265002
0.253621
0.240155
0.216496
0.195803
0.188188
0.166841
0.168197
0.158271
0.154987
0.155887
0.158577
0.150036
0.150605
0.159638
0.193788
0.180550
0.154137
0.179313
0.176737
0.222060
0.287624
0.294069
0.309510
0.306395
0.300987
0.299206
0.272060
0.294871
0.291775
0.310600
0.286700
0.292080
0.226411
0.206152
0.213005
0.202574
0.206409
0.251201
0.288213
0.248690
0.233420
0.070417
0.077039
0.076739
0.067315
0.072912
0.078330
0.072630
0.067807
0.065331
0.058625
0.062214
0.062712
0.052669
0.056329
0.055160
0.061589
0.057988
0.062369
0.069105
0.070504
0.072416
0.080148
0.080572
0.072785
0.080666
0.082416
0.089981
0.088901
0.082285
0.065036
0.067394
0.075815
0.061878
0.068375
0.072802
0.073920
0.100053
0.094841
0.091926
0.099947
0.089158
0.096489
0.085074
0.091707
0.105140
0.102006
0.097661
0.101160
0.113167
0.109169
0.108287
0.110073
0.105705
0.111688
0.106131
0.101744
0.118845
0.112632
0.103011
0.097388
0.094695
0.100910
0.098943
0.093390
0.100164
0.105826
0.112768
0.118516
0.057227
0.062323
0.067533
0.056204
0.065784
0.067461
0.066097
0.058014
0.053462
0.057995
0.053195
0.067400
0.050218
0.049837
0.043868
0.047839
0.069765
0.068098
0.066579
0.074297
0.059937
0.069319
0.069492
0.066853
0.072643
0.073923
0.076912
0.077751
0.066689
0.069972
0.067085
0.071217
0.069762
0.068554
0.065520
0.060352
0.068653
0.076397
0.078126
0.066744
0.077190
0.069093
0.079905
0.072422
0.058641
0.063968
0.065818
0.061626
0.052236
0.057710
0.056683
0.055284
0.085497
0.088845
0.081359
0.078916
0.081391
0.077488
0.074729
0.066658
0.062183
0.072024
0.061308
0.052948
0.078378
0.083914
0.076972
0.073063
0.109816
0.113656
0.108575
0.108471
0.108704
0.106846
0.102148
0.097905
0.093522
0.102370
0.095360
0.088784
0.098844
0.109512
0.107202
0.101470
0.104876
0.107505
0.118132
0.118621
0.122211
0.122393
0.122275
0.119709
0.102739
0.123811
0.117083
0.099648
0.092923
0.102919
0.118903
0.102706
0.147312
0.145560
0.142475
0.142877
0.145696
0.144867
0.138715
0.141904
0.140185
0.136091
0.134437
0.135970
0.136175
0.133193
0.152042
0.142981
0.137498
0.134268
0.126163
0.126883
0.132318
0.125770
0.137377
0.129906
0.150688
0.145205
0.151052
0.143364
0.148529
0.141715
0.149958
0.143568
0.140487
0.143829
0.131400
0.133656
0.151524
0.135639
0.126709
0.123195
0.131227
0.120824
0.117944
0.123335
0.133003
0.123374
0.145946
0.140561
0.164036
0.173341
0.148043
0.143971
0.180268
0.149986
0.141134
0.141518
0.138572
0.132278
0.128774
0.136144
0.127082
0.124287
0.123342
0.132277
0.128015
0.123048
0.160757
0.139902
0.142951
0.142289
0.130101
0.131599
0.139767
0.127631
0.120622
0.122838
0.126651
0.141797
0.135177
0.130508
0.188049
0.150948
0.184620
0.151686
0.182213
0.152625
0.189789
0.149600
0.145404
0.150712
0.151076
0.149386
0.204358
0.191067
0.181800
0.149610
0.145643
0.139355
0.137951
0.142273
0.120287
0.131155
0.134020
0.139337
0.147395
0.148191
0.180334
0.198048
0.165998
0.196271
0.151495
0.144244
0.215704
0.184769
0.136708
0.136712
0.180650
0.141626
0.189678
0.208807
0.403733
0.417679
0.398056
0.407526
0.412700
0.430965
0.424130
0.436583
0.436978
0.435666
0.432630
0.435390
0.425321
0.431070
0.427981
0.458313
0.449078
0.446028
0.463641
0.466689
0.463362
0.448181
0.461606
0.451972
0.461192
0.444947
0.435223
0.454075
0.428617
0.436136
0.426179
0.431757
0.408733
0.418113
0.419624
0.427121
0.432791
0.406378
0.422751
0.426327
0.391869
0.399964
0.428129
0.410953
0.411769
0.406956
0.400994
0.408695
0.390192
0.428085
0.418829
0.452031
0.454446
0.426840
0.444232
0.418282
0.444755
0.460345
0.430419
0.438316
0.434090
0.434564
0.424041
0.415697
0.426161
0.439147
0.434985
0.417242
0.428855
0.440118
0.444628
0.449187
0.444328
0.449357
0.452761
0.462067
0.448268
0.451130
0.454640
0.457762
0.457660
0.467091
0.451189
0.444036
0.460487
0.470495
0.451722
0.460352
0.431191
0.452744
0.456239
0.449106
0.450637
0.457042
0.457667
0.454437
0.460202
0.450623
0.450142
0.454850
0.442690
0.450223
0.424989
0.427561
0.431173
0.426953
0.433225
0.430986
0.433096
0.442890
0.424255
0.459336
0.454793
0.450154
0.459592
0.463244
0.466764
0.438295
0.446319
0.441038
0.422797
0.435130
0.442321
0.442951
0.441781
0.432785
0.394752
0.412888
0.413334
0.376621
0.376953
0.368824
0.373445
0.394853
0.371273
0.434429
0.410797
0.379652
0.398601
0.395676
0.446141
0.440033
0.462422
0.464702
0.425860
0.451906
0.459303
0.441366
0.418929
0.464637
0.446844
0.405332
0.405687
0.431707
0.447547
0.409141
0.431733
0.406864
0.414554
0.399455
0.431293
0.399952
0.407529
0.434479
0.439565
0.416403
0.431533
0.452428
0.463769
0.439012
0.438942
0.448027
0.445778
0.441899
0.441249
0.460088
0.452726
0.458465
0.470073
0.453763
0.445588
0.451700
0.454767
0.455140
0.459828
0.472440
0.446401
0.427025
0.422607
0.434785
0.424885
0.441249
0.434882
0.435935
0.457617
0.435866
0.439716
0.439477
0.457596
0.458072
0.459630
0.440191
0.455489
0.432157
0.427005
0.426108
0.440199
0.449864
0.435074
0.425617
0.429263
0.439499
0.421615
0.436486
0.439594
0.435364
0.466218
0.470671
0.479873
0.448397
0.478903
0.479470
0.470592
0.472906
0.446111
0.445375
0.462223
0.458669
0.465760
0.464708
0.466235
0.464771
0.453942
0.455351
0.438845
0.440246
0.441757
0.449341
0.427562
0.431143
0.460466
0.461500
0.459900
0.454580
0.444035
0.439540
0.435414
0.429191
0.443343
0.448502
0.430622
0.429110
0.421953
0.427860
0.440242
0.441161
0.436023
0.444267
0.427732
0.418654
0.433477
0.437919
0.456621
0.458041
0.471372
0.468321
0.462783
0.463030
0.461655
0.457938
0.457799
0.465773
0.444967
0.450781
0.441849
0.448368
0.457182
0.445691
0.444231
0.435899
0.435883
0.434186
0.443290
0.434104
0.422019
0.447127
0.439945
0.441830
0.431177
0.421148
0.444275
0.459351
0.464547
0.469827
0.455029
0.428616
0.452528
0.459765
0.468932
0.468768
0.459236
0.467908
0.454307
0.459295
0.476010
0.475865
0.478834
0.477906
0.473311
0.466902
0.458468
0.457473
0.460635
0.462274
0.471362
0.472766
0.464311
0.454466
0.460066
0.459516
0.460228
0.472483
0.466937
0.471027
0.466970
0.470469
0.471187
0.475730
0.475404
0.475911
0.472703
0.475066
0.477670
0.477835
0.478496
0.472489
0.477680
0.477243
0.472289
0.473303
0.465404
0.463007
0.469068
0.441125
0.431617
0.430112
0.431564
0.434214
0.433616
0.422238
0.429281
0.438065
0.438034
0.430592
0.425372
0.433150
0.431265
0.426549
0.418457
0.415844
0.429524
0.420968
0.422157
0.433460
0.430991
0.435355
0.424817
0.450514
0.465414
0.452650
0.429260
0.440192
0.424401
0.435344
0.441543
0.431564
0.453548
0.443863
0.444296
0.436810
0.440267
0.457070
0.451080
0.462890
0.447406
0.455578
0.446525
0.442509
0.446117
0.449148
0.446750
0.447348
0.448121
0.450014
0.441813
0.439592
0.446244
0.452678
0.455494
0.444873
0.441211
0.452059
0.455913
0.446203
0.452618
0.452546
0.447742
0.443454
0.446742
0.449505
0.454840
0.455584
0.452315
0.465944
0.454261
0.441872
0.460382
0.459981
0.464755
0.464129
0.456429
0.451928
0.455713
0.459288
0.461615
0.463335
0.466705
0.467515
0.470119
0.468848
0.468023
0.464422
0.464238
0.477727
0.475045
0.466626
0.478691
0.468223
0.475930
0.440427
0.448691
0.439553
0.445896
0.445145
0.452987
0.459481
0.452286
0.459423
0.443224
0.451656
0.441397
0.456900
0.458529
0.435874
0.450480
0.442844
0.424443
0.427048
0.422167
0.406679
0.407816
0.419785
0.418533
0.414949
0.416907
0.420856
0.421138
0.421846
0.419315
0.425676
0.422087
0.423771
0.388619
0.428476
0.443639
0.432208
0.415500
0.386697
0.403932
0.199522
0.219216
0.217146
0.178678
0.256389
0.251742
0.234168
0.189293
0.176507
0.157027
0.153959
0.161578
0.151167
0.153588
0.165330
0.166108
0.173805
0.178070
0.224729
0.235493
0.182539
0.219715
0.178676
0.165663
0.264233
0.231074
0.151897
0.152176
0.162714
0.195413
0.152549
0.156795
0.185418
0.215834
0.237252
0.256619
0.394685
0.394817
0.398340
0.416566
0.413845
0.408636
0.423107
0.426272
0.426221
0.425392
0.426292
0.424617
0.420576
0.420057
0.428151
0.424145
0.426344
0.427962
0.422518
0.430067
0.421403
0.419877
0.424872
0.426465
0.410298
0.403752
0.408652
0.411018
0.388267
0.394200
0.389348
0.409723
0.413140
0.414828
0.411699
0.413154
0.413114
0.413404
0.412611
0.406505
0.410877
0.403364
0.377973
0.380293
0.329707
0.372316
0.380789
0.329089
0.371936
0.332017
0.353000
0.306629
0.341657
0.296305
0.300643
0.279588
0.268468
0.284667
0.290103
0.382968
0.399766
0.409333
0.402358
0.422513
0.426448
0.443211
0.438503
0.428352
0.439067
0.432524
0.445210
0.411832
0.410848
0.423232
0.419204
0.393405
0.389803
0.389743
0.384904
0.400529
0.388522
0.398138
0.412956
0.414958
0.418586
0.423567
0.424385
0.416806
0.424902
0.421052
0.418095
0.409505
0.395982
0.390648
0.396503
0.405798
0.396957
0.417346
0.416611
0.395584
0.384703
0.414023
0.397791
0.419602
0.429217
0.388343
0.384007
0.212930
0.246222
0.246881
0.207895
0.293656
0.289843
0.275028
0.213188
0.200983
0.202168
0.176911
0.257387
0.195562
0.156418
0.159672
0.190061
0.351279
0.341554
0.383040
0.394240
0.386247
0.410939
0.379568
0.333912
0.327239
0.307063
0.355128
0.318920
0.404055
0.405489
0.400727
0.404373
0.422383
0.415406
0.421695
0.417916
0.411116
0.414762
0.396837
0.421139
0.402665
0.403705
0.386650
0.394609
0.419216
0.413778
0.404822
0.415508
0.430373
0.421203
0.442550
0.429197
0.399169
0.428940
0.408752
0.368624
0.436154
0.446739
0.431511
0.422925
0.435902
0.445383
0.428154
0.409168
0.456592
0.442424
0.423390
0.400043
0.436025
0.445398
0.459362
0.458925
0.435436
0.445479
0.439429
0.430202
0.451678
0.449627
0.453217
0.441225
0.437254
0.423837
0.424431
0.429683
0.444865
0.434565
0.427045
0.442898
0.458080
0.446907
0.458295
0.447213
0.435749
0.446463
0.459962
0.463290
0.448021
0.456051
0.460475
0.469779
0.466795
0.470246
0.462867
0.460220
0.459512
0.457284
0.431516
0.460163
0.390456
0.392145
0.441697
0.430828
0.434574
0.451670
0.387988
0.419974
0.301211
0.337113
0.344473
0.290555
0.322885
0.391660
0.331978
0.289223
0.231303
0.261002
0.261695
0.227323
0.245150
0.230760
0.230327
0.194069
0.220765
0.169077
0.188657
0.216238
0.433460
0.433535
0.440639
0.454122
0.450773
0.453645
0.469171
0.470073
0.467447
0.454135
0.460890
0.464192
0.453239
0.451517
0.445898
0.448656
0.436541
0.439724
0.434704
0.437683
0.453790
0.455120
0.460992
0.451681
0.427563
0.453982
0.445153
0.404966
0.456300
0.454021
0.453228
0.454683
0.432906
0.407519
0.432571
0.446796
0.433084
0.437295
0.454115
0.452664
0.451992
0.422777
0.423842
0.445893
0.284944
0.326574
0.285432
0.245311
0.354579
0.336424
0.234261
0.216894
0.217453
0.227286
0.241891
0.276332
0.271057
0.299150
0.329234
0.327280
0.452032
0.448881
0.436555
0.446855
0.445757
0.447912
0.449114
0.443978
0.448281
0.445237
0.439983
0.440414
0.453819
0.445757
0.451276
0.449424
0.441446
0.442260
0.463167
0.456229
0.419481
0.448643
0.468032
0.424270
0.457916
0.409065
0.456703
0.414409
0.381536
0.388677
0.386832
0.374424
0.292066
0.331162
0.298626
0.261437
0.361861
0.344977
0.249006
0.237062
0.210243
0.233464
0.238288
0.281931
0.283450
0.305559
0.353028
0.346575
0.455204
0.453275
0.453734
0.466593
0.470039
0.470944
0.468488
0.467653
0.473334
0.470961
0.469550
0.474108
0.473958
0.472817
0.474090
0.475596
0.469511
0.466824
0.468709
0.469492
0.469070
0.468818
0.468706
0.470786
0.470782
0.473882
0.470754
0.469855
0.473710
0.470843
0.470969
0.471842
0.473772
0.471348
0.467957
0.467498
0.460501
0.451125
0.451256
0.461278
0.455180
0.463552
0.461361
0.467817
0.471910
0.471143
0.468303
0.470933
0.475784
0.474299
0.471421
0.476878
0.477757
0.477223
0.471359
0.475331
0.477373
0.473009
0.469060
0.470510
0.459811
0.462889
0.461984
0.460641
0.464724
0.468778
0.469914
0.467436
0.467695
0.466763
0.466547
0.473517
0.470593
0.462552
0.463087
0.466995
0.464766
0.452157
0.440843
0.434182
0.453131
0.454440
0.454007
0.449641
0.455008
0.461622
0.461324
0.462339
0.459919
0.463148
0.454842
0.456062
0.462728
0.464809
0.454850
0.467290
0.467971
0.468678
0.468924
0.463407
0.454660
0.467336
0.463002
0.477988
0.478251
0.475789
0.478287
0.473967
0.470714
0.473111
0.466652
0.470489
0.475649
0.473239
0.474590
0.475711
0.476562
0.476536
0.477056
0.476504
0.474775
0.476019
0.477209
0.475547
0.476590
0.477089
0.475387
0.477917
0.473072
0.477605
0.477933
0.475321
0.472534
0.471323
0.468630
0.472677
0.468955
0.473114
0.468521
0.449852
0.466343
0.461195
0.465422
0.471714
0.474374
0.472236
0.467191
0.474590
0.478586
0.479682
0.478772
0.480640
0.481187
0.475806
0.481430
0.476856
0.480714
0.478357
0.478617
0.480775
0.477605
0.475478
0.475806
0.475265
0.473610
0.474283
0.474093
0.469423
0.470729
0.476175
0.475956
0.474917
0.475637
0.478009
0.476044
0.477730
0.479161
0.477655
0.474986
0.476686
0.477416
0.477457
0.476828
0.478248
0.472037
0.462049
0.478632
0.459497
0.463281
0.465904
0.466390
0.474604
0.478099
0.476126
0.478614
0.477164
0.471426
0.478172
0.477652
0.472848
0.468196
0.473836
0.474358
0.474908
0.476764
0.475397
0.478582
0.477376
0.478448
0.483739
0.480217
0.482721
0.485815
0.484277
0.478005
0.479594
0.482044
0.468463
0.471455
0.463248
0.465677
0.478751
0.480525
0.475537
0.477108
0.475385
0.473780
0.475851
0.477081
0.479418
0.478433
0.476519
0.472254
0.469797
0.470349
0.457674
0.441529
0.448877
0.448570
0.456434
0.456541
0.459330
0.453522
0.457538
0.450988
0.460063
0.456750
0.439516
0.459176
0.466734
0.473004
0.467838
0.466028
0.469466
0.464659
0.456584
0.462739
0.465985
0.467073
0.468171
0.466539
0.469097
0.462916
0.454658
0.454684
0.466169
0.440366
0.449488
0.440132
0.436062
0.458351
0.461169
0.450619
0.455577
0.468093
0.469106
0.470687
0.470954
0.466960
0.468309
0.468869
0.472622
0.469449
0.440576
0.455408
0.433005
0.440801
0.440038
0.451319
0.449203
0.445495
0.444019
0.441689
0.449696
0.443518
0.449569
0.460068
0.455305
0.458742
0.470665
0.468487
0.470069
0.467647
0.462659
0.467315
0.456411
0.463140
0.466386
0.455779
0.461938
0.449073
0.460996
0.461090
0.450541
0.456362
0.444807
0.445775
0.444869
0.442820
0.446069
0.454908
0.455068
0.447358
0.454176
0.433005
0.437669
0.445581
0.442218
0.433345
0.433535
0.438884
0.437758
0.441936
0.447054
0.430281
0.440488
0.425673
0.429373
0.432319
0.434518
0.444057
0.452524
0.452686
0.460871
0.462026
0.461299
0.450940
0.439835
0.445555
0.444762
0.436525
0.442708
0.449343
0.461627
0.467129
0.464906
0.462371
0.469739
0.467220
0.470023
0.467857
0.467383
0.470864
0.473665
0.474919
0.476383
0.477233
0.478265
0.472201
0.473735
0.465173
0.473640
0.464953
0.478093
0.471904
0.478611
0.477250
0.479804
0.477641
0.480105
0.480982
0.482543
0.482764
0.484124
0.483562
0.481433
0.482221
0.483462
0.483743
0.479607
0.481118
0.481090
0.482712
0.481004
0.481018
0.477206
0.480252
0.476716
0.480016
0.481596
0.472993
0.476585
0.472975
0.473554
0.473649
0.470224
0.475681
0.473143
0.460180
0.477314
0.477594
0.472325
0.478571
0.479840
0.454900
0.465127
0.433425
0.430562
0.444374
0.450341
0.459376
0.468412
0.472405
0.476519
0.480580
0.479053
0.477946
0.479413
0.477532
0.476631
0.475422
0.476668
0.478526
0.476876
0.478510
0.475625
0.479859
0.479971
0.481828
0.481373
0.481381
0.481599
0.483087
0.478165
0.482801
0.482521
0.482305
0.481453
0.478240
0.481528
0.482580
0.481139
0.481938
0.483161
0.481901
0.482660
0.482447
0.480695
0.479485
0.480421
0.481060
0.481668
0.481146
0.481696
0.482552
0.480337
0.480953
0.481802
0.481014
0.474868
0.475997
0.474865
0.473434
0.478381
0.477694
0.474103
0.473338
0.477980
0.475440
0.478236
0.474516
0.479304
0.477145
0.474377
0.476933
0.465739
0.472418
0.470251
0.462931
0.477990
0.474838
0.474349
0.467462
0.460779
0.462333
0.445793
0.472731
0.453604
0.437441
0.458098
0.459009
0.480740
0.481862
0.480708
0.480291
0.482927
0.482024
0.483531
0.483476
0.482583
0.480436
0.479784
0.481938
0.479664
0.481635
0.482638
0.483070
0.483385
0.484463
0.484126
0.481538
0.482983
0.480588
0.482792
0.481504
0.479900
0.481202
0.482411
0.479651
0.475495
0.476605
0.456776
0.475454
0.478036
0.475532
0.476460
0.474068
0.466900
0.465135
0.473534
0.467482
0.472923
0.468229
0.471375
0.470170
0.467405
0.464607
0.465142
0.461706
0.468279
0.455285
0.465307
0.456936
0.445788
0.451438
0.454806
0.455924
0.454523
0.459973
0.465983
0.455491
0.455055
0.451326
0.452512
0.449276
0.454072
0.451973
0.448694
0.455165
0.452018
0.450627
0.456667
0.456721
0.455840
0.459505
0.449100
0.458368
0.452844
0.458124
0.458184
0.463886
0.447627
0.438666
0.458481
0.455640
0.444655
0.436926
0.447591
0.454942
0.460264
0.461800
0.464752
0.466733
0.464664
0.460578
0.456787
0.461028
0.453455
0.462780
0.459314
0.466842
0.461748
0.455209
0.469349
0.468462
0.465688
0.467265
0.468367
0.478121
0.474425
0.475597
0.476545
0.476513
0.474602
0.475635
0.473903
0.432883
0.433644
0.474262
0.475286
0.471953
0.467215
0.463197
0.464564
0.464540
0.467736
0.467871
0.450728
0.469763
0.470698
0.472406
0.477894
0.476201
0.420849
0.195788
0.212135
0.211593
0.175109
0.177120
0.192420
0.205990
0.183803
0.178661
0.150058
0.145068
0.152844
0.156829
0.177776
0.184768
0.136788
0.138036
0.146822
0.147812
0.150755
0.205394
0.226504
0.204584
0.189866
0.252529
0.233082
0.221614
0.191313
0.184135
0.169731
0.177218
0.217424
0.175956
0.159431
0.187249
0.185361
0.188931
0.231045
0.241473
0.219971
0.267532
0.278339
0.271992
0.259180
0.240727
0.254749
0.233905
0.266705
0.208909
0.215060
0.184032
0.159539
0.211161
0.235271
0.238826
0.224066
0.287509
0.282892
0.288394
0.250382
0.228769
0.243713
0.197460
0.281565
0.184765
0.161395
0.176967
0.182676
0.256328
0.266548
0.255819
0.241324
0.283587
0.279277
0.270942
0.250804
0.236566
0.223063
0.241459
0.270914
0.218450
0.201556
0.249320
0.226732
0.217646
0.220590
0.207667
0.191816
0.251682
0.234822
0.238284
0.214104
0.201392
0.223416
0.213983
0.246823
0.276724
0.265052
0.240442
0.186408
0.200941
0.205074
0.198859
0.238150
0.206953
0.188975
0.181724
0.175085
0.224835
0.244975
0.250675
0.245569
0.255395
0.263850
0.278082
0.272749
0.259389
0.222112
0.237828
0.251997
0.200190
0.217361
0.224925
0.240535
0.273206
0.271312
0.270131
0.275493
0.282236
0.267834
0.275388
0.277709
0.267211
0.267394
0.277342
0.283080
0.256914
0.265375
0.266879
0.265393
0.314183
0.328052
0.307884
0.303383
0.324479
0.303943
0.292748
0.291827
0.289937
0.275206
0.278747
0.280243
0.271687
0.295832
0.306477
0.304436
0.323116
0.341520
0.362701
0.341717
0.351495
0.345346
0.332816
0.368582
0.347472
0.354089
0.337324
0.335488
0.329518
0.324666
0.306380
0.319391
0.312325
0.338321
0.342698
0.311264
0.370539
0.347144
0.335897
0.344862
0.317012
0.340388
0.313047
0.353858
0.301085
0.289783
0.289385
0.296755
0.311946
0.282668
0.301020
0.268225
0.294057
0.330757
0.353227
0.353078
0.386272
0.359581
0.393067
0.370295
0.358645
0.397539
0.388062
0.364337
0.355493
0.273020
0.261354
0.264065
0.274315
0.252630
0.261733
0.275316
0.274642
0.291628
0.275708
0.290533
0.285733
0.276230
0.257383
0.244011
0.248431
0.274161
0.252000
0.266843
0.269309
0.277831
0.273507
0.279699
0.278784
0.275620
0.273254
0.333304
0.361412
0.345886
0.321161
0.361323
0.375635
0.361220
0.355392
0.302479
0.308040
0.321314
0.278978
0.284670
0.322967
0.383103
0.388657
0.397485
0.379636
0.323452
0.400533
0.284463
0.248284
0.262141
0.263649
0.266878
0.275156
0.273068
0.276195
0.283239
0.256477
0.253811
0.285980
0.270078
0.284260
0.281805
0.289831
0.317713
0.302485
0.313742
0.278664
0.266632
0.318978
0.307908
0.309890
0.305498
0.363683
0.343772
0.292838
0.345474
0.334637
0.340320
0.351510
0.370659
0.200197
0.182902
0.192885
0.181900
0.147826
0.153754
0.172573
0.179912
0.189863
0.184139
0.171438
0.167876
0.158022
0.151001
0.143748
0.139498
0.159206
0.160777
0.150343
0.168683
0.146935
0.142898
0.165529
0.178035
0.169431
0.162225
0.163116
0.169289
0.155507
0.163075
0.147211
0.149881
0.211057
0.186535
0.225928
0.253442
0.171545
0.192607
0.237187
0.268636
0.197537
0.226747
0.171170
0.200160
0.164303
0.172473
0.150520
0.161730
0.158150
0.156957
0.158632
0.163365
0.150025
0.151179
0.163833
0.165185
0.161117
0.165974
0.148395
0.151629
0.128156
0.133465
0.143091
0.132212
0.141863
0.133804
0.138895
0.147855
0.127711
0.134742
0.124457
0.129797
0.121482
0.124230
0.116829
0.120850
0.113881
0.118268
0.117250
0.116886
0.109259
0.112527
0.110699
0.115980
0.098364
0.105336
0.098849
0.111051
0.099903
0.109762
0.101551
0.105444
0.125561
0.144281
0.143347
0.127383
0.169641
0.183419
0.190484
0.149815
0.137743
0.145992
0.134235
0.180362
0.118192
0.118502
0.123014
0.121168
0.107597
0.105659
0.113606
0.109246
0.124903
0.117617
0.112226
0.119401
0.117538
0.121409
0.122708
0.125691
0.124775
0.127498
0.132153
0.124777
0.116386
0.117387
0.126635
0.124939
0.139611
0.133878
0.148375
0.142517
0.196311
0.204779
0.175183
0.148542
0.144354
0.181829
0.136236
0.129270
0.114008
0.116133
0.118224
0.117124
0.108027
0.109673
0.119240
0.117575
0.136849
0.134426
0.187045
0.141331
0.145618
0.182265
0.142753
0.172712
0.130360
0.111951
0.108652
0.129757
0.122135
0.121241
0.128550
0.120275
0.114629
0.135681
0.133937
0.143731
0.141269
0.139933
0.133092
0.135364
0.130350
0.124715
0.124209
0.084817
0.084052
0.077437
0.077332
0.064661
0.063531
0.078001
0.077558
0.077008
0.078747
0.086404
0.089251
0.080099
0.078806
0.085425
0.081708
0.080845
0.076376
0.067249
0.062924
0.101329
0.107643
0.103725
0.098432
0.106658
0.105024
0.097411
0.097080
0.089883
0.095868
0.091154
0.079269
0.088801
0.095764
0.096000
0.100769
0.102937
0.108020
0.102894
0.106416
0.095073
0.096991
0.103093
0.100711
0.102396
0.101522
0.102029
0.098889
0.100760
0.097755
0.094190
0.099703
0.096509
0.091696
0.094588
0.090728
0.088582
0.091101
0.098209
0.093595
0.060019
0.059401
0.055026
0.051981
0.047771
0.046860
0.051286
0.050722
0.065655
0.053955
0.061681
0.055490
0.055193
0.051512
0.052284
0.046263
0.075073
0.080750
0.076163
0.067860
0.083563
0.079793
0.077516
0.073976
0.064511
0.071318
0.062065
0.056879
0.073153
0.079896
0.087703
0.089367
0.079889
0.079036
0.080921
0.083323
0.084203
0.086346
0.088168
0.088043
0.084261
0.090644
0.087245
0.084378
0.079703
0.081507
0.086818
0.084334
0.060105
0.060843
0.060419
0.053695
0.060566
0.059303
0.062495
0.056042
0.054601
0.046002
0.048944
0.055203
0.048103
0.042666
0.047802
0.052224
0.068094
0.083943
0.084032
0.071036
0.087046
0.094466
0.100725
0.093423
0.080754
0.062304
0.062585
0.070861
0.056068
0.068420
0.078025
0.079352
0.102357
0.104242
0.095792
0.093182
0.086629
0.088196
0.080267
0.078542
0.082974
0.088271
0.078439
0.076936
0.094428
0.098061
0.093010
0.090227
0.066945
0.059098
0.063590
0.059973
0.059417
0.056986
0.060760
0.061449
0.068095
0.061491
0.072820
0.065153
0.071793
0.068659
0.082389
0.073404
0.113077
0.112962
0.111089
0.109820
0.111957
0.108391
0.108015
0.110620
0.107618
0.104731
0.107561
0.109386
0.112935
0.109607
0.109279
0.111904
0.106627
0.112409
0.098709
0.108047
0.086886
0.079471
0.081811
0.089656
0.074865
0.088239
0.078054
0.091315
0.102603
0.101712
0.090193
0.100345
0.092737
0.094964
0.097579
0.094477
0.097530
0.099909
0.090053
0.092031
0.084558
0.086802
0.084883
0.088238
0.086597
0.090130
0.089298
0.094093
0.092440
0.093519
0.088027
0.086159
0.096742
0.089861
0.087883
0.084895
0.083791
0.083889
0.081983
0.086208
0.082805
0.081402
0.091814
0.085408
0.088593
0.090054
0.090747
0.091231
0.097679
0.098087
0.097087
0.092266
0.092651
0.096128
0.089851
0.091825
0.096451
0.094356
0.100042
0.088238
0.093854
0.088530
0.090799
0.097021
0.088300
0.086110
0.087552
0.090152
0.087436
0.090287
0.087857
0.090534
0.087056
0.088236
0.101400
0.093965
0.092759
0.099139
0.090122
0.095267
0.099276
0.091153
0.094331
0.102027
0.100202
0.100601
0.100837
0.102017
0.101771
0.098849
0.100050
0.100396
0.099913
0.098486
0.097822
0.100441
0.097517
0.100070
0.100886
0.098592
0.108805
0.110729
0.112040
0.111242
0.109510
0.111882
0.112295
0.112700
0.110541
0.108371
0.109880
0.107307
0.099433
0.104758
0.099609
0.106882
0.099687
0.108200
0.106780
0.107117
0.110691
0.110505
0.105597
0.107347
0.103560
0.105386
0.103886
0.102514
0.099174
0.102826
0.099666
0.078911
0.076686
0.077923
0.080332
0.078119
0.081133
0.082040
0.085327
0.097204
0.087175
0.088020
0.098505
0.093919
0.082074
0.085465
0.095755
0.096570
0.098636
0.098566
0.098414
0.101263
0.101819
0.096706
0.093715
0.091614
0.095209
0.091961
0.090405
0.092263
0.096408
0.096923
0.097493
0.107873
0.108976
0.107115
0.105599
0.109750
0.107492
0.104421
0.105113
0.103347
0.107583
0.104144
0.102462
0.107836
0.109502
0.111823
0.111881
0.102397
0.103470
0.107555
0.104631
0.109657
0.105788
0.110385
0.106950
0.102161
0.104460
0.101539
0.100397
0.082790
0.089009
0.091823
0.087312
0.098547
0.101382
0.108359
0.096120
0.094071
0.078368
0.084372
0.092256
0.073446
0.077512
0.081947
0.092054
0.095309
0.096803
0.090406
0.092209
0.105951
0.098629
0.095843
0.089613
0.089560
0.089896
0.089077
0.095661
0.088590
0.091148
0.092801
0.096138
0.105114
0.108187
0.113468
0.113159
0.107834
0.114414
0.123257
0.124234
0.122174
0.107009
0.112116
0.118860
0.101171
0.103142
0.104295
0.102192
0.117872
0.120776
0.112268
0.108755
0.106138
0.104624
0.101201
0.099674
0.102220
0.099619
0.114718
0.106448
0.107200
0.112835
0.102249
0.094490
0.099148
0.094214
0.098902
0.096102
0.079041
0.092268
0.093631
0.080685
0.089266
0.097704
0.089609
0.079975
0.100944
0.104343
0.105102
0.105380
0.104874
0.105742
0.102053
0.101835
0.116715
0.108838
0.102132
0.113805
0.107675
0.100805
0.108170
0.119475
0.122589
0.127111
0.127808
0.124191
0.129017
0.129302
0.121518
0.114890
0.107564
0.118250
0.109071
0.096541
0.110798
0.123376
0.118356
0.127504
0.121071
0.117718
0.126106
0.128466
0.125603
0.127752
0.126085
0.129000
0.130612
0.131144
0.123427
0.130275
0.124072
0.120815
0.123847
0.127204
0.119100
0.120742
0.121319
0.124921
0.133548
0.130932
0.141666
0.125333
0.145466
0.139421
0.135584
0.126983
0.118368
0.116967
0.114588
0.114683
0.113477
0.112868
0.110774
0.110108
0.111763
0.108124
0.107594
0.108628
0.111781
0.107754
0.117809
0.115331
0.111359
0.111237
0.111309
0.110664
0.112995
0.113602
0.113831
0.111156
0.110718
0.112167
0.110714
0.114735
0.110624
0.109799
0.110774
0.110546
0.114641
0.115661
0.115076
0.115007
0.118617
0.119537
0.118279
0.117377
0.116258
0.118764
0.117818
0.119503
0.116419
0.117135
0.114420
0.115128
0.122383
0.125732
0.121001
0.120893
0.144674
0.135383
0.123952
0.118965
0.120046
0.115929
0.117815
0.120926
0.121206
0.119027
0.120896
0.121930
0.144400
0.129929
0.148568
0.177165
0.161940
0.191838
0.170015
0.168345
0.198558
0.197479
0.225245
0.224934
0.155147
0.166388
0.140729
0.126385
0.111544
0.109453
0.113433
0.114986
0.109457
0.113238
0.114632
0.114003
0.115569
0.115983
0.116523
0.116074
0.117097
0.116970
0.112282
0.116594
0.117780
0.117536
0.117469
0.118381
0.114908
0.115540
0.114475
0.116773
0.117995
0.116337
0.118507
0.113786
0.118465
0.119969
0.118019
0.118666
0.111685
0.109929
0.110222
0.111116
0.110873
0.111385
0.112009
0.109192
0.110643
0.109991
0.110573
0.112269
0.112289
0.111320
0.112027
0.112815
0.113930
0.116035
0.118556
0.116831
0.119025
0.123883
0.122704
0.119128
0.117153
0.117985
0.116221
0.120272
0.114428
0.114883
0.112353
0.114229
0.104232
0.104835
0.103780
0.103341
0.105890
0.103952
0.103751
0.102149
0.103384
0.103510
0.106286
0.104904
0.105945
0.108038
0.103135
0.104193
0.104242
0.105162
0.105186
0.103397
0.105343
0.106526
0.101300
0.102171
0.102071
0.099457
0.102203
0.103391
0.100143
0.101023
0.095944
0.094131
0.091991
0.092421
0.092187
0.092702
0.088699
0.094526
0.093279
0.089794
0.094912
0.097707
0.095002
0.091479
0.112032
0.111904
0.113658
0.115799
0.111621
0.113223
0.115441
0.116732
0.110168
0.113663
0.110098
0.113094
0.110735
0.113002
0.109326
0.110991
0.106790
0.107284
0.107709
0.106384
0.105198
0.105062
0.103902
0.102580
0.101073
0.104409
0.101786
0.098938
0.103163
0.104791
0.105509
0.103149
0.104877
0.104212
0.108267
0.106944
0.103262
0.106109
0.104982
0.106286
0.104811
0.102579
0.102740
0.102393
0.092782
0.092186
0.086170
0.086546
0.083234
0.084499
0.085111
0.084358
0.091205
0.087514
0.084718
0.090604
0.095644
0.092401
0.089633
0.093500
0.105361
0.102962
0.104990
0.108953
0.106868
0.107878
0.109902
0.111430
0.107055
0.109388
0.105178
0.106656
0.103524
0.104364
0.104467
0.105617
0.100763
0.101477
0.100044
0.099002
0.097364
0.097424
0.095818
0.095508
0.100452
0.097724
0.095844
0.099058
0.101525
0.099660
0.099010
0.102167
0.100988
0.101151
0.101501
0.102467
0.102201
0.102418
0.101623
0.103432
0.101066
0.100833
0.100868
0.102032
0.097595
0.100906
0.099084
0.096774
0.098676
0.099681
0.100852
0.100691
0.099730
0.095338
0.095516
0.098887
0.094621
0.098034
0.100838
0.100508
0.108382
0.109726
0.112208
0.111605
0.115782
0.116313
0.109104
0.110666
0.105088
0.106901
0.105523
0.107465
0.106530
0.108295
0.110711
0.113630
0.105031
0.104592
0.105108
0.105013
0.103078
0.103988
0.102070
0.102792
0.105372
0.104494
0.103185
0.103143
0.110391
0.104353
0.104931
0.111018
0.104533
0.109166
0.103994
0.104968
0.106883
0.110969
0.103367
0.103300
0.103127
0.105858
0.106935
0.108655
0.095451
0.100169
0.097719
0.100305
0.095856
0.092460
0.097913
0.089712
0.082889
0.085663
0.080538
0.092742
0.079601
0.091673
0.084442
0.088791
0.157992
0.157225
0.178859
0.175157
0.163101
0.162762
0.190958
0.222588
0.198081
0.243888
0.211719
0.232217
0.169245
0.178403
0.184365
0.159637
0.146409
0.156802
0.160832
0.150469
0.136365
0.143646
0.140217
0.129350
0.126111
0.122779
0.121116
0.125869
0.126779
0.131081
0.132523
0.137633
0.127823
0.131014
0.129742
0.123776
0.138476
0.136343
0.120139
0.120221
0.114283
0.116845
0.120256
0.127708
0.121602
0.137785
0.131763
0.127263
0.156203
0.185046
0.154890
0.152332
0.155682
0.173223
0.154493
0.158451
0.151693
0.177883
0.169110
0.211913
0.109840
0.116602
0.113107
0.104158
0.104220
0.100928
0.101434
0.095520
0.098927
0.097884
0.091718
0.090469
0.102685
0.102007
0.100349
0.100829
0.109539
0.108658
0.113427
0.113912
0.107630
0.110975
0.111456
0.113088
0.110237
0.108169
0.105217
0.108104
0.087472
0.105816
0.087381
0.077033
0.121943
0.124678
0.126972
0.079386
0.075940
0.073945
0.072470
0.074187
0.073431
0.090872
0.101406
0.117195
0.187011
0.191620
0.151782
0.153476
0.189690
0.145156
0.137347
0.147041
0.149513
0.134948
0.139018
0.124391
0.148032
0.143318
0.182418
0.152909
0.193546
0.187289
0.158907
0.163755
0.154683
0.160411
0.147975
0.144903
0.146959
0.173500
0.144384
0.130523
0.186660
0.193406
0.180095
0.177746
0.217831
0.249833
0.287600
0.256489
0.233942
0.255821
0.238057
0.280983
0.256567
0.247068
0.235869
0.214750
0.228735
0.221669
0.199536
0.227367
0.170901
0.178376
0.152820
0.139315
0.119667
0.117971
0.110530
0.109354
0.103246
0.108638
0.106938
0.121170
0.111374
0.125950
0.136676
0.138000
0.158954
0.188236
0.183058
0.173735
0.197371
0.184604
0.204051
0.209899
0.188198
0.224127
0.202935
0.224335
0.170821
0.185507
0.157553
0.154846
0.089513
0.092456
0.089763
0.083507
0.095403
0.091636
0.079287
0.078969
0.076902
0.080226
0.081067
0.095693
0.108057
0.125008
0.106289
0.104619
0.136439
0.128968
0.097589
0.101976
0.092614
0.118254
0.123389
0.137046
0.232133
0.249240
0.231146
0.212744
0.264321
0.253871
0.246865
0.222569
0.207232
0.200202
0.185824
0.231314
0.196041
0.194567
0.178649
0.175878
0.216460
0.249461
0.226375
0.254222
0.302543
0.314053
0.267445
0.263084
0.315024
0.289234
0.273497
0.252662
0.248888
0.228379
0.225028
0.251573
0.214927
0.245195
0.294144
0.263635
0.273712
0.315420
0.292347
0.265373
0.334319
0.319272
0.245707
0.241868
0.211914
0.224192
0.233783
0.268566
0.265228
0.296903
0.306507
0.329331
0.365088
0.385280
0.387196
0.374436
0.376484
0.353148
0.380503
0.371741
0.366247
0.353190
0.347317
0.360771
0.344390
0.351200
0.361515
0.354005
0.387205
0.365028
0.329922
0.352829
0.324917
0.342414
0.319031
0.294708
0.298349
0.305004
0.294087
0.290540
0.315415
0.293340
0.282393
0.266079
0.246279
0.264133
0.271178
0.262415
0.270296
0.270134
0.275440
0.270377
0.273505
0.309680
0.279034
0.280203
0.304390
0.274709
0.288955
0.311840
0.280757
0.282499
0.307037
0.261062
0.281465
0.270052
0.240567
0.325261
0.313996
0.241131
0.221171
0.237792
0.258755
0.280785
0.321208
0.299906
0.280980
0.280245
0.285175
0.283439
0.287609
0.282753
0.276585
0.293027
0.274013
0.309546
0.296079
0.351615
0.356229
0.379816
0.366176
0.344693
0.361091
0.357641
0.337279
0.353452
0.350753
0.345938
0.371972
0.358708
0.331998
0.340834
0.232663
0.255885
0.248676
0.202881
0.277326
0.269062
0.173455
0.174026
0.223333
0.196302
0.176366
0.186715
0.254818
0.236726
0.295215
0.273838
0.134344
0.151651
0.138921
0.128731
0.159811
0.146078
0.205386
0.152291
0.156767
0.119142
0.125024
0.165414
0.112647
0.134272
0.145278
0.168708
0.209248
0.213763
0.277033
0.278130
0.300364
0.344794
0.377742
0.346057
0.324083
0.228632
0.275545
0.299414
0.186638
0.174459
0.165886
0.255470
0.185724
0.163733
0.158271
0.210348
0.171538
0.213814
0.192345
0.175756
0.221482
0.237148
0.222110
0.191789
0.406929
0.408482
0.391416
0.408692
0.378135
0.397370
0.363723
0.364972
0.346397
0.348524
0.421591
0.423598
0.405121
0.386471
0.219214
0.215151
0.207617
0.220065
0.151282
0.173735
0.152935
0.148668
0.160142
0.151135
0.171853
0.191532
0.187639
0.209645
0.263132
0.195819
0.350187
0.385124
0.384918
0.331639
0.412319
0.419385
0.399429
0.357386
0.299971
0.430189
0.357952
0.438554
0.322863
0.256406
0.246188
0.267058
0.281837
0.243834
0.310911
0.331252
0.191129
0.179552
0.197029
0.171426
0.210974
0.274587
0.295278
0.256676
0.268984
0.301239
0.265860
0.266133
0.329802
0.325279
0.363627
0.300312
0.288979
0.291961
0.197729
0.179547
0.161019
0.164886
0.138534
0.155681
0.137236
0.146558
0.171900
0.152530
0.203426
0.179631
0.234721
0.252688
0.244166
0.233924
0.318338
0.322171
0.310372
0.242481
0.237001
0.219601
0.193799
0.289723
0.218010
0.177503
0.218933
0.227422
0.344602
0.300439
0.336119
0.385202
0.280960
0.290099
0.300878
0.337298
0.371651
0.390931
0.411761
0.381812
0.389181
0.347755
0.312431
0.292166
0.267493
0.262525
0.270348
0.293145
0.278467
0.303757
0.305938
0.349583
0.337218
0.367908
0.281507
0.313887
0.278353
0.276855
0.257958
0.255950
0.275026
0.253416
0.270084
0.258421
0.322449
0.284265
0.314479
0.283126
0.312044
0.281822
0.311255
0.282757
0.283538
0.283368
0.318888
0.320238
0.285143
0.277580
0.275741
0.258336
0.259345
0.248313
0.254030
0.330466
0.341303
0.357739
0.346049
0.336099
0.336051
0.298218
0.324097
0.307629
0.325454
0.321566
0.337298
0.306008
0.301685
0.287705
0.286780
0.293492
0.280132
0.273590
0.277944
0.283417
0.282834
0.293249
0.277172
0.315122
0.291186
0.299061
0.330032
0.316581
0.305265
0.287579
0.305481
0.291573
0.297122
0.279736
0.275948
0.292286
0.275999
0.273514
0.275283
0.273291
0.271846
0.270748
0.269936
0.270741
0.270126
0.289863
0.273175
0.282205
0.285948
0.266374
0.266036
0.288044
0.279587
0.281458
0.265453
0.266363
0.265781
0.266833
0.274549
0.269577
0.267850
0.284426
0.268584
0.293931
0.309921
0.283056
0.280871
0.334209
0.306890
0.324574
0.297100
0.291290
0.302844
0.291041
0.331023
0.292315
0.283701
0.277767
0.282091
0.362237
0.369761
0.326941
0.357784
0.366381
0.347952
0.347740
0.362108
0.344586
0.328680
0.348931
0.336420
0.358101
0.346561
0.367431
0.363155
0.371502
0.353050
0.346838
0.353071
0.362870
0.351032
0.341549
0.338647
0.342286
0.379438
0.356274
0.349680
0.395244
0.381256
0.372082
0.374319
0.346930
0.340666
0.342113
0.364225
0.340018
0.338065
0.339723
0.352262
0.374881
0.359806
0.375551
0.404523
0.337710
0.338160
0.334062
0.335438
0.386686
0.351509
0.352834
0.401571
0.346728
0.345677
0.342036
0.350761
0.404299
0.416600
0.432098
0.430065
0.424662
0.401983
0.360881
0.351080
0.396894
0.377180
0.429001
0.437984
0.370913
0.417129
0.404478
0.436299
0.347712
0.353917
0.356291
0.341608
0.322582
0.327538
0.328519
0.325689
0.353316
0.366668
0.328751
0.324358
0.334736
0.330519
0.346235
0.322993
0.331342
0.355589
0.375578
0.397277
0.344876
0.331240
0.358397
0.333050
0.311451
0.341876
0.299503
0.307897
0.307438
0.305315
0.275503
0.280226
0.298198
0.288749
0.327067
0.324111
0.327439
0.335238
0.319594
0.328117
0.332212
0.322005
0.338440
0.326696
0.313169
0.314057
0.309280
0.307200
0.296432
0.310334
0.313461
0.287860
0.301844
0.310469
0.289275
0.323287
0.305099
0.290628
0.277645
0.280437
0.304697
0.291193
0.296572
0.329590
0.332768
0.341553
0.341260
0.342537
0.338019
0.344792
0.316794
0.312369
0.321520
0.313488
0.286810
0.303579
0.300485
0.293837
0.285320
0.277789
0.312317
0.313311
0.312773
0.305555
0.297359
0.296776
0.284933
0.357824
0.348103
0.368151
0.367948
0.334136
0.359969
0.351581
0.330624
0.313701
0.311294
0.356741
0.345332
0.353844
0.366097
0.362802
0.342204
0.326096
0.343188
0.338586
0.344306
0.346097
0.321633
0.332652
0.337739
0.325835
0.316000
0.306759
0.325328
0.317079
0.327401
0.329510
0.326664
0.309462
0.298354
0.086934
0.086887
0.088957
0.065052
0.053334
0.053128
0.053562
0.053585
0.051084
0.051017
0.058215
0.055879
0.049801
0.050293
0.057571
0.054054
0.054744
0.052045
0.054361
0.057696
0.052011
0.049192
0.052224
0.055252
0.052905
0.054732
0.057841
0.055383
0.056492
0.058218
0.054065
0.055055
0.059869
0.051656
0.057716
0.059699
0.072714
0.075483
0.064592
0.059595
0.051070
0.051672
0.044346
0.044194
0.058135
0.051479
0.045574
0.058155
0.069645
0.066032
0.058273
0.065597
0.065160
0.065070
0.067421
0.068743
0.065758
0.071171
0.074518
0.074264
0.075229
0.067174
0.070424
0.076690
0.063441
0.067575
0.062209
0.066035
0.060126
0.064307
0.061910
0.062560
0.061792
0.059621
0.061257
0.067209
0.055396
0.056310
0.059751
0.070235
0.074353
0.065504
0.072358
0.076578
0.061111
0.062583
0.059362
0.059180
0.057523
0.058660
0.054271
0.055636
0.056309
0.057404
0.057053
0.056417
0.061184
0.057451
0.055666
0.055945
0.057630
0.056381
0.059352
0.057102
0.061431
0.058044
0.065586
0.067934
0.067889
0.061470
0.051202
0.053652
0.050360
0.052872
0.052485
0.053505
0.058590
0.057877
0.054981
0.060605
0.076354
0.071942
0.057560
0.062968
0.095560
0.093164
0.087729
0.096098
0.103768
0.080648
0.075534
0.084791
0.092477
0.073892
0.078527
0.066560
0.106421
0.095298
0.083677
0.102136
0.112694
0.100475
0.104212
0.122132
0.113177
0.116748
0.121694
0.117410
0.117786
0.121957
0.118856
0.117144
0.115685
0.096773
0.109279
0.113845
0.103377
0.111972
0.103841
0.087046
0.096348
0.104335
0.093418
0.099505
0.106921
0.103494
0.110737
0.106571
0.112319
0.093084
0.101263
0.098501
0.092989
0.097255
0.098146
0.081417
0.085135
0.088572
0.081183
0.082111
0.082146
0.081052
0.077566
0.083926
0.089784
0.085317
0.092395
0.088283
0.090517
0.135609
0.138379
0.134482
0.128733
0.116320
0.117101
0.106702
0.131291
0.122857
0.099371
0.106578
0.124703
0.141943
0.110144
0.095606
0.091041
0.091617
0.095550
0.082356
0.075108
0.082242
0.092851
0.082753
0.094799
0.074125
0.075628
0.084682
0.096525
0.103625
0.103335
0.102400
0.093880
0.102425
0.090278
0.091058
0.090760
0.087122
0.088995
0.088404
0.083362
0.086104
0.086640
0.087936
0.087050
0.088451
0.087500
0.088626
0.102222
0.089435
0.077136
0.070996
0.065523
0.068756
0.061292
0.068324
0.066512
0.076553
0.088280
0.079260
0.083424
0.090623
0.094062
0.077196
0.072952
0.085715
0.079953
0.085232
0.084832
0.084846
0.108204
0.111315
0.081723
0.084977
0.073626
0.079469
0.084513
0.107269
0.069671
0.074627
0.071055
0.063437
0.092178
0.077157
0.058147
0.058651
0.064283
0.059073
0.091394
0.069872
0.089619
0.078389
0.090289
0.098896
0.074834
0.081212
0.106339
0.119102
0.119173
0.100083
0.101656
0.123213
0.089917
0.102605
0.078317
0.075634
0.071213
0.074165
0.059452
0.060667
0.069797
0.059024
0.056039
0.055549
0.060727
0.054806
0.056547
0.054064
0.068405
0.057539
0.067254
0.067594
0.138407
0.136914
0.138962
0.141589
0.117190
0.122672
0.144982
0.134933
0.117635
0.108197
0.115712
0.124343
0.140107
0.115442
0.093426
0.089126
0.090573
0.096224
0.080770
0.093672
0.080022
0.098468
0.105149
0.109351
0.097969
0.101584
0.095403
0.086109
0.078118
0.084479
0.078191
0.071520
0.069220
0.070961
0.076914
0.071765
0.076443
0.069647
0.070358
0.067473
0.069630
0.084896
0.081420
0.070385
0.092546
0.100149
0.092064
0.081771
0.088142
0.096432
0.068792
0.078669
0.096350
0.102016
0.086374
0.095496
0.079226
0.086591
0.071910
0.076591
0.062023
0.066215
0.062154
0.066479
0.062880
0.056718
0.074681
0.074572
0.069373
0.057531
0.054255
0.056218
0.053302
0.052245
0.058473
0.062206
0.063451
0.068644
0.095891
0.081643
0.083949
0.100574
0.083222
0.100812
0.078690
0.093000
0.075085
0.085426
0.104924
0.109970
0.101391
0.100852
0.092376
0.090921
0.116131
0.114867
0.119281
0.117808
0.111964
0.108416
0.110845
0.113415
0.101998
0.107116
0.105398
0.106095
0.112236
0.108706
0.111465
0.105711
0.113382
0.117631
0.113397
0.115230
0.113479
0.111381
0.117999
0.117012
0.107828
0.112560
0.122539
0.110832
0.101508
0.117707
0.096762
0.089984
0.091510
0.087058
0.098345
0.091020
0.084274
0.088965
0.084103
0.082098
0.114302
0.092367
0.132914
0.097183
0.109026
0.115038
0.113062
0.107228
0.127544
0.124559
0.126096
0.100859
0.097569
0.104707
0.103254
0.096730
0.097563
0.103013
0.099868
0.105708
0.103797
0.112563
0.114166
0.124985
0.068057
0.065065
0.064376
0.064444
0.070856
0.058874
0.055167
0.056540
0.062858
0.061324
0.069288
0.057890
0.072976
0.074498
0.067785
0.069494
0.072322
0.076946
0.096617
0.088559
0.106382
0.116025
0.122817
0.111905
0.105988
0.070945
0.059534
0.090907
0.078453
0.060746
0.057083
0.054330
0.054179
0.055978
0.085028
0.057109
0.067644
0.063161
0.058110
0.065259
0.062747
0.069159
0.068726
0.066067
0.072735
0.074133
0.076649
0.072561
0.084230
0.084859
0.072283
0.072802
0.117963
0.098415
0.083969
0.077990
0.092818
0.093447
0.093369
0.124184
0.130078
0.136738
0.152522
0.150924
0.156871
0.142151
0.142012
0.130459
0.127987
0.133692
0.131521
0.135136
0.135272
0.137320
0.134867
0.136410
0.121496
0.123284
0.127461
0.131058
0.137053
0.129490
0.123244
0.120915
0.133307
0.123300
0.072911
0.074511
0.074461
0.064750
0.059803
0.058648
0.057453
0.057873
0.069025
0.059230
0.059075
0.071275
0.080593
0.060350
0.058821
0.070357
0.069509
0.073605
0.076318
0.071931
0.080514
0.084118
0.069092
0.067415
0.066175
0.068684
0.067407
0.079754
0.106074
0.096133
0.106678
0.121286
0.084591
0.099453
0.100656
0.110959
0.124212
0.115841
0.107186
0.097168
0.123752
0.121291
0.120273
0.128166
0.095072
0.096435
0.089608
0.089248
0.087633
0.083332
0.091286
0.088576
0.103096
0.091172
0.112318
0.094155
0.117140
0.098714
0.100598
0.088913
0.107407
0.100845
0.080326
0.086642
0.079699
0.086759
0.082774
0.087651
0.081576
0.096212
0.091402
0.080820
0.086726
0.100975
0.094086
0.087478
0.123737
0.120605
0.128048
0.129499
0.102703
0.102993
0.124408
0.122250
0.117776
0.096259
0.098814
0.096598
0.100651
0.104181
0.092362
0.098966
0.099392
0.100426
0.105771
0.103497
0.103558
0.105507
0.122898
0.123165
0.114534
0.107724
0.111208
0.103676
0.105350
0.113656
0.113735
0.103932
0.102606
0.109445
0.114511
0.144799
0.146884
0.150240
0.150726
0.142997
0.143125
0.135167
0.134622
0.131194
0.120058
0.147244
0.148323
0.118427
0.127893
0.105818
0.132013
0.150067
0.149102
0.123604
0.123538
0.113448
0.104796
0.110610
0.113456
0.089191
0.082936
0.090524
0.100494
0.092908
0.102186
0.083992
0.090697
0.098712
0.101636
0.106303
0.103971
0.113424
0.117961
0.129303
0.136626
0.136650
0.133293
0.139058
0.142949
0.142370
0.146536
0.137282
0.143313
0.141115
0.139282
0.145757
0.136204
0.146867
0.138290
0.144383
0.144218
0.144034
0.141864
0.139857
0.139738
0.143451
0.143357
0.143056
0.139947
0.141670
0.141061
0.144070
0.142204
0.136560
0.141535
0.141958
0.139819
0.135975
0.136708
0.139812
0.132853
0.137625
0.133776
0.133976
0.155842
0.154846
0.167835
0.160653
0.148764
0.161023
0.165027
0.162762
0.150032
0.152424
0.150891
0.134192
0.146580
0.148543
0.145325
0.148460
0.141640
0.146904
0.140857
0.149917
0.135468
0.132170
0.133853
0.140758
0.124614
0.127843
0.127105
0.139207
0.147881
0.141460
0.144539
0.141184
0.134987
0.125618
0.109766
0.158255
0.155461
0.147902
0.146943
0.140538
0.118730
0.133313
0.121974
0.116380
0.109813
0.129216
0.127075
0.108440
0.120434
0.131211
0.140663
0.154317
0.138039
0.131305
0.129122
0.132231
0.128124
0.124699
0.124805
0.126266
0.131309
0.130513
0.136635
0.129546
0.140584
0.142265
0.141025
0.142958
0.126169
0.128965
0.129051
0.127571
0.127248
0.127109
0.124101
0.127251
0.126409
0.123309
0.125577
0.124625
0.126308
0.125578
0.124228
0.124720
0.125811
0.131065
0.127632
0.123286
0.137943
0.135724
0.129735
0.122055
0.119239
0.114777
0.106682
0.126022
0.121577
0.094217
0.092294
0.113547
0.103647
0.091049
0.119826
0.119929
0.135118
0.132527
0.135071
0.138076
0.117003
0.119066
0.117396
0.137386
0.139311
0.132272
0.134993
0.112887
0.106088
0.130720
0.133041
0.139215
0.135972
0.140526
0.140404
0.144097
0.130585
0.133999
0.135859
0.129615
0.133050
0.136452
0.125407
0.125298
0.121062
0.122741
0.122542
0.126020
0.122715
0.129214
0.123237
0.130026
0.129097
0.123184
0.131083
0.136402
0.115334
0.120115
0.134050
0.138120
0.121357
0.131354
0.118560
0.124786
0.115379
0.119405
0.117123
0.114728
0.110925
0.104845
0.097479
0.106034
0.096254
0.103034
0.099469
0.103875
0.106454
0.105972
0.105441
0.110017
0.103214
0.109339
0.106710
0.112870
0.133988
0.132054
0.133552
0.134943
0.109844
0.110433
0.121859
0.134968
0.133886
0.119747
0.120614
0.119863
0.137309
0.124706
0.101916
0.099626
0.103805
0.104956
0.111023
0.107451
0.105485
0.100938
0.100679
0.097032
0.098537
0.104774
0.105767
0.102977
0.095152
0.099103
0.104479
0.103942
0.099846
0.099858
0.103981
0.096427
0.096365
0.101885
0.103863
0.105387
0.100520
0.107936
0.110287
0.109659
0.112162
0.109166
0.089121
0.083701
0.092892
0.097456
0.087837
0.092328
0.101406
0.090684
0.077566
0.084484
0.072092
0.078585
0.070543
0.075527
0.079225
0.084988
0.068584
0.069323
0.065390
0.065850
0.066715
0.066424
0.068117
0.069038
0.072203
0.067073
0.067149
0.074541
0.068821
0.070074
0.072143
0.071451
0.080526
0.072759
0.112848
0.128675
0.060353
0.086185
0.104247
0.139130
0.137212
0.145707
0.134869
0.109924
0.101227
0.133930
0.088467
0.095275
0.096465
0.082905
0.084812
0.079789
0.081670
0.078630
0.080474
0.076078
0.076657
0.078100
0.070784
0.071706
0.072686
0.076341
0.077701
0.070212
0.071859
0.076523
0.068638
0.070011
0.082162
0.080436
0.085865
0.079306
0.070700
0.068144
0.072542
0.080056
0.075788
0.078760
0.097729
0.100426
0.071458
0.080009
0.054998
0.062465
0.054475
0.071626
0.057918
0.074079
0.078636
0.093763
0.118820
0.116469
0.120824
0.121820
0.096475
0.088251
0.129272
0.121677
0.101399
0.123859
0.074618
0.072297
0.074782
0.070925
0.062981
0.063219
0.058615
0.064825
0.067243
0.068340
0.068783
0.069962
0.069375
0.067299
0.069918
0.065806
0.069872
0.065757
0.065235
0.064401
0.058662
0.055110
0.051498
0.054181
0.047333
0.053275
0.047207
0.049752
0.046423
0.043839
0.058072
0.053903
0.052234
0.061698
0.059422
0.079942
0.079217
0.080647
0.082150
0.080349
0.083303
0.085380
0.082419
0.078604
0.082864
0.081800
0.075445
0.081075
0.080700
0.079946
0.078709
0.078102
0.080319
0.074276
0.072848
0.072907
0.069693
0.075182
0.071707
0.082533
0.080711
0.078830
0.084087
0.085680
0.082775
0.090940
0.079351
0.110144
0.115907
0.081199
0.078619
0.103573
0.078601
0.071592
0.067959
0.070095
0.059055
0.060544
0.063719
0.068887
0.062996
0.105846
0.077972
0.074677
0.073547
0.075136
0.075785
0.082374
0.083241
0.076389
0.076519
0.083671
0.075453
0.076578
0.071688
0.097130
0.095007
0.092415
0.099926
0.098002
0.088950
0.086145
0.095696
0.100582
0.091904
0.096981
0.085367
0.098873
0.100075
0.101552
0.103805
0.100406
0.104672
0.103666
0.100776
0.103544
0.103218
0.095188
0.094555
0.105517
0.103715
0.102731
0.101177
0.094921
0.093763
0.100131
0.100041
0.094969
0.100711
0.097330
0.095858
0.103149
0.090754
0.089947
0.119635
0.111882
0.088672
0.088447
0.089007
0.088925
0.099800
0.099749
0.087887
0.107558
0.083791
0.104820
0.110682
0.101298
0.104529
0.115320
0.137470
0.136846
0.145425
0.138458
0.130915
0.116517
0.132982
0.131710
0.130214
0.152690
0.093304
0.098385
0.095137
0.099631
0.088068
0.101336
0.089704
0.090071
0.137799
0.090095
0.083248
0.125031
0.391842
0.421077
0.350869
0.341200
0.392300
0.409166
0.429578
0.416465
0.455692
0.442381
0.436278
0.385904
0.370179
0.426003
0.440537
0.445318
0.445202
0.452781
0.458586
0.414608
0.400972
0.444134
0.452563
0.432768
0.427236
0.460314
0.460216
0.471545
0.468362
0.469170
0.469110
0.459314
0.464673
0.464696
0.448681
0.443114
0.434421
0.454886
0.455175
0.450123
0.447938
0.455674
0.451802
0.436943
0.442526
0.447805
0.447390
0.442765
0.447455
0.440633
0.443482
0.438213
0.441929
0.431085
0.435619
0.435154
0.431694
0.432874
0.435543
0.427488
0.426671
0.436765
0.439428
0.434932
0.436432
0.440425
0.431591
0.435533
0.432183
0.431870
0.436121
0.428699
0.426101
0.430788
0.434589
0.416130
0.425853
0.437913
0.441456
0.440241
0.438401
0.436954
0.429696
0.428752
0.426109
0.416793
0.412316
0.446914
0.449837
0.433543
0.455793
0.449803
0.446099
0.427564
0.426618
0.415768
0.443305
0.426880
0.410879
0.446390
0.463025
0.462067
0.461116
0.460393
0.458619
0.456800
0.463908
0.460684
0.472852
0.470282
0.469609
0.468292
0.466403
0.459328
0.469323
0.460241
0.472120
0.474149
0.472383
0.469234
0.476603
0.474165
0.470219
0.469595
0.462841
0.467935
0.472572
0.462945
0.474495
0.475192
0.477360
0.476779
0.468060
0.473053
0.476052
0.470523
0.477903
0.470577
0.474115
0.456844
0.461988
0.457482
0.459982
0.463240
0.461403
0.463523
0.462420
0.462674
0.437650
0.452195
0.448592
0.461454
0.446562
0.431794
0.434133
0.410280
0.439876
0.437446
0.436426
0.453882
0.466453
0.434306
0.463500
0.448036
0.435489
0.388737
0.378315
0.345549
0.362729
0.338927
0.328717
0.306715
0.316226
0.333288
0.304675
0.322222
0.291901
0.286900
0.298842
0.315844
0.330681
0.322766
0.356981
0.371513
0.391185
0.409251
0.415730
0.406174
0.398022
0.423261
0.410597
0.398516
0.392176
0.380341
0.406007
0.392997
0.371322
0.407283
0.415373
0.421030
0.423950
0.413378
0.400265
0.395440
0.412319
0.396558
0.382953
0.384898
0.396164
0.412889
0.405801
0.422136
0.394502
0.429518
0.431081
0.426647
0.429139
0.431457
0.431491
0.416964
0.421439
0.431392
0.423196
0.412152
0.406458
0.416635
0.402462
0.412352
0.401353
0.429141
0.419582
0.432070
0.432313
0.454212
0.460059
0.461149
0.453913
0.462673
0.459839
0.458501
0.454944
0.449736
0.445517
0.441783
0.446903
0.447822
0.439928
0.453722
0.458208
0.458109
0.452329
0.453664
0.460542
0.447248
0.446316
0.441990
0.450433
0.455222
0.464478
0.461544
0.457860
0.459272
0.458039
0.460372
0.456518
0.447538
0.442308
0.435794
0.441785
0.440475
0.437398
0.435591
0.434050
0.445086
0.441494
0.437035
0.436577
0.451744
0.450966
0.453038
0.448722
0.462040
0.456535
0.448993
0.458046
0.442913
0.439549
0.441689
0.446176
0.455198
0.445709
0.450930
0.441203
0.460706
0.455564
0.468665
0.467320
0.460694
0.462327
0.468036
0.468562
0.443746
0.441450
0.446016
0.464234
0.466521
0.462190
0.467936
0.444974
0.464145
0.470657
0.458326
0.466328
0.429276
0.423432
0.443706
0.432075
0.403516
0.435541
0.436989
0.452862
0.436966
0.457797
0.455523
0.439048
0.421573
0.451406
0.430944
0.409968
0.313638
0.313507
0.319865
0.304364
0.343077
0.337282
0.357978
0.337795
0.337117
0.283694
0.286335
0.293747
0.289950
0.326112
0.313478
0.295475
0.276642
0.271911
0.322634
0.297780
0.362187
0.380432
0.375961
0.364026
0.391479
0.392341
0.416559
0.410329
0.393507
0.361168
0.357743
0.383092
0.356783
0.369879
0.383787
0.381091
0.391791
0.397637
0.404702
0.406386
0.403849
0.411815
0.434551
0.431030
0.427433
0.391916
0.405660
0.422226
0.380098
0.385566
0.380812
0.392038
0.417862
0.427789
0.432857
0.426028
0.439699
0.443458
0.448787
0.450548
0.443656
0.415247
0.420996
0.437998
0.402376
0.414858
0.433541
0.423432
0.449411
0.446332
0.444813
0.450134
0.445782
0.442717
0.444082
0.447620
0.449045
0.448327
0.446733
0.447348
0.447272
0.447115
0.455610
0.453236
0.448264
0.439422
0.435999
0.444512
0.436328
0.431699
0.436770
0.443216
0.442605
0.443748
0.448674
0.454716
0.457663
0.451566
0.443680
0.438271
0.438421
0.442982
0.444783
0.434622
0.440632
0.444115
0.445667
0.445274
0.432014
0.432746
0.428591
0.429392
0.432998
0.435410
0.438985
0.437282
0.432925
0.437194
0.437028
0.434390
0.447088
0.446080
0.446180
0.439840
0.435050
0.448734
0.441829
0.437717
0.436674
0.433811
0.429308
0.430268
0.427697
0.430415
0.439294
0.433889
0.432450
0.439422
0.446058
0.441491
0.434246
0.440430
0.434276
0.448318
0.422309
0.430235
0.424618
0.423882
0.383840
0.373763
0.398364
0.410230
0.365075
0.385548
0.407626
0.408177
0.414872
0.419207
0.420076
0.416449
0.425825
0.420451
0.385180
0.421777
0.447233
0.453151
0.453888
0.447737
0.453960
0.455564
0.452954
0.449422
0.444843
0.444922
0.443999
0.448760
0.456997
0.455028
0.454128
0.440693
0.444523
0.456692
0.444166
0.442983
0.434209
0.436054
0.443982
0.443894
0.439562
0.448571
0.457241
0.454917
0.451434
0.455396
0.447168
0.455588
0.443698
0.442600
0.443573
0.441081
0.464001
0.462816
0.464348
0.466324
0.462542
0.459994
0.456932
0.462650
0.464405
0.460163
0.462041
0.455929
0.464639
0.464448
0.466644
0.468507
0.462274
0.459880
0.457076
0.456268
0.455741
0.449205
0.439450
0.447951
0.450791
0.443363
0.446622
0.438138
0.451142
0.449485
0.463731
0.457145
0.449807
0.443557
0.444466
0.444204
0.425034
0.441723
0.410681
0.425393
0.431857
0.412748
0.422230
0.391972
0.433296
0.429770
0.455058
0.446380
0.408259
0.424844
0.408922
0.379259
0.415477
0.408646
0.401587
0.391179
0.366807
0.361435
0.360252
0.345469
0.400975
0.365692
0.415832
0.428248
0.460981
0.464156
0.460162
0.461191
0.470965
0.467742
0.463846
0.461040
0.461843
0.461542
0.462585
0.464886
0.458468
0.464432
0.463458
0.458269
0.455629
0.460949
0.463310
0.459495
0.461810
0.466907
0.461869
0.456749
0.467642
0.463769
0.457631
0.454586
0.453352
0.452160
0.453173
0.451093
0.452271
0.453425
0.452756
0.454423
0.466358
0.450748
0.455608
0.454159
0.454731
0.446277
0.452683
0.446297
0.453510
0.453532
0.461302
0.460138
0.459537
0.463843
0.468695
0.469567
0.463604
0.464936
0.468821
0.465703
0.471748
0.464671
0.470009
0.464888
0.473804
0.459983
0.461274
0.457325
0.465542
0.464053
0.458525
0.461592
0.457714
0.458114
0.468293
0.464882
0.475343
0.472965
0.476554
0.471698
0.476433
0.472078
0.475485
0.466937
0.471810
0.473301
0.462926
0.473984
0.468747
0.463302
0.474203
0.473682
0.476411
0.476040
0.465455
0.474146
0.470864
0.463041
0.471443
0.467566
0.465629
0.474374
0.464734
0.466435
0.480128
0.481011
0.481436
0.476072
0.478337
0.476568
0.480554
0.480496
0.480244
0.479440
0.480007
0.478715
0.475690
0.467996
0.472052
0.475752
0.471556
0.471930
0.467953
0.461574
0.464421
0.461869
0.465144
0.453949
0.448471
0.438598
0.444714
0.433196
0.428259
0.452891
0.451634
0.475048
0.465590
0.470165
0.462898
0.451761
0.446361
0.458148
0.465674
0.454161
0.454694
0.455994
0.454446
0.442544
0.445806
0.455578
0.459497
0.457437
0.460834
0.458334
0.457931
0.459282
0.458187
0.456369
0.460296
0.458486
0.452637
0.454112
0.459434
0.473245
0.470621
0.470151
0.468594
0.470663
0.468098
0.459622
0.466424
0.463669
0.474755
0.469356
0.461991
0.480534
0.476596
0.476809
0.474831
0.441880
0.451616
0.466088
0.454700
0.469097
0.458678
0.470308
0.464169
0.448835
0.458580
0.428235
0.440552
0.425867
0.423567
0.411337
0.416918
0.420688
0.410028
0.419145
0.427546
0.434805
0.434559
0.444866
0.440914
0.438845
0.434143
0.432776
0.431058
0.439709
0.427041
0.439133
0.451461
0.407867
0.428536
0.434160
0.445652
0.454011
0.449572
0.453956
0.431192
0.461980
0.460099
0.455750
0.460251
0.457132
0.452915
0.460749
0.463452
0.451262
0.451727
0.457468
0.451165
0.441294
0.440169
0.426495
0.444611
0.447097
0.445564
0.445399
0.449211
0.451194
0.448399
0.454390
0.450249
0.397722
0.407736
0.424993
0.415409
0.433743
0.423727
0.439336
0.428913
0.421471
0.420099
0.385156
0.408567
0.449500
0.451584
0.448148
0.447657
0.452018
0.452320
0.449901
0.446843
0.444052
0.438506
0.430423
0.442380
0.437559
0.427686
0.449737
0.447293
0.457196
0.458570
0.459006
0.457933
0.460106
0.459530
0.458820
0.460485
0.458007
0.458427
0.455850
0.457397
0.454917
0.454782
0.455914
0.456079
0.440391
0.447598
0.456924
0.453336
0.451163
0.462526
0.462336
0.457798
0.453669
0.458860
0.458796
0.461853
0.448516
0.457830
0.431450
0.446447
0.370408
0.389994
0.422574
0.403859
0.398774
0.416753
0.432120
0.433306
0.414659
0.440230
0.432452
0.440557
0.402480
0.423282
0.353151
0.381417
0.344040
0.331978
0.354035
0.363279
0.333564
0.348289
0.373684
0.368109
0.382369
0.364469
0.341134
0.382215
0.325496
0.329148
0.328044
0.331458
0.319390
0.308295
0.314933
0.328907
0.345442
0.348616
0.368470
0.358720
0.346690
0.368120
0.398932
0.393635
0.378894
0.336471
0.351014
0.368360
0.337423
0.341164
0.315032
0.333669
0.313396
0.316621
0.338018
0.335645
0.438179
0.443117
0.440062
0.445383
0.463681
0.459667
0.463073
0.461169
0.457378
0.467331
0.464036
0.467010
0.459407
0.459280
0.443549
0.446901
0.471857
0.470860
0.464068
0.467680
0.463668
0.467901
0.466838
0.463517
0.467495
0.470685
0.471294
0.473258
0.473998
0.471473
0.469068
0.468429
0.466306
0.456340
0.455265
0.448774
0.452518
0.451664
0.446417
0.451625
0.451217
0.454828
0.454101
0.468552
0.466523
0.457401
0.458531
0.468169
0.466883
0.472269
0.467006
0.463707
0.468724
0.463440
0.472942
0.473613
0.474565
0.475940
0.469010
0.470994
0.476714
0.476440
0.467606
0.473677
0.468016
0.473089
0.474640
0.471677
0.474702
0.467920
0.475750
0.476976
0.472861
0.476564
0.466710
0.468814
0.466244
0.462170
0.472901
0.472782
0.468024
0.459282
0.458946
0.455746
0.457327
0.467889
0.457625
0.455144
0.462597
0.460408
0.466073
0.457366
0.460101
0.446372
0.451665
0.463393
0.465161
0.461876
0.457399
0.464457
0.463688
0.467884
0.463734
0.475222
0.474058
0.474374
0.475504
0.472974
0.470579
0.476827
0.477812
0.476696
0.476965
0.477081
0.457658
0.463431
0.471096
0.468708
0.455831
0.469066
0.470947
0.469215
0.468397
0.468300
0.466477
0.472572
0.466749
0.465237
0.450768
0.466891
0.466129
0.467309
0.460110
0.460955
0.451135
0.445119
0.429451
0.453100
0.458040
0.460706
0.459837
0.464082
0.463905
0.460850
0.461869
0.472441
0.446592
0.454916
0.467829
0.458186
0.474149
0.464307
0.476968
0.475798
0.438899
0.456162
0.472744
0.447670
0.426551
0.439207
0.444287
0.433885
0.418257
0.412347
0.433169
0.433851
0.445380
0.440944
0.443356
0.450294
0.440504
0.436276
0.428786
0.412364
0.449419
0.432501
0.431401
0.453361
0.406999
0.404517
0.397622
0.421424
0.439902
0.465689
0.465763
0.461980
0.466431
0.456361
0.445670
0.419150
0.416894
0.428736
0.445695
0.433760
0.418902
0.433540
0.441619
0.453020
0.437587
0.452038
0.455987
0.449158
0.430997
0.444999
0.408603
0.417609
0.393404
0.393261
0.380982
0.377430
0.407589
0.389186
0.371807
0.358620
0.350305
0.383087
0.377224
0.358699
0.396066
0.397516
0.414791
0.397942
0.413767
0.404166
0.394242
0.409226
0.395625
0.382528
0.419450
0.421936
0.435396
0.428223
0.417988
0.404089
0.405433
0.399701
0.423410
0.419813
0.395679
0.424871
0.408854
0.404056
0.416459
0.420207
0.405072
0.404369
0.390506
0.397063
0.393644
0.384497
0.365764
0.395043
0.373831
0.350712
0.404296
0.394918
0.398554
0.372554
0.341822
0.329603
0.344291
0.329053
0.295664
0.300615
0.306837
0.344923
0.322690
0.373396
0.397648
0.403729
0.425216
0.417964
0.411560
0.424389
0.408796
0.423908
0.418150
0.406686
0.434861
0.426803
0.437410
0.432413
0.437542
0.435411
0.431900
0.432789
0.439258
0.432028
0.441125
0.445028
0.433169
0.435082
0.443894
0.447104
0.435271
0.428919
0.412171
0.413467
0.418338
0.430138
0.413500
0.431415
0.380955
0.393067
0.400141
0.386536
0.394201
0.386721
0.391953
0.382162
0.404435
0.385591
0.375040
0.402522
0.382187
0.365770
0.379321
0.402617
0.421959
0.422426
0.421645
0.416000
0.440491
0.430371
0.415240
0.416000
0.408215
0.423684
0.411641
0.401898
0.426139
0.423855
0.438403
0.443986
0.412805
0.367023
0.377006
0.412409
0.347920
0.339606
0.338324
0.374132
0.388820
0.412255
0.435128
0.445616
0.451218
0.409572
0.381865
0.362944
0.333412
0.332941
0.315962
0.321596
0.328869
0.319907
0.330305
0.327324
0.357663
0.343372
0.357673
0.343304
0.355722
0.339896
0.350427
0.330764
0.373762
0.376640
0.366785
0.377752
0.378181
0.385275
0.396126
0.380671
0.382642
0.386289
0.366762
0.376995
0.416361
0.429299
0.439087
0.432752
0.438603
0.445650
0.432085
0.416879
0.406121
0.414958
0.425232
0.406833
0.395448
0.405169
0.415305
0.421912
0.416515
0.426603
0.418405
0.403285
0.423974
0.411660
0.410713
0.417068
0.401514
0.408928
0.386861
0.409974
0.358882
0.383168
0.374709
0.350425
0.386977
0.401863
0.388157
0.360800
0.416253
0.410347
0.382968
0.394945
0.403677
0.384491
0.378928
0.382314
0.393398
0.387661
0.399972
0.377189
0.405084
0.408302
0.425969
0.408226
0.403461
0.408379
0.389706
0.379390
0.430068
0.410815
0.408924
0.386802
0.377669
0.384898
0.370165
0.410782
0.374442
0.363822
0.398401
0.376021
0.429561
0.431173
0.435408
0.433779
0.442983
0.448190
0.447900
0.438673
0.433049
0.432565
0.432013
0.427955
0.432073
0.432333
0.431142
0.440984
0.422396
0.414340
0.426019
0.424741
0.428666
0.430763
0.407505
0.413640
0.412891
0.423903
0.427888
0.410414
0.428712
0.417441
0.419729
0.437854
0.343761
0.352788
0.352087
0.343484
0.359077
0.366732
0.367842
0.359874
0.357581
0.328917
0.336145
0.357942
0.321178
0.331816
0.332544
0.344859
0.403632
0.391335
0.379008
0.390913
0.369332
0.383047
0.363842
0.383282
0.390669
0.396978
0.422208
0.402762
0.364912
0.375889
0.336411
0.328905
0.374762
0.348642
0.302771
0.284984
0.289179
0.344553
0.327518
0.297351
0.379079
0.395266
0.401986
0.403539
0.357432
0.379694
0.420015
0.390731
0.383967
0.418067
0.433915
0.438811
0.407123
0.446610
0.439823
0.442587
0.453217
0.453070
0.444377
0.382698
0.429586
0.433190
0.337250
0.350374
0.262102
0.260911
0.282016
0.278711
0.285203
0.315609
0.346339
0.306639
0.300906
0.338415
0.325598
0.362591
0.297928
0.314911
0.282559
0.271781
0.252778
0.243281
0.235868
0.249940
0.254050
0.273413
0.265741
0.285095
0.291692
0.276668
0.269437
0.267656
0.254449
0.233777
0.230692
0.254960
0.264721
0.225140
0.243696
0.247784
0.262492
0.270878
0.294901
0.262423
0.322210
0.330969
0.293770
0.283111
0.306771
0.322927
0.337466
0.362870
0.272296
0.274919
0.271173
0.282650
0.282358
0.276952
0.247057
0.249258
0.254053
0.255436
0.260094
0.257603
0.254448
0.254222
0.234484
0.271543
0.325526
0.344181
0.304461
0.298467
0.376244
0.365651
0.340581
0.277510
0.284188
0.245369
0.250734
0.296677
0.254994
0.296977
0.255569
0.248308
0.298203
0.318867
0.308304
0.287672
0.415302
0.417167
0.439593
0.431604
0.364862
0.438754
0.443176
0.430019
0.427708
0.402783
0.401013
0.408670
0.398754
0.373415
0.321734
0.439553
0.450551
0.416842
0.410730
0.342754
0.365103
0.294533
0.302763
0.335847
0.350994
0.287459
0.320477
0.430638
0.419983
0.413048
0.423356
0.448545
0.427443
0.373737
0.448018
0.432062
0.387921
0.342546
0.405721
0.405109
0.432935
0.429165
0.448997
0.452367
0.440312
0.432940
0.436380
0.442481
0.427795
0.403819
0.419890
0.430169
0.377139
0.447459
0.439483
0.417114
0.439559
0.400074
0.453723
0.461012
0.434634
0.415816
0.374714
0.388509
0.398899
0.393689
0.405979
0.432417
0.413363
0.398170
0.426021
0.400456
0.393491
0.398472
0.417172
0.431144
0.386495
0.364766
0.355957
0.363651
0.369030
0.384349
0.448840
0.445391
0.433578
0.411617
0.411708
0.380820
0.374047
0.421314
0.437540
0.427162
0.443788
0.413869
0.450748
0.443768
0.426356
0.431641
0.435449
0.412063
0.417837
0.418100
0.420895
0.411747
0.417110
0.408082
0.424517
0.426247
0.390129
0.413695
0.417664
0.424631
0.426850
0.427370
0.431494
0.419613
0.440602
0.429529
0.432520
0.433902
0.421788
0.426298
0.431539
0.404882
0.420858
0.393217
0.366481
0.350594
0.379882
0.353517
0.318003
0.398165
0.370394
0.416821
0.424293
0.453909
0.434205
0.459083
0.466327
0.465640
0.458670
0.451541
0.427559
0.409299
0.446934
0.431692
0.445671
0.458943
0.422202
0.427645
0.457209
0.466087
0.459856
0.457837
0.444624
0.443442
0.430853
0.428852
0.425478
0.421973
0.438618
0.435793
0.443330
0.450979
0.453627
0.458257
0.455831
0.457824
0.452825
0.454279
0.458153
0.429235
0.431353
0.419350
0.415977
0.414985
0.415209
0.413099
0.415289
0.413566
0.411765
0.423854
0.413977
0.449176
0.440653
0.453856
0.431882
0.461007
0.468487
0.471060
0.474328
0.453743
0.455391
0.471866
0.455223
0.445036
0.422706
0.444409
0.443399
0.415954
0.439092
0.436796
0.434789
0.419125
0.403403
0.405847
0.406441
0.411821
0.398258
0.393824
0.332259
0.338837
0.338580
0.321943
0.383215
0.371887
0.379954
0.319375
0.314141
0.316918
0.312517
0.365775
0.362820
0.306294
0.310007
0.330519
0.311698
0.311153
0.329818
0.315771
0.322209
0.310809
0.310764
0.318480
0.406181
0.365186
0.337620
0.395896
0.338999
0.323641
0.352580
0.368208
0.396133
0.393465
0.412858
0.373487
0.434414
0.434213
0.425518
0.434435
0.445907
0.439393
0.464937
0.457581
0.455660
0.468827
0.459041
0.446696
0.466013
0.446446
0.439906
0.455259
0.468148
0.471868
0.469459
0.485261
0.485249
0.485582
0.484777
0.485574
0.482508
0.484336
0.486411
0.485221
0.485403
0.484014
0.485196
0.481530
0.483628
0.483535
0.479871
0.485825
0.485038
0.484503
0.482474
0.482777
0.484990
0.481187
0.477359
0.478951
0.475549
0.475298
0.468874
0.462735
0.473117
0.465576
0.459197
0.463493
0.477877
0.474282
0.464917
0.481771
0.483746
0.481914
0.481221
0.460498
0.479129
0.477143
0.456233
0.479996
0.459144
0.472177
0.478825
0.461780
0.477650
0.482808
0.481823
0.486624
0.482094
0.487368
0.485684
0.486969
0.487016
0.485805
0.486435
0.485841
0.486225
0.484975
0.484869
0.484353
0.478337
0.473811
0.483593
0.483632
0.460037
0.470074
0.475274
0.466640
0.466587
0.482119
0.472975
0.477354
0.447817
0.473806
0.442238
0.470094
0.426802
0.459847
0.398162
0.430253
0.436372
0.416396
0.477083
0.475027
0.394731
0.480699
0.477903
0.438516
0.469065
0.469379
0.361705
0.416654
0.350342
0.391721
0.336058
0.365332
0.316903
0.354324
0.351768
0.399832
0.321931
0.338548
0.378532
0.419237
0.413439
0.453381
0.354790
0.421777
0.453289
0.465687
0.448727
0.476214
0.477372
0.472267
0.471796
0.457464
0.455110
0.327251
0.330500
0.330560
0.320582
0.319597
0.323018
0.338410
0.357639
0.337173
0.363796
0.313045
0.313334
0.310193
0.317662
0.331526
0.346977
0.327551
0.326511
0.325280
0.332804
0.370588
0.336160
0.315001
0.327540
0.415846
0.407319
0.460439
0.467452
0.402907
0.471459
0.446769
0.425812
0.464279
0.461664
0.462205
0.458213
0.395797
0.402212
0.383725
0.359559
0.372260
0.411686
0.448503
0.457714
0.471450
0.476836
0.478172
0.475089
0.476010
0.479963
0.476541
0.466945
0.474578
0.478360
0.479386
0.479356
0.479806
0.479307
0.479590
0.479413
0.481467
0.479320
0.479224
0.481395
0.479608
0.477856
0.479063
0.480683
0.481880
0.483304
0.483241
0.483073
0.483739
0.484741
0.482441
0.485255
0.483498
0.474118
0.470998
0.473643
0.468324
0.475593
0.477420
0.475977
0.477354
0.476954
0.478914
0.473858
0.469672
0.470824
0.474222
0.480762
0.481500
0.478594
0.484483
0.482677
0.483050
0.482691
0.485525
0.485847
0.485983
0.485027
0.483726
0.482800
0.486547
0.487058
0.486618
0.483948
0.483705
0.482616
0.485123
0.483631
0.480120
0.486503
0.478878
0.478800
0.479714
0.461213
0.465261
0.475379
0.468555
0.443638
0.469998
0.441875
0.422797
0.428743
0.479527
0.484294
0.466428
0.479257
0.487826
0.481712
0.483660
0.482709
0.480164
0.477341
0.474908
0.451972
0.469774
0.467703
0.479911
0.478099
0.475135
0.480801
0.471698
0.475548
0.483002
0.479686
0.483878
0.475973
0.473863
0.467536
0.473488
0.429147
0.429084
0.439156
0.476455
0.479726
0.451060
0.475537
0.473905
0.464997
0.459780
0.463941
0.476088
0.474615
0.466595
0.456469
0.437711
0.430588
0.436923
0.450976
0.445932
0.461983
0.472395
0.473775
0.478684
0.467124
0.479936
0.451644
0.443829
0.405580
0.379244
0.420445
0.378681
0.400111
0.428821
0.395531
0.389299
0.371126
0.374461
0.351213
0.399801
0.388578
0.417722
0.398266
0.428441
0.445796
0.441924
0.447756
0.477761
0.476723
0.484880
0.474946
0.484073
0.475124
0.482570
0.467618
0.472032
0.452561
0.434754
0.456576
0.446574
0.469678
0.460125
0.421589
0.418368
0.424856
0.415143
0.419393
0.431932
0.416440
0.432255
0.413425
0.437758
0.455970
0.436834
0.327457
0.351415
0.338379
0.320584
0.357204
0.344960
0.303646
0.306773
0.304775
0.287166
0.320245
0.315316
0.344050
0.335678
0.367210
0.360207
0.394066
0.384341
0.401706
0.414440
0.423005
0.423502
0.430739
0.432452
0.440068
0.445488
0.436499
0.426089
0.432402
0.441314
0.436175
0.452297
0.431443
0.421473
0.421595
0.429698
0.405239
0.410522
0.395218
0.380323
0.420210
0.407673
0.390753
0.373500
0.419681
0.412821
0.410254
0.425647
0.426157
0.424511
0.417060
0.426423
0.433957
0.436304
0.428031
0.433257
0.439022
0.442937
0.418692
0.422987
0.430490
0.434711
0.427730
0.429850
0.445304
0.447550
0.443858
0.440386
0.447112
0.450755
0.438189
0.440084
0.442470
0.432482
0.444005
0.440353
0.451768
0.453447
0.447741
0.448214
0.460967
0.458375
0.456420
0.460126
0.448933
0.449812
0.428383
0.420160
0.461680
0.443797
0.436745
0.419960
0.463557
0.457077
0.469522
0.461130
0.472337
0.467982
0.465522
0.470399
0.456380
0.455649
0.457049
0.459550
0.452041
0.457329
0.453381
0.466287
0.469077
0.461263
0.471964
0.475465
0.462852
0.455228
0.459450
0.461418
0.418730
0.411945
0.436851
0.433066
0.444140
0.439170
0.450856
0.453409
0.449895
0.436744
0.451899
0.456425
0.430069
0.419953
0.424363
0.433359
0.392512
0.395822
0.384384
0.364005
0.411127
0.400522
0.379021
0.355193
0.395120
0.396814
0.403462
0.420887
0.358221
0.353413
0.384744
0.380251
0.359177
0.392640
0.409697
0.405234
0.400602
0.353156
0.373348
0.397067
0.341034
0.323967
0.330052
0.328489
0.433651
0.446343
0.436346
0.442054
0.457404
0.444059
0.444112
0.455420
0.429298
0.433950
0.431079
0.435984
0.456938
0.443291
0.459051
0.469265
0.431856
0.440705
0.441942
0.455216
0.460672
0.469372
0.467164
0.474155
0.466717
0.470300
0.465407
0.459935
0.451656
0.438832
0.426370
0.397800
0.409273
0.363293
0.384638
0.369775
0.349858
0.387168
0.376805
0.404653
0.400997
0.421438
0.422174
0.447789
0.440391
0.440967
0.452840
0.446125
0.454998
0.453088
0.464602
0.466391
0.462298
0.470076
0.469587
0.458940
0.457377
0.460998
0.458066
0.435793
0.432482
0.433812
0.437264
0.434260
0.439629
0.439442
0.446888
0.451785
0.447126
0.449930
0.450387
0.449482
0.439793
0.441550
0.449146
0.447617
0.444593
0.435367
0.436397
0.428801
0.432593
0.428157
0.430492
0.448660
0.437602
0.433662
0.447647
0.462374
0.453914
0.442541
0.456267
0.467976
0.464778
0.454265
0.462744
0.448026
0.459240
0.446989
0.457185
0.468359
0.472437
0.475580
0.477770
0.474360
0.474593
0.473294
0.476845
0.471075
0.477694
0.476650
0.477153
0.475346
0.476433
0.474439
0.474797
0.475563
0.476752
0.475449
0.471604
0.478412
0.467234
0.478337
0.477865
0.478685
0.477365
0.473991
0.479760
0.476034
0.465697
0.468953
0.470944
0.466612
0.476528
0.464839
0.480101
0.467284
0.479710
0.469788
0.388076
0.414190
0.388172
0.350058
0.415703
0.399803
0.328035
0.350800
0.326952
0.314371
0.349277
0.365386
0.358533
0.340023
0.381116
0.386275
0.391918
0.400873
0.398723
0.412676
0.447791
0.456067
0.460223
0.448756
0.471361
0.454031
0.468760
0.456090
0.435720
0.438732
0.446950
0.439282
0.425878
0.441418
0.431673
0.427643
0.413798
0.419425
0.425649
0.421945
0.430320
0.424291
0.431303
0.418902
0.421517
0.410949
0.402928
0.418733
0.456474
0.459466
0.458996
0.456850
0.428816
0.438452
0.447829
0.470177
0.465198
0.454761
0.455429
0.459530
0.455958
0.458643
0.454146
0.426200
0.473730
0.472466
0.465640
0.471231
0.459646
0.468186
0.459846
0.469482
0.447633
0.476060
0.475376
0.445938
0.461719
0.477280
0.479032
0.458665
0.477804
0.476147
0.479302
0.479164
0.469620
0.473232
0.477103
0.479013
0.441317
0.479427
0.420187
0.476653
0.421253
0.474185
0.426407
0.460403
0.466513
0.467531
0.476933
0.476190
0.470367
0.478501
0.461097
0.472979
0.412233
0.455742
0.404689
0.456485
0.403052
0.452921
0.421025
0.460689
0.464546
0.460969
0.448793
0.452881
0.452811
0.434955
0.463680
0.458273
0.479963
0.475874
0.478757
0.474274
0.474865
0.470477
0.464014
0.460374
0.455995
0.464504
0.482339
0.479175
0.485275
0.479686
0.484833
0.481968
0.473654
0.479782
0.444574
0.471765
0.423544
0.412031
0.431156
0.418923
0.436667
0.445064
0.400580
0.385973
0.392740
0.425144
0.413348
0.387524
0.429789
0.410475
0.421919
0.450620
0.276869
0.278704
0.306032
0.294061
0.313871
0.324350
0.344830
0.355851
0.346392
0.307834
0.349229
0.331755
0.313822
0.285898
0.276936
0.258140
0.299018
0.273831
0.271209
0.305333
0.255467
0.256626
0.258685
0.265602
0.288304
0.226892
0.218223
0.225682
0.243386
0.251592
0.215588
0.218630
0.298480
0.277475
0.269182
0.273846
0.350554
0.367294
0.363539
0.349950
0.365711
0.373084
0.374811
0.372094
0.342355
0.339276
0.360792
0.365284
0.333844
0.368013
0.348504
0.346540
0.337703
0.320353
0.349761
0.326828
0.202847
0.214964
0.185106
0.164537
0.199087
0.182284
0.162246
0.181960
0.251427
0.212607
0.195996
0.250318
0.264380
0.214017
0.223276
0.263862
0.296601
0.306826
0.260266
0.239275
0.243145
0.225743
0.214048
0.191918
0.196197
0.179024
0.219221
0.288606
0.253990
0.226669
0.196007
0.241550
0.258567
0.213087
0.239334
0.220946
0.239217
0.236691
0.238149
0.277104
0.238367
0.255289
0.254088
0.265264
0.380297
0.367290
0.388640
0.405707
0.366473
0.375979
0.408633
0.414299
0.374406
0.405453
0.375663
0.386616
0.367630
0.381636
0.343391
0.369147
0.311554
0.300022
0.340010
0.352321
0.287428
0.320680
0.313393
0.352929
0.289603
0.278021
0.246322
0.260502
0.305989
0.338664
0.339750
0.303562
0.324102
0.292990
0.293041
0.281883
0.277985
0.280407
0.298634
0.341577
0.277907
0.284064
0.274247
0.279783
0.283634
0.291210
0.302282
0.294942
0.307738
0.295422
0.290149
0.302016
0.287440
0.313327
0.283931
0.333269
0.339862
0.342349
0.373071
0.363202
0.356874
0.360561
0.357513
0.335066
0.408901
0.426667
0.427919
0.410822
0.429255
0.443727
0.402032
0.400354
0.370263
0.386947
0.397171
0.407853
0.424464
0.409209
0.425877
0.411406
0.430619
0.441737
0.449610
0.440492
0.452535
0.440273
0.451889
0.454065
0.424548
0.454599
0.414977
0.422346
0.333930
0.345167
0.289948
0.274655
0.231683
0.248031
0.224195
0.212637
0.192655
0.210038
0.225403
0.251759
0.290421
0.302855
0.276345
0.274731
0.364498
0.365835
0.378679
0.396676
0.362915
0.379090
0.398598
0.404752
0.406693
0.382658
0.402274
0.409609
0.363827
0.365974
0.357501
0.356086
0.414561
0.414247
0.411456
0.422332
0.431949
0.419814
0.440672
0.441194
0.427850
0.409623
0.440188
0.403814
0.265902
0.301480
0.293264
0.241966
0.327974
0.328022
0.220889
0.206707
0.202559
0.207179
0.226708
0.238208
0.260906
0.270826
0.303921
0.309055
0.264940
0.277853
0.270964
0.239136
0.301703
0.292319
0.238445
0.219964
0.235623
0.254690
0.295673
0.271946
0.297437
0.282678
0.302557
0.336840
0.288739
0.282282
0.327383
0.353398
0.357071
0.371519
0.375152
0.387238
0.357490
0.365922
0.334499
0.351174
0.318469
0.302019
0.318243
0.320007
0.315033
0.322747
0.325144
0.324599
0.309713
0.310312
0.292706
0.284779
0.294445
0.332673
0.309755
0.280423
0.304703
0.294857
0.298740
0.301565
0.299541
0.282142
0.299990
0.333543
0.274508
0.260416
0.288270
0.282341
0.344592
0.330574
0.368633
0.373833
0.407550
0.415889
0.423060
0.399523
0.430521
0.431162
0.417349
0.403741
0.417049
0.398274
0.396307
0.399786
0.384791
0.370926
0.328546
0.377309
0.335286
0.351091
0.306153
0.300495
0.409474
0.419291
0.389148
0.375016
0.371336
0.383758
0.396935
0.383502
0.377900
0.397195
0.432061
0.429496
0.418524
0.337969
0.373729
0.409595
0.329675
0.294516
0.337549
0.356685
0.418464
0.430139
0.390028
0.388255
0.379525
0.379426
0.376471
0.377660
0.351653
0.376819
0.374422
0.385888
0.395994
0.427140
0.398637
0.420700
0.343849
0.393879
0.404864
0.377508
0.420204
0.429483
0.324867
0.354278
0.259516
0.267496
0.290779
0.314740
0.337040
0.365136
0.374426
0.396904
0.313256
0.332257
0.334707
0.289026
0.349202
0.349804
0.278814
0.255734
0.300506
0.276981
0.309033
0.293895
0.311028
0.308903
0.341492
0.339985
0.355743
0.338732
0.318646
0.345276
0.322210
0.349045
0.343515
0.327914
0.404034
0.369204
0.365246
0.409114
0.401597
0.379333
0.372612
0.404011
0.434364
0.428160
0.428240
0.442004
0.451168
0.458672
0.457379
0.464883
0.461301
0.470751
0.460726
0.460139
0.454573
0.451942
0.454146
0.454265
0.432510
0.456642
0.446840
0.442149
0.459981
0.418959
0.393576
0.407952
0.403480
0.384883
0.381763
0.362298
0.360418
0.363808
0.360890
0.367824
0.373162
0.358167
0.386922
0.357307
0.368260
0.364693
0.373507
0.378268
0.367703
0.405671
0.384143
0.390959
0.418467
0.402041
0.380937
0.427387
0.413487
0.406630
0.423687
0.409062
0.414985
0.421579
0.436597
0.426885
0.423795
0.407882
0.407226
0.402652
0.407702
0.390373
0.400963
0.383722
0.388479
0.402772
0.413568
0.415876
0.407060
0.402336
0.388711
0.389326
0.391926
0.386353
0.386305
0.365487
0.380351
0.403312
0.374070
0.386780
0.413890
0.415169
0.389638
0.390889
0.407703
0.396096
0.366190
0.361899
0.362869
0.368996
0.388287
0.393766
0.390744
0.390491
0.386993
0.388104
0.375311
0.389670
0.379043
0.385460
0.362490
0.379884
0.448690
0.463536
0.456007
0.449396
0.468012
0.464348
0.464682
0.458395
0.452651
0.416581
0.445220
0.445514
0.432964
0.447293
0.429240
0.440635
0.417106
0.453116
0.463411
0.460565
0.470138
0.473728
0.476829
0.475193
0.471564
0.474114
0.475499
0.475872
0.472965
0.467459
0.471867
0.468157
0.459595
0.464849
0.467411
0.463974
0.460666
0.470951
0.473381
0.461952
0.471455
0.466142
0.471016
0.475298
0.465816
0.468358
0.474721
0.473797
0.463451
0.457052
0.452797
0.450148
0.406352
0.414385
0.450737
0.444286
0.419374
0.443088
0.459888
0.464803
0.453622
0.470114
0.463593
0.466825
0.440610
0.455942
0.400547
0.427839
0.380409
0.374499
0.377697
0.365477
0.374177
0.375294
0.384372
0.374549
0.367849
0.382657
0.375075
0.391195
0.370627
0.369677
0.362495
0.359628
0.409129
0.429441
0.436808
0.397760
0.414399
0.428881
0.451435
0.447342
0.456928
0.456640
0.437346
0.435709
0.456777
0.457620
0.431540
0.452894
0.455216
0.413768
0.420060
0.420644
0.407887
0.402972
0.433152
0.421348
0.390244
0.379520
0.374197
0.377765
0.401195
0.403300
0.401681
0.410689
0.412654
0.404134
0.436438
0.439878
0.444119
0.448066
0.436487
0.433850
0.424950
0.444173
0.440707
0.441134
0.437488
0.413093
0.399786
0.435593
0.439417
0.445772
0.422557
0.426606
0.446785
0.439215
0.431973
0.444723
0.444247
0.452908
0.443021
0.448399
0.441132
0.441456
0.434409
0.433596
0.409229
0.426620
0.412823
0.413651
0.422402
0.425597
0.406903
0.411590
0.421064
0.433394
0.434142
0.420770
0.400885
0.428956
0.392469
0.396488
0.395108
0.392863
0.405860
0.404862
0.413476
0.412556
0.395402
0.411906
0.414356
0.412425
0.414043
0.403904
0.408611
0.410467
0.394460
0.396060
0.388596
0.372673
0.415735
0.415516
0.407378
0.408023
0.383572
0.392817
0.364268
0.371994
0.397200
0.380957
0.414576
0.417186
0.441942
0.436715
0.441075
0.453091
0.418830
0.433939
0.433248
0.444245
0.454730
0.446808
0.457069
0.430348
0.462300
0.465141
0.461605
0.466307
0.461928
0.461759
0.466716
0.457059
0.471362
0.465991
0.446574
0.467423
0.457762
0.451791
0.472577
0.473255
0.475421
0.476189
0.473618
0.475848
0.476875
0.473702
0.465312
0.463628
0.468620
0.476036
0.472894
0.475763
0.474749
0.459152
0.476699
0.467017
0.469775
0.468607
0.398156
0.415126
0.408501
0.386555
0.423764
0.418888
0.401567
0.386292
0.369508
0.376669
0.369415
0.359404
0.366968
0.386128
0.399881
0.416679
0.422961
0.415388
0.430693
0.444300
0.439164
0.451454
0.438529
0.449858
0.460323
0.461287
0.436937
0.452212
0.431459
0.434519
0.465623
0.458147
0.442880
0.461024
0.472627
0.463819
0.475296
0.473483
0.465078
0.455562
0.469592
0.423405
0.445206
0.401226
0.412157
0.420786
0.410528
0.422010
0.437915
0.390230
0.402492
0.368826
0.377162
0.369080
0.385664
0.375302
0.386514
0.405201
0.414849
0.417504
0.420705
0.425894
0.416699
0.423314
0.438319
0.442352
0.437287
0.423209
0.439657
0.428522
0.432017
0.414262
0.420345
0.425431
0.412351
0.406131
0.408462
0.413204
0.418361
0.416616
0.419763
0.419410
0.418192
0.418708
0.423108
0.417989
0.406006
0.417348
0.444784
0.455258
0.453377
0.439214
0.459295
0.459386
0.456027
0.444813
0.434006
0.438845
0.430912
0.435575
0.437911
0.444832
0.446067
0.449254
0.458878
0.458030
0.439461
0.441241
0.450770
0.426769
0.420267
0.432321
0.435626
0.431388
0.434308
0.425748
0.436741
0.438157
0.458478
0.444980
0.415892
0.423853
0.417720
0.404360
0.449176
0.440093
0.430386
0.400384
0.392434
0.405537
0.396566
0.377911
0.410551
0.415052
0.446075
0.420195
0.378154
0.365955
0.411974
0.393371
0.357841
0.356670
0.353293
0.354952
0.381901
0.379090
0.359149
0.356885
0.383599
0.361795
0.404809
0.392964
0.422310
0.400498
0.404853
0.400925
0.402112
0.414048
0.401248
0.404605
0.389858
0.382656
0.432785
0.427198
0.429189
0.436665
0.439240
0.432775
0.431198
0.432160
0.422339
0.440436
0.438524
0.419721
0.448024
0.434662
0.445426
0.420405
0.429830
0.419406
0.411788
0.447924
0.432410
0.431208
0.414116
0.409603
0.412038
0.405964
0.432088
0.406971
0.402758
0.415302
0.427581
0.462015
0.462752
0.459774
0.454388
0.460412
0.454262
0.450901
0.452335
0.446158
0.450013
0.458628
0.447561
0.434700
0.440356
0.444364
0.441533
0.443701
0.443744
0.450827
0.454833
0.446434
0.451055
0.457640
0.455589
0.448169
0.447800
0.425570
0.436127
0.468466
0.468849
0.470404
0.471591
0.467969
0.467704
0.470092
0.470816
0.453724
0.466352
0.461785
0.468200
0.466558
0.470765
0.468504
0.469930
0.464774
0.459606
0.462217
0.463740
0.455694
0.451529
0.466288
0.464532
0.466856
0.469055
0.469741
0.463482
0.469653
0.461991
0.462929
0.456570
0.441023
0.443804
0.428413
0.422718
0.453673
0.441670
0.430288
0.420097
0.442490
0.446676
0.463810
0.451980
0.441926
0.443951
0.427334
0.422622
0.430979
0.418097
0.397561
0.413233
0.414586
0.407740
0.413851
0.390971
0.414486
0.419529
0.441525
0.421339
0.388308
0.398071
0.384566
0.368883
0.420315
0.403487
0.361605
0.359181
0.385652
0.367525
0.424685
0.404069
0.438643
0.430249
0.437870
0.446806
0.451725
0.453264
0.455144
0.453349
0.454008
0.452014
0.447807
0.451359
0.460889
0.453250
0.441505
0.450926
0.426962
0.438647
0.420951
0.428954
0.438203
0.446214
0.438397
0.451952
0.471366
0.465638
0.462347
0.459161
0.466349
0.460356
0.451952
0.451431
0.446664
0.442482
0.432459
0.442172
0.427908
0.449665
0.447324
0.470227
0.468701
0.475691
0.475298
0.476974
0.474830
0.469674
0.474031
0.470166
0.467243
0.464602
0.460348
0.454756
0.439611
0.457366
0.452692
0.463307
0.451824
0.472784
0.451875
0.449446
0.173840
0.161143
0.174248
0.133608
0.112250
0.117468
0.110913
0.108317
0.107667
0.110885
0.119259
0.115034
0.111389
0.113854
0.111108
0.107132
0.106584
0.103735
0.100467
0.097597
0.093776
0.095783
0.098443
0.094105
0.099880
0.103673
0.091180
0.092254
0.095577
0.091824
0.093210
0.091568
0.093023
0.090451
0.100940
0.096484
0.104012
0.107947
0.105721
0.107935
0.106404
0.108365
0.105227
0.108638
0.107958
0.103090
0.110478
0.107646
0.114833
0.110652
0.120410
0.110074
0.118098
0.116602
0.094124
0.097735
0.115071
0.089946
0.079721
0.079708
0.089070
0.082109
0.095940
0.074812
0.102303
0.106263
0.122046
0.108154
0.083530
0.078381
0.075028
0.075180
0.066155
0.069277
0.068187
0.071970
0.100283
0.078926
0.079198
0.101541
0.102458
0.085610
0.081475
0.103694
0.080205
0.088049
0.088368
0.083810
0.100533
0.101455
0.093890
0.083263
0.081753
0.081954
0.083455
0.080524
0.076214
0.079074
0.087272
0.102247
0.086098
0.080959
0.076894
0.078418
0.078509
0.080125
0.079558
0.078737
0.084556
0.084632
0.078101
0.085466
0.084521
0.090061
0.083275
0.088253
0.109201
0.109905
0.108013
0.105072
0.123775
0.124354
0.114162
0.098205
0.098757
0.092188
0.090903
0.114931
0.105250
0.077517
0.077821
0.098051
0.091702
0.078361
0.105737
0.103038
0.113013
0.108322
0.106327
0.111039
0.105321
0.102177
0.120658
0.116418
0.115086
0.119998
0.129561
0.126163
0.121280
0.125372
0.120340
0.117029
0.115763
0.113422
0.109582
0.110693
0.117815
0.109329
0.113193
0.122313
0.106216
0.108798
0.129859
0.132102
0.135769
0.136898
0.113828
0.120365
0.132262
0.118542
0.136595
0.114853
0.105383
0.110366
0.108972
0.105450
0.107193
0.099345
0.097318
0.113022
0.106102
0.102890
0.097303
0.105980
0.107557
0.108847
0.110339
0.111175
0.111923
0.116228
0.116518
0.121383
0.126956
0.120974
0.116226
0.131183
0.127299
0.118308
0.113251
0.123505
0.120367
0.127282
0.126420
0.130109
0.129934
0.132586
0.133821
0.137792
0.139859
0.132270
0.131592
0.138572
0.129140
0.135254
0.131579
0.134277
0.136152
0.139798
0.139001
0.145582
0.145310
0.137569
0.140159
0.119668
0.120299
0.122395
0.122071
0.120574
0.121548
0.121478
0.127924
0.125590
0.123380
0.131155
0.131217
0.117690
0.117882
0.121347
0.118912
0.100195
0.101476
0.108797
0.107451
0.111168
0.108256
0.114399
0.112405
0.112538
0.110952
0.108743
0.106091
0.096570
0.097565
0.103463
0.102573
0.081449
0.083524
0.086201
0.083793
0.087195
0.087843
0.091347
0.091546
0.083499
0.092890
0.090642
0.085879
0.080322
0.080205
0.084482
0.084160
0.127626
0.126663
0.108311
0.109931
0.103772
0.106539
0.105333
0.106890
0.108794
0.108947
0.124092
0.110962
0.108144
0.104384
0.106239
0.110194
0.094959
0.098621
0.110391
0.115686
0.121272
0.111704
0.109092
0.120463
0.106158
0.106838
0.100549
0.094145
0.124718
0.124558
0.128069
0.129364
0.132629
0.132616
0.127619
0.129272
0.124345
0.123735
0.116328
0.119728
0.121628
0.125109
0.124913
0.131181
0.106061
0.110393
0.110978
0.110160
0.122475
0.123635
0.107563
0.102210
0.109340
0.111460
0.107104
0.099017
0.097491
0.104336
0.093674
0.100938
0.090234
0.101062
0.106098
0.115696
0.135468
0.128356
0.132729
0.143792
0.102694
0.108736
0.141109
0.141833
0.109847
0.133438
0.127292
0.117112
0.115861
0.117428
0.111792
0.115584
0.114831
0.117819
0.123971
0.118309
0.119851
0.124299
0.136665
0.132044
0.119701
0.124352
0.110687
0.119311
0.102231
0.096228
0.125598
0.105748
0.101236
0.093820
0.092137
0.090443
0.092323
0.101389
0.092049
0.090579
0.092204
0.110172
0.112161
0.116703
0.108447
0.113163
0.120040
0.113245
0.120515
0.119188
0.125674
0.116632
0.112406
0.122108
0.109375
0.117019
0.115842
0.125740
0.171232
0.163216
0.152528
0.169621
0.171817
0.160199
0.156363
0.151621
0.172331
0.147445
0.144882
0.152552
0.139110
0.133007
0.138373
0.159915
0.201509
0.145276
0.140635
0.139410
0.137023
0.154277
0.173169
0.202101
0.193244
0.433859
0.426978
0.442117
0.461702
0.447735
0.453482
0.468510
0.472523
0.473130
0.461576
0.433177
0.464923
0.445096
0.419558
0.405387
0.367762
0.433870
0.417266
0.349913
0.381745
0.317467
0.391334
0.432152
0.433907
0.385888
0.441265
0.428185
0.471363
0.469097
0.436423
0.458502
0.453835
0.472445
0.468863
0.454945
0.463382
0.464426
0.393624
0.439619
0.404728
0.417760
0.418040
0.421708
0.416389
0.442974
0.189063
0.167360
0.166876
0.138726
0.112015
0.107359
0.092390
0.102196
0.110544
0.104619
0.115000
0.090592
0.097372
0.110863
0.118444
0.138494
0.118900
0.123777
0.141794
0.122733
0.163282
0.145758
0.124583
0.135938
0.075622
0.071224
0.073419
0.071013
0.068364
0.070976
0.076789
0.069369
0.072060
0.075770
0.074372
0.080929
0.081818
0.074781
0.081772
0.080219
0.079622
0.072253
0.074436
0.079346
0.172059
0.168075
0.147807
0.174186
0.155930
0.180356
0.155820
0.157620
0.209834
0.215056
0.160188
0.177975
0.197254
0.185822
0.215981
0.234539
0.431125
0.422036
0.441864
0.435325
0.459288
0.461502
0.448870
0.412807
0.397564
0.403226
0.452912
0.434249
0.373253
0.379064
0.334620
0.470667
0.426987
0.444173
0.448229
0.465913
0.261210
0.274694
0.313076
0.275491
0.253522
0.311029
0.341112
0.326458
0.299247
0.194413
0.222435
0.246529
0.199397
0.276619
0.226955
0.190286
0.171923
0.194716
0.202859
0.202808
0.219735
0.284744
0.224891
0.237844
0.257912
0.298596
0.295844
0.340789
0.266100
0.364815
0.355268
0.364285
0.412205
0.349157
0.321183
0.445855
0.459306
0.460144
0.469369
0.476990
0.474795
0.475518
0.474296
0.436401
0.470763
0.473598
0.431340
0.431393
0.447342
0.470738
0.447386
0.419967
0.415032
0.468450
0.462424
0.392573
0.405545
0.448760
0.410614
0.365516
0.360591
0.177548
0.156353
0.166304
0.155552
0.111473
0.117034
0.152346
0.151638
0.174489
0.157302
0.165895
0.138716
0.148005
0.129028
0.119625
0.108112
0.088396
0.088251
0.080521
0.081595
0.095276
0.086846
0.084291
0.083993
0.094067
0.089205
0.087610
0.089072
0.082332
0.084108
0.095853
0.101350
0.126015
0.115232
0.110957
0.127232
0.104767
0.101123
0.100732
0.111064
0.125278
0.119470
0.131549
0.105955
0.102925
0.114615
0.126516
0.156749
0.141255
0.141201
0.165430
0.139355
0.155851
0.151594
0.139262
0.140989
0.151661
0.144577
0.140813
0.130010
0.135972
0.126302
0.120670
0.110760
0.119357
0.130771
0.116317
0.124830
0.106207
0.143188
0.136121
0.131144
0.145427
0.152482
0.146505
0.143545
0.150287
0.111755
0.116531
0.130550
0.126218
0.128227
0.135229
0.161720
0.145229
0.138509
0.095407
0.107668
0.121299
0.105994
0.133722
0.125271
0.090980
0.084579
0.106156
0.107586
0.105419
0.179854
0.201478
0.232424
0.201781
0.223254
0.251848
0.241907
0.234706
0.187033
0.157225
0.169194
0.180552
0.158077
0.174956
0.150964
0.138287
0.158424
0.167844
0.190979
0.192684
0.171166
0.162832
0.166971
0.170126
0.158841
0.199876
0.176256
0.241362
0.236476
0.232944
0.213199
0.222363
0.199113
0.206561
0.182800
0.158169
0.159097
0.155630
0.161268
0.153365
0.161766
0.155620
0.158951
0.178714
0.175055
0.160821
0.181505
0.163141
0.158568
0.172258
0.180817
0.238511
0.248152
0.254489
0.256524
0.245968
0.247965
0.220714
0.227489
0.176121
0.187768
0.280412
0.240128
0.230453
0.265734
0.193649
0.213263
0.263530
0.241429
0.252879
0.277357
0.240426
0.243085
0.231781
0.239647
0.213149
0.213965
0.233624
0.245167
0.276585
0.235901
0.253584
0.242971
0.230551
0.229153
0.227477
0.206726
0.312509
0.331309
0.355027
0.333833
0.351362
0.371590
0.363741
0.353641
0.303704
0.316019
0.313420
0.295651
0.227010
0.290385
0.251042
0.298873
0.285988
0.322596
0.313365
0.342923
0.305676
0.283367
0.262924
0.272759
0.256444
0.245641
0.307364
0.288140
0.368639
0.347341
0.352270
0.327781
0.327633
0.302218
0.298494
0.279556
0.344222
0.339232
0.336863
0.367758
0.314468
0.313672
0.367638
0.384221
0.334835
0.355215
0.339859
0.352091
0.345714
0.357404
0.325224
0.325083
0.362796
0.337820
0.319752
0.342858
0.258352
0.250035
0.373593
0.361925
0.416984
0.400388
0.397094
0.383794
0.369829
0.358627
0.284731
0.271258
0.411238
0.386484
0.407560
0.436599
0.328227
0.359670
0.408560
0.436053
0.446973
0.449900
0.443960
0.437223
0.420602
0.453318
0.418585
0.440743
0.444322
0.450597
0.447250
0.428271
0.375615
0.354358
0.379890
0.408855
0.264894
0.297267
0.402611
0.425164
0.409305
0.357857
0.288518
0.325011
0.218606
0.195443
0.188875
0.189787
0.144435
0.142001
0.125431
0.151352
0.168448
0.149941
0.167723
0.122242
0.180644
0.184263
0.214473
0.195012
0.159907
0.150678
0.162982
0.165478
0.142826
0.164453
0.165652
0.164813
0.197026
0.169337
0.192059
0.144830
0.193443
0.215499
0.206416
0.230871
0.103999
0.107854
0.095410
0.093883
0.117426
0.110342
0.097367
0.095073
0.110766
0.101859
0.115037
0.104684
0.117003
0.104364
0.141243
0.116144
0.137183
0.137833
0.146588
0.146700
0.163753
0.165172
0.135350
0.142098
0.123954
0.127716
0.128170
0.144149
0.131348
0.142116
0.137402
0.134591
0.144500
0.147250
0.169526
0.146915
0.143162
0.126701
0.132722
0.143214
0.118913
0.132836
0.137108
0.144827
0.204749
0.234441
0.239703
0.207980
0.271382
0.283085
0.179535
0.187118
0.171146
0.191507
0.159678
0.158289
0.190928
0.208950
0.247149
0.250237
0.223690
0.249528
0.244334
0.220597
0.268363
0.262425
0.254017
0.229330
0.199326
0.206563
0.172790
0.244573
0.154398
0.173200
0.175771
0.173057
0.269215
0.270170
0.277810
0.287398
0.274005
0.277669
0.293502
0.310684
0.305076
0.325268
0.322533
0.314809
0.306689
0.318966
0.286319
0.291614
0.288494
0.290213
0.286692
0.285256
0.278331
0.276585
0.275273
0.281535
0.280524
0.277750
0.276010
0.274409
0.275861
0.276224
0.285207
0.283026
0.279479
0.267476
0.267702
0.276640
0.273675
0.270884
0.263975
0.265626
0.272313
0.283663
0.285747
0.273969
0.296679
0.284813
0.272135
0.271231
0.266748
0.256602
0.280671
0.279434
0.262733
0.275806
0.281705
0.281959
0.276238
0.274586
0.278012
0.268815
0.270072
0.254429
0.251721
0.260904
0.181890
0.173167
0.180577
0.179037
0.186637
0.189884
0.192695
0.195934
0.222177
0.198874
0.200733
0.188637
0.176550
0.169786
0.196159
0.180868
0.227657
0.222296
0.179111
0.203807
0.255914
0.216673
0.237840
0.223726
0.259234
0.263657
0.265757
0.269510
0.276128
0.281090
0.277888
0.263059
0.286171
0.285466
0.288858
0.279302
0.254839
0.270138
0.251860
0.247191
0.271333
0.278759
0.282740
0.284731
0.307684
0.276878
0.326287
0.376045
0.219823
0.267708
0.345994
0.397725
0.292966
0.317436
0.256937
0.288150
0.216757
0.243772
0.203790
0.200990
0.243333
0.274494
0.324181
0.289606
0.323625
0.366596
0.388416
0.356489
0.308873
0.357816
0.308121
0.397868
0.378774
0.347035
0.297311
0.224912
0.265825
0.275596
0.216323
0.273731
0.199327
0.202969
0.235169
0.247258
0.203179
0.234637
0.256421
0.194675
0.223592
0.273911
0.226141
0.234855
0.240488
0.207670
0.218904
0.235676
0.258996
0.268852
0.284945
0.296789
0.293301
0.392166
0.387721
0.402091
0.401099
0.384572
0.413655
0.423331
0.419508
0.398865
0.422009
0.430958
0.398298
0.368831
0.383935
0.395378
0.422821
0.434681
0.408119
0.410594
0.372976
0.374059
0.401067
0.391732
0.355807
0.368127
0.334899
0.336156
0.287031
0.283497
0.233497
0.284537
0.258311
0.211290
0.335138
0.314247
0.272906
0.267472
0.275523
0.284937
0.214539
0.240019
0.270956
0.291226
0.326840
0.281544
0.247186
0.323128
0.240145
0.218910
0.221947
0.189446
0.354838
0.368228
0.338389
0.336844
0.387882
0.364582
0.325966
0.323998
0.308298
0.342874
0.358562
0.316545
0.310522
0.332480
0.342601
0.377140
0.370358
0.351000
0.408055
0.396730
0.314997
0.330713
0.386635
0.359959
0.407871
0.373279
0.411606
0.387056
0.341965
0.368476
0.299387
0.322014
0.197440
0.206794
0.225676
0.195280
0.241657
0.237557
0.239479
0.210736
0.194405
0.211685
0.190450
0.241195
0.187597
0.174644
0.161613
0.174827
0.268583
0.277810
0.266804
0.270750
0.286851
0.280478
0.290671
0.294482
0.290913
0.273572
0.282884
0.283040
0.277385
0.278713
0.287137
0.290290
0.290179
0.292487
0.298641
0.294082
0.272978
0.287291
0.285138
0.268941
0.286504
0.271204
0.286145
0.275258
0.261397
0.269916
0.260908
0.252771
0.251208
0.253104
0.212840
0.188448
0.255137
0.233506
0.221735
0.181485
0.172781
0.165912
0.169878
0.219209
0.145485
0.156590
0.154458
0.176262
0.214400
0.225174
0.180866
0.173085
0.216377
0.251107
0.270740
0.257193
0.285413
0.274135
0.272871
0.252724
0.252713
0.234819
0.204335
0.239900
0.146156
0.197762
0.160237
0.171768
0.166662
0.148252
0.158243
0.146443
0.137084
0.136330
0.127481
0.133172
0.138335
0.144265
0.148996
0.150417
0.151887
0.158924
0.139388
0.152934
0.151063
0.139958
0.185090
0.175186
0.130014
0.129151
0.118899
0.121881
0.142635
0.135172
0.152178
0.150954
0.221880
0.196588
0.132656
0.136359
0.123708
0.116879
0.162566
0.144132
0.112450
0.110370
0.117475
0.126796
0.112595
0.129121
0.149707
0.148301
0.149989
0.227892
0.322075
0.282726
0.230685
0.346602
0.317501
0.300796
0.285109
0.243449
0.261398
0.208370
0.264669
0.176111
0.169689
0.164856
0.173952
0.199110
0.298263
0.221882
0.294780
0.247912
0.330584
0.284019
0.324100
0.378882
0.375340
0.340999
0.361851
0.383213
0.343364
0.334766
0.361193
0.284506
0.313321
0.313506
0.257891
0.296419
0.272929
0.308511
0.316627
0.308809
0.334444
0.297441
0.320618
0.291077
0.300857
0.278619
0.259307
0.265490
0.258603
0.180193
0.176901
0.175106
0.165847
0.167912
0.165300
0.165254
0.157056
0.161021
0.159675
0.160156
0.172639
0.180303
0.175614
0.164642
0.164995
0.164600
0.159994
0.162711
0.161608
0.160283
0.165959
0.164407
0.164645
0.169734
0.167118
0.163807
0.164268
0.166745
0.163099
0.167131
0.164300
0.166033
0.164091
0.164749
0.167813
0.166659
0.164360
0.167103
0.167803
0.172682
0.167413
0.162327
0.160113
0.165078
0.159745
0.162309
0.161436
0.164937
0.196993
0.160545
0.171242
0.205361
0.234738
0.200389
0.181443
0.168805
0.169078
0.168133
0.169340
0.167976
0.168306
0.164973
0.161720
0.156339
0.148718
0.163308
0.163893
0.160529
0.161691
0.143791
0.138644
0.167202
0.166475
0.169363
0.168730
0.168574
0.165062
0.163085
0.166578
0.161437
0.166990
0.162125
0.165771
0.169637
0.168948
0.168194
0.169284
0.167383
0.165387
0.172537
0.169307
0.190422
0.210641
0.240921
0.195148
0.167698
0.180708
0.215845
0.256350
0.166241
0.161277
0.164000
0.161453
0.164807
0.167239
0.166458
0.164900
0.170238
0.170206
0.174628
0.170890
0.168668
0.162475
0.165225
0.163484
0.165342
0.167824
0.168944
0.170175
0.167517
0.173859
0.171815
0.170478
0.171526
0.172740
0.170644
0.164040
0.154214
0.182956
0.159817
0.145573
0.161710
0.160038
0.177986
0.166046
0.263734
0.286867
0.317752
0.305286
0.315994
0.341610
0.272340
0.296872
0.205441
0.240014
0.200658
0.244752
0.212369
0.259480
0.257988
0.211088
0.187067
0.191443
0.192765
0.174467
0.177982
0.180068
0.171084
0.163512
0.165140
0.176428
0.167183
0.169530
0.161490
0.162052
0.164487
0.163945
0.170384
0.173717
0.177328
0.174604
0.169174
0.167699
0.168043
0.169596
0.163721
0.167478
0.163923
0.169992
0.171810
0.172261
0.168544
0.171012
0.173368
0.184453
0.170887
0.172486
0.165571
0.166932
0.170233
0.193550
0.180671
0.165879
0.172887
0.169697
0.160734
0.162147
0.157207
0.178003
0.156547
0.173564
0.158326
0.162543
0.212305
0.251339
0.242047
0.197686
0.235561
0.218944
0.194122
0.207563
0.182320
0.175377
0.166260
0.177155
0.158433
0.158803
0.160204
0.160935
0.168335
0.173185
0.159894
0.165431
0.167167
0.175872
0.157560
0.169792
0.221813
0.191375
0.227342
0.161166
0.176277
0.163978
0.166981
0.218803
0.196211
0.167140
0.176165
0.191864
0.321513
0.307296
0.361949
0.367824
0.324956
0.380334
0.334426
0.366242
0.285458
0.283602
0.246407
0.263654
0.358461
0.357994
0.403090
0.406605
0.389566
0.433654
0.367533
0.406125
0.299178
0.325572
0.317618
0.257257
0.316747
0.328942
0.329070
0.367083
0.223888
0.222808
0.199963
0.181854
0.165063
0.176502
0.171432
0.171562
0.227378
0.194375
0.208324
0.185825
0.180431
0.205510
0.210903
0.240727
0.229428
0.243251
0.217538
0.207909
0.236203
0.221772
0.249473
0.219408
0.196360
0.216608
0.197730
0.177619
0.227497
0.226953
0.205081
0.197170
0.282576
0.282457
0.313730
0.309527
0.283853
0.322530
0.326840
0.318673
0.309444
0.274617
0.306450
0.306903
0.252496
0.229143
0.234925
0.256895
0.251826
0.264471
0.250445
0.228533
0.263461
0.255900
0.210831
0.202470
0.204754
0.170237
0.165181
0.179745
0.167087
0.181736
0.175722
0.172480
0.198667
0.164955
0.164632
0.167383
0.161831
0.198225
0.218834
0.223054
0.196965
0.274218
0.275919
0.280116
0.285619
0.278680
0.276516
0.269629
0.280916
0.286853
0.263901
0.267668
0.277437
0.272206
0.263327
0.267468
0.271676
0.279439
0.288274
0.280785
0.270544
0.285198
0.261483
0.231211
0.250661
0.239100
0.254566
0.250889
0.226722
0.220810
0.212915
0.192412
0.219088
0.252393
0.209004
0.191354
0.273658
0.274703
0.264346
0.272029
0.265660
0.273557
0.265858
0.275997
0.301095
0.281549
0.280976
0.297495
0.282516
0.284288
0.280114
0.296465
0.268515
0.280173
0.310026
0.309720
0.327424
0.321593
0.315426
0.307961
0.253045
0.301330
0.298244
0.299670
0.295828
0.294315
0.287268
0.287779
0.286871
0.285804
0.291366
0.286390
0.286931
0.285208
0.302117
0.290097
0.293438
0.302302
0.203245
0.223456
0.192576
0.177171
0.200871
0.179261
0.166324
0.163877
0.165437
0.164906
0.165443
0.163771
0.231396
0.163873
0.227760
0.195137
0.227245
0.198002
0.254894
0.200457
0.362425
0.355603
0.341887
0.356828
0.341341
0.337969
0.324211
0.329075
0.327064
0.300040
0.289673
0.300198
0.323719
0.289791
0.361076
0.379529
0.331759
0.348006
0.376452
0.355567
0.385428
0.362387
0.389203
0.367704
0.339179
0.342617
0.353637
0.336438
0.305099
0.309862
0.331063
0.319476
0.301964
0.293777
0.290164
0.290958
0.278298
0.275772
0.223202
0.229878
0.232368
0.302142
0.315411
0.259363
0.322026
0.308261
0.305063
0.298158
0.265141
0.241725
0.230042
0.247209
0.232936
0.206539
0.182650
0.188090
0.206864
0.271502
0.261632
0.216104
0.290746
0.272231
0.265380
0.266689
0.179507
0.175883
0.199772
0.194552
0.233500
0.212068
0.253823
0.220862
0.178996
0.203723
0.175579
0.188813
0.174753
0.182348
0.165597
0.172672
0.142374
0.145450
0.157729
0.159409
0.141362
0.157952
0.138229
0.155777
0.121064
0.121164
0.113251
0.121632
0.111980
0.119775
0.128288
0.130406
0.159238
0.165220
0.148283
0.153893
0.153774
0.151077
0.148285
0.153477
0.157894
0.158964
0.159512
0.159332
0.161382
0.170201
0.160369
0.151648
0.283430
0.303729
0.314098
0.300610
0.306312
0.317848
0.278055
0.267083
0.265758
0.282403
0.267817
0.278158
0.279650
0.293418
0.267974
0.287090
0.317039
0.306426
0.329208
0.329892
0.284177
0.291568
0.275285
0.342592
0.376059
0.355702
0.410911
0.286741
0.449522
0.398308
0.363245
0.339412
0.265445
0.255962
0.208929
0.229243
0.238243
0.188535
0.168236
0.165525
0.201161
0.165560
0.186513
0.160348
0.223738
0.212710
0.272938
0.259473
0.265316
0.263128
0.261717
0.268697
0.219925
0.226776
0.242244
0.269707
0.269972
0.268991
0.266657
0.251439
0.275697
0.286400
0.186284
0.183365
0.198451
0.192472
0.217392
0.209826
0.252164
0.258714
0.217312
0.259625
0.176032
0.182856
0.155902
0.158624
0.152470
0.155587
0.154512
0.158954
0.185750
0.158482
0.161375
0.198239
0.158714
0.172186
0.173270
0.164645
0.184819
0.197902
0.223849
0.212611
0.234870
0.207331
0.187149
0.192704
0.164375
0.166934
0.206029
0.203195
0.159700
0.166202
0.157566
0.159475
0.186521
0.183786
0.159086
0.161432
0.155706
0.185578
0.160845
0.178213
0.281906
0.313557
0.303831
0.271108
0.302418
0.272273
0.278820
0.243083
0.266107
0.231990
0.239631
0.214147
0.205589
0.248718
0.233343
0.290725
0.259447
0.287737
0.296208
0.308139
0.311805
0.321561
0.286249
0.261998
0.078906
0.081284
0.070710
0.056510
0.082614
0.072990
0.065363
0.048036
0.046364
0.057188
0.050554
0.046483
0.063572
0.070989
0.070272
0.086580
0.131000
0.129022
0.129322
0.133945
0.116397
0.117031
0.138548
0.141117
0.136067
0.140246
0.141640
0.135441
0.132257
0.138171
0.115329
0.118333
0.124238
0.118770
0.126063
0.128754
0.104533
0.109079
0.125956
0.130182
0.121704
0.124278
0.118298
0.118445
0.114213
0.114370
0.103636
0.103998
0.110315
0.106059
0.103491
0.107268
0.101897
0.097690
0.097537
0.105131
0.109472
0.112127
0.110432
0.113448
0.119210
0.117080
0.118095
0.113860
0.116139
0.110569
0.108810
0.104861
0.111404
0.108270
0.110240
0.114460
0.100164
0.100845
0.114358
0.116974
0.113280
0.110755
0.107353
0.101573
0.107492
0.108702
0.114231
0.114977
0.107749
0.110835
0.112457
0.117285
0.117021
0.119029
0.120660
0.113096
0.116597
0.121098
0.107017
0.113981
0.094400
0.097690
0.099689
0.095417
0.101698
0.099888
0.102259
0.101172
0.097314
0.103734
0.101688
0.105305
0.095168
0.099317
0.089830
0.091225
0.088133
0.091919
0.088846
0.092827
0.090956
0.095760
0.107070
0.098787
0.098908
0.109363
0.097511
0.105047
0.122810
0.114009
0.115208
0.123203
0.114764
0.121237
0.117562
0.111348
0.114152
0.117913
0.126747
0.126021
0.134753
0.136605
0.140367
0.143024
0.127087
0.143933
0.139846
0.128507
0.162108
0.157858
0.116110
0.117217
0.108545
0.108609
0.117956
0.123335
0.126836
0.136052
0.149007
0.154771
0.129334
0.144368
0.133111
0.118847
0.162301
0.159200
0.155781
0.137985
0.125776
0.115570
0.109768
0.106577
0.116089
0.130082
0.142246
0.154933
0.174305
0.176153
0.176988
0.175808
0.174152
0.174758
0.157556
0.155861
0.176341
0.162578
0.133422
0.116580
0.144528
0.131081
0.115977
0.110276
0.109896
0.107376
0.115907
0.125625
0.107304
0.106991
0.103591
0.106014
0.106767
0.103407
0.094953
0.097577
0.089503
0.084743
0.093870
0.088794
0.108565
0.103524
0.096706
0.091107
0.082941
0.089715
0.099774
0.103007
0.099819
0.102186
0.070516
0.065096
0.070790
0.071676
0.059238
0.062433
0.107675
0.085812
0.084780
0.069636
0.072134
0.082383
0.069477
0.064197
0.060637
0.056261
0.049141
0.057303
0.050919
0.045330
0.043412
0.041670
0.047886
0.056345
0.070582
0.081833
0.092962
0.058940
0.100022
0.105970
0.103115
0.100199
0.136011
0.151773
0.161468
0.112261
0.101963
0.113633
0.098814
0.145837
0.148990
0.116376
0.101187
0.095603
0.092423
0.091361
0.102002
0.097706
0.106979
0.109901
0.112160
0.108421
0.143098
0.139829
0.107205
0.107103
0.107188
0.107515
0.107885
0.129656
0.140141
0.135206
0.123550
0.139018
0.142301
0.145811
0.145466
0.147794
0.135800
0.144309
0.128845
0.147088
0.118267
0.135699
0.135852
0.142165
0.173050
0.182077
0.215834
0.189043
0.210643
0.253278
0.256371
0.240921
0.194890
0.163884
0.166658
0.157441
0.153594
0.156444
0.155228
0.177277
0.108892
0.124376
0.116850
0.099810
0.142361
0.142781
0.135092
0.097430
0.093471
0.093490
0.091049
0.092883
0.092614
0.100763
0.116962
0.147857
0.096088
0.103428
0.088990
0.090253
0.129429
0.117246
0.092007
0.092874
0.093125
0.103502
0.103290
0.134681
0.181496
0.203116
0.157360
0.162163
0.179158
0.159488
0.180817
0.219163
0.178013
0.200490
0.243643
0.237094
0.228964
0.198790
0.217014
0.259573
0.258126
0.211938
0.261346
0.269681
0.194559
0.178795
0.175678
0.208367
0.256621
0.267880
0.130430
0.126951
0.129957
0.123531
0.104718
0.111631
0.113767
0.120713
0.110891
0.109734
0.106874
0.098988
0.134318
0.132916
0.105840
0.113851
0.096288
0.101837
0.095029
0.093794
0.092908
0.107687
0.114484
0.133305
0.159011
0.165948
0.153590
0.155211
0.151090
0.157505
0.153922
0.162634
0.150097
0.149582
0.163678
0.173507
0.163218
0.149257
0.218086
0.166974
0.195924
0.240432
0.183690
0.211092
0.260024
0.268343
0.224170
0.275709
0.230201
0.186185
0.126017
0.131733
0.104679
0.122981
0.093672
0.106434
0.135281
0.131020
0.115068
0.131928
0.143744
0.146799
0.150502
0.155984
0.146847
0.151613
0.145331
0.151274
0.154271
0.157464
0.163983
0.151023
0.153092
0.149518
0.150877
0.145577
0.142536
0.138063
0.147712
0.148484
0.144267
0.147697
0.134738
0.152048
0.149895
0.149510
0.153361
0.150944
0.153718
0.151662
0.151273
0.141349
0.148030
0.147440
0.143980
0.152340
0.150797
0.148006
0.141700
0.137304
0.138221
0.136868
0.139894
0.136582
0.133528
0.137759
0.125808
0.131367
0.141068
0.129966
0.137013
0.136314
0.143382
0.148166
0.138177
0.141500
0.146614
0.143391
0.142124
0.146604
0.153496
0.148241
0.145288
0.135900
0.140716
0.138374
0.130133
0.133567
0.138349
0.145129
0.147872
0.140929
0.131733
0.132965
0.129104
0.130321
0.128050
0.126239
0.132366
0.130863
0.126094
0.128799
0.149031
0.150626
0.134814
0.138049
0.147634
0.148268
0.137611
0.141965
0.132648
0.138449
0.130309
0.137922
0.141972
0.146558
0.152528
0.155775
0.156819
0.153527
0.155852
0.153043
0.155024
0.153187
0.152973
0.153129
0.149578
0.152857
0.152442
0.150688
0.155688
0.156720
0.150895
0.150149
0.151567
0.150566
0.154118
0.157693
0.156331
0.160448
0.158024
0.158518
0.163690
0.164631
0.159020
0.162589
0.158024
0.150536
0.162616
0.164343
0.210804
0.219170
0.175578
0.175423
0.215151
0.166482
0.165856
0.167859
0.172625
0.163632
0.160099
0.160918
0.163972
0.178986
0.206920
0.180020
0.262417
0.251832
0.257885
0.270810
0.262061
0.267823
0.264401
0.270272
0.265741
0.264341
0.250847
0.262095
0.257724
0.241167
0.279053
0.287343
0.271012
0.266102
0.258167
0.264006
0.270349
0.272317
0.289285
0.293339
0.290576
0.282118
0.291482
0.292613
0.283092
0.275491
0.266623
0.276498
0.275157
0.271509
0.271567
0.275959
0.276274
0.278961
0.280412
0.289930
0.296291
0.304800
0.273984
0.283699
0.295580
0.280533
0.312937
0.306322
0.265889
0.281835
0.280520
0.264163
0.262235
0.247587
0.238619
0.249455
0.220792
0.202711
0.181465
0.194944
0.204581
0.267113
0.256740
0.212467
0.276614
0.268322
0.266486
0.247069
0.158158
0.159246
0.164176
0.157709
0.144093
0.149239
0.148414
0.150390
0.154859
0.157554
0.158198
0.151044
0.159565
0.156812
0.153411
0.152201
0.141710
0.150270
0.146782
0.138813
0.147690
0.143818
0.147323
0.147109
0.143078
0.146483
0.126953
0.132719
0.154907
0.161407
0.146988
0.147903
0.178320
0.158882
0.151895
0.154222
0.173449
0.165331
0.157754
0.166973
0.193118
0.167565
0.205274
0.188461
0.232283
0.232798
0.214954
0.226645
0.232590
0.236026
0.178523
0.192365
0.154304
0.159747
0.173665
0.207548
0.178942
0.210236
0.180701
0.185830
0.171818
0.161158
0.180890
0.164281
0.164604
0.182999
0.220507
0.190686
0.197643
0.215375
0.240553
0.203339
0.220972
0.204397
0.156470
0.158873
0.143389
0.142376
0.138933
0.126405
0.112011
0.123847
0.132556
0.116681
0.124640
0.106517
0.141445
0.133795
0.132734
0.144373
0.192904
0.150053
0.145181
0.145933
0.133842
0.121215
0.114556
0.135491
0.113558
0.138633
0.122748
0.115759
0.145472
0.144113
0.131768
0.142335
0.180270
0.151395
0.157784
0.152893
0.198421
0.186789
0.152308
0.166281
0.151515
0.165250
0.148244
0.152313
0.178438
0.158400
0.201112
0.188589
0.229728
0.237929
0.243732
0.230870
0.192678
0.200956
0.235423
0.218589
0.198546
0.203978
0.194293
0.166248
0.161941
0.160728
0.168068
0.206779
0.159619
0.181084
0.230314
0.224755
0.266612
0.260277
0.212314
0.245174
0.233047
0.248555
0.180147
0.208641
0.174902
0.197595
0.172700
0.190186
0.174338
0.189122
0.168656
0.164507
0.194735
0.199131
0.221332
0.213634
0.221628
0.235206
0.211890
0.235427
0.173530
0.188086
0.142528
0.143127
0.156721
0.153305
0.140736
0.152332
0.136141
0.150991
0.137975
0.126522
0.129923
0.123350
0.125464
0.120922
0.136236
0.128726
0.135372
0.128476
0.123486
0.128000
0.123385
0.118968
0.133515
0.136604
0.137392
0.148641
0.153751
0.152236
0.142159
0.144682
0.156480
0.154087
0.142589
0.144108
0.133032
0.130992
0.141410
0.141635
0.149647
0.149570
0.146025
0.152566
0.141604
0.150106
0.144124
0.136067
0.141086
0.135928
0.139468
0.135550
0.147648
0.137425
0.143299
0.134456
0.127025
0.134519
0.139526
0.142156
0.151738
0.153735
0.145572
0.157037
0.152193
0.139151
0.142105
0.140513
0.132304
0.134340
0.146003
0.140134
0.143386
0.137942
0.160756
0.150393
0.159415
0.149406
0.159277
0.149790
0.161900
0.152825
0.152482
0.154790
0.145185
0.144662
0.161980
0.150049
0.149580
0.145248
0.165701
0.153337
0.170406
0.156918
0.180873
0.160495
0.190834
0.179428
0.179292
0.181543
0.164438
0.166399
0.195630
0.172721
0.189935
0.168713
0.218624
0.205283
0.213181
0.230162
0.216777
0.210420
0.214470
0.218977
0.233509
0.225036
0.214763
0.233525
0.241483
0.244623
0.251623
0.266771
0.274607
0.246468
0.269931
0.280011
0.263573
0.253043
0.238725
0.265327
0.160798
0.153994
0.163263
0.158922
0.136039
0.151964
0.148164
0.151535
0.151656
0.155317
0.155125
0.145638
0.156887
0.153824
0.156148
0.155915
0.146360
0.141066
0.128398
0.129777
0.116894
0.116494
0.132125
0.126236
0.119459
0.132029
0.118555
0.114600
0.123463
0.120320
0.141065
0.131783
0.142855
0.152781
0.153111
0.142423
0.207327
0.208583
0.202376
0.151623
0.139295
0.130721
0.127975
0.134724
0.128138
0.125457
0.123440
0.135658
0.121795
0.126019
0.150864
0.178887
0.118418
0.116392
0.127079
0.120174
0.122163
0.137828
0.142591
0.137640
0.130331
0.110640
0.116262
0.125334
0.115409
0.108127
0.109915
0.104327
0.106715
0.102972
0.112278
0.109919
0.102609
0.107010
0.088806
0.091019
0.122388
0.109834
0.099333
0.094866
0.121560
0.108300
0.127273
0.114645
0.126150
0.112080
0.172391
0.135120
0.173765
0.181450
0.147715
0.149405
0.140889
0.144538
0.142297
0.135425
0.137972
0.147299
0.163320
0.151579
0.182516
0.186902
0.155320
0.157244
0.153962
0.151672
0.141612
0.128901
0.143399
0.125291
0.185811
0.157348
0.244566
0.232613
0.220290
0.248358
0.283045
0.245724
0.247176
0.279013
0.248845
0.212953
0.192626
0.206246
0.175142
0.187345
0.231094
0.213139
0.246894
0.210984
0.206068
0.199767
0.152979
0.148968
0.127596
0.131454
0.117795
0.126498
0.120653
0.123301
0.127470
0.129114
0.139617
0.152917
0.159183
0.163380
0.139945
0.142635
0.170772
0.144170
0.139140
0.133252
0.135830
0.144819
0.150201
0.184521
0.137589
0.140720
0.132156
0.133025
0.121625
0.125251
0.130721
0.126514
0.125553
0.134759
0.119433
0.115123
0.098880
0.113502
0.103112
0.115387
0.107934
0.118436
0.103432
0.119425
0.132952
0.128034
0.126024
0.138298
0.106384
0.109653
0.122483
0.145469
0.164253
0.137349
0.143814
0.161245
0.134402
0.134614
0.125539
0.103739
0.189411
0.175001
0.222473
0.225082
0.205524
0.173794
0.237458
0.201484
0.183823
0.168903
0.121463
0.123358
0.116436
0.112200
0.101605
0.101061
0.108893
0.109878
0.127287
0.111115
0.120526
0.113408
0.113760
0.108804
0.097900
0.095249
0.175301
0.181492
0.175660
0.171692
0.177952
0.176468
0.160781
0.160950
0.132601
0.128819
0.133363
0.151778
0.161711
0.132588
0.177725
0.161473
0.138869
0.145624
0.148487
0.147936
0.116974
0.127998
0.137538
0.123032
0.129571
0.101600
0.145240
0.136775
0.175016
0.152388
0.165798
0.152360
0.165970
0.201411
0.120455
0.129361
0.180732
0.213779
0.131987
0.148665
0.065621
0.067839
0.065480
0.056437
0.065715
0.064590
0.076097
0.055095
0.052443
0.051828
0.051432
0.052047
0.051465
0.055295
0.057753
0.065419
0.104717
0.097917
0.068501
0.073859
0.068041
0.077485
0.074455
0.092049
0.093061
0.108480
0.089251
0.114907
0.091482
0.079032
0.075678
0.089632
0.078571
0.073574
0.094018
0.086109
0.096651
0.124465
0.101870
0.100421
0.120391
0.104185
0.120322
0.106780
0.124840
0.099094
0.088311
0.085846
0.079516
0.082720
0.077767
0.076628
0.108304
0.102688
0.077947
0.079704
0.087854
0.085960
0.080887
0.106630
0.086434
0.084343
0.079756
0.082799
0.078019
0.079447
0.072563
0.082508
0.079413
0.067237
0.082284
0.077797
0.095971
0.099600
0.071552
0.068591
0.058398
0.062262
0.054000
0.053383
0.077336
0.067633
0.055380
0.069870
0.091442
0.091362
0.072947
0.085763
0.132317
0.129312
0.131470
0.130213
0.132223
0.126477
0.136158
0.124538
0.119460
0.137522
0.117961
0.117594
0.123443
0.112905
0.106636
0.101692
0.114137
0.116917
0.102031
0.118783
0.102084
0.104326
0.095750
0.103336
0.092259
0.100555
0.125893
0.102788
0.108595
0.130755
0.108769
0.128174
0.102278
0.121293
0.107120
0.099988
0.175950
0.179970
0.176540
0.178552
0.161560
0.162340
0.154961
0.164626
0.163683
0.164193
0.178878
0.179223
0.162290
0.162362
0.147148
0.165026
0.171823
0.184583
0.165323
0.111878
0.110194
0.114123
0.112760
0.104948
0.111601
0.108636
0.123820
0.113554
0.125668
0.124238
0.120220
0.133309
0.139235
0.137890
0.116278
0.112000
0.114949
0.119879
0.125179
0.119092
0.110077
0.117122
0.119237
0.108517
0.100259
0.100918
0.109119
0.132232
0.123273
0.118898
0.144995
0.138937
0.135699
0.133597
0.095300
0.095983
0.101261
0.100304
0.100697
0.102235
0.103057
0.101512
0.102102
0.101199
0.102772
0.103666
0.096136
0.090462
0.101314
0.107141
0.097544
0.093489
0.097855
0.102308
0.090998
0.096385
0.098337
0.095548
0.098064
0.100759
0.105981
0.098342
0.104391
0.097917
0.090719
0.089878
0.087442
0.089906
0.089439
0.081605
0.085179
0.081001
0.086293
0.082864
0.081916
0.079416
0.080565
0.082560
0.080823
0.074524
0.075413
0.079544
0.090687
0.090437
0.086973
0.088093
0.100106
0.094982
0.095064
0.088784
0.089209
0.090336
0.092505
0.094863
0.094057
0.090089
0.089272
0.091517
0.094101
0.090028
0.094144
0.089806
0.093279
0.094967
0.088194
0.089559
0.103404
0.103012
0.097227
0.084196
0.085769
0.081897
0.084115
0.088714
0.084985
0.088381
0.090563
0.094342
0.098084
0.098288
0.100007
0.098588
0.113240
0.113539
0.098626
0.099021
0.099739
0.099999
0.097776
0.099117
0.097289
0.098763
0.108302
0.082473
0.090003
0.094635
0.090432
0.112299
0.112521
0.079711
0.087556
0.084606
0.074595
0.089389
0.078217
0.100101
0.083431
0.127967
0.112363
0.105992
0.104277
0.097128
0.101276
0.117019
0.107773
0.108251
0.096513
0.098806
0.094402
0.093945
0.105943
0.101239
0.095599
0.112514
0.106965
0.122006
0.117806
0.128920
0.123368
0.132968
0.126425
0.137109
0.122949
0.123907
0.134312
0.115144
0.130054
0.142068
0.159702
0.138510
0.133192
0.151486
0.140675
0.135045
0.127704
0.153391
0.133784
0.160454
0.152542
0.172617
0.161440
0.164552
0.152684
0.200635
0.201894
0.204039
0.189998
0.168071
0.174077
0.164805
0.190306
0.179028
0.153929
0.161568
0.172855
0.197435
0.171412
0.154705
0.150308
0.148584
0.145638
0.135310
0.140959
0.135019
0.136008
0.143805
0.139191
0.148047
0.149290
0.148959
0.149715
0.149927
0.146320
0.143881
0.136405
0.145752
0.139207
0.128123
0.143484
0.148369
0.151496
0.133731
0.144533
0.149392
0.130067
0.142914
0.127295
0.129284
0.109156
0.109932
0.096379
0.113996
0.111612
0.139055
0.131689
0.133269
0.130513
0.124422
0.125917
0.119185
0.115703
0.120876
0.085092
0.080136
0.078905
0.087077
0.076084
0.082560
0.083017
0.085077
0.073132
0.090319
0.084515
0.080108
0.069988
0.081934
0.097599
0.085187
0.156225
0.153754
0.171633
0.162646
0.141941
0.156809
0.194188
0.199715
0.192358
0.136187
0.151360
0.151482
0.139592
0.178543
0.169493
0.114454
0.141392
0.123865
0.125723
0.128770
0.145841
0.147623
0.133559
0.154135
0.190415
0.186836
0.187026
0.128683
0.146137
0.185079
0.092207
0.108088
0.083648
0.111876
0.095121
0.109214
0.120686
0.126691
0.136867
0.141020
0.108617
0.111748
0.135404
0.124750
0.105142
0.097940
0.096109
0.084385
0.079504
0.093473
0.091995
0.094925
0.078849
0.082623
0.109854
0.112254
0.142534
0.142184
0.106867
0.122947
0.115822
0.097126
0.145549
0.137954
0.081416
0.089095
0.092106
0.107193
0.126268
0.146058
0.099047
0.112267
0.111211
0.098593
0.113891
0.122242
0.085884
0.090983
0.103230
0.080662
0.109325
0.093522
0.114407
0.100531
0.152237
0.110220
0.142115
0.148353
0.135193
0.132752
0.164463
0.160819
0.143399
0.126472
0.146851
0.150420
0.196670
0.182817
0.196313
0.222504
0.172948
0.177222
0.232641
0.215212
0.231009
0.225154
0.196945
0.176189
0.198121
0.211993
0.168649
0.190037
0.157349
0.181489
0.180389
0.183715
0.191268
0.183429
0.178825
0.174944
0.177380
0.159629
0.164457
0.153214
0.152210
0.140813
0.169426
0.173400
0.169108
0.176769
0.161728
0.160724
0.180861
0.164803
0.170128
0.161577
0.185957
0.188644
0.172430
0.180667
0.164908
0.168613
0.164321
0.177035
0.190570
0.138605
0.128039
0.109749
0.112752
0.090983
0.093855
0.119062
0.097838
0.127522
0.222640
0.234103
0.184640
0.195128
0.281822
0.236979
0.188883
0.174978
0.181501
0.190552
0.225827
0.201923
0.186319
0.187825
0.174945
0.217249
0.244399
0.233570
0.205661
0.288935
0.257333
0.303921
0.294907
0.314289
0.330813
0.162918
0.158481
0.148021
0.137769
0.132103
0.125945
0.141989
0.160626
0.147631
0.155570
0.168076
0.167671
0.160541
0.153865
0.143571
0.151998
0.152920
0.148198
0.158566
0.146784
0.144881
0.142195
0.124137
0.139252
0.113209
0.146654
0.154935
0.260776
0.272799
0.248645
0.225978
0.273788
0.251884
0.244266
0.252833
0.238150
0.243651
0.238803
0.215318
0.231868
0.220804
0.213717
0.252634
0.157291
0.148127
0.136657
0.141540
0.117322
0.132093
0.123183
0.135932
0.166131
0.148719
0.146069
0.170537
0.175929
0.152184
0.150934
0.180784
0.153958
0.166082
0.166576
0.157997
0.147085
0.146850
0.135325
0.135978
0.146693
0.149458
0.158372
0.162913
0.187493
0.189285
0.154890
0.166011
0.146307
0.155691
0.148053
0.140438
0.148830
0.160825
0.166667
0.187115
0.220822
0.229762
0.211257
0.213380
0.249932
0.237786
0.231472
0.232954
0.215191
0.221332
0.242748
0.244010
0.288050
0.260721
0.283426
0.264637
0.275616
0.312906
0.320261
0.340686
0.330422
0.324091
0.334554
0.346773
0.363927
0.374898
0.294041
0.309895
0.314765
0.264394
0.274495
0.275616
0.336450
0.315721
0.347084
0.399360
0.348525
0.414297
0.372073
0.388097
0.390193
0.382007
0.357137
0.325148
0.298706
0.207271
0.227212
0.184145
0.220227
0.195446
0.226345
0.258307
0.245277
0.260555
0.320334
0.335404
0.343492
0.321724
0.374116
0.367448
0.298464
0.310182
0.270719
0.316075
0.285343
0.233459
0.345037
0.362513
0.330873
0.306444
0.384490
0.386279
0.389715
0.363998
0.369694
0.384580
0.377942
0.349990
0.396062
0.392929
0.394225
0.374043
0.114612
0.118461
0.109429
0.086997
0.061084
0.071324
0.067805
0.064366
0.077452
0.089178
0.112418
0.127804
0.309004
0.308190
0.280168
0.275615
0.348926
0.309456
0.269242
0.255949
0.248932
0.313296
0.277025
0.235740
0.346267
0.345516
0.352773
0.369743
0.301544
0.335147
0.268692
0.227041
0.216452
0.202379
0.178000
0.155621
0.148024
0.181894
0.139680
0.129520
0.199279
0.245988
0.198868
0.172583
0.319260
0.276242
0.303384
0.351526
0.245862
0.258705
0.361572
0.377421
0.367941
0.330694
0.295453
0.240164
0.118437
0.121453
0.104650
0.093506
0.089381
0.093946
0.099387
0.100560
0.108586
0.102407
0.095692
0.098172
0.095748
0.109111
0.100780
0.106785
0.165221
0.162187
0.148594
0.154345
0.160454
0.151427
0.168982
0.201762
0.181877
0.195003
0.221483
0.214862
0.165278
0.171598
0.182758
0.169606
0.149953
0.139854
0.154861
0.167260
0.126686
0.139610
0.148545
0.154347
0.172526
0.176455
0.157541
0.151835
0.206635
0.191106
0.161602
0.186193
0.127590
0.130057
0.130378
0.131226
0.118631
0.120760
0.121411
0.131741
0.114349
0.118260
0.116539
0.110362
0.137298
0.140931
0.150347
0.145710
0.153164
0.148310
0.150429
0.154365
0.146176
0.148786
0.136656
0.143831
0.132655
0.138114
0.115296
0.124479
0.136209
0.133198
0.119749
0.122402
0.126571
0.115700
0.107912
0.109585
0.112841
0.133811
0.123741
0.116123
0.142500
0.140019
0.135530
0.119374
0.098844
0.090635
0.091726
0.091820
0.094619
0.087627
0.086183
0.088129
0.089314
0.092691
0.095657
0.090797
0.090972
0.096911
0.096618
0.090566
0.104627
0.102386
0.115699
0.115071
0.127298
0.123905
0.112794
0.102416
0.106642
0.097788
0.090400
0.090075
0.068579
0.071171
0.074160
0.071934
0.074687
0.074959
0.082990
0.082757
0.079038
0.092024
0.091056
0.090466
0.080906
0.088014
0.067026
0.069998
0.082612
0.084223
0.083686
0.083803
0.095579
0.094740
0.082335
0.085771
0.102966
0.084061
0.104141
0.085774
0.101667
0.081471
0.096509
0.089228
0.121177
0.119521
0.120565
0.123830
0.096222
0.096216
0.111893
0.127005
0.123132
0.106955
0.104353
0.110251
0.129737
0.117199
0.100377
0.110955
0.125181
0.113139
0.130454
0.115549
0.136687
0.120023
0.104455
0.107063
0.086720
0.099549
0.086648
0.080433
0.087785
0.082368
0.078559
0.075063
0.073220
0.068032
0.076863
0.066870
0.069785
0.064964
0.064036
0.070176
0.074069
0.070157
0.081608
0.065351
0.075656
0.063602
0.067497
0.080903
0.073103
0.094526
0.098342
0.109247
0.103871
0.110287
0.106786
0.105419
0.097922
0.111641
0.105001
0.101094
0.092136
0.105401
0.151015
0.150284
0.153842
0.157504
0.153158
0.158873
0.165175
0.160291
0.160334
0.161482
0.159710
0.176499
0.158133
0.157864
0.151372
0.155700
0.159345
0.151157
0.152878
0.157813
0.140008
0.140295
0.142266
0.157411
0.153952
0.138393
0.157210
0.148579
0.158033
0.148356
0.173966
0.165470
0.180436
0.201184
0.157927
0.166215
0.185461
0.220148
0.243386
0.189176
0.218018
0.264513
0.181941
0.170223
0.161583
0.157424
0.196611
0.178371
0.157847
0.190105
0.168119
0.160501
0.160851
0.159334
0.184848
0.166584
0.178445
0.164212
0.247955
0.206136
0.193435
0.255313
0.256372
0.230285
0.227768
0.270024
0.306787
0.280135
0.283216
0.317234
0.238335
0.255595
0.267143
0.302878
0.316525
0.309362
0.301782
0.276496
0.312734
0.299428
0.334915
0.337849
0.283798
0.253808
0.288491
0.314594
0.207027
0.234028
0.301751
0.328282
0.292934
0.260901
0.232520
0.203785
0.209007
0.206656
0.187942
0.177854
0.204031
0.197707
0.243915
0.225547
0.207029
0.181123
0.221747
0.175816
0.245101
0.236016
0.223357
0.206334
0.242029
0.255185
0.207703
0.187771
0.195610
0.181618
0.187956
0.176588
0.161372
0.168566
0.170440
0.161871
0.212960
0.224750
0.170336
0.161706
0.203878
0.203095
0.154824
0.152189
0.150866
0.149108
0.151842
0.150533
0.149244
0.146438
0.150742
0.148823
0.185598
0.206914
0.149137
0.150230
0.146504
0.153558
0.146219
0.149619
0.144451
0.136502
0.180763
0.149460
0.137000
0.151953
0.189551
0.159262
0.205581
0.231839
0.261255
0.246511
0.226546
0.294163
0.309831
0.302736
0.257902
0.202430
0.231334
0.232550
0.167393
0.163817
0.161435
0.183726
0.149253
0.179869
0.153296
0.190561
0.290425
0.321189
0.336160
0.318229
0.331369
0.335416
0.352330
0.361778
0.321683
0.351808
0.306204
0.354898
0.327459
0.316065
0.272567
0.286858
0.271285
0.287423
0.282163
0.269430
0.297831
0.327569
0.328819
0.298452
0.338703
0.339486
0.264510
0.251461
0.277384
0.249375
0.322142
0.336119
0.167695
0.176054
0.176937
0.147198
0.127931
0.128524
0.123660
0.123982
0.126885
0.135173
0.130702
0.141827
0.232889
0.186542
0.162512
0.226504
0.163046
0.156825
0.158373
0.176947
0.240215
0.163442
0.175469
0.224048
0.269429
0.251885
0.313486
0.294235
0.311683
0.330383
0.335919
0.295490
0.341949
0.296979
0.329457
0.275489
0.202857
0.245115
0.233681
0.195265
0.224738
0.261849
0.246980
0.199984
0.202898
0.184085
0.229088
0.263012
0.283017
0.288725
0.332262
0.341311
0.307091
0.341205
0.225848
0.279004
0.147607
0.158727
0.161080
0.137189
0.155667
0.154503
0.147871
0.132874
0.128471
0.130272
0.126463
0.144783
0.122611
0.124297
0.123079
0.118515
0.155679
0.158281
0.157397
0.158441
0.163550
0.161940
0.164665
0.163664
0.160707
0.164886
0.161490
0.166179
0.165679
0.160460
0.162487
0.160457
0.163603
0.159266
0.159706
0.159868
0.159379
0.158836
0.163553
0.161367
0.161024
0.165295
0.160515
0.161025
0.157404
0.158754
0.155094
0.155928
0.151988
0.150170
0.136170
0.136678
0.121526
0.128089
0.112323
0.114704
0.128571
0.130880
0.117898
0.122160
0.147632
0.149227
0.140596
0.139758
0.159509
0.162686
0.161560
0.158791
0.161296
0.159597
0.158277
0.159222
0.159178
0.157010
0.157390
0.162102
0.157344
0.157254
0.155735
0.157855
0.163412
0.158807
0.159056
0.164678
0.165250
0.160226
0.162466
0.162303
0.164382
0.165710
0.166171
0.165735
0.165815
0.163313
0.158669
0.171323
0.149695
0.164283
0.147365
0.137280
0.183379
0.156934
0.149374
0.138751
0.131493
0.129194
0.137367
0.150028
0.123165
0.137565
0.132123
0.135377
0.198497
0.218173
0.210717
0.187680
0.240019
0.244516
0.242992
0.206245
0.186525
0.190012
0.168854
0.229471
0.205756
0.172106
0.165275
0.173719
0.160964
0.165185
0.161888
0.170231
0.229615
0.237457
0.219607
0.187050
0.194070
0.177141
0.167255
0.162776
0.161198
0.160978
0.181598
0.162837
0.202232
0.214478
0.157228
0.163386
0.206487
0.159773
0.150694
0.154660
0.161641
0.147488
0.147174
0.149737
0.172625
0.149610
0.199763
0.177703
0.266064
0.271031
0.274421
0.269242
0.283421
0.285487
0.278967
0.270642
0.261695
0.272690
0.265758
0.250589
0.250774
0.269366
0.275244
0.268668
0.301296
0.285585
0.297557
0.285097
0.193384
0.196076
0.179872
0.168046
0.152525
0.153141
0.140878
0.140432
0.151071
0.143290
0.180989
0.161142
0.232543
0.219653
0.253980
0.279129
0.285336
0.252875
0.304670
0.283144
0.298819
0.237769
0.264885
0.196228
0.255574
0.267146
0.239454
0.265162
0.280739
0.281939
0.288027
0.295349
0.277311
0.273900
0.284944
0.287631
0.287019
0.295969
0.290903
0.272129
0.245580
0.261484
0.269441
0.242007
0.252849
0.233101
0.224284
0.196925
0.208273
0.182194
0.223094
0.217714
0.252923
0.261608
0.252516
0.242712
0.275113
0.269906
0.246932
0.239401
0.261029
0.251586
0.263224
0.259127
0.262741
0.265944
0.266954
0.273991
0.283796
0.288261
0.285737
0.286847
0.283602
0.286843
0.267855
0.278177
0.282027
0.288911
0.285387
0.286061
0.182575
0.179205
0.181441
0.173685
0.157535
0.168278
0.158339
0.158349
0.152160
0.156779
0.159110
0.162423
0.157224
0.160930
0.163822
0.156540
0.149933
0.150224
0.152465
0.151327
0.162660
0.163254
0.154136
0.164631
0.167109
0.212913
0.207870
0.170215
0.164839
0.162643
0.170215
0.159359
0.183475
0.159620
0.181071
0.163067
0.151689
0.179515
0.172419
0.165928
0.183195
0.176079
0.169786
0.192588
0.167840
0.280119
0.277481
0.280514
0.292938
0.312237
0.300387
0.259064
0.263922
0.264163
0.237346
0.206113
0.220625
0.183611
0.188016
0.201477
0.219706
0.230942
0.197832
0.265165
0.277116
0.223491
0.198155
0.236857
0.258444
0.237425
0.193977
0.264750
0.274697
0.186108
0.206485
0.164119
0.180251
0.211509
0.242937
0.159216
0.165987
0.150517
0.162518
0.166862
0.181333
0.160763
0.163555
0.158397
0.161476
0.159414
0.158571
0.144733
0.153203
0.143494
0.154421
0.183719
0.158383
0.167084
0.183663
0.156682
0.157424
0.145021
0.148065
0.144784
0.158719
0.150042
0.160160
0.160419
0.159613
0.156698
0.161310
0.159663
0.159378
0.161816
0.161525
0.160431
0.158519
0.160284
0.165615
0.162300
0.159997
0.155430
0.162098
0.164099
0.157740
0.165797
0.160640
0.223378
0.221416
0.232285
0.247901
0.194449
0.225018
0.268174
0.272337
0.272332
0.269748
0.257919
0.235216
0.202458
0.206347
0.170642
0.196227
0.175901
0.299659
0.314843
0.324517
0.311793
0.320476
0.342316
0.345622
0.320362
0.309497
0.309027
0.303349
0.295851
0.278889
0.291216
0.299055
0.298127
0.306274
0.312069
0.301876
0.293720
0.320632
0.310835
0.295297
0.298785
0.300476
0.296379
0.286654
0.296324
0.301582
0.306403
0.309949
0.332641
0.295500
0.290232
0.319639
0.314475
0.283434
0.309563
0.312205
0.315864
0.307866
0.286975
0.310089
0.311939
0.286047
0.296869
0.300306
0.291219
0.301124
0.305917
0.270379
0.296570
0.255784
0.283143
0.285295
0.294519
0.268061
0.281314
0.265880
0.264287
0.292150
0.275783
0.272501
0.267470
0.270306
0.250291
0.265543
0.271377
0.294517
0.292911
0.289033
0.289508
0.275645
0.279371
0.275938
0.287868
0.282748
0.300064
0.286618
0.276894
0.250523
0.248598
0.272165
0.248657
0.245988
0.269955
0.238854
0.231591
0.218673
0.207697
0.201514
0.222228
0.196029
0.183617
0.197192
0.170367
0.181520
0.172178
0.187073
0.160609
0.181561
0.159420
0.166113
0.179026
0.185710
0.157595
0.173870
0.157804
0.159417
0.159350
0.164639
0.158722
0.164380
0.160569
0.159930
0.161413
0.157924
0.159775
0.162551
0.163370
0.157543
0.161227
0.157867
0.159327
0.161167
0.163582
0.163560
0.159710
0.157152
0.161338
0.156560
0.159550
0.149176
0.157911
0.158787
0.151893
0.155627
0.156542
0.145097
0.157823
0.140659
0.155583
0.154900
0.154898
0.154805
0.153716
0.152265
0.153756
0.141263
0.142370
0.144066
0.152720
0.154729
0.158868
0.155748
0.160922
0.159834
0.159925
0.156237
0.155465
0.154786
0.158511
0.154612
0.153822
0.141353
0.163256
0.167545
0.162755
0.163301
0.162999
0.166542
0.162717
0.161634
0.162128
0.148251
0.159310
0.154419
0.144765
0.160653
0.156431
0.153387
0.159080
0.160288
0.155037
0.163046
0.160251
0.171613
0.188320
0.164486
0.180323
0.181256
0.192974
0.164481
0.158339
0.154528
0.163421
0.160806
0.149563
0.163550
0.165698
0.160860
0.157175
0.163456
0.153890
0.156596
0.164272
0.164411
0.159137
0.177824
0.161109
0.149099
0.142180
0.190365
0.168941
0.164360
0.152756
0.155550
0.148170
0.139567
0.146577
0.145405
0.142437
0.145454
0.140325
0.135993
0.134798
0.153325
0.138296
0.144108
0.140786
0.141970
0.139696
0.133952
0.131334
0.140086
0.138054
0.139771
0.138920
0.136016
0.136672
0.139577
0.139677
0.142128
0.143867
0.135813
0.133858
0.144272
0.145646
0.155912
0.147212
0.138827
0.138408
0.176410
0.166308
0.149789
0.149790
0.151460
0.162638
0.165870
0.191635
0.159619
0.153591
0.153680
0.144566
0.139131
0.140829
0.145817
0.130465
0.135450
0.146760
0.128972
0.133709
0.134484
0.133113
0.140303
0.140227
0.154738
0.151248
0.157435
0.150228
0.140740
0.144788
0.150515
0.145503
0.127746
0.127508
0.139464
0.155113
0.140948
0.139914
0.148298
0.137033
0.138295
0.166867
0.161047
0.156518
0.157894
0.218742
0.208246
0.182534
0.201280
0.191976
0.166180
0.164672
0.149809
0.156442
0.140843
0.140611
0.149802
0.138947
0.135756
0.135820
0.144754
0.134214
0.135999
0.153957
0.135517
0.159471
0.135433
0.165763
0.136258
0.153868
0.137682
0.144522
0.146887
0.159820
0.158579
0.146435
0.159475
0.159570
0.145300
0.143220
0.138485
0.146564
0.139515
0.149379
0.138616
0.168059
0.147472
0.138793
0.139922
0.143779
0.145330
0.147836
0.150058
0.149462
0.150967
0.194424
0.157330
0.209699
0.153259
0.173315
0.140634
0.147561
0.201283
0.130637
0.133856
0.132010
0.128843
0.132939
0.131348
0.135646
0.135824
0.139618
0.133060
0.135470
0.145437
0.124636
0.122561
0.125722
0.130850
0.130570
0.133973
0.144436
0.140376
0.146592
0.152759
0.131341
0.137012
0.119823
0.125208
0.118847
0.119044
0.125596
0.129814
0.146141
0.147034
0.153303
0.137621
0.145539
0.153383
0.139670
0.144390
0.152337
0.163562
0.160096
0.152771
0.182122
0.190229
0.181117
0.169158
0.171271
0.157405
0.151422
0.143307
0.142929
0.141800
0.123639
0.120402
0.122408
0.126075
0.137771
0.136950
0.132859
0.124886
0.126869
0.128117
0.129283
0.131254
0.132078
0.129492
0.126074
0.124639
0.119696
0.119149
0.133643
0.131001
0.124951
0.130574
0.127951
0.132321
0.131172
0.132472
0.137393
0.132244
0.141418
0.135136
0.140597
0.150614
0.134351
0.133113
0.132753
0.131507
0.152064
0.147540
0.134470
0.146309
0.148421
0.136198
0.158334
0.154864
0.162510
0.163290
0.177194
0.161854
0.197193
0.160221
0.206374
0.158739
0.194100
0.189414
0.165123
0.176678
0.220476
0.224474
0.191594
0.204730
0.257919
0.232308
0.270065
0.291048
0.264512
0.289667
0.215716
0.247400
0.144089
0.148677
0.146273
0.139329
0.135985
0.134380
0.132843
0.125794
0.132317
0.129890
0.123391
0.131532
0.144181
0.134084
0.135235
0.136702
0.146673
0.155950
0.162743
0.152423
0.153265
0.174626
0.142375
0.145908
0.138118
0.144113
0.142295
0.141710
0.168852
0.187795
0.220402
0.187713
0.181186
0.226284
0.162562
0.167329
0.153528
0.150955
0.153589
0.156462
0.157373
0.160996
0.170254
0.160694
0.141861
0.144927
0.150920
0.147760
0.150912
0.149331
0.154846
0.156045
0.146591
0.149929
0.156180
0.151226
0.139708
0.141715
0.145250
0.140975
0.139895
0.138474
0.142708
0.143278
0.140786
0.141359
0.140001
0.143630
0.136600
0.139460
0.136403
0.137768
0.133099
0.135250
0.128386
0.137573
0.128508
0.130392
0.136904
0.137649
0.140880
0.143100
0.145650
0.144583
0.143827
0.142592
0.127158
0.138532
0.175577
0.169282
0.181659
0.189615
0.149822
0.158819
0.174765
0.183551
0.183903
0.171811
0.147794
0.155739
0.166793
0.162646
0.144446
0.142980
0.158267
0.164272
0.163786
0.168465
0.169904
0.200979
0.178498
0.220824
0.158816
0.167192
0.129319
0.130168
0.122315
0.123228
0.127192
0.121604
0.110137
0.111026
0.117644
0.130836
0.125639
0.119552
0.136894
0.134180
0.135741
0.131117
0.138227
0.129727
0.137144
0.142222
0.120454
0.128421
0.134955
0.139775
0.144172
0.144901
0.166733
0.138148
0.154721
0.182188
0.147112
0.145988
0.123695
0.120427
0.128263
0.133202
0.119200
0.125554
0.127850
0.134671
0.111064
0.120807
0.107719
0.118315
0.106748
0.114898
0.102549
0.115478
0.119173
0.118277
0.115401
0.120144
0.103609
0.103068
0.121878
0.123013
0.121957
0.123525
0.119551
0.103447
0.152442
0.170640
0.153172
0.148594
0.200572
0.196468
0.144495
0.140236
0.128391
0.160962
0.138982
0.125732
0.132020
0.164930
0.151967
0.172859
0.225240
0.218923
0.241334
0.251200
0.182942
0.195806
0.222874
0.245032
0.179425
0.194953
0.135781
0.128692
0.136201
0.137471
0.120382
0.126109
0.126885
0.134302
0.146873
0.147877
0.133704
0.125786
0.156334
0.150963
0.150144
0.137856
0.107766
0.115534
0.117187
0.113420
0.116773
0.120948
0.106094
0.111274
0.095197
0.098755
0.095422
0.102982
0.098200
0.105262
0.109034
0.113071
0.140970
0.140106
0.123335
0.132037
0.121040
0.113531
0.111706
0.122050
0.131663
0.122692
0.130283
0.110136
0.136292
0.135996
0.142008
0.138895
0.152954
0.148475
0.152432
0.158866
0.137837
0.139766
0.153412
0.155129
0.143039
0.149885
0.103756
0.103712
0.101194
0.097857
0.109672
0.108844
0.104757
0.091664
0.090533
0.092679
0.096399
0.098218
0.101194
0.098780
0.101658
0.098535
0.118969
0.118984
0.127556
0.126580
0.131308
0.129408
0.132376
0.132196
0.129563
0.125290
0.132446
0.131717
0.127270
0.120897
0.124010
0.128516
0.096276
0.103278
0.100852
0.093760
0.109508
0.110620
0.089252
0.091072
0.089024
0.093044
0.095735
0.106944
0.118738
0.116055
0.117097
0.121087
0.117596
0.116578
0.121473
0.121998
0.119651
0.119448
0.119264
0.119699
0.117662
0.117728
0.116778
0.117991
0.117871
0.117456
0.115785
0.115889
0.111756
0.114778
0.110314
0.114781
0.121415
0.116777
0.116917
0.124073
0.117638
0.117206
0.116468
0.119538
0.118539
0.119669
0.116526
0.117582
0.124501
0.116709
0.117803
0.117829
0.117739
0.120240
0.120772
0.133490
0.149757
0.159236
0.155272
0.158227
0.155121
0.164590
0.160524
0.157636
0.162483
0.160431
0.177583
0.156624
0.208321
0.160743
0.217594
0.166265
0.124021
0.130582
0.128273
0.120352
0.170554
0.153989
0.118164
0.117157
0.116773
0.117942
0.121677
0.123422
0.126297
0.129065
0.153579
0.173421
0.123576
0.129288
0.128157
0.120881
0.184867
0.163191
0.118244
0.117289
0.116520
0.116934
0.123917
0.122421
0.128707
0.128962
0.179697
0.171383
0.130621
0.129277
0.132113
0.132075
0.127073
0.136390
0.168181
0.153387
0.160034
0.125034
0.130714
0.171703
0.133740
0.116002
0.120184
0.131294
0.215959
0.238819
0.248910
0.223715
0.270002
0.298718
0.206392
0.210271
0.211306
0.203418
0.184196
0.214166
0.178992
0.207043
0.206704
0.244895
0.284719
0.255727
0.258891
0.264560
0.249918
0.233497
0.203337
0.230178
0.237897
0.292315
0.276626
0.223406
0.331387
0.302142
0.273399
0.261640
0.179413
0.165856
0.178876
0.155948
0.147445
0.149234
0.137239
0.137180
0.133519
0.148787
0.137213
0.156945
0.184267
0.181998
0.143281
0.152165
0.127814
0.145943
0.127152
0.121295
0.131203
0.159844
0.177552
0.166033
0.267163
0.274733
0.289464
0.283309
0.279568
0.314972
0.315117
0.294586
0.269304
0.268826
0.263290
0.270607
0.283971
0.259371
0.274497
0.265235
0.277155
0.256377
0.246291
0.261808
0.304472
0.287549
0.305126
0.329610
0.346013
0.316062
0.348319
0.327300
0.306431
0.302261
0.254495
0.256337
0.209285
0.225199
0.172060
0.184655
0.163926
0.169246
0.225021
0.168861
0.215972
0.201202
0.197244
0.212208
0.243817
0.318206
0.321041
0.341671
0.327878
0.297104
0.290426
0.296245
0.277688
0.266729
0.257247
0.258166
0.254817
0.252751
0.267997
0.266315
0.318374
0.297504
0.271341
0.279829
0.240788
0.248026
0.223031
0.234922
0.279900
0.278764
0.292366
0.276225
0.265119
0.296073
0.260035
0.253754
0.243371
0.238387
0.276682
0.272479
0.291745
0.303366
0.243924
0.261065
0.303666
0.264399
0.233427
0.250101
0.210935
0.187327
0.178415
0.203399
0.184011
0.205527
0.212012
0.229745
0.236475
0.237304
0.209780
0.200776
0.233866
0.298600
0.314784
0.253303
0.327445
0.339723
0.300524
0.309839
0.254676
0.275572
0.218559
0.274565
0.206282
0.179062
0.176659
0.197392
0.241758
0.284605
0.288514
0.241180
0.355241
0.357902
0.221863
0.203103
0.180712
0.191881
0.251557
0.230470
0.284138
0.283043
0.364693
0.350674
0.244842
0.205212
0.256975
0.286910
0.299385
0.303678
0.326784
0.301599
0.279909
0.301870
0.285115
0.242710
0.300056
0.274549
0.297469
0.290733
0.348455
0.331635
0.278009
0.303731
0.229245
0.273609
0.207987
0.239343
0.305425
0.265041
0.366631
0.344343
0.408658
0.384489
0.411964
0.395784
0.400656
0.380091
0.402668
0.383339
0.353812
0.370695
0.144305
0.139163
0.132813
0.101179
0.099560
0.093260
0.086944
0.090503
0.095607
0.097191
0.088982
0.103121
0.109427
0.110965
0.110713
0.101358
0.107153
0.101453
0.110265
0.113827
0.103586
0.108502
0.110600
0.114124
0.107077
0.102090
0.097402
0.092462
0.080463
0.085165
0.080047
0.076723
0.082897
0.081415
0.091339
0.090607
0.082859
0.087396
0.075825
0.074917
0.096155
0.114966
0.087519
0.082947
0.085188
0.078999
0.087117
0.112761
0.116610
0.223795
0.246298
0.285343
0.292144
0.255678
0.306073
0.311152
0.341638
0.338530
0.235431
0.293249
0.337883
0.192525
0.201621
0.195388
0.207286
0.294520
0.280603
0.329171
0.353022
0.396956
0.390381
0.405678
0.375688
0.363886
0.319379
0.249429
0.291212
0.307649
0.269650
0.266072
0.253456
0.230342
0.224326
0.242588
0.216715
0.196642
0.234304
0.225824
0.260715
0.270055
0.227514
0.204695
0.196049
0.177882
0.207917
0.252884
0.168039
0.176029
0.166125
0.146967
0.157729
0.187575
0.165423
0.208648
0.185969
0.322750
0.307481
0.308440
0.276365
0.220774
0.266503
0.183170
0.291445
0.191939
0.174494
0.170914
0.159923
0.160719
0.160664
0.185971
0.158596
0.169641
0.161946
0.187213
0.318427
0.317335
0.318525
0.313721
0.297598
0.299606
0.286734
0.307057
0.269086
0.270585
0.263768
0.272752
0.281476
0.275326
0.269177
0.264968
0.232564
0.254298
0.199893
0.263582
0.187033
0.175178
0.171253
0.168970
0.163931
0.162391
0.161754
0.161931
0.156696
0.157191
0.155588
0.157422
0.154860
0.154483
0.154622
0.160970
0.162465
0.160685
0.161490
0.161491
0.166383
0.161381
0.157039
0.167580
0.160007
0.161126
0.130546
0.140092
0.126496
0.147957
0.131502
0.129196
0.128953
0.125247
0.128570
0.128732
0.135641
0.128033
0.138815
0.134558
0.143788
0.140932
0.134852
0.131611
0.138705