0.895108
0.894428
0.894943
0.894943
0.895492
0.894865
0.800464
0.766928
0.768975
0.809798
0.804079
0.756422
0.786117
0.830950
0.805844
0.797428
0.849831
0.846787
0.846787
0.849831
0.849831
0.849831
0.828159
0.789906
0.801069
0.756951
0.741701
0.719799
0.738375
0.784815
0.738375
0.769120
0.732029
0.727559
0.717304
0.654621
0.666806
0.655057
0.693528
0.891178
0.860746
0.856284
0.882020
0.868283
0.851710
0.835793
0.866327
0.869616
0.886599
0.869395
0.865633
0.873534
0.877485
0.883470
0.879480
0.885465
0.863093
0.877485
0.874862
0.869584
0.870594
0.861682
0.827231
0.853781
0.849831
0.857732
0.816317
0.861923
0.821621
0.794107
0.783712
0.783139
0.821926
0.853110
0.812667
0.796568
0.796068
0.757567
0.757281
0.818361
0.815750
0.852813
0.805953
0.818167
0.832777
0.853641
0.858553
0.857436
0.872239
0.866994
0.867266
0.874873
0.838900
0.842945
0.796068
0.817616
0.836906
0.849818
0.848724
0.855658
0.670916
0.634518
0.689009
0.687638
0.686247
0.692957
0.691040
0.672947
0.640056
0.616212
0.685288
0.715655
0.777957
0.739467
0.696792
0.699668
0.769834
0.751774
0.800984
0.679536
0.737781
0.697596
0.766122
0.805953
0.805953
0.716574
0.720243
0.689435
0.716787
0.744352
0.744352
0.760951
0.767998
0.841579
0.865681
0.845236
0.855080
0.839178
0.839178
0.839178
0.832507
0.842222
0.878330
0.916723
0.949334
0.943624
0.913783
0.943624
0.839178
0.870590
0.839178
0.954726
0.875525
0.881582
0.904483
0.909844
0.956946
0.934775
0.941874
0.851020
0.819188
0.881582
0.705645
0.703172
0.616212
0.619044
0.619448
0.616212
0.648682
0.616212
0.654094
0.749483
0.663468
0.661571
0.709561
0.777331
0.627539
0.627539
0.627539
0.627539
0.624708
0.624303
0.746214
0.702588
0.818923
0.760756
0.702588
0.702588
0.702588
0.707334
0.700162
0.792265
0.815831
0.843503
0.853100
0.812473
0.807727
0.876516
0.885848
0.888649
0.891451
0.889455
0.923465
0.915623
0.900703
0.910567
0.909313
0.931307
0.913830
0.893301
0.888181
0.858779
0.839178
0.858779
0.925426
0.918761
0.863914
0.854113
0.869689
0.849689
0.881697
0.887153
0.872290
0.881116
0.852162
0.847364
0.876317
0.866473
0.875262
0.811722
0.772535
0.740313
0.731265
0.745415
0.707925
0.757192
0.818923
0.771710
0.822646
0.787408
0.813572
0.863738
0.854149
0.850201
0.844483
0.831887
0.829194
0.806819
0.819901
0.818224
0.859413
0.877564
0.891178
0.875658
0.854285
0.842577
0.919128
0.877313
0.827779
0.805632
0.837626
0.931965
0.942201
0.933134
0.934999
0.950911
0.944595
0.931636
0.913681
0.934030
0.937463
0.884382
0.857086
0.879237
0.891451
0.891451
0.898840
0.819091
0.810429
0.836859
0.821629
0.838765
0.825441
0.836859
0.839163
0.795400
0.783555
0.852347
0.817951
0.805959
0.821500
0.812798
0.803547
0.853113
0.822729
0.828613
0.783555
0.791246
0.776400
0.758819
0.794169
0.783302
0.707646
0.798785
0.793184
0.795506
0.759794
0.758399
0.761911
0.786080
0.786949
0.802721
0.796885
0.890830
0.930870
0.956946
0.927379
0.825275
0.882271
0.823066
0.926847
0.923287
0.771176
0.776144
0.791048
0.814406
0.771176
0.712511
0.682709
0.674834
0.684061
0.696979
0.721715
0.721715
0.735250
0.641616
0.670797
0.655687
0.652125
0.645001
0.710013
0.684447
0.717100
0.726469
0.619470
0.612346
0.601659
0.664914
0.632848
0.644608
0.625234
0.621776
0.614651
0.602812
0.685441
0.650826
0.664362
0.616212
0.627750
0.652445
0.376951
0.347007
0.345726
0.346366
0.436198
0.400905
0.407536
0.348289
0.466782
0.554436
0.490736
0.480680
0.531152
0.575650
0.525388
0.578290
0.590089
0.613688
0.578333
0.502006
0.513675
0.388396
0.425723
0.466695
0.412833
0.572756
0.540313
0.581917
0.563341
0.596610
0.607823
0.612943
0.604945
0.597002
0.633626
0.590754
0.609875
0.603577
0.581816
0.566897
0.601747
0.617793
0.623071
0.611049
0.625487
0.603343
0.646270
0.552436
0.624384
0.652989
0.578709
0.533034
0.527385
0.544331
0.538682
0.561577
0.536553
0.542201
0.572874
0.590422
0.607668
0.648042
0.630864
0.630864
0.642614
0.488723
0.419176
0.511829
0.448444
0.356894
0.368704
0.392323
0.404133
0.427752
0.415196
0.413759
0.427752
0.465902
0.452218
0.504051
0.509442
0.586228
0.606045
0.508041
0.512321
0.517492
0.486085
0.365454
0.432808
0.393095
0.354843
0.384536
0.439140
0.403619
0.403619
0.350846
0.354253
0.450730
0.402449
0.497841
0.450645
0.373397
0.373397
0.439480
0.439480
0.401521
0.453284
0.551443
0.514915
0.498979
0.514424
0.593610
0.542900
0.537375
0.602266
0.565677
0.493294
0.477700
0.418100
0.429645
0.381462
0.509276
0.519572
0.449776
0.468698
0.468698
0.434635
0.354843
0.373397
0.354843
0.378545
0.359995
0.354843
0.366198
0.338034
0.390647
0.341511
0.415149
0.392386
0.341511
0.409802
0.393095
0.473971
0.393095
0.466863
0.567696
0.553480
0.539264
0.506753
0.466863
0.458486
0.393095
0.408851
0.561681
0.571840
0.561681
0.541441
0.531321
0.511081
0.560707
0.592160
0.549613
0.466263
0.492247
0.490842
0.501093
0.455985
0.502799
0.528832
0.474277
0.519144
0.554865
0.557786
0.555838
0.601346
0.568919
0.594193
0.650080
0.469377
0.495492
0.456639
0.472490
0.441684
0.437661
0.440788
0.440788
0.440788
0.440788
0.440788
0.440788
0.437661
0.440788
0.441557
0.432970
0.432970
0.429842
0.429842
0.465563
0.456639
0.434104
0.488342
0.459123
0.414053
0.504193
0.534345
0.520044
0.551747
0.535895
0.551747
0.551747
0.547724
0.539679
0.509338
0.484105
0.394002
0.441733
0.420523
0.394002
0.508243
0.490842
0.525645
0.499542
0.541441
0.511081
0.526038
0.490842
0.524035
0.537352
0.577376
0.558034
0.533541
0.550942
0.543046
0.551747
0.729269
0.730897
0.731711
0.730897
0.728455
0.730759
0.728455
0.729269
0.728455
0.729141
0.728626
0.731779
0.730803
0.728970
0.728455
0.728455
0.728798
0.729697
0.728455
0.728455
0.728455
0.728455
0.728455
0.728455
0.729656
0.731271
0.729656
0.734500
0.729485
0.729656
0.734500
0.731271
0.736115
0.739345
0.729656
0.729656
0.729656
0.729656
0.729313
0.740959
0.740959
0.739345
0.740959
0.740959
0.740959
0.735227
0.735819
0.738160
0.740367
0.740367
0.739479
0.739479
0.740367
0.740959
0.740959
0.740959
0.740959
0.740959
0.734759
0.735230
0.737568
0.738887
0.733339
0.733877
0.736181
0.737534
0.738887
0.738098
0.738887
0.738887
0.738887
0.559567
0.546966
0.531822
0.523437
0.550942
0.512542
0.559447
0.534366
0.559206
0.517403
0.534052
0.501261
0.500875
0.542196
0.558965
0.566145
0.573325
0.587924
0.586792
0.565819
0.585779
0.547593
0.572673
0.592633
0.572709
0.527490
0.527490
0.567414
0.557662
0.544019
0.567414
0.611423
0.594029
0.576703
0.592986
0.620108
0.594029
0.594029
0.620108
0.627464
0.608740
0.577934
0.598011
0.570104
0.595224
0.559377
0.585411
0.541715
0.549625
0.587869
0.525768
0.492996
0.521295
0.480796
0.507221
0.538133
0.499808
0.550498
0.585267
0.549567
0.573367
0.592784
0.563983
0.592727
0.612086
0.477240
0.471752
0.469361
0.453605
0.490204
0.477039
0.468738
0.461567
0.478905
0.483686
0.514541
0.508883
0.456786
0.516742
0.453605
0.522373
0.554865
0.519144
0.554865
0.519144
0.554865
0.554865
0.569984
0.554865
0.519144
0.501284
0.585104
0.554865
0.600223
0.604161
0.573633
0.619214
0.587039
0.637124
0.554397
0.513381
0.542688
0.525479
0.590085
0.581083
0.562822
0.562822
0.553649
0.562822
0.562822
0.565529
0.573652
0.568237
0.577563
0.594929
0.612893
0.619187
0.542087
0.526130
0.566643
0.514568
0.457527
0.478312
0.459315
0.488787
0.498611
0.478963
0.498611
0.512180
0.514441
0.532532
0.538409
0.546101
0.559477
0.465563
0.465563
0.429842
0.429842
0.465563
0.429842
0.431406
0.458188
0.439667
0.469139
0.459315
0.488787
0.344338
0.345085
0.335366
0.330719
0.367211
0.341056
0.300197
0.319956
0.309169
0.284626
0.316377
0.331040
0.336731
0.333601
0.350604
0.345754
0.353163
0.352417
0.378275
0.390027
0.304911
0.264272
0.314176
0.282943
0.325805
0.335232
0.361574
0.331214
0.321127
0.366443
0.357476
0.351408
0.354311
0.344253
0.329711
0.344927
0.347915
0.350490
0.335183
0.347147
0.301614
0.355300
0.262589
0.269668
0.284551
0.243076
0.264071
0.233740
0.243516
0.223563
0.233540
0.253492
0.246680
0.201860
0.198696
0.161395
0.224945
0.193341
0.136527
0.224371
0.291407
0.323976
0.273645
0.309007
0.346366
0.332239
0.340896
0.356296
0.293397
0.293397
0.273445
0.283421
0.253243
0.277836
0.200470
0.237361
0.290227
0.209454
0.191795
0.200470
0.237361
0.216389
0.165918
0.192665
0.243031
0.210645
0.259820
0.339508
0.166486
0.195418
0.145515
0.162149
0.151622
0.142947
0.145515
0.145515
0.145515
0.145515
0.142947
0.142947
0.139095
0.167331
0.139095
0.161488
0.145515
0.141406
0.178783
0.188700
0.161233
0.230747
0.245320
0.212052
0.297284
0.264015
0.333644
0.350278
0.385607
0.385607
0.293651
0.315532
0.196109
0.244880
0.245457
0.222099
0.261954
0.261954
0.318176
0.339068
0.320749
0.377624
0.454737
0.490067
0.412954
0.427391
0.371170
0.385607
0.440748
0.466261
0.438888
0.431816
0.435639
0.431173
0.456583
0.475193
0.444571
0.432195
0.430207
0.420501
0.413643
0.447851
0.442258
0.458149
0.455436
0.472048
0.463658
0.457343
0.462131
0.479489
0.465515
0.458612
0.437958
0.417422
0.426831
0.403077
0.453253
0.458656
0.359965
0.393034
0.355014
0.316982
0.408676
0.438279
0.462032
0.446640
0.451752
0.467144
0.473951
0.479168
0.468910
0.481711
0.345586
0.306182
0.388896
0.336035
0.309219
0.374715
0.403162
0.407428
0.386233
0.393247
0.363106
0.366563
0.357184
0.315416
0.339072
0.410020
0.421466
0.380105
0.403728
0.431436
0.427350
0.426173
0.427350
0.402411
0.416882
0.371794
0.360670
0.440788
0.440788
0.451928
0.434177
0.446358
0.457498
0.442947
0.457571
0.427567
0.412190
0.472517
0.468638
0.474208
0.472517
0.472517
0.479779
0.463068
0.468638
0.451928
0.457498
0.428249
0.402310
0.414003
0.402310
0.454188
0.433133
0.419339
0.415082
0.406567
0.416327
0.427853
0.426775
0.441647
0.432111
0.435290
0.444826
0.451184
0.454363
0.461624
0.461624
0.402310
0.413315
0.402310
0.385891
0.380478
0.402310
0.399936
0.402310
0.399936
0.402310
0.359600
0.378581
0.315704
0.305408
0.348118
0.298862
0.347641
0.336636
0.287380
0.309302
0.397563
0.408556
0.396376
0.394002
0.420737
0.400686
0.394002
0.394002
0.394002
0.394002
0.396376
0.354853
0.518964
0.505396
0.525748
0.518964
0.532532
0.539317
0.546101
0.539317
0.523058
0.523521
0.546101
0.546101
0.546101
0.546101
0.546101
0.546101
0.546101
0.546101
0.519890
0.546101
0.506784
0.546101
0.519372
0.485065
0.541264
0.543684
0.552668
0.548822
0.551544
0.458854
0.458514
0.467468
0.453429
0.454742
0.454363
0.487835
0.480573
0.465255
0.457993
0.461624
0.468886
0.454363
0.443893
0.448005
0.497787
0.500015
0.472517
0.485159
0.498611
0.483406
0.464195
0.474208
0.476148
0.307013
0.305811
0.224905
0.248334
0.278741
0.182390
0.152604
0.145569
0.180072
0.158504
0.084674
0.124623
0.057768
0.000000
0.019969
0.014243
0.144021
0.056971
0.214792
0.141985
0.254766
0.170423
0.158504
0.182472
0.182602
0.131096
0.188302
0.230670
0.206571
0.218750
0.242849
0.212401
0.200352
0.182955
0.206805
0.228606
0.180904
0.154351
0.108481
0.077176
0.059908
0.249037
0.261944
0.224082
0.289729
0.295028
0.275966
0.199983
0.199983
0.262202
0.262202
0.343642
0.342785
0.401440
0.413749
0.351082
0.426057
0.367406
0.358522
0.431783
0.430375
0.218040
0.270824
0.298317
0.392356
0.351052
0.353297
0.430082
0.481606
0.395462
0.441992
0.360842
0.401440
0.621252
0.626969
0.612981
0.612981
0.620744
0.612981
0.615731
0.613669
0.615043
0.617105
0.619192
0.612981
0.623756
0.635512
0.650298
0.647673
0.618763
0.635760
0.625417
0.626472
0.621941
0.617793
0.629552
0.634388
0.626090
0.617793
0.646746
0.646834
0.646834
0.653613
0.650845
0.642685
0.658868
0.637024
0.658043
0.617793
0.637568
0.617793
0.617793
0.610921
0.606483
0.592047
0.631953
0.658090
0.668723
0.611273
0.596941
0.593816
0.613993
0.586976
0.576359
0.581775
0.568237
0.576090
0.562822
0.586381
0.570675
0.628817
0.609269
0.645041
0.635397
0.648364
0.666766
0.701213
0.672762
0.675197
0.704866
0.696454
0.682407
0.691676
0.704363
0.715246
0.700811
0.686898
0.691466
0.659227
0.656385
0.705859
0.703999
0.711426
0.700809
0.706623
0.712715
0.700353
0.716283
0.724737
0.717794
0.728089
0.685572
0.695258
0.685713
0.682385
0.674912
0.700683
0.693198
0.692093
0.679208
0.674912
0.676583
0.670901
0.669591
0.666615
0.691306
0.650287
0.693763
0.655202
0.609269
0.627857
0.635230
0.660118
0.667038
0.562822
0.582885
0.562822
0.571420
0.623013
0.623013
0.602949
0.580019
0.562822
0.562822
0.623013
0.656531
0.681669
0.712661
0.653231
0.641297
0.607965
0.709904
0.676142
0.688799
0.637677
0.623013
0.663416
0.632818
0.664163
0.691651
0.623013
0.605815
0.580019
0.583840
0.612025
0.623013
0.557088
0.574296
0.575750
0.582624
0.604148
0.609187
0.590050
0.574943
0.567873
0.593433
0.567873
0.567873
0.598818
0.656286
0.658964
0.620921
0.626870
0.567873
0.564763
0.567873
0.561652
0.555432
0.561652
0.646633
0.645899
0.675474
0.677064
0.682036
0.704214
0.696016
0.687715
0.665839
0.668351
0.646834
0.705391
0.709830
0.710307
0.723391
0.721215
0.725542
0.710307
0.707789
0.704214
0.705576
0.710188
0.699161
0.695559
0.687008
0.687008
0.700795
0.692410
0.692035
0.694624
0.687008
0.677120
0.667232
0.647456
0.667232
0.687008
0.687008
0.710997
0.726418
0.691574
0.740325
0.726418
0.732709
0.709858
0.676340
0.720331
0.740325
0.740325
0.719465
0.733372
0.715988
0.731263
0.705520
0.691651
0.705558
0.691651
0.699684
0.694329
0.702362
0.691651
0.698605
0.697006
0.691651
0.691651
0.705558
0.691651
0.697006
0.691651
0.371872
0.392619
0.398910
0.424021
0.362995
0.362295
0.379840
0.383559
0.420416
0.431690
0.331238
0.354959
0.327701
0.306260
0.283613
0.294919
0.328526
0.304059
0.336679
0.312673
0.379612
0.451578
0.433362
0.474321
0.314516
0.388382
0.540190
0.494597
0.547516
0.603104
0.508914
0.453638
0.412070
0.538747
0.484690
0.406531
0.311782
0.301892
0.284907
0.280160
0.600820
0.656022
0.518399
0.617617
0.677229
0.541635
0.463424
0.474813
0.471433
0.498049
0.543130
0.478748
0.580587
0.640318
0.698820
0.650440
0.710260
0.452150
0.425534
0.433315
0.395082
0.394133
0.355331
0.292932
0.305941
0.364629
0.336631
0.402862
0.412152
0.172867
0.139352
0.198164
0.133189
0.203043
0.261084
0.206462
0.194055
0.131135
0.174571
0.288088
0.288436
0.351356
0.350660
0.350660
0.351356
0.291260
0.318212
0.228711
0.254378
0.230928
0.218007
0.236688
0.224198
0.299799
0.293153
0.213407
0.215695
0.217983
0.217983
0.208831
0.250818
0.288229
0.225249
0.241325
0.306934
0.349269
0.349965
0.349733
0.224198
0.219096
0.236630
0.229675
0.224062
0.239368
0.199409
0.242845
0.242870
0.255277
0.254538
0.261492
0.251060
0.244106
0.241367
0.237151
0.227914
0.230050
0.241331
0.245510
0.149757
0.131135
0.187002
0.144130
0.135243
0.157124
0.183114
0.209104
0.188742
0.220359
0.218620
0.246760
0.339927
0.318436
0.350838
0.340037
0.393543
0.402303
0.385165
0.371049
0.359102
0.353424
0.430627
0.413120
0.457730
0.487333
0.513212
0.470902
0.442968
0.469907
0.436303
0.461370
0.391435
0.368501
0.431525
0.400900
0.417307
0.436983
0.536577
0.475580
0.454584
0.534043
0.547120
0.502241
0.500593
0.544922
0.551558
0.495034
0.542023
0.498089
0.550089
0.461548
0.543034
0.372591
0.446627
0.527681
0.358100
0.321683
0.345567
0.305030
0.330328
0.302871
0.292811
0.343610
0.468586
0.390822
0.318554
0.316142
0.278006
0.295407
0.307635
0.302008
0.296380
0.286619
0.278006
0.474193
0.468467
0.510353
0.510353
0.490541
0.525871
0.555431
0.545900
0.542093
0.547816
0.563045
0.554603
0.570054
0.577407
0.579027
0.541389
0.533153
0.506889
0.489413
0.563054
0.554877
0.569356
0.559087
0.570668
0.577533
0.562082
0.575658
0.558748
0.550082
0.580256
0.585927
0.572704
0.573902
0.554001
0.570524
0.580397
0.584819
0.578576
0.591827
0.546208
0.543980
0.548818
0.552091
0.543980
0.560023
0.564697
0.557993
0.565261
0.582490
0.582864
0.568285
0.578092
0.518314
0.558956
0.492648
0.561722
0.520588
0.585323
0.468467
0.513291
0.543913
0.569366
0.605718
0.418041
0.435269
0.399237
0.378742
0.427985
0.408097
0.459799
0.447873
0.412798
0.437929
0.412978
0.392910
0.449931
0.457818
0.462113
0.459288
0.453639
0.456463
0.464937
0.481675
0.462309
0.480316
0.377723
0.367778
0.366792
0.362716
0.414603
0.386175
0.383094
0.374943
0.370867
0.383094
0.398401
0.390250
0.415249
0.419325
0.430557
0.433047
0.416154
0.440518
0.438966
0.450814
0.359712
0.356708
0.362716
0.322172
0.315093
0.340406
0.382965
0.372841
0.368617
0.372841
0.331121
0.329797
0.299232
0.276562
0.306942
0.258954
0.284632
0.284632
0.271793
0.284632
0.373680
0.359332
0.339921
0.320511
0.400323
0.339921
0.312980
0.292485
0.236432
0.236432
0.227816
0.273074
0.245048
0.320511
0.281690
0.222023
0.220210
0.232866
0.223551
0.223775
0.241008
0.208053
0.221016
0.221346
0.212484
0.218482
0.241091
0.262280
0.246181
0.245048
0.219200
0.199190
0.215387
0.194759
0.218291
0.194759
0.207598
0.194759
0.194759
0.218291
0.218291
0.220437
0.220437
0.246115
0.258954
0.233276
0.230083
0.253589
0.296553
0.253589
0.277120
0.363050
0.277120
0.228681
0.238919
0.240447
0.262451
0.277930
0.240447
0.301555
0.331704
0.308079
0.354518
0.394009
0.308079
0.354518
0.446078
0.225778
0.225778
0.225778
0.225778
0.222437
0.224664
0.225778
0.243885
0.225778
0.234831
0.225778
0.248592
0.455729
0.403036
0.443418
0.455284
0.501217
0.403036
0.388582
0.403036
0.413137
0.387849
0.403036
0.403036
0.386252
0.386252
0.361076
0.391059
0.407843
0.427641
0.490414
0.441132
0.449232
0.366900
0.378025
0.352446
0.371821
0.388582
0.366900
0.363067
0.352446
0.381508
0.383375
0.350070
0.352446
0.358508
0.347694
0.328601
0.346026
0.371798
0.361076
0.386252
0.361076
0.410571
0.411504
0.400883
0.425691
0.423201
0.428181
0.413291
0.434385
0.440066
0.446270
0.437576
0.427614
0.432595
0.422866
0.448904
0.456436
0.463685
0.462608
0.456517
0.546978
0.541416
0.539797
0.525743
0.564346
0.527423
0.405200
0.472498
0.468585
0.392901
0.427422
0.479048
0.476638
0.428263
0.413987
0.462436
0.521761
0.519681
0.575612
0.548381
0.360861
0.355850
0.334490
0.310953
0.375796
0.375796
0.331096
0.328128
0.303108
0.309334
0.348271
0.362034
0.382585
0.375500
0.380490
0.389060
0.389986
0.395292
0.396218
0.401524
0.314875
0.299680
0.308991
0.323538
0.302460
0.326641
0.377210
0.321633
0.366917
0.320758
0.338408
0.347516
0.344291
0.309508
0.326317
0.450808
0.497826
0.421309
0.471180
0.542495
0.515848
0.475878
0.446883
0.396025
0.391245
0.393393
0.397689
0.399837
0.396861
0.395541
0.406281
0.404133
0.406281
0.406281
0.406281
0.401985
0.397378
0.406475
0.404366
0.392614
0.398697
0.401854
0.407937
0.419013
0.423855
0.438294
0.450216
0.470306
0.423855
0.450216
0.467790
0.467790
0.479093
0.479093
0.482998
0.467790
0.482998
0.513412
0.528619
0.485626
0.443927
0.433847
0.420064
0.413969
0.496047
0.496047
0.496047
0.507349
0.507349
0.507349
0.423588
0.459817
0.440894
0.481341
0.468337
0.442328
0.429324
0.455332
0.494345
0.481341
0.507349
0.507349
0.507349
0.557752
0.390337
0.369376
0.375827
0.338202
0.365080
0.317241
0.284632
0.303445
0.341070
0.359882
0.397507
0.416320
0.258062
0.345794
0.395486
0.494531
0.270901
0.353017
0.543729
0.501259
0.566808
0.564964
0.480024
0.437555
0.416320
0.416320
0.365856
0.296579
0.564964
0.564964
0.589152
0.589152
0.514263
0.560596
0.628458
0.645112
0.661001
0.605109
0.556229
0.628480
0.510806
0.463563
0.640602
0.713235
0.568191
0.564964
0.621218
0.685303
0.668621
0.763938
0.748848
0.570497
0.572341
0.573571
0.576030
0.435369
0.491945
0.538022
0.602779
0.599090
0.362558
0.385242
0.355671
0.367734
0.346252
0.348119
0.358980
0.358980
0.363433
0.377142
0.352361
0.349052
0.339125
0.342434
0.328040
0.320263
0.338192
0.320263
0.342943
0.325015
0.382662
0.398412
0.427236
0.459425
0.370097
0.395046
0.547087
0.474192
0.499168
0.536869
0.484410
0.430366
0.409473
0.409473
0.409473
0.409473
0.391737
0.388428
0.363479
0.356861
0.480318
0.518019
0.442617
0.461467
0.520665
0.423766
0.395304
0.414163
0.399758
0.414163
0.414163
0.399758
0.423766
0.532245
0.470402
0.376794
0.385395
0.390155
0.395773
0.393996
0.410146
0.417542
0.401698
0.390155
0.337322
0.312456
0.343548
0.310885
0.359085
0.368414
0.337227
0.340387
0.307724
0.304564
0.360617
0.368414
0.368414
0.368414
0.368414
0.368414
0.368414
0.368414
0.368414
0.370752
0.321634
0.309201
0.359326
0.359326
0.345024
0.358565
0.494131
0.427560
0.427560
0.473049
0.497645
0.412612
0.455418
0.403513
0.404442
0.368414
0.368414
0.427560
0.473049
0.354690
0.432140
0.454885
0.371492
0.295291
0.299928
0.286018
0.303067
0.327646
0.304711
0.383848
0.427638
0.427638
0.290655
0.286018
0.281382
0.281382
0.284485
0.281382
0.299310
0.296934
0.296934
0.574471
0.545036
0.606526
0.583233
0.624990
0.650903
0.624975
0.639026
0.609142
0.610033
0.669355
0.676815
0.700109
0.713289
0.691005
0.677824
0.680338
0.664643
0.667157
0.623946
0.611369
0.610924
0.617901
0.620944
0.649318
0.631879
0.633116
0.627030
0.630073
0.633116
0.661242
0.646561
0.674602
0.694836
0.713303
0.687516
0.660353
0.683360
0.686821
0.690175
0.626467
0.635688
0.604761
0.615489
0.629604
0.597548
0.597456
0.589259
0.560617
0.569915
0.559660
0.532748
0.550689
0.577600
0.595541
0.591213
0.620948
0.606833
0.598177
0.609720
0.608697
0.583233
0.572303
0.568428
0.545036
0.516925
0.476683
0.484641
0.541491
0.517229
0.535909
0.523778
0.602251
0.610683
0.611836
0.612402
0.599693
0.612883
0.612645
0.614980
0.614922
0.617443
0.618222
0.619382
0.622317
0.628565
0.632317
0.627494
0.616677
0.614089
0.609466
0.604289
0.606256
0.611054
0.599867
0.601059
0.615028
0.613924
0.601961
0.593478
0.594649
0.599086
0.612839
0.616015
0.655150
0.642598
0.705381
0.677731
0.644579
0.651260
0.626588
0.634143
0.599426
0.596210
0.606247
0.603422
0.597346
0.610633
0.619848
0.613047
0.627731
0.617845
0.634012
0.640292
0.652853
0.653935
0.627882
0.652493
0.630250
0.621752
0.651051
0.662019
0.618187
0.614005
0.634012
0.630690
0.609824
0.617170
0.630797
0.660900
0.652853
0.668256
0.646573
0.659134
0.373774
0.385607
0.405283
0.417116
0.338582
0.365862
0.495888
0.464379
0.484294
0.515803
0.451921
0.397371
0.330362
0.380365
0.325190
0.302775
0.303083
0.279724
0.291866
0.245149
0.506044
0.500966
0.516200
0.511122
0.468206
0.478363
0.522027
0.526356
0.521278
0.522027
0.500569
0.488519
0.424145
0.440899
0.387890
0.381229
0.419067
0.381229
0.402781
0.358813
0.566343
0.601774
0.551031
0.638933
0.681521
0.616011
0.555633
0.535718
0.595463
0.600620
0.667891
0.657578
0.672218
0.711174
0.686451
0.539879
0.472701
0.615378
0.549177
0.385607
0.463060
0.559843
0.629620
0.650988
0.429099
0.427333
0.438424
0.442160
0.432111
0.437535
0.457889
0.447670
0.448558
0.451134
0.459849
0.452206
0.453809
0.463754
0.459233
0.442960
0.448384
0.432111
0.437535
0.458862
0.456608
0.463671
0.471205
0.458862
0.458862
0.471205
0.475341
0.470773
0.487125
0.509344
0.484287
0.496198
0.468479
0.477699
0.458862
0.471205
0.458862
0.458862
0.477376
0.456286
0.448558
0.452851
0.445982
0.451134
0.448558
0.443406
0.440830
0.444709
0.451134
0.451165
0.483548
0.462457
0.468239
0.486017
0.443406
0.440830
0.440830
0.440830
0.429824
0.413406
0.375066
0.353144
0.418908
0.396987
0.440830
0.440830
0.503594
0.473769
0.524186
0.503685
0.496198
0.519268
0.526754
0.526754
0.532282
0.541266
0.521095
0.513608
0.527973
0.530409
0.529800
0.531018
0.531018
0.529191
0.527973
0.537625
0.547276
0.526754
0.526754
0.526754
0.526754
0.531018
0.522313
0.531018
0.513608
0.504903
0.496198
0.487493
0.522313
0.504903
0.487493
0.472953
0.464658
0.453809
0.448384
0.451097
0.464658
0.230670
0.242849
0.242932
0.241286
0.212401
0.238489
0.260587
0.254414
0.238942
0.245115
0.276058
0.263796
0.267615
0.291578
0.317286
0.296772
0.243700
0.276308
0.230656
0.252457
0.255632
0.230448
0.245722
0.208046
0.283794
0.278888
0.206615
0.219306
0.203091
0.202416
0.227148
0.248657
0.282906
0.256548
0.274234
0.291822
0.291676
0.303492
0.291627
0.315162
0.203249
0.202137
0.203686
0.210326
0.216570
0.204082
0.242637
0.213398
0.260524
0.216713
0.241974
0.261501
0.279865
0.256208
0.230947
0.252299
0.242238
0.232114
0.251348
0.251311
0.267702
0.269265
0.291705
0.312014
0.266386
0.303912
0.371946
0.407660
0.356409
0.358251
0.307452
0.306289
0.721039
0.737223
0.730457
0.732490
0.700944
0.710422
0.695873
0.713165
0.719848
0.711631
0.691821
0.701121
0.683417
0.678767
0.686259
0.682941
0.692603
0.719174
0.699492
0.723956
0.684983
0.682795
0.706949
0.704274
0.728738
0.717985
0.695628
0.681917
0.672987
0.678648
0.675175
0.676280
0.734114
0.731387
0.744866
0.725412
0.730367
0.732152
0.735157
0.742475
0.739261
0.739690
0.722716
0.700693
0.705015
0.686925
0.717653
0.711334
0.695887
0.705867
0.732905
0.743823
0.747246
0.751814
0.740719
0.740681
0.735115
0.732777
0.721346
0.710660
0.700542
0.722315
0.699795
0.693360
0.708156
0.718146
0.728715
0.687393
0.689507
0.693996
0.694550
0.690971
0.687580
0.687580
0.697848
0.690691
0.697661
0.686925
0.700693
0.687580
0.694465
0.714442
0.687580
0.689507
0.693360
0.694050
0.707184
0.737523
0.709829
0.738261
0.757501
0.693360
0.699140
0.699140
0.687749
0.677824
0.670077
0.683794
0.691218
0.567873
0.567873
0.585688
0.567873
0.567873
0.628954
0.649314
0.639134
0.626276
0.603623
0.571514
0.651289
0.647058
0.634412
0.585417
0.587476
0.705054
0.683332
0.709964
0.683881
0.557537
0.537015
0.538503
0.538503
0.526754
0.557537
0.537015
0.556125
0.556125
0.567873
0.567873
0.556125
0.538503
0.703587
0.687506
0.703482
0.703482
0.700891
0.695044
0.670767
0.759238
0.725785
0.764369
0.762309
0.762309
0.769521
0.765514
0.760935
0.752370
0.719992
0.772526
0.773881
0.780433
0.770390
0.703482
0.736936
0.748087
0.716100
0.781541
0.789470
0.778536
0.792641
0.703482
0.706519
0.705262
0.708195
0.710814
0.706415
0.848462
0.841623
0.849341
0.843184
0.859017
0.847752
0.859017
0.873082
0.869572
0.865992
0.866244
0.876605
0.874850
0.880127
0.878669
0.874850
0.868266
0.855952
0.851575
0.842414
0.835381
0.834080
0.832259
0.827720
0.832259
0.832259
0.832259
0.832259
0.837722
0.829280
0.836024
0.817722
0.814604
0.826963
0.818640
0.731318
0.728188
0.731318
0.731318
0.731888
0.734741
0.732787
0.734741
0.733600
0.742804
0.747995
0.731318
0.734741
0.729717
0.717510
0.722246
0.726323
0.726926
0.718994
0.725834
0.716922
0.706156
0.837074
0.836464
0.833561
0.821799
0.874294
0.847085
0.855119
0.863122
0.834734
0.838446
0.830354
0.873310
0.880128
0.875460
0.880711
0.878127
0.855184
0.850768
0.835172
0.857038
0.240628
0.241955
0.256121
0.251820
0.244580
0.261494
0.303545
0.284575
0.282425
0.303545
0.305564
0.283529
0.289912
0.305527
0.301416
0.292220
0.266867
0.281725
0.259438
0.265243
0.303545
0.303545
0.325518
0.336505
0.305564
0.316550
0.385154
0.363181
0.369465
0.387223
0.388891
0.352238
0.346612
0.382651
0.370347
0.342150
0.317603
0.328634
0.308593
0.310612
0.380674
0.400878
0.358700
0.387668
0.401100
0.381007
0.303325
0.325519
0.314202
0.347605
0.358813
0.325190
0.381229
0.401211
0.387890
0.291690
0.259045
0.302995
0.268309
0.232027
0.233624
0.245149
0.279724
0.302775
0.358860
0.317034
0.410499
0.373924
0.407371
0.440543
0.383004
0.448031
0.448031
0.510052
0.410499
0.477863
0.395232
0.424526
0.472063
0.402285
0.400263
0.450091
0.497897
0.572591
0.495337
0.553383
0.382423
0.366407
0.322147
0.357789
0.315370
0.340396
0.317548
0.307361
0.337645
0.357919
0.329565
0.320132
0.289154
0.289154
0.289514
0.261993
0.271047
0.289154
0.289154
0.405267
0.398617
0.396128
0.383246
0.446183
0.402778
0.335788
0.368918
0.362268
0.332463
0.339114
0.375568
0.365030
0.318038
0.319652
0.381294
0.414901
0.438155
0.480867
0.489570
0.314810
0.317223
0.291419
0.293833
0.304272
0.278354
0.220999
0.254951
0.260232
0.247154
0.210674
0.242099
0.223990
0.190025
0.191035
0.218295
0.257492
0.244000
0.283197
0.262121
0.278239
0.282652
0.314253
0.296246
0.305072
0.332260
0.352883
0.329847
0.373304
0.368274
0.386281
0.389680
0.400629
0.391063
0.350267
0.389511
0.356118
0.324871
0.386536
0.413369
0.358943
0.376596
0.369153
0.376596
0.382828
0.376596
0.376596
0.374258
0.376596
0.387759
0.385529
0.397862
0.739765
0.715846
0.805642
0.820149
0.768516
0.845913
0.845808
0.829074
0.836025
0.816563
0.846676
0.802658
0.851082
0.849994
0.848335
0.798967
0.857252
0.866168
0.870154
0.884014
0.881325
0.855988
0.860527
0.734467
0.715212
0.738834
0.700877
0.638856
0.647492
0.723946
0.679375
0.666005
0.640136
0.572713
0.612011
0.383084
0.383084
0.405089
0.415768
0.383084
0.405089
0.419759
0.419759
0.441117
0.430438
0.414976
0.419759
0.414976
0.405411
0.398923
0.378087
0.431431
0.431431
0.448939
0.453764
0.426648
0.448939
0.471459
0.460611
0.475086
0.484736
0.455604
0.460611
0.454406
0.441995
0.433538
0.411247
0.489561
0.494386
0.474093
0.494386
0.494386
0.494422
0.451796
0.457614
0.473154
0.483797
0.494476
0.494512
0.530543
0.521372
0.498871
0.512202
0.498835
0.503285
0.512184
0.503174
0.462475
0.455140
0.483833
0.494512
0.411777
0.458484
0.494512
0.509461
0.494512
0.530543
0.467790
0.494687
0.529600
0.543331
0.498205
0.521313
0.607004
0.591410
0.591975
0.584461
0.629547
0.575430
0.574835
0.613745
0.617626
0.588032
0.543826
0.574240
0.528619
0.559033
0.599489
0.576946
0.583175
0.622032
0.606361
0.573091
0.573947
0.575259
0.574902
0.572448
0.589404
0.601489
0.582890
0.589745
0.606059
0.623675
0.623694
0.629547
0.633428
0.576071
0.576245
0.588957
0.601432
0.576946
0.609383
0.654121
0.678724
0.625977
0.626035
0.648635
0.650695
0.567004
0.547119
0.577197
0.537177
0.521583
0.517292
0.537428
0.589132
0.640129
0.639713
0.702228
0.669129
0.718411
0.678883
0.717824
0.790601
0.690556
0.708144
0.683760
0.764184
0.853038
0.711737
0.786237
0.788947
0.851643
0.821992
0.724646
0.713411
0.663054
0.669910
0.694393
0.857978
0.876321
0.899205
0.848776
0.885689
0.887660
0.892451
0.901757
0.785687
0.831702
0.716241
0.787370
0.804052
0.848383
0.580239
0.555720
0.592498
0.567979
0.550713
0.617016
0.624499
0.604757
0.613114
0.641513
0.632580
0.629276
0.641535
0.628197
0.614953
0.632675
0.608383
0.575232
0.508928
0.475777
0.631982
0.653473
0.627505
0.644817
0.619147
0.610192
0.537460
0.618848
0.600153
0.531246
0.561704
0.610192
0.610192
0.570250
0.563100
0.585729
0.605809
0.592660
0.610381
0.601615
0.593940
0.546169
0.650366
0.611970
0.588444
0.647259
0.670785
0.670785
0.656993
0.670785
0.651102
0.629409
0.635477
0.588444
0.606079
0.624117
0.574804
0.629409
0.596533
0.555720
0.563657
0.571595
0.588032
0.615617
0.536294
0.515212
0.578457
0.578457
0.536294
0.599539
0.593452
0.620620
0.620620
0.587580
0.593452
0.620620
0.584589
0.571005
0.563508
0.502228
0.552701
0.554539
0.525533
0.540955
0.552701
0.525533
0.507512
0.525533
0.540955
0.520630
0.507512
0.525533
0.521083
0.503062
0.525533
0.548269
0.556378
0.541460
0.564089
0.571800
0.537856
0.579511
0.583545
0.564089
0.588372
0.579511
0.588372
0.606093
0.579511
0.554334
0.572580
0.608875
0.578457
0.608978
0.566490
0.515212
0.497048
0.481871
0.563383
0.614953
0.680764
0.664675
0.659503
0.659694
0.668989
0.646279
0.675401
0.659312
0.668989
0.580521
0.636568
0.603348
0.556866
0.595278
0.651326
0.651326
0.621831
0.663517
0.648260
0.659095
0.536248
0.531028
0.518390
0.498306
0.551005
0.527319
0.473744
0.491602
0.465583
0.456654
0.473744
0.500531
0.533042
0.515184
0.555369
0.589353
0.431020
0.431020
0.469678
0.413931
0.413931
0.443659
0.545359
0.508335
0.529060
0.488252
0.488252
0.517980
0.503116
0.458523
0.443659
0.428795
0.396605
0.413931
0.396605
0.344627
0.582276
0.617282
0.562300
0.597179
0.625365
0.626450
0.599124
0.602100
0.600460
0.605380
0.597179
0.584459
0.562300
0.551220
0.529060
0.473744
0.456654
0.454853
0.394568
0.473744
0.473744
0.334531
0.391202
0.339461
0.327551
0.360402
0.417073
0.426346
0.377554
0.457987
0.482121
0.341511
0.341511
0.341511
0.364275
0.341511
0.341511
0.478092
0.409802
0.432565
0.500855
0.455329
0.387038
0.364275
0.432565
0.341511
0.341511
0.455329
0.387038
0.452472
0.513219
0.391196
0.320571
0.334531
0.313590
0.318299
0.320186
0.295087
0.281293
0.344733
0.386000
0.412716
0.509915
0.472672
0.491136
0.545672
0.306610
0.353172
0.299630
0.309976
0.413694
0.361953
0.344627
0.309976
0.292650
0.292650
0.292650
0.288107
0.541303
0.501150
0.507646
0.479174
0.560295
0.522434
0.480278
0.480278
0.465490
0.465490
0.502461
0.502461
0.517249
0.517249
0.518154
0.536151
0.541426
0.589017
0.583491
0.624792
0.440207
0.409385
0.371081
0.334936
0.454996
0.391192
0.300253
0.312970
0.274819
0.262102
0.338404
0.351121
0.351121
0.351121
0.351121
0.351121
0.398586
0.422319
0.469784
0.493516
0.289795
0.262102
0.326483
0.339265
0.305657
0.363524
0.433356
0.375245
0.401221
0.390863
0.437253
0.409207
0.437253
0.450035
0.416427
0.432289
0.281033
0.376904
0.369565
0.454779
0.460099
0.422644
0.433285
0.463000
0.443925
0.422502
0.406413
0.406541
0.390509
0.390509
0.409207
0.257550
0.262102
0.227564
0.262102
0.295701
0.235728
0.185502
0.210294
0.232437
0.195249
0.158486
0.175756
0.171203
0.141217
0.171203
0.261162
0.261162
0.321135
0.351121
0.351121
0.160710
0.175330
0.165584
0.175330
0.146090
0.150964
0.223608
0.194596
0.175330
0.175330
0.238000
0.179976
0.141217
0.228253
0.219046
0.141217
0.141217
0.141217
0.141217
0.141217
0.165175
0.225087
0.165175
0.173792
0.257555
0.149941
0.195045
0.165175
0.127476
0.129972
0.079878
0.059908
0.119816
0.235189
0.187488
0.237310
0.262102
0.171589
0.215702
0.262102
0.260679
0.191078
0.131858
0.085898
0.512139
0.524882
0.531431
0.548909
0.507405
0.521963
0.573862
0.560656
0.561154
0.593390
0.573364
0.551187
0.532748
0.559660
0.517229
0.507405
0.592098
0.621390
0.610741
0.637711
0.586571
0.591213
0.654731
0.615383
0.647413
0.676996
0.617642
0.598177
0.598177
0.602819
0.591213
0.586571
0.669678
0.691819
0.654918
0.669678
0.703202
0.654918
0.612918
0.654918
0.654918
0.638671
0.655459
0.673023
0.654918
0.694132
0.727656
0.688441
0.720276
0.746419
0.570918
0.556918
0.538230
0.553121
0.572341
0.558141
0.593402
0.596671
0.620178
0.223608
0.247453
0.301938
0.361845
0.296024
0.296024
0.440666
0.380267
0.440174
0.446381
0.410399
0.338292
0.383911
0.395619
0.443325
0.443325
0.383911
0.423520
0.335094
0.345691
0.465002
0.444894
0.471209
0.425689
0.440238
0.458368
0.397655
0.455400
0.407972
0.376354
0.412535
0.458368
0.439105
0.419399
0.426263
0.426263
0.439105
0.442455
0.417362
0.446938
0.364360
0.330133
0.382077
0.340298
0.294352
0.370084
0.410884
0.407489
0.372000
0.371992
0.350414
0.342945
0.338745
0.279172
0.308959
0.402778
0.393184
0.360507
0.350913
0.321061
0.341319
0.282891
0.316336
0.335524
0.718253
0.737967
0.731710
0.745393
0.746871
0.735844
0.746871
0.722341
0.699453
0.705745
0.746871
0.740777
0.731313
0.727122
0.723857
0.715755
0.728589
0.740777
0.734872
0.728257
0.743148
0.745146
0.743915
0.738963
0.737028
0.735765
0.732137
0.724925
0.742436
0.696634
0.729656
0.736524
0.740404
0.736524
0.737137
0.739144
0.705122
0.696735
0.701370
0.723603
0.696282
0.696603
0.694329
0.707717
0.699684
0.694690
0.700373
0.685289
0.683325
0.697531
0.684841
0.686165
0.708732
0.704556
0.710791
0.716387
0.711738
0.727219
0.748883
0.713286
0.715009
0.741152
0.763849
0.764883
0.800480
0.800480
0.800480
0.787581
0.749917
0.774682
0.715703
0.718881
0.721966
0.709348
0.739869
0.713747
0.712385
0.747400
0.733897
0.745933
0.789669
0.764326
0.758553
0.780543
0.797398
0.780004
0.786166
0.794756
0.770390
0.790847
0.759799
0.771417
0.727436
0.738431
0.749426
0.753091
0.804402
0.782412
0.782412
0.804402
0.725481
0.727436
0.721570
0.727436
0.727436
0.727436
0.727436
0.727436
0.710394
0.705039
0.710394
0.710394
0.710394
0.710394
0.707717
0.685541
0.675600
0.692782
0.705054
0.692782
0.675600
0.685541
0.695482
0.675600
0.705054
0.700453
0.700453
0.710394
0.685541
0.705054
0.675600
0.710394
0.704147
0.684679
0.669674
0.690034
0.721686
0.721686
0.721686
0.721686
0.721686
0.721686
0.721686
0.721686
0.721686
0.718954
0.721686
0.721686
0.721686
0.715311
0.713490
0.708937
0.718954
0.715311
0.721686
0.721686
0.718499
0.715311
0.716146
0.709733
0.716024
0.714143
0.721400
0.719248
0.722209
0.711329
0.706653
0.704952
0.707108
0.702033
0.705309
0.702033
0.702033
0.702033
0.720998
0.710456
0.722430
0.709768
0.711888
0.721742
0.709977
0.708469
0.702033
0.706960
0.702033
0.702033
0.702033
0.702033
0.725925
0.725925
0.727357
0.732285
0.725925
0.725925
0.732815
0.732285
0.719831
0.726787
0.703139
0.703139
0.728178
0.711485
0.731597
0.719831
0.677643
0.687587
0.694690
0.683325
0.700373
0.677643
0.695122
0.692065
0.707584
0.699342
0.683757
0.679171
0.677643
0.682229
0.680700
0.677643
0.677643
0.677643
0.686167
0.677643
0.685057
0.699778
0.692497
0.691034
0.688343
0.688343
0.688343
0.688343
0.688343
0.688343
0.688343
0.688343
0.688343
0.688343
0.688343
0.688343
0.688343
0.688343
0.688343
0.688343
0.686815
0.685286
0.692255
0.694210
0.688836
0.698122
0.700077
0.708766
0.692261
0.683953
0.688730
0.706512
0.727906
0.726816
0.753974
0.744225
0.716097
0.702033
0.702033
0.702033
0.702033
0.702033
0.700569
0.711803
0.692884
0.704119
0.711738
0.716387
0.709736
0.706635
0.714320
0.711090
0.699490
0.710185
0.701018
0.735984
0.778837
0.770451
0.800480
0.804452
0.774741
0.816370
0.805020
0.814100
0.770293
0.818640
0.833007
0.823180
0.782960
0.765494
0.832633
0.827720
0.832259
0.832259
0.826963
0.701710
0.720360
0.675600
0.675600
0.728322
0.713322
0.688648
0.705424
0.681399
0.675600
0.732916
0.710394
0.732916
0.710394
0.710394
0.710394
0.727250
0.736524
0.734404
0.723806
0.730165
0.736524
0.728178
0.736524
0.732853
0.735274
0.753592
0.744016
0.737101
0.731808
0.735465
0.723291
0.729712
0.721686
0.721686
0.721686
0.718954
0.722907
0.826441
0.812264
0.817384
0.825836
0.794825
0.787581
0.805020
0.805692
0.816995
0.761672
0.728244
0.748883
0.820679
0.819474
0.818570
0.832341
0.836667
0.840706
0.835749
0.753392
0.764428
0.753859
0.764428
0.760749
0.753859
0.755926
0.738005
0.764428
0.764854
0.764428
0.764428
0.777753
0.775849
0.781986
0.775745
0.764428
0.763939
0.759698
0.750238
0.755417
0.751184
0.745508
0.745508
0.736048
0.689203
0.694821
0.689008
0.683390
0.683586
0.683456
0.689334
0.691206
0.683717
0.685180
0.683651
0.683521
0.688042
0.686446
0.678099
0.694792
0.698211
0.694792
0.683015
0.686446
0.683953
0.686880
0.688343
0.688343
0.692792
0.690791
0.688343
0.688343
0.688343
0.688343
0.690299
0.692255
0.698122
0.696166
0.701586
0.696703
0.688343
0.688343
0.688343
0.688343
0.688343
0.688343
0.683823
0.688343
0.683757
0.686815
0.685286
0.682229
0.688343
0.688343
0.688343
0.684919
0.683325
0.680700
0.677643
0.690618
0.677643
0.694943
0.685057
0.692471
0.703593
0.677643
0.679171
0.763129
0.782793
0.794895
0.722287
0.759389
0.768363
0.781629
0.757059
0.741310
0.723085
0.736856
0.761995
0.728565
0.702033
0.713641
0.770718
0.702033
0.702033
0.702033
0.702033
0.702033
0.729363
0.814605
0.856309
0.816668
0.836638
0.824677
0.821799
0.836003
0.820790
0.801793
0.812535
0.794895
0.794895
0.794895
0.794895
0.794895
0.799379
0.806425
0.818436
0.647658
0.647658
0.643413
0.655143
0.612083
0.634703
0.647658
0.678809
0.661856
0.652182
0.654443
0.630864
0.616606
0.558719
0.595425
0.560980
0.683465
0.702680
0.696532
0.719272
0.728880
0.731172
0.709526
0.698684
0.676053
0.666342
0.727705
0.720720
0.721895
0.714911
0.718392
0.718579
0.727096
0.735219
0.707631
0.703180
0.648775
0.672235
0.663591
0.679720
0.646485
0.689628
0.705424
0.714911
0.704839
0.626551
0.649453
0.651388
0.675798
0.662637
0.687991
0.694768
0.685264
0.674675
0.703131
0.708083
0.712305
0.721330
0.684777
0.698707
0.712638
0.714530
0.721294
0.660701
0.656391
0.645582
0.631104
0.622565
0.618255
0.659046
0.672977
0.650281
0.659671
0.622919
0.696497
0.687647
0.673388
0.691217
0.636496
0.723657
0.717380
0.716557
0.736829
0.730346
0.729729
0.734597
0.716146
0.730700
0.717263
0.710896
0.692373
0.706701
0.721029
0.724571
0.728696
0.692373
0.661790
0.655136
0.631015
0.633820
0.636911
0.669194
0.693340
0.609067
0.592377
0.624556
0.640044
0.640060
0.655533
0.658019
0.616155
0.671021
0.679589
0.686509
0.707272
0.711120
0.722365
0.721970
0.701998
0.729743
0.709417
0.690080
0.677111
0.677111
0.698648
0.653370
0.647823
0.655574
0.636655
0.582330
0.587758
0.579899
0.617736
0.655574
0.731208
0.731166
0.731208
0.731208
0.731081
0.720221
0.731123
0.731208
0.731944
0.730778
0.730705
0.730537
0.730954
0.733311
0.734885
0.735371
0.737083
0.735862
0.737900
0.733202
0.731501
0.739281
0.741492
0.729666
0.739084
0.738943
0.738985
0.738887
0.740407
0.739018
0.739182
0.743229
0.744966
0.743229
0.744966
0.744966
0.746380
0.720022
0.727856
0.731650
0.744966
0.736437
0.749796
0.741152
0.749590
0.744742
0.756279
0.749796
0.754663
0.754091
0.756279
0.750286
0.749242
0.749679
0.739779
0.743196
0.739779
0.733179
0.733179
0.733179
0.730113
0.733179
0.733179
0.730672
0.731883
0.729882
0.729091
0.735947
0.735234
0.735156
0.735947
0.735947
0.735156
0.733970
0.733970
0.735115
0.732514
0.733807
0.731667
0.730954
0.730240
0.733094
0.730954
0.720185
0.733171
0.731968
0.733662
0.730028
0.732104
0.734153
0.730055
0.728848
0.728455
0.728871
0.729768
0.729526
0.732525
0.734153
0.730083
0.731711
0.733339
0.730083
0.728455
0.728455
0.728455
0.728455
0.734153
0.734829
0.734153
0.734153
0.736181
0.738210
0.736858
0.738887
0.734153
0.734153
0.734153
0.734153
0.738163
0.735977
0.737534
0.735505
0.737534
0.738887
0.740624
0.740103
0.738887
0.738887
0.740624
0.738887
0.738887
0.738887
0.738887
0.738887
0.740624
0.738887
0.738887
0.739755
0.738887
0.738887
0.738887
0.741216
0.741808
0.742361
0.743525
0.743249
0.742104
0.741532
0.740959
0.743229
0.744966
0.742686
0.744966
0.744966
0.744394
0.744966
0.743822
0.744966
0.743249
0.756279
0.750534
0.751173
0.747525
0.745337
0.745337
0.743148
0.741532
0.742104
0.744865
0.740959
0.740959
0.740959
0.740959
0.740959
0.740959
0.740959
0.740959
0.740959
0.736115
0.731271
0.737730
0.732886
0.729656
0.729656
0.729656
0.729656
0.740422
0.733892
0.746674
0.737087
0.733179
0.732299
0.732005
0.730663
0.730663
0.735947
0.735947
0.735947
0.734653
0.735048
0.735947
0.733251
0.731957
0.732990
0.733251
0.733978
0.732352
0.731715
0.731152
0.730555
0.729656
0.730555
0.729703
0.728455
0.731666
0.729525
0.728455
0.728455
0.732736
0.730328
0.733727
0.730536
0.729526
0.728871
0.728455
0.584557
0.590421
0.563232
0.582086
0.592229
0.615899
0.585901
0.574258
0.529672
0.543750
0.487510
0.513242
0.463253
0.613906
0.641912
0.580079
0.662947
0.667925
0.652148
0.598612
0.550973
0.568437
0.555339
0.667925
0.646075
0.648263
0.614321
0.535501
0.451076
0.560346
0.462286
0.616314
0.610723
0.586590
0.601501
0.591062
0.558829
0.504744
0.547912
0.482909
0.533445
0.461534
0.366829
0.290536
0.272314
0.416320
0.424544
0.362921
0.307172
0.428657
0.434261
0.428657
0.446379
0.439039
0.378076
0.439866
0.543276
0.509115
0.537185
0.456681
0.445471
0.388845
0.328710
0.303663
0.316186
0.365865
0.477329
0.403019
0.514483
0.266092
0.241045
0.278616
0.241045
0.241045
0.233462
0.218295
0.203128
0.238402
0.234735
0.283556
0.361781
0.180794
0.180794
0.180794
0.180794
0.181818
0.183866
0.239079
0.266091
0.333793
0.409446
0.262258
0.186937
0.184890
0.420998
0.463727
0.413936
0.544631
0.613510
0.534038
0.588793
0.530507
0.593277
0.540976
0.521984
0.460966
0.514826
0.462525
0.430458
0.430458
0.430458
0.520742
0.494592
0.411426
0.273220
0.428831
0.311461
0.188683
0.196573
0.212352
0.248018
0.266352
0.238575
0.243684
0.319351
0.294128
0.374904
0.374904
0.286982
0.292495
0.317686
0.308942
0.267888
0.318332
0.359324
0.348360
0.325388
0.330871
0.402004
0.376813
0.382972
0.430458
0.304751
0.246239
0.359324
0.330871
0.402004
0.443152
0.434392
0.466139
0.494592
0.430458
0.495616
0.535690
0.330871
0.361482
0.409144
0.453317
0.545152
0.500979
0.545152
0.347921
0.354007
0.382022
0.399073
0.327407
0.395005
0.454567
0.433173
0.443245
0.723298
0.721685
0.730038
0.830820
0.777059
0.810749
0.886525
0.797129
0.778672
0.797129
0.797129
0.797129
0.761133
0.694960
0.653142
0.865411
0.911362
0.836465
0.936069
0.906545
0.929751
0.922305
0.875025
0.820075
0.827537
0.940131
0.938980
0.934981
0.920215
0.927107
0.915046
0.927888
0.922556
0.930066
0.930228
0.932569
0.937235
0.911007
0.879743
0.851166
0.773834
0.716681
0.659528
0.598152
0.789790
0.794797
0.689520
0.569250
0.695281
0.798387
0.765899
0.689520
0.788201
0.834404
0.818160
0.896552
0.813925
0.640908
0.820645
0.830876
0.837377
0.866893
0.790366
0.830849
0.852394
0.889693
0.912796
0.804570
0.772186
0.790132
0.810531
0.792062
0.790159
0.733985
0.662225
0.742220
0.692936
0.752814
0.730173
0.641501
0.653617
0.509115
0.455038
0.535406
0.580676
0.667792
0.646870
0.606448
0.613510
0.595855
0.621804
0.606448
0.613510
0.613510
0.626566
0.595855
0.619504
0.588793
0.588793
0.637190
0.640897
0.653925
0.697182
0.687198
0.672993
0.702388
0.681616
0.660452
0.725026
0.701437
0.613510
0.651339
0.625344
0.649383
0.643094
0.654928
0.675006
0.690302
0.762324
0.726525
0.613510
0.625344
0.619427
0.599194
0.578960
0.590794
0.643094
0.654928
0.578741
0.589675
0.582034
0.704640
0.682263
0.693197
0.693197
0.688239
0.665862
0.654928
0.654928
0.590794
0.732653
0.735695
0.732992
0.828922
0.789567
0.755992
0.792807
0.707140
0.789957
0.854956
0.693197
0.723049
0.722892
0.774068
0.767434
0.792338
0.895746
0.838938
0.672048
0.665746
0.599137
0.608600
0.602298
0.695441
0.885652
0.915134
0.882946
0.884211
0.891064
0.893592
0.892332
0.910028
0.878198
0.845273
0.791740
0.832957
0.864261
0.869608
0.878439
0.888535
0.746008
0.726868
0.791449
0.872412
0.831930
0.851191
0.801290
0.751389
0.686379
0.731510
0.872412
0.877335
0.903815
0.895605
0.858551
0.864095
0.792026
0.795347
0.814829
0.818150
0.806748
0.794552
0.808502
0.826230
0.844410
0.824663
0.839697
0.862915
0.760260
0.738872
0.780081
0.756483
0.754526
0.738872
0.692087
0.734914
0.768223
0.711630
0.768223
0.794031
0.727131
0.694107
0.727131
0.766586
0.737825
0.729680
0.715344
0.719076
0.691463
0.727131
0.702035
0.792026
0.776925
0.761824
0.724918
0.740019
0.747747
0.684999
0.691090
0.762649
0.761799
0.710247
0.699524
0.713455
0.699298
0.694382
0.740137
0.721360
0.703703
0.672912
0.689952
0.678934
0.700486
0.720918
0.730499
0.712970
0.759426
0.822536
0.786050
0.809766
0.822536
0.796996
0.755297
0.755297
0.784226
0.784607
0.737657
0.794243
0.714585
0.754227
0.787727
0.831669
0.852135
0.878278
0.883779
0.852655
0.862695
0.832576
0.838574
0.804414
0.863976
0.851179
0.842356
0.865433
0.862800
0.823322
0.823703
0.813161
0.816151
0.872832
0.890997
0.890997
0.867991
0.882740
0.893525
0.896755
0.890997
0.879479
0.880302
0.888966
0.897209
0.899911
0.869492
0.890733
0.910441
0.905849
0.899847
0.636980
0.670376
0.726766
0.737680
0.637047
0.667746
0.702713
0.729682
0.773836
0.784646
0.721308
0.779188
0.639859
0.690933
0.730878
0.702403
0.759673
0.782282
0.748524
0.690933
0.638674
0.656884
0.665400
0.605809
0.605809
0.605809
0.608741
0.620706
0.605534
0.645534
0.610836
0.595298
0.540305
0.632659
0.555751
0.510524
0.429560
0.500052
0.538836
0.612847
0.386759
0.381160
0.384893
0.433957
0.518946
0.592828
0.582692
0.518313
0.563716
0.595926
0.468695
0.403230
0.429029
0.631149
0.650019
0.621013
0.615945
0.711697
0.737982
0.654713
0.658753
0.622834
0.623862
0.605809
0.610877
0.735635
0.773374
0.679025
0.597896
0.641286
0.619591
0.641286
0.697895
0.754505
0.773374
0.532812
0.461690
0.418224
0.467022
0.480089
0.549152
0.489423
0.554507
0.675731
0.666406
0.615053
0.670125
0.691755
0.626736
0.655705
0.547232
0.598021
0.526221
0.707330
0.751360
0.773374
0.789169
0.773374
0.769409
0.716765
0.660156
0.754505
0.788112
0.817753
0.709931
0.739768
0.758321
0.786498
0.785156
0.807708
0.827157
0.716989
0.742223
0.740606
0.703886
0.751468
0.754462
0.774102
0.754104
0.768290
0.791648
0.785926
0.786176
0.780743
0.793488
0.782434
0.787840
0.777777
0.790106
0.769695
0.775463
0.792815
0.806755
0.811156
0.812089
0.821824
0.796937
0.784443
0.783836
0.806755
0.805823
0.764666
0.757504
0.736754
0.755687
0.772065
0.794052
0.783214
0.795370
0.797797
0.795664
0.784749
0.787426
0.772392
0.795560
0.788273
0.620134
0.581167
0.584507
0.691100
0.623798
0.722946
0.647119
0.564540
0.557788
0.557788
0.557788
0.754833
0.747251
0.712027
0.700295
0.729008
0.709696
0.725865
0.770350
0.820725
0.719806
0.705144
0.677121
0.707066
0.663855
0.702588
0.706075
0.702588
0.683084
0.708126
0.625122
0.617796
0.651307
0.624956
0.644516
0.636452
0.639423
0.634330
0.652377
0.943800
0.940680
0.939209
0.590883
0.546189
0.531187
0.556027
0.558271
0.610639
0.491572
0.458454
0.436960
0.427117
0.514247
0.586897
0.577062
0.608342
0.658641
0.603226
0.600872
0.565396
0.524329
0.540114
0.495145
0.651037
0.667927
0.632322
0.610639
0.610639
0.610639
0.610639
0.617258
0.637115
0.655831
0.634111
0.606613
0.599136
0.594535
0.602645
0.615357
0.618793
0.785147
0.782070
0.783609
0.659518
0.695540
0.699479
0.641507
0.637921
0.636129
0.641507
0.641507
0.640757
0.645760
0.675865
0.712796
0.647697
0.701633
0.685781
0.727054
0.654423
0.628957
0.641181
0.629981
0.727054
0.727054
0.727054
0.708402
0.740564
0.745908
0.722496
0.725535
0.738644
0.737993
0.749573
0.767584
0.767584
0.767584
0.767584
0.762518
0.706999
0.702154
0.708730
0.690146
0.698253
0.697338
0.667881
0.687177
0.704676
0.686580
0.662787
0.682040
0.672006
0.660422
0.646975
0.655082
0.652443
0.670604
0.654266
0.726495
0.715877
0.740243
0.686238
0.721543
0.743661
0.729307
0.729307
0.740243
0.698253
0.715366
0.704105
0.700529
0.737654
0.716904
0.700050
0.705490
0.699238
0.707372
0.712306
0.706253
0.699592
0.709760
0.702745
0.704676
0.710681
0.711602
0.709760
0.710988
0.708007
0.710067
0.694508
0.709760
0.709760
0.699592
0.709958
0.713884
0.712920
0.720748
0.733947
0.756926
0.729540
0.747147
0.714436
0.714436
0.711127
0.715447
0.722770
0.744737
0.736909
0.759382
0.671520
0.703589
0.642467
0.686958
0.704502
0.668112
0.710226
0.678119
0.688126
0.644708
0.672802
0.689528
0.698168
0.685208
0.688716
0.698168
0.692223
0.709245
0.697227
0.695215
0.708730
0.706807
0.715447
0.711839
0.716159
0.717524
0.716515
0.723838
0.715803
0.737771
0.719831
0.717227
0.724015
0.721357
0.717939
0.717939
0.717227
0.702780
0.700265
0.702780
0.671324
0.702780
0.650506
0.697188
0.695324
0.680413
0.680413
0.644560
0.628451
0.663316
0.617265
0.623852
0.601709
0.575780
0.623178
0.596947
0.602744
0.614160
0.614160
0.642702
0.642702
0.642702
0.602744
0.616063
0.640886
0.669341
0.697032
0.662728
0.688409
0.671244
0.801082
0.825574
0.845522
0.780763
0.798088
0.826200
0.847284
0.839289
0.846403
0.841059
0.741075
0.738529
0.750434
0.702780
0.750948
0.711953
0.778963
0.714211
0.750486
0.756343
0.725642
0.701081
0.682661
0.798002
0.793185
0.816262
0.811605
0.805521
0.811605
0.754958
0.828803
0.803429
0.844200
0.831845
0.804055
0.778369
0.730739
0.775252
0.844200
0.834887
0.841524
0.840125
0.827903
0.845081
0.816464
0.829499
0.820918
0.808563
0.811768
0.802479
0.793352
0.763446
0.763446
0.799437
0.769530
0.808749
0.797409
0.793352
0.752700
0.778557
0.640861
0.653567
0.673540
0.651758
0.653567
0.642819
0.693410
0.611516
0.595227
0.726918
0.715364
0.670379
0.798139
0.730647
0.759542
0.695598
0.673181
0.752117
0.763515
0.674247
0.683129
0.709855
0.743297
0.774639
0.637237
0.602744
0.614436
0.656195
0.656265
0.696353
0.739049
0.739049
0.739049
0.739270
0.714883
0.729651
0.722574
0.722938
0.693817
0.690716
0.721347
0.706099
0.689624
0.706600
0.715396
0.677884
0.687084
0.689624
0.689624
0.701981
0.773692
0.738315
0.689624
0.707883
0.689624
0.795895
0.823081
0.839887
0.839188
0.751627
0.813446
0.588791
0.579962
0.590417
0.575780
0.575780
0.589491
0.673152
0.612221
0.575780
0.575780
0.651755
0.669353
0.694698
0.696813
0.658045
0.664436
0.652684
0.730411
0.753358
0.746115
0.747019
0.828723
0.776986
0.785939
0.748502
0.748502
0.637922
0.600872
0.589578
0.573543
0.571292
0.651268
0.847341
0.771798
0.796300
0.802509
0.735630
0.765349
0.714579
0.737519
0.761260
0.777125
0.800277
0.824284
0.859643
0.870226
0.815201
0.831320
0.856255
0.835456
0.875552
0.847061
0.728901
0.754746
0.691840
0.860811
0.815800
0.828723
0.771979
0.747471
0.863828
0.864914
0.856946
0.873967
0.865865
0.861049
0.848909
0.829264
0.860876
0.836701
0.842643
0.852955
0.826171
0.806027
0.786433
0.782061
0.823867
0.773316
0.798344
0.798146
0.753017
0.753931
0.828723
0.809129
0.780591
0.780591
0.770456
0.765782
0.788691
0.773264
0.778643
0.795619
0.823912
0.747758
0.747758
0.737855
0.719790
0.823912
0.845507
0.826640
0.864197
0.755604
0.744784
0.837977
0.852118
0.879567
0.908971
0.865858
0.801812
0.862130
0.912129
0.898090
0.891885
0.874919
0.881935
0.863528
0.849798
0.858305
0.856413
0.846513
0.822860
0.817661
0.836091
0.761552
0.766122
0.815769
0.806674
0.829828
0.716460
0.665816
0.766122
0.730476
0.684677
0.670353
0.686732
0.640411
0.635743
0.563175
0.822860
0.782677
0.851289
0.819907
0.784635
0.768177
0.786868
0.742503
0.729220
0.702922
0.728380
0.736599
0.754160
0.752257
0.725698
0.696284
0.780964
0.730600
0.764916
0.799232
0.713442
0.696284
0.826575
0.763558
0.831780
0.865478
0.751168
0.703325
0.718762
0.727867
0.800875
0.762468
0.791605
0.692815
0.704799
0.788029
0.634827
0.624876
0.694013
0.669939
0.762954
0.790963
0.601231
0.600872
0.623555
0.596690
0.603780
0.588326
0.575780
0.579962
0.611748
0.608760
0.599956
0.628959
0.638202
0.643241
0.609868
0.606650
0.645973
0.637522
0.611259
0.639549
0.790346
0.793046
0.777701
0.789770
0.767541
0.751372
0.767584
0.776894
0.787085
0.771719
0.787085
0.775561
0.743869
0.787085
0.790477
0.792172
0.789064
0.787085
0.787085
0.798225
0.798517
0.795614
0.798955
0.798955
0.798955
0.795564
0.797260
0.711988
0.709854
0.699474
0.708376
0.693130
0.681492
0.678410
0.658908
0.666026
0.666026
0.680893
0.665260
0.660901
0.659346
0.648565
0.654266
0.651076
0.658318
0.627017
0.634876
0.619158
0.619158
0.652541
0.630243
0.644534
0.647741
0.670206
0.646870
0.684646
0.657955
0.683825
0.659805
0.767019
0.760674
0.761709
0.750908
0.734707
0.744225
0.761420
0.760712
0.793530
0.745508
0.779323
0.751189
0.804768
0.794033
0.803379
0.808380
0.784952
0.769732
0.771043
0.781778
0.793494
0.801643
0.659953
0.655442
0.668484
0.658453
0.659953
0.674172
0.681217
0.668484
0.659953
0.652671
0.654266
0.689076
0.711434
0.674172
0.703981
0.725013
0.681624
0.679256
0.668484
0.727680
0.740025
0.711698
0.717687
0.740313
0.769871
0.672952
0.698689
0.650188
0.619158
0.648761
0.656674
0.682357
0.719989
0.765502
0.769170
0.766705
0.768385
0.770546
0.766705
0.766705
0.759382
0.766705
0.767109
0.766820
0.766705
0.766705
0.773353
0.778350
0.782846
0.776347
0.779096
0.768110
0.770215
0.775529
0.781844
0.782145
0.711434
0.723687
0.689076
0.718886
0.722362
0.696529
0.684340
0.684340
0.725013
0.715458
0.709065
0.710334
0.696073
0.722226
0.710909
0.696876
0.692354
0.695315
0.706032
0.708744
0.705903
0.718027
0.754364
0.757295
0.730719
0.733247
0.745391
0.718385
0.735427
0.723032
0.746299
0.784872
0.807773
0.774305
0.785124
0.778442
0.781166
0.752512
0.748395
0.755490
0.761188
0.743869
0.717939
0.729463
0.747707
0.748282
0.745701
0.757681
0.761291
0.756730
0.738483
0.724905
0.754073
0.745650
0.754440
0.755279
0.745650
0.760089
0.771661
0.782624
0.784681
0.768076
0.703011
0.683291
0.715946
0.724279
0.702139
0.702158
0.714202
0.720234
0.718113
0.742926
0.739232
0.720234
0.729733
0.758230
0.720234
0.706682
0.720234
0.758833
0.750149
0.756914
0.781716
0.766680
0.771692
0.768252
0.766680
0.776704
0.730112
0.697456
0.741765
0.717489
0.690306
0.713117
0.730250
0.734154
0.754495
0.638895
0.592407
0.698039
0.638002
0.748497
0.692779
0.776125
0.769182
0.699127
0.752164
0.712325
0.670110
0.707753
0.686017
0.739769
0.738798
0.699580
0.673758
0.734227
0.755814
0.755518
0.756933
0.756299
0.757903
0.769121
0.677844
0.661937
0.615238
0.608596
0.597868
0.621948
0.609908
0.531175
0.546696
0.482385
0.536724
0.460765
0.552631
0.490025
0.589055
0.525626
0.554105
0.565560
0.525626
0.525626
0.676707
0.624944
0.631804
0.570529
0.548191
0.516159
0.499973
0.544648
0.525626
0.509411
0.525626
0.572473
0.456272
0.460348
0.436960
0.476703
0.446804
0.427117
0.472442
0.465213
0.463360
0.481521
0.442263
0.526604
0.482872
0.539149
0.588616
0.657950
0.617771
0.628097
0.679954
0.611044
0.665882
0.721611
0.739561
0.705748
0.668908
0.785430
0.787152
0.761767
0.738552
0.679866
0.745613
0.768139
0.804397
0.759460
0.762295
0.816844
0.774299
0.723874
0.723698
0.850953
0.862990
0.850645
0.868134
0.858592
0.873174
0.842594
0.803579
0.794075
0.833853
0.830907
0.830421
0.837203
0.850295
0.853306
0.825635
0.824577
0.843109
0.849501
0.855836
0.858097
0.846069
0.828752
0.847430
0.824723
0.802017
0.840473
0.857395
0.858142
0.770173
0.800429
0.755133
0.818298
0.824101
0.787225
0.798652
0.764464
0.755370
0.817027
0.796379
0.806202
0.792103
0.772456
0.788828
0.529271
0.507204
0.591404
0.646372
0.530809
0.578669
0.468368
0.461201
0.730642
0.649666
0.738156
0.669545
0.666500
0.618324
0.629786
0.771065
0.791740
0.803264
0.798413
0.820844
0.838425
0.832368
0.823873
0.855885
0.734369
0.655539
0.614913
0.731244
0.781806
0.835397
0.479555
0.414448
0.488255
0.559187
0.588421
0.597209
0.594217
0.608904
0.611242
0.572085
0.551818
0.587523
0.593617
0.604201
0.610295
0.632735
0.641523
0.648802
0.629243
0.622251
0.669228
0.603522
0.586026
0.582860
0.575317
0.579993
0.612520
0.647872
0.534343
0.468792
0.409426
0.410710
0.461698
0.518197
0.711197
0.711861
0.749244
0.714200
0.727120
0.766838
0.780741
0.794381
0.764046
0.786250
0.773298
0.717636
0.725239
0.714975
0.755297
0.798139
0.768829
0.787434
0.819639
0.679418
0.679418
0.661427
0.668574
0.631423
0.655528
0.655833
0.662821
0.647272
0.668027
0.618215
0.614216
0.624266
0.799164
0.825143
0.845230
0.841187
0.834297
0.838983
0.816615
0.790926
0.840269
0.842014
0.851768
0.863086
0.859585
0.851210
0.837601
0.850458
0.831660
0.835780
0.839328
0.828970
0.820531
0.813363
0.827837
0.830216
0.819989
0.804716
0.796585
0.803836
0.809401
0.943624
0.943624
0.948065
0.943624
0.943624
0.943624
0.957773
0.956946
0.956946
0.953140
0.948065
0.945527
0.951951
0.956946
0.943624
0.928703
0.922735
0.943624
0.946180
0.881582
0.876576
0.850038
0.920348
0.946821
0.863181
0.769114
0.826379
0.840180
0.761122
0.800425
0.881582
0.881582
0.881582
0.857048
0.805063
0.913881
0.935414
0.720603
0.714048
0.708296
0.669653
0.616212
0.633477
0.616212
0.710852
0.642109
0.616212
0.690203
0.719799
0.719799
0.699082
0.616212
0.719799
0.719799
0.719799
0.719799
0.616212
0.619448
0.630987
0.624303
0.616212
0.616212
0.627539
0.629961
0.616957
0.616790
0.625234
0.627539
0.623872
0.627539
0.634330
0.621876
0.625921
0.624303
0.621067
0.627539
0.630510
0.627539
0.618100
0.616212
0.616212
0.616212
0.616212
0.617830
0.651307
0.640497
0.652440
0.626906
0.636056
0.616448
0.637387
0.623581
0.649056
0.628633
0.571957
0.614464
0.644629
0.602121
0.650353
0.633097
0.586126
0.557788
0.586126
0.652925
0.652440
0.630051
0.598677
0.638756
0.557788
0.557788
0.651307
0.648336
0.645365
0.639423
0.651307
0.584797
0.564540
0.605054
0.598302
0.607959
0.605054
0.594040
0.605773
0.592508
0.585538
0.575780
0.586892
0.591337
0.584144
0.596690
0.575780
0.575780
0.579962
0.600872
0.590417
0.600175
0.575780
0.605054
0.591549
0.571292
0.571292
0.591549
0.605054
0.601709
0.631342
0.614673
0.634508
0.617265
0.653567
0.602744
0.602744
0.642832
0.602744
0.602744
0.602744
0.618334
0.611214
0.602744
0.602744
0.624525
0.632132
0.604950
0.616821
0.689624
0.708320
0.680694
0.689624
0.722072
0.786968
0.689624
0.689624
0.689624
0.689624
0.689624
0.689624
0.695174
0.704023
0.661206
0.697636
0.835695
0.843025
0.801646
0.836219
0.851264
0.869528
0.838315
0.835695
0.814828
0.787005
0.837267
0.804675
0.777320
0.738315
0.839887
0.839887
0.780552
0.739049
0.729651
0.682661
0.682661
0.703806
0.698772
0.722938
0.739049
0.739049
0.682661
0.753455
0.796671
0.782265
0.739049
0.686014
0.702780
0.699906
0.727878
0.682661
0.702780
0.689999
0.702780
0.695324
0.702780
0.702780
0.702780
0.692720
0.682661
0.683890
0.722658
0.658045
0.674821
0.748502
0.759424
0.751949
0.759424
0.775806
0.748502
0.748502
0.753963
0.728092
0.748502
0.709735
0.737195
0.722658
0.703274
0.748502
0.722632
0.748502
0.683890
0.658045
0.670827
0.658045
0.707682
0.657955
0.702440
0.675749
0.711259
0.721287
0.694747
0.749936
0.720234
0.720234
0.652475
0.693130
0.696518
0.652475
0.720234
0.720234
0.693130
0.720234
0.652475
0.702440
0.720234
0.720234
0.702440
0.638923
0.675749
0.683825
0.683825
0.657955
0.675749
0.625371
0.625371
0.668949
0.639897
0.688923
0.625371
0.625371
0.725914
0.725914
0.717939
0.719241
0.722496
0.721845
0.719241
0.714343
0.727054
0.727054
0.719762
0.686381
0.625371
0.625371
0.647967
0.787085
0.787085
0.761155
0.737695
0.785432
0.785293
0.785483
0.787365
0.787085
0.787085
0.787085
0.787085
0.787085
0.729463
0.787818
0.788063
0.791109
0.795170
0.797024
0.798757
0.796059
0.798724
0.798724
0.800645
0.803015
0.813165
0.800820
0.797101
0.798955
0.797140
0.798955
0.798955
0.793267
0.787330
0.787085
0.789227
0.793143
0.803901
0.806929
0.798079
0.800301
0.797933
0.797933
0.776983
0.758015
0.750687
0.797933
0.765602
0.787817
0.797933
0.797933
0.800604
0.761204
0.749573
0.686611
0.754825
0.641507
0.643330
0.643330
0.641507
0.649614
0.641507
0.646292
0.641507
0.695540
0.657267
0.645760
0.767584
0.654266
0.659953
0.652766
0.654266
0.619158
0.634876
0.647741
0.690617
0.690617
0.637496
0.619158
0.652505
0.690617
0.634876
0.699192
0.663621
0.659953
0.650621
0.650013
0.654266
0.714454
0.792708
0.721977
0.777375
0.789840
0.707334
0.714454
0.726074
0.843503
0.843503
0.839042
0.843503
0.783111
0.749560
0.755158
0.843503
0.709708
0.716432
0.712971
0.704961
0.773579
0.804079
0.771771
0.814810
0.846787
0.849831
0.858205
0.849831
0.836487
0.828480
0.771771
0.763163
0.839178
0.842222
0.839178
0.839178
0.839178
0.878820
0.898862
0.839178
0.854099
0.891401
0.839178
0.807010
0.804603
0.801243
0.807153
0.793165
0.786531
0.793660
0.801395
0.800557
0.793568
0.809342
0.806385
0.805922
0.805922
0.801689
0.812723
0.815403
0.815950
0.810482
0.816361
0.782022
0.777206
0.777918
0.778318
0.773793
0.767742
0.759087
0.767639
0.777131
0.785206
0.781358
0.777131
0.776843
0.777131
0.777131
0.787029
0.794181
0.790553
0.793223
0.779188
0.782183
0.784103
0.783339
0.780379
0.788249
0.785256
0.792349
0.785979
0.795862
0.790583
0.794426
0.797309
0.797309
0.797309
0.777763
0.777131
0.783857
0.797719
0.801024
0.801643
0.794594
0.805777
0.814124
0.810124
0.804935
0.805348
0.814924
0.814924
0.811916
0.815064
0.814924
0.800711
0.803181
0.808860
0.797243
0.799199
0.798456
0.798286
0.797895
0.797676
0.801063
0.797201
0.801415
0.802168
0.800968
0.792493
0.792140
0.792594
0.792265
0.790593
0.791618
0.792895
0.796290
0.792786
0.796931
0.794595
0.795580
0.794073
0.797243
0.796740
0.797243
0.790593
0.790593
0.791012
0.791849
0.792268
0.791326
0.790593
0.792879
0.792253
0.791591
0.791082
0.790593
0.790593
0.790593
0.790593
0.790593
0.791199
0.809582
0.804239
0.803699
0.809787
0.799480
0.795399
0.801341
0.802458
0.793847
0.797353
0.799905
0.796076
0.801492
0.808792
0.793059
0.799240
0.795239
0.789678
0.788663
0.802705
0.803615
0.808863
0.810898
0.809407
0.816361
0.815130
0.815745
0.816361
0.813378
0.816361
0.816361
0.814621
0.816361
0.815950
0.815335
0.815950
0.815335
0.809836
0.805922
0.807664
0.805922
0.804682
0.801053
0.805922
0.803805
0.802454
0.802202
0.798483
0.799722
0.798979
0.802202
0.791301
0.785147
0.793893
0.793223
0.793223
0.794730
0.796009
0.799492
0.793223
0.793223
0.793223
0.793223
0.793223
0.797985
0.787859
0.783166
0.790924
0.786326
0.777131
0.779430
0.777131
0.777131
0.793223
0.790004
0.793068
0.791470
0.790969
0.790225
0.784848
0.788981
0.785147
0.784378
0.788993
0.790593
0.786747
0.789464
0.783019
0.780978
0.777131
0.787123
0.790593
0.784698
0.790583
0.777131
0.782896
0.791544
0.777131
0.777131
0.777131
0.797309
0.797309
0.794426
0.797309
0.797309
0.799825
0.797309
0.797309
0.797309
0.797309
0.791429
0.796349
0.791552
0.795988
0.794431
0.802061
0.801713
0.790533
0.783916
0.790454
0.814924
0.814924
0.811988
0.814924
0.806117
0.800245
0.809891
0.805456
0.809891
0.814924
0.804858
0.809891
0.814924
0.802342
0.797309
0.797309
0.814924
0.814924
0.814924
0.814924
0.814924
0.814924
0.814924
0.814924
0.814924
0.813366
0.813554
0.896820
0.885289
0.835695
0.835695
0.850494
0.874177
0.857657
0.839426
0.854544
0.872417
0.884983
0.914050
0.888612
0.879675
0.879675
0.879675
0.929729
0.941886
0.967446
0.915598
0.854512
0.833986
0.944514
0.896945
0.882821
0.931657
0.894911
0.957694
0.939589
0.955377
0.955377
0.966134
0.977339
0.908063
0.925799
0.929216
0.932012
0.943195
0.939645
0.905814
0.975150
0.954379
0.943195
0.954069
0.980476
0.980476
0.940123
0.923212
0.934416
0.890226
0.930905
0.946972
0.896773
0.904900
0.955400
0.968394
0.973750
0.940537
0.945478
0.959671
0.960247
0.961516
0.959116
0.962307
0.964284
0.961401
0.958383
0.952786
0.948225
0.948145
0.952154
0.959671
0.957640
0.956400
0.951495
0.969944
0.973956
0.983091
0.986852
0.982356
0.967105
0.966222
0.961698
0.962783
0.964284
0.963539
0.966190
0.961977
0.963625
0.986852
0.980581
0.981278
0.971778
0.974908
0.972519
0.956766
0.968371
0.971354
0.986852
0.973311
0.976822
0.982672
0.986852
0.986852
0.960742
0.964736
0.959177
0.951354
0.948225
0.961024
0.957754
0.948118
0.950940
0.948092
0.948172
0.957560
0.961915
0.967001
0.970130
0.970130
0.970130
0.949532
0.945062
0.951394
0.942993
0.946598
0.959671
0.955311
0.953858
0.961431
0.956205
0.947215
0.949706
0.947215
0.958231
0.968497
0.962771
0.962017
0.942232
0.944724
0.942232
0.942232
0.942232
0.942232
0.954052
0.964745
0.951237
0.964745
0.915422
0.919791
0.938278
0.944525
0.945915
0.923547
0.892292
0.908063
0.952197
0.959134
0.957491
0.959671
0.960330
0.959724
0.958240
0.957217
0.957217
0.956780
0.950688
0.958877
0.959352
0.956809
0.955377
0.955377
0.955377
0.955377
0.955991
0.959214
0.955377
0.955377
0.944563
0.945915
0.955377
0.930143
0.908063
0.933748
0.955377
0.962548
0.955377
0.958963
0.969719
0.980476
0.973305
0.980476
0.955377
0.959874
0.971115
0.973363
0.970318
0.963744
0.974216
0.957973
0.948619
0.955573
0.984463
0.984727
0.986852
0.982298
0.980280
0.982601
0.981387
0.981230
0.981606
0.981387
0.980476
0.980476
0.980476
0.980476
0.980476
0.980476
0.980476
0.964498
0.949409
0.969824
0.953847
0.947043
0.943195
0.943195
0.943195
0.973601
0.960111
0.977297
0.970130
0.966780
0.950891
0.958586
0.944255
0.944831
0.947840
0.970582
0.967316
0.972199
0.961152
0.960138
0.969385
0.955256
0.954739
0.966282
0.956290
0.965020
0.947560
0.956290
0.968658
0.943195
0.943195
0.943195
0.973750
0.973750
0.973750
0.973750
0.973750
0.973750
0.973750
0.973750
0.971538
0.968176
0.967199
0.971990
0.924596
0.916560
0.922965
0.918838
0.937281
0.952775
0.950632
0.939470
0.959840
0.947363
0.953602
0.959840
0.957544
0.924987
0.924912
0.918360
0.930366
0.923682
0.938917
0.957394
0.953616
0.950857
0.952117
0.946860
0.956789
0.929070
0.929252
0.940480
0.936438
0.943624
0.918472
0.943978
0.951618
0.939903
0.918472
0.918472
0.955076
0.955247
0.952950
0.915640
0.903480
0.895984
0.903290
0.910075
0.905087
0.917903
0.904417
0.899196
0.901464
0.912423
0.919469
0.928863
0.912850
0.918472
0.907228
0.931334
0.945923
0.918241
0.940806
0.937983
0.945949
0.936651
0.940438
0.937949
0.929788
0.926371
0.928863
0.932721
0.934008
0.919498
0.920831
0.920831
0.919126
0.919694
0.917421
0.921532
0.917789
0.907520
0.914746
0.920831
0.920831
0.911704
0.915077
0.907924
0.920831
0.920110
0.917608
0.911119
0.922663
0.906577
0.909055
0.914010
0.903171
0.899145
0.909055
0.903103
0.894199
0.895089
0.901622
0.908611
0.913481
0.919126
0.914010
0.915959
0.914010
0.914010
0.914010
0.914010
0.916568
0.903501
0.900312
0.903040
0.907601
0.907601
0.897876
0.894446
0.893511
0.899148
0.895089
0.894826
0.896667
0.896207
0.898034
0.896667
0.896667
0.896667
0.908857
0.907601
0.905296
0.910229
0.912508
0.901839
0.902576
0.898598
0.902223
0.895791
0.898416
0.905296
0.903820
0.905296
0.907601
0.907601
0.907601
0.907601
0.898546
0.910157
0.903910
0.919228
0.919457
0.919457
0.918908
0.930603
0.918908
0.918908
0.918908
0.919228
0.914908
0.924755
0.942298
0.918908
0.939374
0.953993
0.918908
0.923139
0.918908
0.922534
0.959840
0.959840
0.959840
0.959840
0.957872
0.959840
0.958692
0.948145
0.947446
0.930178
0.929753
0.929287
0.940199
0.959840
0.945762
0.894104
0.895134
0.894183
0.897975
0.902834
0.920500
0.930699
0.936262
0.941824
0.947387
0.943793
0.926120
0.952950
0.952950
0.952950
0.952950
0.952950
0.952950
0.955247
0.943099
0.928323
0.948025
0.933248
0.923398
0.918472
0.918472
0.918472
0.941824
0.932611
0.925136
0.923296
0.906082
0.902897
0.916530
0.912242
0.894151
0.894376
0.893942
0.902033
0.908990
0.907497
0.912096
0.919742
0.916842
0.912242
0.902897
0.922925
0.921197
0.918472
0.916744
0.911803
0.915661
0.918472
0.918472
0.906943
0.916533
0.919469
0.923548
0.928863
0.923383
0.928863
0.925319
0.914207
0.914688
0.916713
0.921776
0.925826
0.897351
0.895253
0.893912
0.907601
0.912843
0.913676
0.918918
0.926365
0.922788
0.919751
0.910638
0.930235
0.939887
0.928863
0.933273
0.939887
0.928863
0.928863
0.928863
0.944296
0.944296
0.940669
0.927015
0.933812
0.933949
0.919833
0.921316
0.591829
0.652833
0.651487
0.664091
0.633015
0.634904
0.608453
0.618038
0.530142
0.630024
0.626229
0.622661
0.589424
0.592427
0.557619
0.541898
0.600867
0.607131
0.609046
0.589424
0.627836
0.657577
0.636579
0.657577
0.640351
0.636173
0.600868
0.609046
0.622877
0.608586
0.684936
0.674731
0.629177
0.665842
0.644069
0.676739
0.684936
0.674731
0.532736
0.552631
0.535356
0.521267
0.490825
0.504915
0.539051
0.531595
0.551437
0.555840
0.611999
0.603585
0.518755
0.545261
0.505993
0.495338
0.646473
0.605687
0.649802
0.630987
0.550563
0.588793
0.588793
0.565770
0.596406
0.612172
0.606614
0.639624
0.624504
0.530159
0.548673
0.568568
0.595948
0.564610
0.561302
0.554504
0.540984
0.544043
0.555983
0.490064
0.467905
0.481664
0.503538
0.488843
0.451761
0.417402
0.425103
0.281884
0.315255
0.351894
0.421903
0.525885
0.517772
0.551628
0.562265
0.553060
0.555083
0.614554
0.575939
0.488702
0.500942
0.574468
0.584819
0.578339
0.587427
0.593234
0.596355
0.598646
0.582909
0.512349
0.598677
0.464563
0.533350
0.500457
0.612750
0.606748
0.424406
0.383563
0.350950
0.348921
0.381132
0.492150
0.565548
0.454497
0.527348
0.421753
0.381646
0.414390
0.514885
0.341539
0.310849
0.346448
0.351356
0.564976
0.600746
0.632769
0.609749
0.606748
0.652695
0.629799
0.696941
0.689281
0.694186
0.715232
0.634223
0.661853
0.674168
0.650277
0.588366
0.599787
0.627659
0.562720
0.668749
0.620968
0.656042
0.652893
0.641779
0.657307
0.660456
0.653679
0.620709
0.598546
0.626832
0.617436
0.661441
0.630954
0.619362
0.643477
0.588740
0.558211
0.609647
0.557941
0.590440
0.576901
0.620709
0.572882
0.502107
0.572174
0.503625
0.551192
0.651356
0.608729
0.584375
0.606281
0.559308
0.582324
0.510282
0.514453
0.649098
0.653027
0.663629
0.675369
0.644030
0.617463
0.622219
0.605750
0.586578
0.611986
0.596292
0.624429
0.608907
0.605720
0.598092
0.614550
0.618237
0.633374
0.627530
0.606574
0.617873
0.571232
0.586533
0.615688
0.538064
0.548291
0.568183
0.581459
0.605138
0.579048
0.603437
0.571121
0.625664
0.599453
0.572259
0.545884
0.604302
0.613086
0.587521
0.584220
0.616096
0.604740
0.614554
0.606320
0.588811
0.652328
0.644095
0.639073
0.636560
0.568247
0.678870
0.657558
0.678102
0.656406
0.635947
0.683282
0.684572
0.662511
0.583444
0.552200
0.615465
0.595070
0.603675
0.560390
0.629995
0.631242
0.609835
0.612040
0.624940
0.634730
0.458598
0.473503
0.481674
0.508117
0.424996
0.449968
0.490728
0.489900
0.464940
0.470855
0.437253
0.455950
0.418555
0.410384
0.468014
0.451954
0.453109
0.427910
0.395699
0.417143
0.411759
0.411589
0.356105
0.364181
0.324587
0.303314
0.420458
0.438204
0.459259
0.476388
0.427479
0.492522
0.446570
0.459598
0.475149
0.475149
0.494849
0.506928
0.467375
0.455651
0.508117
0.508117
0.493768
0.507919
0.496409
0.500705
0.474718
0.495295
0.490823
0.491208
0.493124
0.429957
0.411771
0.417785
0.354491
0.355693
0.355693
0.339429
0.358370
0.248783
0.416883
0.465012
0.522237
0.462317
0.457719
0.405642
0.500593
0.549921
0.401365
0.433815
0.459261
0.483403
0.492809
0.528277
0.577999
0.366960
0.430012
0.454205
0.448325
0.438558
0.414231
0.422510
0.494066
0.485747
0.528277
0.496690
0.488371
0.532154
0.576385
0.575854
0.496563
0.488371
0.544548
0.512501
0.485232
0.484129
0.487906
0.486094
0.534113
0.588273
0.468410
0.457782
0.459264
0.450152
0.456920
0.463323
0.452403
0.442404
0.426557
0.469255
0.438174
0.436792
0.449171
0.535656
0.543701
0.531633
0.539679
0.506604
0.502581
0.502581
0.517107
0.535656
0.527611
0.481574
0.492078
0.471071
0.460567
0.450064
0.450064
0.471071
0.434046
0.455053
0.410020
0.502581
0.523588
0.487541
0.521777
0.456936
0.428667
0.471595
0.519966
0.413626
0.365256
0.351121
0.393525
0.379390
0.421795
0.421795
0.555053
0.556864
0.590140
0.609042
0.548724
0.557770
0.582906
0.609042
0.653949
0.630346
0.648586
0.625118
0.539679
0.547724
0.568688
0.567539
0.551747
0.567539
0.591228
0.583332
0.601572
0.257762
0.293162
0.252826
0.272994
0.272571
0.262699
0.270376
0.252826
0.252826
0.252826
0.305477
0.270376
0.310413
0.323027
0.358127
0.332900
0.290121
0.312608
0.287380
0.287380
0.305477
0.270376
0.256038
0.238488
0.323027
0.291139
0.190656
0.203092
0.208206
0.257023
0.334851
0.357506
0.406322
0.358127
0.375678
0.247120
0.293143
0.321135
0.365348
0.301171
0.309180
0.385701
0.379576
0.421795
0.450064
0.379390
0.351121
0.293162
0.313330
0.369684
0.353666
0.333498
0.373834
0.394002
0.410020
0.434046
0.444740
0.443437
0.447347
0.436736
0.446043
0.448650
0.449954
0.449954
0.428732
0.428732
0.449954
0.449954
0.454264
0.454264
0.460729
0.460729
0.454264
0.460729
0.454233
0.472579
0.449954
0.433443
0.455992
0.442867
0.449954
0.443185
0.462031
0.467612
0.441128
0.433032
0.440726
0.445340
0.455189
0.454264
0.460729
0.452290
0.421645
0.452290
0.406322
0.396899
0.401611
0.375678
0.375678
0.375678
0.375678
0.406322
0.432485
0.396899
0.393593
0.363064
0.337836
0.410904
0.356451
0.299994
0.325222
0.350450
0.487509
0.515025
0.494934
0.535101
0.445129
0.467418
0.496404
0.509055
0.534359
0.534359
0.471101
0.483752
0.457787
0.444472
0.417844
0.405665
0.429273
0.373140
0.387446
0.344627
0.496404
0.521707
0.534197
0.569949
0.471101
0.503758
0.597213
0.618190
0.561638
0.526062
0.486290
0.472656
0.437358
0.444472
0.404530
0.637045
0.590926
0.632799
0.612191
0.559662
0.557458
0.560238
0.581135
0.581712
0.561104
0.602320
0.622640
0.559950
0.559121
0.565364
0.575326
0.552049
0.574497
0.577386
0.550826
0.555821
0.322072
0.281293
0.322072
0.279021
0.390055
0.390055
0.355015
0.322072
0.276750
0.304552
0.395196
0.390055
0.472550
0.475730
0.534669
0.528309
0.472550
0.528309
0.472550
0.528309
0.387958
0.374606
0.443562
0.441539
0.433280
0.471364
0.509165
0.506621
0.496565
0.519804
0.559668
0.499474
0.549350
0.489192
0.541029
0.478125
0.441365
0.438300
0.414141
0.320101
0.374433
0.363451
0.389981
0.377902
0.391216
0.402061
0.455638
0.293472
0.283564
0.324643
0.300286
0.285836
0.290378
0.309976
0.317007
0.366858
0.680844
0.655999
0.675593
0.653753
0.704200
0.718469
0.682873
0.675593
0.661033
0.668313
0.710465
0.714632
0.747148
0.747183
0.775827
0.763224
0.746783
0.750620
0.733347
0.746419
0.698226
0.667157
0.674134
0.649737
0.714371
0.706544
0.641970
0.632317
0.690888
0.720146
0.736047
0.738589
0.754995
0.738849
0.767494
0.624906
0.627218
0.612518
0.613674
0.653753
0.644161
0.618132
0.612806
0.588732
0.589722
0.593936
0.602718
0.646473
0.639193
0.618132
0.618132
0.627439
0.606379
0.586542
0.586542
0.586542
0.914998
0.909749
0.913059
0.917687
0.741195
0.752652
0.761564
0.734078
0.784075
0.776662
0.762634
0.775399
0.733686
0.739746
0.708218
0.715534
0.705268
0.705268
0.707252
0.728597
0.707252
0.732564
0.733613
0.749241
0.752271
0.746211
0.748808
0.749573
0.748219
0.749355
0.733264
0.737212
0.755301
0.755301
0.755301
0.753028
0.868005
0.853359
0.827613
0.856289
0.857178
0.876533
0.907605
0.881502
0.808160
0.777659
0.838714
0.798146
0.815292
0.751103
0.753596
0.769169
0.769169
0.755301
0.788844
0.773503
0.823155
0.796907
0.803149
0.803841
0.789972
0.789972
0.826457
0.808227
0.846152
0.838617
0.836429
0.857698
0.857559
0.834399
0.841533
0.855997
0.864626
0.863168
0.842469
0.873864
0.882741
0.890148
0.866340
0.811075
0.801764
0.799803
0.798377
0.801109
0.798995
0.798708
0.783914
0.797029
0.797848
0.800526
0.725740
0.716966
0.705268
0.757514
0.747704
0.790434
0.724735
0.757215
0.732997
0.708670
0.713205
0.788754
0.762098
0.788527
0.841533
0.841533
0.817074
0.780419
0.809310
0.761292
0.781018
0.746211
0.768178
0.775063
0.796702
0.791856
0.796702
0.746211
0.753424
0.754626
0.768615
0.767850
0.789489
0.752287
0.753389
0.751478
0.750660
0.755301
0.755301
0.751158
0.752275
0.751566
0.751566
0.751566
0.750404
0.752935
0.757401
0.785490
0.771547
0.842491
0.809592
0.810427
0.828029
0.755398
0.750478
0.756675
0.782065
0.785280
0.830989
0.717173
0.717173
0.717173
0.717173
0.717173
0.707250
0.740308
0.763350
0.734469
0.715685
0.720468
0.694019
0.694019
0.694019
0.694019
0.746082
0.694019
0.692491
0.689130
0.694019
0.697326
0.717488
0.718527
0.692273
0.690963
0.663109
0.712542
0.707525
0.721948
0.721458
0.696720
0.648406
0.690739
0.685696
0.784054
0.788484
0.774376
0.777031
0.788484
0.783830
0.796678
0.797698
0.761099
0.770303
0.767897
0.755030
0.766494
0.786721
0.775832
0.800895
0.770393
0.782537
0.788127
0.800669
0.793494
0.798861
0.854953
0.881776
0.834176
0.893011
0.879606
0.886023
0.878577
0.893518
0.873506
0.908394
0.900341
0.879466
0.915218
0.918159
0.902877
0.865529
0.825735
0.824266
0.797668
0.794109
0.759027
0.745379
0.725497
0.731732
0.774190
0.819390
0.805008
0.773421
0.778836
0.844766
0.810338
0.881776
0.796070
0.746067
0.680944
0.738900
0.712128
0.795044
0.792260
0.784340
0.789532
0.789516
0.796690
0.796702
0.788337
0.785767
0.785767
0.794284
0.797662
0.811221
0.804466
0.812249
0.826348
0.888397
0.880927
0.893440
0.865055
0.858519
0.873117
0.855964
0.893955
0.858519
0.837360
0.834933
0.790172
0.827336
0.805620
0.819500
0.831020
0.842427
0.851623
0.842427
0.844439
0.841966
0.841043
0.828883
0.796096
0.849506
0.849398
0.820482
0.811518
0.829362
0.838194
0.832124
0.777347
0.774774
0.788962
0.777358
0.791449
0.789904
0.786378
0.793780
0.791390
0.794936
0.795571
0.817443
0.796907
0.832328
0.835915
0.792712
0.813277
0.787659
0.831727
0.849801
0.835958
0.788429
0.753563
0.776736
0.741204
0.742839
0.784461
0.792614
0.736226
0.730390
0.728187
0.751484
0.724726
0.730390
0.732450
0.732126
0.762032
0.731022
0.733332
0.732384
0.737417
0.736055
0.740545
0.738049
0.739411
0.734985
0.716134
0.733746
0.769693
0.766972
0.794411
0.811633
0.796882
0.768364
0.759091
0.747543
0.490679
0.483935
0.501289
0.497753
0.487143
0.504363
0.431510
0.424946
0.424437
0.464362
0.476013
0.514511
0.517873
0.460305
0.440603
0.384970
0.412386
0.344764
0.305578
0.337452
0.281819
0.343606
0.358523
0.277183
0.271002
0.474393
0.511155
0.459289
0.516154
0.436145
0.399996
0.456845
0.445187
0.493447
0.472023
0.421093
0.410545
0.373925
0.390979
0.374504
0.346484
0.383950
0.351858
0.399996
0.383950
0.507064
0.472023
0.534299
0.520682
0.486692
0.547916
0.567327
0.561533
0.584547
0.578282
0.585807
0.587680
0.597417
0.595850
0.570317
0.597110
0.512325
0.543083
0.560619
0.519453
0.559503
0.552488
0.590812
0.589757
0.514017
0.535021
0.540430
0.561433
0.567798
0.553158
0.545838
0.568751
0.582437
0.591663
0.593944
0.598983
0.469896
0.390602
0.460204
0.535229
0.496493
0.544893
0.404563
0.345777
0.452246
0.523090
0.523090
0.532998
0.509457
0.523225
0.499929
0.476768
0.513882
0.446017
0.285446
0.418381
0.488511
0.450074
0.456191
0.392949
0.532839
0.517175
0.404240
0.419629
0.397465
0.402931
0.462347
0.483863
0.545838
0.522065
0.542588
0.526610
0.399364
0.408038
0.390691
0.423871
0.413145
0.434597
0.495824
0.433800
0.497259
0.452944
0.492438
0.515198
0.533137
0.533137
0.478504
0.498853
0.413145
0.447428
0.472705
0.464683
0.540920
0.550175
0.541574
0.550828
0.529805
0.566697
0.540165
0.575071
0.594029
0.578339
0.635880
0.625106
0.577278
0.611778
0.557015
0.572457
0.456649
0.472930
0.457936
0.435446
0.446578
0.426662
0.494921
0.531755
0.465241
0.453266
0.445879
0.433460
0.424978
0.465097
0.457710
0.478790
0.468877
0.483747
0.493661
0.500973
0.546434
0.590581
0.539095
0.594250
0.623496
0.445372
0.406837
0.420433
0.372829
0.466273
0.467450
0.372829
0.404565
0.356960
0.356960
0.420433
0.452170
0.477056
0.478233
0.507227
0.491031
0.465685
0.473834
0.464508
0.478790
0.356960
0.356960
0.356960
0.356960
0.361576
0.367274
0.403555
0.376344
0.406041
0.387900
0.398213
0.418840
0.429153
0.413993
0.387900
0.393986
0.377975
0.372740
0.389139
0.389759
0.420452
0.420452
0.424181
0.421695
0.435446
0.420452
0.420452
0.420452
0.424181
0.421695
0.433645
0.427910
0.425424
0.429153
0.427910
0.429153
0.837953
0.837953
0.837953
0.837953
0.837953
0.837953
0.837953
0.837953
0.837953
0.840730
0.837953
0.837953
0.840833
0.839643
0.838104
0.838405
0.838556
0.838857
0.838556
0.838104
0.838254
0.837953
0.837953
0.837953
0.844895
0.843713
0.847671
0.846386
0.843657
0.847671
0.847671
0.847671
0.847671
0.847671
0.847671
0.844783
0.845196
0.841483
0.841332
0.839007
0.845102
0.840474
0.843817
0.839575
0.834948
0.841247
0.839755
0.842532
0.838677
0.839962
0.838677
0.838677
0.838677
0.838677
0.838677
0.838677
0.834777
0.837005
0.838677
0.838263
0.838056
0.838574
0.838367
0.837953
0.837953
0.838263
0.838574
0.838677
0.838677
0.838677
0.838677
0.678442
0.682107
0.680177
0.686722
0.647868
0.663478
0.687258
0.697468
0.653745
0.623818
0.635843
0.645441
0.647233
0.600403
0.606416
0.595096
0.585469
0.550475
0.597593
0.652493
0.643667
0.709891
0.709891
0.672984
0.688362
0.600014
0.627526
0.568404
0.609382
0.584403
0.540892
0.623634
0.575921
0.637388
0.658658
0.562166
0.509282
0.516251
0.516251
0.536383
0.505554
0.524254
0.506589
0.559961
0.523264
0.652705
0.652705
0.668837
0.688787
0.703252
0.705792
0.684188
0.684970
0.739620
0.722706
0.758879
0.776575
0.796493
0.797184
0.742564
0.789295
0.753798
0.741639
0.776796
0.771319
0.678377
0.684590
0.727997
0.716375
0.681525
0.684764
0.692233
0.707323
0.735895
0.717391
0.734369
0.740180
0.753329
0.768337
0.770763
0.796493
0.576968
0.554277
0.514766
0.528711
0.557829
0.506484
0.472930
0.486875
0.514766
0.486875
0.465433
0.472930
0.472930
0.457936
0.512147
0.610189
0.570972
0.478148
0.478148
0.485975
0.485975
0.460545
0.465763
0.491193
0.491193
0.491193
0.491223
0.491193
0.481087
0.452013
0.463362
0.438055
0.442943
0.491193
0.491283
0.504199
0.527316
0.522245
0.568673
0.523324
0.514597
0.564051
0.566362
0.646153
0.636240
0.707719
0.563509
0.599509
0.635614
0.537269
0.565160
0.577997
0.591942
0.574826
0.585523
0.600500
0.632875
0.600500
0.600500
0.631134
0.615817
0.671980
0.282196
0.312392
0.312412
0.280728
0.259818
0.269539
0.300437
0.322454
0.278059
0.258795
0.254958
0.252972
0.241266
0.266470
0.270346
0.321043
0.305617
0.312710
0.345400
0.323538
0.244299
0.216087
0.196949
0.179420
0.270307
0.233640
0.126623
0.138111
0.157204
0.129271
0.126623
0.170965
0.215306
0.188500
0.281819
0.277982
0.155970
0.126961
0.187785
0.154736
0.117045
0.187627
0.220729
0.213883
0.231821
0.199273
0.224016
0.267035
0.308593
0.252642
0.198057
0.234447
0.117045
0.154736
0.184105
0.211997
0.244141
0.267553
0.268311
0.291723
0.332538
0.298826
0.347804
0.331470
0.353324
0.366986
0.371462
0.372506
0.342662
0.390783
0.306172
0.371133
0.167873
0.157957
0.229748
0.216492
0.167873
0.229748
0.290786
0.270998
0.254402
0.258460
0.334601
0.292199
0.354561
0.399962
0.267910
0.226659
0.309160
0.262518
0.283719
0.261104
0.354389
0.384002
0.368240
0.316159
0.261104
0.313186
0.452309
0.448883
0.526552
0.591433
0.506366
0.442364
0.261104
0.314284
0.254220
0.264400
0.291540
0.248434
0.241864
0.247335
0.226682
0.233566
0.227781
0.212913
0.212913
0.235686
0.250631
0.259635
0.268795
0.267696
0.268795
0.268795
0.236393
0.194939
0.219798
0.178343
0.139744
0.126488
0.126488
0.173662
0.178343
0.178343
0.212913
0.212913
0.442174
0.465117
0.438738
0.414296
0.414830
0.395823
0.472954
0.471456
0.445610
0.379149
0.383318
0.391654
0.377097
0.379439
0.405372
0.418701
0.392768
0.393058
0.438421
0.457528
0.470889
0.470422
0.470422
0.490407
0.360980
0.356248
0.342812
0.340724
0.372887
0.353084
0.336259
0.339236
0.333282
0.358072
0.388447
0.366624
0.385749
0.379874
0.380164
0.345192
0.351517
0.364365
0.366221
0.369721
0.355424
0.370226
0.363240
0.370437
0.380290
0.361182
0.356877
0.369623
0.357929
0.377962
0.365664
0.386872
0.399220
0.385168
0.393124
0.405858
0.403388
0.415139
0.395979
0.407328
0.423795
0.439459
0.423841
0.388855
0.392380
0.383145
0.380281
0.437358
0.437358
0.440595
0.440640
0.437358
0.440640
0.432435
0.432435
0.432435
0.414689
0.432511
0.427664
0.408201
0.417895
0.434076
0.429153
0.425947
0.429153
0.429153
0.429153
0.395225
0.395225
0.395225
0.395225
0.401713
0.395225
0.375846
0.395225
0.397994
0.381385
0.385536
0.395225
0.395225
0.395225
0.400072
0.416254
0.406302
0.399382
0.403533
0.426210
0.414609
0.435042
0.421605
0.407940
0.437778
0.435026
0.463766
0.462094
0.473695
0.493695
0.461013
0.490943
0.437811
0.449412
0.472614
0.472614
0.431122
0.440595
0.447985
0.447467
0.440505
0.440550
0.440416
0.440461
0.447377
0.440326
0.461214
0.463030
0.457886
0.464847
0.464847
0.464847
0.491403
0.523076
0.491403
0.491403
0.491403
0.553338
0.491403
0.491403
0.491403
0.491403
0.491403
0.491343
0.491373
0.491313
0.491283
0.491373
0.584175
0.491403
0.491373
0.484106
0.467932
0.462306
0.491313
0.473557
0.444565
0.440505
0.448550
0.455742
0.482360
0.491253
0.440461
0.447668
0.440371
0.440326
0.491403
0.469513
0.476810
0.454920
0.457711
0.472304
0.470749
0.449018
0.466403
0.440326
0.457711
0.491403
0.491403
0.491403
0.506048
0.495471
0.527256
0.522406
0.518198
0.500813
0.141800
0.190820
0.100465
0.115563
0.115563
0.110875
0.249122
0.329665
0.218500
0.248591
0.169900
0.158649
0.237340
0.266406
0.231613
0.308312
0.329994
0.391660
0.321437
0.475396
0.389568
0.503441
0.351229
0.344862
0.426124
0.413390
0.348569
0.502684
0.488479
0.472791
0.484605
0.510534
0.525117
0.549434
0.427140
0.450802
0.383849
0.462133
0.465752
0.413390
0.423174
0.446899
0.377731
0.237340
0.344862
0.206422
0.308486
0.233336
0.149101
0.091781
0.189104
0.342071
0.313770
0.447462
0.392972
0.367134
0.387505
0.149273
0.101500
0.134114
0.086340
0.079009
0.103378
0.066825
0.086506
0.056187
0.054640
0.053237
0.044311
0.056021
0.019917
0.082251
0.030389
0.758280
0.763096
0.761455
0.751080
0.739647
0.733530
0.759921
0.768494
0.755106
0.697297
0.713814
0.715980
0.706638
0.713814
0.740654
0.760659
0.755106
0.773038
0.764072
0.764570
0.697297
0.697297
0.697297
0.706231
0.701764
0.674107
0.684958
0.675933
0.643473
0.711833
0.734193
0.744290
0.764355
0.720847
0.729991
0.713644
0.754139
0.747382
0.776093
0.849308
0.815134
0.734662
0.743978
0.753344
0.762685
0.762513
0.753246
0.758025
0.760355
0.758123
0.753537
0.750710
0.757363
0.762685
0.770529
0.815030
0.802961
0.809173
0.813353
0.824587
0.821999
0.807427
0.766757
0.828427
0.820072
0.834144
0.827091
0.817822
0.837020
0.837358
0.821905
0.826371
0.800906
0.744147
0.778560
0.801534
0.792296
0.781438
0.773340
0.809214
0.781407
0.770610
0.762513
0.778708
0.779101
0.790676
0.808523
0.762513
0.762513
0.760256
0.762513
0.811283
0.786898
0.782028
0.768206
0.755216
0.756549
0.744798
0.752617
0.751924
0.744894
0.819412
0.819412
0.798285
0.807088
0.803942
0.811677
0.789235
0.773197
0.770116
0.707719
0.692402
0.707719
0.707719
0.707719
0.707719
0.707719
0.677085
0.646451
0.707890
0.707914
0.707784
0.708109
0.708044
0.708174
0.707979
0.680794
0.707719
0.708174
0.708174
0.742124
0.729450
0.781249
0.805069
0.732242
0.751699
0.771944
0.769276
0.764355
0.845435
0.837689
0.854388
0.708174
0.708174
0.708174
0.656701
0.656701
0.620503
0.646175
0.648122
0.579490
0.579490
0.528016
0.573056
0.528016
0.538097
0.563903
0.528016
0.558043
0.618095
0.630964
0.685655
0.678148
0.712340
0.649997
0.787268
0.789478
0.777937
0.791407
0.788509
0.782839
0.777286
0.776082
0.758678
0.769986
0.786335
0.820509
0.871770
0.905944
0.871770
0.871770
0.905944
0.820509
0.782956
0.786335
0.788237
0.826205
0.786335
0.789596
0.820509
0.866283
0.887201
0.898353
0.792856
0.793943
0.791770
0.793943
0.797197
0.795245
0.795245
0.797197
0.884857
0.896907
0.878590
0.878208
0.878833
0.854141
0.898198
0.877376
0.824240
0.764346
0.807659
0.764346
0.804444
0.853204
0.876647
0.809267
0.741886
0.877740
0.876959
0.877584
0.876647
0.854187
0.778384
0.719426
0.878833
0.885883
0.879144
0.878286
0.357217
0.326935
0.332516
0.376839
0.415603
0.423778
0.373744
0.338686
0.414837
0.476915
0.440806
0.462791
0.491491
0.418436
0.419540
0.397257
0.377436
0.401474
0.359575
0.385870
0.474849
0.523094
0.395685
0.471451
0.412629
0.375185
0.290189
0.340644
0.416410
0.258082
0.313123
0.257711
0.257780
0.304816
0.332934
0.559923
0.571340
0.678709
0.678344
0.680033
0.539737
0.571340
0.591850
0.645607
0.726669
0.674881
0.765873
0.810856
0.740480
0.787053
0.699634
0.731583
0.749010
0.508197
0.480398
0.564050
0.536251
0.349533
0.424388
0.444709
0.511464
0.648888
0.567601
0.649172
0.699235
0.609932
0.673513
0.592041
0.702829
0.422135
0.422135
0.428072
0.428072
0.375970
0.381907
0.345072
0.374961
0.339275
0.260557
0.306722
0.309691
0.260557
0.253750
0.293109
0.249608
0.233332
0.255406
0.280614
0.268010
0.260557
0.268103
0.261734
0.283196
0.261734
0.264087
0.289929
0.275619
0.293521
0.301461
0.275589
0.265264
0.267618
0.268795
0.265264
0.249298
0.308614
0.303845
0.305836
0.310998
0.278291
0.297494
0.267308
0.290743
0.258171
0.281606
0.249829
0.233941
0.186382
0.218052
0.265717
0.235395
0.249459
0.267171
0.221687
0.231019
0.304318
0.387845
0.303522
0.382472
0.435989
0.436979
0.442917
0.394689
0.370576
0.311631
0.270225
0.299841
0.199491
0.236664
0.154818
0.405759
0.521035
0.485406
0.398882
0.338437
0.310579
0.431380
0.499699
0.356338
0.313111
0.316349
0.307693
0.315052
0.322970
0.325005
0.355625
0.342074
0.364870
0.493321
0.436550
0.310605
0.312014
0.306300
0.300850
0.325086
0.327110
0.310900
0.302235
0.334086
0.346508
0.341754
0.336149
0.316647
0.311843
0.357477
0.351143
0.328124
0.323030
0.349418
0.357526
0.406514
0.437856
0.521491
0.502859
0.438477
0.521860
0.451145
0.577333
0.332428
0.361318
0.357163
0.411018
0.485503
0.419435
0.494607
0.473118
0.502403
0.564444
0.481911
0.415338
0.494239
0.404859
0.503055
0.547754
0.547154
0.556830
0.536611
0.538638
0.512745
0.503004
0.516847
0.531752
0.527515
0.520446
0.524683
0.525042
0.525042
0.497311
0.514263
0.480358
0.448649
0.474210
0.532356
0.545864
0.533515
0.549548
0.564008
0.551884
0.564869
0.561561
0.542154
0.523585
0.540465
0.529678
0.537848
0.512415
0.511119
0.526429
0.504199
0.511853
0.488991
0.491232
0.479347
0.478397
0.498125
0.475440
0.521597
0.507259
0.482255
0.488536
0.520384
0.538746
0.522729
0.541259
0.580685
0.560172
0.577323
0.562855
0.565107
0.574477
0.524443
0.521461
0.532157
0.498468
0.499206
0.476766
0.500177
0.505504
0.508167
0.502779
0.494851
0.483858
0.497514
0.492187
0.317245
0.412493
0.401562
0.321929
0.330777
0.426025
0.426025
0.393718
0.488409
0.481009
0.489524
0.516631
0.533448
0.492631
0.267278
0.303712
0.267278
0.303712
0.267278
0.268256
0.192026
0.242194
0.303712
0.235327
0.193004
0.244149
0.271188
0.221020
0.342585
0.304932
0.465535
0.365918
0.491800
0.340147
0.290706
0.358364
0.376091
0.326886
0.394798
0.358364
0.358364
0.394798
0.394798
0.394308
0.410932
0.451083
0.413648
0.393327
0.391856
0.344123
0.392837
0.391366
0.367499
0.408849
0.472866
0.427066
0.475467
0.508043
0.505257
0.505487
0.507735
0.505364
0.500622
0.498250
0.500622
0.475467
0.489230
0.443200
0.463520
0.141858
0.160802
0.091690
0.129578
0.116774
0.091690
0.091690
0.091690
0.129578
0.148523
0.123254
0.107472
0.139036
0.154818
0.107472
0.143813
0.143652
0.189010
0.200649
0.234533
0.140490
0.174235
0.253430
0.234076
0.256487
0.263957
0.242902
0.207253
0.207253
0.231019
0.189290
0.171327
0.259544
0.259544
0.249474
0.259544
0.286199
0.249474
0.205355
0.234369
0.224299
0.234369
0.234369
0.224299
0.224299
0.234369
0.249474
0.278998
0.290642
0.259544
0.335758
0.186411
0.186411
0.224299
0.224299
0.216908
0.272523
0.295899
0.319766
0.248166
0.307228
0.224299
0.259495
0.401376
0.390205
0.384619
0.395790
0.401376
0.405629
0.413868
0.414233
0.401376
0.433648
0.417512
0.415261
0.432523
0.407651
0.453223
0.441934
0.457722
0.495199
0.452024
0.441828
0.487797
0.439027
0.448904
0.468658
0.478535
0.498290
0.508167
0.562177
0.495664
0.533214
0.448756
0.498469
0.478894
0.486276
0.469375
0.426198
0.459140
0.426557
0.449800
0.440281
0.433598
0.440281
0.440281
0.457244
0.462077
0.483782
0.486243
0.413011
0.402253
0.406686
0.393499
0.379034
0.387954
0.376783
0.390164
0.393499
0.379438
0.378076
0.388358
0.393499
0.400182
0.413549
0.420232
0.433922
0.436286
0.397363
0.386181
0.411638
0.358829
0.462370
0.460986
0.464447
0.387089
0.395488
0.347911
0.369103
0.430421
0.441597
0.468413
0.464761
0.464447
0.488573
0.477483
0.404215
0.377237
0.395655
0.369541
0.429724
0.422201
0.390137
0.373016
0.410665
0.443487
0.444771
0.452295
0.367863
0.360981
0.362278
0.361845
0.351118
0.359684
0.351118
0.360548
0.360300
0.351550
0.352512
0.359123
0.360916
0.358874
0.365377
0.368475
0.338918
0.339537
0.338918
0.339537
0.368914
0.352664
0.368914
0.352664
0.355196
0.369572
0.370888
0.360261
0.339537
0.343527
0.338918
0.341834
0.536350
0.512893
0.519352
0.536350
0.536548
0.536449
0.519344
0.502015
0.532460
0.536944
0.536746
0.536647
0.536845
0.516232
0.536845
0.508250
0.475100
0.517727
0.493508
0.504709
0.516232
0.550231
0.492533
0.553937
0.474610
0.453799
0.475416
0.489645
0.534973
0.518897
0.425353
0.423506
0.391366
0.391366
0.412177
0.453799
0.567126
0.534973
0.582460
0.582460
0.567126
0.580975
0.543794
0.568529
0.550001
0.580233
0.578749
0.555111
0.552647
0.578007
0.580233
0.581468
0.585054
0.582335
0.584929
0.586906
0.525554
0.525356
0.520411
0.508864
0.519352
0.530853
0.502338
0.514361
0.497870
0.485324
0.479827
0.497870
0.497870
0.497870
0.520766
0.518303
0.470669
0.486745
0.469396
0.469396
0.448011
0.434837
0.466215
0.467487
0.467487
0.466215
0.397096
0.398368
0.329250
0.293418
0.353753
0.390157
0.466215
0.466215
0.500547
0.431655
0.500547
0.546323
0.500547
0.552045
0.474628
0.389772
0.333012
0.572039
0.659318
0.514795
0.514795
0.587666
0.593738
0.631604
0.673083
0.746757
0.715183
0.515431
0.509126
0.587666
0.573764
0.518897
0.559245
0.600209
0.601444
0.622325
0.636246
0.417569
0.384620
0.406206
0.434395
0.435236
0.434395
0.394902
0.367795
0.424392
0.442143
0.436077
0.434395
0.452593
0.438600
0.437759
0.432757
0.440281
0.412708
0.372936
0.383217
0.461540
0.470791
0.480937
0.476857
0.459196
0.479792
0.489436
0.493855
0.487057
0.491137
0.469342
0.447546
0.493855
0.476857
0.481816
0.464818
0.450911
0.469950
0.449228
0.457023
0.445871
0.437189
0.432057
0.434719
0.446759
0.434719
0.464279
0.452762
0.438779
0.433554
0.436255
0.431030
0.415727
0.428172
0.414886
0.425649
0.427752
0.415393
0.422124
0.423720
0.428507
0.426911
0.428507
0.429394
0.362791
0.379141
0.373691
0.357341
0.346441
0.340991
0.368241
0.379141
0.351891
0.345711
0.340991
0.340991
0.343351
0.348072
0.343351
0.344502
0.350680
0.348975
0.376609
0.364251
0.350432
0.355192
0.355153
0.364674
0.352792
0.357513
0.357513
0.378017
0.357513
0.362654
0.357513
0.355153
0.398521
0.381315
0.397059
0.390836
0.355232
0.371834
0.376185
0.390836
0.390426
0.389608
0.389198
0.393803
0.390836
0.402193
0.400003
0.411361
0.340991
0.347702
0.361534
0.356650
0.380255
0.370617
0.400243
0.379762
0.430984
0.374547
0.387970
0.382078
0.388379
0.725861
0.700167
0.726760
0.749590
0.705997
0.703186
0.687404
0.670260
0.667211
0.638541
0.670269
0.656782
0.640918
0.608425
0.628289
0.586310
0.563252
0.628425
0.652217
0.660811
0.638541
0.633995
0.617774
0.620759
0.608425
0.609638
0.590084
0.597007
0.607523
0.607523
0.579445
0.598609
0.532997
0.535195
0.554246
0.563252
0.633681
0.633681
0.632464
0.651120
0.651120
0.647940
0.644483
0.638170
0.642934
0.644151
0.640224
0.637043
0.643404
0.630420
0.641648
0.644483
0.687123
0.656997
0.683160
0.731959
0.729762
0.734582
0.709935
0.719459
0.729430
0.679233
0.651106
0.683926
0.703326
0.709275
0.683926
0.659671
0.656572
0.685325
0.709356
0.659671
0.644015
0.642357
0.635013
0.632723
0.656796
0.650048
0.663139
0.664487
0.677101
0.710323
0.697608
0.645672
0.633534
0.645672
0.626538
0.657000
0.670199
0.675377
0.655420
0.633531
0.655209
0.700637
0.687177
0.707375
0.723590
0.689634
0.669781
0.624579
0.644999
0.613111
0.613234
0.644622
0.601888
0.627668
0.622627
0.621237
0.612540
0.602137
0.607924
0.599617
0.642731
0.610585
0.626858
0.646409
0.621803
0.636247
0.714491
0.672901
0.706566
0.661876
0.657913
0.696114
0.632200
0.613710
0.382684
0.358402
0.358402
0.382684
0.419107
0.426981
0.369883
0.332800
0.419107
0.443389
0.443389
0.459137
0.459137
0.443389
0.443389
0.391308
0.391308
0.355323
0.294397
0.319339
0.508045
0.523794
0.601715
0.612903
0.504731
0.595087
0.674472
0.692515
0.656429
0.649802
0.591773
0.475376
0.708064
0.628552
0.721038
0.644102
0.482760
0.539542
0.498509
0.555191
0.572373
0.507916
0.664355
0.726237
0.482760
0.442730
0.498509
0.461740
0.378246
0.400480
0.398089
0.421537
0.418137
0.397950
0.469704
0.507916
0.490793
0.501171
0.501171
0.495982
0.480415
0.490920
0.485604
0.495982
0.475225
0.520088
0.497657
0.502327
0.519569
0.509455
0.475999
0.464847
0.491575
0.470036
0.482101
0.480415
0.537076
0.525404
0.536183
0.531240
0.536183
0.522727
0.519681
0.522727
0.524512
0.518419
0.502543
0.515999
0.502543
0.495815
0.515999
0.511575
0.513733
0.505397
0.513733
0.502062
0.491484
0.502062
0.508870
0.513733
0.502062
0.502062
0.489719
0.489719
0.489719
0.491484
0.495891
0.496551
0.495382
0.509699
0.505435
0.507919
0.518227
0.493601
0.483548
0.598582
0.598582
0.575014
0.513963
0.537530
0.523179
0.489691
0.554043
0.558722
0.567959
0.509699
0.504902
0.501171
0.501171
0.483787
0.483787
0.492479
0.513963
0.509699
0.522491
0.518227
0.526754
0.531018
0.522491
0.522491
0.536406
0.569626
0.598582
0.598582
0.568408
0.578059
0.549104
0.530409
0.135134
0.143689
0.166663
0.163282
0.134363
0.156803
0.087787
0.115542
0.092724
0.156159
0.147085
0.150324
0.155203
0.153691
0.086245
0.028645
0.119709
0.031885
0.065590
0.065347
0.192144
0.190232
0.215815
0.225261
0.201936
0.226564
0.256350
0.228129
0.225261
0.247180
0.278244
0.251505
0.318124
0.316980
0.278533
0.203886
0.220160
0.246774
0.216971
0.221590
0.251393
0.210592
0.187057
0.205613
0.200682
0.207642
0.201502
0.201979
0.204214
0.260122
0.233763
0.171741
0.178220
0.197405
0.208725
0.198726
0.184699
0.225721
0.220783
0.247778
0.259066
0.226220
0.214219
0.701753
0.686061
0.714770
0.706924
0.714860
0.739945
0.761759
0.738219
0.727788
0.754069
0.768314
0.762102
0.778482
0.787279
0.766757
0.742620
0.770266
0.758351
0.756079
0.781422
0.781073
0.742227
0.765132
0.790501
0.774147
0.800751
0.786884
0.744434
0.729070
0.740699
0.736595
0.728389
0.736686
0.736081
0.737822
0.725784
0.728660
0.724647
0.716622
0.732673
0.726949
0.740699
0.722639
0.696493
0.717624
0.696249
0.665419
0.664665
0.679402
0.690346
0.706949
0.716760
0.726330
0.726849
0.728344
0.739299
0.735144
0.731114
0.751247
0.735773
0.737142
0.752506
0.751700
0.739878
0.742028
0.745155
0.743220
0.735773
0.741981
0.752069
0.728889
0.725489
0.711805
0.708702
0.695712
0.718223
0.757501
0.741304
0.715375
0.711975
0.716079
0.712893
0.707800
0.705877
0.707279
0.671574
0.638537
0.569796
0.536837
0.528016
0.528016
0.611837
0.681144
0.578420
0.558259
0.578420
0.551538
0.548178
0.528016
0.598582
0.598582
0.594069
0.588501
0.588321
0.635314
0.562668
0.588321
0.645529
0.671259
0.734414
0.752918
0.713426
0.661966
0.771967
0.764334
0.768887
0.780928
0.769214
0.792642
0.791102
0.768910
0.786785
0.775292
0.798499
0.792862
0.787446
0.798499
0.798499
0.798499
0.787887
0.792951
0.769655
0.775732
0.762818
0.779463
0.757501
0.757501
0.757501
0.757501
0.757501
0.757501
0.870894
0.859326
0.855470
0.855470
0.852545
0.846109
0.852127
0.855470
0.854547
0.849185
0.846644
0.840387
0.834876
0.836694
0.838174
0.841273
0.831184
0.840013
0.833568
0.849213
0.855470
0.855470
0.862515
0.862515
0.849045
0.833007
0.835949
0.864717
0.862515
0.866704
0.873416
0.880905
0.871908
0.779638
0.792467
0.766809
0.774497
0.783913
0.790328
0.772783
0.771455
0.771927
0.750633
0.739480
0.736131
0.724693
0.753982
0.756120
0.777768
0.754695
0.764102
0.734741
0.859223
0.871617
0.849928
0.856274
0.850621
0.870954
0.860140
0.852699
0.877939
0.882461
0.873363
0.861231
0.842655
0.330898
0.325113
0.354235
0.369572
0.341126
0.384910
0.280340
0.290111
0.304458
0.334904
0.344457
0.370678
0.354010
0.315798
0.315798
0.296693
0.296693
0.285406
0.254786
0.270841
0.342983
0.361720
0.350324
0.378983
0.311076
0.315169
0.358402
0.368324
0.332800
0.294397
0.289567
0.288722
0.388167
0.398089
0.408011
0.417933
0.379863
0.390379
0.393873
0.411898
0.407539
0.391582
0.421083
0.421194
0.384910
0.392025
0.387322
0.406256
0.383356
0.394250
0.384024
0.401700
0.396365
0.384692
0.403000
0.392147
0.461120
0.479484
0.392821
0.378974
0.343802
0.377735
0.312855
0.313395
0.321740
0.406235
0.352838
0.347175
0.348232
0.371350
0.329908
0.313554
0.336672
0.359791
0.313554
0.266669
0.266669
0.288096
0.371350
0.373748
0.371740
0.377643
0.385734
0.380939
0.388131
0.376130
0.372686
0.404703
0.444549
0.556053
0.482811
0.504501
0.584497
0.442965
0.388131
0.333883
0.300893
0.300893
0.307142
0.355877
0.322298
0.363914
0.362658
0.375433
0.360787
0.360417
0.335364
0.331193
0.374038
0.369498
0.395780
0.375621
0.420480
0.442173
0.417320
0.354742
0.336526
0.365038
0.346030
0.379371
0.378290
0.375199
0.374542
0.365038
0.380632
0.376513
0.375199
0.375855
0.377170
0.376414
0.380161
0.367715
0.398903
0.336526
0.395489
0.417174
0.341881
0.288111
0.317518
0.248303
0.281284
0.283226
0.247728
0.334319
0.394754
0.372333
0.275044
0.261978
0.228399
0.208495
0.255908
0.257819
0.200431
0.191345
0.176948
0.176948
0.171441
0.201669
0.805970
0.763675
0.746757
0.780593
0.731796
0.766141
0.684899
0.631282
0.740345
0.746757
0.708930
0.686064
0.626056
0.559526
0.626251
0.637684
0.657917
0.722874
0.795682
0.753561
0.756786
0.806728
0.718277
0.669841
0.812259
0.829296
0.796441
0.809975
0.855249
0.856873
0.851809
0.831127
0.376513
0.400873
0.390664
0.422428
0.377170
0.378484
0.428844
0.404815
0.443326
0.455340
0.391155
0.379141
0.379141
0.379141
0.379141
0.378484
0.452873
0.466533
0.464066
0.465710
0.427200
0.463244
0.452266
0.463244
0.463954
0.462796
0.452490
0.430984
0.440476
0.415185
0.472740
0.467133
0.470159
0.480815
0.476142
0.482684
0.468999
0.468177
0.472626
0.479879
0.490759
0.478681
0.494386
0.480703
0.489825
0.461596
0.446788
0.454192
0.439385
0.425891
0.424578
0.423379
0.444392
0.462826
0.480627
0.459106
0.456642
0.480627
0.480627
0.480627
0.488017
0.469466
0.483091
0.508240
0.480627
0.493745
0.534265
0.522361
0.494539
0.513376
0.536273
0.490480
0.479827
0.495406
0.552484
0.563823
0.582816
0.552694
0.584595
0.584385
0.584385
0.587524
0.587524
0.587524
0.583445
0.565455
0.579678
0.579678
0.604396
0.561993
0.575371
0.575176
0.573617
0.576540
0.625977
0.588899
0.533096
0.519979
0.572448
0.559331
0.499440
0.509147
0.555354
0.550784
0.577018
0.583874
0.572448
0.572448
0.601381
0.608398
0.643162
0.608392
0.622319
0.617676
0.617683
0.596802
0.747515
0.668958
0.746757
0.746757
0.694753
0.642749
0.790795
0.811367
0.725747
0.702282
0.805895
0.774231
0.874847
0.854038
0.651634
0.618376
0.631433
0.663054
0.658058
0.713464
0.442639
0.441043
0.476603
0.476603
0.442171
0.450301
0.420528
0.417337
0.424607
0.407549
0.425304
0.423999
0.409195
0.423851
0.425027
0.431169
0.433832
0.425315
0.418933
0.422124
0.407549
0.409195
0.407549
0.402938
0.423851
0.423851
0.428562
0.420665
0.441894
0.452762
0.434719
0.434719
0.475455
0.436590
0.545647
0.491380
0.427968
0.421710
0.440483
0.455363
0.503895
0.464727
0.567306
0.588444
0.427968
0.459865
0.440483
0.457576
0.500309
0.491763
0.500309
0.483216
0.514611
0.516007
0.497518
0.488971
0.441289
0.462460
0.441177
0.462460
0.420118
0.409253
0.438926
0.441177
0.462460
0.456014
0.417643
0.409253
0.387970
0.392575
0.387970
0.397379
0.436675
0.460382
0.435636
0.471196
0.419588
0.417337
0.441043
0.476603
0.417337
0.417337
0.413551
0.401375
0.500309
0.500309
0.500309
0.500309
0.467867
0.484088
0.473274
0.489495
0.502109
0.491295
0.515227
0.511624
0.462460
0.462460
0.462460
0.462460
0.462460
0.467021
0.480592
0.480481
0.480481
0.604022
0.602149
0.604668
0.603749
0.605894
0.605588
0.610048
0.607205
0.605324
0.608473
0.599894
0.606550
0.583020
0.576728
0.550648
0.548710
0.583020
0.548710
0.583020
0.539286
0.613198
0.596405
0.614772
0.569118
0.593238
0.593238
0.538681
0.584336
0.538681
0.508245
0.556975
0.593238
0.560936
0.555109
0.519012
0.560936
0.527268
0.570435
0.543087
0.508245
0.498882
0.524966
0.491680
0.444681
0.512753
0.579540
0.555330
0.541543
0.514256
0.517262
0.518765
0.518765
0.499195
0.476619
0.440485
0.399842
0.437479
0.381775
0.381775
0.603749
0.603749
0.567328
0.583336
0.601843
0.586250
0.558517
0.534235
0.550781
0.522633
0.530906
0.518765
0.406498
0.409346
0.407447
0.410296
0.438574
0.438574
0.408397
0.408397
0.411246
0.411246
0.438574
0.438574
0.486689
0.486689
0.486689
0.494424
0.401333
0.406843
0.397010
0.412355
0.415472
0.388839
0.403439
0.396218
0.421591
0.429149
0.392607
0.385386
0.381775
0.381775
0.404877
0.447549
0.443498
0.451248
0.436811
0.458040
0.458423
0.457656
0.419449
0.431186
0.438361
0.450968
0.457272
0.457272
0.484579
0.484579
0.457464
0.484579
0.500971
0.457848
0.492679
0.543710
0.413145
0.413145
0.432057
0.419449
0.412195
0.413145
0.425753
0.471971
0.438361
0.484579
0.450968
0.484579
0.444026
0.457763
0.425463
0.411230
0.431342
0.399596
0.455660
0.468239
0.452505
0.409486
0.420760
0.389015
0.389210
0.430649
0.452505
0.460312
0.454675
0.461364
0.490991
0.463467
0.404932
0.406708
0.416597
0.419261
0.413738
0.413934
0.419261
0.418373
0.419261
0.451104
0.417485
0.415709
0.413046
0.410124
0.413046
0.433861
0.467025
0.498868
0.435182
0.514789
0.526251
0.450070
0.390098
0.407596
0.378975
0.395439
0.383282
0.339774
0.300573
0.333450
0.432080
0.394744
0.512871
0.488914
0.447118
0.378433
0.378433
0.378433
0.370779
0.385509
0.370779
0.357021
0.355473
0.347819
0.332512
0.324859
0.332512
0.355473
0.333227
0.348534
0.315165
0.238831
0.263411
0.238831
0.238831
0.256472
0.256472
0.272231
0.300280
0.265292
0.271230
0.282933
0.224245
0.183199
0.300573
0.282933
0.291753
0.300573
0.289871
0.324859
0.309100
0.212542
0.124512
0.211616
0.095168
0.300573
0.328063
0.213603
0.091724
0.355554
0.442658
0.357407
0.300573
0.073182
0.076626
0.042455
0.058084
0.107043
0.095168
0.118917
0.085897
0.079229
0.130791
0.133395
0.081833
0.039542
0.030271
0.030271
0.030271
0.168784
0.218479
0.142666
0.192361
0.238831
0.238831
0.238831
0.230182
0.221533
0.238831
0.287207
0.265192
0.195586
0.217416
0.154540
0.166414
0.584765
0.607523
0.590912
0.630457
0.574125
0.568806
0.653565
0.613845
0.656138
0.670352
0.603206
0.574953
0.525540
0.525540
0.530860
0.536179
0.670352
0.670352
0.670352
0.670352
0.619992
0.623125
0.703281
0.672220
0.684947
0.728735
0.667079
0.632902
0.574929
0.617014
0.545459
0.542326
0.709894
0.741048
0.680702
0.722207
0.744457
0.696229
0.680702
0.680702
0.696229
0.696229
0.706579
0.691756
0.712271
0.746419
0.729345
0.670032
0.647895
0.673483
0.647990
0.633681
0.644220
0.623520
0.639365
0.662111
0.346400
0.391637
0.391637
0.362119
0.286403
0.317842
0.330680
0.396354
0.254965
0.212631
0.256885
0.288323
0.259373
0.167436
0.209727
0.178289
0.135998
0.239245
0.357412
0.308851
0.176291
0.207314
0.143831
0.178363
0.115794
0.085296
0.126565
0.166805
0.112809
0.071540
0.044027
0.072562
0.207045
0.212895
0.233399
0.263586
0.276639
0.241845
0.286956
0.285588
0.312065
0.339559
0.279746
0.257655
0.288323
0.322788
0.288323
0.327735
0.396584
0.372012
0.406477
0.381905
0.386851
0.421316
0.353861
0.350894
0.812800
0.807819
0.841450
0.847289
0.834067
0.881417
0.860511
0.900198
0.881035
0.876063
0.883639
0.858463
0.850116
0.862636
0.846473
0.824477
0.839908
0.835546
0.868657
0.805743
0.846284
0.850116
0.846284
0.823872
0.836704
0.827124
0.812602
0.836704
0.834067
0.834067
0.809993
0.809993
0.797197
0.811294
0.830885
0.808764
0.860511
0.810406
0.809267
0.782314
0.781801
0.779576
0.796202
0.769683
0.790205
0.741886
0.719426
0.803721
0.822500
0.834779
0.843963
0.842665
0.842145
0.839420
0.839420
0.840069
0.832168
0.816368
0.834765
0.843963
0.779576
0.788774
0.796807
0.779576
0.807170
0.821098
0.816368
0.832932
0.790862
0.861759
0.833867
0.825478
0.798940
0.799601
0.798499
0.802702
0.805583
0.805583
0.798499
0.815196
0.811826
0.817895
0.820594
0.823292
0.823292
0.823292
0.816208
0.812498
0.809799
0.807100
0.803766
0.808553
0.803156
0.801287
0.804402
0.804402
0.804402
0.799821
0.800041
0.797729
0.800041
0.800041
0.753292
0.770224
0.727893
0.744825
0.761758
0.719426
0.719426
0.719426
0.734242
0.719426
0.761758
0.719426
0.719426
0.778691
0.778691
0.744327
0.778691
0.765804
0.778691
0.727145
0.744327
0.759077
0.759077
0.759077
0.769504
0.759077
0.759077
0.759077
0.779931
0.732333
0.758806
0.748379
0.729532
0.742760
0.769233
0.779660
0.767899
0.792773
0.803735
0.790358
0.794640
0.759077
0.769504
0.771241
0.759077
0.721635
0.716034
0.721635
0.718835
0.721635
0.721635
0.721635
0.721635
0.721635
0.721635
0.721635
0.721635
0.751059
0.744624
0.787612
0.751059
0.751059
0.716034
0.716034
0.713234
0.707634
0.707634
0.707634
0.718074
0.710434
0.718331
0.704833
0.702033
0.710182
0.702033
0.702033
0.702033
0.759077
0.740135
0.756494
0.761361
0.750484
0.745568
0.742930
0.723557
0.758234
0.758234
0.738265
0.738265
0.758234
0.738265
0.758234
0.758234
0.758234
0.758234
0.758234
0.738265
0.738265
0.761283
0.758234
0.761283
0.767380
0.787661
0.785451
0.758234
0.781894
0.758234
0.758234
0.806401
0.778515
0.782728
0.745284
0.784518
0.739583
0.776578
0.804655
0.739110
0.774061
0.721635
0.718368
0.820623
0.777870
0.816629
0.816368
0.804121
0.788774
0.770429
0.776908
0.713234
0.710434
0.709323
0.704833
0.702033
0.703722
0.708312
0.707840
0.688343
0.695055
0.692255
0.688343
0.698122
0.702033
0.702033
0.708312
0.708312
0.688343
0.688343
0.708312
0.708312
0.688343
0.688343
0.688343
0.688343
0.688343
0.688343
0.834549
0.834876
0.810357
0.834876
0.822717
0.837905
0.836174
0.788055
0.777811
0.761758
0.778691
0.739181
0.734242
0.765504
0.778691
0.749236
0.813807
0.794744
0.770873
0.800266
0.740865
0.714259
0.834503
0.834129
0.834129
0.833007
0.833381
0.833755
0.787768
0.795195
0.795195
0.785057
0.824619
0.824619
0.824619
0.813549
0.794104
0.776978
0.780004
0.777454
0.792377
0.786052
0.788618
0.755963
0.772795
0.769034
0.794247
0.790149
0.815331
0.810634
0.796163
0.819978
0.826402
0.832066
0.850543
0.847669
0.839867
0.840150
0.820098
0.832066
0.832066
0.808131
0.834299
0.843923
0.787595
0.802962
0.784196
0.817895
0.813482
0.793967
0.790081
0.806687
0.823292
0.790294
0.790833
0.792734
0.794605
0.782534
0.774487
0.764428
0.776942
0.776523
0.780901
0.801077
0.809799
0.794408
0.789969
0.770139
0.729912
0.721635
0.740369
0.732092
0.738189
0.748646
0.758234
0.747777
0.737793
0.738265
0.758234
0.756054
0.784612
0.758234
0.825173
0.777204
0.805762
0.746467
0.769456
0.758234
0.738265
0.758234
0.738265
0.758234
0.758234
0.758234
0.738265
0.758234
0.758234
0.778515
0.758234
0.758234
0.708312
0.708312
0.688343
0.688343
0.708312
0.708312
0.688343
0.688343
0.688343
0.688343
0.688343
0.688343
0.713068
0.714551
0.688343
0.697011
0.716034
0.705678
0.698122
0.692255
0.688343
0.716735
0.719843
0.751395
0.779138
0.760803
0.804323
0.800651
0.733060
0.740677
0.746727
0.771819
0.821145
0.847376
0.849928
0.849928
0.849928
0.849928
0.841989
0.844825
0.838020
0.835638
0.834299
0.845674
0.845914
0.858556
0.760313
0.809435
0.846057
0.765043
0.854401
0.831093
0.707634
0.720737
0.702033
0.707634
0.702033
0.702033
0.702033
0.702033
0.670697
0.645343
0.638516
0.676641
0.698385
0.696404
0.673347
0.640409
0.600873
0.637115
0.577826
0.571324
0.577826
0.558063
0.701356
0.703337
0.650110
0.676724
0.663417
0.636803
0.641239
0.646169
0.701356
0.611830
0.703119
0.715991
0.703337
0.725926
0.727907
0.766247
0.770679
0.748588
0.761986
0.723945
0.710641
0.698738
0.697805
0.729624
0.726328
0.751953
0.765256
0.649892
0.699461
0.727784
0.690062
0.653582
0.618353
0.619971
0.610189
0.690062
0.721062
0.739534
0.685362
0.619393
0.681603
0.654362
0.622632
0.765253
0.781993
0.780067
0.737868
0.750598
0.779014
0.788787
0.810922
0.797269
0.752252
0.769866
0.729080
0.762707
0.782605
0.813441
0.833338
0.782124
0.810280
0.753967
0.705803
0.832349
0.810280
0.802148
0.800344
0.777922
0.772382
0.765267
0.776957
0.777176
0.802887
0.822766
0.819970
0.835317
0.834328
0.837295
0.837295
0.835317
0.822512
0.834256
0.793237
0.814430
0.781993
0.810729
0.826051
0.774498
0.742337
0.698357
0.725883
0.675113
0.670565
0.713602
0.739434
0.694377
0.696142
0.663528
0.642249
0.680647
0.630501
0.576860
0.588609
0.635540
0.710466
0.726554
0.741863
0.738104
0.773740
0.781832
0.753437
0.768253
0.754244
0.787153
0.812287
0.817737
0.815012
0.796678
0.792797
0.799399
0.792797
0.773306
0.813838
0.781871
0.798741
0.801253
0.831666
0.806000
0.825805
0.812602
0.831306
0.839007
0.822490
0.807545
0.792797
0.792797
0.795204
0.793829
0.795505
0.793829
0.792797
0.792797
0.825081
0.841759
0.805812
0.821012
0.801864
0.794960
0.826977
0.829669
0.830208
0.817050
0.828823
0.838802
0.829933
0.827381
0.828054
0.829400
0.802490
0.817551
0.840141
0.844222
0.830208
0.835388
0.838139
0.823155
0.804895
0.830064
0.837146
0.838284
0.839273
0.836909
0.839273
0.837807
0.839173
0.839273
0.837500
0.832626
0.831718
0.830208
0.830208
0.834666
0.816704
0.805616
0.823188
0.822279
0.795892
0.796407
0.796407
0.796407
0.796407
0.811551
0.802342
0.817486
0.817180
0.801601
0.796407
0.819430
0.828638
0.828638
0.828638
0.828638
0.825365
0.819632
0.819267
0.802730
0.812451
0.825805
0.839007
0.831306
0.810126
0.823604
0.792797
0.795376
0.799018
0.839007
0.839007
0.833953
0.837666
0.830136
0.826423
0.824325
0.815075
0.839007
0.839007
0.841483
0.845196
0.839007
0.839007
0.839007
0.839007
0.839007
0.839007
0.846434
0.842721
0.832105
0.838876
0.838480
0.832018
0.838254
0.838129
0.837953
0.838405
0.838706
0.847671
0.847671
0.838886
0.847671
0.841759
0.845085
0.837324
0.847671
0.825081
0.832890
0.826977
0.827900
0.829284
0.829284
0.827900
0.828054
0.829284
0.826977
0.832890
0.827900
0.831704
0.829933
0.841759
0.835846
0.838802
0.844715
0.832890
0.835796
0.830781
0.847671
0.847671
0.847671
0.847671
0.847671
0.847671
0.832627
0.836257
0.830208
0.838677
0.838762
0.838776
0.836634
0.838975
0.832325
0.830208
0.838847
0.838847
0.835894
0.832941
0.832084
0.835136
0.830411
0.839102
0.838975
0.837243
0.834375
0.838677
0.838677
0.838677
0.838677
0.838677
0.838677
0.837004
0.838677
0.838677
0.838677
0.836257
0.838677
0.838677
0.838677
0.830073
0.829969
0.833961
0.837953
0.836401
0.833296
0.829476
0.828638
0.828638
0.832018
0.826083
0.820148
0.808278
0.796407
0.811987
0.822373
0.832018
0.837953
0.837953
0.837953
0.837953
0.837953
0.837953
0.837953
0.836622
0.834064
0.832941
0.835602
0.836879
0.837953
0.497457
0.441840
0.513341
0.483199
0.405806
0.525203
0.584737
0.550804
0.552029
0.565162
0.525602
0.392371
0.455428
0.580756
0.591056
0.588727
0.486187
0.527490
0.483826
0.545780
0.560295
0.501576
0.584161
0.586611
0.520706
0.462675
0.551912
0.586394
0.563876
0.572917
0.633321
0.523067
0.500151
0.523067
0.561117
0.511773
0.468758
0.477551
0.507976
0.458366
0.592455
0.629559
0.378908
0.294509
0.395774
0.320652
0.261408
0.264323
0.267239
0.276401
0.271403
0.325649
0.395774
0.362340
0.424998
0.266654
0.300329
0.405217
0.365491
0.274915
0.311082
0.214192
0.187961
0.232424
0.239914
0.499353
0.517930
0.427019
0.344750
0.454068
0.536507
0.428091
0.580976
0.535520
0.499353
0.316969
0.316969
0.389822
0.476131
0.432870
0.400311
0.390852
0.302875
0.312080
0.285723
0.270819
0.210802
0.180794
0.241834
0.214898
0.330302
0.319853
0.319853
0.236351
0.276035
0.305365
0.315024
0.319853
0.310195
0.298238
0.297070
0.268525
0.275692
0.232217
0.196573
0.319853
0.315024
0.370033
0.460670
0.451576
0.520573
0.620933
0.480861
0.394390
0.417770
0.410910
0.360844
0.390852
0.390852
0.470927
0.591039
0.295706
0.300536
0.286048
0.301816
0.288580
0.283750
0.322706
0.304377
0.315316
0.328816
0.316596
0.297118
0.271946
0.286270
0.272496
0.280304
0.331751
0.328816
0.337623
0.366939
0.334687
0.340558
0.379205
0.426114
0.346430
0.363701
0.326448
0.303530
0.451971
0.416784
0.400792
0.399991
0.507986
0.490361
0.525612
0.488791
0.362243
0.317585
0.310195
0.394390
0.432939
0.471487
0.722344
0.766791
0.804685
0.747607
0.672892
0.785501
0.798132
0.767667
0.743605
0.798132
0.730097
0.680247
0.701072
0.562432
0.618278
0.734511
0.704045
0.673844
0.643379
0.691504
0.689299
0.689299
0.667441
0.595254
0.608615
0.571192
0.625720
0.715807
0.712823
0.720768
0.774082
0.744362
0.756666
0.778386
0.757360
0.801995
0.817792
0.779897
0.798686
0.821483
0.817929
0.827827
0.800182
0.797784
0.685992
0.691142
0.653433
0.618669
0.713208
0.722238
0.661932
0.633379
0.520990
0.555224
0.553550
0.588314
0.696166
0.670094
0.683130
0.657058
0.674075
0.719155
0.644022
0.607855
0.607026
0.644022
0.603301
0.714146
0.749208
0.700147
0.735274
0.735274
0.712461
0.739158
0.744989
0.762169
0.773145
0.742635
0.772249
0.727919
0.718717
0.700082
0.730837
0.761811
0.740448
0.754999
0.726895
0.693426
0.660675
0.693426
0.671114
0.692049
0.681581
0.671114
0.671114
0.671114
0.602195
0.518250
0.723453
0.721009
0.712985
0.697629
0.674250
0.654237
0.604111
0.650870
0.552954
0.506195
0.589245
0.641869
0.733408
0.708230
0.744388
0.702517
0.732176
0.736668
0.754926
0.796120
0.773990
0.804212
0.671114
0.693426
0.723176
0.736738
0.765598
0.723081
0.767583
0.660971
0.687717
0.580732
0.607478
0.741210
0.751315
0.697823
0.660971
0.580732
0.607510
0.543463
0.506195
0.726354
0.709713
0.726354
0.672892
0.709713
0.636072
0.562432
0.599252
0.625967
0.753021
0.737857
0.758128
0.758694
0.858663
0.804293
0.867053
0.815513
0.852647
0.781838
0.774566
0.752541
0.797207
0.817818
0.809646
0.836093
0.909117
0.917073
0.868839
0.884478
0.886023
0.832442
0.811614
0.832206
0.860754
0.841468
0.858605
0.809841
0.807984
0.831186
0.817477
0.796296
0.774334
0.792249
0.825494
0.810519
0.857937
0.878188
0.844315
0.828550
0.821052
0.800964
0.793466
0.904097
0.909181
0.935160
0.929410
0.913545
0.893316
0.869375
0.865955
0.792558
0.799282
0.782764
0.761456
0.770012
0.774099
0.796161
0.766670
0.763896
0.763194
0.771885
0.757544
0.781673
0.813555
0.774212
0.795231
0.816169
0.781754
0.780311
0.779427
0.843994
0.858341
0.830866
0.851168
0.848323
0.860202
0.860912
0.847375
0.841960
0.849314
0.872689
0.879863
0.853891
0.864009
0.810737
0.839253
0.816211
0.818582
0.811874
0.800739
0.831131
0.820942
0.811208
0.793653
0.818918
0.825687
0.816236
0.802275
0.792209
0.835517
0.838791
0.835450
0.844864
0.848070
0.838646
0.814039
0.815042
0.887635
0.861544
0.890334
0.838858
0.857210
0.883884
0.901381
0.928805
0.925382
0.832717
0.836820
0.836820
0.851168
0.856419
0.855254
0.859569
0.875143
0.851141
0.870482
0.845175
0.869784
0.887969
0.871093
0.867957
0.846363
0.828232
0.891863
0.911452
0.902642
0.887383
0.905719
0.921755
0.885879
0.869308
0.872941
0.940855
0.956879
0.933404
0.948769
0.974307
0.965735
0.957920
0.943890
0.920619
0.920261
0.930649
0.895350
0.916721
0.949691
0.944459
0.960195
0.973814
0.703442
0.662146
0.769597
0.703442
0.662146
0.773290
0.745500
0.787819
0.833074
0.875393
0.603166
0.575636
0.677518
0.466517
0.489125
0.531609
0.506454
0.558716
0.604095
0.650918
0.561870
0.634616
0.592181
0.649618
0.686051
0.720341
0.667508
0.667777
0.634616
0.686051
0.651761
0.713410
0.737486
0.754631
0.703196
0.737486
0.404735
0.452752
0.455127
0.429464
0.429464
0.451353
0.449955
0.508432
0.488194
0.558686
0.567454
0.569845
0.562672
0.529313
0.555911
0.459709
0.449955
0.543460
0.544929
0.539903
0.599169
0.665725
0.652578
0.588735
0.614798
0.589852
0.624826
0.554878
0.554878
0.624826
0.624826
0.624826
0.658490
0.624826
0.658490
0.624826
0.679247
0.557675
0.626225
0.560472
0.630421
0.646167
0.646123
0.624826
0.658490
0.634878
0.659124
0.709852
0.763128
0.732643
0.805275
0.794772
0.776843
0.730398
0.703505
0.823897
0.800459
0.864290
0.863095
0.829731
0.900907
0.913960
0.909455
0.893716
0.863225
0.848290
0.820701
0.803156
0.763604
0.755843
0.778125
0.794352
0.802239
0.818579
0.712643
0.695612
0.654099
0.624826
0.666340
0.724686
0.728611
0.770125
0.855151
0.829731
0.893281
0.845799
0.829731
0.883929
0.890644
0.910939
0.918701
0.923474
0.804872
0.787234
0.847758
0.745424
0.717379
0.797478
0.829381
0.868006
0.848813
0.888677
0.706478
0.768127
0.772439
0.816428
0.785272
0.775285
0.764844
0.764958
0.828186
0.827156
0.828701
0.819156
0.826353
0.816366
0.805812
0.795825
0.633884
0.724300
0.553969
0.649508
0.701992
0.565543
0.595054
0.591775
0.563084
0.545869
0.549919
0.545869
0.555319
0.637036
0.739578
0.595054
0.681044
0.725009
0.640922
0.614728
0.614728
0.614728
0.614728
0.756604
0.715603
0.739668
0.732583
0.684211
0.690367
0.686380
0.639749
0.742038
0.721603
0.761044
0.729564
0.724804
0.718660
0.729564
0.709092
0.921883
0.928368
0.921883
0.922649
0.921883
0.499977
0.483342
0.565926
0.483342
0.679235
0.581569
0.523162
0.572091
0.686972
0.748316
0.757589
0.583466
0.598437
0.598437
0.664822
0.600473
0.598437
0.598437
0.644148
0.664280
0.702043
0.591923
0.579826
0.591923
0.588049
0.584716
0.580928
0.576493
0.565131
0.551934
0.567969
0.483172
0.517203
0.510855
0.549344
0.575216
0.554458
0.597050
0.914441
0.910116
0.910116
0.601850
0.562952
0.712983
0.672970
0.717457
0.642160
0.566500
0.576721
0.543675
0.713997
0.722125
0.723221
0.724502
0.732190
0.732190
0.732190
0.732190
0.700352
0.729470
0.670342
0.684432
0.668513
0.668513
0.668513
0.677610
0.668513
0.709476
0.631534
0.609767
0.611078
0.645435
0.642813
0.661958
0.629682
0.630026
0.625271
0.641087
0.666787
0.625271
0.641087
0.634093
0.642914
0.651736
0.688137
0.688137
0.701073
0.699404
0.706916
0.687741
0.666556
0.703171
0.646388
0.680625
0.687992
0.680625
0.702724
0.706408
0.725744
0.716814
0.720980
0.728346
0.716814
0.639349
0.609866
0.593480
0.601958
0.566988
0.566988
0.543675
0.594460
0.656147
0.638460
0.656147
0.652941
0.646530
0.640311
0.643595
0.637297
0.637297
0.619610
0.640118
0.633978
0.654624
0.644979
0.634520
0.635063
0.634792
0.637455
0.675812
0.654624
0.685999
0.640914
0.644961
0.657711
0.630887
0.674335
0.706916
0.706916
0.656147
0.651736
0.638460
0.656147
0.656147
0.647303
0.647325
0.638503
0.590174
0.609935
0.639576
0.607856
0.632027
0.616287
0.644815
0.646131
0.622437
0.643193
0.659336
0.647946
0.652059
0.657544
0.681367
0.668513
0.703624
0.664400
0.668513
0.649708
0.641090
0.640306
0.622354
0.635334
0.634792
0.631507
0.635605
0.635605
0.635334
0.590174
0.603154
0.607465
0.590174
0.609023
0.600180
0.609023
0.621733
0.650717
0.684266
0.718940
0.698587
0.693239
0.745745
0.701982
0.685882
0.707530
0.663794
0.641926
0.663230
0.670342
0.652534
0.693988
0.700023
0.670342
0.652012
0.658542
0.678290
0.657502
0.612670
0.547502
0.547502
0.621929
0.636338
0.651342
0.651144
0.681044
0.582860
0.637060
0.587947
0.545776
0.545690
0.546898
0.547502
0.547502
0.547502
0.835441
0.848938
0.831151
0.824761
0.839640
0.842373
0.845795
0.862750
0.851431
0.855668
0.870246
0.817321
0.821961
0.839640
0.811801
0.809211
0.811723
0.761257
0.763576
0.784409
0.803682
0.754297
0.754297
0.719963
0.818591
0.812362
0.839731
0.798693
0.773796
0.747513
0.830393
0.831379
0.800839
0.814137
0.832961
0.795558
0.767567
0.806995
0.784584
0.730647
0.766808
0.762352
0.762452
0.731462
0.731462
0.697040
0.718474
0.725704
0.791725
0.777650
0.816926
0.812204
0.777329
0.818843
0.871032
0.854776
0.839805
0.832961
0.653365
0.565960
0.614584
0.608069
0.623684
0.653296
0.547502
0.546812
0.545086
0.651144
0.606726
0.664257
0.673034
0.636338
0.591920
0.701984
0.664257
0.729477
0.661036
0.697713
0.690483
0.707416
0.737956
0.684083
0.733971
0.707249
0.783598
0.814137
0.703355
0.742914
0.725693
0.725693
0.739692
0.739692
0.739692
0.737091
0.707008
0.733151
0.770000
0.829461
0.790047
0.798439
0.759275
0.749483
0.855138
0.713086
0.704694
0.739448
0.854941
0.786922
0.721915
0.702265
0.690695
0.704694
0.671362
0.587178
0.676064
0.594193
0.558873
0.566396
0.556056
0.545086
0.545086
0.619101
0.609390
0.641982
0.728146
0.563588
0.574220
0.571050
0.571137
0.776782
0.694428
0.729564
0.772262
0.712036
0.753850
0.729564
0.729564
0.713454
0.741123
0.656939
0.641926
0.698442
0.751783
0.682703
0.801020
0.771492
0.811241
0.801020
0.783350
0.813672
0.812109
0.794996
0.781429
0.766830
0.763001
0.788368
0.808098
0.830646
0.776408
0.771374
0.764408
0.790455
0.754002
0.739692
0.760940
0.739692
0.847888
0.843810
0.851967
0.847278
0.840887
0.824068
0.839731
0.790280
0.848437
0.829826
0.811827
0.796137
0.778357
0.808521
0.784689
0.830980
0.847825
0.829774
0.810673
0.820666
0.832477
0.805304
0.839745
0.849049
0.838972
0.838158
0.850162
0.830367
0.839745
0.814658
0.781928
0.814470
0.789384
0.769239
0.860127
0.854007
0.861144
0.869068
0.868282
0.852425
0.771640
0.785326
0.801288
0.795331
0.789445
0.777818
0.756224
0.830646
0.815196
0.811319
0.825111
0.821392
0.831158
0.810404
0.820133
0.807103
0.805926
0.816102
0.819372
0.792592
0.791725
0.808128
0.835069
0.845508
0.827052
0.819332
0.838832
0.833106
0.856895
0.863963
0.804995
0.766268
0.736195
0.776236
0.696493
0.778745
0.796172
0.781209
0.781046
0.796008
0.817444
0.721412
0.673692
0.648168
0.710732
0.818229
0.770819
0.801141
0.736643
0.655015
0.612078
0.667132
0.827052
0.816220
0.788273
0.724364
0.775708
0.809937
0.694320
0.712265
0.727726
0.761931
0.804953
0.811648
0.707153
0.802885
0.785001
0.809567
0.804994
0.772987
0.753515
0.789445
0.797781
0.798258
0.761231
0.747942
0.733274
0.789445
0.623987
0.668969
0.577996
0.627116
0.649154
0.738778
0.712894
0.740128
0.688784
0.597616
0.589615
0.589413
0.601161
0.629434
0.618854
0.658585
0.573555
0.577867
0.576377
0.578608
0.574220
0.575838
0.563588
0.555013
0.590039
0.577456
0.569768
0.577655
0.556056
0.576737
0.746888
0.785530
0.727815
0.705282
0.705282
0.712970
0.849431
0.811739
0.845627
0.859910
0.843298
0.836726
0.784148
0.841280
0.828811
0.808028
0.822576
0.841280
0.841280
0.735891
0.756290
0.791401
0.788510
0.791401
0.618745
0.632718
0.566277
0.592756
0.592895
0.566416
0.659336
0.630682
0.587613
0.649670
0.698098
0.717325
0.651484
0.665662
0.608950
0.622508
0.589543
0.566138
0.567207
0.567602
0.566533
0.566396
0.569203
0.592096
0.612632
0.579273
0.566556
0.589437
0.559570
0.565929
0.721836
0.733436
0.716170
0.742213
0.729592
0.769095
0.785055
0.766056
0.773133
0.740024
0.796836
0.792954
0.791407
0.812353
0.783395
0.811324
0.844208
0.817593
0.777729
0.807003
0.798603
0.834504
0.733643
0.708645
0.705282
0.739970
0.592593
0.578817
0.565929
0.617276
0.565929
0.583379
0.565929
0.562749
0.564869
0.668623
0.687080
0.706791
0.676506
0.620902
0.654252
0.608518
0.618816
0.582133
0.720820
0.698545
0.649162
0.684063
0.668647
0.687247
0.706208
0.728576
0.604301
0.606412
0.613071
0.625571
0.611442
0.623355
0.665896
0.705073
0.771776
0.753245
0.771150
0.742744
0.684698
0.635334
0.771776
0.779634
0.787492
0.782254
0.781627
0.776075
0.774082
0.785591
0.777051
0.776424
0.777973
0.753245
0.725447
0.696728
0.706916
0.725447
0.753254
0.611929
0.594242
0.633364
0.606643
0.631444
0.643845
0.594242
0.620773
0.647598
0.678863
0.681860
0.714635
0.676048
0.716888
0.725819
0.692045
0.666324
0.673701
0.697525
0.741395
0.614323
0.641272
0.612932
0.650251
0.683375
0.711914
0.753929
0.724404
0.756653
0.598082
0.596162
0.611929
0.601923
0.599421
0.601922
0.711777
0.748786
0.782674
0.783493
0.791401
0.788284
0.773846
0.738735
0.769583
0.780492
0.792770
0.829795
0.892602
0.843154
0.809247
0.787765
0.787144
0.769583
0.774675
0.769583
0.773142
0.770523
0.772515
0.776426
0.751621
0.718711
0.682016
0.655058
0.693651
0.731930
0.613662
0.624544
0.633286
0.622786
0.616262
0.630650
0.611259
0.593838
0.685699
0.692577
0.747601
0.737089
0.685699
0.742231
0.796137
0.778357
0.785398
0.767392
0.731493
0.680188
0.757333
0.715432
0.615175
0.652897
0.588706
0.631994
0.704530
0.746821
0.628653
0.641365
0.637446
0.659336
0.632788
0.604110
0.720469
0.681818
0.690222
0.712689
0.619298
0.649141
0.613097
0.651156
0.701555
0.740669
0.575113
0.582090
0.615923
0.495782
0.515873
0.541940
0.636510
0.678513
0.495782
0.569687
0.529634
0.490700
0.584954
0.649141
0.600694
0.681847
0.625027
0.649359
0.696290
0.609287
0.527949
0.587818
0.690222
0.701460
0.701460
0.732650
0.743918
0.723936
0.758877
0.752603
0.763618
0.764699
0.761317
0.732990
0.542356
0.496198
0.588513
0.696491
0.604176
0.546605
0.631910
0.742649
0.650334
0.708985
0.662828
0.601007
0.742649
0.692326
0.742649
0.742649
0.746574
0.733668
0.708985
0.717488
0.683939
0.723523
0.608594
0.516613
0.598076
0.566180
0.516613
0.681881
0.768511
0.736474
0.514362
0.433020
0.459570
0.455123
0.467475
0.449021
0.479183
0.758881
0.748144
0.749518
0.799227
0.770870
0.781124
0.756387
0.846079
0.851383
0.845267
0.840716
0.846330
0.839148
0.831113
0.823729
0.843959
0.830682
0.851563
0.844871
0.838305
0.843354
0.817645
0.816259
0.851396
0.824389
0.781149
0.793133
0.815182
0.846516
0.843021
0.832830
0.840363
0.834601
0.803788
0.813105
0.824330
0.810106
0.818513
0.788722
0.767213
0.789620
0.724039
0.754009
0.740836
0.765069
0.787588
0.760492
0.767961
0.770821
0.780138
0.759327
0.767819
0.762013
0.790506
0.791045
0.813643
0.797869
0.785236
0.760504
0.692008
0.769899
0.667974
0.735338
0.802590
0.620124
0.650918
0.594539
0.816722
0.873495
0.739644
0.912970
0.915003
0.860771
0.888192
0.787819
0.928683
0.921610
0.866422
0.893782
0.852275
0.914536
0.900389
0.803735
0.776558
0.831096
0.760061
0.771309
0.774833
0.788738
0.765457
0.787644
0.729539
0.821894
0.788139
0.799405
0.821894
0.733968
0.729927
0.638609
0.669077
0.838761
0.827049
0.758080
0.758732
0.798605
0.705757
0.637527
0.640439
0.785220
0.769585
0.813461
0.816942
0.811210
0.802051
0.824978
0.821015
0.799653
0.799104
0.793438
0.792922
0.792042
0.827398
0.817159
0.969622
0.979768
0.949597
0.927589
0.920241
0.965346
0.867306
0.829694
0.907261
0.866247
0.920998
0.825169
0.824480
0.805304
0.753417
0.702074
0.734976
0.820934
0.817686
0.865562
0.901668
0.846916
0.880394
0.846916
0.937077
0.936933
0.970813
0.957368
0.950387
0.908520
0.942830
0.942830
0.915511
0.959595
0.967977
0.938659
0.920556
0.899265
0.974144
0.992406
1.000000
0.952435
0.982334
0.994548
0.960194
0.928246
0.935303
0.983007
0.967336
0.997305
0.988154
0.979775
0.966850
0.976359
0.981016
0.951213
0.952521
0.948489
0.976607
0.830719
0.838567
0.819602
0.842491
0.820689
0.796583
0.793509
0.793509
0.837913
0.842491
0.842491
0.839057
0.842491
0.807242
0.750478
0.768920
0.842491
0.843695
0.846705
0.838270
0.843695
0.842491
0.858004
0.849716
0.777347
0.803474
0.769613
0.777347
0.823808
0.791540
0.761879
0.760590
0.813567
0.751566
0.751566
0.750036
0.754954
0.750674
0.760590
0.759089
0.763697
0.741093
0.746211
0.722815
0.746211
0.746211
0.734513
0.716966
0.716966
0.746211
0.705268
0.705268
0.715189
0.709733
0.711221
0.705268
0.705268
0.711117
0.715189
0.709733
0.713772
0.728502
0.722838
0.719061
0.724726
0.717173
0.717173
0.718825
0.722838
0.717173
0.717173
0.718825
0.717173
0.717173
0.717173
0.725358
0.727878
0.729568
0.731970
0.732603
0.688400
0.715763
0.665246
0.732234
0.731022
0.731970
0.698924
0.732603
0.602510
0.598437
0.598437
0.607746
0.604546
0.597042
0.596484
0.610073
0.648406
0.606582
0.591860
0.594440
0.612401
0.610655
0.592727
0.614728
0.614728
0.631567
0.565543
0.545869
0.570933
0.553444
0.545869
0.552169
0.545869
0.578781
0.568529
0.588666
0.579826
0.564807
0.553444
0.545869
0.553444
0.574220
0.575164
0.566120
0.574220
0.575838
0.570170
0.558019
0.553969
0.574759
0.576377
0.574220
0.575299
0.576737
0.567132
0.564770
0.549787
0.563369
0.550571
0.545086
0.545086
0.545086
0.572755
0.559190
0.576917
0.563892
0.549787
0.545086
0.560458
0.547502
0.547019
0.547502
0.547502
0.545992
0.546965
0.547502
0.546697
0.545891
0.586368
0.651144
0.662444
0.564776
0.612278
0.651144
0.662444
0.715382
0.690695
0.690695
0.679394
0.690695
0.690695
0.690695
0.690695
0.690695
0.679394
0.690695
0.743488
0.690695
0.796281
0.852374
0.822678
0.829277
0.690695
0.736889
0.743488
0.813879
0.875471
0.856199
0.836124
0.830503
0.858608
0.869047
0.830503
0.843351
0.837998
0.856199
0.829721
0.875471
0.803020
0.796658
0.798439
0.798439
0.823378
0.807601
0.807049
0.793764
0.739692
0.767550
0.748085
0.790047
0.739692
0.764870
0.739692
0.739692
0.776409
0.739692
0.681587
0.664985
0.739692
0.726846
0.710639
0.677436
0.693239
0.705960
0.652534
0.652534
0.695559
0.684193
0.652534
0.652534
0.652534
0.723768
0.693239
0.692951
0.691377
0.710561
0.723768
0.763650
0.742178
0.777520
0.783465
0.773796
0.699516
0.734668
0.698442
0.698442
0.692005
0.720263
0.641926
0.717044
0.729564
0.759129
0.729564
0.725484
0.721404
0.727184
0.723444
0.768984
0.797141
0.814036
0.786679
0.746771
0.742379
0.719364
0.566416
0.608950
0.672751
0.591228
0.566416
0.715285
0.715285
0.622242
0.566416
0.659459
0.694018
0.720044
0.717325
0.585000
0.628363
0.601261
0.643850
0.659336
0.659336
0.659336
0.659336
0.592965
0.632788
0.579690
0.619513
0.659336
0.659336
0.659336
0.659336
0.668513
0.668513
0.654700
0.668513
0.665891
0.661958
0.661958
0.668513
0.665454
0.668513
0.668513
0.666219
0.668513
0.668513
0.668513
0.668513
0.688994
0.668513
0.668513
0.668513
0.703624
0.791401
0.791401
0.791401
0.791401
0.791401
0.791401
0.750438
0.798527
0.745318
0.797636
0.816341
0.843645
0.841280
0.841280
0.839560
0.869762
0.929979
0.943372
0.899571
0.874205
0.909341
0.909447
0.880141
0.852148
0.849974
0.870449
0.844385
0.847490
0.841280
0.853700
0.860375
0.863015
0.863015
0.863015
0.863015
0.926680
0.903084
0.892491
0.877796
0.872869
0.868646
0.844846
0.836726
0.784148
0.863015
0.859993
0.792911
0.799922
0.757860
0.723221
0.712009
0.727815
0.705282
0.705282
0.697813
0.717457
0.732190
0.732190
0.710091
0.732190
0.717457
0.656229
0.577912
0.543675
0.543675
0.543675
0.668427
0.602368
0.543675
0.543675
0.543675
0.565929
0.556391
0.565929
0.565929
0.559570
0.550033
0.547384
0.565929
0.565929
0.559570
0.550033
0.550033
0.567799
0.566998
0.568735
0.607046
0.649761
0.619504
0.663109
0.566998
0.568601
0.568423
0.649761
0.601706
0.649761
0.826385
0.801308
0.740680
0.736375
0.720841
0.681797
0.710365
0.683834
0.687035
0.684852
0.681797
0.694019
0.694019
0.694019
0.694019
0.772031
0.733686
0.733686
0.694019
0.756472
0.734313
0.802302
0.725918
0.771748
0.777911
0.729591
0.725918
0.746906
0.740609
0.746906
0.755301
0.755301
0.742708
0.755301
0.755301
0.762427
0.751167
0.757396
0.750478
0.753234
0.750478
0.754497
0.757769
0.750478
0.750478
0.764822
0.750478
0.750478
0.750478
0.943372
0.941029
0.950275
0.956887
0.913095
0.954434
0.963166
0.936704
0.941334
0.941334
0.919355
0.961492
0.960629
0.950275
0.950275
0.951425
0.941380
0.953040
0.945796
0.932028
0.932274
0.839830
0.888966
0.926124
0.896678
0.915066
0.910366
0.930672
0.936899
0.903828
0.902787
0.871309
0.869687
0.906838
0.911294
0.813506
0.828753
0.775448
0.821397
0.826356
0.784246
0.916966
0.912651
0.916966
0.888776
0.914940
0.879935
0.899704
0.889347
0.884316
0.892799
0.882442
0.839546
0.787056
0.812098
0.860994
0.808669
0.835003
0.868606
0.833673
0.889401
0.861687
0.877555
0.898127
0.882442
0.882442
0.909678
0.922868
0.904341
0.935179
0.861452
0.823223
0.867296
0.902260
0.938170
0.932422
0.936296
0.938170
0.922329
0.914408
0.914408
0.921649
0.937482
0.920442
0.913045
0.929725
0.919075
0.928904
0.927051
0.934401
0.933306
0.933410
0.924249
0.938170
0.938481
0.938170
0.937117
0.937870
0.936856
0.934606
0.930157
0.927140
0.936067
0.921661
0.925198
0.923202
0.925198
0.925198
0.925198
0.919256
0.925198
0.925198
0.925198
0.921996
0.925198
0.925198
0.922759
0.916864
0.911228
0.917696
0.914408
0.914408
0.911549
0.907737
0.915272
0.917491
0.921601
0.919144
0.911773
0.912871
0.907261
0.912420
0.916099
0.913878
0.923277
0.913777
0.910116
0.921238
0.932101
0.941334
0.936847
0.951159
0.963166
0.951658
0.925948
0.923089
0.962639
0.960192
0.950930
0.953784
0.946959
0.943564
0.950754
0.963105
0.967533
0.967533
0.957708
0.967533
0.948558
0.959943
0.941334
0.935179
0.941334
0.941334
0.941334
0.941334
0.945701
0.932823
0.913982
0.921397
0.940969
0.940569
0.940969
0.940969
0.938647
0.940036
0.939370
0.924605
0.907560
0.906838
0.915514
0.917846
0.927480
0.902787
0.902787
0.908864
0.930059
0.913696
0.902787
0.919150
0.902787
0.904812
0.934605
0.940969
0.940969
0.940969
0.925647
0.919260
0.931927
0.910487
0.912240
0.912915
0.909133
0.916966
0.916966
0.918281
0.923552
0.917619
0.906764
0.917523
0.896785
0.886102
0.907825
0.918080
0.922846
0.895388
0.882442
0.885579
0.911212
0.916966
0.908335
0.916966
0.892306
0.882442
0.882442
0.916966
0.916966
0.914603
0.909876
0.916966
0.916966
0.910811
0.911573
0.910275
0.893422
0.901265
0.904402
0.904402
0.904402
0.904402
0.904402
0.910343
0.904402
0.904402
0.914954
0.910269
0.904402
0.920230
0.904402
0.904402
0.904402
0.904402
0.901265
0.909678
0.925506
0.898127
0.898127
0.888716
0.882442
0.887932
0.891853
0.830503
0.824785
0.833365
0.796213
0.855631
0.857597
0.902097
0.900202
0.938292
0.905886
0.905886
0.875811
0.928449
0.925729
0.902847
0.914821
0.926092
0.886287
0.867977
0.876206
0.835137
0.872016
0.857825
0.888728
0.903012
0.907410
0.903012
0.879118
0.885163
0.913432
0.849955
0.841381
0.834446
0.864400
0.886447
0.897471
0.891690
0.902344
0.877238
0.880128
0.857005
0.857005
0.872480
0.841708
0.847386
0.825280
0.786275
0.819999
0.786502
0.854236
0.876557
0.857005
0.861051
0.878676
0.905886
0.865915
0.830837
0.805957
0.784471
0.779689
0.946124
0.944567
0.943218
0.948182
0.948182
0.947153
0.948182
0.947732
0.940949
0.945082
0.948182
0.948182
0.926482
0.936432
0.931007
0.939409
0.939413
0.940491
0.941042
0.943304
0.937895
0.939627
0.944580
0.944680
0.944580
0.945180
0.946381
0.947732
0.946445
0.944580
0.942046
0.944580
0.936978
0.936617
0.942679
0.932805
0.935782
0.939627
0.939627
0.939627
0.939627
0.937784
0.939627
0.937228
0.939627
0.939627
0.934358
0.931496
0.927011
0.928610
0.933704
0.924652
0.936790
0.925398
0.933671
0.937994
0.948182
0.927905
0.925983
0.933780
0.939627
0.927810
0.919600
0.925257
0.920991
0.924390
0.926482
0.925716
0.929025
0.936167
0.927020
0.905886
0.911928
0.912935
0.921747
0.939428
0.926182
0.927034
0.948182
0.942469
0.942140
0.934083
0.945747
0.945747
0.945747
0.945626
0.947208
0.947046
0.947208
0.947046
0.944774
0.944774
0.944774
0.933663
0.944774
0.944774
0.930191
0.944774
0.944774
0.944774
0.916997
0.905886
0.905886
0.905886
0.905886
0.905886
0.905886
0.913664
0.933881
0.937014
0.938095
0.943711
0.931600
0.925458
0.931580
0.935101
0.937114
0.940994
0.942951
0.947208
0.931580
0.932729
0.931580
0.933592
0.933879
0.937328
0.926707
0.931580
0.931580
0.931580
0.925458
0.920867
0.914439
0.920867
0.921834
0.931580
0.913215
0.923106
0.934882
0.923757
0.902856
0.907093
0.925870
0.930964
0.929448
0.922984
0.910182
0.934799
0.903493
0.915538
0.921807
0.937328
0.903493
0.923819
0.904779
0.880611
0.884264
0.913702
0.868566
0.857005
0.885909
0.897471
0.897471
0.890726
0.897471
0.880128
0.857005
0.862786
0.897471
0.897471
0.912089
0.907216
0.897471
0.923854
0.925254
0.867332
0.865152
0.877954
0.889592
0.903416
0.900619
0.904217
0.905886
0.905886
0.910350
0.905886
0.916460
0.936097
0.934083
0.905886
0.905886
0.891920
0.905886
0.891920
0.905886
0.905886
0.857005
0.870971
0.857005
0.857005
0.857005
0.869225
0.859933
0.844209
0.865098
0.857681
0.849973
0.885059
0.874930
0.898715
0.894209
0.880693
0.867177
0.902127
0.904857
0.891506
0.878230
0.900418
0.854558
0.864575
0.859491
0.882630
0.870234
0.885647
0.897977
0.907224
0.891473
0.908376
0.907224
0.876083
0.877325
0.838074
0.810406
0.847426
0.834766
0.834424
0.815024
0.815024
0.812715
0.801555
0.805788
0.845521
0.861074
0.852883
0.832465
0.861074
0.839216
0.836415
0.846784
0.837256
0.814414
0.805749
0.817358
0.816016
0.835351
0.829859
0.820810
0.838962
0.832493
0.847358
0.832493
0.832493
0.867177
0.862842
0.827226
0.839916
0.850386
0.913209
0.905634
0.899742
0.900654
0.905005
0.910422
0.908009
0.898882
0.898237
0.905761
0.893723
0.893723
0.893723
0.895899
0.911780
0.906621
0.913248
0.912432
0.908244
0.914716
0.914576
0.915694
0.905634
0.910294
0.903425
0.904364
0.896313
0.891652
0.887768
0.913207
0.915417
0.913416
0.915694
0.910032
0.909433
0.915571
0.915078
0.913259
0.914955
0.915232
0.891354
0.894704
0.888776
0.884909
0.878835
0.879083
0.892386
0.903605
0.900455
0.886991
0.892941
0.883620
0.909866
0.903123
0.893029
0.898055
0.901405
0.905059
0.898882
0.898544
0.894949
0.893131
0.893723
0.893723
0.892031
0.891354
0.883622
0.885477
0.891354
0.904988
0.902576
0.898304
0.904416
0.898162
0.905761
0.915483
0.918162
0.913369
0.915135
0.919015
0.915804
0.881282
0.882346
0.890453
0.901640
0.903102
0.899500
0.901676
0.893020
0.904565
0.908952
0.908952
0.908952
0.908952
0.908952
0.907048
0.905314
0.908952
0.907490
0.908952
0.903102
0.900177
0.906027
0.908952
0.907490
0.889704
0.898715
0.870970
0.876188
0.876188
0.867177
0.889704
0.898715
0.912920
0.916884
0.913038
0.917234
0.916284
0.919532
0.908458
0.907718
0.907224
0.907224
0.907224
0.903668
0.907718
0.908458
0.896556
0.891666
0.885887
0.882331
0.882331
0.882331
0.882331
0.885887
0.897660
0.882331
0.903668
0.907224
0.907224
0.897889
0.863100
0.880141
0.907224
0.907718
0.908458
0.908458
0.907718
0.907224
0.907727
0.903080
0.907533
0.908078
0.908742
0.882331
0.882331
0.876258
0.876258
0.882331
0.882331
0.882331
0.882331
0.867148
0.861074
0.849406
0.852908
0.864900
0.866224
0.867148
0.876258
0.852908
0.840659
0.867148
0.861074
0.861074
0.861074
0.861074
0.840659
0.852908
0.876258
0.867148
0.879294
0.854718
0.870184
0.853298
0.914008
0.908749
0.913259
0.841240
0.841240
0.849987
0.872437
0.867482
0.893723
0.863108
0.858396
0.873599
0.874762
0.884875
0.893723
0.886139
0.889299
0.874762
0.867177
0.851150
0.857267
0.857267
0.842403
0.867177
0.832493
0.832493
0.832493
0.832493
0.567193
0.593105
0.595770
0.622201
0.580093
0.639571
0.627635
0.596249
0.590392
0.559047
0.602342
0.644450
0.668667
0.650221
0.621039
0.662341
0.656494
0.633089
0.658536
0.633451
0.615868
0.609714
0.597171
0.601558
0.577703
0.568641
0.573759
0.581858
0.568501
0.572263
0.555156
0.552317
0.510805
0.544128
0.523743
0.567730
0.551179
0.501619
0.512229
0.523989
0.545517
0.550747
0.538880
0.514778
0.497315
0.559198
0.567000
0.572640
0.593142
0.583253
0.589559
0.586609
0.566000
0.532240
0.583276
0.568664
0.637562
0.568664
0.624733
0.721310
0.733721
0.728284
0.733578
0.726939
0.723527
0.552411
0.624733
0.494292
0.600490
0.613425
0.653033
0.721310
0.710487
0.570366
0.629158
0.591304
0.691609
0.738716
0.722311
0.661553
0.601720
0.746183
0.723291
0.730268
0.771087
0.769565
0.723291
0.768350
0.725753
0.731552
0.708170
0.650822
0.571653
0.653381
0.536932
0.413004
0.465735
0.456860
0.456405
0.535177
0.653381
0.502211
0.636354
0.467935
0.343563
0.298235
0.378283
0.369928
0.467341
0.495140
0.532443
0.421817
0.685078
0.611133
0.636813
0.676754
0.656429
0.525559
0.481494
0.407548
0.689240
0.681875
0.694360
0.683792
0.696870
0.701725
0.683177
0.688462
0.670966
0.640206
0.621892
0.586196
0.712602
0.677066
0.749010
0.613377
0.674509
0.494945
0.615294
0.608680
0.482792
0.677385
0.740297
0.696729
0.541817
0.529474
0.459165
0.411042
0.457915
0.422135
0.328089
0.304954
0.317297
0.614824
0.572837
0.593287
0.634044
0.599775
0.621888
0.636506
0.591872
0.605040
0.594347
0.617899
0.617969
0.615165
0.604502
0.638715
0.620678
0.655498
0.649544
0.598002
0.562417
0.573414
0.563675
0.537461
0.556251
0.581176
0.590774
0.529533
0.563383
0.563383
0.529533
0.556251
0.488057
0.546511
0.551571
0.527319
0.527612
0.565613
0.591297
0.540045
0.552332
0.515588
0.527465
0.750804
0.723299
0.687467
0.662522
0.576759
0.625587
0.608595
0.650531
0.742263
0.711046
0.584303
0.590283
0.629583
0.604130
0.594958
0.595984
0.609325
0.619230
0.578145
0.579711
0.581096
0.594533
0.561724
0.593415
0.543080
0.619240
0.652257
0.751677
0.714169
0.662011
0.725598
0.600100
0.555020
0.598345
0.628776
0.820685
0.702984
0.779700
0.544410
0.517167
0.849721
0.795913
0.756668
0.752704
0.792821
0.817355
0.752717
0.799004
0.837219
0.839575
0.785626
0.834031
0.727228
0.734890
0.776643
0.726489
0.679524
0.743275
0.767079
0.814044
0.435182
0.482947
0.459508
0.510925
0.413676
0.402505
0.480282
0.520567
0.478037
0.430484
0.385749
0.419313
0.396920
0.401617
0.551884
0.585441
0.517186
0.545154
0.575726
0.540971
0.527097
0.534004
0.501464
0.510448
0.471356
0.555726
0.555434
0.598149
0.603390
0.577178
0.551089
0.557301
0.545000
0.549637
0.549637
0.521151
0.557057
0.506820
0.571166
0.542264
0.581527
0.550693
0.530711
0.537208
0.523828
0.510024
0.543759
0.522185
0.552787
0.531233
0.398124
0.385011
0.403641
0.414469
0.380456
0.447420
0.507615
0.481238
0.465332
0.434674
0.466826
0.488891
0.454670
0.496267
0.512853
0.456757
0.453833
0.485180
0.503702
0.538031
0.578573
0.474974
0.561814
0.577756
0.603403
0.416497
0.510083
0.384751
0.458351
0.520815
0.545765
0.562418
0.605378
0.524563
0.511791
0.533451
0.511791
0.571307
0.604391
0.491225
0.492798
0.522941
0.495869
0.481006
0.494959
0.523173
0.502599
0.477132
0.473620
0.453884
0.442472
0.484980
0.505141
0.498620
0.519612
0.571259
0.505084
0.473242
0.446414
0.451004
0.361665
0.354040
0.334424
0.352464
0.375453
0.370867
0.376303
0.373782
0.375423
0.375423
0.380039
0.389270
0.384654
0.366192
0.370807
0.361576
0.356960
0.370807
0.388908
0.377124
0.394933
0.423673
0.449820
0.486818
0.377444
0.428690
0.521455
0.527774
0.489073
0.472559
0.420433
0.388697
0.525837
0.496903
0.516412
0.497563
0.389270
0.438374
0.399355
0.448459
0.459205
0.417977
0.488139
0.497563
0.380068
0.361665
0.370867
0.352464
0.324859
0.343262
0.324859
0.334061
0.324859
0.324859
0.343262
0.369319
0.421691
0.475738
0.464761
0.409279
0.353752
0.369080
0.417433
0.460456
0.364775
0.327400
0.327400
0.341293
0.327400
0.327400
0.327400
0.362006
0.346778
0.389692
0.453093
0.414609
0.327400
0.327400
0.337089
0.327400
0.337089
0.356468
0.346415
0.326311
0.366157
0.385536
0.366157
0.356468
0.325585
0.326674
0.324859
0.313295
0.302094
0.314747
0.276789
0.289079
0.276063
0.251484
0.300280
0.324859
0.342534
0.382974
0.290683
0.331122
0.438501
0.410761
0.424654
0.398108
0.318470
0.366845
0.265377
0.238831
0.465039
0.465039
0.473117
0.465039
0.465039
0.481195
0.505428
0.489273
0.481195
0.505428
0.509825
0.497350
0.505686
0.517268
0.483695
0.475617
0.521584
0.521584
0.521584
0.521584
0.514222
0.514222
0.506302
0.507737
0.487339
0.491577
0.503178
0.506859
0.466196
0.480043
0.419938
0.429068
0.486865
0.489173
0.443968
0.438198
0.401071
0.396354
0.405787
0.410504
0.481195
0.465039
0.441659
0.449013
0.465039
0.453960
0.432395
0.427449
0.407070
0.407889
0.391158
0.418628
0.442456
0.434003
0.459187
0.399184
0.381775
0.434661
0.435261
0.439729
0.439729
0.435261
0.456965
0.459943
0.480157
0.488030
0.453385
0.381775
0.408547
0.451236
0.441759
0.470188
0.460712
0.462087
0.485491
0.479228
0.474708
0.494530
0.511139
0.518762
0.500384
0.479665
0.451236
0.495604
0.451236
0.436751
0.433772
0.454719
0.435261
0.510226
0.528693
0.544619
0.566203
0.456208
0.492145
0.490656
0.508625
0.453195
0.477022
0.494858
0.525782
0.558063
0.519492
0.541584
0.528388
0.565463
0.608202
0.640919
0.577895
0.501354
0.514871
0.544093
0.586833
0.501354
0.421783
0.443882
0.473336
0.433794
0.421783
0.443882
0.443882
0.421783
0.479984
0.565463
0.522724
0.407050
0.418594
0.405601
0.426527
0.403439
0.396218
0.404151
0.419306
0.388997
0.385386
0.392607
0.399829
0.438071
0.447454
0.447454
0.447454
0.470955
0.449516
0.496104
0.474665
0.495400
0.515482
0.468189
0.472088
0.502791
0.540398
0.534179
0.569853
0.669709
0.607770
0.680310
0.619455
0.636077
0.676647
0.606760
0.572010
0.766953
0.775355
0.770210
0.772771
0.754821
0.761807
0.747068
0.772994
0.770659
0.744733
0.747068
0.768793
0.765064
0.745199
0.753877
0.746419
0.708887
0.707719
0.661938
0.667550
0.708887
0.661938
0.629697
0.651666
0.629697
0.629697
0.661938
0.707018
0.689994
0.695130
0.722711
0.719480
0.742398
0.717774
0.746842
0.725766
0.718967
0.730864
0.713019
0.715817
0.766685
0.766270
0.764350
0.759296
0.765855
0.755882
0.730486
0.735539
0.742029
0.685662
0.706140
0.729544
0.714715
0.720768
0.676886
0.684348
0.687815
0.707312
0.711485
0.695019
0.692063
0.703139
0.690618
0.690902
0.714715
0.699453
0.709986
0.721918
0.732285
0.725925
0.721686
0.715311
0.716222
0.721686
0.723806
0.718499
0.721686
0.730165
0.736524
0.708026
0.702562
0.702562
0.706584
0.708407
0.718153
0.723019
0.723019
0.724693
0.716698
0.723019
0.717904
0.705749
0.714251
0.720096
0.702562
0.702562
0.711062
0.709733
0.764201
0.758405
0.739195
0.723019
0.759077
0.765930
0.764951
0.767888
0.770825
0.761647
0.759709
0.759077
0.730096
0.736258
0.753265
0.824619
0.826108
0.817357
0.797144
0.772441
0.824619
0.824619
0.821827
0.824619
0.809604
0.824619
0.824619
0.810971
0.824619
0.786000
0.795195
0.790291
0.771241
0.783406
0.827811
0.900198
0.900198
0.848503
0.836986
0.853843
0.885715
0.879921
0.879921
0.894405
0.852034
0.879917
0.795898
0.819076
0.793002
0.870042
0.819783
0.809677
0.883301
0.879921
0.847361
0.809731
0.868483
0.879679
0.779576
0.807431
0.811769
0.788774
0.779576
0.814271
0.868331
0.879921
0.819078
0.748293
0.772228
0.761961
0.789295
0.832066
0.832066
0.838020
0.837169
0.844825
0.808131
0.832066
0.832066
0.772228
0.780183
0.757813
0.859223
0.849928
0.846067
0.818772
0.818772
0.818772
0.819204
0.829310
0.854339
0.854576
0.849928
0.829157
0.819781
0.818772
0.849928
0.849928
0.849928
0.828267
0.819637
0.821799
0.821799
0.821799
0.828486
0.822225
0.807578
0.813280
0.821799
0.821799
0.812831
0.803863
0.821799
0.820790
0.821799
0.803735
0.801083
0.784141
0.710185
0.711391
0.710185
0.721826
0.783952
0.745819
0.802630
0.794895
0.710185
0.806498
0.794895
0.717420
0.706055
0.689008
0.713803
0.683563
0.692255
0.685057
0.692255
0.692471
0.685057
0.686167
0.703404
0.716387
0.706055
0.704161
