0.554789
0.554789
0.554789
0.554789
0.549757
0.544724
0.554789
0.554789
0.544724
0.532076
0.525431
0.534658
0.519560
0.529625
0.519560
0.529625
0.529625
0.557251
0.544724
0.579843
0.564273
0.549036
0.554789
0.526350
0.525259
0.535497
0.516847
0.523808
0.510410
0.520572
0.521584
0.514802
0.526314
0.536738
0.545468
0.560469
0.545749
0.543850
0.532275
0.511329
0.557003
0.520917
0.522266
0.504068
0.509101
0.501486
0.501486
0.501486
0.501486
0.501486
0.501486
0.501486
0.523693
0.557003
0.557003
0.523693
0.499679
0.501486
0.514908
0.496063
0.497871
0.513100
0.531945
0.537752
0.526522
0.535945
0.498255
0.509485
0.488833
0.488833
0.492448
0.492448
0.557259
0.467726
0.507901
0.568163
0.427551
0.447639
0.527988
0.568163
0.467726
0.427551
0.427551
0.427551
0.427551
0.427551
0.427551
0.371417
0.389085
0.427551
0.427551
0.396351
0.454904
0.403617
0.411437
0.489125
0.482257
0.387984
0.328634
0.434566
0.321943
0.285722
0.398669
0.459721
0.441581
0.480766
0.455612
0.532233
0.446513
0.439498
0.503306
0.386224
0.382555
0.329281
0.272338
0.279030
0.305829
0.596109
0.562184
0.582246
0.605291
0.539781
0.559522
0.584527
0.619094
0.561482
0.521999
0.515419
0.528580
0.541741
0.541741
0.561482
0.533147
0.552179
0.557761
0.543378
0.561361
0.557761
0.593588
0.617521
0.619094
0.582666
0.520027
0.504199
0.525497
0.505840
0.504064
0.513254
0.515419
0.521999
0.516863
0.516863
0.520474
0.520474
0.519029
0.519029
0.519225
0.517254
0.525316
0.527252
0.510424
0.512922
0.710297
0.710196
0.703616
0.707059
0.706884
0.700261
0.702938
0.714784
0.693638
0.711992
0.723240
0.705369
0.696950
0.688759
0.692071
0.699140
0.712364
0.696405
0.692248
0.722422
0.704719
0.728323
0.728323
0.725777
0.713975
0.693511
0.690321
0.690504
0.693029
0.688094
0.692248
0.724620
0.702057
0.724620
0.702057
0.727141
0.705422
0.721670
0.702053
0.698564
0.703784
0.699348
0.688094
0.694774
0.591024
0.619616
0.608055
0.571296
0.627562
0.629839
0.602164
0.546209
0.632115
0.635520
0.648023
0.643478
0.630977
0.638721
0.632115
0.604733
0.602007
0.620072
0.627943
0.562040
0.620072
0.496070
0.461111
0.509175
0.559108
0.623772
0.611133
0.641497
0.631644
0.618409
0.638591
0.660522
0.651009
0.667129
0.652860
0.644748
0.629969
0.644123
0.658391
0.613555
0.638591
0.597918
0.600855
0.625356
0.638591
0.660125
0.648183
0.671885
0.652529
0.638547
0.660491
0.646883
0.665065
0.644607
0.654448
0.606714
0.614971
0.636205
0.628896
0.623086
0.637990
0.628639
0.628840
0.632710
0.639562
0.613962
0.598682
0.624148
0.613962
0.598682
0.624148
0.632106
0.624148
0.590106
0.610531
0.590106
0.610531
0.578705
0.559060
0.578761
0.600345
0.622122
0.621347
0.602745
0.605554
0.599459
0.593010
0.590025
0.584232
0.574024
0.584582
0.566955
0.570442
0.519346
0.523850
0.563373
0.548215
0.517630
0.554665
0.550627
0.568183
0.559345
0.572679
0.593505
0.588564
0.585828
0.601860
0.611758
0.600797
0.618324
0.583461
0.595202
0.617686
0.638545
0.631979
0.614933
0.620121
0.634148
0.670440
0.646427
0.614312
0.679450
0.671097
0.624650
0.599981
0.657002
0.675274
0.684435
0.680604
0.666920
0.672250
0.658567
0.661674
0.654390
0.654390
0.672250
0.604312
0.631956
0.576136
0.592298
0.592298
0.603781
0.680173
0.650059
0.699041
0.653299
0.633369
0.660297
0.704330
0.699041
0.728634
0.698033
0.524415
0.481101
0.641428
0.657033
0.502797
0.575053
0.493807
0.513693
0.565001
0.573991
0.625772
0.530046
0.712368
0.599556
0.553653
0.690236
0.699000
0.724993
0.704866
0.736725
0.651822
0.680028
0.716170
0.689352
0.649711
0.669974
0.612031
0.578784
0.586389
0.605793
0.647019
0.615378
0.673080
0.620346
0.609799
0.651987
0.683627
0.683627
0.599173
0.646706
0.572683
0.617641
0.556739
0.546127
0.577963
0.588575
0.302603
0.406149
0.403781
0.370055
0.510879
0.473601
0.471233
0.454810
0.504959
0.546973
0.546973
0.573409
0.543421
0.569857
0.539869
0.614280
0.578057
0.560830
0.560830
0.530875
0.538685
0.489414
0.469706
0.489414
0.538685
0.633924
0.671554
0.625097
0.684872
0.693699
0.676046
0.602213
0.627465
0.657453
0.711508
0.740312
0.740312
0.740312
0.712692
0.720687
0.726994
0.701062
0.694192
0.693699
0.707017
0.685072
0.740312
0.629833
0.695826
0.715012
0.640586
0.546973
0.574593
0.521179
0.540366
0.471372
0.636299
0.552945
0.488779
0.681279
0.670525
0.681279
0.681279
0.689712
0.698145
0.392212
0.366418
0.469592
0.366418
0.387771
0.408889
0.546973
0.451360
0.311720
0.355746
0.339069
0.339069
0.357302
0.396312
0.409124
0.357302
0.415719
0.390417
0.371813
0.423720
0.329208
0.319906
0.389115
0.423720
0.337208
0.302603
0.295839
0.302603
0.302603
0.302603
0.302603
0.302603
0.302603
0.370934
0.440144
0.439265
0.302603
0.302603
0.311720
0.295839
0.282310
0.295839
0.275546
0.282310
0.255253
0.277898
0.275546
0.262017
0.346893
0.307308
0.409124
0.339069
0.444997
0.486738
0.475626
0.416557
0.503405
0.492293
0.455936
0.396867
0.481182
0.514517
0.514517
0.514517
0.508961
0.514517
0.497849
0.524879
0.481182
0.492293
0.508961
0.488846
0.475626
0.462686
0.377177
0.436247
0.514517
0.544507
0.520270
0.526023
0.565401
0.531776
0.526023
0.526023
0.543283
0.537530
0.549036
0.554789
0.543283
0.580192
0.537530
0.545367
0.554789
0.517100
0.526522
0.526023
0.543283
0.528107
0.535945
0.488833
0.488833
0.507677
0.511346
0.488833
0.498255
0.488833
0.488833
0.499840
0.492502
0.512932
0.503509
0.496171
0.505292
0.520270
0.503405
0.481182
0.492293
0.492293
0.497849
0.499736
0.499840
0.499840
0.501622
0.574880
0.583754
0.571483
0.543536
0.583754
0.571483
0.547398
0.523541
0.563303
0.586249
0.587468
0.578969
0.573978
0.570788
0.563303
0.551122
0.530990
0.563303
0.565798
0.515085
0.547398
0.503409
0.503153
0.507637
0.523541
0.574936
0.541614
0.573284
0.581755
0.552498
0.590716
0.593686
0.578274
0.609948
0.594643
0.612663
0.623821
0.605652
0.556739
0.588575
0.648853
0.639127
0.648853
0.648853
0.598471
0.613138
0.608197
0.632590
0.494472
0.532670
0.594249
0.593092
0.548542
0.602380
0.557050
0.610887
0.558287
0.470163
0.591934
0.536309
0.464433
0.591934
0.591934
0.591934
0.553998
0.591934
0.499225
0.554851
0.462141
0.462141
0.462141
0.499225
0.357024
0.347246
0.335164
0.365570
0.347246
0.335164
0.369284
0.423837
0.336785
0.347246
0.340928
0.335164
0.335164
0.336785
0.336785
0.384331
0.387767
0.397143
0.462141
0.429642
0.427139
0.368081
0.466511
0.407453
0.337256
0.330980
0.343613
0.336785
0.396715
0.441020
0.376157
0.352063
0.486197
0.446825
0.533813
0.502069
0.605044
0.613484
0.593604
0.572977
0.609671
0.597143
0.552717
0.527425
0.571745
0.609671
0.604660
0.590878
0.590878
0.571915
0.565480
0.496267
0.495806
0.546177
0.552611
0.494422
0.534671
0.493038
0.493038
0.493038
0.510978
0.539742
0.501559
0.562136
0.542833
0.501559
0.568318
0.600233
0.584531
0.596977
0.584278
0.626932
0.599984
0.590459
0.608646
0.590459
0.571408
0.566754
0.546947
0.531829
0.561883
0.634632
0.659797
0.628871
0.666276
0.688051
0.655185
0.621152
0.620021
0.643065
0.647402
0.667443
0.672874
0.667077
0.662759
0.679346
0.671530
0.694319
0.698008
0.696501
0.679777
0.661291
0.662955
0.648281
0.659823
0.661487
0.648281
0.632632
0.632632
0.634412
0.630181
0.656429
0.649014
0.662933
0.663595
0.662577
0.661289
0.537540
0.574875
0.547820
0.537540
0.612210
0.570545
0.533210
0.540993
0.541325
0.610045
0.604201
0.580825
0.580825
0.536995
0.551605
0.512920
0.522385
0.522385
0.518328
0.522369
0.526715
0.515842
0.524913
0.537935
0.533210
0.520590
0.519693
0.524647
0.530068
0.537283
0.534124
0.595680
0.555009
0.587633
0.549876
0.570325
0.558838
0.544499
0.579587
0.558838
0.544499
0.558838
0.554536
0.544499
0.544499
0.591283
0.563242
0.614185
0.583990
0.544253
0.625881
0.624655
0.625145
0.624655
0.625145
0.642571
0.633151
0.639059
0.525264
0.565001
0.645894
0.633151
0.621004
0.612509
0.624655
0.604013
0.537540
0.566678
0.548492
0.570926
0.570395
0.570926
0.540274
0.543776
0.510794
0.490762
0.545100
0.524989
0.529901
0.492931
0.544096
0.545100
0.536665
0.535602
0.539184
0.568904
0.558291
0.566153
0.587517
0.532969
0.470884
0.513980
0.580348
0.587523
0.576765
0.583941
0.552619
0.554221
0.567656
0.569258
0.588296
0.569612
0.573194
0.575174
0.580358
0.580358
0.569596
0.573183
0.473154
0.474436
0.483560
0.487801
0.476359
0.488299
0.497566
0.502448
0.505122
0.477641
0.477641
0.493039
0.493039
0.516136
0.512678
0.562654
0.533217
0.524619
0.539809
0.519713
0.516477
0.518487
0.519826
0.514024
0.511793
0.564633
0.581183
0.566518
0.609776
0.617874
0.611661
0.531307
0.553004
0.603408
0.613545
0.672026
0.678788
0.650413
0.647975
0.676769
0.640254
0.672689
0.666168
0.646291
0.639224
0.629078
0.656813
0.629078
0.616480
0.663926
0.608643
0.509472
0.575274
0.553301
0.592969
0.561620
0.591893
0.585132
0.569457
0.635786
0.600806
0.667434
0.699626
0.684307
0.636862
0.531589
0.516574
0.522611
0.486542
0.471527
0.489561
0.477641
0.501635
0.477641
0.483601
0.448934
0.447012
0.458228
0.461887
0.451332
0.456511
0.451332
0.452886
0.456511
0.456511
0.451530
0.434898
0.470963
0.440737
0.430154
0.459529
0.477000
0.475077
0.458888
0.468398
0.444623
0.454133
0.435982
0.430801
0.430154
0.435982
0.540197
0.540197
0.555788
0.544660
0.558014
0.576940
0.580275
0.585105
0.591402
0.583623
0.601440
0.601440
0.589190
0.601350
0.600227
0.575045
0.597744
0.604504
0.594544
0.612889
0.606897
0.628034
0.646142
0.623318
0.602530
0.574444
0.557722
0.591300
0.561148
0.554432
0.582274
0.601440
0.601440
0.601440
0.602420
0.607319
0.600604
0.597664
0.604380
0.569903
0.584233
0.546898
0.543771
0.554432
0.562127
0.737477
0.734005
0.728335
0.719974
0.721392
0.715085
0.720610
0.723544
0.715721
0.712249
0.701053
0.702471
0.684258
0.688246
0.696164
0.696164
0.688246
0.702471
0.691149
0.708426
0.680558
0.665364
0.690441
0.662143
0.649346
0.672130
0.717801
0.700324
0.702776
0.682013
0.676500
0.676500
0.671506
0.679681
0.666512
0.661518
0.651530
0.641543
0.641543
0.651530
0.686042
0.679681
0.693741
0.689223
0.685146
0.695585
0.730389
0.713655
0.721354
0.707801
0.701582
0.696076
0.698766
0.712319
0.695180
0.697869
0.693387
0.692490
0.688818
0.692896
0.716836
0.702805
0.725871
0.713257
0.690793
0.733224
0.730389
0.733224
0.737477
0.729044
0.681279
0.705161
0.594467
0.588086
0.586394
0.586394
0.593162
0.588086
0.586394
0.577479
0.586394
0.596546
0.584259
0.570281
0.593162
0.554611
0.577491
0.496985
0.504041
0.544304
0.538940
0.524929
0.551360
0.546589
0.555191
0.564106
0.559962
0.622017
0.608777
0.623378
0.640753
0.600551
0.606464
0.641214
0.654476
0.618034
0.597338
0.596546
0.593162
0.627912
0.600157
0.648671
0.629604
0.659051
0.659051
0.659051
0.659051
0.490104
0.494187
0.522719
0.511923
0.502994
0.530334
0.539202
0.523972
0.554432
0.515092
0.529465
0.554578
0.545722
0.570883
0.561013
0.561013
0.570883
0.554432
0.531587
0.546817
0.577464
0.577464
0.600994
0.594233
0.544804
0.564400
0.544804
0.572785
0.591407
0.616282
0.589554
0.553189
0.626240
0.619388
0.638175
0.624523
0.708480
0.672125
0.697249
0.707646
0.638639
0.674084
0.695501
0.718097
0.685772
0.635733
0.639290
0.652877
0.649170
0.661449
0.671178
0.660036
0.674832
0.671420
0.659309
0.685795
0.686014
0.687030
0.712106
0.692112
0.581073
0.606364
0.594228
0.611364
0.616322
0.621590
0.609994
0.610018
0.631816
0.690807
0.660438
0.670351
0.647001
0.656438
0.641734
0.678175
0.695633
0.657253
0.666565
0.706173
0.672948
0.657852
0.661380
0.666016
0.654325
0.678816
0.660725
0.683453
0.658962
0.667125
0.685216
0.684023
0.672948
0.717248
0.706173
0.658138
0.668758
0.658380
0.664308
0.679479
0.673093
0.658998
0.657852
0.668401
0.681176
0.683641
0.685335
0.562278
0.542324
0.564252
0.534322
0.528346
0.500389
0.570228
0.570228
0.564094
0.550274
0.538006
0.520343
0.504232
0.500389
0.500389
0.518052
0.500389
0.500389
0.495159
0.514368
0.562097
0.555895
0.574754
0.580957
0.565450
0.573329
0.588836
0.591937
0.583533
0.570228
0.570228
0.581332
0.592436
0.594637
0.606977
0.597850
0.436485
0.447222
0.450887
0.441286
0.463895
0.455687
0.455687
0.450887
0.465288
0.469832
0.476904
0.473496
0.466424
0.487703
0.478896
0.496511
0.505318
0.478896
0.459586
0.465288
0.531740
0.514125
0.531740
0.531740
0.475768
0.489975
0.492786
0.507590
0.523897
0.531030
0.524191
0.518015
0.530491
0.531324
0.546240
0.531740
0.615329
0.641068
0.589589
0.622366
0.652516
0.635491
0.592944
0.595421
0.617380
0.618928
0.623960
0.620605
0.619753
0.634567
0.626937
0.622695
0.645636
0.640145
0.655272
0.655030
0.531692
0.529780
0.530736
0.528824
0.529241
0.540977
0.564691
0.553130
0.565283
0.591023
0.570298
0.555365
0.664780
0.682344
0.657375
0.668625
0.688744
0.683807
0.640119
0.622536
0.640032
0.654820
0.645864
0.663601
0.644473
0.671635
0.663045
0.645308
0.698797
0.689928
0.707944
0.701544
0.616844
0.631624
0.616791
0.631571
0.640520
0.645878
0.622536
0.634461
0.651149
0.655999
0.653617
0.651236
0.634632
0.608646
0.650262
0.615561
0.599111
0.597364
0.649369
0.642170
0.621146
0.613814
0.599784
0.595617
0.531776
0.527341
0.568132
0.580565
0.528214
0.569879
0.543267
0.570752
0.567259
0.527341
0.605697
0.573172
0.527341
0.611611
0.643800
0.617524
0.649713
0.623437
0.645606
0.617827
0.629351
0.649713
0.606101
0.611712
0.581069
0.525460
0.518293
0.573374
0.670170
0.673743
0.671387
0.689977
0.683038
0.692411
0.672023
0.671387
0.697602
0.692411
0.702275
0.703226
0.684722
0.701179
0.694005
0.691757
0.687631
0.696553
0.712180
0.692962
0.701526
0.711957
0.693848
0.698875
0.683506
0.684143
0.667639
0.691984
0.698323
0.704368
0.380355
0.404371
0.349511
0.354252
0.486197
0.419482
0.326955
0.299787
0.297917
0.306811
0.324598
0.352766
0.371375
0.445436
0.400162
0.356447
0.524667
0.468689
0.565557
0.517941
0.347553
0.361614
0.324598
0.333492
0.351279
0.315705
0.304400
0.306811
0.312088
0.305605
0.330882
0.304400
0.304400
0.319777
0.297917
0.306811
0.315705
0.326377
0.342386
0.324598
0.402824
0.407365
0.338217
0.329041
0.378028
0.324453
0.323801
0.315895
0.314408
0.324236
0.310255
0.315278
0.362075
0.362855
0.329566
0.329566
0.382241
0.353541
0.463446
0.408200
0.348442
0.376756
0.319693
0.367318
0.388530
0.338569
0.309167
0.309602
0.309167
0.309602
0.309167
0.338134
0.319041
0.309167
0.367101
0.348007
0.360817
0.370924
0.400304
0.376756
0.309167
0.321199
0.320351
0.327215
0.330354
0.337551
0.329962
0.331535
0.358707
0.353902
0.365934
0.387452
0.344415
0.333492
0.345263
0.425585
0.393762
0.504608
0.457339
0.350756
0.400072
0.479157
0.531828
0.564565
0.520545
0.515535
0.481717
0.454004
0.498626
0.481717
0.447398
0.403745
0.435625
0.492990
0.474954
0.447398
0.458671
0.423851
0.423851
0.400304
0.388530
0.412077
0.380198
0.423851
0.376756
0.390492
0.381731
0.408562
0.481717
0.474954
0.438124
0.460401
0.507955
0.433759
0.434776
0.576219
0.605417
0.620015
0.620015
0.634711
0.656071
0.628362
0.605429
0.642961
0.649213
0.665869
0.675289
0.713120
0.690591
0.685393
0.685576
0.706620
0.671925
0.681656
0.699321
0.656927
0.595267
0.624987
0.583285
0.628864
0.624694
0.632752
0.621874
0.607014
0.640005
0.643165
0.647257
0.647257
0.668083
0.664457
0.577294
0.607014
0.562434
0.562434
0.550643
0.532714
0.580407
0.532714
0.529942
0.517854
0.484548
0.511958
0.517854
0.500328
0.500167
0.517854
0.488376
0.476585
0.503236
0.520923
0.471448
0.454917
0.518668
0.451332
0.446153
0.486542
0.563298
0.546188
0.531589
0.486542
0.448743
0.453922
0.728229
0.710814
0.726342
0.707286
0.729484
0.726342
0.723405
0.723634
0.755276
0.752166
0.746880
0.734904
0.724407
0.717247
0.747214
0.738307
0.764578
0.763836
0.728100
0.724503
0.711396
0.672195
0.716753
0.708938
0.690266
0.750388
0.742967
0.764578
0.764133
0.763942
0.764578
0.738475
0.729826
0.770710
0.755409
0.716610
0.747464
0.771001
0.767601
0.761774
0.763644
0.742461
0.763353
0.700165
0.718459
0.763353
0.730214
0.688529
0.725479
0.655958
0.694625
0.680506
0.663936
0.709322
0.661775
0.630759
0.690591
0.757451
0.735977
0.748224
0.719407
0.697270
0.670446
0.702705
0.734686
0.656038
0.673888
0.626169
0.597651
0.596395
0.659480
0.740741
0.717859
0.754278
0.762351
0.735433
0.760333
0.768689
0.756866
0.768104
0.758299
0.762980
0.765242
0.762723
0.749846
0.762988
0.767829
0.772710
0.770107
0.763167
0.775464
0.763469
0.741630
0.741479
0.746724
0.480775
0.489012
0.488395
0.494497
0.494155
0.494155
0.499546
0.494443
0.494036
0.489672
0.494036
0.496460
0.496460
0.496460
0.511379
0.501433
0.496460
0.501433
0.518701
0.502093
0.539918
0.549817
0.523855
0.590288
0.516352
0.532914
0.559468
0.592615
0.663936
0.632371
0.614151
0.563178
0.580934
0.652776
0.568277
0.641648
0.574345
0.526298
0.531270
0.531270
0.535734
0.540197
0.533502
0.578808
0.621852
0.641031
0.641834
0.618013
0.623947
0.639110
0.621333
0.585038
0.581839
0.597933
0.631915
0.626291
0.626291
0.623812
0.618189
0.606035
0.582961
0.528032
0.597933
0.610086
0.481431
0.551332
0.463916
0.493002
0.520923
0.519630
0.573623
0.531802
0.610212
0.513766
0.457569
0.560680
0.628374
0.628374
0.631498
0.603277
0.567732
0.534807
0.563028
0.605360
0.491679
0.506055
0.448551
0.434175
0.434175
0.462927
0.619471
0.600656
0.633581
0.631048
0.615671
0.631048
0.627038
0.630162
0.633408
0.629642
0.624282
0.624506
0.627039
0.631552
0.624645
0.627178
0.617227
0.603749
0.618494
0.627248
0.636064
0.618474
0.642277
0.641982
0.612883
0.653818
0.642866
0.660031
0.655309
0.659649
0.661185
0.656669
0.646313
0.644779
0.631790
0.639078
0.293962
0.314086
0.302877
0.298420
0.358792
0.307335
0.311792
0.307335
0.316250
0.383373
0.424203
0.403981
0.331916
0.372648
0.320707
0.424964
0.368244
0.339524
0.387008
0.353884
0.325165
0.353884
0.353884
0.316250
0.320707
0.458233
0.524148
0.443873
0.491357
0.533530
0.491357
0.451465
0.443873
0.474007
0.474007
0.396310
0.404608
0.439308
0.439308
0.421958
0.456657
0.456657
0.520878
0.533530
0.474007
0.333966
0.365671
0.309442
0.265179
0.379927
0.336257
0.276142
0.265179
0.302957
0.345032
0.332588
0.313920
0.334662
0.303550
0.313920
0.359132
0.316737
0.315625
0.326713
0.276142
0.287105
0.265179
0.265179
0.265179
0.270660
0.360964
0.384127
0.357389
0.402728
0.382153
0.431803
0.345583
0.366876
0.446455
0.441289
0.554319
0.506031
0.504615
0.557696
0.479070
0.457079
0.437921
0.420894
0.395355
0.430118
0.590203
0.601534
0.520995
0.622709
0.620248
0.601417
0.345032
0.414241
0.372850
0.478410
0.512317
0.434920
0.596790
0.575703
0.596790
0.404246
0.404452
0.396963
0.425683
0.390298
0.411529
0.356895
0.402754
0.402754
0.425683
0.396963
0.396963
0.512412
0.473821
0.438234
0.457256
0.464191
0.402163
0.400189
0.433400
0.383140
0.420824
0.388075
0.388075
0.386101
0.388075
0.386101
0.386101
0.388075
0.383140
0.409543
0.381166
0.369481
0.410150
0.316811
0.386075
0.427094
0.410150
0.460208
0.443263
0.465339
0.379556
0.436745
0.465339
0.293773
0.350962
0.265179
0.265179
0.539830
0.540017
0.556683
0.556496
0.563499
0.567090
0.566720
0.566533
0.580718
0.584001
0.584430
0.594345
0.591489
0.597936
0.603656
0.602408
0.601527
0.595080
0.601126
0.590754
0.613871
0.638502
0.596684
0.576757
0.504191
0.535012
0.511645
0.510388
0.508193
0.564090
0.544385
0.530462
0.546459
0.526573
0.546459
0.528782
0.546459
0.553088
0.533202
0.526573
0.657468
0.650272
0.656171
0.657468
0.632574
0.649289
0.657397
0.662722
0.645321
0.620775
0.614875
0.618688
0.633698
0.628222
0.637326
0.633342
0.623773
0.652713
0.648453
0.665174
0.671457
0.669274
0.660806
0.629349
0.595897
0.584505
0.634684
0.592247
0.567165
0.584505
0.634684
0.559109
0.605324
0.616348
0.607443
0.591332
0.579248
0.552014
0.543297
0.567314
0.600842
0.543147
0.543147
0.567779
0.617958
0.617958
0.584505
0.628222
0.634291
0.628222
0.634291
0.643395
0.643395
0.622285
0.617264
0.615277
0.660608
0.638073
0.661083
0.652606
0.667841
0.658890
0.527322
0.516596
0.527335
0.523383
0.493789
0.494630
0.495231
0.503618
0.521727
0.557141
0.527335
0.514038
0.584505
0.543147
0.584505
0.551053
0.329736
0.356480
0.323875
0.330837
0.350620
0.337798
0.337798
0.337798
0.337798
0.337798
0.337798
0.337798
0.377177
0.377177
0.357488
0.337798
0.436247
0.377177
0.475626
0.416557
0.337798
0.337798
0.337798
0.357488
0.345696
0.404765
0.396867
0.337798
0.483068
0.455936
0.496067
0.486738
0.337798
0.314214
0.337798
0.337798
0.314214
0.337798
0.337798
0.337798
0.323875
0.330837
0.241958
0.218576
0.283148
0.293069
0.242421
0.290109
0.278317
0.290629
0.314214
0.313954
0.272185
0.272185
0.302991
0.289068
0.285722
0.289068
0.323875
0.302991
0.308851
0.289068
0.279030
0.289068
0.552956
0.593391
0.610247
0.634648
0.504263
0.516996
0.552136
0.585632
0.643233
0.676577
0.657428
0.617668
0.632133
0.580246
0.528217
0.582882
0.552136
0.638024
0.594301
0.672760
0.667488
0.499227
0.499227
0.521926
0.550060
0.570337
0.561568
0.483529
0.505604
0.584737
0.590021
0.612719
0.624228
0.601211
0.624502
0.599841
0.616879
0.609392
0.609600
0.594625
0.514614
0.551550
0.555736
0.555736
0.579789
0.587277
0.594764
0.602252
0.405620
0.414046
0.463714
0.415813
0.424994
0.479951
0.474281
0.513732
0.512807
0.544089
0.551145
0.551332
0.480963
0.434175
0.434175
0.504731
0.481431
0.458131
0.414706
0.438007
0.374458
0.314086
0.354334
0.393849
0.374458
0.453487
0.424402
0.342841
0.342841
0.357708
0.387952
0.401359
0.410507
0.364887
0.372575
0.455618
0.433063
0.478173
0.500729
0.455618
0.495839
0.433063
0.500729
0.500729
0.500729
0.500729
0.417686
0.440241
0.428281
0.431698
0.455848
0.478288
0.497122
0.489508
0.389493
0.381044
0.422187
0.422187
0.363593
0.372594
0.396839
0.413738
0.453936
0.438062
0.453936
0.465156
0.453936
0.405288
0.458305
0.405288
0.379940
0.379940
0.421974
0.379940
0.461731
0.425531
0.493038
0.472795
0.562191
0.522279
0.499808
0.519974
0.512964
0.490494
0.480237
0.490320
0.464816
0.524583
0.535434
0.513732
0.492030
0.492030
0.459477
0.445245
0.462571
0.440501
0.455922
0.445839
0.456121
0.478012
0.443564
0.463994
0.535434
0.516591
0.519450
0.497594
0.485244
0.461874
0.467746
0.502872
0.444257
0.450129
0.446153
0.443564
0.510269
0.509079
0.526847
0.524468
0.523873
0.543079
0.535434
0.535434
0.544863
0.554293
0.572557
0.573152
0.554145
0.533502
0.535734
0.582581
0.554293
0.592011
0.563722
0.535434
0.534666
0.592747
0.556075
0.611016
0.586879
0.606339
0.603400
0.516352
0.503982
0.531270
0.511503
0.486763
0.489187
0.481915
0.491736
0.494285
0.479491
0.516476
0.531270
0.467746
0.467746
0.450129
0.450129
0.486763
0.473619
0.472595
0.456002
0.449738
0.475259
0.438385
0.440974
0.491654
0.485956
0.494271
0.488159
0.491612
0.488477
0.477120
0.480494
0.476585
0.476585
0.476585
0.482480
0.510750
0.508212
0.497684
0.510388
0.521325
0.502020
0.493240
0.493909
0.499657
0.502568
0.506486
0.539830
0.519944
0.606299
0.612233
0.614875
0.614875
0.620441
0.625793
0.614875
0.620775
0.632574
0.658764
0.644372
0.660060
0.643492
0.650985
0.629945
0.673088
0.696994
0.692696
0.678361
0.723429
0.719942
0.723966
0.662809
0.695062
0.733512
0.735423
0.736429
0.741865
0.737590
0.746873
0.743536
0.721561
0.730800
0.739803
0.738501
0.745842
0.738370
0.729053
0.735281
0.726690
0.731929
0.706254
0.715219
0.706396
0.719807
0.706111
0.720289
0.702073
0.718270
0.718443
0.714233
0.710195
0.712214
0.710194
0.714232
0.686866
0.698035
0.639194
0.604535
0.666512
0.601650
0.567527
0.628431
0.676500
0.676500
0.663627
0.650755
0.612138
0.635390
0.590351
0.555191
0.564106
0.632897
0.661135
0.651164
0.671306
0.676500
0.681069
0.675641
0.683145
0.661310
0.671098
0.659051
0.659051
0.550346
0.539406
0.554947
0.543138
0.536798
0.558678
0.577339
0.566617
0.568749
0.568749
0.612984
0.588078
0.581396
0.580272
0.562114
0.565679
0.551868
0.548442
0.539022
0.544492
0.594318
0.619145
0.573678
0.599306
0.619261
0.573268
0.576054
0.573179
0.554783
0.561311
0.578198
0.570393
0.605957
0.623252
0.619261
0.599306
0.655950
0.663694
0.659936
0.657276
0.667214
0.663405
0.661266
0.660293
0.662596
0.672975
0.677926
0.675014
0.669254
0.671381
0.665533
0.665533
0.669938
0.662596
0.663310
0.662774
0.672874
0.675871
0.677189
0.679582
0.679479
0.679589
0.684139
0.682696
0.674098
0.674625
0.680106
0.685649
0.680670
0.678560
0.685986
0.683759
0.682499
0.673048
0.685693
0.682499
0.673048
0.685693
0.676546
0.681033
0.675165
0.681033
0.679511
0.687212
0.681033
0.675165
0.690935
0.685693
0.689954
0.684499
0.678351
0.683575
0.671023
0.669643
0.671023
0.668262
0.668262
0.668262
0.672404
0.667453
0.654817
0.662487
0.654131
0.662610
0.654131
0.652435
0.659783
0.662610
0.648738
0.674575
0.694144
0.665199
0.671355
0.707635
0.711275
0.673832
0.745537
0.667716
0.669632
0.695318
0.703996
0.728182
0.736860
0.758678
0.756050
0.750794
0.750794
0.752882
0.748165
0.732720
0.712773
0.688441
0.719909
0.677407
0.657573
0.642817
0.651121
0.646502
0.631745
0.626583
0.637042
0.626583
0.635430
0.603356
0.619197
0.620674
0.604758
0.615671
0.571545
0.579407
0.598278
0.588843
0.586353
0.607713
0.587335
0.584845
0.610943
0.605223
0.586374
0.625374
0.615521
0.585961
0.632515
0.635227
0.614760
0.597874
0.639214
0.646926
0.653553
0.642558
0.654256
0.647628
0.664055
0.651557
0.652318
0.658906
0.637312
0.642821
0.632564
0.609788
0.623471
0.660608
0.660188
0.660746
0.657942
0.657942
0.658782
0.660884
0.655006
0.646916
0.644510
0.653660
0.653325
0.658110
0.657942
0.657942
0.657942
0.560643
0.543224
0.566090
0.581198
0.539035
0.546516
0.589162
0.600170
0.572609
0.534686
0.530050
0.532094
0.535428
0.532383
0.552464
0.569499
0.540361
0.599717
0.616233
0.603177
0.540192
0.531262
0.537388
0.540179
0.531262
0.536826
0.540722
0.541846
0.540160
0.530700
0.536263
0.539597
0.557392
0.547974
0.547721
0.548537
0.543448
0.538787
0.539906
0.544826
0.527382
0.547277
0.555521
0.535626
0.572008
0.572008
0.563765
0.550652
0.580252
0.583705
0.578435
0.581310
0.588496
0.588662
0.588496
0.588496
0.593619
0.588496
0.557400
0.572008
0.601303
0.591389
0.606426
0.596512
0.574124
0.581476
0.571728
0.581642
0.581642
0.571728
0.596512
0.611979
0.562058
0.562058
0.552388
0.547552
0.571684
0.562058
0.548372
0.547552
0.512951
0.531471
0.531471
0.518649
0.537882
0.537882
0.537882
0.542717
0.504814
0.493006
0.530264
0.509199
0.498403
0.514597
0.556985
0.541879
0.523975
0.530790
0.523975
0.525392
0.515098
0.508068
0.507638
0.514597
0.590060
0.571017
0.584338
0.595699
0.551660
0.564982
0.596638
0.606351
0.578616
0.542876
0.534957
0.539221
0.542876
0.539221
0.556197
0.569518
0.545881
0.591937
0.617004
0.601964
0.540474
0.534634
0.545908
0.546147
0.534467
0.545551
0.558485
0.557610
0.558247
0.533130
0.545313
0.558008
0.589748
0.577052
0.589748
0.577171
0.576214
0.554298
0.561685
0.571062
0.602304
0.612798
0.612798
0.612798
0.602919
0.611538
0.626013
0.632620
0.623472
0.593041
0.606986
0.617638
0.629571
0.636687
0.652443
0.645836
0.573933
0.552018
0.593041
0.571524
0.544845
0.593925
0.596333
0.602919
0.590311
0.600510
0.581317
0.587019
0.554062
0.530442
0.538877
0.566131
0.677900
0.670605
0.663310
0.656015
0.656961
0.640540
0.648719
0.641424
0.632837
0.632837
0.615664
0.620161
0.616479
0.598898
0.627584
0.643318
0.585814
0.598490
0.581317
0.580819
0.641424
0.624251
0.642867
0.606579
0.574967
0.544480
0.588908
0.626638
0.535893
0.554062
0.535893
0.563147
0.711473
0.711226
0.721176
0.715476
0.681375
0.711226
0.709777
0.698378
0.712275
0.661474
0.651524
0.657376
0.687227
0.679928
0.700725
0.702671
0.699278
0.697674
0.686978
0.692678
0.695180
0.680239
0.693387
0.677900
0.650081
0.660343
0.647196
0.657457
0.656015
0.642867
0.670605
0.685195
0.644310
0.647196
0.645753
0.648638
0.651524
0.650081
0.651524
0.651524
0.621400
0.651524
0.651524
0.643202
0.635196
0.650081
0.615982
0.647196
0.618237
0.596149
0.634881
0.593272
0.587828
0.628187
0.661474
0.673053
0.659680
0.674682
0.623136
0.629816
0.579237
0.561698
0.587828
0.593272
0.515888
0.515888
0.515888
0.515888
0.532739
0.515888
0.494536
0.515888
0.473183
0.566442
0.586663
0.578917
0.515888
0.547490
0.473183
0.409124
0.499084
0.430477
0.451830
0.451830
0.591319
0.624071
0.681279
0.692678
0.641946
0.644347
0.683749
0.709777
0.709777
0.696224
0.698378
0.686978
0.671273
0.658797
0.640525
0.608219
0.616995
0.646322
0.582592
0.582592
0.454457
0.480084
0.531338
0.505711
0.522820
0.556965
0.553963
0.570999
0.454457
0.460216
0.514487
0.454457
0.465976
0.472009
0.557666
0.515188
0.486455
0.498337
0.448245
0.480785
0.439469
0.445886
0.465976
0.463233
0.255253
0.255253
0.255253
0.255253
0.345601
0.329720
0.255253
0.288405
0.288405
0.255253
0.325639
0.329720
0.441421
0.420764
0.441421
0.435949
0.453915
0.396024
0.433258
0.391943
0.317495
0.338133
0.330009
0.371285
0.315026
0.335664
0.371285
0.330009
0.335664
0.371285
0.394879
0.403824
0.316996
0.282308
0.273977
0.278142
0.233366
0.259621
0.268992
0.269812
0.275684
0.184425
0.170888
0.170888
0.214845
0.187771
0.231727
0.251956
0.204654
0.279030
0.268992
0.275684
0.170888
0.170888
0.170888
0.170888
0.170888
0.170888
0.170888
0.170888
0.202848
0.210838
0.186868
0.178878
0.218962
0.186868
0.262723
0.214774
0.186868
0.210838
0.170888
0.186868
0.210838
0.170888
0.170888
0.170888
0.170888
0.170888
0.192298
0.170888
0.170888
0.188590
0.170888
0.170888
0.194858
0.218828
0.210838
0.186868
0.232846
0.247283
0.290163
0.279314
0.222722
0.269291
0.306316
0.294803
0.313991
0.321666
0.305915
0.302478
0.530296
0.501763
0.440968
0.421490
0.384844
0.406320
0.340843
0.399226
0.318504
0.273977
0.318399
0.442989
0.516098
0.389461
0.645626
0.627280
0.616670
0.599243
0.598543
0.530414
0.582224
0.606887
0.426040
0.488770
0.321666
0.357483
0.546978
0.539173
0.567572
0.556946
0.528108
0.530064
0.536715
0.548489
0.564092
0.552970
0.574718
0.587012
0.560925
0.565438
0.544018
0.558260
0.563590
0.546989
0.529775
0.532746
0.538688
0.532746
0.544631
0.544324
0.567274
0.587599
0.565035
0.555596
0.614209
0.550640
0.680028
0.629678
0.515285
0.564192
0.710300
0.699224
0.680501
0.635566
0.613098
0.568163
0.568163
0.554944
0.528504
0.704720
0.683973
0.649765
0.680919
0.678045
0.637148
0.664892
0.634620
0.589493
0.619774
0.611000
0.626344
0.521459
0.537120
0.542262
0.572239
0.577272
0.589799
0.562749
0.605554
0.589799
0.642478
0.624918
0.666189
0.666189
0.636774
0.599864
0.589582
0.557510
0.570429
0.557510
0.540819
0.579025
0.536246
0.525259
0.557510
0.538919
0.644739
0.651598
0.622730
0.628742
0.651968
0.626941
0.573218
0.587277
0.584628
0.581980
0.625140
0.658132
0.602313
0.622057
0.594795
0.634468
0.643270
0.630067
0.587277
0.630067
0.652075
0.652075
0.669330
0.656476
0.643696
0.645292
0.648482
0.652736
0.652037
0.656990
0.651903
0.653806
0.655324
0.654863
0.657451
0.659117
0.657557
0.657445
0.658448
0.657950
0.651914
0.658448
0.652079
0.658279
0.657458
0.660140
0.655785
0.659143
0.662835
0.655627
0.654952
0.654952
0.653285
0.653285
0.653285
0.652599
0.657633
0.663845
0.662158
0.650538
0.651912
0.648478
0.649851
0.650236
0.651991
0.647567
0.648781
0.643955
0.647328
0.646865
0.645043
0.648478
0.648478
0.648478
0.648478
0.643142
0.655093
0.643684
0.650203
0.668129
0.644227
0.645521
0.644227
0.638911
0.638911
0.690666
0.659496
0.597233
0.608826
0.592695
0.568497
0.616892
0.616892
0.576563
0.560431
0.594167
0.616892
0.614522
0.602012
0.610298
0.590518
0.597111
0.546644
0.546248
0.576698
0.577330
0.539022
0.561406
0.543304
0.556149
0.551868
0.570737
0.534823
0.570737
0.548537
0.515237
0.570737
0.605219
0.587131
0.595239
0.580538
0.580538
0.595239
0.548537
0.493038
0.515237
0.615892
0.605040
0.641094
0.629232
0.619204
0.614124
0.624901
0.627213
0.643004
0.643688
0.653425
0.663845
0.645381
0.633985
0.639683
0.628288
0.622590
0.616892
0.627542
0.608826
0.640349
0.628454
0.652078
0.645880
0.416743
0.426867
0.452101
0.458780
0.466623
0.477351
0.465832
0.462270
0.468058
0.472510
0.482697
0.482697
0.512740
0.504372
0.496294
0.490423
0.528252
0.498618
0.530459
0.515408
0.463605
0.470284
0.463605
0.487074
0.514920
0.483491
0.532197
0.530459
0.491859
0.469747
0.496695
0.485639
0.459153
0.464450
0.464877
0.475472
0.538222
0.564830
0.518802
0.489618
0.564830
0.523672
0.578065
0.523672
0.480304
0.499320
0.460433
0.462141
0.462141
0.439232
0.461379
0.426448
0.389290
0.418032
0.462141
0.462141
0.589963
0.589963
0.588822
0.589963
0.553735
0.557473
0.587110
0.585969
0.586540
0.588251
0.560245
0.556902
0.476247
0.472509
0.508737
0.512651
0.461295
0.501262
0.450082
0.493786
0.489700
0.480731
0.532239
0.494184
0.489700
0.514343
0.585969
0.574779
0.585969
0.552398
0.550012
0.575631
0.515589
0.494184
0.503153
0.552294
0.569179
0.498372
0.534700
0.586869
0.587769
0.589569
0.571879
0.536499
0.592269
0.480730
0.462141
0.592269
0.591039
0.592269
0.591610
0.588910
0.590051
0.590622
0.598227
0.605504
0.477086
0.484895
0.426760
0.438412
0.500389
0.464170
0.391928
0.391928
0.391928
0.391928
0.402193
0.427951
0.453513
0.469007
0.463974
0.422721
0.474238
0.484698
0.479468
0.489929
0.429086
0.449614
0.402193
0.431552
0.455979
0.411024
0.391928
0.391928
0.404659
0.404659
0.423755
0.423755
0.430120
0.467017
0.449083
0.469007
0.463777
0.489895
0.476836
0.463777
0.463777
0.474449
0.469113
0.508992
0.534409
0.500567
0.485120
0.555191
0.516014
0.555191
0.529073
0.501128
0.501128
0.485120
0.501128
0.501128
0.495792
0.469113
0.479784
0.486022
0.501128
0.523972
0.508742
0.608299
0.592989
0.608299
0.577679
0.562368
0.547058
0.613461
0.628946
0.608061
0.577679
0.559531
0.531748
0.501128
0.516574
0.516438
0.539363
0.539744
0.564416
0.555191
0.579863
0.638031
0.604811
0.641955
0.616871
0.616871
0.641543
0.579863
0.555191
0.665548
0.676370
0.658157
0.668453
0.676370
0.668453
0.651902
0.641330
0.642990
0.661756
0.652402
0.661922
0.648136
0.662264
0.658657
0.652126
0.676007
0.665187
0.686838
0.679977
0.645596
0.645596
0.639616
0.612585
0.566425
0.609595
0.633746
0.636902
0.624667
0.617131
0.573594
0.597636
0.563068
0.474371
0.533414
0.611151
0.627491
0.617652
0.622814
0.635961
0.633137
0.641607
0.630799
0.626122
0.639269
0.612976
0.610637
0.644018
0.644431
0.642780
0.643605
0.647862
0.651294
0.662231
0.650171
0.641543
0.520474
0.520474
0.513526
0.518047
0.520474
0.518047
0.493971
0.476842
0.474153
0.514406
0.486762
0.514406
0.538936
0.542599
0.514406
0.499370
0.553615
0.526635
0.543742
0.537651
0.474153
0.511620
0.461545
0.448937
0.461366
0.436328
0.454932
0.448937
0.442324
0.423720
0.423720
0.442324
0.423720
0.440144
0.423720
0.532853
0.548458
0.540656
0.555779
0.563101
0.570422
0.548458
0.548458
0.545022
0.563101
0.566986
0.577744
0.599708
0.599708
0.592387
0.599708
0.599708
0.585065
0.606370
0.579604
0.568432
0.564580
0.545471
0.531073
0.529452
0.519077
0.526942
0.530828
0.489914
0.491233
0.478036
0.468398
0.492683
0.518487
0.511793
0.458888
0.469646
0.449378
0.452333
0.540656
0.498872
0.509538
0.478512
0.528723
0.508318
0.475821
0.488687
0.468295
0.457844
0.434039
0.439867
0.501508
0.528851
0.501644
0.504064
0.531407
0.496397
0.525051
0.517248
0.509446
0.498953
0.531407
0.506620
0.581299
0.563617
0.593728
0.585848
0.570793
0.580595
0.591101
0.587950
0.583222
0.585848
0.580595
0.580595
0.560920
0.570758
0.560920
0.560920
0.570206
0.599167
0.547178
0.617739
0.608665
0.599167
0.640768
0.627024
0.645596
0.652468
0.604978
0.514866
0.666212
0.673084
0.676349
0.686827
0.607259
0.643607
0.639575
0.680168
0.693699
0.653106
0.693699
0.690093
0.617430
0.612512
0.556716
0.598981
0.598981
0.598981
0.574123
0.536478
0.506642
0.632158
0.621911
0.632158
0.632158
0.591171
0.601418
0.637765
0.643372
0.632158
0.631524
0.611664
0.580924
0.611030
0.570678
0.560431
0.627586
0.645943
0.654323
0.663556
0.648980
0.656189
0.660996
0.665802
0.663556
0.665802
0.660188
0.657942
0.656305
0.651441
0.642060
0.641944
0.646577
0.637022
0.632332
0.632506
0.632564
0.598492
0.610156
0.563731
0.570637
0.615988
0.579922
0.540993
0.547899
0.551351
0.541782
0.548293
0.597219
0.585754
0.632729
0.621542
0.603250
0.614201
0.580038
0.611584
0.613217
0.610275
0.561587
0.591824
0.612180
0.607657
0.615176
0.607657
0.596220
0.606026
0.591318
0.594587
0.614198
0.606028
0.594587
0.601125
0.604394
0.610932
0.614200
0.619428
0.535515
0.535515
0.551458
0.535515
0.535515
0.551458
0.575374
0.575374
0.571349
0.541575
0.526348
0.533603
0.494952
0.478166
0.490724
0.486496
0.458094
0.482268
0.514581
0.494448
0.478040
0.478040
0.478040
0.478040
0.472103
0.448358
0.460231
0.478040
0.486250
0.494461
0.502672
0.506642
0.510883
0.527304
0.519093
0.510883
0.424327
0.416019
0.460463
0.452156
0.410339
0.440110
0.476247
0.476247
0.480731
0.477654
0.451216
0.423326
0.450082
0.483170
0.453820
0.463833
0.505229
0.433467
0.465033
0.440942
0.408544
0.427881
0.515760
0.473742
0.565883
0.551825
0.561537
0.546585
0.545691
0.533422
0.562432
0.541346
0.516259
0.494200
0.516259
0.529580
0.563873
0.554411
0.573335
0.557306
0.546857
0.568392
0.576490
0.574701
0.572017
0.564085
0.544080
0.556153
0.526511
0.541820
0.521391
0.539218
0.541820
0.549375
0.520567
0.530724
0.544288
0.551036
0.549375
0.541820
0.510202
0.506579
0.513753
0.506794
0.506579
0.506938
0.513753
0.511201
0.520947
0.517902
0.523526
0.517878
0.267045
0.267045
0.247129
0.255253
0.255253
0.255253
0.226818
0.234942
0.234942
0.247129
0.255253
0.263705
0.255253
0.255253
0.255253
0.276218
0.251518
0.288732
0.247456
0.226818
0.226818
0.226818
0.226818
0.226818
0.226818
0.270922
0.268094
0.496171
0.492502
0.455360
0.462228
0.488833
0.402256
0.341801
0.383067
0.293499
0.367001
0.322443
0.275546
0.382416
0.443625
0.409020
0.275546
0.262017
0.262017
0.255253
0.278837
0.278837
0.278837
0.255253
0.255253
0.479531
0.470229
0.488833
0.488833
0.470229
0.488833
0.488833
0.488833
0.488833
0.492502
0.488833
0.470229
0.488833
0.490640
0.488833
0.493353
0.504201
0.488833
0.488833
0.488833
0.482837
0.501179
0.515954
0.506913
0.527673
0.563170
0.505467
0.533743
0.569337
0.511438
0.503477
0.505467
0.509448
0.511438
0.515419
0.515419
0.515419
0.582627
0.549023
0.513428
0.509448
0.512160
0.505650
0.505467
0.499861
0.494256
0.500766
0.511797
0.659907
0.651678
0.668136
0.664022
0.643449
0.655793
0.665469
0.668136
0.668136
0.639067
0.647296
0.627989
0.651678
0.592953
0.639335
0.670034
0.670508
0.669560
0.669085
0.696640
0.668611
0.665943
0.668136
0.677481
0.695055
0.736705
0.708832
0.665245
0.679435
0.663949
0.664836
0.708704
0.682098
0.660060
0.662244
0.665315
0.670570
0.696701
0.737498
0.665245
0.662675
0.663949
0.665245
0.657536
0.665245
0.662652
0.665245
0.665245
0.665245
0.652396
0.660105
0.598861
0.611367
0.568597
0.581102
0.631125
0.612310
0.559717
0.559717
0.574792
0.617449
0.642460
0.649827
0.559717
0.547841
0.559717
0.556721
0.512213
0.577476
0.559717
0.577476
0.604115
0.583359
0.488461
0.541848
0.479260
0.477655
0.505554
0.489531
0.476585
0.500337
0.531008
0.499490
0.517460
0.535965
0.512213
0.488461
0.610994
0.588279
0.601182
0.571212
0.553660
0.541243
0.494838
0.532062
0.577492
0.342841
0.319777
0.321893
0.321188
0.296712
0.310269
0.300945
0.307928
0.309154
0.324035
0.310381
0.294187
0.299350
0.306811
0.289023
0.502697
0.515823
0.420222
0.492986
0.555200
0.434188
0.337747
0.381532
0.365678
0.424477
0.545489
0.460439
0.641076
0.617566
0.646628
0.622988
0.600389
0.592816
0.643428
0.634353
0.591055
0.547756
0.555200
0.581451
0.658117
0.654917
0.664517
0.664517
0.658117
0.667717
0.655441
0.661841
0.665171
0.674117
0.676726
0.667717
0.476800
0.588153
0.417030
0.538776
0.618900
0.638226
0.408150
0.507854
0.617696
0.654917
0.654917
0.659986
0.265179
0.265179
0.265179
0.265179
0.281118
0.304165
0.322367
0.343151
0.409850
0.359591
0.340711
0.320605
0.293722
0.306255
0.274869
0.277747
0.325566
0.287403
0.288108
0.265179
0.265179
0.265179
0.297058
0.328937
0.357918
0.363708
0.322603
0.339840
0.337373
0.307489
0.309428
0.312566
0.315705
0.436287
0.403098
0.469477
0.469195
0.386503
0.468913
0.535010
0.628783
0.597526
0.535010
0.613839
0.551323
0.615207
0.537515
0.551042
0.630152
0.494578
0.452319
0.498830
0.404608
0.465006
0.515879
0.473107
0.445304
0.458505
0.558445
0.500535
0.462063
0.421460
0.432113
0.434175
0.434175
0.543107
0.521014
0.517630
0.541444
0.502405
0.501986
0.473126
0.485494
0.473126
0.483177
0.468491
0.579697
0.582439
0.569810
0.587770
0.593468
0.563039
0.527239
0.564172
0.582309
0.599073
0.599293
0.514324
0.539924
0.518471
0.535405
0.565524
0.558746
0.511140
0.545360
0.547112
0.541669
0.581124
0.570069
0.583176
0.577363
0.647263
0.610801
0.569009
0.571347
0.566565
0.560747
0.531998
0.502604
0.549228
0.519442
0.520205
0.514324
0.488024
0.452109
0.459333
0.587765
0.533616
0.662180
0.608341
0.486873
0.563614
0.702623
0.708526
0.702994
0.684772
0.698624
0.655853
0.612179
0.680321
0.529503
0.480487
0.645096
0.606398
0.678194
0.637891
0.582086
0.615601
0.711292
0.670989
0.632150
0.594151
0.612866
0.574518
0.589461
0.576314
0.590663
0.582263
0.568731
0.569753
0.587754
0.579354
0.567482
0.560537
0.560537
0.572024
0.562171
0.584327
0.563804
0.614704
0.601982
0.629803
0.628568
0.590077
0.616663
0.603555
0.620431
0.645622
0.621666
0.654711
0.634172
0.368845
0.343494
0.447477
0.432568
0.296765
0.422642
0.525078
0.510169
0.491995
0.262454
0.219176
0.336544
0.393069
0.475497
0.471328
0.601683
0.634018
0.516169
0.483835
0.675307
0.573339
0.684262
0.627606
0.602960
0.592274
0.657783
0.707411
0.612019
0.652970
0.728182
0.702598
0.577981
0.629433
0.629433
0.618932
0.631340
0.661789
0.688999
0.719987
0.682915
0.633246
0.755511
0.730495
0.756050
0.748165
0.693794
0.683401
0.675964
0.677288
0.641733
0.641749
0.658133
0.598783
0.604921
0.662922
0.582441
0.636978
0.510196
0.495779
0.555138
0.559961
0.523030
0.582390
0.567990
0.600064
0.568189
0.514776
0.568388
0.538795
0.501925
0.511327
0.565679
0.554161
0.577981
0.629433
0.571068
0.610455
0.635153
0.635153
0.563536
0.563536
0.635361
0.563745
0.450391
0.348058
0.415987
0.464066
0.429662
0.477742
0.507503
0.578255
0.515874
0.445330
0.639801
0.601877
0.656487
0.637477
0.508166
0.537482
0.434576
0.457755
0.537482
0.444267
0.336785
0.262173
0.270183
0.372833
0.254353
0.359345
0.167662
0.277532
0.318438
0.213446
0.419190
0.419190
0.492522
0.515002
0.513443
0.459982
0.574298
0.500774
0.146955
0.297403
0.202528
0.373897
0.450391
0.258102
0.542615
0.614232
0.282567
0.393069
0.259650
0.396383
0.460999
0.533117
0.329372
0.377709
0.377709
0.411852
0.451559
0.541949
0.546795
0.563335
0.615799
0.525408
0.508879
0.533117
0.476667
0.476667
0.240496
0.178614
0.300144
0.221640
0.162784
0.116492
0.231783
0.094810
0.158462
0.203573
0.127934
0.137432
0.071686
0.081184
0.081184
0.071686
0.100662
0.100662
0.126247
0.146955
0.105540
0.095784
0.100662
0.147154
0.071686
0.081184
0.148589
0.177155
0.273125
0.281739
0.203402
0.136364
0.334937
0.334937
0.242375
0.293052
0.334937
0.312875
0.149813
0.115909
0.152726
0.220313
0.192372
0.259959
0.242030
0.289393
0.279782
0.232018
0.323906
0.312875
0.430172
0.382554
0.063539
0.064507
0.090819
0.069108
0.067049
0.072135
0.123325
0.104717
0.072151
0.083178
0.041831
0.053341
0.021336
0.053341
0.053341
0.021336
0.074677
0.074677
0.069592
0.069592
0.069592
0.081003
0.113098
0.093655
0.021336
0.059667
0.051628
0.065993
0.095639
0.098915
0.168015
0.227180
0.136824
0.153818
0.167762
0.167762
0.173641
0.167762
0.167762
0.206590
0.206590
0.167762
0.206590
0.167762
0.206590
0.167762
0.167762
0.206590
0.167762
0.167762
0.204896
0.193465
0.045478
0.061483
0.072915
0.068426
0.020494
0.047932
0.123572
0.170757
0.152345
0.111872
0.134433
0.102916
0.125477
0.102916
0.102916
0.125477
0.071898
0.047932
0.023966
0.000000
0.047932
0.095864
0.071898
0.119830
0.125477
0.126882
0.133934
0.159305
0.167762
0.170262
0.143796
0.095864
0.236961
0.264832
0.247918
0.303660
0.264832
0.303660
0.268048
0.311483
0.353985
0.323790
0.353985
0.323790
0.323790
0.303660
0.313725
0.343920
0.303660
0.303660
0.264832
0.264832
0.162299
0.144387
0.153343
0.135431
0.126475
0.117519
0.153343
0.200789
0.170047
0.126475
0.143656
0.108563
0.135177
0.108563
0.108563
0.135177
0.108563
0.108563
0.108563
0.108563
0.108563
0.108563
0.108563
0.108563
0.148484
0.121870
0.196419
0.159806
0.212306
0.244353
0.164305
0.172762
0.315593
0.330224
0.272646
0.326077
0.359484
0.395082
0.314279
0.391879
0.430680
0.547567
0.510639
0.440138
0.432949
0.371658
0.398290
0.248235
0.217970
0.360111
0.318616
0.192056
0.262430
0.495660
0.421973
0.361618
0.170648
0.261893
0.189286
0.197765
0.175098
0.183577
0.186041
0.217385
0.219345
0.244539
0.204959
0.250212
0.277366
0.264536
0.266335
0.683352
0.674924
0.672288
0.669272
0.672288
0.665395
0.675678
0.665484
0.657149
0.651608
0.655055
0.659730
0.663240
0.648162
0.648162
0.648002
0.661454
0.655979
0.647681
0.647681
0.649516
0.640656
0.647801
0.635428
0.640931
0.644878
0.647681
0.645452
0.645500
0.638764
0.671875
0.656521
0.639587
0.661316
0.637490
0.641060
0.644627
0.640993
0.680198
0.680198
0.677938
0.692009
0.681173
0.706611
0.715769
0.697177
0.583254
0.620120
0.566234
0.663201
0.663201
0.619532
0.477860
0.517045
0.553323
0.594003
0.603632
0.632115
0.620652
0.603632
0.660597
0.647658
0.668927
0.664385
0.664317
0.666154
0.578478
0.621270
0.528169
0.600202
0.642995
0.534622
0.477860
0.452705
0.605674
0.510853
0.648801
0.579134
0.648801
0.648801
0.653534
0.644715
0.768456
0.786463
0.794938
0.769581
0.826250
0.834486
0.774844
0.789088
0.826926
0.878913
0.889568
0.862345
0.887947
0.874582
0.874582
0.856063
0.853579
0.869154
0.860435
0.863057
0.821411
0.770560
0.798684
0.779287
0.800023
0.782512
0.794476
0.799196
0.778337
0.813492
0.819782
0.835047
0.842980
0.851596
0.835648
0.645762
0.647149
0.642884
0.641411
0.646780
0.644888
0.641566
0.641644
0.645381
0.651392
0.657266
0.647483
0.676954
0.676091
0.660938
0.662343
0.660103
0.653505
0.641722
0.641722
0.647613
0.667600
0.678837
0.665039
0.665039
0.683571
0.665039
0.650415
0.658040
0.661531
0.667032
0.690464
0.699638
0.680386
0.667192
0.703503
0.680424
0.700939
0.693799
0.680424
0.793177
0.806378
0.806272
0.816542
0.815714
0.788077
0.821155
0.822624
0.822630
0.823128
0.835092
0.837515
0.826664
0.825683
0.765836
0.800356
0.820980
0.811647
0.799874
0.817203
0.808994
0.780770
0.762829
0.772417
0.787238
0.762436
0.772255
0.817598
0.794990
0.806928
0.787234
0.792928
0.780439
0.787254
0.795543
0.768189
0.772980
0.765209
0.766767
0.761996
0.758285
0.794830
0.792690
0.803371
0.790842
0.777032
0.795825
0.814041
0.804921
0.784279
0.793806
0.776747
0.786286
0.760093
0.749916
0.761374
0.780022
0.859318
0.845543
0.882191
0.876444
0.892791
0.904540
0.901067
0.886836
0.894518
0.891278
0.880117
0.885421
0.866511
0.871580
0.855750
0.859627
0.829404
0.834671
0.828470
0.838592
0.832808
0.822397
0.860522
0.853886
0.883775
0.876947
0.876849
0.853425
0.870975
0.854871
0.813180
0.838104
0.822626
0.837284
0.805001
0.833551
0.830296
0.860098
0.857353
0.855753
0.854608
0.831684
0.827551
0.875347
0.879390
0.875139
0.883131
0.883067
0.877807
0.892937
0.889972
0.900319
0.886466
0.876021
0.874356
0.907579
0.901623
0.890038
0.898880
0.904536
0.894677
0.910769
0.896253
0.790655
0.791281
0.799530
0.799530
0.783639
0.796357
0.775996
0.772823
0.786551
0.782309
0.804188
0.803554
0.812782
0.806835
0.806273
0.779881
0.783065
0.762580
0.768210
0.742093
0.752965
0.728559
0.721815
0.774075
0.753175
0.805001
0.774292
0.726461
0.732077
0.725882
0.725710
0.731750
0.724873
0.725073
0.710591
0.724851
0.707830
0.711849
0.682242
0.683450
0.685636
0.712992
0.696924
0.696622
0.710357
0.689967
0.689926
0.692071
0.698293
0.694532
0.695717
0.693198
0.707817
0.742965
0.703781
0.699245
0.678526
0.688499
0.702053
0.685359
0.696565
0.688522
0.707547
0.713528
0.700071
0.705678
0.696333
0.694517
0.697401
0.697401
0.694517
0.697061
0.699027
0.696100
0.708540
0.700159
0.692491
0.680119
0.675995
0.699157
0.692257
0.685357
0.686461
0.682448
0.676357
0.674898
0.699652
0.697908
0.701998
0.705026
0.706170
0.712661
0.704803
0.705036
0.700875
0.699565
0.699546
0.540767
0.591497
0.591497
0.523856
0.571769
0.592411
0.595867
0.616881
0.590809
0.590391
0.574353
0.502719
0.630065
0.645295
0.609128
0.600313
0.591497
0.591497
0.591497
0.618982
0.611177
0.591497
0.574813
0.586199
0.586854
0.584966
0.689930
0.674986
0.709470
0.718985
0.674986
0.719039
0.716923
0.724115
0.772061
0.753438
0.740191
0.739004
0.717016
0.729156
0.660041
0.674986
0.708319
0.711764
0.730834
0.717770
0.697256
0.715002
0.749325
0.756897
0.733088
0.737118
0.715002
0.729746
0.737118
0.683323
0.707630
0.656826
0.685514
0.789861
0.757991
0.729156
0.719039
0.772280
0.758044
0.729156
0.708083
0.706479
0.689930
0.712811
0.726476
0.671570
0.662007
0.715833
0.700234
0.679809
0.689280
0.640840
0.633820
0.583902
0.589634
0.610801
0.647263
0.843467
0.840218
0.843602
0.834882
0.841076
0.845748
0.845314
0.842370
0.833674
0.836554
0.842995
0.840898
0.846385
0.848515
0.848277
0.853477
0.853477
0.850829
0.850925
0.849035
0.848086
0.842796
0.842227
0.842695
0.846289
0.853477
0.851775
0.848179
0.847522
0.849011
0.832840
0.841099
0.849507
0.820916
0.837261
0.843799
0.796134
0.794967
0.817041
0.815405
0.810816
0.826078
0.848402
0.840982
0.840935
0.800807
0.818728
0.676858
0.679299
0.649345
0.660482
0.661590
0.671769
0.687319
0.685227
0.681043
0.672470
0.675168
0.665366
0.680219
0.665366
0.665366
0.665366
0.667151
0.671615
0.666928
0.672314
0.672553
0.665366
0.665366
0.665366
0.665366
0.660633
0.656547
0.668146
0.660281
0.646376
0.638909
0.630089
0.612451
0.647728
0.653534
0.660633
0.623605
0.636158
0.653564
0.653564
0.662704
0.661873
0.661873
0.669649
0.669649
0.670223
0.673537
0.746185
0.746947
0.748712
0.752011
0.748712
0.748712
0.772353
0.752011
0.824087
0.790021
0.826040
0.823529
0.814079
0.771358
0.743551
0.721462
0.715745
0.696053
0.701265
0.700520
0.732457
0.711687
0.709454
0.842746
0.844837
0.838119
0.835331
0.842792
0.847524
0.847524
0.843468
0.840470
0.828713
0.829013
0.831065
0.838060
0.833327
0.833327
0.836877
0.840621
0.840621
0.846091
0.844268
0.837582
0.679339
0.675764
0.673565
0.672481
0.673565
0.673565
0.670314
0.672481
0.681931
0.691133
0.694479
0.681931
0.694479
0.681931
0.684963
0.677160
0.678180
0.689690
0.675599
0.672437
0.669186
0.667063
0.684535
0.677262
0.698479
0.675805
0.670591
0.685384
0.698662
0.702845
0.702845
0.694114
0.681018
0.694114
0.672288
0.667569
0.671864
0.698479
0.702845
0.706076
0.700861
0.688313
0.696678
0.688529
0.696895
0.701120
0.711792
0.700122
0.690945
0.722227
0.710552
0.725468
0.715772
0.688962
0.688962
0.684563
0.688962
0.671705
0.686762
0.677964
0.680163
0.681025
0.682363
0.677487
0.688962
0.671750
0.664865
0.660230
0.688962
0.568429
0.595366
0.662278
0.626215
0.609128
0.628143
0.591497
0.576039
0.701119
0.701119
0.724240
0.720042
0.713210
0.739752
0.775457
0.757605
0.783360
0.762873
0.778385
0.791263
0.758676
0.731348
0.745012
0.786945
0.785952
0.779646
0.782930
0.782561
0.785692
0.783773
0.785650
0.778612
0.778612
0.773686
0.773686
0.739165
0.745458
0.743370
0.752203
0.746161
0.754991
0.756669
0.748845
0.753814
0.751329
0.756298
0.748420
0.747168
0.752740
0.765058
0.765997
0.749979
0.748744
0.763113
0.745224
0.738460
0.738478
0.738683
0.738247
0.738074
0.742043
0.742273
0.816574
0.813663
0.831497
0.807840
0.819214
0.843417
0.843577
0.845059
0.824610
0.792243
0.793325
0.855820
0.818914
0.871107
0.851285
0.801393
0.817154
0.764803
0.779826
0.652076
0.659212
0.658019
0.714189
0.710883
0.707173
0.620784
0.570104
0.735976
0.732001
0.727794
0.734593
0.733540
0.730920
0.719174
0.717459
0.706027
0.719047
0.654674
0.656822
0.640835
0.651220
0.659265
0.642644
0.644768
0.643504
0.646773
0.650019
0.647996
0.656916
0.648831
0.662339
0.663406
0.663797
0.655079
0.669186
0.674847
0.657117
0.656369
0.661283
0.648584
0.647207
0.646375
0.654534
0.646541
0.653817
0.650774
0.650661
0.647844
0.650047
0.651117
0.648884
0.648884
0.656822
0.663172
0.660046
0.659863
0.673779
0.683912
0.661964
0.684740
0.666205
0.669762
0.668756
0.632227
0.645565
0.636586
0.654458
0.658816
0.651523
0.653368
0.639041
0.655819
0.652750
0.640571
0.642710
0.647872
0.650327
0.643338
0.647872
0.642141
0.640943
0.648412
0.646675
0.647101
0.647101
0.646620
0.647101
0.647101
0.645076
0.645657
0.644575
0.644695
0.645838
0.644214
0.644319
0.645130
0.640639
0.642831
0.643733
0.639092
0.642545
0.639590
0.637316
0.641909
0.643440
0.634254
0.639209
0.643802
0.643440
0.644527
0.632723
0.635443
0.638502
0.638041
0.643511
0.643359
0.646778
0.642069
0.645614
0.648520
0.633889
0.644889
0.629619
0.623583
0.632802
0.640619
0.651064
0.649309
0.649891
0.654153
0.653692
0.651211
0.640493
0.645552
0.646321
0.648766
0.650684
0.647544
0.646321
0.658388
0.651757
0.667039
0.657380
0.654097
0.654097
0.664104
0.659134
0.636608
0.646324
0.641357
0.649990
0.648686
0.651999
0.641995
0.660283
0.660283
0.665253
0.668567
0.637339
0.634444
0.638827
0.635932
0.632723
0.632723
0.638951
0.635428
0.639769
0.637420
0.640943
0.640629
0.568163
0.591203
0.613098
0.585420
0.595043
0.625145
0.725436
0.680501
0.666933
0.682126
0.716317
0.637191
0.631454
0.705089
0.710313
0.695164
0.680032
0.698968
0.725468
0.725468
0.725463
0.695289
0.665111
0.651451
0.670768
0.657127
0.687744
0.712533
0.644232
0.629846
0.624893
0.591813
0.621654
0.607066
0.630359
0.635675
0.632076
0.666131
0.688953
0.679210
0.666218
0.698697
0.706057
0.726546
0.711688
0.712113
0.772609
0.745761
0.790941
0.800108
0.786873
0.753015
0.725306
0.731402
0.727442
0.725217
0.732296
0.751457
0.760260
0.745280
0.759735
0.748128
0.730799
0.731715
0.725306
0.721174
0.679437
0.699095
0.694373
0.717694
0.622343
0.620361
0.619700
0.622013
0.619700
0.619700
0.642784
0.626345
0.639868
0.639636
0.659273
0.626577
0.627453
0.619700
0.619700
0.620361
0.619700
0.633038
0.624326
0.618412
0.618412
0.609540
0.614095
0.609540
0.624326
0.620708
0.617426
0.612497
0.609540
0.604163
0.604020
0.603795
0.603901
0.603964
0.603795
0.603879
0.611883
0.609642
0.603710
0.604176
0.604536
0.609731
0.604664
0.604748
0.609451
0.616655
0.616429
0.610279
0.615959
0.602410
0.607429
0.599062
0.599372
0.603563
0.603409
0.654817
0.654817
0.652224
0.647868
0.642318
0.647255
0.636302
0.646105
0.629451
0.625929
0.612978
0.615659
0.618994
0.621676
0.631028
0.639305
0.639726
0.627692
0.722854
0.723626
0.693655
0.676447
0.711370
0.669051
0.697672
0.672940
0.648767
0.658693
0.652999
0.645742
0.645742
0.662937
0.650041
0.679559
0.691882
0.705973
0.681327
0.751361
0.770426
0.796019
0.780815
0.802029
0.815084
0.786501
0.806747
0.815084
0.815084
0.815084
0.799853
0.769392
0.782447
0.752768
0.758507
0.748389
0.748389
0.774406
0.783079
0.748389
0.748389
0.743314
0.748389
0.791467
0.792634
0.793801
0.798671
0.786286
0.795842
0.794773
0.793991
0.791555
0.797402
0.780863
0.805392
0.786206
0.787967
0.786206
0.789328
0.785913
0.792634
0.790009
0.787967
0.789328
0.787967
0.786735
0.786206
0.787967
0.644447
0.637637
0.643401
0.636591
0.630344
0.625912
0.642597
0.642315
0.642315
0.638930
0.630208
0.628774
0.615270
0.618619
0.618619
0.616704
0.618619
0.618619
0.618619
0.622527
0.675833
0.675833
0.670194
0.673817
0.673817
0.663546
0.640002
0.654616
0.641997
0.653275
0.654854
0.663136
0.655386
0.640484
0.668775
0.666161
0.668775
0.668775
0.670792
0.670792
0.708692
0.712763
0.703408
0.705437
0.723453
0.712763
0.703408
0.705775
0.731471
0.731471
0.725235
0.708551
0.683133
0.681788
0.694257
0.679059
0.693669
0.702999
0.719709
0.688425
0.731548
0.731700
0.732005
0.723904
0.731776
0.711376
0.682811
0.692852
0.684784
0.683525
0.681900
0.675004
0.672165
0.675951
0.691641
0.691641
0.678657
0.674845
0.687313
0.672165
0.676708
0.672165
0.698134
0.696105
0.675856
0.704626
0.715243
0.710154
0.710509
0.710509
0.710509
0.671949
0.694531
0.617570
0.611434
0.620088
0.602223
0.623788
0.611866
0.600277
0.605749
0.610425
0.606418
0.608977
0.613856
0.628526
0.623788
0.644754
0.699850
0.675223
0.707982
0.672308
0.676502
0.656893
0.712674
0.637242
0.645702
0.649554
0.651694
0.668738
0.715842
0.696658
0.654690
0.654690
0.647128
0.647128
0.633339
0.637308
0.632816
0.635784
0.635784
0.636485
0.658095
0.625765
0.641999
0.667252
0.662563
0.652060
0.654452
0.649906
0.649108
0.639048
0.628194
0.648194
0.681602
0.671465
0.658665
0.691615
0.690538
0.744310
0.733561
0.734211
0.713319
0.722650
0.714831
0.749497
0.747499
0.731999
0.674111
0.693565
0.705950
0.679681
0.737920
0.746500
0.749497
0.658912
0.679637
0.634080
0.679151
0.655202
0.625558
0.607031
0.624299
0.579891
0.584863
0.593525
0.618481
0.626822
0.658912
0.610919
0.599592
0.670490
0.710675
0.627533
0.667849
0.682752
0.713965
0.696988
0.731051
0.738842
0.654228
0.609985
0.677147
0.599774
0.598567
0.591326
0.591326
0.621114
0.614162
0.682128
0.653077
0.576936
0.568973
0.586285
0.575338
0.561009
0.550570
0.510911
0.520651
0.538037
0.567101
0.569846
0.561150
0.566179
0.578124
0.554443
0.521350
0.586297
0.575470
0.623304
0.576068
0.596660
0.657628
0.693074
0.670366
0.688420
0.662427
0.701917
0.673837
0.713708
0.622666
0.587492
0.592434
0.601222
0.599879
0.648812
0.713708
0.695457
0.607440
0.586293
0.595335
0.553723
0.536051
0.580492
0.696836
0.707966
0.727051
0.722263
0.717454
0.726998
0.703175
0.699394
0.726975
0.720866
0.715515
0.727073
0.727036
0.724671
0.718146
0.704350
0.711817
0.706146
0.713622
0.711724
0.702021
0.723830
0.728635
0.731758
0.741751
0.735974
0.733610
0.702134
0.714636
0.729597
0.721924
0.720652
0.711109
0.706339
0.720948
0.739938
0.738471
0.761682
0.743636
0.780044
0.778729
0.772402
0.758669
0.744922
0.752427
0.729747
0.730430
0.753528
0.742332
0.773865
0.761089
0.765594
0.760924
0.738984
0.719088
0.770362
0.762556
0.739925
0.786641
0.779812
0.785366
0.781591
0.779045
0.742403
0.757458
0.764778
0.749788
0.777244
0.755289
0.743611
0.744835
0.677147
0.702414
0.691609
0.706176
0.750983
0.732770
0.749738
0.761550
0.730641
0.725565
0.772118
0.769574
0.758185
0.756267
0.748605
0.741315
0.748856
0.739836
0.729597
0.745038
0.749596
0.747862
0.743849
0.746227
0.741990
0.731595
0.736673
0.724317
0.694706
0.729755
0.700704
0.679112
0.684505
0.701917
0.717564
0.693495
0.755434
0.746104
0.753305
0.733125
0.747450
0.706230
0.688664
0.744789
0.742472
0.752522
0.748460
0.745102
0.735997
0.738635
0.737989
0.730275
0.727421
0.735625
0.751364
0.742302
0.732587
0.736439
0.726068
0.717342
0.722045
0.719615
0.707010
0.732003
0.711959
0.707476
0.707982
0.705413
0.710958
0.717349
0.722883
0.732992
0.725857
0.721529
0.705702
0.703800
0.712098
0.732374
0.728410
0.728238
0.730890
0.718722
0.713092
0.701951
0.714161
0.710290
0.696375
0.691092
0.697226
0.696320
0.656180
0.660006
0.677238
0.680723
0.659702
0.674624
0.651122
0.671946
0.665645
0.679147
0.672732
0.701933
0.690400
0.674376
0.674116
0.673156
0.648456
0.655548
0.648051
0.665900
0.655262
0.646926
0.645202
0.643309
0.648910
0.643355
0.655129
0.641025
0.667011
0.673176
0.644633
0.637461
0.646276
0.638282
0.644052
0.639691
0.642136
0.639691
0.640512
0.642651
0.639924
0.644409
0.646666
0.645746
0.653337
0.648397
0.646926
0.645120
0.648104
0.647366
0.652447
0.656475
0.648655
0.648325
0.663959
0.655182
0.666266
0.660437
0.648104
0.654440
0.647994
0.655345
0.650721
0.647884
0.648170
0.653701
0.661557
0.675651
0.674952
0.668098
0.661521
0.660088
0.660587
0.658564
0.664776
0.673669
0.671440
0.658143
0.662730
0.659583
0.659811
0.658856
0.660970
0.659046
0.662860
0.666413
0.659064
0.658269
0.658550
0.658286
0.659401
0.658904
0.658640
0.668651
0.666216
0.661645
0.660238
0.659706
0.661386
0.652539
0.656485
0.675096
0.675757
0.663693
0.669950
0.677813
0.687781
0.694632
0.694128
0.694941
0.701976
0.699928
0.695150
0.695150
0.690984
0.690843
0.682172
0.683600
0.688705
0.692003
0.692030
0.675742
0.686344
0.672552
0.685395
0.701502
0.693728
0.700553
0.692305
0.691831
0.699583
0.676544
0.660509
0.711180
0.711223
0.720957
0.723068
0.708802
0.711740
0.721086
0.723111
0.728564
0.728616
0.727160
0.723024
0.725166
0.716935
0.716924
0.711310
0.711077
0.702238
0.697237
0.704341
0.760051
0.801323
0.715680
0.711705
0.737627
0.781949
0.740126
0.872287
0.872287
0.804957
0.839812
0.852619
0.709864
0.757707
0.685058
0.636240
0.786253
0.750167
0.794075
0.591228
0.579312
0.592639
0.624168
0.583677
0.624168
0.619711
0.579312
0.592778
0.788242
0.759854
0.756218
0.771195
0.741844
0.662957
0.708632
0.704218
0.678948
0.684537
0.661710
0.713943
0.728761
0.748991
0.760093
0.645773
0.645773
0.673784
0.644748
0.652499
0.644748
0.649336
0.652499
0.638125
0.644748
0.645773
0.646702
0.700573
0.668559
0.749587
0.719816
0.652499
0.662621
0.680492
0.734106
0.716235
0.776248
0.798601
0.756361
0.770853
0.791509
0.814984
0.856094
0.821907
0.769849
0.746020
0.802677
0.910768
0.897763
0.868175
0.876439
0.892229
0.897242
0.887325
0.922142
0.914313
0.926426
0.789475
0.821240
0.844673
0.846040
0.773192
0.769537
0.791202
0.831299
0.877131
0.859179
0.854559
0.864084
0.862835
0.863727
0.876418
0.820400
0.794429
0.770810
0.794429
0.794592
0.765610
0.819871
0.864274
0.842414
0.749309
0.756772
0.743339
0.742533
0.755744
0.756231
0.743279
0.738576
0.737749
0.739371
0.740499
0.744269
0.744750
0.742163
0.766586
0.754945
0.779546
0.809660
0.787863
0.762829
0.756296
0.736921
0.743652
0.739734
0.734235
0.755716
0.770303
0.734735
0.737551
0.736779
0.738085
0.739694
0.740118
0.738847
0.738660
0.740623
0.740623
0.740224
0.741385
0.745415
0.737885
0.738207
0.738016
0.738249
0.750610
0.753876
0.759886
0.757124
0.750213
0.756383
0.763895
0.764529
0.761850
0.794663
0.784065
0.798045
0.782982
0.773969
0.768420
0.793876
0.791145
0.782247
0.781192
0.765509
0.766836
0.754151
0.753468
0.762078
0.770685
0.750431
0.758484
0.745722
0.757801
0.787357
0.772290
0.786125
0.773962
0.773962
0.786125
0.757801
0.745722
0.801503
0.798353
0.808772
0.810710
0.797314
0.795466
0.802292
0.808682
0.842564
0.834740
0.823374
0.816368
0.837561
0.826018
0.841693
0.819455
0.824627
0.847849
0.808503
0.825315
0.841385
0.804267
0.798546
0.797543
0.796038
0.802279
0.828628
0.817076
0.875114
0.869534
0.870230
0.864348
0.859189
0.855378
0.866640
0.854278
0.850705
0.850579
0.868038
0.867787
0.870863
0.853236
0.884665
0.885007
0.880969
0.878190
0.883682
0.874495
0.886577
0.885500
0.875305
0.874714
0.869826
0.875065
0.881097
0.871798
0.656930
0.656591
0.658970
0.653872
0.653872
0.657950
0.658970
0.654891
0.655086
0.660717
0.657799
0.651832
0.654259
0.651832
0.655150
0.662522
0.652852
0.653140
0.662357
0.658114
0.661173
0.658970
0.658970
0.661173
0.663719
0.664080
0.665255
0.667156
0.664889
0.659889
0.665665
0.661179
0.671895
0.666314
0.663432
0.669237
0.651464
0.590607
0.507308
0.654765
0.512417
0.639469
0.666186
0.674944
0.677765
0.672912
0.634974
0.527742
0.571785
0.675997
0.666468
0.673638
0.664979
0.670865
0.669864
0.665988
0.665278
0.660095
0.657974
0.658586
0.657742
0.657974
0.656450
0.659503
0.649729
0.656370
0.664643
0.662602
0.662652
0.662652
0.659062
0.661489
0.653696
0.648399
0.648955
0.655585
0.648474
0.655585
0.650344
0.657956
0.655585
0.648474
0.658088
0.660326
0.654448
0.656780
0.659073
0.659073
0.655494
0.657420
0.652622
0.648770
0.646844
0.652622
0.652236
0.656474
0.654548
0.648770
0.659346
0.659346
0.657306
0.658475
0.659118
0.658918
0.650696
0.656474
0.650251
0.655313
0.654104
0.648589
0.659251
0.666378
0.664979
0.667112
0.654859
0.663144
0.660073
0.647066
0.649986
0.650879
0.657375
0.658366
0.660145
0.798962
0.782921
0.782921
0.800108
0.758859
0.758859
0.759385
0.759060
0.765734
0.793233
0.797358
0.782921
0.782731
0.760260
0.768220
0.845259
0.818995
0.797029
0.793233
0.777081
0.797358
0.759260
0.760027
0.759860
0.840178
0.865292
0.809261
0.863502
0.800208
0.810195
0.830229
0.820182
0.850329
0.863502
0.865292
0.867081
0.849610
0.847223
0.846325
0.842944
0.840858
0.843342
0.834387
0.838440
0.828398
0.834140
0.839644
0.828843
0.830804
0.831439
0.833003
0.835758
0.835080
0.831996
0.836447
0.840898
0.837480
0.839176
0.678747
0.668694
0.661900
0.685690
0.662233
0.677674
0.666221
0.677975
0.664918
0.841714
0.835846
0.851052
0.859860
0.853049
0.854939
0.833737
0.830928
0.819828
0.816430
0.839966
0.818242
0.830928
0.835928
0.830928
0.843614
0.794028
0.812017
0.788077
0.790991
0.773721
0.772120
0.770764
0.770520
0.771925
0.762080
0.764379
0.748684
0.769392
0.810277
0.827765
0.839424
0.781130
0.803337
0.819993
0.846091
0.854601
0.842792
0.842150
0.834088
0.845158
0.842150
0.834088
0.829388
0.828713
0.829227
0.828713
0.829838
0.832764
0.829998
0.830035
0.828843
0.828843
0.828525
0.829261
0.828398
0.831648
0.781737
0.767445
0.756726
0.766589
0.748389
0.742928
0.748389
0.748389
0.748389
0.745570
0.772672
0.755978
0.809096
0.800424
0.801106
0.801106
0.782115
0.789120
0.795173
0.795416
0.812518
0.814336
0.815084
0.815084
0.796028
0.790009
0.739341
0.758406
0.760087
0.752396
0.727321
0.770953
0.765063
0.746194
0.733331
0.771358
0.765472
0.758776
0.735436
0.719504
0.820432
0.831898
0.831898
0.836919
0.789870
0.813332
0.864014
0.864934
0.867081
0.867081
0.865292
0.860376
0.843624
0.829469
0.830274
0.828843
0.830212
0.829741
0.830512
0.830212
0.830035
0.828843
0.829320
0.835767
0.828970
0.840426
0.844389
0.831225
0.838651
0.833327
0.836518
0.841837
0.847915
0.835694
0.793115
0.805101
0.768625
0.809096
0.788860
0.801106
0.794377
0.789120
0.792115
0.800329
0.805556
0.796596
0.815071
0.782034
0.801445
0.841714
0.831383
0.815887
0.841714
0.831383
0.815887
0.805556
0.805556
0.848567
0.846542
0.849610
0.849610
0.849762
0.849616
0.850675
0.850218
0.849754
0.844486
0.845986
0.772593
0.770192
0.774745
0.769392
0.769392
0.771390
0.780225
0.786491
0.787276
0.781010
0.792269
0.792169
0.790472
0.787077
0.785380
0.790472
0.788350
0.794885
0.797262
0.797262
0.794291
0.850675
0.850675
0.850675
0.853948
0.854493
0.859839
0.853539
0.863766
0.840696
0.852018
0.838598
0.836313
0.795239
0.802029
0.821052
0.825372
0.845775
0.821129
0.823088
0.783096
0.790444
0.785380
0.809212
0.844961
0.809212
0.844961
0.842779
0.814463
0.837101
0.793391
0.785380
0.800814
0.867039
0.862130
0.873585
0.868943
0.871127
0.869186
0.872387
0.870391
0.869478
0.870163
0.858425
0.868259
0.858367
0.868794
0.868794
0.868794
0.868794
0.867985
0.869859
0.868228
0.856002
0.868794
0.693767
0.695166
0.696105
0.702822
0.678826
0.681324
0.675283
0.687887
0.681398
0.674114
0.673362
0.662399
0.672496
0.676858
0.603632
0.618277
0.632923
0.688236
0.658552
0.665459
0.691504
0.691504
0.689063
0.691504
0.691504
0.689063
0.678220
0.675375
0.687866
0.675964
0.676189
0.677864
0.670846
0.670456
0.664052
0.659003
0.654036
0.645010
0.650117
0.642878
0.642315
0.643300
0.645495
0.644250
0.661056
0.652372
0.657731
0.657291
0.660536
0.669024
0.670722
0.672683
0.674293
0.672508
0.676079
0.672771
0.670573
0.674868
0.677864
0.677864
0.677864
0.676038
0.677864
0.677864
0.677864
0.677864
0.676079
0.617823
0.627090
0.609476
0.633468
0.637350
0.612022
0.628623
0.626539
0.644731
0.646126
0.646433
0.745782
0.727311
0.745382
0.725166
0.716795
0.711688
0.721415
0.717524
0.623665
0.634490
0.624326
0.624326
0.624326
0.666599
0.654817
0.671066
0.668562
0.685744
0.696053
0.696053
0.754130
0.768123
0.736902
0.758417
0.758417
0.711098
0.696053
0.711098
0.624326
0.659504
0.648757
0.636555
0.624326
0.654195
0.698547
0.678910
0.713390
0.705192
0.688953
0.820182
0.820182
0.787462
0.752486
0.752486
0.748712
0.748712
0.744270
0.733666
0.725237
0.654817
0.685744
0.672421
0.696053
0.706023
0.697502
0.693726
0.694058
0.715809
0.713180
0.697449
0.720286
0.723514
0.730946
0.722063
0.701932
0.713180
0.676359
0.679437
0.679437
0.679437
0.679437
0.685990
0.736868
0.725024
0.737047
0.722758
0.699426
0.696309
0.708360
0.689078
0.687873
0.679437
0.679437
0.665368
0.676854
0.675009
0.667787
0.650461
0.646105
0.654817
0.692542
0.712200
0.723360
0.719469
0.710255
0.694726
0.677125
0.691500
0.717524
0.659333
0.683295
0.654496
0.659525
0.639612
0.629556
0.639411
0.623004
0.623004
0.621022
0.619700
0.619700
0.621435
0.647039
0.648767
0.648767
0.650280
0.652548
0.651792
0.704987
0.700520
0.688738
0.711687
0.713920
0.820182
0.820182
0.820182
0.775241
0.805202
0.805202
0.777381
0.760260
0.760260
0.760260
0.760260
0.679437
0.686186
0.685061
0.717793
0.679437
0.719525
0.698999
0.735006
0.739098
0.739636
0.738124
0.738124
0.736293
0.738124
0.736293
0.731715
0.738124
0.738851
0.736293
0.739677
0.747611
0.738124
0.743578
0.696985
0.683403
0.689729
0.680117
0.702370
0.681572
0.680151
0.671593
0.705886
0.684673
0.678997
0.674886
0.673153
0.682326
0.680584
0.676838
0.679598
0.675059
0.672019
0.675616
0.665246
0.669691
0.668766
0.672135
0.664619
0.665342
0.666640
0.663888
0.663200
0.671584
0.683972
0.668818
0.667400
0.675816
0.687846
0.692793
0.699676
0.670919
0.660194
0.690663
0.675545
0.688780
0.673702
0.679321
0.689612
0.690803
0.671995
0.675775
0.669987
0.662036
0.663664
0.666939
0.665246
0.672386
0.670851
0.670607
0.667267
0.665176
0.667025
0.660431
0.665205
0.665246
0.656992
0.668561
0.671135
0.668271
0.670868
0.676038
0.675267
0.668376
0.670973
0.668775
0.668775
0.668775
0.668775
0.674746
0.677202
0.680006
0.680237
0.685218
0.682966
0.685619
0.683648
0.683513
0.675688
0.674778
0.672048
0.669319
0.674778
0.669743
0.664401
0.669319
0.669319
0.663274
0.663274
0.654207
0.648162
0.654207
0.657636
0.658449
0.648162
0.648162
0.631290
0.639726
0.644835
0.671610
0.658262
0.748971
0.764435
0.749996
0.715956
0.736686
0.732005
0.737466
0.743708
0.736686
0.731827
0.731916
0.731671
0.731471
0.731605
0.733888
0.731471
0.738798
0.734291
0.737111
0.731471
0.731471
0.731471
0.733888
0.722117
0.734291
0.733586
0.739930
0.738722
0.745570
0.738198
0.724484
0.763317
0.741454
0.723939
0.722007
0.717525
0.715581
0.711118
0.727661
0.756345
0.762604
0.724728
0.698134
0.688389
0.691639
0.730649
0.706611
0.772908
0.753061
0.811327
0.836648
0.819318
0.858855
0.838385
0.837608
0.818771
0.809951
0.853448
0.832987
0.815084
0.828512
0.853448
0.858186
0.842936
0.826735
0.846349
0.855442
0.847872
0.845505
0.840621
0.840425
0.843975
0.836877
0.838433
0.845385
0.844202
0.851562
0.847915
0.811902
0.819510
0.792634
0.798809
0.785913
0.786940
0.795412
0.803479
0.819978
0.830393
0.832543
0.843467
0.843467
0.839411
0.837383
0.839948
0.852473
0.858855
0.858855
0.849140
0.858855
0.833327
0.835356
0.836974
0.842758
0.803337
0.836648
0.855208
0.848402
0.858855
0.842355
0.858855
0.858855
0.760260
0.760260
0.760260
0.756571
0.750636
0.757373
0.748712
0.763807
0.758417
0.771862
0.771358
0.768123
0.771358
0.771358
0.772168
0.771358
0.772168
0.772168
0.773383
0.774193
0.773484
0.772776
0.774193
0.774193
0.774193
0.787635
0.776803
0.784080
0.781883
0.774193
0.781969
0.798947
0.794605
0.785727
0.794378
0.797262
0.804797
0.796542
0.816702
0.825033
0.807167
0.805556
0.815887
0.801076
0.835688
0.817609
0.841714
0.841714
0.831383
0.805556
0.805556
0.805556
0.805556
0.741139
0.736305
0.739930
0.734291
0.731471
0.734735
0.737466
0.732005
0.732005
0.699907
0.723980
0.732005
0.732005
0.732005
0.713281
0.707931
0.694557
0.699163
0.681841
0.683858
0.673817
0.668775
0.670792
0.671582
0.673599
0.675325
0.678205
0.674390
0.668775
0.672639
0.668376
0.668775
0.668775
0.668077
0.667577
0.667178
0.665980
0.666539
0.665980
0.665980
0.669772
0.666976
0.669375
0.667502
0.667708
0.666713
0.667685
0.669055
0.672227
0.672301
0.667351
0.663980
0.666013
0.654538
0.661804
0.653534
0.648801
0.648801
0.648801
0.648801
0.654538
0.660276
0.732005
0.734193
0.736101
0.741291
0.742928
0.647191
0.636357
0.627005
0.625447
0.628174
0.636357
0.648738
0.651795
0.636357
0.641458
0.654763
0.646663
0.636873
0.609660
0.625988
0.620545
0.635966
0.642315
0.636873
0.631536
0.620758
0.626306
0.615527
0.609872
0.604748
0.597974
0.602166
0.601383
0.607503
0.610031
0.614790
0.665205
0.666410
0.674440
0.669925
0.677864
0.678778
0.690328
0.678980
0.677232
0.677508
0.678188
0.685071
0.685288
0.687271
0.690181
0.685227
0.671029
0.660961
0.685730
0.678068
0.690732
0.681274
0.677025
0.697478
0.691506
0.684264
0.685939
0.681864
0.678829
0.677231
0.676596
0.670053
0.668098
0.670355
0.677098
0.672927
0.671502
0.669694
0.671243
0.666624
0.664641
0.704181
0.709612
0.705332
0.709612
0.836735
0.868209
0.878180
0.916523
0.896581
0.892229
0.665799
0.665003
0.712699
0.690755
0.637812
0.612174
0.588982
0.682319
0.733882
0.788684
0.769882
0.725441
0.648816
0.680422
0.658704
0.641473
0.661710
0.658875
0.667786
0.653923
0.675044
0.665943
0.687574
0.685058
0.708696
0.737394
0.710227
0.667839
0.662621
0.687571
0.694548
0.731144
0.744749
0.698364
0.830225
0.857725
0.877395
0.833297
0.812674
0.787720
0.848350
0.897350
0.799114
0.813265
0.831657
0.861856
0.692223
0.675562
0.678029
0.672662
0.672219
0.689264
0.724451
0.724451
0.724166
0.726370
0.724166
0.724166
0.667052
0.674726
0.654840
0.665900
0.672706
0.680840
0.702319
0.700774
0.704863
0.703534
0.699839
0.699480
0.698053
0.702021
0.705617
0.702360
0.694522
0.717540
0.729537
0.722993
0.725736
0.720877
0.714329
0.702806
0.694128
0.696764
0.693059
0.692030
0.691956
0.698573
0.712649
0.715308
0.727089
0.723313
0.700414
0.647101
0.644063
0.645978
0.644856
0.640642
0.641120
0.643075
0.643441
0.643733
0.644622
0.644214
0.645838
0.644856
0.654548
0.657420
0.650696
0.659889
0.659073
0.658738
0.659366
0.657737
0.658166
0.660655
0.659836
0.659040
0.655832
0.650696
0.656474
0.664889
0.668813
0.661940
0.667278
0.663521
0.672192
0.667425
0.662531
0.672494
0.670593
0.665593
0.666790
0.661940
0.661940
0.661091
0.660826
0.658970
0.659712
0.661173
0.659465
0.659960
0.665825
0.646557
0.647413
0.652215
0.655599
0.659473
0.658586
0.658024
0.662472
0.653043
0.658970
0.652129
0.660145
0.656138
0.650407
0.652288
0.659264
0.661645
0.642447
0.643258
0.646844
0.645626
0.644002
0.641127
0.658468
0.664726
0.659191
0.667949
0.668968
0.674395
0.659915
0.668672
0.674395
0.671824
0.667784
0.665581
0.671767
0.678862
0.661458
0.672654
0.678015
0.681174
0.632486
0.596525
0.644802
0.565198
0.598575
0.649807
0.656029
0.650696
0.656474
0.658088
0.658088
0.650696
0.656474
0.658717
0.656618
0.655266
0.654542
0.649955
0.660282
0.648474
0.657912
0.666142
0.665255
0.641972
0.643190
0.643963
0.645626
0.645626
0.646844
0.646844
0.646844
0.645955
0.645487
0.641635
0.650302
0.646835
0.653191
0.658970
0.653191
0.658970
0.656094
0.658298
0.649600
0.661940
0.652000
0.642611
0.335983
0.416368
0.416368
0.486874
0.497091
0.497091
0.562767
0.582221
0.519275
0.608478
0.542038
0.430001
0.506683
0.507037
0.506457
0.499777
0.507037
0.506457
0.496437
0.491125
0.499777
0.507326
0.522576
0.517681
0.506457
0.503117
0.499777
0.485998
0.489756
0.496437
0.483075
0.489756
0.483075
0.485814
0.486416
0.507160
0.483075
0.483075
0.543287
0.519202
0.495118
0.488553
0.485814
0.487183
0.484445
0.554481
0.514298
0.521510
0.579209
0.579209
0.579209
0.554481
0.505025
0.492661
0.517389
0.542117
0.492661
0.492661
0.489466
0.491292
0.492661
0.492661
0.492661
0.487228
0.491292
0.487830
0.481795
0.465497
0.465497
0.476363
0.467468
0.485737
0.493743
0.484246
0.493864
0.488553
0.515594
0.520672
0.499421
0.507572
0.439692
0.469532
0.499421
0.523874
0.451341
0.337462
0.314522
0.298888
0.379867
0.301899
0.343485
0.167839
0.187352
0.307103
0.265517
0.359688
0.355182
0.492096
0.556478
0.540176
0.467643
0.127477
0.115681
0.103885
0.097154
0.228351
0.198238
0.090423
0.105619
0.208368
0.146863
0.289651
0.254677
0.477648
0.479762
0.367557
0.423997
0.513059
0.375542
0.546355
0.410511
0.614533
0.593828
0.635237
0.600730
0.593828
0.618368
0.626950
0.639072
0.626879
0.632940
0.583649
0.584137
0.622973
0.623742
0.579336
0.608400
0.566336
0.548008
0.575500
0.593828
0.507891
0.538285
0.470339
0.483545
0.548974
0.494946
0.462117
0.467726
0.473017
0.460543
0.468319
0.470625
0.458946
0.479156
0.479156
0.458946
0.499366
0.509471
0.528739
0.548008
0.710457
0.716780
0.715593
0.710501
0.723233
0.729567
0.728323
0.723231
0.728323
0.737205
0.789661
0.795648
0.751180
0.742298
0.771645
0.760062
0.750188
0.735630
0.723233
0.727021
0.830152
0.816664
0.848622
0.835134
0.816269
0.816269
0.848622
0.864135
0.849716
0.835134
0.819608
0.814517
0.786462
0.784415
0.797954
0.781149
0.801458
0.757983
0.789874
0.557413
0.563701
0.570287
0.561438
0.557819
0.575658
0.573824
0.565892
0.581756
0.537387
0.508264
0.523044
0.555217
0.558247
0.581738
0.576866
0.573480
0.581738
0.581710
0.571463
0.581756
0.571463
0.568999
0.569858
0.577790
0.566134
0.562092
0.559912
0.555860
0.558049
0.549782
0.559543
0.541537
0.534398
0.557886
0.542858
0.551808
0.550153
0.546076
0.545846
0.551432
0.545961
0.545730
0.557319
0.556024
0.552297
0.546422
0.552232
0.544044
0.545060
0.542798
0.549739
0.548961
0.543058
0.540304
0.540434
0.540304
0.542837
0.547058
0.541369
0.537810
0.550616
0.546174
0.559680
0.547190
0.546111
0.551681
0.545638
0.553993
0.553993
0.553993
0.540068
0.543058
0.544731
0.547935
0.549257
0.553018
0.553018
0.551555
0.553993
0.557959
0.554747
0.556527
0.531635
0.558634
0.562418
0.546564
0.508517
0.508639
0.483567
0.521542
0.535424
0.570126
0.547889
0.505801
0.587370
0.559958
0.595771
0.610184
0.590270
0.568360
0.577339
0.579699
0.581495
0.587464
0.576992
0.578788
0.581748
0.602946
0.573930
0.561797
0.565761
0.564579
0.559721
0.569072
0.603780
0.580153
0.610199
0.579896
0.605896
0.645451
0.554543
0.576391
0.627744
0.646248
0.603340
0.549442
0.549442
0.561240
0.561240
0.578936
0.578936
0.594976
0.611967
0.590734
0.590734
0.611967
0.599986
0.630472
0.644457
0.636996
0.618491
0.577970
0.634462
0.534190
0.597738
0.643817
0.636984
0.477692
0.429234
0.419867
0.486546
0.452042
0.557990
0.515128
0.627249
0.618274
0.495399
0.679331
0.646340
0.663523
0.643817
0.526376
0.605316
0.542175
0.590252
0.681413
0.681033
0.570171
0.564173
0.602196
0.596224
0.648927
0.664980
0.660122
0.679288
0.709208
0.684312
0.681865
0.721411
0.670047
0.697776
0.637593
0.646792
0.634038
0.637104
0.652435
0.646302
0.609506
0.584974
0.593151
0.617683
0.595538
0.625009
0.632334
0.600990
0.655501
0.655501
0.174414
0.248006
0.284802
0.286783
0.344793
0.358395
0.360375
0.400141
0.395191
0.391182
0.374860
0.391182
0.431987
0.433489
0.431987
0.529076
0.459418
0.459418
0.489626
0.467739
0.432977
0.470709
0.438918
0.438918
0.435947
0.596574
0.548052
0.624005
0.609256
0.533303
0.594506
0.624005
0.623857
0.634318
0.636687
0.653446
0.655709
0.668390
0.635608
0.668390
0.668390
0.570045
0.634618
0.504481
0.535283
0.668390
0.602827
0.613887
0.599273
0.537263
0.533709
0.559383
0.541215
0.541215
0.577551
0.541215
0.544769
0.345059
0.310227
0.411107
0.490775
0.367265
0.417705
0.438918
0.471699
0.201780
0.188134
0.215426
0.188134
0.295613
0.222000
0.215426
0.207239
0.186174
0.186174
0.182254
0.182254
0.216120
0.176374
0.291693
0.403091
0.330418
0.336776
0.267192
0.300865
0.336776
0.290387
0.197608
0.214445
0.220803
0.350377
0.340784
0.257599
0.174414
0.174414
0.174414
0.174414
0.174414
0.156277
0.174414
0.174414
0.174414
0.176374
0.174414
0.156277
0.229072
0.195900
0.173273
0.155707
0.047457
0.065594
0.101867
0.099337
0.101867
0.120004
0.120004
0.156277
0.351002
0.342317
0.351002
0.373500
0.333631
0.351002
0.406563
0.446275
0.406563
0.324945
0.333631
0.351002
0.421236
0.406563
0.553804
0.545543
0.489904
0.504577
0.529616
0.489904
0.519050
0.508485
0.491270
0.479338
0.561627
0.540339
0.551062
0.540417
0.529695
0.519129
0.540128
0.518550
0.507905
0.507616
0.507616
0.508195
0.508195
0.508485
0.513767
0.491940
0.469439
0.500212
0.477422
0.454632
0.454632
0.454632
0.454632
0.454632
0.477711
0.462325
0.454632
0.500791
0.485405
0.508485
0.508485
0.462325
0.477711
0.470018
0.462907
0.493098
0.455796
0.455214
0.432716
0.410801
0.425606
0.373500
0.418495
0.395997
0.351002
0.440992
0.485987
0.614373
0.611064
0.627393
0.613168
0.601759
0.622830
0.627393
0.613168
0.636877
0.587711
0.579238
0.582971
0.601759
0.592278
0.622830
0.625113
0.637508
0.636877
0.606325
0.638769
0.636877
0.629286
0.618727
0.613799
0.628024
0.604361
0.637733
0.598553
0.627708
0.639400
0.637552
0.593151
0.617683
0.635074
0.650332
0.643221
0.648850
0.642775
0.633066
0.640661
0.658926
0.658926
0.656407
0.658926
0.551427
0.611747
0.549632
0.609952
0.488029
0.602873
0.602061
0.536492
0.619468
0.643143
0.616949
0.638105
0.454998
0.561804
0.436498
0.527829
0.603684
0.603684
0.426689
0.426689
0.426689
0.477259
0.477259
0.553114
0.603684
0.556385
0.603684
0.603684
0.351219
0.343875
0.318088
0.337113
0.392204
0.342244
0.318088
0.337113
0.311293
0.426689
0.395738
0.364787
0.366691
0.358001
0.311293
0.311293
0.318088
0.330156
0.337113
0.318088
0.415021
0.463352
0.342525
0.390856
0.526940
0.500659
0.487518
0.439187
0.387100
0.343257
0.359624
0.435654
0.330672
0.311293
0.323252
0.307760
0.668308
0.662868
0.662913
0.675129
0.628769
0.638307
0.662957
0.676899
0.634752
0.594671
0.583304
0.583304
0.605934
0.562999
0.604003
0.535925
0.611815
0.602072
0.542693
0.641042
0.631300
0.661231
0.672721
0.676899
0.661231
0.542591
0.592330
0.542591
0.593775
0.623002
0.625893
0.566407
0.561951
0.608780
0.616150
0.649713
0.627338
0.682248
0.667762
0.649713
0.660901
0.661788
0.646823
0.667899
0.653675
0.712136
0.693219
0.738807
0.723546
0.689411
0.710366
0.743678
0.741762
0.740049
0.733290
0.735865
0.726971
0.700101
0.695544
0.715057
0.720652
0.691238
0.698189
0.681708
0.676513
0.692116
0.690703
0.687982
0.685861
0.688049
0.685275
0.695745
0.702568
0.700450
0.691979
0.693601
0.684838
0.679524
0.681731
0.686517
0.686517
0.491963
0.491963
0.504404
0.510624
0.491963
0.502529
0.523065
0.529286
0.519316
0.498474
0.507166
0.515567
0.512090
0.526134
0.515839
0.525827
0.517714
0.527203
0.535507
0.529576
0.509318
0.522852
0.498047
0.515637
0.558838
0.544499
0.555256
0.537283
0.453476
0.482215
0.496374
0.525059
0.494263
0.501342
0.511783
0.499921
0.397268
0.455873
0.416803
0.455873
0.500466
0.506533
0.436338
0.475408
0.525039
0.551286
0.550313
0.529576
0.517986
0.523645
0.511919
0.574955
0.576624
0.551286
0.546734
0.547130
0.550716
0.522496
0.534293
0.512293
0.491963
0.530955
0.535507
0.517783
0.478760
0.506498
0.528724
0.417774
0.444104
0.521746
0.531480
0.459352
0.408350
0.399897
0.380362
0.471261
0.395609
0.523921
0.474599
0.550251
0.544069
0.534237
0.539750
0.505620
0.566019
0.535537
0.569612
0.569601
0.573194
0.591494
0.569612
0.591494
0.569612
0.566180
0.561867
0.506105
0.513324
0.517430
0.519129
0.520543
0.518137
0.539273
0.538665
0.542288
0.522949
0.522949
0.532995
0.577775
0.551861
0.575259
0.566439
0.561117
0.543376
0.551689
0.561117
0.588949
0.616844
0.604989
0.625291
0.669597
0.635101
0.669597
0.644230
0.706146
0.676066
0.665918
0.686596
0.612448
0.633738
0.556676
0.594879
0.726303
0.698774
0.745389
0.703848
0.652006
0.680287
0.775838
0.800143
0.762688
0.724754
0.714375
0.671694
0.614629
0.582929
0.654509
0.665872
0.546665
0.618245
0.523186
0.584033
0.592468
0.556204
0.548097
0.522545
0.504413
0.455228
0.480092
0.446020
0.439013
0.473360
0.408648
0.439701
0.411822
0.393121
0.408648
0.393121
0.453953
0.439701
0.514785
0.477881
0.404349
0.408997
0.391533
0.424608
0.448055
0.457419
0.402397
0.417237
0.407673
0.424079
0.456889
0.473295
0.506105
0.506105
0.502989
0.499872
0.620073
0.635884
0.636522
0.620683
0.666617
0.645704
0.627478
0.594023
0.646342
0.689444
0.722482
0.668547
0.646980
0.639157
0.637995
0.570924
0.575454
0.619388
0.609766
0.547505
0.601544
0.520676
0.530968
0.558848
0.574077
0.536004
0.541245
0.528522
0.527401
0.530400
0.524038
0.528522
0.509875
0.501884
0.528522
0.499925
0.524321
0.516487
0.519000
0.520121
0.508206
0.520676
0.520676
0.520676
0.520676
0.666128
0.667383
0.661603
0.661099
0.664114
0.659340
0.627766
0.644631
0.635817
0.650631
0.632148
0.652553
0.652553
0.640001
0.652553
0.654815
0.657830
0.662403
0.661348
0.658333
0.607887
0.634687
0.590021
0.610061
0.645793
0.623340
0.590021
0.592195
0.596541
0.594368
0.600887
0.607647
0.605234
0.605648
0.611993
0.605234
0.629445
0.625513
0.652829
0.640792
0.605648
0.606475
0.602463
0.606889
0.614994
0.607717
0.591252
0.580042
0.584054
0.595679
0.592080
0.604118
0.611314
0.632446
0.608131
0.596093
0.648656
0.624341
0.664866
0.640137
0.605222
0.640551
0.568439
0.621935
0.656761
0.665873
0.541215
0.595215
0.649215
0.667383
0.665873
0.664866
0.536995
0.534097
0.534097
0.539851
0.522694
0.534097
0.539851
0.557111
0.534097
0.505589
0.494185
0.495743
0.512848
0.493156
0.514405
0.499988
0.533756
0.521204
0.493189
0.546786
0.544080
0.559817
0.567094
0.568618
0.557111
0.591716
0.576747
0.580803
0.590027
0.564319
0.570489
0.578601
0.585797
0.566677
0.560176
0.560176
0.560176
0.560176
0.556450
0.554753
0.549330
0.548999
0.557111
0.579027
0.568618
0.471992
0.468298
0.501308
0.493784
0.475246
0.501884
0.514627
0.509279
0.528522
0.488565
0.515203
0.528522
0.565933
0.543486
0.565933
0.543486
0.576609
0.571790
0.532255
0.545086
0.580898
0.630057
0.580898
0.620435
0.720177
0.679216
0.716826
0.679740
0.663164
0.605988
0.642332
0.699347
0.586220
0.602795
0.586220
0.583027
0.870838
0.872480
0.861226
0.821428
0.886071
0.858731
0.814213
0.763705
0.832865
0.881928
0.857933
0.858411
0.848783
0.836329
0.772830
0.762438
0.797529
0.813767
0.768199
0.794065
0.759985
0.737918
0.743557
0.764704
0.696897
0.659364
0.714376
0.713151
0.682482
0.735568
0.774275
0.760436
0.817264
0.781629
0.802776
0.850062
0.757986
0.705480
0.718915
0.728323
0.765263
0.717248
0.726409
0.774275
0.695098
0.706173
0.684023
0.691616
0.678200
0.723924
0.709511
0.756232
0.780376
0.783288
0.741819
0.807603
0.770533
0.839154
0.811067
0.773997
0.838995
0.857773
0.857613
0.820673
0.802055
0.783223
0.792597
0.545262
0.562052
0.537985
0.547498
0.572682
0.523431
0.515109
0.530708
0.523431
0.523431
0.528714
0.542392
0.523431
0.523431
0.559182
0.540221
0.579083
0.582195
0.582195
0.565405
0.577620
0.596001
0.588925
0.570545
0.606960
0.603422
0.585733
0.578311
0.591691
0.599338
0.599764
0.592993
0.584800
0.583497
0.582195
0.582195
0.484570
0.483901
0.482564
0.493895
0.482564
0.481895
0.481895
0.513215
0.480558
0.479125
0.480558
0.495384
0.541866
0.526372
0.510878
0.495384
0.511878
0.543867
0.523209
0.491221
0.588348
0.588348
0.557360
0.588348
0.605702
0.588348
0.584299
0.586998
0.576167
0.573735
0.580517
0.582649
0.551879
0.563192
0.533204
0.532203
0.735098
0.697022
0.751404
0.693511
0.658945
0.701331
0.754379
0.750915
0.719873
0.706604
0.643090
0.629034
0.653806
0.686893
0.640048
0.657020
0.641904
0.612633
0.641973
0.665506
0.578599
0.577998
0.580249
0.578900
0.578299
0.594909
0.620482
0.640780
0.665003
0.626927
0.603024
0.610918
0.750448
0.753593
0.723160
0.723446
0.738881
0.695939
0.707944
0.692794
0.643916
0.665354
0.656207
0.680789
0.664205
0.655618
0.705371
0.693080
0.687190
0.654617
0.714409
0.701544
0.668673
0.737988
0.746320
0.755546
0.765069
0.747511
0.670437
0.715897
0.667762
0.688347
0.654171
0.661164
0.698545
0.640712
0.541919
0.594680
0.505444
0.587951
0.506386
0.590777
0.574491
0.498715
0.622760
0.627252
0.654286
0.680123
0.689453
0.647705
0.498715
0.567761
0.498715
0.576729
0.631727
0.640695
0.497898
0.505694
0.590343
0.581339
0.640948
0.643000
0.677251
0.690335
0.667597
0.656578
0.690335
0.658629
0.681368
0.649662
0.704980
0.707767
0.717343
0.723791
0.710991
0.727957
0.724120
0.732891
0.743934
0.735232
0.743934
0.748588
0.736744
0.743515
0.743111
0.730240
0.716535
0.710991
0.764230
0.754851
0.773523
0.756459
0.759263
0.749033
0.754068
0.749197
0.722203
0.739131
0.733587
0.396349
0.354661
0.487518
0.339425
0.318889
0.413479
0.553222
0.513799
0.513974
0.462731
0.356475
0.343832
0.390512
0.432989
0.307705
0.339440
0.275955
0.266241
0.292751
0.286538
0.348208
0.333248
0.339455
0.318288
0.307705
0.297122
0.328872
0.309822
0.297122
0.307705
0.275955
0.286538
0.268753
0.267856
0.266614
0.266614
0.267235
0.276576
0.266614
0.286538
0.427219
0.407450
0.398807
0.359039
0.351468
0.364326
0.382299
0.365828
0.362764
0.367331
0.375436
0.343245
0.365047
0.360480
0.328294
0.354928
0.315891
0.307836
0.330121
0.341022
0.391444
0.349580
0.410236
0.369279
0.323727
0.332344
0.447818
0.468151
0.436736
0.391444
0.379453
0.340962
0.297874
0.297874
0.315109
0.323727
0.297874
0.306492
0.297874
0.297874
0.309755
0.297874
0.316992
0.315695
0.308191
0.324448
0.318288
0.333515
0.331951
0.370090
0.351021
0.346256
0.339141
0.322422
0.318507
0.411258
0.491675
0.384272
0.449225
0.551507
0.523510
0.478805
0.398453
0.346969
0.577489
0.509094
0.528451
0.567165
0.489736
0.482027
0.509094
0.547808
0.474319
0.482027
0.466610
0.447818
0.421318
0.429027
0.466610
0.466610
0.482027
0.516837
0.528451
0.482027
0.391444
0.380362
0.431838
0.421318
0.380362
0.428857
0.515731
0.483712
0.523531
0.528451
0.469472
0.688598
0.648687
0.717145
0.708553
0.670539
0.748463
0.761771
0.792544
0.778995
0.762137
0.774148
0.793539
0.736211
0.768419
0.698197
0.639435
0.634423
0.748463
0.782427
0.744215
0.702261
0.745975
0.723247
0.721319
0.735223
0.702568
0.695457
0.670275
0.633781
0.655690
0.683817
0.611871
0.655690
0.606066
0.687898
0.633781
0.589962
0.589962
0.568052
0.568052
0.524233
0.557877
0.524227
0.517969
0.528144
0.514058
0.502323
0.470509
0.485962
0.494142
0.498054
0.502323
0.502323
0.562246
0.546142
0.445057
0.487658
0.445057
0.497536
0.530259
0.558195
0.453165
0.505643
0.576253
0.628732
0.592615
0.576454
0.807055
0.789269
0.818698
0.791074
0.882703
0.855460
0.902874
0.875680
0.855344
0.896466
0.822021
0.791074
0.796112
0.803271
0.834946
0.851619
0.839797
0.830814
0.849931
0.846891
0.839797
0.839797
0.824249
0.823048
0.741653
0.750210
0.791355
0.773832
0.780661
0.781402
0.797225
0.882971
0.891729
0.870727
0.894733
0.922317
0.891644
0.764471
0.844337
0.824125
0.865254
0.841837
0.859661
0.897821
0.853604
0.865278
0.897821
0.887226
0.913268
0.930483
0.905987
0.773155
0.802421
0.743889
0.764261
0.813655
0.775495
0.743889
0.722539
0.730647
0.769878
0.736264
0.781112
0.815815
0.813821
0.792347
0.747499
0.803581
0.792347
0.860300
0.824890
0.865023
0.844543
0.853380
0.875264
0.834302
0.865023
0.838180
0.865131
0.869353
0.904278
0.872695
0.914316
0.869911
0.907899
0.853254
0.923230
0.939684
0.943508
0.933582
0.915849
0.909906
0.905564
0.924898
0.942990
0.598474
0.643813
0.608412
0.573846
0.633237
0.597970
0.582799
0.619799
0.603377
0.595417
0.600392
0.609347
0.599471
0.609347
0.585230
0.595566
0.602456
0.588675
0.639707
0.666334
0.656904
0.679647
0.669071
0.703146
0.694473
0.713332
0.723518
0.746345
0.771864
0.650562
0.705538
0.594422
0.627267
0.787857
0.766284
0.670009
0.671081
0.730631
0.686891
0.596357
0.620073
0.588452
0.604262
0.588452
0.588452
0.665376
0.658888
0.660166
0.676412
0.610440
0.611204
0.661444
0.686813
0.637380
0.548200
0.520616
0.458023
0.534613
0.472578
0.563519
0.613289
0.613289
0.613289
0.557005
0.646476
0.635414
0.679664
0.690726
0.689422
0.667297
0.577694
0.607195
0.542099
0.589236
0.635894
0.624508
0.530233
0.530233
0.547870
0.565506
0.591960
0.618414
0.641172
0.653686
0.653686
0.636050
0.669560
0.653207
0.685435
0.658018
0.624039
0.629678
0.600307
0.605670
0.654947
0.631807
0.585865
0.570165
0.581906
0.592388
0.583863
0.593981
0.613573
0.666947
0.628833
0.599534
0.680432
0.657336
0.686231
0.675648
0.644576
0.665642
0.662452
0.668833
0.673328
0.675214
0.664349
0.663055
0.683493
0.674059
0.684347
0.676178
0.675107
0.675824
0.682899
0.682318
0.257534
0.263921
0.276695
0.286601
0.276695
0.283082
0.283082
0.315668
0.295856
0.289469
0.316381
0.316381
0.295856
0.316381
0.302243
0.359679
0.352055
0.309312
0.323450
0.344986
0.302243
0.354892
0.408241
0.366490
0.289469
0.445181
0.416170
0.492900
0.451845
0.409101
0.451845
0.492900
0.480584
0.437225
0.444535
0.422605
0.437225
0.413493
0.429915
0.429915
0.415295
0.467598
0.444535
0.471521
0.409101
0.355118
0.360205
0.356265
0.356249
0.363597
0.359939
0.350363
0.355418
0.352341
0.363597
0.363597
0.363597
0.363597
0.359939
0.352624
0.426205
0.382416
0.358898
0.383462
0.337993
0.341368
0.341368
0.347444
0.351494
0.348119
0.498439
0.454015
0.518293
0.526301
0.427527
0.525069
0.535264
0.547941
0.556393
0.550315
0.572409
0.559287
0.587280
0.587494
0.576268
0.581382
0.480335
0.505901
0.376551
0.408359
0.593931
0.592321
0.595540
0.595540
0.522112
0.528705
0.533956
0.554484
0.521067
0.357380
0.439930
0.356831
0.425079
0.351494
0.420094
0.346071
0.337588
0.355967
0.351726
0.337588
0.337588
0.351726
0.351726
0.351726
0.351726
0.354553
0.358793
0.534465
0.534980
0.520371
0.516557
0.542307
0.528220
0.488511
0.496581
0.498439
0.542307
0.528220
0.508366
0.458730
0.478584
0.458730
0.468657
0.458730
0.478276
0.486654
0.458730
0.414301
0.373530
0.445139
0.404368
0.363597
0.363597
0.363597
0.363597
0.542187
0.525484
0.448623
0.435033
0.508781
0.453677
0.486654
0.458730
0.570990
0.615861
0.615512
0.581607
0.635758
0.642922
0.616180
0.589722
0.653667
0.641396
0.660633
0.656252
0.648559
0.661360
0.653667
0.651969
0.641129
0.660830
0.660830
0.624549
0.644250
0.602800
0.594759
0.617657
0.557344
0.520423
0.528007
0.558664
0.569699
0.539268
0.513533
0.528557
0.536069
0.521045
0.543581
0.528557
0.539586
0.551093
0.557650
0.593648
0.590739
0.675221
0.674111
0.674111
0.675221
0.672445
0.679652
0.669498
0.662170
0.667999
0.685748
0.707452
0.707367
0.692954
0.699509
0.670034
0.616335
0.625813
0.643318
0.661526
0.636645
0.644769
0.649119
0.648594
0.677915
0.677915
0.648917
0.633751
0.649604
0.634640
0.620364
0.618705
0.620808
0.622870
0.625134
0.622628
0.620364
0.611298
0.610854
0.561480
0.590944
0.593393
0.609491
0.607595
0.616335
0.617550
0.609195
0.646462
0.616335
0.691652
0.631784
0.616335
0.662295
0.721907
0.721822
0.721950
0.707186
0.677829
0.707314
0.632939
0.616335
0.617105
0.581701
0.597877
0.546577
0.625579
0.623517
0.609376
0.581399
0.529736
0.525539
0.537603
0.577657
0.537529
0.557130
0.542134
0.544334
0.235629
0.199247
0.272011
0.253820
0.217438
0.298888
0.307574
0.316259
0.342317
0.324945
0.324945
0.316259
0.307574
0.290202
0.253820
0.280697
0.351002
0.351002
0.351002
0.351002
0.403108
0.351002
0.365806
0.351002
0.307639
0.342317
0.351002
0.307639
0.324945
0.351002
0.307574
0.333631
0.264275
0.333631
0.212226
0.324945
0.316259
0.289383
0.160176
0.107758
0.193600
0.254705
0.235629
0.244315
0.153690
0.181056
0.217438
0.181056
0.217438
0.235629
0.253820
0.280697
0.127477
0.162865
0.103885
0.139273
0.162865
0.162865
0.090423
0.103885
0.139273
0.162865
0.162865
0.199247
0.584933
0.572935
0.679626
0.639212
0.731437
0.719330
0.710448
0.639375
0.644938
0.567165
0.565855
0.687427
0.707202
0.652445
0.717430
0.726977
0.672789
0.676107
0.625237
0.638876
0.602654
0.586523
0.613624
0.597292
0.620143
0.618497
0.558833
0.587480
0.637391
0.639702
0.623371
0.571149
0.600520
0.556464
0.556464
0.514578
0.528540
0.575715
0.568207
0.556464
0.557117
0.562337
0.568860
0.549291
0.557771
0.544603
0.542768
0.536510
0.528540
0.465370
0.456867
0.511725
0.505082
0.506415
0.536122
0.530233
0.530233
0.565829
0.585147
0.601424
0.557005
0.590226
0.483119
0.544099
0.528863
0.472578
0.500721
0.421756
0.478887
0.416294
0.391798
0.370934
0.325574
0.302894
0.348254
0.427218
0.269719
0.269719
0.337661
0.321995
0.295236
0.348132
0.454755
0.374270
0.400408
0.452683
0.426546
0.400408
0.374270
0.320131
0.320752
0.452683
0.452683
0.452683
0.452683
0.498105
0.451243
0.446921
0.449802
0.401761
0.424199
0.399166
0.373028
0.400036
0.442599
0.387451
0.442599
0.484036
0.482596
0.462598
0.482596
0.404846
0.430015
0.358395
0.374867
0.482596
0.502799
0.417430
0.417430
0.583304
0.543103
0.519697
0.457632
0.379677
0.443505
0.379677
0.379677
0.530255
0.496180
0.499086
0.527742
0.458045
0.446916
0.500145
0.527643
0.469911
0.435786
0.424656
0.426078
0.453231
0.439787
0.477275
0.484512
0.485670
0.512117
0.518951
0.502459
0.429187
0.412562
0.465253
0.465121
0.430218
0.415379
0.454217
0.472495
0.575160
0.571713
0.529610
0.515890
0.543244
0.526752
0.526752
0.493767
0.582470
0.588205
0.590281
0.592111
0.592721
0.592721
0.596967
0.606092
0.589724
0.551552
0.561844
0.564039
0.582429
0.543541
0.576229
0.520676
0.524126
0.535357
0.528515
0.520775
0.526739
0.532802
0.533221
0.537610
0.543572
0.531649
0.550038
0.591437
0.588452
0.586610
0.580640
0.588452
0.585156
0.561112
0.573439
0.561112
0.568923
0.568003
0.578799
0.527953
0.478216
0.527953
0.478216
0.445057
0.445057
0.465330
0.445057
0.513778
0.478216
0.558314
0.527953
0.497696
0.517969
0.512985
0.525792
0.529703
0.525792
0.529703
0.529703
0.539712
0.549721
0.552459
0.556231
0.545939
0.520423
0.529736
0.520423
0.530758
0.530758
0.513533
0.516978
0.525591
0.539077
0.539648
0.538315
0.539648
0.539611
0.656241
0.645138
0.664942
0.653708
0.640496
0.664703
0.685508
0.671109
0.691145
0.671109
0.673165
0.683183
0.664464
0.644769
0.653469
0.741220
0.751483
0.756321
0.775857
0.737089
0.770631
0.802796
0.801221
0.787131
0.772881
0.801331
0.797153
0.805519
0.800048
0.792837
0.793171
0.787084
0.783619
0.787690
0.773782
0.775720
0.770516
0.756141
0.778860
0.754756
0.740773
0.745212
0.746683
0.751123
0.747548
0.765498
0.715394
0.698395
0.738303
0.721044
0.693955
0.710194
0.716648
0.723102
0.735921
0.551122
0.582850
0.507876
0.545306
0.603060
0.569045
0.494185
0.505589
0.532856
0.568310
0.554422
0.595071
0.584909
0.605234
0.605234
0.561873
0.562887
0.588634
0.582324
0.560176
0.560176
0.559735
0.572288
0.584401
0.568249
0.598036
0.605234
0.588290
0.594897
0.610222
0.613061
0.603740
0.632054
0.622674
0.633912
0.637999
0.632824
0.647129
0.647029
0.666837
0.651783
0.656159
0.660313
0.637354
0.640897
0.626725
0.621425
0.668974
0.655297
0.670099
0.655286
0.640322
0.632007
0.670662
0.673625
0.660786
0.655848
0.634975
0.623979
0.601411
0.601985
0.612122
0.625209
0.673548
0.683731
0.686563
0.678922
0.691268
0.687979
0.690511
0.679387
0.693530
0.698805
0.691748
0.691463
0.703866
0.697665
0.703250
0.699732
0.696932
0.694158
0.687375
0.691627
0.715057
0.728697
0.708229
0.722486
0.738799
0.736743
0.716400
0.730071
0.683588
0.702812
0.713662
0.697306
0.699094
0.710560
0.700170
0.701402
0.682010
0.697253
0.682010
0.697253
0.698634
0.698634
0.684945
0.695717
0.694008
0.687524
0.693374
0.690613
0.699554
0.690613
0.699554
0.674113
0.668262
0.677203
0.668262
0.654131
0.662610
0.654131
0.662610
0.670058
0.658560
0.671281
0.677203
0.730247
0.735387
0.745763
0.738566
0.738986
0.753500
0.739106
0.740665
0.750981
0.726311
0.756520
0.756089
0.763935
0.759797
0.758507
0.751520
0.755750
0.752742
0.749210
0.748941
0.680628
0.700455
0.667636
0.698683
0.710300
0.680798
0.611386
0.644241
0.637928
0.674280
0.661243
0.667762
0.671021
0.655043
0.687289
0.682414
0.708434
0.713268
0.715175
0.703558
0.670207
0.669149
0.700871
0.711444
0.667582
0.689019
0.722018
0.721471
0.715617
0.666014
0.680538
0.681815
0.685988
0.703290
0.722173
0.728818
0.714190
0.702338
0.737402
0.725766
0.745511
0.735566
0.731415
0.729887
0.729887
0.734366
0.734366
0.738081
0.734538
0.734366
0.734366
0.731562
0.734366
0.732442
0.738137
0.741993
0.736213
0.737644
0.746276
0.571926
0.566248
0.578270
0.582277
0.562901
0.573632
0.582930
0.582280
0.582794
0.556363
0.571052
0.581369
0.573203
0.578948
0.572048
0.579083
0.573575
0.575408
0.578806
0.577928
0.550829
0.562221
0.548383
0.569683
0.579684
0.565656
0.543846
0.551760
0.559161
0.562405
0.574353
0.574476
0.576955
0.578157
0.580982
0.520553
0.533343
0.534498
0.516716
0.540205
0.534498
0.522643
0.504861
0.534498
0.540205
0.537283
0.540068
0.542111
0.538229
0.532407
0.532141
0.522136
0.508520
0.493006
0.513885
0.543058
0.545681
0.550929
0.550929
0.548305
0.553552
0.566461
0.560290
0.566461
0.560290
0.535274
0.551266
0.570576
0.561235
0.570576
0.561235
0.547223
0.547223
0.510498
0.534401
0.515168
0.543742
0.515168
0.548413
0.493006
0.493006
0.493006
0.493006
0.502598
0.496843
0.502598
0.496843
0.506779
0.506607
0.498933
0.493006
0.582786
0.587152
0.586896
0.574397
0.592431
0.597512
0.575054
0.566008
0.591007
0.594257
0.601879
0.606960
0.563604
0.585867
0.557354
0.573368
0.558525
0.551586
0.562040
0.560868
0.548585
0.539676
0.556615
0.555898
0.544552
0.561491
0.545999
0.554462
0.557544
0.566007
0.574756
0.570165
0.566366
0.546990
0.563212
0.536465
0.541860
0.544912
0.538807
0.551018
0.551018
0.555338
0.551345
0.562356
0.557123
0.557123
0.568461
0.580890
0.576925
0.570193
0.572046
0.538612
0.535656
0.538640
0.538696
0.517723
0.526703
0.523747
0.532727
0.538779
0.529771
0.538723
0.551289
0.561692
0.567809
0.556242
0.549459
0.555576
0.543795
0.550792
0.541408
0.532332
0.538356
0.534666
0.537678
0.537226
0.537226
0.543343
0.537226
0.526759
0.520735
0.529094
0.520509
0.517723
0.517723
0.565654
0.540967
0.537226
0.528868
0.537226
0.534440
0.561050
0.556806
0.559405
0.565753
0.549011
0.554208
0.561521
0.567869
0.563767
0.543814
0.546412
0.565531
0.589132
0.584650
0.572042
0.576275
0.563197
0.567984
0.572934
0.569533
0.592080
0.584054
0.571821
0.567809
0.573925
0.561692
0.537226
0.549459
0.537226
0.549459
0.553912
0.555576
0.537226
0.553555
0.542511
0.575167
0.586211
0.602539
0.596305
0.613108
0.568933
0.569408
0.563649
0.553080
0.587984
0.579662
0.574218
0.574218
0.562553
0.579662
0.572102
0.572102
0.567869
0.567869
0.572102
0.574218
0.307114
0.283656
0.283656
0.343975
0.283656
0.283656
0.283656
0.343975
0.270010
0.242718
0.256364
0.242718
0.366747
0.279513
0.396637
0.306805
0.383368
0.410326
0.374135
0.283656
0.490775
0.541215
0.509618
0.546412
0.543814
0.549011
0.550171
0.554208
0.531705
0.554208
0.483079
0.468788
0.543054
0.541527
0.522472
0.503836
0.522892
0.494434
0.471735
0.465976
0.489013
0.483253
0.464613
0.504005
0.471735
0.477494
0.483253
0.489013
0.430161
0.483253
0.393710
0.464613
0.404294
0.368843
0.434453
0.434453
0.047457
0.047457
0.148685
0.047457
0.047457
0.114943
0.236268
0.216171
0.210879
0.216171
0.138101
0.114943
0.104358
0.104358
0.047457
0.047457
0.267780
0.292647
0.228745
0.251904
0.353136
0.282233
0.258767
0.282233
0.240956
0.246612
0.186883
0.189710
0.254815
0.179770
0.174705
0.201110
0.132025
0.121894
0.121894
0.148299
0.095489
0.103931
0.095489
0.097154
0.127477
0.115681
0.103885
0.097154
0.080293
0.080293
0.090423
0.090423
0.162865
0.181056
0.139273
0.164011
0.168059
0.217519
0.201114
0.200474
0.202848
0.177732
0.183429
0.209692
0.143857
0.154507
0.106177
0.116827
0.210838
0.186868
0.210838
0.186868
0.170888
0.170888
0.210838
0.186868
0.170888
0.155134
0.170888
0.142192
0.170888
0.111242
0.145004
0.199763
0.250125
0.159026
0.305513
0.282974
0.265131
0.293398
0.198739
0.134836
0.405191
0.374100
0.378499
0.361399
0.328498
0.306626
0.212264
0.190440
0.293998
0.243791
0.364612
0.355663
0.492056
0.345950
0.434926
0.589480
0.583581
0.548186
0.604874
0.610006
0.561702
0.590988
0.624268
0.576935
0.610505
0.651490
0.647132
0.604973
0.633369
0.572640
0.596452
0.570519
0.562882
0.633659
0.604973
0.611748
0.590630
0.585454
0.566528
0.592502
0.576287
0.544631
0.550826
0.565934
0.568991
0.589485
0.560138
0.533924
0.604158
0.596821
0.612254
0.448427
0.541971
0.563174
0.563174
0.626927
0.605676
0.648178
0.621104
0.633505
0.593875
0.574242
0.568309
0.594998
0.603748
0.579487
0.539838
0.572350
0.577633
0.561549
0.591563
0.510802
0.519504
0.517482
0.539030
0.546232
0.542371
0.535508
0.549873
0.568742
0.564238
0.556736
0.556736
0.556736
0.558508
0.556736
0.585955
0.603018
0.555329
0.543287
0.519202
0.579877
0.552321
0.663529
0.653363
0.685626
0.614065
0.611061
0.617069
0.704719
0.634067
0.564359
0.561355
0.570493
0.561107
0.619918
0.641800
0.624319
0.646201
0.663460
0.660525
0.660525
0.646201
0.606749
0.723617
0.695145
0.724029
0.696851
0.682138
0.714736
0.720741
0.721719
0.709468
0.711876
0.708063
0.708270
0.711876
0.707586
0.704664
0.714736
0.694048
0.677962
0.669101
0.700948
0.706642
0.700536
0.705699
0.699430
0.694591
0.688287
0.705861
0.699741
0.688435
0.675052
0.679482
0.679482
0.679482
0.673360
0.689554
0.661765
0.648478
0.670623
0.657336
0.648478
0.648478
0.647157
0.650607
0.651586
0.659465
0.662201
0.668323
0.654007
0.673562
0.653464
0.673019
0.707228
0.707228
0.707228
0.663328
0.654388
0.679999
0.650686
0.658098
0.669539
0.648215
0.655628
0.665511
0.675260
0.663040
0.643107
0.627783
0.640470
0.625145
0.645411
0.621141
0.665511
0.657932
0.635195
0.665511
0.665511
0.675260
0.683709
0.678510
0.668760
0.595970
0.641646
0.583304
0.617781
0.664756
0.652257
0.583304
0.606037
0.640136
0.662868
0.662868
0.670500
0.663623
0.678132
0.668005
0.674990
0.693415
0.678455
0.693091
0.705861
0.705375
0.700021
0.704888
0.692964
0.694041
0.688259
0.683357
0.700021
0.697668
0.692964
0.692964
0.727779
0.712724
0.718953
0.701545
0.683636
0.704406
0.681759
0.685009
0.441962
0.424316
0.518154
0.485688
0.458845
0.518374
0.572482
0.550839
0.560091
0.566748
0.522538
0.522538
0.480708
0.457443
0.471760
0.498604
0.605050
0.612458
0.552512
0.575174
0.612458
0.597837
0.487112
0.551605
0.462812
0.512318
0.462812
0.489656
0.485506
0.479896
0.452259
0.463272
0.533662
0.495392
0.532926
0.495392
0.504150
0.463111
0.489117
0.532557
0.445983
0.453326
0.444916
0.448587
0.464016
0.447956
0.426689
0.426689
0.437104
0.412888
0.426689
0.426689
0.388671
0.370652
0.416732
0.453864
0.581691
0.581691
0.562347
0.581691
0.594515
0.566465
0.499572
0.527153
0.511927
0.535389
0.528400
0.558511
0.543626
0.524281
0.594175
0.572877
0.620164
0.626577
0.613752
0.600928
0.536873
0.553819
0.553819
0.562292
0.587422
0.584790
0.562292
0.579238
0.594735
0.617754
0.608121
0.626577
0.609920
0.626577
0.621024
0.562925
0.480529
0.588130
0.521127
0.426689
0.445353
0.557335
0.501344
0.587010
0.558454
0.616685
0.606793
0.557335
0.558071
0.570706
0.564662
0.558807
0.562287
0.571989
0.581144
0.593969
0.510909
0.508953
0.523431
0.473344
0.466105
0.490065
0.490142
0.506786
0.481819
0.498464
0.460975
0.448377
0.477620
0.473497
0.439978
0.456699
0.435778
0.435778
0.435778
0.435778
0.463746
0.455347
0.470716
0.465088
0.439978
0.456689
0.467880
0.478360
0.477599
0.470629
0.470629
0.449719
0.449719
0.435778
0.435778
0.473497
0.473463
0.465175
0.469319
0.494185
0.485897
0.494185
0.481752
0.451698
0.448097
0.464925
0.481627
0.456636
0.460905
0.465175
0.465175
0.435289
0.435289
0.435289
0.435289
0.448097
0.439558
0.475246
0.448608
0.435289
0.450199
0.452366
0.460905
0.492091
0.514812
0.471329
0.492091
0.514812
0.458010
0.461927
0.435289
0.452116
0.435289
0.488528
0.458010
0.524940
0.536300
0.514812
0.492091
0.477358
0.494185
0.504739
0.521567
0.494185
0.521567
0.590021
0.562640
0.590021
0.562640
0.568533
0.543482
0.631633
0.622699
0.627449
0.623264
0.603450
0.623264
0.623794
0.623476
0.623794
0.623476
0.597665
0.594190
0.611741
0.617873
0.590098
0.611635
0.572006
0.553914
0.573729
0.597635
0.582560
0.582560
0.522837
0.550164
0.582560
0.566362
0.451984
0.501570
0.517768
0.555609
0.539384
0.558205
0.571780
0.556709
0.568985
0.540540
0.531964
0.537550
0.527676
0.523388
0.519100
0.536728
0.514812
0.542742
0.530272
0.553914
0.545732
0.563375
0.590021
0.568552
0.589612
0.590021
0.590021
0.608452
0.593952
0.573729
0.460275
0.460275
0.463399
0.462267
0.460987
0.462267
0.476141
0.472107
0.475896
0.467851
0.494656
0.445478
0.463595
0.487274
0.427361
0.463595
0.409244
0.423520
0.442917
0.463595
0.448538
0.409244
0.383598
0.373010
0.391127
0.354893
0.350377
0.336776
0.336776
0.370449
0.336776
0.370449
0.336776
0.388566
0.373010
0.617681
0.588938
0.611690
0.614685
0.604807
0.608694
0.611760
0.602704
0.599708
0.599708
0.602704
0.605699
0.595322
0.593568
0.617681
0.611690
0.575371
0.542474
0.572964
0.537661
0.522949
0.515730
0.506105
0.508511
0.535844
0.532849
0.581951
0.559593
0.506105
0.473295
0.522971
0.490697
0.402397
0.424079
0.428477
0.449100
0.503864
0.483236
0.465834
0.482590
0.548415
0.515680
0.588440
0.539837
0.473741
0.465664
0.457442
0.465664
0.507891
0.492022
0.462117
0.456878
0.483236
0.541332
0.557201
0.573070
0.532920
0.543467
0.510953
0.578566
0.562225
0.562309
0.471466
0.504064
0.573933
0.536661
0.594907
0.594907
0.594907
0.583468
0.570396
0.586736
0.552960
0.513987
0.594907
0.591379
0.486144
0.558760
0.599693
0.587852
0.603221
0.593143
0.590893
0.594907
0.613928
0.624005
0.615691
0.624005
0.624005
0.624005
0.587023
0.624005
0.574696
0.611678
0.574553
0.591037
0.547265
0.478801
0.550041
0.537714
0.421390
0.469715
0.516537
0.537714
0.545884
0.672544
0.676599
0.660380
0.676599
0.676599
0.664435
0.648215
0.652270
0.692541
0.666393
0.706663
0.684570
0.704659
0.690629
0.688625
0.710861
0.727647
0.718689
0.723168
0.734366
0.729887
0.718689
0.723168
0.712676
0.718689
0.704659
0.718689
0.707789
0.691438
0.701213
0.690313
0.680538
0.679412
0.677725
0.683175
0.694638
0.619292
0.618155
0.616135
0.571583
0.561619
0.568426
0.620428
0.575233
0.521854
0.519341
0.509377
0.526791
0.558645
0.567848
0.588782
0.586254
0.551425
0.595456
0.614774
0.609716
0.632975
0.634740
0.587245
0.535003
0.605040
0.591779
0.606570
0.580048
0.585149
0.576476
0.605571
0.578006
0.554543
0.564745
0.580048
0.569846
0.576797
0.576797
0.576797
0.576797
0.579183
0.579183
0.573916
0.577398
0.578591
0.588500
0.582762
0.582762
0.548053
0.573490
0.522317
0.564010
0.568750
0.559270
0.504558
0.524547
0.544535
0.554529
0.554529
0.554529
0.554529
0.589821
0.571034
0.554529
0.560891
0.557710
0.564072
0.567254
0.570435
0.573616
0.567254
0.572655
0.462242
0.471355
0.455980
0.501936
0.511050
0.488705
0.473653
0.507881
0.540587
0.536873
0.528400
0.528400
0.525647
0.499572
0.543029
0.507842
0.503691
0.481345
0.544563
0.510828
0.471810
0.454005
0.489582
0.516045
0.572859
0.570050
0.569748
0.565231
0.557905
0.563524
0.558241
0.551721
0.534338
0.551721
0.553389
0.557603
0.551619
0.547653
0.554703
0.557954
0.548838
0.560725
0.558817
0.566507
0.569835
0.573162
0.559613
0.550580
0.556029
0.535287
0.554857
0.547764
0.527100
0.554626
0.554857
0.554626
0.548765
0.548765
0.521316
0.535041
0.506436
0.506436
0.506436
0.506436
0.520219
0.522657
0.529597
0.513375
0.506436
0.047457
0.073080
0.047457
0.047457
0.124326
0.047457
0.047457
0.047457
0.047457
0.127154
0.047457
0.175572
0.098703
0.226818
0.175572
0.181227
0.235301
0.204023
0.229646
0.232473
0.226818
0.226818
0.226818
0.226818
0.462325
0.447521
0.454632
0.414600
0.352051
0.316402
0.380927
0.334538
0.294507
0.101867
0.196308
0.108957
0.243430
0.220911
0.235716
0.101867
0.065594
0.065594
0.047457
0.047457
0.047457
0.047457
0.090821
0.134184
0.420958
0.437795
0.420958
0.454632
0.454632
0.454632
0.420958
0.454632
0.462325
0.454632
0.454632
0.454632
0.465497
0.454632
0.461913
0.455248
0.454632
0.454632
0.458330
0.457761
0.457809
0.439076
0.454632
0.454632
0.574222
0.580487
0.565058
0.562159
0.593828
0.575500
0.529680
0.548008
0.526179
0.543831
0.522678
0.552694
0.514287
0.498894
0.513815
0.498422
0.473251
0.472163
0.481795
0.497950
0.503238
0.712891
0.750310
0.677419
0.689605
0.730372
0.626954
0.675614
0.671801
0.626954
0.626954
0.625822
0.626954
0.638279
0.722078
0.680178
0.714786
0.721992
0.755712
0.743962
0.722035
0.765845
0.811230
0.804546
0.809613
0.821256
0.765845
0.722078
0.746506
0.730957
0.776334
0.714477
0.715032
0.728202
0.806163
0.749731
0.701557
0.688925
0.691145
0.690035
0.662958
0.695795
0.687404
0.703757
0.715032
0.730957
0.711850
0.715980
0.730957
0.730957
0.730957
0.707070
0.678122
0.646002
0.687498
0.650256
0.608186
0.660204
0.696873
0.660204
0.635758
0.635758
0.586014
0.615861
0.545891
0.551093
0.563307
0.591709
0.558605
0.591709
0.548992
0.590190
0.630098
0.639473
0.601085
0.566117
0.579749
0.603651
0.549721
0.591331
0.615302
0.555110
0.534905
0.547806
0.535674
0.554374
0.574461
0.570577
0.626954
0.623070
0.626954
0.619186
0.641929
0.624732
0.607534
0.615302
0.606867
0.267856
0.269719
0.265993
0.265616
0.264497
0.270761
0.286538
0.265371
0.270639
0.275906
0.285321
0.293510
0.273168
0.259274
0.261015
0.562345
0.541481
0.572000
0.520542
0.435268
0.436934
0.547201
0.436934
0.395130
0.311523
0.351586
0.327240
0.643254
0.667562
0.626937
0.648527
0.669173
0.614757
0.600965
0.591310
0.585792
0.623030
0.671261
0.660938
0.667264
0.690644
0.669188
0.694494
0.694494
0.696419
0.703580
0.702382
0.700268
0.688208
0.689945
0.685971
0.616942
0.597584
0.633898
0.613624
0.577906
0.613624
0.672311
0.635080
0.635080
0.613624
0.542187
0.613624
0.363597
0.363597
0.417657
0.399637
0.399315
0.435355
0.464008
0.453697
0.453697
0.526470
0.488771
0.470751
0.325270
0.312009
0.361296
0.344819
0.336784
0.353437
0.408405
0.380845
0.363597
0.363597
0.356814
0.361901
0.312915
0.293559
0.327054
0.305271
0.297122
0.295825
0.294528
0.313363
0.341086
0.419015
0.437355
0.409845
0.446524
0.450833
0.466768
0.478281
0.415295
0.512989
0.487011
0.664153
0.628136
0.573347
0.593591
0.598723
0.553104
0.564448
0.552983
0.479693
0.523690
0.467588
0.491811
0.495258
0.454757
0.530233
0.516034
0.473987
0.441832
0.442823
0.491038
0.443596
0.610823
0.609111
0.570530
0.579937
0.524106
0.522716
0.518259
0.559468
0.559188
0.558731
0.545602
0.541800
0.550937
0.549811
0.547528
0.565629
0.562337
0.578884
0.602712
0.572409
0.553498
0.555781
0.533887
0.525006
0.538328
0.522046
0.516722
0.528988
0.542768
0.537410
0.531593
0.532052
0.524226
0.561472
0.513474
0.518653
0.683274
0.610992
0.580989
0.636794
0.581615
0.563996
0.617173
0.523475
0.563437
0.554627
0.536413
0.532930
0.518257
0.580393
0.548239
0.580417
0.637392
0.578488
0.664596
0.717921
0.631511
0.577523
0.615710
0.745554
0.682599
0.764773
0.710785
0.768191
0.767527
0.774362
0.746322
0.697444
0.684236
0.624027
0.737474
0.710923
0.689297
0.557919
0.630374
0.640499
0.716414
0.748294
0.768241
0.598484
0.617730
0.595026
0.604486
0.662359
0.634757
0.648000
0.630973
0.632865
0.651784
0.623405
0.601577
0.692189
0.720923
0.679975
0.706818
0.740829
0.725074
0.725265
0.719280
0.713857
0.711360
0.692712
0.667762
0.358950
0.429180
0.466108
0.340001
0.561597
0.604152
0.432277
0.297378
0.590500
0.654022
0.685778
0.689240
0.550695
0.639085
0.492465
0.559734
0.365018
0.266136
0.288559
0.401511
0.760822
0.759355
0.762467
0.762145
0.751085
0.762500
0.761307
0.760227
0.708218
0.743924
0.722567
0.761059
0.719603
0.719603
0.751111
0.760881
0.702228
0.710662
0.687682
0.691146
0.704939
0.708754
0.700022
0.695584
0.627153
0.619194
0.660458
0.664896
0.625331
0.654112
0.631468
0.660249
0.703032
0.709782
0.696207
0.703708
0.734569
0.731545
0.688304
0.731933
0.657004
0.700633
0.635113
0.669334
0.665117
0.665117
0.668081
0.634081
0.630908
0.634081
0.671045
0.637046
0.523171
0.591930
0.523171
0.591930
0.478683
0.388635
0.521887
0.591930
0.546988
0.586739
0.450918
0.496806
0.611761
0.610147
0.530216
0.513511
0.322989
0.312468
0.390803
0.419125
0.289107
0.362481
0.288488
0.362481
0.613375
0.614989
0.531830
0.533444
0.640053
0.582176
0.321765
0.451844
0.321765
0.406284
0.321765
0.406284
0.412989
0.345323
0.457476
0.415109
0.391932
0.461463
0.480654
0.510872
0.385604
0.515717
0.298264
0.402145
0.258541
0.195642
0.292891
0.339246
0.262441
0.263679
0.298293
0.298912
0.298785
0.275424
0.310656
0.298912
0.132742
0.132742
0.246537
0.246537
0.132742
0.246537
0.132742
0.246537
0.322146
0.322146
0.322400
0.322400
0.322146
0.345578
0.132742
0.269714
0.132742
0.246537
0.132742
0.246537
0.215769
0.176046
0.255491
0.270313
0.192926
0.310035
0.295214
0.311455
0.226339
0.275523
0.224991
0.272683
0.213705
0.202346
0.223660
0.272683
0.060996
0.060996
0.087793
0.077483
0.060996
0.060996
0.067173
0.067173
0.031591
0.060151
0.065721
0.055411
0.088711
0.094281
0.106961
0.122841
0.060996
0.060996
0.059233
0.084446
0.098660
0.155262
0.136040
0.141485
0.067239
0.094478
0.031591
0.047471
0.179555
0.168269
0.190770
0.168052
0.168197
0.167979
0.190697
0.167835
0.245418
0.187176
0.264832
0.206662
0.264904
0.246062
0.206880
0.206807
0.070461
0.052211
0.031717
0.015712
0.015712
0.033961
0.015712
0.015712
0.126814
0.126814
0.060153
0.060153
0.126814
0.060153
0.148536
0.079630
0.037505
0.081093
0.059299
0.102887
0.124681
0.146475
0.227147
0.188037
0.167523
0.125534
0.126814
0.081947
0.303660
0.284745
0.303660
0.303660
0.303660
0.303660
0.303660
0.303660
0.317288
0.303660
0.310786
0.303660
0.310786
0.314349
0.303660
0.303660
0.171256
0.171256
0.171256
0.171256
0.171256
0.171256
0.171256
0.171256
0.198851
0.209033
0.183848
0.196440
0.196440
0.171256
0.196678
0.171256
0.171256
0.209085
0.171256
0.209085
0.246915
0.265830
0.289112
0.269393
0.231215
0.225241
0.188670
0.196440
0.321475
0.325038
0.352152
0.350794
0.303148
0.420633
0.389331
0.451310
0.567589
0.471119
0.317687
0.405326
0.234930
0.234455
0.319616
0.263114
0.178488
0.211444
0.168307
0.191081
0.291886
0.192654
0.348151
0.448161
0.168307
0.202367
0.143870
0.169446
0.277572
0.237829
0.238905
0.187491
0.163316
0.633355
0.627574
0.625399
0.627574
0.626394
0.624612
0.626225
0.630448
0.633323
0.624203
0.622854
0.624034
0.628770
0.628424
0.622854
0.622854
0.626992
0.629181
0.629061
0.644134
0.638371
0.635534
0.633494
0.643864
0.641137
0.639726
0.636230
0.622190
0.623468
0.632038
0.633528
0.617505
0.616388
0.629632
0.634785
0.623753
0.624458
0.635619
0.624299
0.511705
0.482690
0.553320
0.485617
0.504399
0.505863
0.601679
0.671407
0.636098
0.545449
0.608885
0.557374
0.609867
0.556478
0.556926
0.629130
0.556478
0.536232
0.556478
0.536232
0.556478
0.556478
0.586385
0.586385
0.556478
0.563280
0.631247
0.661155
0.661155
0.631247
0.634199
0.585037
0.538828
0.591840
0.532025
0.548327
0.975719
0.993000
0.968457
0.963166
0.979128
0.951627
0.961095
0.935789
0.946678
0.935689
0.921537
0.874404
0.896519
0.907068
0.893032
0.914130
0.940771
0.859216
0.847880
0.846113
0.846560
0.839184
0.839184
0.837327
0.833005
0.825747
0.826827
0.834128
0.829107
0.824619
0.819217
0.824507
0.824767
0.867941
0.870812
0.671339
0.681432
0.672320
0.664906
0.680584
0.670624
0.660678
0.643840
0.665644
0.659419
0.655684
0.665644
0.650704
0.651439
0.642960
0.656443
0.652546
0.637124
0.659029
0.619119
0.635806
0.647137
0.640642
0.648436
0.636745
0.632849
0.628952
0.647997
0.644311
0.641379
0.638220
0.631269
0.634305
0.627268
0.629939
0.636396
0.618963
0.629939
0.614810
0.625787
0.774546
0.761059
0.782212
0.780197
0.791370
0.790600
0.743067
0.772857
0.799909
0.807765
0.814346
0.807417
0.808187
0.799677
0.793524
0.797889
0.813221
0.810482
0.820154
0.828155
0.831567
0.816566
0.822438
0.811095
0.804011
0.815775
0.811114
0.813878
0.813544
0.809313
0.816556
0.818565
0.818565
0.816556
0.821062
0.816436
0.824112
0.805357
0.814703
0.823439
0.801856
0.804007
0.799981
0.803384
0.825817
0.810472
0.809910
0.806115
0.800243
0.794180
0.794003
0.787998
0.785850
0.794464
0.783286
0.785938
0.782527
0.779875
0.788590
0.795734
0.788312
0.821558
0.788312
0.859407
0.855201
0.821558
0.847473
0.870736
0.854137
0.825709
0.796827
0.940568
0.933433
0.935924
0.927544
0.885931
0.891956
0.919660
0.911237
0.881052
0.921014
0.833400
0.890163
0.849875
0.860136
0.875140
0.823199
0.826790
0.842266
0.854021
0.872986
0.858772
0.893415
0.887430
0.861207
0.863469
0.866510
0.865518
0.868392
0.870672
0.874835
0.902054
0.885474
0.877149
0.905292
0.930394
0.915485
0.943851
0.932386
0.938096
0.913852
0.925679
0.915753
0.904314
0.878413
0.878162
0.883502
0.872604
0.881984
0.881652
0.894518
0.909130
0.878259
0.881309
0.881309
0.879197
0.882365
0.883798
0.871736
0.874267
0.871736
0.863469
0.853912
0.869793
0.891078
0.888588
0.877457
0.826183
0.812869
0.805837
0.799842
0.790870
0.787853
0.791350
0.799842
0.817346
0.801370
0.861585
0.836251
0.804647
0.783935
0.781122
0.758592
0.769343
0.755655
0.753044
0.757027
0.778534
0.759918
0.694948
0.709895
0.727092
0.683036
0.691704
0.696432
0.691704
0.714889
0.739184
0.716872
0.751367
0.755482
0.766100
0.749309
0.761299
0.758456
0.770188
0.786873
0.784934
0.773814
0.784159
0.775573
0.778730
0.655167
0.655167
0.663041
0.652168
0.651793
0.654901
0.654042
0.651793
0.684911
0.663757
0.689676
0.689676
0.665596
0.663589
0.684332
0.669923
0.701396
0.703360
0.711823
0.730013
0.719531
0.732960
0.739825
0.714882
0.682022
0.694871
0.650875
0.648751
0.652487
0.650415
0.648426
0.650898
0.653220
0.650728
0.666543
0.663930
0.655613
0.565170
0.565170
0.573722
0.576098
0.572772
0.562149
0.598651
0.580166
0.592605
0.579424
0.603780
0.579424
0.599790
0.579424
0.579424
0.562338
0.568033
0.605331
0.570878
0.546201
0.550947
0.556636
0.566957
0.575433
0.596072
0.579424
0.603463
0.596859
0.637738
0.656426
0.706548
0.679209
0.644342
0.637738
0.678725
0.656426
0.815421
0.751361
0.806746
0.805220
0.784009
0.744139
0.777927
0.784172
0.774509
0.795948
0.804233
0.793186
0.725654
0.771092
0.775278
0.795948
0.789940
0.791521
0.807358
0.804867
0.811117
0.813647
0.813083
0.732436
0.813788
0.814937
0.773127
0.677937
0.738083
0.758693
0.797325
0.822206
0.813486
0.748228
0.750509
0.714664
0.696540
0.721554
0.666790
0.602536
0.624410
0.604683
0.638362
0.588187
0.603960
0.633851
0.662951
0.828667
0.822390
0.828770
0.830400
0.823964
0.828067
0.832670
0.832749
0.819282
0.826197
0.834960
0.837606
0.836459
0.839302
0.842896
0.845541
0.837583
0.846291
0.826988
0.832668
0.841557
0.832286
0.828382
0.815692
0.821690
0.821690
0.821690
0.826231
0.761089
0.765693
0.782295
0.776683
0.777147
0.807305
0.810109
0.815796
0.799439
0.808538
0.793691
0.726089
0.726089
0.716434
0.710615
0.710916
0.717966
0.702909
0.720473
0.712049
0.700440
0.721382
0.693632
0.689186
0.712403
0.707505
0.690774
0.685852
0.685852
0.685852
0.685852
0.685852
0.685852
0.667370
0.660314
0.630406
0.652222
0.611924
0.649729
0.623349
0.574960
0.581930
0.556478
0.632835
0.596776
0.658891
0.680641
0.679811
0.701335
0.704308
0.702792
0.665842
0.671246
0.701718
0.703520
0.704976
0.705705
0.705848
0.743481
0.745515
0.752452
0.747929
0.735054
0.743101
0.756955
0.796790
0.750863
0.804234
0.796899
0.738589
0.745598
0.736238
0.730505
0.728620
0.767007
0.718862
0.704960
0.837266
0.825157
0.831724
0.834797
0.818629
0.824418
0.832527
0.826235
0.834797
0.824808
0.825807
0.834797
0.814819
0.821154
0.807369
0.819114
0.813972
0.814624
0.823113
0.807687
0.813392
0.813392
0.660711
0.666236
0.666236
0.662026
0.666236
0.666236
0.666236
0.662026
0.666236
0.665279
0.665826
0.665236
0.665843
0.661746
0.657348
0.664543
0.665253
0.652753
0.661891
0.651008
0.649180
0.654994
0.660145
0.659342
0.652270
0.652912
0.644466
0.645930
0.640975
0.643792
0.640243
0.631797
0.639961
0.632529
0.644916
0.639961
0.644916
0.644916
0.642439
0.644916
0.644916
0.645857
0.634581
0.638316
0.641340
0.645668
0.649274
0.650560
0.648679
0.644350
0.648679
0.647738
0.649843
0.645857
0.650551
0.651501
0.650551
0.651501
0.651501
0.651501
0.651931
0.654719
0.651501
0.654259
0.651501
0.655711
0.654985
0.655711
0.654770
0.561905
0.586358
0.546965
0.568033
0.596665
0.579424
0.593790
0.579424
0.789654
0.795638
0.791004
0.803423
0.824231
0.823704
0.789286
0.803015
0.823177
0.859631
0.843908
0.883216
0.852747
0.891078
0.861585
0.846972
0.839676
0.870753
0.863655
0.826623
0.834682
0.850798
0.858857
0.876030
0.874974
0.881687
0.887533
0.872225
0.898740
0.899642
0.912486
0.918968
0.931461
0.932692
0.934569
0.930278
0.937899
0.937473
0.947886
0.946318
0.908215
0.847950
0.843468
0.847010
0.857016
0.847946
0.848413
0.848413
0.847946
0.848413
0.870826
0.855750
0.893354
0.854072
0.853395
0.863035
0.843755
0.822190
0.836442
0.839855
0.825769
0.804423
0.793438
0.779062
0.832322
0.794603
0.787259
0.783635
0.731072
0.754281
0.748149
0.771747
0.768349
0.776292
0.774038
0.622993
0.656511
0.645426
0.559894
0.569189
0.656426
0.745426
0.687751
0.730129
0.728900
0.729309
0.700231
0.722573
0.699025
0.723001
0.702175
0.719255
0.717375
0.728900
0.719255
0.639677
0.636365
0.636636
0.636358
0.614373
0.634953
0.656085
0.665410
0.664157
0.650072
0.663508
0.644060
0.651279
0.656643
0.644128
0.608593
0.625323
0.628255
0.619950
0.625677
0.620077
0.615797
0.616052
0.630466
0.632898
0.625271
0.634252
0.620458
0.624466
0.642494
0.610959
0.609743
0.734482
0.742946
0.719904
0.729253
0.743167
0.746348
0.714684
0.732723
0.746146
0.761316
0.766637
0.759956
0.754121
0.762261
0.636673
0.669132
0.636673
0.672067
0.650714
0.661118
0.660486
0.673825
0.677625
0.675448
0.674659
0.671136
0.671387
0.672901
0.650702
0.634422
0.658580
0.658523
0.658183
0.658977
0.658183
0.670989
0.661212
0.672237
0.666525
0.666724
0.668846
0.662893
0.660765
0.658183
0.658183
0.658183
0.658332
0.644096
0.644068
0.644265
0.645081
0.645409
0.645419
0.629753
0.640888
0.634293
0.645756
0.670702
0.665834
0.646582
0.642877
0.652598
0.646075
0.652429
0.650421
0.645738
0.645738
0.699925
0.757245
0.732077
0.675533
0.694954
0.741106
0.730487
0.707543
0.690457
0.679807
0.699545
0.685132
0.674482
0.664445
0.662465
0.706433
0.701374
0.701108
0.699873
0.690526
0.695586
0.685723
0.690782
0.676924
0.687781
0.681721
0.671674
0.694341
0.662394
0.683081
0.662243
0.656918
0.658288
0.646953
0.646268
0.639769
0.641167
0.643355
0.649693
0.661155
0.661155
0.643185
0.657119
0.656829
0.661155
0.634342
0.634199
0.580288
0.589986
0.642746
0.645937
0.639081
0.629515
0.637011
0.623507
0.622869
0.623933
0.646317
0.628719
0.596721
0.581502
0.620948
0.606268
0.600076
0.603124
0.578980
0.573247
0.627940
0.632412
0.631557
0.613463
0.632412
0.608235
0.666218
0.666218
0.706436
0.682287
0.806982
0.766764
0.775844
0.767761
0.721995
0.735156
0.721457
0.763146
0.757703
0.745853
0.786227
0.773773
0.766443
0.776513
0.765201
0.748398
0.756274
0.750547
0.752358
0.741425
0.744595
0.749296
0.739798
0.746233
0.623125
0.622661
0.621121
0.621324
0.628806
0.621064
0.620396
0.633687
0.659805
0.646978
0.662573
0.640564
0.643333
0.627627
0.630029
0.630029
0.627627
0.627641
0.621650
0.624038
0.615659
0.623348
0.617290
0.613307
0.617357
0.603350
0.608722
0.600292
0.594096
0.600087
0.600265
0.605273
0.609667
0.626052
0.616450
0.594096
0.594096
0.594406
0.594096
0.603676
0.602544
0.596267
0.595803
0.601411
0.613517
0.614881
0.617669
0.648167
0.630029
0.635452
0.633232
0.633632
0.630029
0.633632
0.634833
0.633657
0.627254
0.632687
0.623907
0.629340
0.629340
0.619929
0.633632
0.627627
0.630430
0.726596
0.729101
0.697699
0.690050
0.666696
0.667277
0.656671
0.648058
0.646352
0.636498
0.638982
0.636034
0.636034
0.630602
0.641457
0.685448
0.653504
0.769118
0.779873
0.776306
0.785980
0.792086
0.798193
0.777575
0.792086
0.804300
0.838333
0.817913
0.827485
0.802598
0.817913
0.817913
0.743952
0.751550
0.751550
0.751550
0.743002
0.751550
0.751550
0.794577
0.768283
0.751550
0.763629
0.759540
0.764841
0.756360
0.754986
0.781090
0.772447
0.762272
0.760600
0.756360
0.783564
0.781803
0.783344
0.784445
0.783564
0.772262
0.774534
0.777563
0.770899
0.638834
0.646920
0.630748
0.634911
0.638954
0.626765
0.622662
0.618619
0.615452
0.618679
0.618981
0.622843
0.619042
0.619042
0.627007
0.627007
0.651007
0.639678
0.646495
0.634014
0.631066
0.622685
0.648801
0.656788
0.644290
0.629503
0.630878
0.617021
0.624061
0.624061
0.638140
0.617021
0.617021
0.625169
0.622453
0.709919
0.695598
0.716056
0.716056
0.705827
0.710574
0.675140
0.681686
0.687883
0.696729
0.690458
0.685697
0.703059
0.701960
0.697262
0.670548
0.684717
0.685597
0.664809
0.666288
0.674151
0.677278
0.675596
0.683166
0.687277
0.683166
0.691094
0.694879
0.686361
0.680683
0.685145
0.685892
0.666824
0.677652
0.683394
0.689137
0.671910
0.655878
0.659707
0.663801
0.654683
0.677698
0.689753
0.680985
0.672218
0.664911
0.668081
0.669756
0.607280
0.609013
0.593986
0.597800
0.587650
0.593005
0.584572
0.584038
0.585732
0.585576
0.583234
0.605910
0.583680
0.660535
0.633734
0.627037
0.648158
0.602676
0.585186
0.654674
0.630501
0.606252
0.667705
0.636027
0.620592
0.610533
0.608461
0.591882
0.599250
0.627599
0.622137
0.618592
0.622552
0.618822
0.618822
0.618822
0.611500
0.602934
0.643051
0.637995
0.639293
0.642379
0.624532
0.630449
0.632719
0.636742
0.637605
0.634097
0.637360
0.643140
0.625364
0.643234
0.681643
0.673145
0.724366
0.686495
0.688026
0.704737
0.648624
0.660156
0.635321
0.635588
0.719069
0.698408
0.672525
0.719810
0.706414
0.679062
0.655304
0.662844
0.638580
0.645918
0.653891
0.640831
0.646037
0.644070
0.651823
0.647958
0.611846
0.625490
0.631107
0.639532
0.656425
0.650161
0.652061
0.642761
0.666490
0.672436
0.712005
0.693034
0.683999
0.707081
0.672441
0.661614
0.697563
0.667735
0.653378
0.678994
0.647769
0.636874
0.608712
0.606378
0.629596
0.639009
0.648693
0.584597
0.584236
0.548660
0.566132
0.590497
0.615059
0.614571
0.545807
0.565235
0.548527
0.541076
0.551966
0.589626
0.570377
0.582925
0.577028
0.616544
0.599677
0.669193
0.647697
0.647191
0.668686
0.613122
0.592977
0.677800
0.677038
0.653543
0.612394
0.672224
0.646367
0.613341
0.583131
0.586452
0.583014
0.586886
0.583014
0.577005
0.562614
0.555070
0.565235
0.577073
0.648886
0.648807
0.657137
0.655504
0.648630
0.688505
0.664234
0.700271
0.672840
0.679420
0.669857
0.693128
0.673533
0.660791
0.652917
0.701853
0.673968
0.708752
0.687681
0.700271
0.711331
0.719950
0.721300
0.730625
0.732404
0.737081
0.719740
0.739210
0.709356
0.717307
0.709707
0.687425
0.674220
0.656587
0.673610
0.697617
0.724366
0.715623
0.733629
0.726170
0.695994
0.709968
0.747172
0.721404
0.762384
0.769002
0.751114
0.739764
0.762225
0.758940
0.753597
0.797705
0.778331
0.801544
0.780700
0.787091
0.778789
0.793331
0.808467
0.807010
0.811916
0.813409
0.810046
0.798220
0.811020
0.780365
0.806530
0.759674
0.741744
0.727847
0.725759
0.740957
0.767465
0.728385
0.726371
0.750815
0.747311
0.729240
0.747743
0.779125
0.791236
0.778581
0.754411
0.768458
0.814013
0.805165
0.802694
0.775087
0.784009
0.785703
0.755721
0.742069
0.749719
0.738174
0.732889
0.730962
0.725655
0.729011
0.751861
0.755261
0.727566
0.709649
0.687095
0.704291
0.728211
0.744268
0.691231
0.694834
0.692102
0.710124
0.724818
0.718060
0.716051
0.715491
0.704401
0.726827
0.727477
0.728659
0.723957
0.727068
0.726827
0.694663
0.704397
0.710387
0.668664
0.674288
0.680519
0.685673
0.692752
0.702536
0.710754
0.650787
0.662436
0.666845
0.677108
0.674315
0.673405
0.661203
0.656861
0.647932
0.648059
0.651665
0.663098
0.658009
0.664955
0.664060
0.660961
0.655767
0.660989
0.658919
0.651484
0.655994
0.656818
0.661055
0.663135
0.656041
0.667345
0.666016
0.661338
0.681215
0.678221
0.697789
0.678649
0.681821
0.696414
0.669133
0.670914
0.705273
0.687960
0.713410
0.718459
0.700932
0.683225
0.673557
0.666299
0.675928
0.739685
0.727534
0.721208
0.727087
0.725456
0.717254
0.712225
0.712693
0.716531
0.708478
0.708033
0.712657
0.724826
0.704292
0.695299
0.708287
0.701421
0.685451
0.690060
0.686777
0.686170
0.702147
0.699536
0.704249
0.706402
0.674005
0.669725
0.691922
0.681697
0.668518
0.678447
0.679500
0.683918
0.692803
0.702114
0.689943
0.684819
0.707385
0.697355
0.710555
0.704766
0.705485
0.709487
0.713473
0.713174
0.715849
0.710085
0.714501
0.722797
0.720081
0.716861
0.710226
0.696527
0.700224
0.683368
0.698696
0.716048
0.704590
0.704874
0.676933
0.692089
0.670063
0.675624
0.678243
0.669269
0.660294
0.656913
0.651117
0.664611
0.664111
0.667264
0.670720
0.651690
0.647056
0.656069
0.651005
0.639431
0.642469
0.641832
0.645747
0.642442
0.647508
0.639875
0.655901
0.654230
0.666570
0.661320
0.655318
0.668028
0.681805
0.691525
0.682920
0.669133
0.650025
0.644505
0.640455
0.662006
0.656834
0.645839
0.632249
0.638856
0.629982
0.633221
0.635830
0.640898
0.639399
0.634146
0.634517
0.635997
0.631115
0.632942
0.636344
0.633636
0.638693
0.633318
0.639728
0.634227
0.639728
0.633880
0.640589
0.645114
0.646549
0.651732
0.649683
0.654196
0.660971
0.658348
0.653551
0.653772
0.646108
0.648589
0.656027
0.651568
0.656077
0.654220
0.649042
0.651099
0.649282
0.649238
0.649522
0.810196
0.788430
0.845123
0.815792
0.724792
0.756789
0.717951
0.746222
0.757173
0.690825
0.739228
0.697802
0.646144
0.609215
0.639313
0.620283
0.610537
0.617318
0.627377
0.627455
0.624249
0.656852
0.649365
0.653108
0.638371
0.779875
0.764470
0.783286
0.745389
0.752165
0.788427
0.786709
0.746076
0.750392
0.698978
0.696217
0.667796
0.708397
0.669394
0.689664
0.699171
0.629961
0.648819
0.648819
0.648819
0.632471
0.634445
0.637035
0.633875
0.634445
0.637035
0.620079
0.619794
0.749726
0.775833
0.704703
0.738611
0.805837
0.794432
0.753206
0.770591
0.679516
0.659068
0.688954
0.795270
0.800890
0.798416
0.817686
0.827060
0.848983
0.834010
0.828592
0.879385
0.873427
0.878113
0.871587
0.863789
0.866198
0.858124
0.865561
0.901112
0.929782
0.913274
0.934257
0.936604
0.925506
0.950724
0.948538
0.978673
0.985090
0.971183
0.966410
0.960473
0.911642
0.932547
0.997884
0.971755
0.985333
0.958660
0.985885
1.000000
0.967652
0.987125
0.945431
0.979559
0.928728
0.960172
0.952289
0.943910
0.935520
0.927075
0.926627
0.929907
0.913072
0.913072
0.896237
0.886906
0.905636
0.896079
0.910399
0.866183
0.852473
0.848920
0.875526
0.877518
0.893696
0.820645
0.822769
0.831567
0.834966
0.864534
0.840106
0.838847
0.824421
0.884522
0.886229
0.908570
0.887112
0.872987
0.859844
0.856702
0.845068
0.842166
0.840232
0.828608
0.829713
0.818289
0.815050
0.813143
0.816895
0.821132
0.831925
0.817728
0.815578
0.815554
0.817560
0.816091
0.817951
0.817083
0.818782
0.875395
0.877292
0.858857
0.871378
0.877498
0.857619
0.834682
0.835899
0.836378
0.832257
0.848033
0.856382
0.860934
0.868087
0.873236
0.862678
0.831792
0.832856
0.843350
0.843947
0.840167
0.845011
0.849800
0.849825
0.856853
0.849825
0.861533
0.849229
0.839188
0.829754
0.852105
0.842670
0.843190
0.837474
0.844622
0.847343
0.846085
0.860267
0.853207
0.844050
0.868518
0.859118
0.873239
0.865028
0.862318
0.863798
0.872877
0.870858
0.875659
0.877033
0.881095
0.878983
0.878133
0.877919
0.888444
0.888917
0.874608
0.871275
0.830316
0.852609
0.876132
0.871223
0.838503
0.849266
0.844225
0.857924
0.853910
0.855859
0.901596
0.900694
0.937918
0.931448
0.956281
0.952997
0.923775
0.902643
0.963094
0.956180
0.949287
0.924490
0.921577
0.912760
0.672413
0.672413
0.673328
0.672413
0.672413
0.673945
0.672814
0.676470
0.677894
0.680527
0.674441
0.678699
0.672814
0.671707
0.665396
0.673415
0.675243
0.661195
0.669214
0.656794
0.659106
0.664653
0.663546
0.683460
0.680828
0.675115
0.667373
0.608711
0.638686
0.673681
0.648904
0.653984
0.652295
0.654274
0.656403
0.663291
0.462004
0.544435
0.444180
0.595023
0.412989
0.489304
0.564554
0.646639
0.651867
0.645824
0.639110
0.659679
0.667032
0.660862
0.667803
0.665512
0.677958
0.673747
0.673229
0.665039
0.670221
0.659618
0.649800
0.658459
0.664971
0.654868
0.659289
0.657341
0.663997
0.663418
0.666470
0.667852
0.664015
0.668943
0.668943
0.674932
0.672458
0.673235
0.676035
0.667917
0.670762
0.665647
0.662497
0.668492
0.665588
0.659386
0.675189
0.678275
0.651098
0.662810
0.668987
0.680298
0.673707
0.678520
0.679879
0.678365
0.682718
0.681484
0.651999
0.660485
0.652210
0.657455
0.672470
0.669675
0.670866
0.668459
0.675434
0.669139
0.649831
0.646495
0.651703
0.652223
0.654478
0.654016
0.654943
0.656563
0.655348
0.806982
0.807855
0.807418
0.808478
0.806174
0.798640
0.809308
0.809308
0.782080
0.793856
0.783997
0.803145
0.795028
0.797234
0.808976
0.807855
0.819860
0.846789
0.812610
0.860371
0.839404
0.797051
0.813993
0.791229
0.794140
0.843861
0.841614
0.835517
0.826894
0.829868
0.819129
0.835811
0.829289
0.828843
0.828846
0.832339
0.834935
0.834960
0.829614
0.826784
0.724981
0.732501
0.718058
0.738661
0.734147
0.733495
0.740203
0.742621
0.846591
0.850493
0.794686
0.816206
0.841293
0.831938
0.804116
0.854517
0.855232
0.794582
0.793961
0.793961
0.793961
0.784538
0.794233
0.785884
0.794893
0.795515
0.751573
0.765724
0.753931
0.742925
0.767901
0.767901
0.767478
0.759434
0.766313
0.737422
0.748428
0.815764
0.806785
0.827684
0.827684
0.827684
0.823875
0.793629
0.814062
0.834797
0.824808
0.827013
0.819228
0.819485
0.821823
0.819485
0.829608
0.829803
0.834797
0.822337
0.828008
0.828008
0.827252
0.823763
0.794577
0.785015
0.770693
0.751550
0.768283
0.751550
0.751550
0.751550
0.740153
0.732012
0.751550
0.834764
0.836937
0.807026
0.828552
0.807998
0.804500
0.787542
0.823261
0.851946
0.851946
0.850999
0.850053
0.813469
0.796035
0.792086
0.759086
0.774157
0.774157
0.790657
0.761552
0.779873
0.784551
0.761552
0.773766
0.765362
0.759737
0.742876
0.748959
0.746856
0.737422
0.746856
0.794839
0.770171
0.787519
0.795549
0.811303
0.796528
0.795774
0.856345
0.830803
0.856345
0.860640
0.828207
0.827570
0.828525
0.826463
0.820677
0.822656
0.819960
0.823763
0.822688
0.832202
0.817673
0.830516
0.816068
0.804830
0.809825
0.821154
0.812448
0.823541
0.793629
0.782581
0.801242
0.766320
0.792425
0.763271
0.787679
0.793961
0.793961
0.777807
0.793961
0.793961
0.793961
0.841714
0.843804
0.841527
0.835090
0.828598
0.816070
0.841714
0.831004
0.843505
0.835370
0.839985
0.835692
0.845667
0.847052
0.842896
0.849610
0.761007
0.761007
0.768375
0.791926
0.777412
0.786154
0.796145
0.770441
0.781865
0.769171
0.795564
0.790035
0.797262
0.792806
0.786865
0.790472
0.796388
0.850675
0.850675
0.833917
0.850675
0.855043
0.837504
0.856132
0.800008
0.810867
0.847360
0.830977
0.832191
0.826041
0.837621
0.811106
0.792056
0.812084
0.800401
0.830915
0.837016
0.842805
0.825437
0.858312
0.863773
0.842988
0.862684
0.867052
0.863014
0.868504
0.868816
0.850766
0.859209
0.854384
0.856893
0.868286
0.864406
0.865963
0.709192
0.714361
0.733640
0.720854
0.756681
0.764084
0.754526
0.742194
0.755184
0.767060
0.760226
0.748975
0.736101
0.731287
0.724059
0.642621
0.706947
0.707676
0.709192
0.709192
0.690103
0.709192
0.709192
0.713416
0.709192
0.733076
0.726089
0.750545
0.755518
0.758494
0.750605
0.728797
0.733964
0.738916
0.730808
0.688647
0.727891
0.711529
0.626315
0.632173
0.633588
0.641466
0.653205
0.640861
0.650861
0.652983
0.677964
0.687262
0.667573
0.690774
0.688313
0.693234
0.695695
0.695695
0.698156
0.698771
0.700617
0.697824
0.703078
0.703078
0.703078
0.703078
0.703078
0.686648
0.695141
0.700617
0.612604
0.612604
0.622636
0.613677
0.639941
0.616283
0.614443
0.607977
0.611665
0.776667
0.763146
0.753816
0.749151
0.739821
0.751395
0.778921
0.623125
0.622374
0.624025
0.625826
0.636034
0.666751
0.645885
0.682401
0.682401
0.658057
0.682401
0.739457
0.743426
0.697806
0.715412
0.728616
0.708809
0.733886
0.746178
0.740910
0.634534
0.663619
0.633633
0.654529
0.683438
0.661255
0.673485
0.708658
0.722457
0.693764
0.666218
0.679073
0.730492
0.706389
0.778342
0.760463
0.783017
0.797051
0.797051
0.797051
0.797051
0.744711
0.722014
0.728616
0.735858
0.728616
0.675554
0.660144
0.682401
0.682401
0.685310
0.694370
0.693955
0.702207
0.689003
0.704614
0.712553
0.711493
0.724044
0.722734
0.724697
0.728616
0.728616
0.715412
0.701185
0.731217
0.716201
0.718078
0.733362
0.728616
0.736166
0.743423
0.736530
0.736302
0.717975
0.701185
0.701185
0.682796
0.701185
0.726927
0.708693
0.688926
0.662058
0.636756
0.627627
0.652147
0.743984
0.739487
0.738362
0.734989
0.740330
0.685954
0.719394
0.732740
0.732459
0.702647
0.647944
0.621324
0.661986
0.639168
0.691793
0.621324
0.621324
0.621324
0.621324
0.636919
0.633632
0.631230
0.632431
0.630430
0.629729
0.635452
0.638157
0.682401
0.682401
0.682401
0.712083
0.682401
0.682401
0.767250
0.785953
0.780131
0.779585
0.779585
0.781391
0.783997
0.746233
0.740361
0.735789
0.745029
0.751483
0.748858
0.751421
0.755421
0.746847
0.753124
0.755421
0.755421
0.757628
0.759835
0.756386
0.750427
0.755479
0.755421
0.767641
0.762226
0.738582
0.761049
0.744297
0.738644
0.749355
0.746204
0.662680
0.685975
0.708529
0.724551
0.669953
0.694680
0.682578
0.669953
0.750247
0.752370
0.753576
0.740769
0.753308
0.732554
0.726512
0.693636
0.750655
0.736495
0.754860
0.749732
0.743949
0.741942
0.766764
0.765741
0.752162
0.746756
0.751024
0.750275
0.724491
0.764235
0.756527
0.773159
0.776610
0.773010
0.767613
0.753819
0.757297
0.763473
0.741924
0.755514
0.756842
0.662680
0.669953
0.669953
0.669040
0.668387
0.666821
0.667343
0.668735
0.667517
0.681326
0.682061
0.673925
0.672429
0.666299
0.666299
0.659259
0.666299
0.666299
0.641660
0.664513
0.662505
0.682061
0.687316
0.657925
0.656806
0.670218
0.681394
0.697601
0.681172
0.697824
0.687316
0.664792
0.664801
0.664826
0.664859
0.663756
0.664843
0.662652
0.664859
0.662652
0.667759
0.661549
0.659342
0.664852
0.676775
0.652850
0.647341
0.658239
0.660445
0.646289
0.642093
0.642237
0.632298
0.627751
0.637546
0.651664
0.631857
0.660766
0.647348
0.622854
0.622854
0.759084
0.774157
0.715475
0.722243
0.749317
0.712942
0.714673
0.688297
0.677795
0.683166
0.712473
0.683166
0.683166
0.683166
0.683166
0.692563
0.683166
0.708810
0.692563
0.706659
0.705093
0.732012
0.751550
0.712101
0.746479
0.729692
0.716490
0.721127
0.736795
0.721695
0.706645
0.745311
0.714956
0.687747
0.695598
0.739665
0.705126
0.754214
0.716080
0.694879
0.683394
0.824140
0.826133
0.845321
0.848160
0.847529
0.840281
0.861291
0.855951
0.857007
0.849461
0.851946
0.855114
0.850969
0.838939
0.845750
0.840281
0.846425
0.837157
0.822624
0.814819
0.824633
0.810824
0.812448
0.817889
0.823113
0.824438
0.804596
0.797758
0.792722
0.783858
0.786789
0.789565
0.810058
0.821690
0.816070
0.811449
0.809647
0.813928
0.817475
0.821970
0.827684
0.827684
0.827684
0.827684
0.832723
0.812448
0.804830
0.812448
0.804830
0.809111
0.827684
0.827684
0.803873
0.824063
0.827684
0.825382
0.832051
0.766018
0.771671
0.779585
0.775063
0.766293
0.755696
0.758481
0.756974
0.747929
0.747929
0.747929
0.747929
0.743989
0.738923
0.740424
0.744427
0.737422
0.746845
0.737422
0.737422
0.737422
0.737422
0.765691
0.737422
0.769730
0.745499
0.737422
0.737422
0.777807
0.751557
0.756268
0.785638
0.773584
0.784410
0.753156
0.746856
0.812694
0.794904
0.815841
0.802406
0.796318
0.796318
0.816828
0.817838
0.836939
0.801920
0.800783
0.794233
0.683166
0.692935
0.722243
0.712473
0.705961
0.692935
0.679381
0.681778
0.679381
0.668026
0.671811
0.660456
0.668026
0.661087
0.656671
0.664241
0.666336
0.656671
0.658977
0.664761
0.663622
0.664742
0.662436
0.662436
0.664742
0.658977
0.656671
0.664771
0.664742
0.664742
0.664742
0.665186
0.664759
0.670432
0.664742
0.670218
0.681172
0.664742
0.664742
0.665863
0.669506
0.673875
0.674643
0.669736
0.671841
0.680247
0.677445
0.683050
0.685852
0.682708
0.681940
0.663377
0.657018
0.671086
0.663304
0.658397
0.661155
0.661155
0.671739
0.682324
0.683166
0.691714
0.702704
0.722243
0.722243
0.626877
0.616039
0.637509
0.621537
0.613866
0.612604
0.614812
0.619106
0.647629
0.628467
0.641627
0.622162
0.612604
0.625406
0.619042
0.617202
0.619042
0.619042
0.619042
0.611914
0.615478
0.610995
0.604787
0.615633
0.612224
0.608660
0.605406
0.608755
0.601998
0.595180
0.598279
0.601378
0.666299
0.698595
0.694432
0.686318
0.703078
0.705450
0.741823
0.723935
0.728194
0.737289
0.706275
0.755173
0.719330
0.721865
0.722709
0.752579
0.749411
0.764930
0.750460
0.742865
0.744752
0.743636
0.762813
0.758673
0.761662
0.737219
0.740284
0.718137
0.712567
0.718962
0.764475
0.749125
0.707051
0.682419
0.727950
0.743041
0.720293
0.707509
0.715471
0.684475
0.712057
0.761215
0.759944
0.761240
0.736973
0.697939
0.725820
0.810289
0.794744
0.815949
0.762434
0.644592
0.651632
0.605554
0.601894
0.605357
0.653751
0.686614
0.723649
0.668133
0.708797
0.731072
0.743067
0.666561
0.673170
0.666151
0.666151
0.642876
0.633000
0.688810
0.723456
0.762278
0.679961
0.741759
0.790145
0.791004
0.769092
0.679516
0.679516
0.747081
0.737642
0.742486
0.679516
0.849207
0.852270
0.832853
0.828702
0.835768
0.870396
0.856915
0.854253
0.848647
0.835394
0.814015
0.837712
0.738075
0.745610
0.755187
0.750082
0.733914
0.724122
0.748471
0.743264
0.737973
0.735999
0.734634
0.743264
0.756224
0.744006
0.746795
0.731233
0.735950
0.742946
0.653754
0.665478
0.651546
0.648338
0.653372
0.659567
0.703592
0.719733
0.734925
0.734925
0.721414
0.713081
0.676198
0.682836
0.667957
0.679912
0.704505
0.677022
0.662006
0.679513
0.677077
0.667177
0.653157
0.783659
0.798519
0.780102
0.790090
0.803582
0.798519
0.658183
0.658353
0.658778
0.658183
0.660831
0.664291
0.672875
0.668777
0.672919
0.666405
0.674175
0.665547
0.678397
0.679591
0.677120
0.680002
0.679499
0.678724
0.674810
0.677896
0.664579
0.674067
0.655722
0.669646
0.654274
0.667519
0.656403
0.664741
0.662035
0.654969
0.668470
0.669402
0.673562
0.672931
0.674377
0.680828
0.675564
0.685654
0.688725
0.682583
0.678196
0.679621
0.683893
0.676416
0.678984
0.681951
0.677166
0.677951
0.675709
0.675230
0.673982
0.675846
0.674807
0.662782
0.667749
0.667203
0.670261
0.661386
0.655900
0.661965
0.660241
0.657540
0.654943
0.675324
0.675949
0.675987
0.679075
0.676574
0.674074
0.677472
0.669597
0.680927
0.677472
0.669597
0.682956
0.684583
0.686612
0.682534
0.682347
0.665024
0.670426
0.652684
0.652128
0.615050
0.437260
0.491790
0.510744
0.594966
0.591436
0.661112
0.652758
0.660012
0.675708
0.674728
0.671416
0.673777
0.674279
0.673889
0.668216
0.670689
0.673162
0.674431
0.676916
0.676414
0.664819
0.660237
0.651413
0.647544
0.654097
0.657213
0.677332
0.678360
0.679432
0.677289
0.676217
0.676628
0.677532
0.677699
0.677289
0.676179
0.675316
0.674856
0.674473
0.675798
0.673242
0.672413
0.672413
0.677761
0.681959
0.680443
0.679873
0.685223
0.687224
0.235624
0.372622
0.385466
0.431217
0.475371
0.475371
0.429337
0.415075
0.386711
0.476877
0.520104
0.633662
0.621922
0.648801
0.648801
0.648801
0.625762
0.652360
0.649286
0.651886
0.648178
0.649009
0.648178
0.648178
0.607530
0.667224
0.674809
0.685013
0.678747
0.687365
0.688810
0.680202
0.671068
0.678972
0.678050
0.671593
0.671593
0.672139
0.668439
0.669753
0.676499
0.670016
0.668439
0.674922
0.666513
0.666950
0.667913
0.668472
0.667913
0.668565
0.663699
0.662295
0.667913
0.665024
0.663097
0.667205
0.661171
0.661171
0.661171
0.660686
0.663826
0.660686
0.661171
0.660040
0.661993
0.659717
0.658748
0.658264
0.660721
0.659233
0.661314
0.659829
0.663676
0.668299
0.662082
0.674832
0.665584
0.662233
0.671481
0.666956
0.677312
0.662233
0.663489
0.662233
0.671029
0.669771
0.677309
0.665820
0.670846
0.666805
0.674086
0.672205
0.681625
0.674663
0.670921
0.671637
0.678279
0.674324
0.678697
0.671593
0.682456
0.694651
0.680923
0.687787
0.689155
0.696364
0.686836
0.680944
0.669868
0.682568
0.672836
0.671321
0.671264
0.670147
0.668891
0.670962
0.670962
0.670281
0.666577
0.664773
0.668422
0.662594
0.663765
0.664271
0.664882
0.667224
0.666359
0.666905
0.667809
0.670045
0.673806
0.669167
0.668818
0.663299
0.668299
0.671059
0.669938
0.666487
0.668278
0.669501
0.673204
0.678642
0.672234
0.670810
0.662879
0.658832
0.663365
0.666043
0.662233
0.661845
0.660132
0.658748
0.662284
0.664587
0.666355
0.665456
0.661920
0.661471
0.664107
0.664894
0.664107
0.664107
0.667926
0.665198
0.668921
0.665648
0.669820
0.667638
0.671081
0.671701
0.670653
0.671744
0.671744
0.671744
0.672205
0.673450
0.672918
0.671133
0.676684
0.674367
0.677689
0.677150
0.671222
0.674456
0.669605
0.672839
0.673448
0.674408
0.671252
0.675334
0.674596
0.682002
0.681706
0.679248
0.674356
0.675369
0.675369
0.675369
0.675369
0.674486
0.674990
0.673599
0.674862
0.672586
0.673342
0.672335
0.672463
0.673477
0.672970
0.672720
0.672720
0.668901
0.671447
0.671629
0.668355
0.667264
0.670537
0.665082
0.665694
0.666173
0.665082
0.665113
0.665109
0.665237
0.665162
0.665800
0.665468
0.666665
0.666332
0.666665
0.669486
0.665268
0.665827
0.665268
0.665757
0.663493
0.663367
0.664381
0.664507
0.663050
0.664367
0.665993
0.662606
0.662606
0.662606
0.662606
0.662606
0.662606
0.661192
0.659522
0.662000
0.661317
0.658834
0.665442
0.656535
0.656535
0.659921
0.658228
0.659169
0.657664
0.656090
0.657755
0.655352
0.656626
0.656403
0.656062
0.656980
0.654879
0.654879
0.654879
0.654879
0.654879
0.657516
0.657516
0.659733
0.691090
0.677920
0.684997
0.673407
0.673616
0.670076
0.667994
0.670076
0.665062
0.661471
0.664107
0.675094
0.682412
0.670318
0.675805
0.670828
0.671210
0.668350
0.681618
0.684117
0.677573
0.674140
0.670326
0.670140
0.682953
0.690627
0.679130
0.679494
0.679350
0.674706
0.673448
0.685843
0.689303
0.675701
0.678247
0.677458
0.671765
0.673603
0.688452
0.692284
0.671976
0.679956
0.676767
0.665152
0.668477
0.687718
0.692346
0.670707
0.678807
0.676493
0.664602
0.665247
0.679943
0.691106
0.668406
0.676679
0.674366
0.661811
0.662962
0.671855
0.683186
0.666184
0.668052
0.666971
0.659785
0.660957
0.680382
0.664315
0.663484
0.657186
0.656748
0.772715
0.762966
0.738322
0.729329
0.734132
0.766037
0.770611
0.746746
0.759987
0.759982
0.750275
0.770778
0.766496
0.762752
0.748641
0.754797
0.764965
0.752315
0.768445
0.764493
0.757532
0.759746
0.760222
0.758008
0.765520
0.764655
0.760724
0.757849
0.758326
0.767172
0.762257
0.771850
0.773718
0.771805
0.779294
0.775996
0.775255
0.778838
0.777598
0.780923
0.780592
0.779930
0.765906
0.771618
0.777632
0.779599
0.779599
0.779599
0.749967
0.757949
0.771895
0.762025
0.749652
0.764724
0.758092
0.741346
0.754521
0.756797
0.736079
0.755226
0.736186
0.716645
0.770558
0.753916
0.742712
0.751460
0.761849
0.732501
0.755434
0.763836
0.760412
0.756132
0.740941
0.751788
0.752579
0.736187
0.737442
0.731083
0.737092
0.733763
0.727701
0.737445
0.731608
0.742671
0.729517
0.738900
0.720586
0.741689
0.738286
0.744838
0.756690
0.755055
0.756145
0.757575
0.767657
0.771805
0.763975
0.778545
0.781915
0.778589
0.780252
0.776926
0.781904
0.781915
0.781915
0.780166
0.786872
0.783825
0.784576
0.788510
0.783067
0.777271
0.779599
0.775436
0.785616
0.778764
0.775406
0.779269
0.775908
0.779599
0.774062
0.770370
0.768524
0.768066
0.766678
0.767329
0.767438
0.769800
0.766370
0.771280
0.767716
0.775001
0.763582
0.759449
0.749473
0.758635
0.758208
0.759139
0.759449
0.759449
0.759449
0.757612
0.759449
0.759449
0.756300
0.757294
0.759449
0.755138
0.748428
0.751933
0.751183
0.747007
0.748428
0.742744
0.742744
0.744774
0.746296
0.744774
0.750996
0.742338
0.738850
0.739902
0.741120
0.739376
0.739000
0.736746
0.736746
0.737647
0.738098
0.736746
0.737647
0.730955
0.736746
0.736746
0.736746
0.736746
0.736746
0.745333
0.740426
0.748848
0.741821
0.739893
0.732279
0.754510
0.754510
0.748928
0.751254
0.747998
0.750847
0.748997
0.747998
0.746137
0.753432
0.760138
0.750324
0.769952
0.775263
0.759331
0.762979
0.770273
0.770273
0.774141
0.770273
0.770273
0.776904
0.780231
0.771936
0.786862
0.791830
0.783536
0.786851
0.793482
0.793482
0.790423
0.790860
0.793482
0.792171
0.790860
0.793482
0.786927
0.784305
0.786927
0.786927
0.784305
0.784305
0.769744
0.771824
0.778064
0.778064
0.774087
0.781185
0.770031
0.765474
0.762464
0.766186
0.762464
0.763668
0.759007
0.760983
0.760276
0.762187
0.763993
0.764733
0.759964
0.763685
0.757278
0.757278
0.757278
0.757278
0.757640
0.757278
0.760430
0.746509
0.747920
0.749046
0.752574
0.752724
0.755857
0.754534
0.756477
0.759449
0.757898
0.758829
0.739542
0.739273
0.739692
0.746208
0.742514
0.745542
0.751709
0.738461
0.739273
0.738114
0.739692
0.739271
0.738718
0.740849
0.740986
0.738011
0.741060
0.737378
0.738430
0.738745
0.737096
0.745776
0.741693
0.747981
0.743726
0.743871
0.744742
0.744050
0.755515
0.749187
0.768870
0.751220
0.757589
0.767082
0.756089
0.766047
0.756923
0.779754
0.767466
0.773187
0.788287
0.780588
0.765301
0.761672
0.769744
0.773137
0.778845
0.787746
0.757580
0.758494
0.760736
0.762464
0.762464
0.761816
0.767318
0.751931
0.759007
0.754616
0.757278
0.759007
