0.598142
0.624035
0.711062
0.661407
0.638573
0.710696
0.729639
0.692347
0.741686
0.627977
0.714016
0.729038
0.692401
0.724756
0.725104
0.742558
0.734880
0.740652
0.754562
0.740727
0.747867
0.706739
0.748801
0.619420
0.691308
0.651314
0.587038
0.617823
0.588047
0.627801
0.592346
0.555699
0.663666
0.611209
0.700835
0.764404
0.691877
0.641839
0.598530
0.589985
0.585484
0.559722
0.615561
0.607025
0.575438
0.586549
0.501419
0.572024
0.582112
0.545440
0.578647
0.615038
0.562557
0.550034
0.578970
0.581374
0.468569
0.427803
0.506744
0.450744
0.408789
0.493077
0.546615
0.548421
0.579682
0.540181
0.543119
0.497956
0.498900
0.456204
0.395173
0.440743
0.579257
0.619464
0.670561
0.635072
0.626950
0.675313
0.690472
0.658384
0.687578
0.612193
0.665397
0.600399
0.670391
0.593109
0.668327
0.563105
0.613569
0.675872
0.586389
0.638426
0.699630
0.641473
0.699567
0.656927
0.711531
0.491217
0.572406
0.503839
0.483890
0.549552
0.475487
0.594645
0.510017
0.565808
0.493208
0.519099
0.508073
0.450347
0.546084
0.531185
0.476373
0.496547
0.511692
0.539918
0.488051
0.537737
0.539123
0.567785
0.584355
0.541647
0.560726
0.564877
0.584903
0.576467
0.540568
0.469867
0.498053
0.570379
0.518957
0.593550
0.578745
0.585461
0.615433
0.563269
0.601392
0.624655
0.594999
0.671944
0.589853
0.589719
0.489058
0.565826
0.474473
0.467835
0.545960
0.448419
0.404006
0.434642
0.398482
0.413480
0.452163
0.495317
0.410153
0.378261
0.500082
0.433977
0.533494
0.613152
0.534729
0.456320
0.430707
0.477440
0.470700
0.482126
0.480910
0.482307
0.484906
0.533701
0.482178
0.500859
0.607982
0.517533
0.501872
0.520711
0.485032
0.371360
0.397021
0.476660
0.491289
0.421916
0.449499
0.451524
0.521925
0.493179
0.476882
0.473115
0.395598
0.540512
0.479605
0.385700
0.537217
0.539439
0.565756
0.560755
0.573959
0.601615
0.594074
0.580985
0.575236
0.551856
0.509974
0.410776
0.352062
0.480313
0.372243
0.397480
0.387677
0.359766
0.418185
0.407136
0.372710
0.337265
0.404263
0.442004
0.539940
0.461117
0.428944
0.454403
0.425145
0.405309
0.413505
0.422513
0.452473
0.388447
0.398177
0.352684
0.324847
0.336779
0.372584
0.464613
0.456981
0.463559
0.446702
0.426812
0.444898
0.462383
0.476133
0.460891
0.451433
0.218610
0.283136
0.390899
0.404076
0.278724
0.388252
0.277500
0.395701
0.356118
0.388082
0.365852
0.265903
0.431888
0.360856
0.261962
0.433813
0.459274
0.463207
0.456518
0.456490
0.418101
0.457572
0.459255
0.460807
0.418012
0.430052
0.352657
0.385975
0.270229
0.364616
0.438091
0.441757
0.428289
0.428347
0.433799
0.419072
0.434671
0.413247
0.360279
0.395232
0.364484
0.401780
0.376866
0.404175
0.420652
0.407764
0.146044
0.162126
0.085993
0.098430
0.166380
0.098231
0.061344
0.206904
0.071193
0.064919
0.072599
0.066121
0.022923
0.086049
0.062403
0.077543
0.131171
0.099033
0.203456
0.165780
0.002909
0.053933
0.054886
0.067240
0.051623
0.053727
0.101904
0.119111
0.095288
0.060746
0.061114
0.097223
0.166138
0.165509
0.198998
0.166393
0.271088
0.326030
0.256663
0.223223
0.357424
0.285974
0.219141
0.181844
0.250999
0.417236
0.565682
0.449168
0.332093
0.412584
0.281250
0.297361
0.282170
0.249986
0.377651
0.241199
0.227014
0.197432
0.165401
0.171224
0.204582
0.510061
0.399243
0.538597
0.530972
0.392744
0.567861
0.509393
0.563134
0.525106
0.593609
0.481077
0.463823
0.607737
0.535852
0.422329
0.586155
0.341919
0.310472
0.338711
0.547177
0.493780
0.532898
0.503007
0.487478
0.481357
0.496287
0.476358
0.505711
0.483520
0.485785
0.436736
0.503465
0.489682
0.473670
0.455066
0.492320
0.339231
0.245602
0.342824
0.453146
0.447189
0.435629
0.470497
0.379785
0.386275
0.391539
0.468877
0.382884
0.294787
0.324349
0.268478
0.317282
0.267403
0.262380
0.314537
0.316277
0.531039
0.588232
0.542737
0.566833
0.594483
0.561370
0.561616
0.576457
0.578025
0.595016
0.661551
0.610609
0.592920
0.607008
0.591553
0.510772
0.550429
0.553676
0.560983
0.556851
0.563771
0.551451
0.635740
0.589317
0.555548
0.564655
0.528219
0.609475
0.556455
0.518960
0.593154
0.606125
0.617220
0.607361
0.602902
0.549517
0.564830
0.586786
0.594754
0.565972
0.575328
0.548763
0.592033
0.509879
0.562424
0.591500
0.599166
0.592827
0.596850
0.604330
0.597456
0.604256
0.585477
0.619733
0.600305
0.631509
0.656249
0.613748
0.633921
0.654189
0.609868
0.647295
0.708665
0.628291
0.612752
0.654245
0.662215
0.635872
0.651136
0.658559
0.637172
0.635799
0.631444
0.570921
0.618383
0.571602
0.622499
0.584959
0.674682
0.622549
0.642120
0.455614
0.525164
0.537316
0.485539
0.519129
0.549766
0.567058
0.512661
0.569499
0.528506
0.437556
0.477145
0.549216
0.511689
0.569090
0.581287
0.540546
0.596335
0.542470
0.599542
0.501506
0.460640
0.512414
0.471429
0.376863
0.420795
0.376689
0.426288
0.445598
0.487915
0.429473
0.384675
0.516095
0.468738
0.558352
0.518779
0.546066
0.579652
0.681397
0.624100
0.588962
0.685615
0.692435
0.647497
0.694702
0.594995
0.659243
0.627109
0.678252
0.642309
0.693276
0.651443
0.661352
0.712000
0.656658
0.663574
0.701281
0.674549
0.649538
0.719311
0.632986
0.684319
0.612053
0.651652
0.699674
0.625139
0.615946
0.582335
0.615621
0.589382
0.599418
0.619650
0.622592
0.709471
0.643714
0.646141
0.638772
0.628110
0.615143
0.578065
0.638501
0.540627
0.607128
0.467908
0.545478
0.572885
0.499487
0.551215
0.594566
0.549109
0.582054
0.413279
0.377616
0.456827
0.413002
0.369834
0.442646
0.494071
0.488348
0.550008
0.480403
0.517312
0.443247
0.461583
0.435372
0.374053
0.407004
0.393175
0.442258
0.398969
0.417859
0.455315
0.413857
0.360733
0.381070
0.373668
0.467838
0.571063
0.440973
0.422267
0.398496
0.369517
0.300531
0.291815
0.319892
0.343871
0.285032
0.327952
0.296110
0.288283
0.323668
0.321555
0.356642
0.301869
0.397493
0.343516
0.274024
0.400754
0.473227
0.437595
0.478257
0.445340
0.452064
0.477761
0.395249
0.275267
0.344515
0.486468
0.508411
0.469434
0.455768
0.490937
0.497112
0.460982
0.455854
0.233181
0.274456
0.381691
0.406668
0.253541
0.374269
0.199395
0.361651
0.373299
0.282707
0.442993
0.369137
0.288264
0.429132
0.482624
0.451617
0.460554
0.444850
0.432545
0.427534
0.369958
0.409139
0.298173
0.372569
0.055728
0.121067
0.135800
0.121705
0.113876
0.130800
0.161202
0.167329
0.161081
0.114727
0.253846
0.112022
0.132801
0.126338
0.151954
0.198160
0.165773
0.204768
0.224439
0.213619
0.183040
0.120169
0.175822
0.122299
0.114273
0.100816
0.116075
0.102216
0.099553
0.126022
0.107597
0.133448
0.131882
0.116814
0.140377
0.141167
0.538960
0.564056
0.572412
0.539168
0.568275
0.580045
0.548572
0.504798
0.558751
0.556135
0.625620
0.563646
0.580195
0.550420
0.562502
0.328474
0.365049
0.494284
0.501624
0.361998
0.489297
0.352456
0.463690
0.433809
0.480886
0.469088
0.381082
0.518793
0.479253
0.390443
0.527357
0.561617
0.537544
0.560799
0.534149
0.540723
0.577112
0.542172
0.561349
0.550188
0.526724
0.478026
0.498654
0.402479
0.483035
0.590413
0.542927
0.593733
0.573891
0.526622
0.570094
0.540468
0.583905
0.538514
0.568776
0.494615
0.510846
0.556600
0.535974
0.488093
0.555901
0.440817
0.421918
0.460989
0.567312
0.521141
0.559353
0.514893
0.523678
0.560746
0.521964
0.524367
0.526005
0.562634
0.534404
0.554972
0.536980
0.544225
0.625344
0.568648
0.537354
0.122263
0.164999
0.114393
0.082511
0.222565
0.162660
0.111166
0.082849
0.170665
0.281920
0.457626
0.350742
0.242429
0.353303
0.238761
0.310324
0.238925
0.255261
0.375473
0.169702
0.178007
0.112076
0.059611
0.074353
0.120074
0.444130
0.446040
0.455495
0.484485
0.492454
0.489738
0.379840
0.457247
0.409960
0.488896
0.423516
0.486651
0.497620
0.438622
0.480644
0.486706
0.501555
0.570233
0.519149
0.507295
0.384161
0.414640
0.355299
0.349439
0.376837
0.348700
0.340152
0.334969
0.333902
0.316113
0.294703
0.330147
0.309741
0.285853
0.292479
0.352006
0.327857
0.290888
0.266035
0.306580
0.251070
0.153465
0.190522
0.178879
0.218279
0.191274
0.243711
0.329460
0.392176
0.376751
0.380997
0.419984
0.409010
0.372324
0.363848
0.430853
0.445481
0.545304
0.448987
0.435706
0.454233
0.464769
0.479710
0.457968
0.435920
0.327744
0.380958
0.448096
0.450005
0.471410
0.466942
0.466070
0.463265
0.480511
0.482431
0.462621
0.494326
0.498106
0.492782
0.508330
0.498164
0.483610
0.497019
0.355284
0.379530
0.362117
0.429713
0.330534
0.346723
0.413836
0.455521
0.400498
0.269532
0.314641
0.303402
0.342933
0.395072
0.408005
0.396856
0.430139
0.430866
0.426053
0.437101
0.436548
0.449257
0.569824
0.481806
0.430016
0.423207
0.446908
0.411847
0.436689
0.473857
0.434573
0.354605
0.385186
0.435917
0.423848
0.462086
0.477877
0.440059
0.478064
0.471130
0.432351
0.455449
0.577144
0.475060
0.448860
0.574610
0.538114
0.550843
0.615613
0.575451
0.613303
0.352888
0.507133
0.463863
0.570792
0.537680
0.626207
0.609709
0.518390
0.648377
0.683761
0.659362
0.692212
0.622746
0.687286
0.487640
0.552043
0.413134
0.484728
0.572506
0.423212
0.288009
0.336520
0.339303
0.356891
0.328745
0.449032
0.350043
0.354481
0.508796
0.431789
0.578127
0.662806
0.589146
0.486034
0.389901
0.337230
0.405183
0.357813
0.271391
0.359678
0.362979
0.382016
0.335292
0.378816
0.287056
0.343264
0.206456
0.192681
0.201796
0.322386
0.568859
0.455139
0.414929
0.482234
0.445031
0.479684
0.392881
0.427789
0.386029
0.378348
0.399119
0.415220
0.386705
0.405564
0.397149
0.332145
0.374765
0.346250
0.423280
0.367292
0.361160
0.319503
0.367363
0.371775
0.345924
0.432746
0.421891
0.448935
0.448530
0.408596
0.446253
0.426432
0.439697
0.419379
0.428499
0.380137
0.427208
0.402371
0.416378
0.418016
0.433216
0.435042
0.539373
0.403065
0.423204
0.564298
0.547477
0.551246
0.536402
0.566954
0.565177
0.535215
0.598144
0.511125
0.529547
0.524920
0.560240
0.418517
0.496296
0.534744
0.507637
0.495607
0.534439
0.516853
0.540376
0.486361
0.435616
0.503026
0.462034
0.424783
0.520504
0.506564
0.491229
0.494400
0.483110
0.480443
0.484230
0.472925
0.481447
0.482328
0.523804
0.453076
0.445806
0.424023
0.442823
0.482462
0.484030
0.487694
0.514924
0.498947
0.510849
0.531082
0.503008
0.545682
0.522497
0.557537
0.560018
0.544077
0.561905
0.536358
0.528745
0.550274
0.559633
0.534866
0.517940
0.602929
0.612924
0.571532
0.605204
0.636243
0.586128
0.565265
0.574784
0.599346
0.594621
0.645713
0.630095
0.461545
0.510996
0.472605
0.472573
0.504011
0.480014
0.470976
0.477324
0.447112
0.472817
0.438274
0.422329
0.465069
0.410023
0.430301
0.403635
0.443835
0.452143
0.420056
0.458259
0.473822
0.463524
0.557914
0.468625
0.459000
0.462338
0.447554
0.493503
0.509356
0.450398
0.486331
0.533046
0.529323
0.517819
0.440322
0.468416
0.516748
0.546388
0.552518
0.550480
0.559090
0.531723
0.605438
0.534193
0.536607
0.328813
0.279311
0.324386
0.384943
0.268306
0.301476
0.384034
0.430783
0.341882
0.267826
0.283939
0.318736
0.303292
0.346859
0.312282
0.361664
0.368413
0.386203
0.432269
0.390094
0.407388
0.403798
0.409912
0.413073
0.327469
0.355179
0.317187
0.368466
0.272836
0.297984
0.371781
0.317643
0.317605
0.382416
0.335589
0.383105
0.480373
0.433051
0.523035
0.500604
0.346920
0.417879
0.505946
0.491005
0.391643
0.296266
0.232373
0.260207
0.345069
0.244003
0.308250
0.186220
0.232607
0.297766
0.231652
0.286267
0.360239
0.319835
0.416513
0.482318
0.213641
0.255074
0.230585
0.264812
0.307562
0.316732
0.191747
0.271700
0.326819
0.544498
0.391028
0.509760
0.397146
0.419582
0.354126
0.324335
0.359313
0.278039
0.311357
0.371024
0.324661
0.229938
0.185230
0.236307
0.267490
0.240544
0.279993
0.252036
0.294624
0.273251
0.241336
0.332895
0.310900
0.374363
0.368982
0.145316
0.190778
0.174746
0.208548
0.234737
0.247336
0.179026
0.221244
0.262789
0.328732
0.308202
0.278387
0.377034
0.381169
0.349711
0.345252
0.387576
0.359398
0.328548
0.314084
0.312419
0.322910
0.310326
0.326616
0.305280
0.326854
0.324265
0.303510
0.340098
0.357130
0.391185
0.382252
0.323408
0.335314
0.351564
0.344031
0.345589
0.349272
0.375372
0.371793
0.361791
0.326759
0.340923
0.350786
0.393597
0.396493
0.410693
0.410781
0.220556
0.203924
0.210283
0.250657
0.189172
0.200461
0.208664
0.255893
0.214338
0.170577
0.187334
0.190041
0.185688
0.236814
0.214570
0.236788
0.249342
0.228266
0.272249
0.246841
0.284058
0.244090
0.264531
0.220735
0.199964
0.217403
0.194207
0.208627
0.153716
0.156670
0.199356
0.187629
0.187535
0.226792
0.213732
0.242331
0.186960
0.205874
0.162572
0.180727
0.198819
0.157465
0.147292
0.165559
0.166014
0.164995
0.149179
0.140732
0.110096
0.127241
0.128794
0.121125
0.138421
0.154165
0.155388
0.185755
0.129523
0.125075
0.133250
0.130352
0.133933
0.144827
0.131657
0.130784
0.143983
0.177734
0.170883
0.165739
0.155845
0.191237
0.116460
0.155027
0.188583
0.158643
0.100388
0.086457
0.090428
0.123696
0.085606
0.115765
0.101753
0.130474
0.123844
0.076147
0.166406
0.151078
0.207062
0.196953
0.086385
0.093619
0.095109
0.103773
0.092513
0.105636
0.087813
0.084401
0.107023
0.134823
0.125884
0.120128
0.572834
0.608048
0.580794
0.606223
0.571386
0.570617
0.598879
0.673508
0.628329
0.628366
0.590332
0.588609
0.435039
0.446543
0.531759
0.561889
0.431044
0.518854
0.424604
0.513062
0.546184
0.478505
0.586741
0.541727
0.500326
0.581532
0.621335
0.615514
0.622060
0.605524
0.573097
0.573740
0.577490
0.609970
0.554865
0.561066
0.523914
0.583636
0.510114
0.529298
0.641955
0.600241
0.647681
0.634961
0.611665
0.634331
0.602444
0.641035
0.606099
0.636097
0.611612
0.613844
0.499359
0.657878
0.588501
0.651005
0.611307
0.613671
0.590250
0.463245
0.558658
0.489994
0.500916
0.527802
0.560348
0.535643
0.520666
0.499854
0.439693
0.458275
0.189705
0.191758
0.233023
0.224691
0.204918
0.269261
0.269555
0.413216
0.279058
0.275361
0.283778
0.295055
0.366018
0.382874
0.355285
0.336706
0.339704
0.293237
0.253051
0.247374
0.335801
0.417095
0.287658
0.343651
0.418972
0.312257
0.312466
0.273029
0.351797
0.311529
0.343275
0.373291
0.316008
0.375647
0.372202
0.320758
0.397887
0.539278
0.432529
0.354000
0.480397
0.367568
0.467941
0.371751
0.323997
0.340964
0.475377
0.582282
0.489020
0.387253
0.469259
0.363788
0.419366
0.421247
0.344701
0.457565
0.386363
0.324285
0.305916
0.269318
0.583640
0.507428
0.573857
0.578159
0.506429
0.573130
0.512838
0.584238
0.515162
0.589224
0.420249
0.458981
0.560562
0.510063
0.454775
0.564283
0.462177
0.572921
0.491825
0.569844
0.462373
0.466136
0.480814
0.482198
0.477551
0.503644
0.531168
0.488970
0.514645
0.497207
0.489493
0.484556
0.488588
0.452757
0.495395
0.460353
0.507495
0.420086
0.496329
0.569397
0.567041
0.586727
0.494343
0.391868
0.450869
0.482940
0.437329
0.484301
0.485608
0.430712
0.441963
0.485173
0.425891
0.440158
0.543778
0.449437
0.422208
0.470695
0.406973
0.412149
0.465367
0.429186
0.481560
0.431528
0.519019
0.545850
0.500645
0.474446
0.430716
0.503311
0.408846
0.423042
0.378920
0.450010
0.436378
0.650863
0.613672
0.674591
0.623916
0.603915
0.645815
0.664927
0.711133
0.712366
0.671638
0.671273
0.656292
0.601998
0.671931
0.684693
0.625242
0.608316
0.661491
0.665805
0.674108
0.675288
0.674852
0.720373
0.672969
0.739896
0.642717
0.667337
0.712346
0.674023
0.677752
0.683692
0.698293
0.751099
0.701985
0.696493
0.627637
0.641715
0.655694
0.641391
0.645863
0.660771
0.700773
0.650382
0.699101
0.678266
0.624625
0.667053
0.694039
0.693464
0.662946
0.677482
0.653069
0.695137
0.654067
0.669974
0.707632
0.672295
0.698208
0.674339
0.662375
0.671378
0.701112
0.666222
0.645665
0.635650
0.632416
0.614635
0.647230
0.589575
0.730456
0.674367
0.671346
0.757127
0.625510
0.644676
0.663174
0.663791
0.604172
0.665622
0.504128
0.647316
0.629535
0.611274
0.721781
0.646041
0.734597
0.642056
0.666630
0.636316
0.650979
0.602789
0.724172
0.681974
0.592551
0.683030
0.710810
0.672024
0.668755
0.578046
0.681607
0.620232
0.695272
0.665392
0.700697
0.636105
0.717183
0.697519
0.722029
0.701174
0.738677
0.614356
0.626495
0.685579
0.663145
0.575878
0.658754
0.482999
0.594590
0.629266
0.641789
0.663434
0.637448
0.667068
0.673548
0.661391
0.651813
0.666688
0.658912
0.614911
0.663703
0.661083
0.668224
0.687876
0.686715
0.652752
0.717742
0.662727
0.624986
0.681843
0.642638
0.688798
0.698285
0.650138
0.708559
0.635934
0.696910
0.656537
0.705153
0.705882
0.651913
0.712126
0.653951
0.692290
0.584986
0.576340
0.539223
0.535506
0.562986
0.533055
0.476738
0.479731
0.449947
0.407900
0.613453
0.619228
0.571955
0.653857
0.668185
0.666603
0.646571
0.649492
0.720728
0.678595
0.660963
0.680779
0.700646
0.644659
0.644681
0.717716
0.681659
0.578274
0.519455
0.629047
0.595213
0.561132
0.606511
0.603693
0.635802
0.607631
0.617114
0.629563
0.593169
0.647326
0.614807
0.667127
0.556871
0.591017
0.517101
0.537472
0.634829
0.594560
0.619018
0.588466
0.583687
0.567671
0.542247
0.519167
0.568856
0.588377
0.587270
0.594493
0.586843
0.642944
0.562147
0.563452
0.583645
0.599891
0.703130
0.635401
0.618846
0.600059
0.584920
0.508377
0.499782
0.577744
0.567021
0.485050
0.574834
0.468421
0.463505
0.549132
0.540398
0.559709
0.583498
0.594744
0.566094
0.606285
0.605210
0.658845
0.608782
0.680410
0.628835
0.618784
0.678590
0.638894
0.671299
0.630316
0.627263
0.605121
0.663685
0.618736
0.595072
0.671773
0.678652
0.687063
0.638235
0.624440
0.650045
0.634139
0.651379
0.617438
0.645811
0.601104
0.655735
0.639438
0.610355
0.638788
0.653756
0.636363
0.666674
0.626154
0.634493
0.627341
0.587686
0.628433
0.578349
0.570040
0.579998
0.572508
0.563003
0.541035
0.543395
0.562297
0.580689
0.564986
0.545124
0.545397
0.589765
0.378361
0.399060
0.437903
0.423003
0.426917
0.472444
0.432436
0.427916
0.460902
0.478024
0.609317
0.512801
0.508697
0.497268
0.485714
0.485600
0.474332
0.503098
0.524075
0.453160
0.459141
0.404389
0.410077
0.414069
0.423910
0.557664
0.582992
0.541920
0.591304
0.609679
0.575943
0.558699
0.511700
0.572080
0.542058
0.594181
0.625757
0.600820
0.628413
0.637406
0.607584
0.638129
0.687315
0.618401
0.610934
0.386809
0.401733
0.368888
0.348803
0.428690
0.396758
0.370867
0.354517
0.394959
0.474138
0.592211
0.520899
0.439424
0.525869
0.434683
0.505892
0.489931
0.434000
0.521121
0.455377
0.394099
0.427388
0.432661
0.358124
0.369408
0.607877
0.579692
0.598973
0.605241
0.596782
0.604433
0.544048
0.589654
0.570972
0.608456
0.568684
0.596750
0.621912
0.587892
0.589406
0.612873
0.589337
0.659132
0.608872
0.617102
0.593484
0.613216
0.577223
0.607649
0.620616
0.587612
0.524641
0.539466
0.522317
0.556401
0.588805
0.541431
0.626917
0.641491
0.636933
0.493491
0.499876
0.465671
0.469031
0.483397
0.445694
0.436609
0.440398
0.438819
0.446147
0.390305
0.416756
0.558379
0.595079
0.567641
0.599878
0.582213
0.550900
0.574269
0.605846
0.556459
0.561270
0.618503
0.536128
0.527815
0.542648
0.527840
0.540192
0.553547
0.560506
0.605737
0.581632
0.564591
0.560514
0.520577
0.526399
0.532274
0.560625
0.515799
0.561696
0.500710
0.554487
0.541914
0.486335
0.525360
0.518005
0.500604
0.498403
0.542752
0.531935
0.530270
0.546304
0.537062
0.532587
0.533525
0.548629
0.539128
0.582727
0.612719
0.558859
0.598116
0.558545
0.585251
0.565510
0.553785
0.587276
0.563338
0.537827
0.572873
0.621328
0.563213
0.544025
0.618450
0.582905
0.563479
0.555598
0.510893
0.548457
0.548713
0.550518
0.583733
0.554494
0.585286
0.602377
0.596073
0.567853
0.561652
0.564505
0.606687
0.572372
0.573453
0.608475
0.543302
0.581027
0.574029
0.600260
0.563067
0.557303
0.589091
0.540534
0.524721
0.609763
0.585625
0.577968
0.606998
0.573704
0.564800
0.565588
0.585595
0.596805
0.565875
0.580008
0.571477
0.572864
0.593795
0.577602
0.583383
0.591351
0.605315
0.585013
0.592475
0.603399
0.610613
0.600517
0.641743
0.593622
0.570207
0.616882
0.566155
0.543055
0.584709
0.533214
0.566414
0.597411
0.581188
0.587283
0.565718
0.593075
0.565697
0.573339
0.561697
0.590389
0.566718
0.554618
0.561754
0.550955
0.570705
0.566162
0.572984
0.569360
0.569221
0.504827
0.531624
0.566084
0.624567
0.490524
0.550106
0.528039
0.522342
0.529380
0.526244
0.526073
0.532115
0.528929
0.538014
0.531483
0.602494
0.541735
0.600248
0.529153
0.569672
0.550573
0.573016
0.623423
0.562983
0.514790
0.569556
0.523256
0.528100
0.569874
0.551958
0.570337
0.640064
0.610261
0.622292
0.586924
0.522072
0.608498
0.484407
0.578767
0.436227
0.521900
0.549631
0.462172
0.553334
0.559823
0.524360
0.580259
0.369475
0.344866
0.399559
0.367575
0.349781
0.397040
0.544702
0.436078
0.537970
0.430966
0.491941
0.483825
0.425122
0.531200
0.448547
0.397698
0.421976
0.392049
0.344570
0.366747
0.628188
0.565652
0.637507
0.651537
0.572674
0.654883
0.663397
0.658751
0.659822
0.658365
0.571177
0.635053
0.343314
0.381634
0.385611
0.397423
0.430579
0.332944
0.427723
0.377552
0.440480
0.409867
0.446215
0.428218
0.557097
0.494164
0.448813
0.496408
0.497587
0.528702
0.532969
0.563888
0.555972
0.455627
0.431856
0.471930
0.478177
0.468464
0.495027
0.560321
0.490002
0.588944
0.520941
0.526198
0.617391
0.508099
0.498800
0.493076
0.673760
0.639949
0.655113
0.633679
0.621762
0.627932
0.591509
0.618318
0.597244
0.633298
0.603824
0.645410
0.652024
0.635171
0.635159
0.656090
0.622897
0.640811
0.518024
0.615455
0.517318
0.613296
0.612855
0.528895
0.646989
0.630671
0.642267
0.434894
0.423284
0.411807
0.393312
0.421820
0.379081
0.345949
0.361413
0.370820
0.378949
0.396197
0.399033
0.449905
0.408780
0.426379
0.470301
0.433078
0.436834
0.311302
0.378204
0.341781
0.403952
0.438338
0.385789
0.463330
0.470386
0.481602
0.374839
0.308431
0.355539
0.302098
0.258089
0.233013
0.195690
0.208048
0.264382
0.267432
0.336916
0.333960
0.167807
0.154328
0.247377
0.210523
0.132386
0.146910
0.170971
0.218221
0.287493
0.250346
0.285910
0.303525
0.253116
0.181497
0.240838
0.172607
0.120641
0.117681
0.138150
0.115524
0.200799
0.166643
0.273924
0.232937
0.247412
0.324804
0.284007
0.340777
0.348537
0.311431
0.290619
0.318256
0.333242
0.369818
0.493003
0.406850
0.339105
0.428451
0.347794
0.345082
0.422004
0.280172
0.203923
0.257697
0.470769
0.483157
0.515718
0.511556
0.426977
0.461276
0.436603
0.491477
0.510075
0.534103
0.527238
0.464367
0.558548
0.554406
0.583495
0.549453
0.444604
0.503306
0.415080
0.437931
0.491799
0.402400
0.399415
0.388707
0.376619
0.379142
0.396705
0.386312
0.420598
0.525935
0.453644
0.387575
0.389301
0.385199
0.402376
0.395463
0.387824
0.340279
0.400032
0.336204
0.388533
0.354813
0.406106
0.674275
0.634139
0.595961
0.598313
0.622250
0.635421
0.608522
0.605465
0.585664
0.582162
0.577480
0.573213
0.573755
0.597387
0.609131
0.618825
0.654402
0.599895
0.665075
0.615788
0.662394
0.691558
0.646008
0.603032
0.679967
0.636699
0.684131
0.664773
0.654540
0.650966
0.543312
0.600130
0.594097
0.656378
0.620987
0.680595
0.519649
0.517196
0.557318
0.507590
0.520621
0.543624
0.632454
0.539921
0.516628
0.625527
0.578670
0.518160
0.535473
0.604197
0.586860
0.626397
0.582659
0.573534
0.567299
0.604774
0.579650
0.563491
0.620815
0.582013
0.625007
0.581819
0.626146
0.585996
0.679939
0.631740
0.693808
0.671982
0.612627
0.650589
0.654324
0.692704
0.629849
0.676881
0.640041
0.637452
0.633428
0.670866
0.641596
0.629761
0.627456
0.666981
0.580272
0.539780
0.582214
0.535838
0.515784
0.514362
0.510002
0.496760
0.480897
0.502131
0.516771
0.558768
0.527174
0.521716
0.505967
0.481933
0.507504
0.484858
0.456987
0.454531
0.447646
0.462924
0.459793
0.454403
0.462939
0.463638
0.493989
0.461867
0.453165
0.484500
0.485676
0.500192
0.509743
0.490240
0.481720
0.509275
0.469366
0.466202
0.487624
0.540072
0.514437
0.530454
0.526958
0.487907
0.528492
0.539819
0.536010
0.538378
0.528725
0.537041
0.533922
0.122634
0.116886
0.114546
0.179875
0.180186
0.175086
0.085569
0.105842
0.137910
0.167091
0.340357
0.394974
0.263478
0.236156
0.391474
0.270330
0.385738
0.475486
0.281191
0.272616
0.250726
0.372422
0.153916
0.237428
0.360777
0.146978
0.089725
0.086681
0.074997
0.077182
0.140085
0.132262
0.240816
0.436984
0.341406
0.230744
0.560973
0.609386
0.615877
0.583078
0.612943
0.602515
0.605474
0.562785
0.610520
0.614822
0.657955
0.568893
0.606594
0.552477
0.602144
0.585910
0.538327
0.601653
0.552661
0.591396
0.482155
0.499231
0.464939
0.479165
0.566713
0.527145
0.562437
0.503073
0.477473
0.498093
0.481947
0.531176
0.476796
0.454177
0.416604
0.417227
0.572200
0.537067
0.589736
0.561235
0.545792
0.587423
0.613432
0.601156
0.620459
0.610192
0.598350
0.593088
0.605328
0.624864
0.575952
0.580579
0.558028
0.627543
0.550259
0.562114
0.640788
0.655007
0.623471
0.652036
0.659066
0.626517
0.615582
0.614510
0.622979
0.613977
0.636533
0.630037
0.652436
0.702952
0.658323
0.647529
0.573020
0.606248
0.628955
0.603701
0.627543
0.662683
0.638600
0.606980
0.683502
0.615202
0.496750
0.674371
0.707288
0.738092
0.735485
0.783654
0.740409
0.747980
0.758147
0.679079
0.690777
0.628958
0.676301
0.615684
0.638638
0.562042
0.586656
0.649727
0.654996
0.584795
0.645434
0.675969
0.679252
0.684887
0.587446
0.582327
0.623754
0.639751
0.666725
0.687579
0.763528
0.734375
0.732477
0.725882
0.702337
0.710717
0.694709
0.729865
0.699097
0.697342
0.124583
0.425046
0.414730
0.271173
0.488299
0.498643
0.429137
0.305666
0.504645
0.499283
0.538048
0.535902
0.574443
0.553075
0.590813
0.592825
0.576593
0.596481
0.523675
0.518195
0.425902
0.319343
0.451927
0.607263
0.627655
0.585321
0.614350
0.618644
0.595485
0.571726
0.590012
0.594172
0.584136
0.592293
0.590296
0.594126
0.652877
0.606406
0.598992
0.270617
0.205130
0.210109
0.294223
0.132896
0.125867
0.188788
0.287618
0.134978
0.089384
0.212630
0.069928
0.080864
0.067805
0.079596
0.073195
0.060941
0.106323
0.277315
0.180838
0.030848
0.081391
0.119577
0.135893
0.071929
0.118528
0.175755
0.192074
0.166645
0.072482
0.114755
0.169755
0.342680
0.238324
0.338105
0.253128
0.352396
0.457121
0.272021
0.262297
0.380177
0.416086
0.386742
0.360427
0.422436
0.417026
0.399001
0.367810
0.421029
0.440512
0.559369
0.466709
0.438184
0.469044
0.447007
0.447066
0.462401
0.423284
0.384565
0.404931
0.462637
0.468658
0.434897
0.440446
0.476204
0.473131
0.468523
0.444393
0.387071
0.421340
0.389184
0.375818
0.417343
0.468020
0.427931
0.477485
0.462165
0.480910
0.471375
0.488862
0.446987
0.499727
0.491893
0.481078
0.470882
0.485721
0.418008
0.426647
0.447367
0.449306
0.448796
0.421292
0.418790
0.429647
0.451406
0.424690
0.379015
0.409325
0.378274
0.397409
0.379158
0.379615
0.397774
0.397392
0.455807
0.415790
0.402618
0.452635
0.382356
0.363731
0.403388
0.464453
0.359162
0.356279
0.350554
0.341263
0.338910
0.332504
0.330074
0.338018
0.320505
0.351190
0.446110
0.407325
0.368515
0.355300
0.369679
0.381058
0.356998
0.370747
0.394308
0.415657
0.393729
0.361198
0.380276
0.407461
0.480759
0.443891
0.488586
0.444929
0.476759
0.486800
0.449134
0.431305
0.547727
0.564462
0.556419
0.573194
0.536243
0.528952
0.536802
0.552095
0.522383
0.503686
0.501794
0.500767
0.489198
0.506480
0.538743
0.523097
0.531239
0.522505
0.510144
0.554629
0.557966
0.539232
0.523661
0.559769
0.589016
0.572937
0.578173
0.576397
0.571379
0.665906
0.586549
0.566915
0.558110
0.557922
0.562997
0.573209
0.559712
0.575780
0.582283
0.586670
0.598116
0.592805
0.596644
0.602992
0.597046
0.595025
0.573321
0.554400
0.586625
0.593676
0.580589
0.587137
0.586333
0.601797
0.606084
0.599247
0.617225
0.604622
0.605402
0.606870
0.613584
0.595554
0.594206
0.580577
0.652315
0.674414
0.650641
0.668697
0.656230
0.640578
0.654363
0.667149
0.625198
0.631589
0.677626
0.611183
0.625723
0.606918
0.613821
0.630746
0.613041
0.623705
0.656475
0.643356
0.577044
0.584733
0.566152
0.569639
0.599926
0.592923
0.589451
0.572944
0.583998
0.577003
0.559719
0.556778
0.592364
0.595050
0.599879
0.608275
0.641904
0.605635
0.653614
0.619726
0.617401
0.611060
0.619176
0.643198
0.615349
0.613697
0.621939
0.611833
0.673087
0.677761
0.679519
0.694026
0.697610
0.689474
0.663638
0.675866
0.680877
0.680201
0.707534
0.703566
0.706672
0.754820
0.703215
0.709811
0.578708
0.640467
0.605163
0.591103
0.664032
0.630181
0.613834
0.593879
0.623213
0.677372
0.729768
0.659969
0.638983
0.659452
0.632162
0.640040
0.662135
0.629639
0.599763
0.607003
0.675386
0.678724
0.684514
0.672399
0.685014
0.684315
0.686739
0.683478
0.675981
0.684617
0.687642
0.672157
0.673928
0.680840
0.681506
0.686919
0.700798
0.690560
0.698407
0.701935
0.698257
0.710986
0.706720
0.705662
0.708803
0.707384
0.708040
0.701871
0.711363
0.712742
0.702770
0.693521
0.690802
0.686276
0.695847
0.676857
0.618066
0.656777
0.631874
0.673655
0.642132
0.683520
0.680394
0.677187
0.480491
0.510980
0.480410
0.515104
0.545833
0.540639
0.485232
0.456100
0.484866
0.517374
0.530059
0.551142
0.582549
0.566837
0.582188
0.592677
0.567637
0.527314
0.587243
0.545425
0.446419
0.489898
0.455470
0.501457
0.488161
0.530634
0.503883
0.469206
0.563678
0.548537
0.604505
0.594582
0.454050
0.524718
0.507944
0.549736
0.547275
0.524194
0.554671
0.585195
0.527502
0.520611
0.594737
0.518029
0.505138
0.519671
0.494751
0.501829
0.530615
0.515946
0.581223
0.539103
0.561862
0.543169
0.516885
0.515582
0.494449
0.530495
0.455729
0.493696
0.414887
0.446655
0.469776
0.435282
0.452002
0.482033
0.451073
0.488059
0.394612
0.381953
0.414922
0.400722
0.388357
0.422527
0.512828
0.448786
0.532914
0.451995
0.484771
0.456120
0.463753
0.517131
0.427878
0.431881
0.409766
0.410688
0.403757
0.407194
0.564441
0.551154
0.565392
0.514035
0.513706
0.594955
0.546683
0.544360
0.576491
0.657416
0.590727
0.570634
0.640444
0.690361
0.635955
0.677934
0.670814
0.652395
0.711095
0.594478
0.625977
0.663343
0.581076
0.594926
0.588715
0.546363
0.679754
0.648166
0.674478
0.572892
0.595489
0.566343
0.618409
0.623102
0.569846
0.535746
0.589336
0.562135
0.074166
0.078296
0.116644
0.109008
0.064895
0.074747
0.070764
0.094283
0.121042
0.083540
0.182074
0.202469
0.112029
0.268224
0.081071
0.185897
0.331383
0.100865
0.054610
0.068480
0.094643
0.078488
0.156502
0.120511
0.256274
0.419077
0.360692
0.217174
0.683583
0.628671
0.681291
0.651958
0.628834
0.638047
0.687258
0.722323
0.681835
0.701996
0.667024
0.622627
0.666316
0.645511
0.631537
0.726171
0.748282
0.715187
0.708738
0.726441
0.748589
0.723313
0.736790
0.728035
0.726825
0.728487
0.740768
0.755748
0.741610
0.791535
0.762711
0.724606
0.734717
0.796026
0.739557
0.763123
0.769914
0.761365
0.735834
0.751488
0.722320
0.712127
0.778509
0.757531
0.729854
0.748410
0.716053
0.764190
0.711212
0.724740
0.742528
0.710186
0.491745
0.516838
0.478564
0.483700
0.494942
0.460526
0.453919
0.448197
0.424919
0.401763
0.433824
0.450804
0.500284
0.514329
0.487241
0.509899
0.522640
0.500684
0.468395
0.491009
0.491706
0.512186
0.528007
0.518213
0.592118
0.599921
0.585636
0.603585
0.598882
0.594546
0.582690
0.638120
0.561532
0.597060
0.548260
0.588647
0.522773
0.562679
0.585037
0.546574
0.577391
0.584784
0.584119
0.594297
0.519043
0.543687
0.520093
0.506470
0.545730
0.517209
0.572524
0.529820
0.580445
0.529766
0.547993
0.587275
0.526703
0.539837
0.516958
0.635531
0.633978
0.640370
0.641268
0.589436
0.617131
0.598277
0.627852
0.590876
0.636355
0.630992
0.605086
0.657671
0.651755
0.656676
0.655486
0.593102
0.606406
0.578738
0.593916
0.613997
0.590528
0.564411
0.581785
0.588817
0.597522
0.604034
0.591848
0.601360
0.596282
0.614944
0.603337
0.588462
0.603472
0.581898
0.567106
0.561114
0.575836
0.635044
0.557429
0.585225
0.529995
0.550226
0.294678
0.350099
0.482296
0.471439
0.350483
0.486368
0.364984
0.475404
0.500827
0.418400
0.349382
0.494732
0.415914
0.346364
0.487793
0.557608
0.524570
0.549213
0.516895
0.522653
0.549396
0.490502
0.351844
0.421402
0.564941
0.576475
0.575642
0.570038
0.565236
0.580985
0.557158
0.580355
0.578137
0.558317
0.584009
0.568139
0.539050
0.545806
0.555658
0.563609
0.553434
0.563917
0.623696
0.587765
0.601609
0.579958
0.593956
0.576717
0.106426
0.152259
0.104994
0.168952
0.199805
0.198684
0.100160
0.236573
0.121222
0.170257
0.146870
0.196099
0.272763
0.215304
0.274242
0.273979
0.212705
0.133734
0.214230
0.135006
0.089417
0.089473
0.088539
0.086555
0.085724
0.083259
0.139134
0.222282
0.104895
0.107773
0.137007
0.145575
0.095573
0.114865
0.126436
0.153014
0.240677
0.286904
0.213572
0.181958
0.291631
0.208581
0.285971
0.204995
0.182212
0.285940
0.117225
0.186641
0.291650
0.119571
0.081258
0.088955
0.096587
0.141361
0.295666
0.190910
0.441609
0.413562
0.444286
0.411102
0.383705
0.383138
0.434158
0.529609
0.424542
0.405546
0.397548
0.375428
0.347040
0.318736
0.343844
0.363923
0.313946
0.347300
0.315740
0.352101
0.372350
0.332997
0.391433
0.363863
0.322938
0.393783
0.445310
0.414463
0.446073
0.411308
0.414078
0.446405
0.394923
0.310650
0.363437
0.467399
0.466227
0.438104
0.433458
0.457388
0.461566
0.445810
0.444013
0.394894
0.397331
0.396555
0.395382
0.359873
0.423068
0.367029
0.427741
0.448070
0.451158
0.447480
0.424998
0.367565
0.292816
0.279228
0.261423
0.279486
0.303895
0.296687
0.260392
0.267022
0.269383
0.286836
0.286987
0.286072
0.355938
0.363172
0.309806
0.322890
0.355020
0.317988
0.386436
0.368708
0.332249
0.350240
0.303291
0.308569
0.350644
0.297790
0.282377
0.282124
0.257699
0.262526
0.262833
0.253148
0.280650
0.351542
0.307420
0.400653
0.389008
0.415800
0.419219
0.387599
0.382186
0.411820
0.422155
0.425523
0.469292
0.459271
0.437084
0.459154
0.452981
0.481801
0.444765
0.453000
0.474634
0.438738
0.451998
0.413883
0.424745
0.415462
0.417337
0.411248
0.439916
0.436106
0.435297
0.346767
0.393528
0.368291
0.396207
0.411520
0.426554
0.369855
0.370931
0.415376
0.391833
0.429977
0.404811
0.423781
0.452962
0.427152
0.396892
0.462557
0.469024
0.461643
0.451554
0.404310
0.425274
0.417428
0.429716
0.428727
0.423199
0.466273
0.487945
0.445563
0.478252
0.425622
0.482774
0.520733
0.498853
0.415890
0.467213
0.399840
0.430546
0.410943
0.457603
0.391181
0.482205
0.457833
0.417593
0.520774
0.512116
0.536222
0.527515
0.387852
0.396338
0.410671
0.358493
0.338979
0.382378
0.343563
0.375900
0.331139
0.372458
0.383162
0.333720
0.377216
0.256249
0.317055
0.263251
0.272913
0.282932
0.294585
0.350745
0.301482
0.350585
0.308415
0.332177
0.352095
0.349792
0.319351
0.391311
0.383081
0.406053
0.426276
0.395587
0.451076
0.435585
0.416613
0.410616
0.529807
0.553898
0.520375
0.537773
0.572236
0.549782
0.512541
0.425012
0.450293
0.536961
0.480744
0.565033
0.485908
0.516344
0.561545
0.505655
0.512013
0.559350
0.547795
0.567518
0.448971
0.529302
0.416437
0.452841
0.525077
0.433232
0.382748
0.392684
0.382315
0.400186
0.427136
0.377564
0.442990
0.541991
0.473148
0.622472
0.587661
0.574307
0.562242
0.567460
0.568636
0.564824
0.620820
0.553994
0.557315
0.567027
0.563512
0.554678
0.613877
0.562338
0.559417
0.595793
0.582149
0.596437
0.588716
0.569712
0.551757
0.568041
0.540168
0.548231
0.540080
0.506510
0.567812
0.472156
0.533340
0.488593
0.437477
0.505433
0.514877
0.509008
0.353027
0.422556
0.309085
0.377941
0.516286
0.451167
0.519100
0.433105
0.429008
0.417339
0.405564
0.478659
0.332212
0.353230
0.218462
0.268147
0.568566
0.545694
0.605293
0.600660
0.563889
0.631229
0.604745
0.620507
0.647851
0.655228
0.538206
0.608344
0.517673
0.461424
0.514875
0.489285
0.487591
0.505647
0.495999
0.599477
0.487205
0.493294
0.502344
0.487499
0.476325
0.472965
0.498206
0.497754
0.474091
0.498465
0.422673
0.441603
0.489477
0.487945
0.456719
0.460037
0.476743
0.462155
0.376486
0.349170
0.462434
0.480146
0.498070
0.488496
0.521648
0.479836
0.517783
0.498597
0.507221
0.525971
0.516413
0.509644
0.580560
0.562647
0.573716
0.573791
0.564947
0.570223
0.581657
0.586491
0.586023
0.549308
0.509708
0.625948
0.602551
0.511811
0.595688
0.712830
0.727015
0.672280
0.683925
0.647423
0.619306
0.650304
0.579628
0.496880
0.651930
0.673244
0.632148
0.653249
0.730995
0.696614
0.680313
0.667401
0.638096
0.650825
0.630015
0.617367
0.619884
0.650689
0.562652
0.588088
0.676306
0.605540
0.505371
0.483355
0.469727
0.068598
0.067621
0.069376
0.062191
0.060532
0.046102
0.096689
0.063672
0.054280
0.036808
0.046029
0.032514
0.032927
0.053006
0.050740
0.144173
0.142400
0.151007
0.102769
0.119988
0.101825
0.116207
0.095293
0.074962
0.081894
0.106756
0.082817
0.167788
0.179815
0.191342
0.167909
0.159479
0.154827
0.234958
0.192541
0.176205
0.145386
0.134872
0.129835
0.206883
0.214113
0.227251
0.162416
0.176541
0.181791
0.211044
0.176977
0.146064
0.151078
0.161195
0.148838
0.260081
0.270773
0.231764
0.214872
0.238782
0.198682
0.245299
0.229717
0.213068
0.195164
0.174992
0.192642
0.189218
0.225398
0.199582
0.203118
0.220906
0.198804
0.214478
0.252070
0.247115
0.230836
0.206410
0.192616
0.269713
0.270926
0.290094
0.272814
0.270913
0.272341
0.316650
0.295825
0.286785
0.282776
0.286790
0.257834
0.288842
0.292993
0.286097
0.278656
0.283215
0.292893
0.312907
0.298363
0.251253
0.280755
0.290853
0.282064
0.313702
0.301202
0.316201
0.303340
0.293895
0.302279
0.337540
0.337986
0.322383
0.307669
0.293814
0.291311
0.343647
0.346634
0.350937
0.331941
0.330024
0.333914
0.336068
0.319243
0.324409
0.328282
0.333333
0.335772
0.333738
0.329426
0.337386
0.325598
0.339269
0.336278
0.355097
0.343224
0.345025
0.353500
0.325819
0.312881
0.358785
0.364142
0.367738
0.348242
0.357932
0.346857
0.355644
0.344790
0.343838
0.348049
0.364447
0.353893
0.441262
0.385376
0.434683
0.438556
0.394200
0.439663
0.398715
0.424889
0.404623
0.436261
0.448016
0.425011
0.453142
0.411578
0.450460
0.412934
0.383016
0.422967
0.398535
0.377124
0.390235
0.408356
0.398420
0.424637
0.405450
0.446327
0.429537
0.499530
0.430665
0.502274
0.507034
0.418389
0.494683
0.414395
0.503419
0.410737
0.509825
0.486053
0.417508
0.500438
0.419233
0.511997
0.342801
0.335375
0.344057
0.335448
0.328335
0.329784
0.331386
0.337529
0.348604
0.427089
0.351263
0.414716
0.341985
0.350884
0.338452
0.439868
0.356420
0.348980
0.341761
0.338257
0.353721
0.514423
0.433117
0.521056
0.522945
0.422304
0.514151
0.518104
0.507576
0.508014
0.512437
0.435794
0.528218
0.531921
0.542880
0.557708
0.524914
0.532450
0.545120
0.476031
0.532361
0.449039
0.548776
0.541006
0.472661
0.558252
0.537415
0.541456
0.379954
0.372036
0.369284
0.353949
0.384241
0.383586
0.374444
0.354151
0.350321
0.618371
0.670216
0.606201
0.647467
0.688514
0.671978
0.585746
0.631300
0.639539
0.581774
0.606559
0.611608
0.635310
0.627842
0.651196
0.592341
0.622836
0.582559
0.606624
0.631676
0.590855
0.555724
0.590037
0.595267
0.610954
0.646023
0.611309
0.677216
0.685077
0.658126
0.674697
0.693855
0.675044
0.617438
0.625591
0.631800
0.631942
0.663727
0.681973
0.658974
0.643465
0.648323
0.701165
0.669152
0.702168
0.641834
0.673443
0.707156
0.698460
0.683108
0.703433
0.624203
0.612535
0.598429
0.593384
0.615837
0.597122
0.566800
0.571925
0.583500
0.597159
0.607039
0.628353
0.620584
0.587201
0.605443
0.642784
0.611800
0.634788
0.612474
0.624900
0.652025
0.662400
0.595630
0.664386
0.439889
0.464312
0.499071
0.484335
0.530480
0.515869
0.515527
0.507856
0.518480
0.519393
0.540058
0.561461
0.544444
0.530680
0.554911
0.519113
0.518902
0.514881
0.462276
0.533347
0.567041
0.387711
0.418883
0.371684
0.408923
0.421966
0.417385
0.369693
0.408334
0.408596
0.409568
0.416824
0.415414
0.432235
0.439545
0.426277
0.401789
0.466150
0.378107
0.396672
0.493276
0.376845
0.345646
0.349230
0.356680
0.382756
0.496808
0.411392
0.575695
0.580389
0.579782
0.607571
0.567283
0.565706
0.573034
0.590835
0.567603
0.583854
0.555730
0.555280
0.577130
0.556098
0.577930
0.585855
0.567365
0.592600
0.560657
0.568576
0.573218
0.590153
0.575818
0.597092
0.512851
0.460843
0.494303
0.462706
0.491646
0.491069
0.487797
0.447394
0.485386
0.516766
0.517815
0.526435
0.521584
0.451693
0.526647
0.515890
0.444051
0.526453
0.532145
0.540394
0.542771
0.547537
0.465743
0.531193
0.413745
0.373645
0.400072
0.364933
0.379723
0.358273
0.396773
0.351813
0.356115
0.370154
0.368207
0.375502
0.404439
0.428558
0.419144
0.442711
0.443558
0.435432
0.451935
0.469405
0.432795
0.615411
0.632743
0.607256
0.618958
0.638468
0.615589
0.558343
0.514258
0.533200
0.573368
0.544890
0.587360
0.591147
0.614050
0.572427
0.541071
0.639760
0.621088
0.626698
0.640302
0.443977
0.417398
0.574845
0.529515
0.538992
0.555416
0.552601
0.585276
0.589044
0.642737
0.611769
0.597909
0.570987
0.454862
0.546765
0.485777
0.457598
0.522703
0.460507
0.469919
0.485148
0.482436
0.569875
0.403154
0.468117
0.502623
0.575313
0.584070
0.375122
0.460516
0.471478
0.538549
0.601094
0.575348
0.560196
0.566760
0.507859
0.575751
0.562411
0.537680
0.473182
0.438788
0.423102
0.449464
0.489580
0.435471
0.540813
0.581742
0.500374
0.487225
0.522286
0.544488
0.479568
0.556533
0.566472
0.581087
0.472717
0.522237
0.504957
0.635288
0.606243
0.587697
0.606739
0.580145
0.586515
0.570982
0.575012
0.573756
0.561094
0.537853
0.496572
0.511354
0.540084
0.505432
0.534456
0.529236
0.498604
0.556303
0.563528
0.573318
0.597309
0.551222
0.571497
0.624380
0.596189
0.521837
0.560740
0.600442
0.610139
0.613328
0.635153
0.552363
0.513305
0.636485
0.618264
0.500653
0.617526
0.683583
0.674236
0.679600
0.698329
0.701983
0.590557
0.614666
0.427857
0.474275
0.420948
0.564986
0.493892
0.563639
0.657805
0.626546
0.567642
0.599108
0.556178
0.569922
0.522942
0.531649
0.784491
0.757934
0.758468
0.747560
0.744848
0.749404
0.729733
0.712217
0.737837
0.765338
0.797114
0.754418
0.758266
0.718337
0.734460
0.681571
0.703710
0.703432
0.680961
0.711294
0.716273
0.702078
0.679871
0.694648
0.709882
0.527450
0.572874
0.531396
0.559891
0.670610
0.600061
0.516923
0.500286
0.515200
0.537655
0.529542
0.552866
0.553461
0.588814
0.567591
0.547288
0.664847
0.633252
0.740502
0.710093
0.527696
0.538748
0.494414
0.502988
0.536330
0.500243
0.462152
0.446228
0.448584
0.471036
0.445712
0.467321
0.461105
0.478676
0.472121
0.452563
0.500162
0.497096
0.534916
0.537638
0.532555
0.504045
0.529094
0.507111
0.468032
0.483343
0.475782
0.493275
0.502942
0.485540
0.519949
0.528028
0.498658
0.510302
0.474424
0.487196
0.512968
0.497518
0.459016
0.455329
0.469535
0.475267
0.472507
0.482570
0.499223
0.499121
0.491471
0.485905
0.509767
0.504354
0.525405
0.519293
0.431946
0.435652
0.424414
0.424418
0.433438
0.426428
0.416937
0.414234
0.412216
0.411892
0.408589
0.414090
0.415937
0.416051
0.416577
0.413661
0.431663
0.428764
0.453399
0.448011
0.457921
0.438000
0.466783
0.445965
0.421161
0.422358
0.425752
0.429430
0.439698
0.437406
0.456538
0.477841
0.457578
0.469475
0.453527
0.454443
0.472027
0.458525
0.436001
0.426035
0.433813
0.441423
0.437258
0.446065
0.445994
0.455706
0.450687
0.437871
0.468200
0.460240
0.480744
0.481239
0.418099
0.409251
0.421635
0.422915
0.406396
0.416198
0.415204
0.396243
0.395711
0.413211
0.403207
0.407551
0.398564
0.409912
0.410486
0.394852
0.424030
0.422621
0.417995
0.416888
0.419806
0.424948
0.427942
0.429403
0.400915
0.412061
0.408496
0.415369
0.423879
0.417758
0.443228
0.439838
0.412612
0.424928
0.400593
0.414321
0.421783
0.425837
0.396381
0.385603
0.399391
0.399302
0.398475
0.402143
0.398324
0.414542
0.404106
0.396244
0.430797
0.423323
0.429941
0.421895
0.380524
0.387997
0.376804
0.380116
0.391104
0.369518
0.366261
0.363692
0.363826
0.362470
0.370081
0.366751
0.369696
0.373294
0.371979
0.362104
0.383453
0.377757
0.394948
0.392354
0.392557
0.383549
0.404988
0.387756
0.379607
0.376521
0.378679
0.379425
0.381292
0.385365
0.388914
0.409808
0.397965
0.403620
0.391745
0.389095
0.403423
0.406339
0.399599
0.399790
0.406693
0.403879
0.413767
0.419289
0.398113
0.423105
0.426783
0.410831
0.401516
0.408244
0.415775
0.408609
0.369505
0.361377
0.378116
0.368271
0.358087
0.373182
0.373885
0.396322
0.387046
0.368386
0.388021
0.377886
0.401431
0.378322
0.377426
0.388141
0.383303
0.382845
0.367980
0.361980
0.382665
0.372926
0.388906
0.370927
0.393224
0.386317
0.395565
0.389538
0.387465
0.399483
0.377217
0.385259
0.407752
0.410782
0.435558
0.440756
0.420940
0.443487
0.477189
0.524703
0.525026
0.476505
0.526716
0.479486
0.491200
0.484847
0.481324
0.512849
0.436453
0.437374
0.405695
0.417189
0.408999
0.401214
0.433177
0.426553
0.405398
0.429403
0.455858
0.496622
0.496118
0.446701
0.500530
0.453897
0.523195
0.471906
0.464773
0.512323
0.431909
0.429209
0.409056
0.411717
0.406118
0.431148
0.407203
0.428284
0.518848
0.472010
0.514803
0.475250
0.475747
0.524222
0.430374
0.405912
0.597276
0.608074
0.665032
0.649632
0.575057
0.616435
0.736683
0.705779
0.671578
0.652549
0.661700
0.581759
0.598107
0.527795
0.549645
0.557954
0.546165
0.595100
0.595156
0.570024
0.619900
0.646995
0.645767
0.682365
0.738927
0.735444
0.653095
0.643652
0.579818
0.575141
0.583447
0.654482
0.581104
0.664567
0.715078
0.712829
0.729619
0.674549
0.594187
0.714408
0.750997
0.714710
0.659330
0.750016
0.670694
0.712781
0.690738
0.658605
0.682705
0.666715
0.707883
0.668701
0.712925
0.674547
0.733797
0.690745
0.716767
0.755117
0.824373
0.695859
0.777352
0.754066
0.750134
0.716804
0.709272
0.828568
0.755549
0.807157
0.745117
0.706658
0.694904
0.720817
0.724356
0.732748
0.841531
0.842899
0.779599
0.770572
0.738222
0.742624
0.743852
0.747116
0.762090
0.743675
0.723930
0.644549
0.644287
0.649726
0.659150
0.687629
0.656956
0.613425
0.660112
0.622117
0.655640
0.556586
0.626848
0.616139
0.601791
0.629442
0.635076
0.600988
0.647152
0.655606
0.639294
0.592154
0.620985
0.599513
0.616079
0.642309
0.603919
0.569855
0.587741
0.693408
0.609061
0.721850
0.649573
0.723662
0.727109
0.666401
0.651085
0.621549
0.625460
0.630604
0.539914
0.666003
0.521320
0.566843
0.541714
0.510213
0.707598
0.726379
0.518803
0.762907
0.694856
0.734028
0.726585
0.683506
0.751749
0.563951
0.706029
0.460881
0.588963
0.503749
0.574750
0.551902
0.632506
0.634649
0.552013
0.589472
0.669708
0.546616
0.722076
0.801837
0.729775
0.635332
0.582590
0.569667
0.587674
0.639185
0.520785
0.580637
0.608063
0.689965
0.530957
0.480832
0.600200
0.533067
0.644702
0.709726
0.595533
0.723989
0.607288
0.749917
0.804247
0.733618
0.674891
0.684987
0.725075
0.673179
0.744895
0.776472
0.732720
0.532695
0.614904
0.628224
0.698224
0.664525
0.736158
0.714575
0.638660
0.750631
0.782417
0.842525
0.849522
0.801788
0.708934
0.755463
0.743964
0.770056
0.773923
0.715934
0.817545
0.778717
0.806433
0.767021
0.713737
0.711544
0.717767
0.704956
0.681240
0.663817
0.721108
0.712474
0.733331
0.723601
0.738768
0.680520
0.660438
0.702736
0.713397
0.646016
0.673139
0.728006
0.666340
0.701093
0.717012
0.721925
0.734653
0.742799
0.709298
0.751002
0.721675
0.718478
0.720040
0.658908
0.729735
0.733558
0.722582
0.732398
0.718349
0.713321
0.727306
0.755487
0.736558
0.702814
0.737857
0.699467
0.720767
0.711417
0.709312
0.711514
0.733282
0.539335
0.586919
0.566074
0.704292
0.636481
0.757372
0.655668
0.659463
0.628908
0.654755
0.625787
0.793250
0.727550
0.801035
0.777489
0.652770
0.761413
0.731081
0.689383
0.703242
0.736403
0.755164
0.623368
0.734297
0.727107
0.669896
0.715207
0.698492
0.711227
0.689700
0.669340
0.656898
0.663220
0.654033
0.673963
0.621610
0.618986
0.670938
0.648331
0.631963
0.636077
0.641849
0.601342
0.723712
0.704387
0.721686
0.790865
0.755305
0.758934
0.759606
0.754883
0.723629
0.750468
0.746859
0.738303
0.731936
0.688751
0.710653
0.731221
0.734007
0.704178
0.714212
0.672534
0.687037
0.735936
0.716212
0.682589
0.735409
0.716726
0.729991
0.742132
0.747548
0.666511
0.674980
0.627709
0.657014
0.621331
0.654378
0.667469
0.604157
0.690681
0.615845
0.666640
0.593372
0.634828
0.647971
0.570699
0.589414
0.627215
0.654808
0.673947
0.664680
0.739111
0.724920
0.721660
0.700944
0.674195
0.738724
0.701152
0.736839
0.680357
0.712379
0.751781
0.750919
0.722817
0.751078
0.768568
0.769347
0.787630
0.749598
0.785804
0.624791
0.701351
0.727763
0.676616
0.645745
0.711766
0.763409
0.665570
0.748231
0.641487
0.733172
0.669931
0.669444
0.703078
0.699547
0.790903
0.718024
0.668534
0.662959
0.699900
0.691142
0.661058
0.655170
0.608687
0.588127
0.616216
0.730444
0.672794
0.549676
0.518001
0.516963
0.570234
0.583180
0.571586
0.674831
0.610653
0.636805
0.583985
0.788370
0.626504
0.708669
0.672689
0.683333
0.697723
0.688124
0.707088
0.660893
0.696118
0.779268
0.418422
0.469151
0.417761
0.439723
0.495895
0.576627
0.391539
0.407003
0.507987
0.484007
0.454410
0.396848
0.510524
0.505381
0.456011
0.459651
0.419453
0.430887
0.405986
0.480571
0.404030
0.526125
0.353531
0.426156
0.470570
0.404308
0.503435
0.513143
0.569539
0.521387
0.523754
0.556991
0.664607
0.504752
0.633722
0.575055
0.521313
0.622398
0.558776
0.557366
0.560169
0.513308
0.483902
0.492881
0.510439
0.531845
0.489339
0.504942
0.594910
0.565033
0.504178
0.559578
0.505489
0.541209
0.618616
0.452808
0.493574
0.465203
0.486501
0.623406
0.529918
0.559258
0.555257
0.614807
0.545506
0.514429
0.502708
0.528138
0.545109
0.487650
0.556107
0.436908
0.447113
0.563149
0.623632
0.481488
0.432151
0.423077
0.468463
0.431134
0.413101
0.441250
0.439697
0.788376
0.788481
0.844754
0.808349
0.809703
0.820887
0.847462
0.823192
0.891647
0.824359
0.837032
0.837424
0.824213
0.833762
0.797010
0.832113
0.867111
0.824602
0.801237
0.867791
0.830219
0.874039
0.865340
0.846575
0.860450
0.856201
0.827553
0.860782
0.833762
0.819427
0.841055
0.831564
0.839563
0.851238
0.851806
0.826840
0.810094
0.801959
0.838337
0.866806
0.832271
0.825719
0.869856
0.844310
0.862679
0.829441
0.830860
0.768190
0.795124
0.652265
0.712593
0.740489
0.773367
0.740662
0.782659
0.768370
0.696135
0.705019
0.712812
0.761805
0.789476
0.704326
0.621132
0.744985
0.780741
0.741015
0.774103
0.768779
0.676735
0.651600
0.691841
0.656721
0.678561
0.669656
0.713767
0.709020
0.722384
0.702716
0.648426
0.699935
0.657514
0.693473
0.659053
0.630076
0.668639
0.644408
0.647349
0.662984
0.634238
0.654913
0.627166
0.651518
0.606131
0.636331
0.849712
0.863031
0.852622
0.875786
0.856581
0.909836
0.882689
0.880625
0.892274
0.818546
0.839113
0.865868
0.857149
0.883602
0.788295
0.799269
0.789636
0.837759
0.831548
0.821983
0.694941
0.780082
0.817097
0.854475
0.827916
0.881910
0.866425
0.849489
0.850274
0.874433
0.854984
0.852916
0.868834
0.885281
0.852076
0.860603
0.899407
0.901790
0.878549
0.879508
0.898989
0.903610
0.900302
0.905824
0.669499
0.687889
0.680098
0.649580
0.717365
0.680788
0.651325
0.683513
0.716083
0.747495
0.698003
0.687463
0.710192
0.695205
0.717432
0.730391
0.710957
0.708474
0.720442
0.712368
0.608053
0.630198
0.717126
0.707129
0.723201
0.727380
0.721564
0.724413
0.702569
0.729350
0.722304
0.731549
0.743025
0.720392
0.734193
0.713806
0.719646
0.716574
0.697823
0.725402
0.697215
0.712071
0.691770
0.716185
0.703816
0.691962
0.704432
0.706551
0.720632
0.714025
0.704532
0.733369
0.722176
0.760047
0.751410
0.758631
0.775883
0.762203
0.752899
0.740152
0.739383
0.717054
0.722953
0.744103
0.754736
0.752190
0.792894
0.752502
0.765917
0.398338
0.428370
0.533743
0.467165
0.477661
0.524008
0.427146
0.418244
0.698608
0.698452
0.706847
0.701323
0.703138
0.703421
0.732234
0.725225
0.735951
0.730505
0.730856
0.730585
0.708041
0.689501
0.701228
0.735031
0.724246
0.749647
0.733511
0.731549
0.727629
0.703598
0.726258
0.708148
0.728162
0.711592
0.738488
0.799596
0.714478
0.821759
0.775167
0.824601
0.684887
0.542312
0.707591
0.629697
0.753260
0.729609
0.798941
0.812018
0.769497
0.659118
0.695243
0.733828
0.645065
0.581187
0.634645
0.803288
0.800482
0.691390
0.802618
0.831043
0.791200
0.760208
0.739083
0.684406
0.728426
0.694922
0.722404
0.717299
0.688028
0.742894
0.674721
0.648557
0.700490
0.649482
0.604096
0.608750
0.585696
0.706591
0.560673
0.698061
0.666265
0.471415
0.429241
0.472840
0.584353
0.473424
0.547215
0.442274
0.469932
0.734832
0.744941
0.728540
0.725976
0.706906
0.708280
0.704036
0.728342
0.778307
0.782676
0.659423
0.738052
0.558807
0.563661
0.716473
0.496329
0.570486
0.557002
0.599990
0.627111
0.566266
0.685192
0.593410
0.748731
0.803113
0.751473
0.674945
0.602725
0.660871
0.596569
0.630451
0.677806
0.597543
0.577141
0.624600
0.735713
0.521865
0.716120
0.636593
0.770442
0.748636
0.695022
0.702111
0.771804
0.736593
0.673714
0.750195
0.665090
0.796262
0.657606
0.700559
0.708117
0.693146
0.713036
0.664769
0.707103
0.647393
0.646504
0.669359
0.656718
0.644897
0.671354
0.691465
0.693328
0.743017
0.717106
0.609987
0.597168
0.689158
0.746723
0.612325
0.663740
0.616020
0.680827
0.637863
0.643177
0.814826
0.779908
0.816617
0.825433
0.818445
0.817851
0.808619
0.822195
0.816389
0.791407
0.785997
0.806122
0.759336
0.810193
0.808819
0.806070
0.817206
0.809458
0.575349
0.601960
0.623033
0.617314
0.602408
0.631533
0.628393
0.635050
0.634340
0.592147
0.659991
0.608471
0.623476
0.622884
0.635657
0.596547
0.658283
0.633420
0.620278
0.679416
0.641303
0.675782
0.739012
0.652716
0.646335
0.638986
0.680012
0.635023
0.694846
0.716613
0.672331
0.607728
0.618192
0.622324
0.645471
0.736090
0.685783
0.636964
0.730844
0.699407
0.706829
0.682461
0.622562
0.622581
0.623273
0.617573
0.594582
0.614927
0.567598
0.603373
0.697000
0.591823
0.542144
0.729796
0.646739
0.704277
0.641200
0.526053
0.546819
0.564414
0.560045
0.562650
0.577408
0.578571
0.584498
0.584799
0.573719
0.601627
0.579853
0.689448
0.739658
0.714792
0.737628
0.777914
0.743260
0.709155
0.720044
0.745005
0.734107
0.664769
0.745306
0.740593
0.671087
0.682352
0.661958
0.680272
0.687449
0.710720
0.731865
0.705458
0.732793
0.748802
0.751682
0.744044
0.778336
0.728693
0.713008
0.737684
0.734527
0.739553
0.695340
0.799205
0.761109
0.840208
0.808940
0.755574
0.768802
0.841275
0.844598
0.836137
0.835704
0.862523
0.852321
0.858040
0.865606
0.880944
0.879953
0.884130
0.901711
0.864176
0.876219
0.905891
0.871429
0.889135
0.884445
0.897001
0.850832
0.869771
0.881392
0.852056
0.875448
0.885154
0.906581
0.903599
0.914007
0.902888
0.923266
0.894670
0.914854
0.706774
0.751783
0.808736
0.617457
0.802667
0.801106
0.810056
0.824753
0.787325
0.770242
0.811296
0.769450
0.808975
0.723160
0.625210
0.654677
0.732607
0.678291
0.700941
0.588106
0.619874
0.562898
0.577857
0.578987
0.679210
0.590242
0.629544
0.551028
0.563740
0.503984
0.610736
0.524970
0.501125
0.632440
0.563171
0.641800
0.579594
0.515670
0.570401
0.515402
0.587040
0.531346
0.559343
0.608538
0.560252
0.597167
0.575031
0.566645
0.580880
0.580251
0.574754
0.602879
0.654315
0.618647
0.579619
0.700048
0.720124
0.622176
0.627030
0.576632
0.608606
0.579422
0.720523
0.564454
0.556004
0.569563
0.511623
0.595793
0.543893
0.573959
0.482781
0.527589
0.548655
0.716351
0.549701
0.619206
0.590004
0.603730
0.557865
0.715046
0.634423
0.643294
0.609629
0.594293
0.603293
0.593676
0.577262
0.578564
0.586430
0.606593
0.616410
0.562687
0.852293
0.907461
0.935703
0.864136
0.919182
0.889311
0.899895
0.909790
0.895380
0.864524
0.874208
0.866337
0.830939
0.845566
0.816204
0.904180
0.875019
0.867572
0.918468
0.932158
0.924796
0.883507
0.812640
0.894513
0.773182
0.807733
0.821943
0.788231
0.761940
0.797363
0.819002
0.825499
0.853985
0.821170
0.803920
0.794309
0.846421
0.807027
0.859214
0.812040
0.830433
0.811545
0.801857
0.771445
0.801916
0.781029
0.838687
0.826842
0.767584
0.697826
0.677525
0.739335
0.724701
0.699314
0.717175
0.745343
0.751132
0.744203
0.741552
0.768454
0.739128
0.760015
0.755603
0.724927
0.766210
0.729437
0.728980
0.683817
0.689145
0.610267
0.641602
0.623302
0.658745
0.663578
0.656215
0.618513
0.640363
0.631159
0.651668
0.722708
0.733528
0.693265
0.678829
0.715353
0.679669
0.732869
0.730677
0.692283
0.678114
0.754685
0.791828
0.769467
0.768597
0.795369
0.797224
0.775550
0.794661
0.827970
0.785425
0.752580
0.726318
0.709844
0.743275
0.717679
0.745890
0.767318
0.710070
0.745424
0.720352
0.790047
0.771243
0.718701
0.734647
0.781110
0.729196
0.710985
0.704728
0.743531
0.750043
0.764299
0.737403
0.782470
0.780744
0.697332
0.723930
0.739045
0.686002
0.739520
0.719941
0.779725
0.715532
0.742316
0.721988
0.692904
0.728494
0.759341
0.743228
0.774910
0.775901
0.751676
0.727170
0.725576
0.628020
0.628839
0.642973
0.625019
0.628577
0.578090
0.612072
0.601651
0.668864
0.629451
0.605889
0.592816
0.596508
0.630500
0.560625
0.498630
0.626147
0.565246
0.592157
0.558767
0.601938
0.543978
0.597650
0.569924
0.550131
0.553987
0.565068
0.618701
0.560526
0.605135
0.653583
0.598566
0.614276
0.603714
0.614413
0.616986
0.611970
0.589810
0.625994
0.614047
0.561474
0.578112
0.630409
0.678518
0.588215
0.569646
0.552302
0.504595
0.534501
0.519920
0.525556
0.536290
0.613820
0.567391
0.606080
0.572344
0.599053
0.626476
0.576430
0.558530
0.604258
0.534967
0.657698
0.610462
0.575950
0.609908
0.601515
0.578218
0.630723
0.611046
0.611108
0.601507
0.639088
0.597084
0.615488
0.665162
0.590042
0.651893
0.622268
0.601072
0.567831
0.602420
0.609445
0.572281
0.602391
0.554432
0.621200
0.616051
0.619116
0.596962
0.564654
0.588860
0.596001
0.601066
0.607163
0.667265
0.578335
0.568614
0.576380
0.616899
0.611322
0.561955
0.598225
0.598861
0.676455
0.600951
0.663067
0.620095
0.644965
0.596851
0.625601
0.634239
0.579651
0.606391
0.654496
0.656667
0.658839
0.725207
0.639544
0.677291
0.668814
0.642701
0.617401
0.637460
0.634151
0.666646
0.646706
0.658239
0.637609
0.631314
0.639385
0.729235
0.666560
0.640840
0.642118
0.646321
0.649471
0.635845
0.606238
0.631171
0.614941
0.588415
0.620415
0.695658
0.609342
0.640047
0.618365
0.613532
0.642626
0.589888
0.569141
0.532360
0.584553
0.638195
0.602231
0.583922
0.587087
0.584592
0.550748
0.606549
0.705631
0.725505
0.665370
0.649428
0.662553
0.666266
0.712497
0.690745
0.719325
0.709976
0.665899
0.646101
0.670108
0.604209
0.640170
0.599683
0.597180
0.597401
0.555856
0.593981
0.564140
0.566090
0.587289
0.591566
0.551636
0.551318
0.621103
0.639667
0.613414
0.562640
0.640955
0.719636
0.656767
0.599253
0.551399
0.548864
0.595348
0.581552
0.583543
0.588026
0.694803
0.654893
0.661036
0.721886
0.675263
0.592594
0.677396
0.683248
0.663294
0.664776
0.682104
0.718126
0.638129
0.687978
0.687655
0.654342
0.620677
0.613485
0.621431
0.598608
0.612759
0.626084
0.621763
0.669784
0.617145
0.658661
0.702370
0.658328
0.654934
0.696806
0.638108
0.585447
0.741354
0.728729
0.746273
0.720749
0.730546
0.754480
0.714152
0.762741
0.740105
0.747938
0.720736
0.712427
0.739215
0.730318
0.807109
0.726404
0.774185
0.651726
0.632720
0.677681
0.635548
0.631047
0.632359
0.673209
0.633599
0.661477
0.746390
0.668033
0.737806
0.691706
0.703592
0.670157
0.650027
0.773860
0.768391
0.776488
0.723173
0.761315
0.777330
0.750549
0.767055
0.709530
0.678790
0.709634
0.687113
0.739378
0.671945
0.591438
0.701245
0.693688
0.697399
0.605475
0.618952
0.618160
0.628083
0.624062
0.594466
0.584517
0.632158
0.640350
0.623112
0.684697
0.633741
0.640200
0.645396
0.733612
0.635192
0.773052
0.652528
0.816390
0.731645
0.607622
0.607106
0.678638
0.861337
0.823198
0.652225
0.676613
0.618369
0.630801
0.666660
0.725393
0.694812
0.679668
0.726535
0.734672
0.752000
0.695050
0.634696
0.552781
0.635032
0.593503
0.514387
0.529674
0.591779
0.504671
0.683110
0.661666
0.685721
0.662665
0.633840
0.643213
0.687061
0.598628
0.602894
0.569876
0.650472
0.687198
0.661402
0.640309
0.686095
0.627363
0.694550
0.653485
0.628305
0.591110
0.624576
0.612578
0.629783
0.631266
0.675709
0.713958
0.665526
0.656681
0.707883
0.685417
0.639521
0.662664
0.648861
0.666601
0.580294
0.637706
0.669290
0.645582
0.685681
0.698902
0.744809
0.731172
0.627351
0.638509
0.638695
0.658782
0.676514
0.642503
0.674793
0.693194
0.621972
0.751915
0.601660
0.551843
0.535301
0.512140
0.552033
0.577561
0.561272
0.680596
0.660031
0.561228
0.604830
0.600304
0.519522
0.624646
0.560951
0.646640
0.622095
0.699794
0.731524
0.702552
0.717860
0.671311
0.539781
0.630962
0.669506
0.628996
0.660198
0.650019
0.554631
0.695809
0.672337
0.747190
0.726379
0.614875
0.663336
0.602876
0.630000
0.638915
0.710660
0.619702
0.680115
0.580648
0.707656
0.737815
0.644876
0.680504
0.689662
0.694191
0.627699
0.677539
0.591414
0.771166
0.659628
0.673585
0.641821
0.656710
0.650702
0.660059
0.650524
0.658326
0.663860
0.683280
0.703317
0.689033
0.722829
0.712072
0.703706
0.761026
0.745945
0.700608
0.703686
0.716432
0.718046
0.765350
0.658790
0.770900
0.789875
0.717441
0.681569
0.649729
0.674256
0.737271
0.635079
0.622358
0.679769
0.714676
0.782622
0.698388
0.772338
0.726827
0.727320
0.749176
0.768490
0.824682
0.737722
0.671826
0.782832
0.733479
0.722720
0.707026
0.751248
0.707151
0.737944
0.699582
0.617602
0.732785
0.555718
0.705539
0.709552
0.661887
0.706709
0.740877
0.719558
0.673855
0.722069
0.681581
0.688322
0.687034
0.644100
0.679973
0.708463
0.713683
0.673700
0.608706
0.697831
0.697032
0.692272
0.681408
0.612240
0.681068
0.624550
0.625274
0.676944
0.668216
0.723835
0.724286
0.682638
0.697142
0.681042
0.667734
0.660005
0.679746
0.615063
0.661090
0.719488
0.735879
0.700785
0.733293
0.718216
0.696117
0.621896
0.637129
0.698393
0.683465
0.711731
0.736514
0.703176
0.716139
0.740216
0.691028
0.756597
0.743988
0.738288
0.729637
0.818597
0.786933
0.786925
0.763419
0.799013
0.764202
0.581733
0.546359
0.582240
0.608057
0.599642
0.622846
0.497295
0.476230
0.618906
0.588361
0.575955
0.609273
0.617177
0.593064
0.550013
0.526790
0.571855
0.540940
0.668724
0.655202
0.654238
0.674168
0.679823
0.620863
0.701583
0.694056
0.742497
0.717325
0.716749
0.542594
0.677505
0.678330
0.527442
0.779005
0.756460
0.809599
0.776393
0.584416
0.566112
0.534700
0.667156
0.551593
0.575291
0.609548
0.621760
0.710403
0.618561
0.612207
0.615401
0.576174
0.620390
0.679211
0.741595
0.645986
0.722899
0.769286
0.793210
0.713723
0.737377
0.605935
0.689975
0.727885
0.763435
0.594196
0.743259
0.684640
0.788082
0.726816
0.717489
0.651909
0.640307
0.603920
0.614703
0.659169
0.608103
0.649496
0.604083
0.674471
0.681773
0.668262
0.657359
0.683927
0.659928
0.652308
0.710944
0.675154
0.660715
0.706639
0.689571
0.662265
0.691387
0.664749
0.680095
0.710607
0.729763
0.755067
0.738551
0.656773
0.697377
0.667590
0.691172
0.697853
0.671630
0.737480
0.765044
0.652658
0.656346
0.684391
0.664669
0.650349
0.657844
0.635679
0.654362
0.598508
0.659565
0.669184
0.633465
0.703548
0.689712
0.746424
0.723371
0.617854
0.629858
0.623045
0.642965
0.634281
0.643428
0.642513
0.657680
0.675069
0.673024
0.668729
0.684700
0.599329
0.609311
0.568690
0.576245
0.638863
0.569258
0.578555
0.620913
0.593392
0.628956
0.541437
0.551876
0.651248
0.693178
0.634018
0.568425
0.610285
0.581371
0.588939
0.495346
0.620923
0.658755
0.615745
0.604497
0.606373
0.626670
0.679913
0.657878
0.822614
0.830763
0.826880
0.786888
0.800342
0.833674
0.825085
0.802145
0.771578
0.748587
0.762943
0.782330
0.762041
0.777187
0.761323
0.775264
0.777776
0.762033
0.790642
0.799213
0.809356
0.800772
0.817938
0.821964
0.739929
0.693931
0.750024
0.712133
0.714725
0.678621
0.705251
0.632004
0.633594
0.651080
0.577155
0.649581
0.641352
0.584784
0.602086
0.621751
0.683446
0.638426
0.571728
0.612607
0.646093
0.609200
0.691920
0.677336
0.639673
0.727746
0.672768
0.736783
0.691594
0.708799
0.672109
0.667906
0.685433
0.684471
0.718025
0.739392
0.688409
0.715460
0.763817
0.712700
0.765512
0.716066
0.729554
0.735601
0.735086
0.729655
0.732914
0.718812
0.774385
0.822369
0.803204
0.755563
0.799315
0.736635
0.748822
0.726469
0.725995
0.787324
0.704507
0.710603
0.732174
0.735603
0.664888
0.651390
0.670622
0.668853
0.703936
0.754428
0.757501
0.709664
0.785313
0.715404
0.718006
0.766704
0.649834
0.663743
0.621011
0.617415
0.560855
0.586549
0.757100
0.682298
0.725642
0.676471
0.629075
0.743391
0.573702
0.572494
0.659629
0.673682
0.683022
0.674506
0.666627
0.752721
0.717938
0.738830
0.710688
0.721505
0.693128
0.904695
0.934572
0.939832
0.907545
0.909164
0.897352
0.922901
0.888401
0.927316
0.863244
0.914068
0.886478
0.823891
0.911056
0.854940
0.902436
0.898442
0.852882
0.919812
0.857679
0.900313
0.880044
0.923745
0.910631
0.809306
0.889272
0.800381
0.887769
0.841849
0.839682
0.822897
0.860121
0.803212
0.878304
0.868045
0.839533
0.829294
0.772836
0.806393
0.803391
0.837616
0.813686
0.815361
0.798405
0.835578
0.833009
0.824721
0.877863
0.826154
0.840862
0.807213
0.837690
0.791956
0.877657
0.855318
0.842542
0.859573
0.843290
0.793948
0.763990
0.749804
0.835814
0.824500
0.815731
0.810993
0.783786
0.751807
0.900044
0.852188
0.887430
0.898151
0.841109
0.833702
0.858788
0.889704
0.878765
0.876406
0.845460
0.896989
0.904111
0.871569
0.893819
0.908422
0.915939
0.890230
0.914639
0.890477
0.838845
0.844530
0.784087
0.798717
0.874760
0.733815
0.753173
0.796361
0.841839
0.890985
0.897043
0.870296
0.893188
0.886444
0.874369
0.890537
0.919242
0.865227
0.858703
0.862611
0.865306
0.842731
0.850884
0.866761
0.861175
0.862835
0.857813
0.869006
0.852256
0.875884
0.872291
0.871999
0.855927
0.836902
0.837699
0.842376
0.861784
0.920124
0.863691
0.891434
0.907714
0.883972
0.771295
0.846898
0.848584
0.872120
0.849026
0.918910
0.900812
0.952060
0.960783
0.910794
0.911760
0.907501
0.905718
0.920364
0.911308
0.893357
0.886492
0.886350
0.904526
0.859783
0.848473
0.839111
0.892271
0.752159
0.804841
0.834030
0.800095
0.799131
0.822216
0.801832
0.885180
0.849320
0.850766
0.771808
0.772608
0.888595
0.870471
0.869967
0.861369
0.886682
0.887510
0.886772
0.879425
0.874303
0.841762
0.884186
0.808432
0.811743
0.842411
0.845767
0.869921
0.883575
0.867741
0.865166
0.885431
0.807032
0.891087
0.831299
0.823712
0.855147
0.812809
0.831034
0.828101
0.843630
0.814460
0.871719
0.866550
0.867951
0.815179
0.885421
0.880221
0.868249
0.873919
0.858276
0.854477
0.866524
0.866928
0.863510
0.911429
0.901615
0.897060
0.895857
0.838013
0.889700
0.898169
0.890394
0.857271
0.902692
0.874187
0.831155
0.871839
0.875994
0.829214
0.852119
0.786409
0.778436
0.810757
0.819177
0.851151
0.829174
0.792133
0.798080
0.864126
0.777876
0.701794
0.630814
0.830945
0.770511
0.703468
0.705130
0.680885
0.682153
0.657056
0.724154
0.673090
0.667430
0.734842
0.872836
0.793229
0.729872
0.813831
0.752621
0.798283
0.717929
0.879916
0.832559
0.885356
0.842404
0.899492
0.900766
0.851424
0.852265
0.821807
0.820707
0.820586
0.838050
0.839255
0.835191
0.829679
0.874845
0.867053
0.825043
0.836221
0.776626
0.822470
0.761440
0.814034
0.858851
0.825201
0.838599
0.889726
0.874629
0.842172
0.888463
0.854380
0.812054
0.890125
0.849412
0.911906
0.818565
0.884094
0.893027
0.859176
0.846601
0.837652
0.842757
0.830215
0.823168
0.853256
0.863536
0.858361
0.870053
0.847724
0.889042
0.845287
0.888938
0.879084
0.861804
0.746812
0.783010
0.780659
0.760794
0.835330
0.834953
0.837984
0.832374
0.846607
0.765788
0.774786
0.749043
0.784923
0.790320
0.689221
0.755288
0.754171
0.703431
0.736601
0.695258
0.746825
0.795711
0.805715
0.772293
0.811640
0.791010
0.772533
0.770239
0.756812
0.789967
0.790081
0.791548
0.757171
0.781955
0.719990
0.703658
0.760580
0.704440
0.716430
0.752260
0.791333
0.770450
0.747948
0.725561
0.779754
0.747288
0.685392
0.768079
0.778146
0.659361
0.699288
0.677297
0.712507
0.749788
0.743723
0.696913
0.712194
0.739452
0.725540
0.742027
0.734788
0.750285
0.749552
0.745030
0.798365
0.777627
0.786712
0.737448
0.749099
0.727524
0.754694
0.780263
0.668919
0.751372
0.728536
0.742948
0.695857
0.693921
0.873268
0.865301
0.876710
0.872390
0.868050
0.888821
0.886573
0.875484
0.804443
0.798783
0.808167
0.845718
0.853484
0.800072
0.764546
0.732676
0.806789
0.832845
0.845578
0.831225
0.849756
0.901271
0.825276
0.879810
0.875746
0.848288
0.822648
0.839393
0.844233
0.868703
0.874245
0.881959
0.877375
0.829418
0.891428
0.835634
0.864350
0.833348
0.843107
0.890090
0.901760
0.843242
0.893248
0.886292
0.847246
0.849799
0.847790
0.857727
0.848380
0.810647
0.847071
0.807001
0.844437
0.831180
0.843216
0.830582
0.843977
0.864600
0.864490
0.852511
0.866220
0.846705
0.842731
0.868998
0.891888
0.870464
0.881539
0.897381
0.889301
0.892797
0.874711
0.912963
0.874614
0.900023
0.857426
0.886919
0.899838
0.893150
0.898129
0.910390
0.869721
0.904029
0.900961
0.876283
0.863074
0.845155
0.825508
0.873329
0.812456
0.811045
0.916203
0.914121
0.895136
0.872830
0.909038
0.928624
0.840508
0.894141
0.932057
0.828387
0.867462
0.874058
0.870027
0.853112
0.852330
0.881963
0.861874
0.847365
0.860070
0.826292
0.850409
0.808433
0.578365
0.673908
0.667573
0.763111
0.686376
0.640711
0.841244
0.823036
0.799941
0.796928
0.792643
0.875223
0.892297
0.889898
0.863980
0.862007
0.848839
0.870604
0.927632
0.924586
0.874517
0.871406
0.908490
0.910076
0.928606
0.908353
0.901824
0.918092
0.917190
0.877834
0.853985
0.867243
0.881074
0.907655
0.899172
0.888457
0.891070
0.873918
0.895891
0.879133
0.898410
0.876979
0.877673
0.865493
0.873533
0.849366
0.854038
0.850923
0.861242
0.840918
0.821537
0.843969
0.851445
0.858349
0.802173
0.830216
0.859710
0.767737
0.822962
0.800564
0.831375
0.800731
0.765181
0.818223
0.824690
0.847327
0.831330
0.804150
0.847255
0.854250
0.827949
0.837747
0.844520
0.848269
0.843782
0.863258
0.842282
0.846949
0.835891
0.832131
0.846507
0.839351
0.823308
0.830503
0.833841
0.861253
0.844757
0.856625
0.848011
0.853731
0.842356
0.862494
0.856931
0.834057
0.740986
0.810008
0.823447
0.815340
0.758456
0.762428
0.771392
0.786085
0.786935
0.746391
0.741916
0.770026
0.779982
0.745220
0.754421
0.796740
0.749907
0.778253
0.765610
0.762565
0.719469
0.761711
0.719159
0.743984
0.722984
0.755927
0.594796
0.719387
0.727444
0.741917
0.755651
0.756082
0.694544
0.720987
0.668038
0.750298
0.753257
0.727756
0.735840
0.715394
0.709321
0.683467
0.737528
0.737596
0.691478
0.687746
0.707988
0.716118
0.696163
0.690922
0.702849
0.715494
0.721906
0.769555
0.756847
0.688967
0.758337
0.690971
0.649852
0.738555
0.701264
0.710566
0.735292
0.736811
0.783544
0.782630
0.731416
0.813669
0.795728
0.810726
0.791240
0.804085
0.795355
0.827367
0.791929
0.794882
0.814849
0.828457
0.807042
0.820941
0.810324
0.777360
0.823399
0.792184
0.783782
0.789635
0.869192
0.823232
0.825028
0.873357
0.798328
0.786296
0.752883
0.770913
0.726125
0.715194
0.713289
0.741121
0.717827
0.704389
0.681647
0.729082
0.717470
0.716500
0.747781
0.755426
0.752913
0.932001
0.900901
0.893779
0.873138
0.881187
0.894998
0.890026
0.932741
0.870232
0.856057
0.875221
0.856338
0.856525
0.856885
0.847785
0.868324
0.844919
0.852147
0.860449
0.853234
0.877854
0.839842
0.840310
0.867989
0.889885
0.807696
0.879787
0.868434
0.864677
0.861409
0.825621
0.795930
0.796073
0.850483
0.853692
0.815209
0.852085
0.801136
0.873718
0.807757
0.835414
0.816236
0.790205
0.820518
0.856989
0.879978
0.871341
0.874907
0.881667
0.905074
0.862899
0.858597
0.882756
0.888279
0.860398
0.867998
0.877887
0.829636
0.824817
0.823948
0.831557
0.831457
0.875127
0.879817
0.861754
0.861366
0.881234
0.881059
0.875639
0.880853
0.891375
0.894653
0.849660
0.906686
0.889287
0.866156
0.848022
0.868321
0.852372
0.859105
0.898920
0.870457
0.872443
0.800180
0.872208
0.876950
0.852682
0.850388
0.760073
0.813954
0.778638
0.851066
0.833342
0.889079
0.834120
0.802957
0.750346
0.849987
0.887129
0.853987
0.910808
0.868785
0.837176
0.871705
0.868240
0.878647
0.906603
0.839598
0.932307
0.922037
0.889388
0.901394
0.890548
0.885381
0.894639
0.816056
0.824173
0.843598
0.832823
0.798648
0.749347
0.798348
0.779203
0.746997
0.693581
0.743089
0.807903
0.768278
0.780537
0.728897
0.717780
0.730830
0.671286
0.697001
0.685430
0.685300
0.713619
0.694747
0.692506
0.672336
0.720996
0.675195
0.649097
0.695998
0.629269
0.662472
0.712999
0.702154
0.650784
0.698219
0.659440
0.550545
0.699685
0.574394
0.644638
0.576989
0.584761
0.630515
0.639877
0.635015
0.630840
0.658668
0.604460
0.668190
0.672717
0.686550
0.684352
0.708733
0.734057
0.675438
0.688806
0.749680
0.716018
0.750054
0.741422
0.766675
0.758327
0.764174
0.801470
0.789721
0.838356
0.839128
0.679354
0.626125
0.649285
0.666960
0.641891
0.703833
0.730536
0.798588
0.775086
0.791018
0.816741
0.733770
0.805316
0.688079
0.775618
0.760290
0.832565
0.799003
0.764059
0.746158
0.720854
0.761397
0.720963
0.657145
0.658011
0.704532
0.678930
0.738322
0.720358
0.742998
0.751109
0.773120
0.799044
0.786118
0.796771
0.776310
0.806850
0.793316
0.807900
0.806916
0.793115
0.811282
0.792260
0.824176
0.825978
0.770257
0.779525
0.814897
0.816021
0.815084
0.814480
0.808932
0.807850
0.834179
0.820186
0.841993
0.832994
0.830206
0.802581
0.805164
0.813754
0.829984
0.838522
0.823269
0.839938
0.862652
0.835303
0.846995
0.841265
0.830169
0.793310
0.810104
0.814572
0.830509
0.786089
0.834229
0.702521
0.706022
0.667479
0.708834
0.708426
0.731959
0.740882
0.731245
0.731882
0.692740
0.646271
0.749127
0.706449
0.694372
0.693129
0.679690
0.676496
0.654914
0.695341
0.742132
0.633808
0.578105
0.570728
0.695134
0.657327
0.718942
0.714070
0.717968
0.700182
0.699689
0.688518
0.695500
0.696287
0.688108
0.747093
0.665158
0.643895
0.616152
0.676709
0.697012
0.697779
0.706421
0.706067
0.648602
0.686492
0.721436
0.698929
0.749776
0.642394
0.704083
0.751993
0.776084
0.739515
0.714241
0.718795
0.690771
0.710213
0.731533
0.695388
0.699744
0.708426
0.750388
0.736394
0.743703
0.656908
0.618783
0.667815
0.621356
0.610726
0.636908
0.599397
0.646326
0.592749
0.652467
0.658904
0.593433
0.599464
0.614274
0.623491
0.605056
0.627389
0.685479
0.736691
0.707452
0.715985
0.738082
0.708087
0.737990
0.769566
0.698947
0.764907
0.785517
0.812335
0.730785
0.684790
0.677431
0.664099
0.689036
0.671262
0.843217
0.837056
0.831136
0.865506
0.814992
0.815512
0.836745
0.831393
0.848102
0.813766
0.852530
0.807416
0.854299
0.697222
0.670498
0.746498
0.688969
0.670119
0.692537
0.709782
0.692174
0.701277
0.690106
0.707279
0.661594
0.749509
0.759237
0.709326
0.732409
0.766288
0.801786
0.802128
0.832141
0.810407
0.801190
0.826535
0.782860
0.776575
0.752008
0.748195
0.791638
0.802923
0.834945
0.826309
0.812715
0.813706
0.811959
0.831922
0.834015
0.821628
0.762579
0.789879
0.774582
0.813112
0.730375
0.754846
0.754020
0.726974
0.774145
0.824815
0.790914
0.715120
0.715746
0.751018
0.772292
0.727606
0.719388
0.803067
0.789185
0.780713
0.797626
0.822058
0.805970
0.739033
0.764344
0.738837
0.765292
0.784431
0.790587
0.735647
0.766071
0.797026
0.817795
0.814347
0.810452
0.657455
0.688274
0.685562
0.691811
0.724307
0.745327
0.768137
0.766928
0.721725
0.771051
0.662112
0.755178
0.726244
0.753393
0.731296
0.696932
0.700126
0.761817
0.724605
0.709858
0.710073
0.713340
0.714116
0.688763
0.626326
0.720683
0.667260
0.661389
0.622407
0.827077
0.813299
0.832271
0.807598
0.793563
0.775637
0.785046
0.789045
0.809386
0.807995
0.797162
0.833019
0.837609
0.817421
0.816785
0.818061
0.823917
0.829936
0.811401
0.806746
0.800717
0.799688
0.784015
0.576273
0.631266
0.635126
0.626865
0.694379
0.653373
0.767621
0.773834
0.727245
0.651927
0.689499
0.626298
0.611552
0.674946
0.724966
0.630462
0.703892
0.746690
0.720249
0.641066
0.743640
0.721719
0.763297
0.747164
0.771409
0.749285
0.759145
0.741772
0.751561
0.753349
0.696109
0.732791
0.689384
0.623752
0.715809
0.688437
0.623294
0.650627
0.703576
0.645620
0.618676
0.563305
0.604361
0.601528
0.611718
0.601661
0.582617
0.642977
0.568484
0.604320
0.578749
0.596192
0.506231
0.538672
0.601942
0.567140
0.576815
0.615537
0.619321
0.601475
0.403302
0.459716
0.407129
0.457527
0.510732
0.505920
0.398629
0.452423
0.499444
0.448664
0.550320
0.502813
0.538210
0.588036
0.560573
0.553016
0.618049
0.659875
0.684957
0.623428
0.673839
0.704482
0.701572
0.652332
0.704761
0.662637
0.716006
0.656534
0.716151
0.649066
0.718007
0.587586
0.613196
0.699166
0.643296
0.623043
0.722863
0.612631
0.678194
0.657760
0.722455
0.598582
0.521032
0.584213
0.508339
0.514353
0.496181
0.545518
0.494584
0.502598
0.488029
0.570354
0.487388
0.541299
0.550128
0.457028
0.581389
0.572138
0.494866
0.607380
0.530090
0.569416
0.563401
0.587950
0.587472
0.556500
0.589105
0.603956
0.588337
0.601917
0.601837
0.535636
0.542898
0.609057
0.580949
0.519681
0.600841
0.520966
0.487583
0.555904
0.613999
0.549307
0.478993
0.532668
0.460744
0.461970
0.451169
0.522772
0.600713
0.516323
0.456664
0.491054
0.430912
0.448003
0.364692
0.421587
0.465981
0.391741
0.428819
0.409527
0.460613
0.507387
0.502853
0.498068
0.490411
0.513144
0.476937
0.407666
0.464204
0.403846
0.442044
0.358802
0.457946
0.435970
0.395836
0.492882
0.464372
0.534021
0.605845
0.489741
0.476383
0.391001
0.468843
0.377476
0.465817
0.523412
0.524982
0.350488
0.410650
0.488323
0.478165
0.556153
0.537195
0.623163
0.595633
0.576528
0.587490
0.588163
0.534286
0.541903
0.371433
0.357004
0.381414
0.399243
0.349505
0.381952
0.410486
0.425968
0.412184
0.344150
0.329571
0.356179
0.375069
0.393831
0.405135
0.421248
0.471677
0.438882
0.425847
0.468301
0.437334
0.469349
0.554513
0.441590
0.439413
0.467192
0.482808
0.432468
0.458211
0.475704
0.456557
0.361574
0.407329
0.294243
0.395579
0.293712
0.406492
0.230482
0.400337
0.391904
0.285397
0.449023
0.452335
0.468148
0.477714
0.275502
0.369184
0.261834
0.372615
0.440495
0.439666
0.270611
0.399762
0.370746
0.367307
0.428267
0.438233
0.419085
0.466317
0.456610
0.457872
0.465361
0.471013
0.458461
0.462454
0.440684
0.454374
0.416422
0.420865
0.433195
0.429851
0.394307
0.368294
0.379910
0.410418
0.365680
0.409416
0.392642
0.365541
0.422842
0.448832
0.177371
0.148691
0.178678
0.106815
0.092127
0.114921
0.209410
0.175627
0.141424
0.109293
0.030949
0.087016
0.081118
0.098876
0.092518
0.088380
0.083777
0.228155
0.087955
0.078435
0.000000
0.095071
0.078420
0.060777
0.145181
0.106764
0.086390
0.085610
0.103243
0.205111
0.167803
0.168329
0.165584
0.108288
0.084061
0.068593
0.240126
0.199278
0.229318
0.281381
0.175905
0.205344
0.267278
0.342077
0.238104
0.159240
0.165536
0.219586
0.187612
0.233272
0.213523
0.303756
0.373310
0.241691
0.282684
0.400181
0.275342
0.431399
0.530884
0.392253
0.312141
0.400932
0.520620
0.401747
0.550915
0.530998
0.572808
0.359895
0.313265
0.352597
0.575014
0.434926
0.597108
0.469875
0.532865
0.606478
0.479578
0.517443
0.589544
0.490545
0.549391
0.512744
0.476758
0.460458
0.466459
0.479759
0.481577
0.338046
0.233983
0.326053
0.436078
0.426675
0.461626
0.412112
0.458675
0.470220
0.464221
0.453918
0.468654
0.450854
0.462591
0.403023
0.422674
0.356769
0.366225
0.423622
0.361789
0.297446
0.244805
0.246999
0.304417
0.239975
0.302076
0.297102
0.236091
0.364713
0.429491
0.543947
0.571887
0.545428
0.599935
0.552191
0.525344
0.561838
0.606611
0.547612
0.549166
0.606678
0.549643
0.521267
0.556019
0.531662
0.504504
0.553949
0.529413
0.550730
0.572377
0.547671
0.584753
0.664318
0.608598
0.556777
0.521024
0.559948
0.504826
0.550286
0.576772
0.565811
0.500844
0.570742
0.521798
0.538877
0.536075
0.557530
0.541219
0.582527
0.573661
0.550904
0.592922
0.584383
0.587024
0.595073
0.589139
0.584894
0.604193
0.593103
0.599991
0.597536
0.619022
0.685966
0.635956
0.609843
0.640136
0.613067
0.614079
0.627159
0.617723
0.635969
0.619014
0.594176
0.609829
0.588510
0.641225
0.657604
0.631875
0.656598
0.644569
0.633863
0.642376
0.661477
0.620912
0.646120
0.583211
0.628609
0.626361
0.575049
0.633434
0.629966
0.464061
0.472667
0.543640
0.523672
0.499323
0.555823
0.549778
0.550927
0.572214
0.519762
0.573967
0.584548
0.552471
0.584060
0.512358
0.604749
0.517096
0.469445
0.547189
0.567331
0.525086
0.528068
0.507521
0.519188
0.593088
0.549281
0.567108
0.504961
0.447851
0.401906
0.442366
0.480280
0.390227
0.458728
0.394118
0.469321
0.568566
0.639382
0.721298
0.615464
0.648421
0.742946
0.724476
0.638720
0.745373
0.654517
0.695320
0.756269
0.735876
0.783728
0.705583
0.712742
0.773673
0.736053
0.686971
0.748472
0.669050
0.699635
0.634469
0.737322
0.708492
0.651288
0.718406
0.661089
0.627857
0.630679
0.725911
0.662080
0.654073
0.636723
0.614439
0.640151
0.616596
0.623836
0.597679
0.661108
0.626365
0.669608
0.628172
0.546236
0.589192
0.552974
0.591546
0.483964
0.519054
0.600019
0.556959
0.567805
0.641809
0.607850
0.675341
0.393008
0.453789
0.401273
0.451974
0.491161
0.480178
0.416175
0.476359
0.494284
0.448048
0.528567
0.486751
0.513936
0.572424
0.520607
0.530565
0.406042
0.408111
0.401744
0.434762
0.364028
0.364163
0.402058
0.441735
0.359555
0.321829
0.277551
0.274052
0.316923
0.276151
0.314037
0.293223
0.352800
0.332335
0.279045
0.385662
0.366264
0.433997
0.550843
0.443323
0.412137
0.283504
0.332725
0.276448
0.330350
0.375876
0.383723
0.272279
0.333177
0.373608
0.445494
0.417096
0.441746
0.412190
0.444678
0.415553
0.462130
0.428679
0.456835
0.425057
0.187266
0.342111
0.236089
0.351935
0.232216
0.393018
0.367988
0.260256
0.440712
0.428665
0.453408
0.462496
0.293893
0.371997
0.293571
0.372137
0.425336
0.428625
0.293888
0.402741
0.363167
0.368396
0.433923
0.426798
0.452743
0.469371
0.459396
0.460639
0.050465
0.114876
0.121006
0.108486
0.152488
0.151413
0.118554
0.108924
0.143828
0.222383
0.215602
0.202497
0.166996
0.202982
0.119843
0.147202
0.107088
0.241017
0.114581
0.118547
0.175215
0.161393
0.120844
0.116042
0.130586
0.131731
0.120537
0.105008
0.088271
0.126186
0.106511
0.122821
0.117800
0.099215
0.111049
0.110187
0.526726
0.553202
0.571195
0.561864
0.520442
0.565237
0.607790
0.566415
0.550471
0.438697
0.462816
0.360816
0.498586
0.370179
0.491295
0.330707
0.503486
0.497759
0.364602
0.560510
0.570500
0.572395
0.639187
0.568959
0.591298
0.399197
0.494869
0.384144
0.480409
0.525950
0.526437
0.397090
0.517107
0.489534
0.491027
0.567980
0.547178
0.562176
0.586082
0.559818
0.602776
0.583840
0.554113
0.568415
0.554658
0.558941
0.634898
0.530777
0.594251
0.605695
0.601870
0.483471
0.444452
0.452243
0.590088
0.522004
0.581571
0.527574
0.545467
0.599477
0.543065
0.551248
0.579751
0.551654
0.602807
0.562678
0.519493
0.579404
0.550435
0.524182
0.521943
0.571849
0.636269
0.559697
0.538851
0.545027
0.543654
0.534611
0.557637
0.536476
0.535156
0.111892
0.076887
0.112131
0.165966
0.074100
0.112283
0.175907
0.220102
0.174707
0.069820
0.123508
0.175310
0.358958
0.262015
0.353930
0.255311
0.353873
0.468338
0.282528
0.238704
0.443272
0.479957
0.433805
0.504441
0.492132
0.510122
0.496039
0.509141
0.419982
0.455659
0.509851
0.486643
0.416830
0.499274
0.386659
0.451796
0.433646
0.378287
0.395071
0.342814
0.372816
0.334727
0.292220
0.303600
0.320971
0.332259
0.303071
0.337454
0.313266
0.341253
0.347888
0.347432
0.287366
0.328017
0.289033
0.184657
0.237098
0.169814
0.221250
0.203539
0.141778
0.264992
0.328592
0.339191
0.389880
0.379731
0.391837
0.365401
0.375743
0.407916
0.420997
0.428942
0.333159
0.371525
0.432241
0.459638
0.477846
0.441385
0.457380
0.447821
0.553806
0.459867
0.437712
0.450094
0.454683
0.442531
0.466752
0.473132
0.504744
0.499239
0.497688
0.491247
0.496875
0.472507
0.474396
0.376760
0.460556
0.366697
0.370641
0.464251
0.403416
0.328315
0.324491
0.387709
0.473079
0.435349
0.427881
0.435293
0.419003
0.395224
0.387809
0.320725
0.298223
0.269164
0.347595
0.436952
0.465541
0.436482
0.438661
0.518889
0.478881
0.491360
0.462845
0.503062
0.488960
0.441768
0.518291
0.435313
0.435265
0.349555
0.379865
0.581904
0.584833
0.582486
0.628014
0.568557
0.614548
0.614452
0.664084
0.610948
0.649234
0.616850
0.643447
0.540162
0.513534
0.611965
0.602828
0.463021
0.586902
0.344400
0.514780
0.562385
0.464652
0.548872
0.472628
0.385034
0.411927
0.531268
0.602944
0.504577
0.459699
0.461643
0.415897
0.300570
0.342260
0.354380
0.417087
0.326872
0.333275
0.276437
0.320927
0.336749
0.377658
0.279607
0.356073
0.354772
0.353967
0.186340
0.185719
0.194530
0.329886
0.278730
0.339758
0.369098
0.342778
0.364252
0.346376
0.503554
0.476965
0.388751
0.426982
0.444578
0.375639
0.379195
0.375883
0.363726
0.343555
0.335832
0.309949
0.345896
0.345643
0.329586
0.317127
0.376590
0.341895
0.364426
0.381130
0.353750
0.383299
0.358713
0.359372
0.365059
0.384812
0.398101
0.373839
0.414989
0.405364
0.390459
0.391788
0.483772
0.383392
0.409675
0.369321
0.396406
0.332539
0.360939
0.381652
0.362737
0.362345
0.378003
0.370776
0.393833
0.547955
0.557663
0.531380
0.540046
0.556444
0.525248
0.492512
0.504408
0.492083
0.501613
0.421986
0.482305
0.501119
0.489703
0.519100
0.512472
0.538846
0.616812
0.543504
0.534241
0.450051
0.468649
0.424202
0.453666
0.486805
0.469773
0.416906
0.421902
0.449432
0.429359
0.464704
0.468097
0.514448
0.508698
0.498796
0.500036
0.508922
0.495293
0.521787
0.520050
0.514283
0.497618
0.501209
0.493776
0.485993
0.502395
0.499555
0.535720
0.532247
0.509556
0.534897
0.516910
0.538724
0.555852
0.529054
0.548792
0.537446
0.523524
0.533065
0.512849
0.594812
0.577760
0.610669
0.596572
0.568874
0.590828
0.623388
0.614666
0.603858
0.588926
0.572223
0.560787
0.440180
0.481785
0.472991
0.474286
0.485630
0.474680
0.453675
0.461465
0.449884
0.461518
0.533358
0.436627
0.461166
0.450838
0.448265
0.413073
0.386016
0.425359
0.439813
0.399809
0.435231
0.395032
0.388761
0.434306
0.425227
0.470627
0.503615
0.496322
0.454456
0.535704
0.521160
0.484084
0.439598
0.504408
0.544416
0.612815
0.532128
0.543970
0.522630
0.532037
0.505796
0.493065
0.482518
0.420004
0.459712
0.310311
0.345362
0.303528
0.261672
0.369626
0.333361
0.281434
0.249269
0.324780
0.393646
0.354089
0.341867
0.354619
0.341664
0.325104
0.312655
0.304706
0.271474
0.241322
0.282939
0.403056
0.384503
0.368074
0.379252
0.310834
0.382018
0.331662
0.369680
0.253670
0.304431
0.346785
0.308273
0.306774
0.329703
0.333764
0.346983
0.471423
0.489962
0.495434
0.417334
0.464828
0.481987
0.409904
0.329776
0.389130
0.407509
0.311900
0.437952
0.269175
0.356523
0.197136
0.223515
0.281174
0.232072
0.242131
0.304977
0.241106
0.213659
0.268834
0.328750
0.245888
0.200605
0.277279
0.254554
0.201747
0.302148
0.394029
0.316227
0.482611
0.361882
0.365513
0.512038
0.295580
0.190230
0.239828
0.358327
0.331921
0.357941
0.308598
0.282791
0.310502
0.355936
0.324357
0.244984
0.277564
0.230595
0.267396
0.222695
0.203167
0.238461
0.275107
0.186609
0.155272
0.227874
0.216193
0.171931
0.254904
0.275514
0.311249
0.319059
0.279084
0.184362
0.230058
0.363999
0.358184
0.360729
0.326646
0.332190
0.335662
0.376913
0.354931
0.323507
0.333065
0.294561
0.302597
0.321581
0.340455
0.301411
0.305812
0.301849
0.317375
0.317737
0.316298
0.341184
0.356790
0.345979
0.341025
0.393303
0.370458
0.344905
0.337513
0.366572
0.428023
0.414576
0.393366
0.376650
0.350615
0.322934
0.331601
0.214474
0.222071
0.187633
0.183915
0.245028
0.197150
0.179905
0.175192
0.187792
0.270234
0.224401
0.212208
0.228947
0.204410
0.202531
0.182986
0.184839
0.184856
0.167776
0.171319
0.280117
0.280138
0.240555
0.236779
0.237935
0.268874
0.187252
0.229610
0.164058
0.193858
0.199353
0.193466
0.192394
0.208659
0.195222
0.220583
0.192563
0.156788
0.184182
0.164181
0.124820
0.141034
0.150099
0.172511
0.117527
0.137137
0.101244
0.113041
0.119495
0.107140
0.136010
0.135166
0.130983
0.121873
0.113117
0.136328
0.129711
0.126101
0.148954
0.113814
0.115285
0.135023
0.163625
0.154895
0.155281
0.114424
0.117720
0.099318
0.200545
0.166622
0.192459
0.176964
0.138678
0.163496
0.201918
0.160698
0.100342
0.134672
0.089238
0.141524
0.096031
0.085252
0.103568
0.138646
0.085014
0.075590
0.099198
0.098238
0.077621
0.117777
0.130090
0.144769
0.161328
0.123063
0.072834
0.090226
0.649797
0.606964
0.618987
0.650998
0.611983
0.592627
0.426607
0.541950
0.443945
0.543918
0.439841
0.567375
0.532328
0.457028
0.618303
0.591316
0.639461
0.727745
0.628942
0.667236
0.501325
0.562495
0.504308
0.552185
0.599845
0.588006
0.508301
0.592586
0.541564
0.537726
0.580679
0.575789
0.583343
0.647248
0.611804
0.598708
0.647608
0.628087
0.651493
0.631417
0.625931
0.661103
0.630895
0.650320
0.656662
0.673983
0.623132
0.653376
0.610025
0.614895
0.591753
0.587319
0.572987
0.459801
0.640005
0.658292
0.628567
0.664565
0.567008
0.460291
0.561416
0.601788
0.562388
0.438377
0.445542
0.534737
0.543955
0.561537
0.577944
0.177599
0.186061
0.193359
0.229087
0.229041
0.245048
0.250762
0.230277
0.326551
0.300019
0.359049
0.323448
0.342473
0.372157
0.285935
0.297756
0.286891
0.414115
0.266879
0.267726
0.420697
0.318305
0.429401
0.341028
0.286894
0.312049
0.421548
0.521780
0.403327
0.355660
0.378021
0.322991
0.343639
0.382225
0.319706
0.376797
0.350629
0.308283
0.312469
0.282077
0.374110
0.473749
0.327819
0.375630
0.468675
0.353857
0.310827
0.286772
0.402871
0.334553
0.442057
0.473449
0.360188
0.448213
0.475027
0.370196
0.478038
0.577875
0.464991
0.393487
0.513527
0.606591
0.556078
0.619333
0.584311
0.607672
0.523400
0.557710
0.496000
0.618208
0.472124
0.601946
0.420345
0.510213
0.574933
0.482898
0.544640
0.589612
0.512733
0.580333
0.455639
0.456650
0.456269
0.479399
0.488876
0.494471
0.440989
0.478520
0.490003
0.480004
0.492221
0.489376
0.482949
0.504359
0.470105
0.429125
0.408115
0.502429
0.500657
0.383711
0.490350
0.554240
0.549782
0.532574
0.457981
0.505741
0.437364
0.487430
0.472251
0.433188
0.459718
0.487555
0.463397
0.475676
0.447240
0.466434
0.474028
0.418588
0.480469
0.416499
0.446375
0.546480
0.474130
0.435197
0.546764
0.498902
0.550033
0.465981
0.446948
0.440684
0.380173
0.426973
0.509493
0.424173
0.414073
0.571966
0.618464
0.593551
0.606977
0.638157
0.611960
0.631569
0.594171
0.635014
0.678234
0.664240
0.589987
0.660894
0.631693
0.670066
0.705706
0.660319
0.628912
0.642292
0.658801
0.655891
0.685736
0.727283
0.668325
0.693008
0.659910
0.676620
0.613239
0.660526
0.682908
0.656684
0.665797
0.717860
0.671046
0.704332
0.628283
0.620438
0.609331
0.609807
0.631810
0.623528
0.594136
0.636297
0.592743
0.593812
0.608548
0.602736
0.592587
0.636309
0.611919
0.623488
0.650818
0.627686
0.658096
0.640245
0.598158
0.637770
0.592769
0.625651
0.654374
0.653969
0.561903
0.629639
0.641688
0.636959
0.658434
0.673919
0.580284
0.669411
0.667182
0.739559
0.506940
0.631886
0.604124
0.685489
0.671837
0.674765
0.661296
0.754864
0.701146
0.649840
0.648440
0.662199
0.723950
0.624830
0.673530
0.718441
0.695202
0.692152
0.673736
0.617857
0.651566
0.736494
0.657670
0.695905
0.606557
0.761742
0.648467
0.650467
0.572162
0.620200
0.667034
0.594645
0.668366
0.457896
0.571248
0.518831
0.607779
0.560960
0.627435
0.643765
0.575449
0.645104
0.648285
0.653849
0.697464
0.620073
0.699111
0.597152
0.595315
0.603057
0.603367
0.602290
0.603465
0.588283
0.642308
0.590386
0.585611
0.601417
0.595913
0.602749
0.653151
0.602133
0.615475
0.663380
0.619222
0.665543
0.625260
0.637553
0.704729
0.646379
0.697702
0.732473
0.733088
0.667245
0.692844
0.739572
0.683771
0.730185
0.669160
0.761485
0.639589
0.716138
0.641883
0.542050
0.576329
0.526319
0.447883
0.457837
0.465301
0.518052
0.563021
0.377820
0.554126
0.593949
0.588194
0.637653
0.710340
0.674607
0.692481
0.640522
0.669442
0.668886
0.680470
0.695185
0.742255
0.682769
0.708034
0.732477
0.687604
0.493656
0.554015
0.528889
0.572372
0.614123
0.588524
0.563470
0.594663
0.604762
0.584137
0.606394
0.599607
0.598635
0.614768
0.600910
0.562346
0.508372
0.560195
0.521818
0.452270
0.479300
0.540841
0.539121
0.573746
0.547275
0.606664
0.567529
0.552970
0.604884
0.563655
0.559649
0.609434
0.566913
0.579280
0.565895
0.587953
0.578160
0.470965
0.476211
0.568470
0.492055
0.557909
0.533876
0.577070
0.583044
0.509834
0.608831
0.586680
0.602398
0.656863
0.575924
0.594473
0.613084
0.566324
0.630756
0.597675
0.597007
0.609200
0.624686
0.671941
0.600203
0.600141
0.641065
0.621980
0.587234
0.635205
0.613810
0.608916
0.637042
0.616026
0.631209
0.606265
0.656420
0.650132
0.623194
0.630289
0.646414
0.633210
0.634133
0.687423
0.633625
0.621948
0.629863
0.622952
0.565052
0.609961
0.604682
0.622323
0.604546
0.619950
0.598111
0.631281
0.572580
0.602526
0.571960
0.599808
0.584636
0.567224
0.559145
0.560521
0.577809
0.576608
0.567889
0.560064
0.550183
0.545498
0.551309
0.569361
0.386041
0.422900
0.436066
0.407709
0.418019
0.442245
0.479071
0.449493
0.466827
0.414055
0.395863
0.403144
0.420493
0.433965
0.462721
0.452516
0.493159
0.475290
0.447485
0.501918
0.494872
0.505843
0.581791
0.474116
0.501770
0.548140
0.520612
0.596315
0.594675
0.512639
0.588958
0.587956
0.666300
0.616666
0.580618
0.612117
0.575481
0.579036
0.601818
0.584514
0.611241
0.604658
0.581162
0.551287
0.526546
0.391144
0.377768
0.371060
0.405897
0.375227
0.385922
0.393348
0.439567
0.402026
0.376568
0.445570
0.440374
0.382633
0.470630
0.405791
0.510285
0.548664
0.452870
0.480776
0.538191
0.443189
0.515481
0.602509
0.470075
0.437613
0.572455
0.635261
0.592927
0.638376
0.629717
0.637621
0.607223
0.681661
0.639892
0.659872
0.664606
0.670547
0.577057
0.607114
0.633248
0.625858
0.594900
0.634070
0.556441
0.607139
0.612305
0.584566
0.610569
0.600760
0.570510
0.574777
0.602320
0.596309
0.590463
0.493032
0.552369
0.492276
0.542074
0.510043
0.534075
0.439290
0.413970
0.461294
0.422477
0.384702
0.399730
0.402948
0.421163
0.424205
0.420799
0.457770
0.477606
0.588612
0.608032
0.582746
0.616426
0.599883
0.566812
0.574750
0.585686
0.564206
0.601680
0.571824
0.550824
0.538122
0.518659
0.555267
0.532993
0.548552
0.629486
0.564826
0.527227
0.554785
0.521573
0.552613
0.528787
0.522055
0.518581
0.517607
0.519811
0.479279
0.474848
0.527994
0.519239
0.495612
0.540981
0.523164
0.559273
0.556334
0.546352
0.532099
0.537829
0.548647
0.529205
0.544107
0.560755
0.533783
0.557667
0.598052
0.567598
0.544033
0.552418
0.540667
0.589775
0.585739
0.560484
0.566823
0.608107
0.568061
0.599678
0.608474
0.571009
0.609007
0.535692
0.531615
0.511928
0.586058
0.579527
0.507396
0.510543
0.550752
0.537610
0.556420
0.551071
0.552691
0.574084
0.558307
0.541934
0.559195
0.600881
0.613357
0.592523
0.579444
0.605019
0.587911
0.609880
0.568209
0.577218
0.598109
0.585405
0.560762
0.587966
0.559503
0.572013
0.581407
0.583498
0.563721
0.558973
0.530641
0.582371
0.564580
0.525854
0.540683
0.558117
0.544061
0.534813
0.544230
0.535436
0.546272
0.540339
0.547080
0.535893
0.515218
0.509332
0.523518
0.512543
0.524793
0.584122
0.553796
0.524019
0.576276
0.585089
0.602681
0.554347
0.553627
0.554863
0.567096
0.548335
0.539730
0.562064
0.542870
0.558991
0.552266
0.548514
0.530733
0.524612
0.537027
0.525306
0.570140
0.537946
0.462622
0.520880
0.540741
0.488472
0.502769
0.485824
0.495638
0.474078
0.473227
0.510955
0.480218
0.503623
0.440787
0.552069
0.472639
0.568210
0.632132
0.577052
0.546040
0.611848
0.552759
0.576290
0.568213
0.585711
0.533923
0.583954
0.533286
0.582100
0.645139
0.584605
0.531957
0.639842
0.613549
0.631912
0.602837
0.548735
0.587545
0.534261
0.567037
0.436728
0.470303
0.553222
0.523245
0.508228
0.590437
0.541003
0.630285
0.348747
0.388118
0.358764
0.386336
0.418384
0.416624
0.361583
0.410697
0.429984
0.383309
0.448737
0.410037
0.497890
0.537757
0.431443
0.475450
0.545214
0.450347
0.556660
0.448688
0.559190
0.634043
0.599733
0.655286
0.643705
0.652943
0.560268
0.688265
0.679368
0.680268
0.685485
0.660431
0.401923
0.355713
0.391362
0.401799
0.405282
0.434294
0.438511
0.439520
0.398238
0.458243
0.340749
0.451957
0.536743
0.481822
0.557545
0.572913
0.530681
0.526436
0.526646
0.508152
0.561437
0.513211
0.448553
0.441042
0.475836
0.473233
0.449231
0.481153
0.497381
0.515797
0.518742
0.584010
0.536856
0.553075
0.495337
0.539489
0.479098
0.636321
0.645080
0.633196
0.652711
0.631111
0.657296
0.622705
0.648810
0.630088
0.616177
0.650444
0.633506
0.619822
0.635017
0.608560
0.639478
0.647385
0.663078
0.634260
0.641718
0.668809
0.538042
0.645615
0.521164
0.613795
0.509989
0.604171
0.456936
0.432890
0.446310
0.419951
0.392045
0.420105
0.374263
0.388232
0.360780
0.354273
0.403557
0.431216
0.417716
0.442945
0.440561
0.457547
0.420839
0.446140
0.460734
0.481612
0.468380
0.397801
0.441843
0.344965
0.403368
0.315477
0.376887
0.388974
0.366203
0.322764
0.299462
0.346692
0.340124
0.256125
0.267570
0.207002
0.196293
0.245685
0.273768
0.168214
0.216615
0.154038
0.204030
0.300287
0.287841
0.250655
0.277901
0.166863
0.195512
0.121837
0.150250
0.242755
0.243979
0.170036
0.167076
0.275182
0.237142
0.187181
0.161773
0.107532
0.135782
0.111251
0.115191
0.237766
0.286064
0.275731
0.302407
0.264430
0.239903
0.287957
0.328822
0.294297
0.179265
0.201958
0.267173
0.392786
0.313142
0.411419
0.314309
0.395402
0.481708
0.354276
0.324866
0.444501
0.491370
0.459906
0.501938
0.522291
0.521380
0.531202
0.528440
0.481045
0.478402
0.524518
0.543331
0.453305
0.490243
0.408617
0.454390
0.512965
0.466963
0.516302
0.450434
0.407796
0.389345
0.508786
0.429934
0.375436
0.344577
0.356255
0.346804
0.349602
0.370591
0.363180
0.362437
0.342772
0.354825
0.335527
0.302791
0.334636
0.287233
0.327049
0.324902
0.290714
0.340971
0.349591
0.649535
0.591633
0.646287
0.600524
0.563740
0.569957
0.564976
0.570238
0.599861
0.608675
0.628423
0.641762
0.530936
0.536816
0.580314
0.581974
0.552466
0.554581
0.603356
0.598968
0.622645
0.604112
0.641707
0.589599
0.637746
0.622406
0.627065
0.615335
0.555816
0.603664
0.539562
0.598357
0.577822
0.495067
0.622358
0.644026
0.467690
0.479243
0.470422
0.483692
0.492687
0.484622
0.477657
0.485797
0.538277
0.478806
0.525793
0.532649
0.582237
0.474810
0.574995
0.627091
0.567813
0.581917
0.588068
0.579247
0.616213
0.581432
0.619063
0.584322
0.577940
0.607203
0.579599
0.631779
0.580137
0.652723
0.671660
0.605035
0.594525
0.691252
0.668453
0.722073
0.621146
0.603535
0.631355
0.703505
0.635601
0.630532
0.651467
0.658278
0.707583
0.673367
0.641374
0.652980
0.606546
0.585971
0.568477
0.559289
0.569193
0.549224
0.576318
0.543897
0.523582
0.529843
0.485955
0.532154
0.588621
0.515347
0.531082
0.504002
0.465510
0.451113
0.470346
0.506002
0.494312
0.434910
0.451539
0.444909
0.447246
0.468537
0.480362
0.441073
0.454407
0.480592
0.486198
0.491250
0.491131
0.488508
0.510594
0.480210
0.491836
0.521099
0.503235
0.515229
0.545610
0.529663
0.551840
0.530269
0.523908
0.527302
0.512328
0.523457
0.121161
0.125927
0.193863
0.195235
0.122779
0.205128
0.291421
0.482557
0.391849
0.286533
0.398836
0.281042
0.347277
0.238385
0.272620
0.392571
0.176649
0.179766
0.099356
0.115077
0.375746
0.252129
0.363347
0.250907
0.188905
0.167697
0.357593
0.446001
0.249769
0.244323
0.151010
0.148983
0.076402
0.086056
0.084283
0.094794
0.582292
0.588553
0.630331
0.626330
0.565248
0.609103
0.622412
0.627085
0.612431
0.562897
0.609104
0.624515
0.569104
0.603291
0.580233
0.607775
0.590294
0.665645
0.613856
0.608416
0.492728
0.468581
0.501782
0.497328
0.414738
0.426080
0.483243
0.463963
0.497227
0.542540
0.495426
0.505650
0.559688
0.516873
0.574849
0.540790
0.548497
0.577458
0.555497
0.569037
0.592097
0.597282
0.556711
0.566511
0.587401
0.628339
0.605633
0.634455
0.610010
0.625063
0.605706
0.644145
0.648908
0.632787
0.643501
0.659705
0.646631
0.650591
0.643454
0.626256
0.632386
0.631986
0.615641
0.569414
0.594287
0.632864
0.620239
0.604058
0.635215
0.667933
0.622545
0.694212
0.614848
0.637889
0.695303
0.773562
0.762917
0.743024
0.741095
0.670348
0.500039
0.622189
0.706643
0.641658
0.590084
0.675112
0.644460
0.587045
0.679847
0.697763
0.691506
0.708660
0.706283
0.757120
0.710601
0.724838
0.727978
0.663382
0.676402
0.621944
0.576513
0.588204
0.637213
0.118340
0.275498
0.413147
0.424276
0.317752
0.431424
0.499155
0.489596
0.509450
0.330568
0.439272
0.449787
0.531240
0.527751
0.608582
0.600001
0.574953
0.601783
0.566670
0.554560
0.535427
0.497286
0.536947
0.628492
0.612018
0.629572
0.615355
0.588619
0.598840
0.631592
0.685497
0.611643
0.615100
0.600742
0.591166
0.588770
0.587005
0.589445
0.585373
0.265996
0.318084
0.211909
0.204555
0.305910
0.208760
0.143514
0.137029
0.123230
0.292176
0.194865
0.109427
0.053921
0.071856
0.071161
0.068387
0.077305
0.206679
0.093976
0.097518
0.124110
0.085746
0.174116
0.123339
0.078818
0.172541
0.347155
0.250623
0.347650
0.254121
0.246421
0.334780
0.172011
0.077909
0.117120
0.388752
0.381890
0.408521
0.403095
0.383270
0.417426
0.422810
0.435761
0.433127
0.378330
0.399258
0.423327
0.451751
0.445931
0.474978
0.442035
0.469985
0.555300
0.456931
0.445262
0.479207
0.457444
0.482945
0.455618
0.388420
0.401024
0.419621
0.414769
0.459510
0.459850
0.474357
0.483967
0.405537
0.423803
0.457514
0.471029
0.437178
0.487525
0.478433
0.490085
0.481860
0.491835
0.478621
0.485769
0.461799
0.440328
0.453805
0.436198
0.381520
0.404526
0.384283
0.407814
0.416664
0.397815
0.431779
0.455456
0.463797
0.460740
0.405174
0.424967
0.451310
0.426155
0.373753
0.394260
0.382564
0.460584
0.423077
0.385040
0.328121
0.360266
0.342608
0.358876
0.342954
0.370340
0.368362
0.348966
0.377172
0.375510
0.400562
0.393075
0.384662
0.400367
0.481695
0.439974
0.481474
0.443874
0.452963
0.500374
0.420587
0.382294
0.392868
0.534420
0.563837
0.541681
0.559150
0.565830
0.531730
0.522991
0.537309
0.514813
0.556743
0.537488
0.523815
0.499171
0.489470
0.514467
0.498308
0.523451
0.553527
0.526693
0.574113
0.584363
0.580803
0.598207
0.592113
0.598667
0.592320
0.574551
0.531303
0.573050
0.564456
0.560491
0.571808
0.565071
0.585921
0.586406
0.566451
0.572327
0.577629
0.580371
0.579182
0.576198
0.564735
0.569799
0.575301
0.570825
0.578894
0.578810
0.589737
0.604883
0.603640
0.615954
0.621985
0.591215
0.586005
0.565384
0.574991
0.657595
0.681494
0.649254
0.687257
0.649666
0.637344
0.634215
0.689634
0.623618
0.640680
0.628415
0.615337
0.593037
0.607777
0.601171
0.612585
0.605531
0.672617
0.652975
0.615351
0.569693
0.558990
0.580460
0.560586
0.546341
0.561966
0.563180
0.560044
0.572848
0.564228
0.599253
0.591811
0.575206
0.605649
0.582921
0.616349
0.608913
0.607806
0.641387
0.613421
0.625862
0.632279
0.636209
0.613876
0.670830
0.694684
0.650942
0.680203
0.707198
0.706852
0.707783
0.686833
0.699183
0.682744
0.679890
0.674335
0.597248
0.624634
0.633848
0.679409
0.612361
0.626680
0.661970
0.679805
0.660778
0.646501
0.620641
0.656385
0.652289
0.642053
0.688325
0.704278
0.710128
0.733685
0.704965
0.661066
0.658056
0.661276
0.679197
0.677750
0.649602
0.662109
0.689899
0.704535
0.694362
0.712797
0.702033
0.720415
0.676842
0.699702
0.702875
0.703303
0.704698
0.713022
0.718795
0.706793
0.714473
0.712582
0.733374
0.696009
0.707494
0.698743
0.718095
0.696433
0.648285
0.677988
0.636608
0.675801
0.671642
0.626582
0.715976
0.717350
0.513332
0.480129
0.549042
0.521792
0.481652
0.541987
0.605701
0.579003
0.576213
0.589867
0.533359
0.560959
0.497050
0.446379
0.481800
0.523044
0.569473
0.587659
0.530257
0.538099
0.588585
0.549538
0.465873
0.508302
0.456332
0.499360
0.437711
0.488741
0.528259
0.611391
0.499333
0.528845
0.616825
0.543058
0.519389
0.536677
0.521352
0.585969
0.537845
0.516754
0.525037
0.512498
0.528736
0.505633
0.533662
0.603531
0.553097
0.507637
0.547813
0.511585
0.555965
0.505006
0.466108
0.492450
0.448389
0.482700
0.426997
0.435357
0.472553
0.446306
0.469229
0.498002
0.496296
0.539105
0.382676
0.397601
0.394832
0.408015
0.410161
0.424125
0.404716
0.406760
0.432890
0.522190
0.475346
0.522030
0.467600
0.528968
0.450530
0.558300
0.591583
0.599646
0.578097
0.536084
0.587066
0.529057
0.536868
0.588911
0.655268
0.645990
0.696489
0.660075
0.706757
0.657119
0.565203
0.725979
0.723185
0.737246
0.563043
0.620531
0.568497
0.571061
0.520874
0.656740
0.640547
0.544644
0.676490
0.660487
0.590041
0.069815
0.127294
0.070713
0.116555
0.215091
0.183265
0.081864
0.124165
0.069830
0.099556
0.062048
0.073785
0.269016
0.110178
0.332206
0.184411
0.078165
0.094005
0.363597
0.219743
0.129412
0.083940
0.079253
0.061770
0.695884
0.715274
0.685086
0.714539
0.730278
0.697840
0.645974
0.639945
0.709331
0.640376
0.740450
0.710193
0.756927
0.697300
0.728110
0.765984
0.779752
0.750866
0.736782
0.739014
0.763191
0.737640
0.766311
0.761030
0.743940
0.675345
0.739941
0.756960
0.738924
0.757050
0.781736
0.750437
0.728201
0.744884
0.784678
0.769030
0.768932
0.769291
0.774642
0.785864
0.773248
0.747506
0.760732
0.734614
0.729705
0.730182
0.758147
0.720766
0.515165
0.496177
0.494429
0.483153
0.468372
0.466705
0.452880
0.426976
0.431175
0.447242
0.455192
0.449334
0.503722
0.508847
0.485856
0.503053
0.525773
0.515705
0.497957
0.477441
0.467174
0.606754
0.591691
0.592379
0.605017
0.596682
0.601963
0.592101
0.605838
0.595539
0.598298
0.541175
0.569209
0.614176
0.593865
0.585130
0.594727
0.586444
0.668690
0.592496
0.614928
0.542460
0.525504
0.555053
0.516260
0.530971
0.533183
0.559080
0.519508
0.526349
0.601213
0.546503
0.597835
0.548508
0.596865
0.554766
0.636971
0.650687
0.628806
0.644303
0.655548
0.654804
0.610436
0.641783
0.603165
0.643831
0.597332
0.627202
0.598861
0.604422
0.585977
0.592515
0.599998
0.590726
0.579372
0.584253
0.575705
0.612936
0.621801
0.623350
0.612989
0.560297
0.573604
0.622510
0.596876
0.564790
0.469946
0.365254
0.500672
0.356697
0.490836
0.298076
0.480603
0.480463
0.341898
0.539214
0.551910
0.571737
0.644656
0.580753
0.594805
0.356457
0.421274
0.358720
0.435081
0.493730
0.498606
0.350466
0.431609
0.492697
0.561084
0.529318
0.553766
0.520768
0.568403
0.518000
0.568059
0.567595
0.580953
0.569851
0.572983
0.574731
0.566226
0.577201
0.561034
0.580449
0.562192
0.591021
0.569600
0.567882
0.551513
0.567651
0.605576
0.587420
0.619525
0.588456
0.602172
0.625183
0.579372
0.559525
0.155712
0.098641
0.196868
0.149908
0.094767
0.198083
0.273009
0.275827
0.214099
0.278646
0.150264
0.190860
0.100627
0.221797
0.095653
0.136438
0.208263
0.222715
0.134011
0.141822
0.236810
0.150747
0.090133
0.097980
0.092227
0.093300
0.089460
0.085610
0.118075
0.144085
0.117799
0.152934
0.290716
0.215259
0.299259
0.222257
0.239834
0.179093
0.226700
0.306537
0.114750
0.155986
0.094401
0.116313
0.286627
0.177971
0.286959
0.179099
0.114703
0.122447
0.293750
0.185243
0.127178
0.085239
0.079672
0.086416
0.437312
0.472658
0.391384
0.425192
0.460324
0.386534
0.330107
0.359053
0.325506
0.351452
0.333850
0.368286
0.358929
0.368367
0.395584
0.394107
0.416490
0.522260
0.445028
0.430290
0.320680
0.353799
0.311872
0.348753
0.386463
0.383766
0.308545
0.344387
0.386459
0.440516
0.419093
0.449838
0.419256
0.442137
0.416559
0.466974
0.449971
0.458422
0.437298
0.390791
0.391112
0.398977
0.388029
0.437029
0.436384
0.450879
0.452635
0.378824
0.372907
0.435992
0.431772
0.369624
0.448705
0.477135
0.475478
0.457862
0.307444
0.297726
0.319461
0.283862
0.276854
0.304688
0.366785
0.343241
0.353861
0.332201
0.331816
0.308666
0.315902
0.346461
0.273904
0.278940
0.260350
0.266801
0.266328
0.273190
0.347307
0.312003
0.337871
0.303011
0.291818
0.272621
0.335395
0.294600
0.269834
0.248811
0.252709
0.262491
0.270049
0.269001
0.273169
0.395206
0.408011
0.385916
0.405386
0.428459
0.424998
0.424288
0.415023
0.365896
0.409033
0.406827
0.419793
0.403744
0.399837
0.376397
0.369003
0.412550
0.421605
0.392868
0.415120
0.403269
0.398846
0.394124
0.404165
0.395988
0.369650
0.379061
0.388404
0.330692
0.304920
0.344738
0.340357
0.313544
0.358436
0.364379
0.371491
0.414373
0.390866
0.406711
0.389785
0.379131
0.349920
0.323347
0.350706
0.428555
0.416825
0.404541
0.424380
0.434511
0.424913
0.408037
0.414506
0.398766
0.410503
0.388693
0.400042
0.447403
0.437460
0.472616
0.413953
0.394253
0.433829
0.475538
0.478517
0.459157
0.445913
0.336164
0.375791
0.396115
0.436308
0.378172
0.377778
0.372803
0.461023
0.375308
0.372596
0.337121
0.359021
0.301704
0.332553
0.382715
0.358099
0.224404
0.292193
0.330349
0.306596
0.347115
0.326300
0.365124
0.340227
0.380784
0.251329
0.258648
0.264169
0.269170
0.272769
0.289198
0.351780
0.304531
0.342512
0.288465
0.345128
0.294677
0.390373
0.392912
0.391670
0.389986
0.399121
0.405253
0.417381
0.401406
0.387276
0.531702
0.522295
0.543856
0.546977
0.521694
0.551187
0.508022
0.563074
0.495857
0.565258
0.476013
0.502348
0.566621
0.509784
0.493660
0.561809
0.465428
0.432745
0.525931
0.562799
0.509680
0.440752
0.519875
0.451005
0.414277
0.421743
0.533234
0.458389
0.432611
0.385450
0.407487
0.367979
0.404402
0.367115
0.388836
0.571800
0.592926
0.584554
0.595888
0.590261
0.585318
0.604167
0.618909
0.584194
0.592845
0.573220
0.583580
0.546924
0.612284
0.566529
0.570717
0.575995
0.542020
0.566467
0.547119
0.506377
0.504289
0.434234
0.506254
0.473122
0.536705
0.512476
0.571704
0.344544
0.305487
0.415898
0.381560
0.212857
0.267155
0.336003
0.332028
0.407938
0.473862
0.396327
0.394969
0.508420
0.421270
0.540254
0.469691
0.496308
0.551362
0.504923
0.581550
0.582148
0.598134
0.518414
0.582925
0.605527
0.604587
0.604821
0.604192
0.448294
0.508007
0.445822
0.448342
0.498028
0.435886
0.437995
0.434991
0.435550
0.419495
0.444526
0.428891
0.455133
0.545793
0.473750
0.428323
0.449039
0.384400
0.454858
0.390521
0.319102
0.340218
0.403456
0.370532
0.425610
0.419524
0.443707
0.456612
0.437664
0.439239
0.427844
0.446837
0.462327
0.473932
0.519364
0.477222
0.500820
0.461022
0.480994
0.440422
0.556796
0.575590
0.550543
0.562858
0.577486
0.569925
0.566276
0.554583
0.539559
0.517467
0.554296
0.505219
0.611115
0.647969
0.596091
0.484193
0.569650
0.655136
0.624625
0.699490
0.653659
0.742715
0.732309
0.684835
0.671077
0.656925
0.699511
0.665887
0.641771
0.646395
0.662913
0.653327
0.678113
0.676018
0.742357
0.711873
0.626017
0.572069
0.651515
0.595880
0.474278
0.494256
0.511125
0.623662
0.690460
0.070900
0.067649
0.051728
0.053727
0.066457
0.038797
0.049824
0.039981
0.044332
0.041209
0.081100
0.057184
0.132454
0.134490
0.111011
0.105684
0.126145
0.097984
0.105057
0.096099
0.083130
0.076146
0.082659
0.105555
0.147790
0.130292
0.146151
0.149713
0.165174
0.151450
0.124090
0.138025
0.145175
0.154524
0.190667
0.170263
0.203066
0.195910
0.167994
0.153506
0.191929
0.152597
0.156856
0.129683
0.127614
0.121565
0.150193
0.185161
0.254154
0.241703
0.240531
0.217100
0.234600
0.210880
0.225396
0.200128
0.195786
0.190133
0.177934
0.207105
0.204426
0.249090
0.233890
0.197012
0.192216
0.215984
0.207828
0.186057
0.200385
0.231846
0.236881
0.239740
0.278011
0.269593
0.263801
0.282926
0.280354
0.267550
0.263068
0.275212
0.286093
0.284458
0.302415
0.295226
0.310356
0.299264
0.279471
0.283322
0.288357
0.274571
0.298178
0.268853
0.256212
0.248424
0.274567
0.318549
0.306023
0.318129
0.294335
0.310937
0.322224
0.308653
0.298373
0.315012
0.327452
0.324947
0.340027
0.327922
0.353197
0.351792
0.345987
0.354719
0.349196
0.337638
0.335504
0.340590
0.343701
0.321755
0.339990
0.343222
0.348454
0.379566
0.345194
0.356696
0.368327
0.358791
0.337342
0.344224
0.363437
0.363157
0.391130
0.354273
0.371128
0.361102
0.366510
0.363952
0.358498
0.372861
0.382936
0.373282
0.381321
0.389434
0.446726
0.398622
0.439236
0.443630
0.443427
0.403119
0.455532
0.451571
0.426240
0.442404
0.405984
0.440562
0.396193
0.424891
0.400895
0.422400
0.382683
0.398256
0.431791
0.414608
0.412600
0.399592
0.375838
0.453953
0.517754
0.424763
0.529710
0.516765
0.520084
0.420843
0.503993
0.530127
0.419648
0.506480
0.404592
0.503021
0.411253
0.497806
0.357934
0.358108
0.325391
0.335047
0.368262
0.327788
0.343501
0.333465
0.334080
0.353002
0.420771
0.348277
0.338254
0.414767
0.341922
0.352480
0.347599
0.357041
0.361077
0.447578
0.365054
0.433540
0.512129
0.416117
0.523887
0.517876
0.511310
0.434028
0.529619
0.512863
0.508572
0.493620
0.522371
0.558793
0.557428
0.581848
0.572863
0.547076
0.575094
0.479290
0.546893
0.468697
0.559782
0.477950
0.545835
0.396559
0.371035
0.388913
0.356022
0.342705
0.344561
0.366159
0.359293
0.383558
0.631518
0.603720
0.623232
0.601666
0.588559
0.595067
0.562436
0.605641
0.544861
0.578263
0.567394
0.532485
0.582656
0.563975
0.587301
0.611027
0.576585
0.637419
0.597183
0.568271
0.587067
0.651104
0.606519
0.601763
0.585812
0.574753
0.567742
0.675394
0.664198
0.687803
0.655604
0.647556
0.659758
0.687569
0.648292
0.626637
0.636550
0.629420
0.643578
0.623273
0.654341
0.640456
0.666803
0.646973
0.672464
0.661442
0.696048
0.680384
0.689564
0.674234
0.641292
0.602992
0.610118
0.622124
0.581691
0.596589
0.593924
0.624261
0.606271
0.579153
0.565979
0.572435
0.562756
0.521517
0.559913
0.534877
0.576385
0.577782
0.600665
0.559769
0.605105
0.624831
0.638762
0.620194
0.594174
0.411305
0.417311
0.467593
0.450851
0.457228
0.464530
0.508830
0.483776
0.479881
0.463382
0.468834
0.459579
0.495183
0.499597
0.486451
0.479558
0.508652
0.480924
0.436818
0.464537
0.480460
0.436509
0.394724
0.422226
0.432508
0.393325
0.425262
0.419510
0.426860
0.402967
0.429639
0.425186
0.397757
0.412528
0.396269
0.425571
0.473999
0.395933
0.471586
0.411972
0.367969
0.389468
0.480666
0.427258
0.397374
0.381963
0.359530
0.353433
0.636005
0.592735
0.616726
0.602765
0.593985
0.589805
0.559888
0.555702
0.559872
0.586385
0.593469
0.602258
0.550883
0.578794
0.559808
0.585240
0.580453
0.585756
0.570761
0.596544
0.610328
0.598778
0.577666
0.575439
0.451788
0.485195
0.478930
0.448082
0.477333
0.480137
0.519063
0.518119
0.513543
0.471183
0.480248
0.455095
0.438713
0.512001
0.486033
0.530183
0.514870
0.537579
0.493074
0.537913
0.539226
0.528695
0.535324
0.526620
0.378613
0.424342
0.373060
0.353634
0.410292
0.358692
0.375590
0.374394
0.382968
0.353249
0.404714
0.365097
0.393781
0.407608
0.407490
0.435622
0.418170
0.442162
0.478020
0.439999
0.417231
0.599010
0.577454
0.605723
0.593725
0.558659
0.588227
0.599894
0.609113
0.591284
0.591331
0.546080
0.521152
0.557075
0.586089
0.529156
0.551883
0.506474
0.498794
0.527397
0.544672
0.479268
0.528433
0.439221
0.566081
0.580851
0.553893
0.571821
0.568013
0.596921
0.503306
0.495050
0.601379
0.581187
0.434654
0.540449
0.499100
0.392648
0.437313
0.465171
0.449997
0.395614
0.502685
0.419703
0.574833
0.477270
0.418512
0.520764
0.609534
0.598935
0.552286
0.454737
0.413468
0.449843
0.566318
0.565145
0.573907
0.573281
0.503658
0.546738
0.600226
0.567171
0.445127
0.491992
0.431042
0.445649
0.449641
0.443285
0.510580
0.594775
0.554149
0.477021
0.587108
0.590594
0.520230
0.569545
0.607374
0.616357
0.610209
0.588345
0.596647
0.495300
0.447033
0.610293
0.605516
0.586006
0.596796
0.594111
0.558380
0.580620
0.565101
0.530174
0.545448
0.518565
0.532382
0.522480
0.523827
0.559372
0.546449
0.580290
0.535109
0.583971
0.574251
0.553508
0.589289
0.603896
0.606318
0.608658
0.594950
0.538783
0.573319
0.518592
0.504652
0.623180
0.620565
0.429361
0.477567
0.592156
0.613633
0.704255
0.690531
0.682956
0.677301
0.426804
0.498382
0.567879
0.568880
0.520405
0.525166
0.550310
0.567331
0.601528
0.565282
0.629436
0.653196
0.793439
0.759531
0.764656
0.768273
0.725713
0.738122
0.757445
0.755724
0.741578
0.698988
0.711729
0.717323
0.691559
0.714386
0.723417
0.738211
0.760814
0.800138
0.766868
0.758318
0.573207
0.528209
0.675929
0.562981
0.533477
0.600357
0.722994
0.630318
0.538531
0.567934
0.527607
0.556366
0.515602
0.502588
0.519349
0.537827
0.536843
0.538035
0.497548
0.497296
0.541066
0.536413
0.496087
0.499175
0.458372
0.455990
0.472224
0.471795
0.454978
0.470294
0.455081
0.471677
0.541769
0.539471
0.500027
0.509970
0.530577
0.522000
0.489278
0.502522
0.476799
0.492887
0.462614
0.481285
0.513336
0.497760
0.524792
0.504439
0.487331
0.511569
0.523622
0.505458
0.491881
0.495660
0.482366
0.492738
0.478676
0.470907
0.477859
0.488323
0.443788
0.450651
0.432757
0.434378
0.449053
0.449067
0.430022
0.432092
0.426974
0.438559
0.431300
0.434327
0.429979
0.422118
0.420097
0.420146
0.454298
0.465616
0.440881
0.454427
0.480442
0.471666
0.456168
0.463423
0.449259
0.447280
0.432192
0.438033
0.469908
0.453673
0.477688
0.452343
0.443758
0.457488
0.480712
0.463573
0.439141
0.455722
0.439231
0.446704
0.427759
0.419377
0.432671
0.444804
0.418951
0.422019
0.417379
0.408149
0.429118
0.429614
0.413583
0.410211
0.405274
0.399336
0.415039
0.416369
0.391875
0.414328
0.392832
0.416858
0.427730
0.434591
0.427673
0.436779
0.438013
0.436440
0.412371
0.425536
0.402970
0.421840
0.416195
0.422519
0.419704
0.410273
0.428337
0.424145
0.415777
0.427698
0.427528
0.430032
0.403508
0.413192
0.412312
0.417347
0.432619
0.421696
0.412168
0.416886
0.382604
0.381235
0.368550
0.379242
0.386321
0.382893
0.391540
0.386695
0.403010
0.396886
0.396814
0.409341
0.377009
0.381612
0.368953
0.370007
0.381650
0.392074
0.398153
0.405367
0.400341
0.403380
0.424904
0.396448
0.415797
0.404628
0.411216
0.398067
0.416103
0.412560
0.421209
0.411123
0.411154
0.399293
0.427202
0.398139
0.407010
0.414535
0.410409
0.416284
0.408372
0.404105
0.397810
0.402263
0.364893
0.369113
0.367734
0.371934
0.383147
0.380410
0.380129
0.378505
0.395103
0.395604
0.402106
0.406987
0.392680
0.389873
0.400090
0.377264
0.385794
0.399899
0.374332
0.378771
0.403428
0.381242
0.398983
0.386672
0.382546
0.390830
0.389553
0.401612
0.409441
0.408530
0.415863
0.448775
0.438072
0.442401
0.415101
0.439014
0.523141
0.486355
0.518307
0.499606
0.540445
0.522372
0.483328
0.496084
0.407071
0.405570
0.423036
0.427076
0.406341
0.404114
0.431724
0.433912
0.520324
0.530883
0.473929
0.477441
0.510698
0.456121
0.495599
0.452620
0.408843
0.403016
0.435768
0.437218
0.405028
0.437386
0.524072
0.496657
0.520585
0.493712
0.519092
0.477105
0.580320
0.589610
0.559266
0.644820
0.658928
0.619890
0.549810
0.601317
0.656967
0.682936
0.741721
0.716198
0.538620
0.550534
0.595623
0.612109
0.574805
0.565305
0.647617
0.644904
0.722688
0.729973
0.675804
0.643453
0.572764
0.580652
0.640462
0.643319
0.583094
0.658431
0.738472
0.716416
0.715671
0.721754
0.717348
0.767401
0.738690
0.665073
0.745204
0.679893
0.695743
0.670412
0.707556
0.699597
0.659237
0.728647
0.672140
0.705436
0.705935
0.736396
0.726914
0.730821
0.756896
0.746857
0.714268
0.717785
0.773161
0.756351
0.789594
0.760589
0.767601
0.782108
0.760127
0.731929
0.786309
0.741250
0.745606
0.761672
0.741084
0.744846
0.747597
0.713393
0.649902
0.660704
0.703827
0.679548
0.652474
0.650538
0.672550
0.663462
0.618740
0.658841
0.642349
0.640516
0.546399
0.605840
0.641349
0.644780
0.618317
0.647574
0.629901
0.670929
0.631039
0.586293
0.684365
0.660808
0.598386
0.628654
0.700788
0.719996
0.738101
0.686072
0.724064
0.670702
0.611951
0.700518
0.627417
0.596194
0.625717
0.610103
0.606052
0.610602
0.628499
0.509282
0.702271
0.732043
0.673432
0.729732
0.659651
0.647984
0.489908
0.698195
0.475841
0.478999
0.503509
0.717097
0.699338
0.533532
0.426824
0.722839
0.792172
0.716355
0.637146
0.641100
0.541365
0.611013
0.592232
0.540620
0.604885
0.549251
0.553632
0.510943
0.413811
0.580015
0.632718
0.595040
0.588986
0.690011
0.644868
0.589584
0.521698
0.778578
0.839954
0.768047
0.720272
0.725422
0.671485
0.617065
0.606880
0.713973
0.619891
0.563070
0.571356
0.504772
0.728902
0.692129
0.743111
0.713094
0.655597
0.674144
0.806908
0.781726
0.750100
0.739194
0.721978
0.630310
0.620317
0.683425
0.695921
0.595180
0.653331
0.519290
0.596452
0.700851
0.685921
0.695008
0.720439
0.721013
0.727579
0.615048
0.614351
0.652877
0.733664
0.703447
0.665436
0.724150
0.702405
0.751157
0.724297
0.746259
0.664526
0.674079
0.662179
0.643294
0.650854
0.613580
0.654795
0.653496
0.599669
0.661396
0.695741
0.709151
0.726313
0.699430
0.742285
0.730855
0.733016
0.740486
0.735457
0.708968
0.722536
0.739093
0.723442
0.705021
0.743873
0.697356
0.671766
0.713089
0.710562
0.706919
0.700834
0.712637
0.704746
0.692552
0.704575
0.687978
0.702601
0.681398
0.698505
0.714945
0.689741
0.720634
0.732017
0.586064
0.587872
0.598085
0.633405
0.674191
0.612646
0.631666
0.627974
0.619542
0.682102
0.580589
0.688661
0.695593
0.672843
0.632924
0.684599
0.703723
0.670293
0.658837
0.744600
0.742560
0.738356
0.688979
0.659953
0.646875
0.630878
0.712485
0.606846
0.606600
0.687189
0.676218
0.622836
0.685927
0.627900
0.681137
0.709753
0.706185
0.677841
0.645465
0.672129
0.692591
0.684061
0.700455
0.697519
0.693349
0.669346
0.700963
0.660567
0.694138
0.693410
0.645780
0.696603
0.666504
0.701240
0.658871
0.715371
0.657898
0.638914
0.667429
0.646406
0.663439
0.632951
0.687950
0.672654
0.719096
0.738824
0.754242
0.735873
0.594703
0.671599
0.683940
0.715806
0.676686
0.705049
0.754984
0.733042
0.699119
0.568635
0.606265
0.605975
0.594567
0.638768
0.671045
0.666598
0.559955
0.665279
0.567535
0.695190
0.624901
0.689223
0.660606
0.662471
0.692203
0.655229
0.669586
0.676091
0.657875
0.684859
0.693020
0.677046
0.719375
0.746488
0.699637
0.709420
0.740496
0.718097
0.693465
0.674298
0.722361
0.633183
0.595830
0.630619
0.631852
0.680245
0.640697
0.700755
0.703225
0.692661
0.658121
0.718940
0.630447
0.716898
0.664983
0.653878
0.650913
0.710454
0.678424
0.638483
0.636279
0.659320
0.581589
0.652447
0.642554
0.689384
0.674246
0.625353
0.607054
0.595256
0.609256
0.617368
0.629351
0.582603
0.603998
0.578246
0.611207
0.609639
0.571920
0.588586
0.671085
0.702262
0.625245
0.658790
0.631734
0.652186
0.614751
0.631447
0.610724
0.653664
0.647884
0.419563
0.413899
0.402069
0.443334
0.447631
0.351216
0.443532
0.408921
0.501444
0.387027
0.466090
0.409824
0.496584
0.442331
0.450978
0.435438
0.417875
0.485326
0.415879
0.489490
0.427517
0.415759
0.377868
0.505200
0.490818
0.405468
0.478594
0.469415
0.485626
0.497239
0.465747
0.469598
0.508919
0.491959
0.496433
0.514442
0.592539
0.469719
0.570775
0.573371
0.542837
0.481122
0.492416
0.497175
0.485768
0.510040
0.518503
0.540330
0.477753
0.498319
0.482504
0.501863
0.547725
0.636479
0.506326
0.487761
0.548549
0.585322
0.554473
0.504136
0.490444
0.588992
0.539478
0.495200
0.499210
0.500656
0.491454
0.592361
0.533589
0.494237
0.460683
0.556145
0.445922
0.448429
0.434798
0.411490
0.440206
0.419749
0.457374
0.477872
0.631659
0.569431
0.434490
0.788131
0.773259
0.808409
0.804321
0.843966
0.800648
0.805645
0.829850
0.768912
0.779097
0.811544
0.807439
0.793754
0.858678
0.841540
0.834764
0.838057
0.857582
0.797972
0.781850
0.822718
0.860016
0.818653
0.816897
0.797010
0.780839
0.805266
0.826188
0.835505
0.776198
0.769410
0.844301
0.801826
0.826037
0.844300
0.837768
0.785798
0.760184
0.760927
0.817873
0.815979
0.858749
0.722045
0.790587
0.770323
0.664455
0.791322
0.744394
0.725924
0.896628
0.781545
0.812571
0.857049
0.833364
0.831578
0.856208
0.678602
0.761193
0.793737
0.829212
0.708939
0.716468
0.727307
0.713398
0.740419
0.711199
0.723812
0.704264
0.683059
0.693211
0.684235
0.784763
0.733942
0.731263
0.671303
0.690947
0.667407
0.695164
0.685685
0.614807
0.648107
0.638960
0.670446
0.697708
0.652511
0.692560
0.867539
0.867845
0.886212
0.892154
0.869269
0.852645
0.847333
0.854285
0.868369
0.834207
0.890047
0.832905
0.837998
0.861438
0.826513
0.851905
0.660704
0.822505
0.802480
0.864503
0.879871
0.834471
0.838558
0.855546
0.844456
0.849848
0.875013
0.862692
0.848818
0.821793
0.836423
0.894319
0.902431
0.887295
0.862349
0.865915
0.863650
0.878108
0.856694
0.851215
0.862666
0.694062
0.676736
0.680784
0.709868
0.672653
0.669609
0.674821
0.713546
0.674199
0.654754
0.668604
0.709033
0.698755
0.735303
0.700016
0.705982
0.722953
0.693849
0.692472
0.702199
0.746838
0.710433
0.687018
0.732829
0.722912
0.708940
0.731425
0.723130
0.729972
0.682784
0.732923
0.739155
0.722186
0.745842
0.728057
0.733127
0.708271
0.722750
0.725816
0.738834
0.722258
0.728716
0.751696
0.739463
0.736197
0.735891
0.740538
0.740632
0.711690
0.725636
0.723375
0.711164
0.720607
0.691937
0.776313
0.780724
0.821389
0.794342
0.764330
0.769694
0.837383
0.838359
0.832174
0.820637
0.780662
0.757487
0.737528
0.748755
0.737889
0.433557
0.410275
0.438816
0.417198
0.537477
0.463881
0.537597
0.466550
0.685813
0.693730
0.690426
0.690929
0.698837
0.702031
0.689229
0.689030
0.704424
0.724166
0.716640
0.724652
0.711965
0.727250
0.706058
0.724785
0.737058
0.733087
0.737577
0.697331
0.727139
0.695154
0.727319
0.727191
0.695476
0.738845
0.733675
0.717016
0.753992
0.662218
0.761379
0.717905
0.622034
0.794312
0.778378
0.749103
0.729280
0.702768
0.701842
0.600981
0.520419
0.685848
0.671751
0.734297
0.644020
0.791794
0.828317
0.799053
0.750702
0.769331
0.672012
0.736903
0.569458
0.543223
0.677295
0.717863
0.722446
0.688484
0.625744
0.738781
0.674334
0.675951
0.704308
0.681841
0.692331
0.672130
0.592077
0.673662
0.642309
0.592945
0.651345
0.579691
0.612801
0.615507
0.627769
0.398819
0.534797
0.424989
0.412444
0.451437
0.492211
0.567421
0.448929
0.690423
0.659144
0.662552
0.718746
0.666449
0.631002
0.702745
0.694111
0.656109
0.705084
0.695609
0.668196
0.632632
0.724941
0.729095
0.573781
0.562016
0.517214
0.750082
0.796295
0.748061
0.671807
0.703344
0.589948
0.576123
0.632013
0.614472
0.581389
0.579984
0.639921
0.575884
0.644524
0.599878
0.550854
0.548963
0.719517
0.735940
0.666214
0.686404
0.610753
0.491786
0.673176
0.586097
0.537673
0.704399
0.732135
0.666903
0.763927
0.673429
0.730927
0.696951
0.703466
0.726907
0.708868
0.671636
0.719456
0.735655
0.673276
0.650692
0.657897
0.671774
0.679666
0.618810
0.650613
0.616076
0.665952
0.604612
0.752691
0.696580
0.604017
0.750762
0.717230
0.693357
0.691149
0.834555
0.827059
0.791735
0.836504
0.806528
0.843347
0.834057
0.755175
0.770730
0.811967
0.824520
0.753527
0.804228
0.796003
0.818373
0.797349
0.800700
0.621289
0.614048
0.635170
0.630362
0.600909
0.644468
0.682378
0.669436
0.676500
0.653708
0.675303
0.642701
0.652267
0.686825
0.631721
0.650284
0.635300
0.678476
0.602520
0.635514
0.670931
0.804151
0.727501
0.675049
0.724602
0.771907
0.820151
0.748464
0.674436
0.729296
0.767921
0.649951
0.690597
0.618370
0.650544
0.633624
0.629030
0.627947
0.619901
0.707707
0.648808
0.714045
0.648911
0.558713
0.601354
0.689513
0.579791
0.609947
0.591716
0.621492
0.526044
0.570178
0.552574
0.556557
0.581872
0.576315
0.589135
0.577286
0.565157
0.749550
0.791646
0.731364
0.785750
0.828856
0.779681
0.844295
0.829010
0.785240
0.795495
0.691847
0.713730
0.691325
0.759558
0.722262
0.705774
0.745797
0.685036
0.757355
0.666005
0.755238
0.753815
0.731603
0.738593
0.739147
0.771222
0.800729
0.770990
0.753503
0.820638
0.793103
0.797574
0.789365
0.776866
0.843134
0.836482
0.839422
0.842604
0.907063
0.860399
0.868627
0.891765
0.847986
0.865176
0.853058
0.876373
0.863372
0.884692
0.878584
0.902943
0.861840
0.894308
0.884184
0.860429
0.855505
0.883439
0.884914
0.878289
0.873870
0.894108
0.886086
0.876584
0.731446
0.668844
0.758479
0.839884
0.810038
0.650060
0.735341
0.776208
0.823024
0.799408
0.838456
0.799251
0.814246
0.702339
0.625606
0.631487
0.747349
0.577991
0.571157
0.665714
0.578533
0.521618
0.543854
0.638051
0.571520
0.652357
0.560693
0.499750
0.497223
0.521964
0.628575
0.561183
0.549191
0.706398
0.659486
0.588680
0.517516
0.616988
0.563500
0.525074
0.547778
0.620935
0.581251
0.569226
0.579539
0.568423
0.558979
0.693661
0.615664
0.704270
0.616208
0.574854
0.663457
0.589891
0.546107
0.508870
0.577952
0.566427
0.607173
0.576534
0.519195
0.591283
0.582739
0.712094
0.664330
0.578978
0.701331
0.567754
0.646633
0.554145
0.607167
0.575692
0.569000
0.589084
0.586580
0.553273
0.595580
0.576432
0.601123
0.599480
0.685416
0.664585
0.843501
0.874840
0.831010
0.857504
0.875940
0.873356
0.823009
0.836881
0.876580
0.886540
0.874938
0.897030
0.907052
0.889558
0.886728
0.788412
0.855959
0.871604
0.884185
0.850378
0.891567
0.901010
0.921186
0.916323
0.914684
0.748605
0.777280
0.792843
0.829220
0.749563
0.790418
0.815964
0.809539
0.803222
0.793912
0.826186
0.828863
0.802906
0.782983
0.799050
0.757877
0.739657
0.819672
0.791046
0.731396
0.789630
0.706252
0.789451
0.815223
0.787916
0.707947
0.772201
0.771442
0.781270
0.770317
0.784355
0.754132
0.752184
0.771407
0.770274
0.646310
0.607902
0.666281
0.646135
0.626445
0.670850
0.685799
0.730800
0.754647
0.695688
0.778333
0.739107
0.706250
0.697064
0.758811
0.657304
0.699806
0.607365
0.638974
0.738468
0.799991
0.796972
0.803146
0.803020
0.814344
0.795092
0.794515
0.812721
0.760786
0.769431
0.766611
0.742818
0.804436
0.774457
0.695060
0.729872
0.759391
0.655247
0.711139
0.738538
0.732145
0.752540
0.783901
0.751925
0.766699
0.757378
0.758452
0.732635
0.722603
0.740262
0.727562
0.697686
0.717502
0.698677
0.725235
0.727531
0.735785
0.723525
0.765581
0.760686
0.763199
0.766122
0.769592
0.752894
0.786451
0.715275
0.710947
0.603780
0.619744
0.626631
0.655916
0.551294
0.601161
0.572232
0.581858
0.674777
0.579446
0.655354
0.598906
0.584673
0.551844
0.549710
0.601741
0.532460
0.572332
0.573595
0.567670
0.591979
0.539842
0.537104
0.561220
0.544752
0.536392
0.533698
0.609932
0.622126
0.551359
0.617947
0.634135
0.600483
0.572600
0.600489
0.595709
0.614328
0.611836
0.587834
0.548645
0.611125
0.578506
0.514476
0.521025
0.523916
0.579630
0.580029
0.681031
0.624299
0.648507
0.540454
0.542638
0.621679
0.536628
0.567914
0.619483
0.579261
0.557200
0.627382
0.587078
0.641896
0.593384
0.601180
0.600219
0.602654
0.631757
0.583521
0.574791
0.522657
0.599744
0.603447
0.614394
0.553204
0.558851
0.555713
0.552358
0.567962
0.574069
0.555360
0.564816
0.589557
0.581030
0.559860
0.551926
0.599842
0.542719
0.648179
0.565586
0.628803
0.583688
0.579818
0.592158
0.686209
0.590314
0.578160
0.605502
0.587409
0.615155
0.618846
0.620943
0.589925
0.682083
0.628559
0.604578
0.628858
0.613168
0.578571
0.591585
0.577986
0.549055
0.606729
0.591035
0.539566
0.575388
0.627987
0.572266
0.580201
0.617600
0.577121
0.672496
0.583170
0.628042
0.648701
0.615053
0.625200
0.611560
0.607017
0.631781
0.656542
0.572537
0.627940
0.609044
0.611929
0.601796
0.567428
0.620702
0.573342
0.623986
0.613828
0.662558
0.581054
0.550459
0.533331
0.545997
0.553006
0.579413
0.546188
0.551355
0.553398
0.595149
0.561359
0.568533
0.566753
0.580204
0.573670
0.625111
0.635909
0.666106
0.661781
0.641455
0.682967
0.683355
0.686460
0.678317
0.660088
0.620734
0.633475
0.663194
0.647458
0.578980
0.584109
0.587986
0.552665
0.574623
0.640446
0.584716
0.518512
0.520852
0.517256
0.514939
0.521121
0.549572
0.608373
0.562114
0.615540
0.582381
0.529791
0.549163
0.542072
0.556120
0.659358
0.738377
0.650933
0.610413
0.586612
0.593887
0.590218
0.703219
0.649662
0.707518
0.673185
0.693373
0.654956
0.661544
0.683664
0.686094
0.672687
0.697462
0.668255
0.645183
0.695205
0.685372
0.698209
0.633998
0.632955
0.598969
0.598359
0.604420
0.634790
0.619916
0.586087
0.632817
0.628268
0.588753
0.596742
0.669187
0.684873
0.714787
0.703328
0.679797
0.687486
0.698727
0.679344
0.680104
0.683822
0.683342
0.696131
0.710651
0.710930
0.702107
0.711970
0.687515
0.674596
0.675414
0.701981
0.705319
0.616892
0.616003
0.638415
0.617334
0.609708
0.670574
0.610032
0.610104
0.625096
0.626244
0.666683
0.666417
0.636685
0.692243
0.589208
0.667060
0.643714
0.669870
0.654819
0.657938
0.660274
0.623413
0.642726
0.648060
0.621490
0.619098
0.619229
0.547568
0.615384
0.611514
0.640194
0.562537
0.566654
0.542791
0.579273
0.607204
0.571637
0.622730
0.627156
0.638311
0.624575
0.642364
0.615018
0.597696
0.653304
0.575819
0.717823
0.751996
0.631016
0.703530
0.803049
0.773601
0.683660
0.602887
0.609612
0.661600
0.680043
0.770813
0.708875
0.731204
0.755220
0.656141
0.668517
0.716449
0.704944
0.596268
0.630738
0.628209
0.614670
0.603136
0.558038
0.570537
0.550764
0.639047
0.629957
0.592569
0.598795
0.656366
0.665542
0.508934
0.563899
0.624510
0.652871
0.594933
0.518498
0.585752
0.694396
0.625582
0.539622
0.678691
0.735890
0.625526
0.718859
0.736604
0.725473
0.608106
0.610233
0.604651
0.605718
0.650018
0.595826
0.651946
0.677047
0.648558
0.678198
0.755478
0.728532
0.688670
0.682925
0.573832
0.646347
0.669322
0.663306
0.687777
0.678485
0.653670
0.657603
0.643018
0.627525
0.652779
0.626075
0.662021
0.656812
0.705468
0.696411
0.655832
0.629680
0.651790
0.637495
0.676774
0.561567
0.624773
0.680199
0.695496
0.614228
0.514327
0.515147
0.572392
0.509103
0.571495
0.605643
0.690098
0.617352
0.609105
0.581541
0.570729
0.598713
0.534521
0.671143
0.674131
0.627229
0.627976
0.729126
0.695350
0.654591
0.634491
0.583697
0.601203
0.625749
0.522182
0.614646
0.553458
0.570562
0.524377
0.565429
0.644305
0.648211
0.619538
0.544174
0.639383
0.577570
0.568389
0.634809
0.573039
0.514234
0.625319
0.611072
0.632398
0.606276
0.646516
0.698985
0.655458
0.659394
0.633677
0.664025
0.636587
0.663764
0.691199
0.681433
0.690489
0.684310
0.662454
0.666327
0.648319
0.646574
0.679686
0.723034
0.685355
0.708502
0.753095
0.762296
0.580287
0.734467
0.666629
0.685365
0.667902
0.684836
0.613367
0.684285
0.629129
0.655561
0.626001
0.668516
0.658085
0.632303
0.644678
0.669937
0.658289
0.723488
0.698707
0.660327
0.665870
0.659220
0.607564
0.700893
0.627893
0.633415
0.639820
0.679401
0.667859
0.644560
0.655632
0.665799
0.569894
0.621727
0.675561
0.624213
0.625526
0.622432
0.609511
0.653265
0.672833
0.675690
0.669217
0.670097
0.670551
0.681906
0.683364
0.679154
0.671405
0.659453
0.696725
0.604044
0.684121
0.587878
0.709703
0.655307
0.568470
0.616893
0.663446
0.627072
0.671778
0.698178
0.669989
0.672318
0.654337
0.628277
0.600606
0.595280
0.649560
0.570345
0.661182
0.591521
0.570869
0.593677
0.651343
0.626137
0.652106
0.683752
0.626378
0.687135
0.607761
0.711975
0.669250
0.705454
0.705845
0.680097
0.641601
0.676237
0.681372
0.638952
0.663113
0.735933
0.699881
0.720924
0.701663
0.550029
0.555816
0.519904
0.569631
0.653606
0.578483
0.620559
0.649974
0.540754
0.636828
0.605573
0.619286
0.513457
0.579243
0.514645
0.569249
0.527438
0.563144
0.662738
0.620557
0.582476
0.662031
0.673581
0.654156
0.632005
0.591887
0.576256
0.694142
0.726950
0.681447
0.724094
0.792743
0.756953
0.756839
0.715278
0.677612
0.590958
0.708014
0.649411
0.652739
0.512149
0.584785
0.604657
0.645510
0.523482
0.553989
0.603069
0.549248
0.566608
0.564367
0.572597
0.577846
0.610259
0.624125
0.653934
0.749077
0.776206
0.703844
0.653133
0.612081
0.639331
0.620017
0.790834
0.721710
0.775253
0.693968
0.689842
0.738653
0.643429
0.667695
0.638266
0.607692
0.589221
0.665499
0.696658
0.668415
0.598766
0.608658
0.583467
0.581276
0.670831
0.666250
0.672920
0.663114
0.648547
0.670557
0.681873
0.656634
0.709808
0.664030
0.692779
0.671428
0.672855
0.717811
0.661562
0.658227
0.746783
0.762236
0.727500
0.741370
0.773199
0.736754
0.659327
0.689449
0.670669
0.701979
0.651970
0.696796
0.649833
0.669593
0.666344
0.652650
0.738227
0.703745
0.680689
0.671772
0.592138
0.612880
0.640216
0.634825
0.624907
0.633229
0.653736
0.646268
0.645892
0.613274
0.611871
0.620876
0.637762
0.623392
0.674269
0.678315
0.644636
0.632320
0.607178
0.578665
0.579184
0.561739
0.574884
0.614880
0.506711
0.565805
0.571970
0.609872
0.688377
0.614887
0.530619
0.499328
0.570528
0.496659
0.631656
0.577810
0.508350
0.511252
0.572231
0.477567
0.561847
0.593029
0.643404
0.591312
0.545858
0.518485
0.832999
0.844340
0.842484
0.829459
0.833542
0.805298
0.820702
0.819951
0.808819
0.812928
0.820292
0.810875
0.820155
0.773528
0.772707
0.794501
0.792974
0.773577
0.799280
0.781576
0.764129
0.788300
0.810280
0.706194
0.751583
0.727830
0.765008
0.657616
0.672977
0.663797
0.616899
0.663155
0.652511
0.706344
0.740284
0.730477
0.681421
0.621901
0.701582
0.636759
0.690305
0.652763
0.680950
0.631611
0.659285
0.654113
0.600342
0.635905
0.682430
0.736304
0.703919
0.744216
0.774244
0.718343
0.715421
0.685963
0.707256
0.667485
0.688071
0.723389
0.688790
0.741793
0.748491
0.737650
0.747255
0.753176
0.733670
0.734788
0.740511
0.706618
0.722128
0.756236
0.763550
0.747508
0.729628
0.774861
0.755876
0.803796
0.799865
0.773493
0.688088
0.668717
0.691451
0.688193
0.609657
0.694679
0.676939
0.802608
0.736124
0.779374
0.741612
0.755801
0.731366
0.728776
0.573455
0.604177
0.579044
0.584499
0.741484
0.638998
0.745780
0.687569
0.765124
0.699993
0.686508
0.679193
0.715349
0.711536
0.675985
0.776623
0.734430
0.754674
0.719625
0.873542
0.890981
0.925826
0.863906
0.855245
0.881137
0.891122
0.894035
0.846295
0.863678
0.849216
0.879929
0.883803
0.845389
0.893288
0.905749
0.872825
0.848432
0.858337
0.882977
0.868054
0.875676
0.856729
0.849014
0.872337
0.756590
0.780792
0.802860
0.895488
0.792609
0.867961
0.837945
0.867109
0.871130
0.859966
0.839465
0.857509
0.814038
0.798046
0.821328
0.861161
0.853770
0.814285
0.839002
0.866531
0.856404
0.858475
0.860200
0.893066
0.889314
0.884835
0.872739
0.856241
0.862462
0.915436
0.882888
0.890846
0.905388
0.907429
0.903487
0.908786
0.875419
0.905070
0.872554
0.899568
0.901867
0.809119
0.795330
0.843625
0.856220
0.808637
0.849944
0.843099
0.815117
0.807338
0.840625
0.802849
0.882666
0.875095
0.885163
0.903922
0.889600
0.898360
0.869740
0.891089
0.851015
0.874858
0.850670
0.847922
0.857656
0.862123
0.837467
0.839847
0.852243
0.836044
0.879533
0.836874
0.907853
0.952653
0.904812
0.916884
0.917543
0.882969
0.897748
0.916407
0.908659
0.851602
0.866646
0.846163
0.773252
0.839062
0.912466
0.906732
0.921656
0.894842
0.878501
0.853355
0.853924
0.913708
0.866622
0.901716
0.863826
0.894758
0.905688
0.875269
0.857854
0.787389
0.855756
0.796461
0.873885
0.829055
0.843565
0.762231
0.833561
0.865886
0.830924
0.841926
0.769653
0.820399
0.825133
0.820540
0.835931
0.900450
0.858536
0.848161
0.887708
0.852176
0.885585
0.903513
0.903358
0.846480
0.895429
0.871187
0.890750
0.945148
0.878462
0.921995
0.827856
0.840735
0.837242
0.850384
0.819418
0.796593
0.819871
0.794949
0.849928
0.842160
0.842863
0.880633
0.875178
0.864787
0.861593
0.837713
0.835271
0.804640
0.833840
0.832989
0.796124
0.863637
0.853096
0.851083
0.895577
0.919591
0.907929
0.909068
0.906845
0.872907
0.904938
0.902558
0.876714
0.915810
0.791878
0.774090
0.818004
0.814987
0.796011
0.815009
0.809974
0.767746
0.773408
0.733520
0.668251
0.785836
0.679039
0.669642
0.724515
0.711847
0.784362
0.828034
0.805431
0.730758
0.677454
0.775997
0.740536
0.785305
0.710010
0.717817
0.852981
0.850913
0.822577
0.840891
0.827913
0.839398
0.836553
0.829078
0.810545
0.847672
0.854415
0.877115
0.829281
0.833154
0.827959
0.813507
0.813724
0.848215
0.858893
0.859783
0.863280
0.870910
0.842962
0.865281
0.812083
0.823857
0.883687
0.852829
0.907025
0.871259
0.864657
0.880714
0.875012
0.873936
0.875954
0.863929
0.894337
0.856932
0.844223
0.846260
0.860638
0.870498
0.849375
0.842145
0.858338
0.867126
0.893129
0.882251
0.842955
0.821832
0.843956
0.812855
0.677410
0.729582
0.745617
0.836118
0.807855
0.735259
0.768613
0.856782
0.876579
0.888233
0.833763
0.834661
0.850481
0.841334
0.864241
0.888922
0.848989
0.849156
0.832036
0.779753
0.801437
0.836088
0.819491
0.766852
0.807502
0.775728
0.807110
0.750171
0.786837
0.776994
0.791988
0.805462
0.787277
0.796921
0.774666
0.726171
0.797079
0.753577
0.710106
0.794562
0.812943
0.825264
0.779781
0.783687
0.826533
0.785060
0.763169
0.774893
0.778431
0.729800
0.743917
0.712848
0.754063
0.764447
0.811135
0.768057
0.793534
0.800380
0.714604
0.755484
0.880501
0.882129
0.872358
0.883296
0.866893
0.893200
0.882284
0.834189
0.845278
0.832791
0.809432
0.820726
0.820757
0.744361
0.852985
0.826587
0.743775
0.815166
0.850907
0.851033
0.815146
0.826431
0.859109
0.832105
0.843999
0.852864
0.857835
0.841969
0.842161
0.844063
0.858056
0.828971
0.848526
0.838566
0.857424
0.851401
0.867986
0.842430
0.880305
0.871629
0.857514
0.859337
0.864807
0.867939
0.878501
0.864503
0.873614
0.874110
0.875132
0.846682
0.863503
0.869916
0.852672
0.821709
0.806179
0.856591
0.822137
0.837410
0.825267
0.809781
0.821292
0.805292
0.838320
0.821246
0.841924
0.844942
0.851660
0.847397
0.852218
0.852599
0.831974
0.847782
0.851615
0.849466
0.854067
0.847097
0.873533
0.864762
0.873053
0.858829
0.876124
0.856695
0.869001
0.857497
0.844407
0.855769
0.879308
0.865889
0.866162
0.839736
0.813524
0.820100
0.851772
0.862628
0.862865
0.861408
0.876916
0.847877
0.828242
0.833384
0.836162
0.852995
0.841572
0.841880
0.836466
0.830248
0.830372
0.829844
0.828268
0.850097
0.820780
0.859164
0.818507
0.584167
0.654556
0.661580
0.744155
0.631273
0.746543
0.759074
0.817777
0.820888
0.827512
0.734043
0.815216
0.801025
0.832707
0.862674
0.864164
0.870154
0.863024
0.847231
0.865945
0.894012
0.897525
0.872218
0.879504
0.876266
0.889991
0.868474
0.885993
0.886804
0.885086
0.878938
0.898772
0.872769
0.874044
0.861302
0.877171
0.861234
0.871865
0.889314
0.919161
0.865645
0.848042
0.856707
0.848406
0.881144
0.827691
0.807254
0.820494
0.862914
0.871832
0.838790
0.923770
0.894291
0.916385
0.866687
0.874859
0.870390
0.863986
0.899893
0.935372
0.911733
0.928966
0.894343
0.892385
0.902909
0.869738
0.861978
0.867223
0.888571
0.878616
0.859363
0.862225
0.874470
0.877538
0.875987
0.847128
0.893942
0.918549
0.878165
0.906697
0.876243
0.878723
0.912492
0.885401
0.880825
0.884981
0.872122
0.831107
0.866116
0.880815
0.845655
0.816902
0.801524
0.862553
0.900281
0.920777
0.866155
0.803403
0.857093
0.821379
0.858969
0.817238
0.771853
0.838511
0.775150
0.691750
0.768993
0.791177
0.826577
0.810885
0.756544
0.811322
0.781392
0.813190
0.810207
0.793938
0.813188
0.816780
0.687929
0.634683
0.659820
0.719492
0.750685
0.695641
0.756093
0.727866
0.747028
0.771102
0.750812
0.731660
0.753759
0.794910
0.681920
0.661417
0.717799
0.746136
0.721367
0.687944
0.724989
0.700643
0.710699
0.670171
0.770524
0.714504
0.729691
0.715148
0.752530
0.756509
0.646188
0.737178
0.672329
0.706679
0.730873
0.724176
0.722643
0.682484
0.741897
0.788249
0.841604
0.833715
0.815371
0.781652
0.798127
0.804209
0.808705
0.781195
0.815841
0.823489
0.795962
0.802990
0.841468
0.808871
0.788037
0.794049
0.791691
0.762851
0.744657
0.717924
0.784000
0.760579
0.715546
0.705052
0.775465
0.719926
0.718562
0.711804
0.689433
0.692106
0.693927
0.863083
0.844289
0.885736
0.899050
0.850668
0.863523
0.877059
0.887450
0.883024
0.844945
0.875668
0.828212
0.850783
0.803693
0.814947
0.821888
0.846782
0.814430
0.824242
0.840308
0.810711
0.861728
0.846185
0.851618
0.859107
0.835899
0.790290
0.864060
0.829123
0.851842
0.830481
0.788260
0.771432
0.768447
0.799831
0.830246
0.801695
0.799731
0.763893
0.849042
0.865386
0.840824
0.875800
0.871428
0.832884
0.889468
0.885343
0.897826
0.891956
0.871248
0.870536
0.877275
0.839305
0.801274
0.807482
0.809652
0.802010
0.884949
0.872138
0.889924
0.873731
0.869849
0.870318
0.877355
0.862567
0.868566
0.859565
0.872805
0.864333
0.846737
0.859752
0.859234
0.869795
0.861054
0.867984
0.855182
0.838253
0.846363
0.870285
0.864052
0.861675
0.858787
0.845429
0.823326
0.827013
0.817105
0.826169
0.859889
0.775061
0.809213
0.724887
0.748251
0.750119
0.819667
0.824138
0.857686
0.758555
0.769103
0.743940
0.880980
0.874542
0.884142
0.842972
0.853587
0.865602
0.845282
0.829433
0.819277
0.762325
0.739351
0.743110
0.771301
0.753962
0.741134
0.763200
0.759874
0.779046
0.804868
0.807763
0.722783
0.745516
0.714875
0.717515
0.699551
0.662713
0.687728
0.683147
0.688622
0.698367
0.702890
0.697795
0.703344
0.619468
0.703758
0.677009
0.689467
0.585500
0.625526
0.653411
0.693279
0.742663
0.735211
0.739631
0.725167
0.591796
0.673393
0.630938
0.655640
0.708966
0.653345
0.692329
0.677397
0.652986
0.675119
0.703889
0.725342
0.744438
0.786175
0.723651
0.779869
0.804096
0.772113
0.758069
0.732086
0.741065
0.760097
0.814092
0.788305
0.810225
0.828243
0.755682
0.655717
0.735413
0.712024
0.683100
0.700606
0.696355
0.642413
0.744955
0.739940
0.787115
0.755583
0.677238
0.774156
0.802477
0.772659
0.825294
0.764802
0.778866
0.742842
0.785734
0.723092
0.679029
0.761630
0.749611
0.733265
0.729807
0.746697
0.726676
0.691901
0.688375
0.691535
0.860812
0.780087
0.850927
0.855741
0.840162
0.851495
0.856354
0.855544
0.885767
0.886470
0.821352
0.886695
0.871228
0.889750
0.844140
0.879831
0.841079
0.872079
0.857855
0.819358
0.838039
0.820452
0.842005
0.901444
0.871668
0.907738
0.903995
0.875644
0.842023
0.891404
0.876761
0.877022
0.869907
0.863209
0.867984
0.870980
0.922383
0.887098
0.890091
0.877586
0.865332
0.889771
0.881079
0.817007
0.790901
0.638173
0.594659
0.652058
0.607061
0.593971
0.613352
0.652274
0.666467
0.657947
0.649222
0.580029
0.612909
0.635038
0.626792
0.646458
0.616044
0.618381
0.639611
0.608493
0.650982
0.604808
0.613319
0.575330
0.541841
0.663830
0.695417
0.705593
0.682264
0.671584
0.688988
0.691852
0.692050
0.662658
0.642299
0.646318
0.651396
0.591188
0.614716
0.698258
0.680617
0.673162
0.661236
0.650020
0.678743
0.682135
0.697696
0.713943
0.700004
0.656259
0.656736
0.720019
0.727482
0.709977
0.711935
0.701619
0.717336
0.707619
0.676727
0.687237
0.687928
0.659284
0.678033
0.659567
0.638645
0.604341
0.585457
0.603234
0.650413
0.593300
0.611207
0.647220
0.614134
0.664927
0.599858
0.624150
0.659429
0.605944
0.643583
0.715727
0.614268
0.605931
0.662262
0.635669
0.648759
0.619814
0.728975
0.719862
0.719958
0.714299
0.693579
0.649900
0.641799
0.637902
0.713808
0.637895
0.624807
0.669820
0.794023
0.814239
0.827060
0.784512
0.809063
0.795579
0.803203
0.806375
0.830176
0.830972
0.837476
0.836622
0.715947
0.754764
0.687781
0.770322
0.773383
0.733136
0.725184
0.691906
0.724232
0.714160
0.722914
0.689710
0.712684
0.694262
0.755344
0.790595
0.777355
0.773621
0.805674
0.796261
0.849386
0.826305
0.815769
0.800142
0.796331
0.814079
0.812252
0.839204
0.840686
0.838274
0.829463
0.840983
0.827165
0.815511
0.788820
0.772745
0.826697
0.761894
0.829180
0.795952
0.778805
0.744299
0.771533
0.732010
0.752554
0.717898
0.762849
0.731054
0.754018
0.778454
0.753330
0.813080
0.802392
0.829362
0.834162
0.828552
0.805612
0.779160
0.754294
0.800498
0.779201
0.755611
0.801731
0.816843
0.822209
0.813971
0.810305
0.746665
0.785029
0.703818
0.670660
0.701742
0.766242
0.666292
0.767432
0.730131
0.764604
0.756626
0.705710
0.746123
0.733542
0.764567
0.706360
0.727266
0.759604
0.710113
0.719819
0.717301
0.717614
0.720289
0.774261
0.752466
0.687194
0.646012
0.638709
0.677975
0.705379
0.727033
0.836624
0.828300
0.825171
0.813093
0.802731
0.799415
0.799773
0.791805
0.817031
0.802692
0.818494
0.819418
0.827333
0.811754
0.822351
0.827957
0.844449
0.824640
0.822561
0.806664
0.746016
0.781787
0.791344
0.565233
0.666977
0.654857
0.617687
0.738933
0.715546
0.773688
0.802205
0.691684
0.722041
0.704036
0.743638
0.805802
0.767626
0.779014
0.799913
0.776377
0.839826
0.830375
0.812666
0.806379
0.758559
0.730235
0.785808
0.806652
0.865331
0.885864
0.872070
0.841268
0.869862
0.867791
0.874566
0.886208
0.859675
0.863885
0.888285
0.861378
0.881012
0.876562
0.893607
0.885389
0.890952
0.868988
0.867391
0.871687
0.872073
0.876039
0.857951
0.861704
0.859525
0.863613
0.870498
0.866420
0.864404
0.860041
0.869898
0.868399
0.872874
0.873606
0.871171
0.863177
0.876061
0.878974
0.892066
0.867564
0.874423
0.853189
0.841098
0.877237
0.884418
0.844172
0.853552
0.852231
0.833493
0.852233
0.837561
0.841338
0.845627
0.840980
0.880866
0.870544
0.857166
0.816297
0.851215
0.861802
0.817852
0.842086
0.812271
0.813026
0.832703
0.833806
0.832461
0.848464
0.850424
0.840766
0.842002
0.850052
0.846699
0.842954
0.849007
0.863795
0.856619
0.870020
0.849147
0.853665
0.861023
0.862255
0.859835
0.861445
0.854229
0.864821
0.869772
0.868297
0.864165
0.842587
0.864897
0.845557
0.861475
0.850969
0.871855
0.875063
0.870165
0.866854
0.852123
0.842212
0.856665
0.843493
0.862235
0.837405
0.839949
0.844824
0.839912
0.836477
0.839317
0.830752
0.831993
0.837421
0.865605
0.844960
0.841496
0.835911
0.838565
0.835046
0.829112
0.832948
0.817208
0.825321
0.814686
0.815989
0.812086
0.811655
0.818606
0.821210
0.826801
0.830311
0.841578
0.829551
0.841860
0.847068
0.841789
0.850874
0.847931
0.867307
0.851053
0.858825
0.841483
0.836297
0.848590
0.838452
0.843638
0.861808
0.853750
0.869699
0.862538
0.877176
0.878024
0.865248
0.875799
0.861071
0.857527
0.875063
0.871961
0.885053
0.884630
0.876046
0.872351
0.889221
0.890882
0.880861
0.871525
0.870843
0.863965
0.861812
0.850549
0.885159
0.886413
0.875507
0.891748
0.894457
0.866108
0.877053
0.868299
0.872060
0.856512
0.867740
0.862554
0.860651
0.873998
0.867877
0.880393
0.873798
0.854089
0.874575
0.866289
0.858824
0.869173
0.865923
0.852484
0.854088
0.853177
0.859353
0.869767
0.866546
0.856532
0.856872
0.849526
0.863375
0.849755
0.856084
0.834216
0.833471
0.850995
0.849311
0.850405
0.849378
0.875189
0.874200
0.856841
0.870953
0.860932
0.848223
0.842460
0.871376
0.872294
0.867685
0.872609
0.878953
0.878442
0.879688
0.877858
0.885378
0.881686
0.870307
0.858588
0.842647
0.831199
0.866652
0.856907
0.853515
0.846240
0.850222
0.846477
0.845879
0.844624
0.828358
0.828372
0.822333
0.832434
0.848362
0.841977
0.851194
0.854701
0.847777
0.834636
0.824647
0.768166
0.859326
0.837207
0.829595
0.875519
0.853196
0.845255
0.844552
0.840797
0.843706
0.848071
0.861174
0.859581
0.871619
0.882890
0.882858
0.874022
0.878478
0.857933
0.858000
0.876446
0.864726
0.876274
0.867883
0.855979
0.856290
0.885865
0.883084
0.875047
0.879317
0.871131
0.871600
0.857420
0.869884
0.884045
0.875847
0.863746
0.858229
0.842894
0.849673
0.857894
0.859872
0.858275
0.855661
0.848130
0.855740
0.837900
0.870768
0.853709
0.863791
0.863030
0.836037
0.844336
0.859589
0.872749
0.882057
0.878755
0.871154
0.861466
0.830511
0.835027
0.845598
0.859065
0.848050
0.839560
0.859083
0.821679
0.844761
0.839252
0.843383
0.842512
0.883243
0.905951
0.887496
0.876363
0.899753
0.884128
0.888802
0.908258
0.909744
0.897985
0.889794
0.887338
0.890428
0.896374
0.874350
0.895520
0.887507
0.874443
0.883021
0.886725
0.878765
0.883427
0.885135
0.874776
0.883316
0.910372
0.897303
0.903884
0.886547
0.915281
0.923810
0.909940
0.900092
0.920987
0.912607
0.918029
0.921336
0.933405
0.916165
0.908205
0.926345
0.922091
0.900849
0.912437
0.914157
0.917032
0.911050
0.907338
0.894216
0.907720
0.892123
0.922685
0.910933
0.899960
0.886213
0.901061
0.893161
0.894798
0.911107
0.904667
0.902313
0.895210
0.968682
0.980992
0.948589
0.944145
0.943381
0.902156
0.884862
0.878034
0.945941
0.946982
0.892945
0.915683
0.876270
0.877511
0.868692
0.875086
0.915119
0.883170
0.896387
0.878892
0.852449
0.868548
0.882326
0.884658
0.915228
0.910296
0.903313
0.921642
0.933130
0.917382
0.901150
0.921973
0.922206
0.903581
0.922898
0.910928
0.931933
0.907767
0.916579
0.925067
0.923537
0.926290
0.926189
0.907130
0.904553
0.926594
0.902754
0.916464
0.896542
0.898151
0.903403
0.899726
0.900989
0.899484
0.894968
0.914614
0.890585
0.915786
0.874982
0.927242
0.928358
0.962590
0.932056
0.888014
0.878986
0.909504
0.972151
0.970968
0.979739
0.934946
0.963023
0.964176
0.935242
0.962632
0.926158
0.923879
0.930178
0.898482
0.940290
0.907772
0.913253
0.901046
0.939633
0.942883
0.936475
0.937822
0.946248
0.901383
0.939904
0.920298
0.917771
0.902472
0.914098
0.921076
0.949851
0.908905
0.947673
0.907954
0.886730
0.913018
0.917576
0.897115
0.894967
0.899693
0.895949
0.898960
0.893031
0.876495
0.885768
0.882213
0.912528
0.887957
0.878370
0.901998
0.906785
0.905214
0.907706
0.897782
0.917612
0.915997
0.922141
0.944356
0.918476
0.908032
0.946320
0.946078
0.952257
0.919515
0.945478
0.945517
0.938050
0.913628
0.933012
0.913154
0.898202
0.914599
0.930592
0.900705
0.900853
0.912206
0.905906
0.897435
0.911540
0.930163
0.912581
0.914103
0.924087
0.916787
0.926358
0.934922
0.943290
0.908494
0.915094
0.936697
0.933054
0.898325
0.916673
0.927245
0.941059
0.909156
0.913511
0.919103
0.923455
0.941627
0.931592
0.932645
0.928994
0.936218
0.941792
0.953449
0.983898
0.959140
1.000000
0.964020
0.994622
0.956612
0.955132
0.987323
0.973535
0.966302
0.966643
0.981672
0.970128
0.946522
0.955589
0.920262
0.979172
0.923265
0.921205
0.964599
0.817796
0.904761
0.906666
0.903412
0.919519
0.900245
0.917380
0.896368
0.897243
0.931071
0.909508
0.872653
0.871462
0.892752
0.914803
0.908218
0.908261
0.919358
0.867557
0.860889
0.879732
0.894507
0.869850
0.884534
0.898725
0.875648
0.860844
0.902377
0.873728
0.881640
0.888024
0.883339
0.906057
0.898022
0.916785
0.939808
0.932728
0.928722
0.900587
0.864452
0.883441
0.893019
0.892903
0.889740
0.880885
0.900600
0.873609
0.875975
0.879985
0.906882
0.892650
0.899535
0.900913
0.878110
0.862603
0.905604
0.874312
0.877619
0.890927
0.869344
0.880189
0.964068
0.921316
0.951225
0.960847
0.921723
0.908420
0.958733
0.929824
0.926203
0.930410
