0.555798
0.707652
0.650205
0.678676
0.667882
0.631424
0.664815
0.657476
0.595183
0.584030
0.439644
0.568385
0.571995
0.527509
0.555316
0.558379
0.459880
0.562813
0.506952
0.520431
0.502760
0.284897
0.518708
0.531021
0.381185
0.584336
0.451836
0.606642
0.655727
0.669998
0.600065
0.681196
0.667167
0.726966
0.660579
0.637645
0.679301
0.622887
0.539618
0.583963
0.651213
0.592891
0.400333
0.448159
0.430611
0.440612
0.438877
0.631703
0.680657
0.835865
0.717405
0.896193
0.835246
0.889095
0.556112
0.594224
0.642216
0.567890
0.513055
0.662767
0.662505
0.610743
0.640207
0.604311
0.672573
0.658817
0.547348
0.619238
0.643484
0.581979
0.577746
0.552447
0.469856
0.571154
0.520518
0.573452
0.567822
0.535228
0.516062
0.386915
0.386959
0.490413
0.504934
0.406129
0.519331
0.372287
0.553501
0.419014
0.602406
0.547641
0.620255
0.387190
0.606407
0.711144
0.664329
0.582114
0.482706
0.645505
0.652561
0.839236
0.865696
0.860898
0.848405
0.672667
0.645238
0.428593
0.719347
0.780059
0.476912
0.458184
0.435589
0.969387
0.882165
0.534907
0.426717
0.650388
0.430623
0.239891
0.304133
0.488932
0.764520
0.560883
0.571771
0.597120
0.243651
0.772238
0.341463
0.573268
0.528350
0.903979
0.934245
0.638581
0.651402
0.399396
0.609965
0.387984
0.433053
0.676453
0.910186
0.839659
0.684344
0.424772
0.635239
0.939490
0.678755
0.693862
0.576823
0.601689
0.441760
0.618681
0.650596
0.663533
0.692612
0.648823
0.658918
0.643428
0.668841
0.601075
0.625237
0.657537
0.686325
0.659073
0.631306
0.567466
0.602294
0.609616
0.639749
0.454867
0.418515
0.651025
0.601648
0.602902
0.577450
0.572690
0.567124
0.536225
0.456579
0.468795
0.496926
0.575719
0.582141
0.520689
0.506848
0.566070
0.564621
0.461970
0.569738
0.550707
0.544844
0.536097
0.396081
0.513468
0.527125
0.358121
0.500011
0.480190
0.430363
0.404452
0.413923
0.287914
0.400996
0.481754
0.498406
0.293192
0.423006
0.391439
0.519747
0.528845
0.451802
0.381964
0.384824
0.516113
0.574639
0.390815
0.446583
0.582637
0.620700
0.464765
0.507529
0.578760
0.605781
0.620565
0.639171
0.603835
0.713762
0.673901
0.685248
0.520938
0.449177
0.680401
0.501899
0.546256
0.533975
0.557579
0.724920
0.708966
0.669734
0.715759
0.923649
0.826202
0.729768
0.692073
0.822113
0.431750
0.435773
0.687901
0.529512
0.549991
0.463069
0.449419
0.466002
0.585146
0.369674
0.515481
0.562210
0.683385
0.884122
0.435163
0.538358
0.832040
0.434840
0.672735
0.650253
0.792619
0.440315
0.423834
0.441507
0.563820
0.693320
0.607930
0.768529
0.510645
0.907275
0.915841
0.917672
0.893197
0.941621
0.923157
0.934354
1.000000
0.655839
0.650557
0.648958
0.630420
0.680092
0.541869
0.542620
0.487404
0.441498
0.678334
0.650133
0.676144
0.634450
0.635300
0.344889
0.717952
0.639088
0.645430
0.581623
0.585502
0.549426
0.468053
0.466054
0.379806
0.413898
0.395334
0.389525
0.396510
0.384405
0.378883
0.345670
0.413422
0.406941
0.415884
0.436222
0.536617
0.689437
0.700332
0.687255
0.719669
0.692171
0.514911
0.546171
0.567557
0.627289
0.603014
0.662748
0.655515
0.860432
0.380411
0.665362
0.815057
0.871320
0.610122
0.541496
0.465467
0.664426
0.649136
0.591975
0.669204
0.676264
0.499917
0.860479
0.909134
0.692025
0.417629
0.445283
0.415186
0.571213
0.624778
0.555335
0.550053
0.902876
0.968883
0.937287
0.902232
0.929725
0.793880
0.635584
0.615124
0.577503
0.545444
0.530915
0.473280
0.720456
0.685371
0.623750
0.649620
0.416000
0.704925
0.693506
0.538503
0.629476
0.593857
0.575445
0.541039
0.518905
0.445686
0.474632
0.372284
0.393764
0.410975
0.407573
0.450478
0.602775
0.685761
0.598998
0.522405
0.725793
0.645796
0.554365
0.594223
0.589076
0.393021
0.615059
0.734939
0.546690
0.574552
0.602223
0.726276
0.578065
0.670902
0.754108
0.839431
0.870527
0.775223
0.598468
0.399717
0.899967
0.915655
0.864093
0.663594
0.589070
0.484863
0.457145
0.590827
0.761285
0.587065
0.660604
0.705120
0.693645
0.713127
0.398053
0.719497
0.708416
0.497892
0.448128
0.296659
0.535908
0.619763
0.562850
0.522924
0.943161
0.977720
0.925241
0.978835
0.955353
0.907144
0.893371
0.930866
0.771731
0.702531
0.627503
0.644816
0.683409
0.785003
0.653795
0.668922
0.736362
0.663584
0.674456
0.739471
0.641118
0.601604
0.772969
0.788501
0.652929
0.609156
0.774419
0.707915
0.657491
0.639131
0.693093
0.722716
0.797110
0.649231
0.599438
0.736879
0.750846
0.567587
0.570256
0.764355
0.760040
0.504160
0.642788
0.744544
0.692113
0.520862
0.675685
0.685540
0.766641
0.678657
0.693636
0.725589
0.781350
0.675159
0.701134
0.694213
0.708367
0.552000
0.543034
0.539086
0.734928
0.755913
0.565569
0.550527
0.505790
0.527655
0.478888
0.469483
0.532139
0.485047
0.735280
0.728051
0.597209
0.726085
0.685767
0.694509
0.726425
0.558573
0.742138
0.464630
0.440005
0.478717
0.494175
0.475626
0.618440
0.636109
0.647471
0.646626
0.638264
0.652291
0.598470
0.644643
0.621027
0.595537
0.611751
0.623510
0.653132
0.614855
0.609562
0.633103
0.601029
0.576062
0.586198
0.623231
0.627929
0.518237
0.649230
0.604852
0.614248
0.614507
0.567816
0.568874
0.585943
0.516317
0.572635
0.592430
0.563360
0.529555
0.563437
0.496413
0.487569
0.458878
0.529384
0.456692
0.473645
0.658049
0.644692
0.589403
0.599371
0.586697
0.531368
0.598387
0.546311
0.564153
0.579752
0.571284
0.580285
0.579788
0.634917
0.631223
0.602868
0.600524
0.603642
0.642382
0.642303
0.665408
0.595620
0.594337
0.599016
0.583616
0.531151
0.511703
0.549314
0.488356
0.472797
0.547202
0.523561
0.543386
0.486137
0.484563
0.483742
0.467012
0.467866
0.561280
0.526698
0.519619
0.511329
0.533807
0.522916
0.516109
0.538643
0.436589
0.408379
0.550926
0.514099
0.527670
0.549785
0.545495
0.536429
0.603060
0.593946
0.582696
0.528972
0.521233
0.617616
0.620530
0.576057
0.521428
0.477643
0.528973
0.587978
0.563520
0.504573
0.495551
0.564112
0.529877
0.524492
0.501698
0.589786
0.555771
0.501062
0.530696
0.644720
0.551976
0.556208
0.509810
0.553109
0.508791
0.544093
0.504885
0.440670
0.415722
0.405401
0.376245
0.421622
0.548293
0.379082
0.372082
0.396187
0.338506
0.468433
0.439890
0.416852
0.409091
0.527407
0.507611
0.499173
0.484628
0.450642
0.500673
0.497667
0.453616
0.456980
0.500238
0.523605
0.369849
0.455957
0.509990
0.448972
0.562284
0.534230
0.528497
0.531285
0.549661
0.587628
0.577707
0.557971
0.438026
0.483486
0.560635
0.580813
0.473333
0.409717
0.413830
0.519946
0.487098
0.455215
0.478770
0.578430
0.548414
0.544340
0.600374
0.610939
0.530260
0.502709
0.523238
0.612483
0.523683
0.533128
0.537266
0.567245
0.488219
0.506776
0.517931
0.585341
0.485635
0.484245
0.525389
0.544704
0.528139
0.445571
0.476063
0.574611
0.514348
0.449323
0.459408
0.499537
0.420742
0.405512
0.394136
0.514946
0.517688
0.486639
0.535450
0.531384
0.329483
0.309859
0.336500
0.487682
0.459498
0.484738
0.502791
0.491661
0.462345
0.465269
0.463971
0.486071
0.509201
0.536838
0.459081
0.319082
0.309046
0.340584
0.451367
0.386886
0.313256
0.369217
0.357287
0.355532
0.342765
0.420337
0.425315
0.383572
0.374710
0.462194
0.438087
0.466018
0.424498
0.448924
0.438675
0.499776
0.458853
0.419605
0.452329
0.313582
0.462866
0.440246
0.452249
0.519925
0.536559
0.511488
0.472788
0.410152
0.444654
0.506434
0.436082
0.578429
0.570706
0.546689
0.406217
0.391515
0.529344
0.496486
0.376229
0.356867
0.338970
0.480429
0.455363
0.350379
0.333108
0.324959
0.453405
0.308702
0.292988
0.296760
0.496850
0.458077
0.454005
0.449409
0.355563
0.438364
0.347128
0.340864
0.391197
0.407900
0.259489
0.288688
0.269759
0.302580
0.459170
0.442761
0.410904
0.401505
0.368878
0.293529
0.262517
0.273928
0.220732
0.211355
0.221274
0.221209
0.317714
0.325090
0.316515
0.322610
0.325414
0.318791
0.318644
0.346520
0.366465
0.350281
0.338010
0.327640
0.384359
0.412375
0.398733
0.371292
0.366244
0.375234
0.365621
0.354059
0.348267
0.520953
0.478747
0.455461
0.436182
0.494588
0.487011
0.463260
0.446559
0.421389
0.416404
0.375088
0.373716
0.257712
0.320316
0.287753
0.356875
0.259170
0.340819
0.318808
0.324348
0.367030
0.403765
0.266969
0.321090
0.317056
0.298071
0.275039
0.268281
0.268586
0.247499
0.252603
0.434491
0.406819
0.442512
0.422573
0.233113
0.223471
0.225700
0.242007
0.399582
0.385289
0.356725
0.355751
0.282389
0.243368
0.244764
0.257397
0.241453
0.231648
0.339586
0.350450
0.348817
0.361232
0.299213
0.273920
0.263922
0.264692
0.324312
0.314038
0.312913
0.311275
0.327331
0.343608
0.332921
0.269572
0.331384
0.282353
0.262459
0.229734
0.406629
0.391170
0.360197
0.333905
0.417765
0.401727
0.378548
0.379431
0.319302
0.292955
0.264168
0.243198
0.322950
0.308669
0.243308
0.255447
0.393170
0.287150
0.430879
0.342679
0.280677
0.281560
0.269435
0.280642
0.319810
0.380950
0.232942
0.223217
0.265919
0.376240
0.422715
0.437595
0.442090
0.437148
0.381884
0.366760
0.322186
0.332055
0.338668
0.329526
0.299945
0.331474
0.255356
0.243355
0.246253
0.252720
0.206997
0.241550
0.248370
0.255722
0.357119
0.345821
0.337565
0.374909
0.271906
0.343971
0.310891
0.311364
0.289647
0.296530
0.288591
0.282968
0.244038
0.239344
0.254000
0.230640
0.190261
0.166898
0.155669
0.136487
0.322656
0.309869
0.295704
0.329086
0.331520
0.310679
0.295734
0.294284
0.219606
0.203541
0.195664
0.195940
0.198544
0.200555
0.207726
0.258005
0.309447
0.312464
0.313775
0.305564
0.286877
0.297433
0.302042
0.297865
0.297273
0.260028
0.269897
0.266207
0.338361
0.295183
0.305338
0.273759
0.435127
0.442639
0.433750
0.421889
0.353539
0.366127
0.377711
0.371162
0.339594
0.358675
0.363388
0.373216
0.259848
0.249754
0.250110
0.240641
0.183396
0.152485
0.167881
0.189181
0.386395
0.290929
0.256712
0.241666
0.323129
0.312578
0.311297
0.300970
0.265684
0.288072
0.248220
0.230007
0.215413
0.207120
0.208519
0.194789
0.141785
0.128188
0.127963
0.130316
0.212689
0.174056
0.161360
0.159648
0.294206
0.288686
0.281315
0.262221
0.169184
0.160565
0.165185
0.142780
0.194444
0.195616
0.231281
0.226530
0.298383
0.298419
0.297945
0.286764
0.297051
0.287743
0.278078
0.268556
0.257803
0.255665
0.243694
0.231797
0.259200
0.244751
0.216315
0.193075
0.423118
0.404833
0.394690
0.371925
0.369252
0.371054
0.364484
0.343667
0.363644
0.353212
0.350292
0.338296
0.258004
0.259770
0.236979
0.234049
0.148353
0.156355
0.165425
0.174060
0.227329
0.206795
0.201530
0.179870
0.289411
0.268866
0.254872
0.259837
0.224303
0.218347
0.217168
0.213828
0.322543
0.198430
0.222229
0.194501
0.164052
0.127498
0.115426
0.132532
0.173210
0.141208
0.179830
0.223681
0.243219
0.228064
0.183391
0.169706
0.281306
0.085983
0.073638
0.075027
0.063958
0.152505
0.166562
0.194111
0.200271
0.257928
0.254856
0.244263
0.235581
0.252980
0.248943
0.219819
0.224718
0.206231
0.180460
0.168784
0.150239
0.163784
0.136975
0.165347
0.224611
0.360377
0.353446
0.398888
0.392169
0.320820
0.206899
0.338383
0.314304
0.281547
0.259507
0.345711
0.327569
0.304825
0.276557
0.249718
0.232221
0.233281
0.214424
0.187978
0.195928
0.117443
0.097685
0.115922
0.150426
0.137172
0.118741
0.163226
0.032735
0.167608
0.190767
0.243719
0.267831
0.319386
0.238636
0.275273
0.066787
0.231425
0.229038
0.225019
0.233605
0.116016
0.109859
0.104271
0.112085
0.165902
0.183418
0.178783
0.171233
0.195373
0.187571
0.181909
0.196690
0.165636
0.172176
0.203684
0.211183
0.045987
0.056173
0.036750
0.015857
0.110829
0.119449
0.131574
0.133027
0.227254
0.237028
0.229369
0.207268
0.204281
0.194535
0.192504
0.161670
0.140859
0.153619
0.150124
0.158355
0.158255
0.102463
0.089899
0.089609
0.403094
0.293547
0.319903
0.365657
0.290915
0.255932
0.253669
0.266699
0.289668
0.225467
0.181784
0.203341
0.203445
0.158429
0.140670
0.118401
0.103775
0.109559
0.104311
0.098665
0.158919
0.185837
0.125323
0.128663
0.168751
0.181795
0.225603
0.219348
0.165618
0.235096
0.234969
0.268274
0.293867
0.134184
0.128338
0.132685
0.179350
0.169984
0.174454
0.173993
0.173932
0.182577
0.177678
0.157580
0.148870
0.207434
0.211022
0.235728
0.231395
0.022813
0.025942
0.036654
0.049602
0.178881
0.119062
0.106328
0.113655
0.211376
0.200076
0.248474
0.334704
0.167280
0.215411
0.146108
0.140374
0.204858
0.141984
0.149929
0.136781
0.128848
0.205963
0.114911
0.121613
0.130942
0.133881
0.359506
0.336719
0.309782
0.331466
0.291127
0.163612
0.125944
0.132012
0.141361
0.159865
0.123570
0.122994
0.131102
0.101810
0.060980
0.070692
0.070590
0.177507
0.158360
0.120281
0.113978
0.222379
0.219442
0.164968
0.256514
0.204613
0.320774
0.230733
0.163237
0.219783
0.304370
0.286666
0.287781
0.329116
0.196847
0.163744
0.176054
0.183497
0.195713
0.222977
0.148955
0.191344
0.210292
0.204682
0.195106
0.287191
0.288453
0.310080
0.052210
0.060816
0.125373
0.231381
0.163950
0.138521
0.120290
0.119617
0.241529
0.202710
0.197142
0.192745
0.244695
0.320419
0.212966
0.287104
0.225953
0.145916
0.141078
0.144201
0.147235
0.137713
0.141453
0.149418
0.168796
0.368071
0.359281
0.361494
0.391759
0.147363
0.149744
0.149425
0.152028
0.139827
0.147534
0.154221
0.152766
0.098875
0.093574
0.104288
0.103979
0.149390
0.136409
0.128167
0.153377
0.248031
0.262023
0.262097
0.292848
0.169227
0.165672
0.167196
0.172375
0.289724
0.306980
0.220571
0.269047
0.176153
0.192128
0.242320
0.377385
0.230057
0.262707
0.220280
0.188633
0.383920
0.208768
0.217220
0.264003
0.282387
0.295672
0.259578
0.272144
0.278045
0.341114
0.335252
0.177675
0.146370
0.189010
0.235527
0.323058
0.328538
0.192626
0.171749
0.158588
0.148832
0.222790
0.177247
0.220855
0.202286
0.217300
0.232683
0.409486
0.252917
0.256678
0.164047
0.195000
0.193063
0.195652
0.174014
0.181434
0.191403
0.209450
0.367685
0.392456
0.394507
0.418441
0.156547
0.164150
0.172886
0.183326
0.169753
0.169675
0.168992
0.178314
0.107722
0.133643
0.160399
0.156712
0.215342
0.199000
0.166177
0.160656
0.367630
0.439357
0.383257
0.331177
0.180213
0.219112
0.349888
0.335926
0.408147
0.349747
0.279689
0.324446
0.358017
0.318060
0.333076
0.336843
0.248755
0.398968
0.359790
0.345133
0.285284
0.283005
0.310004
0.331984
0.290275
0.289815
0.301158
0.310673
0.231280
0.247450
0.246729
0.259506
0.240389
0.222870
0.205085
0.201368
0.320248
0.355559
0.243644
0.272206
0.280782
0.275283
0.510533
0.337618
0.253431
0.214906
0.225614
0.240328
0.260187
0.215870
0.227843
0.229118
0.262809
0.433521
0.450934
0.466327
0.453659
0.197971
0.207828
0.217341
0.223337
0.196628
0.203465
0.230561
0.244172
0.169873
0.187377
0.250037
0.253448
0.305740
0.367880
0.384274
0.220503
0.370997
0.396760
0.362511
0.392080
0.306947
0.333809
0.326234
0.361454
0.319106
0.354509
0.370267
0.371033
0.314332
0.359240
0.385518
0.367893
0.327261
0.346927
0.368222
0.369500
0.331378
0.336543
0.343823
0.361356
0.331728
0.335973
0.351398
0.366591
0.285109
0.310341
0.330887
0.344901
0.281519
0.300945
0.271266
0.256587
0.352261
0.339078
0.354764
0.439558
0.299688
0.319839
0.332172
0.338869
0.355901
0.268590
0.307324
0.306810
0.345269
0.250597
0.283927
0.272509
0.287444
0.449716
0.476103
0.486825
0.509794
0.240149
0.255322
0.269563
0.302200
0.246157
0.259336
0.287301
0.296273
0.272809
0.289080
0.297298
0.327983
0.412067
0.380906
0.352010
0.330294
0.387660
0.378403
0.440509
0.505055
0.394382
0.435886
0.509920
0.526367
0.480560
0.393809
0.394243
0.407005
0.464740
0.392930
0.428395
0.452188
0.460979
0.380750
0.413174
0.428370
0.468092
0.381409
0.393286
0.417971
0.498883
0.381358
0.410741
0.429090
0.470263
0.363236
0.376902
0.402276
0.412177
0.357688
0.580353
0.492568
0.421866
0.394962
0.360353
0.359153
0.338539
0.327880
0.467202
0.485682
0.549691
0.644165
0.610560
0.333099
0.327286
0.359941
0.487657
0.523083
0.514191
0.514111
0.492999
0.299797
0.315849
0.349008
0.483031
0.546207
0.533144
0.539646
0.565109
0.537252
0.569674
0.536340
0.566802
0.548483
0.611788
0.521922
0.533265
0.300758
0.323154
0.347100
0.489087
0.524601
0.525233
0.569640
0.616914
0.295690
0.301679
0.322672
0.458899
0.502951
0.521015
0.514835
0.522959
0.347334
0.373560
0.445829
0.567707
0.547523
0.496158
0.494741
0.506452
0.454144
0.442719
0.610473
0.516438
0.484274
0.466420
0.476741
0.528078
0.585887
0.523359
0.555569
0.519297
0.541859
0.511957
0.549483
0.595474
0.576918
0.531976
0.494872
0.553606
0.550234
0.586283
0.530799
0.578265
0.650205
0.554139
0.445084
0.529277
0.535838
0.531737
0.506832
0.540957
0.538381
0.445691
0.454099
0.476640
0.478409
0.635001
0.540107
0.543817
0.539420
0.520369
0.509349
0.426707
0.571972
0.563117
0.618639
0.558141
0.628157
0.539422
0.505820
0.521635
0.624194
0.528406
0.501099
0.520178
0.652358
0.503872
0.505601
0.538029
0.631013
0.516402
0.488442
0.523555
0.602040
0.521170
0.481888
0.514702
0.595265
0.479083
0.454888
0.484782
0.635275
0.583933
0.568247
0.534271
0.576382
0.581895
0.646524
0.581300
0.562087
0.585268
0.645845
0.506928
0.508243
0.575154
0.592253
0.558662
0.518254
0.538437
0.617301
0.772583
0.503114
0.608259
0.469682
0.599978
0.576263
0.693073
0.688231
0.732600
0.672009
0.548625
0.618884
0.715799
0.693258
0.631842
0.660967
0.526692
0.574594
0.592322
0.640364
0.685589
0.694599
0.651328
0.713091
0.543635
0.555941
0.583475
0.608358
0.647029
0.555349
0.562182
0.575830
0.600888
0.549981
0.591850
0.592089
0.624037
0.521944
0.533089
0.567078
0.654022
0.630335
0.494990
0.552215
0.604706
0.642502
0.672845
0.671499
0.707209
0.686085
0.700271
0.672937
0.639393
0.618045
0.585947
0.564024
0.590833
0.707066
0.656070
0.630306
0.515305
0.555259
0.592391
0.658339
0.646657
0.755539
0.570139
0.629403
0.748811
0.816801
0.784648
0.622942
0.705331
0.833083
0.599571
0.685301
0.750710
0.662529
0.719169
0.800248
0.788035
0.772028
0.689527
0.734622
0.690475
0.736305
0.750985
0.747700
0.684710
0.714051
0.810444
0.742159
0.764606
0.800078
0.736281
0.695461
0.664405
0.756814
0.761386
0.756763
0.720281
0.725840
0.824626
0.815931
0.763206
0.811874
0.719117
0.756089
0.741242
0.694447
0.799130
0.752172
0.761812
0.779330
0.793284
0.774351
0.804412
0.823167
0.764589
0.813064
0.854803
0.807746
0.814955
0.853243
0.871783
0.878618
0.924521
0.941593
0.852215
0.846015
0.952195
0.901103
0.936829
0.899802
0.880249
0.919451
0.635935
0.705046
0.818291
0.816124
0.601000
0.619643
0.727416
0.780088
0.313897
0.339704
0.305015
0.313642
0.409061
0.455573
0.466323
0.525242
0.493985
0.561929
0.489731
0.503105
0.421297
0.354984
0.260261
0.280512
0.272117
0.288899
0.495576
0.388528
0.473520
0.519053
0.460443
0.452584
0.511229
0.467649
0.364852
0.441822
0.438943
0.224289
0.173110
0.179535
0.190793
0.230936
0.430074
0.438644
0.422441
0.624221
0.578123
0.591950
0.559567
0.637743
0.666952
0.635877
0.638977
0.561376
0.648937
0.628402
0.533419
0.453701
0.578137
0.618812
0.633563
0.603605
0.730757
0.650076
0.620345
0.775426
0.778220
0.796050
0.670028
0.639868
0.428887
0.516993
0.589788
0.601866
0.606428
0.578708
0.483077
0.308101
0.590056
0.575807
0.538450
0.457288
0.353507
0.488601
0.584870
0.608711
0.510156
0.560368
0.559297
0.518474
0.463490
0.557748
0.561544
0.596960
0.628254
0.613300
0.543346
0.560575
0.547319
0.668647
0.681789
0.680324
0.677773
0.214868
0.232423
0.231168
0.439624
0.486391
0.457755
0.447165
0.363326
0.320682
0.483080
0.462121
0.392587
0.296727
0.220530
0.245976
0.276092
0.234559
0.423016
0.462891
0.220036
0.387279
0.499234
0.542453
0.475407
0.490842
0.534842
0.426155
0.416891
0.489327
0.424408
0.376555
0.413118
0.422133
0.431920
0.301058
0.429236
0.505742
0.532430
0.520639
0.491807
0.442507
0.559333
0.465961
0.502685
0.531772
0.530968
0.553898
0.639144
0.624936
0.621403
0.656035
0.633266
0.584190
0.482760
0.634462
0.627854
0.549187
0.568051
0.601712
0.618865
0.532273
0.598465
0.649840
0.607614
0.676129
0.598954
0.622713
0.557309
0.275383
0.318968
0.333005
0.326975
0.485776
0.488583
0.310200
0.329813
0.318835
0.297840
0.342755
0.493680
0.547369
0.483090
0.415691
0.440307
0.501271
0.457789
0.440181
0.425411
0.310589
0.334045
0.218344
0.212749
0.186704
0.725523
0.769804
0.782447
0.745078
0.499657
0.611302
0.529748
0.529944
0.518780
0.496539
0.645788
0.659335
0.672028
0.651034
0.206943
0.255998
0.288191
0.268056
0.488136
0.542227
0.442544
0.253371
0.263049
0.251970
0.225978
0.475438
0.472692
0.461820
0.303621
0.295525
0.303039
0.259093
0.592579
0.554648
0.456932
0.473796
0.329942
0.439835
0.567087
0.600555
0.500745
0.596689
0.728819
0.709696
0.688033
0.656273
0.601688
0.633725
0.660859
0.582355
0.479195
0.628222
0.612203
0.349262
0.380978
0.351829
0.250380
0.419081
0.385202
0.327038
0.238015
0.203757
0.218288
0.340307
0.439472
0.500555
0.446535
0.251349
0.304156
0.458367
0.464575
0.543329
0.602406
0.554921
0.517082
0.463518
0.397366
0.471755
0.369607
0.807582
0.674668
0.642600
0.687767
0.728788
0.663253
0.691653
0.696647
0.591248
0.594494
0.530078
0.372704
0.375176
0.425644
0.371148
0.437005
0.516189
0.472919
0.470174
0.489787
0.539534
0.509877
0.494007
0.308094
0.273049
0.267119
0.251078
0.392180
0.421312
0.502565
0.446488
0.189120
0.167953
0.192793
0.447324
0.505244
0.459005
0.319675
0.255195
0.278968
0.274719
0.359646
0.289312
0.380502
0.466113
0.483299
0.374534
0.332064
0.316459
0.608922
0.579206
0.494346
0.490890
0.388850
0.475943
0.552044
0.595068
0.644205
0.645180
0.672863
0.578747
0.885938
0.897569
0.904365
0.879693
0.881853
0.680204
0.723573
0.621282
0.728003
0.623272
0.687444
0.670934
0.574054
0.273505
0.284482
0.281663
0.255515
0.460226
0.500818
0.486797
0.523939
0.455825
0.408422
0.470833
0.473527
0.399797
0.384421
0.191168
0.234247
0.276219
0.350332
0.522298
0.533074
0.354774
0.459986
0.524745
0.466859
0.367680
0.244184
0.354076
0.358973
0.343271
0.378913
0.434095
0.316592
0.301052
0.350857
0.414419
0.498592
0.584574
0.632109
0.628553
0.609778
0.533682
0.540915
0.413826
0.840207
0.842119
0.792332
0.761394
0.876205
0.807776
0.936664
0.855152
0.845270
0.893256
0.351151
0.358292
0.338836
0.370861
0.271504
0.284782
0.259935
0.247804
0.470901
0.393783
0.239165
0.228771
0.251637
0.228448
0.208780
0.584343
0.557441
0.527313
0.525818
0.788627
0.879395
0.242638
0.231258
0.217575
0.192494
0.204197
0.179006
0.217102
0.233955
0.408920
0.359011
0.396168
0.339523
0.362284
0.334817
0.384530
0.376692
0.376814
0.380621
0.388742
0.390886
0.399520
0.205219
0.528292
0.179586
0.752730
0.657910
0.538069
0.770477
0.780799
0.764611
0.765232
0.742831
0.490934
0.493226
0.480185
0.459986
0.349880
0.319801
0.336059
0.327021
0.486915
0.489691
0.724393
0.762592
0.723943
0.512395
0.507779
0.539131
0.560419
0.470330
0.366802
0.325911
0.327646
0.843305
0.140233
0.374059
0.342573
0.301992
0.359747
0.297745
0.282179
0.412803
0.441362
0.738140
0.666852
0.659806
0.649912
0.623823
0.644909
0.603224
0.467196
0.468901
0.473111
0.420127
0.562482
0.601343
0.775969
0.580580
0.626732
0.202011
0.619081
0.549567
0.477694
0.482591
0.631793
0.563463
0.635084
0.564186
0.820802
0.598254
0.647099
0.642749
0.675227
0.172142
0.109181
0.492806
0.544206
0.483819
0.459134
0.462234
0.787409
0.708331
0.618818
0.494309
0.495307
0.588637
0.563438
0.526240
0.608386
0.755023
0.751255
0.764282
0.913049
0.603822
0.603551
0.492231
0.575087
0.581997
0.601817
0.615071
0.575449
0.578551
0.595591
0.768905
0.731928
0.851807
0.661388
0.641994
0.694595
0.674859
0.577268
0.613277
0.356929
0.687453
0.679886
0.647156
0.381472
0.366093
0.285694
0.174172
0.774215
0.679730
0.755285
0.905627
0.898749
0.901938
0.965413
0.926676
0.931127
0.936403
0.897252
0.948454
0.899610
0.909559
0.874205
0.952725
0.893681
0.911144
0.996702
0.933708
0.918449
0.960857
0.882615
0.891448
0.879607
0.933226
0.922561
0.937519
0.941917
0.944395
0.959231
0.855314
0.796323
0.664517
0.620138
0.651299
0.645451
0.737107
0.736838
0.684349
0.664865
0.647304
0.614415
0.672214
0.710857
0.622202
0.585307
0.628649
0.768359
0.687567
0.705967
0.724109
0.730485
0.718007
0.688283
0.610475
0.677466
0.601505
0.624558
0.605364
0.752528
0.699243
0.624481
0.639391
0.588322
0.624591
0.714391
0.713386
0.670728
0.626621
0.690879
0.576670
0.634875
0.615597
0.573506
0.567479
0.648860
0.698958
0.742830
0.756153
0.748295
0.772840
0.757383
0.740482
0.710577
0.634612
0.515175
0.521690
0.533475
0.656035
0.674027
0.621655
0.606973
0.524288
0.645576
0.679101
0.661216
0.621466
0.605788
0.639873
0.630153
0.706518
0.656889
0.633762
0.605377
0.633056
0.659520
0.616981
0.452253
0.414203
0.443228
0.426918
0.404098
0.402029
0.412646
0.539874
0.611686
0.562111
0.630056
0.592136
0.561357
0.601155
0.552351
0.540871
0.536804
0.513235
0.407704
0.419135
0.444190
0.461548
0.655845
0.627748
0.604216
0.657561
0.646566
0.617213
0.620655
0.559451
0.569226
0.552115
0.615602
0.582911
0.559829
0.613607
0.593813
0.586673
0.600855
0.653263
0.620561
0.646619
0.623875
0.609042
0.617359
0.604640
0.621304
0.558272
0.603494
0.595802
0.571399
0.587463
0.632796
0.614417
0.638351
0.628291
0.549544
0.547694
0.588996
0.559006
0.538320
0.548742
0.540182
0.521918
0.524316
0.566274
0.519064
0.516343
0.528958
0.566960
0.510733
0.535109
0.518553
0.530812
0.546603
0.526607
0.531461
0.538401
0.533259
0.528394
0.482254
0.577601
0.588520
0.528423
0.599718
0.636618
0.534258
0.549058
0.547053
0.571456
0.576604
0.569639
0.546439
0.537285
0.530777
0.691157
0.634192
0.635009
0.611109
0.521328
0.531884
0.565506
0.504157
0.494179
0.562392
0.597182
0.524894
0.512267
0.573954
0.598368
0.559166
0.532388
0.510604
0.523512
0.479049
0.431767
0.515730
0.480689
0.441088
0.506741
0.426354
0.410473
0.433144
0.469533
0.458715
0.429859
0.448784
0.386235
0.501360
0.484527
0.456481
0.428088
0.523342
0.495783
0.495705
0.462070
0.503637
0.359992
0.427255
0.511313
0.444588
0.513238
0.518050
0.588671
0.518736
0.528901
0.530359
0.534521
0.516150
0.591372
0.644818
0.556649
0.561628
0.426817
0.475962
0.461883
0.526296
0.588304
0.495614
0.514123
0.476456
0.533650
0.507620
0.538498
0.474555
0.501592
0.505025
0.490028
0.541028
0.590466
0.487426
0.488660
0.489248
0.568673
0.418339
0.470536
0.451492
0.550786
0.379618
0.413957
0.386387
0.530416
0.540265
0.503535
0.569183
0.568005
0.545395
0.523681
0.527093
0.514739
0.353502
0.297873
0.435627
0.336384
0.259268
0.304754
0.340556
0.293576
0.280029
0.385482
0.408161
0.365122
0.358075
0.442751
0.435834
0.420421
0.408139
0.394342
0.432156
0.384392
0.414008
0.362275
0.332408
0.408900
0.588967
0.391261
0.590572
0.398867
0.416349
0.428341
0.457090
0.479531
0.528898
0.538162
0.425398
0.377046
0.450389
0.616305
0.614290
0.539565
0.604518
0.488810
0.457688
0.364231
0.477738
0.364351
0.337189
0.339830
0.441509
0.320017
0.313651
0.287560
0.413353
0.272413
0.269139
0.296948
0.367091
0.436690
0.466983
0.319587
0.336513
0.287962
0.359627
0.510305
0.487837
0.508443
0.513891
0.477396
0.439905
0.484909
0.295292
0.310299
0.245260
0.253383
0.374541
0.320392
0.269666
0.221609
0.336026
0.328824
0.333941
0.326707
0.395776
0.405325
0.351576
0.331907
0.398668
0.402782
0.366712
0.347870
0.392877
0.425154
0.378526
0.366948
0.438820
0.445191
0.414316
0.389610
0.447637
0.469110
0.407904
0.381933
0.442309
0.334307
0.311358
0.424445
0.373001
0.381929
0.401332
0.354590
0.342977
0.332000
0.333444
0.343206
0.351545
0.294656
0.311619
0.280426
0.264500
0.267001
0.274109
0.263443
0.266058
0.365201
0.422439
0.372330
0.301189
0.347726
0.276486
0.233957
0.230669
0.243743
0.270016
0.261314
0.271046
0.328379
0.302187
0.272648
0.320018
0.329456
0.240132
0.239917
0.250392
0.242920
0.321994
0.314230
0.343255
0.301393
0.329868
0.350214
0.289314
0.284602
0.295444
0.329175
0.285264
0.245347
0.306516
0.324679
0.256544
0.233479
0.329671
0.364258
0.311879
0.295589
0.335159
0.349067
0.312930
0.289807
0.409626
0.418699
0.322395
0.305400
0.332570
0.286866
0.263307
0.303056
0.303090
0.390783
0.353505
0.340107
0.389381
0.428188
0.227283
0.230336
0.255530
0.353990
0.399530
0.326847
0.325002
0.303474
0.292864
0.317431
0.302251
0.345102
0.344317
0.336577
0.318692
0.344629
0.321650
0.302063
0.342474
0.374070
0.307317
0.308867
0.305240
0.288665
0.246726
0.242057
0.248374
0.252975
0.303279
0.316919
0.305213
0.330172
0.280581
0.278116
0.280794
0.264708
0.192036
0.223897
0.176953
0.172100
0.188269
0.212774
0.172091
0.162773
0.269722
0.278318
0.252300
0.239621
0.263315
0.266645
0.244465
0.238387
0.317053
0.324361
0.330512
0.320691
0.312498
0.302826
0.315752
0.313786
0.334188
0.373318
0.333856
0.317756
0.244731
0.282491
0.237458
0.217940
0.257835
0.357539
0.242300
0.214614
0.343027
0.346030
0.353063
0.355627
0.355765
0.350352
0.355599
0.356720
0.366240
0.365778
0.358079
0.351118
0.266818
0.268955
0.249490
0.258231
0.255264
0.262797
0.282275
0.302503
0.273038
0.298189
0.260978
0.263038
0.241369
0.225754
0.237880
0.268488
0.169262
0.182262
0.170035
0.176439
0.141432
0.155062
0.131002
0.126263
0.226426
0.242602
0.215843
0.219694
0.200741
0.218192
0.193325
0.180605
0.313569
0.314508
0.303430
0.308214
0.310785
0.313590
0.305034
0.290061
0.314594
0.318356
0.312475
0.288087
0.198102
0.209791
0.181020
0.167317
0.208705
0.210690
0.196007
0.183199
0.343250
0.354671
0.337048
0.313453
0.354546
0.357618
0.352499
0.358626
0.352579
0.354559
0.350330
0.340809
0.223223
0.232638
0.210158
0.194813
0.248638
0.267144
0.239809
0.220371
0.250767
0.259109
0.249755
0.267452
0.289995
0.314190
0.242070
0.324572
0.329635
0.177012
0.280321
0.155841
0.144993
0.152286
0.177094
0.139158
0.131968
0.151667
0.141792
0.186834
0.208807
0.164822
0.168907
0.156772
0.190567
0.148814
0.131529
0.276647
0.289906
0.258786
0.243596
0.260147
0.267125
0.253985
0.244859
0.280719
0.268422
0.247787
0.254026
0.105706
0.122538
0.090434
0.088409
0.110838
0.139053
0.092711
0.174085
0.267944
0.298738
0.253908
0.243933
0.307342
0.343525
0.295822
0.267813
0.327596
0.354042
0.305788
0.269890
0.140488
0.168266
0.141205
0.129980
0.189109
0.210832
0.224162
0.232336
0.294077
0.205830
0.221715
0.198455
0.152023
0.119132
0.102829
0.131723
0.124029
0.169446
0.161388
0.146041
0.160793
0.147481
0.142028
0.137887
0.147532
0.217968
0.209528
0.185779
0.206798
0.126015
0.128957
0.202730
0.170376
0.141011
0.130609
0.235394
0.238049
0.217914
0.213503
0.227325
0.233489
0.216276
0.206918
0.224958
0.228679
0.210856
0.211882
0.076896
0.080842
0.087197
0.103017
0.240370
0.260445
0.247833
0.187685
0.114948
0.226286
0.232524
0.240368
0.217529
0.228031
0.237833
0.197431
0.149858
0.210898
0.240807
0.186682
0.113023
0.120301
0.135590
0.139840
0.149796
0.173463
0.213134
0.177761
0.191627
0.182484
0.154111
0.172659
0.159218
0.135416
0.142140
0.135622
0.159327
0.171116
0.180161
0.171868
0.173440
0.140686
0.134660
0.133109
0.141813
0.198919
0.205696
0.199994
0.199698
0.148350
0.147610
0.164096
0.159066
0.195110
0.211639
0.205109
0.199062
0.209776
0.208137
0.207627
0.146502
0.166745
0.249049
0.135089
0.191978
0.112331
0.103476
0.131561
0.130141
0.115325
0.104935
0.127758
0.195376
0.174338
0.170768
0.166132
0.182273
0.130365
0.125308
0.132427
0.139931
0.106254
0.094839
0.108562
0.143370
0.266026
0.195506
0.168161
0.151758
0.198953
0.204128
0.315871
0.205454
0.200596
0.289919
0.207385
0.159057
0.301246
0.316051
0.236955
0.226595
0.302162
0.247934
0.244880
0.189525
0.313496
0.256638
0.290811
0.229133
0.199433
0.210058
0.336256
0.270072
0.245573
0.230974
0.190385
0.296118
0.177177
0.217606
0.166215
0.290492
0.200113
0.146227
0.178521
0.164392
0.162330
0.249175
0.204968
0.336326
0.205545
0.218083
0.219647
0.268229
0.183908
0.191630
0.136924
0.135420
0.158903
0.161268
0.174895
0.184149
0.207868
0.193635
0.196527
0.187601
0.194358
0.202056
0.151797
0.144989
0.153310
0.155632
0.128194
0.128706
0.136585
0.146581
0.167928
0.151372
0.167579
0.172796
0.206873
0.211389
0.208848
0.210318
0.200554
0.206206
0.207040
0.219844
0.227546
0.183043
0.377036
0.245480
0.304530
0.343550
0.290680
0.337185
0.282829
0.348704
0.227988
0.208153
0.278895
0.333549
0.160688
0.171538
0.165830
0.260816
0.313616
0.183299
0.203333
0.247108
0.177053
0.171567
0.140414
0.195063
0.200556
0.416289
0.299404
0.229090
0.188088
0.362976
0.191362
0.203503
0.189178
0.194572
0.191795
0.176372
0.199140
0.204101
0.214984
0.208704
0.240006
0.232899
0.215076
0.201572
0.224836
0.244857
0.182607
0.154745
0.160848
0.183022
0.160072
0.164309
0.176675
0.212001
0.226184
0.191763
0.363064
0.281778
0.377032
0.413153
0.376447
0.271258
0.337927
0.281689
0.262817
0.211618
0.376017
0.297028
0.302964
0.317168
0.324419
0.320017
0.324386
0.331583
0.327277
0.328503
0.337234
0.378446
0.388142
0.386495
0.341212
0.333147
0.286924
0.315677
0.302016
0.313427
0.271956
0.299052
0.291462
0.295366
0.211061
0.214825
0.386732
0.346084
0.313155
0.384579
0.240302
0.195388
0.348830
0.213942
0.213494
0.223014
0.255518
0.226117
0.215873
0.241748
0.243771
0.259418
0.249116
0.264075
0.281913
0.251244
0.235440
0.267596
0.285728
0.209373
0.189857
0.198404
0.228355
0.195987
0.202516
0.211773
0.229796
0.280747
0.259325
0.287858
0.345791
0.343992
0.304990
0.364560
0.386885
0.346125
0.323162
0.345645
0.362607
0.348569
0.337779
0.379207
0.386866
0.350946
0.341303
0.359038
0.365171
0.339146
0.333364
0.338833
0.365837
0.343109
0.328530
0.347242
0.369675
0.334574
0.321021
0.340498
0.371560
0.459742
0.473351
0.366560
0.391242
0.361324
0.311511
0.425742
0.418070
0.331082
0.287882
0.268766
0.308666
0.313264
0.276229
0.273171
0.288361
0.286137
0.296398
0.281485
0.315633
0.332157
0.299398
0.283582
0.310219
0.329250
0.261313
0.245596
0.296637
0.301512
0.250135
0.232875
0.268869
0.288628
0.340464
0.328194
0.410155
0.486294
0.452058
0.459398
0.485182
0.420411
0.398887
0.449571
0.511517
0.418522
0.389202
0.424020
0.449469
0.429716
0.392406
0.443600
0.478826
0.383155
0.383523
0.425378
0.440858
0.414498
0.382426
0.419856
0.460436
0.416406
0.388106
0.431514
0.469542
0.344198
0.348954
0.375843
0.442305
0.606355
0.547151
0.421746
0.386256
0.572269
0.593482
0.350214
0.346393
0.342378
0.422948
0.341748
0.312008
0.356311
0.438439
0.360902
0.334439
0.391011
0.438138
0.366758
0.373902
0.423526
0.326005
0.326676
0.339934
0.424725
0.326117
0.308641
0.326477
0.428514
0.503588
0.485718
0.572804
0.604622
0.565719
0.574248
0.513734
0.579684
0.577422
0.514947
0.497791
0.542570
0.520393
0.630047
0.525741
0.542079
0.510896
0.603772
0.542145
0.611449
0.516147
0.556021
0.562626
0.519273
0.492548
0.551008
0.522383
0.534085
0.508043
0.538911
0.519603
0.451217
0.436747
0.482345
0.520311
0.650986
0.564470
0.610633
0.644464
0.568969
0.471503
0.496926
0.494762
0.502712
0.480542
0.506336
0.534223
0.561011
0.484529
0.498785
0.489726
0.519168
0.480581
0.553290
0.493104
0.513204
0.468555
0.482223
0.492966
0.514182
0.495306
0.503877
0.492063
0.511635
0.592587
0.540799
0.624971
0.583680
0.480744
0.481232
0.447281
0.559518
0.608869
0.545564
0.594530
0.567108
0.581513
0.587109
0.521871
0.553254
0.606240
0.561591
0.558492
0.546349
0.552078
0.546723
0.552318
0.630684
0.556283
0.538575
0.577249
0.526831
0.574208
0.660164
0.576921
0.542998
0.571504
0.610322
0.547940
0.553647
0.588895
0.597936
0.533346
0.533326
0.547610
0.606237
0.547502
0.510540
0.630765
0.592008
0.635851
0.615465
0.595958
0.543977
0.541984
0.526414
0.538007
0.606035
0.546133
0.568978
0.503858
0.633847
0.640734
0.620351
0.687469
0.586282
0.506382
0.565727
0.541446
0.623023
0.638395
0.594134
0.468048
0.695962
0.688907
0.751568
0.743033
0.767431
0.728465
0.683721
0.726204
0.603624
0.686748
0.684357
0.683356
0.606543
0.570064
0.719544
0.627325
0.775045
0.630300
0.596590
0.639857
0.680448
0.631812
0.656208
0.642482
0.718876
0.715977
0.703057
0.691173
0.675032
0.677484
0.624990
0.600616
0.604682
0.727453
0.622200
0.705610
0.723696
0.642441
0.684624
0.672682
0.626254
0.656513
0.710577
0.692396
0.691886
0.659731
0.640283
0.666988
0.657899
0.663659
0.687806
0.727622
0.707557
0.830477
0.767061
0.661040
0.686229
0.633931
0.643080
0.651351
0.750046
0.702657
0.796279
0.753763
0.814743
0.860736
0.833560
0.824419
0.843733
0.784057
0.855083
0.860708
0.853635
0.807510
0.864093
0.830436
0.908194
0.769408
0.776012
0.806448
0.842294
0.947289
0.945255
0.956728
0.931796
0.923796
0.853736
0.870037
0.868550
0.876631
0.898400
0.923216
0.664561
0.712393
0.475264
0.425638
0.471406
0.518698
0.476238
0.551576
0.453630
0.362085
0.503363
0.471522
0.431113
0.464458
0.225661
0.656751
0.635996
0.689848
0.670685
0.620045
0.672420
0.589463
0.540695
0.736722
0.728448
0.716650
0.713941
0.756056
0.472113
0.334263
0.549095
0.597078
0.582847
0.601698
0.512690
0.405737
0.506137
0.510116
0.501689
0.538464
0.518995
0.516221
0.453954
0.474028
0.360399
0.520855
0.457679
0.433218
0.453212
0.453268
0.527751
0.405150
0.556459
0.483009
0.454252
0.442276
0.392514
0.549357
0.520581
0.592253
0.499734
0.606884
0.579058
0.596367
0.581796
0.544607
0.561337
0.509400
0.642367
0.591611
0.584343
0.646526
0.598251
0.535669
0.471553
0.525867
0.481485
0.491789
0.388141
0.528986
0.470877
0.460447
0.458393
0.246673
0.713407
0.693088
0.724702
0.708294
0.632004
0.609176
0.663325
0.575193
0.553453
0.463827
0.379980
0.427598
0.451485
0.529688
0.430374
0.437249
0.543093
0.579163
0.532824
0.588630
0.480532
0.343967
0.644648
0.617222
0.576889
0.734349
0.668455
0.697982
0.643816
0.598512
0.576503
0.665426
0.553712
0.536857
0.630290
0.615898
0.378037
0.323076
0.428807
0.514815
0.455274
0.450067
0.325190
0.444361
0.337753
0.519044
0.561750
0.544130
0.589520
0.450001
0.449238
0.778539
0.764307
0.754870
0.582318
0.651094
0.531046
0.596530
0.508907
0.606482
0.641167
0.650730
0.589814
0.674169
0.655547
0.468319
0.514924
0.519782
0.476208
0.442467
0.416741
0.458888
0.315465
0.528137
0.460483
0.430761
0.433783
0.425586
0.481430
0.474891
0.594986
0.631357
0.578916
0.599895
0.458857
0.365402
0.553014
0.656388
0.594551
0.568039
0.900264
0.856786
0.693608
0.661329
0.708148
0.639764
0.493752
0.473105
0.458947
0.490884
0.496693
0.472714
0.391718
0.388127
0.463406
0.374680
0.506033
0.452606
0.428433
0.385685
0.287538
0.460282
0.453942
0.512778
0.513148
0.529033
0.454433
0.374570
0.749063
0.757670
0.786744
0.809961
0.697913
0.900778
0.577572
0.587238
0.615673
0.566213
0.877000
0.863848
0.885239
0.444859
0.499091
0.481814
0.492397
0.406755
0.389564
0.441650
0.334529
0.558595
0.603740
0.567251
0.607237
0.466650
0.384506
0.453212
0.363140
0.525411
0.474381
0.441574
0.464568
0.433391
0.519903
0.536043
0.597282
0.599624
0.571409
0.598339
0.498372
0.415109
0.747844
0.746971
0.709980
0.730921
0.580659
0.523320
0.583474
0.549780
0.597297
0.424151
0.507853
0.479948
0.472417
0.387095
0.369094
0.532691
0.563755
0.567977
0.500904
0.545358
0.459625
0.475804
0.363081
0.520707
0.468252
0.449696
0.409888
0.361997
0.525602
0.375723
0.598400
0.634442
0.586190
0.611398
0.498917
0.449668
0.076604
0.070711
0.082851
0.094627
0.147873
0.164233
0.153936
0.143688
0.259036
0.236457
0.282902
0.297337
0.154421
0.176377
0.148303
0.133389
0.344165
0.301268
0.368834
0.407681
0.745373
0.410350
0.383821
0.470266
0.495682
0.384323
0.398134
0.426784
0.407821
0.690785
0.539228
0.550423
0.407662
0.421835
0.455670
0.520629
0.157876
0.165438
0.137254
0.118061
0.329997
0.369250
0.289335
0.257760
0.003043
0.021629
0.009501
0.022775
0.127023
0.096678
0.138977
0.166543
0.332491
0.305852
0.349960
0.380719
0.139665
0.153069
0.113865
0.171344
0.269498
0.290195
0.268933
0.282565
0.216011
0.244271
0.308028
0.293825
0.420790
0.440522
0.415709
0.463492
0.479425
0.553144
0.566412
0.531817
0.515705
0.638763
0.772544
0.587544
0.555112
0.546706
0.590852
0.722240
0.597742
0.658950
0.604166
0.631644
0.587847
0.566356
0.200701
0.204647
0.207994
0.203703
0.115776
0.105564
0.123120
0.129218
0.157826
0.140164
0.221972
0.197410
0.351458
0.328853
0.520991
0.572508
0.400304
0.426432
0.211947
0.217369
0.206350
0.192718
0.568340
0.530029
0.620100
0.460408
0.594177
0.612448
0.613882
0.544876
0.752509
0.751564
0.724256
0.604468
0.599455
0.633254
0.647488
0.129378
0.106237
0.193354
0.168217
0.028517
0.026920
0.032412
0.043140
0.025130
0.088977
0.039585
0.065134
0.471962
0.487086
0.447233
0.429984
0.425767
0.440190
0.456407
0.480226
0.195392
0.217970
0.220784
0.223164
0.389924
0.455919
0.355871
0.392014
0.668236
0.560822
0.687608
0.605621
0.554846
0.680652
0.190737
0.197243
0.240642
0.269565
0.230578
0.270352
0.204256
0.201049
0.150655
0.135761
0.166934
0.164435
0.107388
0.042198
0.098592
0.135995
0.563463
0.564432
0.562537
0.615167
0.564309
0.528713
0.272047
0.281814
0.244864
0.234710
0.538223
0.506086
0.526648
0.549885
0.703590
0.671663
0.700662
0.634687
0.877925
0.737127
0.711367
0.734311
0.111110
0.118836
0.107440
0.094153
0.191843
0.186430
0.206345
0.233060
0.060113
0.055059
0.071400
0.111406
0.116657
0.088432
0.133406
0.085510
0.436628
0.472037
0.600929
0.517281
0.466157
0.287412
0.312299
0.250238
0.250370
0.520976
0.590797
0.511720
0.513845
0.821636
0.709412
0.849363
0.572336
0.555402
0.592393
0.193493
0.221142
0.174031
0.144271
0.866328
0.171012
0.184029
0.180276
0.220447
0.205859
0.203119
0.215678
0.230773
0.191994
0.179000
0.210483
0.213225
0.042224
0.065860
0.040254
0.033842
0.499825
0.512278
0.578788
0.619488
0.545891
0.358337
0.367504
0.309581
0.365012
0.308145
0.600665
0.481241
0.502497
0.705762
0.656239
0.333529
0.235863
0.349096
0.199483
0.201152
0.689030
0.714749
0.816383
0.072752
0.081931
0.079349
0.061934
0.171614
0.156499
0.174656
0.175811
0.228801
0.280200
0.234130
0.267788
0.217473
0.236257
0.194232
0.220372
0.114712
0.126850
0.100172
0.092599
0.676519
0.479169
0.446429
0.380880
0.376301
0.411952
0.363049
0.323329
0.459141
0.466945
0.527481
0.218958
0.245075
0.200478
0.186947
0.703807
0.722216
0.109843
0.107957
0.221590
0.253453
0.119010
0.112005
0.200621
0.234143
0.170024
0.163027
0.241702
0.236310
0.268084
0.286288
0.033899
0.112381
0.038219
0.077977
0.720910
0.662856
0.425830
0.421008
0.398400
0.439322
0.434206
0.712908
0.695794
0.721157
0.720334
0.211409
0.205368
0.220260
0.208283
0.328754
0.429730
0.382700
0.133615
0.156922
0.419962
0.413513
0.986391
0.915070
0.964309
0.953872
0.911529
0.957099
0.874619
0.897234
0.927678
0.898484
0.895467
0.902671
0.907264
0.926636
0.917981
0.955959
0.945244
0.903246
0.859107
0.876211
0.858046
0.886018
0.966702
0.937103
0.959418
0.796544
0.768514
0.719029
0.725374
0.680928
0.685844
0.643720
0.593459
0.619248
0.666466
0.620001
0.711741
0.669284
0.795788
0.721601
0.730565
0.657630
0.705348
0.742258
0.606729
0.739928
0.676686
0.654157
0.718477
0.727563
0.676009
0.715031
0.745125
0.611802
0.736750
0.652895
0.574002
0.551508
0.667605
0.646768
0.633376
0.695350
0.738117
0.777279
0.751125
0.699211
0.702693
0.677910
0.772384
0.752314
0.668414
0.616790
0.731728
0.728710
0.692190
0.568247
0.706104
0.654861
0.573820
0.642303
0.700446
0.753196
0.652367
0.676915
0.570152
0.617797
0.736120
0.713170
0.705818
0.688406
0.697284
0.714004
0.569104
0.566595
0.757759
0.751839
0.624358
0.639276
0.704625
0.591987
0.596343
0.546208
0.597200
0.522159
0.597093
0.600904
0.524318
0.582211
0.566315
0.527348
0.592592
0.703378
0.720515
0.678057
0.772427
0.681407
0.666085
0.776090
0.723227
0.750578
0.750240
0.764924
0.742280
0.767574
0.746340
0.745973
0.739779
0.685864
0.735616
0.704269
0.653966
0.562074
0.484184
0.517146
0.591121
0.662202
0.473586
0.467730
0.547397
0.534967
0.679595
0.670454
0.682124
0.689689
0.470355
0.675660
0.671914
0.662980
0.559877
0.658555
0.608426
0.669957
0.653864
0.646024
0.721065
0.600561
0.650601
0.723365
0.734104
0.727915
0.737927
0.602798
0.612808
0.640579
0.580550
0.727943
0.600500
0.636825
0.592061
0.551018
0.567416
0.579559
0.496236
0.541339
0.559526
0.499768
0.530825
0.503578
0.489004
0.455866
0.454202
0.478420
0.603647
0.508255
0.513028
0.435036
0.611967
0.405173
0.502328
0.452981
0.380258
0.528535
0.546475
0.629390
0.614694
0.542383
0.558040
0.569301
0.594924
0.590159
0.670170
0.591530
0.540506
0.540768
0.538576
0.547482
0.611768
0.479700
0.490052
0.520456
0.544445
0.419677
0.493334
0.421778
0.452318
0.464877
0.454339
0.628463
0.661037
0.443203
0.636985
0.647166
0.649243
0.632844
0.632827
0.630208
0.586793
0.611378
0.637465
0.590360
0.618533
0.601324
0.574908
0.607486
0.617803
0.613367
0.587685
0.566026
0.565893
0.605367
0.578434
0.555366
0.593748
0.589318
0.610299
0.622081
0.597765
0.588622
0.598454
0.587697
0.625992
0.653142
0.622516
0.639891
0.655899
0.661344
0.612952
0.624425
0.623247
0.624134
0.593996
0.597418
0.591629
0.609552
0.611294
0.638356
0.593711
0.583962
0.526517
0.534088
0.559536
0.590097
0.637075
0.630745
0.593873
0.641723
0.586933
0.562737
0.640314
0.560365
0.593464
0.585118
0.583552
0.510205
0.564182
0.522465
0.537566
0.562665
0.571984
0.599183
0.574460
0.426000
0.480172
0.516223
0.486251
0.526176
0.521132
0.587869
0.534826
0.495808
0.502895
0.489838
0.520019
0.561531
0.529933
0.543658
0.534538
0.512098
0.518351
0.509660
0.525895
0.511626
0.524000
0.527396
0.525294
0.549934
0.541380
0.526394
0.530519
0.461027
0.532545
0.537592
0.530596
0.536643
0.520048
0.503546
0.497003
0.525565
0.542296
0.557128
0.567945
0.541347
0.589832
0.491463
0.517834
0.608449
0.613745
0.530919
0.563459
0.575494
0.581710
0.544564
0.549860
0.565528
0.506535
0.580722
0.542098
0.581148
0.577197
0.552801
0.563035
0.579270
0.570524
0.559056
0.625390
0.589891
0.660943
0.570316
0.558502
0.570864
0.485169
0.545371
0.480598
0.469652
0.563584
0.524224
0.577931
0.532213
0.536217
0.492181
0.494350
0.512459
0.595258
0.545488
0.618355
0.551356
0.535167
0.518849
0.548898
0.505372
0.624042
0.586858
0.576950
0.559946
0.495350
0.568721
0.514586
0.550665
0.561299
0.499074
0.487229
0.436422
0.417127
0.436862
0.474181
0.528788
0.510603
0.474092
0.449668
0.483797
0.449337
0.488618
0.406460
0.445094
0.447765
0.471778
0.469992
0.470669
0.419617
0.402813
0.384245
0.377755
0.466639
0.494079
0.481796
0.402953
0.580230
0.390739
0.402880
0.496104
0.448813
0.487746
0.464712
0.477491
0.482230
0.506417
0.452173
0.481379
0.405848
0.416272
0.517864
0.495420
0.504946
0.502878
0.483379
0.469591
0.465225
0.486161
0.533458
0.502988
0.504200
0.397999
0.407485
0.313880
0.506751
0.561864
0.520006
0.521386
0.513191
0.369220
0.393752
0.510276
0.512798
0.431444
0.542033
0.542948
0.533063
0.524884
0.548006
0.593089
0.575237
0.564366
0.564595
0.592933
0.525974
0.559099
0.505916
0.473016
0.508628
0.490137
0.496647
0.434059
0.548346
0.445716
0.539879
0.539492
0.555238
0.550705
0.518807
0.609516
0.526981
0.639621
0.605016
0.634554
0.626643
0.424570
0.433077
0.478890
0.459076
0.588043
0.486138
0.561711
0.434475
0.505021
0.471471
0.475931
0.490107
0.574600
0.532832
0.633219
0.503380
0.493545
0.474048
0.516320
0.466311
0.562311
0.494110
0.553169
0.512259
0.467916
0.457327
0.465061
0.396118
0.548166
0.443392
0.592745
0.442668
0.420240
0.381147
0.358071
0.326386
0.499010
0.350872
0.503962
0.422265
0.455501
0.547879
0.536988
0.573552
0.537259
0.565570
0.580602
0.497690
0.506941
0.519074
0.518555
0.541555
0.557549
0.557195
0.527502
0.380379
0.364961
0.436896
0.365249
0.254606
0.381696
0.351421
0.343882
0.283008
0.418148
0.330745
0.364173
0.344870
0.331629
0.331240
0.322946
0.329829
0.399218
0.376359
0.399961
0.400955
0.360196
0.380141
0.341043
0.366558
0.441412
0.414569
0.454770
0.442798
0.432785
0.425856
0.399131
0.413037
0.369585
0.374337
0.402175
0.291991
0.448745
0.489255
0.365026
0.387667
0.422113
0.223313
0.404095
0.409133
0.457945
0.346011
0.397792
0.505612
0.411402
0.505697
0.435384
0.498529
0.435636
0.514929
0.464002
0.537214
0.516979
0.469726
0.500089
0.416185
0.375515
0.386711
0.516516
0.421461
0.539665
0.475927
0.400398
0.422867
0.350678
0.462119
0.487627
0.416420
0.625106
0.615901
0.636127
0.628138
0.515513
0.392583
0.390337
0.365672
0.590119
0.568157
0.636359
0.577934
0.495731
0.372710
0.475441
0.353703
0.341938
0.342800
0.347447
0.352579
0.472682
0.335024
0.450830
0.323025
0.288957
0.297701
0.327620
0.333350
0.442522
0.316293
0.417331
0.301291
0.306966
0.293130
0.265307
0.278700
0.384111
0.365966
0.381298
0.484414
0.387601
0.403248
0.436007
0.455244
0.481298
0.354606
0.369776
0.476081
0.460179
0.385880
0.380375
0.291931
0.271663
0.299073
0.296093
0.532854
0.536813
0.503986
0.480423
0.459544
0.467035
0.498283
0.423791
0.407934
0.440974
0.455652
0.354359
0.489310
0.460947
0.213488
0.176861
0.262518
0.228253
0.215667
0.192559
0.179240
0.254900
0.223323
0.361278
0.397030
0.217507
0.264342
0.235766
0.227305
0.321923
0.327917
0.336827
0.349037
0.335173
0.333338
0.352855
0.333061
0.381955
0.366483
0.404893
0.370778
0.359877
0.372778
0.340705
0.342880
0.349019
0.336124
0.451899
0.429787
0.423324
0.438893
0.292568
0.333682
0.429133
0.412502
0.409522
0.432311
0.390255
0.407387
0.381530
0.406579
0.475709
0.442583
0.491856
0.493090
0.439496
0.473525
0.396546
0.425153
0.554596
0.491182
0.445978
0.421234
0.394410
0.397320
0.446614
0.478896
0.431543
0.325286
0.338209
0.308598
0.296423
0.278031
0.325703
0.316797
0.283030
0.392732
0.401880
0.472083
0.391519
0.310557
0.316698
0.341819
0.327515
0.333881
0.326750
0.325136
0.322227
0.306697
0.353626
0.379738
0.305372
0.311792
0.288692
0.284554
0.254625
0.279065
0.268125
0.284828
0.272451
0.251444
0.322037
0.316350
0.299308
0.301840
0.244662
0.252616
0.320394
0.354944
0.428677
0.341910
0.448482
0.234162
0.249725
0.226116
0.294553
0.283488
0.266583
0.267984
0.249717
0.269899
0.274140
0.235010
0.234227
0.222590
0.272099
0.268662
0.329367
0.281417
0.339942
0.397566
0.265929
0.237575
0.246381
0.210070
0.234255
0.244669
0.256457
0.279567
0.272769
0.257162
0.258710
0.234017
0.247687
0.226692
0.242666
0.236907
0.244922
0.264668
0.255507
0.324151
0.333918
0.347024
0.312639
0.318596
0.336660
0.379493
0.395251
0.348825
0.310113
0.326542
0.344080
0.275108
0.312589
0.310810
0.292250
0.263914
0.242851
0.403913
0.348097
0.306614
0.344619
0.220101
0.220783
0.344846
0.324276
0.380630
0.331353
0.279389
0.321124
0.266901
0.277952
0.360642
0.330831
0.425004
0.378683
0.330569
0.355815
0.286260
0.307539
0.414822
0.380757
0.349095
0.344386
0.290232
0.308222
0.342186
0.370950
0.361840
0.433545
0.396197
0.321128
0.372265
0.427637
0.349188
0.343074
0.300866
0.382056
0.337497
0.278854
0.273025
0.315287
0.295281
0.307945
0.298046
0.272462
0.263617
0.435462
0.363868
0.360761
0.311772
0.327864
0.423700
0.423986
0.444322
0.388469
0.250258
0.292829
0.242834
0.231822
0.231070
0.224097
0.355878
0.259407
0.325396
0.261675
0.267820
0.321509
0.311104
0.305766
0.326725
0.327440
0.298653
0.368912
0.304482
0.324389
0.304886
0.320830
0.337537
0.333258
0.328270
0.322924
0.259588
0.336002
0.221404
0.374405
0.340621
0.299549
0.264940
0.359357
0.335338
0.304836
0.308480
0.336578
0.303925
0.328358
0.313470
0.335823
0.321796
0.264761
0.260069
0.291399
0.280603
0.273602
0.290645
0.215501
0.237153
0.263261
0.256372
0.244440
0.233549
0.238645
0.268326
0.255708
0.266270
0.248437
0.225100
0.310433
0.322277
0.301732
0.282786
0.223460
0.226520
0.321898
0.286710
0.250398
0.262148
0.244219
0.256735
0.275038
0.283652
0.186407
0.133704
0.266929
0.247540
0.224134
0.235421
0.142531
0.127291
0.249698
0.216770
0.264903
0.258002
0.335978
0.283736
0.193038
0.203869
0.264272
0.254894
0.324273
0.311428
0.291498
0.293729
0.231353
0.250086
0.329402
0.301154
0.268723
0.262532
0.229703
0.249453
0.293770
0.312377
0.273852
0.282397
0.345127
0.346603
0.351136
0.344236
0.267865
0.277339
0.277213
0.275945
0.312893
0.323432
0.317122
0.320452
0.280340
0.292504
0.273716
0.266520
0.353001
0.315684
0.315395
0.325082
0.258266
0.260335
0.279382
0.244989
0.260328
0.203028
0.347750
0.260095
0.233149
0.214629
0.236059
0.264125
0.242465
0.317156
0.319873
0.316972
0.325009
0.209072
0.216982
0.336743
0.334764
0.355478
0.367098
0.361617
0.365941
0.335574
0.341287
0.360212
0.367238
0.311702
0.324150
0.323977
0.330204
0.375773
0.376758
0.331499
0.336895
0.319142
0.325451
0.308852
0.316403
0.356000
0.345071
0.205600
0.199126
0.247718
0.247768
0.247651
0.242869
0.284281
0.209440
0.272712
0.254828
0.264080
0.247042
0.231164
0.239419
0.287106
0.282463
0.373972
0.235330
0.205952
0.318448
0.262854
0.243874
0.246453
0.200890
0.206501
0.260921
0.245550
0.221843
0.211803
0.236222
0.217014
0.232429
0.267887
0.139614
0.139664
0.215481
0.220326
0.253082
0.226159
0.112278
0.118623
0.199032
0.184957
0.263853
0.198183
0.188103
0.183702
0.180793
0.162722
0.243751
0.221531
0.292131
0.284619
0.249890
0.269775
0.228722
0.214953
0.277177
0.284717
0.225110
0.203039
0.174332
0.192508
0.264382
0.260691
0.275166
0.273966
0.333854
0.330735
0.322046
0.327993
0.258736
0.267435
0.276804
0.268715
0.305803
0.315687
0.280671
0.298813
0.260778
0.266099
0.260089
0.244494
0.311052
0.302682
0.280583
0.306068
0.220802
0.234555
0.211008
0.203169
0.241172
0.249603
0.191336
0.215322
0.178287
0.186008
0.210159
0.214665
0.298039
0.298578
0.260456
0.278148
0.162824
0.193467
0.346984
0.330469
0.363030
0.363152
0.337975
0.350771
0.282117
0.304877
0.375224
0.376816
0.331843
0.328008
0.323133
0.316336
0.357605
0.368446
0.342351
0.333408
0.303217
0.301958
0.310237
0.309429
0.337408
0.340436
0.222844
0.180218
0.211483
0.204667
0.168951
0.186439
0.148925
0.196366
0.263629
0.249307
0.216278
0.195421
0.181991
0.183802
0.212248
0.239156
0.193489
0.184685
0.243934
0.232001
0.314178
0.265369
0.162972
0.175364
0.223020
0.234748
0.191600
0.250528
0.278637
0.256707
0.329247
0.173185
0.194688
0.116409
0.142509
0.203572
0.208240
0.264577
0.200106
0.189802
0.159124
0.171354
0.174712
0.187185
0.246383
0.287045
0.281380
0.181821
0.185505
0.207616
0.230486
0.242991
0.223709
0.219335
0.198628
0.286743
0.220754
0.246290
0.222008
0.169227
0.159610
0.133311
0.156963
0.162341
0.217636
0.287507
0.249276
0.306600
0.296784
0.272482
0.285475
0.211455
0.214139
0.231677
0.214976
0.264029
0.253271
0.214267
0.229738
0.198448
0.206601
0.199090
0.201565
0.266780
0.233754
0.218226
0.221290
0.154268
0.166226
0.142320
0.113654
0.160186
0.142692
0.118623
0.123837
0.095189
0.105476
0.127902
0.100933
0.224522
0.202525
0.259593
0.196119
0.156694
0.093812
0.264053
0.261986
0.301351
0.283815
0.254972
0.266029
0.237146
0.335867
0.255866
0.348417
0.323816
0.294476
0.274316
0.218183
0.253328
0.283862
0.294795
0.331752
0.314533
0.307722
0.299216
0.236084
0.266749
0.255940
0.285184
0.136512
0.106503
0.149656
0.117144
0.230604
0.108869
0.091608
0.089479
0.198557
0.183181
0.160155
0.145300
0.174942
0.150484
0.127314
0.166997
0.151527
0.178234
0.244908
0.194783
0.188867
0.199448
0.270311
0.319791
0.238453
0.182953
0.163949
0.209782
0.203969
0.204909
0.222140
0.190592
0.181297
0.196984
0.150309
0.309995
0.211873
0.158468
0.165904
0.148369
0.151702
0.180531
0.187802
0.228496
0.187943
0.190191
0.189671
0.175965
0.184755
0.169989
0.143434
0.282876
0.169621
0.133972
0.121693
0.150846
0.145631
0.129331
0.247592
0.189538
0.139821
0.165918
0.055858
0.117843
0.142777
0.143457
0.199570
0.185508
0.274284
0.255465
0.240268
0.256181
0.169671
0.174861
0.197362
0.182220
0.206454
0.196002
0.190643
0.194916
0.167999
0.183966
0.139812
0.123471
0.217239
0.208219
0.144718
0.172433
0.183517
0.127781
0.093172
0.093632
0.116889
0.099671
0.101793
0.081296
0.158960
0.252688
0.143894
0.256608
0.209030
0.285580
0.214213
0.170085
0.237454
0.096929
0.131158
0.213462
0.172998
0.247106
0.231449
0.294368
0.273525
0.164554
0.180511
0.278848
0.258468
0.241558
0.192538
0.164441
0.165529
0.303578
0.275575
0.218102
0.191067
0.210107
0.183902
0.084937
0.163923
0.124464
0.165085
0.111875
0.108645
0.243571
0.110423
0.139643
0.124093
0.120789
0.116497
0.133296
0.180915
0.204063
0.209226
0.205931
0.206448
0.199181
0.191059
0.238566
0.249769
0.194881
0.195516
0.233126
0.196876
0.207936
0.273665
0.193499
0.194130
0.216361
0.218761
0.228409
0.221449
0.192345
0.188326
0.165065
0.169316
0.178605
0.175748
0.170554
0.171523
0.174000
0.171524
0.175514
0.177348
0.202130
0.196390
0.148145
0.159357
0.174655
0.171413
0.144828
0.142690
0.137742
0.179283
0.277300
0.298495
0.155819
0.148821
0.150015
0.166151
0.063381
0.068091
0.082587
0.084296
0.184207
0.176808
0.167977
0.173458
0.231010
0.220954
0.207571
0.219418
0.090561
0.115199
0.154676
0.164588
0.194667
0.185927
0.181183
0.177226
0.318014
0.323422
0.177315
0.331219
0.364625
0.318970
0.320086
0.158903
0.163365
0.161879
0.161229
0.224734
0.176381
0.143935
0.145805
0.105418
0.108938
0.133061
0.135261
0.128565
0.139070
0.105966
0.108888
0.188084
0.151870
0.249338
0.178006
0.136434
0.120783
0.115630
0.115635
0.167839
0.131889
0.135715
0.134495
0.139821
0.128481
0.159831
0.127512
0.146837
0.125185
0.126982
0.130503
0.140563
0.127500
0.111680
0.115097
0.070517
0.072381
0.101067
0.079356
0.137149
0.135224
0.126343
0.243607
0.187979
0.153851
0.201321
0.215327
0.205883
0.178209
0.187357
0.303244
0.307887
0.275586
0.224753
0.270471
0.244263
0.256685
0.197489
0.189631
0.234778
0.231226
0.221008
0.175150
0.263192
0.201839
0.314088
0.196662
0.245498
0.158462
0.251873
0.144375
0.175253
0.202932
0.256459
0.306639
0.180168
0.194229
0.176325
0.185580
0.211415
0.194318
0.246243
0.193250
0.181103
0.217299
0.134836
0.158335
0.172313
0.203285
0.199078
0.241917
0.301884
0.245462
0.207981
0.378014
0.249891
0.196997
0.200311
0.195564
0.286090
0.342409
0.188204
0.213742
0.094619
0.102716
0.280854
0.163801
0.188285
0.191371
0.210219
0.133793
0.164700
0.292738
0.228645
0.151289
0.149234
0.140923
0.154778
0.150825
0.257273
0.349319
0.365388
0.261271
0.245181
0.310040
0.293103
0.179211
0.173988
0.245036
0.134761
0.173606
0.163733
0.150072
0.143026
0.132374
0.146777
0.150043
0.144009
0.140299
0.135574
0.171295
0.157256
0.151951
0.141737
0.136174
0.146401
0.231120
0.194959
0.201543
0.213414
0.164880
0.153068
0.150174
0.155543
0.141206
0.142508
0.148352
0.149915
0.161304
0.154517
0.141890
0.147884
0.136305
0.148133
0.146941
0.147069
0.152595
0.153787
0.150464
0.150937
0.092655
0.099750
0.137124
0.118278
0.147206
0.147505
0.168751
0.182027
0.209633
0.220851
0.284228
0.243078
0.201088
0.190988
0.179722
0.172117
0.259849
0.258407
0.253141
0.256941
0.173999
0.172208
0.174728
0.167018
0.245810
0.255525
0.265300
0.270663
0.207195
0.170029
0.194382
0.202321
0.259393
0.179748
0.310346
0.392106
0.382915
0.350451
0.260022
0.382690
0.388437
0.358839
0.216475
0.265964
0.278772
0.298111
0.350168
0.237351
0.216133
0.232683
0.207731
0.217894
0.324332
0.323645
0.333507
0.234105
0.222716
0.214341
0.215261
0.208522
0.252004
0.304622
0.333462
0.260721
0.205984
0.253661
0.183966
0.142491
0.286617
0.258789
0.190022
0.277636
0.219166
0.162742
0.170325
0.190014
0.161490
0.192975
0.183920
0.258127
0.364825
0.240958
0.260225
0.269142
0.270781
0.242812
0.274717
0.211656
0.225355
0.154682
0.171177
0.206907
0.191250
0.351644
0.317607
0.160520
0.197140
0.173420
0.175908
0.218457
0.198291
0.192611
0.220412
0.174510
0.177648
0.222652
0.231693
0.232199
0.240090
0.201154
0.198670
0.159408
0.160035
0.161946
0.172949
0.178828
0.171248
0.185527
0.187360
0.156763
0.169951
0.162132
0.170724
0.178639
0.177121
0.174617
0.167554
0.164205
0.165171
0.129551
0.137033
0.148520
0.142171
0.166606
0.167572
0.201988
0.210458
0.335982
0.388614
0.266074
0.332795
0.264980
0.323021
0.239031
0.178577
0.268275
0.263368
0.283687
0.290562
0.282865
0.316995
0.337360
0.324884
0.309266
0.302306
0.416117
0.324899
0.342066
0.401576
0.299880
0.281275
0.431381
0.254635
0.338487
0.290251
0.380530
0.326993
0.364719
0.392840
0.370622
0.345574
0.423364
0.427014
0.300812
0.326716
0.329098
0.332513
0.340721
0.365908
0.281306
0.379293
0.303486
0.358496
0.348004
0.333514
0.322427
0.359532
0.335205
0.297239
0.297764
0.298986
0.283753
0.312572
0.304248
0.311186
0.301309
0.307098
0.287379
0.264208
0.273303
0.274663
0.263896
0.307604
0.302794
0.210794
0.204675
0.255606
0.359642
0.474554
0.264286
0.231392
0.232760
0.210807
0.328982
0.432971
0.297837
0.443919
0.356991
0.443038
0.229724
0.262810
0.260368
0.221384
0.200177
0.236207
0.251114
0.240941
0.267799
0.240171
0.217371
0.220543
0.216047
0.220252
0.251916
0.255163
0.262659
0.241699
0.201781
0.220755
0.259456
0.267771
0.286705
0.282733
0.231148
0.232414
0.208815
0.205531
0.186805
0.210453
0.220197
0.202912
0.229658
0.216933
0.195730
0.213282
0.199143
0.205521
0.232603
0.211994
0.216185
0.217933
0.188520
0.205313
0.152572
0.162841
0.184480
0.201830
0.246844
0.242179
0.362978
0.356128
0.277594
0.311047
0.366780
0.336985
0.335927
0.331560
0.338294
0.356330
0.295968
0.325552
0.388628
0.340154
0.436645
0.404414
0.319523
0.325527
0.341676
0.354935
0.399923
0.375523
0.363052
0.334287
0.343597
0.352496
0.348863
0.367603
0.384173
0.360094
0.357054
0.374443
0.336529
0.355132
0.325679
0.370126
0.364318
0.354913
0.373445
0.360878
0.329283
0.360302
0.349915
0.335915
0.362719
0.350487
0.357976
0.361492
0.329084
0.323592
0.318260
0.337632
0.368816
0.340439
0.365619
0.359130
0.319632
0.339052
0.296488
0.306003
0.366172
0.328749
0.376351
0.361673
0.309220
0.401621
0.302819
0.353543
0.338339
0.394692
0.308077
0.354481
0.325564
0.285951
0.343161
0.385335
0.369499
0.491837
0.401751
0.390555
0.373002
0.533486
0.309055
0.283314
0.269519
0.288999
0.331985
0.314957
0.328269
0.302894
0.275296
0.285222
0.260764
0.279434
0.287426
0.281760
0.324237
0.304132
0.272613
0.262368
0.276113
0.292947
0.330090
0.314646
0.289660
0.270819
0.223172
0.250136
0.229235
0.244022
0.282072
0.273847
0.284528
0.269403
0.236191
0.260633
0.248301
0.276299
0.309200
0.279080
0.318983
0.272169
0.243973
0.247924
0.206887
0.231707
0.265618
0.246050
0.301624
0.278459
0.372203
0.365779
0.356714
0.354700
0.388603
0.362295
0.397089
0.414807
0.423091
0.414618
0.414834
0.408396
0.453271
0.485331
0.533479
0.453693
0.427785
0.402375
0.429905
0.387460
0.401226
0.473252
0.424597
0.521463
0.456887
0.404825
0.402914
0.404253
0.428244
0.444917
0.446970
0.440546
0.426026
0.389113
0.414455
0.395392
0.418928
0.448684
0.427599
0.476215
0.457090
0.381355
0.388072
0.371698
0.403232
0.479447
0.430275
0.478813
0.415427
0.386685
0.409580
0.391038
0.399076
0.491055
0.433728
0.451883
0.419009
0.409452
0.412482
0.392372
0.412970
0.479422
0.440916
0.459169
0.445613
0.312706
0.305220
0.375159
0.355324
0.464837
0.409712
0.324476
0.356417
0.422742
0.497422
0.555362
0.403923
0.362671
0.460827
0.367191
0.620914
0.594594
0.601863
0.603868
0.343929
0.332288
0.350986
0.346171
0.439118
0.364059
0.419400
0.332672
0.341437
0.344052
0.295373
0.327244
0.450063
0.351699
0.455188
0.355426
0.311505
0.315266
0.344307
0.374828
0.418182
0.437395
0.335182
0.313995
0.330512
0.318372
0.318170
0.459473
0.344237
0.355704
0.307940
0.328057
0.315369
0.309913
0.438442
0.340795
0.431843
0.346862
0.295227
0.317683
0.278901
0.300781
0.418472
0.322549
0.422527
0.332266
0.458293
0.488975
0.519349
0.463263
0.568089
0.562805
0.451755
0.518816
0.520810
0.542684
0.515566
0.547905
0.615557
0.465342
0.591188
0.547390
0.491785
0.507245
0.576490
0.640016
0.528692
0.581288
0.507428
0.555212
0.478735
0.567120
0.529848
0.565281
0.528922
0.606686
0.517696
0.536552
0.509656
0.562505
0.537105
0.647901
0.523236
0.549358
0.531361
0.604895
0.545241
0.494771
0.533430
0.551674
0.544512
0.570271
0.478340
0.515297
0.502715
0.510448
0.547158
0.545486
0.547511
0.521802
0.492801
0.513911
0.470245
0.497724
0.503640
0.499933
0.531825
0.563517
0.398200
0.433036
0.513603
0.464324
0.517581
0.514990
0.474547
0.500692
0.610237
0.636918
0.636951
0.626791
0.543136
0.524735
0.476139
0.521118
0.565496
0.626471
0.515252
0.492770
0.467704
0.499233
0.482485
0.514515
0.506705
0.515363
0.503705
0.539979
0.487778
0.524346
0.475761
0.514954
0.493849
0.533299
0.524410
0.502224
0.495102
0.548010
0.466077
0.533369
0.526653
0.517171
0.479091
0.525416
0.531871
0.505200
0.485240
0.538195
0.503621
0.525825
0.515193
0.494873
0.478367
0.487680
0.461809
0.506429
0.485841
0.515662
0.493238
0.485716
0.467464
0.475357
0.490050
0.501929
0.494959
0.491671
0.482792
0.497533
0.533057
0.579330
0.546897
0.628814
0.583540
0.595593
0.614785
0.588002
0.546453
0.504361
0.521375
0.581332
0.414683
0.591161
0.621291
0.558108
0.604470
0.471154
0.476824
0.568316
0.555926
0.586056
0.585869
0.582161
0.558707
0.547215
0.544060
0.533043
0.577456
0.642317
0.517595
0.594397
0.535100
0.564672
0.522900
0.597179
0.636005
0.518594
0.471371
0.494927
0.506990
0.511301
0.505416
0.607596
0.669993
0.588352
0.613346
0.522855
0.582816
0.599484
0.558563
0.671675
0.592708
0.594908
0.554950
0.583563
0.535571
0.559103
0.649935
0.645247
0.609952
0.653058
0.542958
0.580824
0.539642
0.574441
0.592538
0.576749
0.570620
0.549734
0.580079
0.546009
0.553170
0.616266
0.571559
0.591559
0.582212
0.568811
0.559706
0.537970
0.591253
0.588678
0.593032
0.602914
0.568022
0.543651
0.561181
0.527674
0.530628
0.613710
0.523678
0.552175
0.518798
0.536917
0.533306
0.539927
0.593151
0.576097
0.676555
0.602017
0.594209
0.583846
0.586657
0.491150
0.638093
0.551574
0.511050
0.513173
0.554047
0.573453
0.553939
0.577684
0.568034
0.637766
0.578956
0.659347
0.713240
0.671711
0.603228
0.536455
0.528136
0.504987
0.603299
0.573907
0.525041
0.663282
0.501075
0.610586
0.666095
0.550916
0.619390
0.655355
0.698093
0.707199
0.737565
0.730047
0.759316
0.753892
0.699797
0.724539
0.710129
0.732405
0.637918
0.607421
0.700941
0.632014
0.759604
0.737612
0.663596
0.635672
0.689475
0.677502
0.651964
0.698803
0.575092
0.680805
0.731325
0.621524
0.575205
0.662151
0.693437
0.658284
0.825525
0.773730
0.614956
0.695030
0.752322
0.688763
0.674215
0.754312
0.762693
0.657848
0.703143
0.660869
0.691015
0.687759
0.696539
0.766719
0.742978
0.678243
0.653540
0.632954
0.691570
0.766337
0.735288
0.689387
0.685414
0.659331
0.781269
0.728430
0.622722
0.562525
0.700512
0.574879
0.622480
0.689404
0.663539
0.602088
0.727427
0.722074
0.675000
0.709806
0.733379
0.685801
0.588173
0.729328
0.659826
0.572149
0.621675
0.736909
0.678974
0.748208
0.653013
0.781900
0.792175
0.781520
0.668972
0.654453
0.644765
0.694534
0.813364
0.769334
0.744701
0.675797
0.658034
0.762475
0.816879
0.797476
0.637135
0.753790
0.687038
0.741552
0.746939
0.778754
0.775360
0.665001
0.699141
0.758761
0.624281
0.703896
0.737443
0.729870
0.712691
0.741849
0.672685
0.761500
0.742704
0.698568
0.773748
0.673137
0.784589
0.800845
0.807702
0.743106
0.808651
0.814440
0.824153
0.788103
0.845373
0.798153
0.736458
0.765421
0.793159
0.709088
0.798838
0.812996
0.786677
0.854691
0.853877
0.834609
0.801511
0.791577
0.901950
0.872767
0.864722
0.861252
0.811572
0.867691
0.802013
0.812489
0.911198
0.915612
0.793812
0.868141
0.865319
0.812906
0.834562
0.868834
0.860755
0.856811
0.865245
0.865563
0.777113
0.865595
0.816159
0.828871
0.822766
0.833121
0.790672
0.825524
0.819168
0.866533
0.770096
0.809214
0.779199
0.808181
0.936661
0.937524
0.950771
0.969343
0.944874
0.912067
0.922460
0.929807
0.923757
0.929514
0.936895
0.911693
0.898063
0.894896
0.841520
0.886714
0.853741
0.872324
0.877080
0.863658
0.908030
0.892023
0.909367
0.893530
0.829270
0.911987
0.632576
0.661129
0.670712
0.753557
0.778884
0.792339
0.462315
0.474932
0.455417
0.486609
0.435015
0.483945
0.550472
0.369327
0.494984
0.414863
0.490131
0.377809
0.480478
0.490587
0.376777
0.463995
0.473713
0.519770
0.458619
0.503187
0.365130
0.453166
0.438067
0.213335
0.437909
0.450772
0.446140
0.430457
0.615895
0.603661
0.666383
0.672035
0.607251
0.580435
0.602645
0.667184
0.637102
0.453562
0.542813
0.516946
0.589453
0.599135
0.600902
0.700560
0.770922
0.701317
0.706107
0.702861
0.776286
0.709612
0.699953
0.371180
0.490075
0.607782
0.566662
0.605403
0.557050
0.322603
0.502186
0.604016
0.593943
0.461208
0.553037
0.382996
0.498711
0.600012
0.589715
0.470898
0.505895
0.508963
0.587028
0.519355
0.506954
0.469573
0.473449
0.671166
0.671075
0.687382
0.424024
0.469174
0.459714
0.489282
0.388319
0.422092
0.469056
0.446991
0.343173
0.368351
0.397038
0.447387
0.448881
0.397056
0.509821
0.478683
0.547032
0.470245
0.538031
0.429424
0.468194
0.457532
0.406226
0.431087
0.360864
0.436916
0.496862
0.495921
0.579406
0.613311
0.598125
0.515424
0.609669
0.612844
0.560244
0.462203
0.533564
0.518991
0.645900
0.589262
0.629158
0.530827
0.636855
0.595753
0.631188
0.556122
0.581294
0.481170
0.579523
0.621743
0.528684
0.592256
0.508843
0.557194
0.585173
0.530207
0.574188
0.591864
0.665579
0.635959
0.611760
0.487561
0.557496
0.679930
0.567178
0.558638
0.621933
0.516874
0.579123
0.618451
0.601983
0.494766
0.494150
0.409076
0.484576
0.455046
0.499991
0.461545
0.527796
0.469707
0.539954
0.426697
0.536677
0.461149
0.537536
0.410424
0.402862
0.498875
0.476862
0.541990
0.468269
0.530715
0.379852
0.482940
0.453237
0.274026
0.477965
0.236638
0.453334
0.442872
0.688413
0.691792
0.661947
0.726367
0.719236
0.757337
0.721609
0.743721
0.606496
0.638054
0.615185
0.691803
0.630538
0.645201
0.618602
0.617332
0.539717
0.503241
0.443851
0.503097
0.672322
0.690703
0.671701
0.689430
0.329480
0.480734
0.450738
0.538695
0.574167
0.429190
0.435007
0.442702
0.554415
0.497513
0.451372
0.483909
0.431537
0.442489
0.487155
0.530988
0.599787
0.558716
0.459120
0.442003
0.507538
0.313261
0.415012
0.347146
0.423872
0.600734
0.539874
0.625376
0.659290
0.623604
0.589535
0.607360
0.620161
0.695326
0.737344
0.658301
0.683155
0.634265
0.658115
0.656807
0.706539
0.587592
0.627603
0.568687
0.655200
0.554781
0.633527
0.567447
0.604093
0.538780
0.644265
0.652642
0.616065
0.597610
0.526071
0.459665
0.447324
0.437213
0.421442
0.317660
0.374928
0.472754
0.531815
0.344694
0.466456
0.301195
0.436396
0.443238
0.505783
0.438477
0.528163
0.567853
0.586074
0.467161
0.490269
0.393152
0.410272
0.632409
0.502461
0.396850
0.461904
0.305869
0.416875
0.443752
0.738800
0.753656
0.767779
0.806563
0.766606
0.810356
0.637548
0.602013
0.676011
0.579419
0.678502
0.622024
0.625150
0.622522
0.634747
0.575375
0.617600
0.673001
0.686950
0.601635
0.604400
0.605320
0.316386
0.421951
0.502629
0.504964
0.459188
0.469671
0.522598
0.444317
0.446471
0.398133
0.422064
0.481717
0.511469
0.327937
0.465970
0.468862
0.541930
0.445996
0.515134
0.355433
0.459080
0.436627
0.436321
0.446189
0.282563
0.383467
0.431758
0.460690
0.472231
0.595629
0.574340
0.616953
0.578483
0.449211
0.483864
0.594495
0.569471
0.350264
0.449323
0.383451
0.465806
0.622760
0.569043
0.643275
0.617477
0.615741
0.529267
0.655183
0.594213
0.644064
0.674045
0.640691
0.897769
0.649433
0.703059
0.729414
0.668721
0.595211
0.687570
0.610450
0.658998
0.635806
0.632429
0.485795
0.475706
0.424708
0.368549
0.500221
0.571441
0.584199
0.618481
0.578451
0.375358
0.490637
0.627248
0.495944
0.278357
0.510143
0.474688
0.517852
0.634221
0.581031
0.276632
0.386197
0.439766
0.458216
0.515548
0.364363
0.463617
0.459539
0.479905
0.349614
0.380550
0.326847
0.384119
0.429107
0.463987
0.538859
0.671720
0.589548
0.495245
0.496154
0.431128
0.445447
0.591623
0.572376
0.383451
0.475657
0.352325
0.445727
0.501729
0.781653
0.801480
0.713373
0.668637
0.796590
0.798583
0.733605
0.742236
0.829184
0.851431
0.861766
0.827574
0.907657
0.901362
0.651114
0.628547
0.656925
0.728231
0.677054
0.580550
0.560891
0.635713
0.607877
0.551739
0.583551
0.642355
0.873064
0.906056
0.896350
0.466821
0.458098
0.492928
0.444034
0.463496
0.488530
0.387754
0.409157
0.381618
0.402806
0.479737
0.468303
0.370530
0.460119
0.600585
0.558954
0.511145
0.371987
0.436862
0.605693
0.571618
0.331339
0.484064
0.497668
0.518026
0.486849
0.529821
0.360813
0.466803
0.467469
0.514615
0.464707
0.513190
0.389210
0.425346
0.427694
0.428096
0.459495
0.421238
0.439331
0.517773
0.513001
0.609427
0.589811
0.623113
0.621777
0.563876
0.532805
0.599376
0.564845
0.412550
0.484405
0.455835
0.524657
0.615622
0.589415
0.801689
0.795571
0.851060
0.740956
0.726408
0.629712
0.814880
0.637405
0.680602
0.591733
0.576077
0.488604
0.492646
0.606504
0.650206
0.527322
0.699404
0.662339
0.851208
0.885642
0.793557
0.838136
0.430568
0.456245
0.560308
0.566690
0.346570
0.510181
0.475903
0.496783
0.364900
0.429300
0.483618
0.493738
0.626874
0.506245
0.471055
0.518793
0.644174
0.604527
0.475359
0.611192
0.554863
0.629059
0.586240
0.488902
0.473581
0.459553
0.366259
0.464335
0.459573
0.519631
0.462005
0.536689
0.383607
0.472582
0.427339
0.346207
0.393960
0.369785
0.434308
0.473953
0.480205
0.594717
0.635989
0.648384
0.498984
0.546567
0.360314
0.500961
0.637834
0.581230
0.461088
0.509514
0.428156
0.497823
0.538374
0.165293
0.246910
0.229271
0.139916
0.179367
0.091253
0.081888
0.059717
0.069300
0.194110
0.189131
0.194018
0.192923
0.173350
0.239716
0.162435
0.182823
0.144710
0.304408
0.300945
0.333821
0.298293
0.239588
0.208433
0.188101
0.209397
0.164266
0.155992
0.225630
0.205958
0.185867
0.190722
0.138433
0.138075
0.408722
0.431389
0.480916
0.464126
0.444172
0.430940
0.448957
0.363980
0.407441
0.631121
0.701454
0.798672
0.817872
0.759823
0.438735
0.453927
0.431230
0.434270
0.347584
0.360736
0.345267
0.399252
0.574285
0.709213
0.626260
0.516347
0.539432
0.458847
0.451971
0.536072
0.515854
0.511493
0.404582
0.338764
0.363415
0.894864
0.192292
0.185818
0.228140
0.220921
0.190048
0.204464
0.145418
0.168025
0.437829
0.380969
0.436032
0.406535
0.337290
0.370811
0.320435
0.358171
0.115521
0.130712
0.103888
0.108713
0.084117
0.082798
0.063922
0.069796
0.211202
0.232685
0.230108
0.234101
0.150069
0.137015
0.106311
0.118642
0.345536
0.370288
0.389810
0.377926
0.389834
0.371245
0.308177
0.337823
0.146813
0.135591
0.205262
0.176834
0.211367
0.124232
0.133219
0.137908
0.124884
0.214235
0.387809
0.300245
0.360496
0.375115
0.285960
0.257692
0.277868
0.242647
0.350378
0.281480
0.430910
0.324247
0.391517
0.251462
0.422503
0.431160
0.266270
0.505508
0.516044
0.543143
0.521091
0.520469
0.501301
0.452513
0.478520
0.516971
0.485810
0.614455
0.472105
0.459184
0.541962
0.578173
0.533373
0.504057
0.786617
0.817419
0.742669
0.615600
0.615672
0.674979
0.626995
0.635424
0.613982
0.584591
0.570349
0.499933
0.558371
0.527752
0.585611
0.549734
0.657845
0.749739
0.687598
0.622814
0.493857
0.586066
0.596294
0.601641
0.817115
0.792102
0.814271
0.211245
0.210870
0.251435
0.251276
0.248954
0.248471
0.210683
0.205961
0.154064
0.169282
0.182399
0.176050
0.126434
0.114537
0.097073
0.097742
0.212434
0.217194
0.201003
0.220376
0.209228
0.176469
0.120324
0.136663
0.405341
0.536563
0.524226
0.598161
0.581863
0.544568
0.550550
0.417990
0.307037
0.277935
0.296939
0.220618
0.199695
0.251012
0.241723
0.233353
0.226578
0.196607
0.185540
0.545126
0.540288
0.590939
0.608539
0.580362
0.566855
0.472711
0.513607
0.734877
0.744281
0.592318
0.594962
0.639687
0.625603
0.596403
0.590811
0.566482
0.555278
0.130772
0.155309
0.135000
0.117709
0.126678
0.125986
0.170360
0.213071
0.210688
0.205128
0.114416
0.119076
0.130337
0.116490
0.115635
0.107438
0.095532
0.095136
0.110404
0.126946
0.178329
0.141136
0.078163
0.061541
0.155893
0.088679
0.514316
0.514757
0.542681
0.530491
0.463729
0.497844
0.480087
0.495103
0.415633
0.421614
0.440843
0.477174
0.441594
0.409965
0.424432
0.207853
0.187488
0.241866
0.224055
0.200869
0.212566
0.163999
0.167697
0.430505
0.339968
0.484947
0.412574
0.403265
0.405808
0.344619
0.344039
0.742089
0.687620
0.599475
0.699078
0.683730
0.700977
0.558857
0.614970
0.629414
0.508379
0.513889
0.638727
0.648654
0.278102
0.216728
0.244864
0.243048
0.248378
0.264615
0.257886
0.240113
0.273419
0.275914
0.261050
0.258458
0.257805
0.261425
0.229857
0.233755
0.227796
0.234714
0.188004
0.200376
0.223009
0.214484
0.178515
0.176483
0.144930
0.162429
0.047786
0.078652
0.137944
0.184832
0.282854
0.235145
0.264199
0.097831
0.087322
0.590431
0.629581
0.620182
0.579665
0.490978
0.578142
0.481245
0.481051
0.428355
0.533308
0.456160
0.299572
0.272090
0.313045
0.299104
0.264227
0.274970
0.233431
0.246627
0.556272
0.575942
0.526684
0.542550
0.577343
0.546702
0.560774
0.728562
0.685836
0.746562
0.654830
0.717024
0.585319
0.638541
0.523445
0.913612
0.864120
0.595851
0.626075
0.663913
0.699815
0.527911
0.671134
0.110866
0.099284
0.143614
0.140239
0.134085
0.137164
0.077541
0.082496
0.226193
0.237908
0.274093
0.255831
0.225317
0.212798
0.187577
0.187819
0.137885
0.149009
0.170900
0.159856
0.165852
0.145620
0.135839
0.145919
0.078262
0.072744
0.133207
0.129358
0.114031
0.119563
0.127879
0.070761
0.555524
0.624317
0.564311
0.538018
0.550846
0.494052
0.289153
0.265538
0.322797
0.288905
0.260222
0.276823
0.240828
0.243657
0.542605
0.497943
0.617338
0.553326
0.564239
0.559472
0.483905
0.467780
0.733352
0.731791
0.599709
0.757311
0.837185
0.796507
0.583418
0.614251
0.528983
0.558414
0.489132
0.197476
0.185415
0.273911
0.264190
0.208121
0.254460
0.155051
0.177017
0.204912
0.313586
0.379352
0.285908
0.323977
0.219829
0.205186
0.180757
0.205844
0.254585
0.269221
0.333048
0.193361
0.220665
0.254193
0.237889
0.237544
0.239617
0.230784
0.245503
0.270676
0.249770
0.215716
0.213454
0.192561
0.204407
0.026308
0.020261
0.149304
0.140688
0.134126
0.130081
0.008982
0.013248
0.628573
0.642077
0.569371
0.522931
0.522029
0.389938
0.417888
0.324448
0.322996
0.402373
0.318435
0.338130
0.543868
0.550171
0.546299
0.529995
0.612888
0.528418
0.569703
0.551279
0.523294
0.492989
0.819815
0.740420
0.641450
0.751798
0.364708
0.361066
0.325525
0.323634
0.292643
0.262481
0.252916
0.190289
0.221939
0.710552
0.658147
0.652484
0.847348
0.774761
0.075572
0.062771
0.110378
0.094962
0.129807
0.123489
0.057537
0.053460
0.192419
0.199394
0.218207
0.205608
0.186871
0.175888
0.169826
0.170465
0.292692
0.310115
0.373249
0.347602
0.298245
0.278634
0.238213
0.257736
0.219653
0.323171
0.246921
0.283571
0.260700
0.159413
0.147965
0.177247
0.138085
0.109515
0.061852
0.165726
0.170787
0.138522
0.156957
0.084833
0.051951
0.504799
0.485690
0.564992
0.515584
0.568955
0.513384
0.335036
0.385575
0.442559
0.357765
0.377975
0.292440
0.303339
0.317335
0.298137
0.576563
0.551834
0.454167
0.440456
0.447035
0.587697
0.594226
0.311123
0.270028
0.325328
0.290752
0.243907
0.268610
0.207942
0.244511
0.742864
0.792448
0.692718
0.688608
0.179904
0.229182
0.159883
0.244805
0.083232
0.080729
0.133262
0.104101
0.271332
0.301431
0.270108
0.165503
0.221616
0.169690
0.162169
0.156168
0.151696
0.277449
0.291274
0.323199
0.302141
0.290875
0.284123
0.243088
0.266815
0.172638
0.125793
0.069679
0.114903
0.104386
0.154740
0.100143
0.037711
0.030338
0.718650
0.655511
0.734085
0.665612
0.645941
0.400612
0.479289
0.427520
0.457460
0.364400
0.355148
0.400948
0.439210
0.950162
0.958509
0.664844
0.679579
0.566431
0.559535
0.674359
0.696490
0.213829
0.204765
0.263845
0.272017
0.259406
0.268689
0.216285
0.222016
0.443440
0.427457
0.356218
0.410634
0.217927
0.220436
0.200838
0.306653
0.370678
0.396253
0.402639
0.396415
0.923355
0.900766
0.972918
0.973959
0.912769
0.929824
0.996908
0.933800
0.937950
0.964861
0.911308
0.894591
0.928941
0.937807
0.935262
0.891796
0.904223
0.879179
0.902929
0.959719
0.890642
0.905050
0.921836
0.878324
0.886586
0.907163
0.916366
0.930934
0.921945
0.906772
0.923498
0.922370
0.914514
0.855881
0.885512
0.899972
0.902757
0.904987
0.905517
0.884935
0.909787
0.880581
0.911825
0.961694
0.988501
0.964546
0.945473
0.931066
0.847933
0.826382
0.717040
0.753706
0.820702
0.723307
0.725089
0.764512
0.779461
0.678644
0.689737
0.703853
0.681700
0.641026
0.657588
0.642818
0.592955
0.665869
0.623902
0.629274
0.696473
0.653552
0.624205
0.646775
0.748361
0.682338
0.664673
0.702266
0.693908
0.791967
0.743476
0.747332
0.789333
0.797486
0.713707
0.758962
0.826621
0.820715
0.670303
0.797463
0.649790
0.707241
0.756580
0.733198
0.699527
0.723398
0.744203
0.712860
0.642611
0.657839
0.643140
0.743964
0.724078
0.759386
0.635339
0.645741
0.676536
0.675582
0.730759
0.702182
0.657932
0.767099
0.668050
0.785967
0.570977
0.680587
0.619675
0.662835
0.659408
0.809413
0.796309
0.741912
0.819857
0.652003
0.605992
0.582964
0.607300
0.742985
0.613945
0.716064
0.686471
0.662897
0.696052
0.596895
0.711030
0.752479
0.773639
0.760071
0.585396
0.591433
0.677397
0.645955
0.601617
0.669252
0.668463
0.591653
0.754094
0.752952
0.781904
0.775601
0.686865
0.715702
0.769144
0.590409
0.762567
0.744484
0.754039
0.714595
0.603973
0.736362
0.679559
0.594735
0.719324
0.699062
0.713494
0.666404
0.561972
0.565318
0.610020
0.713955
0.515556
0.699957
0.689472
0.703205
0.575362
0.589017
0.538759
0.549390
0.556688
0.529851
0.526449
0.629172
0.700550
0.594808
0.723500
0.703022
0.748163
0.597598
0.608284
0.815389
0.537789
0.525471
0.529809
0.586984
0.728429
0.658095
0.603332
0.681131
0.791237
0.771108
0.684421
0.641427
0.613488
0.571625
0.726420
0.565828
0.582320
0.559447
0.559803
0.637649
0.555646
0.581954
0.731928
0.614087
0.734804
0.751948
0.707848
0.544609
0.571513
0.646817
0.536707
0.770185
0.676818
0.691959
0.769391
0.693147
0.599349
0.668508
0.573800
0.599761
0.615290
0.617337
0.556066
0.544363
0.611371
0.601293
0.605038
0.638374
0.643526
0.556893
0.544570
0.574744
0.586712
0.569287
0.604657
0.585303
0.584729
0.565966
0.625730
0.559494
0.518687
0.561753
0.507987
0.557157
0.619142
0.611511
0.613184
0.745032
0.732418
0.729123
0.700340
0.610850
0.699716
0.613509
0.754755
0.607939
0.700907
0.826875
0.809698
0.734504
0.735522
0.732492
0.728610
0.740070
0.741575
0.694593
0.733641
0.766117
0.775400
0.732223
0.702911
0.734067
0.764692
0.465083
0.504009
0.747049
0.584861
0.723603
0.735033
0.724465
0.718643
0.635592
0.660245
0.562610
0.538066
0.552839
0.467804
0.502745
0.550468
0.483884
0.583334
0.662854
0.523925
0.655635
0.679689
0.602097
0.481990
0.494638
0.479886
0.577665
0.626608
0.702588
0.688789
0.699235
0.539632
0.629308
0.634741
0.665608
0.622201
0.639286
0.692929
0.698843
0.649016
0.522766
0.501486
0.506823
0.517869
0.508082
0.493260
0.649001
0.587677
0.641407
0.628614
0.633838
0.677295
0.587981
0.498830
0.493388
0.505108
0.504685
0.569903
0.617070
0.660578
0.607424
0.655622
0.659662
0.659458
0.646955
0.527824
0.576359
0.672889
0.551714
0.645949
0.673185
0.690553
0.700027
0.602312
0.647784
0.636115
0.637728
0.626146
0.656477
0.623981
0.794495
0.778021
0.745981
0.705505
0.760682
0.620281
0.608500
0.669894
0.668537
0.636752
0.637218
0.605634
0.733315
0.735810
0.589533
0.680849
0.690300
0.613596
0.640266
0.587741
0.625543
0.614436
0.659738
0.601040
0.669709
0.575554
0.609283
0.648279
0.578704
0.618570
0.594620
0.644597
0.623613
0.518777
0.525697
0.572190
0.541736
0.524639
0.575195
0.547667
0.623022
0.460310
0.522326
0.625743
0.636977
0.582519
0.465663
0.481895
0.401748
0.473755
0.560704
0.411441
0.503968
0.442624
0.353203
0.505390
0.466466
0.491308
0.597406
0.462411
0.578746
0.421737
0.627697
0.582645
0.681692
0.571841
0.552466
0.672096
0.569321
0.559445
0.653878
0.553050
0.571411
0.571008
0.556979
0.581385
0.544761
0.599278
0.565055
0.674438
0.662399
0.587347
0.596794
0.667428
0.598943
0.565336
0.674614
0.534328
0.547774
0.530925
0.536168
0.544829
0.544127
0.544818
0.532843
0.572527
0.576669
0.438452
0.485937
0.583280
0.569596
0.515073
0.423336
0.550068
0.478633
0.432986
0.467941
0.461279
0.424174
0.451193
0.616364
0.413918
0.460906
0.454216
0.599210
0.626604
0.639546
0.465541
0.457360
0.611568
0.663216
0.651034
0.644121
0.626056
0.654680
0.645240
0.646504
0.656316
0.606651
0.627012
0.652977
0.621817
0.593059
0.612131
0.660826
0.627428
0.658643
0.565851
0.611869
0.622778
0.616005
0.605798
0.685837
0.543919
0.589161
0.530786
0.613117
0.610731
0.562382
0.586523
0.595510
0.598780
0.560401
0.622034
0.576236
0.585754
0.625987
0.583402
0.559951
0.578991
0.593087
0.567150
0.571820
0.553157
0.579534
0.593675
0.584735
0.584917
0.578295
0.621232
0.617400
0.616030
0.609422
0.609841
0.602554
0.587293
0.609212
0.588473
0.590632
0.593325
0.590396
0.598111
0.625760
0.637262
0.650177
0.606732
0.645086
0.626147
0.631323
0.653790
0.635965
0.650458
0.638282
0.627541
0.607864
0.644793
0.633504
0.628321
0.641374
0.610632
0.613466
0.597466
0.587605
0.601828
0.608923
0.593530
0.605626
0.612837
0.584890
0.631023
0.652768
0.617884
0.631112
0.595944
0.610243
0.582596
0.610888
0.554934
0.610859
0.454026
0.581656
0.535387
0.533312
0.580158
0.604392
0.604872
0.569192
0.648408
0.652016
0.656474
0.614905
0.592977
0.648899
0.649772
0.625556
0.533313
0.585582
0.626680
0.589702
0.666551
0.528337
0.593220
0.586784
0.572281
0.536417
0.540045
0.608906
0.585670
0.603760
0.508973
0.505444
0.557976
0.549838
0.493940
0.520723
0.561855
0.522427
0.609914
0.585035
0.559310
0.563536
0.581778
0.529968
0.543401
0.615186
0.476363
0.486243
0.516953
0.550304
0.501420
0.542167
0.521130
0.473740
0.573796
0.584422
0.602206
0.562709
0.559622
0.561179
0.507309
0.504154
0.524789
0.509795
0.501243
0.481050
0.512071
0.503940
0.579766
0.558095
0.543206
0.557648
0.537529
0.545815
0.535216
0.548279
0.520060
0.506384
0.519424
0.519923
0.524277
0.513062
0.537472
0.527482
0.524902
0.531403
0.525337
0.520301
0.515280
0.489520
0.530218
0.542179
0.553869
0.549510
0.523115
0.502802
0.519505
0.516304
0.531598
0.519075
0.503628
0.537428
0.542272
0.540511
0.532990
0.539672
0.546733
0.529321
0.535141
0.532643
0.505939
0.481946
0.537924
0.518261
0.524633
0.575267
0.539391
0.522338
0.537211
0.619735
0.589222
0.534975
0.446067
0.601518
0.510429
0.534359
0.468659
0.543087
0.570467
0.651135
0.661550
0.415445
0.473121
0.561802
0.570444
0.529486
0.591709
0.592353
0.670484
0.628633
0.552274
0.570847
0.550486
0.537452
0.588601
0.631366
0.561299
0.597542
0.591696
0.538059
0.565322
0.583564
0.522824
0.550668
0.531896
0.511935
0.556201
0.573037
0.612473
0.519404
0.581001
0.589990
0.540365
0.559699
0.560762
0.544570
0.526654
0.564810
0.601421
0.716903
0.588044
0.567776
0.604887
0.592763
0.573168
0.554117
0.578895
0.568627
0.628819
0.554836
0.505835
0.508783
0.554710
0.532802
0.463910
0.466708
0.481509
0.495128
0.557371
0.578202
0.532032
0.555668
0.602909
0.544578
0.537522
0.606960
0.488542
0.490696
0.532135
0.502671
0.503540
0.535298
0.539592
0.498884
0.610154
0.619619
0.560651
0.556069
0.666378
0.592797
0.561308
0.637701
0.543623
0.534076
0.552875
0.534263
0.511358
0.514928
0.539308
0.498785
0.657321
0.590075
0.616051
0.634405
0.573780
0.536109
0.596977
0.598974
0.541463
0.526456
0.563541
0.566436
0.531759
0.531619
0.560137
0.528719
0.574744
0.530326
0.535042
0.527127
0.421035
0.352717
0.494083
0.554509
0.346394
0.482759
0.488271
0.331517
0.506674
0.544138
0.526940
0.455472
0.551886
0.525158
0.511425
0.482258
0.506368
0.462869
0.511889
0.484412
0.432013
0.457154
0.474326
0.436174
0.440828
0.470688
0.482212
0.450134
0.449740
0.481735
0.445387
0.414880
0.482007
0.456717
0.460272
0.478106
0.410505
0.388063
0.410118
0.413097
0.363750
0.379766
0.405219
0.362598
0.464239
0.466608
0.441966
0.477155
0.474408
0.437114
0.507879
0.505042
0.393531
0.387040
0.421479
0.426108
0.439091
0.432626
0.480540
0.380325
0.479780
0.498979
0.498660
0.463975
0.494693
0.492354
0.514714
0.496541
0.454078
0.445218
0.479069
0.486683
0.431935
0.431280
0.449834
0.438789
0.525169
0.516549
0.509502
0.497561
0.523324
0.503853
0.520108
0.527466
0.470475
0.494906
0.509764
0.506242
0.447550
0.511141
0.515056
0.473271
0.548866
0.537436
0.489425
0.499927
0.524602
0.594990
0.515754
0.541595
0.453996
0.417550
0.412912
0.446261
0.481445
0.430004
0.446399
0.524208
0.458300
0.563358
0.395916
0.449626
0.549292
0.598286
0.617559
0.471236
0.568413
0.492060
0.365142
0.485667
0.430928
0.573865
0.535817
0.538275
0.545352
0.521696
0.530788
0.522232
0.530420
0.543013
0.471580
0.484761
0.499373
0.587566
0.628155
0.576933
0.571782
0.539670
0.633081
0.605376
0.570349
0.572542
0.548601
0.593733
0.588463
0.539185
0.542409
0.566133
0.556666
0.503893
0.498029
0.461106
0.481056
0.553991
0.530799
0.485705
0.520614
0.501523
0.430778
0.456919
0.507975
0.467497
0.463543
0.433210
0.395604
0.648169
0.547675
0.547720
0.671558
0.531251
0.550952
0.502226
0.505232
0.541629
0.510791
0.475682
0.493805
0.670957
0.687476
0.664724
0.701642
0.435615
0.461908
0.449929
0.419456
0.509707
0.488884
0.462804
0.500206
0.552619
0.653660
0.509830
0.484961
0.648922
0.505947
0.493081
0.667739
0.487866
0.529944
0.487200
0.507004
0.503829
0.501733
0.473681
0.527677
0.537398
0.532004
0.516028
0.497287
0.531326
0.469553
0.511317
0.525290
0.521653
0.547456
0.473573
0.478423
0.497009
0.498785
0.458445
0.550717
0.516004
0.493710
0.479483
0.455440
0.508283
0.482444
0.476252
0.513908
0.496818
0.497409
0.443847
0.518486
0.454307
0.435955
0.418216
0.493496
0.439267
0.472973
0.385292
0.367536
0.516810
0.428160
0.423059
0.495652
0.442424
0.443792
0.411183
0.408043
0.285629
0.240528
0.388565
0.403554
0.587595
0.436839
0.357536
0.376888
0.426720
0.377445
0.356931
0.442575
0.404258
0.463910
0.655695
0.442918
0.591653
0.661519
0.652009
0.699296
0.604773
0.615687
0.629972
0.613680
0.642677
0.646779
0.629119
0.643279
0.353062
0.369205
0.361726
0.370401
0.353967
0.422559
0.336648
0.355758
0.269292
0.366723
0.256501
0.317409
0.218172
0.306930
0.311420
0.267834
0.328115
0.309988
0.335523
0.385144
0.356068
0.359696
0.386427
0.327677
0.327793
0.343744
0.354536
0.366629
0.324138
0.294509
0.333645
0.387240
0.407808
0.384930
0.388334
0.436774
0.416700
0.405213
0.425330
0.381286
0.363242
0.389432
0.387784
0.358829
0.349599
0.376530
0.371690
0.468975
0.445252
0.429062
0.424617
0.466754
0.454412
0.448271
0.452179
0.439135
0.412943
0.439526
0.427561
0.404967
0.421415
0.418850
0.400041
0.490752
0.366478
0.410029
0.423311
0.401630
0.421651
0.447138
0.409091
0.397708
0.405842
0.390097
0.406570
0.424756
0.404115
0.405312
0.486137
0.414931
0.454432
0.451150
0.374952
0.471878
0.416160
0.424484
0.424672
0.430110
0.429997
0.503947
0.566048
0.502203
0.518811
0.501230
0.493796
0.498031
0.500623
0.533940
0.461334
0.444805
0.429613
0.428360
0.402412
0.526678
0.526215
0.507355
0.459312
0.560216
0.561974
0.528784
0.559717
0.474385
0.480831
0.468532
0.501916
0.474665
0.484572
0.443216
0.379374
0.427756
0.439143
0.636846
0.621264
0.445933
0.468072
0.420924
0.354427
0.419153
0.611750
0.413217
0.373416
0.413708
0.395904
0.698821
0.696905
0.703244
0.705822
0.448950
0.374132
0.421640
0.478883
0.368452
0.400008
0.396259
0.353112
0.607976
0.708116
0.697681
0.434202
0.416809
0.413766
0.354901
0.376197
0.380756
0.350124
0.353259
0.399206
0.337017
0.338423
0.346892
0.340058
0.333009
0.353468
0.360532
0.340601
0.381821
0.382374
0.326897
0.331521
0.362441
0.299912
0.318093
0.364317
0.273114
0.298494
0.302264
0.296279
0.316511
0.322550
0.310672
0.313263
0.346070
0.340519
0.281989
0.303246
0.580547
0.421406
0.274284
0.319351
0.364718
0.535394
0.284757
0.375533
0.267290
0.284448
0.289218
0.240696
0.581150
0.428248
0.376999
0.546150
0.371167
0.391056
0.395984
0.380727
0.356083
0.397520
0.384587
0.407089
0.548977
0.568812
0.370579
0.341644
0.445203
0.396464
0.294949
0.368522
0.362778
0.514012
0.338233
0.415098
0.280803
0.266319
0.281483
0.349610
0.291714
0.305024
0.271917
0.309529
0.431903
0.640755
0.642332
0.574083
0.594318
0.564920
0.603194
0.611815
0.542056
0.493087
0.587751
0.560479
0.293635
0.559005
0.617791
0.315702
0.181169
0.261582
0.241850
0.177382
0.289846
0.468341
0.354191
0.284539
0.280835
0.209219
0.200521
0.321938
0.200987
0.179645
0.244281
0.259511
0.477318
0.481229
0.333414
0.269551
0.318562
0.352770
0.364175
0.322881
0.277980
0.214289
0.300278
0.318430
0.259544
0.264636
0.278010
0.220405
0.335474
0.345926
0.327815
0.330379
0.354365
0.352349
0.334325
0.338852
0.332141
0.338831
0.333084
0.339904
0.359612
0.343969
0.327721
0.315434
0.367381
0.384502
0.387537
0.368194
0.424652
0.397344
0.395426
0.403354
0.368958
0.348161
0.371452
0.371554
0.342744
0.350732
0.351027
0.341385
0.393968
0.389751
0.376383
0.384720
0.399973
0.374589
0.390245
0.414686
0.367823
0.345764
0.381443
0.381842
0.339650
0.371987
0.379570
0.356360
0.379216
0.516904
0.432531
0.376944
0.424152
0.423785
0.437600
0.436224
0.378322
0.398992
0.417444
0.410691
0.337468
0.356489
0.418750
0.410987
0.481160
0.438346
0.419713
0.465819
0.484934
0.491013
0.467243
0.491369
0.423616
0.424825
0.443147
0.469812
0.410198
0.446152
0.387690
0.371314
0.480395
0.488863
0.466613
0.489628
0.463610
0.444928
0.446543
0.482831
0.389461
0.373865
0.410516
0.406227
0.437404
0.466975
0.447143
0.420151
0.305827
0.381337
0.343700
0.482290
0.393455
0.321075
0.304132
0.333977
0.280079
0.307015
0.274154
0.292080
0.297485
0.302921
0.330636
0.343960
0.561429
0.350671
0.315023
0.341708
0.401645
0.517942
0.375561
0.429935
0.317966
0.343450
0.348574
0.367736
0.313378
0.346097
0.293308
0.366792
0.360687
0.362833
0.545005
0.520653
0.323018
0.313027
0.346590
0.337812
0.310480
0.402153
0.522384
0.290031
0.367836
0.408904
0.436647
0.365197
0.319308
0.303930
0.306271
0.302036
0.277684
0.261919
0.273853
0.289220
0.236876
0.247981
0.278245
0.265916
0.267180
0.280550
0.273174
0.259173
0.257704
0.253627
0.234910
0.249284
0.375578
0.344661
0.326292
0.380902
0.325279
0.300359
0.315763
0.332523
0.252913
0.241381
0.270395
0.475189
0.535916
0.333910
0.354157
0.480426
0.318880
0.233358
0.359713
0.380983
0.295416
0.496900
0.275149
0.231470
0.294543
0.319624
0.293536
0.319342
0.279665
0.272880
0.241711
0.280284
0.281059
0.242866
0.273309
0.243621
0.236850
0.236237
0.299370
0.252931
0.218455
0.230406
0.251510
0.219770
0.291517
0.252440
0.245732
0.243721
0.458088
0.450442
0.249991
0.242097
0.341593
0.338379
0.219935
0.449451
0.235469
0.242622
0.236571
0.288039
0.218238
0.287966
0.308916
0.221861
0.285009
0.293436
0.251665
0.235264
0.327601
0.298180
0.283644
0.311072
0.245707
0.235221
0.333906
0.347950
0.264204
0.224602
0.233604
0.281841
0.294268
0.306924
0.246758
0.228733
0.295433
0.232067
0.236808
0.309320
0.294395
0.289440
0.247839
0.250340
0.265803
0.315235
0.316657
0.272282
0.333516
0.320700
0.340430
0.329572
0.310382
0.322456
0.309704
0.319073
0.310889
0.291822
0.366679
0.346795
0.320169
0.336776
0.339102
0.308191
0.355088
0.351151
0.327983
0.344518
0.298086
0.274748
0.320316
0.338011
0.298435
0.319804
0.301711
0.305549
0.311219
0.320821
0.323151
0.288001
0.331429
0.296919
0.309725
0.332788
0.241564
0.237666
0.264888
0.276187
0.272573
0.285564
0.271964
0.250797
0.311682
0.376121
0.361282
0.275791
0.381799
0.334382
0.339140
0.366208
0.284328
0.280242
0.311819
0.309631
0.237910
0.244721
0.332953
0.296997
0.399111
0.338396
0.299882
0.364187
0.418550
0.369364
0.372161
0.399573
0.342814
0.343440
0.352026
0.350669
0.326994
0.349686
0.272502
0.252494
0.405318
0.389250
0.366945
0.388706
0.335311
0.319557
0.329318
0.353565
0.266986
0.282254
0.299656
0.308978
0.349519
0.350613
0.337570
0.322093
0.284562
0.324407
0.363341
0.293683
0.303576
0.318924
0.371145
0.326610
0.299472
0.322010
0.330181
0.324124
0.321773
0.324584
0.290043
0.310772
0.431724
0.244729
0.324876
0.454993
0.324207
0.291703
0.327429
0.332813
0.250000
0.351558
0.340368
0.248950
0.292253
0.258786
0.244079
0.269705
0.418831
0.347452
0.372328
0.345459
0.488617
0.382738
0.325644
0.349496
0.385024
0.388721
0.367111
0.365086
0.315245
0.312166
0.314897
0.310079
0.249112
0.230246
0.228178
0.228945
0.228816
0.214297
0.210062
0.223795
0.370453
0.371927
0.282785
0.294574
0.473538
0.337472
0.291840
0.313533
0.220395
0.362170
0.358163
0.297964
0.330448
0.331665
0.313284
0.314823
0.357289
0.312807
0.317315
0.342230
0.388930
0.467887
0.355244
0.441834
0.296984
0.300749
0.308820
0.306447
0.314660
0.310938
0.319274
0.356978
0.345603
0.332280
0.327860
0.328084
0.318891
0.311066
0.325233
0.340473
0.502694
0.248397
0.383219
0.360360
0.231719
0.277777
0.336521
0.248214
0.308465
0.327610
0.322639
0.289284
0.340632
0.326694
0.315255
0.327653
0.280085
0.347596
0.356989
0.521496
0.272383
0.270976
0.322428
0.314790
0.305939
0.360933
0.348638
0.290288
0.329420
0.343620
0.373343
0.373365
0.252801
0.306948
0.293665
0.245566
0.320101
0.317688
0.278586
0.282908
0.305796
0.270167
0.282269
0.318859
0.192578
0.245451
0.294709
0.264054
0.299302
0.251171
0.249304
0.290919
0.312692
0.291828
0.241190
0.242047
0.295427
0.245049
0.255972
0.318980
0.289625
0.293058
0.264230
0.254082
0.466278
0.299619
0.275409
0.283790
0.312446
0.311706
0.316355
0.311391
0.312105
0.319509
0.297554
0.302929
0.249193
0.250291
0.289651
0.275687
0.318905
0.284498
0.321961
0.291004
0.249288
0.245017
0.276600
0.281508
0.263843
0.258870
0.284103
0.241901
0.262479
0.279978
0.279076
0.294377
0.227192
0.241792
0.191156
0.190853
0.215152
0.197686
0.184194
0.217120
0.183446
0.168990
0.179257
0.179966
0.202944
0.190390
0.174453
0.180964
0.184085
0.275461
0.250848
0.159038
0.258610
0.243445
0.246169
0.260263
0.254794
0.235065
0.225072
0.286799
0.139272
0.142299
0.216608
0.212991
0.317068
0.234363
0.218704
0.296678
0.332091
0.299891
0.298573
0.322262
0.286781
0.284205
0.294142
0.290533
0.246928
0.288511
0.211450
0.196269
0.318442
0.319676
0.302625
0.308537
0.254404
0.242547
0.252140
0.267374
0.233270
0.219887
0.231710
0.228976
0.298061
0.291844
0.300092
0.278285
0.251883
0.295459
0.305234
0.247320
0.319714
0.309297
0.347816
0.340780
0.298297
0.338929
0.333650
0.309596
0.246109
0.252383
0.300931
0.296596
0.313682
0.266258
0.270825
0.317388
0.260283
0.278494
0.352620
0.357253
0.273479
0.351046
0.345947
0.270761
0.319396
0.335662
0.275438
0.273899
0.302719
0.300805
0.284578
0.312964
0.306723
0.306466
0.329913
0.327843
0.310313
0.323204
0.325368
0.309163
0.304173
0.311163
0.281670
0.289487
0.325823
0.286040
0.279750
0.213979
0.459343
0.253186
0.243521
0.445395
0.267238
0.212409
0.209674
0.287453
0.217604
0.209989
0.312117
0.431582
0.325520
0.305884
0.260111
0.473323
0.337490
0.348407
0.291480
0.322357
0.363241
0.258600
0.264595
0.342094
0.250251
0.296232
0.230578
0.228184
0.329828
0.332111
0.336139
0.324548
0.344394
0.356408
0.350663
0.344295
0.372349
0.367587
0.351913
0.374038
0.325585
0.335663
0.339325
0.349328
0.354350
0.330863
0.357411
0.368235
0.328140
0.334599
0.352854
0.350221
0.331536
0.349751
0.349879
0.340248
0.376025
0.380478
0.348302
0.361963
0.336149
0.372151
0.368787
0.350537
0.297964
0.287383
0.347844
0.342773
0.282518
0.330462
0.340786
0.291996
0.370783
0.352617
0.375851
0.370348
0.168630
0.242419
0.233641
0.196890
0.308799
0.282246
0.243973
0.242524
0.254115
0.246826
0.226490
0.263074
0.256933
0.367053
0.260107
0.274842
0.308446
0.257069
0.257161
0.294958
0.291673
0.298296
0.242836
0.256426
0.279426
0.231218
0.254237
0.276543
0.236294
0.255114
0.284500
0.344671
0.264536
0.297817
0.260855
0.247557
0.283308
0.310460
0.296536
0.296204
0.244999
0.252876
0.257298
0.258274
0.238234
0.247605
0.255442
0.238723
0.278621
0.248104
0.250648
0.254015
0.229905
0.214089
0.217229
0.236676
0.199939
0.224416
0.230815
0.215107
0.229716
0.271755
0.238639
0.260250
0.168245
0.193780
0.159480
0.176594
0.170100
0.173385
0.176782
0.164909
0.164335
0.158410
0.204602
0.183791
0.153174
0.154369
0.170635
0.166900
0.142046
0.209721
0.183305
0.136576
0.215627
0.201348
0.146832
0.213121
0.199053
0.143102
0.139710
0.190672
0.122494
0.115822
0.172308
0.167626
0.218631
0.194642
0.184466
0.216355
0.281595
0.276684
0.269787
0.278303
0.250309
0.255536
0.264534
0.279050
0.197976
0.202036
0.172810
0.178200
0.285376
0.270458
0.259399
0.274829
0.207793
0.193357
0.191381
0.199358
0.156373
0.165790
0.172303
0.171708
0.254235
0.286926
0.258641
0.255453
0.245712
0.296617
0.298851
0.245180
0.296820
0.291578
0.321364
0.332732
0.273506
0.303399
0.311578
0.290179
0.227634
0.247978
0.279175
0.303408
0.312612
0.276894
0.273017
0.304549
0.273080
0.267596
0.344490
0.352388
0.243649
0.314508
0.335287
0.249799
0.305110
0.303176
0.263469
0.257190
0.297655
0.284359
0.266500
0.285254
0.300187
0.291761
0.314010
0.305834
0.275867
0.280840
0.299884
0.279878
0.258593
0.276067
0.255031
0.239897
0.215328
0.239795
0.210609
0.214442
0.251168
0.245057
0.204988
0.219250
0.179847
0.174357
0.187132
0.203342
0.193288
0.202385
0.188606
0.185347
0.243111
0.219853
0.226858
0.245832
0.326703
0.319593
0.249258
0.261786
0.281453
0.218257
0.250829
0.300311
0.208748
0.244716
0.197331
0.195055
0.333174
0.345877
0.336610
0.321769
0.366671
0.372674
0.355844
0.365868
0.357590
0.332567
0.341471
0.369337
0.287471
0.306363
0.331487
0.307319
0.378655
0.364375
0.361367
0.369692
0.329222
0.328620
0.343397
0.350792
0.316737
0.332244
0.349209
0.322338
0.355841
0.363396
0.351620
0.338462
0.348383
0.375274
0.373548
0.347306
0.271734
0.274806
0.333428
0.328475
0.277240
0.323723
0.338546
0.271943
0.345189
0.344055
0.356486
0.363657
0.202906
0.247344
0.242134
0.162078
0.226272
0.218701
0.201981
0.215223
0.182926
0.173847
0.194885
0.203478
0.145439
0.194933
0.218114
0.198012
0.227141
0.300679
0.279221
0.220914
0.264895
0.238580
0.205353
0.225455
0.226666
0.190121
0.197875
0.233894
0.181871
0.206755
0.270255
0.255535
0.237487
0.235186
0.224054
0.228000
0.229844
0.232190
0.248433
0.257655
0.234280
0.293213
0.241594
0.218274
0.202081
0.214748
0.225957
0.200934
0.220098
0.214719
0.262292
0.222883
0.231142
0.199952
0.251939
0.216022
0.191615
0.183717
0.208578
0.265758
0.207029
0.210228
0.147079
0.143752
0.161802
0.163633
0.144079
0.183807
0.163766
0.202747
0.147178
0.151138
0.203737
0.166706
0.123517
0.386474
0.127515
0.191573
0.149737
0.158381
0.129674
0.165803
0.180435
0.130256
0.196844
0.162434
0.153457
0.149267
0.248195
0.201397
0.182314
0.201754
0.125862
0.119740
0.170674
0.187353
0.193928
0.158810
0.145215
0.224950
0.237012
0.260057
0.222608
0.243065
0.216718
0.219696
0.227170
0.400693
0.303742
0.182429
0.143794
0.185439
0.232187
0.223504
0.206901
0.219952
0.150328
0.135280
0.146753
0.168948
0.118281
0.127185
0.131249
0.128229
0.379376
0.257235
0.192668
0.184004
0.214864
0.269736
0.240958
0.204917
0.254321
0.246699
0.281355
0.294314
0.229413
0.253532
0.263394
0.254328
0.167473
0.185914
0.227748
0.212613
0.281388
0.228457
0.232108
0.261076
0.223650
0.214559
0.300116
0.292809
0.179223
0.267826
0.282035
0.189729
0.246468
0.268158
0.217826
0.198783
0.240200
0.231787
0.211247
0.236323
0.248341
0.219483
0.238861
0.260287
0.206603
0.226514
0.236103
0.215077
0.196304
0.210355
0.210016
0.195345
0.164874
0.146730
0.119529
0.141545
0.157135
0.135466
0.114502
0.141840
0.177255
0.085184
0.091897
0.155854
0.102953
0.114189
0.097658
0.097278
0.183962
0.154938
0.114908
0.148208
0.271843
0.243298
0.161221
0.196240
0.261797
0.142608
0.144231
0.228591
0.136360
0.129414
0.091280
0.122378
0.266762
0.287473
0.278374
0.260453
0.332740
0.308372
0.291972
0.317667
0.266595
0.248851
0.267947
0.284223
0.506288
0.295028
0.254855
0.230750
0.360601
0.337283
0.310314
0.325862
0.299435
0.279268
0.291337
0.316533
0.207897
0.241481
0.273706
0.239043
0.278914
0.304483
0.289961
0.277404
0.339108
0.359946
0.344551
0.316753
0.263558
0.262130
0.302183
0.325589
0.199030
0.240409
0.273888
0.239798
0.266107
0.292534
0.303888
0.272271
0.125738
0.174790
0.160612
0.093953
0.159908
0.133728
0.118148
0.148661
0.130023
0.136662
0.102743
0.122059
0.113665
0.075124
0.202159
0.320521
0.165400
0.241029
0.233101
0.150899
0.214533
0.198502
0.150408
0.174168
0.173566
0.179801
0.146904
0.211713
0.149672
0.131362
0.225609
0.392138
0.193371
0.193442
0.221694
0.192075
0.214970
0.194862
0.200714
0.224255
0.181744
0.207915
0.196788
0.191007
0.272844
0.241089
0.230253
0.211801
0.227262
0.128415
0.132658
0.230929
0.153253
0.166852
0.177959
0.146817
0.155333
0.168626
0.169374
0.154296
0.228338
0.213591
0.138483
0.137601
0.112642
0.167109
0.209613
0.103499
0.242763
0.209506
0.180951
0.202962
0.180443
0.160234
0.153906
0.158574
0.113048
0.114045
0.198700
0.200315
0.129931
0.180535
0.184169
0.139114
0.242059
0.230986
0.141139
0.200892
0.230585
0.139978
0.133500
0.238672
0.148382
0.134249
0.191741
0.182424
0.178285
0.167502
0.149073
0.140538
0.212802
0.170481
0.137940
0.164683
0.173710
0.151192
0.134552
0.165311
0.140019
0.145431
0.182177
0.182853
0.181422
0.134425
0.352617
0.181373
0.108950
0.146694
0.144887
0.116802
0.047306
0.118091
0.143842
0.075613
0.157402
0.148734
0.176511
0.141120
0.158129
0.213921
0.210111
0.147416
0.221286
0.228407
0.247045
0.247456
0.211144
0.232474
0.228163
0.214684
0.138158
0.144199
0.201229
0.193344
0.255052
0.209527
0.192504
0.232587
0.168482
0.158918
0.253435
0.262854
0.150266
0.244415
0.254474
0.145134
0.222236
0.229557
0.196464
0.186086
0.185383
0.174913
0.171415
0.178308
0.210007
0.241831
0.212671
0.210808
0.133284
0.173877
0.213862
0.371398
0.399208
0.211561
0.214350
0.408558
0.097248
0.084241
0.075529
0.111201
0.224229
0.348618
0.078905
0.080871
0.091719
0.109338
0.082093
0.119088
0.236119
0.127590
0.093183
0.093922
0.123292
0.260023
0.369190
0.144571
0.306361
0.388112
0.230479
0.163779
0.246391
0.362014
0.236287
0.208810
0.087194
0.125710
0.211109
0.099335
0.229981
0.231932
0.221963
0.178081
0.250638
0.235509
0.237824
0.244679
0.254387
0.245300
0.219374
0.238740
0.184745
0.177648
0.248313
0.162504
0.260362
0.249551
0.224756
0.236999
0.163368
0.156457
0.196071
0.216906
0.115501
0.310204
0.211564
0.272915
0.256178
0.236869
0.216911
0.192644
0.235147
0.245687
0.210920
0.206489
0.170866
0.147579
0.178676
0.218595
0.304525
0.337412
0.207225
0.174914
0.181644
0.181419
0.241717
0.367159
0.148899
0.101080
0.073625
0.121719
0.147544
0.122363
0.160085
0.188920
0.177086
0.184166
0.174556
0.128558
0.174100
0.133270
0.077523
0.091218
0.186351
0.226988
0.183240
0.160655
0.141982
0.165997
0.185177
0.218969
0.155073
0.202449
0.177944
0.170097
0.381416
0.209201
0.196975
0.218512
0.248276
0.201814
0.223480
0.256254
0.189052
0.192494
0.204362
0.201553
0.208961
0.169531
0.201147
0.197820
0.405534
0.291017
0.205921
0.210546
0.235997
0.140605
0.139124
0.230106
0.169544
0.169858
0.190398
0.189912
0.219555
0.280080
0.186319
0.176962
0.250838
0.234164
0.145054
0.127103
0.131909
0.208511
0.225523
0.135772
0.169557
0.171363
0.191911
0.174290
0.165879
0.177858
0.178693
0.158478
0.177544
0.137476
0.216458
0.221596
0.136726
0.177132
0.189305
0.129723
0.232541
0.279701
0.135679
0.141621
0.180043
0.145307
0.136829
0.394821
0.132096
0.132063
0.178517
0.180276
0.146636
0.180001
0.184247
0.137448
0.184392
0.227453
0.182493
0.144346
0.205588
0.408265
0.255610
0.250826
0.153468
0.142240
0.183870
0.193834
0.161728
0.150229
0.160469
0.167462
0.060928
0.069698
0.123537
0.123327
0.076304
0.142900
0.133247
0.063308
0.214415
0.173227
0.173984
0.174852
0.109567
0.177443
0.236568
0.140289
0.197798
0.197478
0.216746
0.220737
0.261729
0.382451
0.225833
0.238491
0.160264
0.319302
0.378059
0.148241
0.210435
0.160045
0.157459
0.211012
0.141365
0.147196
0.250145
0.236799
0.131703
0.396551
0.272494
0.130423
0.240024
0.238055
0.159922
0.174427
0.278787
0.280826
0.266506
0.328377
0.097802
0.111123
0.169402
0.170368
0.122659
0.220163
0.156960
0.116553
0.181401
0.406988
0.392647
0.250222
0.192290
0.102701
0.110316
0.245374
0.105008
0.111570
0.108580
0.105261
0.126395
0.129742
0.135359
0.123193
0.157357
0.396063
0.114991
0.132614
0.110744
0.102722
0.107251
0.111820
0.209054
0.213578
0.157222
0.198660
0.286847
0.265970
0.166501
0.379320
0.123268
0.120487
0.120179
0.150507
0.174951
0.121257
0.123851
0.182144
0.211692
0.130362
0.170127
0.225373
0.141392
0.172565
0.174242
0.132604
0.193682
0.195284
0.128526
0.136623
0.204140
0.164022
0.131550
0.123472
0.272174
0.121508
0.122044
0.154305
0.128495
0.136071
0.139106
0.123678
0.141193
0.130079
0.131307
0.136531
0.158462
0.146717
0.108484
0.116864
0.082435
0.102661
0.085466
0.111499
0.101155
0.126609
0.087250
0.103196
0.123595
0.119710
0.119049
0.152814
0.307063
0.140071
0.174294
0.108676
0.408791
0.267576
0.156339
0.187238
0.259470
0.159909
0.158193
0.232963
0.186106
0.128290
0.145355
0.152449
0.272521
0.233498
0.237935
0.281876
0.171979
0.229568
0.212186
0.215302
0.226312
0.196154
0.192637
0.245312
0.301761
0.181344
0.205474
0.204323
0.201911
0.209472
0.240303
0.210993
0.189592
0.244649
0.411730
0.190346
0.188597
0.239341
0.338744
0.318073
0.165694
0.195509
0.234840
0.207153
0.227451
0.161776
0.250462
0.204212
0.254052
0.188937
0.247174
0.159823
0.153794
0.230347
0.208982
0.157716
0.218595
0.262192
0.186094
0.200424
0.196848
0.221829
0.237361
0.174145
0.173577
0.179398
0.240792
0.188897
0.205406
0.269454
0.285246
0.189539
0.205946
0.158693
0.268117
0.251664
0.141376
0.185286
0.148561
0.179992
0.142455
0.150164
0.220792
0.167914
0.158036
0.204897
0.203533
0.154852
0.208892
0.213458
0.254287
0.241251
0.152439
0.214741
0.282682
0.160811
0.199778
0.129539
0.260035
0.242444
0.218424
0.185795
0.225859
0.190455
0.245689
0.307890
0.260083
0.288284
0.398110
0.188696
0.223373
0.262896
0.081650
0.134292
0.170190
0.163621
0.267215
0.253055
0.189379
0.354255
0.223415
0.236976
0.207900
0.262681
0.136274
0.157775
0.175443
0.202055
0.161062
0.183715
0.159217
0.235807
0.194291
0.146457
0.136674
0.185661
0.177173
0.166184
0.167397
0.175024
0.330689
0.186357
0.217156
0.176698
0.167172
0.212158
0.262584
0.231535
0.213679
0.202235
0.201952
0.225472
0.183027
0.150319
0.302793
0.232218
0.143047
0.224517
0.187716
0.171493
0.134906
0.131738
0.404736
0.299205
0.140185
0.143299
0.174395
0.141326
0.180275
0.233146
0.205446
0.205601
0.143308
0.148562
0.133612
0.138347
0.130035
0.134228
0.129449
0.128657
0.169492
0.152127
0.155569
0.147438
0.147970
0.136222
0.138629
0.146506
0.131462
0.135754
0.152943
0.147633
0.239576
0.236770
0.196089
0.222912
0.264117
0.205277
0.217073
0.256053
0.155041
0.143121
0.157246
0.158398
0.222675
0.149339
0.153220
0.217630
0.149333
0.147519
0.186024
0.181541
0.150356
0.190180
0.194115
0.150485
0.229737
0.214617
0.152521
0.151878
0.147726
0.151573
0.151482
0.158692
0.135757
0.147812
0.150653
0.137106
0.151606
0.149677
0.153215
0.154485
0.147575
0.154062
0.152462
0.159054
0.142963
0.138033
0.128223
0.148354
0.112675
0.121755
0.110065
0.108000
0.146066
0.136617
0.132068
0.141774
0.157430
0.148633
0.134924
0.140866
0.196429
0.157321
0.171854
0.201257
0.255397
0.256306
0.166464
0.181372
0.295762
0.229609
0.227761
0.265929
0.218809
0.209285
0.178163
0.187669
0.204939
0.229466
0.213306
0.207250
0.216145
0.210373
0.213471
0.209561
0.216507
0.218891
0.202395
0.212325
0.213366
0.209974
0.213945
0.215216
0.169173
0.202890
0.203218
0.164862
0.304250
0.173240
0.201460
0.197114
0.264096
0.218705
0.209241
0.256679
0.208046
0.166673
0.217098
0.256774
0.182686
0.202927
0.215081
0.205804
0.166878
0.240497
0.348776
0.410942
0.261089
0.247378
0.301464
0.310633
0.305478
0.202136
0.439374
0.353461
0.261675
0.302710
0.311603
0.306305
0.213801
0.265387
0.243491
0.266925
0.243570
0.313556
0.276434
0.261549
0.338250
0.436825
0.437262
0.293037
0.236974
0.209645
0.218181
0.226341
0.158793
0.170231
0.428735
0.253743
0.317248
0.280817
0.269973
0.227302
0.244732
0.228019
0.223669
0.241624
0.250575
0.421617
0.202407
0.267231
0.208729
0.251400
0.202384
0.198465
0.278258
0.256219
0.231059
0.284543
0.276967
0.257330
0.165594
0.219125
0.228710
0.206494
0.347488
0.267461
0.189644
0.119913
0.241094
0.414582
0.284137
0.202560
0.187242
0.172231
0.286800
0.268629
0.206898
0.210637
0.189819
0.172847
0.180486
0.197540
0.249003
0.168985
0.109642
0.142942
0.221847
0.130681
0.126948
0.193422
0.225878
0.205735
0.192038
0.209914
0.433965
0.324880
0.270762
0.125737
0.250811
0.271412
0.262298
0.219566
0.286193
0.276522
0.311157
0.282670
0.118291
0.108616
0.269458
0.190700
0.301212
0.266221
0.434594
0.198031
0.153819
0.178970
0.171960
0.152076
0.192841
0.190165
0.178638
0.180486
0.244962
0.214708
0.270838
0.249192
0.159543
0.156150
0.195015
0.189113
0.164071
0.170346
0.176073
0.163702
0.209628
0.204296
0.193852
0.188149
0.189047
0.203444
0.177564
0.195300
0.173630
0.165256
0.171534
0.170987
0.259986
0.284978
0.241850
0.217054
0.294213
0.257154
0.242536
0.286308
0.200377
0.190445
0.196973
0.182017
0.217341
0.162830
0.167674
0.224519
0.154797
0.162764
0.208268
0.196343
0.178906
0.227408
0.208910
0.170038
0.260262
0.256620
0.178703
0.192730
0.156761
0.155888
0.172855
0.172967
0.169280
0.170578
0.177606
0.161175
0.181432
0.177189
0.175123
0.169897
0.169390
0.167305
0.162967
0.177647
0.174893
0.162964
0.151679
0.173333
0.145642
0.144589
0.151588
0.158675
0.185244
0.174264
0.149292
0.166204
0.163068
0.165866
0.185829
0.188714
0.224933
0.174891
0.224775
0.235105
0.349864
0.388305
0.265884
0.281206
0.364639
0.259094
0.377090
0.351180
0.264147
0.290778
0.252419
0.289690
0.226693
0.222891
0.284102
0.304512
0.215495
0.273076
0.301882
0.272252
0.297261
0.293733
0.284751
0.303684
0.328493
0.365802
0.335084
0.313724
0.241893
0.289231
0.272288
0.264771
0.345912
0.314989
0.256596
0.224944
0.302019
0.316608
0.364935
0.317033
0.301512
0.308528
0.288926
0.316873
0.237621
0.356568
0.333152
0.282067
0.297772
0.347913
0.333784
0.300979
0.353181
0.324234
0.317430
0.322423
0.336739
0.319495
0.354995
0.334204
0.345255
0.319009
0.383771
0.346240
0.312358
0.351949
0.311270
0.302097
0.342405
0.319860
0.353988
0.319097
0.327113
0.322035
0.353281
0.329175
0.288027
0.296266
0.367010
0.329479
0.309368
0.298685
0.325792
0.356180
0.340485
0.329522
0.359880
0.327380
0.331634
0.338314
0.326169
0.358844
0.282016
0.318362
0.298780
0.304509
0.283450
0.307796
0.284016
0.330524
0.315862
0.329865
0.298373
0.302467
0.324153
0.306389
0.303162
0.318303
0.282512
0.309490
0.290283
0.300022
0.252859
0.255373
0.308427
0.303921
0.273454
0.296359
0.287165
0.258719
0.318028
0.304367
0.301155
0.309684
0.228749
0.212518
0.213862
0.248541
0.221542
0.189265
0.283566
0.206329
0.240939
0.334910
0.318865
0.206768
0.276853
0.260895
0.231865
0.278793
0.140031
0.206343
0.275657
0.397512
0.269752
0.308805
0.279294
0.282836
0.386022
0.357082
0.311711
0.309611
0.456691
0.417216
0.288459
0.323799
0.252801
0.252564
0.208519
0.217296
0.204959
0.222554
0.224997
0.196750
0.248243
0.257315
0.223928
0.229999
0.232520
0.235878
0.225086
0.255452
0.217625
0.219144
0.211916
0.215791
0.205623
0.218693
0.219057
0.216071
0.257445
0.253233
0.239067
0.229275
0.247067
0.228083
0.235079
0.244764
0.202554
0.201041
0.207262
0.223375
0.327286
0.316634
0.273393
0.257979
0.338153
0.292775
0.270923
0.338327
0.239075
0.220609
0.226564
0.238283
0.286015
0.204337
0.198568
0.299012
0.201773
0.206178
0.247370
0.229881
0.217359
0.279834
0.248033
0.206386
0.300241
0.302886
0.222516
0.246385
0.200967
0.188826
0.204818
0.198478
0.184463
0.195050
0.198119
0.184413
0.239919
0.213635
0.189036
0.215691
0.221533
0.223304
0.196571
0.213057
0.187645
0.204126
0.208777
0.197906
0.182881
0.200610
0.188292
0.190116
0.223046
0.201527
0.216398
0.209714
0.223350
0.225610
0.217263
0.228985
0.313561
0.344192
0.332736
0.324052
0.324187
0.354374
0.232170
0.237500
0.420884
0.290866
0.271705
0.379425
0.346600
0.331994
0.370211
0.378341
0.350847
0.346375
0.361651
0.402539
0.320899
0.332768
0.334038
0.311073
0.386608
0.408661
0.384393
0.363298
0.397151
0.423466
0.381097
0.436138
0.333145
0.332429
0.329656
0.333113
0.344686
0.364806
0.355498
0.326681
0.398817
0.389985
0.374788
0.356413
0.353240
0.338015
0.362319
0.400768
0.353872
0.346870
0.352280
0.370565
0.338304
0.369927
0.354602
0.358032
0.391905
0.390710
0.373301
0.366752
0.381811
0.365029
0.370932
0.404079
0.337207
0.354644
0.347406
0.373335
0.342921
0.335687
0.343202
0.361627
0.385548
0.372655
0.350394
0.380300
0.385186
0.361033
0.356589
0.361118
0.335413
0.330977
0.346061
0.363717
0.333863
0.340951
0.344742
0.334433
0.366701
0.375531
0.351465
0.347253
0.368710
0.357291
0.348015
0.385040
0.336553
0.326839
0.342570
0.331377
0.336564
0.337933
0.344136
0.332930
0.373755
0.378790
0.350218
0.357345
0.375788
0.365544
0.355199
0.375422
0.327259
0.328229
0.348398
0.338500
0.303337
0.325844
0.324960
0.310305
0.379003
0.375040
0.355759
0.343311
0.382299
0.360362
0.358185
0.394311
0.305519
0.277411
0.388243
0.307348
0.266595
0.294688
0.307790
0.332249
0.349663
0.330266
0.321148
0.319953
0.337212
0.337119
0.365679
0.298936
0.463837
0.336960
0.371253
0.477981
0.355615
0.358128
0.405116
0.406814
0.418654
0.361606
0.383304
0.387817
0.507429
0.539798
0.471941
0.412387
0.279621
0.301290
0.273038
0.274312
0.269874
0.288250
0.288950
0.270984
0.341626
0.327678
0.303293
0.315320
0.306885
0.275016
0.301108
0.309448
0.273836
0.273657
0.268925
0.291072
0.269713
0.272821
0.284180
0.271143
0.282760
0.280671
0.288145
0.274104
0.328977
0.290548
0.284147
0.302729
0.243632
0.256528
0.258655
0.262661
0.342869
0.346769
0.314852
0.294779
0.386652
0.340719
0.328594
0.364805
0.280787
0.262950
0.276007
0.286859
0.299183
0.238116
0.260696
0.330849
0.229206
0.253628
0.294226
0.292529
0.282562
0.328979
0.315650
0.280652
0.356296
0.340008
0.269552
0.287314
0.237513
0.246640
0.254122
0.251676
0.233225
0.264300
0.258138
0.234764
0.289939
0.287219
0.300066
0.263632
0.314627
0.270334
0.271109
0.291345
0.246895
0.236497
0.239972
0.243052
0.250053
0.258620
0.232856
0.213732
0.290345
0.275945
0.253394
0.267915
0.283174
0.255278
0.272945
0.277194
0.352210
0.376962
0.411418
0.371811
0.383590
0.456746
0.294886
0.298994
0.420099
0.350836
0.376302
0.424487
0.422736
0.384782
0.432238
0.401603
0.473098
0.414267
0.395547
0.422698
0.492377
0.526168
0.417010
0.472961
0.501476
0.448998
0.530267
0.458772
0.412690
0.463312
0.485115
0.404433
0.385749
0.440600
0.471672
0.398171
0.392735
0.413784
0.409985
0.506756
0.500861
0.472055
0.442685
0.519396
0.506766
0.480511
0.503138
0.403331
0.407345
0.424561
0.417660
0.412772
0.421071
0.448111
0.411631
0.470081
0.470622
0.442074
0.453578
0.496264
0.424628
0.426926
0.457274
0.401741
0.409766
0.475151
0.423547
0.386300
0.435717
0.431717
0.412606
0.489893
0.489259
0.462088
0.435374
0.454578
0.470234
0.471360
0.478705
0.392124
0.388174
0.392318
0.413834
0.405410
0.414360
0.414621
0.377845
0.481018
0.504146
0.440630
0.429563
0.481576
0.442357
0.430697
0.498184
0.387124
0.400538
0.420511
0.419420
0.395994
0.404898
0.414051
0.394792
0.482883
0.500977
0.424462
0.458639
0.468605
0.452528
0.437029
0.491476
0.401378
0.404705
0.417237
0.429932
0.415989
0.426991
0.436333
0.401555
0.467576
0.490052
0.453447
0.443538
0.498473
0.449883
0.425013
0.486061
0.356437
0.317830
0.350933
0.307375
0.368476
0.436956
0.383119
0.365835
0.635949
0.469117
0.401395
0.463321
0.371932
0.331676
0.371627
0.403316
0.431366
0.480102
0.655437
0.624118
0.449738
0.536785
0.433642
0.372791
0.374281
0.644699
0.499969
0.361944
0.707107
0.640239
0.696927
0.709427
0.319774
0.327180
0.338047
0.321696
0.326068
0.312210
0.338405
0.326331
0.406489
0.382137
0.338244
0.357405
0.376300
0.312128
0.327636
0.365040
0.325090
0.304796
0.344299
0.332208
0.292545
0.307239
0.317461
0.284830
0.390493
0.392770
0.351182
0.340481
0.418229
0.340843
0.343468
0.404339
0.307738
0.297512
0.322881
0.302734
0.399763
0.442143
0.372594
0.349453
0.511959
0.519587
0.500739
0.432729
0.401743
0.328473
0.330747
0.402862
0.375081
0.326824
0.346310
0.411254
0.326079
0.309862
0.361840
0.351549
0.402482
0.434585
0.395043
0.335908
0.418911
0.498345
0.433529
0.465085
0.295415
0.306669
0.313060
0.313576
0.302427
0.299134
0.317369
0.315696
0.367010
0.377198
0.322540
0.325620
0.397912
0.330836
0.334381
0.386106
0.287398
0.280764
0.295198
0.301556
0.310497
0.345937
0.311601
0.284528
0.435802
0.370375
0.317983
0.363904
0.374556
0.311121
0.320332
0.375717
0.460360
0.616374
0.460644
0.605751
0.468316
0.543282
0.512493
0.444966
0.560411
0.524567
0.573368
0.609455
0.433152
0.446871
0.509698
0.485562
0.492961
0.527273
0.536618
0.547319
0.507493
0.578167
0.559819
0.563622
0.528384
0.679384
0.514730
0.572217
0.598771
0.593140
0.558881
0.531593
0.490703
0.567616
0.504403
0.530900
0.510434
0.588950
0.588018
0.530205
0.490318
0.546810
0.540885
0.491036
0.521776
0.499964
0.519058
0.542465
0.573067
0.557836
0.527335
0.559851
0.582788
0.524451
0.548752
0.537465
0.606372
0.588914
0.580699
0.551078
0.614521
0.531625
0.542643
0.514761
0.542338
0.536036
0.537545
0.631820
0.550448
0.542999
0.563429
0.567852
0.627989
0.574443
0.561359
0.597077
0.602108
0.543973
0.571195
0.553984
0.614446
0.647650
0.484890
0.519508
0.525502
0.567607
0.522478
0.532431
0.560974
0.525558
0.555047
0.571100
0.548554
0.556881
0.487534
0.500172
0.532262
0.516835
0.502598
0.529551
0.550105
0.525550
0.569646
0.610294
0.554184
0.528242
0.552923
0.516280
0.538248
0.520140
0.510736
0.527747
0.541544
0.552784
0.465938
0.476617
0.510619
0.532164
0.482505
0.505962
0.500188
0.481398
0.577056
0.605872
0.574320
0.561956
0.411668
0.430411
0.462112
0.430066
0.528686
0.541767
0.487145
0.435772
0.542951
0.527644
0.497256
0.568522
0.506623
0.468532
0.485848
0.542055
0.688497
0.721442
0.733499
0.678437
0.471623
0.511674
0.626092
0.559764
0.516955
0.485745
0.515817
0.530914
0.532555
0.685551
0.759999
0.651584
0.471944
0.498168
0.481912
0.483904
0.525872
0.484755
0.489387
0.506951
0.523774
0.531092
0.506434
0.514049
0.529030
0.541396
0.503342
0.532119
0.532708
0.517405
0.507291
0.504322
0.524514
0.490613
0.482050
0.502215
0.515992
0.544001
0.521513
0.512047
0.522524
0.526399
0.553928
0.541271
0.551058
0.524316
0.470953
0.472224
0.578309
0.470007
0.480688
0.503530
0.527030
0.538707
0.516657
0.530982
0.522378
0.510222
0.478569
0.518799
0.553993
0.517537
0.492286
0.500893
0.545160
0.485048
0.487385
0.522763
0.542463
0.544897
0.511395
0.497814
0.533448
0.551651
0.517200
0.547555
0.517919
0.498175
0.488006
0.491826
0.504354
0.468648
0.479652
0.500540
0.513393
0.517366
0.504570
0.506841
0.534858
0.500026
0.490885
0.542846
0.530756
0.507069
0.486366
0.459561
0.522646
0.471941
0.502527
0.503677
0.509723
0.497004
0.498613
0.486761
0.517139
0.492378
0.500503
0.513346
0.497413
0.541318
0.551288
0.536422
0.590997
0.558703
0.582813
0.558552
0.493001
0.605093
0.606840
0.603636
0.616669
0.571874
0.626896
0.617320
0.600134
0.569354
0.594596
0.561973
0.568649
0.424669
0.526657
0.547345
0.424580
0.444041
0.476684
0.482610
0.475969
0.427013
0.589550
0.528733
0.470935
0.559919
0.586127
0.608228
0.639701
0.543565
0.560083
0.550259
0.507852
0.586011
0.579587
0.603886
0.578805
0.595135
0.597051
0.563338
0.512509
0.504507
0.592877
0.579051
0.567482
0.668340
0.558961
0.592749
0.603334
0.601512
0.573648
0.671150
0.576624
0.595154
0.605825
0.550913
0.555135
0.535677
0.567622
0.527119
0.526692
0.527900
0.643088
0.652122
0.578662
0.580616
0.621163
0.585441
0.528811
0.525944
0.528736
0.580334
0.453443
0.599532
0.571494
0.409407
0.438813
0.473283
0.352647
0.525964
0.365303
0.398251
0.530781
0.476777
0.459503
0.474770
0.407876
0.369566
0.330195
0.358647
0.354912
0.372122
0.394098
0.531817
0.511571
0.533152
0.520315
0.526837
0.527256
0.535396
0.525100
0.656685
0.662094
0.599062
0.581834
0.632255
0.580237
0.590763
0.674218
0.544449
0.577964
0.568623
0.535517
0.593704
0.614619
0.677949
0.530760
0.669398
0.682912
0.526765
0.689783
0.631407
0.571646
0.571682
0.573665
0.572918
0.572028
0.618203
0.595389
0.568789
0.564309
0.556799
0.579530
0.656992
0.675464
0.622676
0.667522
0.657367
0.613611
0.666398
0.538901
0.551303
0.585447
0.577319
0.551370
0.562282
0.566813
0.559919
0.619441
0.575571
0.605025
0.631225
0.648800
0.592489
0.608478
0.551898
0.587509
0.593203
0.574205
0.568468
0.585650
0.579940
0.573835
0.626206
0.640616
0.580287
0.582547
0.678096
0.579043
0.569200
0.644013
0.546453
0.548477
0.568881
0.575817
0.573684
0.598832
0.600151
0.558799
0.557605
0.536998
0.661132
0.574260
0.581359
0.587837
0.540469
0.541949
0.553213
0.579278
0.534181
0.524710
0.531471
0.528916
0.628517
0.575767
0.560080
0.577547
0.549601
0.606100
0.572929
0.518210
0.534744
0.525368
0.523920
0.533313
0.560052
0.575341
0.519689
0.577800
0.616706
0.579441
0.614936
0.635172
0.604058
0.585617
0.654852
0.554545
0.712995
0.509806
0.480745
0.587543
0.518049
0.726276
0.743737
0.602615
0.690768
0.720195
0.659924
0.507653
0.506609
0.568305
0.601648
0.650097
0.575584
0.652757
0.651833
0.585623
0.554569
0.607819
0.598004
0.643772
0.638697
0.603252
0.600141
0.624220
0.529988
0.508276
0.670595
0.496114
0.475910
0.636542
0.570541
0.541559
0.660134
0.510184
0.595598
0.520940
0.525180
0.529091
0.564713
0.693121
0.602401
0.564647
0.671118
0.535608
0.538012
0.596657
0.560383
0.582494
0.659216
0.674053
0.683344
0.589943
0.545045
0.563476
0.702762
0.663681
0.525853
0.566895
0.660160
0.659031
0.649998
0.611239
0.669203
0.432186
0.531916
0.536038
0.571256
0.401789
0.661631
0.649443
0.673470
0.649625
0.691084
0.703614
0.683246
0.711316
0.756764
0.738934
0.770446
0.739977
0.752758
0.755541
0.684906
0.731575
0.752798
0.697744
0.718743
0.681250
0.703338
0.692169
0.666032
0.645163
0.728220
0.698671
0.751659
0.758459
0.675309
0.665119
0.691170
0.711316
0.730908
0.719595
0.679217
0.728206
0.802733
0.731476
0.711991
0.543312
0.575713
0.731554
0.606860
0.685742
0.649529
0.648219
0.575081
0.713470
0.657991
0.742175
0.641182
0.700853
0.663696
0.583210
0.622290
0.614697
0.721432
0.758935
0.638317
0.765121
0.587506
0.569665
0.690633
0.560803
0.655718
0.745054
0.657748
0.729650
0.740884
0.688510
0.608048
0.693693
0.646735
0.739151
0.612116
0.669143
0.645589
0.705581
0.642199
0.619235
0.564274
0.694148
0.619636
0.715915
0.694971
0.647007
0.698838
0.719643
0.674702
0.787483
0.777953
0.751659
0.744815
0.857711
0.711837
0.715153
0.768169
0.667039
0.610448
0.648442
0.605816
0.707365
0.747347
0.715775
0.720215
0.775625
0.612441
0.691012
0.719558
0.595074
0.614855
0.622525
0.682562
0.623490
0.787528
0.727695
0.669579
0.619090
0.611970
0.558842
0.622395
0.594391
0.680351
0.626004
0.628650
0.704829
0.644054
0.677570
0.725029
0.500482
0.625801
0.687205
0.612758
0.683282
0.596293
0.616860
0.706110
0.735658
0.726025
0.637503
0.541435
0.666165
0.660345
0.640659
0.585509
0.659880
0.620849
0.743388
0.637936
0.591847
0.627845
0.593772
0.624985
0.673100
0.679454
0.641156
0.698736
0.652789
0.626103
0.599837
0.575644
0.621237
0.743408
0.714474
0.712830
0.729487
0.654018
0.667189
0.847009
0.775792
0.740117
0.781997
0.773388
0.681750
0.726058
0.762258
0.677587
0.826694
0.737843
0.681351
0.673001
0.686514
0.677474
0.770755
0.732603
0.792879
0.667424
0.692847
0.740367
0.716246
0.711663
0.735339
0.646932
0.735177
0.648654
0.870835
0.741907
0.701785
0.737909
0.727282
0.680376
0.710699
0.711052
0.676663
0.638742
0.675226
0.665567
0.637032
0.739813
0.722546
0.790745
0.760310
0.803668
0.804295
0.738178
0.824655
0.845057
0.788685
0.790761
0.740679
0.676232
0.764359
0.728250
0.798930
0.775849
0.822570
0.847138
0.794208
0.794742
0.760361
0.825281
0.796499
0.795274
0.829989
0.715860
0.837713
0.813972
0.823240
0.795909
0.792088
0.849132
0.875457
0.843894
0.848736
0.827167
0.880231
0.871671
0.891620
0.782273
0.868506
0.872842
0.831865
0.846379
0.770861
0.804069
0.773980
0.892907
0.861959
0.834173
0.817570
0.870930
0.877978
0.840525
0.832929
0.900959
0.914061
0.793129
0.779477
0.855409
0.917367
0.844822
0.849488
0.880771
0.874000
0.896254
0.782230
0.745589
0.727458
0.851287
0.813852
0.806578
0.820847
0.845857
0.833012
0.923094
0.926426
0.904382
0.933912
0.926997
0.962811
0.892240
0.930567
0.931076
0.920161
0.907545
0.946202
0.939204
0.908053
0.918761
0.929502
0.923491
0.929218
0.931385
0.905898
0.950319
0.850229
0.896187
0.887535
0.869205
0.869986
0.874023
0.895643
0.885712
0.851256
0.887637
0.836264
0.833270
0.865294
0.875980
0.840572
0.892587
0.821418
0.891530
0.850684
0.926787
0.920225
0.894841
0.916918
0.927098
0.684246
0.599136
0.652452
0.809419
0.700392
0.762337
0.621897
0.639274
0.642517
0.659008
0.681386
0.803939
0.742637
0.439040
0.450932
0.446785
0.444735
0.449439
0.451560
0.510711
0.502242
0.460484
0.550330
0.355281
0.332125
0.480444
0.442989
0.517591
0.537653
0.544234
0.525100
0.522632
0.496554
0.420477
0.469245
0.305670
0.461947
0.497476
0.328174
0.431054
0.626682
0.494714
0.259369
0.391263
0.384628
0.253769
0.502605
0.487116
0.520962
0.521798
0.482961
0.528381
0.501944
0.490554
0.247612
0.248098
0.401042
0.383715
0.433998
0.439346
0.404960
0.418900
0.413390
0.411602
0.442077
0.379341
0.427254
0.446878
0.567032
0.591172
0.666555
0.746807
0.663601
0.692627
0.656187
0.650084
0.657420
0.634467
0.619787
0.635177
0.539384
0.566912
0.580718
0.570342
0.625562
0.605572
0.665096
0.670244
0.389282
0.555152
0.622871
0.492678
0.590836
0.598132
0.576686
0.580234
0.583907
0.557150
0.678726
0.730847
0.747470
0.686027
0.740480
0.708162
0.660105
0.742097
0.772187
0.673237
0.722148
0.718965
0.661492
0.468827
0.538412
0.422122
0.259865
0.603208
0.578829
0.521767
0.598432
0.587754
0.513862
0.528871
0.579291
0.210946
0.227093
0.412273
0.410909
0.588583
0.574545
0.587556
0.597566
0.412870
0.480877
0.547063
0.512566
0.440317
0.541895
0.547879
0.454458
0.625702
0.613664
0.611243
0.594919
0.497787
0.599517
0.549821
0.513409
0.520261
0.524173
0.611648
0.569003
0.614543
0.633998
0.631975
0.644831
0.584183
0.662060
0.626322
0.647035
0.684666
0.307350
0.436200
0.470262
0.310825
0.493803
0.486625
0.482333
0.453797
0.435038
0.532901
0.494838
0.317097
0.203782
0.393792
0.391484
0.448848
0.428024
0.325385
0.369947
0.404268
0.416330
0.342956
0.458538
0.421421
0.432470
0.480488
0.423888
0.454019
0.269711
0.418244
0.440588
0.274211
0.523618
0.522641
0.551194
0.540186
0.644629
0.520147
0.568956
0.529409
0.397852
0.274419
0.451552
0.506931
0.455552
0.454473
0.408024
0.410359
0.446794
0.453543
0.319205
0.335922
0.447429
0.427104
0.552407
0.465979
0.501580
0.452244
0.590298
0.582683
0.553316
0.482041
0.591214
0.599074
0.483170
0.543998
0.555749
0.567044
0.572372
0.458732
0.408190
0.450836
0.474134
0.504308
0.539510
0.637764
0.414392
0.585972
0.548210
0.656713
0.527150
0.524313
0.651966
0.579160
0.630367
0.615272
0.556120
0.614203
0.608894
0.546567
0.571375
0.510649
0.534581
0.572666
0.565244
0.632870
0.656242
0.635979
0.621404
0.486834
0.457556
0.556452
0.568244
0.507178
0.494433
0.522243
0.527159
0.588612
0.592901
0.610675
0.594468
0.494736
0.567570
0.547068
0.466279
0.615885
0.612073
0.605987
0.637167
0.636065
0.588282
0.597438
0.646549
0.427633
0.437918
0.540412
0.526493
0.513521
0.513990
0.609609
0.565288
0.565392
0.591726
0.538953
0.590323
0.593580
0.555510
0.635558
0.632676
0.622441
0.609731
0.331588
0.562536
0.527641
0.340478
0.485426
0.554621
0.547135
0.627223
0.350806
0.358998
0.543032
0.493938
0.528856
0.439765
0.637829
0.573884
0.307592
0.361325
0.473705
0.457574
0.329300
0.497422
0.345650
0.531374
0.498131
0.275413
0.436742
0.404236
0.289634
0.528139
0.515919
0.541686
0.537612
0.494713
0.538591
0.534471
0.504927
0.267274
0.278722
0.400040
0.397600
0.456883
0.440055
0.444638
0.454147
0.424442
0.425431
0.435297
0.442287
0.570060
0.657556
0.689027
0.638574
0.679137
0.718687
0.713963
0.686425
0.764865
0.754210
0.726082
0.742548
0.698608
0.660613
0.711434
0.741943
0.584147
0.591916
0.636274
0.621401
0.632771
0.595960
0.653896
0.619508
0.688540
0.679466
0.607681
0.605020
0.649632
0.646623
0.644260
0.636537
0.553479
0.587149
0.516607
0.525056
0.575448
0.666580
0.690639
0.665185
0.643411
0.631642
0.667868
0.552981
0.559628
0.565495
0.509788
0.577579
0.616665
0.587547
0.583868
0.305105
0.497384
0.403944
0.277139
0.429259
0.477176
0.540130
0.531804
0.493145
0.416963
0.234713
0.254268
0.413887
0.501036
0.502023
0.367753
0.388367
0.516894
0.454391
0.407742
0.445444
0.564157
0.392707
0.462998
0.412267
0.496900
0.498385
0.430395
0.693410
0.608005
0.555680
0.530133
0.596554
0.592562
0.571995
0.594708
0.448650
0.438583
0.507152
0.509626
0.565282
0.484451
0.504059
0.577659
0.327509
0.346533
0.365483
0.340930
0.365575
0.354879
0.350714
0.392284
0.594446
0.582082
0.488040
0.492170
0.684788
0.470110
0.676646
0.589594
0.589268
0.618918
0.632718
0.594487
0.675489
0.620047
0.596793
0.748017
0.719379
0.723444
0.706182
0.689439
0.642874
0.656791
0.670721
0.570067
0.639946
0.652423
0.610828
0.672558
0.699744
0.708343
0.676946
0.599161
0.605765
0.594621
0.559095
0.626586
0.603311
0.644055
0.640218
0.608728
0.627043
0.638530
0.618931
0.523251
0.562095
0.597442
0.578384
0.528097
0.555532
0.659891
0.697581
0.582262
0.566931
0.623910
0.573357
0.599357
0.688348
0.518027
0.561298
0.391399
0.434179
0.417623
0.377764
0.449464
0.431340
0.420131
0.417654
0.360397
0.347889
0.403538
0.405481
0.515793
0.537065
0.514048
0.492359
0.515754
0.500960
0.433402
0.469223
0.217124
0.357897
0.420574
0.479779
0.482314
0.487833
0.501562
0.499266
0.352708
0.462347
0.407939
0.347719
0.593144
0.557910
0.530426
0.563683
0.428483
0.456317
0.474058
0.373101
0.393618
0.433418
0.478776
0.472631
0.446260
0.456688
0.407037
0.437209
0.464444
0.322074
0.331437
0.409407
0.313909
0.528121
0.546337
0.445312
0.753298
0.775781
0.766454
0.737555
0.760339
0.757996
0.765873
0.754850
0.781411
0.627408
0.637017
0.768520
0.796005
0.737930
0.620645
0.594162
0.676889
0.671222
0.547806
0.642453
0.510348
0.789434
0.725552
0.657044
0.689775
0.598466
0.583761
0.597264
0.561677
0.625597
0.591051
0.696477
0.668966
0.590948
0.626796
0.643885
0.686215
0.650103
0.646005
0.640459
0.662098
0.680642
0.705599
0.318270
0.327389
0.403920
0.537576
0.578557
0.573762
0.499748
0.490441
0.569837
0.490311
0.503074
0.569065
0.346228
0.380301
0.458576
0.465423
0.655416
0.512475
0.510898
0.646155
0.430434
0.410286
0.519090
0.521989
0.386828
0.488673
0.499762
0.401245
0.646531
0.658136
0.500704
0.497710
0.490556
0.443559
0.440753
0.483348
0.519594
0.515827
0.522717
0.538930
0.500037
0.520244
0.528769
0.510657
0.150668
0.472190
0.435812
0.361666
0.453992
0.437498
0.442058
0.425043
0.422635
0.426128
0.365267
0.422752
0.429520
0.383801
0.425740
0.436044
0.450861
0.517207
0.530110
0.453395
0.599753
0.614296
0.628315
0.585308
0.607486
0.615110
0.607570
0.632702
0.472332
0.459352
0.531262
0.537656
0.595887
0.530960
0.525591
0.583151
0.363944
0.380765
0.384997
0.374574
0.405310
0.407383
0.396976
0.404704
0.600011
0.605388
0.538851
0.525329
0.644363
0.620271
0.715287
0.616756
0.691993
0.592373
0.497545
0.561742
0.681195
0.549299
0.582999
0.642150
0.599576
0.681355
0.688509
0.509836
0.658046
0.713011
0.684780
0.654759
0.688924
0.899022
0.908416
0.872946
0.870592
0.496351
0.670796
0.651767
0.555521
0.707077
0.694242
0.624675
0.642285
0.673408
0.661041
0.615452
0.637279
0.642608
0.617400
0.600001
0.465375
0.666184
0.460670
0.530818
0.439044
0.438588
0.502522
0.527328
0.333784
0.503499
0.454839
0.522400
0.522373
0.530721
0.518122
0.525431
0.632539
0.549855
0.532216
0.595470
0.395086
0.349741
0.529568
0.501854
0.461114
0.476420
0.381404
0.437717
0.447843
0.438108
0.559971
0.515124
0.456318
0.602707
0.636096
0.556733
0.540322
0.378983
0.417092
0.329665
0.241677
0.426393
0.487795
0.489551
0.487622
0.511361
0.510140
0.489231
0.231187
0.190111
0.384578
0.383863
0.490661
0.502457
0.432294
0.193728
0.310282
0.397687
0.361186
0.361187
0.425369
0.426875
0.357097
0.420081
0.429153
0.428284
0.462075
0.495261
0.445829
0.633660
0.512887
0.553890
0.472384
0.506455
0.416702
0.421618
0.474666
0.454990
0.629444
0.619530
0.534913
0.551850
0.495420
0.397198
0.396625
0.559114
0.362630
0.357436
0.379585
0.382676
0.531059
0.533099
0.510749
0.487697
0.782529
0.834916
0.755926
0.744902
0.761519
0.782543
0.733806
0.732430
0.682706
0.817522
0.767590
0.784787
0.768667
0.711445
0.735414
0.762860
0.746932
0.933160
0.872902
0.862621
0.853303
0.774731
0.893241
0.903769
0.900424
0.889025
0.911282
0.673583
0.608249
0.656524
0.639004
0.621946
0.617497
0.612959
0.619446
0.579841
0.525950
0.629227
0.586309
0.607834
0.538922
0.635855
0.536372
0.610504
0.669734
0.701948
0.898981
0.889389
0.866152
0.893130
0.338322
0.458761
0.460872
0.337344
0.533022
0.494019
0.456669
0.515086
0.478081
0.477361
0.531953
0.358137
0.331478
0.443174
0.466706
0.425243
0.456365
0.476988
0.383291
0.379786
0.437886
0.491247
0.341473
0.429263
0.439731
0.379916
0.460224
0.465798
0.213800
0.382673
0.370269
0.353803
0.582381
0.588225
0.512353
0.527397
0.648798
0.557100
0.500827
0.598823
0.459562
0.342861
0.353643
0.510716
0.607736
0.589010
0.596176
0.607002
0.419640
0.407534
0.550532
0.534928
0.355915
0.512602
0.522002
0.449924
0.572978
0.627932
0.537096
0.582322
0.245290
0.379069
0.377325
0.251658
0.486543
0.496360
0.514393
0.509414
0.435844
0.513631
0.496275
0.340184
0.234047
0.381334
0.424536
0.419003
0.437631
0.405958
0.416997
0.426838
0.416620
0.346655
0.450377
0.437850
0.385561
0.480978
0.443882
0.467279
0.493187
0.546639
0.560324
0.517198
0.607388
0.605652
0.618590
0.609559
0.642001
0.652791
0.641841
0.627370
0.551031
0.531661
0.572238
0.593631
0.582358
0.526699
0.526264
0.585029
0.424652
0.361659
0.441080
0.417057
0.382970
0.479778
0.452004
0.343467
0.627468
0.606164
0.558768
0.585340
0.854094
0.727562
0.764656
0.789481
0.738007
0.723340
0.620156
0.626448
0.878840
0.835076
0.741493
0.848569
0.618796
0.733257
0.762400
0.686474
0.577741
0.585793
0.613466
0.546036
0.563123
0.458405
0.521292
0.508870
0.625013
0.563925
0.639244
0.624759
0.598637
0.663348
0.598456
0.678057
0.504620
0.840555
0.813708
0.849919
0.794081
0.860844
0.828517
0.872929
0.873436
0.874369
0.894459
0.831157
0.863077
0.865001
0.348935
0.425192
0.425575
0.282360
0.449094
0.502950
0.469660
0.534618
0.524614
0.520249
0.517000
0.505919
0.265651
0.478426
0.474262
0.497622
0.500533
0.453998
0.488651
0.355452
0.419420
0.433830
0.421530
0.445801
0.443450
0.411340
0.456860
0.454132
0.453200
0.545116
0.550133
0.493988
0.662914
0.596660
0.536517
0.579394
0.518219
0.587139
0.590231
0.441772
0.486298
0.580664
0.546643
0.618986
0.558715
0.549408
0.625046
0.406337
0.448854
0.531572
0.534141
0.469552
0.400548
0.562484
0.471855
0.574176
0.569927
0.242571
0.383253
0.403910
0.251976
0.500141
0.502380
0.514891
0.519218
0.526420
0.547321
0.531899
0.496160
0.259281
0.246104
0.401662
0.416358
0.421951
0.436960
0.367581
0.372739
0.415679
0.416103
0.403313
0.455598
0.445059
0.399633
0.454782
0.449175
0.486565
0.597477
0.597780
0.464363
0.654751
0.642964
0.644494
0.649423
0.662384
0.584938
0.569498
0.648633
0.461206
0.433621
0.564029
0.575765
0.541855
0.560614
0.605259
0.585802
0.482081
0.459240
0.543757
0.408520
0.450629
0.439701
0.456651
0.607376
0.590522
0.540904
0.553870
0.139882
0.227744
0.118942
0.101536
0.175196
0.115135
0.105339
0.173392
0.060852
0.053603
0.078065
0.088407
0.030716
0.063752
0.073111
0.044635
0.191842
0.163999
0.165641
0.161920
0.223681
0.167075
0.160945
0.194743
0.197043
0.193513
0.147630
0.148567
0.178501
0.164497
0.138366
0.167456
0.307030
0.327383
0.267374
0.261676
0.593315
0.304782
0.295818
0.403658
0.256860
0.230237
0.282746
0.304229
0.203705
0.249961
0.271019
0.210319
0.137951
0.179595
0.174830
0.123149
0.209479
0.226391
0.191797
0.207210
0.220386
0.165831
0.173661
0.232065
0.128021
0.111678
0.148898
0.137584
0.443676
0.475057
0.400399
0.373615
0.519027
0.456223
0.433594
0.494867
0.451452
0.448596
0.402891
0.414561
0.364500
0.353757
0.375302
0.439342
0.706538
0.586942
0.748052
0.747343
0.742048
0.660184
0.674712
0.644327
0.585469
0.840546
0.806221
0.838856
0.869172
0.877134
0.777555
0.742846
0.471176
0.480546
0.449597
0.432797
0.482707
0.460677
0.393222
0.439592
0.389187
0.330498
0.359569
0.455051
0.352505
0.404845
0.409621
0.377485
0.589820
0.484056
0.704349
0.734985
0.693688
0.712182
0.746563
0.460447
0.446415
0.563141
0.406961
0.538184
0.515809
0.481003
0.489344
0.449038
0.368419
0.405239
0.497921
0.349077
0.540692
0.394507
0.371867
0.904821
0.903634
0.871702
0.219353
0.211810
0.194615
0.190378
0.205203
0.191229
0.146239
0.162350
0.199864
0.126658
0.138955
0.180354
0.163864
0.182006
0.176058
0.166619
0.469604
0.414089
0.399863
0.430621
0.393561
0.363981
0.329391
0.362119
0.315767
0.265905
0.291413
0.343401
0.335556
0.392917
0.366594
0.335948
0.124265
0.158539
0.052517
0.039286
0.120049
0.063798
0.059854
0.289245
0.053603
0.050013
0.054354
0.058298
0.042467
0.033796
0.045470
0.043691
0.256868
0.293403
0.178514
0.148449
0.289087
0.197837
0.189009
0.299677
0.157339
0.153880
0.124286
0.160561
0.124296
0.093936
0.113571
0.144204
0.339565
0.353857
0.369880
0.334735
0.406212
0.398069
0.381382
0.334792
0.420178
0.385160
0.369035
0.386546
0.347088
0.312203
0.337293
0.359980
0.164919
0.150485
0.111533
0.159563
0.210677
0.183703
0.138817
0.196626
0.165630
0.065849
0.097212
0.170265
0.138129
0.147346
0.099981
0.124162
0.355361
0.371510
0.262285
0.198746
0.298723
0.287185
0.249577
0.346081
0.330684
0.306924
0.227610
0.308925
0.227623
0.206448
0.199276
0.286398
0.383322
0.301061
0.322779
0.518754
0.408769
0.383389
0.286148
0.319510
0.302232
0.283980
0.248425
0.325441
0.574670
0.507974
0.281666
0.478143
0.528078
0.550676
0.482725
0.461133
0.535382
0.518114
0.492343
0.537631
0.528734
0.500524
0.493019
0.507534
0.469672
0.441730
0.459547
0.466270
0.614174
0.515198
0.536342
0.555463
0.579642
0.538987
0.574924
0.530622
0.522053
0.514769
0.636478
0.541801
0.513789
0.524416
0.514243
0.675088
0.750854
0.714473
0.692007
0.764286
0.676941
0.731173
0.666665
0.621224
0.637523
0.584647
0.559382
0.640811
0.639417
0.589366
0.611109
0.536730
0.472358
0.561404
0.619694
0.473906
0.523114
0.559632
0.501818
0.655588
0.687198
0.676846
0.602424
0.746623
0.627507
0.746224
0.575788
0.647231
0.544524
0.486766
0.535701
0.614358
0.635890
0.601721
0.597854
0.612943
0.597619
0.472434
0.450768
0.526348
0.504122
0.839639
0.842967
0.776136
0.215845
0.202321
0.199464
0.215210
0.300338
0.294026
0.220835
0.223648
0.293008
0.219562
0.222819
0.296623
0.218923
0.215486
0.202479
0.196238
0.187058
0.195936
0.145482
0.126552
0.211132
0.151706
0.143902
0.204980
0.183994
0.118659
0.119181
0.133365
0.068282
0.106020
0.110791
0.088860
0.187395
0.197681
0.179256
0.179562
0.193997
0.164956
0.189433
0.210847
0.175796
0.155078
0.162044
0.194873
0.115310
0.107315
0.123408
0.133826
0.666342
0.664837
0.581613
0.393895
0.702543
0.669745
0.651337
0.680239
0.392968
0.307872
0.418965
0.577781
0.264015
0.333814
0.361261
0.293852
0.181210
0.227164
0.209752
0.175171
0.233311
0.215669
0.232385
0.238010
0.206480
0.233463
0.234407
0.220165
0.156585
0.152051
0.204589
0.198732
0.576525
0.535557
0.557597
0.529195
0.577574
0.575577
0.634226
0.518510
0.518143
0.617214
0.601000
0.478903
0.519882
0.500029
0.492639
0.714028
0.728209
0.757585
0.748404
0.756792
0.700262
0.753997
0.576146
0.623013
0.609171
0.605574
0.623654
0.637127
0.644815
0.637993
0.576621
0.543902
0.613859
0.629610
0.555229
0.599924
0.569765
0.530534
0.154719
0.127281
0.120620
0.132341
0.373576
0.202003
0.145731
0.132107
0.163672
0.147462
0.159733
0.163855
0.117705
0.173442
0.174728
0.135524
0.093686
0.097835
0.081867
0.073253
0.107169
0.085904
0.081387
0.097008
0.085463
0.081528
0.080912
0.092748
0.065750
0.062798
0.074274
0.085041
0.097121
0.124340
0.091833
0.033989
0.215772
0.123874
0.105543
0.176893
0.106475
0.088247
0.050220
0.068403
0.129857
0.057242
0.019311
0.070702
0.550917
0.518904
0.502545
0.540272
0.516849
0.500278
0.478117
0.481877
0.432692
0.394868
0.432605
0.471620
0.468563
0.511238
0.491892
0.467289
0.407329
0.488898
0.411312
0.445717
0.520569
0.443839
0.422580
0.417550
0.486236
0.462265
0.461230
0.490247
0.460941
0.424763
0.441014
0.455053
0.221008
0.230302
0.198900
0.208537
0.253135
0.236885
0.217032
0.250860
0.242449
0.197630
0.203414
0.204948
0.179148
0.186315
0.169122
0.181078
0.456077
0.510143
0.400349
0.364264
0.531446
0.483369
0.433661
0.512777
0.408744
0.375608
0.384525
0.431048
0.273678
0.315300
0.346930
0.365372
0.734474
0.501908
0.717015
0.672107
0.678705
0.696980
0.667113
0.698272
0.642260
0.555073
0.556739
0.656847
0.586922
0.528268
0.683439
0.588188
0.575836
0.565617
0.618037
0.235544
0.196496
0.195465
0.250561
0.288364
0.292766
0.224629
0.216966
0.300492
0.246991
0.213314
0.294266
0.212524
0.233253
0.234914
0.234572
0.288410
0.273631
0.214603
0.230587
0.284572
0.194838
0.196296
0.278695
0.243755
0.245525
0.236164
0.237922
0.253384
0.229079
0.237762
0.255767
0.225917
0.245892
0.175487
0.166844
0.216869
0.194000
0.188235
0.252627
0.224694
0.210329
0.160443
0.165431
0.178478
0.144186
0.153448
0.189074
0.130029
0.252845
0.116878
0.087627
0.133717
0.140638
0.110564
0.109649
0.195892
0.157299
0.144295
0.241815
0.102941
0.101784
0.077739
0.091441
0.710185
0.721227
0.690429
0.673248
0.678731
0.675824
0.643906
0.707313
0.502691
0.447429
0.459084
0.487010
0.483158
0.476527
0.455834
0.415165
0.305343
0.308376
0.282444
0.290120
0.291405
0.270099
0.281520
0.303885
0.237487
0.247580
0.265180
0.259534
0.238389
0.280623
0.259793
0.235326
0.572498
0.589454
0.514231
0.543813
0.478601
0.506049
0.554977
0.550913
0.511160
0.538476
0.548994
0.520657
0.549905
0.527408
0.540180
0.577737
0.728157
0.718844
0.675134
0.721973
0.616993
0.633648
0.699282
0.653233
0.662198
0.645471
0.923405
0.881198
0.887560
0.549501
0.594026
0.528892
0.601868
0.684063
0.742092
0.653118
0.673673
0.730143
0.675875
0.663299
0.575111
0.667215
0.679078
0.069657
0.101998
0.095853
0.066478
0.190194
0.192965
0.139723
0.149510
0.190701
0.117121
0.126321
0.195328
0.039688
0.054385
0.089252
0.083020
0.273496
0.281227
0.225025
0.204882
0.309002
0.259888
0.234833
0.293848
0.238756
0.221188
0.211768
0.232513
0.252133
0.172715
0.199416
0.226494
0.119021
0.134353
0.106777
0.102575
0.153035
0.157938
0.117389
0.139279
0.158877
0.139192
0.112193
0.166237
0.096008
0.098569
0.104429
0.117708
0.090847
0.086752
0.071000
0.080964
0.172147
0.167296
0.108358
0.108528
0.126696
0.079397
0.121101
0.130282
0.111287
0.077603
0.082063
0.099244
0.550064
0.587194
0.511197
0.439523
0.575959
0.626043
0.524768
0.519277
0.589736
0.517415
0.563052
0.441905
0.411037
0.315668
0.305764
0.290996
0.298735
0.363579
0.325600
0.285781
0.302917
0.300665
0.255992
0.275255
0.307125
0.246786
0.278491
0.278306
0.257640
0.558306
0.590409
0.538826
0.515001
0.629805
0.574884
0.556899
0.607508
0.563856
0.536810
0.551916
0.565115
0.459296
0.465483
0.488396
0.499451
0.718336
0.812509
0.786046
0.616729
0.639909
0.638103
0.908057
0.875957
0.833439
0.791158
0.621608
0.563244
0.665108
0.581645
0.503879
0.651993
0.489345
0.566743
0.205614
0.190863
0.185646
0.197786
0.315158
0.316964
0.227520
0.240622
0.281627
0.173954
0.205631
0.308788
0.149812
0.174954
0.166714
0.133609
0.859268
0.236098
0.252680
0.184057
0.166306
0.301184
0.237309
0.236898
0.372974
0.242238
0.249426
0.171909
0.211968
0.208944
0.157522
0.159690
0.215879
0.303018
0.408669
0.196575
0.191376
0.321334
0.200333
0.190922
0.298910
0.421469
0.291608
0.252446
0.241057
0.237700
0.238512
0.243251
0.244423
0.196269
0.248116
0.211981
0.200337
0.274978
0.244727
0.217974
0.260303
0.264110
0.257442
0.204484
0.224640
0.233275
0.177778
0.187098
0.237226
0.079962
0.028864
0.013386
0.051861
0.138015
0.130763
0.108427
0.114104
0.151605
0.097056
0.102147
0.127235
0.263780
0.045694
0.000000
0.023461
0.596450
0.624020
0.655524
0.559540
0.611041
0.556911
0.565033
0.646399
0.586947
0.582455
0.562240
0.624129
0.517417
0.496473
0.513788
0.545847
0.410577
0.398433
0.371835
0.391920
0.397738
0.369324
0.308492
0.363123
0.360948
0.326526
0.313378
0.523870
0.323802
0.395779
0.372379
0.330806
0.588897
0.592044
0.549449
0.636304
0.671748
0.644368
0.645954
0.575416
0.645272
0.608817
0.567350
0.741952
0.750718
0.801678
0.627592
0.732049
0.647874
0.511751
0.497823
0.419211
0.498182
0.195894
0.257719
0.202872
0.381925
0.239863
0.223852
0.218965
0.208583
0.255458
0.439543
0.217119
0.182767
0.768979
0.717979
0.711087
0.616690
0.675451
0.661418
0.609583
0.845568
0.832673
0.830519
0.821014
0.785784
0.775717
0.035884
0.062404
0.063704
0.020668
0.164934
0.138160
0.092029
0.098543
0.095600
0.060360
0.056258
0.124536
0.029842
0.026734
0.059079
0.058541
0.233813
0.239868
0.176317
0.189232
0.254744
0.192211
0.181112
0.250267
0.217514
0.184134
0.176002
0.167677
0.172030
0.155705
0.168531
0.177192
0.339191
0.375201
0.276455
0.244942
0.422693
0.338582
0.318981
0.393667
0.331066
0.455601
0.269906
0.313244
0.249186
0.213550
0.240621
0.289326
0.198845
0.326089
0.203346
0.204772
0.304795
0.239448
0.222579
0.285545
0.190730
0.200213
0.212179
0.226802
0.181439
0.191283
0.182819
0.373758
0.113862
0.120126
0.109953
0.105303
0.212082
0.210967
0.145010
0.148417
0.177414
0.114188
0.131064
0.198213
0.091939
0.270010
0.101051
0.088686
0.560507
0.602490
0.547947
0.521825
0.700778
0.511882
0.590572
0.314660
0.332907
0.385218
0.361540
0.393584
0.388862
0.389644
0.515816
0.380801
0.333197
0.363522
0.357504
0.335173
0.324667
0.358711
0.331865
0.557256
0.564233
0.605057
0.436167
0.474481
0.440654
0.596974
0.589711
0.313080
0.304358
0.271258
0.305084
0.291368
0.263417
0.217391
0.244787
0.218027
0.185325
0.194827
0.245024
0.231702
0.265386
0.236686
0.226095
0.728287
0.763018
0.741548
0.782640
0.632240
0.707353
0.723489
0.698339
0.243918
0.260092
0.143442
0.139903
0.151833
0.043470
0.153893
0.203520
0.048822
0.097705
0.080494
0.036461
0.117504
0.102185
0.084461
0.109990
0.276561
0.284003
0.235149
0.232412
0.254731
0.361985
0.220904
0.268638
0.192699
0.179293
0.162389
0.138933
0.173333
0.170358
0.156727
0.171995
0.258856
0.271725
0.279425
0.253393
0.342973
0.315672
0.297050
0.292371
0.329802
0.310221
0.276111
0.298775
0.271875
0.251555
0.263035
0.286975
0.169358
0.063958
0.024750
0.072113
0.151731
0.145826
0.077390
0.059796
0.137686
0.161863
0.292934
0.142871
0.063347
0.049581
0.030889
0.018876
0.672527
0.683706
0.642615
0.717519
0.681857
0.780055
0.708644
0.618553
0.620658
0.622898
0.614682
0.637180
0.671901
0.372473
0.372146
0.352245
0.403689
0.509025
0.506800
0.397560
0.441215
0.353624
0.559651
0.385919
0.478613
0.442667
0.430478
0.398270
0.433096
0.906969
0.882794
0.958645
0.947661
0.953603
0.603371
0.735642
0.704221
0.683604
0.607157
0.605146
0.659881
0.663659
0.676480
0.640372
0.681165
0.720941
0.701923
0.225800
0.194514
0.202460
0.209728
0.249038
0.238809
0.230507
0.225547
0.299910
0.233385
0.229180
0.302736
0.218110
0.223872
0.201100
0.200869
0.571518
0.574470
0.456971
0.576375
0.336773
0.095655
0.199751
0.242231
0.231872
0.452470
0.461733
0.190034
0.519655
0.544455
0.534711
0.518782
0.907625
0.899778
0.911007
0.935148
0.882602
0.914921
0.894867
0.951717
0.912372
0.939230
0.948071
0.981975
0.989370
0.917768
0.910909
0.884927
0.924302
0.898692
0.939848
0.946361
0.908011
0.914422
0.897311
0.961427
0.905088
0.893106
0.896811
0.895772
0.985986
0.919111
0.889571
0.891137
0.890292
0.901937
0.894083
0.905492
0.950635
0.921265
0.932954
0.937104
0.913883
0.935967
0.932740
0.950510
0.933550
0.900684
0.914295
0.968529
0.943148
0.939783
0.913079
0.901204
0.869393
0.881987
0.890947
0.874492
0.927299
0.896525
0.914936
0.915318
0.918847
0.893898
0.881703
0.892152
0.913001
0.891783
0.888800
0.881871
0.885762
0.898833
0.888393
0.883522
0.914989
0.955970
0.969511
0.964150
0.901466
0.950352
0.946268
0.838472
0.814213
0.768429
0.834637
0.788953
0.694845
0.723471
0.767058
0.775678
0.738266
0.801135
0.715878
0.755251
0.724562
0.745966
0.810941
0.818724
0.709160
0.708056
0.684453
0.673754
0.686171
0.719477
0.682453
0.757543
0.622882
0.765941
0.697752
0.570189
0.653573
0.673444
0.601667
0.587949
0.677274
0.631357
0.687422
0.646252
0.671386
0.651514
0.666437
0.669559
0.643475
0.678080
0.601759
0.726081
0.683008
0.697533
0.669328
0.689042
0.701826
0.660129
0.678897
0.810023
0.763885
0.792978
0.707348
0.734530
0.767088
0.747034
0.797943
0.719943
0.761614
0.826325
0.781961
0.756247
0.761719
0.814394
