0.564297
0.648319
0.579562
0.666687
0.509713
0.661573
0.482166
0.635757
0.561814
0.465151
0.607188
0.450780
0.621377
0.471450
0.599074
0.443911
0.565155
0.477752
0.620481
0.464562
0.625303
0.548777
0.636655
0.499195
0.627691
0.689390
0.553180
0.640476
0.697781
0.582637
0.694406
0.474407
0.635456
0.558615
0.722111
0.563565
0.691239
0.601647
0.717497
0.603086
0.709110
0.605639
0.722109
0.558176
0.697609
0.472335
0.584995
0.477815
0.632078
0.476924
0.593950
0.499577
0.665390
0.583456
0.513274
0.615502
0.466253
0.614603
0.454301
0.582654
0.481189
0.636457
0.473055
0.597561
0.534203
0.635299
0.576779
0.679639
0.545383
0.657509
0.646108
0.494787
0.534911
0.612939
0.460623
0.584881
0.458129
0.609132
0.483033
0.624210
0.552328
0.605575
0.495971
0.592619
0.482350
0.635408
0.457855
0.580555
0.450279
0.585261
0.666244
0.568998
0.718233
0.769434
0.634111
0.742712
0.619133
0.765325
0.681964
0.754758
0.702949
0.749692
0.629975
0.715542
0.634006
0.754690
0.569654
0.703341
0.556670
0.658681
0.706711
0.754504
0.749030
0.823066
0.687533
0.794882
0.752659
0.829927
0.784397
0.697950
0.760961
0.792584
0.767933
0.717417
0.736491
0.818004
0.802470
0.848692
0.770286
0.822913
0.789871
0.818817
0.762829
0.832392
0.756381
0.826381
0.815579
0.853941
0.823438
0.765967
0.793408
0.833984
0.949967
0.849103
0.876905
0.922871
0.820536
0.824175
0.901780
0.624193
0.729093
0.626542
0.766722
0.619696
0.748571
0.638391
0.742544
0.636745
0.634904
0.711050
0.621502
0.709563
0.634861
0.715551
0.614229
0.726639
0.643790
0.736705
0.691917
0.737958
0.716539
0.782583
0.659995
0.781181
0.652317
0.616612
0.514377
0.680458
0.585910
0.703127
0.528843
0.611921
0.709697
0.701164
0.602641
0.610921
0.712984
0.613655
0.704191
0.675816
0.758204
0.780164
0.672567
0.765752
0.722144
0.674904
0.644592
0.568158
0.723022
0.616314
0.675066
0.742405
0.809794
0.706657
0.455237
0.569936
0.602854
0.471827
0.577712
0.447282
0.521706
0.623828
0.518633
0.600113
0.574648
0.430118
0.723181
0.754221
0.646295
0.798295
0.671631
0.691027
0.529815
0.729708
0.691662
0.616007
0.648412
0.557414
0.704577
0.477553
0.650238
0.465784
0.582747
0.607292
0.721624
0.550718
0.382015
0.593379
0.546364
0.661087
0.504639
0.650298
0.555286
0.687844
0.666256
0.493902
0.633721
0.658591
0.669123
0.552147
0.590306
0.686470
0.672059
0.746286
0.613761
0.716967
0.554180
0.684306
0.543617
0.665201
0.611434
0.684755
0.492028
0.637303
0.506363
0.663521
0.707023
0.575695
0.710071
0.540349
0.649067
0.417050
0.524839
0.443404
0.606619
0.326217
0.559718
0.308056
0.579472
0.435010
0.497575
0.389540
0.613956
0.480134
0.603185
0.552856
0.628165
0.506750
0.630874
0.457191
0.540333
0.716570
0.542075
0.627102
0.653506
0.668185
0.617922
0.633572
0.552914
0.720152
0.470569
0.609215
0.446507
0.612161
0.492100
0.605439
0.521562
0.635338
0.543056
0.651752
0.502660
0.648461
0.548959
0.661911
0.533649
0.480495
0.616731
0.527744
0.617245
0.515528
0.649372
0.288586
0.645375
0.500306
0.578167
0.636669
0.679627
0.421073
0.629591
0.561879
0.680182
0.575341
0.633544
0.530737
0.486613
0.607576
0.496078
0.675428
0.614925
0.458934
0.573834
0.461543
0.627899
0.438098
0.596519
0.515139
0.630863
0.486283
0.601107
0.501581
0.609383
0.672225
0.521133
0.590279
0.650032
0.708366
0.627890
0.731175
0.606729
0.686522
0.597292
0.706790
0.651169
0.538344
0.631328
0.551740
0.671467
0.510166
0.657112
0.506808
0.661514
0.560010
0.632219
0.603528
0.689013
0.668674
0.741382
0.638503
0.721884
0.816153
0.846165
0.756514
0.860212
0.786591
0.776952
0.648728
0.788729
0.787399
0.733307
0.716406
0.664940
0.810618
0.513169
0.663386
0.540312
0.452441
0.523889
0.560302
0.672374
0.570992
0.788551
0.653076
0.654890
0.542281
0.379373
0.523839
0.443981
0.550737
0.358375
0.522814
0.386312
0.413694
0.594517
0.390041
0.564950
0.409209
0.510066
0.197765
0.405712
0.310949
0.465372
0.224044
0.476665
0.247617
0.488500
0.330432
0.413356
0.401467
0.493662
0.447099
0.625198
0.274207
0.554074
0.495459
0.644016
0.549641
0.241100
0.601110
0.372020
0.381446
0.571829
0.636140
0.650174
0.548049
0.682287
0.632974
0.674847
0.653729
0.602947
0.734989
0.557414
0.752936
0.620902
0.653792
0.711298
0.771758
0.667128
0.711067
0.501550
0.764448
0.755394
0.707390
0.826850
0.675505
0.761891
0.728925
0.645906
0.729659
0.627739
0.722819
0.565728
0.560269
0.663580
0.134573
0.304337
0.088465
0.330237
0.098195
0.287249
0.080361
0.284189
0.128004
0.143424
0.332423
0.321257
0.322628
0.122303
0.079663
0.280048
0.130742
0.325533
0.091063
0.286063
0.125246
0.342956
0.110895
0.308543
0.144297
0.319936
0.104329
0.290461
0.111576
0.249513
0.406952
0.142709
0.343195
0.241424
0.355886
0.145859
0.424750
0.314455
0.323795
0.100335
0.082212
0.306767
0.146438
0.319835
0.171715
0.403790
0.209254
0.370346
0.136858
0.572770
0.327192
0.450394
0.425098
0.478435
0.228605
0.513167
0.376814
0.338903
0.151874
0.125921
0.359569
0.345822
0.063527
0.269077
0.128182
0.204804
0.313424
0.251754
0.056115
0.000000
0.237032
0.060244
0.292428
0.027922
0.212387
0.448609
0.593002
0.549841
0.319725
0.546961
0.370905
0.316831
0.461926
0.340274
0.186821
0.206676
0.453002
0.308271
0.493227
0.305621
0.445336
0.317735
0.609328
0.418031
0.489067
0.605296
0.630578
0.426743
0.535210
0.338148
0.659784
0.536830
0.688409
0.534464
0.608407
0.161574
0.379452
0.363820
0.569047
0.274744
0.508938
0.296191
0.480350
0.336228
0.456536
0.562456
0.397523
0.416203
0.565650
0.641406
0.570513
0.600685
0.313316
0.630046
0.598121
0.631096
0.602729
0.707732
0.790264
0.763005
0.661006
0.737810
0.582358
0.672879
0.343793
0.513120
0.460531
0.574299
0.567074
0.664832
0.661257
0.512664
0.671841
0.612182
0.482416
0.430197
0.287555
0.565880
0.452428
0.492839
0.666841
0.789454
0.656569
0.788042
0.660436
0.811900
0.784634
0.698427
0.741956
0.777540
0.800416
0.741969
0.847576
0.713793
0.765758
0.814815
0.832136
0.746505
0.842918
0.742083
0.789879
0.671984
0.792192
0.459758
0.350943
0.556863
0.328856
0.513234
0.413148
0.560065
0.479899
0.366322
0.537243
0.374807
0.510431
0.421544
0.557313
0.467761
0.595439
0.587930
0.627967
0.474675
0.613477
0.699231
0.579137
0.668551
0.631230
0.689082
0.549733
0.635912
0.517342
0.660237
0.700180
0.613693
0.728042
0.574818
0.669337
0.538291
0.645444
0.642533
0.567717
0.492991
0.713044
0.831166
0.717086
0.755503
0.748769
0.830726
0.703260
0.748025
0.626899
0.773965
0.855486
0.799018
0.814465
0.732445
0.771635
0.766268
0.692263
0.654306
0.776830
0.564292
0.676621
0.599713
0.700803
0.570204
0.699960
0.629262
0.717839
0.610553
0.564725
0.688550
0.584321
0.661238
0.621224
0.708162
0.670869
0.737921
0.627793
0.713625
0.678526
0.722617
0.690385
0.708297
0.642864
0.771351
0.623729
0.743093
0.675593
0.581713
0.712513
0.672056
0.659426
0.555562
0.520212
0.658057
0.509017
0.661318
0.559942
0.641998
0.613359
0.694143
0.693123
0.744517
0.631752
0.731622
0.684257
0.780837
0.727824
0.669550
0.770674
0.724028
0.642500
0.590768
0.544465
0.716752
0.560096
0.770538
0.665126
0.651850
0.770219
0.789055
0.775616
0.810190
0.749197
0.819666
0.617504
0.716685
0.681602
0.763187
0.635838
0.797180
0.733062
0.799273
0.721560
0.686825
0.764609
0.684051
0.729683
0.720929
0.806858
0.815049
0.826654
0.734559
0.833793
0.758506
0.817868
0.777864
0.814920
0.755122
0.823619
0.643143
0.770429
0.705442
0.618573
0.763589
0.698539
0.608094
0.704012
0.717060
0.633627
0.643687
0.713087
0.695573
0.776437
0.652673
0.736927
0.705881
0.771340
0.734684
0.777336
0.739428
0.802429
0.749717
0.804375
0.718405
0.747508
0.805235
0.752856
0.792909
0.769807
0.808995
0.737002
0.789856
0.750379
0.810884
0.730323
0.793316
0.729601
0.779420
0.754760
0.785334
0.543810
0.617582
0.688694
0.628128
0.672503
0.497653
0.758240
0.625386
0.698765
0.732507
0.707793
0.762841
0.658649
0.771621
0.670982
0.720115
0.600387
0.594196
0.714329
0.465597
0.591598
0.593959
0.452308
0.588418
0.457881
0.484366
0.598337
0.466957
0.597215
0.620808
0.470213
0.536102
0.651717
0.510302
0.652532
0.495428
0.604662
0.476904
0.630056
0.513624
0.460819
0.606181
0.607146
0.475392
0.611935
0.687247
0.541695
0.581082
0.705436
0.574295
0.710776
0.566930
0.664800
0.552015
0.661523
0.545751
0.554772
0.680929
0.690661
0.561837
0.690187
0.687484
0.591311
0.707750
0.775960
0.770537
0.696113
0.760077
0.694006
0.770802
0.717995
0.700215
0.762887
0.669219
0.743761
0.690641
0.745852
0.678106
0.761063
0.643600
0.735355
0.669357
0.738299
0.439942
0.626428
0.606704
0.464129
0.569055
0.484452
0.685093
0.496779
0.552651
0.609519
0.464277
0.649374
0.579644
0.601041
0.420071
0.446972
0.591744
0.598132
0.538355
0.649242
0.516150
0.582925
0.459470
0.551470
0.642826
0.731047
0.805017
0.616750
0.713633
0.706081
0.742136
0.703720
0.711715
0.604336
0.769857
0.716476
0.708687
0.598562
0.786456
0.509740
0.617599
0.487348
0.711604
0.715892
0.404150
0.502664
0.583759
0.444027
0.634214
0.765306
0.592313
0.454292
0.640632
0.571597
0.678800
0.795824
0.629974
0.717638
0.747444
0.602326
0.783067
0.704169
0.652552
0.775332
0.610745
0.693107
0.687565
0.507031
0.609414
0.701205
0.692663
0.607841
0.772850
0.536399
0.652527
0.719487
0.531369
0.637034
0.613647
0.646401
0.469053
0.651050
0.484804
0.634550
0.542773
0.660690
0.511686
0.646807
0.786545
0.599567
0.724240
0.690689
0.604865
0.794513
0.628301
0.719223
0.616647
0.709445
0.645273
0.695375
0.561217
0.680014
0.598841
0.592223
0.709251
0.639471
0.474045
0.638803
0.670060
0.537199
0.621860
0.704131
0.700615
0.644565
0.719741
0.634137
0.584053
0.702628
0.764518
0.648732
0.710615
0.757448
0.706805
0.735016
0.680884
0.780990
0.637380
0.712928
0.717781
0.627546
0.712169
0.644450
0.705494
0.643655
0.593654
0.699532
0.590091
0.670114
0.700256
0.727052
0.634649
0.452719
0.581323
0.617686
0.503976
0.628944
0.481449
0.645027
0.478448
0.629946
0.685221
0.606995
0.774174
0.685196
0.704036
0.555061
0.879530
0.877804
0.876655
0.833806
0.881981
0.887578
0.887799
0.908439
0.874675
0.895468
0.872365
0.894273
0.879008
0.887134
0.882036
0.890874
0.833793
0.860365
0.883774
0.681430
0.793291
0.752359
0.778849
0.703273
0.836232
0.823963
0.849804
0.776879
0.792537
0.782454
0.865047
0.858036
0.835222
0.857762
0.865546
0.875823
0.855505
0.863885
0.843690
0.871249
0.814325
0.889393
0.679950
0.730701
0.702615
0.765618
0.673837
0.761229
0.714541
0.784508
0.722085
0.677852
0.762660
0.703326
0.758306
0.704074
0.666727
0.704728
0.663960
0.762615
0.668438
0.776875
0.706079
0.755875
0.311786
0.475095
0.313706
0.472652
0.458649
0.303748
0.305157
0.477120
0.287624
0.457312
0.302879
0.472055
0.303414
0.482030
0.330644
0.487601
0.532580
0.662017
0.653980
0.578085
0.695595
0.659334
0.549366
0.680183
0.600832
0.698352
0.756685
0.639643
0.426714
0.545302
0.421917
0.632926
0.331071
0.529411
0.588080
0.362702
0.595558
0.628216
0.507377
0.670155
0.810682
0.704235
0.747343
0.813177
0.708461
0.761570
0.773875
0.861740
0.745038
0.847941
0.802796
0.837800
0.746998
0.896875
0.788870
0.688180
0.771279
0.811416
0.770857
0.869956
0.739376
0.845527
0.803460
0.866933
0.807020
0.758612
0.891866
0.805414
0.821810
0.889922
0.897338
0.873767
0.944500
0.895351
0.863219
0.803288
0.848371
0.786303
0.816741
0.815579
0.783140
0.829576
0.763239
0.812802
0.758905
0.858089
0.760068
0.836017
0.827476
0.727915
0.774976
0.731714
0.804357
0.788593
0.805065
0.814084
0.753258
0.719246
0.796008
0.694498
0.803295
0.693101
0.775292
0.751947
0.663360
0.742344
0.760045
0.728616
0.790888
0.798135
0.830787
0.773456
0.833695
0.736280
0.808258
0.732611
0.848025
0.797957
0.669866
0.726019
0.787016
0.825591
0.742676
0.785958
0.807804
0.836466
0.763250
0.815189
0.846139
0.833219
0.814552
0.846658
0.827157
0.881031
0.812409
0.842856
0.882030
0.800108
0.855436
0.834659
0.853203
0.849476
0.794424
0.811828
0.841899
0.802664
0.855642
0.832610
0.847060
0.807313
0.850551
0.813074
0.837028
0.828570
0.866528
0.830790
0.832698
0.850273
0.860114
0.801061
0.841364
0.695717
0.531718
0.645273
0.700925
0.551914
0.678890
0.695357
0.568059
0.733002
0.625384
0.662158
0.716627
0.595381
0.715452
0.587370
0.756024
0.652929
0.687220
0.631191
0.742643
0.696713
0.763392
0.695759
0.789444
0.883535
0.789190
0.829462
0.846741
0.724847
0.829045
0.874975
0.922266
0.900331
0.900365
0.906347
0.893502
0.882127
0.901587
0.881507
0.851297
0.910862
0.885169
0.892880
0.901859
0.911348
0.841703
0.862249
0.879678
0.892277
0.873462
0.821041
0.820452
0.908525
0.871586
0.873918
0.786226
0.866937
0.883928
0.824444
0.902771
0.842820
0.842749
0.890837
0.848175
0.814189
0.817491
0.721700
0.722954
0.795230
0.721988
0.806351
0.701512
0.771369
0.788163
0.727540
0.820805
0.746776
0.622297
0.715050
0.619492
0.708959
0.610628
0.718255
0.642815
0.726850
0.643452
0.543356
0.711025
0.636298
0.594578
0.731672
0.671443
0.532115
0.697549
0.648734
0.702565
0.792452
0.698018
0.774645
0.791901
0.796855
0.774335
0.796479
0.781140
0.769309
0.778576
0.774673
0.771839
0.845897
0.883416
0.831074
0.868011
0.833241
0.868630
0.831482
0.877692
0.856621
0.812491
0.841575
0.824299
0.848718
0.806135
0.858396
0.860045
0.858241
0.825104
0.858748
0.856135
0.881179
0.857127
0.908014
0.822348
0.800998
0.825473
0.864776
0.825192
0.841817
0.805060
0.780791
0.834773
0.789903
0.902850
0.833830
0.877482
0.853779
0.853698
0.837960
0.857798
0.835509
0.849349
0.812463
0.803096
0.835306
0.839849
0.815394
0.809182
0.815901
0.873858
0.822355
0.822524
0.844738
0.849802
0.843107
0.839679
0.865488
0.869101
0.877669
0.843100
0.838789
0.843808
0.804956
0.847428
0.875183
0.871055
0.861368
0.883669
0.845956
0.815794
0.872306
0.850249
0.849485
0.882771
0.882764
0.879400
0.896043
0.871474
0.899296
0.852221
0.861920
0.888655
0.868849
0.857594
0.892454
0.864133
0.885913
0.871718
0.885152
0.882107
0.869321
0.889861
0.866314
0.433259
0.270678
0.233738
0.418659
0.254492
0.458599
0.189154
0.391429
0.386482
0.384185
0.188536
0.229183
0.418136
0.271855
0.443059
0.317678
0.151192
0.130605
0.340926
0.168522
0.403809
0.127349
0.311919
0.341864
0.174887
0.421058
0.246266
0.420672
0.221789
0.141245
0.355284
0.155065
0.395891
0.114398
0.305265
0.323130
0.134040
0.337270
0.167366
0.014864
0.280451
0.221419
0.074129
0.283945
0.110785
0.063316
0.317180
0.221110
0.372864
0.389171
0.162027
0.269249
0.478402
0.378125
0.217235
0.434239
0.318011
0.131097
0.348227
0.226298
0.440732
0.524386
0.306066
0.510707
0.641369
0.536252
0.622553
0.644898
0.514055
0.545044
0.648238
0.579295
0.653681
0.528979
0.674362
0.560983
0.654478
0.480527
0.639457
0.614082
0.696452
0.603189
0.718152
0.581274
0.722360
0.592040
0.706799
0.613633
0.573332
0.676380
0.680617
0.563664
0.696702
0.692419
0.608569
0.708614
0.604359
0.632036
0.722625
0.589495
0.682059
0.666863
0.764955
0.691159
0.662600
0.570751
0.582829
0.683942
0.564271
0.681751
0.578201
0.687854
0.595574
0.687067
0.567504
0.696058
0.628154
0.702482
0.620996
0.580887
0.686990
0.703357
0.702867
0.646457
0.714999
0.742572
0.637610
0.768395
0.591627
0.694305
0.578266
0.680361
0.578381
0.695656
0.557456
0.674411
0.557557
0.606123
0.688483
0.663927
0.560117
0.672125
0.687274
0.553287
0.648812
0.750088
0.667591
0.726690
0.653832
0.746056
0.648412
0.725113
0.627362
0.636020
0.720928
0.726604
0.621243
0.717340
0.724540
0.606324
0.748565
0.685805
0.666145
0.759499
0.679217
0.748894
0.753869
0.813509
0.677302
0.773127
0.731889
0.780836
0.689611
0.796681
0.771711
0.623958
0.869998
0.794989
0.800532
0.883041
0.816252
0.821518
0.843619
0.898404
0.808486
0.887340
0.875261
0.942509
0.841766
0.916613
0.867994
0.753943
0.741108
0.758321
0.865495
0.843991
0.854087
0.710780
0.845780
0.949360
0.849134
0.836808
0.777219
0.862918
0.711399
0.795022
0.793395
0.825591
0.514583
0.591220
0.675116
0.580213
0.640250
0.463597
0.625706
0.723777
0.743136
0.655821
0.608587
0.692252
0.484271
0.603419
0.550752
0.653005
0.380363
0.552344
0.384008
0.551128
0.357312
0.562453
0.406420
0.572742
0.420006
0.354494
0.514053
0.518246
0.397499
0.572111
0.578708
0.457576
0.551185
0.673402
0.457306
0.597590
0.543653
0.602262
0.406017
0.538428
0.405132
0.468315
0.670936
0.549734
0.349846
0.513347
0.539878
0.365099
0.734281
0.643780
0.725593
0.795867
0.726181
0.724920
0.746034
0.853693
0.756366
0.828695
0.789293
0.825198
0.759475
0.862173
0.773249
0.629945
0.855280
0.781256
0.781917
0.898361
0.838189
0.859695
0.808330
0.884933
0.797385
0.854161
0.787456
0.852748
0.773071
0.854883
0.856297
0.791675
0.729924
0.805450
0.772287
0.857076
0.745231
0.862395
0.817290
0.855866
0.755676
0.805464
0.830971
0.872999
0.820942
0.858780
0.820799
0.795149
0.774670
0.715669
0.712834
0.769571
0.701566
0.794267
0.707417
0.757664
0.717353
0.755520
0.693552
0.767233
0.699403
0.768582
0.787607
0.751232
0.717826
0.755724
0.702838
0.643398
0.655818
0.701674
0.773593
0.765435
0.680076
0.655753
0.755559
0.638141
0.714628
0.638018
0.724750
0.779124
0.661582
0.677112
0.724305
0.804384
0.632510
0.718922
0.619628
0.672918
0.749391
0.793320
0.836121
0.704514
0.799100
0.735075
0.795971
0.793510
0.773381
0.805747
0.754448
0.775545
0.846204
0.866212
0.815354
0.843313
0.849069
0.828905
0.823485
0.832463
0.863042
0.789351
0.716754
0.769720
0.809863
0.740369
0.756332
0.826800
0.846371
0.780185
0.823059
0.797009
0.818664
0.798850
0.815359
0.763721
0.826962
0.738116
0.783060
0.697743
0.774163
0.814761
0.738128
0.754694
0.791758
0.739294
0.794927
0.723501
0.792064
0.744815
0.774449
0.760486
0.798335
0.756263
0.833643
0.796004
0.738821
0.722830
0.798199
0.758347
0.779018
0.849284
0.781385
0.825158
0.840107
0.802748
0.866958
0.815281
0.729484
0.740446
0.751745
0.785108
0.780031
0.805551
0.731762
0.782142
0.699446
0.710392
0.766273
0.773237
0.771731
0.707639
0.702490
0.773092
0.664490
0.747235
0.697836
0.746791
0.624582
0.716264
0.725096
0.639518
0.702092
0.616123
0.722439
0.657132
0.656056
0.735092
0.574521
0.746775
0.639569
0.700851
0.683361
0.743626
0.649370
0.706779
0.625219
0.745647
0.743658
0.639468
0.680787
0.712125
0.628014
0.702643
0.676151
0.708491
0.636871
0.754579
0.648436
0.709510
0.731301
0.628888
0.725175
0.636139
0.717557
0.636315
0.717098
0.765797
0.786497
0.717063
0.819868
0.731594
0.762974
0.679737
0.782864
0.765579
0.709456
0.801440
0.751035
0.662911
0.744995
0.787672
0.680502
0.842651
0.769569
0.827237
0.772239
0.809179
0.755946
0.783913
0.799367
0.825547
0.755672
0.793113
0.804130
0.762179
0.831433
0.949298
0.940259
0.932575
0.894126
0.884119
0.956663
0.844920
0.881022
0.877956
0.905907
0.865831
0.901192
0.901355
0.892089
0.961655
0.894440
0.849948
0.884029
0.854491
0.860266
0.868479
0.888934
0.857825
0.868542
0.825027
0.916275
0.917860
0.918052
0.891877
0.911306
0.891347
0.904311
0.855388
0.773254
0.830550
0.838583
0.853473
0.954691
0.946987
0.950182
0.894769
0.942749
0.969820
0.882815
0.912979
0.883976
0.943560
0.966808
0.930803
0.955697
0.960112
0.954566
0.943695
0.936549
0.898625
0.897928
0.935697
0.899757
0.899046
0.923091
0.864140
0.872227
0.866179
0.852107
0.845527
0.861976
0.837221
0.863736
0.855658
0.862440
0.868526
0.836539
0.852984
0.851479
0.863381
0.844670
0.866197
0.839200
0.852016
0.855075
0.854294
0.820773
0.855022
0.825814
0.845922
0.871987
0.826930
0.859048
0.860735
0.825679
0.816474
0.848581
0.866453
0.844307
0.873867
0.841227
0.844619
0.857997
0.818860
0.829708
0.812833
0.811777
0.836775
0.818505
0.819246
0.850158
0.822640
0.798566
0.838923
0.824523
0.841072
0.816407
0.845352
0.812745
0.847113
0.858408
0.827249
0.806612
0.821497
0.853308
0.823974
0.807122
0.783731
0.843348
0.822854
0.856045
0.816753
0.862749
0.775711
0.841700
0.799507
0.882860
0.804049
0.842090
0.846343
0.842305
0.795809
0.885495
0.838608
0.835943
0.814574
0.766485
0.760364
0.806886
0.759017
0.814956
0.750500
0.805914
0.767676
0.803273
0.783706
0.810084
0.791258
0.832673
0.802420
0.839630
0.786724
0.823220
0.787603
0.834751
0.834497
0.791584
0.778740
0.821591
0.782450
0.843175
0.789821
0.842234
0.794172
0.828538
0.782698
0.843767
0.768854
0.843714
0.785228
0.821660
0.795726
0.824461
0.794972
0.829728
0.824135
0.777223
0.782381
0.835174
0.782657
0.839642
0.761492
0.817666
0.774448
0.816190
0.782644
0.827059
0.781678
0.825031
0.785895
0.824915
0.761765
0.809556
0.784008
0.825035
0.803640
0.772416
0.774368
0.818829
0.792282
0.826687
0.775776
0.832369
0.777715
0.821505
0.795582
0.832220
0.816417
0.860681
0.810821
0.856118
0.802890
0.846404
0.783245
0.826631
0.812695
0.780363
0.770926
0.811876
0.761731
0.831800
0.759359
0.813862
0.760531
0.790549
0.765960
0.831916
0.795054
0.829453
0.794718
0.823478
0.801487
0.830531
0.794441
0.838519
0.790995
0.750472
0.761697
0.817899
0.782814
0.809213
0.791894
0.804648
0.843078
0.818513
0.843335
0.811761
0.838772
0.790725
0.830254
0.769863
0.831378
0.827427
0.790654
0.803954
0.819484
0.817562
0.836004
0.841392
0.829954
0.830293
0.808949
0.820199
0.816738
0.847868
0.833146
0.861242
0.846300
0.860970
0.842201
0.832999
0.834690
0.837751
0.865972
0.845324
0.868962
0.836646
0.845573
0.806294
0.865399
0.829874
0.845131
0.808604
0.791660
0.830465
0.805514
0.844465
0.759354
0.803288
0.788891
0.810378
0.777738
0.825017
0.804544
0.825914
0.842395
0.807378
0.794343
0.755544
0.713899
0.786177
0.748302
0.821290
0.696445
0.775250
0.717708
0.761591
0.747939
0.793272
0.754535
0.808634
0.810319
0.779415
0.761731
0.748687
0.690987
0.770001
0.738846
0.818543
0.709656
0.777890
0.700984
0.773016
0.725151
0.777073
0.734664
0.793189
0.808526
0.775326
0.775019
0.710040
0.755381
0.810352
0.763315
0.779017
0.727024
0.799312
0.744335
0.803693
0.766551
0.811333
0.766740
0.834908
0.836195
0.761699
0.779137
0.721911
0.694560
0.777474
0.737311
0.803443
0.699105
0.776782
0.715783
0.759534
0.735079
0.792257
0.750303
0.800572
0.815812
0.757057
0.781419
0.740342
0.745787
0.814772
0.771721
0.795530
0.751431
0.804128
0.760645
0.804128
0.765824
0.827963
0.780003
0.800039
0.815759
0.745127
0.791398
0.739741
0.718260
0.785873
0.741218
0.795247
0.718611
0.783976
0.719196
0.768911
0.733310
0.782270
0.737730
0.799487
0.821549
0.757279
0.769557
0.712624
0.709574
0.768826
0.725766
0.780690
0.758394
0.789483
0.791516
0.813503
0.783813
0.790532
0.796016
0.732613
0.813528
0.802627
0.809748
0.831132
0.808475
0.818185
0.815745
0.801404
0.804001
0.843739
0.858847
0.837046
0.871772
0.817818
0.852678
0.843058
0.875085
0.854974
0.772922
0.824836
0.816447
0.841133
0.805636
0.840956
0.837741
0.848680
0.884320
0.860909
0.862440
0.784266
0.760431
0.743631
0.799593
0.761541
0.812958
0.702387
0.780119
0.735632
0.771685
0.735595
0.794654
0.763806
0.788370
0.821615
0.791752
0.747943
0.695608
0.668226
0.741053
0.679108
0.769768
0.638455
0.722160
0.649918
0.729832
0.655894
0.747876
0.679909
0.745534
0.758267
0.725992
0.701867
0.650497
0.660519
0.780506
0.699220
0.753154
0.648837
0.745789
0.652024
0.734550
0.679911
0.751737
0.689065
0.769940
0.788563
0.669160
0.744706
0.672657
0.670646
0.773041
0.698918
0.757385
0.648262
0.739324
0.679141
0.735695
0.688075
0.767197
0.718584
0.786228
0.815144
0.691707
0.723535
0.658197
0.645314
0.731579
0.659813
0.756370
0.639334
0.733971
0.640394
0.705931
0.667302
0.735621
0.680586
0.758284
0.753843
0.697438
0.744833
0.676251
0.687611
0.790479
0.724142
0.763771
0.729543
0.797904
0.738714
0.792868
0.736028
0.787944
0.738329
0.791396
0.795575
0.718237
0.778796
0.707616
0.678708
0.752083
0.690996
0.772411
0.693789
0.755885
0.679106
0.748874
0.693762
0.756798
0.696303
0.772443
0.766149
0.722181
0.761162
0.699303
0.712779
0.780352
0.712252
0.766213
0.774340
0.816680
0.738251
0.801169
0.768693
0.789896
0.739829
0.774568
0.760166
0.704870
0.843697
0.809204
0.791133
0.812492
0.810040
0.807135
0.798334
0.837028
0.840146
0.811478
0.819195
0.832632
0.830107
0.858378
0.789609
0.821064
0.796600
0.848940
0.839705
0.746806
0.786324
0.773203
0.800635
0.750467
0.829134
0.807594
0.806162
0.839757
0.864017
0.831743
0.765994
0.723615
0.710013
0.773390
0.723210
0.773649
0.690911
0.756809
0.693016
0.755249
0.684738
0.754323
0.705167
0.758576
0.793484
0.737320
0.725554
0.654395
0.677049
0.713958
0.655525
0.732564
0.622050
0.716726
0.625652
0.731109
0.628921
0.713953
0.636825
0.726196
0.735403
0.671623
0.634750
0.727503
0.616642
0.704101
0.636427
0.727771
0.609295
0.717219
0.623313
0.626205
0.726638
0.711924
0.613591
0.705384
0.715377
0.604509
0.622548
0.705614
0.622761
0.712953
0.623686
0.712001
0.641442
0.720153
0.627371
0.639070
0.733655
0.733048
0.672329
0.739043
0.719240
0.652326
0.692289
0.610181
0.608571
0.692912
0.617426
0.704586
0.631751
0.693090
0.636617
0.712206
0.611289
0.715902
0.615441
0.702131
0.726924
0.617353
0.724230
0.632027
0.666172
0.733050
0.656073
0.713457
0.700785
0.765427
0.677816
0.753586
0.692548
0.746017
0.700013
0.774251
0.738693
0.640191
0.767785
0.687829
0.694146
0.749170
0.670798
0.773199
0.705656
0.763919
0.688188
0.772788
0.695639
0.744113
0.663272
0.764364
0.743564
0.701340
0.763497
0.707213
0.717289
0.776485
0.708524
0.760571
0.770881
0.819574
0.747154
0.792840
0.774716
0.801972
0.746328
0.819828
0.771185
0.695088
0.793473
0.828918
0.778157
0.818202
0.806321
0.776505
0.801857
0.791855
0.796580
0.827168
0.800994
0.798180
0.805052
0.774047
0.828167
0.767108
0.803244
0.772779
0.822619
0.817123
0.745376
0.783773
0.751526
0.794835
0.735218
0.791335
0.751770
0.777765
0.821190
0.840052
0.801309
0.710695
0.761000
0.775184
0.733814
0.775539
0.698664
0.723571
0.785959
0.798538
0.747759
0.740484
0.788063
0.718458
0.771474
0.721676
0.802337
0.655845
0.752403
0.678462
0.770305
0.777171
0.684632
0.690405
0.742240
0.677874
0.789736
0.673196
0.760514
0.663134
0.739314
0.691484
0.734503
0.639278
0.772826
0.629027
0.719952
0.765845
0.673289
0.676184
0.729870
0.664320
0.731145
0.642193
0.732211
0.648254
0.708199
0.605193
0.740853
0.634724
0.723977
0.621112
0.711863
0.732630
0.651505
0.648631
0.718877
0.660076
0.727284
0.647932
0.734247
0.640255
0.721500
0.631253
0.714934
0.615525
0.717790
0.706590
0.615471
0.715183
0.637010
0.613811
0.704502
0.725305
0.633158
0.632681
0.701282
0.683696
0.732160
0.659567
0.738582
0.697527
0.770529
0.754443
0.699393
0.782302
0.716171
0.650720
0.746666
0.754379
0.679462
0.721404
0.776680
0.750528
0.794232
0.730204
0.803815
0.709634
0.779646
0.727236
0.768492
0.807088
0.736758
0.793939
0.819984
0.753611
0.793769
0.756733
0.825861
0.728478
0.792493
0.711196
0.782220
0.718197
0.785064
0.751813
0.778785
0.818936
0.754125
0.774244
0.771595
0.767819
0.757982
0.744461
0.802795
0.769136
0.768476
0.789085
0.792720
0.800166
0.821658
0.797624
0.812853
0.764123
0.805429
0.826902
0.785389
0.827301
0.816084
0.842429
0.793645
0.810347
0.823879
0.814220
0.840689
0.804214
0.853342
0.822840
0.831657
0.818860
0.830214
0.801116
0.857557
0.751657
0.788885
0.820712
0.779557
0.816399
0.753481
0.767547
0.859507
0.853226
0.857243
0.866012
0.855360
0.783762
0.808814
0.808159
0.853340
0.727447
0.789927
0.719819
0.789405
0.857906
0.767583
0.746489
0.791446
0.734209
0.810471
0.732484
0.793372
0.719369
0.778421
0.704032
0.780231
0.697507
0.779029
0.706587
0.778737
0.819712
0.747423
0.736745
0.787485
0.723512
0.776235
0.705366
0.772723
0.702589
0.760105
0.678003
0.754732
0.668181
0.746047
0.691381
0.752582
0.777717
0.699374
0.744432
0.772281
0.712834
0.760987
0.701066
0.768291
0.686035
0.753222
0.674112
0.748081
0.655433
0.737261
0.668726
0.720875
0.760159
0.698017
0.707156
0.750413
0.732078
0.784648
0.704731
0.775476
0.723483
0.743189
0.679208
0.772030
0.710827
0.783549
0.760842
0.797858
0.810415
0.752248
0.778295
0.811412
0.811558
0.842432
0.783179
0.832844
0.795144
0.812119
0.769114
0.837160
0.798292
0.849284
0.801324
0.849848
0.855875
0.820980
0.814198
0.847345
0.801589
0.835730
0.801327
0.836406
0.775083
0.836351
0.781108
0.819795
0.779552
0.821742
0.777843
0.839723
0.793847
0.800244
0.822815
0.834921
0.849318
0.789551
0.769167
0.786599
0.786949
0.797454
0.810827
0.815074
0.839788
0.852880
0.822722
0.843786
0.821760
0.854440
0.847988
0.806473
0.850414
0.820602
0.847823
0.815333
0.834782
0.854704
0.839186
0.867107
0.847983
0.866389
0.827889
0.849656
0.828627
0.841519
0.827627
0.852735
0.819065
0.844643
0.831347
0.867036
0.854696
0.826438
0.834713
0.848752
0.822816
0.849607
0.837809
0.854775
0.821106
0.862695
0.825340
0.876358
0.779146
0.834878
0.798355
0.820401
0.833675
0.796723
0.791857
0.848705
0.778140
0.801577
0.790200
0.834914
0.761234
0.801878
0.761575
0.800925
0.736508
0.796218
0.752942
0.797108
0.815954
0.761205
0.773374
0.806957
0.776777
0.818328
0.766535
0.817381
0.757409
0.802329
0.730987
0.783783
0.737502
0.806288
0.758510
0.794057
0.808481
0.764048
0.772406
0.817226
0.755399
0.789082
0.748472
0.807999
0.728170
0.795155
0.728296
0.774310
0.716401
0.785312
0.736477
0.769471
0.802907
0.748058
0.761014
0.794856
0.772256
0.807258
0.754806
0.803029
0.756636
0.792888
0.733462
0.791060
0.776367
0.815135
0.801774
0.833736
0.818195
0.781143
0.804446
0.835365
0.839207
0.852635
0.823517
0.849937
0.829118
0.843223
0.811356
0.855798
0.825983
0.857565
0.830773
0.851448
0.860063
0.833687
0.819386
0.851294
0.815168
0.849279
0.826808
0.852653
0.819332
0.832863
0.807131
0.846924
0.815102
0.850532
0.821752
0.840873
0.858568
0.826221
0.812967
0.847498
0.816033
0.848765
0.835348
0.847395
0.818970
0.860748
0.831588
0.800721
0.842504
0.831461
0.856998
0.843322
0.831848
0.838520
0.858072
0.857975
0.846253
0.841606
0.855936
0.827503
0.862075
0.853829
0.812402
0.892890
0.829546
0.856468
0.868610
0.849563
0.861891
0.831609
0.847434
0.813243
0.837614
0.863135
0.813702
0.830773
0.809952
0.825095
0.852922
0.830665
0.842184
0.816220
0.838003
0.800427
0.833630
0.813250
0.835174
0.869595
0.799209
0.814498
0.840895
0.792976
0.834187
0.773974
0.841982
0.785908
0.822564
0.807429
0.831925
0.837727
0.792329
0.790956
0.831289
0.784629
0.829370
0.767857
0.819573
0.791647
0.813898
0.786598
0.831051
0.817691
0.797664
0.765347
0.811327
0.769172
0.808587
0.766192
0.813787
0.773989
0.810238
0.772285
0.804438
0.812214
0.767538
0.773390
0.804371
0.764312
0.818915
0.784391
0.817905
0.804700
0.840060
0.794809
0.833690
0.854064
0.814560
0.823795
0.856505
0.827952
0.853736
0.824864
0.850300
0.800319
0.837187
0.814114
0.840450
0.831669
0.797671
0.826104
0.836650
0.805323
0.840749
0.815829
0.838884
0.805992
0.848196
0.799252
0.825950
0.849842
0.813276
0.830135
0.846456
0.812463
0.849337
0.826430
0.845787
0.827895
0.855826
0.816249
0.843246
0.874000
0.829795
0.847271
0.852601
0.855708
0.865788
0.865201
0.873683
0.886298
0.885079
0.879863
0.857436
0.830893
0.847932
0.849583
0.855542
0.886843
0.857517
0.862680
0.873642
0.821933
0.836611
0.829531
0.867595
0.854974
0.861843
0.843001
0.820509
0.817017
0.820681
0.826773
0.840515
0.864824
0.853108
0.843717
0.875720
0.827333
0.815158
0.844645
0.837240
0.879016
0.859315
0.837112
0.836824
0.847967
0.835048
0.885494
0.871978
0.877985
0.892682
0.885196
0.879848
0.853027
0.854020
0.868435
0.870369
0.850768
0.902929
0.886604
0.887033
0.885223
0.873765
0.872674
0.889767
0.863099
0.884159
0.885237
0.884353
0.885758
0.830867
0.853426
0.851812
0.861655
0.847125
0.874775
0.856878
0.876304
0.863870
0.846095
0.852902
0.854528
0.864613
0.856392
0.852069
0.840948
0.846675
0.859350
0.854489
0.871651
0.888692
0.838119
0.861314
0.859435
0.862591
0.867241
0.840511
0.832318
0.881952
0.862474
0.896877
0.879318
0.865223
0.873382
0.865804
0.856710
0.840816
0.858145
0.853031
0.846071
0.855961
0.868521
0.857271
0.858039
0.852165
0.825371
0.835278
0.840718
0.845919
0.835291
0.841508
0.821853
0.783074
0.842859
0.873426
0.838987
0.842876
0.859629
0.863006
0.872421
0.865601
0.828162
0.815784
0.871326
0.899607
0.921677
0.895955
0.849714
0.838179
0.872430
0.879646
0.851672
0.855696
0.876673
0.869539
0.847788
0.873290
0.857844
0.911848
0.905209
0.916336
0.912727
0.907373
0.889787
0.914706
0.910043
0.968266
0.955782
0.960991
0.963879
0.985931
0.926051
0.946199
0.961798
0.949853
0.960723
0.916843
0.974539
0.978644
0.967677
0.921446
0.924536
0.947168
0.940756
0.920199
0.966335
0.944671
0.949821
0.930681
0.880377
0.920633
0.902747
0.917779
0.909487
0.906631
0.865455
0.887970
0.899292
0.889504
0.887775
0.897370
0.914216
0.908379
0.933223
0.896005
0.898113
0.850190
0.875311
0.891876
0.901798
0.900782
0.890756
0.856252
0.863578
0.857313
0.885545
0.897784
0.896724
0.972065
0.971625
0.975979
0.962528
0.951669
0.979643
0.969537
0.986474
0.988541
0.955757
0.907418
0.924131
0.955959
0.913210
0.940974
0.916779
0.910212
0.941126
0.912191
0.918725
0.926590
0.895820
0.911120
0.888671
0.963635
0.894462
0.876149
0.920722
0.885065
0.880333
0.858036
0.854102
0.875554
0.866014
0.881774
0.856408
0.853092
0.868141
0.848082
0.871653
0.887819
0.876385
0.962783
0.953506
0.941155
0.949827
0.958056
0.959153
0.944384
0.933744
0.961113
0.941213
0.954405
0.927992
0.914655
0.923199
0.929188
0.936692
0.937232
0.922855
0.901213
0.935161
0.935654
0.896555
0.900983
0.951334
0.911031
0.939734
0.911311
0.920465
0.937239
0.980643
0.913480
0.922101
0.950468
0.946352
0.922381
0.940648
0.928593
0.926183
0.944029
0.949668
0.932590
0.921648
0.918735
0.922617
0.915158
0.909102
0.906118
0.913578
0.896629
0.900918
0.900392
0.901155
0.838619
0.858321
0.861639
0.854513
0.888509
0.874984
0.898463
0.909326
0.873297
0.864613
0.876806
0.877784
0.938462
0.932746
0.945016
0.926208
0.932995
0.822972
0.858939
0.869276
0.866390
0.840034
0.876711
0.850942
0.898426
0.868971
0.855349
0.865698
0.872059
0.819655
0.860736
0.884257
0.835655
0.789912
0.833989
0.849141
0.824069
0.872063
0.850110
0.815041
0.805794
0.843445
0.785345
0.842209
0.817108
0.840244
0.823340
0.850058
0.837530
0.878228
0.828793
0.856006
0.829891
0.865108
0.839870
0.863735
0.845893
0.851618
0.844828
0.836630
0.842184
0.874716
0.851933
0.841851
0.823440
0.866077
0.857845
0.876244
0.872780
0.902281
0.863637
0.911146
0.903943
0.881198
0.878126
0.874708
0.924592
0.866408
0.917861
0.837735
0.870951
0.845718
0.877732
0.838114
0.880007
0.853686
0.863885
0.842126
0.844657
0.866030
0.870925
0.801088
0.859249
0.856760
0.864628
0.837103
0.852039
0.836620
0.871576
0.861011
0.880733
0.864588
0.853878
0.869420
0.836860
0.850860
0.878031
0.848585
0.877294
0.853063
0.837601
0.873439
0.836145
0.856364
0.839517
0.842212
0.837240
0.860326
0.835637
0.845873
0.858719
0.856570
0.818421
0.848217
0.852955
0.918387
0.910577
0.936215
0.921173
0.923569
0.889599
0.913986
0.895157
0.910786
0.914177
0.928552
0.899483
0.872022
0.852244
0.878618
0.839917
0.860717
0.851955
0.867751
0.868334
0.897693
0.894245
0.839721
0.844402
0.824403
0.848983
0.847867
0.875225
0.852280
0.845883
0.869920
0.828021
0.836308
0.860758
0.851441
0.872492
0.846238
0.822912
0.845879
0.842907
0.855089
0.885472
0.857013
0.858529
0.834064
0.826905
0.854499
0.851848
0.869383
0.825506
0.864063
0.843490
0.847608
0.838648
0.862422
0.868460
0.883619
0.834192
0.870264
0.841944
0.858949
0.842918
0.871026
0.931868
0.924190
0.849525
0.925639
0.869152
0.879934
0.861114
0.894545
0.905747
0.870379
0.917969
0.923997
0.856720
0.859582
0.891757
0.848255
0.857855
0.902603
0.859838
0.877924
0.880012
0.830345
0.853545
0.826312
0.833859
0.875254
0.844290
0.834813
0.863716
0.867272
0.829061
0.848540
0.868991
0.872117
0.857945
0.867788
0.849803
0.838166
0.860792
0.844190
0.830904
0.872436
0.873219
0.847484
0.851895
0.764231
0.823414
0.795074
0.810542
0.836259
0.808495
0.823505
0.821763
0.823811
0.836937
0.846362
0.819044
0.880652
0.870038
0.873126
0.867200
0.885357
0.867785
0.882969
0.863345
0.851205
0.846133
0.866814
0.885221
0.870256
0.901516
0.831415
0.797318
0.844058
0.806553
0.866487
0.851729
0.787484
0.798194
0.840866
0.859898
0.826277
0.859256
0.822315
0.868294
0.813665
0.852507
0.828626
0.848553
0.862397
0.872728
0.835699
0.894817
0.891390
0.915475
0.907680
0.909066
0.883234
0.853172
0.910359
0.911458
0.879240
0.884101
0.923783
0.889490
0.831858
0.847494
0.814506
0.838496
0.805389
0.845286
0.821888
0.850415
0.803172
0.908099
0.927354
0.872334
0.935807
0.909969
0.894018
0.876989
0.890210
0.847732
0.844273
0.852803
0.847957
0.843496
0.873672
0.857736
0.874987
0.874737
0.847967
0.862411
0.844609
0.862229
0.875848
0.869801
0.868279
0.871100
0.832883
0.876174
0.851445
0.849066
0.934216
0.945842
0.929347
0.941005
0.956123
0.943068
0.962769
0.958577
0.967014
0.949591
0.922953
0.908242
0.915650
0.958151
0.917958
0.970313
0.910509
0.915594
0.971497
0.975638
0.980212
0.935107
0.921429
0.986436
0.893724
0.960616
0.949584
0.966870
0.982512
0.997505
0.984620
0.960506
0.965433
0.946564
0.940530
0.942101
0.935921
0.954453
0.962533
0.965013
0.960234
0.958612
0.920973
0.950297
0.928761
0.946868
0.941263
0.957918
0.889839
0.911450
0.931113
0.896616
0.917100
0.944815
0.949098
0.953864
0.920339
0.936766
0.931748
0.852405
0.882759
0.915274
0.887100
0.889948
0.855145
0.917371
0.926619
0.842092
0.861468
0.862460
0.811129
0.853873
0.864568
0.846080
0.846178
0.861530
0.860511
0.829811
0.831362
0.854695
0.856995
0.842494
0.840052
0.840431
0.846752
0.857632
0.871218
0.847140
0.865009
0.836075
0.842290
0.844323
0.867830
0.858282
0.874330
0.856392
0.862657
0.883677
0.888591
0.862870
0.879171
0.838528
0.861498
0.888826
0.883250
0.887476
0.890732
0.875971
0.875281
0.879696
0.949030
0.935001
0.925900
0.888519
0.921436
0.905639
0.923247
0.935964
0.933425
0.918295
0.899502
0.890133
0.899346
0.901466
0.929186
0.919071
0.929297
0.897359
0.899901
0.906625
0.919358
0.894785
0.886458
0.878372
0.867722
0.887827
0.837125
0.896948
0.922502
0.825665
0.852060
0.847697
0.868931
0.854149
0.861148
0.836140
0.822173
0.828395
0.854164
0.806085
0.844641
0.801682
0.769250
0.789120
0.789080
0.796687
0.763487
0.766168
0.786383
0.782944
0.810338
0.848443
0.824075
0.851601
0.890163
0.896874
0.907721
0.870414
0.852449
0.890721
0.922289
0.875103
0.881931
0.902924
0.925179
0.890544
0.872916
0.902957
0.919210
0.904801
0.914249
0.909247
0.903372
0.900419
0.929680
0.934599
0.937478
0.931144
0.933914
0.948798
0.933504
0.911139
0.897819
0.900604
0.890595
0.898669
0.922626
0.908203
0.885320
0.854588
0.871876
0.846248
0.869212
0.848378
0.875282
0.935059
0.943378
0.936093
0.940679
0.938994
0.939329
0.935922
0.932494
0.924106
0.933467
0.948211
0.930255
0.925440
0.889219
0.901278
0.895793
0.903037
0.899828
0.896524
0.875724
0.925973
0.922117
0.926146
0.914350
0.913478
0.916943
0.904550
0.914337
0.903604
0.900136
0.894206
0.895279
0.909685
0.897713
0.910874
0.903715
0.901305
0.905094
0.908642
0.911729
0.914406
0.911030
0.933019
0.917691
0.930402
0.933776
0.934004
0.923662
0.937994
0.936013
0.937514
0.909859
0.929608
0.938702
0.928718
0.929477
0.924482
0.944421
0.945671
0.961147
0.947702
0.952299
0.948047
0.892678
0.907924
0.910033
0.933672
0.922358
0.927683
0.946013
0.936586
0.922849
0.929492
0.927228
0.922379
0.919497
0.919346
0.921161
0.925415
0.921658
0.927768
0.920285
0.919931
0.912758
0.907153
0.919126
0.921468
0.940429
0.939848
0.928329
0.919621
0.933711
0.927091
0.925601
0.920613
0.925574
0.918700
0.927473
0.959375
0.934563
0.917386
0.919463
0.927630
0.918389
0.939551
0.921306
0.915028
0.917976
0.928805
0.919583
0.935210
0.933445
0.920491
0.921688
0.946708
0.942556
0.942501
0.943961
0.947548
0.912960
0.934689
0.926151
0.930852
0.918731
0.905031
0.928745
0.911485
0.904241
0.904926
0.893648
0.900336
0.898384
0.900366
0.903121
0.906915
0.898860
0.903694
0.896453
0.897802
0.925373
0.911808
0.901719
0.918973
0.910178
0.913282
0.956750
0.928322
0.958517
0.956832
0.951541
0.943167
0.942886
0.934184
0.929654
0.930481
0.917398
0.962345
0.970070
0.936345
0.965162
0.906849
0.904593
0.915870
0.901509
0.912815
0.937434
0.905489
0.933024
0.935774
0.930269
0.936224
0.897288
0.905985
0.901598
0.913022
0.900139
0.895619
0.899791
0.907233
0.929850
0.922505
0.932817
0.915591
0.910416
0.932077
0.942709
0.941275
0.927392
0.926131
0.925027
0.889063
0.928202
0.904233
0.898751
0.897029
0.890182
0.929236
0.926170
0.899958
0.926506
0.934933
0.929243
0.923272
0.928827
0.920917
0.915904
0.904659
0.901668
0.914357
0.918276
0.905015
0.934920
0.919497
0.920747
0.920725
0.909338
0.913202
0.929994
0.918382
0.906890
0.901500
0.914103
0.917035
0.917391
0.924447
0.936051
0.917992
0.933227
0.942949
0.932040
0.913134
0.906164
0.903083
0.898935
0.911114
0.910994
0.914921
0.926200
0.922087
0.919412
0.922531
0.930455
0.933279
0.919553
0.932867
0.937217
0.907108
0.935274
0.894536
0.936567
0.915863
0.919507
0.917514
0.906908
0.926667
0.923410
0.923289
0.915028
0.925505
0.923151
0.926575
0.925989
0.891706
0.917213
0.930679
0.932555
0.928677
0.927929
0.915364
0.945865
0.932823
0.931742
0.928987
0.914169
0.926926
0.931123
0.925152
0.906632
0.923409
0.928519
0.925718
0.905517
0.919870
0.910620
0.929182
0.914042
0.924323
0.866189
0.876323
0.872005
0.870317
0.868160
0.870749
0.865248
0.893751
0.873336
0.875449
0.909166
0.946156
0.876859
0.894243
0.909379
0.898756
0.845762
0.840264
0.860399
0.901238
0.858352
0.844242
0.824460
0.831664
0.827750
0.782497
0.806313
0.821324
0.829518
0.858077
0.829454
0.850041
0.803426
0.842148
0.821726
0.832510
0.852714
0.871547
0.840317
0.866292
0.879132
0.856794
0.836926
0.867811
0.887420
0.831378
0.857023
0.852830
0.864236
0.837952
0.886770
0.840967
0.870092
0.852084
0.791546
0.851946
0.864202
0.829827
0.816881
0.823291
0.832072
0.849401
0.959408
0.954368
0.957144
0.953860
0.905880
0.907207
0.897736
0.928086
0.828809
0.841261
0.867907
0.860692
0.843698
0.820953
0.877697
0.865202
0.874531
0.872665
0.876836
0.858854
0.873967
0.882268
0.880601
0.860083
0.866890
0.917884
0.855368
0.824528
0.870526
0.846531
0.843253
0.819688
0.817676
0.841563
0.808986
0.843500
0.849296
0.868949
0.815883
0.805278
0.830190
0.769395
0.818250
0.835575
0.809911
0.766293
0.815553
0.725640
0.708862
0.758215
0.737034
0.794538
0.774864
0.803684
0.762564
0.817929
0.783079
0.797454
0.843026
0.822002
0.725145
0.816407
0.823116
0.857945
0.851973
0.838949
0.798223
0.820173
0.799212
0.847723
0.824761
0.765262
0.810034
0.828882
0.811633
0.869384
0.855503
0.823050
0.809569
0.844383
0.857633
0.813622
0.832928
0.863481
0.863547
0.929580
0.926822
0.915451
0.931621
0.897482
0.895091
0.913820
0.897383
0.891256
0.922840
0.951384
0.862384
0.828291
0.865805
0.872611
0.873858
0.868950
0.853674
0.871477
0.873167
0.878147
0.876160
0.877901
0.868888
0.874931
0.871525
0.779464
0.812107
0.813575
0.806167
0.837057
0.826837
0.804615
0.758789
0.835826
0.861966
0.847262
0.885459
0.870940
0.844164
0.820802
0.985887
0.976698
0.965850
0.983869
0.985693
0.935525
0.975663
0.931887
0.975429
0.929883
0.953061
0.937170
0.926013
0.944919
0.934584
0.946863
0.937777
0.926496
0.966664
0.976197
0.967545
0.980556
0.970131
0.971624
0.978080
0.964765
0.977240
0.946175
0.944644
0.943450
0.949785
0.949739
0.945663
0.943628
0.938604
0.934486
0.888468
0.893133
0.889101
0.889252
0.887031
0.883913
0.888761
0.889539
0.889749
0.890948
0.883947
0.892785
0.921471
0.893802
0.884317
0.881465
0.893889
0.893275
0.870350
0.900129
0.892143
0.882269
0.897374
0.917085
0.916492
0.902767
0.911386
0.904671
0.911122
0.914572
0.908134
0.888933
0.895140
0.891858
0.916398
0.921736
0.907887
0.890126
0.898491
0.909328
0.890113
0.924480
0.905495
0.935072
0.932723
0.929227
0.919079
0.937358
0.936940
0.945889
0.939240
0.865578
0.890280
0.866540
0.890535
0.872668
0.877198
0.866438
0.904883
0.893895
0.870578
0.889926
0.909439
0.900869
0.919550
0.875007
0.889037
0.876352
0.885781
0.877914
0.914750
0.891771
0.889657
0.891414
0.907542
0.904547
0.909008
0.899757
0.887660
0.969432
0.936448
0.965196
0.975263
0.925979
0.931009
0.908373
0.914381
0.891496
0.910633
0.915749
0.891614
0.887198
0.919247
0.918282
0.913530
0.923577
0.920982
0.917770
0.920557
0.908429
0.892238
0.904171
0.862801
0.889050
0.885396
0.891998
0.894544
0.885755
0.895466
0.894442
0.897826
0.896166
0.895105
0.899922
0.883872
0.902308
0.898252
0.864290
0.872573
0.891544
0.885533
0.888695
0.894563
0.889937
0.878653
0.872634
0.898730
0.909034
0.906225
0.900144
0.881194
0.902361
0.883852
0.896183
0.896022
0.908489
0.870982
0.883640
0.883914
0.890562
0.882498
0.872782
0.877119
0.848653
0.896049
0.853608
0.889225
0.871046
0.890142
0.879732
0.874324
0.888138
0.903471
0.901791
0.914465
0.896339
0.892359
0.930528
0.914721
0.924328
0.934341
0.922952
0.957585
0.905999
0.899524
0.891285
0.905385
0.881972
0.886896
0.900056
0.888209
0.891676
0.887990
0.899729
0.873473
0.905380
0.866387
0.888824
0.864897
0.841671
0.848507
0.878825
0.866060
0.875686
0.848381
0.840775
0.870987
0.846362
0.888363
0.860694
0.879671
0.840080
0.861553
0.839487
0.888399
0.874689
0.839759
0.873497
0.864945
0.884204
0.895370
0.871588
0.881330
0.871471
0.887469
0.868702
0.865410
0.847296
0.875223
0.881437
0.897608
0.854529
0.876780
0.870067
0.872007
0.864520
0.859052
0.892763
0.902245
0.901694
0.895328
0.878467
0.899006
0.889795
0.902612
0.891905
0.916402
0.888278
0.883397
0.919357
0.917541
0.919028
0.883145
0.906161
0.891572
0.894330
0.879972
0.882445
0.886964
0.895696
0.909329
0.912622
0.915149
0.918810
0.906255
0.904718
0.867351
0.879133
0.895282
0.905316
0.887251
0.899594
0.893658
0.839296
0.843299
0.871600
0.872528
0.876343
0.897807
0.891932
0.893223
0.889379
0.868777
0.821038
0.840782
0.819366
0.818979
0.882494
0.842275
0.885982
0.883345
0.857230
0.876905
0.853786
0.870188
0.831162
0.828698
0.853384
0.901169
0.874079
0.868755
0.887336
0.894719
0.871536
0.895319
0.866257
0.853074
0.864667
0.887003
0.869878
0.871350
0.873032
0.874409
0.878317
0.896401
0.911765
0.910984
0.872750
0.879365
0.884068
0.905279
0.898882
0.873824
0.885918
0.893645
0.912357
0.901190
0.920120
0.935335
0.901870
0.869677
0.874077
0.860974
0.862104
0.854817
0.858644
0.853934
0.845870
0.844340
0.838612
0.882908
0.868262
0.869829
0.865404
0.882858
0.876560
0.875143
0.896948
0.884262
0.862264
0.863664
0.869201
0.934500
0.911911
0.908616
0.941227
0.872081
0.877516
0.865405
0.870785
0.878175
0.862509
0.856166
0.845986
0.854099
0.871055
0.868465
0.882973
0.882972
0.891130
0.893479
0.864952
0.881398
0.847513
0.841016
0.865891
0.839717
0.856155
0.859450
0.829425
0.825055
0.861133
0.859687
0.901860
0.867544
0.858797
0.859217
0.822601
0.858806
0.880563
0.830970
0.847719
0.822051
0.839095
0.851165
0.871284
0.890754
0.878997
0.881091
0.885020
0.881402
0.882118
0.865960
0.875122
0.872750
0.855455
0.889276
0.844865
0.869070
0.847256
0.857977
0.880333
0.891085
0.901839
0.894017
0.897335
0.877873
0.874074
0.884700
0.884363
0.904603
0.878827
0.878945
0.920571
0.863582
0.873559
0.877805
0.932662
0.948169
0.911709
0.894803
0.912305
0.869476
0.886063
0.870855
0.927277
0.885114
0.950599
0.931004
0.957014
0.945518
0.961029
0.953278
0.955575
0.955961
0.953954
0.951890
0.876781
0.866964
0.908632
0.873477
0.896438
0.873398
0.895436
0.905116
0.917371
0.899000
0.882221
0.826562
0.880006
0.828538
0.843084
0.875518
0.826971
0.863190
0.854155
0.865989
0.894006
0.863307
0.862456
0.891153
0.808567
0.830553
0.868517
0.806902
0.818446
0.817753
0.881964
0.856924
0.839481
0.853120
0.819598
0.812582
0.904559
0.833171
0.887647
0.845557
0.886255
0.895631
0.885661
0.895747
0.900440
0.893902
0.906630
0.909722
0.892286
0.917785
0.887400
0.917419
0.903323
0.903677
0.903360
0.899075
0.893785
0.905630
0.897159
0.915671
0.957695
0.935102
0.913685
0.926020
0.928444
0.916896
0.924324
0.910876
0.871126
0.887360
0.918973
0.908640
0.916347
0.931124
0.913295
0.854911
0.873069
0.888840
0.893343
0.847309
0.817926
0.880339
0.909493
0.899193
0.867235
0.878363
0.879081
0.840214
0.887014
0.885893
0.869209
0.873499
0.869069
0.888745
0.865058
0.886562
0.840126
0.844431
0.873441
0.833894
0.837440
0.865387
0.884245
0.818604
0.804017
0.856937
0.859457
0.890076
0.908726
0.865362
0.875525
0.862088
0.826143
0.898786
0.906340
0.901556
0.896353
0.942800
0.926468
0.919940
0.763019
0.699846
0.700206
0.764079
0.687710
0.764057
0.700819
0.765781
0.755263
0.654456
0.741797
0.680097
0.746146
0.688922
0.696454
0.757667
0.696999
0.759437
0.704519
0.759139
0.767392
0.716200
0.772285
0.714870
0.731653
0.664034
0.685043
0.740791
0.665839
0.731517
0.687640
0.759807
0.757504
0.671251
0.732909
0.638843
0.770895
0.697928
0.729060
0.767846
0.706177
0.745142
0.725020
0.788382
0.780546
0.704346
0.751593
0.674401
0.945229
1.000000
0.945310
0.916983
0.905016
0.913601
0.905261
0.935943
0.879149
0.940997
0.900026
0.909199
0.836949
0.869952
0.868608
0.864446
0.851324
0.965573
0.940823
0.939389
0.865287
0.974691
0.965065
0.931465
0.949408
0.874356
0.962740
0.933200
0.946556
0.897617
0.945627
0.910104
0.920150
0.883794
0.923505
0.899641
0.916236
0.880650
0.882416
0.920939
0.863666
0.874170
0.882439
0.882612
0.877761
0.863545
0.882037
0.882341
0.886716
0.880767
0.828384
0.848146
0.861093
0.838405
0.822666
0.879578
0.858583
0.869667
0.863042
0.845858
0.829171
0.843664
0.837632
0.879143
0.879722
0.863304
0.870009
0.863932
0.848267
0.842580
0.855226
0.850938
0.869013
0.864304
0.892931
0.910232
0.885495
0.882951
0.861729
0.876714
0.881245
0.887414
0.914538
0.923145
0.891662
0.916625
0.917653
0.905812
0.918804
0.916545
0.908299
0.896294
0.881433
0.851529
0.892371
0.859295
0.922996
0.856148
0.895123
0.852908
0.909527
0.858204
0.889290
0.896372
0.879759
0.890430
0.885361
0.922452
0.824934
0.876426
0.856227
0.874332
0.865869
0.919377
0.869389
0.878902
0.864263
0.933631
0.848943
0.884672
0.830252
0.850587
0.858230
0.880145
0.864285
0.881325
0.830863
0.855764
0.878921
0.902060
0.908899
0.864429
0.856241
0.926126
0.829302
0.898664
0.861354
0.873372
0.853092
0.877897
0.843205
0.847423
0.852948
0.874153
0.821351
0.841790
0.808605
0.843620
0.871622
0.873618
0.863095
0.831009
0.793177
0.859098
0.790863
0.853219
0.810832
0.830513
0.847741
0.799477
0.797474
0.842848
0.817734
0.861962
0.787639
0.839725
0.803493
0.832995
0.823086
0.885773
0.822854
0.871379
0.811910
0.851403
0.860610
0.878947
0.815186
0.891679
0.814946
0.837676
0.850044
0.830574
0.871719
0.809931
0.835631
0.810987
0.819732
0.860601
0.829809
0.857357
0.810091
0.869626
0.827416
0.876060
0.810026
0.856237
0.842817
0.860329
0.823250
0.848431
0.875497
0.818451
0.863893
0.819232
0.858283
0.809232
0.810437
0.866674
0.839832
0.856211
0.837018
0.855006
0.830592
0.849465
0.821521
0.845990
0.832279
0.867614
0.831832
0.854265
0.846328
0.824634
0.857429
0.851074
0.884346
0.820541
0.875819
0.880336
0.858646
0.865178
0.847234
0.894431
0.856211
0.868514
0.878137
0.894845
0.865771
0.902002
0.890511
0.879097
0.854987
0.895914
0.873336
0.904048
0.849225
0.889199
0.889273
0.862954
0.856929
0.842986
0.882962
0.845180
0.862830
0.861703
0.912800
0.882770
0.881256
0.873096
0.881319
0.813835
0.881511
0.893653
0.850358
0.899153
0.821838
0.783815
0.748421
0.787373
0.742883
0.891009
0.865324
0.860163
0.848896
0.865549
0.839771
0.821368
0.780432
0.736487
0.756715
0.754619
0.771215
0.743397
0.811809
0.746354
0.839646
0.791948
0.800268
0.855826
0.835900
0.886766
0.891524
0.915040
0.849668
0.866192
0.839875
0.897619
0.899892
0.841136
0.866426
0.790688
0.820227
0.822540
0.769106
0.835275
0.859861
0.852867
0.888250
0.837206
0.852576
0.879628
0.768025
0.813767
0.805118
0.778690
0.816165
0.866362
0.852398
0.886135
0.814492
0.840643
0.818501
0.782237
0.770948
0.811048
0.834712
0.754122
0.869989
0.849500
0.846015
0.851907
0.894291
0.873298
0.877594
0.910463
0.845710
0.878649
0.846832
0.899268
0.874403
0.853597
0.889769
0.877389
0.810640
0.766185
0.829987
0.788278
0.881916
0.832097
0.809496
0.901034
0.889541
0.890933
0.915202
0.862647
0.834791
0.875555
0.886043
0.828607
0.777667
0.810649
0.745494
0.850068
0.858048
0.870354
0.856929
0.877373
0.875740
0.841441
0.847647
0.834359
0.851944
0.883557
0.858490
0.830855
0.849627
0.860981
0.862732
0.815440
0.846693
0.832154
0.843340
0.842433
0.844491
0.860069
0.859257
0.859607
0.857128
0.839097
0.865503
0.841649
0.836074
0.837542
0.829243
0.847465
0.846460
0.859628
0.857639
0.871273
0.867604
0.862505
0.826970
0.836540
0.845763
0.818380
0.863649
0.864930
0.863415
0.847916
0.870686
0.868447
0.820078
0.857659
0.867717
0.845071
0.844963
0.843859
0.865150
0.888517
0.878169
0.835558
0.866171
0.853815
0.830954
0.859303
0.877540
0.866817
0.856789
0.871231
0.824900
0.851686
0.860139
0.846814
0.846120
0.869739
0.893491
0.892878
0.891154
0.897545
0.891203
0.847327
0.871130
0.900062
0.901788
0.878633
0.890696
0.865263
0.852397
0.914809
0.864709
0.889349
0.860203
0.955475
0.964106
0.929835
0.893364
0.917391
0.851882
0.905624
0.875132
0.933410
0.846097
0.934663
0.871158
0.860326
0.883529
0.951438
0.906374
0.909051
0.931053
0.899785
0.881241
0.963795
0.885896
0.943344
0.896037
0.893084
0.880637
0.894772
0.906457
0.903922
0.865201
0.844675
0.864532
0.858417
0.857425
0.897188
0.888510
0.863972
0.873113
0.857759
0.854776
0.857776
0.881719
0.862890
0.850665
0.840383
0.790033
0.820318
0.788650
0.710291
0.715861
0.712509
0.715885
0.702509
0.808595
0.781189
0.797646
0.768610
0.742866
0.712485
0.713239
0.762624
0.853779
0.829563
0.770912
0.773885
0.705002
0.755034
0.789813
0.714015
0.729658
0.726522
0.777589
0.798237
0.772807
0.817409
0.723434
0.743004
0.734492
0.710056
0.788944
0.820563
0.753237
0.766576
0.720472
0.730856
0.747898
0.727467
0.763797
0.795034
0.752823
0.797076
0.704282
0.787141
0.724390
0.727818
0.703920
0.752932
0.779332
0.791939
0.820312
0.829415
0.805244
0.775636
0.824410
0.755498
0.717735
0.704169
0.701371
0.759139
0.783269
0.777333
0.826386
0.775498
0.723336
0.716300
0.715769
0.717507
0.870445
0.878808
0.866625
0.879240
0.872973
0.855785
0.869747
0.869689
0.870029
0.869376
0.844092
0.852568
0.863505
0.859460
0.885059
0.906710
0.881302
0.875043
0.860757
0.863612
0.869947
0.866877
0.865403
0.872107
0.864918
0.902203
0.885809
0.895685
0.890887
0.897231
0.887154
0.895791
0.899893
0.849677
0.867735
0.880775
0.852530
0.879196
0.872941
0.868396
0.854928
0.883320
0.851013
0.865461
0.825002
0.878401
0.855963
0.862854
0.831821
0.847556
0.877343
0.820776
0.850183
0.817776
0.824810
0.830385
0.813937
0.859791
0.824115
0.828861
0.837571
0.900127
0.898429
0.899847
0.894097
0.900006
0.892327
0.904719
0.896939
0.861128
0.855787
0.832468
0.868133
0.880311
0.853944
0.877835
0.851327
0.852466
0.861012
0.877236
0.830750
0.823723
0.839458
0.875420
0.869675
0.843712
0.885980
0.856420
0.873694
0.864555
0.874440
0.825954
0.829898
0.834507
0.838205
0.871174
0.841930
0.857370
0.835953
0.850447
0.853764
0.837154
0.888300
0.857514
0.880035
0.867976
0.847159
0.842470
0.848410
0.874951
0.859036
0.846706
0.868542
0.882672
0.876956
0.883580
0.881298
0.885287
0.895478
0.870976
0.894329
0.956875
0.929820
0.873726
0.869209
0.874024
0.884627
0.873552
0.896331
0.890254
0.890172
0.884149
0.880717
0.887484
0.885084
0.882762
0.855277
0.871930
0.860755
0.873622
0.873945
0.855243
0.870423
0.861877
0.893229
0.908319
0.886053
0.813157
0.862264
0.847347
0.851905
0.879265
0.842266
0.854188
0.856377
0.830122
0.833324
0.827235
0.877204
0.876225
0.895729
0.895486
0.859977
0.879054
0.883011
0.851888
0.883044
0.895810
0.897917
0.889061
0.893775
0.889441
0.895138
0.906013
0.906924
0.891166
0.892849
0.890666
0.895001
0.907515
0.900827
0.837549
0.830102
0.858801
0.836459
0.883490
0.878368
0.866229
0.871028
0.879056
0.850847
0.895814
0.871643
0.879359
0.877568
0.875186
0.857213
0.867692
0.860263
0.854376
0.851747
0.888490
0.852229
0.868582
0.884934
0.874428
0.889611
0.880294
0.897696
0.886552
0.892721
0.883380
0.885960
0.887956
0.892122
0.894823
0.835878
0.843039
0.872181
0.828032
0.853558
0.865756
0.858436
0.876398
0.873572
0.878287
0.890267
0.871173
0.877420
0.857970
0.853555
0.909377
0.890862
0.878899
0.894201
0.897434
0.874370
0.836278
0.864705
0.874020
0.881565
0.869695
0.876640
0.883432
0.882378
0.893012
0.900849
0.889335
0.888711
0.890188
0.880117
0.884531
0.895359
0.895849
0.890982
0.892210
0.900650
0.878550
0.899655
0.885589
0.915105
0.862860
0.892622
0.869605
0.893177
0.873135
0.893983
0.877432
0.843447
0.893230
0.880567
0.875952
0.872046
0.898623
0.856362
0.895644
0.888383
0.906569
0.866364
0.879534
0.872521
0.907722
0.888987
0.884621
0.864646
0.895884
0.883638
0.909628
0.860966
0.894781
0.865053
0.894884
0.833875
0.872795
0.857186
0.859170
0.868004
0.887638
0.905288
0.850861
0.836008
0.864615
0.859060
0.886278
0.842230
0.858277
0.857772
0.871555
0.865860
0.854239
0.845023
0.841872
0.831177
0.871808
0.848390
0.845516
0.883359
0.843900
0.860393
0.866569
0.877541
0.872220
0.891008
0.850830
0.872253
0.860834
0.891948
0.839908
0.824116
0.836227
0.879322
0.881223
0.851146
0.853810
0.824173
0.872527
0.852574
0.876476
0.872994
0.834529
0.864607
0.830261
0.847505
0.835288
0.863536
0.886402
0.853884
0.854717
0.877866
0.869565
0.869189
0.847997
0.890695
0.884534
0.842985
0.868299
0.859358
0.890762
0.855616
0.832911
0.867162
0.842829
0.871754
0.807752
0.863129
0.880902
0.877494
0.833916
0.847517
0.891174
0.852377
0.890953
0.892203
0.858470
0.848157
0.899523
0.849691
0.894137
0.811742
0.852070
0.862722
0.819316
0.881369
0.858711
0.874490
0.825789
0.863369
0.865962
0.827694
0.880119
0.823756
0.876752
0.874851
0.832685
0.882704
0.845797
0.871883
0.848300
0.800955
0.850845
0.804564
0.872600
0.786507
0.833832
0.842594
0.822013
0.879126
0.836641
0.857044
0.825609
0.814321
0.853504
0.798250
0.866817
0.827197
0.865815
0.837812
0.787340
0.838415
0.825009
0.855475
0.825669
0.815875
0.841634
0.801387
0.868281
0.805458
0.844228
0.842023
0.808727
0.850024
0.835248
0.872032
0.823984
0.886375
0.831023
0.877160
0.834924
0.852373
0.850953
0.816343
0.869251
0.858673
0.806583
0.870798
0.865331
0.822135
0.848073
0.885589
0.848035
0.876492
0.840042
0.877946
0.855223
0.875514
0.824946
0.728003
0.701969
0.723772
0.713153
0.708300
0.702522
0.693573
0.693879
0.722016
0.729482
0.732658
0.699050
0.714771
0.717077
0.719980
0.730960
0.690801
0.702213
0.712471
0.746022
0.665048
0.737209
0.684736
0.671773
0.734026
0.704409
0.882106
0.914273
0.898608
0.804172
0.849971
0.820041
0.884763
0.868980
0.854516
0.866397
0.780359
0.842292
0.824726
0.835963
0.787761
0.899346
0.856194
0.838456
0.884168
0.835374
0.899965
0.786888
0.828251
0.854227
0.804289
0.903684
0.866121
0.780816
0.859378
0.825537
0.826161
0.857792
0.874737
0.875102
0.843851
0.813045
0.851131
0.799092
0.838965
0.807160
0.870587
0.837125
0.832773
0.894461
0.885477
0.794892
0.879404
0.876356
0.887668
0.898869
0.871586
0.885266
0.854365
0.850411
0.858338
0.868699
0.820695
0.844772
0.877082
0.870224
0.841931
0.876588
0.851008
0.861783
0.879542
0.851212
0.847606
0.836519
0.861293
0.864374
0.868961
0.820193
0.836421
0.865798
0.860391
0.850215
0.896865
0.884665
0.876623
0.850925
0.886494
0.809140
0.845646
0.760804
0.817975
0.838856
0.867034
0.791808
0.884420
0.882990
0.887748
0.876763
0.874110
0.968303
0.899353
0.899838
0.891756
0.970392
0.935036
0.982599
0.929214
0.923890
0.933210
0.891456
0.905714
0.919959
0.893603
0.876854
0.916452
0.884700
0.911791
0.927880
0.924799
0.885459
0.861834
0.974248
0.890323
0.923911
0.961443
0.902527
0.942783
0.912628
0.880499
0.898752
0.884199
0.897627
0.894268
0.925070
0.881749
0.905965
0.921210
0.877760
0.915414
0.910338
0.915684
0.840823
0.887609
0.884249
0.934366
0.886879
0.879061
0.889689
0.882979
0.873859
0.840685
0.861317
0.865675
0.845585
0.843068
0.861730
0.872766
0.855960
0.872935
0.851456
0.866816
0.854896
0.843804
0.850289
0.857742
0.845518
0.828718
0.834346
0.823266
0.861538
0.861296
0.874253
0.861410
0.853488
0.865800
0.870145
0.872014
0.886595
0.884929
0.879706
0.868702
0.879931
0.888435
0.855857
0.893354
0.875029
0.872630
0.890498
0.878692
0.878605
0.871952
0.869862
0.845782
0.854761
0.844625
0.833307
0.853190
0.853407
0.873190
0.878458
0.855441
0.859125
0.846133
0.877344
0.875948
0.871282
0.858583
0.874005
0.851010
0.873133
0.970468
0.923617
0.984611
0.999003
0.920533
0.907740
0.952154
0.954595
0.967330
0.929716
0.950715
0.920287
0.914881
0.951867
0.940639
0.923675
0.897658
0.911563
0.941664
0.949422
0.927937
0.912734
0.922871
0.909531
0.917901
0.914329
0.881277
0.897191
0.896856
0.903728
0.911611
0.913588
0.939364
0.921321
0.927434
0.902318
0.928129
0.896345
0.911363
0.894599
0.910662
0.898699
0.860958
0.863159
0.875123
0.860424
0.872072
0.873578
0.867557
0.864072
0.850623
0.856498
0.851540
0.845680
0.856090
0.864100
0.857803
0.856396
0.901847
0.892074
0.875120
0.886075
0.879346
0.889126
0.864266
0.881441
0.887883
0.867100
0.874875
0.858358
0.851681
0.861374
0.864188
0.871735
0.883271
0.867506
0.880903
0.878506
0.874636
0.884395
0.888329
0.855323
0.873002
0.882806
0.885714
0.878794
0.886797
0.899446
0.889359
0.898680
0.863744
0.886489
0.861338
0.863440
0.898739
0.859261
0.876022
0.842184
0.678020
0.694853
0.669532
0.689406
0.711456
0.717620
0.677524
0.677310
0.682785
0.680656
0.697160
0.719534
0.687136
0.669444
0.766326
0.694362
0.709395
0.780447
0.711839
0.766104
0.762224
0.713462
0.708884
0.782315
0.725123
0.696146
0.716603
0.697624
0.771705
0.877838
0.851754
0.813256
0.842851
0.907551
0.872848
0.850429
0.747088
0.894058
0.898870
0.887595
0.887169
0.856127
0.862559
0.874146
0.731605
0.817619
0.824324
0.864649
0.735389
0.835103
0.798420
0.789857
0.829474
0.861127
0.876281
0.755941
0.964301
0.841001
0.895032
0.928959
0.883131
0.898220
0.831086
0.824175
0.755572
0.832269
0.795136
0.804066
0.860854
0.838631
0.747757
0.877820
0.805542
0.827913
0.858999
0.878657
0.809403
0.809308
0.826624
0.846630
0.797174
0.803349
0.801926
0.747996
0.827289
0.768033
0.827517
0.790001
0.804375
0.817380
0.846186
0.827489
0.815651
0.782139
0.832559
0.812917
0.780244
0.854471
0.848102
0.838018
0.830352
0.821790
0.808280
0.808781
0.861258
0.745131
0.805000
0.793852
0.818264
0.845582
0.826060
0.866749
0.807919
0.761034
0.804479
0.738826
0.832003
0.804517
0.804461
0.832983
0.846966
0.830123
0.772091
0.861638
0.863832
0.832420
0.819191
0.852661
0.798973
0.792180
0.885755
0.862244
0.831653
0.898407
0.787295
0.801721
0.739169
0.837635
0.809657
0.784591
0.875521
0.859143
0.915245
0.896801
0.901187
0.893355
0.872982
0.851436
0.860845
0.884511
0.867455
0.871109
0.901384
0.901619
0.910935
0.866028
0.900900
0.905119
0.853824
0.903207
0.879250
0.901035
0.861780
0.892027
0.908926
0.829268
0.820129
0.827308
0.857173
0.823424
0.850340
0.838989
0.854483
0.883920
0.852227
0.886392
0.876775
0.881472
0.867673
0.811088
0.876279
0.817965
0.819614
0.874473
0.872995
0.828617
0.865341
0.834674
0.809605
0.836976
0.844036
0.875607
0.861193
0.895754
0.853660
0.871226
0.858484
0.858387
0.805331
0.895240
0.898062
0.806856
0.868746
0.832770
0.799841
0.850854
0.911835
0.916894
0.878065
0.826828
0.888966
0.885127
0.876585
0.858015
0.826653
0.867709
0.926369
0.887946
0.880062
0.874541
0.850166
0.849015
0.868882
0.910016
0.909798
0.890261
0.908790
0.890804
0.882355
0.888094
0.909316
0.891175
0.899368
0.858288
0.889188
0.888455
0.900704
0.891086
0.890800
0.911866
0.900632
0.873305
0.861254
0.856846
0.868837
0.870459
0.848771
0.859415
0.861642
0.891957
0.896698
0.867051
0.911253
0.915998
0.897347
0.882819
0.853366
0.884501
0.880031
0.863298
0.908478
0.891859
0.902152
0.899641
0.910481
0.920289
0.887728
0.883560
0.877911
0.867798
0.881111
0.887331
0.856004
0.842785
0.805144
0.810786
0.840374
0.853874
0.888175
0.880129
0.885338
0.882359
0.852087
0.861692
0.864394
0.859295
0.843415
0.852353
0.883650
0.863784
0.883904
0.859423
0.870255
0.888963
0.870541
0.872821
0.863008
0.852810
0.866960
0.876423
0.879221
0.870369
0.852335
0.884196
0.878000
0.835391
0.868684
0.895833
0.867529
0.861104
0.910862
0.873358
0.873655
0.892502
0.865058
0.858946
0.848617
0.871693
0.887574
0.868820
0.882327
0.898252
0.869251
0.887330
0.880983
0.860459
0.873973
0.859700
0.883070
0.882198
0.859888
0.882933
0.885529
0.883987
0.890522
0.933460
0.905934
0.916348
0.884030
0.889600
0.896022
0.915619
0.900766
0.899688
0.901169
0.893959
0.906038
0.907618
0.901076
0.847792
0.870467
0.845699
0.881035
0.863705
0.874516
0.878246
0.864473
0.861603
0.877511
0.857682
0.881983
0.861142
0.872369
0.863892
0.880313
0.865077
0.874596
0.818599
0.837971
0.849651
0.851283
0.814712
0.851487
0.870469
0.842586
0.877583
0.869178
0.899252
0.865807
0.864089
0.855160
0.859279
0.820885
0.889964
0.874881
0.917531
0.931983
0.895998
0.874967
0.863205
0.878678
0.860496
0.881981
0.943259
0.920047
0.860220
0.856458
0.854071
0.864901
0.900776
0.907751
0.909733
0.882932
0.902731
0.880518
0.878526
0.885138
0.831873
0.846657
0.866235
0.836640
0.847085
0.832698
0.841766
0.860783
0.859903
0.851401
0.868442
0.785877
0.842795
0.838964
0.843224
0.815017
0.829301
0.859780
0.852638
0.870108
0.861191
0.851787
0.828589
0.837027
0.842381
0.861685
0.861036
0.864966
0.876778
0.840972
0.880950
0.816434
0.851587
0.842092
0.858785
0.836758
0.849814
0.783926
0.828704
0.802053
0.804875
0.847024
0.842892
0.869822
0.828428
0.855072
0.842372
0.839668
0.796569
0.832792
0.808701
0.858174
0.871491
0.821455
0.845460
0.839699
0.841583
0.846983
0.862204
0.851871
0.853005
0.835923
0.841666
0.846805
0.853935
0.851934
0.843371
0.842230
0.873419
0.854127
0.838695
0.830095
0.901634
0.904297
0.892397
0.907003
0.900361
0.907408
0.904748
0.895693
0.894455
0.801234
0.819312
0.827248
0.835433
0.792535
0.847888
0.821985
0.885048
0.847157
0.844713
0.865767
0.809630
0.834480
0.829585
0.845155
0.802300
0.832238
0.841337
0.861841
0.834207
0.847359
0.847284
0.844853
0.826885
0.834105
0.860853
0.865777
0.851282
0.845889
0.843933
0.891903
0.877406
0.908821
0.884579
0.881883
0.910349
0.885158
0.899486
0.912359
0.908076
0.905015
0.890150
0.901714
0.874609
0.888103
0.875675
0.870672
0.861512
0.861768
0.872120
0.899344
0.899886
0.906133
0.892507
0.898292
0.840747
0.864595
0.885281
0.841668
0.865939
0.894824
0.852998
0.896460
0.900069
0.885964
0.883801
0.917482
0.843981
0.843013
0.762065
0.827544
0.749470
0.736551
0.794688
0.806914
0.766205
0.753348
0.754376
0.734550
0.774066
0.763058
0.801824
0.787888
0.747622
0.704236
0.761415
0.725685
0.742218
0.791314
0.723456
0.745048
0.839490
0.747654
0.796641
0.770795
0.722886
0.759541
0.800035
0.730111
0.807904
0.739715
0.765168
0.825603
0.840294
0.805493
0.842455
0.805239
0.838110
0.791498
0.777956
0.761956
0.824589
0.764500
0.758373
0.831906
0.831109
0.807691
0.787795
0.820665
0.788103
0.764429
0.787645
0.775642
0.763246
0.786337
0.788970
0.819409
0.801531
0.813021
0.825522
0.802854
0.770796
0.815867
0.824689
0.778298
0.776440
0.766957
0.761316
0.759158
0.819063
0.785895
0.757945
0.789218
0.816213
0.804387
0.798315
0.729645
0.781787
0.754018
0.744873
0.860298
0.858789
0.881915
0.885933
0.857697
0.862785
0.856342
0.864676
0.854560
0.868888
0.879148
0.891297
0.882146
0.900132
0.870127
0.881941
0.899208
0.896064
0.891312
0.909840
0.894187
0.897919
0.878478
0.878504
0.879310
0.882907
0.892121
0.876684
0.828441
0.863655
0.854138
0.826804
0.855382
0.834084
0.811418
0.851912
0.858012
0.832379
0.845845
0.854167
0.863140
0.841514
0.860190
0.846413
0.832404
0.840565
0.869520
0.851883
0.842493
0.892099
0.885041
0.893566
0.887853
0.861784
0.872535
0.841945
0.891630
0.845003
0.861387
0.871696
0.847699
0.866506
0.856411
0.858721
0.880989
0.874765
0.869481
0.845909
0.864173
0.858762
0.889560
0.848301
0.853233
0.829456
0.862434
0.851144
0.869998
0.851111
0.854857
0.830649
0.844183
0.850800
0.853598
0.855997
0.855807
0.838704
0.863287
0.849600
0.854354
0.854924
0.852868
0.882934
0.878303
0.866218
0.885329
0.851498
0.860034
0.857222
0.867641
0.873502
0.864330
0.881968
0.842430
0.837101
0.879862
0.903348
0.903907
0.900500
0.874266
0.890405
0.903476
0.882167
0.917530
0.902113
0.894582
0.924037
0.955665
0.975769
0.965307
0.998073
0.977710
0.916865
0.891238
0.899249
0.934286
0.942537
0.891784
0.873549
0.954990
0.968880
0.934366
0.820581
0.834714
0.809760
0.814501
0.835262
0.827082
0.852709
0.829630
0.872379
0.884245
0.862006
0.876621
0.882911
0.865030
0.835856
0.861447
0.933909
0.865946
0.837524
0.886180
0.861903
0.841432
0.818189
0.827479
0.880354
0.871568
0.881748
0.877376
0.843617
0.843556
0.878976
0.876570
0.887358
0.888889
0.891312
0.890437
0.623689
0.538732
0.583228
0.714413
0.651778
0.663781
0.678356
0.739275
0.744324
0.756706
0.678477
0.682807
0.764442
0.582093
0.704367
0.665983
0.532775
0.625957
0.690744
0.583102
0.641395
0.684813
0.776710
0.769273
0.648146
0.685527
0.510417
0.562841
0.681154
0.666756
0.707923
0.709658
0.606107
0.635721
0.793031
0.686975
0.816699
0.778842
0.685064
0.629647
0.736212
0.671076
0.742346
0.790312
0.682136
0.685336
0.736088
0.703036
0.763231
0.765109
0.680286
0.714888
0.777837
0.694390
0.757560
0.775917
0.718761
0.717173
0.777618
0.734406
0.781221
0.783815
0.705315
0.706964
0.787814
0.741297
0.801979
0.734938
0.689057
0.712162
0.786287
0.738091
0.788212
0.812154
0.736893
0.742688
0.691967
0.686568
0.761375
0.696969
0.803657
0.732812
0.784980
0.792201
0.733314
0.777978
0.690924
0.626218
0.750691
0.677953
0.729694
0.716596
0.786814
0.725437
0.760545
0.659039
0.879821
0.895359
0.890591
0.893176
0.890562
0.902523
0.888418
0.901327
0.905050
0.903172
0.903261
0.896740
0.888966
0.896599
0.892211
0.888961
0.920049
0.903970
0.897988
0.880606
0.879357
0.883464
0.884562
0.868782
0.888270
0.875106
0.882020
0.866798
0.864460
0.872297
0.872208
0.890262
0.877846
0.844502
0.873438
0.881534
0.848295
0.836996
0.868007
0.851802
0.875460
0.857678
0.860771
0.860108
0.856590
0.859524
0.876976
0.847043
0.849845
0.848686
0.871541
0.855731
0.850775
0.857173
0.882752
0.866135
0.877904
0.871091
0.866107
0.861527
0.838796
0.851119
0.841606
0.844126
0.853778
0.838696
0.847471
0.835270
0.864588
0.838243
0.852690
0.856521
0.864181
0.824771
0.832292
0.838930
0.857729
0.848072
0.841699
0.849972
0.833850
0.919841
0.903511
0.906243
0.892136
0.897758
0.880255
0.877031
0.873185
0.879923
0.875659
0.913252
0.890133
0.901982
0.885325
0.888432
0.883262
0.897879
0.899569
0.886743
0.891957
0.892365
0.900087
0.891068
0.896544
0.886376
0.878747
0.886460
0.878937
0.893030
0.902269
0.897113
0.893543
0.886646
0.888027
0.879067
0.865494
0.865367
0.870242
0.870852
0.876245
0.876986
0.914543
0.915652
0.898678
0.879629
0.870534
0.893252
0.869084
0.857838
0.866295
0.869554
0.883416
0.875542
0.874571
0.873541
0.871247
0.878391
0.871976
0.879438
0.866516
0.876254
0.880043
0.870715
0.875872
0.865160
0.874066
0.888283
0.873451
0.881695
0.876047
0.899049
0.873921
0.887297
0.866254
0.878350
0.914305
0.864725
0.901068
0.871563
0.862679
0.860594
0.867903
0.865599
0.889394
0.855474
0.892881
0.889800
0.900097
0.899292
0.896195
0.887949
0.900397
0.888757
0.891208
0.888932
0.892925
0.881958
0.881180
0.878668
0.888998
0.889178
0.892712
0.880638
0.878797
0.875884
0.888353
0.897745
0.877829
0.881720
0.870074
0.870228
0.889288
0.900513
0.866221
0.857893
0.836719
0.856403
0.889801
0.904152
0.896772
0.877552
0.879205
0.913531
0.902859
0.901123
0.897150
0.882840
0.896576
0.886441
0.885402
0.874613
0.870581
0.903561
0.879556
0.868193
0.858194
0.850895
0.870991
0.872898
0.871933
0.878906
0.859989
0.883902
0.877132
0.882189
0.873932
0.869960
0.844669
0.855086
0.871371
0.876871
0.865093
0.875223
0.858665
0.882156
0.875172
0.901624
0.899009
0.861875
0.869240
0.886228
0.861502
0.879058
0.869924
0.860865
0.866542
0.857928
0.874728
0.851030
0.870297
0.850529
0.859111
0.861358
0.867240
0.868562
0.876582
0.862391
0.887661
0.867748
0.882048
0.859811
0.875207
0.854356
0.868236
0.854137
0.876424
0.840230
0.830402
0.853931
0.869555
0.851816
0.853723
0.899998
0.893422
0.893134
0.895863
0.897939
0.903292
0.881346
0.857044
0.884343
0.865148
0.866398
0.880374
0.870184
0.868882
0.869553
0.881252
0.861080
0.874197
0.873133
0.880118
0.891634
0.859355
0.872953
0.851711
0.888851
0.864770
0.858397
0.880719
0.864152
0.884283
0.875333
0.846864
0.797865
0.779337
0.766598
0.757454
0.748283
0.763774
0.795406
0.803343
0.797380
0.794653
0.762521
0.762693
0.782261
0.786375
0.814262
0.798624
0.778588
0.755280
0.789373
0.793837
0.848683
0.833541
0.825095
0.787080
0.788096
0.791882
0.823196
0.816405
0.843387
0.784294
0.786691
0.822208
0.850301
0.830288
0.785340
0.850272
0.748782
0.815864
0.793058
0.781081
0.816335
0.799910
0.806590
0.776492
0.767951
0.787588
0.797879
0.760392
0.816745
0.744447
0.759137
0.768282
0.823004
0.782390
0.763365
0.807706
0.758382
0.724238
0.789395
0.776027
0.664832
0.605170
0.610874
0.768001
0.658057
0.711425
0.781316
0.668820
0.708736
0.722285
0.762487
0.677100
0.799197
0.753577
0.578371
0.504536
0.600101
0.470061
0.657048
0.435747
0.572865
0.454372
0.651722
0.546272
0.550063
0.650295
0.507609
0.642973
0.531186
0.619494
0.461970
0.610947
0.506771
0.541299
0.624943
0.500234
0.658408
0.455235
0.613864
0.418930
0.572500
0.439144
0.562705
0.462482
0.589274
0.448851
0.585683
0.452757
0.588177
0.562601
0.680658
0.664891
0.602140
0.705349
0.627102
0.673180
0.552061
0.578362
0.681975
0.586754
0.670024
0.581663
0.696858
0.558714
0.679687
0.464104
0.709293
0.557076
0.661457
0.471263
0.641983
0.486935
0.590607
0.541621
0.634563
0.504699
0.616157
0.481199
0.585593
0.653632
0.552825
0.685080
0.523385
0.644981
0.469686
0.602372
0.490562
0.616898
0.473737
0.597853
0.506607
0.601505
0.498938
0.598182
0.483686
0.645325
0.586859
0.447604
0.608689
0.533330
0.595346
0.467278
0.471329
0.603917
0.507995
0.667446
0.489672
0.608929
0.527929
0.613630
0.473068
0.640306
0.493717
0.625588
0.579467
0.684623
0.709034
0.642793
0.744541
0.675144
0.655578
0.597431
0.591546
0.720349
0.650694
0.758057
0.661686
0.728211
0.707455
0.750370
0.631530
0.724318
0.658006
0.785905
0.715624
0.816873
0.743678
0.782997
0.776770
0.824899
0.737933
0.788150
0.681833
0.775981
0.840409
0.783155
0.845517
0.790202
0.822422
0.715413
0.793354
0.785523
0.750947
0.716338
0.747100
0.803646
0.756755
0.797870
0.767989
0.837897
0.785332
0.807003
0.741061
0.853469
0.799173
0.828732
0.843841
0.853761
0.807277
0.859852
0.825380
0.818680
0.770822
0.582311
0.713542
0.611011
0.691904
0.657617
0.713654
0.619896
0.696839
0.594936
0.710931
0.786059
0.658774
0.783892
0.665799
0.711914
0.596116
0.710776
0.629561
0.703069
0.638183
0.702351
0.623839
0.722166
0.620450
0.705666
0.571960
0.647757
0.686917
0.588698
0.677251
0.542762
0.710435
0.638290
0.614768
0.707818
0.599215
0.712313
0.688664
0.612530
0.548080
0.734065
0.653177
0.709544
0.773704
0.683983
0.718881
0.712856
0.798320
0.754592
0.711414
0.633097
0.571215
0.711810
0.619877
0.668555
0.565215
0.448300
0.412716
0.584665
0.485508
0.609992
0.437717
0.561267
0.605116
0.509300
0.650842
0.541936
0.683140
0.748466
0.631419
0.739717
0.661201
0.694060
0.524323
0.654176
0.618907
0.520566
0.686049
0.604379
0.572306
0.434848
0.468544
0.590551
0.591693
0.675675
0.523337
0.632537
0.369650
0.672093
0.521908
0.605107
0.652071
0.685848
0.576428
0.712995
0.531159
0.656884
0.735330
0.614774
0.761039
0.596656
0.704815
0.581893
0.686167
0.657891
0.627604
0.519150
0.563162
0.641535
0.549710
0.689943
0.477321
0.617839
0.488152
0.667692
0.605773
0.298572
0.485671
0.405321
0.537820
0.322088
0.569055
0.430230
0.605742
0.444128
0.535308
0.530689
0.646945
0.644033
0.725810
0.576198
0.697740
0.383583
0.576053
0.521905
0.598558
0.448020
0.656672
0.509456
0.616214
0.559212
0.426961
0.589860
0.508897
0.598140
0.482123
0.613293
0.634754
0.775648
0.562513
0.653053
0.711069
0.706096
0.586136
0.664511
0.566462
0.775999
0.549468
0.664413
0.547185
0.640316
0.553836
0.666415
0.546902
0.659964
0.521500
0.427560
0.671874
0.563973
0.627253
0.631910
0.675867
0.281022
0.568150
0.506135
0.628686
0.511734
0.648775
0.516444
0.660782
0.567517
0.636199
0.554731
0.518629
0.628248
0.620138
0.648141
0.507418
0.594552
0.468121
0.602703
0.562058
0.684422
0.544883
0.651054
0.544068
0.653742
0.517075
0.682442
0.473000
0.625153
0.439993
0.588399
0.426869
0.556886
0.689322
0.754496
0.652573
0.753397
0.661446
0.714738
0.606504
0.707921
0.614277
0.650949
0.759408
0.702684
0.631301
0.560194
0.531420
0.676127
0.541865
0.685399
0.582657
0.638974
0.856622
0.912703
0.799742
0.878200
0.832830
0.785204
0.645781
0.787244
0.781525
0.566864
0.652269
0.636151
0.790580
0.572745
0.685935
0.517590
0.437996
0.533070
0.522623
0.680297
0.712301
0.799119
0.665847
0.695967
0.540250
0.435854
0.552859
0.413945
0.575623
0.373820
0.555339
0.434960
0.260874
0.428895
0.332158
0.514410
0.215957
0.485876
0.293668
0.380328
0.533798
0.600435
0.419346
0.375379
0.601992
0.450548
0.500824
0.546585
0.647154
0.507026
0.558359
0.282014
0.740656
0.608487
0.643795
0.613642
0.688467
0.706176
0.558470
0.649352
0.585927
0.645230
0.251488
0.436783
0.391012
0.631915
0.549990
0.660020
0.633656
0.742789
0.500231
0.707092
0.654052
0.777030
0.718384
0.661188
0.559895
0.556172
0.673983
0.758417
0.763200
0.697325
0.739013
0.701868
0.766554
0.763425
0.816266
0.712677
0.793348
0.128622
0.331319
0.083834
0.294176
0.128607
0.287422
0.095802
0.292899
0.102927
0.081422
0.332131
0.286019
0.117928
0.329420
0.351791
0.141163
0.122590
0.316867
0.098353
0.319846
0.108849
0.300373
0.105845
0.320300
0.128764
0.096041
0.324364
0.310300
0.416964
0.172500
0.239661
0.343720
0.228724
0.330012
0.131313
0.381486
0.062841
0.317828
0.150423
0.280998
0.143373
0.348003
0.216239
0.399494
0.146265
0.140953
0.331281
0.366191
0.519012
0.227245
0.422105
0.478933
0.425243
0.300123
0.561704
0.364856
0.132296
0.143021
0.276034
0.077731
0.351170
0.078270
0.226427
0.037732
0.317739
0.002093
0.245973
0.031629
0.218376
0.294296
0.205066
0.605704
0.417215
0.370891
0.509570
0.305325
0.561101
0.318476
0.440315
0.297936
0.506193
0.218579
0.442185
0.172591
0.342003
0.429495
0.303849
0.319428
0.502149
0.419466
0.606348
0.350226
0.529773
0.447811
0.658220
0.615706
0.292786
0.467695
0.347798
0.497878
0.288858
0.511924
0.163600
0.559127
0.370976
0.378216
0.548551
0.639855
0.721863
0.564829
0.687740
0.420991
0.435580
0.556697
0.340900
0.590392
0.609767
0.659614
0.564630
0.325039
0.585815
0.453082
0.484561
0.578643
0.665062
0.790044
0.751431
0.670478
0.763423
0.606176
0.718683
0.651010
0.603749
0.645915
0.654816
0.539999
0.615191
0.691985
0.511653
0.656730
0.644561
0.773626
0.671639
0.493882
0.460871
0.307308
0.559553
0.415428
0.516395
0.664275
0.783991
0.744222
0.695708
0.819890
0.800713
0.768165
0.654987
0.743602
0.774230
0.758782
0.777132
0.703673
0.823764
0.713633
0.791174
0.790991
0.833481
0.763858
0.816234
0.547046
0.353895
0.461922
0.484658
0.575367
0.417261
0.537502
0.347958
0.480182
0.626051
0.610895
0.468585
0.571799
0.499817
0.392252
0.632343
0.703299
0.595397
0.742588
0.543180
0.682043
0.558744
0.696496
0.659238
0.515473
0.641903
0.668515
0.664682
0.546748
0.589552
0.668835
0.673733
0.734271
0.604151
0.715525
0.671395
0.733892
0.669760
0.778530
0.615777
0.743395
0.690571
0.762531
0.731269
0.786969
0.647962
0.697677
0.807262
0.789213
0.734635
0.838398
0.770502
0.808667
0.697766
0.562300
0.667245
0.569244
0.656513
0.604783
0.699068
0.612599
0.664406
0.540581
0.679599
0.749102
0.644783
0.732792
0.666884
0.722295
0.670883
0.706302
0.631613
0.742591
0.588279
0.711005
0.524884
0.645142
0.559183
0.663209
0.738784
0.612588
0.670238
0.712317
0.586705
0.678872
0.730121
0.754270
0.640477
0.768503
0.620613
0.694634
0.510292
0.619964
0.556984
0.683366
0.502948
0.650917
0.542288
0.649003
0.796696
0.692702
0.758396
0.777141
0.669396
0.715043
0.775290
0.815678
0.771457
0.797947
0.785634
0.785793
0.559139
0.665308
0.660908
0.783839
0.551881
0.730918
0.581670
0.642069
0.664725
0.723701
0.781801
0.693737
0.738932
0.594685
0.828780
0.732066
0.773057
0.810353
0.781853
0.791975
0.726096
0.825445
0.685417
0.763031
0.683781
0.712962
0.662016
0.759069
0.784598
0.658040
0.721192
0.765197
0.626712
0.716622
0.723669
0.767064
0.695416
0.770656
0.648539
0.731994
0.591542
0.698990
0.700345
0.586137
0.734047
0.799980
0.744194
0.792905
0.736162
0.800891
0.770120
0.809245
0.747588
0.745025
0.804570
0.749300
0.794236
0.737909
0.796096
0.752770
0.798413
0.805344
0.809810
0.755925
0.628692
0.564093
0.503824
0.665908
0.613468
0.702507
0.720680
0.572596
0.619903
0.673750
0.744404
0.740654
0.773442
0.686993
0.783254
0.691049
0.754839
0.642411
0.767875
0.598323
0.489148
0.462572
0.581366
0.464199
0.591352
0.472128
0.610916
0.601870
0.491953
0.602642
0.474267
0.516565
0.640238
0.507125
0.650957
0.521770
0.612826
0.484460
0.607018
0.506834
0.496416
0.642830
0.613789
0.468894
0.606346
0.607718
0.483150
0.581596
0.674190
0.551746
0.658723
0.547614
0.657719
0.544501
0.645807
0.533388
0.562612
0.677926
0.669354
0.531812
0.644510
0.631481
0.533499
0.795910
0.724522
0.720082
0.771183
0.699722
0.780893
0.665201
0.738787
0.681173
0.766123
0.650861
0.747595
0.676544
0.733313
0.767337
0.726702
0.568862
0.434138
0.418609
0.563747
0.505622
0.691198
0.421589
0.560911
0.606306
0.674348
0.563996
0.563419
0.687127
0.542706
0.722397
0.579677
0.438097
0.518262
0.625194
0.501593
0.579457
0.686743
0.759359
0.595914
0.701014
0.690145
0.685889
0.697791
0.678494
0.583747
0.769431
0.510414
0.621521
0.443575
0.588721
0.711649
0.778212
0.572953
0.691287
0.705522
0.679967
0.480691
0.587461
0.489920
0.582256
0.750696
0.625083
0.449952
0.584782
0.520026
0.409071
0.465422
0.698760
0.590018
0.640941
0.655933
0.724008
0.754405
0.594938
0.721927
0.726022
0.604238
0.783254
0.577766
0.785766
0.619398
0.515632
0.672203
0.686473
0.633821
0.452517
0.565362
0.627757
0.634365
0.518768
0.685266
0.529175
0.648172
0.698789
0.738899
0.567493
0.677926
0.455604
0.645407
0.519383
0.603640
0.759643
0.584767
0.684141
0.679449
0.574446
0.760581
0.629614
0.482882
0.646782
0.727423
0.625566
0.727877
0.632639
0.715124
0.577320
0.716779
0.652572
0.577590
0.702819
0.676450
0.541886
0.674657
0.733996
0.603283
0.731825
0.641278
0.651927
0.755302
0.659487
0.731826
0.722722
0.794488
0.689917
0.745406
0.724962
0.776535
0.654504
0.756141
0.721524
0.620412
0.733438
0.659356
0.660876
0.726446
0.635455
0.740401
0.642872
0.742924
0.703256
0.681827
0.595175
0.610359
0.710217
0.642934
0.726343
0.468075
0.648978
0.576127
0.645149
0.600520
0.665237
0.763937
0.618364
0.634685
0.677743
0.475563
0.658773
0.876986
0.864401
0.840279
0.872190
0.860935
0.857081
0.892929
0.888381
0.886033
0.857433
0.890474
0.867677
0.884709
0.873310
0.871944
0.668833
0.794526
0.762660
0.777431
0.794987
0.869200
0.853040
0.852116
0.716993
0.847873
0.882180
0.831558
0.868601
0.869928
0.912629
0.899144
0.895406
0.898924
0.881173
0.899405
0.793114
0.810602
0.657040
0.750299
0.688607
0.742683
0.700762
0.757392
0.678550
0.757294
0.703448
0.658753
0.735588
0.691518
0.749385
0.646959
0.759782
0.677399
0.644176
0.675437
0.686767
0.776792
0.698988
0.791453
0.297821
0.478802
0.300964
0.472473
0.320123
0.467366
0.469110
0.301057
0.295489
0.460813
0.310258
0.470460
0.681475
0.542808
0.666399
0.711735
0.596074
0.655306
0.673057
0.783285
0.716688
0.640669
0.694605
0.564495
0.439724
0.615773
0.430528
0.559613
0.675750
0.509548
0.579399
0.610797
0.375661
0.592359
0.504847
0.340164
0.734443
0.860150
0.800074
0.752851
0.809072
0.786325
0.695200
0.829883
0.842156
0.759719
0.764564
0.828229
0.759995
0.799472
0.749692
0.809552
0.757699
0.817967
0.740636
0.790494
0.766673
0.815017
0.788605
0.829357
0.733634
0.747773
0.815376
0.834404
0.856723
0.808774
0.832380
0.839086
0.722982
0.793777
0.784634
0.847099
0.793520
0.848076
0.813309
0.753612
0.837644
0.820841
0.800633
0.747658
0.708755
0.790604
0.762894
0.716929
0.754957
0.750822
0.823716
0.754201
0.840610
0.773762
0.801733
0.714056
0.808165
0.763193
0.714435
0.805208
0.709697
0.779406
0.718954
0.734409
0.767361
0.705124
0.772803
0.776168
0.697034
0.777616
0.816291
0.745550
0.813365
0.769623
0.805872
0.734307
0.797929
0.739826
0.805182
0.740848
0.807701
0.766994
0.814419
0.742013
0.803792
0.780676
0.751019
0.681075
0.827757
0.838656
0.848332
0.835172
0.850189
0.807432
0.816801
0.793073
0.866199
0.779159
0.816114
0.830880
0.770497
0.815476
0.849827
0.831482
0.805519
0.845066
0.833627
0.810470
0.848974
0.870666
0.825538
0.825110
0.843185
0.819453
0.848046
0.819389
0.856729
0.533558
0.682586
0.662711
0.534194
0.693657
0.627301
0.681664
0.601713
0.599478
0.665240
0.708645
0.565413
0.706180
0.597717
0.666440
0.714364
0.567624
0.710641
0.645440
0.775497
0.709111
0.743351
0.824964
0.731624
0.858792
0.843110
0.775744
0.891921
0.783424
0.686474
0.899156
0.925243
0.937292
0.934780
0.884296
0.919021
0.931937
0.933374
0.931853
0.898605
0.895398
0.938743
0.835826
0.847708
0.891958
0.938044
0.895595
0.935424
0.937451
0.950053
0.822603
0.805115
0.763551
0.832528
0.867637
0.896948
0.805471
0.812080
0.869583
0.861718
0.818062
0.830958
0.874316
0.894858
0.884848
0.706577
0.783667
0.779877
0.711784
0.791886
0.716017
0.728708
0.804488
0.734434
0.807997
0.774743
0.729315
0.625441
0.713993
0.633884
0.707387
0.648893
0.731629
0.659443
0.721588
0.609675
0.673937
0.535187
0.654390
0.721480
0.596128
0.640613
0.745134
0.685496
0.763004
0.666628
0.630327
0.668378
0.508845
0.798372
0.797437
0.774140
0.770088
0.783621
0.801832
0.789863
0.819537
0.827563
0.856094
0.849960
0.876563
0.886966
0.856411
0.919113
0.906281
0.879867
0.920140
0.856599
0.895774
0.870587
0.884911
0.883056
0.941021
0.861664
0.888410
0.822648
0.896803
0.887198
0.887988
0.836316
0.817834
0.841722
0.798469
0.845405
0.854199
0.854747
0.919524
0.886006
0.855933
0.879485
0.863099
0.907175
0.854466
0.913288
0.886511
0.823959
0.839500
0.818558
0.819411
0.823946
0.805972
0.845558
0.848908
0.866599
0.823207
0.860510
0.883340
0.830908
0.832873
0.865778
0.841461
0.885981
0.859519
0.843275
0.907627
0.890704
0.865957
0.880552
0.854872
0.855827
0.898921
0.846151
0.877970
0.864984
0.862954
0.893115
0.898025
0.906165
0.878434
0.885032
0.891502
0.855470
0.891413
0.868776
0.881345
0.866506
0.907446
0.890953
0.887104
0.862501
0.266465
0.457811
0.438583
0.237224
0.426876
0.245880
0.270729
0.417811
0.193743
0.380308
0.396354
0.204974
0.147582
0.323435
0.404938
0.167438
0.348491
0.139749
0.257935
0.400796
0.161580
0.341721
0.317760
0.128142
0.224941
0.383220
0.417823
0.152796
0.341690
0.130629
0.180523
0.356804
0.142658
0.334833
0.288833
0.116204
0.274106
0.045675
0.115025
0.294481
0.083493
0.229797
0.185542
0.383337
0.382924
0.178692
0.310702
0.040214
0.486683
0.253157
0.332740
0.454995
0.233407
0.401639
0.314654
0.532926
0.456601
0.237637
0.354592
0.148690
0.495148
0.605577
0.495182
0.617533
0.609357
0.460750
0.558961
0.636374
0.527421
0.627575
0.509015
0.641779
0.507985
0.618699
0.518953
0.623200
0.640888
0.710218
0.589431
0.718142
0.614483
0.695841
0.552292
0.677219
0.562006
0.567525
0.700162
0.649305
0.521594
0.629637
0.648417
0.535510
0.608299
0.760888
0.678882
0.571164
0.718865
0.632417
0.649607
0.555915
0.557667
0.661896
0.572927
0.643000
0.686740
0.737113
0.625118
0.584731
0.679906
0.718230
0.610084
0.671310
0.554603
0.769450
0.648879
0.658299
0.699060
0.698181
0.669886
0.568424
0.568250
0.687934
0.681468
0.550538
0.684828
0.586107
0.556166
0.654097
0.562669
0.663603
0.680909
0.582164
0.688932
0.747814
0.721096
0.628190
0.813188
0.695571
0.614998
0.722435
0.617747
0.759338
0.747077
0.670225
0.653700
0.777660
0.696418
0.789879
0.660816
0.746692
0.765522
0.681458
0.722318
0.757100
0.728354
0.839608
0.791121
0.820191
0.791035
0.882502
0.731161
0.829692
0.862060
0.798550
0.804895
0.878413
0.827600
0.872348
0.754676
0.726519
0.688982
0.797920
0.763694
0.832036
0.732589
0.769057
0.813457
0.796641
0.865101
0.789596
0.605546
0.516556
0.477834
0.647759
0.592887
0.679014
0.529876
0.625088
0.705561
0.651148
0.739151
0.630304
0.400664
0.535894
0.570277
0.396995
0.535836
0.382607
0.436064
0.587024
0.423707
0.534886
0.507800
0.352762
0.457018
0.658185
0.548838
0.410430
0.616590
0.574719
0.391182
0.536404
0.360900
0.566699
0.661002
0.461564
0.665494
0.749528
0.715835
0.810123
0.648050
0.804143
0.868649
0.761260
0.801807
0.844023
0.734045
0.859606
0.795608
0.853375
0.819938
0.847138
0.824871
0.894024
0.814936
0.751688
0.779659
0.905562
0.842854
0.843987
0.757670
0.821341
0.828889
0.790340
0.824244
0.744333
0.760960
0.822816
0.770300
0.819370
0.806193
0.773078
0.695617
0.776695
0.708896
0.777392
0.736143
0.776209
0.799928
0.694693
0.689532
0.785032
0.706968
0.776928
0.720145
0.661413
0.653785
0.693015
0.757288
0.640937
0.727893
0.753979
0.666263
0.758793
0.696715
0.761103
0.702971
0.788210
0.776083
0.696367
0.660790
0.710565
0.837680
0.772416
0.625299
0.613330
0.735055
0.778950
0.855661
0.857342
0.810621
0.826321
0.836093
0.830026
0.884750
0.756375
0.749633
0.779756
0.721158
0.778362
0.775764
0.740964
0.804866
0.753139
0.788477
0.716491
0.775903
0.793750
0.814031
0.814342
0.776270
0.848632
0.778896
0.824813
0.790869
0.803544
0.760309
0.814261
0.766029
0.820816
0.799827
0.753544
0.803078
0.761233
0.718591
0.803522
0.818713
0.753836
0.757030
0.808034
0.724544
0.785683
0.739975
0.799568
0.727347
0.769044
0.762682
0.815575
0.709199
0.800717
0.846493
0.787105
0.821786
0.836413
0.803317
0.848675
0.759054
0.810338
0.758995
0.762552
0.839367
0.743188
0.797888
0.780931
0.680616
0.777330
0.768594
0.770341
0.763296
0.844188
0.733123
0.829770
0.785610
0.782028
0.714711
0.724937
0.650847
0.636728
0.729201
0.636647
0.735894
0.662882
0.734586
0.629064
0.710442
0.719959
0.730705
0.644396
0.755428
0.747036
0.664646
0.629731
0.752873
0.707444
0.634608
0.728585
0.694201
0.748104
0.639880
0.669643
0.735708
0.746858
0.651617
0.751814
0.658734
0.719582
0.692095
0.759181
0.638940
0.712555
0.764082
0.814663
0.726835
0.787429
0.769897
0.771441
0.692552
0.768942
0.755583
0.686633
0.793026
0.758253
0.679965
0.771877
0.787560
0.767383
0.774767
0.837482
0.809316
0.743068
0.814039
0.809215
0.749881
0.786434
0.805753
0.755867
0.823538
0.794994
0.792408
0.754178
0.874868
0.870213
0.883250
0.857263
0.878305
0.863355
0.886861
0.872161
0.882143
0.830727
0.854503
0.846585
0.848927
0.828250
0.864007
0.860593
0.815026
0.840327
0.842877
0.864089
0.805030
0.863617
0.863233
0.874962
0.849392
0.782328
0.880014
0.857874
0.822882
0.869293
0.899567
0.911313
0.899397
0.894308
0.886560
0.871821
0.898330
0.884545
0.879021
0.873285
0.874208
0.880015
0.858382
0.873467
0.889996
0.879473
0.880242
0.876842
0.879875
0.854626
0.879871
0.857970
0.855646
0.855480
0.875601
0.880302
0.871577
0.873128
0.865470
0.868845
0.879978
0.879983
0.884258
0.874372
0.876156
0.867744
0.876178
0.878472
0.877674
0.842079
0.851449
0.860552
0.866028
0.851510
0.836349
0.852514
0.852202
0.899860
0.879280
0.886358
0.876016
0.848934
0.859935
0.872903
0.828203
0.853818
0.829094
0.849730
0.839220
0.836799
0.866206
0.813151
0.855914
0.805434
0.799797
0.863805
0.826021
0.800150
0.844890
0.825626
0.849021
0.867953
0.837506
0.858887
0.818334
0.835125
0.820948
0.849378
0.814582
0.868419
0.823550
0.835896
0.831709
0.847847
0.807184
0.857987
0.816138
0.849541
0.816604
0.840765
0.826294
0.839473
0.801508
0.832297
0.854053
0.791492
0.831705
0.789716
0.875627
0.838715
0.802550
0.839800
0.781854
0.825982
0.786608
0.821902
0.765157
0.828836
0.763282
0.805574
0.772672
0.812921
0.762923
0.785201
0.813769
0.761530
0.802788
0.751947
0.810278
0.775105
0.792455
0.823534
0.779480
0.825050
0.784249
0.829501
0.787100
0.811630
0.731286
0.802325
0.763845
0.798614
0.781223
0.820812
0.834156
0.807089
0.823576
0.769322
0.843852
0.797537
0.801498
0.840345
0.788184
0.855890
0.776943
0.830242
0.804997
0.816837
0.784242
0.815951
0.772374
0.827050
0.768935
0.816430
0.833232
0.775059
0.808035
0.759751
0.839316
0.799303
0.783711
0.828580
0.823468
0.846343
0.786372
0.828424
0.802376
0.829994
0.784550
0.836032
0.791269
0.838245
0.813630
0.849624
0.841194
0.810579
0.830296
0.784044
0.837855
0.793488
0.809274
0.855637
0.801475
0.853979
0.806617
0.840324
0.804194
0.876511
0.816484
0.890545
0.859262
0.835203
0.782776
0.817448
0.839249
0.784068
0.816253
0.757943
0.859640
0.814517
0.812669
0.832464
0.817029
0.827838
0.789886
0.846418
0.790144
0.826049
0.763704
0.805337
0.772184
0.828046
0.776106
0.812539
0.827597
0.804775
0.841341
0.783423
0.858157
0.784803
0.829766
0.854311
0.876858
0.891709
0.847498
0.896019
0.859908
0.865630
0.792389
0.852660
0.875878
0.872101
0.879247
0.946047
0.900250
0.828751
0.831427
0.868686
0.839787
0.868078
0.846281
0.830590
0.823982
0.827975
0.848919
0.847153
0.819568
0.815365
0.822173
0.830014
0.843403
0.811763
0.794352
0.819569
0.838958
0.802145
0.844337
0.825587
0.826522
0.801063
0.821173
0.835196
0.802060
0.823083
0.780045
0.803155
0.845274
0.831545
0.797772
0.777329
0.831815
0.752382
0.804753
0.784054
0.804612
0.755201
0.780067
0.818938
0.751635
0.788838
0.726459
0.782407
0.823246
0.807409
0.757429
0.747763
0.798722
0.691539
0.779844
0.738999
0.777916
0.701162
0.765208
0.782384
0.707038
0.751117
0.671143
0.729581
0.795202
0.805782
0.733703
0.734325
0.774123
0.688411
0.738326
0.687908
0.774740
0.707068
0.745988
0.765549
0.725072
0.764339
0.688080
0.725296
0.799830
0.819905
0.770003
0.745636
0.802833
0.716367
0.766485
0.718578
0.792545
0.717766
0.756860
0.807496
0.742706
0.809732
0.714245
0.773298
0.803154
0.828374
0.751617
0.756325
0.797329
0.715492
0.760923
0.719698
0.796411
0.730829
0.799526
0.796964
0.811987
0.855435
0.765591
0.766791
0.871126
0.828566
0.848249
0.768619
0.846653
0.741303
0.798474
0.785485
0.809147
0.744516
0.795622
0.800162
0.734064
0.791041
0.721019
0.761988
0.794655
0.806901
0.736512
0.735699
0.779704
0.719232
0.769718
0.721855
0.786132
0.737603
0.785437
0.805928
0.752273
0.787534
0.724926
0.753023
0.815828
0.824299
0.781604
0.819377
0.800512
0.761048
0.822542
0.837178
0.847468
0.838711
0.838132
0.818724
0.838501
0.819279
0.828527
0.848898
0.868791
0.825576
0.844233
0.847923
0.843712
0.821009
0.830714
0.798370
0.836333
0.857107
0.842669
0.832562
0.819462
0.790328
0.832359
0.765108
0.817990
0.790786
0.805038
0.755375
0.788377
0.803132
0.751819
0.792687
0.732191
0.774398
0.802832
0.786800
0.752158
0.720447
0.797246
0.702887
0.771947
0.734364
0.772143
0.681558
0.743532
0.760999
0.681644
0.734281
0.651058
0.718000
0.766432
0.746930
0.684708
0.652112
0.736303
0.630482
0.723295
0.649349
0.722043
0.637678
0.713617
0.735759
0.633508
0.716263
0.613001
0.677099
0.726933
0.739130
0.662155
0.658929
0.720507
0.627260
0.713526
0.636270
0.720573
0.662521
0.714910
0.736094
0.667812
0.732121
0.657639
0.696845
0.740626
0.760984
0.693639
0.670959
0.737830
0.629920
0.736205
0.669674
0.730165
0.664836
0.723218
0.752870
0.664255
0.720730
0.643040
0.693341
0.757892
0.762096
0.685191
0.670795
0.735654
0.638089
0.714076
0.636944
0.737998
0.651846
0.737268
0.743536
0.700270
0.764512
0.686520
0.698993
0.780380
0.786690
0.735963
0.712837
0.780676
0.701565
0.776950
0.700665
0.764794
0.695736
0.755736
0.769384
0.697511
0.745727
0.674160
0.727418
0.769300
0.764297
0.701464
0.694139
0.752035
0.686623
0.749627
0.673212
0.755010
0.724046
0.779276
0.779583
0.719385
0.783002
0.720949
0.719232
0.776597
0.812654
0.755331
0.802861
0.802255
0.792685
0.806846
0.747593
0.844002
0.832324
0.860060
0.843882
0.825581
0.834800
0.876020
0.856902
0.816102
0.852028
0.825079
0.830662
0.826437
0.850691
0.814630
0.836210
0.826121
0.840273
0.793610
0.821566
0.783820
0.818185
0.858047
0.827096
0.796562
0.775344
0.747401
0.809525
0.746069
0.805140
0.765009
0.792360
0.723855
0.775338
0.775709
0.717694
0.777390
0.718165
0.740875
0.773136
0.755016
0.712594
0.688963
0.765083
0.676891
0.768126
0.700709
0.747227
0.651568
0.740182
0.734969
0.640793
0.717595
0.644339
0.677718
0.722293
0.705817
0.636950
0.610501
0.708722
0.608812
0.719791
0.630600
0.712539
0.600196
0.681673
0.581976
0.688476
0.589232
0.678136
0.586537
0.680216
0.601828
0.612490
0.715085
0.711694
0.620063
0.681306
0.715553
0.601421
0.622714
0.730412
0.640829
0.699651
0.643081
0.734913
0.660121
0.736560
0.619517
0.626654
0.702822
0.713178
0.638418
0.743850
0.714394
0.640642
0.603042
0.698244
0.696921
0.616157
0.706235
0.609170
0.636436
0.709960
0.721292
0.614106
0.629107
0.708484
0.627257
0.701040
0.617032
0.707985
0.635038
0.719540
0.724836
0.743922
0.823808
0.757463
0.641647
0.768033
0.768801
0.707819
0.712580
0.794143
0.721237
0.800712
0.734010
0.789837
0.700039
0.763013
0.792689
0.672082
0.765303
0.700351
0.694095
0.745918
0.763465
0.673894
0.698102
0.742836
0.719098
0.778980
0.679427
0.767556
0.722626
0.797238
0.776401
0.728593
0.805403
0.770470
0.721565
0.789833
0.828557
0.753583
0.797473
0.803246
0.804813
0.823479
0.771738
0.837581
0.826359
0.872590
0.822199
0.864898
0.820601
0.801722
0.843065
0.811996
0.835043
0.856948
0.828780
0.876308
0.837784
0.783113
0.802314
0.814479
0.824201
0.773698
0.805122
0.762691
0.793847
0.817088
0.786556
0.753701
0.737631
0.790237
0.753915
0.789199
0.745083
0.794557
0.746919
0.718335
0.687547
0.774601
0.724296
0.773035
0.725116
0.775113
0.718700
0.764032
0.744132
0.790195
0.743440
0.793219
0.787168
0.724109
0.667949
0.729345
0.662034
0.759175
0.704466
0.637409
0.622026
0.725889
0.640268
0.750878
0.653756
0.713336
0.702696
0.766105
0.699551
0.781921
0.599457
0.685733
0.599635
0.700543
0.703016
0.594502
0.633921
0.696794
0.638865
0.714038
0.613335
0.715810
0.655571
0.712831
0.621122
0.731888
0.626691
0.729658
0.649309
0.713688
0.710509
0.648753
0.640919
0.735962
0.654329
0.737111
0.648687
0.732380
0.690769
0.739095
0.659127
0.751013
0.717087
0.624003
0.637947
0.714470
0.619853
0.698596
0.681125
0.746930
0.651576
0.738809
0.653797
0.713889
0.632056
0.726934
0.714217
0.613177
0.800686
0.702785
0.749647
0.796453
0.703899
0.834116
0.782670
0.821420
0.754894
0.821830
0.722416
0.780144
0.678247
0.754435
0.740016
0.658129
0.731636
0.789613
0.725538
0.817323
0.799385
0.721855
0.775898
0.813707
0.794063
0.854942
0.766430
0.841957
0.800754
0.843178
0.783630
0.834771
0.775240
0.813715
0.772473
0.817666
0.778989
0.823902
0.817351
0.801774
0.791679
0.772830
0.829843
0.864135
0.836049
0.843576
0.817483
0.829368
0.859943
0.809441
0.846602
0.794973
0.752201
0.771656
0.815364
0.770899
0.809168
0.788859
0.827119
0.774778
0.813286
0.792873
0.814377
0.791110
0.833099
0.779628
0.823024
0.798748
0.823963
0.781136
0.834484
0.802176
0.739038
0.766978
0.810040
0.773618
0.803314
0.789610
0.824439
0.777391
0.815645
0.796432
0.826153
0.782746
0.823982
0.806762
0.761662
0.725340
0.786924
0.742460
0.804869
0.751669
0.693130
0.694154
0.764638
0.723093
0.785461
0.713257
0.773765
0.737161
0.794447
0.779277
0.826948
0.661285
0.745682
0.664632
0.750162
0.731063
0.648566
0.683272
0.740391
0.718652
0.768164
0.694893
0.757596
0.726982
0.770117
0.690625
0.769427
0.687107
0.780994
0.706208
0.751980
0.729982
0.680232
0.673774
0.768674
0.714457
0.773265
0.710953
0.760783
0.726471
0.781605
0.704731
0.770708
0.658032
0.752022
0.694509
0.753333
0.768183
0.691974
0.720970
0.781245
0.750290
0.812070
0.735228
0.800368
0.724313
0.766676
0.702342
0.789128
0.715086
0.781216
0.763896
0.793779
0.834855
0.764302
0.838265
0.855499
0.821731
0.911885
0.866551
0.856614
0.783080
0.803868
0.751947
0.808341
0.829520
0.866581
0.822474
0.847522
0.863962
0.811992
0.846990
0.873876
0.835444
0.873805
0.831456
0.870240
0.824619
0.871030
0.820182
0.863808
0.818724
0.810568
0.869032
0.805572
0.804204
0.863378
0.801307
0.831843
0.828204
0.845553
0.831770
0.867668
0.820784
0.818243
0.854714
0.875768
0.858861
0.899201
0.846222
0.831841
0.828596
0.798963
0.806032
0.836442
0.797392
0.830791
0.825072
0.851495
0.815564
0.845513
0.828863
0.836883
0.841631
0.856817
0.825469
0.859499
0.824731
0.834703
0.796092
0.836131
0.798696
0.834239
0.820594
0.835607
0.830542
0.810074
0.807991
0.856455
0.830579
0.855139
0.826734
0.859541
0.840218
0.846343
0.822406
0.856086
0.776881
0.796001
0.778082
0.822416
0.802328
0.752392
0.765991
0.815142
0.768729
0.831355
0.787995
0.819029
0.789926
0.826442
0.797870
0.847743
0.736504
0.776765
0.739642
0.829617
0.779152
0.717854
0.727972
0.781155
0.757012
0.798845
0.751925
0.789511
0.765678
0.795580
0.783270
0.814238
0.725658
0.787831
0.738716
0.789681
0.793790
0.735308
0.763435
0.802179
0.769282
0.845210
0.784598
0.810074
0.766399
0.798070
0.750369
0.804054
0.738877
0.791535
0.755268
0.810277
0.820966
0.773655
0.788506
0.831945
0.797083
0.824195
0.803049
0.831706
0.764311
0.808276
0.760931
0.814475
0.776273
0.828667
0.791585
0.823146
0.922099
0.903628
0.906203
0.935016
0.898690
0.908701
0.862378
0.937440
0.813657
0.837620
0.789686
0.822972
0.832482
0.868085
0.855426
0.900299
0.866557
0.842549
0.834790
0.873952
0.861583
0.914160
0.886275
0.874711
0.870574
0.909197
0.878012
0.901711
0.840177
0.874295
0.849227
0.864706
0.876562
0.834395
0.855649
0.876372
0.847581
0.868058
0.854403
0.889840
0.844545
0.878113
0.836632
0.865639
0.871663
0.845246
0.881790
0.876919
0.894731
0.884294
0.894421
0.865123
0.872542
0.855588
0.878048
0.853690
0.829139
0.817669
0.852179
0.822504
0.868014
0.836698
0.843933
0.852694
0.832571
0.854998
0.856043
0.874222
0.850717
0.802916
0.856302
0.846548
0.850369
0.875601
0.858264
0.819498
0.814766
0.819792
0.837743
0.792187
0.858058
0.817970
0.793522
0.778648
0.844060
0.796376
0.824945
0.828061
0.833419
0.779428
0.813633
0.774382
0.819787
0.807330
0.761318
0.779681
0.810661
0.784773
0.816700
0.814856
0.786257
0.781924
0.823535
0.767599
0.826172
0.797609
0.796001
0.768403
0.817235
0.779714
0.827870
0.815854
0.791032
0.787872
0.812921
0.791925
0.851903
0.833106
0.793044
0.799880
0.843175
0.801357
0.835464
0.827259
0.813303
0.792670
0.837813
0.792227
0.833873
0.877345
0.865779
0.830208
0.871131
0.817325
0.846372
0.825982
0.798013
0.868233
0.888116
0.855398
0.860921
0.890465
0.864128
0.853819
0.878113
0.825669
0.869866
0.859577
0.818102
0.849492
0.904338
0.865706
0.877446
0.864925
0.827778
0.889848
0.901094
0.856651
0.912813
0.882655
0.836884
0.842325
0.866099
0.837704
0.858058
0.875065
0.891541
0.847042
0.900527
0.867245
0.829959
0.871530
0.876898
0.874556
0.880861
0.880216
0.878808
0.885292
0.877461
0.861711
0.878881
0.880702
0.897027
0.885497
0.874121
0.882096
0.883057
0.871015
0.839241
0.860905
0.843810
0.859609
0.889162
0.885273
0.889159
0.885612
0.846460
0.852934
0.860832
0.840898
0.861303
0.866684
0.870286
0.892887
0.843194
0.851360
0.861955
0.894455
0.890070
0.876521
0.891308
0.866663
0.877279
0.899921
0.886477
0.882107
0.888083
0.906174
0.900748
0.886689
0.900386
0.901243
0.881439
0.889311
0.897879
0.897293
0.887407
0.892636
0.894865
0.889703
0.879385
0.882895
0.885448
0.886402
0.890361
0.888441
0.824714
0.843328
0.858088
0.839788
0.870582
0.852974
0.847713
0.865366
0.869976
0.880855
0.865969
0.864347
0.868919
0.852062
0.851161
0.847743
0.843504
0.860279
0.846430
0.861477
0.851426
0.865565
0.851409
0.858788
0.838500
0.855609
0.874683
0.885276
0.850898
0.847611
0.853678
0.841936
0.835103
0.839449
0.869741
0.860398
0.859771
0.835988
0.838437
0.845002
0.837218
0.846785
0.858776
0.846303
0.833648
0.813191
0.835506
0.801589
0.840332
0.843147
0.853746
0.846005
0.831221
0.857263
0.839960
0.839016
0.864219
0.867346
0.860807
0.850767
0.835226
0.813699
0.815723
0.835314
0.832675
0.811510
0.843915
0.863600
0.852485
0.825980
0.855498
0.864028
0.853843
0.838727
0.850875
0.836579
0.846534
0.833285
0.885618
0.891300
0.889779
0.891383
0.888100
0.885228
0.884525
0.888910
0.883870
0.891498
0.882596
0.890208
0.867875
0.887742
0.884408
0.885353
0.889699
0.890603
0.890192
0.878372
0.858885
0.883855
0.872721
0.892041
0.868146
0.891090
0.871631
0.888482
0.889932
0.877596
0.883039
0.882286
0.878609
0.885410
0.881065
0.877951
0.872633
0.856756
0.878144
0.893691
0.870890
0.894716
0.893056
0.867112
0.875692
0.875536
0.890859
0.869327
0.890052
0.888243
0.895262
0.899175
0.897175
0.872592
0.892686
0.867523
0.862612
0.859503
0.870515
0.877376
0.881642
0.886003
0.873608
0.868381
0.880735
0.884848
0.880977
0.894776
0.908756
0.894302
0.900405
0.898370
0.886181
0.891872
0.892334
0.901720
0.903975
0.894265
0.895033
0.898656
0.887968
0.887487
0.901116
0.904124
0.908670
0.901626
0.898659
0.888696
0.888040
0.884138
0.892977
0.877468
0.889986
0.872518
0.878822
0.874412
0.850563
0.872221
0.901878
0.862374
0.875139
0.854922
0.889071
0.883527
0.856237
0.845231
0.861024
0.863728
0.866859
0.906627
0.901520
0.897508
0.892273
0.894406
0.893445
0.893213
0.891705
0.898268
0.896704
0.899618
0.885411
0.898191
0.889204
0.886666
0.890733
0.895633
0.899004
0.897375
0.892019
0.899791
0.899280
0.880746
0.892600
0.898153
0.884672
0.883160
0.897341
0.889038
0.891541
0.886404
0.899440
0.899948
0.895635
0.896492
0.895724
0.892502
0.905112
0.899585
0.894266
0.912491
0.899377
0.881363
0.881294
0.890167
0.888112
0.886496
0.888718
0.884731
0.899590
0.886126
0.829662
0.863368
0.836988
0.825210
0.836685
0.839582
0.852264
0.853178
0.858918
0.862568
0.874964
0.866410
0.848420
0.893870
0.904847
0.890949
0.891833
0.894604
0.804038
0.840412
0.814626
0.821938
0.821270
0.847718
0.842796
0.861967
0.823001
0.864785
0.848188
0.869018
0.806246
0.856800
0.816669
0.800488
0.841857
0.849075
0.831838
0.828782
0.864392
0.792796
0.831428
0.829786
0.808770
0.786810
0.820954
0.759132
0.807747
0.767467
0.807241
0.772861
0.818432
0.792234
0.823628
0.810336
0.833079
0.832765
0.852478
0.846619
0.832438
0.864593
0.835400
0.822245
0.812657
0.817723
0.856293
0.848550
0.864351
0.849034
0.861757
0.837843
0.833323
0.796782
0.855741
0.860331
0.854225
0.838383
0.830326
0.813063
0.846322
0.799570
0.828756
0.824125
0.842302
0.806368
0.854424
0.815047
0.835251
0.834577
0.863369
0.832439
0.847169
0.808558
0.827709
0.855412
0.831148
0.856695
0.842113
0.855271
0.837721
0.899707
0.848566
0.836850
0.820710
0.841909
0.846555
0.862629
0.850991
0.889696
0.863130
0.844795
0.850397
0.847420
0.881820
0.837732
0.876212
0.871624
0.844083
0.825391
0.832398
0.849618
0.838299
0.834203
0.827917
0.835975
0.907324
0.899171
0.898265
0.913878
0.912070
0.900868
0.909268
0.910277
0.901442
0.896825
0.914460
0.906360
0.903275
0.916996
0.923336
0.882446
0.885469
0.864193
0.898754
0.889864
0.892485
0.908502
0.865605
0.857760
0.828028
0.862774
0.874228
0.855119
0.850713
0.817880
0.884438
0.886651
0.849795
0.849170
0.885340
0.864380
0.864845
0.859117
0.837041
0.875062
0.865683
0.834266
0.829678
0.845213
0.856862
0.840646
0.850619
0.834292
0.836652
0.827493
0.801151
0.852021
0.820455
0.850230
0.822617
0.838419
0.838519
0.860490
0.833460
0.859629
0.841464
0.864529
0.826647
0.841463
0.797194
0.827098
0.816822
0.827832
0.796072
0.824000
0.787016
0.786158
0.831584
0.822160
0.799407
0.826497
0.834792
0.796724
0.834275
0.843665
0.804281
0.838168
0.799831
0.828683
0.804625
0.830864
0.808272
0.824751
0.852638
0.832972
0.840652
0.847477
0.817920
0.879252
0.858642
0.875086
0.878023
0.854920
0.864578
0.859726
0.883486
0.893196
0.848917
0.860618
0.841584
0.805440
0.805332
0.843330
0.816525
0.843691
0.835937
0.823696
0.823052
0.876846
0.872435
0.869451
0.899893
0.887394
0.832001
0.844349
0.875775
0.859669
0.871168
0.769284
0.814525
0.813593
0.758024
0.793240
0.753904
0.811245
0.776249
0.773049
0.809498
0.812690
0.842362
0.786175
0.817239
0.821036
0.820937
0.779349
0.754437
0.844127
0.807690
0.823282
0.850972
0.862212
0.852161
0.851122
0.803604
0.862472
0.877280
0.875108
0.858281
0.859168
0.872415
0.842821
0.835365
0.861098
0.785274
0.811886
0.785810
0.816112
0.780507
0.822182
0.785218
0.819700
0.775297
0.813600
0.836371
0.859473
0.835350
0.846350
0.858592
0.840065
0.855173
0.873155
0.845039
0.850581
0.853148
0.856042
0.854725
0.843449
0.864363
0.863118
0.838854
0.835408
0.865589
0.876515
0.855924
0.883108
0.867049
0.849124
0.876234
0.856375
0.904422
0.903664
0.905854
0.887461
0.893763
0.895670
0.880708
0.886347
0.900017
0.886915
0.897544
0.898108
0.896764
0.886800
0.900691
0.893382
0.889258
0.893493
0.899486
0.897641
0.901234
0.893561
0.896112
0.894931
0.897281
0.866294
0.885064
0.879239
0.868650
0.890847
0.894812
0.888838
0.883164
0.866255
0.889013
0.897174
0.889030
0.892082
0.902812
0.899580
0.900302
0.901696
0.903060
0.903314
0.901100
0.902986
0.889849
0.893087
0.897341
0.909147
0.909425
0.835324
0.840468
0.811950
0.870125
0.881878
0.869466
0.851976
0.876935
0.845946
0.833724
0.825911
0.786791
0.814579
0.817580
0.782024
0.810428
0.798884
0.847671
0.821625
0.791065
0.823954
0.792244
0.799859
0.796095
0.818341
0.832698
0.815400
0.824951
0.826943
0.840352
0.844246
0.846315
0.852314
0.848948
0.847440
0.845569
0.868474
0.863712
0.856595
0.868579
0.851573
0.853167
0.851577
0.846725
0.858656
0.867440
0.873510
0.863390
0.862407
0.877145
0.892982
0.896305
0.890505
0.880213
0.861583
0.871016
0.871335
0.885075
0.884530
0.902592
0.886553
0.881858
0.880070
0.867271
0.874560
0.876026
0.859062
0.867779
0.859941
0.864413
0.844690
0.872685
0.864601
0.863901
0.869952
0.913349
0.900415
0.888457
0.891856
0.909337
0.915328
0.901447
0.902013
0.899607
0.891742
0.887777
0.883839
0.875759
0.857466
0.885828
0.849286
0.845178
0.853816
0.868208
0.844090
0.865482
0.849655
0.851205
0.862266
0.837940
0.818033
0.868619
0.821087
0.780609
0.802584
0.818702
0.791570
0.773546
0.808261
0.781651
0.803331
0.785283
0.836818
0.804772
0.853163
0.845335
0.905328
0.876870
0.827086
0.875616
0.882452
0.867733
0.864532
0.914768
0.864595
0.893441
0.911508
0.893435
0.890493
0.883974
0.891266
0.867704
0.886999
0.887465
0.889136
0.893044
0.909502
0.915511
0.881630
0.894190
0.882699
0.875900
0.888515
0.873482
0.868970
0.857017
0.880359
0.857232
0.856981
0.846499
0.860539
0.872488
0.916368
0.942581
0.947058
0.935938
0.927687
0.949243
0.940668
0.941478
0.926921
0.917972
0.921257
0.938184
0.926376
0.909563
0.879390
0.898410
0.891780
0.893993
0.882786
0.889350
0.896437
0.906179
0.897829
0.907824
0.920755
0.918126
0.898964
0.897767
0.924895
0.894441
0.890161
0.899056
0.910736
0.912665
0.907084
0.921868
0.909322
0.922614
0.905419
0.907981
0.919872
0.897894
0.922491
0.911179
0.912425
0.921259
0.912904
0.912993
0.910811
0.910962
0.906135
0.904413
0.887266
0.890303
0.892500
0.897039
0.903649
0.897138
0.898759
0.907075
0.932485
0.931790
0.927443
0.925295
0.941972
0.937985
0.925547
0.945736
0.935340
0.920227
0.911873
0.917472
0.911944
0.907488
0.931005
0.921054
0.918783
0.916187
0.921349
0.922541
0.913114
0.913282
0.944076
0.939880
0.930329
0.924246
0.926902
0.915923
0.914750
0.908692
0.908156
0.920496
0.928992
0.919134
0.919444
0.903829
0.934861
0.918267
0.897859
0.934690
0.929612
0.930403
0.935770
0.940318
0.927946
0.935308
0.931541
0.919641
0.928694
0.926128
0.921852
0.912214
0.916861
0.918503
0.926777
0.935767
0.914084
0.900586
0.892784
0.898482
0.891055
0.910893
0.911678
0.901087
0.919190
0.914985
0.909677
0.900102
0.908248
0.899572
0.882177
0.891756
0.915324
0.895588
0.906008
0.902261
0.904879
0.904868
0.910032
0.900035
0.903451
0.919040
0.909901
0.899116
0.904576
0.911660
0.905966
0.921332
0.906378
0.909010
0.896174
0.921065
0.893914
0.893871
0.877839
0.875064
0.872200
0.859647
0.868119
0.885573
0.899238
0.896949
0.900694
0.928989
0.913432
0.912609
0.934909
0.935955
0.864402
0.875051
0.893314
0.862777
0.867759
0.887327
0.895644
0.882454
0.893210
0.890814
0.882238
0.862613
0.877238
0.900752
0.898173
0.897294
0.877949
0.866175
0.896123
0.882800
0.904640
0.903783
0.880321
0.898306
0.889352
0.900336
0.891954
0.933691
0.923591
0.920129
0.899445
0.910390
0.911555
0.908081
0.904634
0.912035
0.880636
0.881619
0.894727
0.898796
0.885529
0.875772
0.888971
0.895791
0.889889
0.873777
0.885105
0.883289
0.896247
0.881750
0.874677
0.921462
0.908756
0.910776
0.901406
0.893900
0.900915
0.902712
0.896222
0.902199
0.894704
0.906124
0.891957
0.881498
0.898213
0.902911
0.877517
0.903062
0.892590
0.875935
0.907382
0.901804
0.911365
0.897709
0.908291
0.918434
0.925284
0.917173
0.897981
0.906378
0.900947
0.894185
0.890419
0.902361
0.888623
0.901489
0.912378
0.899421
0.885840
0.879822
0.889135
0.880585
0.898352
0.904869
0.896035
0.889979
0.900532
0.909690
0.917163
0.904991
0.884285
0.894781
0.891975
0.901034
0.901096
0.894131
0.894495
0.927273
0.913458
0.915867
0.907029
0.876021
0.869742
0.877803
0.881701
0.873575
0.875892
0.875546
0.848051
0.825862
0.852235
0.829716
0.862724
0.808808
0.823840
0.860043
0.832749
0.824036
0.828424
0.834883
0.834762
0.852132
0.847878
0.831384
0.813029
0.797866
0.805001
0.850014
0.837855
0.859928
0.836152
0.848672
0.864958
0.861833
0.838880
0.840424
0.856166
0.811196
0.841433
0.788270
0.802933
0.780016
0.827540
0.756054
0.815708
0.835912
0.792764
0.808867
0.836244
0.803169
0.831582
0.842034
0.824778
0.860449
0.849594
0.831130
0.817377
0.813853
0.889558
0.880903
0.876329
0.872864
0.863566
0.863943
0.877677
0.878942
0.864741
0.878951
0.849875
0.842939
0.840818
0.836743
0.851011
0.857846
0.851320
0.875932
0.866190
0.867842
0.864352
0.874995
0.843863
0.863960
0.854274
0.816391
0.812121
0.839067
0.815144
0.833837
0.804509
0.839279
0.840452
0.846095
0.792257
0.841256
0.804991
0.811896
0.817069
0.834368
0.788416
0.861155
0.765930
0.794381
0.762288
0.695574
0.786428
0.829009
0.824833
0.841289
0.817489
0.747955
0.826358
0.833687
0.783683
0.785145
0.823849
0.856044
0.847592
0.808344
0.810581
0.731196
0.777876
0.851953
0.784692
0.815613
0.815608
0.820441
0.837223
0.793083
0.801431
0.820824
0.764935
0.818112
0.821256
0.855123
0.858406
0.832263
0.842745
0.819951
0.836597
0.871482
0.882474
0.875581
0.881858
0.887801
0.882141
0.866401
0.868024
0.870234
0.867381
0.879003
0.851137
0.886748
0.877597
0.886580
0.876752
0.890451
0.883889
0.888958
0.876859
0.882204
0.881763
0.873127
0.884843
0.866541
0.868714
0.796323
0.748661
0.804562
0.824449
0.789802
0.802899
0.810743
0.842890
0.839408
0.874225
0.830098
0.827700
0.842541
0.759960
0.811364
0.896538
0.881991
0.895757
0.889523
0.892059
0.885628
0.894646
0.898653
0.896306
0.886419
0.880101
0.883082
0.888647
0.888628
0.882563
0.879802
0.893264
0.894309
0.909458
0.897239
0.896142
0.882765
0.894891
0.895871
0.899308
0.899479
0.900103
0.906945
0.902777
0.896881
0.899556
0.897574
0.930945
0.939043
0.904427
0.898390
0.882124
0.895400
0.887947
0.893855
0.883128
0.887247
0.882071
0.892384
0.897804
0.887211
0.875446
0.882472
0.887528
0.865331
0.872274
0.867116
0.882761
0.888417
0.881763
0.876868
0.870599
0.907968
0.872936
0.904502
0.902112
0.898031
0.907007
0.913464
0.913779
0.903934
0.903685
0.916058
0.899107
0.920841
0.912119
0.922945
0.879966
0.882862
0.887447
0.883654
0.875923
0.885506
0.883178
0.887896
0.890318
0.888495
0.887201
0.889274
0.888344
0.886563
0.889588
0.886639
0.877600
0.880594
0.851830
0.882028
0.873736
0.877493
0.876042
0.872037
0.875281
0.907376
0.887827
0.894205
0.872699
0.873685
0.877998
0.888915
0.886655
0.881191
0.889198
0.889726
0.886327
0.884940
0.879053
0.882480
0.875174
0.892599
0.888609
0.884999
0.885309
0.888086
0.893944
0.899510
0.898616
0.888323
0.895888
0.892379
0.898930
0.911542
0.907175
0.901167
0.898975
0.900739
0.905059
0.883189
0.892738
0.887274
0.883748
0.873696
0.881574
0.882815
0.883454
0.877294
0.882037
0.875727
0.859836
0.856261
0.881228
0.912323
0.897808
0.905049
0.904761
0.876780
0.850060
0.864459
0.878588
0.902203
0.871780
0.890079
0.892476
0.882424
0.882194
0.866530
0.887683
0.876776
0.871313
0.866808
0.878161
0.862098
0.870758
0.868427
0.892215
0.878871
0.875093
0.865972
0.875091
0.877707
0.855288
0.847721
0.882650
0.889478
0.882383
0.876833
0.891923
0.847524
0.842321
0.875457
0.879625
0.882338
0.870685
0.875653
0.879627
0.876583
0.876459
0.875037
0.877894
0.886501
0.883189
0.863346
0.883261
0.886359
0.858709
0.891735
0.883116
0.852226
0.845484
0.876915
0.852281
0.850042
0.887710
0.882958
0.899115
0.873196
0.858635
0.833559
0.829749
0.882306
0.854896
0.838678
0.855430
0.845407
0.825724
0.837676
0.866460
0.866727
0.848719
0.881377
0.870170
0.868446
0.865698
0.863726
0.838032
0.855133
0.835287
0.851676
0.844232
0.897139
0.885552
0.886588
0.897168
0.898418
0.881745
0.902935
0.922291
0.934645
0.886204
0.900410
0.883394
0.903217
0.857120
0.869623
0.875552
0.889238
0.891601
0.885348
0.885884
0.878750
0.912632
0.875264
0.871926
0.878250
0.881361
0.904903
0.885343
0.885884
0.872187
0.866969
0.869880
0.873509
0.873145
0.877982
0.875039
0.859172
0.866044
0.863909
0.859186
0.913658
0.882969
0.875979
0.889965
0.883351
0.884420
0.897762
0.879857
0.880550
0.838565
0.913906
0.892060
0.893361
0.903478
0.878391
0.885682
0.858120
0.851466
0.887968
0.865999
0.842648
0.830744
0.851632
0.861820
0.854171
0.846673
0.834379
0.860442
0.823693
0.854622
0.834716
0.896854
0.885065
0.885410
0.871075
0.883941
0.860034
0.844180
0.863419
0.877271
0.885033
0.865111
0.885148
0.867102
0.876478
0.849300
0.879607
0.894276
0.859159
0.872274
0.860164
0.916538
0.921452
0.919543
0.882983
0.913389
0.867814
0.881621
0.878233
0.872098
0.883528
0.878930
0.877276
0.882078
0.871317
0.879139
0.867352
0.873855
0.865007
0.859541
0.856997
0.871083
0.849157
0.848182
0.845803
0.895677
0.867800
0.855013
0.877040
0.885332
0.888956
0.868629
0.864440
0.845820
0.840373
0.873988
0.874705
0.892877
0.877140
0.876358
0.883351
0.892121
0.863255
0.868927
0.887788
0.860922
0.871927
0.877029
0.878042
0.882766
0.892641
0.873319
0.849377
0.867421
0.826749
0.868805
0.846241
0.858518
0.835781
0.829335
0.840883
0.836070
0.861030
0.806574
0.817251
0.856910
0.828150
0.871245
0.848796
0.876420
0.843770
0.826118
0.842369
0.830798
0.846382
0.828658
0.833677
0.880157
0.823698
0.834957
0.831068
0.847281
0.851451
0.865095
0.866964
0.835657
0.849211
0.879046
0.893820
0.902544
0.868608
0.900988
0.902808
0.892949
0.865888
0.893674
0.897018
0.905647
0.889502
0.894155
0.882734
0.879790
0.867970
0.893678
0.875406
0.887968
0.903256
0.869185
0.855501
0.874136
0.861000
0.866611
0.874453
0.878018
0.851739
0.884677
0.875776
0.849458
0.876862
0.850799
0.886028
0.867463
0.879655
0.871136
0.858215
0.856858
0.882360
0.857695
0.849318
0.872836
0.873223
0.868870
0.876487
0.881704
0.879291
0.882066
0.859754
0.885963
0.874500
0.872435
0.864049
0.883930
0.891560
0.904232
0.873908
0.880405
0.867744
0.882085
0.862655
0.872336
0.901106
0.869089
0.885068
0.867246
0.900229
0.899866
0.934034
0.877974
0.868543
0.879588
0.875971
0.844663
0.833379
0.856774
0.890342
0.840825
0.864853
0.853079
0.830096
0.825317
0.875325
0.861315
0.831261
0.835433
0.878926
0.811915
0.813115
0.869740
0.874144
0.882193
0.863380
0.876978
0.881318
0.870172
0.873316
0.877165
0.874961
0.875710
0.866800
0.880170
0.880899
0.873367
0.881223
0.879879
0.890573
0.869743
0.896605
0.902353
0.893206
0.886882
0.893428
0.889874
0.894203
0.893350
0.864540
0.879448
0.870956
0.871231
0.866126
0.892350
0.896325
0.837496
0.869964
0.842235
0.849469
0.854111
0.862040
0.847648
0.839558
0.868575
0.799306
0.821054
0.839691
0.872054
0.848913
0.834438
0.867840
0.860037
0.815341
0.861940
0.844005
0.863065
0.849286
0.856368
0.828480
0.866718
0.871792
0.850619
0.845676
0.860949
0.885475
0.878943
0.871789
0.860741
0.844255
0.860375
0.811922
0.834711
0.800105
0.863692
0.856815
0.855234
0.864597
0.877778
0.876937
0.837590
0.736897
0.820408
0.781269
0.727853
0.790037
0.730969
0.711972
0.771456
0.688117
0.777564
0.784180
0.709813
0.706300
0.758041
0.777241
0.738736
0.807810
0.731406
0.745868
0.791933
0.731871
0.791030
0.783769
0.725298
0.693380
0.769777
0.746143
0.678192
0.782078
0.730198
0.665140
0.765096
0.679763
0.778379
0.800452
0.712595
0.726151
0.760097
0.707957
0.802467
0.702070
0.778917
0.733497
0.784668
0.752025
0.891623
0.891191
0.878641
0.886057
0.899956
0.890085
0.889273
0.904476
0.887085
0.897220
0.875268
0.903038
0.878201
0.865171
0.850578
0.893989
0.842192
0.881529
0.890901
0.919551
0.876675
0.908063
0.855594
0.914058
0.889699
0.906158
0.842667
0.850048
0.819009
0.877450
0.869438
0.881974
0.879592
0.871953
0.867595
0.854006
0.899797
0.909454
0.903301
0.890626
0.905009
0.915230
0.898156
0.894260
0.907975
0.902151
0.891402
0.915459
0.862548
0.822973
0.843997
0.848173
0.822224
0.834545
0.838828
0.843444
0.842783
0.896593
0.869828
0.897775
0.889990
0.881978
0.889158
0.900887
0.885640
0.886417
0.874657
0.896566
0.876141
0.876917
0.879456
0.884429
0.877826
0.882334
0.913723
0.908952
0.909059
0.903340
0.877981
0.906629
0.900724
0.914550
0.913979
0.900025
0.910172
0.915810
0.926243
0.926497
0.921152
0.907021
0.910940
0.927713
0.868394
0.872891
0.835097
0.903616
0.811710
0.863567
0.818865
0.897535
0.888892
0.805565
0.834211
0.810400
0.854717
0.785427
0.856329
0.795725
0.850411
0.806423
0.830909
0.859367
0.876448
0.887657
0.907381
0.860929
0.884966
0.858030
0.856200
0.828501
0.887887
0.813161
0.854865
0.819705
0.870483
0.864856
0.793034
0.841027
0.808389
0.843031
0.796694
0.867112
0.804094
0.837402
0.859317
0.897516
0.827652
0.832480
0.852715
0.811698
0.865403
0.803814
0.857644
0.815183
0.849965
0.842944
0.770690
0.827673
0.821067
0.845484
0.800135
0.865232
0.824760
0.868932
0.881209
0.890338
0.815841
0.777600
0.824783
0.834562
0.807312
0.833079
0.761502
0.870617
0.842340
0.838248
0.870672
0.854110
0.853370
0.830351
0.867521
0.820647
0.840174
0.786114
0.817176
0.780522
0.818117
0.878626
0.818651
0.824897
0.843786
0.807135
0.854659
0.830037
0.843443
0.808916
0.863445
0.798815
0.846602
0.791089
0.840468
0.782655
0.822257
0.805108
0.835444
0.787829
0.843613
0.856619
0.810762
0.835274
0.865808
0.793700
0.838726
0.841041
0.867044
0.838752
0.868621
0.815419
0.820489
0.815449
0.835612
0.793706
0.836732
0.779034
0.817930
0.779944
0.829514
0.866898
0.832224
0.853515
0.852991
0.807569
0.852915
0.867532
0.874686
0.838731
0.890573
0.818278
0.851551
0.830611
0.867495
0.818918
0.838091
0.806089
0.844715
0.799088
0.838795
0.864070
0.922165
0.882057
0.837492
0.891162
0.896381
0.844605
0.797398
0.794908
0.848596
0.817201
0.845154
0.877151
0.880237
0.846260
0.924409
0.895534
0.858929
0.926201
0.839422
0.868036
0.853738
0.877866
0.872988
0.776627
0.830180
0.819455
0.750488
0.871756
0.868855
0.876916
0.844860
0.881914
0.867557
0.893516
0.879821
0.833784
0.866282
0.766519
0.817270
0.804108
0.769552
0.831926
0.858577
0.803550
0.825286
0.774223
0.847811
0.858067
0.862352
0.900339
0.869535
0.856922
0.868131
0.864117
0.778107
0.821066
0.848834
0.874625
0.885581
0.867464
0.875951
0.902011
0.860259
0.862707
0.848325
0.886790
0.822004
0.786407
0.874067
0.836718
0.825755
0.835890
0.872984
0.860944
0.861816
0.859304
0.822819
0.810144
0.787853
0.761117
0.806688
0.773014
0.844273
0.833573
0.815498
0.838308
0.819573
0.872227
0.828138
0.815528
0.735395
0.793268
0.758684
0.814397
0.773770
0.870981
0.832854
0.867756
0.852007
0.863765
0.829660
0.864344
0.846849
0.765890
0.803962
0.787111
0.829528
0.826715
0.802330
0.747051
0.837644
0.869956
0.845468
0.872647
0.892608
0.831378
0.853699
0.899966
0.884716
0.751272
0.809388
0.820713
0.777028
0.879476
0.924378
0.860752
0.859759
0.867350
0.876143
0.881518
0.839522
0.861770
0.872145
0.877158
0.816493
0.872722
0.868741
0.871939
0.869518
0.846515
0.878991
0.890099
0.887733
0.870341
0.868001
0.822642
0.873804
0.839169
0.919349
0.882418
0.872471
0.832656
0.874533
0.868088
0.887087
0.869002
0.849082
0.818011
0.844766
0.867621
0.856314
0.850325
0.864900
0.888687
0.859340
0.840426
0.870105
0.865464
0.836902
0.875497
0.872917
0.892275
0.879994
0.886347
0.879022
0.873084
0.828872
0.854484
0.815333
0.851616
0.842135
0.871723
0.862538
0.885132
0.902406
0.883364
0.889510
0.878940
0.906450
0.872473
0.891041
0.817512
0.863388
0.859148
0.830813
0.868426
0.861784
0.865710
0.855700
0.855254
0.848200
0.835362
0.844688
0.833109
0.905414
0.924224
0.914742
0.911863
0.913263
0.917602
0.918813
0.868463
0.848495
0.854384
0.850585
0.863137
0.848664
0.861685
0.881114
0.892429
0.855024
0.883946
0.905474
0.832572
0.851586
0.852206
0.866720
0.852609
0.874026
0.881118
0.868774
0.857686
0.887251
0.856235
0.872962
0.866492
0.888699
0.893562
0.904788
0.903246
0.907677
0.895238
0.896334
0.898040
0.901096
0.905642
0.889670
0.930532
0.923148
0.923929
0.928203
0.936870
0.935738
0.864092
0.925680
0.910155
0.917464
0.888731
0.887867
0.869873
0.877322
0.861936
0.872612
0.879903
0.893345
0.775802
0.813740
0.735927
0.714893
0.769030
0.748917
0.722276
0.767622
0.807388
0.814551
0.775600
0.770691
0.741090
0.758851
0.721882
0.762710
0.799299
0.831727
0.804442
0.779810
0.763988
0.796431
0.775015
0.722484
0.788301
0.691028
0.825539
0.793597
0.750806
0.819127
0.780451
0.822276
0.787518
0.706435
0.757384
0.750210
0.700831
0.797660
0.768655
0.840700
0.788613
0.750713
0.735635
0.761030
0.749888
0.838847
0.786155
0.748783
0.793700
0.784306
0.739053
0.716631
0.778245
0.728897
0.728513
0.816193
0.782441
0.822163
0.779862
0.725084
0.737151
0.750261
0.776267
0.812127
0.775274
0.756833
0.785671
0.731199
0.737203
0.751668
0.729267
0.760637
0.805482
0.894489
0.915641
0.943469
0.866993
0.919168
0.918546
0.890633
0.910340
0.921453
0.927600
0.934260
0.921808
0.925829
0.912466
0.911738
0.862395
0.884328
0.929463
0.893611
0.872367
0.882232
0.889630
0.887170
0.886224
0.899991
0.888914
0.872538
0.916024
0.906500
0.909208
0.887080
0.915430
0.899093
0.913560
0.874240
0.835413
0.860344
0.844301
0.879614
0.863411
0.872728
0.855418
0.834167
0.893576
0.849889
0.860783
0.839533
0.850302
0.851110
0.863707
0.823002
0.816582
0.824991
0.819466
0.861982
0.834488
0.831951
0.827840
0.855949
0.882110
0.836827
0.922402
0.917357
0.914594
0.902880
0.921782
0.930802
0.921547
0.847682
0.886812
0.845032
0.852119
0.872155
0.834413
0.853169
0.834388
0.873181
0.880032
0.868625
0.854668
0.893407
0.864563
0.853386
0.882190
0.884499
0.853531
0.867900
0.842892
0.907387
0.847454
0.877590
0.892386
0.856556
0.867592
0.839558
0.877045
0.921694
0.832758
0.851864
0.880591
0.872779
0.855700
0.856115
0.910165
0.844796
0.860822
0.850904
0.854829
0.877976
0.863815
0.865286
0.862036
0.859151
0.852270
0.866076
0.840860
0.862466
0.867547
0.874518
0.862649
0.877565
0.879628
0.854508
0.877442
0.886163
0.849170
0.858215
0.924293
0.924456
0.894266
0.938793
0.924651
0.917117
0.915159
0.894582
0.920275
0.909571
0.947476
0.931238
0.908907
0.921825
0.917384
0.958563
0.906368
0.954274
0.923354
0.902667
0.884054
0.899793
0.903315
0.894091
0.850188
0.875257
0.894520
0.846090
0.868969
0.856663
0.889322
0.892502
0.886654
0.911779
0.876544
0.872641
0.863923
0.868687
0.878897
0.911327
0.882849
0.879607
0.873786
0.876773
0.890612
0.877889
0.930738
0.929199
0.943170
0.936730
0.935748
0.935140
0.926798
0.922210
0.912889
0.907347
0.913641
0.903326
0.909656
0.854243
0.869306
0.851271
0.879942
0.872947
0.902057
0.887255
0.887640
0.901167
0.929990
0.909589
0.869611
0.871791
0.911679
0.893421
0.902002
0.863224
0.919058
0.889547
0.878783
0.903283
0.885518
0.861245
0.924435
0.934811
0.915241
0.925291
0.919338
0.882135
0.889749
0.895770
0.941123
0.920834
0.891995
0.883002
0.837175
0.888460
0.857408
0.896919
0.887592
0.872648
0.851430
0.841580
0.899884
0.897764
0.871426
0.861692
0.867044
0.896236
0.901508
0.899588
0.911749
0.894615
0.895166
0.878342
0.893024
0.914272
0.879075
0.860674
0.844073
0.896446
0.896484
0.911319
0.884288
0.868905
0.901619
0.933852
0.903042
0.897910
0.899173
0.925675
0.922007
0.915655
0.928065
0.915054
0.923462
0.908835
0.923146
0.831701
0.893239
0.858142
0.844644
0.864403
0.895975
0.865982
0.884222
0.838396
0.865032
0.884317
0.890266
0.869154
0.885307
0.855210
0.874653
0.845879
0.871431
0.844743
0.877276
0.862108
0.897010
0.887188
0.908407
0.882283
0.882114
0.861178
0.894228
0.830494
0.854687
0.865170
0.893765
0.900532
0.890858
0.868556
0.850195
0.837535
0.886634
0.887072
0.824591
0.843079
0.857786
0.845165
0.855731
0.839813
0.830925
0.830841
0.854938
0.888574
0.841179
0.842533
0.836024
0.846873
0.868000
0.857007
0.827268
0.864030
0.815754
0.836367
0.876111
0.860828
0.868606
0.822791
0.831909
0.837528
0.876056
0.844795
0.861796
0.856743
0.875517
0.853113
0.887869
0.810895
0.854813
0.816715
0.858839
0.865295
0.857084
0.851496
0.886210
0.824480
0.864368
0.838143
0.862574
0.855193
0.846820
0.878210
0.829669
0.855471
0.862262
0.836273
0.884512
0.837880
0.854755
0.869758
0.830888
0.871817
0.895655
0.867088
0.839246
0.890395
0.874806
0.829858
0.860413
0.861489
0.901648
0.820045
0.828167
0.855641
0.864278
0.899804
0.866630
0.857341
0.814424
0.806482
0.864789
0.856289
0.818849
0.862989
0.803411
0.832600
0.917719
0.814457
0.842894
0.830588
0.779106
0.830858
0.852800
0.859979
0.790850
0.834874
0.800994
0.825124
0.839801
0.782853
0.849837
0.848361
0.804090
0.851071
0.867430
0.841718
0.803986
0.865781
0.838085
0.799677
0.837184
0.783740
0.829046
0.819192
0.785222
0.831177
0.860102
0.869634
0.809381
0.866870
0.815018
0.830420
0.857978
0.781987
0.816706
0.831379
0.771948
0.808027
0.848789
0.865853
0.796195
0.833504
0.783182
0.835031
0.835018
0.809709
0.842490
0.847321
0.793385
0.847561
0.794503
0.855438
0.832407
0.834122
0.785808
0.864103
0.829382
0.794687
0.866553
0.829661
0.800665
0.841362
0.864989
0.798156
0.868090
0.860751
0.872159
0.893215
0.842586
0.877028
0.841827
0.878024
0.836721
0.698358
0.715832
0.703195
0.691901
0.716841
0.715025
0.734072
0.776629
0.735297
0.719311
0.735431
0.741561
0.715614
0.744785
0.719488
0.748750
0.734876
0.710641
0.791258
0.797054
0.707730
0.705873
0.728493
0.710985
0.716296
0.718453
0.698476
0.735282
0.933298
0.892964
0.861242
0.883582
0.848610
0.922383
0.801156
0.843919
0.836755
0.816976
0.764932
0.850106
0.888257
0.862039
0.898179
0.872585
0.900777
0.906338
0.837151
0.891618
0.844978
0.854098
0.896255
0.764372
0.811858
0.851163
0.767952
0.817729
0.862361
0.869294
0.884515
0.849014
0.814023
0.832150
0.861909
0.852625
0.892799
0.893126
0.875384
0.876328
0.812539
0.869343
0.865004
0.828566
0.838112
0.841297
0.889108
0.846329
0.837165
0.864491
0.803545
0.829348
0.854919
0.878806
0.825458
0.874128
0.869986
0.849492
0.854025
0.896196
0.852636
0.879161
0.869653
0.871963
0.836791
0.836372
0.843827
0.862764
0.851491
0.850647
0.849475
0.857577
0.887061
0.877659
0.855042
0.805733
0.841193
0.898178
0.878776
0.912927
0.880212
0.859143
0.800049
0.901559
0.901287
0.844889
0.937463
0.935564
0.893153
0.897562
0.792003
0.902651
0.862443
0.879308
0.873303
0.875769
0.872174
0.910654
0.879809
0.899940
0.901126
0.897279
0.903373
0.890044
0.908673
0.873386
0.894033
0.881915
0.874354
0.884940
0.893097
0.873264
0.874698
0.867731
0.886098
0.888252
0.882359
0.866524
0.905333
0.873252
0.864949
0.875707
0.913907
0.888759
0.922424
0.913195
0.911814
0.912198
0.913938
0.885437
0.859611
0.949885
0.927765
0.912244
0.880949
0.898942
0.892978
0.893763
0.876330
0.895839
0.944319
0.935020
0.923740
0.925886
0.935419
0.930467
0.914138
0.844053
0.873711
0.838763
0.846092
0.870684
0.874580
0.852710
0.884572
0.863967
0.870447
0.887100
0.875086
0.867965
0.871030
0.878189
0.859275
0.872606
0.842717
0.858892
0.843499
0.854244
0.848173
0.884693
0.867755
0.860762
0.853255
0.895310
0.903033
0.879252
0.881544
0.875392
0.898684
0.886000
0.874466
0.923064
0.902907
0.865418
0.905884
0.913157
0.871940
0.900907
0.901955
0.891605
0.897907
0.888386
0.879355
0.841769
0.862930
0.903988
0.867580
0.882907
0.904231
0.873385
0.914211
0.856131
0.858246
0.896139
0.899828
0.908801
0.900778
0.901178
0.904436
0.885047
0.891858
0.885775
0.868239
0.910051
0.893965
0.894552
0.892055
0.889506
0.904924
0.878885
0.874546
0.887335
0.913616
0.886961
0.890370
0.883515
0.894285
0.892323
0.894243
0.871698
0.909876
0.876137
0.900345
0.888868
0.921326
0.897255
0.924065
0.914048
0.916239
0.919700
0.923386
0.904277
0.913051
0.917204
0.895280
0.905511
0.932649
0.925067
0.918116
0.881990
0.880625
0.893373
0.880764
0.884241
0.875740
0.888411
0.877297
0.896550
0.889506
0.890941
0.860880
0.868099
0.866854
0.869854
0.878780
0.871115
0.893880
0.906190
0.900785
0.884164
0.885729
0.884177
0.903747
0.897655
0.894371
0.890607
0.897611
0.888120
0.894426
0.859618
0.865494
0.908271
0.882718
0.902439
0.909773
0.872237
0.878467
0.912939
0.912813
0.936810
0.912919
0.914685
0.875714
0.889126
0.892066
0.885142
0.896449
0.908801
0.916459
0.917153
0.916132
0.910109
0.847544
0.869899
0.842827
0.839984
0.839540
0.859023
0.836503
0.876523
0.852492
0.704039
0.696093
0.706318
0.711516
0.679391
0.719802
0.693665
0.689424
0.713776
0.715606
0.666186
0.720389
0.764148
0.698448
0.706430
0.707464
0.769625
0.796889
0.727408
0.714336
0.787001
0.716050
0.800509
0.777865
0.716170
0.717761
0.722408
0.719179
0.712895
0.751968
0.813619
0.820399
0.876182
0.731671
0.863764
0.847090
0.881436
0.854355
0.753611
0.866565
0.821945
0.805372
0.857166
0.873871
0.866657
0.890448
0.890521
0.886091
0.877275
0.754720
0.808365
0.823775
0.877363
0.767603
0.848919
0.829576
0.872433
0.851474
0.824517
0.828298
0.879781
0.863380
0.881504
0.908071
0.877637
0.857947
0.774308
0.821351
0.799501
0.848701
0.759695
0.836999
0.876991
0.810086
0.797129
0.865865
0.860679
0.847146
0.846051
0.871615
0.860155
0.838532
0.850236
0.878487
0.823789
0.827206
0.828483
0.865809
0.813610
0.854709
0.838801
0.900207
0.801491
0.857112
0.818972
0.843179
0.786783
0.853952
0.856427
0.853822
0.864429
0.857576
0.846279
0.859502
0.858016
0.877278
0.798255
0.845341
0.851577
0.797872
0.852965
0.856089
0.830186
0.801630
0.843475
0.842222
0.840801
0.851994
0.791460
0.820817
0.830315
0.879998
0.782343
0.855947
0.840580
0.885179
0.866253
0.814990
0.845830
0.867520
0.844514
0.858742
0.876800
0.854860
0.869310
0.905411
0.873701
0.876278
0.876052
0.893335
0.793762
0.838541
0.750416
0.865720
0.824677
0.821584
0.889380
0.906287
0.894455
0.891145
0.886195
0.848409
0.869465
0.872364
0.859471
0.881619
0.845075
0.875831
0.860085
0.872578
0.888387
0.873842
0.878965
0.868667
0.841951
0.864665
0.847415
0.864818
0.829965
0.857440
0.827225
0.831986
0.840383
0.840295
0.833828
0.813834
0.833161
0.845760
0.820116
0.864935
0.876483
0.850759
0.869316
0.834739
0.835282
0.854439
0.880135
0.865762
0.864893
0.889698
0.852619
0.870981
0.872104
0.867331
0.869634
0.822102
0.864210
0.837225
0.792608
0.843616
0.861098
0.854941
0.838353
0.835149
0.795368
0.828788
0.835928
0.842529
0.826763
0.844441
0.868041
0.880553
0.867775
0.869693
0.871303
0.830083
0.867203
0.870878
0.868215
0.823810
0.891445
0.877302
0.877774
0.867312
0.828745
0.875661
0.864268
0.868264
0.901290
0.880168
0.898049
0.904867
0.910176
0.905895
0.940625
0.912727
0.953005
0.915626
0.929167
0.960155
0.924027
0.929217
0.908262
0.904123
0.911369
0.903806
0.902682
0.905704
0.911965
0.904560
0.916954
0.942777
0.861075
0.880270
0.916205
0.903951
0.898323
0.839166
0.846448
0.885175
0.879488
0.888301
0.867415
0.896842
0.857387
0.874102
0.913813
0.895935
0.897666
0.891584
0.886757
0.915580
0.843141
0.891414
0.861459
0.872382
0.896669
0.879527
0.913499
0.898500
0.829107
0.855515
0.889734
0.878145
0.884351
0.871162
0.880672
0.855436
0.810431
0.817703
0.848522
0.917261
0.934828
0.979807
0.903159
0.918007
0.900068
0.881959
0.981373
0.989004
0.948774
0.908939
0.990228
0.917234
0.881902
0.857289
0.860167
0.808233
0.853253
0.822574
0.849144
0.905148
0.855405
0.892661
0.888169
0.895009
0.870739
0.942756
0.914491
0.894582
0.833432
0.883223
0.824050
0.836101
0.844031
0.858876
0.900861
0.886435
0.885206
0.931921
0.915887
0.923821
0.922117
0.950552
0.889828
0.915488
0.897042
0.885814
0.912270
0.905446
0.935803
0.928331
0.915185
0.906456
0.885279
0.886922
0.878743
0.896266
0.896333
0.899390
0.889542
0.878204
0.879153
0.878957
0.885444
0.874140
0.855544
0.871178
0.855781
0.882668
0.868749
0.859728
0.882412
0.867243
0.870381
0.873447
0.887911
0.879359
0.903750
0.899176
0.867012
0.831620
0.900177
0.869851
0.927928
0.901072
0.906569
0.838038
0.809712
0.875117
0.829533
0.836684
0.862171
0.978669
0.945592
0.972988
0.880024
0.896269
0.795409
0.853375
0.861110
0.854006
0.866747
0.892765
0.875027
0.862077
0.885786
0.897822
0.909232
0.894606
0.881805
0.884611
0.878963
0.808237
0.835150
0.857291
0.880059
0.871134
0.850683
0.869938
0.870893
0.865523
0.882811
0.886253
0.875556
0.872536
0.847018
0.855409
0.853092
0.833410
0.835031
0.874937
0.821012
0.874628
0.851173
0.879968
0.861400
0.845973
0.842845
0.887926
0.860407
0.822769
0.837728
0.835560
0.899757
0.874419
0.912348
0.843714
0.834676
0.849469
0.850805
0.856866
0.856946
0.882068
0.860662
0.876280
0.870771
0.888730
0.876574
0.891284
0.890826
0.859384
0.859191
0.885223
0.812402
0.853346
0.864963
0.866225
0.870361
0.869013
0.889669
0.906197
0.886077
0.849817
0.886287
0.814100
0.833529
0.890161
0.856203
0.848189
0.869117
0.880920
0.887716
0.851153
0.864753
0.887529
0.855698
0.877805
0.885718
0.854809
0.865609
0.822595
0.828963
0.932430
0.847031
0.828601
0.868803
0.852689
0.852882
0.921045
0.907121
0.905552
0.915717
0.895422
0.917171
0.796913
0.813875
0.803184
0.844867
0.831172
0.857755
0.805998
0.880250
0.829820
0.847680
0.813686
0.806429
0.827374
0.812977
0.847388
0.890012
0.838739
0.874163
0.850166
0.819206
0.793280
0.809982
0.813503
0.831748
0.826664
0.850088
0.884989
0.871929
0.913026
0.880614
0.941445
0.932791
0.935503
0.903634
0.909093
0.877075
0.900474
0.966838
0.901547
0.879665
0.938083
0.909430
0.912865
0.896799
0.900050
0.878876
0.898552
0.886692
0.925971
0.874581
0.876564
0.869914
0.863260
0.824539
0.823279
0.869224
0.837912
0.860557
0.891294
0.891986
0.879156
0.856734
0.744892
0.776637
0.775060
0.773586
0.775816
0.783731
0.764948
0.798418
0.773700
0.845465
0.818191
0.821028
0.789335
0.764070
0.749646
0.744408
0.794347
0.747079
0.748548
0.745919
0.774857
0.838442
0.821807
0.745244
0.814060
0.842987
0.824024
0.846869
0.729977
0.748710
0.764905
0.804899
0.741657
0.785564
0.733465
0.751150
0.843553
0.795554
0.820591
0.802862
0.867428
0.804025
0.831982
0.820524
0.764580
0.761733
0.770051
0.842282
0.825412
0.814531
0.805749
0.835859
0.842843
0.855559
0.810378
0.794733
0.813044
0.776321
0.842773
0.810861
0.829234
0.851940
0.777411
0.798881
0.828772
0.851712
0.811085
0.826822
0.863771
0.842007
0.853085
0.782723
0.831531
0.777010
0.754383
0.805380
0.768982
0.806014
0.835932
0.848061
0.835423
0.918842
0.896055
0.910370
0.899396
0.901219
0.892555
0.907186
0.911876
0.884413
0.905493
0.914383
0.920350
0.872723
0.886511
0.870179
0.869805
0.887121
0.870692
0.869291
0.884998
0.873372
0.907953
0.904834
0.865158
0.867993
0.874993
0.876262
0.867841
0.873843
0.860252
0.833580
0.838535
0.885706
0.868258
0.880602
0.900996
0.863472
0.868257
0.899747
0.855772
0.884306
0.880564
0.852702
0.887901
0.882693
0.877718
0.887331
0.902519
0.868469
0.905949
0.908789
0.879500
0.885590
0.872718
0.892938
0.905855
0.903246
0.873108
0.855569
0.896406
0.902035
0.893008
0.887978
0.889393
0.904126
0.880435
0.913542
0.873132
0.904375
0.855598
0.808355
0.912535
0.887330
0.848856
0.892864
0.860404
0.888637
0.885519
0.900171
0.854439
0.853428
0.870100
0.878945
0.868403
0.869641
0.893603
0.877395
0.881689
0.866996
0.864350
0.877289
0.868559
0.880080
0.886605
0.871433
0.871051
0.866791
0.860083
0.855963
0.861144
0.888648
0.877726
0.871470
0.872990
0.861940
0.878758
0.882508
0.881100
0.881270
0.858617
0.866287
0.862157
0.872828
0.863849
0.885712
0.906645
0.889984
0.907668
0.887837
0.901138
0.853682
0.876187
0.869095
0.881464
0.898608
0.891949
0.850143
0.886986
0.833247
0.816308
0.848227
0.833678
0.825755
0.856582
0.874784
0.818736
0.861716
0.871373
0.856600
0.876850
0.868732
0.885810
0.888514
0.884235
0.876785
0.880185
0.872663
0.856523
0.850180
0.844241
0.860339
0.873562
0.853284
0.873579
0.851215
0.845971
0.834129
0.867987
0.864376
0.862860
0.874868
0.873870
0.883069
0.873685
0.863284
0.873100
0.881417
0.538580
0.634609
0.659394
0.612719
0.690499
0.582365
0.688714
0.575414
0.641584
0.720738
0.695606
0.776827
0.766381
0.736206
0.659683
0.528050
0.669816
0.644365
0.569460
0.686532
0.599600
0.521067
0.664742
0.633856
0.734315
0.742859
0.650910
0.575126
0.723503
0.614159
0.711014
0.663193
0.746242
0.747996
0.673057
0.648635
0.705433
0.620785
0.737464
0.638498
0.745717
0.684551
0.760207
0.681091
0.782563
0.815909
0.716724
0.707400
0.765852
0.690228
0.756673
0.700054
0.766207
0.720875
0.787359
0.742969
0.833296
0.836169
0.781843
0.740484
0.796140
0.754669
0.796018
0.734674
0.804613
0.723597
0.795042
0.772320
0.819677
0.809919
0.778804
0.708240
0.779482
0.688989
0.732364
0.679417
0.756217
0.738348
0.717039
0.799306
0.716263
0.651382
0.774555
0.767863
0.810228
0.798173
0.746231
0.620110
0.746749
0.684424
0.753324
0.659628
0.796391
0.721414
0.772858
0.713456
0.872704
0.887083
0.878936
0.880218
0.878925
0.875269
0.876862
0.870423
0.885661
0.884801
0.877023
0.884332
0.904314
0.891209
0.882116
0.901963
0.897292
0.904530
0.908171
0.893629
0.910789
0.931074
0.929108
0.898717
0.904147
0.930866
0.922507
0.923582
0.888313
0.920713
0.955835
0.933908
0.929323
0.905480
0.915812
0.814177
0.848243
0.834933
0.828787
0.810520
0.819988
0.823961
0.841205
0.811345
0.902444
0.843551
0.832293
0.835822
0.824469
0.849977
0.882674
0.914005
0.876400
0.900852
0.953114
0.916944
0.919620
0.902576
0.916025
0.902051
0.878768
0.872899
0.873200
0.904403
0.873387
0.873997
0.876344
0.870590
0.868826
0.883103
0.852214
0.872391
0.870074
0.892457
0.846705
0.831278
0.890372
0.896141
0.873658
0.846517
0.850061
0.858755
0.889561
0.850509
0.874951
0.877942
0.866420
0.868872
0.869168
0.867208
0.866442
0.868428
0.876843
0.873264
0.905903
0.918846
0.897655
0.916874
0.905789
0.910985
0.896131
0.904530
0.903896
0.899824
0.910304
0.893248
0.907106
0.887170
0.893210
0.912881
0.901446
0.894006
0.884126
0.914362
0.878054
0.887942
0.896640
0.967699
0.908400
0.866637
0.866604
0.880516
0.863591
0.873071
0.962768
0.912385
0.878169
0.879327
0.898971
0.868607
0.871317
0.874089
0.895365
0.899294
0.850162
0.856208
0.865893
0.870458
0.877423
0.871084
0.874744
0.883167
0.870837
0.893270
0.897378
0.872771
0.878101
0.881761
0.865451
0.884472
0.876681
0.894402
0.861380
0.916945
0.893654
0.894541
0.880434
0.867347
0.887902
0.866475
0.871483
0.871796
0.881053
0.858698
0.883651
0.879907
0.869107
0.848562
0.862901
0.859458
0.856650
0.860082
0.867425
0.888460
0.883304
0.895459
0.893937
0.906574
0.883991
0.882151
0.903609
0.892458
0.891353
0.890465
0.878688
0.858563
0.872171
0.868497
0.883204
0.869766
0.891766
0.865412
0.867552
0.876970
0.875270
0.866002
0.868148
0.873062
0.879712
0.869838
0.862611
0.882741
0.878067
0.865381
0.863935
0.881373
0.872255
0.863969
0.873397
0.874402
0.881705
0.885234
0.872707
0.895678
0.898339
0.894783
0.880210
0.906711
0.898806
0.887823
0.894639
0.885283
0.838441
0.831765
0.869291
0.876933
0.858584
0.859080
0.869114
0.875766
0.905112
0.880646
0.877144
0.903768
0.852624
0.891662
0.937248
0.867383
0.931495
0.846874
0.905984
0.889305
0.852625
0.917589
0.877772
0.839296
0.863834
0.870162
0.861011
0.867111
0.870246
0.873908
0.873808
0.844782
0.841568
0.847586
0.876710
0.860220
0.846875
0.849278
0.868649
0.864526
0.899254
0.855500
0.886574
0.871428
0.851558
0.858287
0.859545
0.882423
0.865219
0.849329
0.857454
0.862292
0.863599
0.866257
0.857788
0.919056
0.909537
0.902739
0.894114
0.900945
0.888277
0.898592
0.897079
0.856367
0.876368
0.868361
0.864360
0.873698
0.876557
0.883944
0.884635
0.880641
0.884789
0.876692
0.879357
0.904210
0.879095
0.884131
0.877977
0.881067
0.845572
0.855258
0.854977
0.848007
0.872056
0.857816
0.873157
0.857956
0.813029
0.868940
0.757881
0.814463
0.779969
0.761310
0.762026
0.738528
0.767112
0.798398
0.777832
0.797110
0.776661
0.770894
0.785517
0.805687
0.787165
0.801345
0.779896
0.788453
0.791401
0.827856
0.820784
0.838294
0.815449
0.797253
0.779635
0.860849
0.782618
0.841761
0.822860
0.839258
0.821031
0.838807
0.843712
0.811863
0.825124
0.768713
0.804685
0.787276
0.812142
0.789025
0.805717
0.795391
0.800423
0.789773
0.805692
0.795075
0.772685
0.758494
0.795815
0.798242
0.788047
0.818236
0.787835
0.799020
0.782783
0.762712
0.814585
0.737274
0.762827
0.599164
0.676487
0.694058
0.658638
0.727299
0.574885
0.566214
0.734547
0.737079
0.690750
0.673976
0.775172
0.686932
0.666868
0.731617
0.507871
0.642388
0.473180
0.580557
0.524794
0.583180
0.425406
0.556578
0.440400
0.755709
0.817964
0.827812
0.720242
0.848316
0.793808
0.708334
0.830141
0.797392
0.694097
0.821276
0.746089
0.536947
0.723353
0.693794
0.687245
0.606740
0.731698
0.590503
0.685011
0.787923
0.787806
0.826169
0.619130
0.815240
0.684005
0.854392
0.793694
0.771824
0.846519
0.802529
0.812763
0.798827
0.826740
0.752481
0.829421
0.847198
0.811223
0.706483
0.741490
0.790471
0.847966
0.813296
0.534617
0.747297
0.696307
0.725700
0.595262
0.709003
0.573065
0.650344
0.773172
0.716145
0.621555
0.744447
0.636131
0.835961
0.836058
0.846133
0.801702
0.765115
0.734505
0.760876
0.800611
0.800426
0.784413
0.799810
0.813423
0.722662
0.836473
0.886410
0.864373
0.800629
0.857418
0.757196
0.891008
0.935936
0.892320
0.897558
0.720417
0.814540
0.800489
0.833045
0.724433
0.779199
0.688456
0.909850
0.885836
0.902570
0.888404
0.884407
0.637879
0.798693
0.795866
0.775129
0.725444
0.823837
0.729004
0.706427
0.795235
0.800298
0.829029
0.659104
0.801975
0.731531
0.881450
0.886556
0.907274
0.900961
0.876969
0.864637
0.918270
0.888453
0.703211
0.766716
0.813458
0.630532
0.793516
0.737807
0.901577
0.953192
0.896179
0.952399
0.917900
0.953526
0.946894
0.865409
0.858034
0.877884
0.805752
0.861287
0.845850
0.924261
0.898444
0.887841
0.850188
0.859110
0.869226
0.868347
0.848887
0.901870
0.896286
0.903145
0.905611
0.893019
0.889914
0.882626
0.893220
0.890420
0.884146
0.870207
0.895651
0.877929
0.879268
0.873311
0.890192
0.888167
0.900224
0.902028
0.896223
0.891265
0.891986
0.901808
0.894508
0.904604
0.886824
0.873358
0.888450
0.863228
0.839595
0.966864
0.959024
0.956954
0.955690
0.932485
0.959266
0.932989
0.957194
0.922638
0.925715
0.925397
0.907835
0.928518
0.897957
0.900334
0.857445
0.916458
0.891134
0.905706
0.918673
0.883693
0.902480
0.906727
0.901808
0.901412
0.886655
0.955400
0.960357
0.934684
0.940341
0.942192
0.934709
0.947587
0.949569
0.938201
0.942090
0.926657
0.922118
0.921964
0.903076
0.900697
0.931957
0.916828
0.897876
0.931260
0.953620
0.921696
0.922234
0.950855
0.894102
0.898089
0.917564
0.920228
0.897026
0.908727
0.929402
0.932654
0.916701
0.921210
0.921730
0.885424
0.898240
0.909924
0.881477
0.895276
0.877623
0.858533
0.883733
0.896604
0.917671
0.695582
0.872315
0.929425
0.869170
0.901537
0.906642
0.886731
0.924822
0.846057
0.902052
0.861041
0.930916
0.863650
0.935344
0.917843
0.853006
0.804992
0.871930
0.862743
0.884190
0.871721
0.838269
0.782944
0.862271
0.852327
0.860019
0.836761
0.833248
0.858721
0.871297
0.788370
0.829465
0.854014
0.857507
0.825778
0.851137
0.860985
0.813345
0.852311
0.832675
0.874197
0.832507
0.834193
0.865331
0.874147
0.906688
0.894722
0.941830
0.838654
0.949506
0.890358
0.889470
0.887132
0.886987
0.873731
0.892195
0.825572
0.834072
0.848269
0.831305
0.848261
0.828427
0.877905
0.886799
0.880149
0.881445
0.878302
0.880020
0.865254
0.878664
0.874818
0.870794
0.880886
0.874018
0.692248
0.835668
0.830986
0.877960
0.880446
0.866606
0.894091
0.886104
0.835295
0.845263
0.868393
0.854079
0.864983
0.872385
0.884618
0.874352
0.892182
0.871544
0.859962
0.849810
0.821784
0.872495
0.868224
0.885410
0.841382
0.863313
0.884937
0.861163
0.856841
0.878522
0.849682
0.835597
0.831777
0.861194
0.851109
0.873311
0.854903
0.860772
0.877794
0.804050
0.840220
0.856219
0.872847
0.880646
0.837886
0.866698
0.873967
0.804797
0.805843
0.834564
0.864302
0.840458
0.860174
0.836799
0.805098
0.797891
0.828510
0.867719
0.851738
0.859188
0.862761
0.859635
0.880724
0.866410
0.823592
0.847690
0.865191
0.846182
0.853345
0.833545
0.865506
0.865247
0.852636
0.875690
0.864001
0.752789
0.833570
0.785259
0.742885
0.818719
0.703191
0.670000
0.753624
0.772438
0.707509
0.775710
0.667642
0.546740
0.701087
0.690047
0.729656
0.585485
0.706810
0.572257
0.700275
0.789366
0.808794
0.790280
0.695242
0.791823
0.652196
0.787963
0.840126
0.810591
0.833514
0.782677
0.792450
0.762876
0.767173
0.779679
0.847136
0.846732
0.761333
0.794878
0.831655
0.825263
0.749235
0.748716
0.544511
0.720035
0.723863
0.761598
0.579278
0.738268
0.627750
0.663408
0.740101
0.771939
0.633045
0.739848
0.609773
0.860106
0.893504
0.823768
0.859604
0.740739
0.783207
0.805483
0.811918
0.782407
0.718966
0.829415
0.814713
0.803469
0.799231
0.844181
0.864168
0.761410
0.830854
0.785842
0.851437
0.875684
0.854534
0.855879
0.726327
0.802859
0.771771
0.784994
0.677001
0.787517
0.704557
0.916559
0.888077
0.890054
0.863864
0.882601
0.684379
0.794273
0.795556
0.819250
0.736680
0.824227
0.719580
0.677020
0.799238
0.786792
0.770666
0.729701
0.800873
0.636595
0.883984
0.923362
0.934649
0.891921
0.889480
0.731144
0.843166
0.788287
0.755805
0.791665
0.628768
0.887795
0.888593
0.884163
0.878367
0.886807
0.861210
0.876161
0.888174
0.877241
0.859078
0.872800
0.822488
0.879188
0.866163
0.879759
0.870594
0.872045
0.850277
0.879355
0.879846
0.893370
0.893878
0.896127
0.897263
0.897529
0.894591
0.900178
0.889951
0.896142
0.892244
0.895174
0.900434
0.894836
0.891849
0.891190
0.887724
0.886134
0.891337
0.891485
0.883049
0.892276
0.883076
0.891892
0.890240
0.894463
0.892454
0.884122
0.881110
0.859921
0.829831
0.852126
0.896303
0.891039
0.889602
0.885463
0.889114
0.888349
0.890662
0.879680
0.911721
0.900585
0.815800
0.863826
0.826206
0.853466
0.849823
0.871649
0.865948
0.851055
0.870491
0.871260
0.885622
0.894342
0.886998
0.887168
0.926759
0.929397
0.938644
0.936806
0.931141
0.897201
0.895932
0.938001
0.897508
0.889028
0.893807
0.929986
0.873557
0.878151
0.888878
0.890428
0.877160
0.879088
0.888011
0.876381
0.884169
0.865187
0.871622
0.883576
0.875310
0.883680
0.876472
0.870133
0.881584
0.885036
0.863361
0.887255
0.884275
0.867169
0.874228
0.881143
0.896950
0.903206
0.901070
0.861197
0.871125
0.883918
0.684701
0.850008
0.839123
0.886341
0.907634
0.868220
0.881063
0.886248
0.810741
0.857781
0.868037
0.838630
0.856230
0.835494
0.802961
0.788280
0.889175
0.895579
0.923898
0.838902
0.855030
0.847556
0.796949
0.840569
0.860824
0.874056
0.854388
0.832348
0.849007
0.851458
0.841531
0.798915
0.833705
0.868933
0.854521
0.835017
0.858762
0.818801
0.878851
0.880054
0.858602
0.828021
0.821092
0.855778
0.863550
0.873632
0.861631
0.823778
0.873849
0.889786
0.875470
0.907233
0.861144
0.806793
0.854675
0.844589
0.860494
0.867398
0.850141
0.824081
0.857989
0.884055
0.875061
0.884254
0.884768
0.903475
0.900222
0.896183
0.870695
0.901850
0.901566
0.918020
0.906703
0.703727
0.846903
0.839043
0.914520
0.920378
0.926876
0.815484
0.873397
0.839622
0.861721
0.834300
0.935078
0.903772
0.943973
0.951509
0.933401
0.886227
0.866540
0.898724
0.916993
0.836600
0.912998
0.907981
0.903237
0.911533
0.876524
0.833205
0.834656
0.863542
0.850982
0.848412
0.832810
0.828772
0.859698
0.825846
0.826211
0.833998
0.851410
0.854273
0.844567
0.825321
0.818834
0.830054
0.781660
0.818854
0.850451
0.872920
0.836257
0.834382
0.765233
0.777331
0.845980
0.888346
0.868102
0.883175
0.860229
0.840722
0.856890
0.771464
0.869542
0.894203
0.867001
0.876321
0.850686
0.842390
0.877596
0.785636
0.840216
0.842592
0.875033
0.873552
0.848483
0.865747
0.829506
