0.172679
0.227112
0.227274
0.206769
0.322555
0.323336
0.231235
0.207088
0.328104
0.483106
0.686082
0.673527
0.487225
0.491044
0.480705
0.628948
0.324909
0.336566
0.198879
0.916443
0.928040
0.939784
0.925856
0.923664
0.920234
0.861595
0.864506
0.814467
0.823735
0.865273
0.806665
0.825205
0.840392
0.802500
0.877373
0.825114
0.810016
0.760892
0.745055
0.762628
0.744882
0.766073
0.750352
0.757971
0.783035
0.772860
0.857150
0.871852
0.877100
0.864194
0.700502
0.651547
0.784813
0.808007
0.650983
0.624953
0.779854
0.872459
0.866936
0.869578
0.885415
0.865080
0.883405
0.860115
0.866944
0.861135
0.868576
0.733542
0.760929
0.734663
0.746925
0.772111
0.758515
0.766102
0.753412
0.774777
0.790852
0.843202
0.844748
0.795272
0.838045
0.798700
0.836194
0.803147
0.800533
0.833299
0.774530
0.767528
0.753319
0.744104
0.764876
0.762753
0.637064
0.427402
0.674059
0.468428
0.254331
0.324543
0.672421
0.720278
0.513958
0.471297
0.352291
0.322220
0.176546
0.213723
0.237457
0.260965
0.218133
0.240168
0.267711
0.277043
0.277415
0.901842
0.900855
0.913554
0.911025
0.906014
0.909874
0.905202
0.736817
0.790012
0.749056
0.790279
0.859264
0.823798
0.853834
0.827547
0.861399
0.832227
0.831717
0.854773
0.794817
0.792826
0.748755
0.754801
0.697179
0.837048
0.838064
0.685897
0.900090
0.665120
0.917777
0.936370
0.904907
0.678400
0.818027
0.931801
0.935198
0.934960
0.939092
0.924644
0.911078
0.944638
0.906727
0.839370
0.824809
0.882758
0.824082
0.779996
0.774432
0.779018
0.872105
0.880199
0.889982
0.818031
0.801676
0.783313
0.727199
0.762530
0.769735
0.767701
0.779527
0.642173
0.682268
0.482701
0.439951
0.680793
0.490984
0.321926
0.292478
0.322628
0.671764
0.712145
0.539752
0.487855
0.351309
0.323782
0.179205
0.208626
0.228330
0.242096
0.210991
0.229680
0.212847
0.342190
0.216246
0.230572
0.887256
0.897523
0.896870
0.892606
0.881895
0.896344
0.752694
0.737665
0.785767
0.753530
0.740336
0.785527
0.877653
0.849676
0.901608
0.850815
0.963657
0.828987
0.841783
0.959524
0.779143
0.784977
0.744229
0.752233
0.746374
0.750367
0.710340
0.802096
0.798535
0.699632
0.848256
0.813113
0.679293
0.844674
0.865605
0.863573
0.869944
0.869438
0.848066
0.824216
0.646629
0.682116
0.808054
0.875921
0.880070
0.881024
0.871084
0.872214
0.862706
0.857422
0.866030
0.808231
0.808319
0.873935
0.759799
0.773784
0.812036
0.868234
0.766120
0.745447
0.793999
0.763645
0.732412
0.752333
0.740748
0.738257
0.751693
0.737484
0.752200
0.781218
0.758924
0.804643
0.862449
0.859590
0.795494
0.183390
0.231976
0.233762
0.220707
0.333388
0.335088
0.238157
0.213268
0.328729
0.490195
0.676822
0.669826
0.498739
0.670862
0.496236
0.706202
0.493919
0.493890
0.700130
0.330209
0.330653
0.240756
0.265547
0.216579
0.240763
0.905058
0.905597
0.909754
0.904843
0.906939
0.908404
0.907045
0.922875
0.815196
0.857635
0.796695
0.822717
0.789824
0.745121
0.746629
0.746475
0.743625
0.787457
0.792214
0.818013
0.841481
0.843210
0.822719
0.959555
0.953957
0.960114
0.914199
0.949421
0.922115
0.913083
0.776545
0.712521
0.862630
0.890697
0.701724
0.861297
0.703789
0.655151
0.818921
0.859560
0.923185
0.914675
0.913509
0.927696
0.917052
0.934056
0.944673
0.927185
0.925937
0.748568
0.747218
0.812766
0.800744
0.766348
0.802682
0.825347
0.868832
0.846998
0.825543
0.846227
0.844758
0.871139
0.806148
0.835105
0.853341
0.853016
0.794928
0.764914
0.747504
0.124828
0.254920
0.064849
0.204067
0.279944
0.214669
0.195835
0.310179
0.341327
0.483334
0.612413
0.424268
0.649738
0.478619
0.481017
0.673872
0.320446
0.212303
0.229251
0.490406
0.331568
0.336017
0.505257
0.189853
0.206045
0.368789
0.536540
0.237652
0.128111
0.095549
0.112453
0.134134
0.124109
0.153962
0.173783
0.162577
0.149997
0.349803
0.246888
0.443832
0.616297
0.584404
0.404266
0.688355
0.713110
0.700974
0.693001
0.751729
0.689362
0.689952
0.680595
0.684595
0.735788
0.739578
0.831068
0.840419
0.790056
0.796849
0.848326
0.818736
0.857109
0.847617
0.783707
0.686827
0.681797
0.708840
0.717267
0.682085
0.710240
0.750998
0.765735
0.751619
0.687918
0.676861
0.698565
0.713726
0.729468
0.745496
0.817923
0.837808
0.789975
0.774522
0.838744
0.790274
0.833627
0.846180
0.805182
0.790673
0.548864
0.565472
0.584840
0.567573
0.586815
0.621819
0.600194
0.618595
0.658644
0.632239
0.644723
0.670589
0.630064
0.693562
0.670706
0.868094
0.783416
0.726545
0.731764
0.736524
0.688838
0.684657
0.631858
0.665028
0.666177
0.595977
0.777192
0.789458
0.592356
0.817428
0.847905
0.711870
0.537347
0.540163
0.644347
0.644652
0.755514
0.765977
0.733628
0.801751
0.798644
0.826995
0.865850
0.824696
0.472873
0.609322
0.623308
0.498696
0.647220
0.686536
0.670956
0.541868
0.758090
0.685569
0.681223
0.771754
0.745221
0.818553
0.743381
0.771171
0.612169
0.591116
0.726412
0.787890
0.744231
0.826677
0.848675
0.730357
0.809156
0.860765
0.839432
0.624006
0.456352
0.603259
0.840343
0.664250
0.870229
0.822120
0.681969
0.851823
0.869094
0.665683
0.671340
0.699737
0.689448
0.660452
0.703634
0.741801
0.746392
0.743242
0.673796
0.678628
0.690569
0.689156
0.725547
0.731380
0.813659
0.820024
0.781557
0.766501
0.809616
0.805133
0.818382
0.864075
0.797403
0.794666
0.732266
0.692248
0.753778
0.746181
0.670078
0.731596
0.848954
0.854463
0.785950
0.858753
0.794314
0.854276
0.793685
0.799052
0.859747
0.727699
0.724002
0.691237
0.678195
0.658968
0.715007
0.534004
0.534630
0.567995
0.645752
0.640362
0.682023
0.627830
0.626495
0.767117
0.729620
0.835499
0.805137
0.850683
0.793233
0.850039
0.766599
0.767780
0.768980
0.737175
0.753881
0.556659
0.596044
0.566904
0.542480
0.624174
0.601214
0.588449
0.569274
0.650172
0.610544
0.609503
0.649502
0.805515
0.727871
0.727919
0.751181
0.687658
0.672664
0.671490
0.662904
0.614325
0.656195
0.101814
0.117336
0.125609
0.110817
0.194202
0.219258
0.145898
0.127678
0.238665
0.318353
0.468217
0.490823
0.337077
0.526638
0.370551
0.613989
0.443896
0.398887
0.565568
0.303216
0.270705
0.206941
0.137267
0.176683
0.522415
0.326263
0.432521
0.644267
0.247589
0.286692
0.475213
0.690781
0.320986
0.046466
0.061616
0.195691
0.224459
0.238553
0.215654
0.330941
0.698172
0.490825
0.696993
0.693617
0.713322
0.711300
0.691037
0.706760
0.758683
0.758349
0.751431
0.660887
0.746787
0.700301
0.755397
0.839349
0.830351
0.772909
0.834616
0.815599
0.852265
0.855681
0.821192
0.817977
0.690152
0.693393
0.704005
0.705714
0.729591
0.751335
0.747868
0.714435
0.694509
0.744572
0.869305
0.843837
0.779345
0.830481
0.833539
0.777268
0.745503
0.552491
0.609905
0.674259
0.702818
0.650752
0.621109
0.755238
0.754455
0.827527
0.830893
0.814025
0.819298
0.841773
0.786952
0.788827
0.768198
0.758827
0.650934
0.622308
0.629727
0.657061
0.609162
0.619145
0.661429
0.692826
0.642903
0.575500
0.570711
0.618146
0.598699
0.634764
0.768761
0.804209
0.744382
0.690533
0.526216
0.649371
0.774717
0.648674
0.716432
0.843842
0.827515
0.692981
0.884008
0.726555
0.727328
0.877802
0.868361
0.939322
0.963755
0.916958
0.700551
0.836878
0.697724
0.713604
0.707003
0.705367
0.764453
0.778126
0.610032
0.483223
0.509884
0.644031
0.545636
0.689988
0.581203
0.789107
0.748997
0.577182
0.855910
0.816091
0.884083
0.893323
0.828401
0.719432
0.736914
0.715103
0.787088
0.797988
0.711582
0.700052
0.743802
0.734622
0.776458
0.780375
0.846108
0.857891
0.816787
0.809690
0.870472
0.864359
0.876147
0.813714
0.673092
0.670478
0.689834
0.719218
0.661825
0.687552
0.738985
0.736459
0.729909
0.683307
0.690376
0.687709
0.704315
0.724442
0.744104
0.850148
0.843726
0.813370
0.790065
0.850740
0.802076
0.843467
0.851496
0.792894
0.780794
0.546242
0.571335
0.583801
0.609838
0.633846
0.629062
0.591022
0.663799
0.708254
0.622402
0.717475
0.683139
0.813257
0.769976
0.754058
0.746921
0.753116
0.705303
0.669397
0.672751
0.594891
0.735075
0.798918
0.552451
0.789407
0.839239
0.679661
0.539135
0.667698
0.776290
0.787259
0.780401
0.777850
0.807134
0.862134
0.806052
0.133408
0.159247
0.157172
0.133528
0.252131
0.246610
0.179778
0.160422
0.271425
0.371300
0.542303
0.534017
0.374339
0.561624
0.417821
0.622589
0.446566
0.416961
0.573583
0.294871
0.274937
0.215657
0.252553
0.173407
0.186796
0.536508
0.373719
0.378282
0.533526
0.246063
0.246941
0.412324
0.567647
0.264776
0.165457
0.129275
0.128073
0.157694
0.162100
0.201059
0.203542
0.225672
0.195618
0.165169
0.295018
0.286775
0.444057
0.616588
0.588597
0.421129
0.774597
0.772128
0.756375
0.763317
0.752554
0.725090
0.758352
0.767941
0.740229
0.672642
0.539825
0.545919
0.658016
0.543563
0.678923
0.589637
0.761381
0.741841
0.586892
0.830072
0.800548
0.843497
0.854630
0.819542
0.807159
0.557244
0.674364
0.666872
0.536476
0.760228
0.755037
0.688129
0.559598
0.738461
0.777795
0.772799
0.766574
0.837816
0.818117
0.818463
0.813840
0.761606
0.637851
0.604201
0.745600
0.628310
0.782591
0.746528
0.589981
0.841546
0.795224
0.707915
0.558322
0.775063
0.875089
0.811714
0.794739
0.784835
0.804041
0.551120
0.689266
0.671212
0.458259
0.429063
0.622024
0.297767
0.275995
0.416585
0.573707
0.274038
0.215033
0.182713
0.163962
0.190760
0.155301
0.179831
0.165343
0.179663
0.250799
0.547432
0.377369
0.186064
0.224455
0.204349
0.160589
0.293573
0.272783
0.181068
0.155831
0.261119
0.443232
0.669393
0.638608
0.427651
0.584382
0.409580
0.383454
0.547018
0.245325
0.152804
0.167099
0.891201
0.894831
0.833107
0.826615
0.863376
0.838662
0.797826
0.792107
0.783188
0.796954
0.634363
0.597227
0.728365
0.569896
0.711360
0.684389
0.549065
0.760570
0.753778
0.756222
0.155815
0.209775
0.235940
0.252765
0.231102
0.228307
0.318804
0.349451
0.307610
0.046053
0.156240
0.198119
0.173898
0.272683
0.487165
0.629938
0.439164
0.316031
0.671276
0.476346
0.686696
0.742179
0.524004
0.477936
0.773703
0.779896
0.780383
0.768273
0.829168
0.825374
0.811616
0.879283
0.814762
0.861491
0.801053
0.722760
0.623284
0.760591
0.816941
0.576076
0.731842
0.544884
0.528750
0.642928
0.675784
0.819617
0.817404
0.840258
0.800057
0.792474
0.812138
0.829008
0.771232
0.765928
0.547915
0.661040
0.595148
0.702491
0.628830
0.663758
0.776756
0.744962
0.176126
0.240787
0.239617
0.205722
0.325015
0.324214
0.226802
0.311045
0.485566
0.665442
0.673504
0.484300
0.680675
0.475119
0.529186
0.329238
0.424085
0.614895
0.242176
0.276324
0.088663
0.146729
0.063205
0.877048
0.847360
0.854207
0.834384
0.796551
0.745681
0.696008
0.788169
0.685865
0.779960
0.543384
0.647775
0.735615
0.635018
0.675888
0.787148
0.689027
0.652881
0.790737
0.801724
0.753821
0.772924
0.757357
0.852705
0.805056
0.839271
0.792485
0.703408
0.605094
0.754934
0.788129
0.534855
0.657302
0.511527
0.524698
0.652820
0.640672
0.831859
0.921102
0.794010
0.871913
0.902846
0.751112
0.532477
0.655404
0.585995
0.725328
0.668551
0.746137
0.865432
0.762554
0.918258
0.906621
0.914991
0.910085
0.918777
0.842401
0.744070
0.751831
0.854732
0.754423
0.867638
0.521806
0.638697
0.788301
0.692172
0.678815
0.836624
0.687076
0.742142
0.827666
0.851087
0.742158
0.694433
0.818998
0.675027
0.805240
0.875617
0.858016
0.633436
0.764376
0.824429
0.859931
0.837178
0.881017
0.887223
0.898067
0.905778
0.901606
0.880026
0.902035
0.877528
0.889775
0.878544
0.832106
0.815914
0.832987
0.818172
0.691985
0.710754
0.765106
0.693425
0.667426
0.739598
0.783288
0.825618
0.780377
0.721102
0.806833
0.669092
0.621889
0.628469
0.933129
0.890050
0.908177
0.933095
0.885043
0.840038
0.867866
0.839103
0.822695
0.847938
0.834109
0.854873
0.816574
0.811308
0.802242
0.823664
0.754068
0.754478
0.662434
0.683369
0.715731
0.773023
0.771259
0.769821
0.785750
0.756450
0.778739
0.670328
0.710442
0.785883
0.736594
0.833455
0.810097
0.836093
0.824348
0.909137
0.903855
0.913988
0.926254
0.896528
0.807277
0.823079
0.807971
0.695619
0.664327
0.688700
0.772732
0.735294
0.616869
0.628759
0.661759
0.761318
0.722294
0.832627
0.788936
0.877202
0.880616
0.813416
0.919259
0.911566
0.902771
0.897799
0.901289
0.897715
0.802438
0.834663
0.803592
0.810092
0.817294
0.781977
0.863218
0.732271
0.907513
0.862531
0.762854
0.893238
0.923708
0.904330
0.817288
0.808021
0.664298
0.781031
0.897469
0.889580
0.885200
0.870983
0.811016
0.659609
0.695001
0.829424
0.677364
0.796029
0.749606
0.637989
0.814813
0.800893
0.821864
0.770157
0.770881
0.797999
0.736161
0.731935
0.770621
0.844675
0.815306
0.833758
0.792992
0.748917
0.788636
0.706573
0.662857
0.675192
0.811396
0.870371
0.826932
0.803792
0.858453
0.803812
0.778839
0.748638
0.681242
0.743534
0.807101
0.750757
0.905943
0.900749
0.898895
0.886664
0.892046
0.808298
0.830219
0.823042
0.661539
0.756632
0.691852
0.826255
0.709503
0.665671
0.824315
0.843721
0.148082
0.293899
0.225603
0.313465
0.237997
0.349332
0.364029
0.448121
0.483090
0.450813
0.491273
0.324386
0.354185
0.247076
0.255957
0.493888
0.490821
0.354544
0.350233
0.544487
0.496793
0.383468
0.346283
0.270814
0.275798
0.264398
0.262290
0.139059
0.118679
0.158602
0.214714
0.199116
0.234801
0.166907
0.316006
0.257535
0.494203
0.446966
0.421769
0.326826
0.341207
0.230941
0.232077
0.332665
0.334720
0.238911
0.338139
0.531683
0.548064
0.546915
0.495127
0.401906
0.366374
0.183523
0.219453
0.198814
0.305020
0.280476
0.181931
0.253468
0.448169
0.417917
0.396460
0.372467
0.379634
0.234400
0.243235
0.154035
0.155707
0.165527
0.233743
0.172864
0.249871
0.365174
0.396393
0.471885
0.434579
0.309002
0.273295
0.217577
0.190118
0.507447
0.502791
0.281179
0.321686
0.544612
0.502927
0.350141
0.319199
0.240342
0.251382
0.240202
0.225998
0.116087
0.143108
0.200232
0.210242
0.154824
0.230251
0.320393
0.341051
0.366511
0.427371
0.394592
0.294425
0.257395
0.225226
0.184729
0.240377
0.241600
0.324039
0.320984
0.244248
0.323736
0.471061
0.469087
0.471612
0.428688
0.470774
0.294474
0.322968
0.227902
0.242912
0.276882
0.132417
0.220876
0.285515
0.211198
0.314814
0.241629
0.322424
0.469430
0.459687
0.342763
0.431740
0.237924
0.255019
0.323967
0.355621
0.316218
0.105139
0.155813
0.194347
0.336329
0.431205
0.340063
0.474197
0.520203
0.474633
0.157936
0.152824
0.174216
0.239916
0.236908
0.247314
0.193061
0.193953
0.281206
0.271970
0.422469
0.426748
0.389245
0.378224
0.376497
0.203353
0.217613
0.174774
0.277269
0.301470
0.258569
0.159868
0.245687
0.381759
0.394450
0.444354
0.415984
0.254641
0.237754
0.371268
0.340918
0.338801
0.567204
0.520025
0.514691
0.371774
0.446413
0.209246
0.355417
0.152199
0.127786
0.871177
0.877569
0.877519
0.880535
0.875344
0.875988
0.885994
0.885304
0.895385
0.884086
0.907605
0.911187
0.892229
0.880540
0.888757
0.822225
0.743826
0.857547
0.806751
0.727454
0.870823
0.852183
0.867194
0.849771
0.703539
0.802729
0.883324
0.858194
0.852231
0.691470
0.812729
0.682627
0.801026
0.790093
0.667074
0.839565
0.859321
0.860156
0.849106
0.872277
0.856515
0.656985
0.789340
0.685202
0.795957
0.797193
0.695467
0.854698
0.879878
0.239226
0.208963
0.327473
0.238423
0.207545
0.324991
0.475682
0.476667
0.478850
0.321452
0.207887
0.223747
0.233515
0.313612
0.241894
0.321719
0.651136
0.469426
0.672312
0.489836
0.484064
0.673388
0.324525
0.240415
0.910785
0.874534
0.916043
0.886386
0.817512
0.820520
0.823417
0.871276
0.882731
0.910882
0.916631
0.887028
0.874683
0.883914
0.868349
0.725406
0.822350
0.704452
0.828555
0.702761
0.825476
0.734899
0.863414
0.769481
0.859315
0.916133
0.722893
0.835037
0.887674
0.887079
0.887017
0.914635
0.886247
0.889938
0.897660
0.886119
0.881821
0.898683
0.922772
0.909374
0.909064
0.769990
0.707531
0.710021
0.757855
0.790654
0.860901
0.807542
0.798343
0.874169
0.739603
0.684137
0.711014
0.919604
0.917771
0.922719
0.936525
0.937469
0.877243
0.897486
0.892068
0.886098
0.867857
0.890599
0.871538
0.662439
0.808287
0.668919
0.807570
0.830054
0.668838
0.901136
0.473709
0.319205
0.490527
0.324754
0.204290
0.230790
0.212421
0.234972
0.294327
0.178298
0.324059
0.479930
0.226710
0.319417
0.237049
0.322148
0.670443
0.494376
0.655429
0.509384
0.455293
0.651196
0.347075
0.238855
0.780060
0.853874
0.798380
0.853447
0.851233
0.870420
0.881004
0.850206
0.774093
0.878178
0.871024
0.873079
0.873066
0.875578
0.874039
0.873567
0.863894
0.865068
0.858635
0.882366
0.866886
0.716853
0.690368
0.733064
0.745290
0.730654
0.660022
0.689761
0.714435
0.845112
0.773507
0.854026
0.788145
0.844982
0.813721
0.690722
0.691003
0.712961
0.723818
0.724166
0.780851
0.734602
0.701934
0.791875
0.849374
0.802333
0.847487
0.817946
0.825257
0.773252
0.916334
0.919997
0.958990
0.935612
0.964757
0.968498
0.941451
0.928459
0.921885
0.902292
0.898820
0.880945
0.902776
0.909144
0.895838
0.835253
0.676959
0.905325
0.852944
0.669573
0.900035
0.918352
0.915351
0.874588
0.863072
0.652130
0.820850
0.295465
0.186222
0.338081
0.238301
0.212473
0.326421
0.536983
0.523579
0.477759
0.314762
0.198917
0.223686
0.465549
0.689988
0.319879
0.466040
0.684363
0.317229
0.240075
0.235866
0.230451
0.308975
0.674025
0.468417
0.902877
0.896027
0.896467
0.891982
0.838022
0.831086
0.831481
0.878310
0.887564
0.894647
0.888364
0.903309
0.889436
0.893689
0.894789
0.896759
0.878890
0.880361
0.723599
0.711291
0.692116
0.703398
0.724390
0.731668
0.682315
0.690923
0.719933
0.830792
0.767733
0.857565
0.781848
0.860564
0.806703
0.915089
0.913173
0.914121
0.894185
0.910379
0.886660
0.900627
0.884170
0.826448
0.698976
0.889372
0.817146
0.704261
0.873820
0.886865
0.888959
0.871186
0.866315
0.689963
0.801591
0.885153
0.875367
0.706570
0.840214
0.712583
0.843824
0.850492
0.716018
0.876279
0.905771
0.885190
0.883384
0.900592
0.881696
0.681228
0.821808
0.691186
0.836312
0.686937
0.825651
0.241885
0.213563
0.318727
0.235342
0.210948
0.317069
0.479009
0.484313
0.467152
0.310465
0.201186
0.228579
0.238409
0.234577
0.341608
0.334247
0.226696
0.318578
0.647271
0.476184
0.681137
0.509620
0.684367
0.521759
0.916250
0.911074
0.917433
0.907642
0.850905
0.845691
0.809599
0.883181
0.895357
0.911021
0.912134
0.896850
0.905062
0.876544
0.750542
0.886532
0.805921
0.865142
0.750024
0.887487
0.725485
0.871373
0.725700
0.851130
0.947967
0.685904
0.818881
0.873714
0.884641
0.914967
0.952078
0.937396
0.924368
0.931285
0.922375
0.923038
0.919702
0.891022
0.886224
0.875381
0.879420
0.872962
0.915078
0.915674
0.918836
0.747714
0.765660
0.831195
0.756401
0.765861
0.813010
0.860161
0.862068
0.839454
0.874647
0.842385
0.838419
0.869668
0.807357
0.796504
0.753977
0.800009
0.866664
0.778881
0.800602
0.779520
0.754294
0.758067
0.753665
0.776799
0.855533
0.799442
0.895964
0.895611
0.899152
0.888965
0.879905
0.889175
0.881082
0.878486
0.880984
0.886812
0.883378
0.673587
0.697602
0.688506
0.674263
0.754630
0.733530
0.690993
0.679807
0.737855
0.731917
0.764966
0.782183
0.828835
0.738252
0.679196
0.698192
0.904660
0.878161
0.872454
0.877333
0.895449
0.907164
0.905625
0.874062
0.886336
0.875547
0.832112
0.834315
0.858436
0.855733
0.861944
0.740337
0.761357
0.754179
0.778991
0.765577
0.751540
0.768668
0.803479
0.792421
0.794650
0.769352
0.754737
0.756245
0.877891
0.878456
0.808974
0.867187
0.797935
0.778046
0.775532
0.771383
0.787940
0.882933
0.871550
0.928957
0.928695
0.900259
0.898589
0.936759
0.929822
0.927253
0.920582
0.921210
0.939136
0.924885
0.930697
0.688320
0.666979
0.717053
0.664028
0.722297
0.756611
0.758909
0.665374
0.715706
0.744941
0.844702
0.802863
0.844329
0.800994
0.842630
0.852126
0.807710
0.794659
0.917626
0.924338
0.918279
0.922480
0.923571
0.923114
0.918828
0.916398
0.874010
0.882222
0.779255
0.742247
0.789065
0.770157
0.745229
0.780564
0.812375
0.864435
0.813236
0.812493
0.859571
0.779402
0.744846
0.777379
0.954136
0.938851
0.948845
0.887678
0.885913
0.923905
0.928114
0.924178
0.933273
0.970340
0.721511
0.733479
0.706988
0.705600
0.720771
0.885923
0.791060
0.785725
0.795393
0.867466
0.734351
0.698501
0.702046
0.919159
0.935998
0.921596
0.923483
0.922228
0.921051
0.919813
0.859185
0.890563
0.868380
0.823612
0.803390
0.791580
0.822658
0.781821
0.760865
0.769699
0.777405
0.765290
0.792816
0.785253
0.753883
0.768130
0.770035
0.762259
0.811518
0.845369
0.809985
0.809068
0.838281
0.760174
0.768589
0.882790
0.878743
0.863445
0.871925
0.875615
0.881199
0.870909
0.872778
0.656675
0.722134
0.667580
0.693898
0.772427
0.754038
0.664818
0.694704
0.751378
0.883272
0.799258
0.880893
0.808633
0.855316
0.778288
0.870088
0.874746
0.871706
0.873448
0.872326
0.875276
0.867498
0.869506
0.843021
0.869530
0.847616
0.864333
0.779472
0.795912
0.780261
0.777674
0.799966
0.769410
0.742861
0.756139
0.758613
0.735590
0.740580
0.745170
0.746882
0.786651
0.786359
0.754181
0.747737
0.788851
0.816301
0.882308
0.870561
0.822006
0.870380
0.826201
0.828707
0.859884
0.801726
0.747144
0.756119
0.916779
0.907903
0.917660
0.894577
0.896157
0.887906
0.902017
0.901499
0.903538
0.903531
0.905709
0.900099
0.905327
0.685298
0.699250
0.702270
0.676991
0.763074
0.856920
0.781772
0.867720
0.819487
0.808408
0.856530
0.765096
0.758693
0.688292
0.672922
0.676789
0.700795
0.905458
0.898922
0.914483
0.894500
0.898931
0.884739
0.881336
0.893608
0.891191
0.842600
0.882098
0.826881
0.884740
0.834448
0.792302
0.795253
0.819693
0.825992
0.796295
0.789086
0.757871
0.760454
0.791970
0.785159
0.766075
0.794778
0.795487
0.765093
0.770766
0.826913
0.822841
0.778654
0.831336
0.842271
0.857950
0.860140
0.836525
0.823031
0.858305
0.902244
0.897744
0.901541
0.912835
0.892886
0.897939
0.888475
0.904087
0.926586
0.671684
0.726607
0.684053
0.706767
0.755245
0.756105
0.687533
0.670185
0.701185
0.705969
0.741307
0.748726
0.834752
0.842023
0.806235
0.798903
0.840626
0.806450
0.745338
0.893890
0.888113
0.890373
0.892527
0.894562
0.888048
0.889173
0.887829
0.889750
0.884763
0.851683
0.841104
0.866902
0.844613
0.873122
0.832857
0.874846
0.826932
0.826934
0.795750
0.797681
0.831361
0.821643
0.812523
0.820595
0.749905
0.752501
0.750136
0.750145
0.748902
0.739375
0.774428
0.749756
0.739477
0.775079
0.904476
0.806630
0.879145
0.809725
0.810355
0.871260
0.778909
0.730036
0.733871
0.898154
0.913014
0.902851
0.896564
0.913903
0.899458
0.885652
0.904251
0.897364
0.879163
0.887181
0.900118
0.891749
0.720270
0.683077
0.756452
0.710920
0.689878
0.741139
0.860029
0.820765
0.841320
0.803603
0.790294
0.820959
0.732432
0.686680
0.697540
0.915648
0.914883
0.901728
0.911452
0.913138
0.898694
0.905502
0.905747
0.914460
0.906937
0.842817
0.897823
0.849264
0.892306
0.835664
0.879318
0.814251
0.828765
0.791859
0.812516
0.855048
0.818835
0.735081
0.755167
0.757796
0.756961
0.767132
0.775519
0.753692
0.797846
0.774846
0.811910
0.854380
0.860831
0.860255
0.831778
0.830044
0.863637
0.814169
0.768569
0.916966
0.909186
0.905945
0.923830
0.891278
0.890981
0.898678
0.898188
0.916754
0.906166
0.899784
0.894281
0.915597
0.900650
0.909561
0.675915
0.695919
0.692479
0.712304
0.740481
0.766504
0.686421
0.701473
0.753743
0.821718
0.806991
0.847496
0.818560
0.838455
0.804670
0.889042
0.886901
0.881730
0.886157
0.883903
0.885947
0.892532
0.888385
0.881214
0.888541
0.896742
0.897078
0.850777
0.892550
0.851208
0.883144
0.847641
0.880622
0.810899
0.800464
0.831496
0.828898
0.750287
0.763537
0.762803
0.804390
0.833487
0.878553
0.875641
0.881886
0.886281
0.885387
0.888399
0.886234
0.879554
0.881032
0.880755
0.874966
0.887547
0.887531
0.897768
0.903230
0.904325
0.897690
0.897654
0.896579
0.880529
0.884954
0.891225
0.800377
0.658788
0.871282
0.806243
0.659773
0.867986
0.887024
0.882509
0.867928
0.869748
0.797619
0.655669
0.660346
0.815063
0.257268
0.185408
0.208560
0.325080
0.383515
0.241357
0.207573
0.322994
0.468240
0.468259
0.466842
0.463105
0.462697
0.321099
0.324997
0.248037
0.207610
0.210728
0.243365
0.472049
0.481252
0.644995
0.339439
0.338902
0.477982
0.667194
0.339320
0.230104
0.230160
0.230793
0.229850
0.228832
0.333672
0.337956
0.477712
0.663983
0.667290
0.475844
0.893942
0.922380
0.812012
0.835880
0.822811
0.904261
0.906992
0.904594
0.911652
0.921245
0.909879
0.908873
0.916064
0.912047
0.903563
0.895931
0.882095
0.897944
0.890410
0.884827
0.890771
0.885548
0.887152
0.892876
0.884484
0.883887
0.886570
0.884243
0.884708
0.886539
0.709119
0.683387
0.754768
0.714750
0.680687
0.761896
0.839141
0.791416
0.844698
0.798813
0.836886
0.793295
0.803384
0.844473
0.760863
0.766895
0.708414
0.687893
0.679065
0.718546
0.893726
0.897630
0.895559
0.907649
0.900528
0.898485
0.907049
0.897088
0.906345
0.897869
0.890055
0.899063
0.888804
0.880666
0.896325
0.897624
0.909696
0.892696
0.894768
0.888177
0.901256
0.890267
0.897132
0.901388
0.895069
0.898932
0.891659
0.895411
0.894780
0.871429
0.884004
0.680871
0.693541
0.828787
0.821537
0.696343
0.828354
0.690973
0.681555
0.830062
0.242873
0.300154
0.162538
0.320179
0.320454
0.243631
0.220112
0.322470
0.500774
0.498773
0.496909
0.491369
0.489018
0.320316
0.319073
0.236981
0.213140
0.218994
0.241194
0.550563
0.496178
0.653848
0.285083
0.494959
0.679094
0.339198
0.289463
0.270469
0.234984
0.232119
0.234207
0.329671
0.336768
0.490779
0.675331
0.680077
0.494739
0.877661
0.883911
0.832194
0.811236
0.805979
0.796157
0.804535
0.854935
0.862912
0.873301
0.893791
0.898804
0.881540
0.889896
0.884678
0.883437
0.882584
0.890733
0.886922
0.875490
0.889581
0.880833
0.891636
0.888619
0.889241
0.879358
0.876810
0.879360
0.881373
0.877098
0.887210
0.888101
0.888880
0.670188
0.689600
0.673341
0.690190
0.732599
0.739198
0.677697
0.668198
0.683610
0.695131
0.716780
0.744952
0.814956
0.829311
0.783313
0.761204
0.828836
0.787584
0.728834
0.885500
0.891271
0.876661
0.878825
0.877096
0.874082
0.878067
0.869113
0.881808
0.869664
0.887812
0.881404
0.873179
0.880192
0.881538
0.879355
0.904163
0.892700
0.867312
0.862826
0.870726
0.789343
0.653194
0.865535
0.796215
0.674398
0.868513
0.882458
0.865518
0.865602
0.858992
0.687943
0.792710
0.238986
0.205090
0.315765
0.240886
0.209693
0.319003
0.464586
0.461701
0.463309
0.322240
0.210446
0.234195
0.476546
0.658541
0.327872
0.498839
0.658195
0.332465
0.227789
0.228096
0.228732
0.325692
0.664765
0.529486
0.903443
0.905136
0.904940
0.903478
0.830177
0.821835
0.825325
0.923879
0.912334
0.911471
0.938932
0.915678
0.905553
0.919975
0.905112
0.923183
0.891196
0.895262
0.892093
0.884801
0.890925
0.887645
0.884637
0.884739
0.877953
0.877596
0.907463
0.894525
0.879711
0.884887
0.693602
0.671982
0.743373
0.694986
0.673996
0.752662
0.816636
0.786475
0.809962
0.796455
0.805053
0.829927
0.758281
0.688348
0.697213
0.906975
0.913965
0.938221
0.919558
0.923308
0.908019
0.901885
0.916580
0.891585
0.932220
0.915861
0.929556
0.925646
0.926013
0.902812
0.903233
0.898591
0.909655
0.898822
0.934570
0.924741
0.899431
0.922467
0.906207
0.924533
0.918286
0.697012
0.841450
0.685191
0.814945
0.667794
0.811598
0.228943
0.207434
0.319459
0.227144
0.207492
0.319458
0.477858
0.496138
0.494174
0.327934
0.212630
0.237076
0.481882
0.660617
0.332351
0.496087
0.656650
0.328970
0.232589
0.231395
0.238366
0.321172
0.656502
0.489920
0.883459
0.858752
0.867638
0.849095
0.788254
0.784969
0.804979
0.854447
0.872848
0.866735
0.872721
0.861852
0.875459
0.875770
0.882022
0.874003
0.868197
0.868140
0.872534
0.875250
0.881348
0.869458
0.865443
0.878502
0.875571
0.864480
0.864759
0.884367
0.884926
0.885913
0.884319
0.882018
0.687823
0.681575
0.724800
0.673924
0.657861
0.743347
0.839602
0.778965
0.812611
0.778064
0.791635
0.811070
0.738604
0.666815
0.684942
0.845474
0.875833
0.880166
0.875296
0.854402
0.855243
0.879241
0.850768
0.847732
0.876107
0.864887
0.897496
0.896763
0.867598
0.892397
0.753996
0.754891
0.776773
0.751891
0.749999
0.774088
0.799664
0.804002
0.795652
0.670861
0.716534
0.663663
0.665861
0.746663
0.788926
0.848320
0.804141
0.868111
0.842262
0.839659
0.871329
0.798537
0.765271
0.856958
0.882604
0.885600
0.894976
0.919909
0.883621
0.884443
0.921499
0.884890
0.892968
0.910638
0.926694
0.875902
0.874079
0.897068
0.886419
0.869905
0.901653
0.909363
0.871346
0.880930
0.894408
0.881656
0.913740
0.922480
0.902893
0.890725
0.944129
0.936453
0.920307
0.906297
0.852067
0.930527
0.928443
0.908688
0.929127
0.654391
0.800584
0.665958
0.826143
0.733007
0.836729
0.675673
0.915405
0.202176
0.256789
0.256601
0.203733
0.341362
0.340777
0.259044
0.198885
0.336646
0.522330
0.508574
0.485314
0.325463
0.176333
0.174824
0.286593
0.317407
0.235040
0.330193
0.652064
0.465221
0.665199
0.483982
0.495810
0.487130
0.669689
0.331208
0.332547
0.240260
0.239991
0.909022
0.894803
0.900135
0.892189
0.824859
0.830740
0.825214
0.806047
0.872894
0.837455
0.800832
0.849350
0.902574
0.877151
0.871056
0.905719
0.898028
0.912454
0.871752
0.894917
0.896761
0.868382
0.938466
0.928139
0.897068
0.893164
0.900251
0.889506
0.928219
0.885041
0.869017
0.905106
0.901699
0.900370
0.895165
0.897298
0.911201
0.881634
0.832471
0.880899
0.854774
0.880022
0.881298
0.856484
0.905004
0.908065
0.799903
0.703567
0.824454
0.780786
0.651264
0.646425
0.742795
0.720979
0.785764
0.839116
0.770488
0.723165
0.799209
0.878434
0.848518
0.870577
0.847012
0.852824
0.858761
0.784727
0.767104
0.912661
0.920886
0.919103
0.912738
0.865576
0.802594
0.859138
0.854664
0.863561
0.891518
0.887323
0.875495
0.891266
0.860687
0.844887
0.858528
0.851316
0.889975
0.886860
0.863361
0.865834
0.861501
0.873759
0.869560
0.883829
0.901269
0.895082
0.881457
0.867908
0.866115
0.896774
0.868699
0.922247
0.914446
0.902603
0.854370
0.885457
0.890684
0.922745
0.892700
0.658455
0.803878
0.674957
0.829265
0.839468
0.680446
0.902403
0.919351
0.460256
0.327706
0.470013
0.333126
0.152147
0.175304
0.228120
0.229778
0.208598
0.339671
0.471757
0.235762
0.318056
0.296031
0.322474
0.639219
0.453173
0.656762
0.465446
0.476086
0.623505
0.325060
0.240523
0.776290
0.865471
0.794086
0.867269
0.792336
0.797461
0.878118
0.881395
0.868199
0.799360
0.860241
0.869349
0.876401
0.903086
0.894507
0.885362
0.873124
0.854295
0.853090
0.853368
0.884416
0.884659
0.886317
0.899271
0.863633
0.855320
0.799922
0.815359
0.773068
0.815841
0.864860
0.876154
0.852374
0.852201
0.878643
0.879283
0.884526
0.890480
0.882310
0.846939
0.858974
0.859113
0.839753
0.821812
0.879404
0.858790
0.827292
0.846105
0.889514
0.873018
0.911874
0.925776
0.887564
0.895450
0.682493
0.742541
0.722066
0.680927
0.769333
0.747250
0.711631
0.666534
0.758267
0.798192
0.784942
0.788286
0.814460
0.757065
0.689223
0.725034
0.896218
0.897236
0.908641
0.903084
0.912854
0.906065
0.888913
0.901264
0.900234
0.880314
0.904639
0.910215
0.889927
0.918313
0.897699
0.918097
0.901976
0.909744
0.902599
0.898571
0.902503
0.908071
0.909181
0.966425
0.916338
0.911973
0.907821
0.694377
0.851611
0.845736
0.689176
0.940808
0.905980
0.820101
0.693905
0.894309
0.965516
0.968876
0.909963
0.899637
0.895006
0.692775
0.825319
0.205461
0.236041
0.232435
0.203203
0.331809
0.332027
0.233531
0.201746
0.328567
0.503323
0.491606
0.522352
0.521353
0.330321
0.208040
0.232972
0.653674
0.475396
0.474248
0.657212
0.321408
0.316836
0.487161
0.681082
0.321186
0.239232
0.234792
0.236838
0.246791
0.324532
0.674984
0.479189
0.871143
0.877276
0.897276
0.874527
0.800507
0.810537
0.809093
0.826968
0.880607
0.883028
0.896265
0.889458
0.887580
0.886753
0.905412
0.890374
0.927790
0.892357
0.908864
0.895019
0.900532
0.898331
0.912465
0.903441
0.891932
0.903084
0.883361
0.882706
0.883540
0.893251
0.895389
0.898139
0.883081
0.897809
0.901161
0.900181
0.893679
0.688848
0.684193
0.719938
0.708752
0.670881
0.714185
0.741577
0.746998
0.740248
0.682795
0.709995
0.734378
0.820815
0.780898
0.817206
0.785281
0.815447
0.842992
0.798988
0.795017
0.861507
0.860947
0.839903
0.856444
0.880482
0.908895
0.889905
0.899918
0.892387
0.883116
0.870500
0.882225
0.902621
0.907073
0.898604
0.890517
0.897744
0.874120
0.877107
0.915853
0.882630
0.871477
0.880060
0.888742
0.893480
0.888983
0.895773
0.909362
0.899297
0.881847
0.897122
0.911400
0.897049
0.908873
0.897291
0.904470
0.902919
0.891189
0.893007
0.874617
0.874394
0.904035
0.870171
0.671634
0.818131
0.662289
0.811705
0.663010
0.665029
0.822336
0.819054
0.203226
0.230866
0.233523
0.201672
0.321769
0.323382
0.228695
0.200364
0.326124
0.471274
0.463269
0.470823
0.475489
0.334555
0.204607
0.230438
0.672850
0.502659
0.485681
0.681472
0.339801
0.328618
0.485704
0.679927
0.337123
0.256637
0.238874
0.236455
0.247434
0.337393
0.703835
0.490739
0.939050
0.923654
0.912076
0.911943
0.914008
0.902914
0.839047
0.851944
0.837173
0.844789
0.897166
0.936593
0.947353
0.917459
0.910474
0.914274
0.907854
0.932173
0.904476
0.919791
0.909034
0.915001
0.900062
0.906078
0.910042
0.894702
0.903140
0.923394
0.910333
0.904590
0.904950
0.921179
0.911013
0.926672
0.922749
0.923846
0.885963
0.903821
0.842283
0.834975
0.875208
0.832010
0.875089
0.900295
0.705948
0.666086
0.761668
0.717465
0.674286
0.747692
0.812577
0.797117
0.806565
0.753386
0.680935
0.720190
0.884943
0.881745
0.877850
0.882695
0.892939
0.883343
0.901801
0.899740
0.900167
0.898514
0.906147
0.896401
0.897237
0.896664
0.921801
0.902153
0.920546
0.839036
0.688560
0.834151
0.694881
0.950310
0.939555
0.941457
0.953074
0.692948
0.842356
0.175846
0.252470
0.237350
0.205946
0.381391
0.350154
0.236928
0.204588
0.349552
0.552852
0.488473
0.485870
0.485765
0.336505
0.205475
0.238028
0.490873
0.498978
0.602069
0.321497
0.320614
0.488464
0.648744
0.324904
0.246046
0.246729
0.244319
0.243884
0.322327
0.656990
0.484919
0.913600
0.884361
0.914394
0.790981
0.810392
0.804289
0.879317
0.910141
0.895629
0.923087
0.934667
0.933801
0.915676
0.907583
0.936815
0.900859
0.889321
0.904119
0.949809
0.945603
0.893248
0.895881
0.889056
0.888934
0.895837
0.686021
0.700175
0.685075
0.699757
0.732104
0.752667
0.697066
0.714988
0.759361
0.860155
0.821303
0.832557
0.803907
0.793036
0.820566
0.883295
0.912863
0.884736
0.920245
0.923571
0.916907
0.913360
0.925711
0.940022
0.902931
0.938229
0.894676
0.914817
0.911119
0.912693
0.906038
0.914491
0.890261
0.902097
0.890226
0.671996
0.823907
0.662065
0.634512
0.815678
0.240369
0.202147
0.331289
0.240236
0.201964
0.331060
0.487837
0.486150
0.482872
0.329370
0.201430
0.234870
0.478918
0.673523
0.363816
0.525023
0.681771
0.338338
0.256773
0.257610
0.255423
0.341841
0.671354
0.509202
0.946557
0.914459
0.947589
0.817806
0.835347
0.839486
0.925417
0.933356
0.926125
0.924632
0.924505
0.917192
0.899526
0.907344
0.910552
0.898096
0.898038
0.906162
0.917157
0.909959
0.910167
0.907998
0.914823
0.910040
0.899289
0.878520
0.901120
0.888663
0.919785
0.913577
0.842545
0.897077
0.842912
0.848265
0.889922
0.846968
0.799154
0.857348
0.883007
0.788418
0.737792
0.818219
0.776775
0.741676
0.806620
0.844812
0.840654
0.756712
0.813872
0.699959
0.615033
0.668525
0.769055
0.768011
0.759598
0.695020
0.721711
0.665683
0.796084
0.836273
0.771007
0.732344
0.838825
0.783434
0.842622
0.793024
0.871333
0.888733
0.857863
0.856806
0.789187
0.846010
0.821984
0.848916
0.816802
0.776243
0.866865
0.905356
0.895766
0.755245
0.779249
0.814600
0.859887
0.845943
0.811281
0.869722
0.863557
0.876049
0.887529
0.804252
0.846374
0.812697
0.846468
0.814737
0.788663
0.868419
0.853309
0.891077
0.883879
0.874733
0.862251
0.885855
0.810845
0.857962
0.796363
0.850154
0.803581
0.768933
0.834420
0.802666
0.828254
0.797462
0.848940
0.803462
0.865196
0.792197
0.880979
0.895726
0.878462
0.888192
0.876245
0.888545
0.788557
0.866410
0.799451
0.845502
0.808934
0.807123
0.856937
0.840316
0.871668
0.874804
0.810091
0.858993
0.792713
0.771967
0.806210
0.808322
0.679542
0.873467
0.799515
0.673382
0.868313
0.888237
0.873276
0.820678
0.876067
0.810548
0.851878
0.745762
0.614200
0.660408
0.778144
0.232310
0.219896
0.338254
0.231553
0.214186
0.333770
0.488669
0.480355
0.431630
0.470794
0.337744
0.318230
0.134207
0.146535
0.500314
0.680824
0.319801
0.496596
0.687628
0.317409
0.242531
0.230500
0.198307
0.276518
0.283408
0.308424
0.482291
0.609329
0.666229
0.483545
0.896377
0.890788
0.889220
0.891013
0.793776
0.826947
0.764384
0.794789
0.831571
0.862631
0.836106
0.842497
0.880944
0.895918
0.842416
0.844041
0.844099
0.874768
0.871514
0.837997
0.880543
0.888740
0.893169
0.824789
0.855605
0.826934
0.856342
0.849474
0.883333
0.826508
0.862783
0.892728
0.878459
0.892218
0.893182
0.833407
0.830945
0.871162
0.852877
0.819850
0.861863
0.892663
0.823790
0.859368
0.827561
0.838948
0.864098
0.841780
0.876489
0.905683
0.898838
0.906603
0.898574
0.812084
0.874387
0.811672
0.867707
0.850164
0.840239
0.909488
0.909077
0.928794
0.938522
0.926659
0.910813
0.841645
0.894892
0.863359
0.879880
0.864474
0.897885
0.916388
0.937072
0.863532
0.896472
0.850285
0.884417
0.822580
0.853369
0.880388
0.834332
0.860945
0.882882
0.866129
0.882238
0.759259
0.801900
0.742433
0.737855
0.808297
0.814461
0.801919
0.745143
0.796559
0.722315
0.655538
0.660760
0.825604
0.839240
0.787550
0.842639
0.852510
0.748749
0.682359
0.735522
0.716991
0.767787
0.768060
0.784363
0.835779
0.814043
0.893431
0.888059
0.893469
0.877856
0.876265
0.822657
0.853304
0.824013
0.867811
0.828807
0.849003
0.880779
0.904168
0.899079
0.893183
0.831369
0.874566
0.853476
0.843927
0.832089
0.878193
0.871769
0.901427
0.886056
0.892302
0.891457
0.816636
0.868572
0.811318
0.857282
0.828489
0.855690
0.861413
0.860553
0.892265
0.884412
0.885678
0.870016
0.851224
0.865521
0.851459
0.870897
0.887254
0.891266
0.894094
0.894565
0.843158
0.870983
0.847006
0.865821
0.892101
0.901181
0.867320
0.872680
0.951369
0.934317
0.949058
0.892389
0.864685
0.875248
0.827825
0.907427
0.793935
0.802425
0.880526
0.902540
0.928041
0.815180
0.865409
0.819596
0.822229
0.823777
0.865942
0.912348
0.891545
0.876537
0.887478
0.821569
0.865942
0.802109
0.860696
0.599362
0.634457
0.792125
0.749263
0.645632
0.801763
0.649553
0.800031
0.242607
0.208185
0.321693
0.241579
0.201321
0.317888
0.489860
0.482822
0.451819
0.474197
0.334161
0.308378
0.123815
0.161321
0.236849
0.231801
0.349773
0.341031
0.148449
0.338419
0.329863
0.631069
0.649388
0.467571
0.436658
0.682275
0.484410
0.688352
0.489287
0.943528
0.919891
0.937353
0.832324
0.833697
0.809782
0.823274
0.852116
0.867447
0.857018
0.844105
0.902783
0.928523
0.923746
0.843922
0.882688
0.852263
0.890158
0.856533
0.880709
0.848657
0.916477
0.885660
0.897345
0.900978
0.896737
0.897890
0.841950
0.854022
0.857186
0.851304
0.847250
0.832747
0.866078
0.862578
0.883985
0.875247
0.888456
0.895815
0.822935
0.813072
0.861590
0.802694
0.799142
0.854477
0.878130
0.811350
0.847292
0.808845
0.834613
0.858334
0.859277
0.812115
0.888714
0.898136
0.886098
0.842678
0.850054
0.820900
0.853111
0.853748
0.895579
0.808397
0.866768
0.923722
0.896073
0.928618
0.901359
0.837582
0.826801
0.873274
0.830966
0.888411
0.253631
0.387892
0.121924
0.208033
0.339269
0.094457
0.018633
0.067479
0.011329
0.031043
0.000000
0.011995
0.094840
0.389618
0.244538
0.575221
0.548655
0.560595
0.513123
0.512379
0.502159
0.497106
0.469824
0.519570
0.568933
0.594418
0.567517
0.570468
0.512956
0.563864
0.512066
0.568253
0.563404
0.510058
0.538090
0.483496
0.505434
0.558891
0.566961
0.464880
0.455974
0.486309
0.412807
0.426129
0.440788
0.508161
0.458941
0.502246
0.484499
0.470138
0.462147
0.512915
0.540060
0.495164
0.461677
0.484857
0.457686
0.460387
0.418374
0.478145
0.499784
0.563960
0.506453
0.584388
0.558910
0.580839
0.532436
0.532385
0.539570
0.568611
0.524015
0.579790
0.589163
0.610722
0.585808
0.582252
0.528824
0.561650
0.539604
0.582816
0.566274
0.380461
0.507303
0.345234
0.481235
0.410824
0.513406
0.031039
0.026404
0.099132
0.048587
0.015353
0.096802
0.238899
0.210168
0.239138
0.125054
0.022510
0.063716
0.061844
0.030846
0.124084
0.097213
0.056152
0.134041
0.360284
0.246293
0.332705
0.200561
0.400616
0.241983
0.564231
0.543878
0.545345
0.509058
0.511628
0.487768
0.499366
0.451074
0.495654
0.562434
0.588929
0.560573
0.568307
0.510765
0.573812
0.516304
0.560848
0.551012
0.508082
0.549029
0.484943
0.498929
0.556840
0.560182
0.453428
0.447775
0.466394
0.404813
0.406764
0.418892
0.493077
0.461069
0.494320
0.467618
0.448595
0.447497
0.503732
0.577177
0.479712
0.460921
0.487655
0.441485
0.449771
0.404093
0.458644
0.503413
0.527908
0.512357
0.619718
0.620474
0.587426
0.552618
0.554187
0.556430
0.581761
0.523892
0.593520
0.617985
0.601507
0.601851
0.541066
0.410005
0.612852
0.490585
0.371177
0.556581
0.621905
0.558900
0.596693
0.597337
0.426670
0.524060
0.045082
0.148740
0.044911
0.129251
0.253617
0.238000
0.271789
0.143136
0.074635
0.733214
0.747616
0.708134
0.721715
0.763581
0.714121
0.667757
0.672746
0.670867
0.669788
0.665325
0.713696
0.702232
0.772804
0.765636
0.763961
0.756975
0.767041
0.700577
0.694891
0.706595
0.747813
0.700654
0.669970
0.661657
0.655648
0.662130
0.690935
0.682496
0.710393
0.742804
0.697022
0.662349
0.664568
0.684150
0.677178
0.550753
0.734779
0.626912
0.535816
0.684062
0.734962
0.721384
0.653426
0.661812
0.473994
0.613585
0.134284
0.132021
0.232913
0.135556
0.108365
0.231788
0.391898
0.353120
0.325467
0.204087
0.095707
0.118192
0.408733
0.563498
0.245018
0.353653
0.511030
0.211309
0.162952
0.144487
0.119740
0.194631
0.489047
0.329142
0.777257
0.767594
0.729075
0.706766
0.697122
0.629045
0.609938
0.668367
0.643331
0.786992
0.774435
0.712342
0.693177
0.674909
0.681284
0.708972
0.723286
0.780448
0.772572
0.781629
0.706929
0.775701
0.694507
0.683190
0.681554
0.704420
0.683202
0.739206
0.710903
0.790518
0.791637
0.760321
0.758838
0.724185
0.711258
0.733567
0.780635
0.725107
0.696887
0.686276
0.682949
0.687315
0.776025
0.721396
0.775424
0.710937
0.681720
0.689526
0.690898
0.690939
0.711712
0.716271
0.781209
0.777153
0.764757
0.742319
0.766797
0.761820
0.669537
0.686164
0.689627
0.694163
0.762077
0.769208
0.779528
0.786575
0.755908
0.729444
0.731945
0.751408
0.717954
0.677077
0.693719
0.697699
0.755694
0.717423
0.777811
0.728351
0.715055
0.686563
0.650248
0.680339
0.697007
0.741337
0.766267
0.760871
0.599317
0.611389
0.633933
0.581852
0.589039
0.637103
0.657654
0.646235
0.603219
0.597655
0.571673
0.570489
0.717888
0.722982
0.686170
0.676694
0.675841
0.638525
0.642483
0.611728
0.570241
0.601306
0.653773
0.636632
0.781209
0.788240
0.723292
0.720088
0.783519
0.718448
0.676998
0.678824
0.699414
0.782293
0.784457
0.721889
0.721769
0.737818
0.767138
0.783177
0.671857
0.685203
0.696234
0.689432
0.770071
0.766663
0.761549
0.710412
0.721172
0.704024
0.782951
0.710411
0.686335
0.673334
0.681082
0.680439
0.787355
0.800085
0.727788
0.716776
0.716006
0.811502
0.726878
0.687344
0.675972
0.677879
0.677638
0.783657
0.772834
0.790082
0.728503
0.732739
0.716517
0.802309
0.715648
0.701870
0.688675
0.689556
0.701758
0.762667
0.755706
0.758023
0.694464
0.700784
0.703534
0.762254
0.729127
0.686442
0.698934
0.680339
0.676573
0.759691
0.775842
0.711829
0.700644
0.763265
0.698159
0.685922
0.681231
0.676673
0.773840
0.681269
0.743228
0.686690
0.664443
0.659623
0.477338
0.601793
0.509535
0.621883
0.551465
0.688377
0.133178
0.124056
0.221480
0.135695
0.105494
0.211265
0.391159
0.344975
0.322752
0.188268
0.092654
0.115651
0.132801
0.137795
0.225064
0.219970
0.117908
0.211496
0.492988
0.329078
0.527478
0.348216
0.568474
0.401783
0.821092
0.787866
0.751644
0.744467
0.750472
0.667691
0.637947
0.702053
0.714230
0.796424
0.734821
0.759727
0.707302
0.716030
0.710290
0.708546
0.730557
0.741023
0.800802
0.805505
0.801721
0.790339
0.796073
0.731943
0.719777
0.744165
0.774441
0.745436
0.703751
0.678536
0.692313
0.676347
0.778050
0.764718
0.784849
0.737116
0.724839
0.731412
0.783572
0.724223
0.698739
0.690467
0.684457
0.690595
0.780575
0.736214
0.778496
0.734691
0.688806
0.684783
0.681850
0.682720
0.733512
0.736974
0.785785
0.778664
0.784488
0.739059
0.790974
0.713500
0.681126
0.682513
0.715957
0.701256
0.782323
0.732070
0.804911
0.776621
0.771795
0.784088
0.720176
0.782711
0.762606
0.708079
0.707011
0.756411
0.729059
0.793546
0.692385
0.679122
0.725548
0.814591
0.715803
0.726191
0.728660
0.645880
0.682284
0.596585
0.614656
0.601376
0.583621
0.601006
0.600183
0.668750
0.634337
0.602027
0.564596
0.560906
0.553767
0.610427
0.576290
0.623413
0.597399
0.556704
0.564544
0.642503
0.605913
0.661120
0.640809
0.731958
0.644088
0.736994
0.758317
0.703142
0.695947
0.734699
0.681390
0.655872
0.673577
0.658272
0.700259
0.710447
0.697327
0.698815
0.675774
0.689579
0.675709
0.694662
0.699876
0.749729
0.720778
0.740793
0.689716
0.744489
0.703096
0.683980
0.673739
0.676713
0.671390
0.733917
0.713224
0.768533
0.747709
0.748631
0.765440
0.720697
0.720446
0.769128
0.720497
0.674580
0.674572
0.671874
0.836315
0.846356
0.857060
0.847441
0.850178
0.863206
0.854173
0.863537
0.864785
0.870591
0.866982
0.868854
0.866199
0.863728
0.873069
0.860826
0.873169
0.863873
0.849595
0.861880
0.865478
0.875402
0.868382
0.886571
0.882807
0.878110
0.880806
0.860738
0.873647
0.876224
0.881445
0.878346
0.873602
0.875716
0.853345
0.847586
0.871527
0.877907
0.852113
0.914564
0.869043
0.867725
0.907689
0.867522
0.884476
0.878684
0.869410
0.883461
0.853325
0.863489
0.871377
0.856656
0.867967
0.856194
0.846921
0.855761
0.859784
0.856849
0.864946
0.862968
0.856782
0.879585
0.871688
0.858237
0.857642
0.839937
0.871125
0.861287
0.844808
0.844208
0.831823
0.828725
0.836958
0.837527
0.830687
0.824242
0.831748
0.829131
0.833245
0.863066
0.870114
0.839112
0.833330
0.879271
0.877769
0.836142
0.834228
0.854846
0.846335
0.836168
0.852533
0.856987
0.843370
0.855023
0.850423
0.851589
0.856100
0.864514
0.861475
0.861359
0.864148
0.857352
0.856338
0.855634
0.880369
0.868335
0.852729
0.853288
0.861447
0.849632
0.850783
0.866120
0.858219
0.855766
0.859003
0.848021
0.846143
0.838477
0.875923
0.878172
0.879895
0.873007
0.899318
0.900257
0.878733
0.856013
0.865363
0.867241
0.862362
0.892329
0.883022
0.930796
0.886484
0.877289
0.873913
0.896628
0.907670
0.882449
0.882502
0.880923
0.885603
0.874374
0.874189
0.878296
0.860836
0.900667
0.911104
0.879675
0.881711
0.885298
0.878994
0.869032
0.865502
0.878051
0.890256
0.867890
0.884146
0.871132
0.882484
0.868261
0.869740
0.866754
0.864761
0.862684
0.861961
0.857378
0.860657
0.852966
0.863993
0.867492
0.867301
0.873992
0.869869
0.870031
0.864137
0.861733
0.860707
0.865767
0.864221
0.864638
0.865552
0.871930
0.865455
0.875349
0.867289
0.861652
0.877711
0.862434
0.839956
0.851048
0.847875
0.860428
0.844140
0.853800
0.847031
0.858360
0.882972
0.876914
0.860805
0.867394
0.866568
0.871003
0.874132
0.859946
0.873614
0.874563
0.876604
0.889624
0.893331
0.876843
0.894906
0.875432
0.895251
0.854426
0.891394
0.887255
0.854872
0.877043
0.869213
0.878782
0.869490
0.901106
0.901975
0.867376
0.878217
0.861621
0.861209
0.854505
0.870246
0.872994
0.854196
0.876462
0.872779
0.878300
0.853692
0.878716
0.856998
0.883927
0.853851
0.839635
0.829032
0.838949
0.839974
0.830477
0.842724
0.883651
0.871846
0.869661
0.870264
0.840243
0.840421
0.842851
0.828426
0.839349
0.829312
0.828969
0.854023
0.857539
0.828821
0.854324
0.861661
0.860220
0.838237
0.845558
0.852664
0.829616
0.831212
0.829998
0.857181
0.852009
0.856156
0.856154
0.857837
0.857931
0.854029
0.851504
0.854900
0.856751
0.858638
0.859115
0.848507
0.844651
0.846567
0.845974
0.845569
0.845040
0.842841
0.840380
0.843018
0.845884
0.864783
0.862327
0.876654
0.880426
0.862568
0.883038
0.889554
0.875470
0.855897
0.858791
0.866461
0.893518
0.875508
0.874173
0.884354
0.879023
0.884203
0.870953
0.887277
0.878200
0.924006
0.894138
0.898818
0.887436
0.882625
0.883071
0.873173
0.866293
0.858024
0.890686
0.893108
0.859399
0.900004
0.906513
0.887469
0.919412
0.884030
0.881672
0.891437
0.902877
0.878626
0.891545
0.865981
0.879074
0.881547
0.884405
0.859269
0.867686
0.867612
0.870099
0.860088
0.870077
0.855685
0.839330
0.844308
0.856313
0.846908
0.854323
0.842769
0.847918
0.848449
0.853304
0.852422
0.848958
0.854053
0.868579
0.868166
0.881549
0.879129
0.851671
0.882430
0.845584
0.844108
0.867593
0.848768
0.857896
0.855589
0.845391
0.848368
0.853278
0.852352
0.852551
0.856310
0.856956
0.858675
0.859076
0.859232
0.875692
0.856219
0.866626
0.872001
0.854071
0.861088
0.869778
0.859114
0.857166
0.867931
0.861469
0.870490
0.860921
0.856867
0.865838
0.865547
0.859791
0.859849
0.859868
0.878473
0.859878
0.867656
0.886090
0.886330
0.874139
0.874963
0.887813
0.887840
0.887082
0.875536
0.887274
0.893420
0.881934
0.880966
0.879254
0.882807
0.885638
0.875105
0.881592
0.879753
0.909033
0.907479
0.920460
0.909069
0.913390
0.889657
0.896515
0.875114
0.877296
0.874565
0.894525
0.922375
0.894321
0.891665
0.913748
0.904246
0.888436
0.898662
0.906249
0.880420
0.874787
0.855247
0.867132
0.866107
0.859896
0.869522
0.879495
0.879853
0.879864
0.917624
0.918378
0.898822
0.921801
0.889720
0.861496
0.847807
0.859618
0.840979
0.847831
0.843588
0.847177
0.845151
0.881145
0.902103
0.879795
0.885313
0.911683
0.844649
0.841735
0.884059
0.847073
0.854177
0.854225
0.851631
0.886102
0.850307
0.843324
0.845182
0.862936
0.870462
0.868100
0.849449
0.849746
0.860219
0.845812
0.855532
0.844300
0.858623
0.844345
0.855866
0.850837
0.854183
0.867848
0.866936
0.871625
0.877125
0.873659
0.863538
0.863484
0.864141
0.863492
0.871548
0.869167
0.872350
0.873400
0.870232
0.863954
0.861354
0.872546
0.869582
0.868115
0.864607
0.861282
0.869855
0.862679
0.866746
0.862916
0.890990
0.865590
0.861293
0.893184
0.892721
0.887628
0.887611
0.887426
0.876996
0.887131
0.893392
0.884880
0.881488
0.881400
0.882822
0.882521
0.883906
0.875281
0.874982
0.873998
0.874156
0.885415
0.883159
0.876024
0.880487
0.895521
0.881240
0.881350
0.883690
0.897292
0.893374
0.908461
0.908362
0.909147
0.906271
0.913700
0.911729
0.919251
0.911383
0.907912
0.919247
0.891312
0.913115
0.911519
0.894810
0.894326
0.894699
0.868194
0.868108
0.875182
0.893126
0.891262
0.900202
0.900191
0.888960
0.904030
0.884484
0.898868
0.900117
0.900845
0.889174
0.896826
0.923892
0.923194
0.879127
0.866597
0.878634
0.860351
0.867808
0.860497
0.860498
0.866873
0.865286
0.865196
0.878968
0.878584
0.888827
0.900840
0.892192
0.891683
0.904001
0.917263
0.917279
0.917827
0.920790
0.918022
0.921813
0.850548
0.856527
0.843370
0.844618
0.839720
0.845162
0.847738
0.842214
0.849633
0.846922
0.851251
0.856572
0.880831
0.880285
0.880294
0.885337
0.899821
0.879586
0.885138
0.901605
0.912669
0.907196
0.852294
0.853047
0.883373
0.883497
0.850789
0.885706
0.843646
0.844283
0.845761
0.847462
0.846484
0.866057
0.871526
0.866769
0.870002
0.869381
0.869166
0.865710
0.868781
0.864614
0.869077
0.863940
0.849804
0.858459
0.844448
0.840854
0.853733
0.854921
0.845251
0.857324
0.857843
0.852671
0.851368
0.868059
0.869444
0.871552
0.868074
0.871005
0.877047
0.869416
0.871038
0.881519
0.869640
0.869463
0.867289
0.864166
0.862392
0.860411
0.865504
0.863616
0.872003
0.868994
0.869156
0.872721
0.870380
0.871620
0.868485
0.869510
0.871335
0.870900
0.892514
0.876065
0.870186
0.869623
0.893318
0.873200
0.877234
0.857055
0.877098
0.876969
0.862859
0.857609
0.860723
0.858498
0.858089
0.851673
0.846913
0.854098
0.859147
0.844508
0.859277
0.845057
0.833988
0.836456
0.842809
0.860467
0.845432
0.851031
0.854355
0.849972
0.857592
0.856082
0.828432
0.840536
0.856117
0.858235
0.853579
0.831942
0.829823
0.828792
0.828103
0.859767
0.850297
0.873679
0.869271
0.839674
0.875702
0.868462
0.836038
0.835451
0.838555
0.856255
0.871300
0.875518
0.851275
0.852647
0.872103
0.867493
0.855525
0.873311
0.886997
0.851188
0.853478
0.882917
0.876777
0.851070
0.844080
0.852329
0.854024
0.857532
0.855544
0.861178
0.867434
0.863288
0.854664
0.870796
0.853360
0.862360
0.858994
0.860210
0.870131
0.853800
0.849239
0.844418
0.842967
0.897091
0.860792
0.874883
0.901125
0.882642
0.877702
0.869895
0.874778
0.869327
0.862994
0.883895
0.867788
0.875403
0.906025
0.914041
0.885239
0.914755
0.892666
0.890941
0.917535
0.894771
0.872767
0.875655
0.902680
0.875572
0.869969
0.864950
0.855183
0.848748
0.861026
0.908024
0.889737
0.899311
0.918358
0.877051
0.897559
0.925007
0.887273
0.874534
0.884606
0.924422
0.898211
0.942332
0.926516
0.905683
0.898585
0.894132
0.913226
0.896063
0.908798
0.886265
0.900228
0.897722
0.910418
0.896592
0.885500
0.903873
0.911568
0.906367
0.884855
0.906417
0.874155
0.883156
0.875846
0.885011
0.875743
0.867019
0.860865
0.889753
0.899739
0.889537
0.851446
0.876134
0.891903
0.917091
0.907254
0.900626
0.911142
0.891084
0.868835
0.895085
0.879119
0.885935
0.882874
0.893632
0.885359
0.866212
0.858295
0.866966
0.874861
0.863362
0.870299
0.857719
0.871474
0.864840
0.869297
0.861155
0.851012
0.868972
0.861645
0.858143
0.861680
0.855943
0.861582
0.855119
0.851005
0.852819
0.860080
0.858676
0.842765
0.857337
0.846170
0.853840
0.843429
0.853732
0.852664
0.843338
0.857316
0.842713
0.856028
0.841498
0.838966
0.849807
0.881789
0.884619
0.838918
0.852955
0.881900
0.847452
0.846350
0.844253
0.845880
0.846312
0.867860
0.870421
0.851369
0.851303
0.867704
0.849521
0.845223
0.877027
0.891209
0.882268
0.873988
0.894193
0.860423
0.860466
0.882293
0.894862
0.861721
0.887317
0.894747
0.863001
0.887374
0.909151
0.908681
0.895317
0.892980
0.876504
0.863348
0.883210
0.879233
0.866049
0.897312
0.895713
0.895669
0.881399
0.859741
0.878838
0.893222
0.864556
0.891415
0.864573
0.863296
0.863220
0.869762
0.863182
0.869703
0.867543
0.859657
0.859562
0.868285
0.870993
0.866522
0.867383
0.900122
0.899742
0.890268
0.898289
0.920253
0.910298
0.910824
0.903512
0.917280
0.915508
0.905253
0.895347
0.880606
0.904291
0.907395
0.869904
0.869777
0.864770
0.867591
0.867272
0.865506
0.870670
0.876649
0.876084
0.867405
0.867744
0.868400
0.871971
0.871829
0.881898
0.881018
0.868555
0.868220
0.872192
0.893450
0.887388
0.877132
0.893606
0.877706
0.917828
0.918470
0.899475
0.904532
0.905550
0.899706
0.909207
0.887885
0.904120
0.892536
0.880419
0.911243
0.913870
0.908304
0.877745
0.877511
0.872662
0.878098
0.876252
0.884993
0.871023
0.864955
0.867660
0.867636
0.869080
0.868818
0.869333
0.868936
0.869003
0.873077
0.872156
0.868691
0.886014
0.866080
0.866781
0.869638
0.879822
0.913166
0.926618
0.903965
0.905159
0.895498
0.904974
0.914428
0.907287
0.916836
0.895209
0.894702
0.883653
0.909362
0.922471
0.886421
0.896458
0.888817
0.915703
0.917102
0.886015
0.877740
0.882540
0.880864
0.879969
0.884767
0.887010
0.886238
0.891363
0.890324
0.908432
0.900244
0.909100
0.917209
0.905862
0.905845
0.897499
0.906995
0.915957
0.896557
0.921433
0.898635
0.889907
0.903503
0.881096
0.898743
0.912623
0.908224
0.898267
0.886379
0.888689
0.877489
0.889105
0.896486
0.892650
0.910887
0.901897
0.876843
0.879283
0.861841
0.866685
0.865964
0.859135
0.881018
0.868291
0.865133
0.868139
0.868028
0.870426
0.866747
0.868645
0.872546
0.869095
0.872256
0.868021
0.872078
0.864224
0.865833
0.888212
0.885746
0.865009
0.875776
0.872726
0.882280
0.883838
0.874024
0.869245
0.874401
0.876641
0.883279
0.863488
0.863401
0.882769
0.867871
0.851989
0.856047
0.853681
0.853935
0.873886
0.867047
0.849742
0.841078
0.869245
0.860040
0.846352
0.847152
0.856713
0.853905
0.854165
0.852729
0.853263
0.859692
0.858440
0.853052
0.857528
0.837541
0.851807
0.849728
0.828364
0.866630
0.838945
0.833833
0.848416
0.858499
0.846684
0.853672
0.878216
0.849580
0.835127
0.844611
0.837681
0.841940
0.841882
0.836604
0.848702
0.867336
0.870132
0.854433
0.863281
0.865002
0.864611
0.884622
0.878446
0.881572
0.874714
0.881857
0.875701
0.878704
0.882455
0.866043
0.849309
0.899975
0.878709
0.923859
0.916331
0.886311
0.873889
0.877475
0.859083
0.882312
0.879220
0.880033
0.881203
0.890482
0.879989
0.856927
0.884220
0.863949
0.881372
0.861870
0.882949
0.867366
0.866799
0.873507
0.862582
0.864868
0.864133
0.861750
0.886385
0.888583
0.871506
0.854032
0.844135
0.864972
0.864228
0.845686
0.848507
0.866172
0.856598
0.856378
0.843634
0.851618
0.848952
0.846360
0.853326
0.858085
0.846832
0.884612
0.849715
0.883954
0.843831
0.851443
0.849689
0.842420
0.844723
0.844924
0.847639
0.876080
0.863982
0.860064
0.875318
0.848687
0.842389
0.873106
0.874879
0.890229
0.872136
0.861189
0.859272
0.870438
0.891255
0.877775
0.921796
0.894673
0.911576
0.876592
0.873799
0.897565
0.925504
0.893270
0.893957
0.895248
0.888685
0.888953
0.883692
0.881864
0.889555
0.898577
0.893367
0.896729
0.890823
0.884450
0.885550
0.888667
0.890250
0.884459
0.883750
0.883417
0.884522
0.885318
0.883565
0.886965
0.881764
0.877876
0.881823
0.875648
0.876383
0.879194
0.878837
0.875621
0.879663
0.880070
0.874060
0.874540
0.880036
0.877216
0.872674
0.876701
0.878701
0.874842
0.876541
0.880875
0.887042
0.872914
0.882519
0.866473
0.877507
0.868838
0.891950
0.893275
0.896031
0.887959
0.881114
0.897165
0.896405
0.904696
0.889985
0.878134
0.882456
0.892461
0.884472
0.897690
0.893741
0.905664
0.903711
0.892619
0.908263
0.908328
0.885772
0.883749
0.871497
0.871149
0.870643
0.880546
0.875829
0.874890
0.873950
0.875928
0.871647
0.879378
0.874086
0.877743
0.873790
0.872739
0.871485
0.876409
0.879683
0.875203
0.878106
0.877048
0.888077
0.875785
0.888027
0.868380
0.891884
0.892806
0.888419
0.878176
0.875071
0.876283
0.878629
0.881685
0.891572
0.884633
0.890541
0.883515
0.880448
0.872434
0.878530
0.876785
0.877961
0.867057
0.871633
0.870890
0.884642
0.881764
0.876162
0.881202
0.892722
0.894541
0.892595
0.897089
0.899539
0.894980
0.890916
0.888120
0.888336
0.893058
0.895847
0.891468
0.887501
0.885487
0.887326
0.897157
0.889958
0.889516
0.884885
0.893290
0.881891
0.876899
0.875336
0.885948
0.881252
0.893657
0.876107
0.883830
0.871882
0.885767
0.882468
0.882408
0.886731
0.881609
0.875854
0.870682
0.876694
0.878404
0.878311
0.881520
0.882031
0.888257
0.886881
0.882476
0.888573
0.883763
0.879240
0.898917
0.887109
0.902990
0.888152
0.886141
0.878995
0.889022
0.886595
0.882511
0.890271
0.882793
0.888213
0.895330
0.884926
0.884158
0.879413
0.884422
0.875685
0.889015
0.893034
0.874057
0.881139
0.884255
0.887521
0.881393
0.882128
0.881390
0.874146
0.894240
0.880599
0.884193
0.882666
0.882641
0.891227
0.889578
0.898046
0.890412
0.893709
0.882137
0.894460
0.890442
0.893609
0.883457
0.889353
0.885375
0.882065
0.878073
0.879388
0.881342
0.881663
0.880179
0.881831
0.883534
0.880032
0.881308
0.882751
0.881775
0.894352
0.899249
0.898583
0.897422
0.886800
0.880944
0.899036
0.894392
0.899996
0.893365
0.890341
0.884182
0.888987
0.882852
0.910238
0.897413
0.887481
0.909003
0.898211
0.886605
0.890558
0.882989
0.901276
0.896241
0.908532
0.892138
0.899335
0.889882
0.892913
0.893578
0.890185
0.895938
0.893483
0.885619
0.886577
0.884762
0.885134
0.894455
0.891048
0.885212
0.893864
0.891759
0.885212
0.889560
0.890190
0.871224
0.867099
0.876500
0.879345
0.885346
0.876971
0.878822
0.874316
0.877738
0.881810
0.879440
0.885156
0.887097
0.878603
0.883902
0.876019
0.894196
0.894313
0.905220
0.897747
0.902627
0.892767
0.896896
0.885034
0.872236
0.891952
0.908393
0.902989
0.890435
0.891471
0.877959
0.880631
0.875887
0.882671
0.879867
0.878958
0.880607
0.871894
0.882106
0.887305
0.892628
0.886138
0.894277
0.899998
0.901548
0.904003
0.897018
0.900226
0.893818
0.880517
0.884282
0.883983
0.880862
0.884899
0.882756
0.879973
0.887010
0.878072
0.876650
0.879142
0.877338
0.886145
0.896614
0.900166
0.887320
0.884850
0.881070
0.906495
0.899341
0.906192
0.880387
0.894232
0.896111
0.882105
0.881940
0.880199
0.883284
0.879468
0.879678
0.887661
0.881235
0.890799
0.880405
0.882040
0.877058
0.875168
0.878209
0.886106
0.884532
0.886887
0.888994
0.891065
0.888215
0.887190
0.888263
0.893200
0.899740
0.907203
0.900909
0.904125
0.905440
0.909852
0.897291
0.892567
0.896454
0.886336
0.881197
0.892703
0.894798
0.902994
0.903421
0.907456
0.931683
0.910324
0.889708
0.902116
0.888744
0.890098
0.901190
0.898357
0.903790
0.894838
0.889974
0.900235
0.888242
0.900528
0.898489
0.896207
0.899537
0.903524
0.899180
0.892225
0.892377
0.887425
0.889472
0.888448
0.893221
0.889762
0.891126
0.873982
0.888757
0.887520
0.888080
0.889317
0.889159
0.889869
0.898141
0.897211
0.895331
0.892253
0.882640
0.877265
0.875722
0.881415
0.881700
0.879724
0.881346
0.887571
0.886154
0.880789
0.880222
0.882190
0.879239
0.879434
0.877291
0.874356
0.875196
0.883876
0.876185
0.874500
0.883516
0.885859
0.889212
0.894997
0.884153
0.883106
0.883546
0.883714
0.888028
0.884510
0.888614
0.877878
0.881288
0.892966
0.889273
0.892999
0.907346
0.894482
0.895251
0.894268
0.893452
0.888884
0.898554
0.897080
0.894366
0.894620
0.890000
0.897083
0.907646
0.901300
0.895479
0.883195
0.896442
0.881111
0.883431
0.881767
0.902046
0.896262
0.903006
0.881043
0.880718
0.897238
0.890467
0.915049
0.898511
0.898381
0.906351
0.915330
0.910928
0.907691
0.896926
0.908749
0.918019
0.905421
0.914993
0.889780
0.914110
0.897876
0.906190
0.899657
0.910604
0.887448
0.898131
0.904283
0.900074
0.899695
0.892759
0.872888
0.891818
0.891060
0.890984
0.884455
0.886997
0.887498
0.890915
0.886262
0.899191
0.901608
0.910727
0.893354
0.901346
0.903794
0.896461
0.883002
0.888568
0.873307
0.889711
0.890323
0.888478
0.883261
0.891391
0.882651
0.885060
0.883593
0.885819
0.882299
0.875988
0.876960
0.877285
0.879560
0.885087
0.897744
0.885288
0.873218
0.898456
0.899021
0.893892
0.892479
0.880993
0.904187
0.900639
0.912447
0.899053
0.894177
0.903391
0.900228
0.892097
0.893217
0.889424
0.892157
0.894375
0.891227
0.891940
0.900859
0.905958
0.896437
0.898868
0.887024
0.889081
0.890374
0.892910
0.890655
0.884798
0.897714
0.895725
0.890587
0.886238
0.886155
0.886569
0.896605
0.899834
0.895039
0.899861
0.912190
0.900872
0.910208
0.900747
0.899684
0.916582
0.915231
0.899046
0.888727
0.893421
0.904101
0.908141
0.910323
0.905409
0.889334
0.897579
0.889388
0.896933
0.896438
0.884270
0.879821
0.886941
0.891734
0.894841
0.901928
0.894746
0.894611
0.886852
0.889081
0.899842
0.893856
0.879768
0.897006
0.885345
0.896247
0.883918
0.889784
0.880295
0.881925
0.894013
0.884568
0.883874
0.885892
0.887807
0.890524
0.883346
0.888897
0.888336
0.880651
0.887184
0.875405
0.874731
0.876554
0.878328
0.878381
0.881802
0.894432
0.881484
0.900603
0.878829
0.888142
0.896472
0.890604
0.895246
0.912454
0.903890
0.890235
0.887432
0.896636
0.886988
0.891063
0.890471
0.892044
0.890073
0.898533
0.883807
0.888693
0.897500
0.900234
0.887124
0.890916
0.895828
0.915255
0.893918
0.898264
0.896725
0.904256
0.901229
0.904236
0.894174
0.894316
0.892500
0.893694
0.887229
0.890970
0.897936
0.893209
0.891004
0.895071
0.914284
0.912726
0.909792
0.915281
0.889100
0.881506
0.876086
0.882805
0.875629
0.883068
0.885663
0.886861
0.887630
0.895762
0.889950
0.881754
0.883850
0.883561
0.878622
0.882524
0.880271
0.884574
0.893209
0.889294
0.898215
0.899009
0.889881
0.882090
0.884442
0.891804
0.901867
0.873760
0.921826
0.908349
0.901173
0.900731
0.907464
0.911459
0.901412
0.900341
0.894650
0.878917
0.872850
0.870100
0.872162
0.870046
0.867622
0.873722
0.875466
0.873531
0.885470
0.876148
0.880040
0.881714
0.877870
0.882136
0.884907
0.882065
0.885948
0.890094
0.888051
0.885589
0.890211
0.887667
0.886709
0.894718
0.907106
0.891019
0.893700
0.904687
0.902765
0.896253
0.897109
0.895875
0.904985
0.895040
0.893548
0.891804
0.888512
0.894955
0.896658
0.914120
0.920151
0.896729
0.903676
0.906941
0.898971
0.904869
0.909624
0.903932
0.900707
0.911462
0.889322
0.912094
0.890825
0.886318
0.874359
0.878851
0.896877
0.898748
0.896286
0.883069
0.879227
0.880064
0.886792
0.905192
0.906049
0.901978
0.910106
0.911010
0.916455
0.886018
0.886941
0.889585
0.885933
0.888974
0.885505
0.890730
0.883526
0.886063
0.872429
0.871947
0.882866
0.880438
0.882123
0.888278
0.883362
0.878035
0.881588
0.883190
0.887140
0.875270
0.879153
0.876838
0.872911
0.871398
0.875992
0.880702
0.884524
0.887839
0.874805
0.878911
0.890314
0.876729
0.878270
0.875064
0.880184
0.878076
0.885790
0.879030
0.880231
0.878265
0.877321
0.865834
0.868114
0.864989
0.872286
0.868583
0.873544
0.874858
0.867000
0.868795
0.863825
0.866118
0.881758
0.874087
0.874914
0.878620
0.879319
0.878658
0.879611
0.881813
0.886844
0.873787
0.874462
0.877709
0.877082
0.875359
0.872269
0.880979
0.877032
0.872944
0.874629
0.898949
0.882848
0.876985
0.892241
0.891096
0.884379
0.897849
0.898431
0.909346
0.904324
0.896959
0.893399
0.888102
0.897653
0.876113
0.882056
0.890544
0.875396
0.884573
0.882899
0.880056
0.875186
0.878845
0.878933
0.878143
0.870139
0.878917
0.879648
0.887522
0.887693
0.879049
0.871451
0.879996
0.883579
0.881041
0.881209
0.880417
0.878445
0.885825
0.883588
0.884379
0.885289
0.877967
0.881464
0.875851
0.881963
0.877794
0.874384
0.877031
0.880934
0.878014
0.884940
0.881556
0.879365
0.891791
0.901687
0.898283
0.900748
0.900652
0.904477
0.903027
0.884493
0.900835
0.885203
0.886852
0.878835
0.877783
0.878292
0.878258
0.884169
0.886250
0.879092
0.875477
0.879494
0.874910
0.872459
0.876660
0.872349
0.876710
0.881770
0.886980
0.882641
0.882724
0.871290
0.875266
0.870151
0.876262
0.870807
0.875144
0.883502
0.877252
0.879532
0.876742
0.886148
0.883116
0.886151
0.882868
0.888042
0.889516
0.887354
0.885574
0.881067
0.886913
0.878195
0.883485
0.889200
0.884212
0.880864
0.887262
0.880693
0.893552
0.891703
0.885020
0.889023
0.883767
0.889315
0.886099
0.890602
0.884655
0.877299
0.885338
0.876280
0.883698
0.902785
0.895598
0.902281
0.897963
0.897625
0.906410
0.907385
0.903433
0.918474
0.914981
0.903756
0.899078
0.901790
0.901546
0.907481
0.916874
0.911347
0.896639
0.896919
0.895669
0.897437
0.877058
0.879775
0.870668
0.869900
0.875772
0.877607
0.882231
0.881389
0.878598
0.885362
0.881834
0.886118
0.879026
0.893442
0.900055
0.905252
0.901429
0.904892
0.900394
0.897133
0.897159
0.905790
0.916736
0.891254
0.893025
0.906874
0.899584
0.909801
0.897163
0.901290
0.914152
0.897118
0.900054
0.887760
0.890170
0.876851
0.885310
0.884994
0.891755
0.890780
0.884537
0.883328
0.884946
0.887074
0.892722
0.886855
0.884133
0.881359
0.884249
0.880987
0.888510
0.886357
0.878449
0.882237
0.882131
0.883564
0.874619
0.875147
0.881883
0.871709
0.883166
0.882805
0.885271
0.876220
0.881611
0.904849
0.892352
0.886830
0.905602
0.907813
0.910289
0.905001
0.903194
0.885077
0.884481
0.883306
0.897776
0.902059
0.892091
0.890658
0.896519
0.891592
0.888269
0.879353
0.877217
0.880349
0.880748
0.882817
0.874280
0.876745
0.879007
0.882548
0.877378
0.881264
0.881450
0.879160
0.879035
0.882623
0.882073
0.880033
0.882951
0.876849
0.882398
0.876303
0.883115
0.887155
0.878530
0.880697
0.872818
0.881516
0.882649
0.882791
0.884045
0.886685
0.887555
0.890971
0.884634
0.871909
0.877199
0.874587
0.868061
0.867751
0.873504
0.870426
0.870648
0.871724
0.869647
0.867247
0.873176
0.884014
0.870351
0.880981
0.875564
0.872699
0.872055
0.876114
0.868040
0.874239
0.871389
0.870172
0.874599
0.877804
0.873097
0.875418
0.871165
0.871006
0.873223
0.872443
0.871103
0.871185
0.869652
0.873709
0.872420
0.872540
0.873159
0.867928
0.868408
0.869976
0.872340
0.877670
0.864650
0.868559
0.867274
0.887273
0.887850
0.868706
0.870919
0.872972
0.870718
0.870761
0.869091
0.869850
0.875798
0.876142
0.875756
0.888020
0.874133
0.889797
0.881203
0.885422
0.889980
0.895983
0.899683
0.894023
0.877456
0.882803
0.879026
0.884516
0.886142
0.895239
0.905160
0.880486
0.885362
0.892586
0.875911
0.881103
0.912056
0.887264
0.887797
0.896391
0.878405
0.882039
0.875950
0.886533
0.886118
0.878718
0.874964
0.879187
0.876721
0.883352
0.875847
0.887289
0.886715
0.882784
0.887440
0.878448
0.883392
0.878596
0.873746
0.892289
0.882790
0.874624
0.870170
0.875632
0.869175
0.868530
0.871298
0.868104
0.867158
0.870364
0.865587
0.867014
0.864682
0.869044
0.872806
0.867989
0.870571
0.869268
0.867853
0.876340
0.868120
0.871008
0.866042
0.860877
0.872945
0.870425
0.867296
0.887860
0.869387
0.875767
0.872953
0.877820
0.896942
0.878430
0.878780
0.882779
0.880031
0.883437
0.879491
0.885514
0.883778
0.888579
0.882385
0.882540
0.897588
0.887114
0.898849
0.910485
0.896669
0.900647
0.910101
0.895898
0.888216
0.898122
0.903981
0.905897
0.896373
0.903398
0.909350
0.903865
0.911840
0.896211
0.893022
0.885130
0.884760
0.888690
0.886110
0.889883
0.884813
0.887919
0.890908
0.893040
0.894731
0.879642
0.879452
0.875637
0.875056
0.874195
0.871791
0.874030
0.876378
0.875163
0.876973
0.875510
0.875452
0.878489
0.880753
0.876404
0.875566
0.876442
0.877045
0.878104
0.875125
0.875068
0.873315
0.874529
0.876071
0.866900
0.874542
0.873444
0.872830
0.867382
0.868787
0.868870
0.873394
0.875214
0.877375
0.873595
0.883399
0.879221
0.885011
0.872575
0.870244
0.884808
0.878139
0.871077
0.871344
0.880218
0.879365
0.885447
0.872326
0.878227
0.876040
0.889232
0.889065
0.885520
0.890343
0.890417
0.883514
0.882122
0.883201
0.888996
0.882210
0.882528
0.878572
0.905984
0.895322
0.910115
0.896064
0.910965
0.908677
0.889383
0.895574
0.905051
0.887045
0.888498
0.892373
0.891006
0.893476
0.879777
0.882410
0.882604
0.879703
0.882704
0.884113
0.883180
0.879083
0.885965
0.884040
0.890441
0.881992
0.879194
0.882582
0.878975
0.873999
0.870778
0.873046
0.864534
0.872445
0.873566
0.873522
0.874577
0.874077
0.872645
0.866105
0.874227
0.874579
0.875209
0.876264
0.870335
0.880240
0.888495
0.874720
0.893314
0.887307
0.894859
0.889879
0.897557
0.875973
0.887062
0.871056
0.879935
0.884219
0.884337
0.887420
0.885362
0.889053
0.882094
0.890844
0.882519
0.882337
0.908594
0.880509
0.891977
0.878875
0.889350
0.901278
0.938269
0.903359
0.923263
0.919288
0.920968
0.942019
0.896684
0.910807
0.945906
0.927895
0.908896
0.895741
0.942693
0.942570
0.927837
0.938510
0.931657
0.929083
0.899434
0.901982
0.912495
0.920933
0.916700
0.898427
0.917176
0.901540
0.923211
0.894152
0.976519
0.944439
0.906872
0.917187
0.952156
0.984333
0.942009
0.914883
0.901002
0.934034
0.927741
0.904205
0.937394
0.933232
0.968022
0.935192
0.926751
0.908220
0.922038
0.883891
0.884832
0.897886
0.897779
0.888633
0.887120
0.885550
0.895871
0.883871
0.889388
0.875813
0.882436
0.896543
0.886236
0.886934
0.904340
0.912016
0.875176
0.882563
0.873281
0.879103
0.886882
0.870787
0.907511
0.876531
0.883171
0.873073
0.884584
0.884774
0.879588
0.874811
0.880962
0.871035
0.888994
0.886625
0.888189
0.876514
0.890918
0.886044
0.875177
0.883914
0.893142
0.872718
0.884289
0.874039
0.872613
0.867716
0.872151
0.872207
0.889440
0.890298
0.879433
0.868083
0.874895
0.867666
0.886794
0.909547
0.884371
0.900136
0.883236
0.903572
0.903263
0.888889
0.896731
0.893514
0.896323
0.891034
0.889104
0.885167
0.885149
0.889993
0.890296
0.921410
0.892091
0.891494
0.892974
0.931369
0.905925
0.912172
0.902271
0.903991
0.902184
0.898273
0.947817
0.931120
0.898312
0.933978
0.899729
0.908256
0.926969
0.903037
0.911959
0.911346
0.905904
0.918777
0.907890
0.916210
0.915174
0.912616
0.909714
0.902557
0.918546
0.905155
0.907423
0.907451
0.909046
0.892267
0.895417
0.892184
0.891588
0.892233
0.894489
0.886388
0.887448
0.894248
0.892066
0.886732
0.882924
0.885900
0.894970
0.890880
0.886146
0.883444
0.883092
0.887535
0.889999
0.883896
0.885219
0.889188
0.894725
0.890619
0.895715
0.899407
0.900161
0.900802
0.904652
0.892038
0.912003
0.886914
0.893450
0.911737
0.906080
0.918916
0.912595
0.910000
0.911220
0.919171
0.885107
0.901348
0.906436
0.908361
0.890861
0.900654
0.909347
0.910559
0.885776
0.893398
0.895718
0.878081
0.881836
0.897890
0.894357
0.891684
0.895487
0.899159
0.901748
0.889456
0.891037
0.913160
0.909554
0.884093
0.897333
0.891126
0.917584
0.899996
0.915573
0.915093
0.900768
0.904467
0.887108
0.912675
0.927072
0.929474
0.914915
0.892442
0.901554
0.914784
0.906219
0.915762
0.918804
0.933571
0.925023
0.915634
0.924777
0.926934
0.915846
0.926642
0.918228
0.918428
0.910160
0.920787
0.914255
0.923420
0.913692
0.903244
0.893592
0.889799
0.900821
0.893658
0.910605
0.909862
0.910541
0.899712
0.899514
0.899409
0.893020
0.890448
0.889010
0.896187
0.901500
0.903293
0.914180
0.923730
0.919935
0.923194
0.925542
0.927752
0.932608
0.930285
0.919940
0.930850
0.909050
0.924633
0.926671
0.927947
0.926700
0.932789
0.901381
0.925577
0.928139
0.897542
0.894001
0.913281
0.899988
0.912320
0.920172
0.909027
0.914826
0.916032
0.898339
0.915634
0.897500
0.900602
0.899010
0.901119
0.898836
0.899856
0.891135
0.894122
0.885550
0.888222
0.885941
0.888893
0.894292
0.894448
0.896950
0.893814
0.891816
0.892150
0.903556
0.906519
0.913767
0.908822
0.901108
0.891173
0.912593
0.908793
0.904958
0.890583
0.914982
0.913465
0.894015
0.895779
0.886664
0.880270
0.884289
0.884993
0.886449
0.894814
0.918682
0.936498
0.920860
0.920609
0.910311
0.895953
0.897702
0.892117
0.891837
0.890317
0.902081
0.901685
0.904093
0.903632
0.885920
0.882210
0.887211
0.877516
0.891229
0.888970
0.879164
0.891233
0.874651
0.874113
0.893703
0.894871
0.887874
0.886324
0.883972
0.886575
0.889876
0.882528
0.882445
0.880216
0.883842
0.894741
0.878629
0.898777
0.896068
0.887208
0.889320
0.884150
0.882060
0.887378
0.883319
0.889719
0.889687
0.891658
0.889559
0.907964
0.901195
0.892735
0.909875
0.889035
0.884290
0.886853
0.890887
0.893399
0.890147
0.885696
0.878422
0.880690
0.895172
0.910961
0.903200
0.878134
0.864675
0.875227
0.870988
0.902014
0.905693
0.903135
0.948435
0.883002
0.876955
0.877271
0.922233
0.913138
0.890085
0.911330
0.914101
0.890293
0.883890
0.871669
0.879709
0.887015
0.874105
0.893826
0.892076
0.887063
0.897679
0.917179
0.900374
0.873142
0.880443
0.881545
0.903141
0.920843
0.889766
0.919460
0.920071
0.898937
0.891997
0.908023
0.902953
0.894466
0.912126
0.904461
0.899287
0.924920
0.893176
0.915070
0.905023
0.890240
0.890915
0.894961
0.913910
0.918917
0.923799
0.915826
0.928139
0.974827
0.930305
0.935163
0.924985
0.928097
0.925040
0.918426
0.925730
0.943690
0.952939
0.934632
0.935828
0.928403
0.935539
0.931399
0.928201
0.937819
0.936712
0.924498
0.929187
0.926483
0.941665
0.925956
0.943279
0.919910
0.926739
0.932706
0.926406
0.919741
0.926641
0.925325
0.946476
0.954279
0.949674
0.979855
0.985655
0.989319
0.991220
0.992956
0.972854
0.993598
0.938727
0.994432
0.947715
0.936104
0.996296
0.944740
0.948009
0.947162
0.946312
0.943685
0.924797
0.921231
0.932620
0.925083
0.925349
0.951870
0.921332
0.917337
0.916911
0.924926
0.918689
0.917309
0.932513
0.941151
0.924337
0.934657
0.912391
0.915812
0.916373
0.921823
0.923468
0.935663
0.952827
0.949655
0.946073
0.949610
0.943307
0.932676
0.928045
0.940755
0.945173
0.931050
0.929844
0.939878
0.942567
0.919405
0.943192
0.948554
0.941670
0.933235
0.950697
0.922989
0.930700
0.937601
0.933881
0.944184
0.944224
0.932993
0.938092
0.945081
0.946658
0.995838
0.980047
0.936336
0.917911
0.940586
0.945129
0.985158
0.979831
0.991136
0.989966
0.989967
0.985963
0.985596
0.948947
0.959167
0.986057
0.940224
0.929650
0.929549
0.930091
0.945387
0.942392
0.933537
0.938244
0.932436
0.925592
0.933517
0.931612
0.920348
0.945625
0.933039
0.937717
0.936425
0.934860
0.927713
0.918920
0.933103
0.935753
0.927389
0.919415
0.916746
0.915122
0.922430
0.911998
0.930625
0.927062
0.920421
0.902885
0.928674
0.910913
0.938970
0.949717
0.940749
0.929212
0.921116
0.919133
0.932785
0.925442
0.921371
0.917431
0.922817
0.920989
0.938921
0.938179
0.929956
0.934991
0.919442
0.937424
0.934825
0.932744
0.939083
0.944054
0.933851
0.928240
0.943711
0.944632
0.941439
0.929334
0.942057
0.932245
0.931569
0.937793
0.934890
0.940187
0.929856
0.939034
0.986050
0.984831
0.981188
0.944577
0.983051
0.991329
0.980003
0.988534
0.989501
0.996974
0.994311
0.945901
0.948708
0.951981
0.945005
0.926925
0.925059
0.953288
0.945578
0.929478
0.933517
0.935821
0.935304
0.935830
0.929694
0.929138
0.929814
0.925603
0.925398
0.882454
0.894335
0.891405
0.893131
0.900384
0.909329
0.899329
0.903649
0.887339
0.894163
0.887872
0.901984
0.895683
0.911778
0.894954
0.879742
0.890047
0.913150
0.888258
0.898926
0.884011
0.885734
0.900074
0.888162
0.882033
0.898422
0.902453
0.898270
0.904548
0.891420
0.889237
0.896049
0.879266
0.894703
0.892634
0.904247
0.895814
0.888951
0.885394
0.884418
0.895247
0.905157
0.901502
0.896598
0.895937
0.893863
0.870714
0.901336
0.896302
0.894826
0.909120
0.887300
0.891519
0.882804
0.887972
0.888945
0.878532
0.888895
0.895460
0.896466
0.890644
0.895868
0.887017
0.894316
0.881927
0.883659
0.894129
0.876340
0.891148
0.881773
0.902828
0.888601
0.893549
0.882236
0.881293
0.890331
0.885536
0.886506
0.891687
0.895212
0.885136
0.901415
0.879551
0.885499
0.871991
0.889738
0.878975
0.903990
0.894228
0.875914
0.880595
0.899781
0.880325
0.874577
0.884917
0.898682
0.893968
0.903446
0.907439
0.874440
0.881193
0.889315
0.872815
0.873335
0.899872
0.898160
0.896731
0.900541
0.921817
0.896668
0.879759
0.870380
0.869020
0.874581
0.885637
0.877702
0.872543
0.873813
0.918872
0.891937
0.916549
0.899434
0.897630
0.883301
0.867333
0.884650
0.909495
0.899549
0.894112
0.887506
0.887336
0.876854
0.886659
0.885947
0.889373
0.881987
0.885795
0.882617
0.888620
0.890147
0.898208
0.894061
0.890380
0.887384
0.895963
0.892918
0.894776
0.896907
0.892248
0.892522
0.892310
0.892104
0.882920
0.887928
0.887823
0.867118
0.868246
0.882275
0.867170
0.870264
0.880784
0.882446
0.877296
0.886136
0.884129
0.880689
0.883351
0.879620
0.887014
0.891083
0.891382
0.884731
0.877939
0.877010
0.886058
0.882608
0.881544
0.889984
0.878176
0.874240
0.880922
0.873852
0.880706
0.885051
0.894139
0.876403
0.885446
0.888717
0.889954
0.882269
0.874074
0.883217
0.871692
0.876206
0.880087
0.883393
0.886006
0.883247
0.883698
0.883189
0.885380
0.880738
0.897207
0.887064
0.894154
0.895714
0.897522
0.889595
0.894187
0.887369
0.880555
0.877240
0.877109
0.879906
0.876013
0.891461
0.889170
0.887629
0.884601
0.870058
0.882549
0.886181
0.872247
0.873036
0.881826
0.875279
0.884764
0.885385
0.887188
0.891141
0.883516
0.873855
0.887665
0.872441
0.869560
0.882949
0.885287
0.885144
0.890822
0.884670
0.882579
0.882943
0.887638
0.883825
0.874156
0.881126
0.873810
0.888402
0.888529
0.878806
0.881501
0.881718
0.884503
0.884477
0.891402
0.893016
0.882653
0.884760
0.888112
0.887493
0.891022
0.887321
0.881080
0.876215
0.882593
0.880336
0.871974
0.874349
0.874935
0.877486
0.889661
0.889065
0.871088
0.877646
0.892894
0.885552
0.884727
0.887931
0.898713
0.894679
0.893111
0.894353
0.883005
0.881526
0.878562
0.878559
0.888884
0.882078
0.892232
0.877959
0.895451
0.892005
0.895533
0.894934
0.894115
0.893630
0.896161
0.894395
0.896483
0.894940
0.895297
0.896794
0.896758
0.887743
0.879247
0.872331
0.871177
0.867343
0.880195
0.882485
0.884885
0.882291
0.882768
0.877471
0.875450
0.886258
0.882940
0.890005
0.889449
0.888781
0.883880
0.886654
0.882580
0.882207
0.889418
0.887541
0.886294
0.885584
0.885998
0.884463
0.882814
0.880078
0.877251
0.883584
0.884196
0.881341
0.893564
0.888081
0.883110
0.874034
0.884596
0.873777
0.872460
0.871743
0.871313
0.887744
0.884577
0.872132
0.873282
0.882237
0.884637
0.886876
0.890295
0.889546
0.893622
0.891041
0.885918
0.886630
0.909909
0.881307
0.880678
0.884771
0.894212
0.885765
0.890021
0.890527
0.886737
0.879837
0.944931
0.906734
0.920565
0.892882
0.919864
0.899512
0.875236
0.881243
0.883995
0.883557
0.897285
0.903995
0.908150
0.885579
0.904695
0.893993
0.887106
0.895586
0.888672
0.877916
0.882866
0.881679
0.886737
0.891086
0.885511
0.903088
0.887902
0.933484
0.907065
0.914362
0.890228
0.890747
0.879385
0.878729
0.881809
0.884171
0.870144
0.890436
0.874193
0.880409
0.904730
0.921792
0.911405
0.912540
0.915693
0.915329
0.910917
0.915694
0.915492
0.883790
0.885282
0.886027
0.879225
0.892457
0.907009
0.914568
0.915415
0.911330
0.896633
0.911294
0.900683
0.928501
0.885399
0.905724
0.902953
0.895064
0.893814
0.887035
0.890254
0.906096
0.911238
0.892644
0.892439
0.882878
0.883700
0.888579
0.877278
0.878766
0.901716
0.900067
0.898742
0.890049
0.882323
0.878153
0.903772
0.889471
0.875607
0.901815
0.890708
0.892294
0.885272
0.877498
0.879797
0.889123
0.886124
0.884653
0.884086
0.898346
0.885151
0.887914
0.890277
0.877535
0.882346
0.891097
0.883678
0.892193
0.894704
0.887310
0.883920
0.888076
0.883530
0.920359
0.912814
0.907789
0.919947
0.916307
0.881178
0.889720
0.903054
0.891837
0.893356
0.895759
0.908329
0.881912
0.913050
0.900430
0.906156
0.886789
0.895872
0.904128
0.900666
0.881148
0.896335
0.889236
0.903605
0.892992
0.893300
0.886027
0.875862
0.881404
0.882281
0.890997
0.886360
0.883187
0.884549
0.883558
0.890872
0.886293
0.891350
0.890283
0.892695
0.892574
0.894735
0.885669
0.885484
0.882493
0.883096
0.881042
0.878841
0.884706
0.879178
0.881408
0.880220
0.890757
0.885206
0.903328
0.882669
0.901284
0.902526
0.884107
0.911169
0.917620
0.910391
0.913225
0.913880
0.913128
0.887685
0.920047
0.903298
0.914070
0.926784
0.913244
0.937000
0.912654
0.891502
0.882040
0.885484
0.899494
0.912867
0.909368
0.921216
0.925953
0.927155
0.930229
0.932128
0.926502
0.921296
0.914220
0.909519
0.904811
0.891450
0.889944
0.918831
0.878656
0.882065
0.907624
0.892153
0.885373
0.905583
0.901262
0.899155
0.895653
0.903302
0.889701
0.889765
0.894093
0.880769
0.893301
0.895017
0.895258
0.888612
0.884952
0.892703
0.918443
0.888726
0.888260
0.887109
0.895609
0.891617
0.904016
0.891240
0.889470
0.884425
0.879971
0.881802
0.885071
0.879931
0.885606
0.887078
0.871850
0.875393
0.893032
0.879735
0.880599
0.884320
0.882222
0.895215
0.897987
0.894845
0.880885
0.884884
0.896761
0.883701
0.883764
0.882482
0.886422
0.881467
0.886595
0.890401
0.882553
0.890579
0.896786
0.892389
0.928679
0.934900
0.926902
0.927169
0.913156
0.910543
0.910583
0.915876
0.909846
0.894432
0.886269
0.884172
0.895205
0.900897
0.895242
0.896650
0.884705
0.885258
0.890232
0.882790
0.882945
0.895884
0.884447
0.889737
0.881344
0.882173
0.882741
0.885620
0.879409
0.897559
0.879165
0.881903
0.881805
0.884390
0.880940
0.882074
0.882613
0.882801
0.890387
0.883821
0.892880
0.891398
0.892146
0.893618
0.895385
0.894351
0.886990
0.892451
0.883682
0.887400
0.881771
0.888613
0.882889
0.893085
0.901744
0.881394
0.905514
0.895306
0.900575
0.896353
0.912111
0.897811
0.895530
0.899922
0.883384
0.882771
0.903039
0.904862
0.899356
0.904798
0.906472
0.922361
0.917072
0.918732
0.925305
0.934427
0.930080
0.891432
0.885345
0.887828
0.892010
0.883899
0.884921
0.885259
0.921479
0.949919
0.918563
0.925964
0.885196
0.881487
0.870064
0.892569
0.891863
0.898794
0.890380
0.546575
0.547511
0.750519
0.742059
0.547851
0.747950
0.843935
0.851283
0.545761
0.536822
0.714151
0.748418
0.843307
0.851245
0.870016
0.876847
0.873634
0.871909
0.865801
0.827562
0.840802
0.867976
0.840914
0.729179
0.532330
0.543629
0.762981
0.545794
0.760440
0.511230
0.791284
0.760651
0.545842
0.848125
0.873804
0.870271
0.872264
0.872238
0.862286
0.862542
0.872449
0.863998
0.914767
0.927050
0.910087
0.879918
0.887565
0.863220
0.864970
0.901893
0.907061
0.878213
0.884555
0.896449
0.889027
0.883144
0.901546
0.888956
0.888955
0.903665
0.902332
0.880888
0.882203
0.859728
0.859449
0.870577
0.860157
0.890022
0.889753
0.889742
0.870148
0.881369
0.863886
0.861685
0.889195
0.889678
0.866981
0.869737
0.865099
0.864515
0.869361
0.865637
0.869329
0.869797
0.863167
0.866386
0.551147
0.533931
0.747142
0.771663
0.560039
0.766538
0.828530
0.842713
0.868179
0.525255
0.533742
0.736546
0.727752
0.819366
0.847932
0.861872
0.854874
0.851725
0.860739
0.920482
0.919451
0.865338
0.850264
0.845067
0.856165
0.860283
0.849190
0.855459
0.859156
0.865975
0.854827
0.855316
0.847715
0.867668
0.847659
0.866511
0.847914
0.852421
0.846325
0.845955
0.854684
0.851942
0.848913
0.863112
0.854443
0.853538
0.862348
0.858987
0.858414
0.875043
0.876581
0.861054
0.873374
0.884879
0.858078
0.874824
0.883593
0.877205
0.884314
0.885187
0.876128
0.853746
0.868267
0.867868
0.893998
0.895324
0.875187
0.869428
0.868485
0.862439
0.878858
0.880872
0.839524
0.855989
0.858449
0.845188
0.856409
0.870396
0.851492
0.853256
0.863817
0.866867
0.883261
0.883765
0.882819
0.870159
0.874443
0.872684
0.867457
0.870209
0.874262
0.868616
0.880587
0.886530
0.869127
0.869587
0.869144
0.848469
0.848460
0.849732
0.869748
0.852337
0.852345
0.616377
0.545706
0.749776
0.749784
0.545900
0.749312
0.545191
0.545459
0.750324
0.749303
0.870161
0.880914
0.832514
0.843564
0.880932
0.844369
0.724904
0.536413
0.548440
0.758541
0.548533
0.758549
0.619399
0.761336
0.761353
0.548539
0.844499
0.844435
0.880964
0.888956
0.904986
0.888852
0.904982
0.927051
0.927181
0.888842
0.888826
0.902462
0.903649
0.919076
0.919092
0.872826
0.872841
0.862963
0.864522
0.872260
0.863613
0.872265
0.862544
0.880843
0.864577
0.864892
0.881275
0.889142
0.889244
0.865001
0.881952
0.889255
0.863161
0.868216
0.867866
0.861711
0.867887
0.861721
0.865203
0.867892
0.889260
0.881518
0.864244
0.851570
0.847946
0.866597
0.866567
0.847365
0.866162
0.917152
0.918429
0.847829
0.865373
0.919884
0.864239
0.854350
0.863859
0.854583
0.863693
0.867267
0.865834
0.862942
0.855107
0.855961
0.847564
0.847561
0.855967
0.846662
0.859427
0.861016
0.863710
0.855964
0.847109
0.863714
0.855751
0.855433
0.859228
0.861461
0.855550
0.859362
0.856360
0.855587
0.861562
0.860611
0.875799
0.858708
0.883524
0.857482
0.885343
0.885244
0.884074
0.884686
0.882691
0.883035
0.875455
0.857303
0.857607
0.873923
0.878120
0.878070
0.878265
0.878110
0.880712
0.880401
0.885797
0.880183
0.873572
0.871532
0.875517
0.871453
0.873344
0.875417
0.876342
0.886854
0.888986
0.911033
0.884272
0.893506
0.916468
0.871189
0.861899
0.870598
0.869564
0.861445
0.880006
0.880547
0.870689
0.894589
0.894422
0.918272
0.917449
0.871825
0.901215
0.888231
0.907084
0.879846
0.906334
0.904795
0.887501
0.883653
0.877762
0.882129
0.860152
0.871196
0.861812
0.876623
0.869213
0.870856
0.871325
0.872569
0.873505
0.883162
0.883552
0.874350
0.895950
0.864777
0.864937
0.896057
0.861687
0.896027
0.857807
0.896145
0.899016
0.864800
0.896123
0.881960
0.870031
0.872258
0.870147
0.866964
0.871436
0.868613
0.867412
0.882937
0.873018
0.871364
0.876407
0.875089
0.859740
0.860272
0.865625
0.857407
0.868266
0.855400
0.869382
0.839957
0.844205
0.832929
0.832964
0.848531
0.833799
0.821874
0.821630
0.822597
0.845061
0.848548
0.847780
0.837053
0.824058
0.826043
0.880012
0.846531
0.875874
0.856407
0.872127
0.877508
0.854769
0.851443
0.874954
0.878438
0.848510
0.844230
0.878447
0.848124
0.818094
0.815635
0.818304
0.878455
0.878059
0.848136
0.848131
0.822593
0.818466
0.852841
0.848984
0.836020
0.836025
0.848993
0.835931
0.848281
0.854943
0.834246
0.835895
0.840373
0.834089
0.826249
0.828654
0.787707
0.809906
0.832562
0.836698
0.801767
0.672768
0.507705
0.501833
0.724369
0.510261
0.707471
0.536653
0.773108
0.718421
0.522625
0.831369
0.807030
0.839457
0.840215
0.844085
0.832686
0.855560
0.866510
0.827959
0.828821
0.865046
0.828087
0.836275
0.838749
0.836284
0.865041
0.828091
0.834285
0.841346
0.845228
0.841343
0.845224
0.841334
0.846457
0.849485
0.845216
0.846573
0.835991
0.838701
0.850084
0.824296
0.823013
0.838168
0.850866
0.837032
0.814865
0.850480
0.835997
0.814826
0.835487
0.814822
0.831017
0.822638
0.813917
0.835765
0.836221
0.849665
0.837247
0.831353
0.837570
0.814493
0.814635
0.837561
0.814502
0.826685
0.829097
0.826695
0.837738
0.814270
0.826774
0.851791
0.840235
0.851786
0.840230
0.851521
0.855774
0.845661
0.840291
0.856849
0.825913
0.848027
0.854123
0.818865
0.827392
0.850809
0.853512
0.828851
0.812867
0.880255
0.888317
0.822695
0.889153
0.818633
0.849852
0.818958
0.818835
0.902413
0.825361
0.823829
0.848075
0.850470
0.849631
0.851674
0.833301
0.825933
0.836478
0.839781
0.822695
0.836490
0.836818
0.845415
0.837290
0.829444
0.839553
0.838474
0.824056
0.863592
0.826031
0.856082
0.838599
0.829937
0.853896
0.837821
0.840194
0.844390
0.825010
0.852847
0.846387
0.871190
0.870978
0.882273
0.881058
0.870987
0.882497
0.847527
0.847550
0.846530
0.868318
0.883651
0.882419
0.846458
0.846535
0.872528
0.872529
0.854553
0.854552
0.872327
0.854548
0.873292
0.872622
0.853935
0.853515
0.870834
0.880900
0.877316
0.846845
0.847255
0.868459
0.873042
0.885210
0.878034
0.849149
0.843969
0.859196
0.862758
0.857612
0.849647
0.867355
0.853971
0.872429
0.854515
0.855988
0.870663
0.870004
0.852265
0.852531
0.857024
0.864152
0.863964
0.865752
0.855407
0.880447
0.868233
0.857090
0.857596
0.858556
0.858562
0.852804
0.855199
0.866466
0.875169
0.856300
0.861545
0.868097
0.869565
0.858460
0.850764
0.858578
0.830988
0.825067
0.836764
0.832610
0.831577
0.835449
0.829127
0.807545
0.813499
0.821440
0.823295
0.828348
0.836931
0.845293
0.838471
0.829888
0.841521
0.834466
0.819859
0.830711
0.872142
0.869916
0.868248
0.865985
0.870549
0.868390
0.858249
0.858248
0.854011
0.853948
0.858870
0.857217
0.858256
0.861377
0.851598
0.851509
0.854428
0.854473
0.866164
0.873250
0.852102
0.870766
0.846333
0.851715
0.857486
0.853790
0.857527
0.857106
0.890128
0.892807
0.891594
0.893783
0.893097
0.893570
0.896363
0.894748
0.895748
0.896759
0.896100
0.894275
0.893544
0.895133
0.896169
0.891667
0.896962
0.893375
0.893071
0.895407
0.892090
0.890791
0.845980
0.833329
0.849745
0.843746
0.848022
0.864632
0.852974
0.840885
0.848296
0.864945
0.863678
0.860082
0.862523
0.851586
0.862110
0.859489
0.852962
0.845688
0.851787
0.849292
0.872554
0.870192
0.873126
0.878346
0.883690
0.864525
0.905196
0.900269
0.901627
0.886983
0.871071
0.865979
0.876107
0.909063
0.909664
0.917037
0.897306
0.898435
0.902864
0.862085
0.892181
0.863311
0.862438
0.862699
0.878115
0.929822
0.916010
0.926529
0.909071
0.898694
0.895118
0.899796
0.895705
0.895215
0.896234
0.901070
0.908453
0.924882
0.929836
0.912872
0.929701
0.909197
0.900130
0.894126
0.898859
0.913202
0.894644
0.910634
0.903766
0.935127
0.918959
0.918666
0.919301
0.917173
0.923267
0.913661
0.924425
0.914124
0.910747
0.913121
0.923798
0.923456
0.917090
0.923522
0.923488
0.923489
0.921370
0.920191
0.913659
0.923458
0.923619
0.906842
0.876573
0.877323
0.918251
0.876233
0.926249
0.919022
0.917247
0.918588
0.880962
0.879862
0.919583
0.912797
0.897880
0.909644
0.896861
0.903538
0.902558
0.903407
0.898333
0.899694
0.903103
0.902501
0.896172
0.897461
0.874495
0.891581
0.892600
0.892623
0.870964
0.862374
0.891110
0.889883
0.879080
0.894274
0.872544
0.870707
0.873285
0.869482
0.849148
0.847862
0.864393
0.861596
0.871292
0.860821
0.856807
0.852775
0.850401
0.853297
0.858349
0.873149
0.860486
0.858318
0.857559
0.873362
0.873401
0.857407
0.881923
0.884285
0.882952
0.875253
0.860879
0.860565
0.873684
0.873832
0.870519
0.853944
0.848443
0.852311
0.861397
0.883967
0.877320
0.873107
0.877339
0.864942
0.866017
0.874744
0.866325
0.875009
0.865146
0.866696
0.870794
0.875028
0.862434
0.876574
0.878805
0.863396
0.877403
0.878856
0.884818
0.884815
0.869184
0.867316
0.878272
0.876755
0.869345
0.880356
0.882131
0.882001
0.882200
0.884412
0.882654
0.881012
0.877097
0.869231
0.869258
0.877435
0.880214
0.840703
0.878206
0.854602
0.548316
0.762196
0.546511
0.764802
0.503737
0.756771
0.763302
0.544940
0.859236
0.855406
0.865831
0.875335
0.884437
0.884778
0.890274
0.885002
0.884569
0.890462
0.904649
0.904067
0.885013
0.885465
0.884139
0.884627
0.904201
0.906706
0.906713
0.906524
0.905594
0.906509
0.885456
0.892755
0.904177
0.879674
0.898295
0.884837
0.899226
0.898306
0.884744
0.900738
0.898518
0.861514
0.857360
0.865347
0.854042
0.845194
0.856219
0.864136
0.863937
0.861121
0.861113
0.863775
0.863800
0.849806
0.850975
0.848948
0.860918
0.860455
0.861110
0.861106
0.860429
0.860445
0.864461
0.861120
0.864261
0.865974
0.864271
0.864359
0.854749
0.870944
0.862970
0.867670
0.882347
0.879975
0.844375
0.850297
0.854543
0.846924
0.858336
0.876870
0.882350
0.876747
0.875881
0.842809
0.842569
0.849789
0.875513
0.874818
0.885346
0.834512
0.857308
0.869074
0.882239
0.869923
0.866472
0.866258
0.859909
0.863825
0.841379
0.839708
0.874482
0.873439
0.839701
0.873449
0.860571
0.859950
0.858893
0.858169
0.858787
0.876479
0.873454
0.837947
0.839705
0.842131
0.844722
0.838617
0.870510
0.868999
0.869468
0.838649
0.869397
0.853871
0.854703
0.858858
0.859510
0.846540
0.844620
0.891174
0.845742
0.886481
0.863711
0.863195
0.863251
0.861630
0.862765
0.886595
0.886484
0.845190
0.845139
0.841913
0.883165
0.817216
0.842857
0.858277
0.847715
0.527287
0.723831
0.529190
0.729420
0.516747
0.738201
0.866424
0.862928
0.871312
0.853406
0.853977
0.853416
0.869812
0.871320
0.852690
0.853417
0.856727
0.857106
0.860640
0.860063
0.859618
0.859983
0.868278
0.852592
0.854864
0.851347
0.873355
0.867381
0.853368
0.850511
0.862884
0.860599
0.871982
0.864541
0.864864
0.870095
0.872269
0.859907
0.868280
0.865659
0.881960
0.875145
0.886520
0.885174
0.880783
0.861507
0.864771
0.885747
0.869235
0.861825
0.883729
0.873939
0.871799
0.871627
0.867356
0.864658
0.883295
0.881355
0.823688
0.812052
0.814720
0.834716
0.826407
0.828676
0.824131
0.834548
0.814857
0.845103
0.841804
0.835471
0.824953
0.836612
0.830267
0.858847
0.863860
0.857723
0.839999
0.854205
0.849545
0.848992
0.832064
0.846679
0.869492
0.870460
0.879013
0.818239
0.817483
0.848068
0.842445
0.835949
0.847215
0.873696
0.847675
0.838170
0.867177
0.859228
0.839851
0.833953
0.860610
0.861176
0.874054
0.850721
0.812396
0.835154
0.850543
0.841632
0.840508
0.851180
0.855151
0.851605
0.848368
0.842169
0.851415
0.854813
0.855379
0.855940
0.848645
0.845226
0.850291
0.856883
0.856884
0.856138
0.850708
0.850710
0.850621
0.856174
0.856189
0.850800
0.850506
0.845260
0.844979
0.845330
0.845048
0.844845
0.844567
0.843304
0.851954
0.851204
0.844823
0.849755
0.853890
0.857178
0.857322
0.897483
0.894996
0.893405
0.898506
0.898912
0.892458
0.897210
0.897443
0.893238
0.897705
0.897631
0.893931
0.892785
0.892857
0.869890
0.876366
0.881836
0.870631
0.847740
0.849561
0.878123
0.869372
0.848517
0.854319
0.879334
0.869758
0.853241
0.862138
0.852860
0.856471
0.849432
0.847335
0.863803
0.869963
0.859371
0.865183
0.862226
0.859326
0.863446
0.863567
0.861155
0.859218
0.866687
0.855427
0.843651
0.853748
0.865454
0.865662
0.883209
0.886984
0.906228
0.908135
0.919171
0.903762
0.896542
0.921645
0.874452
0.873741
0.925236
0.928219
0.919851
0.918060
0.910258
0.905437
0.905743
0.917982
0.903037
0.915131
0.915648
0.919667
0.915108
0.909581
0.908519
0.907766
0.921808
0.921459
0.923623
0.922545
0.921559
0.907976
0.938017
0.931391
0.927001
0.911623
0.914831
0.909232
0.922606
0.921422
0.882767
0.874209
0.889659
0.874498
0.867024
0.866933
0.869368
0.867567
0.871912
0.881423
0.867185
0.867180
0.867195
0.878549
0.878587
0.879334
0.862276
0.879338
0.887775
0.887863
0.887711
0.888682
0.887701
0.856976
0.860730
0.838555
0.853906
0.857223
0.836731
0.540549
0.777339
0.537849
0.751336
0.745650
0.535897
0.834078
0.848639
0.845070
0.858525
0.856988
0.860313
0.858876
0.857546
0.857966
0.860595
0.857970
0.849219
0.849043
0.847850
0.849034
0.853949
0.856036
0.858214
0.858078
0.855040
0.856018
0.857424
0.857938
0.856942
0.855730
0.857355
0.858367
0.856946
0.856191
0.861796
0.860000
0.856201
0.859729
0.858421
0.856981
0.856991
0.857001
0.858735
0.856206
0.853669
0.861934
0.851238
0.856849
0.864639
0.857984
0.853924
0.856558
0.859878
0.855511
0.860132
0.857076
0.858447
0.852648
0.854818
0.848993
0.855013
0.850711
0.846862
0.853999
0.854162
0.841910
0.845316
0.843548
0.850021
0.847093
0.839267
0.852046
0.843821
0.855972
0.837353
0.823452
0.832146
0.829175
0.853623
0.864264
0.856858
0.849504
0.872085
0.874355
0.871888
0.856437
0.870416
0.868637
0.843899
0.861931
0.882584
0.865542
0.870188
0.858808
0.866977
0.864737
0.871053
0.873357
0.866584
0.885583
0.862491
0.879179
0.890684
0.895623
0.896903
0.889410
0.908210
0.890287
0.888741
0.876701
0.872414
0.869881
0.890053
0.881905
0.902976
0.904698
0.925111
0.901772
0.921082
0.909809
0.910823
0.913297
0.894585
0.927160
0.904092
0.912585
0.912416
0.912555
0.913950
0.913949
0.915324
0.910999
0.912586
0.919491
0.915356
0.900750
0.900768
0.903463
0.903857
0.903468
0.903875
0.898287
0.914661
0.915540
0.908903
0.899960
0.903572
0.908964
0.902388
0.912271
0.926851
0.897962
0.921037
0.898859
0.889414
0.887159
0.883733
0.889652
0.890300
0.897483
0.890934
0.896023
0.919998
0.916069
0.918025
0.919782
0.919536
0.896122
0.889519
0.890830
0.540222
0.750780
0.542253
0.748468
0.827426
0.841450
0.545804
0.749960
0.848709
0.871415
0.867772
0.866292
0.864128
0.855607
0.854481
0.871655
0.871641
0.866907
0.867287
0.872092
0.871981
0.867301
0.857351
0.859100
0.857363
0.857753
0.858062
0.864077
0.870986
0.868602
0.865862
0.860946
0.860428
0.864261
0.864411
0.864683
0.868523
0.868965
0.868728
0.864708
0.868510
0.876744
0.877892
0.877791
0.872169
0.870191
0.871521
0.875995
0.869943
0.874194
0.864626
0.873259
0.869273
0.862371
0.862690
0.860600
0.870760
0.869814
0.877750
0.878545
0.876746
0.878790
0.881282
0.866750
0.869729
0.874563
0.865329
0.866503
0.862293
0.855181
0.866745
0.848626
0.859088
0.848096
0.856055
0.862221
0.870534
0.858425
0.851349
0.850241
0.858708
0.859111
0.852044
0.844280
0.846390
0.843096
0.861046
0.863664
0.861145
0.882867
0.887247
0.867051
0.883821
0.887044
0.881375
0.862599
0.855805
0.858856
0.860351
0.877481
0.875284
0.885539
0.893955
0.889694
0.883308
0.895259
0.892765
0.885360
0.886079
0.895451
0.884359
0.895140
0.895879
0.887474
0.876073
0.877073
0.868489
0.891362
0.888179
0.896598
0.895070
0.876631
0.880242
0.882626
0.889985
0.892427
0.885571
0.892608
0.894152
0.891074
0.889447
0.888857
0.888742
0.879035
0.876614
0.892469
0.875149
0.877074
0.889775
0.889771
0.893307
0.892956
0.894794
0.877475
0.887142
0.875534
0.893415
0.893758
0.573826
0.864083
0.814644
0.574446
0.860928
0.856858
0.815838
0.571268
0.853417
0.878541
0.886607
0.894351
0.887752
0.859083
0.857100
0.818480
0.644457
0.571610
0.818766
0.581030
0.821611
0.808822
0.580839
0.873779
0.871393
0.808852
0.579621
0.871448
0.901763
0.901775
0.902900
0.902925
0.860897
0.871485
0.774314
0.513188
0.579627
0.808849
0.901688
0.901708
0.868000
0.873427
0.885846
0.880990
0.875961
0.864479
0.647537
0.575053
0.782165
0.812056
0.581036
0.805189
0.579557
0.814899
0.851535
0.857733
0.830436
0.837517
0.879277
0.856066
0.716305
0.530476
0.544183
0.760065
0.555756
0.755670
0.768056
0.568749
0.870043
0.885779
0.854244
0.858809
0.831754
0.830708
0.853017
0.843471
0.830123
0.819675
0.533788
0.538731
0.727025
0.732221
0.540264
0.747924
0.545173
0.746190
0.848619
0.853470
0.847011
0.816457
0.844453
0.869534
0.821645
0.839227
0.518073
0.517291
0.728756
0.756501
0.519378
0.727075
0.529035
0.750265
0.875879
0.845281
0.847741
0.824579
0.819792
0.795358
0.775300
0.558876
0.557662
0.761013
0.517262
0.713462
0.716564
0.536886
0.806869
0.833216
0.791834
0.550598
0.871240
0.795393
0.558378
0.878883
0.888264
0.912247
0.915322
0.917286
0.890516
0.901206
0.787533
0.510748
0.575809
0.815622
0.574788
0.575713
0.823431
0.824493
0.576561
0.822283
0.900539
0.900380
0.901727
0.576546
0.822317
0.901794
0.917138
0.917526
0.916701
0.917064
0.582091
0.858308
0.822634
0.574256
0.909839
0.900601
0.822090
0.575742
0.902755
0.915486
0.925629
0.895427
0.894624
0.777247
0.565325
0.577082
0.812927
0.873195
0.880535
0.874169
0.880531
0.868177
0.866173
0.874561
0.881261
0.866165
0.860238
0.871368
0.860152
0.872118
0.859592
0.872127
0.875800
0.874143
0.875912
0.874020
0.878776
0.875949
0.850674
0.860810
0.850673
0.860627
0.870073
0.870090
0.850994
0.864377
0.868993
0.877836
0.877740
0.878264
0.848145
0.825347
0.839213
0.825338
0.853433
0.818257
0.838736
0.816794
0.814995
0.837734
0.825452
0.839223
0.839732
0.839674
0.874016
0.874024
0.839693
0.873886
0.874013
0.859879
0.874021
0.858508
0.871066
0.858267
0.864192
0.864180
0.888547
0.888549
0.867375
0.895244
0.858658
0.863133
0.864405
0.862244
0.864413
0.862356
0.861718
0.856711
0.862800
0.857113
0.859193
0.859212
0.862691
0.857119
0.860000
0.855937
0.853537
0.853764
0.870597
0.870551
0.873653
0.882928
0.882865
0.883084
0.884207
0.881869
0.884156
0.881855
0.857538
0.875190
0.857465
0.875236
0.875047
0.857463
0.881764
0.884159
0.855908
0.855824
0.848783
0.848938
0.855926
0.851249
0.853659
0.844753
0.855040
0.844250
0.853895
0.844375
0.849397
0.868169
0.849520
0.868200
0.871433
0.861087
0.871477
0.874531
0.874541
0.863192
0.868536
0.849858
0.874179
0.870320
0.874282
0.870604
0.892723
0.893025
0.869303
0.870612
0.893026
0.894376
0.894424
0.894592
0.923020
0.923357
0.909963
0.913717
0.921217
0.917152
0.901318
0.894523
0.900992
0.899253
0.900994
0.895484
0.907321
0.907318
0.907502
0.925671
0.925562
0.925645
0.923284
0.929269
0.928180
0.920870
0.920433
0.921012
0.919548
0.923247
0.904260
0.884617
0.900702
0.886343
0.900691
0.918511
0.918463
0.886577
0.900718
0.918868
0.910060
0.907730
0.908372
0.869529
0.868727
0.867865
0.864563
0.921146
0.921670
0.868087
0.865155
0.922502
0.902447
0.904725
0.904837
0.872816
0.865497
0.872512
0.863310
0.863578
0.864500
0.872563
0.863444
0.864593
0.862010
0.862025
0.862347
0.872425
0.880687
0.872424
0.880686
0.850219
0.850885
0.872590
0.882587
0.847270
0.853922
0.855050
0.854036
0.876601
0.891689
0.875695
0.891451
0.892587
0.892060
0.874782
0.893258
0.893410
0.894288
0.891702
0.895961
0.893641
0.895072
0.893499
0.894639
0.894816
0.891668
0.897263
0.890568
0.893849
0.891769
0.897798
0.892440
0.892435
0.894641
0.904020
0.894921
0.890661
0.885618
0.877622
0.885550
0.877272
0.864425
0.859903
0.864437
0.861961
0.873359
0.862366
0.877387
0.886507
0.866723
0.871475
0.856223
0.854279
0.872018
0.854610
0.858526
0.863353
0.862779
0.547012
0.753617
0.547028
0.753038
0.844622
0.849388
0.547022
0.753013
0.846981
0.867721
0.868743
0.873910
0.867396
0.867318
0.856743
0.838552
0.857253
0.857245
0.841966
0.869780
0.872333
0.840343
0.841756
0.848696
0.831956
0.826545
0.862155
0.830105
0.824710
0.865896
0.836870
0.846130
0.861698
0.871469
0.880899
0.860434
0.863450
0.881208
0.837381
0.842550
0.854227
0.868457
0.855583
0.920533
0.917070
0.852524
0.865659
0.914555
0.863897
0.863816
0.849702
0.862803
0.861217
0.870238
0.858825
0.871634
0.860823
0.851519
0.880677
0.876686
0.877686
0.882649
0.873383
0.881539
0.873526
0.545944
0.758626
0.545937
0.758635
0.847611
0.843826
0.545834
0.758562
0.848142
0.870766
0.872368
0.901752
0.874152
0.902311
0.864056
0.580455
0.823331
0.574450
0.816677
0.816715
0.572249
0.863602
0.895925
0.884739
0.899559
0.902511
0.884902
0.890234
0.904830
0.855619
0.866403
0.857326
0.873699
0.876850
0.855507
0.864157
0.879295
0.888660
0.883241
0.861555
0.860160
0.862915
0.859576
0.860270
0.856218
0.855937
0.847877
0.852737
0.845740
0.846406
0.864816
0.843028
0.862255
0.855220
0.854955
0.848264
0.862921
0.854952
0.860482
0.864342
0.861273
0.833446
0.818575
0.834151
0.818405
0.872580
0.849965
0.873870
0.849653
0.849678
0.878127
0.818068
0.834148
0.919967
0.896619
0.890274
0.885486
0.886904
0.897198
0.922243
0.572914
0.823353
0.574019
0.823167
0.900965
0.898211
0.574802
0.825090
0.901351
0.917308
0.917857
0.919535
0.887748
0.889025
0.899480
0.886535
0.879922
0.883834
0.896593
0.884282
0.881415
0.890850
0.887938
0.887753
0.882137
0.868333
0.870965
0.874751
0.869906
0.866836
0.853583
0.871539
0.875371
0.862637
0.850467
0.869630
0.886207
0.864720
0.865231
0.860678
0.857732
0.860184
0.860951
0.863654
0.861626
0.857288
0.856155
0.861688
0.862074
0.855058
0.855458
0.859167
0.856482
0.851420
0.852716
0.870872
0.863724
0.842304
0.868079
0.860206
0.867255
0.850681
0.844121
0.866535
0.849019
0.860317
0.855786
0.854944
0.855543
0.848633
0.847589
0.835118
0.831728
0.847660
0.823151
0.871148
0.876842
0.872636
0.873047
0.875616
0.879040
0.863837
0.876520
0.826299
0.853583
0.936467
0.910828
0.928025
0.898135
0.889802
0.888176
0.904969
0.924960
0.934572
0.952254
0.952598
0.946424
0.956508
0.376210
0.376156
0.379985
0.293783
0.293628
0.294297
0.382596
0.381703
0.301194
0.300111
0.358975
0.361924
0.360117
0.359927
0.359917
0.374084
0.379061
0.376636
0.293269
0.293414
0.293270
0.376868
0.293275
0.364265
0.364191
0.363243
0.363370
0.363250
0.363256
0.293985
0.293979
0.401413
0.363230
0.296082
0.294078
0.379201
0.341994
0.379103
0.379117
0.379184
0.294724
0.370762
0.280838
0.363090
0.351579
0.337190
0.355912
0.275786
0.282603
0.341795
0.347624
0.333899
0.255615
0.313537
0.246688
0.324052
0.321620
0.323457
0.325761
0.251155
0.246116
0.318758
0.314337
0.324637
0.253530
0.337083
0.259954
0.324169
0.328434
0.332894
0.321639
0.259567
0.255689
0.325660
0.332825
0.329276
0.329102
0.264170
0.258635
0.323805
0.257301
0.341065
0.338304
0.326879
0.328202
0.261794
0.322657
0.303608
0.341119
0.280215
0.270533
0.339221
0.268536
0.397313
0.357753
0.355563
0.356248
0.260701
0.334113
0.340969
0.342554
0.272713
0.276008
0.376939
0.339620
0.277382
0.277146
0.361441
0.324847
0.360051
0.352166
0.339012
0.339011
0.275717
0.277364
0.339655
0.277379
0.361938
0.361725
0.361751
0.361736
0.277390
0.339659
0.361894
0.275713
0.357044
0.275221
0.339008
0.342914
0.308548
0.343379
0.274276
0.275227
0.395463
0.357060
0.344727
0.344565
0.278014
0.278113
0.346388
0.344478
0.277174
0.277368
0.357021
0.352700
0.357085
0.357092
0.926554
0.914191
0.920960
0.918323
0.912503
0.916947
0.907425
0.931551
0.926420
0.918557
0.916274
0.905680
0.929121
0.930037
0.883473
0.893505
0.896754
0.884977
0.894143
0.900965
0.889547
0.898259
0.911669
0.887295
0.897956
0.922799
0.872736
0.924068
0.874695
0.868688
0.867568
0.866300
0.875994
0.872258
0.890813
0.847069
0.846013
0.874585
0.852657
0.880371
0.864489
0.860021
0.881396
0.868880
0.859828
0.865147
0.877658
0.880290
0.868489
0.870040
0.865876
0.876071
0.838473
0.845850
0.857160
0.856766
0.841461
0.848419
0.843961
0.844705
0.847030
0.853638
0.847849
0.851068
0.850851
0.865758
0.859085
0.859920
0.859710
0.857579
0.854635
0.845016
0.839591
0.880147
0.873813
0.864432
0.866230
0.867143
0.870500
0.873837
0.874439
0.873633
0.874530
0.877729
0.875174
0.866380
0.865346
0.840457
0.838316
0.864392
0.852065
0.841420
0.614156
0.545486
0.766129
0.800658
0.541057
0.758964
0.540134
0.762445
0.505356
0.565038
0.353711
0.317718
0.567479
0.349986
0.276407
0.278839
0.274682
0.570835
0.353292
0.275819
0.350200
0.348943
0.386395
0.346726
0.824577
0.839173
0.846286
0.850168
0.800683
0.833186
0.842511
0.852397
0.866411
0.873558
0.863546
0.870591
0.863873
0.875014
0.886981
0.874667
0.869867
0.881328
0.870841
0.870318
0.865347
0.864037
0.866983
0.868346
0.866860
0.959055
0.954958
0.958026
0.936001
0.962672
0.955461
0.954350
0.965650
0.952734
0.943617
0.949320
0.931884
0.927437
0.930926
0.656850
0.595843
0.833930
0.859297
0.603796
0.842296
0.921684
0.911557
0.923256
0.591594
0.817978
0.913570
0.934703
0.946743
0.386767
0.390736
0.296169
0.300374
0.414385
0.388991
0.289912
0.295790
0.499548
0.550708
0.367360
0.323315
0.552217
0.365653
0.549494
0.356305
0.877562
0.845527
0.869605
0.839676
0.745282
0.745924
0.747682
0.752514
0.838944
0.838128
0.864042
0.872208
0.867864
0.875878
0.869909
0.868640
0.873773
0.868283
0.869776
0.869275
0.880543
0.884939
0.878658
0.886496
0.870486
0.867176
0.864464
0.873391
0.858533
0.853442
0.860822
0.855229
0.883615
0.875834
0.866939
0.865078
0.868031
0.865065
0.876016
0.866771
0.871222
0.872487
0.873436
0.866595
0.876858
0.883686
0.863243
0.866862
0.885203
0.873607
0.874398
0.875690
0.879524
0.870517
0.864049
0.874194
0.869301
0.879715
0.879609
0.882950
0.875560
0.870411
0.887485
0.890827
0.881916
0.884386
0.878963
0.892093
0.884274
0.882067
0.882160
0.875805
0.867704
0.877833
0.906022
0.890433
0.889292
0.893334
0.907188
0.895338
0.900698
0.895236
0.880250
0.880573
0.912527
0.903890
0.907884
0.913951
0.900782
0.902840
0.889241
0.907272
0.892850
0.902671
0.904249
0.913787
0.913378
0.910121
0.901933
0.896651
0.893830
0.881085
0.870189
0.865995
0.872329
0.878839
0.884934
0.869180
0.883417
0.855054
0.853215
0.859581
0.860157
0.851613
0.858085
0.860560
0.866275
0.869348
0.913721
0.877461
0.866217
0.903519
0.871515
0.868482
0.859829
0.886460
0.845612
0.858446
0.838496
0.841549
0.847409
0.886375
0.861916
0.843817
0.847020
0.838189
0.844160
0.839518
0.844318
0.825550
0.822754
0.874521
0.874435
0.867414
0.854685
0.875656
0.884887
0.862338
0.880086
0.875097
0.881842
0.878689
0.871697
0.871359
0.870742
0.883207
0.880436
0.868007
0.862360
0.876410
0.883906
0.885176
0.858645
0.859232
0.861175
0.861532
0.853025
0.864214
0.897538
0.896228
0.859157
0.890238
0.859192
0.852930
0.887137
0.848947
0.844583
0.871050
0.854333
0.856739
0.817672
0.834145
0.823606
0.833695
0.843104
0.842324
0.854152
0.840581
0.858990
0.855465
0.864761
0.882696
0.872262
0.870276
0.870461
0.875683
0.877105
0.891342
0.884925
0.892277
0.895053
0.901481
0.898227
0.897486
0.901342
0.900938
0.895926
0.899274
0.896437
0.892727
0.889806
0.879714
0.889708
0.893304
0.894161
0.881475
0.883382
0.887997
0.887193
0.886969
0.893420
0.876338
0.875493
0.883251
0.868744
0.879817
0.877008
0.867313
0.886988
0.857832
0.862683
0.848389
0.892713
0.898375
0.862525
0.878747
0.871555
0.870855
0.871376
0.871900
0.866591
0.871764
0.890785
0.891498
0.873500
0.864803
0.867546
0.852799
0.880677
0.860117
0.856441
0.852469
0.862833
0.856461
0.866735
0.865062
0.854137
0.877697
0.869015
0.868897
0.871116
0.883988
0.873721
0.903658
0.874461
0.863397
0.904613
0.863895
0.863829
0.862907
0.867245
0.894920
0.899488
0.869225
0.866977
0.869007
0.864705
0.933545
0.929918
0.911701
0.907937
0.927049
0.903657
0.897464
0.889378
0.905537
0.913193
0.904992
0.927717
0.911391
0.893704
0.880187
0.878198
0.906884
0.911326
0.955162
0.925744
0.930509
0.951076
0.921794
0.901536
0.918967
0.925167
0.919028
0.911982
0.909881
0.903809
0.909702
0.912766
0.922083
0.924062
0.920267
0.912498
0.911770
0.901594
0.907274
0.904379
0.854627
0.879441
0.887490
0.886920
0.894759
0.902677
0.892781
0.885012
0.895458
0.898056
0.889475
0.903313
0.906214
0.903140
0.896573
0.908612
0.906068
0.891754
0.890870
0.903130
0.890952
0.888361
0.887379
0.886283
0.893871
0.884356
0.895025
0.889766
0.898030
0.906561
0.903516
0.899498
0.892034
0.891636
0.892848
0.888426
0.890143
0.893443
0.886395
0.892865
0.891023
0.884461
0.879290
0.877825
0.893810
0.884000
0.882736
0.885510
0.887940
0.879739
0.878958
0.878554
0.883565
0.887818
0.881832
0.878176
0.886500
0.873365
0.887479
0.875837
0.881035
0.884530
0.866047
0.880193
0.891362
0.880868
0.881743
0.882777
0.873577
0.873930
0.883254
0.875647
0.882254
0.880093
0.887576
0.887919
0.882737
0.893908
0.894062
0.889508
0.882282
0.880858
0.916220
0.917474
0.897143
0.889273
0.910982
0.862062
0.861161
0.897504
0.874932
0.892368
0.887280
0.885841
0.887457
0.875916
0.883406
0.875541
0.894625
0.873310
0.884921
0.884632
0.879655
0.884597
0.879333
0.882668
0.887311
0.887096
0.888146
0.891285
0.868313
0.883265
0.854476
0.857934
0.884556
0.854788
0.839555
0.839033
0.842285
0.843577
0.838111
0.838151
0.841185
0.834476
0.835466
0.837496
0.858039
0.856456
0.884460
0.884569
0.846031
0.839187
0.854898
0.852379
0.843625
0.855313
0.885823
0.893194
0.882916
0.888740
0.856982
0.896343
0.860731
0.851505
0.841413
0.845530
0.848653
0.818292
0.826065
0.843216
0.829808
0.850259
0.848899
0.858025
0.890293
0.870593
0.869153
0.866248
0.840637
0.842552
0.869582
0.847038
0.838212
0.849640
0.837974
0.834353
0.836262
0.838370
0.838162
0.840948
0.835698
0.846093
0.838538
0.839508
0.842174
0.833340
0.848773
0.852496
0.848638
0.846686
0.861267
0.861097
0.869816
0.867240
0.878564
0.868955
0.868501
0.875890
0.871056
0.870134
0.873355
0.877455
0.862862
0.870562
0.890812
0.873501
0.890526
0.887136
0.880670
0.878707
0.871962
0.871305
0.862640
0.868585
0.876173
0.878469
0.874676
0.872435
0.874181
0.870927
0.840998
0.835105
0.851167
0.841039
0.837174
0.850487
0.875765
0.868257
0.878810
0.866571
0.872914
0.846900
0.864713
0.882732
0.840755
0.844240
0.842645
0.843062
0.849544
0.850381
0.875742
0.885468
0.884329
0.885422
0.873100
0.882992
0.884321
0.893999
0.882091
0.885633
0.883336
0.880318
0.884009
0.878740
0.884153
0.883651
0.884273
0.885385
0.881468
0.883215
0.886517
0.891249
0.887714
0.891212
0.868844
0.866782
0.887567
0.887661
0.869613
0.886755
0.885081
0.880658
0.852980
0.844053
0.864216
0.853773
0.839391
0.863367
0.858119
0.856077
0.855693
0.854297
0.854864
0.864883
0.862927
0.843291
0.837820
0.866460
0.868103
0.860819
0.847700
0.855052
0.848289
0.854885
0.827675
0.838508
0.825444
0.811153
0.851592
0.854278
0.861150
0.846090
0.866517
0.838867
0.851924
0.831969
0.808268
0.824207
0.867375
0.850007
0.869622
0.850709
0.860130
0.868909
0.870826
0.848514
0.873335
0.870681
0.862276
0.851095
0.872297
0.870409
0.858799
0.867772
0.849716
0.851103
0.866586
0.862139
0.856638
0.851764
0.855857
0.855499
0.850157
0.850908
0.861925
0.848045
0.861397
0.861396
0.864113
0.862789
0.879033
0.890374
0.890292
0.878008
0.905651
0.897714
0.875643
0.869618
0.891297
0.916570
0.900363
0.894541
0.892032
0.890536
0.876542
0.867523
0.870790
0.883324
0.881663
0.888060
0.858459
0.860773
0.876647
0.860947
0.891397
0.851005
0.868181
0.868643
0.876191
0.890294
0.885360
0.890767
0.853047
0.883950
0.886563
0.862066
0.853919
0.866025
0.873406
0.861801
0.873146
0.852328
0.864210
0.878245
0.857531
0.859973
0.846411
0.853951
0.864473
0.870935
0.869671
0.874528
0.872829
0.867232
0.872985
0.876709
0.878572
0.864342
0.863161
0.867552
0.865678
0.868350
0.872680
0.873085
0.866597
0.874892
0.870221
0.867627
0.863898
0.869297
0.870669
0.856224
0.868957
0.872100
0.865835
0.863690
0.864970
0.868968
0.871325
0.878553
0.869169
0.847143
0.846224
0.843722
0.845789
0.845456
0.850373
0.849089
0.850293
0.844019
0.851281
0.845958
0.853273
0.852027
0.833489
0.831515
0.837567
0.848311
0.854663
0.863333
0.855294
0.850889
0.842241
0.823393
0.840552
0.847441
0.826475
0.846915
0.841740
0.850111
0.858130
0.859318
0.840111
0.846704
0.804465
0.813009
0.801639
0.821433
0.831702
0.832376
0.852635
0.831884
0.845321
0.817481
0.826185
0.810940
0.839511
0.846383
0.840105
0.853673
0.882173
0.880879
0.865615
0.853802
0.834333
0.835726
0.835303
0.852371
0.856163
0.842478
0.858654
0.867570
0.872804
0.863252
0.867885
0.830365
0.837844
0.827812
0.850987
0.859283
0.843809
0.827345
0.847929
0.861375
0.850008
0.863519
0.857666
0.879029
0.874721
0.881187
0.878853
0.877141
0.876983
0.875078
0.876322
0.882904
0.887634
0.890585
0.893903
0.911378
0.897332
0.887407
0.881111
0.895664
0.890050
0.898102
0.903377
0.887873
0.903296
0.908445
0.891802
0.891386
0.897938
0.897585
0.899416
0.895437
0.911533
0.903257
0.935386
0.908257
0.935865
0.924250
0.922361
0.922385
0.915454
0.927480
0.919264
0.971660
0.979309
0.974267
0.938616
0.957103
0.945617
0.935798
0.941436
0.940219
0.964927
0.946657
0.923379
0.930906
0.944166
0.936732
0.936797
0.937673
0.945781
0.946758
0.916737
0.924969
0.902597
0.943262
0.937706
0.954852
0.932606
0.902336
0.929832
0.885376
0.886956
0.899288
0.897485
0.900690
0.895761
0.902627
0.902323
0.897623
0.883078
0.890835
0.888347
0.890178
0.898918
0.890530
0.890530
0.888871
0.886274
0.882913
0.883915
0.889937
0.889569
0.882599
0.891542
0.891199
0.896933
0.894885
0.874303
0.880623
0.891354
0.890679
0.888977
0.896343
0.898998
0.897599
0.899588
0.870976
0.880993
0.882147
0.885027
0.881152
0.881071
0.880003
0.886858
0.879317
0.899633
0.898322
0.890681
0.890676
0.880664
0.882105
0.892660
0.903028
0.904221
0.891178
0.894371
0.897799
0.893656
0.902531
0.902184
0.897896
0.898293
0.892510
0.880925
0.889046
0.879858
0.891793
0.900534
0.900490
0.895729
0.883818
0.894625
0.878991
0.889178
0.881445
0.880238
0.884579
0.885389
0.882267
0.891049
0.879433
0.896476
0.905960
0.896701
0.899748
0.896440
0.898390
0.897461
0.899542
0.897692
0.899607
0.904314
0.899749
0.897943
0.903218
0.921566
0.899880
0.909206
0.898236
0.884422
0.886228
0.891469
0.897604
0.890783
0.895173
0.898362
0.910535
0.896158
0.883759
0.886211
0.899024
0.899236
0.908085
0.911986
0.906028
0.900944
0.899171
0.884337
0.899534
0.906885
0.888945
0.894055
0.891461
0.899283
0.898658
0.927678
0.915587
0.911695
0.923274
0.915150
0.907825
0.923402
0.914220
0.902041
0.905203
0.901340
0.910322
0.912663
0.910445
0.903758
0.907028
0.904350
0.889899
0.890490
0.899437
0.896149
0.898530
0.899225
0.895174
0.899167
0.896286
0.904429
0.896389
0.911014
0.896327
0.903872
0.904996
0.904737
0.907120
0.876932
0.885867
0.879795
0.888731
0.894298
0.893279
0.896559
0.889276
0.885357
0.884577
0.897381
0.882138
0.901674
0.888163
0.883975
0.881271
0.886040
0.899946
0.887125
0.887230
0.889867
0.893100
0.892140
0.903914
0.901639
0.898459
0.885549
0.885412
0.887322
0.880612
0.888132
0.889383
0.890726
0.891088
0.880890
0.884670
0.884841
0.878857
0.879550
0.881850
0.883571
0.883427
0.880011
0.878528
0.904624
0.903774
0.909455
0.892663
0.885217
0.886248
0.891847
0.910196
0.896965
0.896001
0.899658
0.907001
0.918147
0.908809
0.904125
0.907460
0.905837
0.902956
0.914415
0.906363
0.898068
0.909810
0.903405
0.911017
0.911597
0.902047
0.915973
0.911097
0.908891
0.921421
0.915672
0.917682
0.913995
0.913855
0.922279
0.923612
0.932834
0.919681
0.919945
0.934825
0.930907
0.931737
0.906694
0.908059
0.918361
0.923090
0.921297
0.925447
0.922663
0.878620
0.881252
0.894263
0.880902
0.882142
0.884561
0.884817
0.879376
0.886383
0.884885
0.893225
0.890434
0.879468
0.883440
0.894638
0.882284
0.882906
0.881052
0.876959
0.885775
0.874859
0.899677
0.884307
0.875118
0.879711
0.885889
0.889734
0.895362
0.886219
0.912196
0.915469
0.900515
0.914149
0.904076
0.900764
0.905117
0.905004
0.904289
0.917863
0.924623
0.921258
0.898287
0.902221
0.901196
0.902233
0.900299
0.899844
0.910406
0.909665
0.908825
0.909165
0.910501
0.911065
0.904937
0.908752
0.906578
0.907572
0.903755
0.905714
0.894185
0.909556
0.901912
0.901888
0.899461
0.883979
0.898022
0.894318
0.884810
0.896211
0.891508
0.893432
0.883375
0.884248
0.888965
0.896849
0.895344
0.892798
0.891574
0.894548
0.900743
0.891916
0.893250
0.896885
0.890156
0.898739
0.892976
0.899360
0.896817
0.891986
0.902135
0.902036
0.891807
0.895169
0.897357
0.885912
0.885563
0.886682
0.885278
0.891762
0.893393
0.887728
0.887608
0.893843
0.875251
0.882531
0.878356
0.892439
0.886669
0.883593
0.890079
0.879045
0.890927
0.892518
0.892665
0.894416
0.907007
0.891005
0.892343
0.888840
0.892164
0.903388
0.905798
0.917646
0.898336
0.892349
0.904216
0.934938
0.917808
0.929564
0.914301
0.896454
0.901877
0.894729
0.942727
0.906849
0.949662
0.897711
0.903376
0.932933
0.902173
0.907521
0.894191
0.895030
0.898214
0.902533
0.896184
0.898367
0.900197
0.888724
0.888738
0.888738
0.892495
0.891505
0.896976
0.893711
0.890979
0.882763
0.886795
0.885086
0.888937
0.895744
0.881519
0.882956
0.893745
0.898363
0.897712
0.896710
0.877200
0.889070
0.893795
0.898252
0.893578
0.896807
0.884166
0.889778
0.891078
0.883396
0.896187
0.881725
0.886858
0.879561
0.882489
0.878756
0.883294
0.893568
0.884473
0.887610
0.877238
0.878851
0.882590
0.897448
0.885987
0.882895
0.886489
0.900816
0.884337
0.901925
0.898589
0.885290
0.893775
0.890024
0.904260
0.897972
0.887014
0.884062
0.893977
0.890770
0.891781
0.884534
0.897319
0.896269
0.904156
0.890830
0.891177
0.881873
0.895750
0.884674
0.880760
0.878401
0.889156
0.886790
0.880303
0.905946
0.914032
0.904695
0.908888
0.924039
0.901127
0.887811
0.895060
0.889104
0.897142
0.895649
0.904404
0.888208
0.899877
0.900823
0.886294
0.904072
0.905336
0.906468
0.909044
0.879868
0.888559
0.877347
0.900886
0.891337
0.898983
0.877944
0.879407
0.892412
0.892594
0.908002
0.905408
0.889610
0.898520
0.903348
0.910249
0.918340
0.901363
0.900791
0.923290
0.908363
0.905093
0.899699
0.902984
0.919390
0.910416
0.912586
0.907120
0.915501
0.929665
0.933893
0.919519
0.934335
0.919917
0.922500
0.920098
0.928889
0.915811
0.911763
0.879424
0.885780
0.881299
0.888763
0.877858
0.882054
0.895574
0.883232
0.879961
0.882818
0.890993
0.892267
0.903873
0.892497
0.903752
0.897060
0.892715
0.897331
0.900388
0.905018
0.904199
0.903247
0.895541
0.894635
0.907660
0.904980
0.905334
0.904992
0.893239
0.889848
0.890154
0.902154
0.896852
0.890003
0.896993
0.891211
0.888098
0.891492
0.894180
0.892145
0.894803
0.898254
0.889516
0.896995
0.904915
0.906215
0.906219
0.902827
0.895525
0.887779
0.889084
0.897744
0.898128
0.893709
0.888449
0.885145
0.888964
0.894202
0.887816
0.884635
0.897470
0.891151
0.896455
0.898231
0.888789
0.888308
0.891049
0.884220
0.884428
0.886202
0.887591
0.886793
0.886283
0.887212
0.883895
0.877122
0.878894
0.879079
0.879629
0.881394
0.880618
0.880588
0.878405
0.879873
0.889191
0.875152
0.882048
0.881182
0.877145
0.886332
0.879750
0.890760
0.897089
0.882822
0.889906
0.888233
0.888524
0.895970
0.884294
0.905559
0.889173
0.911233
0.896552
0.900728
0.917377
0.894699
0.906632
0.873711
0.878734
0.878830
0.882822
0.889134
0.882938
0.874917
0.881619
0.880952
0.874588
0.871484
0.876516
0.877211
0.875223
0.871615
0.879402
0.875966
0.872802
0.875677
0.880393
0.883078
0.876752
0.873173
0.880162
0.882824
0.884182
0.884882
0.881244
0.878969
0.878593
0.877049
0.896392
0.895347
0.897072
0.886397
0.885675
0.886475
0.888847
0.895098
0.898640
0.894678
0.888147
0.888240
0.893062
0.895889
0.895786
0.912634
0.888835
0.921320
0.908165
0.909172
0.923358
0.912103
0.893693
0.896837
0.899405
0.898232
0.897445
0.898454
0.897004
0.911735
0.899767
0.910141
0.908182
0.914989
0.908151
0.882903
0.888608
0.889430
0.891973
0.890399
0.896831
0.872559
0.875008
0.898167
0.891391
0.890912
0.876279
0.879997
0.888534
0.892954
0.886599
0.881322
0.888680
0.876161
0.882904
0.886490
0.884662
0.877944
0.903456
0.905572
0.897970
0.892396
0.888479
0.899960
0.904799
0.897232
0.901379
0.907558
0.902431
0.895955
0.902445
0.895995
0.904485
0.902219
0.898665
0.895246
0.897123
0.901705
0.897952
0.904996
0.903171
0.901807
0.908545
0.900454
0.912693
0.899412
0.910007
0.919602
0.877027
0.880741
0.874857
0.865480
0.868825
0.866764
0.879430
0.887150
0.884648
0.886272
0.887208
0.888776
0.881522
0.885970
0.893424
0.888603
0.906803
0.897925
0.893563
0.889692
0.894246
0.891636
0.895636
0.895096
0.891770
0.888917
0.899056
0.910457
0.890689
0.892495
0.899925
0.889302
0.905958
0.909391
0.882576
0.879111
0.901043
0.910954
0.907071
0.884228
0.886025
0.880565
0.884559
0.883015
0.875277
0.883804
0.874087
0.881793
0.877537
0.875884
0.872675
0.872412
0.871232
0.870491
0.874749
0.874465
0.866386
0.875080
0.877125
0.877170
0.871272
0.874417
0.870340
0.867095
0.868367
0.877931
0.873678
0.868841
0.867324
0.868539
0.872522
0.869139
0.880036
0.878119
0.878641
0.896640
0.891374
0.884613
0.894367
0.886132
0.885056
0.878510
0.878350
0.882084
0.897637
0.884397
0.886059
0.881267
0.879435
0.883010
0.880833
0.881362
0.883642
0.879397
0.881741
0.884983
0.880604
0.881644
0.885843
0.886572
0.886008
0.885681
0.879405
0.878493
0.878730
0.871517
0.881914
0.873587
0.868344
0.871468
0.867689
0.873090
0.871298
0.873201
0.872394
0.873286
0.873993
0.873483
0.873128
0.877416
0.872774
0.881095
0.877182
0.875341
0.874283
0.867294
0.868634
0.871428
0.870490
0.870113
0.869815
0.875721
0.869790
0.884415
0.872573
0.867172
0.868121
0.884633
0.874070
0.881043
0.880301
0.879678
0.885514
0.887811
0.880967
0.895275
0.899887
0.895824
0.889833
0.891317
0.880742
0.897760
0.898239
0.890934
0.893584
0.886541
0.886553
0.882456
0.891002
0.882138
0.879671
0.880639
0.877302
0.881871
0.882549
0.880533
0.887435
0.878776
0.880426
0.875214
0.886147
0.882405
0.885760
0.891271
0.887450
0.894339
0.884618
0.887591
0.895833
0.911106
0.891840
0.905314
0.892899
0.888315
0.894790
0.878819
0.875083
0.892680
0.887698
0.884831
0.880581
0.877332
0.879486
0.873518
0.875858
0.880994
0.876982
0.877299
0.878360
0.882289
0.879364
0.881177
0.879628
0.876615
0.879935
0.883569
0.877805
0.883735
0.881621
0.891392
0.887068
0.880434
0.884886
0.889804
0.893655
0.889760
0.900045
0.903079
0.892515
0.907108
0.893269
0.901399
0.910218
0.905376
0.907272
0.904646
0.902182
0.913483
0.907617
0.907219
0.909942
0.912425
0.919960
0.909581
0.882352
0.890032
0.888875
0.889190
0.901767
0.898587
0.897113
0.896926
0.907542
0.896083
0.885997
0.892580
0.888699
0.888415
0.882475
0.885190
0.876744
0.903531
0.882488
0.891406
0.886427
0.890887
0.904744
0.895009
0.896077
0.890192
0.891465
0.896843
0.889896
0.904999
0.901343
0.907590
0.899965
0.897931
0.891745
0.890780
0.899382
0.887464
0.896653
0.894609
0.893111
0.917465
0.879215
0.871758
0.872664
0.870275
0.881228
0.881015
0.879431
0.873095
0.895879
0.897446
0.895971
0.887919
0.903637
0.887533
0.893127
0.889480
0.888318
0.883289
0.885914
0.887724
0.891004
0.890890
0.884340
0.901773
0.885696
0.882514
0.881904
0.873449
0.877309
0.878642
0.871132
0.869951
0.877719
0.878120
0.874778
0.875355
0.876921
0.872992
0.874909
0.877044
0.878259
0.882109
0.876139
0.882268
0.869887
0.868955
0.868646
0.871712
0.870654
0.871618
0.874917
0.880427
0.872687
0.886649
0.883002
0.884144
0.884930
0.883551
0.893928
0.891779
0.890167
0.877819
0.885048
0.883480
0.881254
0.886113
0.888493
0.886588
0.879804
0.879671
0.883248
0.871251
0.874942
0.876792
0.872226
0.871428
0.881596
0.887232
0.876539
0.872846
0.880887
0.885015
0.879417
0.865809
0.869264
0.870653
0.871728
0.867397
0.869525
0.877401
0.872872
0.876814
0.874069
0.877003
0.883084
0.874712
0.864778
0.874975
0.873733
0.872315
0.877107
0.882747
0.879038
0.875884
0.875927
0.882157
0.895183
0.878707
0.889146
0.882748
0.891127
0.890822
0.891221
0.892755
0.884654
0.894798
0.893454
0.873772
0.883958
0.888907
0.887377
0.884812
0.895247
0.892479
0.892844
0.891468
0.890651
0.888975
0.884465
0.883886
0.890495
0.884452
0.890116
0.888089
0.889962
0.878675
0.892987
0.884771
0.871444
0.876615
0.876598
0.880908
0.881836
0.880951
0.880807
0.883361
0.890393
0.886658
0.885348
0.888334
0.896362
0.886013
0.885796
0.882336
0.891542
0.894018
0.892797
0.909677
0.915166
0.909668
0.908792
0.909791
0.909170
0.912200
0.921580
0.924757
0.902590
0.895826
0.896038
0.883499
0.907896
0.888114
0.892418
0.884430
0.880481
0.878692
0.880669
0.874017
0.884300
0.898935
0.904633
0.889405
0.893180
0.893409
0.893986
0.897085
0.921236
0.917799
0.901123
0.872923
0.882227
0.877637
0.880290
0.883733
0.876559
0.873960
0.872257
0.881153
0.881010
0.885978
0.890319
0.885507
0.885949
0.877628
0.886676
0.882497
0.877999
0.871151
0.875343
0.869399
0.876003
0.875123
0.873848
0.876673
0.876462
0.882023
0.881384
0.872802
0.872762
0.873650
0.875498
0.883917
0.878910
0.889772
0.873901
0.880377
0.883387
0.869288
0.880983
0.885274
0.887119
0.885700
0.878136
0.878663
0.883840
0.879376
0.879823
0.877388
0.877695
0.873321
0.872694
0.875235
0.879232
0.877313
0.875408
0.875771
0.878022
0.874521
0.880316
0.879929
0.879999
0.884142
0.888902
0.877058
0.879939
0.877073
0.865511
0.853177
0.870331
0.865538
0.856323
0.840413
0.847002
0.856177
0.852856
0.851197
0.862894
0.859563
0.861111
0.871496
0.856779
0.884606
0.861754
0.865471
0.862577
0.877241
0.864133
0.889035
0.893839
0.869928
0.886757
0.888568
0.877572
0.870881
0.878129
0.885815
0.878055
0.925141
0.870152
0.881654
0.878975
0.916574
0.878374
0.871848
0.914561
0.886365
0.869487
0.846776
0.853213
0.860823
0.855231
0.881151
0.875476
0.901098
0.898208
0.884765
0.919536
0.855497
0.854019
0.865809
0.869423
0.851491
0.903563
0.882315
0.874676
0.878214
0.861162
0.861540
0.883873
0.860170
0.846811
0.849408
0.862526
0.831475
0.829474
0.847187
0.837990
0.829780
0.848281
0.850867
0.854030
0.850749
0.847325
0.845087
0.841237
0.843978
0.835921
0.831855
0.839740
0.843937
0.839962
0.885378
0.849189
0.844578
0.879486
0.839545
0.847208
0.855381
0.846352
0.873344
0.877743
0.843776
0.842373
0.841734
0.840539
0.853197
0.871764
0.862942
0.849112
0.860571
0.856875
0.863478
0.847017
0.847862
0.847641
0.850224
0.854372
0.843710
0.846996
0.846033
0.842478
0.849643
0.846239
0.858466
0.859185
0.852757
0.857768
0.856943
0.859719
0.853361
0.851663
0.861152
0.849157
0.879206
0.880945
0.888266
0.883113
0.883928
0.864937
0.884409
0.878939
0.880446
0.885868
0.893802
0.894031
0.897862
0.903574
0.892071
0.889588
0.876039
0.888527
0.881105
0.880778
0.886427
0.880703
0.866901
0.864555
0.877656
0.881966
0.875161
0.882305
0.870760
0.898454
0.919772
0.895506
0.878436
0.887428
0.886383
0.883721
0.880714
0.896572
0.873094
0.865153
0.866746
0.890762
0.905815
0.905169
0.868845
0.858603
0.887517
0.856106
0.870510
0.849320
0.852581
0.850311
0.845749
0.844848
0.849125
0.855179
0.876792
0.877170
0.862484
0.865425
0.872047
0.877516
0.868732
0.857952
0.846769
0.840661
0.855872
0.840222
0.875715
0.854340
0.881116
0.883203
0.891155
0.889325
0.888206
0.870843
0.888902
0.872683
0.894910
0.882089
0.869937
0.861985
0.881727
0.878165
0.898029
0.881402
0.890984
0.879658
0.878003
0.882833
0.892008
0.880027
0.882491
0.876085
0.886214
0.886664
0.857304
0.865686
0.860786
0.864077
0.847958
0.853893
0.855264
0.861917
0.862141
0.861919
0.864175
0.859969
0.865929
0.861769
0.867049
0.855246
0.869663
0.869757
0.877930
0.872165
0.872230
0.853079
0.865034
0.862355
0.882504
0.879420
0.874194
0.903918
0.919768
0.908251
0.877475
0.894740
0.877303
0.887909
0.867311
0.862080
0.863447
0.878184
0.870083
0.873882
0.890585
0.885770
0.879680
0.867328
0.887317
0.869942
0.888490
0.884227
0.871720
0.888587
0.888870
0.860110
0.856616
0.852199
0.855340
0.860679
0.853623
0.853354
0.849596
0.845789
0.850505
0.855622
0.855055
0.876964
0.874300
0.862456
0.861281
0.868241
0.868732
0.868698
0.861773
0.853457
0.843064
0.865460
0.869728
0.891721
0.847540
0.891213
0.853220
0.853104
0.875488
0.850242
0.868571
0.840314
0.842912
0.720742
0.828708
0.824740
0.807286
0.913293
0.875166
0.886378
0.860354
0.884613
0.879731
0.856955
0.861421
0.827002
0.846479
0.899278
0.912862
0.879797
0.860561
0.867005
0.889174
0.886417
0.860913
0.823114
0.817583
0.872197
0.865221
0.857533
0.884887
0.876926
0.892945
0.884223
0.891293
0.821915
0.843452
0.854305
0.861403
0.854350
0.860442
0.893210
0.870388
0.847337
0.859604
0.817670
0.843522
0.871092
0.839687
0.884891
0.844095
0.832383
0.870336
0.877835
0.859412
0.802763
0.812437
0.845094
0.835451
0.842207
0.829605
0.836227
0.845265
0.835713
0.835331
0.807200
0.816508
0.860565
0.861364
0.837277
0.852193
0.846673
0.835852
0.806380
0.885474
0.887074
0.894625
0.878781
0.886349
0.887885
0.895954
0.865137
0.884399
0.749558
0.827997
0.844215
0.841614
0.910727
0.901646
0.877016
0.880744
0.896422
0.882713
0.882653
0.830755
0.839702
0.858428
0.855373
0.863848
0.843582
0.845888
0.857070
0.854352
0.846819
0.846037
0.827913
0.824156
0.823411
0.865920
0.866473
0.880831
0.880770
0.874774
0.861241
0.861917
0.892078
0.872416
0.871835
0.864347
0.884627
0.864582
0.846442
0.862822
0.852219
0.850261
0.881739
0.853025
0.843647
0.848313
0.876586
0.876257
0.878342
0.887825
0.867280
0.867789
0.878551
0.873820
0.876638
0.861042
0.873674
0.874397
0.861661
0.859184
0.874933
0.870394
0.873296
0.864214
0.863086
0.830005
0.828816
0.829364
0.875031
0.872521
0.888289
0.894692
0.884146
0.864038
0.880413
0.855789
0.863236
0.865573
0.855682
0.859027
0.853904
0.856927
0.857624
0.823651
0.883190
0.877355
0.883483
0.877646
0.870004
0.893408
0.852862
0.858530
0.845123
0.852422
0.844148
0.848319
0.845309
0.838766
0.821265
0.826507
0.874289
0.870832
0.863271
0.867193
0.873358
0.873066
0.861211
0.837180
0.826790
0.847580
0.859378
0.854580
0.864182
0.852733
0.862749
0.841576
0.869148
0.867200
0.869147
0.881989
0.867127
0.872928
0.850708
0.841496
0.843538
0.863683
0.855938
0.851503
0.873939
0.848696
0.840495
0.857904
0.871227
0.874318
0.861629
0.868321
0.862085
0.889521
0.877033
0.878510
0.863176
0.873418
0.881502
0.833121
0.838799
0.836123
0.849773
0.853047
0.855349
0.839009
0.853081
0.852759
0.861795
0.864910
0.870216
0.853582
0.845624
0.850553
0.864375
0.869249
0.875159
0.897624
0.865841
0.876122
0.896894
0.867826
0.876753
0.877504
0.899902
0.895226
0.919346
0.910036
0.884482
0.877776
0.876648
0.882915
0.883899
0.865306
0.870518
0.860579
0.865167
0.881572
0.882845
0.864729
0.871928
0.885926
0.898976
0.886870
0.900121
0.865319
0.884621
0.852052
0.848690
0.843827
0.847551
0.857286
0.842585
0.850013
0.834489
0.845089
0.839033
0.840930
0.841887
0.851235
0.843550
0.849112
0.848511
0.859769
0.846158
0.855950
0.860352
0.841104
0.866169
0.891511
0.867865
0.847969
0.877911
0.838034
0.867936
0.855514
0.832773
0.865442
0.838214
0.870553
0.861695
0.868689
0.862487
0.873268
0.843269
0.848901
0.846494
0.844870
0.858763
0.851782
0.844243
0.822217
0.829057
0.847498
0.835282
0.863062
0.872239
0.849952
0.858988
0.863042
0.850250
0.874812
0.866181
0.856338
0.869405
0.872618
0.859483
0.871063
0.870205
0.865948
0.875454
0.860869
0.885167
0.862274
0.880144
0.872757
0.853271
0.761935
0.830089
0.838374
0.849308
0.853311
0.844535
0.849145
0.842024
0.840994
0.860651
0.852839
0.849806
0.823760
0.825293
0.893174
0.901535
0.910648
0.876205
0.901526
0.884571
0.914755
0.883618
0.869273
0.881076
0.853013
0.832475
0.831289
0.895365
0.879600
0.890222
0.885832
0.887361
0.888785
0.876118
0.853790
0.853252
0.843108
0.851960
0.849450
0.854828
0.844444
0.847971
0.823312
0.831717
0.875907
0.897554
0.874543
0.866212
0.857474
0.860051
0.850114
0.846911
0.826361
0.824431
0.864676
0.880405
0.867436
0.884555
0.902655
0.882724
0.872527
0.889671
0.830128
0.836764
0.889592
0.893589
0.920597
0.907493
0.874602
0.903718
0.848902
0.896373
0.892641
0.903984
0.906444
0.905660
0.893302
0.888362
0.900430
0.895945
0.899966
0.888111
0.902898
0.892109
0.899997
0.904602
0.880354
0.863667
0.866238
0.879391
0.861416
0.887660
0.879179
0.877312
0.882651
0.879241
0.890495
0.890105
0.870271
0.861106
0.861516
0.879947
0.864595
0.861152
0.863031
0.862810
0.859845
0.865321
0.859890
0.858326
0.853841
0.856051
0.865007
0.869159
0.852216
0.865086
0.861566
0.860412
0.866705
0.860257
0.866828
0.864915
0.854854
0.866845
0.858301
0.863861
0.860948
0.859970
0.875535
0.875333
0.867946
0.851352
0.865237
0.871874
0.867504
0.879050
0.833167
0.868417
0.878016
0.833681
0.843858
0.839596
0.838910
0.843970
0.827059
0.830057
0.859721
0.872130
0.873102
0.865410
0.932010
0.937556
0.904170
0.882920
0.885540
0.889302
0.893171
0.898803
0.928909
0.922806
0.952043
0.960185
0.922729
0.955973
0.947532
0.960600
0.925357
0.917197
0.942650
0.923022
0.927834
0.925126
0.916793
0.916546
0.912380
0.929963
0.926546
0.923273
0.914327
0.909556
0.908386
0.906123
0.880931
0.890594
0.890896
0.880368
0.874742
0.888676
0.892876
0.895309
0.904335
0.898118
0.890329
0.907414
0.878805
0.874729
0.864481
0.880141
0.871918
0.854458
0.882174
0.871470
0.842546
0.895913
0.865577
0.863534
0.869141
0.874242
0.905321
0.894131
0.862487
0.865421
0.841813
0.868873
0.853764
0.838892
0.849270
0.851019
0.837809
0.848298
0.867293
0.875797
0.862468
0.868611
0.850126
0.845631
0.856496
0.840408
0.843687
0.853559
0.866668
0.856040
0.847191
0.863384
0.864043
0.847814
0.846264
0.845224
0.849051
0.843545
0.856466
0.851504
0.862781
0.870937
0.866762
0.864760
0.872660
0.872337
0.873510
0.867352
0.861407
0.860360
0.877299
0.861254
0.873559
0.871283
0.873326
0.874512
0.872680
0.874164
0.874111
0.872711
0.873116
0.874175
0.874279
0.874398
0.873429
0.773718
0.547483
0.840879
0.769823
0.541681
0.837037
0.865054
0.864658
0.866094
0.831513
0.840186
0.746226
0.478009
0.541554
0.778968
0.351466
0.573281
0.276977
0.351657
0.571392
0.274283
0.348123
0.343984
0.311009
0.340504
0.277040
0.274640
0.396493
0.644818
0.574548
0.357784
0.853319
0.850449
0.796957
0.780738
0.828241
0.794688
0.901728
0.853225
0.894005
0.896342
0.890618
0.888477
0.866959
0.871008
0.868579
0.896985
0.894148
0.877425
0.875500
0.872017
0.878034
0.879457
0.862424
0.868877
0.885912
0.889177
0.884481
0.903610
0.903262
0.890537
0.888811
0.892774
0.903231
0.872469
0.883506
0.910041
0.896364
0.902545
0.896150
0.900079
0.955532
0.958667
0.963087
0.949381
0.961464
0.955283
0.970654
0.936738
0.964065
0.945519
0.960116
0.954357
0.952164
0.949760
0.972545
0.941208
0.939191
0.930390
0.918388
0.934443
0.931311
0.931214
0.935989
0.943811
0.922111
0.922804
0.932497
0.928452
0.933138
0.948505
0.929534
0.941096
0.939614
0.937508
0.827175
0.594439
0.913596
0.838831
0.589648
0.920026
0.935684
0.932452
0.889786
0.903128
0.794300
0.514479
0.582873
0.833893
0.357219
0.552931
0.291917
0.358127
0.551507
0.290951
0.368177
0.375188
0.336060
0.370048
0.295525
0.290676
0.390908
0.621137
0.545502
0.358370
0.858901
0.834728
0.858856
0.837535
0.741951
0.742227
0.773853
0.741650
0.848799
0.836703
0.868645
0.864889
0.870925
0.871123
0.867655
0.866386
0.863840
0.869337
0.868940
0.866732
0.867424
0.865067
0.865399
0.863855
0.867128
0.867756
0.866456
0.870084
0.864648
0.864575
0.864152
0.851489
0.859976
0.877091
0.855222
0.859364
0.873710
0.869100
0.866651
0.866993
0.869486
0.869283
0.866612
0.880609
0.862230
0.858823
0.865884
0.861816
0.869940
0.889120
0.865540
0.874838
0.879313
0.857351
0.849362
0.857703
0.858558
0.867334
0.879204
0.864444
0.864091
0.865010
0.864555
0.874491
0.890970
0.881782
0.887781
0.897428
0.883792
0.868785
0.869334
0.871286
0.864817
0.884157
0.882530
0.872415
0.893553
0.897221
0.881135
0.907726
0.903368
0.904264
0.897409
0.911519
0.905024
0.908067
0.897530
0.907838
0.913349
0.906513
0.912287
0.883136
0.881029
0.889567
0.885872
0.890506
0.890998
0.894839
0.890122
0.902887
0.893332
0.906954
0.904634
0.889016
0.900779
0.887109
0.905406
0.900756
0.863600
0.873821
0.868269
0.870599
0.868807
0.869560
0.873052
0.873126
0.873350
0.876672
0.875475
0.867094
0.865675
0.865214
0.867308
0.899382
0.903922
0.901560
0.893956
0.904116
0.900368
0.911035
0.908957
0.892268
0.912566
0.893495
0.894865
0.904165
0.902727
0.904094
0.892831
0.880912
0.896248
0.880355
0.897905
0.900237
0.891045
0.886209
0.889893
0.887239
0.886856
0.892614
0.892117
0.893006
0.889676
0.885592
0.891940
0.883679
0.891796
0.894645
0.872671
0.889574
0.892507
0.879210
0.884161
0.890809
0.880941
0.885399
0.879187
0.891898
0.881500
0.887120
0.872508
0.871008
0.867177
0.864490
0.856289
0.859847
0.872168
0.884122
0.858635
0.872361
0.842418
0.846312
0.850578
0.866770
0.869845
0.883555
0.882513
0.879737
0.858593
0.878336
0.883544
0.858129
0.871596
0.877353
0.877642
0.874300
0.866285
0.866952
0.878507
0.895228
0.882167
0.879476
0.869985
0.862786
0.886182
0.872497
0.880718
0.895070
0.858487
0.859253
0.857071
0.855870
0.898260
0.888400
0.881128
0.867806
0.877370
0.870238
0.913611
0.945558
0.896215
0.905988
0.945440
0.912652
0.884374
0.894976
0.900402
0.899393
0.895652
0.916653
0.890334
0.919414
0.917411
0.904234
0.942421
0.952306
0.989182
0.987517
0.999553
1.000000
0.999577
0.923453
0.944419
0.912759
0.999612
0.933338
0.996951
0.951384
0.897753
0.914421
0.901236
0.899543
0.901532
0.913951
0.900268
0.913099
0.895779
0.909787
0.898658
0.910662
0.909724
0.906646
0.898431
0.915142
0.919486
0.917508
0.916067
0.905834
0.917912
0.907236
0.918164
0.918350
0.920634
0.928285
0.923284
0.903203
0.882772
0.887108
0.895801
0.898153
0.890387
0.887329
0.884607
0.887515
0.903498
0.889607
0.887735
0.882295
0.897314
0.880468
0.876284
0.879681
0.873608
0.883689
0.885908
0.880703
0.886033
0.892042
0.905162
0.877191
0.893315
0.849947
0.862062
0.865027
0.870103
0.870748
0.871478
0.865871
0.850812
0.872072
0.859303
0.863855
0.865243
0.870145
0.870667
0.873292
0.869239
0.874909
0.898628
0.858917
0.872707
0.892066
0.871343
0.879854
0.890959
0.871113
0.868183
0.878347
0.866885
0.867507
0.873467
0.876134
0.864236
0.888083
0.905636
0.906090
0.894633
0.907714
0.907450
0.857539
0.866779
0.875101
0.875048
0.916628
0.909281
0.925555
0.905251
0.906405
0.914827
0.904937
0.934519
0.899057
0.899348
0.928616
0.889488
0.895317
0.902973
0.894350
0.911302
0.923459
0.897531
0.952327
0.940084
0.928317
0.924928
0.970456
0.970451
0.967402
0.951068
0.955866
0.905085
0.940565
0.914084
0.936688
0.935018
0.937342
0.930764
0.920778
0.935152
0.903379
0.902683
0.891199
0.877322
0.872289
0.897621
0.887658
0.862546
0.851706
0.845736
0.870608
0.847243
0.877562
0.880225
0.877543
0.872901
0.872594
0.935671
0.905944
0.922245
0.877193
0.914304
0.895564
0.908434
0.906951
0.897976
0.882740
0.937922
0.915720
0.933969
0.943955
0.944493
0.924878
0.945461
0.900351
0.895180
0.904335
0.913992
0.892267
0.914382
0.899515
0.902301
0.888126
0.893192
0.892660
0.879291
0.881065
0.871479
0.882938
0.877727
0.893619
0.887531
0.891659
0.886840
0.886813
0.887335
0.882898
0.863119
0.871540
0.881846
0.867284
0.844013
0.864280
0.848853
0.875729
0.868819
0.849260
0.865566
0.852563
0.839409
0.856594
0.840829
0.836061
0.861324
0.889408
0.889065
0.875866
0.883018
0.878216
0.867195
0.865986
0.853717
0.863113
0.873829
0.879688
0.876439
0.864822
0.932436
0.908047
0.925201
0.903386
0.877744
0.867417
0.870526
0.858685
0.921305
0.916928
0.884996
0.874164
0.897424
0.920131
0.896747
0.920024
0.908173
0.886748
0.864710
0.877665
0.892775
0.895730
0.902615
0.892617
0.918920
0.891648
0.947742
0.925792
0.916593
0.946540
0.953752
0.939303
0.932410
0.951786
0.925264
0.919925
0.924035
0.922727
0.921843
0.942153
0.964434
0.950158
0.936614
0.933080
0.888221
0.892874
0.875865
0.918518
0.896819
0.891870
0.884468
0.885123
0.887308
0.880234
0.902098
0.900351
0.876688
0.899738
0.890809
0.900331
0.870124
0.859480
0.874753
0.874519
0.848829
0.882570
0.883340
0.882366
0.893316
0.891228
0.886544
0.884707
0.875903
0.851229
0.840775
0.881932
0.853207
0.834248
0.851765
0.836778
0.836730
0.845875
0.875172
0.843261
0.825345
0.843006
0.825950
0.838524
0.864003
0.819517
0.828057
0.834220
0.876620
0.866011
0.868522
0.868751
0.848317
0.856852
0.857840
0.860018
0.858121
0.856004
0.846609
0.860724
0.854168
0.879461
0.852684
0.872259
0.874283
0.862256
0.895953
0.869462
0.873568
0.900245
0.875826
0.860452
0.856074
0.834939
0.889975
0.890665
0.875893
0.848505
0.857045
0.883939
0.887602
0.902028
0.889693
0.911506
0.933314
0.887804
0.862082
0.863889
0.854927
0.863941
0.883012
0.885158
0.868202
0.893880
0.912014
0.903209
0.919576
0.924892
0.918595
0.922487
0.906116
0.882552
0.901139
0.927935
0.919242
0.902075
0.881552
0.881753
0.897144
0.878828
0.872853
0.898289
0.889407
0.876287
0.906117
0.915337
0.923915
0.897839
0.878549
0.891817
0.873205
0.877478
0.870517
0.887328
0.879854
0.878570
0.855018
0.868059
0.849906
0.852394
0.856683
0.848306
0.859909
0.877224
0.869158
0.842955
0.847205
0.874119
0.856231
0.854642
0.849752
0.844608
0.848420
0.861520
0.857961
0.851645
0.846056
0.850125
0.856955
0.844739
0.826959
0.828515
0.852120
0.820143
0.809813
0.817823
0.824685
0.820792
0.814141
0.815154
0.832950
0.817534
0.830041
0.798719
0.800117
0.804549
0.799449
0.813374
0.801598
0.848969
0.863330
0.829171
0.847408
0.843340
0.828606
0.835596
0.855597
0.826402
0.846877
0.812682
0.823715
0.808076
0.816495
0.834670
0.814171
0.858319
0.875255
0.877987
0.843353
0.830233
0.873603
0.837788
0.839389
0.812014
0.825034
0.847822
0.858035
0.827102
0.822685
0.833099
0.853319
0.865540
0.874611
0.875198
0.869085
0.886088
0.867369
0.873990
0.848852
0.831822
0.831894
0.858718
0.857665
0.847101
0.864914
0.865541
0.853376
0.873943
0.886656
0.917683
0.879034
0.897997
0.871612
0.867557
0.875398
0.859637
0.870005
0.863029
0.870962
0.879429
0.914440
0.863721
0.852635
0.855559
0.880750
0.885796
0.883522
0.876955
0.877394
0.882350
0.864433
0.852057
0.867128
0.846323
0.863115
0.845459
0.862002
0.859444
0.851085
0.870884
0.862477
0.862074
0.862476
0.886846
0.863121
0.860041
0.857068
0.864008
0.857531
0.868288
0.850391
0.849443
0.867808
0.854154
0.858633
0.869745
0.848802
0.841261
0.845342
0.853047
0.845567
0.859335
0.857998
0.857474
0.861284
0.859880
0.849882
0.834065
0.844734
0.851509
0.798402
0.816391
0.803385
0.800289
0.804683
0.797424
0.822609
0.829020
0.822328
0.849355
0.809084
0.804434
0.820998
0.812164
0.806070
0.822083
0.806404
0.814870
0.803596
0.810075
0.819749
0.805421
0.818163
0.808399
0.831893
0.812653
0.809380
0.803065
0.812194
0.825941
0.823523
0.810528
0.834057
0.830441
0.850556
0.824894
0.820965
0.860761
0.812524
0.819010
0.827124
0.818047
0.840382
0.855957
0.823265
0.820292
0.812486
0.819051
0.856159
0.860354
0.850626
0.835701
0.842917
0.845572
0.822017
0.815405
0.826456
0.815894
0.847174
0.844230
0.840184
0.843928
0.849704
0.843923
0.867980
0.868306
0.841267
0.839971
0.867173
0.841285
0.847221
0.848311
0.846837
0.844535
0.844792
0.845533
0.860153
0.846337
0.844865
0.841448
0.855517
0.859274
0.856096
0.849637
0.860160
0.854521
0.841766
0.846265
0.845655
0.856234
0.845067
0.854993
0.866789
0.863588
0.876566
0.878108
0.863239
0.867973
0.870874
0.863092
0.872798
0.858968
0.869883
0.868246
0.872987
0.858082
0.872691
0.867707
0.873293
0.873981
0.846813
0.834062
0.848903
0.856785
0.836151
0.862177
0.851666
0.871450
0.861384
0.863617
0.854537
0.846369
0.840611
0.852396
0.813108
0.796852
0.829061
0.817554
0.822292
0.819298
0.824956
0.823951
0.844764
0.831010
0.818218
0.809478
0.829271
0.870730
0.816020
0.811699
0.817556
0.822673
0.811890
0.822926
0.854845
0.827801
0.808954
0.817706
0.822295
0.828516
0.868676
0.835857
0.867797
0.850173
0.845296
0.841968
0.852991
0.825451
0.857484
0.849431
0.831841
0.869956
0.816905
0.859209
0.852831
0.846628
0.883475
0.884390
0.863055
0.842084
0.839953
0.850175
0.856039
0.854900
0.840557
0.852006
0.850510
0.842060
0.835055
0.835303
0.847313
0.845547
0.850953
0.846251
0.854948
0.853582
0.847668
0.849119
0.855900
0.857254
0.848008
0.860079
0.850461
0.850862
0.856846
0.853138
0.860650
0.849961
0.853901
0.849719
0.866176
0.848471
0.848048
0.843750
0.855654
0.854324
0.842064
0.847635
0.864576
0.849620
0.869155
0.851545
0.870977
0.853156
0.870766
0.879005
0.869747
0.871765
0.873879
0.870337
0.873452
0.858842
0.849014
0.871599
0.845416
0.868261
0.869542
0.856384
0.819865
0.907758
0.837696
0.815704
0.876805
0.844255
0.841428
0.845580
0.828768
0.834079
0.824803
0.882707
0.856854
0.871843
0.896011
0.868661
0.886834
0.828469
0.841131
0.860705
0.853016
0.896682
0.862705
0.859865
0.895392
0.850414
0.852670
0.862140
0.858017
0.873196
0.858058
0.862019
0.850161
0.853572
0.867619
0.868870
0.869901
0.863303
0.872601
0.872482
0.867368
0.862671
0.866391
0.878827
0.870442
0.870238
0.871621
0.879429
0.876042
0.871743
0.867509
0.855896
0.869114
0.868873
0.863299
0.853198
0.860920
0.850556
0.819411
0.844659
0.839582
0.844446
0.818816
0.883402
0.869137
0.876715
0.833840
0.840053
0.866040
0.872860
0.858486
0.863966
0.881113
0.857806
0.898758
0.854005
0.849468
0.902522
0.850820
0.859900
0.866236
0.861143
0.860572
0.858296
0.863589
0.856936
0.867782
0.865551
0.863447
0.862891
0.865702
0.871120
0.865020
0.874489
0.873075
0.870836
0.860110
0.852829
0.865327
0.869922
0.861208
0.849540
0.861687
0.822705
0.831749
0.823189
0.843382
0.837162
0.839626
0.843107
0.823494
0.833796
0.862447
0.869506
0.835776
0.838981
0.841518
0.860299
0.882397
0.857522
0.850748
0.895378
0.868080
0.861292
0.896376
0.871415
0.872360
0.866763
0.856940
0.862050
0.871677
0.855798
0.861496
0.865714
0.872076
0.862274
0.866189
0.863346
0.863306
0.864300
0.864706
0.863523
0.869662
0.862957
0.862152
0.870496
0.880789
0.883311
0.872043
0.871074
0.869101
0.867058
0.853692
0.856871
0.841370
0.829805
0.821834
0.831906
0.844847
0.880909
0.862524
0.887391
0.860552
0.862470
0.895392
0.880106
0.868643
0.864190
0.857893
0.864439
0.876724
0.875176
0.874334
0.862968
0.864185
0.876108
0.878060
0.870098
0.844229
0.840833
0.873392
0.843921
0.555872
0.741118
0.558244
0.740341
0.553407
0.541513
0.742444
0.836875
0.865072
0.837038
0.546003
0.720068
0.535524
0.546009
0.724240
0.852619
0.843872
0.860377
0.827201
0.820714
0.834421
0.838561
0.547644
0.744980
0.543024
0.741867
0.539567
0.523823
0.736844
0.740396
0.831681
0.819727
0.829766
0.791618
0.805555
0.798141
0.838745
0.809672
0.519879
0.727851
0.511241
0.702039
0.507196
0.518678
0.716805
0.725405
0.883294
0.859561
0.879565
0.847122
0.835360
0.829092
0.849213
0.823584
0.516030
0.720919
0.529974
0.731262
0.524337
0.540800
0.726725
0.722484
0.880031
0.846656
0.893455
0.837473
0.823976
0.880221
0.858542
0.839081
0.518778
0.726482
0.570900
0.777053
0.553994
0.534824
0.739845
0.742171
0.876451
0.859843
0.853382
0.841870
0.833882
0.857224
0.837275
0.534811
0.754549
0.535163
0.782730
0.548650
0.552926
0.772006
0.753885
0.876117
0.864201
0.848575
0.855354
0.547547
0.776060
0.543445
0.791183
0.498812
0.784619
0.870601
0.857630
0.784955
0.499190
0.547554
0.547178
0.762828
0.784991
0.866868
0.868785
0.848884
0.850153
0.870560
0.857604
0.547738
0.770627
0.539995
0.779690
0.542277
0.786088
0.355697
0.365422
0.358878
0.301320
0.307362
0.305951
0.358386
0.302295
0.588101
0.386217
0.593951
0.382340
0.595203
0.595379
0.396013
0.394028
0.357724
0.358620
0.305087
0.301672
0.364727
0.308585
0.599097
0.395152
0.598969
0.378949
0.596334
0.379981
0.359738
0.361573
0.355833
0.293654
0.268564
0.296335
0.357749
0.307910
0.588549
0.380199
0.584274
0.368929
0.572105
0.551157
0.352897
0.358423
0.340671
0.321126
0.324705
0.256238
0.248057
0.239388
0.334624
0.259707
0.541491
0.324805
0.539065
0.313456
0.518165
0.511875
0.323368
0.313890
0.327355
0.326332
0.328364
0.261005
0.261415
0.256082
0.316736
0.259740
0.519344
0.331061
0.522051
0.333665
0.528624
0.536157
0.326595
0.330000
0.326767
0.326502
0.319515
0.263200
0.264756
0.257501
0.324513
0.259046
0.534394
0.331161
0.545605
0.329916
0.552027
0.538204
0.354389
0.342231
0.334499
0.335324
0.334520
0.272248
0.277958
0.269001
0.337609
0.265998
0.547692
0.357131
0.554773
0.351142
0.553833
0.562942
0.356598
0.355354
0.364778
0.344940
0.347705
0.276061
0.324139
0.273838
0.342288
0.272097
0.574814
0.366758
0.581974
0.363150
0.588696
0.315459
0.340619
0.340983
0.340631
0.278484
0.276250
0.324330
0.364413
0.278061
0.589427
0.315781
0.586123
0.568029
0.356688
0.357030
0.340491
0.344969
0.273459
0.273036
0.340348
0.275390
0.581246
0.356357
0.573129
0.353201
0.579803
0.357529
0.816890
0.817998
0.839276
0.914115
0.899459
0.930711
0.838764
0.928210
0.957948
0.953113
0.808090
0.818734
0.911894
0.938632
0.789120
0.781392
0.796940
0.878571
0.867990
0.893035
0.796917
0.917165
0.925030
0.721755
0.717009
0.733337
0.818640
0.805796
0.806829
0.757323
0.815034
0.831244
0.842584
0.731765
0.727340
0.742138
0.822299
0.825163
0.838032
0.727794
0.818794
0.857239
0.862965
0.851556
0.742426
0.759691
0.744834
0.831074
0.835773
0.823531
0.729898
0.828547
0.853283
0.859630
0.856485
0.755226
0.764287
0.744071
0.861549
0.867774
0.836048
0.757955
0.834080
0.869507
0.897559
0.887695
0.818672
0.789315
0.907045
0.872803
0.781698
0.877032
0.897142
0.891363
0.794046
0.906812
0.818802
0.890976
0.888005
0.888955
0.799325
0.779782
0.898591
0.920640
0.810497
0.912614
0.884070
0.898077
0.956288
0.950437
0.953974
0.946741
0.937470
0.895636
0.884718
0.916715
0.933622
0.931405
0.912471
0.892850
0.899414
0.830068
0.853217
0.859071
0.830810
0.834117
0.833844
0.841567
0.831291
0.849353
0.864464
0.853789
0.851417
0.858269
0.855014
0.861887
0.850247
0.853924
0.851013
0.855160
0.862952
0.866320
0.871856
0.896649
0.891697
0.894991
0.889301
0.890504
0.884363
0.886652
0.900796
0.941923
0.939212
0.938551
0.936599
0.935412
0.942838
0.935001
0.922832
0.939489
0.902533
0.894409
0.889554
0.877204
0.902002
0.935774
0.917925
0.915751
0.872437
0.886812
0.837157
0.842261
0.820630
0.844467
0.843911
0.821541
0.853267
0.856907
0.861443
0.829866
0.841934
0.836912
0.864397
0.840266
0.866000
0.855742
0.843092
0.866270
0.853286
0.856044
0.859878
0.872762
0.849432
0.853666
0.855507
0.855945
0.862762
0.857860
0.862124
0.855552
0.849045
0.842545
0.847785
0.857922
0.856749
0.852023
0.894078
0.891115
0.868130
0.886132
0.894482
0.870898
0.863435
0.870550
0.871769
0.889404
0.875667
0.893009
0.894126
0.900291
0.899978
0.883256
0.894800
0.904405
0.904278
0.897442
0.880760
0.890468
0.900498
0.906983
