0.598060
0.623916
0.710942
0.661380
0.638543
0.710586
0.729491
0.692213
0.741517
0.627847
0.713818
0.728911
0.692274
0.724592
0.724994
0.742408
0.734731
0.740468
0.754410
0.740605
0.747748
0.706588
0.748592
0.619287
0.691180
0.651158
0.586911
0.617666
0.587936
0.627647
0.592185
0.555463
0.664552
0.611118
0.700682
0.764185
0.691524
0.641684
0.598369
0.589834
0.585369
0.559646
0.615383
0.606764
0.575239
0.586415
0.501310
0.571905
0.582029
0.545352
0.578507
0.614935
0.562369
0.549885
0.578864
0.581273
0.468395
0.427738
0.506587
0.450556
0.408723
0.492989
0.546495
0.548369
0.579566
0.540165
0.543087
0.497907
0.498760
0.456105
0.395049
0.440643
0.579132
0.619328
0.670414
0.634940
0.626847
0.675183
0.690288
0.658263
0.687490
0.612114
0.665263
0.600280
0.670251
0.593004
0.668214
0.563002
0.613455
0.675785
0.586272
0.638268
0.699457
0.641375
0.699448
0.656812
0.711389
0.491130
0.572296
0.503741
0.483840
0.549436
0.475475
0.594616
0.509939
0.565781
0.493255
0.518976
0.508031
0.450365
0.545992
0.531000
0.476421
0.496537
0.511674
0.539857
0.488039
0.537602
0.539502
0.567677
0.584241
0.541886
0.560589
0.564829
0.584838
0.576395
0.540512
0.469789
0.498151
0.570799
0.519642
0.593371
0.578630
0.585339
0.615350
0.563104
0.601231
0.624569
0.594875
0.671827
0.589750
0.589659
0.489214
0.565915
0.474282
0.467736
0.546407
0.448004
0.403888
0.434749
0.398458
0.413293
0.451983
0.495122
0.410123
0.378091
0.500015
0.433747
0.533341
0.612958
0.534664
0.455894
0.430463
0.477167
0.470461
0.481910
0.480655
0.482009
0.484763
0.533419
0.481949
0.500686
0.607797
0.517307
0.501536
0.520387
0.484764
0.371092
0.396970
0.476342
0.491010
0.421802
0.449446
0.451345
0.521754
0.492975
0.476773
0.472798
0.395394
0.540178
0.479301
0.385429
0.536985
0.539322
0.565595
0.560652
0.573847
0.601539
0.593947
0.580916
0.575122
0.551680
0.509869
0.410662
0.351816
0.480094
0.372144
0.397114
0.387599
0.360206
0.418085
0.406779
0.373177
0.337133
0.404235
0.441914
0.539820
0.461011
0.428691
0.454061
0.425073
0.405228
0.413417
0.422403
0.452440
0.388375
0.398432
0.352570
0.324728
0.336724
0.372460
0.464546
0.456863
0.463439
0.446605
0.426685
0.444801
0.462255
0.476030
0.460770
0.451356
0.218566
0.283076
0.390814
0.403966
0.278656
0.388168
0.277464
0.395630
0.356070
0.388025
0.365797
0.265862
0.431804
0.360777
0.261911
0.433722
0.459164
0.463091
0.456424
0.456374
0.417990
0.457598
0.459149
0.460703
0.418096
0.429956
0.352747
0.385911
0.270184
0.364552
0.437974
0.441626
0.428210
0.428197
0.433679
0.418968
0.434583
0.413133
0.359939
0.395090
0.364357
0.401633
0.376742
0.404074
0.420519
0.407684
0.146009
0.162099
0.085989
0.098434
0.166347
0.098215
0.061349
0.206882
0.071199
0.064926
0.072602
0.066123
0.022937
0.086050
0.062410
0.077547
0.131160
0.099026
0.203438
0.165760
0.002936
0.053948
0.054891
0.067243
0.051628
0.053735
0.101903
0.119108
0.095287
0.060749
0.061122
0.097226
0.166126
0.165487
0.198978
0.166381
0.271042
0.325973
0.256629
0.223190
0.357365
0.285935
0.219088
0.181804
0.250961
0.417163
0.565593
0.449100
0.332046
0.412524
0.281204
0.297316
0.282130
0.249960
0.377598
0.241167
0.226976
0.197400
0.165372
0.171196
0.204548
0.509983
0.399178
0.538513
0.530894
0.392685
0.567774
0.509319
0.563048
0.525029
0.593519
0.481003
0.463754
0.607635
0.535771
0.422257
0.586054
0.341850
0.310416
0.338656
0.547077
0.493706
0.532818
0.502930
0.487408
0.481285
0.496208
0.476286
0.505641
0.483435
0.485699
0.436657
0.503353
0.489605
0.473591
0.454984
0.492244
0.339189
0.245575
0.342778
0.453074
0.447113
0.435548
0.470418
0.379723
0.386183
0.391477
0.468806
0.382823
0.294709
0.324304
0.268448
0.317241
0.267363
0.262331
0.314472
0.316230
0.530843
0.588044
0.542620
0.566594
0.594320
0.561259
0.561510
0.576293
0.577907
0.594876
0.661419
0.610473
0.592797
0.606835
0.591393
0.510680
0.550324
0.553562
0.560882
0.556749
0.563666
0.551330
0.635529
0.589176
0.555384
0.564546
0.528078
0.609366
0.556341
0.518795
0.593005
0.605995
0.617052
0.607212
0.602760
0.549385
0.564730
0.586682
0.594623
0.565846
0.575215
0.548648
0.591889
0.509723
0.562319
0.591320
0.599037
0.592669
0.596733
0.604175
0.597312
0.604142
0.585374
0.619566
0.600139
0.631342
0.656048
0.613614
0.633757
0.654010
0.609788
0.647145
0.708567
0.628208
0.612670
0.654022
0.661975
0.635697
0.650889
0.658413
0.636982
0.635634
0.631261
0.570705
0.618188
0.571486
0.622244
0.584938
0.674514
0.622462
0.641842
0.455471
0.524992
0.537165
0.485439
0.519031
0.549610
0.566904
0.512459
0.569290
0.528363
0.437429
0.477009
0.549129
0.511612
0.568905
0.581057
0.540298
0.596100
0.542343
0.599308
0.501458
0.460536
0.512355
0.471336
0.376777
0.420696
0.376643
0.426205
0.445525
0.487863
0.429370
0.384585
0.516079
0.468672
0.558322
0.518710
0.545983
0.579564
0.681270
0.623983
0.588843
0.685477
0.692303
0.647346
0.694587
0.594854
0.659193
0.626955
0.678109
0.642157
0.693160
0.651330
0.661239
0.711863
0.656494
0.663399
0.701153
0.674355
0.649398
0.719142
0.632814
0.684135
0.611910
0.651560
0.699537
0.625038
0.615859
0.582210
0.615540
0.589271
0.599322
0.619544
0.622488
0.709368
0.643613
0.646033
0.638684
0.627998
0.615022
0.577961
0.638400
0.540550
0.607055
0.467841
0.545393
0.572771
0.499432
0.551162
0.594469
0.548944
0.582008
0.413223
0.377569
0.456757
0.412938
0.369781
0.442586
0.494029
0.488292
0.549924
0.480326
0.517218
0.443185
0.461507
0.435296
0.373999
0.406946
0.393108
0.442180
0.398820
0.417756
0.455197
0.413754
0.360668
0.381032
0.373588
0.467734
0.570964
0.440902
0.422197
0.398439
0.369467
0.300462
0.291767
0.319839
0.343818
0.284994
0.327903
0.296073
0.288233
0.323626
0.321538
0.356571
0.301805
0.397430
0.343443
0.273961
0.400654
0.473132
0.437512
0.478174
0.445252
0.451973
0.477677
0.395155
0.275210
0.344433
0.486373
0.508313
0.469349
0.455697
0.490846
0.497026
0.460894
0.455774
0.233145
0.274420
0.381627
0.406598
0.253505
0.374208
0.199376
0.361596
0.373230
0.282657
0.442923
0.369029
0.288176
0.428999
0.482504
0.451470
0.460401
0.444763
0.432416
0.427442
0.369898
0.409072
0.298106
0.372506
0.055733
0.121043
0.135759
0.121667
0.113860
0.130786
0.161177
0.167297
0.161043
0.114732
0.253818
0.112016
0.132788
0.126331
0.151940
0.198097
0.165755
0.204715
0.224354
0.213597
0.183024
0.120168
0.175806
0.122296
0.114254
0.100812
0.116055
0.102213
0.099536
0.126003
0.107596
0.133403
0.131876
0.116812
0.140368
0.141159
0.538804
0.563866
0.572265
0.539142
0.568183
0.579975
0.548361
0.504743
0.558468
0.556006
0.625455
0.563540
0.580038
0.550328
0.562364
0.328430
0.365007
0.494144
0.501548
0.361838
0.489226
0.352366
0.463583
0.433703
0.480817
0.469042
0.381041
0.518719
0.479127
0.390402
0.527197
0.561566
0.537451
0.560710
0.534029
0.540632
0.576989
0.542078
0.561212
0.550052
0.526603
0.477918
0.498551
0.402395
0.482966
0.590269
0.542808
0.593638
0.573829
0.526462
0.570021
0.540392
0.583811
0.538615
0.568736
0.494635
0.510861
0.556459
0.535985
0.488003
0.555801
0.440778
0.421827
0.460938
0.567244
0.521853
0.559722
0.515057
0.523738
0.560530
0.521889
0.524164
0.525931
0.562475
0.534136
0.554844
0.536836
0.544063
0.625187
0.568429
0.537203
0.122253
0.164993
0.114369
0.082379
0.222520
0.162650
0.110964
0.082734
0.170614
0.281833
0.457529
0.350650
0.242365
0.353226
0.238697
0.310114
0.238875
0.255193
0.375331
0.169545
0.177953
0.112181
0.060051
0.074376
0.120217
0.443957
0.445835
0.455337
0.484389
0.492295
0.489618
0.379775
0.457150
0.409876
0.488790
0.423415
0.486526
0.497514
0.438538
0.480548
0.486606
0.501455
0.570126
0.519046
0.507164
0.384083
0.414562
0.355244
0.349384
0.376773
0.348645
0.340089
0.334905
0.333836
0.316070
0.294657
0.330101
0.309696
0.285789
0.292435
0.351955
0.327810
0.290856
0.265986
0.306530
0.251030
0.153412
0.190528
0.178871
0.218255
0.191257
0.243662
0.329372
0.392092
0.376665
0.380916
0.419912
0.408922
0.372226
0.363769
0.430763
0.445387
0.545168
0.448883
0.435584
0.454146
0.464681
0.479593
0.457889
0.435815
0.327678
0.380895
0.448005
0.449902
0.471308
0.466845
0.465963
0.463160
0.480398
0.482344
0.462539
0.494215
0.497994
0.492667
0.508230
0.498062
0.483521
0.496897
0.355268
0.379420
0.362015
0.429584
0.330444
0.346675
0.413615
0.455423
0.400323
0.269482
0.314600
0.303360
0.342889
0.394931
0.407865
0.396747
0.429931
0.430656
0.425954
0.437024
0.436326
0.449145
0.569636
0.481650
0.429932
0.423137
0.446916
0.411757
0.436616
0.473780
0.434524
0.354549
0.385084
0.435869
0.423720
0.461995
0.477766
0.439949
0.477971
0.471004
0.432252
0.455356
0.577074
0.475020
0.448784
0.574501
0.538052
0.550758
0.615512
0.575360
0.613209
0.352826
0.507088
0.463748
0.570699
0.537576
0.626073
0.609610
0.518309
0.648217
0.683613
0.659245
0.692059
0.622644
0.687163
0.487486
0.551929
0.413116
0.484622
0.572278
0.423106
0.288042
0.336565
0.339244
0.356810
0.328659
0.448952
0.350017
0.354502
0.508722
0.431721
0.578027
0.662715
0.589029
0.485968
0.389861
0.337223
0.405105
0.357825
0.271341
0.359638
0.362896
0.381879
0.335212
0.378752
0.286981
0.343255
0.206482
0.192650
0.201780
0.322344
0.568790
0.455037
0.414839
0.482134
0.444958
0.479566
0.392764
0.427706
0.385803
0.378272
0.398991
0.415031
0.386579
0.405479
0.396967
0.332048
0.374651
0.346145
0.423077
0.367060
0.360933
0.319291
0.367323
0.371666
0.345797
0.432668
0.421853
0.448829
0.448414
0.408512
0.446157
0.426358
0.439638
0.419140
0.428402
0.380221
0.427028
0.402237
0.416273
0.417917
0.433126
0.435394
0.539278
0.403002
0.423175
0.564169
0.547366
0.551130
0.536268
0.566821
0.565061
0.535081
0.598016
0.511024
0.529426
0.524818
0.560138
0.418351
0.496138
0.534608
0.507482
0.495495
0.534292
0.516716
0.540243
0.486248
0.435428
0.502940
0.461923
0.424623
0.520421
0.506459
0.491134
0.494317
0.483029
0.480372
0.484105
0.472837
0.481342
0.482197
0.523708
0.452926
0.445734
0.423943
0.442715
0.482723
0.484007
0.487608
0.515270
0.499240
0.511202
0.530969
0.502856
0.546028
0.522273
0.557357
0.559698
0.544070
0.562057
0.536183
0.528107
0.549206
0.558081
0.534913
0.518189
0.602833
0.612735
0.571967
0.605131
0.636097
0.586034
0.565158
0.574670
0.599205
0.594539
0.645589
0.629965
0.461249
0.510710
0.472513
0.472499
0.503797
0.479929
0.470854
0.477223
0.446913
0.472812
0.438139
0.422266
0.465036
0.409914
0.430076
0.403387
0.443729
0.451884
0.419900
0.458136
0.473540
0.463412
0.557814
0.468460
0.458721
0.461521
0.446123
0.492564
0.507788
0.450244
0.486104
0.532223
0.528123
0.517617
0.440247
0.468326
0.516516
0.546083
0.552113
0.550089
0.558700
0.531204
0.605031
0.532960
0.536291
0.328742
0.279220
0.324319
0.384867
0.268259
0.301453
0.383945
0.430688
0.341829
0.267807
0.283920
0.318705
0.303260
0.346699
0.312241
0.361609
0.368275
0.386137
0.432165
0.390019
0.407202
0.403533
0.409678
0.412861
0.327388
0.355032
0.317084
0.368376
0.272698
0.297919
0.371567
0.317475
0.317474
0.382357
0.335585
0.382871
0.480261
0.432938
0.522945
0.500558
0.346900
0.417810
0.505857
0.490890
0.391581
0.296176
0.232200
0.259984
0.345050
0.243967
0.308188
0.186132
0.232480
0.297582
0.231524
0.286094
0.360106
0.319657
0.416438
0.482198
0.213571
0.255013
0.230541
0.264749
0.307528
0.316753
0.191722
0.271635
0.326735
0.544410
0.390983
0.509705
0.397083
0.419589
0.354082
0.324258
0.359216
0.277906
0.311294
0.370949
0.324574
0.229840
0.185206
0.236235
0.267424
0.240442
0.279887
0.251988
0.294541
0.273128
0.241289
0.332729
0.310857
0.374307
0.368817
0.145214
0.190756
0.174569
0.208382
0.234632
0.247201
0.178947
0.221138
0.262737
0.328472
0.308031
0.278214
0.376897
0.381115
0.349233
0.345148
0.387489
0.359351
0.328097
0.313386
0.311893
0.322858
0.310210
0.326597
0.305254
0.326775
0.324200
0.303478
0.339986
0.356958
0.391021
0.382177
0.323334
0.335739
0.351959
0.344217
0.345945
0.349473
0.375618
0.372297
0.362096
0.326873
0.341379
0.350336
0.393212
0.396203
0.411182
0.411115
0.220494
0.203879
0.210245
0.250605
0.189139
0.200438
0.208633
0.255830
0.214306
0.170556
0.187318
0.190030
0.185676
0.236795
0.214551
0.236768
0.249313
0.228238
0.272179
0.246785
0.283991
0.244059
0.264435
0.220685
0.199943
0.217382
0.194179
0.208608
0.153677
0.156616
0.199310
0.187594
0.187474
0.226735
0.213650
0.242221
0.186301
0.205673
0.162490
0.180967
0.197276
0.155630
0.147255
0.165518
0.165910
0.164782
0.148979
0.140858
0.109879
0.126516
0.128611
0.120923
0.138399
0.155801
0.155224
0.184220
0.129474
0.124939
0.133227
0.130246
0.133825
0.144652
0.131611
0.130759
0.143803
0.177636
0.170674
0.165643
0.155752
0.191199
0.116448
0.155006
0.188566
0.158620
0.100361
0.087035
0.090547
0.123691
0.085591
0.115746
0.101743
0.130457
0.123825
0.076127
0.166377
0.151090
0.207045
0.196927
0.088482
0.093676
0.096016
0.103744
0.092435
0.105719
0.087840
0.084496
0.106922
0.134810
0.125914
0.120096
0.572675
0.607888
0.580651
0.606114
0.571263
0.570477
0.598760
0.673386
0.628154
0.628252
0.590214
0.588463
0.434968
0.446481
0.531657
0.561762
0.430994
0.518740
0.424537
0.512956
0.546063
0.478428
0.586605
0.541480
0.500231
0.581321
0.621197
0.615326
0.621934
0.605409
0.573023
0.573663
0.577390
0.609875
0.554742
0.560945
0.523794
0.583524
0.510037
0.529178
0.641854
0.600158
0.647536
0.634900
0.611640
0.634226
0.602315
0.640926
0.606001
0.635988
0.611508
0.613744
0.499297
0.657784
0.588442
0.650872
0.611266
0.613647
0.590151
0.463176
0.558548
0.489887
0.500828
0.527682
0.560235
0.535552
0.520537
0.499765
0.439588
0.458190
0.189684
0.191734
0.233001
0.224668
0.204892
0.269232
0.269527
0.413161
0.279029
0.275331
0.283745
0.295021
0.365964
0.382824
0.355240
0.336666
0.339651
0.293189
0.253019
0.247344
0.335754
0.417039
0.287624
0.343612
0.418913
0.312218
0.312424
0.272999
0.351748
0.311488
0.343234
0.373235
0.315968
0.375596
0.372154
0.320714
0.397831
0.539199
0.432465
0.353949
0.480324
0.367507
0.467860
0.371681
0.323937
0.340901
0.475299
0.582187
0.488917
0.387175
0.469147
0.363708
0.419260
0.421122
0.344633
0.457456
0.386292
0.324211
0.305867
0.269275
0.583510
0.507304
0.573734
0.578041
0.506343
0.573028
0.512746
0.584100
0.515077
0.589121
0.420189
0.458903
0.560478
0.509984
0.454709
0.564171
0.462059
0.572828
0.491733
0.569722
0.462304
0.466072
0.480736
0.482132
0.477481
0.503569
0.531080
0.488894
0.514566
0.497132
0.489413
0.484474
0.488517
0.452693
0.495326
0.460279
0.507421
0.420027
0.496254
0.569304
0.566946
0.586636
0.494272
0.391806
0.450760
0.482928
0.437331
0.484164
0.485550
0.430683
0.441908
0.485118
0.425820
0.440099
0.543673
0.449371
0.422160
0.470609
0.406932
0.412068
0.465255
0.429123
0.481448
0.431487
0.518912
0.545718
0.500428
0.474248
0.430624
0.503215
0.408751
0.422925
0.378834
0.449830
0.436274
0.650776
0.613527
0.674455
0.623795
0.603756
0.645668
0.664804
0.711002
0.712199
0.671485
0.671126
0.656135
0.601957
0.671857
0.684610
0.625174
0.608190
0.661387
0.665696
0.674036
0.675203
0.674735
0.720277
0.672862
0.739779
0.642618
0.667226
0.712234
0.673905
0.677642
0.683579
0.698142
0.750949
0.701858
0.696357
0.627540
0.641612
0.655598
0.641287
0.645766
0.660663
0.700636
0.650281
0.698972
0.678147
0.624533
0.666961
0.693963
0.693323
0.662846
0.677356
0.652951
0.695026
0.653965
0.669873
0.707509
0.672160
0.698048
0.674191
0.662226
0.671190
0.701021
0.666102
0.645500
0.635461
0.632297
0.614525
0.647111
0.589450
0.730301
0.674231
0.671212
0.756979
0.625383
0.644546
0.663052
0.663658
0.604064
0.665446
0.504037
0.647182
0.629422
0.611159
0.721689
0.645949
0.734456
0.641930
0.666487
0.636176
0.650828
0.602708
0.724023
0.681826
0.592453
0.682882
0.710654
0.671925
0.668652
0.577968
0.681409
0.620113
0.695165
0.665270
0.700624
0.635980
0.717086
0.697380
0.721903
0.701092
0.738532
0.614244
0.626348
0.685452
0.663029
0.575769
0.658554
0.482916
0.594513
0.629147
0.641595
0.663321
0.637373
0.666914
0.673522
0.661278
0.651722
0.666648
0.658874
0.614787
0.663624
0.661017
0.668125
0.687796
0.686681
0.652697
0.717663
0.662588
0.624919
0.681723
0.642503
0.688675
0.698149
0.649982
0.708460
0.635863
0.696809
0.656416
0.705040
0.705736
0.651775
0.712013
0.653807
0.692196
0.584888
0.576251
0.539168
0.535448
0.562903
0.533010
0.476729
0.479701
0.449895
0.407834
0.613378
0.619145
0.571864
0.653789
0.668126
0.666515
0.646477
0.649437
0.720634
0.678496
0.660889
0.680677
0.700543
0.644563
0.644517
0.717507
0.681530
0.578178
0.519408
0.628928
0.595105
0.561072
0.606377
0.603637
0.635665
0.607547
0.616979
0.629444
0.593064
0.647152
0.614743
0.666972
0.556744
0.590920
0.517023
0.537462
0.634679
0.594405
0.618938
0.588398
0.583591
0.567578
0.542159
0.519055
0.568755
0.588278
0.587166
0.594386
0.586718
0.642822
0.562084
0.563346
0.583571
0.599800
0.703043
0.635274
0.618749
0.599961
0.584828
0.508282
0.499694
0.577651
0.566921
0.484990
0.574747
0.468380
0.463514
0.549084
0.540334
0.559581
0.583349
0.594643
0.565958
0.606133
0.605036
0.658753
0.608676
0.680351
0.628733
0.618673
0.678460
0.638752
0.671236
0.630206
0.627149
0.604955
0.663552
0.618529
0.594901
0.671727
0.678494
0.687009
0.638159
0.624289
0.649921
0.634070
0.651297
0.617301
0.645677
0.600918
0.655619
0.639319
0.610164
0.638701
0.653651
0.636306
0.666578
0.626033
0.634437
0.627261
0.587665
0.628342
0.578230
0.569950
0.579905
0.572427
0.562923
0.540933
0.543298
0.562194
0.580591
0.564901
0.545013
0.545320
0.589640
0.378308
0.399008
0.437840
0.422938
0.426824
0.472351
0.432380
0.427849
0.460811
0.477944
0.609186
0.512718
0.508603
0.497178
0.485634
0.485519
0.474248
0.503016
0.523980
0.453068
0.459055
0.404332
0.410038
0.414022
0.423856
0.557517
0.582840
0.541733
0.591136
0.609506
0.575781
0.558540
0.511547
0.571928
0.541914
0.594037
0.625607
0.600668
0.628253
0.637243
0.607396
0.637915
0.687041
0.618260
0.610797
0.386752
0.401655
0.368820
0.348748
0.428588
0.396666
0.370804
0.354480
0.394857
0.474005
0.591905
0.520681
0.439315
0.525687
0.434591
0.505807
0.489805
0.433920
0.520972
0.455303
0.394031
0.427325
0.432607
0.358076
0.369358
0.607673
0.579553
0.598850
0.605129
0.596577
0.604321
0.543888
0.589533
0.570764
0.608259
0.568454
0.596700
0.621735
0.587743
0.589143
0.612743
0.588880
0.658643
0.608276
0.616825
0.593329
0.613025
0.576926
0.607443
0.620290
0.587419
0.524423
0.539315
0.522056
0.556282
0.588641
0.541273
0.626722
0.641208
0.636770
0.493411
0.499779
0.465577
0.468948
0.483256
0.445610
0.436540
0.440302
0.438757
0.446047
0.390259
0.416680
0.558256
0.594966
0.567458
0.600120
0.582090
0.550795
0.573934
0.606052
0.556359
0.561205
0.618422
0.536061
0.527795
0.542599
0.527800
0.540100
0.553529
0.560279
0.605979
0.581232
0.564503
0.560440
0.520470
0.526339
0.532148
0.560507
0.515727
0.561633
0.500626
0.554377
0.541812
0.486240
0.525252
0.517921
0.500497
0.498326
0.542665
0.531833
0.530186
0.546215
0.536977
0.532512
0.533425
0.548549
0.539043
0.582628
0.612626
0.558771
0.598019
0.558465
0.585153
0.565428
0.553707
0.587175
0.563245
0.537741
0.572760
0.621190
0.563095
0.543916
0.618329
0.582798
0.563383
0.555512
0.510809
0.548369
0.548621
0.550426
0.583657
0.554400
0.585213
0.602273
0.595979
0.567759
0.561559
0.564413
0.606547
0.572260
0.573340
0.608335
0.543221
0.580934
0.573918
0.600128
0.562978
0.557217
0.588979
0.540433
0.524640
0.609629
0.585522
0.577875
0.606877
0.573617
0.564712
0.565478
0.585470
0.596678
0.565764
0.579892
0.571381
0.572769
0.593681
0.577506
0.583287
0.591256
0.605207
0.584919
0.592385
0.603293
0.610503
0.600422
0.641639
0.593520
0.570107
0.616792
0.566057
0.542975
0.584623
0.533121
0.566347
0.597325
0.581100
0.587155
0.565617
0.592956
0.565606
0.573245
0.561609
0.590281
0.566631
0.554536
0.561630
0.550849
0.570570
0.566054
0.572847
0.569249
0.569121
0.504736
0.531540
0.565991
0.624449
0.490437
0.550020
0.527958
0.522258
0.529317
0.526161
0.525989
0.532054
0.528838
0.537952
0.531392
0.602380
0.541606
0.600102
0.529031
0.569594
0.550465
0.572901
0.623319
0.562884
0.514708
0.569454
0.523162
0.528010
0.569773
0.551864
0.570225
0.639965
0.610163
0.622191
0.586826
0.521979
0.608359
0.484325
0.578666
0.436168
0.521817
0.549547
0.462108
0.553249
0.559730
0.524265
0.580167
0.369422
0.344819
0.399478
0.367525
0.349734
0.396978
0.544589
0.435996
0.537840
0.430908
0.491873
0.483715
0.425059
0.531109
0.448482
0.397633
0.421873
0.392005
0.344489
0.366673
0.628085
0.565561
0.637397
0.651367
0.572569
0.654772
0.663247
0.658624
0.659696
0.658190
0.571109
0.634972
0.343246
0.381554
0.385529
0.397353
0.430504
0.332890
0.427658
0.377493
0.440416
0.409772
0.446144
0.428171
0.557046
0.494154
0.448793
0.496332
0.497578
0.528518
0.532941
0.563771
0.555918
0.455551
0.431765
0.471876
0.478107
0.468351
0.494973
0.560220
0.489892
0.588789
0.520818
0.526073
0.617229
0.508019
0.498680
0.492997
0.673690
0.639884
0.654993
0.633564
0.621662
0.627877
0.591509
0.618200
0.597174
0.633200
0.603754
0.645310
0.651844
0.634856
0.634901
0.655884
0.622706
0.640527
0.517857
0.615276
0.517198
0.613153
0.612705
0.528800
0.646674
0.630516
0.642051
0.434813
0.423193
0.411739
0.393242
0.421734
0.379013
0.345921
0.361366
0.370794
0.378906
0.396167
0.399004
0.449829
0.408722
0.426319
0.470204
0.433000
0.436729
0.311267
0.378151
0.341727
0.403878
0.438253
0.385736
0.463221
0.470304
0.481524
0.374791
0.308395
0.355492
0.302063
0.258063
0.232992
0.195641
0.208018
0.264321
0.267396
0.336848
0.333910
0.167768
0.154284
0.247326
0.210475
0.132356
0.146853
0.170950
0.218158
0.287477
0.250302
0.285883
0.303468
0.253037
0.181466
0.240799
0.172635
0.120627
0.117589
0.138119
0.115485
0.200749
0.166579
0.273876
0.232833
0.247338
0.324753
0.283981
0.340628
0.348392
0.311286
0.290554
0.318123
0.333093
0.369724
0.492961
0.406834
0.339036
0.428451
0.347777
0.345088
0.421993
0.280089
0.203845
0.257652
0.470706
0.483070
0.515643
0.511441
0.426968
0.461249
0.436546
0.491371
0.510009
0.533989
0.527170
0.464308
0.558428
0.554300
0.583373
0.549377
0.444569
0.503237
0.415034
0.437825
0.491725
0.402368
0.399360
0.388701
0.376574
0.379086
0.396625
0.386142
0.420535
0.525836
0.453591
0.387516
0.389273
0.385057
0.402243
0.395423
0.387660
0.340280
0.399957
0.336232
0.388440
0.354679
0.405997
0.674098
0.634064
0.595875
0.598223
0.622174
0.635343
0.608442
0.605411
0.585575
0.582056
0.577389
0.573074
0.573680
0.597287
0.609036
0.618728
0.654345
0.599804
0.664995
0.615700
0.662313
0.691464
0.645890
0.602951
0.679877
0.636621
0.684043
0.664683
0.654461
0.650871
0.543259
0.600050
0.594043
0.656283
0.620901
0.680499
0.519566
0.517116
0.557234
0.507508
0.520540
0.543540
0.632345
0.539829
0.516539
0.625415
0.578581
0.518076
0.535378
0.604092
0.586777
0.626280
0.582577
0.573445
0.567212
0.604652
0.579566
0.563401
0.620655
0.581898
0.624848
0.581704
0.625995
0.585878
0.679779
0.631604
0.693621
0.671809
0.612508
0.650435
0.654241
0.692528
0.629734
0.676799
0.639930
0.637363
0.633352
0.670790
0.641498
0.629645
0.627309
0.666841
0.580170
0.539694
0.582078
0.535769
0.515689
0.514316
0.509902
0.496681
0.480804
0.501957
0.516664
0.558673
0.527023
0.521616
0.505839
0.481840
0.507382
0.484737
0.456782
0.454380
0.447570
0.462763
0.459706
0.454301
0.462759
0.463520
0.493872
0.461765
0.453083
0.484394
0.485797
0.500117
0.509696
0.490107
0.481659
0.509226
0.469162
0.466062
0.487484
0.539889
0.514275
0.530340
0.527153
0.487526
0.527923
0.538541
0.535516
0.537644
0.528474
0.536532
0.533030
0.122629
0.116884
0.114541
0.179858
0.180168
0.175071
0.085568
0.105836
0.137907
0.167073
0.340307
0.394926
0.263450
0.236127
0.391421
0.270304
0.385680
0.475407
0.281142
0.272586
0.250697
0.372366
0.153905
0.237401
0.360728
0.146969
0.089732
0.086688
0.075003
0.077188
0.140077
0.132257
0.240791
0.436919
0.341358
0.230719
0.560843
0.609337
0.615785
0.582971
0.612774
0.602333
0.605338
0.562658
0.610316
0.614788
0.657871
0.568877
0.606572
0.552385
0.602169
0.586070
0.538291
0.601451
0.552626
0.591404
0.481993
0.499071
0.464864
0.479126
0.566614
0.527012
0.562384
0.503028
0.477407
0.498000
0.481950
0.531202
0.476660
0.454159
0.416530
0.417243
0.572156
0.537009
0.589644
0.561104
0.545732
0.587335
0.613340
0.601058
0.620363
0.610091
0.598262
0.593012
0.605234
0.624789
0.575916
0.580451
0.557931
0.627394
0.550121
0.562015
0.640754
0.654848
0.623412
0.652030
0.658887
0.626580
0.615565
0.614580
0.622782
0.613933
0.636360
0.629995
0.652257
0.702717
0.658164
0.647450
0.572934
0.606164
0.628850
0.603622
0.627449
0.662584
0.638490
0.606875
0.683386
0.615114
0.496663
0.674265
0.707182
0.737977
0.735366
0.783536
0.740284
0.747852
0.758018
0.678973
0.690673
0.628843
0.676175
0.615561
0.638530
0.561926
0.586551
0.649591
0.654864
0.584690
0.645293
0.675834
0.679133
0.684752
0.587343
0.582230
0.623636
0.639636
0.666578
0.687439
0.763392
0.734257
0.732357
0.725761
0.702220
0.710605
0.694583
0.729734
0.698942
0.697234
0.124584
0.424985
0.414665
0.271140
0.488214
0.498563
0.429084
0.305631
0.504564
0.499196
0.537938
0.535797
0.574362
0.552981
0.590733
0.592743
0.576514
0.596407
0.523599
0.518110
0.425840
0.319299
0.451887
0.607172
0.627566
0.585230
0.614268
0.618564
0.595408
0.571646
0.589931
0.594096
0.584056
0.592216
0.590212
0.594038
0.652778
0.606317
0.598908
0.270567
0.205109
0.210067
0.294203
0.132894
0.125852
0.188788
0.287622
0.134950
0.089381
0.212611
0.069934
0.080872
0.067816
0.079607
0.073207
0.060956
0.106314
0.277271
0.180827
0.030846
0.081398
0.119547
0.135865
0.071935
0.118523
0.175726
0.192029
0.166609
0.072489
0.114758
0.169734
0.342586
0.238272
0.338003
0.253066
0.352331
0.457053
0.271974
0.262242
0.380011
0.415868
0.386614
0.360168
0.422439
0.417004
0.398836
0.367513
0.420883
0.440439
0.559253
0.466608
0.438126
0.468980
0.446985
0.447020
0.462330
0.423096
0.384309
0.404746
0.462730
0.468413
0.434962
0.440376
0.476087
0.473017
0.468446
0.444314
0.387039
0.421264
0.389100
0.375761
0.417261
0.467911
0.427826
0.477367
0.462095
0.480829
0.471302
0.488775
0.446887
0.499617
0.491785
0.480962
0.470792
0.485604
0.417929
0.426562
0.447288
0.449193
0.448732
0.421233
0.418720
0.429572
0.451312
0.424603
0.378791
0.409352
0.378305
0.397331
0.379092
0.379574
0.397707
0.397344
0.455450
0.415220
0.402370
0.453943
0.382255
0.363450
0.404682
0.465942
0.358854
0.356136
0.350519
0.341177
0.338755
0.332406
0.329746
0.337680
0.320160
0.352444
0.446494
0.408760
0.368468
0.355038
0.369602
0.380710
0.356937
0.370248
0.394143
0.415271
0.393676
0.360757
0.379859
0.407263
0.480344
0.443591
0.488481
0.444306
0.476322
0.485801
0.448866
0.431068
0.547309
0.564039
0.556164
0.573678
0.538022
0.530553
0.538772
0.551937
0.521543
0.505240
0.503569
0.500899
0.488017
0.505127
0.538780
0.523063
0.531158
0.521815
0.509521
0.553968
0.557696
0.539009
0.522811
0.559978
0.588590
0.573704
0.579448
0.577251
0.570931
0.665593
0.585799
0.566733
0.557938
0.557018
0.563233
0.572684
0.559265
0.575483
0.581812
0.588013
0.598506
0.592960
0.598108
0.603833
0.597234
0.594734
0.573611
0.554234
0.585685
0.593750
0.580152
0.585874
0.587063
0.601365
0.605951
0.598588
0.617596
0.606508
0.606581
0.607781
0.613709
0.595160
0.593805
0.581301
0.652188
0.674242
0.650528
0.668602
0.655587
0.640389
0.654228
0.667023
0.625249
0.631147
0.677353
0.608762
0.624413
0.605373
0.613414
0.630451
0.612595
0.623776
0.656299
0.643221
0.576492
0.583956
0.565416
0.568803
0.598639
0.591093
0.589098
0.572111
0.584192
0.579146
0.559720
0.556077
0.595118
0.595120
0.600732
0.609253
0.641648
0.605641
0.653776
0.619537
0.617541
0.611121
0.619241
0.642894
0.614943
0.614227
0.621400
0.611445
0.672801
0.677600
0.679316
0.693764
0.697255
0.689382
0.663663
0.675846
0.680757
0.680086
0.707234
0.703542
0.706711
0.754730
0.702990
0.709575
0.578681
0.640375
0.605102
0.591098
0.663877
0.630026
0.613745
0.593863
0.623052
0.677098
0.729500
0.659870
0.638739
0.659299
0.632022
0.639895
0.661994
0.629503
0.599680
0.606904
0.675229
0.678500
0.684244
0.672231
0.684900
0.684099
0.686531
0.683264
0.675808
0.684373
0.687443
0.671964
0.673858
0.680810
0.681378
0.686904
0.700931
0.690668
0.698252
0.701835
0.698014
0.710730
0.706551
0.705669
0.708561
0.707159
0.707902
0.701667
0.711352
0.712737
0.702678
0.693424
0.690781
0.686069
0.695695
0.676660
0.617957
0.656600
0.631696
0.673491
0.641940
0.683425
0.680382
0.677077
0.480443
0.510938
0.480379
0.515067
0.545800
0.540603
0.485203
0.456076
0.484892
0.517344
0.530090
0.551156
0.582579
0.566834
0.582208
0.592658
0.567557
0.527288
0.587138
0.545349
0.446465
0.489904
0.455488
0.501435
0.488067
0.530470
0.503805
0.469191
0.563541
0.548374
0.604322
0.594434
0.453977
0.524540
0.507929
0.549536
0.547219
0.524111
0.554640
0.585167
0.527444
0.520516
0.594618
0.517940
0.505038
0.519565
0.494650
0.501751
0.530526
0.515833
0.581263
0.539074
0.561772
0.543094
0.516805
0.515427
0.494380
0.530354
0.455643
0.493631
0.414801
0.446543
0.469682
0.435149
0.451932
0.481968
0.450981
0.487991
0.394481
0.381906
0.414841
0.400604
0.388340
0.422418
0.512686
0.448696
0.532806
0.451907
0.484647
0.455966
0.463497
0.517065
0.427894
0.431803
0.409731
0.410660
0.403731
0.407121
0.564244
0.551006
0.565241
0.513850
0.513615
0.594863
0.546564
0.544233
0.576192
0.656983
0.590500
0.570452
0.640036
0.690183
0.635848
0.677802
0.670693
0.652333
0.711019
0.594272
0.625916
0.663117
0.580875
0.594679
0.588353
0.546176
0.679476
0.647836
0.674096
0.572541
0.595350
0.566206
0.618258
0.622797
0.569706
0.535662
0.589213
0.561937
0.074174
0.078310
0.116643
0.109016
0.064908
0.074755
0.070773
0.094288
0.121041
0.083552
0.182068
0.202460
0.112031
0.268190
0.081077
0.185880
0.331336
0.100866
0.054618
0.068489
0.094642
0.078494
0.156485
0.120511
0.256225
0.418996
0.360626
0.217146
0.683450
0.628534
0.681160
0.651799
0.628665
0.637825
0.687120
0.722123
0.681616
0.701812
0.666813
0.622478
0.666156
0.645364
0.631381
0.726058
0.748165
0.715013
0.708602
0.726328
0.748410
0.723190
0.736664
0.727857
0.726694
0.728407
0.740677
0.755646
0.741452
0.791278
0.762582
0.724447
0.734573
0.795816
0.739557
0.762812
0.769884
0.761326
0.735728
0.751314
0.722188
0.711963
0.778486
0.757426
0.729706
0.748117
0.716132
0.764019
0.711081
0.724651
0.742313
0.709955
0.491619
0.516712
0.478377
0.483539
0.494773
0.460416
0.453838
0.448100
0.424818
0.401678
0.433722
0.450667
0.500177
0.514196
0.487141
0.509736
0.522427
0.500532
0.468311
0.490841
0.491585
0.512120
0.527818
0.518164
0.592004
0.599825
0.585520
0.603483
0.598793
0.594426
0.582565
0.637995
0.561438
0.596946
0.548184
0.588575
0.522681
0.562573
0.584973
0.546504
0.577298
0.584667
0.584039
0.594205
0.518969
0.543591
0.520011
0.506379
0.545631
0.517113
0.572458
0.529753
0.580356
0.529686
0.547897
0.587157
0.526605
0.539737
0.516890
0.635350
0.633862
0.640282
0.641128
0.589375
0.617049
0.598184
0.627737
0.590766
0.636234
0.630868
0.604969
0.657529
0.651593
0.656616
0.655427
0.592992
0.606285
0.578633
0.593811
0.613881
0.590423
0.564299
0.581676
0.588700
0.597400
0.603926
0.591743
0.601266
0.596206
0.614855
0.603237
0.588379
0.603404
0.581814
0.567010
0.561031
0.575751
0.634901
0.557345
0.585137
0.529944
0.550169
0.294649
0.350060
0.482244
0.471380
0.350434
0.486286
0.364935
0.475338
0.500751
0.418343
0.349331
0.494662
0.415853
0.346354
0.487747
0.557500
0.524481
0.549168
0.516825
0.522575
0.549348
0.490444
0.351811
0.421310
0.564764
0.576358
0.575475
0.569953
0.565119
0.580850
0.557039
0.580230
0.578031
0.558186
0.583890
0.568007
0.538958
0.545724
0.555572
0.563524
0.553352
0.563832
0.623609
0.587685
0.601525
0.579878
0.593873
0.576634
0.106384
0.152171
0.104935
0.168833
0.199764
0.198629
0.100090
0.236488
0.121203
0.170150
0.146848
0.196083
0.272737
0.215270
0.274207
0.273925
0.212671
0.133711
0.214190
0.134981
0.089425
0.089473
0.088537
0.086544
0.085723
0.083258
0.139110
0.222248
0.104888
0.107770
0.136990
0.145557
0.095575
0.114868
0.126388
0.153002
0.240648
0.286823
0.213516
0.181905
0.291579
0.208546
0.285931
0.204975
0.182186
0.285873
0.117228
0.186605
0.291583
0.119551
0.081256
0.088929
0.096566
0.141344
0.295655
0.190858
0.441494
0.413422
0.444224
0.411080
0.383610
0.383051
0.434083
0.529508
0.424374
0.405498
0.397364
0.375369
0.346964
0.318764
0.343848
0.363844
0.314005
0.347273
0.315588
0.352027
0.372158
0.332886
0.391287
0.363817
0.322808
0.393718
0.445239
0.414362
0.445962
0.411217
0.413901
0.446270
0.394806
0.310607
0.363326
0.467159
0.466091
0.437937
0.433377
0.457244
0.461457
0.445696
0.443926
0.394790
0.397241
0.396412
0.395303
0.359849
0.423018
0.366931
0.427645
0.447988
0.451057
0.447388
0.424884
0.367459
0.292788
0.279067
0.261226
0.279429
0.303817
0.296551
0.260286
0.266763
0.269187
0.286772
0.286933
0.285912
0.355772
0.362947
0.309629
0.322836
0.354792
0.317823
0.386252
0.368531
0.332220
0.350153
0.303228
0.308489
0.350611
0.297681
0.282309
0.282100
0.257616
0.262472
0.262780
0.253097
0.280557
0.351498
0.307361
0.400564
0.388807
0.415671
0.419067
0.387491
0.382091
0.411738
0.422068
0.425445
0.469178
0.459144
0.436982
0.459030
0.452811
0.481613
0.444616
0.452934
0.474547
0.438694
0.451943
0.413823
0.424695
0.415378
0.417272
0.411187
0.439845
0.436041
0.435229
0.347270
0.393818
0.368336
0.396407
0.411556
0.426478
0.369741
0.370906
0.415298
0.391713
0.429883
0.404770
0.423740
0.452851
0.427079
0.396861
0.462468
0.468913
0.461547
0.451459
0.404259
0.425207
0.417366
0.429622
0.428671
0.423124
0.466193
0.487824
0.445398
0.478159
0.425490
0.482613
0.520622
0.498686
0.415728
0.467099
0.399761
0.430376
0.410889
0.457471
0.391198
0.482096
0.457734
0.417531
0.520681
0.512006
0.536089
0.527303
0.387793
0.396282
0.410608
0.358489
0.338992
0.382267
0.343515
0.375873
0.331165
0.372407
0.382517
0.333046
0.376590
0.256395
0.317181
0.262593
0.273022
0.282750
0.294322
0.350697
0.301446
0.350602
0.308450
0.332125
0.352108
0.349873
0.319523
0.391248
0.383042
0.405963
0.426146
0.395539
0.450996
0.435429
0.416476
0.410535
0.529668
0.553642
0.520253
0.537634
0.572053
0.549525
0.512441
0.424876
0.450206
0.536838
0.480634
0.564865
0.485714
0.516246
0.561307
0.505473
0.511996
0.559204
0.547671
0.567360
0.448863
0.529134
0.416365
0.452763
0.524960
0.433171
0.382569
0.392598
0.382142
0.400059
0.426865
0.377396
0.442863
0.541861
0.473024
0.622321
0.587568
0.574199
0.562137
0.567377
0.568527
0.564690
0.620687
0.553854
0.557203
0.566860
0.563371
0.554636
0.613807
0.562172
0.559254
0.595673
0.582055
0.596342
0.588624
0.569484
0.551598
0.567837
0.539993
0.548020
0.539898
0.506386
0.567640
0.472020
0.533146
0.488504
0.437240
0.505300
0.514783
0.508811
0.352946
0.422530
0.309035
0.377943
0.516193
0.451091
0.518944
0.432980
0.428165
0.417083
0.405429
0.478483
0.332114
0.353261
0.218481
0.268126
0.568474
0.545014
0.605134
0.599784
0.564033
0.631155
0.604584
0.620429
0.647749
0.655155
0.538167
0.608098
0.517554
0.461336
0.514797
0.489104
0.487368
0.505547
0.495819
0.599221
0.487038
0.493214
0.502316
0.487305
0.476467
0.472749
0.498074
0.497578
0.473275
0.498560
0.421719
0.441510
0.489412
0.487871
0.456667
0.460056
0.476678
0.462113
0.376376
0.349267
0.462280
0.480020
0.497964
0.488387
0.521523
0.479744
0.517532
0.498442
0.507035
0.525780
0.516225
0.509500
0.580352
0.562420
0.573604
0.573575
0.564816
0.569997
0.581456
0.586341
0.585864
0.549227
0.509637
0.625861
0.602461
0.511734
0.595588
0.712716
0.726899
0.672180
0.683813
0.647323
0.619210
0.650202
0.579534
0.496802
0.651830
0.673133
0.632053
0.653142
0.730888
0.696509
0.680216
0.667304
0.638000
0.650726
0.629924
0.617276
0.619791
0.650594
0.562562
0.587996
0.676205
0.605448
0.505295
0.483279
0.469657
0.068606
0.067608
0.071585
0.063082
0.060639
0.046139
0.096731
0.062832
0.056283
0.036708
0.046906
0.032427
0.033104
0.052994
0.050737
0.144156
0.142392
0.150978
0.102773
0.119965
0.101690
0.116335
0.095395
0.076666
0.081023
0.106555
0.082915
0.167719
0.179773
0.191263
0.167824
0.159334
0.154789
0.234905
0.192479
0.176186
0.145376
0.134864
0.129751
0.206863
0.214088
0.227206
0.162410
0.176521
0.181778
0.211006
0.176950
0.146040
0.151071
0.161167
0.148806
0.260035
0.270703
0.231732
0.214840
0.238741
0.198660
0.245253
0.229682
0.213035
0.195141
0.174958
0.192608
0.189182
0.225351
0.199540
0.203075
0.220861
0.198761
0.214448
0.252018
0.247065
0.230795
0.206379
0.192586
0.269511
0.270858
0.289976
0.272722
0.270864
0.272305
0.316559
0.295759
0.286664
0.282709
0.286728
0.257794
0.288765
0.292915
0.285963
0.278498
0.283132
0.292783
0.312830
0.298209
0.251087
0.280647
0.290818
0.281914
0.313787
0.300590
0.316225
0.303459
0.293817
0.302172
0.337902
0.338015
0.322471
0.307604
0.293757
0.291243
0.343534
0.346577
0.350573
0.331629
0.329981
0.333867
0.336026
0.319614
0.324350
0.328670
0.333066
0.335730
0.333614
0.329337
0.337139
0.325448
0.339131
0.336226
0.354906
0.342920
0.344775
0.353438
0.325773
0.312829
0.358778
0.364181
0.367550
0.348252
0.357857
0.346880
0.355486
0.344615
0.343598
0.348024
0.364421
0.353850
0.441202
0.385325
0.434581
0.438460
0.394145
0.439598
0.398651
0.424825
0.404601
0.436219
0.447993
0.424994
0.453098
0.411487
0.450392
0.412916
0.383006
0.423007
0.398513
0.377100
0.390211
0.408339
0.398396
0.424621
0.405467
0.446298
0.429557
0.499417
0.430569
0.502196
0.506925
0.418307
0.494627
0.414334
0.503337
0.410676
0.509749
0.485966
0.417370
0.500341
0.419135
0.511886
0.342761
0.335299
0.344010
0.335414
0.328293
0.329716
0.331354
0.337490
0.348560
0.426820
0.351161
0.414615
0.341912
0.350802
0.338409
0.439765
0.356348
0.348900
0.341711
0.338165
0.353669
0.514159
0.432973
0.520941
0.522849
0.422217
0.513954
0.517999
0.507461
0.507797
0.512326
0.435666
0.528103
0.531763
0.542761
0.557508
0.525035
0.532259
0.544991
0.475866
0.532185
0.448872
0.548691
0.540892
0.472567
0.558183
0.537191
0.541502
0.379885
0.371835
0.369062
0.353866
0.384135
0.383505
0.374365
0.354072
0.350211
0.618251
0.670094
0.606119
0.647361
0.688375
0.671860
0.585652
0.631209
0.639451
0.581704
0.606477
0.611520
0.635222
0.627760
0.651104
0.592225
0.622723
0.582449
0.606524
0.631587
0.590777
0.555629
0.589925
0.595129
0.610822
0.645923
0.611181
0.677076
0.684952
0.658008
0.674607
0.693729
0.674930
0.617320
0.625472
0.631688
0.631820
0.663630
0.681860
0.658852
0.643350
0.648194
0.701057
0.669025
0.702057
0.641698
0.673319
0.707013
0.698307
0.682970
0.703273
0.624084
0.612426
0.598315
0.593294
0.615734
0.597034
0.566738
0.571849
0.583404
0.597051
0.606934
0.628229
0.620516
0.587132
0.605362
0.642690
0.611703
0.634692
0.612411
0.624823
0.651919
0.662296
0.595541
0.664281
0.439838
0.464250
0.499001
0.484267
0.530405
0.515795
0.515448
0.507775
0.518415
0.519333
0.539979
0.561380
0.544394
0.530613
0.554824
0.519040
0.518841
0.514810
0.462228
0.533280
0.566967
0.387657
0.418823
0.371636
0.408865
0.421905
0.417326
0.369638
0.408274
0.408539
0.409506
0.416766
0.415350
0.432169
0.439489
0.426220
0.401782
0.466089
0.378056
0.396594
0.493202
0.376796
0.345601
0.349185
0.356633
0.382706
0.496706
0.411326
0.575673
0.580338
0.579716
0.607422
0.567184
0.565617
0.572874
0.590724
0.567549
0.583815
0.555621
0.555158
0.577070
0.555975
0.577856
0.585768
0.567332
0.592426
0.560461
0.568394
0.573019
0.590056
0.575606
0.596888
0.512719
0.460760
0.494243
0.462661
0.491556
0.491032
0.487727
0.447317
0.485317
0.516652
0.517778
0.526238
0.521493
0.451649
0.526559
0.515796
0.443970
0.526339
0.532038
0.540334
0.542562
0.547383
0.465704
0.531093
0.413688
0.373641
0.400034
0.364895
0.379648
0.358294
0.396723
0.351791
0.356093
0.370120
0.368188
0.375512
0.404379
0.428506
0.419080
0.442642
0.443500
0.435365
0.451869
0.469336
0.432734
0.615114
0.632458
0.607090
0.618777
0.638184
0.615439
0.558242
0.514185
0.533131
0.573240
0.544820
0.587230
0.591073
0.613915
0.572300
0.541007
0.639596
0.620935
0.626506
0.640129
0.443874
0.417346
0.574724
0.529368
0.538781
0.555302
0.552501
0.585178
0.588895
0.642580
0.611623
0.597764
0.570735
0.454488
0.546572
0.485298
0.457415
0.522238
0.460378
0.469565
0.485136
0.482224
0.569749
0.402700
0.467861
0.502262
0.575262
0.583935
0.374618
0.460384
0.471489
0.538569
0.601094
0.575353
0.560149
0.566739
0.507730
0.575605
0.562441
0.537554
0.472887
0.438194
0.422687
0.449290
0.489306
0.435154
0.540685
0.581768
0.499612
0.486569
0.521612
0.543772
0.479029
0.555965
0.566174
0.580822
0.472173
0.521691
0.504592
0.635274
0.606059
0.587292
0.606872
0.579993
0.586316
0.570733
0.574703
0.573418
0.560795
0.537743
0.496461
0.511192
0.540015
0.505287
0.534170
0.528948
0.497964
0.556199
0.563026
0.573262
0.597222
0.551106
0.571375
0.624286
0.596083
0.521710
0.560606
0.600338
0.609917
0.613147
0.634966
0.552255
0.513223
0.636375
0.618158
0.500568
0.617419
0.683459
0.674112
0.679474
0.698208
0.701865
0.590453
0.614557
0.427792
0.474193
0.420882
0.564889
0.493802
0.563517
0.657690
0.626410
0.567547
0.598992
0.556071
0.569824
0.522839
0.531561
0.784380
0.757827
0.758327
0.747422
0.744711
0.749268
0.729598
0.712087
0.737688
0.765191
0.796979
0.754285
0.758126
0.718201
0.734312
0.681457
0.703591
0.703304
0.680843
0.711175
0.716146
0.701952
0.679744
0.694514
0.709739
0.527378
0.572794
0.531317
0.559796
0.670504
0.599968
0.516841
0.500205
0.515102
0.537561
0.529442
0.552774
0.553373
0.588692
0.567506
0.547181
0.664744
0.633154
0.740388
0.709975
0.527613
0.538655
0.494341
0.502923
0.536240
0.500189
0.462085
0.446160
0.448515
0.470965
0.445635
0.467255
0.461043
0.478610
0.472055
0.452496
0.500091
0.497031
0.534828
0.537549
0.532479
0.503964
0.529024
0.507029
0.467969
0.483275
0.475705
0.493200
0.502862
0.485472
0.519870
0.527955
0.498570
0.510215
0.474341
0.487114
0.512882
0.497432
0.458940
0.455236
0.469434
0.475181
0.472429
0.482488
0.499119
0.499021
0.491384
0.485816
0.509678
0.504265
0.525318
0.519213
0.431884
0.435582
0.424355
0.424354
0.433369
0.426359
0.416866
0.414175
0.412153
0.411826
0.408528
0.414022
0.415873
0.415986
0.416509
0.413596
0.431598
0.428699
0.453327
0.447939
0.457839
0.437923
0.466698
0.445885
0.421095
0.422284
0.425668
0.429353
0.439625
0.437321
0.456457
0.477758
0.457490
0.469388
0.453391
0.454312
0.471945
0.458392
0.435835
0.425917
0.433676
0.441226
0.437113
0.445865
0.445771
0.455587
0.450557
0.437676
0.468173
0.460177
0.480715
0.481114
0.418027
0.409189
0.421451
0.422952
0.406320
0.416227
0.415026
0.396172
0.395600
0.413030
0.403097
0.407651
0.398410
0.409851
0.410424
0.394675
0.423893
0.422583
0.417886
0.416810
0.419698
0.424796
0.427862
0.429251
0.400796
0.411954
0.408380
0.415259
0.423718
0.417651
0.443097
0.439753
0.412544
0.424855
0.400597
0.414323
0.421700
0.425848
0.396376
0.385546
0.399334
0.399297
0.398416
0.402153
0.398278
0.414606
0.404154
0.396187
0.430731
0.423266
0.429871
0.421833
0.380455
0.387943
0.376764
0.380067
0.391056
0.369466
0.366304
0.363646
0.363778
0.362539
0.370030
0.366825
0.369651
0.373320
0.372013
0.362064
0.383371
0.377700
0.394882
0.392293
0.392492
0.383465
0.404925
0.387737
0.379557
0.376532
0.378624
0.379422
0.381287
0.385310
0.388889
0.409746
0.397978
0.403632
0.391650
0.388998
0.403445
0.406245
0.399542
0.399646
0.406548
0.403820
0.413602
0.418965
0.398111
0.422953
0.426584
0.410826
0.401468
0.408087
0.415771
0.408615
0.369534
0.361437
0.378011
0.368176
0.358108
0.373129
0.373738
0.396161
0.386931
0.368318
0.388126
0.377842
0.401427
0.378134
0.377276
0.388211
0.383155
0.382800
0.367908
0.361963
0.382687
0.372840
0.388921
0.370835
0.393064
0.386003
0.395406
0.389481
0.387408
0.399341
0.377123
0.385274
0.407579
0.410608
0.435739
0.440652
0.420941
0.443383
0.477188
0.524562
0.525031
0.476421
0.526720
0.479401
0.491111
0.484776
0.481297
0.512830
0.436404
0.437259
0.405744
0.417292
0.408925
0.401246
0.433096
0.426493
0.405579
0.429371
0.455791
0.496541
0.496034
0.446644
0.500440
0.453827
0.523111
0.471838
0.464702
0.512231
0.431861
0.429184
0.409104
0.411876
0.406122
0.431036
0.407206
0.428184
0.518830
0.471986
0.514810
0.475166
0.475745
0.524081
0.430555
0.405740
0.597331
0.608144
0.665052
0.649653
0.575095
0.616425
0.736580
0.705682
0.671470
0.652433
0.661591
0.581659
0.598009
0.527700
0.549551
0.557867
0.546070
0.595008
0.595063
0.569930
0.619796
0.646893
0.645665
0.682249
0.738805
0.735314
0.652987
0.643540
0.579719
0.575038
0.583485
0.654467
0.581180
0.664586
0.714961
0.712730
0.729517
0.674566
0.594241
0.714296
0.750869
0.714610
0.659180
0.749853
0.670549
0.712605
0.690640
0.658512
0.682502
0.666636
0.707553
0.668553
0.712693
0.674401
0.733644
0.690653
0.716565
0.755008
0.824107
0.695718
0.777100
0.753913
0.749915
0.716587
0.709168
0.828445
0.755402
0.806981
0.744916
0.706517
0.694758
0.720677
0.724199
0.732605
0.841355
0.842728
0.779470
0.770440
0.738100
0.742467
0.743709
0.747009
0.761937
0.743573
0.723793
0.644477
0.644132
0.649498
0.658992
0.687441
0.656725
0.613333
0.660077
0.622022
0.655608
0.556489
0.626653
0.616116
0.601688
0.629287
0.634914
0.600884
0.646729
0.655425
0.639176
0.592049
0.620887
0.599344
0.615964
0.642190
0.603801
0.569781
0.587629
0.693230
0.608955
0.721739
0.649456
0.723557
0.726998
0.666288
0.650969
0.621461
0.625368
0.630512
0.539843
0.665908
0.521233
0.566763
0.541642
0.510146
0.707492
0.726269
0.518732
0.762793
0.694752
0.733921
0.726480
0.683406
0.751633
0.563872
0.705926
0.460821
0.588856
0.503681
0.574668
0.551804
0.632407
0.634503
0.551936
0.589378
0.669600
0.546518
0.721983
0.801702
0.729656
0.635213
0.582495
0.569568
0.587575
0.639082
0.520694
0.580534
0.607963
0.689855
0.530853
0.480736
0.600084
0.532964
0.644578
0.709587
0.595416
0.723850
0.607174
0.749780
0.804105
0.733490
0.674778
0.684863
0.724938
0.673052
0.744752
0.776323
0.732584
0.532594
0.614793
0.628102
0.698100
0.664418
0.736027
0.714437
0.638542
0.750503
0.782254
0.842371
0.849346
0.801617
0.708836
0.755352
0.743852
0.769942
0.773816
0.715816
0.817450
0.778621
0.806335
0.766911
0.713643
0.711442
0.717687
0.704853
0.681136
0.663707
0.721004
0.712360
0.733206
0.723495
0.738655
0.680435
0.660307
0.702663
0.713270
0.645858
0.673039
0.727925
0.666234
0.701010
0.716899
0.721835
0.734550
0.742696
0.709184
0.750897
0.721576
0.718369
0.719976
0.658852
0.729640
0.733456
0.722486
0.732301
0.718253
0.713215
0.727207
0.755386
0.736450
0.702716
0.737746
0.699374
0.720666
0.711325
0.709203
0.711419
0.733185
0.539280
0.586843
0.566023
0.704175
0.636406
0.757244
0.655560
0.659355
0.628787
0.654676
0.625689
0.793112
0.727425
0.800892
0.777350
0.652660
0.761277
0.730952
0.689264
0.703139
0.736250
0.755007
0.623280
0.734186
0.726983
0.669785
0.715094
0.698379
0.711125
0.689603
0.669242
0.656819
0.663118
0.653932
0.673874
0.621547
0.618918
0.670828
0.648226
0.631920
0.636013
0.641768
0.601243
0.723581
0.704262
0.721564
0.790701
0.755164
0.758792
0.759504
0.754741
0.723509
0.750335
0.746787
0.738150
0.731848
0.688621
0.710541
0.731130
0.733911
0.704081
0.714123
0.672457
0.686956
0.735837
0.716120
0.682410
0.735299
0.716612
0.729895
0.742032
0.747452
0.666432
0.674915
0.627637
0.656910
0.621250
0.654293
0.667371
0.604079
0.690591
0.615765
0.666556
0.593292
0.634716
0.647887
0.570607
0.589337
0.627125
0.654728
0.673837
0.664573
0.738999
0.724808
0.721544
0.700821
0.674091
0.738607
0.701051
0.736719
0.680225
0.712264
0.751655
0.750790
0.722704
0.750949
0.768445
0.769208
0.787498
0.749472
0.785667
0.624675
0.701198
0.727600
0.676454
0.645621
0.711604
0.763223
0.665422
0.748069
0.641335
0.732999
0.669781
0.669305
0.702922
0.699390
0.790736
0.717892
0.668380
0.662797
0.699776
0.690996
0.660916
0.655048
0.608580
0.588011
0.616113
0.730282
0.672684
0.549590
0.517928
0.516887
0.570145
0.583072
0.571478
0.674689
0.610534
0.636686
0.583891
0.788233
0.626395
0.708548
0.672582
0.683227
0.697610
0.688009
0.706973
0.660781
0.695994
0.779129
0.418289
0.468718
0.417649
0.439607
0.495726
0.576572
0.391554
0.406912
0.507934
0.484046
0.454489
0.396760
0.510497
0.505323
0.456041
0.459563
0.419142
0.430720
0.405680
0.480482
0.404117
0.525623
0.352915
0.425581
0.469927
0.403757
0.503341
0.513047
0.569326
0.521183
0.523581
0.556775
0.664823
0.504710
0.633936
0.574962
0.521234
0.622614
0.558509
0.557100
0.559986
0.513129
0.483797
0.492967
0.510457
0.531922
0.489164
0.504769
0.594778
0.564899
0.504129
0.559494
0.505433
0.541159
0.618525
0.452845
0.493582
0.464728
0.486051
0.622983
0.529722
0.559009
0.555109
0.614622
0.545313
0.514315
0.502599
0.527959
0.544936
0.487565
0.555994
0.437018
0.447160
0.563076
0.623562
0.481483
0.432146
0.422932
0.468305
0.430709
0.412576
0.440946
0.439367
0.788218
0.788308
0.844795
0.808200
0.809522
0.820946
0.847524
0.822932
0.891106
0.824109
0.836790
0.837182
0.823975
0.833934
0.797187
0.831928
0.866721
0.824367
0.801050
0.867400
0.829986
0.873647
0.865196
0.846132
0.860014
0.856031
0.827358
0.860551
0.833812
0.819614
0.841120
0.831699
0.839795
0.851007
0.851576
0.826683
0.809981
0.801973
0.838221
0.866662
0.832287
0.825657
0.869764
0.844211
0.862462
0.829194
0.830544
0.768034
0.794995
0.651830
0.712373
0.739999
0.773210
0.740529
0.782517
0.768250
0.695976
0.704907
0.712592
0.761684
0.789236
0.704135
0.621094
0.744777
0.780659
0.740816
0.773886
0.768547
0.676430
0.651560
0.691542
0.656622
0.678504
0.669368
0.713685
0.708832
0.722312
0.702575
0.648298
0.699866
0.657280
0.693415
0.658955
0.629876
0.668548
0.644258
0.647207
0.662840
0.633920
0.654772
0.626987
0.651378
0.605886
0.636115
0.849525
0.862899
0.852481
0.875575
0.856497
0.909674
0.882580
0.880521
0.891812
0.818417
0.838639
0.865412
0.856950
0.883396
0.788195
0.799187
0.789555
0.837557
0.831352
0.821786
0.694723
0.779893
0.816860
0.854200
0.827778
0.881613
0.865969
0.849313
0.850108
0.874261
0.854897
0.852758
0.868528
0.884813
0.851785
0.860508
0.899046
0.901431
0.878488
0.879464
0.898645
0.903352
0.900028
0.905462
0.669391
0.687779
0.679957
0.649428
0.717253
0.680684
0.651216
0.683402
0.715934
0.747391
0.697897
0.687359
0.710076
0.695102
0.717284
0.730265
0.710842
0.708359
0.720328
0.712256
0.607960
0.630110
0.717018
0.706966
0.723092
0.727263
0.721498
0.724296
0.702462
0.729241
0.722217
0.731444
0.742930
0.720313
0.734095
0.713758
0.719554
0.716471
0.697720
0.725319
0.697112
0.711983
0.691664
0.716092
0.703720
0.691847
0.704335
0.706458
0.720511
0.713896
0.704417
0.733267
0.722081
0.759908
0.751268
0.758483
0.775719
0.761995
0.752738
0.740007
0.739233
0.716930
0.722840
0.743977
0.754603
0.752062
0.792743
0.752318
0.765715
0.397808
0.428215
0.533688
0.467074
0.477568
0.523979
0.426983
0.417701
0.698514
0.698354
0.706756
0.701234
0.703039
0.703316
0.732119
0.725128
0.735856
0.730411
0.730759
0.730494
0.707936
0.689396
0.701140
0.734929
0.724145
0.749543
0.733409
0.731450
0.727523
0.703509
0.726147
0.708069
0.728050
0.711516
0.738374
0.799463
0.714347
0.821647
0.775035
0.824495
0.684771
0.542224
0.707490
0.629610
0.753146
0.729515
0.798806
0.811863
0.769381
0.658992
0.695140
0.733719
0.644943
0.581104
0.634552
0.803102
0.800351
0.691259
0.802496
0.830916
0.791081
0.760109
0.738952
0.684366
0.728296
0.694884
0.722282
0.717164
0.687900
0.742782
0.674603
0.648529
0.700435
0.649394
0.603994
0.608677
0.585628
0.706477
0.560579
0.697955
0.666150
0.471192
0.429118
0.472746
0.584057
0.473273
0.547044
0.442177
0.469819
0.734663
0.744771
0.728397
0.725788
0.706784
0.708149
0.703861
0.728198
0.778163
0.782526
0.659308
0.737930
0.558700
0.563570
0.716348
0.496242
0.570373
0.556896
0.599882
0.627010
0.566177
0.685081
0.593313
0.748615
0.802982
0.751354
0.674832
0.602635
0.660771
0.596467
0.630348
0.677692
0.597442
0.577027
0.624484
0.735576
0.521774
0.715982
0.636479
0.770302
0.748506
0.694899
0.701993
0.771646
0.736452
0.673579
0.750046
0.664957
0.796066
0.657477
0.700429
0.707978
0.692995
0.712889
0.664648
0.706968
0.647275
0.646360
0.669116
0.656520
0.644727
0.671224
0.691198
0.693005
0.742732
0.716844
0.609738
0.596940
0.688902
0.746434
0.612133
0.663616
0.615857
0.680647
0.637670
0.642981
0.814703
0.779790
0.816483
0.825298
0.818321
0.817717
0.808497
0.822055
0.816247
0.791278
0.785861
0.805990
0.759192
0.810013
0.808687
0.805907
0.817070
0.809324
0.575010
0.601728
0.622798
0.617003
0.602166
0.631406
0.628362
0.634846
0.634271
0.592106
0.659895
0.608448
0.623459
0.622777
0.635673
0.596188
0.658305
0.633278
0.620253
0.679343
0.641335
0.675573
0.738593
0.652331
0.646297
0.639065
0.680198
0.634965
0.694722
0.716417
0.672164
0.607735
0.618211
0.622196
0.645226
0.735614
0.685397
0.636712
0.730581
0.699164
0.706573
0.682194
0.622317
0.622362
0.623059
0.617482
0.594396
0.614775
0.567463
0.603212
0.696825
0.591462
0.541810
0.729428
0.646539
0.703814
0.640949
0.525776
0.546720
0.564282
0.559924
0.562556
0.577290
0.578319
0.584305
0.584581
0.573499
0.601404
0.579713
0.689282
0.739515
0.714603
0.737447
0.777767
0.743058
0.709011
0.719847
0.744800
0.733905
0.664659
0.745101
0.740414
0.670970
0.682238
0.661865
0.680159
0.687357
0.710639
0.731786
0.705360
0.732639
0.748630
0.751491
0.743918
0.778165
0.728571
0.712891
0.737552
0.734381
0.739406
0.695230
0.798945
0.761009
0.840041
0.808798
0.755349
0.768702
0.841137
0.844524
0.836109
0.835567
0.862449
0.852199
0.857906
0.865551
0.880855
0.879897
0.884028
0.902030
0.864061
0.876111
0.905740
0.871310
0.888977
0.884292
0.896878
0.850725
0.869662
0.881273
0.851956
0.875330
0.885003
0.906594
0.903019
0.913429
0.901933
0.922258
0.894090
0.914264
0.706544
0.751710
0.808598
0.617463
0.802599
0.801039
0.809848
0.824680
0.787118
0.770063
0.811107
0.769410
0.808927
0.723096
0.625178
0.654640
0.732544
0.677768
0.700510
0.588050
0.619919
0.562908
0.577866
0.579315
0.679095
0.589929
0.629924
0.552007
0.564298
0.504476
0.611714
0.525473
0.501789
0.633533
0.563633
0.642908
0.580747
0.515730
0.570649
0.516212
0.587761
0.532319
0.560174
0.609211
0.561270
0.596850
0.574751
0.566375
0.580601
0.581220
0.575720
0.603775
0.655169
0.619238
0.580370
0.699792
0.720153
0.622036
0.627368
0.576868
0.608777
0.580134
0.720691
0.564577
0.556316
0.569652
0.511683
0.595831
0.543942
0.574026
0.482829
0.527601
0.548660
0.716109
0.549652
0.618969
0.589927
0.603658
0.557558
0.714995
0.634124
0.643382
0.609406
0.594371
0.603436
0.593848
0.577286
0.578551
0.586267
0.606401
0.616360
0.562624
0.852147
0.907295
0.935517
0.863965
0.919000
0.889144
0.899732
0.909625
0.895209
0.864359
0.874041
0.866172
0.830796
0.845420
0.816094
0.904034
0.874868
0.867425
0.918275
0.931963
0.924621
0.883345
0.812501
0.894334
0.772924
0.807654
0.821863
0.787970
0.761725
0.797135
0.819130
0.825264
0.853676
0.820945
0.803748
0.794146
0.846264
0.806856
0.858968
0.811880
0.830191
0.811582
0.801855
0.771371
0.802076
0.780943
0.838508
0.826569
0.767387
0.697683
0.677412
0.739226
0.724602
0.699302
0.716882
0.745260
0.751035
0.743986
0.741156
0.768653
0.739066
0.759663
0.755553
0.724949
0.766490
0.729173
0.728820
0.683589
0.688948
0.610117
0.641440
0.623160
0.658640
0.663501
0.656042
0.618759
0.640387
0.631082
0.651587
0.722715
0.733534
0.693038
0.678714
0.715162
0.679409
0.732603
0.730677
0.692188
0.677968
0.754411
0.791622
0.769324
0.768366
0.795165
0.797030
0.775408
0.794424
0.827822
0.785276
0.752413
0.726144
0.709717
0.743148
0.717539
0.745763
0.767212
0.709921
0.745300
0.720237
0.789897
0.771055
0.718567
0.734514
0.780942
0.729064
0.710853
0.704580
0.743257
0.749762
0.764024
0.737277
0.782344
0.780458
0.697238
0.723743
0.738822
0.685782
0.739267
0.719845
0.779651
0.715420
0.742173
0.721768
0.692711
0.728307
0.759174
0.743096
0.774671
0.775650
0.751455
0.726998
0.725382
0.627896
0.628722
0.642840
0.624912
0.628447
0.577980
0.611949
0.601493
0.668754
0.629352
0.605794
0.592706
0.596374
0.630395
0.560496
0.498497
0.625952
0.565102
0.591978
0.558565
0.601794
0.543823
0.597507
0.569834
0.549990
0.553855
0.564844
0.618524
0.560331
0.604979
0.653379
0.598450
0.614149
0.603532
0.614278
0.616819
0.611805
0.589669
0.625863
0.613934
0.561357
0.577995
0.630269
0.678373
0.588091
0.569515
0.552168
0.504443
0.534386
0.519794
0.525452
0.536142
0.613693
0.567280
0.605919
0.572168
0.598892
0.626321
0.576296
0.558412
0.604115
0.534850
0.657527
0.610297
0.575795
0.609760
0.601397
0.578110
0.630578
0.610891
0.610954
0.601350
0.638976
0.596939
0.615353
0.664997
0.589930
0.651743
0.622154
0.600935
0.567731
0.602322
0.609328
0.572189
0.602286
0.554335
0.621089
0.615936
0.619018
0.596852
0.564569
0.588761
0.595891
0.600920
0.607001
0.667113
0.578203
0.568508
0.576252
0.616785
0.611213
0.561871
0.598101
0.598755
0.676305
0.600829
0.662876
0.619967
0.644851
0.596739
0.625487
0.634122
0.579557
0.606287
0.654382
0.656548
0.658698
0.725077
0.639414
0.677139
0.668696
0.642580
0.617297
0.637336
0.634044
0.666525
0.646600
0.658107
0.637507
0.631173
0.639170
0.729097
0.666370
0.640635
0.641921
0.646198
0.649294
0.635730
0.606120
0.631052
0.614842
0.588290
0.620308
0.695467
0.609228
0.639907
0.618265
0.613431
0.642511
0.589782
0.569042
0.532251
0.584418
0.638092
0.602094
0.583803
0.586951
0.584367
0.550647
0.606409
0.705461
0.725334
0.665229
0.649294
0.662432
0.666144
0.712349
0.690584
0.719198
0.709853
0.665749
0.645988
0.669997
0.604077
0.640062
0.599566
0.597062
0.597302
0.555760
0.593863
0.564014
0.566006
0.587166
0.591439
0.551523
0.551200
0.620953
0.639512
0.613284
0.562524
0.640843
0.719468
0.656601
0.599154
0.551313
0.548760
0.595245
0.581412
0.583443
0.587933
0.694609
0.654761
0.660881
0.721747
0.675143
0.592489
0.677241
0.683106
0.663164
0.664644
0.681905
0.717971
0.638000
0.687830
0.687511
0.654194
0.620525
0.613347
0.621326
0.598504
0.612607
0.625931
0.621632
0.669637
0.616993
0.658508
0.702224
0.658180
0.654787
0.696680
0.637965
0.585307
0.741174
0.728535
0.746150
0.720606
0.730426
0.754350
0.714032
0.762604
0.739952
0.747796
0.720589
0.712303
0.739084
0.730150
0.806943
0.726282
0.774019
0.651590
0.632600
0.677537
0.635417
0.630895
0.632199
0.673061
0.633478
0.661314
0.746246
0.667888
0.737640
0.691550
0.703435
0.670032
0.649864
0.773687
0.768266
0.776317
0.723045
0.761173
0.777129
0.750371
0.766927
0.709382
0.678657
0.709451
0.686940
0.739241
0.671823
0.591306
0.701076
0.693554
0.697268
0.605358
0.618722
0.618048
0.627899
0.623940
0.594349
0.584425
0.632067
0.640259
0.623016
0.684599
0.633642
0.640113
0.645286
0.733485
0.635087
0.772931
0.652427
0.816250
0.731495
0.607531
0.606999
0.678505
0.861182
0.823027
0.652106
0.676496
0.618279
0.630710
0.666549
0.725271
0.694691
0.679548
0.726410
0.734541
0.751869
0.694919
0.634590
0.552696
0.634911
0.593427
0.514312
0.529595
0.591688
0.504599
0.682972
0.661554
0.685599
0.662555
0.633713
0.643113
0.686937
0.598537
0.602788
0.569782
0.650349
0.687087
0.661268
0.640199
0.685984
0.627270
0.694440
0.653386
0.628200
0.591021
0.624481
0.612485
0.629687
0.631170
0.675597
0.713837
0.665430
0.656583
0.707784
0.685316
0.639423
0.662565
0.648761
0.666495
0.580199
0.637617
0.669182
0.645481
0.685584
0.698798
0.744696
0.731068
0.627228
0.638386
0.638591
0.658631
0.676362
0.642400
0.674663
0.693079
0.621854
0.751783
0.601562
0.551754
0.535208
0.512061
0.551923
0.577449
0.561182
0.680486
0.659905
0.561145
0.604725
0.600203
0.519435
0.624540
0.560873
0.646523
0.622014
0.699692
0.731382
0.702459
0.717726
0.671210
0.539703
0.630875
0.669427
0.628920
0.660103
0.649931
0.554549
0.695686
0.672212
0.747064
0.726256
0.614780
0.663228
0.602776
0.629895
0.638806
0.710541
0.619602
0.680006
0.580555
0.707531
0.737683
0.644756
0.680389
0.689557
0.694091
0.627590
0.677451
0.591321
0.771042
0.659526
0.673491
0.641722
0.656597
0.650587
0.659958
0.650423
0.658218
0.663747
0.683171
0.703203
0.688914
0.722713
0.711952
0.703595
0.760890
0.745816
0.700500
0.703575
0.716328
0.717935
0.765229
0.658686
0.770771
0.789737
0.717333
0.681470
0.649618
0.674120
0.737152
0.634953
0.622257
0.679647
0.714625
0.782541
0.698526
0.772241
0.726738
0.727193
0.749009
0.768378
0.824561
0.737619
0.671742
0.782717
0.733380
0.722604
0.706883
0.751098
0.707035
0.737832
0.699472
0.617513
0.732655
0.555636
0.705430
0.709478
0.661744
0.706522
0.740691
0.719523
0.673741
0.721950
0.681476
0.688194
0.686923
0.643977
0.679909
0.708376
0.713567
0.673592
0.608645
0.697720
0.696914
0.692150
0.681282
0.612154
0.680973
0.624460
0.625189
0.676855
0.668123
0.723778
0.724227
0.682557
0.697065
0.680957
0.667674
0.659895
0.679631
0.614986
0.661022
0.719390
0.735819
0.700719
0.733192
0.718080
0.696042
0.621825
0.637052
0.698322
0.683371
0.711657
0.736366
0.702992
0.715955
0.740069
0.691005
0.756482
0.743867
0.738186
0.729522
0.818459
0.786797
0.786787
0.763331
0.798910
0.764104
0.581728
0.546309
0.582134
0.607986
0.599615
0.622756
0.497223
0.476137
0.618762
0.588236
0.575850
0.609202
0.617062
0.592925
0.549921
0.526736
0.571754
0.540892
0.668613
0.655103
0.654134
0.674048
0.679728
0.620762
0.701471
0.693940
0.742385
0.717197
0.716688
0.542576
0.677355
0.678223
0.527399
0.778871
0.756364
0.809460
0.776277
0.584403
0.566045
0.534692
0.667143
0.551449
0.575310
0.609400
0.621626
0.710212
0.618427
0.612158
0.615342
0.576114
0.620308
0.679101
0.741470
0.645831
0.722707
0.769183
0.793060
0.713559
0.737147
0.605768
0.689824
0.727760
0.763292
0.594083
0.743085
0.684480
0.787953
0.726708
0.717353
0.651786
0.640161
0.603741
0.614541
0.659020
0.607967
0.649393
0.603866
0.674387
0.681687
0.668093
0.657239
0.683827
0.659829
0.652179
0.710800
0.675068
0.660614
0.706559
0.689480
0.662179
0.691310
0.664649
0.679996
0.710486
0.729672
0.754888
0.738376
0.656645
0.697255
0.667429
0.691008
0.697742
0.671528
0.737361
0.764919
0.652508
0.656200
0.684191
0.664518
0.650204
0.657663
0.635516
0.654189
0.598407
0.659503
0.669002
0.633328
0.703468
0.689553
0.746306
0.723180
0.617718
0.629712
0.622842
0.642800
0.634123
0.643193
0.642322
0.657466
0.674876
0.672837
0.668596
0.684601
0.599327
0.609323
0.568606
0.576229
0.638806
0.569220
0.578480
0.620850
0.593369
0.628905
0.541403
0.551791
0.651149
0.693068
0.633917
0.568371
0.610197
0.581294
0.588802
0.495248
0.620856
0.658645
0.615592
0.604351
0.606361
0.626551
0.679759
0.657756
0.822215
0.830377
0.826494
0.786490
0.799938
0.833288
0.824804
0.801747
0.771240
0.748294
0.762732
0.781990
0.761830
0.776846
0.761148
0.774935
0.777446
0.761822
0.790404
0.798814
0.809131
0.800588
0.817751
0.821736
0.739536
0.693559
0.749691
0.711813
0.714419
0.678475
0.704960
0.631840
0.633322
0.650765
0.577003
0.649340
0.641179
0.584625
0.601944
0.621512
0.683288
0.638125
0.571599
0.612329
0.645896
0.609060
0.691583
0.676912
0.639451
0.727500
0.672534
0.736421
0.691281
0.708488
0.671965
0.667763
0.685127
0.684249
0.717795
0.739213
0.688243
0.715231
0.763474
0.712378
0.765246
0.715815
0.729474
0.735521
0.735052
0.729622
0.732893
0.718716
0.774314
0.822235
0.803074
0.755494
0.799177
0.736534
0.748694
0.726370
0.725896
0.787188
0.704420
0.710509
0.732164
0.735581
0.664887
0.651391
0.670575
0.668806
0.703821
0.754297
0.757370
0.709548
0.785182
0.715287
0.717888
0.766571
0.649721
0.663627
0.621013
0.617419
0.560863
0.586437
0.756969
0.682186
0.725506
0.676360
0.628983
0.743251
0.573636
0.572489
0.659632
0.673683
0.682987
0.674384
0.666579
0.752588
0.717812
0.738708
0.710636
0.721372
0.693000
0.905024
0.934831
0.940094
0.907588
0.909077
0.897263
0.923159
0.888319
0.927581
0.863262
0.914100
0.886498
0.823672
0.910929
0.854813
0.902342
0.898441
0.852674
0.919626
0.857480
0.900146
0.880077
0.923699
0.910580
0.809229
0.889338
0.800275
0.887825
0.841542
0.839437
0.822649
0.859782
0.803123
0.878322
0.868070
0.839514
0.829154
0.772644
0.806314
0.803088
0.837578
0.813264
0.815025
0.798215
0.835543
0.832973
0.824668
0.877726
0.826005
0.840728
0.807056
0.837557
0.791822
0.877100
0.854871
0.842096
0.859449
0.842847
0.793750
0.763784
0.749586
0.835594
0.824258
0.815547
0.810810
0.783605
0.751589
0.899874
0.852078
0.887262
0.898048
0.840994
0.833556
0.858640
0.889551
0.878279
0.876311
0.845371
0.896494
0.903533
0.871015
0.893321
0.907858
0.915547
0.889729
0.914142
0.889964
0.838610
0.844230
0.783863
0.798468
0.874515
0.733594
0.753046
0.796229
0.841572
0.890802
0.896764
0.870023
0.893002
0.886121
0.874050
0.890266
0.918961
0.865130
0.858535
0.862442
0.865209
0.842566
0.850702
0.866405
0.860881
0.862480
0.857521
0.868651
0.852116
0.875526
0.872133
0.871884
0.855814
0.836793
0.837629
0.842299
0.861726
0.919965
0.863529
0.891264
0.907543
0.883796
0.771157
0.846739
0.848401
0.871947
0.848842
0.918736
0.900644
0.951896
0.960612
0.910632
0.911598
0.907300
0.905532
0.920198
0.911116
0.893175
0.886317
0.886193
0.904363
0.859622
0.848313
0.838962
0.892105
0.752033
0.804708
0.833897
0.799952
0.798993
0.821970
0.801707
0.884971
0.849066
0.850513
0.771720
0.772403
0.888108
0.869929
0.869421
0.861209
0.886295
0.887123
0.886633
0.879393
0.874148
0.841664
0.884152
0.808286
0.811608
0.842300
0.845614
0.869821
0.883287
0.867333
0.864883
0.884873
0.806896
0.890975
0.831148
0.823545
0.854743
0.812718
0.830932
0.827897
0.843483
0.814328
0.871452
0.866432
0.867724
0.815175
0.885239
0.880057
0.868129
0.873721
0.858101
0.854316
0.866216
0.866756
0.863007
0.910906
0.901097
0.896553
0.895347
0.837544
0.889187
0.898100
0.890309
0.857148
0.902509
0.874104
0.831018
0.871731
0.875902
0.828989
0.851984
0.786187
0.778119
0.810532
0.818739
0.850743
0.828735
0.791702
0.797932
0.863957
0.777649
0.701590
0.630619
0.830689
0.770254
0.703298
0.704936
0.680774
0.681830
0.656936
0.723669
0.672719
0.667126
0.734719
0.872381
0.792805
0.729476
0.813378
0.752496
0.797847
0.717470
0.879599
0.832429
0.885004
0.842257
0.899104
0.900375
0.851225
0.852081
0.821699
0.820538
0.820461
0.837921
0.838999
0.835048
0.829537
0.874694
0.866905
0.824786
0.835960
0.776412
0.822277
0.761312
0.813897
0.858534
0.824973
0.838367
0.889336
0.874251
0.841941
0.888081
0.853933
0.811916
0.889742
0.849233
0.911514
0.818449
0.883743
0.892679
0.858971
0.846442
0.837535
0.842636
0.830101
0.823052
0.852941
0.863217
0.858046
0.869882
0.847560
0.888696
0.845132
0.888668
0.878815
0.861545
0.746566
0.782711
0.780401
0.760578
0.835135
0.834811
0.837851
0.832194
0.846438
0.765554
0.774605
0.748813
0.784685
0.790159
0.689135
0.755176
0.754065
0.703368
0.736492
0.695156
0.746587
0.795458
0.805457
0.772220
0.811366
0.790800
0.772322
0.770056
0.756617
0.789758
0.789895
0.791279
0.756901
0.781691
0.719757
0.703465
0.760373
0.704127
0.716171
0.752387
0.791360
0.770387
0.748123
0.725461
0.779644
0.747265
0.685415
0.768155
0.778335
0.659302
0.699278
0.677163
0.712496
0.749770
0.743625
0.696868
0.712147
0.739350
0.725454
0.741893
0.734684
0.750151
0.749422
0.744876
0.798181
0.777529
0.786558
0.738006
0.749659
0.727977
0.755313
0.780717
0.669171
0.751890
0.728985
0.743279
0.696456
0.694432
0.873051
0.865175
0.876482
0.872167
0.868011
0.888678
0.886364
0.875333
0.804208
0.798162
0.807501
0.845028
0.853237
0.799665
0.764149
0.732479
0.806380
0.832671
0.845280
0.830926
0.849645
0.901139
0.825013
0.879694
0.875631
0.847990
0.822357
0.839099
0.843543
0.867416
0.872947
0.880647
0.876055
0.829345
0.891361
0.835422
0.864303
0.833144
0.842910
0.889629
0.901508
0.843038
0.892967
0.886013
0.846975
0.849659
0.847709
0.857427
0.848304
0.809905
0.846777
0.806743
0.844350
0.831097
0.842947
0.829841
0.843710
0.864328
0.863964
0.851992
0.866132
0.846619
0.842640
0.868904
0.891348
0.869925
0.880258
0.896423
0.888302
0.891510
0.873420
0.911950
0.874530
0.899751
0.857293
0.886609
0.899323
0.892885
0.897857
0.909850
0.868971
0.903065
0.899665
0.875008
0.862318
0.844401
0.824754
0.872039
0.811830
0.811067
0.915201
0.913119
0.894926
0.872622
0.908741
0.927601
0.840214
0.893837
0.931843
0.828177
0.867246
0.872755
0.868732
0.852662
0.851878
0.880646
0.861418
0.847121
0.859619
0.825937
0.850047
0.808282
0.578567
0.673629
0.667737
0.762802
0.685939
0.640563
0.841011
0.822801
0.799774
0.796700
0.792415
0.874771
0.891990
0.889649
0.863666
0.861706
0.848747
0.870504
0.927502
0.924456
0.874392
0.871282
0.907525
0.909099
0.927628
0.907829
0.901313
0.917499
0.916597
0.877522
0.853691
0.866959
0.881096
0.907663
0.899187
0.888467
0.891079
0.873786
0.895842
0.879097
0.898372
0.876942
0.877390
0.865461
0.873250
0.849220
0.853827
0.850791
0.861107
0.840776
0.821493
0.843930
0.851311
0.858226
0.802047
0.830027
0.859485
0.767744
0.822886
0.800504
0.831311
0.800753
0.765195
0.818240
0.824763
0.847407
0.831406
0.803965
0.847108
0.854054
0.827790
0.837828
0.844381
0.848074
0.843693
0.863170
0.842270
0.846936
0.835879
0.832119
0.846286
0.839210
0.823267
0.830471
0.833681
0.861040
0.844537
0.856420
0.847810
0.853574
0.842271
0.862290
0.856728
0.834020
0.741200
0.809979
0.823460
0.815395
0.758317
0.762295
0.771289
0.785900
0.786755
0.746363
0.741742
0.769973
0.779862
0.745605
0.754391
0.796546
0.749930
0.778177
0.765422
0.762427
0.719448
0.761605
0.719103
0.743716
0.722894
0.755781
0.594705
0.719264
0.727331
0.741843
0.755518
0.756021
0.694425
0.720913
0.667931
0.750196
0.753182
0.727632
0.735756
0.715341
0.709256
0.683218
0.737469
0.737479
0.691318
0.687720
0.707832
0.715889
0.695939
0.690715
0.702696
0.715335
0.721798
0.769470
0.756619
0.688757
0.758235
0.690778
0.649751
0.738435
0.701182
0.710431
0.735214
0.736629
0.783408
0.782504
0.731292
0.813547
0.795610
0.810605
0.791057
0.803932
0.795261
0.827265
0.791834
0.794783
0.814699
0.828249
0.806859
0.820731
0.810119
0.777078
0.823167
0.791957
0.783558
0.789408
0.868976
0.823029
0.824763
0.873188
0.798123
0.786135
0.752683
0.770660
0.725967
0.715006
0.713184
0.740904
0.717581
0.704148
0.681412
0.728932
0.717188
0.716360
0.747641
0.755409
0.752779
0.931810
0.900703
0.893572
0.872882
0.880955
0.894808
0.889824
0.932576
0.870083
0.855849
0.875009
0.856130
0.856294
0.856511
0.847551
0.868153
0.844696
0.851777
0.860284
0.853107
0.877724
0.839754
0.840170
0.867841
0.889751
0.807570
0.879683
0.868315
0.864321
0.861265
0.825682
0.795787
0.795925
0.850297
0.853503
0.815226
0.851829
0.801337
0.873563
0.807803
0.835288
0.816135
0.790220
0.820528
0.857005
0.879620
0.871075
0.874642
0.881399
0.904797
0.862633
0.858501
0.882486
0.888005
0.860089
0.867692
0.877658
0.829505
0.824522
0.823616
0.831202
0.831136
0.874978
0.879656
0.861608
0.861227
0.880950
0.880915
0.875483
0.880732
0.891256
0.894531
0.849525
0.906562
0.889076
0.865912
0.847871
0.868076
0.852130
0.858862
0.898647
0.870078
0.872173
0.799953
0.871939
0.876679
0.852314
0.849914
0.759744
0.813434
0.778282
0.850599
0.832819
0.888940
0.833682
0.802462
0.749901
0.849854
0.887019
0.853862
0.910694
0.868632
0.837091
0.871614
0.868188
0.878169
0.906477
0.839527
0.932238
0.921969
0.889303
0.901279
0.890215
0.884891
0.894121
0.815918
0.824022
0.843444
0.832669
0.798450
0.749236
0.798185
0.779087
0.746851
0.693431
0.742943
0.807751
0.768130
0.780385
0.728740
0.717641
0.730638
0.671132
0.696854
0.685182
0.685223
0.713536
0.694695
0.692420
0.672190
0.720814
0.675058
0.648925
0.695888
0.629173
0.662413
0.712929
0.702022
0.650751
0.698224
0.659330
0.550465
0.699586
0.574316
0.644553
0.576860
0.584712
0.630486
0.639840
0.634871
0.630831
0.658581
0.604387
0.668107
0.672588
0.686480
0.684328
0.708611
0.734031
0.675443
0.688793
0.749554
0.715890
0.749985
0.741359
0.766536
0.758193
0.764060
0.801371
0.789561
0.838196
0.838957
0.679634
0.626061
0.649338
0.667055
0.642254
0.704260
0.730872
0.798828
0.775533
0.791404
0.817094
0.734251
0.805846
0.688147
0.775899
0.760341
0.832869
0.799314
0.764005
0.746220
0.720774
0.761517
0.720748
0.657187
0.657951
0.704867
0.679259
0.738188
0.720281
0.742679
0.751297
0.772979
0.798886
0.785988
0.796639
0.776171
0.806664
0.793066
0.807727
0.806745
0.792944
0.811112
0.792092
0.824032
0.825825
0.770195
0.779311
0.814681
0.815837
0.814946
0.814336
0.808734
0.807642
0.833998
0.819929
0.841731
0.832727
0.829944
0.802247
0.804876
0.813708
0.829940
0.838453
0.823228
0.839873
0.862637
0.835288
0.847069
0.841112
0.830121
0.793154
0.809966
0.814339
0.830369
0.785821
0.834088
0.702392
0.705935
0.667402
0.708750
0.708352
0.731837
0.740791
0.731180
0.731771
0.692709
0.646223
0.749084
0.706307
0.694278
0.693031
0.679577
0.676402
0.654779
0.695185
0.742086
0.633706
0.578037
0.570644
0.695036
0.657291
0.718825
0.713973
0.717881
0.700087
0.699579
0.688403
0.695384
0.696193
0.688025
0.747028
0.665047
0.643806
0.616065
0.676638
0.696897
0.697599
0.706277
0.705963
0.648481
0.686391
0.721293
0.698832
0.749689
0.642409
0.703980
0.751920
0.775911
0.739391
0.714125
0.718662
0.690645
0.710079
0.731397
0.695278
0.699624
0.708317
0.750253
0.736273
0.743570
0.656761
0.618644
0.667685
0.621259
0.610620
0.636786
0.599305
0.646225
0.592655
0.652356
0.658791
0.593313
0.599341
0.614142
0.623351
0.604941
0.627257
0.685325
0.736527
0.707287
0.715844
0.737914
0.707937
0.737830
0.769440
0.698831
0.764779
0.785396
0.812201
0.730632
0.684651
0.677278
0.663971
0.688917
0.671127
0.843088
0.836918
0.831010
0.865363
0.814857
0.815380
0.836576
0.831226
0.847930
0.813602
0.852381
0.807279
0.854150
0.697108
0.670451
0.746385
0.688820
0.670118
0.692533
0.709629
0.692176
0.701271
0.689957
0.707203
0.661526
0.749390
0.759122
0.709216
0.732097
0.765947
0.801351
0.801835
0.831838
0.810021
0.800837
0.826225
0.782487
0.776203
0.751691
0.747879
0.791149
0.802481
0.834491
0.825858
0.812396
0.813311
0.811641
0.831612
0.833704
0.821239
0.762313
0.789605
0.774234
0.812830
0.730140
0.754664
0.753687
0.726816
0.773797
0.824534
0.790526
0.714987
0.715693
0.750941
0.772211
0.727568
0.719383
0.802888
0.789010
0.780566
0.797454
0.821875
0.805790
0.738864
0.764114
0.738669
0.765063
0.784195
0.790203
0.735486
0.765842
0.796641
0.817407
0.813961
0.810066
0.657273
0.687923
0.685375
0.691538
0.723939
0.744976
0.767937
0.766560
0.721568
0.770626
0.661860
0.755048
0.726145
0.753278
0.731180
0.696857
0.700051
0.761702
0.724490
0.709780
0.710071
0.713338
0.714108
0.688654
0.626277
0.720556
0.667197
0.661322
0.622346
0.826894
0.813118
0.832103
0.807445
0.793413
0.775491
0.784912
0.788896
0.809232
0.807665
0.796835
0.832828
0.837382
0.817141
0.816505
0.817873
0.823727
0.829536
0.811008
0.806354
0.800224
0.799294
0.783802
0.576180
0.631206
0.634982
0.626756
0.694220
0.653226
0.767156
0.773358
0.726790
0.651597
0.689045
0.626047
0.612222
0.675386
0.727337
0.629308
0.703184
0.744706
0.721895
0.641641
0.746022
0.720914
0.763049
0.746029
0.770260
0.748112
0.757133
0.740804
0.750507
0.751308
0.698534
0.734439
0.689472
0.624097
0.716386
0.686873
0.626153
0.652556
0.704273
0.648192
0.620250
0.563160
0.603708
0.601946
0.611754
0.601549
0.582468
0.642851
0.568329
0.604204
0.578648
0.596082
0.506156
0.538585
0.601834
0.567013
0.576676
0.615381
0.619204
0.601360
0.403207
0.459619
0.407030
0.457448
0.510658
0.505846
0.398550
0.452339
0.499394
0.448593
0.550653
0.502727
0.538356
0.586890
0.560676
0.552895
0.618342
0.660083
0.685025
0.623339
0.673971
0.704527
0.701674
0.653120
0.704724
0.662342
0.715690
0.656625
0.716389
0.649080
0.718156
0.587730
0.613544
0.699306
0.643412
0.623929
0.723634
0.612915
0.678283
0.658808
0.723663
0.598974
0.521555
0.584655
0.508815
0.514780
0.496469
0.546019
0.494782
0.502523
0.488117
0.570273
0.487337
0.541096
0.549940
0.457151
0.581305
0.572087
0.494803
0.607404
0.530173
0.569326
0.563311
0.587880
0.587400
0.556407
0.589004
0.603844
0.588239
0.601809
0.601717
0.535541
0.542781
0.608960
0.580824
0.519585
0.600788
0.520885
0.487507
0.555837
0.613917
0.549196
0.478854
0.532565
0.460600
0.461869
0.451014
0.522580
0.600425
0.516187
0.456550
0.490775
0.430832
0.447699
0.364615
0.421487
0.465925
0.391683
0.428704
0.409465
0.460550
0.507255
0.502657
0.497834
0.490107
0.512949
0.476626
0.407593
0.464091
0.403757
0.441868
0.358656
0.457744
0.435878
0.395654
0.492853
0.464232
0.533695
0.605549
0.489651
0.476149
0.390848
0.468594
0.377371
0.465591
0.523247
0.524784
0.350410
0.410557
0.488192
0.478012
0.555883
0.536925
0.622994
0.595463
0.576496
0.587319
0.588120
0.533956
0.541768
0.371386
0.356961
0.381372
0.399184
0.349467
0.381906
0.410419
0.425905
0.412123
0.344111
0.329537
0.356121
0.375022
0.393752
0.405079
0.421169
0.471595
0.438799
0.425773
0.468215
0.437257
0.469269
0.554427
0.441528
0.439338
0.467107
0.482722
0.432394
0.458138
0.475615
0.456477
0.361519
0.407268
0.294205
0.395520
0.293664
0.406415
0.230451
0.400272
0.391842
0.285361
0.448952
0.452264
0.468074
0.477634
0.275469
0.369131
0.261801
0.372556
0.440430
0.439600
0.270564
0.399707
0.370679
0.367256
0.428193
0.438164
0.419019
0.466243
0.456541
0.457795
0.465294
0.470941
0.458391
0.462383
0.440611
0.454307
0.416349
0.420804
0.433130
0.429795
0.394237
0.368246
0.379860
0.410359
0.365629
0.409363
0.392591
0.365499
0.422783
0.448771
0.177356
0.148678
0.178662
0.106814
0.092127
0.114913
0.209386
0.175614
0.141412
0.109291
0.030959
0.087020
0.081120
0.098867
0.092519
0.088378
0.083778
0.228129
0.087955
0.078438
0.000000
0.095045
0.078410
0.060777
0.145155
0.106758
0.086374
0.085604
0.103235
0.205090
0.167780
0.168306
0.165572
0.108286
0.084063
0.068599
0.240062
0.199236
0.229287
0.281336
0.175879
0.205320
0.267242
0.341989
0.238089
0.159225
0.165450
0.219535
0.187602
0.233217
0.213508
0.303705
0.373288
0.241659
0.282652
0.400113
0.275297
0.431337
0.530870
0.392117
0.312107
0.400831
0.520445
0.401629
0.550754
0.530902
0.572734
0.359805
0.313184
0.352453
0.574848
0.434755
0.596934
0.469807
0.532797
0.606389
0.479436
0.517431
0.589440
0.490551
0.549289
0.512742
0.476764
0.460433
0.466372
0.479737
0.481499
0.338023
0.233961
0.326016
0.436033
0.426620
0.461569
0.412030
0.458501
0.470136
0.464097
0.453820
0.468591
0.450830
0.462578
0.402928
0.422720
0.356795
0.366088
0.423534
0.361753
0.297365
0.244785
0.247028
0.304393
0.239942
0.302053
0.297028
0.236036
0.364665
0.429468
0.543525
0.572225
0.545427
0.600226
0.552195
0.525057
0.562005
0.606317
0.547101
0.549145
0.606795
0.550889
0.520975
0.555486
0.532518
0.504396
0.554279
0.529630
0.550312
0.572135
0.547398
0.585448
0.663951
0.608753
0.556966
0.520760
0.559839
0.504682
0.549966
0.577240
0.564892
0.500433
0.570731
0.521574
0.538329
0.535698
0.556941
0.541131
0.582541
0.573391
0.550931
0.593576
0.584435
0.587834
0.594816
0.589161
0.585847
0.605188
0.592862
0.600382
0.595942
0.618816
0.684511
0.635919
0.608381
0.640635
0.612958
0.615413
0.627055
0.618270
0.636254
0.619068
0.594456
0.609839
0.588167
0.641322
0.657631
0.632261
0.655457
0.644252
0.633956
0.641325
0.661480
0.620429
0.644342
0.581576
0.628917
0.625783
0.574139
0.633735
0.630049
0.463453
0.472453
0.543134
0.523435
0.499464
0.555680
0.549845
0.550877
0.571716
0.520799
0.574153
0.584648
0.551759
0.583387
0.511830
0.603841
0.516170
0.468989
0.547537
0.567214
0.523630
0.529658
0.506258
0.519110
0.592979
0.549702
0.566919
0.505576
0.447682
0.401747
0.442502
0.480096
0.390225
0.459600
0.393907
0.469389
0.568555
0.639401
0.721295
0.615470
0.648469
0.742947
0.724443
0.638862
0.745348
0.654533
0.695277
0.756290
0.735806
0.783657
0.705509
0.712702
0.773506
0.735992
0.686889
0.748594
0.669082
0.699318
0.634342
0.737244
0.708410
0.651204
0.718322
0.661085
0.627869
0.630599
0.725905
0.662004
0.653181
0.637148
0.613794
0.639538
0.615786
0.623650
0.597443
0.661837
0.625207
0.670063
0.628350
0.546191
0.589130
0.552928
0.590482
0.482959
0.519698
0.598952
0.557308
0.567368
0.641188
0.607458
0.674759
0.392176
0.454142
0.402793
0.450867
0.490521
0.480079
0.415424
0.475220
0.493906
0.446756
0.528261
0.486540
0.513842
0.572394
0.520390
0.529808
0.405969
0.408055
0.401666
0.434677
0.363988
0.364114
0.401983
0.441638
0.359496
0.321783
0.277511
0.274048
0.316899
0.276077
0.313989
0.293209
0.352776
0.332226
0.278950
0.385545
0.366206
0.433893
0.550737
0.443224
0.412093
0.283807
0.332823
0.276573
0.330515
0.375717
0.384051
0.272244
0.333214
0.373641
0.445520
0.417113
0.441634
0.412189
0.444504
0.415411
0.462128
0.428623
0.456693
0.425060
0.187193
0.342083
0.236088
0.351933
0.232223
0.392848
0.367897
0.260228
0.440707
0.428604
0.453386
0.462421
0.293866
0.371894
0.293529
0.372060
0.425158
0.428553
0.293844
0.402668
0.363107
0.368323
0.433858
0.426720
0.452677
0.469309
0.459313
0.460520
0.050474
0.114878
0.121010
0.108478
0.152507
0.151436
0.118557
0.108937
0.143827
0.222357
0.215582
0.202475
0.166983
0.203044
0.119674
0.147115
0.106930
0.240814
0.114557
0.118504
0.175209
0.161381
0.120694
0.116099
0.130587
0.131771
0.120554
0.104964
0.088282
0.126159
0.106424
0.122840
0.117650
0.099079
0.110861
0.109978
0.526650
0.553134
0.571112
0.561780
0.520383
0.565164
0.607706
0.566310
0.550443
0.438650
0.462763
0.360770
0.498534
0.370168
0.491282
0.330673
0.503411
0.497756
0.364619
0.560340
0.570355
0.572182
0.638790
0.568636
0.591146
0.399039
0.494837
0.384138
0.480378
0.525911
0.526426
0.396905
0.516958
0.489416
0.490794
0.567832
0.546994
0.561988
0.585876
0.559576
0.602566
0.583560
0.554032
0.568353
0.554530
0.558778
0.634747
0.530665
0.594111
0.605502
0.601633
0.483319
0.444405
0.452139
0.589951
0.521888
0.581466
0.527281
0.545059
0.599388
0.542919
0.550972
0.579614
0.551351
0.602663
0.562301
0.518967
0.578918
0.550103
0.523937
0.521731
0.571671
0.636169
0.559632
0.538685
0.544927
0.543513
0.534556
0.557556
0.536281
0.534855
0.111850
0.076874
0.110826
0.165900
0.072931
0.111190
0.176145
0.219876
0.174892
0.069166
0.121411
0.175493
0.358796
0.261686
0.353775
0.255099
0.353555
0.468352
0.282778
0.238690
0.443071
0.479833
0.433695
0.504304
0.492022
0.509996
0.495915
0.509006
0.419875
0.455540
0.509692
0.486528
0.416775
0.499168
0.386549
0.451681
0.433541
0.378196
0.394967
0.342729
0.372707
0.334627
0.292148
0.303483
0.320903
0.332199
0.303019
0.337387
0.313184
0.341171
0.347761
0.347389
0.287296
0.327940
0.288896
0.184613
0.236944
0.169768
0.221174
0.203518
0.141719
0.264543
0.327663
0.339114
0.389782
0.379634
0.391746
0.365345
0.375665
0.407850
0.420881
0.428832
0.333061
0.371447
0.432144
0.459526
0.477730
0.441302
0.457292
0.447719
0.553690
0.459724
0.437637
0.449986
0.454608
0.442440
0.466655
0.473043
0.504625
0.499154
0.497570
0.491134
0.496743
0.472401
0.474301
0.376691
0.460472
0.366619
0.370570
0.464156
0.403287
0.328191
0.324418
0.387543
0.472915
0.435223
0.427647
0.435156
0.418913
0.395128
0.387536
0.320584
0.298059
0.269110
0.347424
0.436877
0.465552
0.436387
0.438577
0.518828
0.478804
0.491326
0.462771
0.502963
0.488872
0.441713
0.518222
0.435218
0.435161
0.349402
0.379620
0.581797
0.584741
0.582269
0.627608
0.568210
0.614314
0.614091
0.663766
0.610720
0.648900
0.616678
0.643108
0.539988
0.513240
0.611837
0.602590
0.462928
0.586765
0.344226
0.514432
0.562095
0.464547
0.548716
0.472410
0.384903
0.411826
0.531138
0.602737
0.504434
0.459524
0.461556
0.415800
0.300512
0.342212
0.354307
0.417015
0.326788
0.333201
0.276355
0.320778
0.336692
0.377590
0.279555
0.355999
0.354676
0.353853
0.186248
0.185603
0.194506
0.329782
0.278670
0.339700
0.369018
0.342717
0.364166
0.346300
0.503454
0.476875
0.388687
0.426834
0.444499
0.375564
0.379111
0.375805
0.363635
0.343484
0.335784
0.309896
0.345819
0.345565
0.329525
0.317048
0.376485
0.341816
0.364327
0.381040
0.353666
0.383209
0.358657
0.359305
0.364979
0.384710
0.398018
0.373726
0.414919
0.405300
0.390394
0.391645
0.483700
0.383333
0.409570
0.369257
0.396352
0.332457
0.360885
0.381616
0.362649
0.362265
0.377923
0.370714
0.393737
0.547702
0.557371
0.530756
0.539625
0.556015
0.524892
0.491423
0.503536
0.491792
0.500490
0.421623
0.481977
0.500786
0.489520
0.518595
0.512280
0.538683
0.616070
0.543050
0.534151
0.449895
0.468293
0.423342
0.453561
0.486479
0.469401
0.416882
0.421889
0.448687
0.428586
0.463902
0.468197
0.513805
0.507625
0.498253
0.500095
0.508245
0.494228
0.521450
0.519514
0.513293
0.496970
0.500564
0.493285
0.485476
0.501675
0.499050
0.534929
0.532077
0.508821
0.534233
0.516751
0.538442
0.554897
0.528398
0.547824
0.537085
0.523387
0.532937
0.512033
0.594444
0.577477
0.610336
0.596203
0.567878
0.591080
0.622949
0.614732
0.604176
0.588635
0.572137
0.560415
0.440126
0.481652
0.472938
0.474164
0.485559
0.474614
0.453622
0.461387
0.449825
0.461435
0.533313
0.436531
0.461127
0.450714
0.448215
0.412957
0.385946
0.425261
0.439714
0.399751
0.435163
0.394975
0.388709
0.434250
0.425166
0.470653
0.503804
0.496315
0.454389
0.535323
0.521206
0.483998
0.439502
0.504402
0.544441
0.612075
0.532002
0.543608
0.522279
0.532221
0.505808
0.493273
0.482375
0.419928
0.459635
0.310301
0.345313
0.303499
0.261613
0.369543
0.333352
0.281372
0.249118
0.324687
0.393576
0.354081
0.341793
0.354528
0.341554
0.325006
0.312590
0.304680
0.271469
0.241268
0.282886
0.402938
0.384419
0.367988
0.379190
0.310814
0.381956
0.331633
0.369626
0.253605
0.304359
0.346741
0.308246
0.306731
0.329648
0.333749
0.346908
0.471375
0.489841
0.495358
0.417288
0.464710
0.481871
0.409834
0.329732
0.389043
0.407428
0.311835
0.437831
0.269085
0.356421
0.197102
0.223490
0.281087
0.232010
0.242083
0.304910
0.241071
0.213630
0.268802
0.328687
0.245864
0.200588
0.277261
0.254508
0.201748
0.302141
0.393999
0.316201
0.482558
0.361863
0.365485
0.512000
0.295550
0.190206
0.239802
0.358233
0.331851
0.357801
0.308553
0.282697
0.310454
0.355821
0.324268
0.244925
0.277507
0.230565
0.267330
0.222634
0.203126
0.238427
0.275074
0.186542
0.155240
0.227802
0.216104
0.171899
0.254830
0.275474
0.311179
0.318983
0.279038
0.184332
0.229992
0.363944
0.358110
0.360676
0.326608
0.332118
0.335616
0.376825
0.354883
0.323443
0.333001
0.294521
0.302540
0.321519
0.340367
0.301377
0.305772
0.301816
0.317347
0.317696
0.316253
0.341108
0.356730
0.345894
0.340948
0.393235
0.370396
0.344830
0.337464
0.366492
0.427965
0.414506
0.393282
0.376600
0.350540
0.322905
0.331551
0.214470
0.222042
0.187560
0.183950
0.244964
0.197139
0.179771
0.175152
0.187762
0.270214
0.224349
0.212089
0.228941
0.204398
0.202525
0.182926
0.184782
0.184802
0.167786
0.171180
0.280076
0.280109
0.240529
0.236710
0.237978
0.268837
0.187244
0.229562
0.163996
0.193813
0.199333
0.193448
0.192354
0.208631
0.195218
0.220570
0.192548
0.156769
0.184160
0.164156
0.124798
0.141013
0.150088
0.172486
0.117540
0.137139
0.101223
0.113031
0.119492
0.107141
0.135983
0.135151
0.130984
0.121864
0.113121
0.136306
0.129699
0.126088
0.148938
0.113823
0.115297
0.135025
0.163642
0.154893
0.155268
0.114426
0.117732
0.099315
0.200471
0.166575
0.192412
0.176940
0.138650
0.163433
0.201877
0.160658
0.100333
0.134663
0.089242
0.141504
0.096041
0.085266
0.103570
0.138604
0.085014
0.075586
0.099201
0.098243
0.077632
0.117777
0.130090
0.144749
0.161304
0.123056
0.072838
0.090227
0.649598
0.606779
0.618750
0.650855
0.611872
0.592456
0.426428
0.541759
0.443770
0.543743
0.439692
0.567164
0.532199
0.456916
0.618097
0.591193
0.639228
0.727612
0.628767
0.667044
0.501255
0.562468
0.504184
0.552028
0.599742
0.587831
0.508166
0.592484
0.541446
0.537583
0.580514
0.575652
0.583210
0.647036
0.611619
0.598592
0.647485
0.627948
0.651342
0.631221
0.625833
0.660862
0.630847
0.650275
0.656565
0.673820
0.623117
0.653191
0.610017
0.614834
0.591750
0.587243
0.572953
0.459745
0.639896
0.658151
0.628316
0.664447
0.566855
0.460278
0.561188
0.601640
0.562198
0.438432
0.445430
0.534587
0.543800
0.561411
0.577782
0.177619
0.186020
0.193327
0.229048
0.228998
0.245006
0.250712
0.230254
0.326563
0.299999
0.359001
0.323457
0.342566
0.372095
0.285871
0.297656
0.286832
0.413986
0.266841
0.267676
0.420650
0.318304
0.429443
0.341034
0.286937
0.312061
0.421250
0.521776
0.404165
0.355648
0.378273
0.322935
0.345050
0.380299
0.320815
0.376538
0.350158
0.308333
0.312415
0.282015
0.373998
0.473607
0.327749
0.375568
0.468553
0.353775
0.310733
0.286700
0.402793
0.334428
0.441966
0.473342
0.359927
0.448107
0.475260
0.370216
0.475336
0.575406
0.464743
0.392896
0.513398
0.606423
0.555892
0.619227
0.583995
0.607607
0.523222
0.557652
0.495963
0.618024
0.472036
0.601758
0.420038
0.509883
0.574721
0.482748
0.548578
0.589568
0.513385
0.580257
0.455009
0.455630
0.455882
0.479342
0.488975
0.494565
0.440945
0.478724
0.489963
0.479968
0.492192
0.489468
0.484398
0.504042
0.468523
0.429079
0.408076
0.502310
0.500559
0.383794
0.490269
0.554235
0.549634
0.531318
0.457900
0.505484
0.437199
0.487268
0.472234
0.433018
0.459714
0.487470
0.463452
0.475602
0.446979
0.466238
0.473946
0.418450
0.480382
0.416426
0.446293
0.546368
0.474039
0.435102
0.546664
0.498800
0.549934
0.465883
0.446856
0.440589
0.380117
0.426890
0.509417
0.424099
0.414002
0.571710
0.618134
0.593349
0.606717
0.637878
0.611806
0.631174
0.593804
0.634619
0.677983
0.664089
0.589853
0.660627
0.631459
0.669901
0.705389
0.660034
0.628866
0.641942
0.658451
0.655677
0.685516
0.727096
0.668143
0.692730
0.659661
0.676477
0.612982
0.660287
0.682757
0.656499
0.665549
0.717618
0.670775
0.704140
0.628006
0.620160
0.609177
0.609597
0.631527
0.623387
0.593988
0.636137
0.592575
0.593639
0.608413
0.602611
0.592371
0.636123
0.611740
0.623301
0.650547
0.627406
0.657754
0.639918
0.598008
0.637609
0.592613
0.625358
0.654068
0.653724
0.561643
0.629364
0.641417
0.636734
0.658161
0.673725
0.580167
0.669274
0.666943
0.739394
0.506821
0.631727
0.603972
0.685356
0.671720
0.674639
0.661073
0.754672
0.701032
0.649654
0.648220
0.662072
0.723738
0.624600
0.673333
0.718247
0.695068
0.691896
0.673532
0.617642
0.651159
0.736230
0.657452
0.695572
0.606396
0.761410
0.648306
0.650394
0.572082
0.620132
0.666929
0.594523
0.668277
0.457838
0.571162
0.518732
0.607669
0.560852
0.627296
0.643633
0.575333
0.644983
0.648160
0.653685
0.697263
0.619961
0.698982
0.597039
0.595189
0.602923
0.603225
0.602120
0.603320
0.588140
0.642095
0.590195
0.585481
0.601198
0.595729
0.602672
0.653035
0.601960
0.615262
0.663222
0.619039
0.665379
0.625054
0.637424
0.704586
0.646284
0.697559
0.732344
0.732993
0.667112
0.692713
0.739438
0.683631
0.730074
0.669052
0.761385
0.639401
0.715954
0.641773
0.541941
0.576194
0.526233
0.447810
0.457735
0.465202
0.517960
0.562869
0.377722
0.553995
0.593822
0.588016
0.637487
0.710116
0.674441
0.692282
0.640359
0.669315
0.668734
0.680282
0.695007
0.742032
0.682594
0.707814
0.732255
0.687407
0.493546
0.553859
0.528716
0.572244
0.613995
0.588388
0.563284
0.594550
0.604644
0.584033
0.606263
0.599463
0.598439
0.614649
0.600718
0.562243
0.508268
0.560091
0.521712
0.452196
0.479230
0.540738
0.539019
0.573633
0.547175
0.606537
0.567434
0.552820
0.604697
0.563540
0.559564
0.609164
0.566786
0.579204
0.565820
0.587865
0.577997
0.470882
0.476105
0.568340
0.491951
0.557780
0.533772
0.576954
0.582911
0.509727
0.608698
0.586553
0.602272
0.656740
0.575829
0.594331
0.612990
0.566234
0.630639
0.597572
0.596891
0.609095
0.624583
0.671821
0.600095
0.600033
0.640951
0.621864
0.587133
0.635106
0.613704
0.608813
0.636942
0.615927
0.631098
0.606158
0.656302
0.650024
0.623091
0.630194
0.646327
0.633115
0.634034
0.687305
0.633521
0.621846
0.629761
0.622843
0.564941
0.609825
0.604583
0.622216
0.604388
0.619848
0.598015
0.631185
0.572501
0.602468
0.571840
0.599730
0.584566
0.567204
0.559016
0.560395
0.577723
0.576484
0.567840
0.559970
0.550057
0.545327
0.551313
0.569231
0.385931
0.422749
0.436053
0.407716
0.417884
0.442202
0.478928
0.449367
0.466748
0.413920
0.395642
0.403058
0.420395
0.433910
0.462623
0.452444
0.493081
0.475210
0.447406
0.501837
0.494792
0.505771
0.581712
0.474043
0.501659
0.548053
0.520534
0.596222
0.594575
0.512557
0.588868
0.587864
0.666188
0.616564
0.580529
0.612029
0.575386
0.578935
0.601713
0.584416
0.611130
0.604563
0.581083
0.551196
0.526457
0.391247
0.377827
0.371041
0.405864
0.375279
0.385878
0.393286
0.439488
0.401957
0.376526
0.445526
0.440265
0.382593
0.470537
0.405723
0.510160
0.548552
0.452777
0.480696
0.538088
0.443099
0.515384
0.602393
0.469978
0.437517
0.572349
0.635136
0.592821
0.638253
0.629600
0.637501
0.607114
0.681542
0.639785
0.659751
0.664478
0.670428
0.576951
0.607004
0.633129
0.625750
0.594792
0.633947
0.556327
0.607012
0.612196
0.584470
0.610458
0.600658
0.570411
0.574679
0.602228
0.596204
0.590361
0.492950
0.552269
0.492196
0.541975
0.509958
0.533972
0.439213
0.413899
0.461227
0.422408
0.384621
0.399690
0.402928
0.421051
0.424168
0.420898
0.457698
0.477524
0.588516
0.607925
0.582646
0.616318
0.599783
0.566716
0.574658
0.585591
0.564109
0.601577
0.571728
0.550729
0.538007
0.518565
0.555164
0.532900
0.548477
0.629394
0.564739
0.527138
0.554690
0.521496
0.552520
0.528708
0.522016
0.518480
0.517598
0.519807
0.479402
0.474964
0.528092
0.519239
0.495558
0.540933
0.523015
0.559159
0.556180
0.545966
0.531649
0.537606
0.548445
0.529052
0.543604
0.560423
0.533623
0.557547
0.597916
0.567523
0.543958
0.552328
0.540502
0.589584
0.585547
0.560352
0.566691
0.607557
0.567638
0.599234
0.608092
0.570595
0.608715
0.535367
0.531265
0.511897
0.585811
0.579250
0.507192
0.510418
0.550527
0.537304
0.556178
0.550808
0.552622
0.573924
0.558124
0.541666
0.558910
0.600673
0.612959
0.592053
0.579283
0.604865
0.587881
0.609532
0.567697
0.577028
0.597912
0.585113
0.560481
0.587781
0.559143
0.571848
0.581186
0.583352
0.563576
0.558934
0.530232
0.581841
0.564164
0.525511
0.540521
0.558053
0.543975
0.534678
0.544169
0.535345
0.546172
0.540214
0.546971
0.535795
0.515118
0.509246
0.523428
0.512440
0.524683
0.583992
0.553702
0.523920
0.576163
0.585002
0.602566
0.554160
0.553559
0.554801
0.566818
0.548005
0.539600
0.561973
0.542637
0.558825
0.552027
0.548449
0.530633
0.524520
0.536984
0.525110
0.570043
0.537900
0.462544
0.520775
0.540632
0.488378
0.502699
0.485734
0.495565
0.474029
0.473149
0.510865
0.480129
0.503510
0.440712
0.551946
0.472553
0.568328
0.632274
0.577244
0.546166
0.612016
0.552852
0.576329
0.568269
0.585721
0.533913
0.583938
0.533385
0.582075
0.644983
0.584747
0.531922
0.639832
0.613386
0.631885
0.602709
0.548603
0.587221
0.534062
0.566906
0.436639
0.470191
0.553057
0.523033
0.508154
0.590341
0.540944
0.630231
0.348647
0.388054
0.358653
0.386266
0.418327
0.416590
0.361480
0.410581
0.429885
0.383246
0.448807
0.410072
0.497817
0.537627
0.431464
0.475373
0.545200
0.450380
0.556642
0.448566
0.559504
0.634033
0.600087
0.655676
0.643739
0.652924
0.560336
0.688681
0.679676
0.680416
0.685797
0.660571
0.401812
0.355620
0.391287
0.401738
0.405304
0.434242
0.438449
0.439459
0.398184
0.458181
0.340711
0.451916
0.536751
0.481813
0.557395
0.572887
0.530610
0.526307
0.526634
0.507960
0.561429
0.513185
0.448705
0.441211
0.475771
0.473141
0.449143
0.481010
0.497108
0.515580
0.518608
0.583911
0.536752
0.552983
0.495276
0.539404
0.478994
0.636202
0.644968
0.633078
0.652590
0.631012
0.657190
0.622596
0.648700
0.629977
0.616073
0.650336
0.633394
0.619702
0.634905
0.608452
0.639365
0.647285
0.662954
0.634146
0.641605
0.668682
0.537934
0.645506
0.521080
0.613691
0.509916
0.604069
0.456844
0.432801
0.446219
0.419869
0.391940
0.419977
0.374161
0.388159
0.360700
0.354220
0.403494
0.431138
0.416609
0.440728
0.440506
0.455677
0.420056
0.445774
0.460452
0.481794
0.468494
0.397652
0.441767
0.344824
0.403273
0.315397
0.376798
0.388860
0.366093
0.322680
0.299405
0.346608
0.340009
0.256063
0.267469
0.206925
0.196244
0.245596
0.273706
0.168206
0.216483
0.153906
0.204003
0.300129
0.287817
0.250599
0.277785
0.166755
0.195329
0.121732
0.150101
0.242733
0.243961
0.170018
0.167067
0.275152
0.237123
0.187162
0.161752
0.107520
0.135778
0.111243
0.115171
0.237668
0.285945
0.275600
0.302276
0.264314
0.239797
0.287882
0.328739
0.294227
0.179190
0.201862
0.267104
0.392691
0.313082
0.411336
0.314253
0.395337
0.481620
0.354217
0.324805
0.444420
0.491272
0.459807
0.501836
0.522114
0.521230
0.531026
0.528307
0.480884
0.478293
0.524404
0.543134
0.453217
0.490149
0.408540
0.454287
0.512772
0.466858
0.516148
0.450334
0.407721
0.389282
0.508673
0.429828
0.375370
0.344533
0.356189
0.346756
0.349537
0.370530
0.363108
0.362375
0.342701
0.354776
0.335471
0.302768
0.334586
0.287108
0.326939
0.324774
0.290606
0.340922
0.349534
0.649391
0.591516
0.646164
0.600403
0.563638
0.569762
0.564840
0.570094
0.599647
0.608431
0.628278
0.641626
0.530797
0.536676
0.580078
0.581767
0.552225
0.554431
0.603161
0.598777
0.622489
0.603988
0.641528
0.589479
0.637587
0.622295
0.626904
0.615180
0.555704
0.603540
0.539419
0.598192
0.577658
0.494943
0.622199
0.643842
0.467568
0.479163
0.470360
0.483584
0.492497
0.484412
0.477581
0.485643
0.538044
0.478647
0.525715
0.532482
0.582126
0.474686
0.574882
0.626884
0.567723
0.581785
0.587871
0.579154
0.616085
0.581355
0.618936
0.584245
0.577776
0.607080
0.579427
0.631571
0.580003
0.652556
0.671484
0.604818
0.594365
0.691063
0.668204
0.721780
0.621041
0.603246
0.631111
0.703336
0.635471
0.630258
0.651203
0.657904
0.707304
0.673137
0.641201
0.652756
0.606193
0.585709
0.568241
0.558988
0.568903
0.549047
0.576191
0.543729
0.523368
0.529656
0.485843
0.531855
0.588458
0.515286
0.530812
0.503724
0.465412
0.451008
0.470099
0.505782
0.494224
0.434939
0.451443
0.444823
0.447197
0.467877
0.480250
0.441041
0.454340
0.480622
0.486371
0.491193
0.490779
0.488691
0.510668
0.479692
0.491466
0.521051
0.503302
0.514591
0.544560
0.528974
0.551155
0.529203
0.523189
0.526761
0.511313
0.522836
0.121152
0.125924
0.193848
0.195212
0.122775
0.205104
0.291387
0.482485
0.391800
0.286500
0.398779
0.281005
0.347232
0.238355
0.272588
0.392517
0.176625
0.179741
0.099350
0.115072
0.375686
0.252097
0.363273
0.250860
0.188880
0.167679
0.357442
0.445913
0.249718
0.244259
0.150984
0.148960
0.076397
0.086033
0.084286
0.094793
0.582306
0.588317
0.630118
0.626303
0.565053
0.608772
0.622281
0.627003
0.611890
0.562813
0.608745
0.623969
0.568759
0.602831
0.580065
0.607664
0.590125
0.665417
0.613740
0.608211
0.492599
0.468494
0.501643
0.497254
0.414712
0.426001
0.483201
0.463854
0.497148
0.542383
0.495279
0.505549
0.559602
0.516778
0.574721
0.540762
0.548527
0.577405
0.555484
0.569054
0.591993
0.597178
0.556658
0.566485
0.587368
0.628166
0.605526
0.634253
0.609871
0.624794
0.605582
0.643883
0.648741
0.632715
0.643393
0.659459
0.646559
0.650340
0.643244
0.626227
0.632387
0.631878
0.615515
0.569334
0.594198
0.632765
0.620146
0.603958
0.635118
0.667831
0.622449
0.694120
0.614737
0.637774
0.695194
0.773457
0.762814
0.742910
0.740981
0.670245
0.499949
0.622090
0.706533
0.641549
0.589963
0.674997
0.644348
0.586946
0.679721
0.697636
0.691349
0.708511
0.706138
0.756994
0.710474
0.724702
0.727837
0.663264
0.676283
0.621836
0.576398
0.588096
0.637108
0.118336
0.275432
0.413087
0.424210
0.317666
0.431341
0.499081
0.489517
0.509374
0.330505
0.439175
0.449705
0.531145
0.527669
0.608470
0.599891
0.574849
0.601659
0.566579
0.554455
0.535340
0.497209
0.536864
0.628379
0.611924
0.629474
0.615262
0.588535
0.598748
0.631490
0.685383
0.611551
0.615003
0.600649
0.591077
0.588680
0.586914
0.589355
0.585276
0.265964
0.318044
0.211879
0.204528
0.305867
0.208740
0.143498
0.137015
0.123214
0.292138
0.194843
0.109415
0.053921
0.071853
0.071159
0.068380
0.077301
0.206651
0.093972
0.097506
0.124085
0.085719
0.174080
0.123306
0.078808
0.172515
0.347092
0.250591
0.347592
0.254073
0.246384
0.334718
0.171968
0.077899
0.117100
0.388674
0.381813
0.408464
0.403019
0.383206
0.417356
0.422764
0.435679
0.433047
0.378273
0.399197
0.423254
0.451675
0.445856
0.474907
0.441970
0.469916
0.555208
0.456882
0.445181
0.479127
0.457370
0.482862
0.455551
0.388365
0.400962
0.419562
0.414713
0.459444
0.459781
0.474287
0.483897
0.405470
0.423737
0.457447
0.470975
0.437117
0.487435
0.478344
0.489992
0.481780
0.491767
0.478554
0.485706
0.461704
0.440228
0.453726
0.436116
0.381461
0.404462
0.384211
0.407728
0.416576
0.397717
0.431715
0.455383
0.463455
0.460856
0.404782
0.425100
0.450802
0.426339
0.373935
0.393883
0.382504
0.460768
0.423096
0.384987
0.328068
0.360213
0.342555
0.358816
0.342902
0.370282
0.368319
0.348916
0.377469
0.374830
0.400375
0.392356
0.384657
0.400285
0.481530
0.439866
0.481256
0.443558
0.452883
0.499239
0.419858
0.382233
0.392301
0.534291
0.563521
0.541169
0.559078
0.565154
0.530649
0.522019
0.536823
0.514302
0.555585
0.536834
0.523876
0.498829
0.489549
0.513516
0.497815
0.522324
0.553734
0.526638
0.572836
0.583624
0.580699
0.597633
0.592361
0.598133
0.591712
0.574370
0.530952
0.572141
0.563999
0.559910
0.571361
0.564673
0.585034
0.585688
0.566132
0.571914
0.577467
0.579969
0.578746
0.575957
0.564450
0.569560
0.574935
0.570599
0.578391
0.578056
0.589147
0.603681
0.603175
0.615304
0.622571
0.591874
0.585917
0.565127
0.574640
0.657815
0.681152
0.650397
0.687121
0.651627
0.637876
0.634861
0.689798
0.624239
0.640644
0.628917
0.615028
0.592609
0.607489
0.600947
0.611218
0.603760
0.672471
0.653614
0.614948
0.569390
0.558020
0.580019
0.560267
0.545667
0.560986
0.563176
0.560237
0.572564
0.563886
0.597532
0.591493
0.575947
0.604374
0.581408
0.616280
0.609105
0.607970
0.642109
0.613193
0.625747
0.632454
0.636658
0.613342
0.670454
0.694631
0.652207
0.680079
0.707006
0.706829
0.707368
0.686656
0.699641
0.682848
0.679755
0.674789
0.597179
0.624534
0.633711
0.679290
0.612235
0.626629
0.661758
0.679695
0.660755
0.646500
0.620604
0.655818
0.651959
0.641613
0.687798
0.703333
0.708927
0.733521
0.704722
0.660732
0.659840
0.662759
0.679149
0.677990
0.651378
0.662629
0.690046
0.704181
0.693684
0.712152
0.701032
0.719685
0.676321
0.699592
0.702112
0.703077
0.704482
0.712815
0.718521
0.706633
0.714307
0.712334
0.733092
0.695848
0.707270
0.698485
0.717984
0.696237
0.648284
0.677986
0.636404
0.675616
0.671559
0.626409
0.715922
0.717229
0.513134
0.480134
0.548971
0.521617
0.481684
0.541886
0.605606
0.578978
0.576074
0.589839
0.533201
0.560801
0.497027
0.446304
0.481823
0.523057
0.569283
0.587661
0.530278
0.538130
0.588585
0.549377
0.465734
0.508197
0.456178
0.499162
0.437506
0.488691
0.528441
0.611565
0.499211
0.528662
0.616777
0.543050
0.519420
0.536550
0.521469
0.585987
0.537941
0.516825
0.525107
0.512871
0.528760
0.505588
0.533603
0.603559
0.552979
0.507590
0.547965
0.511617
0.556026
0.505095
0.466035
0.492434
0.448339
0.482701
0.426951
0.435435
0.472538
0.446264
0.469280
0.498104
0.496242
0.539015
0.382676
0.397683
0.394907
0.407959
0.410223
0.424138
0.404730
0.406812
0.432898
0.522064
0.475212
0.521843
0.467548
0.528997
0.450501
0.558095
0.591483
0.599448
0.577722
0.535884
0.586835
0.528930
0.536686
0.588751
0.655026
0.646007
0.696443
0.659899
0.706683
0.656705
0.565086
0.725649
0.723062
0.737281
0.563074
0.620585
0.568477
0.571054
0.520707
0.656592
0.640394
0.544550
0.676305
0.660285
0.589798
0.069803
0.127273
0.070715
0.116546
0.215044
0.183218
0.081857
0.124135
0.069828
0.099550
0.062053
0.073787
0.268963
0.110170
0.332146
0.184387
0.078167
0.094002
0.363536
0.219700
0.129395
0.083934
0.079237
0.061776
0.695823
0.715210
0.685056
0.714472
0.730214
0.697629
0.645625
0.639596
0.709089
0.640194
0.740307
0.709977
0.756772
0.697236
0.728041
0.765733
0.779509
0.750743
0.736647
0.738907
0.763131
0.737541
0.766141
0.760934
0.743858
0.675282
0.738882
0.757314
0.738797
0.756892
0.781564
0.750191
0.727986
0.744785
0.784550
0.768909
0.768862
0.769224
0.774511
0.785658
0.772964
0.747546
0.760696
0.734529
0.729339
0.730574
0.757976
0.720689
0.515077
0.496154
0.494394
0.483037
0.468252
0.466619
0.452876
0.426897
0.431107
0.447170
0.455053
0.449216
0.503608
0.508619
0.485776
0.502872
0.525637
0.515636
0.497909
0.477306
0.467047
0.606651
0.591599
0.592282
0.604910
0.596574
0.601845
0.591994
0.605730
0.595445
0.598180
0.541094
0.569116
0.614066
0.593769
0.585007
0.594624
0.586332
0.668568
0.592388
0.614798
0.542386
0.525431
0.554981
0.516200
0.530886
0.533150
0.558990
0.519436
0.526272
0.601095
0.546399
0.597745
0.548455
0.596737
0.554685
0.636871
0.650633
0.628677
0.644162
0.655378
0.654689
0.610322
0.641664
0.603011
0.643707
0.597189
0.627061
0.598751
0.604318
0.585869
0.592397
0.599901
0.590629
0.579273
0.584140
0.575598
0.612837
0.621701
0.623250
0.612885
0.560206
0.573511
0.622409
0.596775
0.564698
0.469875
0.365203
0.500596
0.356649
0.490764
0.298037
0.480535
0.480389
0.341852
0.539136
0.551821
0.571642
0.644543
0.580653
0.594707
0.356407
0.421214
0.358660
0.435023
0.493652
0.498532
0.350426
0.431558
0.492633
0.560993
0.529248
0.553679
0.520696
0.568311
0.517913
0.567953
0.567488
0.580861
0.569759
0.572876
0.574645
0.566141
0.577118
0.560944
0.580360
0.562092
0.590919
0.569512
0.567785
0.551426
0.567565
0.605474
0.587328
0.619426
0.588362
0.602072
0.625082
0.579276
0.559425
0.155706
0.098643
0.196857
0.149910
0.094768
0.198086
0.272986
0.275826
0.214065
0.278598
0.150245
0.190851
0.100638
0.221774
0.095662
0.136449
0.208238
0.222693
0.133997
0.141816
0.236786
0.150742
0.090135
0.097981
0.092232
0.093307
0.089454
0.085622
0.118072
0.144076
0.117784
0.152925
0.290684
0.215233
0.299223
0.222241
0.239812
0.179081
0.226676
0.306489
0.114753
0.155984
0.094405
0.116307
0.286593
0.177964
0.286910
0.179079
0.114705
0.122438
0.293675
0.185221
0.127193
0.085247
0.079672
0.086421
0.437244
0.472573
0.391328
0.425133
0.460270
0.386477
0.330071
0.359005
0.325477
0.351413
0.333817
0.368236
0.358881
0.368326
0.395522
0.394042
0.416417
0.522184
0.444980
0.430245
0.320627
0.353745
0.311813
0.348700
0.386415
0.383716
0.308497
0.344341
0.386407
0.440450
0.419043
0.449773
0.419196
0.442057
0.416491
0.466905
0.449888
0.458334
0.437214
0.390708
0.391045
0.398919
0.387968
0.436967
0.436306
0.450816
0.452549
0.378770
0.372844
0.435931
0.431707
0.369571
0.448622
0.477055
0.475407
0.457813
0.307382
0.297643
0.319407
0.283820
0.276793
0.304635
0.366705
0.343178
0.353769
0.332139
0.331754
0.308593
0.315847
0.346399
0.273883
0.278911
0.260345
0.266801
0.266334
0.273176
0.347266
0.311928
0.337822
0.302954
0.291790
0.272578
0.335354
0.294597
0.269775
0.248806
0.252707
0.262458
0.270013
0.268976
0.273153
0.395142
0.407948
0.385795
0.405322
0.428425
0.424937
0.424209
0.414963
0.365804
0.408931
0.406746
0.419697
0.403642
0.399742
0.376278
0.368918
0.412322
0.421361
0.392692
0.414927
0.403179
0.398723
0.393964
0.404075
0.395892
0.369590
0.378958
0.388326
0.330568
0.304820
0.344682
0.340273
0.313488
0.358318
0.364256
0.371387
0.414268
0.390681
0.406589
0.389539
0.379011
0.349883
0.323305
0.350584
0.428480
0.416770
0.404489
0.424342
0.434484
0.424881
0.408050
0.414445
0.398703
0.410461
0.388633
0.399994
0.446984
0.437096
0.472434
0.413852
0.394186
0.433221
0.475120
0.478248
0.458512
0.445900
0.336100
0.375788
0.396069
0.436240
0.377957
0.377676
0.372555
0.460887
0.375049
0.372494
0.337110
0.358908
0.301535
0.332389
0.382666
0.357966
0.224318
0.292072
0.330131
0.306440
0.346908
0.326202
0.365025
0.340171
0.380722
0.251268
0.258611
0.264125
0.269093
0.272686
0.289111
0.351639
0.304482
0.342455
0.288444
0.345202
0.294571
0.390318
0.392870
0.391643
0.389755
0.398919
0.405294
0.417241
0.401249
0.387159
0.531790
0.522293
0.543713
0.547160
0.521231
0.550925
0.507722
0.562911
0.495707
0.565045
0.475837
0.502530
0.566425
0.509740
0.494403
0.561629
0.465713
0.431953
0.524389
0.562368
0.510669
0.440895
0.519741
0.451982
0.416147
0.423172
0.532933
0.459032
0.433436
0.384988
0.407225
0.367578
0.404364
0.367005
0.388876
0.571659
0.592807
0.584432
0.595754
0.590155
0.585201
0.604060
0.618781
0.584078
0.592719
0.573042
0.583439
0.546800
0.612173
0.566424
0.570611
0.575872
0.541851
0.566262
0.546971
0.506283
0.504192
0.434129
0.506112
0.472983
0.536573
0.512334
0.571563
0.344427
0.305411
0.415772
0.381489
0.212797
0.267122
0.335889
0.331947
0.407868
0.473817
0.396222
0.394847
0.508326
0.421219
0.540181
0.469611
0.496156
0.551185
0.504783
0.581436
0.582086
0.598095
0.518330
0.582755
0.605328
0.604487
0.604716
0.604076
0.448388
0.507834
0.445702
0.448138
0.497744
0.435751
0.437930
0.434862
0.435491
0.419401
0.444450
0.428727
0.455070
0.545559
0.473650
0.428262
0.448799
0.384296
0.454780
0.390424
0.318929
0.340147
0.403393
0.370480
0.425547
0.419337
0.443586
0.456492
0.437394
0.438824
0.427733
0.446657
0.462062
0.473873
0.518943
0.477197
0.499736
0.460061
0.480661
0.440239
0.556980
0.574872
0.550143
0.562269
0.576901
0.570210
0.566026
0.554158
0.539324
0.517389
0.554196
0.505150
0.611024
0.647858
0.596005
0.484127
0.569562
0.655034
0.624525
0.699387
0.653564
0.742591
0.732173
0.684726
0.670967
0.656816
0.699394
0.665770
0.641664
0.646296
0.662759
0.653184
0.677975
0.675888
0.742220
0.711759
0.625879
0.571905
0.651358
0.595724
0.474171
0.494152
0.511032
0.623532
0.690318
0.070912
0.067658
0.051741
0.053731
0.066468
0.038814
0.049841
0.039989
0.044246
0.041196
0.081089
0.057161
0.132436
0.134473
0.111002
0.105668
0.126143
0.097983
0.105036
0.096080
0.083138
0.076154
0.082671
0.105526
0.147759
0.130269
0.146070
0.149662
0.165145
0.151381
0.124070
0.137951
0.145106
0.154500
0.190638
0.170226
0.203049
0.195857
0.167976
0.153488
0.191863
0.152549
0.156827
0.129679
0.127577
0.121551
0.150177
0.185118
0.254136
0.241633
0.240522
0.217079
0.234561
0.210853
0.225396
0.200158
0.195721
0.190117
0.177941
0.207054
0.204410
0.248970
0.233842
0.196970
0.192162
0.215968
0.207783
0.186041
0.200360
0.231830
0.236932
0.239908
0.277989
0.269575
0.263753
0.282909
0.280318
0.267510
0.263072
0.275178
0.286058
0.284399
0.302375
0.295180
0.310324
0.299228
0.279441
0.283271
0.288327
0.274540
0.298127
0.268828
0.256180
0.248401
0.274541
0.318520
0.305983
0.318094
0.294298
0.310906
0.322184
0.308620
0.298338
0.314966
0.327407
0.324909
0.339982
0.327884
0.353163
0.351747
0.345945
0.354684
0.349153
0.337590
0.335442
0.340548
0.343669
0.321714
0.339948
0.343173
0.348390
0.379493
0.345130
0.356598
0.368216
0.358717
0.337263
0.344180
0.363383
0.363108
0.391030
0.354192
0.371063
0.361136
0.366439
0.363888
0.357903
0.372762
0.382861
0.373228
0.381243
0.389387
0.446611
0.398579
0.439104
0.443503
0.443296
0.403107
0.455535
0.451541
0.426063
0.442363
0.405886
0.440461
0.396153
0.424820
0.400787
0.422259
0.382603
0.398168
0.431734
0.414542
0.412559
0.399555
0.375832
0.452624
0.518136
0.424932
0.532004
0.517076
0.519545
0.421123
0.504099
0.531530
0.419353
0.506248
0.404613
0.503398
0.411004
0.497957
0.358000
0.358222
0.325646
0.334993
0.368224
0.327739
0.343424
0.333390
0.334026
0.352589
0.420607
0.348040
0.338217
0.414723
0.341827
0.352415
0.347815
0.357974
0.361516
0.447523
0.365295
0.433409
0.512042
0.416033
0.523786
0.517783
0.511175
0.433863
0.528289
0.511255
0.508059
0.493549
0.522317
0.558685
0.557213
0.581691
0.572645
0.546917
0.574947
0.479213
0.546796
0.468601
0.559606
0.477877
0.545732
0.396417
0.370935
0.388859
0.355954
0.342714
0.344484
0.366088
0.359222
0.383501
0.631358
0.603577
0.623020
0.601454
0.588498
0.594831
0.562303
0.605486
0.544678
0.578071
0.567242
0.532329
0.582528
0.563875
0.587175
0.610797
0.576454
0.637212
0.597077
0.568164
0.587021
0.650856
0.606395
0.601625
0.585623
0.574737
0.567643
0.675223
0.663906
0.687517
0.655365
0.647339
0.659678
0.687286
0.648233
0.626419
0.636390
0.629165
0.643161
0.623117
0.654177
0.640337
0.666665
0.646800
0.672318
0.661331
0.695900
0.680249
0.689246
0.673866
0.641124
0.602696
0.609940
0.621590
0.581505
0.596336
0.593579
0.624152
0.605921
0.578984
0.565795
0.572358
0.562524
0.521423
0.559728
0.534781
0.576205
0.577532
0.600423
0.559681
0.604926
0.624564
0.638618
0.619928
0.594052
0.411199
0.417186
0.467458
0.450741
0.457116
0.464408
0.508718
0.483670
0.479843
0.463366
0.468789
0.459442
0.495044
0.499460
0.486257
0.479424
0.508489
0.480768
0.436651
0.464406
0.480283
0.436412
0.393976
0.422198
0.431975
0.393384
0.424628
0.419220
0.426096
0.402809
0.428922
0.424997
0.397484
0.412451
0.396101
0.425426
0.473890
0.395855
0.471490
0.411840
0.367867
0.389356
0.480593
0.427132
0.397297
0.383609
0.358744
0.353364
0.635680
0.592603
0.616392
0.602673
0.593900
0.589653
0.559735
0.555580
0.559749
0.586174
0.593374
0.602194
0.550714
0.578705
0.559683
0.585161
0.580340
0.585737
0.570612
0.596481
0.610275
0.598697
0.577593
0.575338
0.451625
0.484927
0.478805
0.447922
0.477036
0.480073
0.519006
0.518015
0.513405
0.471089
0.480231
0.455047
0.438532
0.511855
0.486054
0.530305
0.514646
0.537628
0.493110
0.538048
0.539364
0.528656
0.534853
0.526596
0.378113
0.423779
0.372647
0.353481
0.410081
0.358823
0.375143
0.374539
0.382813
0.353096
0.404677
0.364935
0.393698
0.407483
0.407637
0.435496
0.417649
0.441514
0.477541
0.439867
0.417355
0.598910
0.577351
0.605628
0.593595
0.558549
0.588102
0.599776
0.609021
0.591154
0.591204
0.545925
0.521017
0.556963
0.585971
0.529032
0.551753
0.506362
0.498666
0.527293
0.544552
0.479159
0.528329
0.439095
0.565961
0.580726
0.553769
0.571707
0.567911
0.596804
0.503161
0.494964
0.601280
0.581093
0.434569
0.540338
0.499003
0.392597
0.437213
0.465086
0.449908
0.395551
0.502616
0.419647
0.574751
0.477175
0.418446
0.520696
0.609431
0.598843
0.552196
0.454658
0.413406
0.449745
0.566227
0.565053
0.573814
0.573197
0.503589
0.546655
0.600129
0.567084
0.445061
0.491921
0.430982
0.445578
0.449573
0.443221
0.510483
0.594661
0.554061
0.476931
0.586992
0.590486
0.520134
0.569445
0.607273
0.616256
0.610111
0.588248
0.596559
0.495210
0.446961
0.610164
0.605408
0.585890
0.596687
0.593994
0.558288
0.580517
0.564988
0.530079
0.545338
0.518458
0.532282
0.522378
0.523713
0.559228
0.546345
0.580190
0.534966
0.583844
0.574132
0.553339
0.589184
0.603779
0.606195
0.608557
0.594834
0.538682
0.573197
0.518486
0.504558
0.623058
0.620443
0.429283
0.477473
0.592048
0.613505
0.704104
0.690418
0.682824
0.677185
0.426741
0.498304
0.567786
0.568787
0.520316
0.525088
0.550214
0.567240
0.601425
0.565184
0.629328
0.653093
0.793299
0.759403
0.764529
0.768136
0.725591
0.737995
0.757321
0.755595
0.741451
0.698869
0.711607
0.717203
0.691446
0.714265
0.723296
0.738090
0.760693
0.800005
0.766746
0.758193
0.573123
0.528129
0.675827
0.562907
0.533393
0.600260
0.722898
0.630217
0.538443
0.567810
0.527524
0.556267
0.515520
0.502508
0.519266
0.537733
0.536758
0.537933
0.497471
0.497215
0.540965
0.536306
0.496012
0.499089
0.458285
0.455904
0.472157
0.471717
0.454886
0.470228
0.454989
0.471615
0.541668
0.539372
0.499952
0.509889
0.530499
0.521923
0.489201
0.502445
0.476724
0.492805
0.462541
0.481204
0.513249
0.497684
0.524702
0.504337
0.487236
0.511470
0.523536
0.505358
0.491780
0.495548
0.482286
0.492638
0.478610
0.470828
0.477769
0.488235
0.443716
0.450580
0.432694
0.434309
0.448981
0.448999
0.429946
0.432022
0.426921
0.438509
0.431219
0.434246
0.429935
0.422044
0.420053
0.420070
0.454229
0.465545
0.440790
0.454333
0.480367
0.471565
0.456130
0.463343
0.449236
0.447212
0.432149
0.437967
0.469911
0.453567
0.477617
0.452273
0.443603
0.457487
0.480646
0.463580
0.438991
0.455596
0.439120
0.446633
0.427613
0.419242
0.432592
0.444696
0.418901
0.421959
0.417184
0.407965
0.429057
0.429552
0.413378
0.410008
0.405017
0.399082
0.414765
0.416093
0.391624
0.413893
0.392867
0.416451
0.427668
0.434513
0.427465
0.436539
0.437910
0.436183
0.412387
0.425274
0.402706
0.421569
0.415931
0.422241
0.419641
0.410213
0.428280
0.424092
0.415688
0.427627
0.427474
0.429983
0.403474
0.413267
0.412260
0.417440
0.432583
0.421635
0.412211
0.416957
0.382558
0.381184
0.368527
0.379223
0.386271
0.382836
0.391490
0.386649
0.402956
0.396843
0.396668
0.409217
0.376966
0.381469
0.368920
0.369869
0.381601
0.392021
0.398101
0.405326
0.400294
0.403335
0.424858
0.396298
0.415778
0.404476
0.411171
0.397917
0.416167
0.412615
0.421233
0.411106
0.411042
0.399233
0.427205
0.398102
0.407078
0.414376
0.410513
0.416233
0.408249
0.403940
0.397658
0.402190
0.364906
0.369092
0.367665
0.371889
0.383100
0.380364
0.380118
0.378493
0.395017
0.395518
0.402025
0.406905
0.392593
0.389681
0.399923
0.377090
0.385762
0.399869
0.374322
0.378725
0.403460
0.381172
0.398797
0.386494
0.382382
0.390637
0.389466
0.401531
0.409473
0.408455
0.416035
0.448709
0.437988
0.442366
0.415262
0.438984
0.523046
0.486280
0.518214
0.499537
0.540352
0.522283
0.483261
0.496022
0.406863
0.405454
0.422988
0.426999
0.406223
0.403997
0.431640
0.433830
0.520244
0.530802
0.473847
0.477358
0.510621
0.456048
0.495521
0.452551
0.408727
0.402900
0.435684
0.437136
0.404816
0.437336
0.523987
0.496583
0.520505
0.493631
0.519013
0.477022
0.580220
0.589515
0.559168
0.644719
0.658819
0.619792
0.549714
0.601217
0.656841
0.682829
0.741596
0.716083
0.538544
0.550450
0.595525
0.612014
0.574708
0.565210
0.647520
0.644807
0.722574
0.729860
0.675698
0.643349
0.572667
0.580561
0.640366
0.643218
0.583008
0.658328
0.738353
0.716302
0.715558
0.721407
0.716992
0.767109
0.738312
0.664798
0.744867
0.679664
0.695662
0.670287
0.707410
0.699350
0.658991
0.728389
0.671899
0.705197
0.705732
0.736299
0.726836
0.730717
0.756670
0.746607
0.714168
0.717706
0.773038
0.756102
0.789449
0.760344
0.767444
0.781993
0.760034
0.731823
0.786116
0.741017
0.745372
0.761388
0.740794
0.744579
0.747256
0.713115
0.649624
0.660282
0.703545
0.678941
0.652459
0.650266
0.672278
0.663196
0.618122
0.658287
0.642092
0.640242
0.546264
0.605739
0.640998
0.644910
0.618106
0.647719
0.629845
0.671032
0.631630
0.586819
0.685270
0.661868
0.598970
0.629415
0.701983
0.720421
0.738487
0.686706
0.724106
0.671175
0.612167
0.701360
0.628177
0.596735
0.625547
0.609899
0.605837
0.610393
0.628279
0.509117
0.702042
0.731848
0.673301
0.729578
0.659520
0.647881
0.489827
0.698091
0.475741
0.478868
0.503338
0.716937
0.699174
0.533469
0.426790
0.722684
0.791991
0.716204
0.637001
0.640972
0.541281
0.610924
0.592148
0.540558
0.604800
0.549152
0.553562
0.510873
0.413764
0.579840
0.632512
0.594842
0.588809
0.689788
0.644640
0.589399
0.521529
0.778309
0.839677
0.767774
0.720016
0.725216
0.671299
0.616907
0.606684
0.713759
0.619737
0.562887
0.571171
0.504625
0.728800
0.691985
0.742983
0.712994
0.655443
0.674053
0.806766
0.781589
0.749968
0.739020
0.721806
0.630137
0.620176
0.683267
0.695758
0.594983
0.653152
0.519149
0.596305
0.700701
0.685780
0.694858
0.720319
0.720862
0.727436
0.614928
0.614245
0.652749
0.733423
0.703216
0.665161
0.723880
0.702145
0.751012
0.724014
0.746188
0.664455
0.674026
0.662105
0.643236
0.650753
0.613515
0.654578
0.653350
0.599490
0.661238
0.695570
0.708974
0.726130
0.699276
0.742128
0.730652
0.732871
0.740358
0.735310
0.708823
0.722359
0.738908
0.723318
0.704865
0.743677
0.697103
0.671493
0.712947
0.710449
0.706809
0.700706
0.712523
0.704621
0.692439
0.704426
0.687826
0.702480
0.681286
0.698385
0.714811
0.689618
0.720477
0.731861
0.585953
0.587831
0.597976
0.633301
0.674067
0.612555
0.631550
0.627875
0.619422
0.681952
0.580486
0.688488
0.695375
0.672672
0.632770
0.684455
0.703538
0.670041
0.658678
0.744373
0.742317
0.738119
0.688740
0.659793
0.646765
0.630727
0.712298
0.606631
0.606466
0.687036
0.676076
0.622679
0.685774
0.627778
0.680981
0.709548
0.705922
0.677604
0.645217
0.671994
0.692363
0.683909
0.700285
0.697316
0.693225
0.669234
0.700829
0.660447
0.693973
0.693237
0.645639
0.696419
0.666366
0.701137
0.658737
0.715220
0.657797
0.638794
0.667286
0.646262
0.663326
0.632845
0.687753
0.672462
0.718923
0.738622
0.754025
0.735694
0.594490
0.671379
0.683764
0.715650
0.676563
0.704911
0.754827
0.732840
0.698914
0.568482
0.606069
0.605772
0.594388
0.638558
0.670834
0.666388
0.559793
0.665115
0.567383
0.695011
0.624734
0.688853
0.660205
0.662242
0.692063
0.655083
0.669173
0.675933
0.657436
0.684460
0.692775
0.676879
0.719306
0.746300
0.699578
0.709348
0.740366
0.717924
0.693274
0.674033
0.722207
0.632780
0.595534
0.630320
0.631566
0.680094
0.640593
0.700622
0.703078
0.692489
0.657977
0.718799
0.630123
0.716751
0.664803
0.653748
0.650749
0.710253
0.678255
0.638311
0.636115
0.659172
0.581381
0.652349
0.642278
0.689189
0.674055
0.625180
0.607016
0.595146
0.609069
0.617207
0.629192
0.582490
0.603878
0.578093
0.611077
0.609529
0.571858
0.588533
0.670799
0.702038
0.625055
0.658599
0.631482
0.651987
0.614627
0.631376
0.610598
0.653595
0.647764
0.419509
0.413822
0.402033
0.443289
0.447590
0.351155
0.443485
0.408889
0.501309
0.387008
0.466041
0.409782
0.496545
0.442271
0.450934
0.435373
0.417813
0.485260
0.415812
0.489406
0.427443
0.415704
0.377819
0.505141
0.490752
0.405391
0.478481
0.469310
0.485524
0.497173
0.465691
0.469516
0.508825
0.491864
0.496380
0.514387
0.592432
0.469626
0.570661
0.573283
0.542776
0.481011
0.492307
0.497077
0.485688
0.509972
0.518466
0.540238
0.477680
0.498241
0.482425
0.501789
0.547459
0.636178
0.506198
0.487639
0.548270
0.585142
0.554366
0.504081
0.490394
0.588859
0.539373
0.495142
0.499152
0.500601
0.491441
0.592074
0.533533
0.494100
0.460595
0.555904
0.445819
0.448355
0.434726
0.411428
0.440140
0.419648
0.457263
0.477785
0.631490
0.569273
0.434391
0.787900
0.773035
0.808325
0.804245
0.843840
0.800472
0.805508
0.829755
0.768754
0.779047
0.811473
0.807361
0.793608
0.858631
0.841538
0.834727
0.837637
0.857227
0.797930
0.781790
0.822318
0.859646
0.818301
0.816398
0.796814
0.780656
0.805068
0.826138
0.835314
0.776011
0.769245
0.843986
0.801697
0.825783
0.844096
0.837547
0.785632
0.759998
0.760801
0.817722
0.815995
0.858693
0.722007
0.790941
0.770420
0.664618
0.791645
0.744652
0.726185
0.896596
0.781846
0.812928
0.857253
0.833653
0.831759
0.856568
0.678256
0.762247
0.794091
0.829878
0.708586
0.717505
0.728111
0.714509
0.740716
0.711984
0.724201
0.705419
0.683972
0.693280
0.684808
0.784829
0.734165
0.731483
0.671683
0.690683
0.667714
0.695238
0.686278
0.614339
0.647592
0.638250
0.670805
0.697959
0.652270
0.693106
0.867715
0.868021
0.886452
0.892400
0.869435
0.852884
0.847341
0.854282
0.868401
0.834213
0.890039
0.832997
0.838111
0.861546
0.826650
0.852104
0.660709
0.822699
0.802549
0.864319
0.879730
0.834301
0.838394
0.855474
0.844290
0.849715
0.874912
0.862576
0.848721
0.821633
0.836339
0.894086
0.902149
0.887144
0.862185
0.865620
0.863492
0.877915
0.856410
0.850985
0.862433
0.693512
0.676704
0.680483
0.709551
0.672519
0.669571
0.674656
0.713321
0.674079
0.654665
0.668502
0.708910
0.698624
0.734941
0.699874
0.705771
0.722704
0.693691
0.692391
0.701996
0.746695
0.710300
0.686897
0.732403
0.722493
0.708552
0.731045
0.722826
0.729678
0.682641
0.732657
0.739003
0.722063
0.745699
0.727855
0.732958
0.708036
0.722635
0.725673
0.738562
0.721949
0.728412
0.751477
0.739231
0.736070
0.735767
0.740479
0.740577
0.711595
0.725569
0.723276
0.710991
0.720501
0.691738
0.776035
0.780442
0.821335
0.794269
0.764176
0.769540
0.836897
0.837151
0.831663
0.819720
0.780393
0.757187
0.737049
0.748552
0.737779
0.433499
0.410241
0.438750
0.417114
0.537425
0.463819
0.537505
0.466514
0.685599
0.693606
0.690213
0.690808
0.698714
0.701917
0.689023
0.688919
0.704303
0.724060
0.716469
0.724507
0.711819
0.727068
0.705926
0.724649
0.736903
0.732918
0.737397
0.697239
0.726982
0.695028
0.727133
0.727025
0.695333
0.738645
0.733466
0.716793
0.753762
0.662015
0.761201
0.717750
0.621862
0.794063
0.778144
0.748884
0.729065
0.702640
0.701575
0.600830
0.520269
0.685747
0.671630
0.734156
0.643915
0.791646
0.828085
0.798832
0.750488
0.769130
0.671833
0.736670
0.569295
0.543135
0.677221
0.717761
0.722332
0.688425
0.625675
0.738717
0.674294
0.675746
0.704099
0.681603
0.692248
0.671940
0.591927
0.673523
0.642243
0.592825
0.651278
0.579586
0.612737
0.615380
0.627636
0.398800
0.534684
0.424946
0.412401
0.451381
0.492157
0.567284
0.448886
0.690249
0.658873
0.662365
0.718517
0.666274
0.630821
0.702555
0.693923
0.655924
0.704959
0.695305
0.668057
0.632440
0.724719
0.728955
0.573603
0.561818
0.517048
0.749945
0.796155
0.747933
0.671672
0.703208
0.589834
0.575948
0.631890
0.614286
0.581194
0.579794
0.639754
0.575707
0.644429
0.599704
0.550659
0.548802
0.719308
0.735735
0.666013
0.686189
0.610584
0.491601
0.672942
0.585916
0.537556
0.704279
0.732019
0.666760
0.763796
0.673296
0.730782
0.696826
0.703320
0.726755
0.708722
0.671508
0.719325
0.735526
0.673144
0.650512
0.657694
0.671594
0.679486
0.618618
0.650451
0.615845
0.665743
0.604540
0.752480
0.696327
0.603790
0.750493
0.716971
0.693211
0.690975
0.834585
0.827090
0.791950
0.836534
0.806744
0.843472
0.834086
0.755385
0.770942
0.811998
0.824547
0.753740
0.804260
0.795952
0.818320
0.797298
0.800594
0.620796
0.613446
0.634697
0.630102
0.600454
0.643966
0.681954
0.668867
0.676804
0.653181
0.675611
0.642860
0.652253
0.687406
0.631478
0.649609
0.635025
0.678200
0.602269
0.635022
0.671219
0.804466
0.727818
0.675202
0.724674
0.772219
0.820467
0.748793
0.674188
0.729454
0.768252
0.649675
0.690330
0.618182
0.650263
0.633355
0.628544
0.627762
0.619640
0.707244
0.648499
0.713469
0.648455
0.558336
0.600875
0.689075
0.579320
0.609513
0.591283
0.621224
0.525736
0.569904
0.552109
0.556241
0.581695
0.575952
0.588603
0.576751
0.564698
0.749485
0.791097
0.731630
0.785786
0.828915
0.779160
0.844493
0.829417
0.785650
0.795357
0.691755
0.713551
0.691193
0.759306
0.722117
0.705668
0.745549
0.684943
0.757166
0.665936
0.755020
0.753728
0.731414
0.738333
0.738988
0.771075
0.800578
0.770882
0.753424
0.820504
0.792960
0.797589
0.789288
0.776734
0.843115
0.836461
0.839236
0.842192
0.907231
0.860208
0.868784
0.891933
0.847570
0.864760
0.852636
0.876538
0.863540
0.885135
0.878367
0.902722
0.861813
0.894090
0.883972
0.860598
0.855675
0.883889
0.885363
0.877927
0.873514
0.894561
0.885725
0.876228
0.731388
0.668818
0.758420
0.839655
0.809820
0.649971
0.735286
0.775999
0.822918
0.799208
0.838486
0.799138
0.814265
0.702374
0.625572
0.631457
0.747160
0.577864
0.570983
0.665572
0.578357
0.521361
0.543848
0.638033
0.571248
0.652338
0.560487
0.500010
0.497227
0.521966
0.628773
0.560976
0.548932
0.706348
0.659337
0.588941
0.517703
0.617255
0.563815
0.524878
0.547955
0.621196
0.581572
0.569401
0.579396
0.568285
0.558800
0.693298
0.615700
0.704443
0.616036
0.574695
0.663276
0.589850
0.546075
0.508846
0.577881
0.566411
0.606887
0.576395
0.519025
0.590999
0.582604
0.712128
0.664151
0.579001
0.701251
0.567974
0.646926
0.554078
0.607391
0.575628
0.568900
0.589011
0.586437
0.553243
0.595415
0.576338
0.601101
0.599441
0.685471
0.664427
0.843613
0.874956
0.831023
0.857520
0.875947
0.873370
0.822997
0.836769
0.876467
0.886454
0.874823
0.896951
0.907074
0.889576
0.886650
0.788302
0.855835
0.871480
0.884071
0.850275
0.891484
0.900940
0.921030
0.916226
0.914612
0.748253
0.777027
0.792414
0.829046
0.749410
0.790257
0.815755
0.809353
0.802923
0.793722
0.825920
0.828392
0.802713
0.782813
0.798905
0.757427
0.739427
0.819251
0.790787
0.731936
0.789947
0.706716
0.789998
0.815484
0.788297
0.707661
0.772472
0.771478
0.781447
0.770343
0.784739
0.753855
0.752217
0.771410
0.770339
0.646266
0.607794
0.666159
0.645977
0.626415
0.670810
0.685621
0.730623
0.754601
0.695642
0.778284
0.739067
0.705925
0.696969
0.758561
0.657217
0.699772
0.607290
0.638924
0.738186
0.799553
0.796533
0.802671
0.802511
0.813888
0.794726
0.794008
0.812246
0.760353
0.768991
0.766163
0.742400
0.804289
0.774015
0.694786
0.729564
0.759077
0.655074
0.710954
0.738344
0.731957
0.752338
0.783677
0.751689
0.766391
0.757092
0.758314
0.732409
0.722387
0.740041
0.727476
0.697559
0.717468
0.698653
0.725154
0.727446
0.735653
0.723365
0.765397
0.760524
0.762826
0.765717
0.769218
0.752558
0.786260
0.715167
0.710840
0.603613
0.619567
0.626459
0.655684
0.551133
0.600988
0.572051
0.581744
0.674549
0.579292
0.655214
0.598791
0.584553
0.551597
0.549557
0.601525
0.532208
0.572206
0.573451
0.567460
0.591820
0.539709
0.536983
0.561113
0.544619
0.536243
0.533594
0.609639
0.621953
0.551210
0.617800
0.633989
0.600346
0.572345
0.600375
0.595532
0.614070
0.611654
0.587401
0.548249
0.610833
0.578241
0.514282
0.520897
0.523747
0.579438
0.579845
0.680850
0.624112
0.648368
0.540345
0.542474
0.621621
0.536538
0.567733
0.619155
0.579070
0.557046
0.627178
0.586723
0.641550
0.593158
0.600974
0.599891
0.602463
0.631538
0.583182
0.574615
0.522609
0.599445
0.603386
0.614086
0.553030
0.558627
0.555494
0.552140
0.567734
0.573889
0.554945
0.564541
0.589328
0.580798
0.559697
0.551760
0.599663
0.542603
0.647834
0.565403
0.628612
0.583359
0.579620
0.591990
0.685984
0.590015
0.578060
0.605391
0.587299
0.615032
0.618715
0.620790
0.589716
0.681949
0.628435
0.604461
0.628618
0.613002
0.578432
0.591421
0.577765
0.548735
0.606498
0.590841
0.539384
0.575147
0.627758
0.572152
0.580064
0.617432
0.576992
0.672179
0.582988
0.627873
0.648586
0.614916
0.625126
0.611347
0.606806
0.631641
0.656354
0.572283
0.627681
0.608868
0.611787
0.601547
0.567254
0.620567
0.573160
0.623854
0.613613
0.662388
0.580939
0.550304
0.533184
0.545845
0.552804
0.579254
0.545966
0.551188
0.553225
0.594942
0.561165
0.568210
0.566446
0.579840
0.573194
0.624896
0.635663
0.665877
0.661528
0.641317
0.682839
0.683102
0.686229
0.678068
0.659815
0.620458
0.633304
0.662731
0.647265
0.578573
0.583952
0.587794
0.552443
0.574378
0.640198
0.584583
0.518316
0.520606
0.517059
0.514684
0.520961
0.549226
0.607932
0.561939
0.615186
0.582009
0.529618
0.548876
0.541916
0.555953
0.659081
0.738081
0.650556
0.610181
0.586460
0.593539
0.589704
0.703096
0.649178
0.707289
0.672940
0.693033
0.654604
0.661433
0.683538
0.685879
0.672533
0.697234
0.668031
0.644948
0.695007
0.685109
0.697968
0.633641
0.632619
0.598525
0.597917
0.604100
0.634426
0.619740
0.585931
0.632693
0.627899
0.588329
0.596425
0.668817
0.684668
0.714605
0.703124
0.679570
0.687354
0.698395
0.679060
0.679973
0.683658
0.683169
0.695916
0.710407
0.710638
0.701984
0.711691
0.687178
0.674290
0.675163
0.701735
0.705019
0.616684
0.615747
0.638199
0.617167
0.609476
0.670491
0.609751
0.609842
0.624969
0.626024
0.666513
0.666158
0.636458
0.691892
0.588859
0.666660
0.643474
0.669634
0.654590
0.657669
0.659790
0.623284
0.642546
0.647918
0.621348
0.618972
0.619036
0.547412
0.615235
0.611341
0.639884
0.562232
0.566457
0.542626
0.579046
0.606942
0.571332
0.622559
0.627123
0.638249
0.624526
0.642225
0.614967
0.597583
0.653230
0.575753
0.717687
0.751882
0.630917
0.703418
0.802914
0.773466
0.683528
0.602807
0.609481
0.661412
0.679827
0.770563
0.708682
0.730964
0.754991
0.655980
0.668351
0.716263
0.704754
0.596176
0.630577
0.628093
0.614484
0.602967
0.557876
0.570392
0.550558
0.638810
0.629735
0.592439
0.598693
0.656231
0.665434
0.508865
0.563719
0.624367
0.652727
0.594857
0.518405
0.585654
0.694268
0.625465
0.539502
0.678518
0.735721
0.625362
0.718706
0.736379
0.725280
0.607991
0.610075
0.604533
0.605583
0.649946
0.595672
0.651816
0.676913
0.648424
0.677989
0.755326
0.728378
0.688508
0.682696
0.573703
0.646206
0.669187
0.663172
0.687745
0.678351
0.653526
0.657472
0.642870
0.627398
0.652668
0.625968
0.661911
0.656685
0.705336
0.696264
0.655727
0.629557
0.651646
0.637285
0.676550
0.561369
0.624678
0.680080
0.695368
0.614088
0.514211
0.515020
0.572278
0.508968
0.571382
0.605503
0.689953
0.617224
0.608963
0.581397
0.570578
0.598609
0.534426
0.670980
0.673959
0.627067
0.627852
0.728955
0.695182
0.654455
0.634346
0.583493
0.601114
0.625635
0.521982
0.614516
0.553291
0.570459
0.524174
0.565352
0.644232
0.647973
0.619365
0.544019
0.639351
0.577507
0.568281
0.634726
0.572975
0.514095
0.625290
0.610902
0.632302
0.606216
0.646425
0.698844
0.655311
0.659264
0.633611
0.663956
0.636470
0.663712
0.691056
0.681293
0.690322
0.684142
0.662335
0.666221
0.648171
0.646438
0.679520
0.722875
0.685213
0.708367
0.752968
0.762162
0.580157
0.734319
0.666475
0.685180
0.667760
0.684657
0.613247
0.684154
0.629023
0.655431
0.625882
0.668441
0.658009
0.632173
0.644573
0.669828
0.658105
0.723338
0.698586
0.660182
0.665668
0.659134
0.607352
0.700794
0.627795
0.633319
0.639686
0.679248
0.667647
0.644359
0.655482
0.665728
0.569788
0.621637
0.675351
0.624049
0.625423
0.622208
0.609447
0.653142
0.672737
0.675570
0.669092
0.669968
0.670413
0.681728
0.683195
0.679023
0.671259
0.659348
0.696597
0.603923
0.683943
0.587684
0.709517
0.655127
0.568386
0.616917
0.663281
0.627024
0.671844
0.698309
0.669980
0.672323
0.654428
0.628285
0.600505
0.595237
0.649375
0.570396
0.660941
0.591294
0.570930
0.593433
0.651367
0.626142
0.652139
0.683750
0.626377
0.687128
0.607626
0.712100
0.669266
0.705569
0.705893
0.680111
0.641466
0.676139
0.681232
0.638874
0.662968
0.735725
0.699729
0.720744
0.701557
0.549887
0.555665
0.519771
0.569455
0.653433
0.578305
0.620430
0.649827
0.540623
0.636698
0.605377
0.619150
0.513418
0.579093
0.514555
0.569166
0.527345
0.563043
0.662560
0.620459
0.582342
0.661864
0.673387
0.654076
0.631885
0.591842
0.576158
0.693970
0.726729
0.681325
0.723898
0.792485
0.756716
0.756681
0.715141
0.677539
0.590862
0.707921
0.649252
0.652653
0.512034
0.584644
0.604626
0.645437
0.523324
0.553862
0.602894
0.549165
0.566456
0.564246
0.572529
0.577717
0.610169
0.624021
0.653862
0.748924
0.775962
0.703674
0.652991
0.612019
0.639139
0.619848
0.790608
0.721511
0.775006
0.693742
0.689716
0.738444
0.643290
0.667513
0.638210
0.607600
0.589103
0.665382
0.696514
0.668264
0.598606
0.608481
0.583286
0.581165
0.670571
0.665957
0.672703
0.662966
0.648398
0.670405
0.681633
0.656539
0.709688
0.663889
0.692663
0.671302
0.672734
0.717689
0.661441
0.658116
0.746663
0.762049
0.727335
0.741206
0.773050
0.736612
0.659236
0.689346
0.670516
0.701806
0.651839
0.696616
0.649696
0.669457
0.666201
0.652519
0.738059
0.703589
0.680552
0.671639
0.592011
0.612744
0.640085
0.634685
0.624778
0.633091
0.653613
0.646117
0.645753
0.613141
0.611638
0.620749
0.637535
0.623073
0.673954
0.678005
0.644491
0.632183
0.607022
0.578400
0.578963
0.561519
0.574759
0.614743
0.506604
0.565612
0.571874
0.609747
0.688218
0.614759
0.530488
0.499229
0.570355
0.496555
0.631516
0.577720
0.508273
0.511132
0.572120
0.477470
0.561638
0.592953
0.643302
0.591179
0.545827
0.518273
0.832828
0.844115
0.842229
0.829236
0.833320
0.805120
0.820468
0.819793
0.808502
0.812840
0.820072
0.810734
0.820012
0.773496
0.772611
0.794274
0.792814
0.773594
0.799051
0.781642
0.764194
0.788125
0.810100
0.705716
0.751377
0.727654
0.764823
0.656995
0.672650
0.663619
0.616731
0.662964
0.652297
0.706113
0.740179
0.730374
0.680985
0.621261
0.701179
0.636489
0.690055
0.652370
0.680761
0.631585
0.659084
0.653990
0.600198
0.635786
0.682285
0.736149
0.703695
0.743983
0.774088
0.718175
0.715186
0.685775
0.707060
0.667301
0.687879
0.723076
0.688489
0.741900
0.748594
0.737757
0.747150
0.753070
0.733569
0.734844
0.740568
0.706475
0.722030
0.756374
0.763688
0.747534
0.729656
0.774865
0.755815
0.803797
0.799797
0.773429
0.688187
0.668766
0.691623
0.688377
0.609567
0.694805
0.677072
0.802601
0.736307
0.779369
0.741795
0.755799
0.731502
0.728976
0.573567
0.604190
0.579165
0.584457
0.741732
0.639015
0.745924
0.687574
0.765221
0.700058
0.686487
0.679173
0.715351
0.711537
0.675969
0.776584
0.734389
0.754660
0.719656
0.873592
0.891145
0.925717
0.863866
0.855215
0.880903
0.891066
0.893978
0.846432
0.863848
0.849354
0.880006
0.883842
0.845446
0.893248
0.905648
0.872823
0.848590
0.858504
0.883083
0.868233
0.875770
0.856837
0.849090
0.872419
0.756527
0.780607
0.802711
0.895333
0.792479
0.867800
0.837800
0.866949
0.871020
0.859866
0.839321
0.857408
0.813983
0.797993
0.821198
0.861120
0.853750
0.814286
0.838992
0.866510
0.856390
0.858437
0.860186
0.892916
0.889304
0.884802
0.872709
0.856248
0.862441
0.915396
0.882929
0.890810
0.905351
0.907420
0.903521
0.908793
0.875425
0.905076
0.872560
0.899559
0.901846
0.809205
0.795367
0.843718
0.856307
0.808673
0.850074
0.843231
0.815278
0.807432
0.840618
0.803010
0.882454
0.874897
0.884953
0.903706
0.889349
0.898175
0.869535
0.890877
0.850899
0.874614
0.850517
0.847741
0.857549
0.861978
0.837364
0.839701
0.852010
0.835931
0.879366
0.836748
0.907699
0.952459
0.904649
0.916804
0.917461
0.882986
0.897663
0.916325
0.908578
0.851477
0.866537
0.846038
0.773140
0.839029
0.912311
0.906586
0.921499
0.894636
0.878302
0.853149
0.853848
0.913629
0.866485
0.901637
0.863675
0.894673
0.905595
0.875236
0.857822
0.787285
0.855719
0.796357
0.873927
0.829190
0.843599
0.762132
0.833666
0.865922
0.831095
0.842084
0.769813
0.820511
0.825216
0.820539
0.836106
0.900451
0.858542
0.848159
0.887707
0.852228
0.885584
0.903555
0.903399
0.846525
0.895517
0.871134
0.890594
0.944964
0.878355
0.921816
0.827733
0.840600
0.837103
0.850219
0.819273
0.796525
0.819667
0.794834
0.849732
0.841986
0.842644
0.880406
0.874973
0.864571
0.861365
0.837469
0.835071
0.804482
0.833620
0.832916
0.796155
0.863662
0.853122
0.851055
0.895595
0.919580
0.907891
0.908925
0.906727
0.872898
0.904887
0.902507
0.876692
0.915666
0.791670
0.774039
0.817787
0.814906
0.795871
0.814810
0.809617
0.767646
0.773282
0.733542
0.668280
0.785868
0.678968
0.669575
0.724412
0.711626
0.784275
0.827948
0.805457
0.730648
0.677356
0.775886
0.740111
0.784889
0.709596
0.717405
0.852551
0.850587
0.822365
0.840435
0.827511
0.839195
0.836142
0.828990
0.810300
0.847201
0.853950
0.876644
0.829163
0.833015
0.827820
0.813071
0.813289
0.847772
0.858518
0.859331
0.862750
0.870431
0.842597
0.864844
0.811795
0.823438
0.883157
0.852360
0.906497
0.870892
0.864188
0.880178
0.874537
0.873558
0.875626
0.863459
0.893850
0.856841
0.844110
0.846197
0.860536
0.870479
0.849326
0.842127
0.858322
0.867108
0.893116
0.882230
0.843015
0.821894
0.844018
0.813170
0.677353
0.729560
0.745627
0.836144
0.807885
0.735062
0.768532
0.856699
0.876490
0.888135
0.833706
0.834606
0.850372
0.841394
0.864130
0.888808
0.848988
0.849212
0.832088
0.780052
0.801497
0.835983
0.819389
0.766890
0.807537
0.775604
0.807059
0.750129
0.786714
0.776920
0.791918
0.805409
0.787225
0.796871
0.774332
0.726159
0.797265
0.753568
0.710064
0.794427
0.813161
0.825178
0.779500
0.783357
0.826496
0.784867
0.762976
0.774783
0.778313
0.729767
0.743683
0.712765
0.753971
0.764430
0.811111
0.768139
0.793614
0.800357
0.714591
0.755569
0.880287
0.882293
0.872526
0.883746
0.866537
0.893641
0.882438
0.833961
0.845300
0.832820
0.809460
0.820905
0.820930
0.744191
0.852943
0.826550
0.743949
0.815130
0.850985
0.851058
0.815221
0.826569
0.859356
0.832291
0.844135
0.852940
0.857911
0.842153
0.842343
0.844247
0.858241
0.828618
0.848609
0.838595
0.857597
0.851586
0.868158
0.842409
0.880469
0.871218
0.857087
0.859355
0.864833
0.868014
0.878520
0.864524
0.873635
0.874196
0.875372
0.846867
0.863753
0.870158
0.852860
0.822153
0.806620
0.857041
0.822310
0.837855
0.825441
0.809954
0.821094
0.805278
0.838135
0.821063
0.841722
0.844902
0.851620
0.847357
0.852422
0.852394
0.831774
0.847421
0.851252
0.849101
0.853712
0.846744
0.873710
0.864720
0.873221
0.858621
0.875911
0.856506
0.868644
0.857145
0.844052
0.855423
0.879113
0.865534
0.866617
0.839321
0.813121
0.820277
0.851951
0.862273
0.862513
0.861048
0.876563
0.847516
0.828416
0.833559
0.835803
0.852638
0.841212
0.842064
0.836488
0.830431
0.830549
0.829921
0.828291
0.850116
0.820555
0.858929
0.818528
0.584005
0.654468
0.661571
0.744139
0.631274
0.746533
0.758898
0.817761
0.820993
0.827493
0.734147
0.815125
0.800989
0.832792
0.862752
0.864242
0.870292
0.863085
0.847406
0.866005
0.893815
0.897327
0.872026
0.879673
0.876435
0.890442
0.868428
0.886161
0.886587
0.885535
0.878890
0.898942
0.872722
0.874000
0.861259
0.876957
0.861215
0.871824
0.889248
0.918935
0.865427
0.847953
0.856618
0.848249
0.880992
0.827607
0.807172
0.820415
0.862824
0.871738
0.838698
0.923705
0.894219
0.916286
0.866587
0.874844
0.870289
0.863970
0.899670
0.935301
0.911511
0.928743
0.894125
0.892166
0.902797
0.869632
0.861875
0.867124
0.888447
0.878366
0.859305
0.862066
0.874315
0.877441
0.875886
0.847010
0.893842
0.918445
0.878043
0.906623
0.876173
0.878625
0.912264
0.885331
0.880717
0.884911
0.872054
0.831049
0.866050
0.880750
0.845596
0.816696
0.801447
0.862352
0.900212
0.920563
0.865712
0.803121
0.856994
0.821092
0.858514
0.817139
0.771452
0.838068
0.774863
0.691493
0.768647
0.791069
0.826220
0.810773
0.756494
0.811276
0.781337
0.813142
0.810093
0.793865
0.812987
0.816489
0.687896
0.634549
0.659643
0.719217
0.750298
0.695459
0.755686
0.727554
0.746506
0.770593
0.750363
0.731248
0.753568
0.794535
0.681753
0.661265
0.717379
0.745646
0.721220
0.687884
0.724892
0.700539
0.710565
0.670090
0.770236
0.714244
0.729440
0.715052
0.752413
0.756273
0.646055
0.736985
0.672370
0.706585
0.730774
0.724080
0.722680
0.682719
0.742135
0.788022
0.841486
0.833439
0.815369
0.781408
0.797872
0.804070
0.808578
0.781087
0.815711
0.823355
0.795677
0.802916
0.841390
0.808796
0.787807
0.793975
0.791410
0.762595
0.744252
0.717712
0.783516
0.760128
0.715249
0.704695
0.775093
0.719657
0.718415
0.711612
0.689335
0.691988
0.693830
0.862887
0.844074
0.885611
0.898900
0.850529
0.863305
0.876914
0.887288
0.882842
0.844797
0.875528
0.828103
0.850670
0.803491
0.814815
0.821752
0.846639
0.814217
0.824042
0.840036
0.810524
0.861476
0.845903
0.851328
0.858822
0.835642
0.790081
0.863558
0.828904
0.851687
0.829887
0.787932
0.771305
0.768285
0.799670
0.830060
0.801460
0.799497
0.763743
0.848855
0.865193
0.840618
0.875497
0.871193
0.832679
0.889269
0.885175
0.897662
0.891820
0.871007
0.870236
0.877050
0.839012
0.801044
0.807278
0.809448
0.801806
0.885191
0.872380
0.890062
0.873868
0.870022
0.870495
0.877528
0.862739
0.868739
0.859648
0.873048
0.864396
0.846770
0.859768
0.859250
0.869872
0.861042
0.867991
0.855173
0.838246
0.846354
0.870359
0.864059
0.861671
0.858795
0.845439
0.823300
0.827006
0.817081
0.826143
0.859992
0.775049
0.809191
0.724829
0.748240
0.750221
0.819588
0.824018
0.857617
0.758456
0.769049
0.743880
0.880933
0.874392
0.884088
0.842935
0.853549
0.865598
0.845138
0.829300
0.819152
0.762217
0.739263
0.742894
0.771195
0.753859
0.740942
0.763151
0.759766
0.779004
0.804824
0.807717
0.722695
0.745475
0.714835
0.717425
0.699459
0.662633
0.687687
0.683099
0.688410
0.698227
0.702760
0.697739
0.703134
0.619393
0.703549
0.676883
0.689338
0.585337
0.625295
0.653189
0.693150
0.742615
0.735097
0.739450
0.724990
0.591681
0.673199
0.630911
0.655469
0.708042
0.653114
0.691900
0.677088
0.652919
0.674947
0.703766
0.725227
0.743493
0.784980
0.723400
0.779233
0.803516
0.771679
0.758074
0.731948
0.740789
0.759876
0.814089
0.788305
0.810200
0.828216
0.755408
0.655493
0.735027
0.711641
0.682863
0.700222
0.696038
0.642254
0.744870
0.739927
0.786921
0.755569
0.677160
0.774080
0.802345
0.772641
0.825270
0.764773
0.778736
0.742684
0.785713
0.723082
0.679020
0.761605
0.749385
0.733392
0.729692
0.746382
0.726791
0.692099
0.688506
0.691830
0.860776
0.780056
0.850487
0.855641
0.840316
0.851390
0.856573
0.855386
0.885736
0.886545
0.821429
0.886676
0.871228
0.889753
0.844053
0.879804
0.841062
0.872073
0.857838
0.819294
0.837984
0.820445
0.841965
0.901174
0.871528
0.907516
0.903771
0.875533
0.841916
0.891240
0.876496
0.876941
0.869786
0.863091
0.867890
0.870884
0.922314
0.886999
0.889874
0.877362
0.865226
0.889466
0.880777
0.816789
0.790808
0.638001
0.594575
0.651916
0.606934
0.593879
0.613264
0.652143
0.666387
0.657847
0.649120
0.579877
0.612735
0.634865
0.626673
0.646252
0.615902
0.618358
0.639498
0.608394
0.650906
0.604746
0.613249
0.575249
0.541735
0.663768
0.695142
0.705403
0.682109
0.671427
0.688815
0.691645
0.691879
0.662795
0.642418
0.646464
0.651433
0.591005
0.614559
0.698250
0.680334
0.673140
0.660946
0.650022
0.678791
0.682140
0.697608
0.713893
0.699880
0.656145
0.656657
0.719848
0.727363
0.709780
0.711779
0.701541
0.717107
0.707097
0.676276
0.686865
0.687743
0.658817
0.677858
0.659457
0.638522
0.604186
0.585364
0.603073
0.650283
0.593238
0.611194
0.647104
0.613919
0.664697
0.599797
0.623845
0.659204
0.605700
0.643094
0.715258
0.613905
0.605791
0.662107
0.635511
0.648613
0.619679
0.728861
0.719774
0.719773
0.714210
0.693467
0.649919
0.641654
0.637773
0.713644
0.637758
0.624705
0.669685
0.794239
0.814456
0.827090
0.784464
0.809280
0.795795
0.803456
0.806590
0.830431
0.831228
0.837601
0.836651
0.716066
0.754812
0.687965
0.770319
0.773317
0.733255
0.725186
0.692050
0.723998
0.714014
0.722682
0.689609
0.712451
0.694160
0.755400
0.790404
0.777411
0.773675
0.805644
0.796081
0.849215
0.826140
0.815602
0.799567
0.796112
0.813502
0.811674
0.838716
0.840185
0.838188
0.829129
0.840481
0.826683
0.815193
0.788719
0.772586
0.826528
0.761660
0.829010
0.795706
0.778631
0.744368
0.771359
0.732078
0.752387
0.717877
0.762813
0.731031
0.753983
0.778436
0.753339
0.813332
0.802540
0.829485
0.834308
0.828625
0.805684
0.778990
0.754265
0.800359
0.779257
0.755452
0.801581
0.816750
0.822102
0.813890
0.810201
0.746424
0.785084
0.703539
0.670428
0.701593
0.766011
0.666056
0.767210
0.729819
0.764324
0.756340
0.705516
0.745805
0.733568
0.764707
0.706302
0.727206
0.759745
0.710054
0.719939
0.717424
0.717738
0.720292
0.774309
0.752402
0.687205
0.645991
0.638696
0.677954
0.705347
0.727021
0.836771
0.828553
0.825318
0.813346
0.802878
0.799562
0.799921
0.791951
0.817103
0.802591
0.818105
0.819313
0.827227
0.811367
0.822193
0.827798
0.844276
0.824156
0.822082
0.806124
0.745705
0.781261
0.790790
0.565110
0.667026
0.654997
0.617585
0.738916
0.715535
0.773402
0.801973
0.691658
0.721831
0.703869
0.743499
0.805628
0.767548
0.778829
0.799717
0.776289
0.839453
0.830252
0.812421
0.806260
0.758380
0.730061
0.785650
0.806228
0.865164
0.885643
0.871841
0.841040
0.869633
0.867562
0.874427
0.886066
0.859529
0.863738
0.888143
0.861242
0.880842
0.876330
0.893381
0.885198
0.890726
0.868753
0.867158
0.871510
0.871849
0.875803
0.857720
0.861482
0.859305
0.863444
0.870324
0.866197
0.864231
0.859869
0.869747
0.868226
0.872700
0.873391
0.871070
0.863078
0.875935
0.878834
0.891930
0.867464
0.874285
0.853154
0.841064
0.877042
0.884291
0.843980
0.853370
0.852202
0.833452
0.852041
0.837372
0.841148
0.845379
0.840790
0.880671
0.870314
0.856939
0.816051
0.850967
0.861575
0.817605
0.841868
0.812047
0.812798
0.832494
0.833594
0.832245
0.848250
0.850279
0.840612
0.841854
0.849852
0.846501
0.842765
0.848863
0.863602
0.856395
0.869799
0.848925
0.853528
0.860792
0.862024
0.859615
0.861239
0.854089
0.864776
0.869620
0.868146
0.863958
0.842372
0.864747
0.845400
0.861314
0.850826
0.871655
0.874910
0.869965
0.866648
0.851980
0.842290
0.856739
0.843564
0.862143
0.837389
0.840020
0.844899
0.839932
0.836466
0.839300
0.830675
0.831916
0.837349
0.865528
0.844843
0.841418
0.835834
0.838487
0.834852
0.828919
0.832754
0.816980
0.825130
0.814451
0.815743
0.811840
0.811428
0.818377
0.820983
0.826577
0.830087
0.841351
0.829286
0.841632
0.846828
0.841562
0.850633
0.847703
0.867087
0.850836
0.858616
0.841272
0.836085
0.848378
0.838303
0.843490
0.861586
0.853610
0.869556
0.862395
0.876994
0.877788
0.865098
0.875647
0.860871
0.857378
0.874841
0.871739
0.884823
0.884405
0.875814
0.872120
0.888999
0.890659
0.880640
0.871379
0.870624
0.863820
0.861674
0.850407
0.885111
0.886248
0.875454
0.891578
0.894291
0.865936
0.876887
0.868135
0.871903
0.856353
0.867695
0.862394
0.860490
0.873833
0.867712
0.880243
0.873632
0.853929
0.874420
0.866135
0.858672
0.869021
0.865769
0.852336
0.854139
0.853219
0.859201
0.869807
0.866585
0.856529
0.856914
0.849525
0.863415
0.849756
0.856127
0.834285
0.833540
0.850994
0.849311
0.850414
0.849387
0.875198
0.874209
0.856854
0.870971
0.860943
0.848236
0.842472
0.871378
0.872298
0.867688
0.872612
0.878962
0.878450
0.879571
0.877738
0.885385
0.881693
0.870185
0.858469
0.842533
0.830981
0.866534
0.856791
0.853298
0.846024
0.850006
0.846262
0.845662
0.844409
0.828070
0.828155
0.822104
0.832199
0.848073
0.841682
0.850963
0.854469
0.847547
0.834400
0.824388
0.768054
0.859136
0.837024
0.829418
0.875321
0.853012
0.845072
0.844313
0.840558
0.843478
0.847831
0.861044
0.859384
0.871445
0.882690
0.882663
0.873848
0.878253
0.857767
0.857836
0.876276
0.864558
0.876054
0.867710
0.855884
0.856083
0.885648
0.882871
0.874832
0.879150
0.870912
0.871499
0.857322
0.869949
0.883886
0.875689
0.863591
0.858074
0.842872
0.849740
0.857957
0.859940
0.858343
0.855701
0.848199
0.855718
0.837881
0.870696
0.853774
0.863866
0.863050
0.836104
0.844271
0.859518
0.872680
0.881984
0.878688
0.871162
0.861397
0.830484
0.834964
0.845411
0.858998
0.847983
0.839347
0.858969
0.821499
0.844573
0.839066
0.843156
0.842325
0.883234
0.905928
0.887480
0.876356
0.899741
0.884111
0.888785
0.908238
0.909720
0.897955
0.889765
0.887331
0.890411
0.896250
0.874248
0.895490
0.887490
0.874312
0.883015
0.886603
0.878632
0.883294
0.884882
0.874515
0.883063
0.910113
0.897047
0.903812
0.886293
0.915020
0.923735
0.909681
0.899835
0.920728
0.912347
0.918013
0.921075
0.933142
0.915905
0.907947
0.926083
0.921830
0.900835
0.912422
0.914026
0.916903
0.910920
0.907325
0.894195
0.907706
0.891998
0.922659
0.910909
0.899937
0.886193
0.901041
0.893142
0.894777
0.911086
0.904653
0.902197
0.895199
0.968554
0.980901
0.948455
0.944066
0.943302
0.902029
0.884843
0.878021
0.945861
0.946907
0.892881
0.915609
0.876203
0.877446
0.868597
0.874992
0.915139
0.883109
0.896236
0.878744
0.852357
0.868424
0.882224
0.884560
0.915130
0.910235
0.903211
0.921555
0.933059
0.917465
0.901215
0.921930
0.922172
0.903508
0.922827
0.910854
0.931702
0.907736
0.916545
0.925033
0.923497
0.926212
0.925959
0.907057
0.904478
0.926516
0.902686
0.916533
0.896472
0.898080
0.903276
0.899624
0.900889
0.899382
0.894812
0.914455
0.890461
0.915657
0.874889
0.927139
0.928254
0.962509
0.931981
0.888001
0.878891
0.909490
0.972071
0.970888
0.979658
0.934927
0.963086
0.964230
0.935301
0.962687
0.926431
0.924152
0.930239
0.898765
0.940354
0.908058
0.913533
0.901327
0.939912
0.942945
0.936539
0.937748
0.946231
0.901668
0.940182
0.920288
0.917762
0.902463
0.914087
0.921063
0.949833
0.908894
0.947599
0.907975
0.886754
0.912971
0.917596
0.897072
0.894924
0.899501
0.895758
0.898916
0.892988
0.876307
0.885579
0.882185
0.912498
0.887767
0.878182
0.902314
0.906756
0.905530
0.908021
0.898072
0.917925
0.916066
0.922108
0.944647
0.918554
0.908331
0.946613
0.946371
0.952547
0.919793
0.945766
0.945804
0.938324
0.913934
0.933285
0.913459
0.898507
0.914888
0.930897
0.900998
0.901165
0.912495
0.906199
0.897727
0.911829
0.930129
0.912887
0.914174
0.924154
0.917074
0.926640
0.935201
0.943566
0.908460
0.915059
0.936976
0.933359
0.898295
0.916744
0.927210
0.941022
0.909123
0.913477
0.918908
0.923420
0.941424
0.931393
0.932445
0.928798
0.936053
0.941628
0.953281
0.983902
0.959081
1.000000
0.964027
0.994625
0.956594
0.955114
0.987299
0.973511
0.966223
0.966561
0.981591
0.970048
0.946506
0.955571
0.920252
0.979233
0.923549
0.921489
0.964663
0.817615
0.904712
0.906646
0.903355
0.919503
0.900227
0.917358
0.896356
0.897523
0.931047
0.909783
0.872612
0.871419
0.892713
0.914789
0.908210
0.908252
0.919346
0.867369
0.860855
0.879546
0.894468
0.869815
0.884494
0.898682
0.875462
0.860661
0.902685
0.873543
0.881761
0.888339
0.883153
0.906366
0.898333
0.917098
0.940124
0.933044
0.929014
0.900894
0.864762
0.883754
0.893334
0.893208
0.890055
0.881176
0.900878
0.873424
0.876282
0.879955
0.907190
0.892959
0.899844
0.901200
0.877924
0.862419
0.905412
0.874125
0.877429
0.890895
0.869304
0.880148
0.964078
0.921268
0.951170
0.960857
0.921673
0.908363
0.958715
0.929811
0.926190
0.930396
