0.606599
0.733347
0.611981
0.642860
0.565967
0.661548
0.563103
0.581240
0.540868
0.569587
0.563757
0.583819
0.560356
0.599144
0.602776
0.612784
0.591453
0.605328
0.602191
0.585062
0.588669
0.581862
0.606760
0.614807
0.614698
0.623530
0.631779
0.622145
0.615103
0.610772
0.607991
0.609742
0.593519
0.631390
0.568960
0.632788
0.606188
0.630007
0.646220
0.708607
0.714792
0.659987
0.670010
0.635154
0.650727
0.650180
0.629436
0.644194
0.704097
0.641777
0.640975
0.646032
0.649182
0.620101
0.653935
0.600519
0.600214
0.627005
0.618056
0.639206
0.613409
0.627076
0.646759
0.622494
0.621981
0.620992
0.691482
0.732902
0.705766
0.662993
0.618675
0.625930
0.624961
0.594988
0.624491
0.594535
0.631608
0.613638
0.640607
0.579969
0.592883
0.576854
0.588374
0.570386
0.567871
0.580337
0.587452
0.595621
0.591170
0.616951
0.581796
0.568847
0.620879
0.613266
0.623970
0.632788
0.626025
0.676726
0.615520
0.618968
0.671871
0.633813
0.685725
0.681445
0.696598
0.688134
0.693815
0.695151
0.698314
0.665694
0.678267
0.667150
0.679062
0.686613
0.692664
0.680599
0.676599
0.631076
0.673599
0.665149
0.621068
0.621790
0.586485
0.611411
0.629818
0.657589
0.644710
0.597451
0.650116
0.609308
0.648382
0.640858
0.626102
0.647426
0.603367
0.619784
0.697236
0.689611
0.662924
0.649805
0.616853
0.633673
0.761983
0.802222
0.865109
0.833804
0.847717
0.893762
0.777723
0.794125
0.771287
0.905388
0.673622
0.792359
0.790413
0.736150
0.824334
0.791390
0.765760
0.633691
0.610621
0.562073
0.547163
0.528903
0.566395
0.527570
0.558537
0.602313
0.570502
0.605169
0.572504
0.515575
0.524999
0.499069
0.478249
0.493250
0.455183
0.445290
0.513496
0.534890
0.504295
0.529609
0.404359
0.404694
0.498437
0.504820
0.592639
0.562279
0.494122
0.541261
0.444640
0.526853
0.570044
0.662797
0.617462
0.652308
0.584362
0.566099
0.556417
0.573665
0.572100
0.573610
0.559874
0.545375
0.648136
0.660621
0.535856
0.545874
0.588429
0.543224
0.554089
0.568038
0.596607
0.565787
0.639952
0.551219
0.555614
0.574970
0.585496
0.568771
0.730974
0.735269
0.672817
0.747790
0.722540
0.736541
0.742155
0.732987
0.695798
0.669704
0.646624
0.514616
0.627476
0.694284
0.650204
0.701422
0.662135
0.518526
0.603858
0.438694
0.550388
0.618475
0.605826
0.542775
0.588334
0.524210
0.491297
0.424799
0.468906
0.374628
0.649051
0.708158
0.734988
0.738261
0.683156
0.665547
0.563040
0.576904
0.572117
0.616521
0.573073
0.573434
0.563771
0.602592
0.757637
0.674051
0.566182
0.558724
0.561019
0.558000
0.644584
0.556500
0.561146
0.567445
0.559866
0.559493
0.573436
0.611172
0.640487
0.643410
0.630735
0.650233
0.563338
0.669635
0.696451
0.602505
0.553307
0.513560
0.512661
0.478704
0.420333
0.434258
0.496894
0.518695
0.514906
0.511779
0.587584
0.547619
0.487509
0.529484
0.490019
0.453024
0.471640
0.612687
0.587782
0.608757
0.566746
0.584514
0.591742
0.674704
0.647890
0.651453
0.644489
0.602318
0.665565
0.736387
0.618029
0.628495
0.599558
0.609569
0.607551
0.629134
0.668959
0.671188
0.675232
0.589964
0.641304
0.544213
0.548284
0.536538
0.491344
0.538095
0.554205
0.513750
0.559446
0.539762
0.475455
0.436815
0.448881
0.523641
0.394938
0.490140
0.442677
0.459432
0.527667
0.541657
0.564643
0.579459
0.606991
0.605919
0.613723
0.592018
0.587452
0.593281
0.560398
0.569165
0.575523
0.614008
0.595261
0.566651
0.097351
0.063897
0.087267
0.065530
0.058154
0.044153
0.043227
0.036931
0.047396
0.050544
0.048502
0.048028
0.053235
0.055001
0.053909
0.059094
0.063393
0.068715
0.069146
0.054770
0.063158
0.042585
0.049520
0.058295
0.048288
0.057186
0.057289
0.066457
0.068773
0.063318
0.069141
0.089530
0.075231
0.081021
0.103426
0.093777
0.080743
0.083599
0.097070
0.092600
0.089341
0.078483
0.082722
0.069773
0.075346
0.084128
0.108101
0.071319
0.080509
0.107998
0.070547
0.054451
0.060514
0.053710
0.065511
0.071152
0.058332
0.067642
0.073860
0.073995
0.082027
0.106004
0.083332
0.086372
0.103547
0.046907
0.038659
0.047095
0.040012
0.032882
0.033055
0.025143
0.033988
0.034696
0.024010
0.035122
0.044100
0.044344
0.051638
0.050771
0.054267
0.070588
0.074692
0.071803
0.076288
0.071413
0.069957
0.075960
0.072732
0.077270
0.079738
0.075976
0.069787
0.068820
0.075036
0.063779
0.059858
0.068003
0.059595
0.066408
0.057633
0.080323
0.082026
0.088900
0.090434
0.084123
0.088791
0.104105
0.096283
0.095795
0.105822
0.101980
0.092810
0.088370
0.098092
0.083846
0.081942
0.086300
0.075615
0.083186
0.072567
0.094423
0.110721
0.090386
0.098124
0.117453
0.094802
0.083579
0.086134
0.083882
0.090666
0.093137
0.086935
0.087231
0.095664
0.096662
0.103750
0.121870
0.104107
0.114539
0.130824
0.081248
0.080536
0.085935
0.083834
0.080246
0.084253
0.085954
0.085747
0.090592
0.086846
0.088831
0.084824
0.127117
0.135456
0.135923
0.130220
0.127848
0.130441
0.129283
0.133778
0.128421
0.127286
0.126934
0.125589
0.126346
0.129451
0.129634
0.132360
0.132720
0.138473
0.139364
0.129295
0.137800
0.128772
0.124815
0.136441
0.163797
0.128124
0.127496
0.132313
0.131676
0.129972
0.134665
0.126942
0.134003
0.131708
0.119302
0.140990
0.140693
0.144886
0.145505
0.150833
0.151875
0.139061
0.144805
0.132372
0.138610
0.128949
0.137343
0.131580
0.130854
0.143157
0.131109
0.125349
0.129441
0.131946
0.136524
0.141612
0.146801
0.142004
0.140104
0.139068
0.131564
0.154239
0.141484
0.126951
0.147752
0.126228
0.133685
0.306765
0.208285
0.137804
0.136748
0.142082
0.148180
0.152328
0.159962
0.164054
0.160738
0.332109
0.182419
0.292521
0.159666
0.965247
0.972533
0.966219
0.968810
0.975589
0.981039
0.988247
0.982305
0.987533
0.987254
0.986553
0.986755
0.987061
0.985121
0.986904
0.986995
0.984305
0.979686
0.981385
0.988019
0.982262
0.983256
0.989048
0.983674
0.987261
0.986819
0.985872
0.986237
0.985375
0.985011
0.981397
0.986005
0.986241
0.980452
0.981914
0.983870
0.982455
0.984210
0.982727
0.986182
0.981051
0.986483
0.987011
0.981486
0.986561
0.986915
0.986403
0.986216
0.986394
0.986476
0.986033
0.979659
0.978167
0.986838
0.977854
0.981473
0.986963
0.978970
0.987385
0.986080
0.949469
0.965083
0.981472
0.986756
0.980772
0.984838
0.985059
0.979530
0.936607
0.930207
0.951445
0.287408
0.194890
0.253646
0.197116
0.143617
0.110930
0.106480
0.105618
0.109138
0.105765
0.105642
0.107941
0.114079
0.114527
0.112677
0.121203
0.122536
0.114732
0.112956
0.116567
0.109886
0.114936
0.113217
0.112087
0.114743
0.108801
0.114999
0.118519
0.122266
0.121087
0.125548
0.139259
0.122925
0.128239
0.144518
0.141775
0.130806
0.137904
0.151236
0.130410
0.120202
0.135667
0.115836
0.131043
0.111203
0.132627
0.142679
0.130433
0.134900
0.147257
0.135957
0.116466
0.124217
0.126834
0.137633
0.144860
0.139041
0.167479
0.169695
0.143809
0.178990
0.151673
0.147298
0.188027
0.179209
0.110006
0.103819
0.117779
0.112659
0.093002
0.097215
0.092520
0.108167
0.115722
0.099063
0.145840
0.150695
0.126843
0.160250
0.135501
0.163323
0.141170
0.141317
0.143402
0.142254
0.151750
0.152667
0.157825
0.148242
0.147165
0.158543
0.162224
0.155369
0.170862
0.184659
0.162467
0.199889
0.156078
0.197125
0.170516
0.167203
0.175171
0.171671
0.174521
0.177591
0.192449
0.177137
0.177722
0.184401
0.189234
0.180545
0.180730
0.185468
0.214587
0.198517
0.176174
0.179170
0.175041
0.170668
0.177328
0.173195
0.154288
0.165219
0.153023
0.170092
0.170811
0.158396
0.163310
0.170274
0.171226
0.182823
0.172835
0.193408
0.186018
0.146152
0.141898
0.124547
0.137476
0.143411
0.149207
0.151110
0.153699
0.128610
0.142660
0.127661
0.145264
0.030806
0.030339
0.018778
0.021252
0.016903
0.014230
0.011937
0.013316
0.016145
0.013904
0.009723
0.011538
0.010763
0.008243
0.007025
0.010803
0.012143
0.013461
0.014409
0.014073
0.009468
0.011879
0.008069
0.010697
0.007913
0.007022
0.025998
0.007576
0.009180
0.036894
0.006737
0.006309
0.005680
0.005008
0.003133
0.003875
0.006401
0.004623
0.006789
0.005078
0.011094
0.013837
0.013533
0.014404
0.017353
0.015807
0.016265
0.014363
0.020739
0.018052
0.020299
0.024930
0.029644
0.025925
0.018576
0.024845
0.021457
0.017002
0.025102
0.041309
0.020048
0.025095
0.027518
0.029085
0.028382
0.031561
0.034007
0.041451
0.034296
0.037724
0.031896
0.033779
0.046140
0.055917
0.044380
0.052153
0.046288
0.042300
0.040844
0.042551
0.049338
0.047539
0.036976
0.039865
0.039047
0.033780
0.040019
0.046415
0.038990
0.046658
0.039612
0.045711
0.035428
0.034244
0.042138
0.038428
0.042279
0.044519
0.039557
0.034355
0.032490
0.038903
0.031662
0.030997
0.046920
0.049294
0.050897
0.052812
0.053577
0.051947
0.054861
0.052085
0.053932
0.051354
0.051097
0.056106
0.061382
0.055966
0.052324
0.054957
0.056640
0.053843
0.055003
0.058629
0.058935
0.060981
0.069207
0.068997
0.062392
0.069724
0.073596
0.077136
0.077937
0.072267
0.069378
0.067119
0.047062
0.070850
0.088895
0.038675
0.030954
0.022830
0.040214
0.072245
0.034508
0.015608
0.019886
0.014150
0.012876
0.018628
0.029752
0.036530
0.027325
0.034388
0.041553
0.044285
0.064994
0.080891
0.059704
0.073736
0.011763
0.007523
0.008005
0.004467
0.009551
0.010650
0.012237
0.005972
0.003437
0.014753
0.012890
0.013242
0.017805
0.020750
0.026271
0.025517
0.016427
0.025497
0.017500
0.026821
0.002417
0.001466
0.002434
0.001772
0.000377
0.002372
0.006614
0.003328
0.005851
0.003290
0.003226
0.005836
0.003188
0.001121
0.002474
0.011146
0.016696
0.017434
0.016244
0.065309
0.023716
0.044988
0.017809
0.014605
0.040654
0.018294
0.014949
0.122374
0.130720
0.144755
0.151382
0.147953
0.151723
0.160009
0.158633
0.159908
0.161782
0.160879
0.156008
0.154253
0.159467
0.159369
0.148782
0.151523
0.142525
0.146665
0.149160
0.162527
0.164413
0.162719
0.164238
0.163556
0.163530
0.168335
0.161975
0.161784
0.166249
0.170598
0.161902
0.162377
0.177647
0.177485
0.160867
0.162140
0.161499
0.163048
0.163047
0.163157
0.166036
0.165052
0.163539
0.163335
0.165768
0.162516
0.166331
0.164954
0.168359
0.168318
0.171018
0.161377
0.162412
0.165749
0.162812
0.163399
0.163921
0.158016
0.161872
0.158893
0.155776
0.161944
0.158003
0.148509
0.157014
0.162390
0.154170
0.167563
0.157394
0.171099
0.153229
0.172782
0.160670
0.176132
0.163188
0.192499
0.193551
0.177133
0.175669
0.167011
0.178846
0.181992
0.194427
0.200718
0.212430
0.215492
0.210616
0.208791
0.188524
0.185822
0.185223
0.176212
0.176962
0.180401
0.188111
0.180082
0.177193
0.194952
0.188345
0.211842
0.188791
0.189467
0.174556
0.177914
0.180082
0.165126
0.167029
0.166721
0.159050
0.162870
0.162254
0.157248
0.162189
0.175441
0.161220
0.159300
0.155623
0.138520
0.145612
0.152471
0.151484
0.151778
0.132500
0.134193
0.033401
0.029855
0.024758
0.023538
0.022850
0.022758
0.019519
0.020638
0.021779
0.021035
0.021469
0.023118
0.024860
0.024214
0.028967
0.032168
0.024480
0.034787
0.025669
0.034538
0.078729
0.018733
0.019951
0.018270
0.018978
0.019727
0.019905
0.027389
0.017271
0.016947
0.033874
0.018494
0.020336
0.022186
0.021570
0.026125
0.026749
0.022134
0.027326
0.022743
0.027823
0.017992
0.014648
0.020582
0.019800
0.018207
0.022113
0.022026
0.021985
0.025062
0.024304
0.025461
0.027378
0.024475
0.025252
0.024050
0.025991
0.023260
0.021539
0.026433
0.038688
0.023304
0.024047
0.038842
0.026762
0.024504
0.029442
0.028690
0.030292
0.042390
0.032467
0.041668
0.031968
0.185778
0.183477
0.177915
0.196296
0.184903
0.183724
0.188686
0.188596
0.208031
0.203572
0.178585
0.178461
0.179508
0.174642
0.171565
0.173334
0.182313
0.172257
0.180541
0.163221
0.186348
0.200103
0.186003
0.180703
0.182716
0.200515
0.203692
0.171432
0.222922
0.211046
0.167811
0.176357
0.168384
0.176875
0.170565
0.211369
0.219114
0.216148
0.218325
0.213292
0.221949
0.230471
0.255316
0.231272
0.316064
0.220224
0.201916
0.211365
0.216435
0.219170
0.215930
0.243544
0.205307
0.200824
0.207781
0.201674
0.215949
0.166624
0.154848
0.184538
0.170445
0.175259
0.186733
0.208396
0.199614
0.178953
0.188858
0.215281
0.195774
0.194025
0.223907
0.204399
0.181865
0.189190
0.162309
0.173821
0.148836
0.224073
0.197473
0.226078
0.206801
0.232137
0.212171
0.218519
0.237179
0.243874
0.246138
0.236275
0.227594
0.219629
0.198881
0.193185
0.183680
0.171247
0.173519
0.168558
0.167763
0.166829
0.163979
0.166428
0.192695
0.165712
0.159375
0.154651
0.167300
0.160080
0.151556
0.152284
0.153442
0.166412
0.170613
0.212787
0.221075
0.221489
0.222892
0.250831
0.251414
0.222880
0.213945
0.216830
0.202876
0.272676
0.287623
0.288202
0.349701
0.291757
0.288335
0.252744
0.385883
0.280781
0.294483
0.271645
0.252818
0.283085
0.247417
0.294466
0.302764
0.224193
0.203676
0.192284
0.180270
0.190681
0.203491
0.231962
0.246121
0.290066
0.263703
0.235790
0.281886
0.217340
0.208524
0.303667
0.308298
0.311592
0.303838
0.313600
0.297505
0.363589
0.287587
0.280267
0.281084
0.258357
0.288468
0.259934
0.235870
0.228244
0.209405
0.235807
0.244391
0.247826
0.289299
0.272745
0.282064
0.309788
0.284051
0.258619
0.266726
0.275559
0.296530
0.297092
0.302108
0.328361
0.316583
0.307126
0.379779
0.305354
0.378611
0.363640
0.403985
0.337574
0.361531
0.406198
0.486109
0.427245
0.483781
0.488662
0.369784
0.333582
0.304421
0.250487
0.280218
0.451277
0.296324
0.407929
0.493000
0.414738
0.579724
0.584322
0.560062
0.570004
0.420654
0.587074
0.616694
0.628363
0.602720
0.612392
0.558831
0.593025
0.568556
0.567143
0.584904
0.576063
0.580726
0.602563
0.582290
0.588808
0.567012
0.519186
0.413191
0.458401
0.509008
0.314101
0.413739
0.307205
0.042718
0.031204
0.018486
0.017498
0.008919
0.008138
0.015740
0.011682
0.023175
0.030797
0.012348
0.007541
0.005461
0.009566
0.008324
0.003748
0.006227
0.004066
0.005829
0.002641
0.020116
0.029610
0.027910
0.037828
0.020548
0.024503
0.077778
0.035904
0.040731
0.089563
0.062396
0.030290
0.027477
0.062276
0.052550
0.028409
0.022727
0.020954
0.016163
0.013660
0.046724
0.102342
0.049780
0.085734
0.153096
0.080735
0.037515
0.044236
0.048128
0.076759
0.098448
0.068812
0.109962
0.169785
0.189739
0.140044
0.181858
0.033818
0.022358
0.035926
0.029667
0.017084
0.023877
0.027947
0.048602
0.040137
0.066199
0.047706
0.071005
0.047426
0.049496
0.050461
0.051319
0.046645
0.051586
0.051869
0.052266
0.051299
0.052674
0.057007
0.057332
0.059669
0.060785
0.088100
0.080095
0.054077
0.072533
0.046262
0.057922
0.052170
0.052885
0.048057
0.050902
0.055565
0.051162
0.043350
0.045282
0.051045
0.049329
0.039092
0.045192
0.045627
0.037413
0.058972
0.072302
0.052409
0.059749
0.082557
0.054648
0.056235
0.054350
0.058682
0.062031
0.059063
0.052875
0.053641
0.057569
0.059300
0.063628
0.063103
0.107695
0.091637
0.063642
0.063275
0.068747
0.064816
0.065959
0.067420
0.052717
0.053443
0.059015
0.059640
0.053716
0.057783
0.060733
0.060088
0.064207
0.064985
0.065038
0.065546
0.021645
0.011291
0.017325
0.009042
0.015996
0.019898
0.026639
0.017390
0.012148
0.019002
0.041148
0.024535
0.027494
0.053054
0.048250
0.036276
0.025514
0.030635
0.022762
0.030227
0.041929
0.026360
0.072051
0.047210
0.057201
0.089983
0.079567
0.084668
0.061008
0.076005
0.098305
0.116412
0.131611
0.120695
0.131783
0.101529
0.084907
0.070125
0.066951
0.040985
0.057943
0.026674
0.029780
0.050140
0.022325
0.013334
0.017155
0.008766
0.015255
0.014897
0.006984
0.019215
0.047311
0.027005
0.006972
0.003040
0.004594
0.001647
0.000507
0.000000
0.000281
0.002961
0.003525
0.023482
0.025429
0.030702
0.030581
0.029139
0.032638
0.033003
0.033720
0.032556
0.033002
0.037400
0.037636
0.040637
0.041876
0.145659
0.036824
0.052085
0.031777
0.043527
0.034619
0.034026
0.035794
0.035051
0.037584
0.038179
0.039530
0.036809
0.036710
0.040403
0.038098
0.038343
0.039101
0.038360
0.047780
0.049103
0.040298
0.049997
0.041723
0.048776
0.036461
0.039104
0.034682
0.034301
0.037535
0.033668
0.033256
0.033746
0.033567
0.033304
0.034504
0.032576
0.035531
0.037526
0.032551
0.035940
0.032149
0.030371
0.034177
0.028715
0.029393
0.032677
0.032336
0.037442
0.055260
0.063311
0.067329
0.052500
0.056944
0.053038
0.059555
0.059227
0.059529
0.057400
0.054383
0.057085
0.060374
0.059552
0.060492
0.061744
0.058664
0.057582
0.060692
0.059904
0.056497
0.052915
0.062364
0.058885
0.064312
0.061389
0.063245
0.064846
0.069018
0.066398
0.065581
0.068252
0.069710
0.066180
0.065758
0.068927
0.066046
0.063614
0.064703
0.062023
0.063330
0.061559
0.063268
0.071974
0.058591
0.061407
0.071371
0.057923
0.053629
0.055198
0.048862
0.054211
0.053848
0.046823
0.044649
0.051064
0.056544
0.055963
0.071781
0.060872
0.060820
0.072152
0.050826
0.048028
0.044997
0.043380
0.076348
0.049007
0.075267
0.042346
0.038586
0.058815
0.034380
0.039450
0.036457
0.040910
0.038515
0.039997
0.049201
0.039893
0.050364
0.037132
0.036795
0.045755
0.040977
0.054336
0.059420
0.044078
0.037354
0.035836
0.042378
0.035086
0.032747
0.051361
0.061757
0.058899
0.069443
0.054108
0.057159
0.083000
0.066167
0.073392
0.089588
0.077285
0.061380
0.058700
0.073990
0.056262
0.051055
0.081256
0.107000
0.080133
0.091691
0.113247
0.087842
0.070195
0.075074
0.074594
0.084975
0.089264
0.083282
0.080217
0.084104
0.092777
0.089499
0.111825
0.098933
0.092269
0.106064
0.066915
0.062370
0.067064
0.067555
0.059092
0.067081
0.071210
0.068993
0.073197
0.074002
0.076828
0.077903
0.047747
0.047958
0.044219
0.041233
0.036354
0.044115
0.050424
0.048877
0.046350
0.049038
0.052383
0.046870
0.046273
0.052658
0.052658
0.048536
0.043666
0.044942
0.033607
0.039028
0.040137
0.052563
0.051942
0.056836
0.055452
0.055988
0.058670
0.067360
0.059514
0.057567
0.069785
0.064761
0.061465
0.062165
0.067068
0.067654
0.062762
0.059749
0.059838
0.057387
0.057357
0.056070
0.058838
0.054673
0.056532
0.060876
0.056922
0.052519
0.057013
0.059895
0.056482
0.058366
0.063503
0.059517
0.045629
0.049225
0.037698
0.040652
0.047842
0.052810
0.042447
0.041737
0.043259
0.043566
0.041042
0.042266
0.047859
0.044915
0.047049
0.049991
0.048256
0.043951
0.043432
0.048048
0.059794
0.052183
0.042187
0.042692
0.039392
0.041217
0.051511
0.052780
0.055968
0.056842
0.053478
0.055825
0.065851
0.059360
0.059298
0.064912
0.066778
0.058752
0.058508
0.068618
0.066216
0.060922
0.056022
0.055698
0.052777
0.052635
0.059215
0.067005
0.057329
0.060292
0.067935
0.058686
0.051955
0.055093
0.051678
0.056756
0.057746
0.052519
0.058981
0.068550
0.061879
0.048042
0.044033
0.049160
0.045177
0.041131
0.042160
0.042847
0.047935
0.050303
0.072407
0.075164
0.077110
0.081240
0.076218
0.077028
0.087234
0.081548
0.090998
0.097861
0.083839
0.077985
0.075851
0.080090
0.075809
0.072420
0.075984
0.071153
0.073820
0.069114
0.093011
0.101609
0.097464
0.107387
0.093315
0.094033
0.115434
0.102717
0.110977
0.123348
0.105938
0.095234
0.091266
0.100497
0.096020
0.086403
0.091049
0.083725
0.087298
0.080233
0.118645
0.130372
0.118373
0.131978
0.145902
0.130179
0.105103
0.112820
0.108359
0.127079
0.134739
0.116237
0.127495
0.148195
0.137623
0.155907
0.155286
0.144969
0.167215
0.170906
0.097469
0.086317
0.095428
0.088754
0.078842
0.082043
0.083880
0.086975
0.092006
0.098220
0.099897
0.108370
0.103971
0.112882
0.118179
0.133786
0.106656
0.112394
0.156421
0.134937
0.164389
0.173813
0.150661
0.120940
0.113150
0.140862
0.110569
0.097203
0.175454
0.179869
0.184111
0.184802
0.177060
0.178800
0.185552
0.188173
0.186223
0.184833
0.180842
0.181125
0.174852
0.165339
0.186347
0.221544
0.169516
0.194516
0.164210
0.203430
0.203808
0.248854
0.234389
0.171653
0.151628
0.141030
0.136771
0.129395
0.127553
0.117223
0.121509
0.125950
0.078104
0.071061
0.073261
0.067225
0.068743
0.071272
0.073218
0.071088
0.069076
0.072179
0.077523
0.074274
0.075978
0.081221
0.087612
0.081351
0.074120
0.078615
0.071522
0.072546
0.077450
0.074683
0.082042
0.078923
0.081316
0.084547
0.101793
0.085074
0.082646
0.109426
0.095451
0.088265
0.090047
0.098469
0.105523
0.098220
0.087350
0.095158
0.085079
0.092280
0.079895
0.089866
0.076328
0.078610
0.089646
0.076352
0.070320
0.073054
0.070263
0.074316
0.075478
0.071727
0.077022
0.091212
0.080410
0.066994
0.064103
0.066727
0.064916
0.061496
0.063661
0.065380
0.067316
0.068777
0.075148
0.072552
0.085736
0.082818
0.081330
0.087794
0.115279
0.094895
0.091786
0.104593
0.132339
0.097764
0.098942
0.140287
0.135528
0.111551
0.092136
0.089038
0.081192
0.079470
0.146059
0.123870
0.168132
0.144044
0.164995
0.178699
0.173611
0.181866
0.163233
0.155840
0.183769
0.183635
0.170164
0.175918
0.170526
0.174268
0.167743
0.141089
0.138909
0.124472
0.118931
0.123022
0.111916
0.101600
0.112289
0.095981
0.104140
0.100619
0.091421
0.101912
0.112068
0.105997
0.087582
0.079492
0.089017
0.081090
0.073278
0.074486
0.075324
0.085152
0.088433
0.115827
0.119670
0.116546
0.121832
0.113471
0.113664
0.125426
0.120245
0.129193
0.130066
0.118698
0.111034
0.107048
0.112657
0.102660
0.098920
0.108931
0.100930
0.109231
0.093305
0.126650
0.130454
0.130188
0.134335
0.125962
0.127453
0.133516
0.133815
0.135523
0.138049
0.131637
0.129326
0.126539
0.126820
0.119996
0.116906
0.124826
0.112712
0.120259
0.108910
0.136965
0.141884
0.138704
0.145464
0.151537
0.144807
0.135835
0.136292
0.143759
0.145233
0.150971
0.154882
0.161877
0.162154
0.151544
0.164016
0.155460
0.153931
0.165542
0.169106
0.135196
0.129931
0.137546
0.137369
0.125889
0.134499
0.139092
0.151197
0.139574
0.154994
0.147899
0.161248
0.099706
0.098266
0.093039
0.090101
0.094987
0.094884
0.085967
0.086952
0.084716
0.085284
0.091282
0.095585
0.100934
0.098445
0.105859
0.107570
0.100236
0.110428
0.104696
0.113235
0.086260
0.084236
0.086507
0.084438
0.088837
0.089952
0.079373
0.085863
0.084874
0.079886
0.082443
0.091246
0.094303
0.090947
0.102984
0.101913
0.093754
0.102413
0.095108
0.104017
0.084369
0.079002
0.084222
0.085502
0.082652
0.086257
0.083128
0.082989
0.087911
0.087837
0.090859
0.093712
0.107730
0.103544
0.089777
0.103420
0.085122
0.089627
0.101733
0.102677
0.085837
0.090152
0.086076
0.092129
0.093540
0.098013
0.100248
0.115330
0.093331
0.110902
0.091611
0.108153
0.062805
0.064825
0.060721
0.065164
0.058884
0.058227
0.066621
0.061359
0.069593
0.074874
0.064137
0.058334
0.056864
0.061541
0.059371
0.056909
0.057882
0.058120
0.058202
0.059097
0.071550
0.078694
0.074956
0.082264
0.072157
0.072827
0.079865
0.078254
0.082926
0.082899
0.079770
0.073945
0.071558
0.070131
0.068776
0.068983
0.071155
0.066661
0.067982
0.063725
0.087760
0.089062
0.089416
0.095394
0.099746
0.095485
0.081343
0.087360
0.085532
0.095113
0.099505
0.091762
0.099726
0.104337
0.104033
0.075679
0.071586
0.091432
0.081109
0.067234
0.074356
0.078470
0.097128
0.097704
0.178083
0.170851
0.191891
0.184718
0.185299
0.201542
0.199898
0.201207
0.200348
0.203051
0.212808
0.219132
0.228568
0.227597
0.208853
0.204609
0.184164
0.188326
0.197860
0.203810
0.208876
0.209337
0.220722
0.211404
0.203601
0.207439
0.221860
0.213461
0.231822
0.233707
0.212554
0.217727
0.215239
0.219460
0.199656
0.198062
0.204906
0.195254
0.192482
0.197946
0.212391
0.217772
0.204154
0.200820
0.196968
0.194978
0.195796
0.192543
0.193808
0.193151
0.190118
0.191677
0.190915
0.187467
0.194967
0.179034
0.190137
0.177342
0.166995
0.165646
0.166369
0.160999
0.173126
0.183645
0.187535
0.194295
0.171996
0.179620
0.187012
0.180948
0.181784
0.185695
0.198835
0.224821
0.185915
0.207913
0.212842
0.209137
0.227167
0.242231
0.243001
0.232787
0.245754
0.247706
0.255707
0.265577
0.284934
0.260396
0.265050
0.228156
0.246870
0.242205
0.225823
0.243761
0.226762
0.205966
0.209146
0.205708
0.239948
0.221690
0.185528
0.189664
0.176658
0.186250
0.195514
0.184013
0.179799
0.037446
0.026395
0.021200
0.015929
0.016849
0.017521
0.015667
0.015573
0.014472
0.015469
0.018069
0.018490
0.020166
0.020905
0.025022
0.029931
0.019865
0.033004
0.020219
0.025159
0.016762
0.015755
0.018033
0.017096
0.018056
0.019489
0.023818
0.018903
0.016906
0.018075
0.027657
0.021199
0.022312
0.024488
0.027339
0.026883
0.021165
0.026159
0.020723
0.025309
0.015429
0.016211
0.017047
0.016234
0.017074
0.018080
0.014111
0.016508
0.019621
0.021524
0.026064
0.027049
0.042613
0.043431
0.023177
0.034855
0.018338
0.019356
0.031906
0.039448
0.013860
0.015043
0.035521
0.025109
0.014246
0.021021
0.026705
0.045057
0.047426
0.049964
0.044504
0.047779
0.173023
0.208665
0.165010
0.193754
0.150503
0.141890
0.153877
0.155833
0.183101
0.177546
0.135321
0.134615
0.124989
0.118432
0.128581
0.130752
0.144949
0.171529
0.138351
0.165803
0.135156
0.127387
0.138030
0.136363
0.155230
0.166804
0.130131
0.121302
0.114252
0.109838
0.119453
0.118631
0.176495
0.189492
0.192058
0.202303
0.207849
0.206872
0.202909
0.198555
0.202798
0.210244
0.207318
0.202800
0.214674
0.231151
0.217441
0.223669
0.227520
0.228934
0.209319
0.220374
0.213761
0.228657
0.237161
0.231967
0.222077
0.207694
0.195957
0.181950
0.193892
0.202759
0.187909
0.213661
0.182144
0.183794
0.214392
0.225306
0.243837
0.217411
0.257931
0.246074
0.251235
0.255071
0.257443
0.231451
0.232036
0.234084
0.213780
0.260428
0.262970
0.249077
0.257466
0.253609
0.247427
0.259195
0.307085
0.261722
0.254013
0.403128
0.428581
0.233850
0.215897
0.214149
0.206678
0.220461
0.256424
0.293784
0.245796
0.296978
0.280037
0.352354
0.312178
0.291376
0.400597
0.417011
0.381988
0.390472
0.360156
0.320930
0.417677
0.439472
0.422134
0.367655
0.394013
0.455164
0.453635
0.481738
0.457976
0.344289
0.299948
0.301954
0.283330
0.275192
0.315690
0.275976
0.276623
0.278130
0.269178
0.261759
0.244072
0.269237
0.373994
0.307229
0.360837
0.288757
0.273381
0.305745
0.308381
0.547325
0.477301
0.587917
0.603938
0.551867
0.497130
0.489335
0.501808
0.498596
0.400726
0.580041
0.642645
0.646006
0.620960
0.472508
0.560561
0.618433
0.567503
0.636771
0.677949
0.639616
0.647029
0.417960
0.501989
0.383564
0.461260
0.512961
0.530394
0.648571
0.652651
0.670624
0.595177
0.687259
0.686566
0.695129
0.760239
0.723821
0.730419
0.733855
0.757279
0.722310
0.762905
0.674747
0.724904
0.632063
0.711209
0.705794
0.687212
0.616755
0.644036
0.594762
0.572717
0.667686
0.624505
0.598642
0.601742
0.627524
0.574735
0.594072
0.562873
0.551691
0.570555
0.554345
0.625917
0.650653
0.669004
0.623567
0.663151
0.643603
0.624367
0.652353
0.661883
0.658017
0.619871
0.637059
0.644935
0.624840
0.589376
0.628018
0.610466
0.622306
0.605710
0.588268
0.534693
0.547933
0.553575
0.543988
0.559781
0.535754
0.581451
0.546789
0.535976
0.563024
0.543031
0.528773
0.570222
0.563789
0.593585
0.607533
0.592109
0.605533
0.586172
0.575408
0.527752
0.627331
0.117965
0.091749
0.072295
0.061740
0.064110
0.063666
0.059820
0.057214
0.056845
0.059606
0.059278
0.059409
0.061367
0.062074
0.062776
0.064819
0.063265
0.067480
0.065161
0.067525
0.061906
0.060064
0.064537
0.063251
0.062060
0.065461
0.068907
0.067441
0.066776
0.067182
0.071659
0.069679
0.070652
0.073779
0.071978
0.071783
0.067784
0.068060
0.063949
0.065233
0.065724
0.066849
0.062425
0.064805
0.066409
0.062574
0.057465
0.059061
0.056399
0.060228
0.061172
0.057825
0.062630
0.065546
0.065369
0.056814
0.059014
0.058675
0.060099
0.063304
0.061478
0.060138
0.061212
0.057698
0.079939
0.079376
0.078446
0.074726
0.080005
0.075830
0.071640
0.077356
0.083139
0.103180
0.080034
0.097801
0.071108
0.081681
0.088677
0.091633
0.072483
0.102373
0.104302
0.120762
0.095440
0.116614
0.063906
0.067016
0.067196
0.062033
0.064669
0.065325
0.066884
0.066426
0.068633
0.069119
0.071256
0.071505
0.079602
0.076572
0.073628
0.070401
0.068866
0.078547
0.073942
0.061250
0.059774
0.051944
0.051249
0.044651
0.045826
0.044525
0.046676
0.049792
0.049402
0.045320
0.048180
0.050051
0.046994
0.059505
0.061836
0.047040
0.056612
0.043917
0.054801
0.042827
0.048199
0.040310
0.046174
0.042962
0.040033
0.044526
0.038924
0.044043
0.046432
0.044821
0.037090
0.036375
0.033121
0.046807
0.046896
0.040340
0.052413
0.044120
0.055958
0.049554
0.050179
0.052209
0.055602
0.059384
0.056972
0.052775
0.053189
0.057199
0.058327
0.061355
0.062047
0.073014
0.071623
0.061222
0.072730
0.064153
0.061975
0.072919
0.079561
0.053724
0.053736
0.071375
0.062699
0.053438
0.058657
0.061494
0.070976
0.077797
0.076593
0.076043
0.075893
0.195889
0.158494
0.236813
0.227980
0.186730
0.246054
0.252073
0.265410
0.258710
0.259883
0.255862
0.221178
0.264226
0.253683
0.255814
0.230119
0.266010
0.269931
0.268907
0.267261
0.271124
0.259160
0.260744
0.190627
0.159083
0.177240
0.151196
0.133056
0.136848
0.138449
0.132315
0.122411
0.116505
0.116885
0.125805
0.122513
0.146366
0.115103
0.137679
0.097726
0.094452
0.106577
0.109466
0.124872
0.115433
0.094325
0.092165
0.083403
0.081425
0.083343
0.081869
0.100465
0.110523
0.097630
0.106343
0.094838
0.090971
0.099766
0.094948
0.100856
0.102555
0.096736
0.088034
0.084058
0.086070
0.085705
0.083506
0.108159
0.106120
0.114575
0.112747
0.108184
0.116919
0.128896
0.120089
0.137886
0.123079
0.122785
0.140211
0.139719
0.124609
0.118586
0.117476
0.110535
0.111617
0.112440
0.116249
0.142427
0.157835
0.150946
0.157943
0.163735
0.163805
0.158706
0.162961
0.155298
0.154699
0.127560
0.135133
0.123058
0.133120
0.117883
0.117056
0.126468
0.122317
0.133690
0.131802
0.120792
0.116664
0.114715
0.117188
0.112844
0.113259
0.114843
0.112148
0.112130
0.105266
0.129997
0.129001
0.132181
0.126365
0.127771
0.138915
0.136775
0.132302
0.142109
0.135478
0.130433
0.126944
0.129201
0.126908
0.122044
0.125928
0.120498
0.123135
0.115538
0.142657
0.127251
0.158738
0.143035
0.128713
0.135515
0.143577
0.167391
0.166412
0.163482
0.173729
0.176708
0.143553
0.147250
0.154967
0.156129
0.144099
0.155482
0.161870
0.166424
0.169337
0.154590
0.153383
0.168056
0.209490
0.176912
0.178335
0.217058
0.167578
0.169800
0.186390
0.197326
0.218466
0.191522
0.200969
0.207511
0.213614
0.221405
0.195141
0.195129
0.184687
0.186534
0.174910
0.238649
0.231986
0.252390
0.249356
0.255008
0.268005
0.260119
0.272848
0.257954
0.251004
0.231115
0.262547
0.263549
0.260238
0.127951
0.120232
0.115286
0.105866
0.104310
0.105513
0.106754
0.106023
0.107089
0.108349
0.106480
0.106628
0.107244
0.106613
0.108966
0.113740
0.106602
0.114557
0.106462
0.112169
0.107847
0.107104
0.107539
0.107183
0.106155
0.105375
0.111780
0.108179
0.110113
0.113693
0.111683
0.106958
0.106442
0.110082
0.111403
0.109396
0.105995
0.108573
0.106573
0.106936
0.110269
0.114525
0.107272
0.112135
0.117947
0.111054
0.106265
0.106144
0.107623
0.110125
0.111923
0.109231
0.113370
0.119149
0.116642
0.106530
0.102841
0.110940
0.105940
0.098515
0.100634
0.101485
0.110567
0.113907
0.159535
0.149241
0.152327
0.140584
0.166231
0.158394
0.135103
0.143038
0.132898
0.128484
0.134488
0.152790
0.158348
0.139362
0.159007
0.172297
0.126383
0.121679
0.118275
0.114572
0.120224
0.117664
0.117854
0.114026
0.114116
0.117347
0.118599
0.115226
0.115784
0.117998
0.117909
0.122318
0.113435
0.116398
0.111525
0.113061
0.113895
0.111253
0.119048
0.112897
0.116004
0.109703
0.108495
0.112410
0.111287
0.112765
0.111800
0.124282
0.127904
0.128674
0.125653
0.133628
0.122377
0.117713
0.124655
0.123793
0.132963
0.130159
0.136053
0.139068
0.123369
0.129361
0.121665
0.118325
0.118297
0.109269
0.116373
0.120216
0.112541
0.107964
0.117407
0.119351
0.111549
0.117899
0.113033
0.120893
0.101062
0.105714
0.098028
0.101614
0.098926
0.097689
0.093032
0.094654
0.095377
0.096511
0.089731
0.097675
0.100233
0.091787
0.100559
0.102923
0.099246
0.092875
0.106411
0.103711
0.095672
0.108950
0.116514
0.110787
0.125034
0.116173
0.118218
0.134219
0.131741
0.120319
0.113142
0.105675
0.099350
0.106650
0.099282
0.092320
0.127701
0.137408
0.129658
0.141987
0.138246
0.143562
0.151355
0.153744
0.157282
0.164757
0.164020
0.142774
0.143983
0.137330
0.133333
0.092069
0.090560
0.086302
0.086733
0.085986
0.084479
0.093077
0.084651
0.088240
0.094958
0.091198
0.083780
0.083361
0.090766
0.084872
0.085247
0.104104
0.100298
0.116472
0.114075
0.106348
0.114100
0.148580
0.130525
0.128530
0.141910
0.148615
0.123219
0.118698
0.141960
0.111112
0.101062
0.121385
0.110565
0.117613
0.152571
0.112585
0.096478
0.101523
0.095259
0.105567
0.107520
0.097668
0.095423
0.100083
0.111326
0.114650
0.145712
0.120698
0.126067
0.157293
0.090872
0.088669
0.085717
0.087967
0.088217
0.090765
0.092211
0.089005
0.088613
0.085915
0.088063
0.084521
0.074428
0.066517
0.072080
0.064439
0.077081
0.077172
0.066522
0.069209
0.065469
0.065957
0.071957
0.077468
0.082413
0.078652
0.079588
0.082749
0.082382
0.089063
0.084010
0.092605
0.065101
0.064622
0.064165
0.063152
0.066685
0.068166
0.059958
0.062300
0.060200
0.057763
0.067028
0.069863
0.074188
0.073612
0.074512
0.075736
0.072928
0.075083
0.073245
0.074915
0.060488
0.053156
0.066142
0.065852
0.057253
0.070991
0.062035
0.066530
0.068339
0.076928
0.084139
0.077509
0.109163
0.117001
0.078957
0.111863
0.058770
0.073766
0.101087
0.061733
0.058658
0.062096
0.059969
0.057285
0.056528
0.056128
0.062797
0.060262
0.077748
0.067975
0.098359
0.059212
0.052698
0.060666
0.053071
0.063964
0.066104
0.058427
0.060327
0.051366
0.050718
0.066048
0.068224
0.072487
0.073073
0.077216
0.077128
0.071238
0.074653
0.071113
0.074466
0.058412
0.050192
0.059439
0.050292
0.062348
0.065066
0.066760
0.058477
0.052329
0.071375
0.065828
0.067746
0.072801
0.074589
0.080944
0.080057
0.070468
0.076901
0.070653
0.076699
0.046268
0.043445
0.042253
0.037910
0.035429
0.036605
0.043198
0.041509
0.038214
0.035537
0.032483
0.033450
0.032903
0.030109
0.032036
0.043612
0.045408
0.053152
0.045868
0.046916
0.043311
0.041239
0.051876
0.046843
0.165435
0.174552
0.176151
0.180296
0.177718
0.178975
0.182936
0.179713
0.189499
0.186455
0.176777
0.177109
0.173557
0.172823
0.172817
0.167147
0.183332
0.184257
0.183500
0.183915
0.178798
0.178186
0.179464
0.183479
0.183233
0.180941
0.177092
0.178660
0.175761
0.175130
0.175169
0.172930
0.182380
0.180957
0.182561
0.181469
0.178644
0.180015
0.176041
0.178146
0.175724
0.172052
0.174582
0.168595
0.177484
0.168836
0.176750
0.179498
0.168480
0.171245
0.181526
0.179707
0.174509
0.170190
0.169501
0.172085
0.170288
0.172277
0.166764
0.080485
0.063637
0.066262
0.050086
0.062541
0.065722
0.055119
0.057655
0.047514
0.047433
0.065742
0.069631
0.077074
0.077331
0.100656
0.098917
0.074060
0.089192
0.073315
0.087063
0.056385
0.047014
0.060682
0.048910
0.061883
0.067279
0.066786
0.060830
0.052292
0.052806
0.077418
0.073863
0.081814
0.087859
0.108753
0.101462
0.076232
0.098442
0.073596
0.097880
0.045018
0.044961
0.039459
0.036856
0.037109
0.034615
0.039109
0.037772
0.033790
0.032549
0.029972
0.029037
0.031331
0.033678
0.031918
0.038914
0.038360
0.066230
0.043963
0.039149
0.032945
0.029760
0.063801
0.058739
0.394990
0.359382
0.359113
0.378762
0.383496
0.343257
0.337102
0.372599
0.434591
0.400970
0.354661
0.346753
0.351412
0.434951
0.317725
0.405263
0.319728
0.340699
0.376523
0.438231
0.402654
0.381904
0.379084
0.425284
0.423940
0.429797
0.452721
0.389401
0.414797
0.441986
0.385756
0.430674
0.377283
0.441591
0.533417
0.513243
0.505335
0.541143
0.526188
0.538737
0.532272
0.536900
0.558834
0.544243
0.574666
0.532268
0.532205
0.505316
0.503268
0.500101
0.498910
0.516790
0.538748
0.543092
0.512181
0.553925
0.550266
0.558296
0.568585
0.561366
0.530282
0.543356
0.545924
0.535188
0.562275
0.554617
0.560959
0.557477
0.557832
0.572908
0.496469
0.493095
0.483271
0.511270
0.540188
0.478606
0.458723
0.483420
0.494299
0.517584
0.583111
0.516116
0.521670
0.570017
0.594683
0.551132
0.626048
0.592356
0.596695
0.556332
0.523842
0.511936
0.507911
0.499598
0.500870
0.519437
0.546657
0.506850
0.529688
0.566375
0.489216
0.476189
0.492911
0.473391
0.452088
0.477500
0.468258
0.503033
0.500899
0.539794
0.530412
0.534269
0.600272
0.561245
0.584346
0.579344
0.633538
0.615093
0.671633
0.660275
0.672434
0.640215
0.639496
0.543615
0.530866
0.599112
0.540816
0.491623
0.490417
0.496645
0.498105
0.531127
0.461951
0.435359
0.476809
0.470544
0.753486
0.651538
0.646922
0.714718
0.805301
0.784858
0.805218
0.675363
0.807668
0.819059
0.849732
0.868764
0.845361
0.793430
0.804423
0.771981
0.816649
0.747987
0.704881
0.816853
0.734103
0.787619
0.799861
0.751504
0.763670
0.766635
0.741221
0.765626
0.754255
0.723927
0.712097
0.743709
0.696140
0.749204
0.791098
0.803020
0.791203
0.815742
0.824727
0.806229
0.827018
0.825555
0.831187
0.808640
0.813939
0.818164
0.845822
0.818350
0.807719
0.840926
0.817062
0.798577
0.828083
0.738862
0.797368
0.702049
0.623984
0.684263
0.575082
0.629418
0.629561
0.567462
0.560098
0.614534
0.698253
0.711686
0.794380
0.796142
0.727596
0.594308
0.692829
0.738636
0.751586
0.702075
0.818767
0.811200
0.843380
0.830559
0.710192
0.684738
0.645444
0.591567
0.617184
0.618918
0.656166
0.628886
0.587613
0.687990
0.651597
0.579093
0.794330
0.822169
0.745317
0.794139
0.716522
0.669929
0.741671
0.748505
0.767976
0.754940
0.677356
0.617477
0.581429
0.559247
0.584700
0.564696
0.599423
0.565260
0.582799
0.569611
0.787426
0.783297
0.823304
0.835819
0.808288
0.838204
0.839566
0.846900
0.830986
0.839528
0.835220
0.804210
0.785151
0.809550
0.841462
0.811861
0.812143
0.832901
0.812494
0.805719
0.809536
0.736686
0.754232
0.694941
0.675429
0.584134
0.640863
0.638696
0.536412
0.557137
0.695580
0.667078
0.752995
0.715001
0.569423
0.569881
0.552627
0.537968
0.562221
0.534592
0.549609
0.530224
0.602334
0.548116
0.580917
0.544355
0.596683
0.613114
0.576538
0.550446
0.568332
0.574185
0.564796
0.646301
0.643416
0.657499
0.671044
0.656706
0.632976
0.673122
0.609079
0.664402
0.680387
0.580579
0.562304
0.558656
0.573219
0.565540
0.549559
0.484156
0.496148
0.480889
0.515443
0.480826
0.483200
0.500302
0.489182
0.482984
0.524199
0.526794
0.482513
0.483579
0.486040
0.566392
0.562270
0.596576
0.509162
0.479282
0.506430
0.498843
0.552867
0.559262
0.580668
0.578966
0.547565
0.572218
0.591342
0.573328
0.554489
0.530717
0.514403
0.520011
0.541729
0.520629
0.527058
0.508305
0.533949
0.590809
0.593396
0.535196
0.560006
0.552895
0.524368
0.540703
0.576586
0.533001
0.532361
0.514008
0.544607
0.546220
0.590712
0.556518
0.622640
0.551306
0.553454
0.585854
0.563244
0.567133
0.589524
0.575912
0.575652
0.621652
0.603340
0.610454
0.621308
0.588676
0.526101
0.533735
0.590857
0.704347
0.704250
0.637685
0.556808
0.696088
0.765539
0.791425
0.742063
0.730101
0.793292
0.771438
0.758501
0.792838
0.726931
0.542462
0.645918
0.781167
0.742185
0.790897
0.745850
0.790779
0.795559
0.795279
0.793437
0.765027
0.779789
0.793651
0.798349
0.800561
0.795733
0.794822
0.798280
0.733008
0.760164
0.691405
0.651835
0.616185
0.619935
0.712566
0.696545
0.645784
0.592665
0.559045
0.569771
0.574619
0.569013
0.554070
0.684809
0.682449
0.637084
0.629018
0.555390
0.639466
0.576812
0.629875
0.632849
0.580707
0.606424
0.578225
0.545043
0.638456
0.684726
0.567926
0.639970
0.677404
0.718305
0.711328
0.718186
0.650974
0.708572
0.738686
0.739353
0.760130
0.723916
0.751224
0.751178
0.766543
0.788848
0.811307
0.787633
0.778922
0.771558
0.777975
0.776263
0.790235
0.741608
0.736223
0.790645
0.756458
0.764418
0.714612
0.728405
0.606843
0.705839
0.696377
0.597971
0.616417
0.649471
0.610363
0.320380
0.225769
0.238658
0.268484
0.190781
0.230279
0.241508
0.260623
0.263599
0.254478
0.221294
0.229457
0.221306
0.176826
0.228664
0.198412
0.269853
0.306445
0.309830
0.324016
0.370458
0.403920
0.379401
0.304514
0.319801
0.275013
0.429740
0.325488
0.326372
0.277634
0.285109
0.316823
0.319954
0.375839
0.287097
0.227026
0.166273
0.228207
0.176314
0.192931
0.152502
0.211496
0.224138
0.215103
0.258818
0.212065
0.231311
0.225836
0.280824
0.254293
0.278307
0.280364
0.243517
0.312536
0.326927
0.346285
0.385273
0.380611
0.332970
0.345398
0.377897
0.439161
0.527838
0.280863
0.263829
0.215428
0.213502
0.241224
0.253536
0.292702
0.336345
0.236569
0.223352
0.246880
0.259789
0.277802
0.267570
0.384222
0.267198
0.329784
0.349964
0.367702
0.450134
0.439335
0.471227
0.589746
0.499609
0.518775
0.392544
0.396834
0.308798
0.316192
0.335725
0.374699
0.412042
0.336773
0.253000
0.255755
0.210483
0.208594
0.223876
0.225580
0.256660
0.204405
0.190513
0.212659
0.215898
0.208718
0.227374
0.229692
0.220798
0.244335
0.257654
0.259726
0.283773
0.289951
0.294342
0.311329
0.268102
0.347967
0.277146
0.284243
0.243311
0.236583
0.269025
0.236139
0.195295
0.246560
0.212073
0.186913
0.187507
0.187953
0.229718
0.234623
0.390618
0.465463
0.504401
0.479301
0.516613
0.441630
0.528413
0.735694
0.652320
0.749536
0.722924
0.762191
0.547444
0.729977
0.721760
0.516710
0.506554
0.764449
0.701431
0.525132
0.427438
0.491346
0.464848
0.388116
0.485305
0.495922
0.708122
0.769890
0.696771
0.770623
0.518602
0.739533
0.746218
0.579496
0.585310
0.788179
0.773779
0.428447
0.464491
0.477661
0.598030
0.637917
0.578465
0.564906
0.596034
0.702574
0.675138
0.662925
0.695249
0.826058
0.815044
0.834167
0.829197
0.815122
0.794870
0.653156
0.619296
0.618639
0.823235
0.753811
0.489952
0.494203
0.560128
0.411568
0.433524
0.409104
0.407411
0.523042
0.515397
0.543866
0.727956
0.740702
0.749264
0.766270
0.545831
0.784717
0.684360
0.540951
0.529358
0.530600
0.716541
0.471328
0.382378
0.414023
0.885615
0.890016
0.928849
0.937169
0.965667
0.959150
0.961340
0.958055
0.948557
0.893767
0.942950
0.911185
0.972269
0.972901
0.973268
0.977035
0.977464
0.975528
0.975816
0.978850
0.975648
0.977428
0.974238
0.972060
0.970330
0.971426
0.972318
0.972098
0.971986
0.975573
0.955149
0.948626
0.924678
0.928431
0.920253
0.922370
0.936018
0.954272
0.955413
0.923451
0.898545
0.921042
0.932351
0.942823
0.948454
0.956026
0.949077
0.937027
0.931221
0.962337
0.965891
0.970054
0.970289
0.971465
0.938897
0.977774
0.969791
0.968748
0.966013
0.965262
0.965646
0.966028
0.972037
0.966296
0.975459
0.940673
0.947975
0.897498
0.920262
0.914028
0.922009
0.933893
0.942195
0.955916
0.956954
0.934695
0.947811
0.946354
0.954132
0.966972
0.965129
0.953022
0.959036
0.949499
0.947730
0.975086
0.975378
0.967166
0.972921
0.976573
0.975857
0.974455
0.974046
0.975727
0.974034
0.973192
0.973493
0.972842
0.973560
0.974378
0.976783
0.975478
0.962134
0.953896
0.937791
0.941360
0.933584
0.934582
0.944691
0.955808
0.959370
0.924487
0.939378
0.939746
0.932313
0.961274
0.962242
0.956288
0.952256
0.936240
0.966535
0.971760
0.968868
0.975708
0.975084
0.977193
0.977040
0.972505
0.977277
0.976626
0.975824
0.957175
0.977837
0.976092
0.959138
0.922488
0.919839
0.921305
0.916483
0.886725
0.899206
0.225853
0.172509
0.073303
0.072581
0.137959
0.094315
0.079851
0.078707
0.095431
0.074819
0.084413
0.062293
0.057361
0.105485
0.104973
0.114084
0.145883
0.140248
0.156329
0.159985
0.154834
0.115487
0.117880
0.128496
0.127439
0.102168
0.097491
0.095458
0.103474
0.121557
0.145287
0.072622
0.074165
0.066862
0.056964
0.060810
0.062062
0.065564
0.069825
0.074276
0.074123
0.077192
0.075526
0.070227
0.077549
0.079692
0.081307
0.084712
0.100236
0.082466
0.079624
0.082626
0.074640
0.115772
0.129301
0.123612
0.157350
0.162944
0.164252
0.166200
0.120719
0.165682
0.178165
0.131964
0.131159
0.134432
0.131111
0.173712
0.182501
0.104202
0.078904
0.083874
0.074514
0.065667
0.063504
0.062707
0.059604
0.074221
0.074460
0.087671
0.084897
0.061175
0.059128
0.060142
0.057609
0.066261
0.055212
0.068934
0.070686
0.073123
0.081236
0.076575
0.053970
0.065348
0.104219
0.102618
0.120651
0.151714
0.141874
0.169062
0.181980
0.129723
0.130766
0.125863
0.102353
0.096387
0.109649
0.106566
0.091083
0.095232
0.110289
0.115321
0.122439
0.080925
0.063100
0.073600
0.063664
0.053988
0.055635
0.051741
0.055112
0.055409
0.048183
0.049540
0.063001
0.063934
0.075604
0.078588
0.061795
0.057479
0.077494
0.078297
0.060779
0.070660
0.108174
0.094093
0.106965
0.120309
0.106558
0.081845
0.075343
0.099167
0.067427
0.051792
0.123170
0.126608
0.131840
0.139254
0.137119
0.142141
0.139119
0.122035
0.138447
0.148747
0.123350
0.130587
0.117823
0.135421
0.140369
0.115853
0.146045
0.106482
0.077869
0.114747
0.085127
0.056457
0.059647
0.062520
0.102202
0.116843
0.202598
0.198846
0.227471
0.308437
0.253653
0.271503
0.333813
0.327550
0.266663
0.337557
0.338022
0.283835
0.275683
0.230517
0.223693
0.358222
0.397780
0.384333
0.330026
0.387875
0.336285
0.347871
0.390564
0.404333
0.385867
0.404806
0.398741
0.356486
0.370204
0.433472
0.361179
0.423883
0.352365
0.356073
0.406376
0.410207
0.389792
0.328280
0.284821
0.274296
0.202135
0.197267
0.196172
0.224269
0.265444
0.284536
0.225637
0.227043
0.256326
0.364389
0.277404
0.291918
0.381721
0.362999
0.290073
0.355888
0.311942
0.250051
0.457754
0.425955
0.446756
0.421696
0.358033
0.360402
0.407191
0.356882
0.412310
0.461981
0.386456
0.404889
0.478490
0.385475
0.448267
0.369873
0.358422
0.424934
0.402352
0.428009
0.364318
0.307283
0.297105
0.227907
0.227272
0.227668
0.236748
0.284209
0.290656
0.227214
0.222164
0.244865
0.325524
0.276713
0.277539
0.328438
0.329371
0.282699
0.331743
0.293386
0.245932
0.384290
0.382453
0.392848
0.378064
0.394754
0.405773
0.398460
0.355324
0.389955
0.339439
0.353958
0.331264
0.370798
0.320820
0.360171
0.317147
0.318711
0.353141
0.357565
0.323905
0.349074
0.275693
0.265950
0.206845
0.195339
0.190019
0.207263
0.258414
0.271959
0.210316
0.211156
0.223888
0.308839
0.269885
0.276058
0.319243
0.315775
0.274730
0.319716
0.283024
0.222677
0.347347
0.363385
0.365138
0.315414
0.366452
0.367471
0.317840
0.370325
0.369908
0.318618
0.340791
0.391221
0.342129
0.383748
0.336135
0.380063
0.332586
0.360430
0.282953
0.273322
0.210617
0.212811
0.208516
0.265372
0.256379
0.277098
0.241352
0.270411
0.250774
0.283733
0.283405
0.299436
0.213808
0.198206
0.196997
0.251128
0.200955
0.272480
0.203309
0.211414
0.262587
0.209011
0.202149
0.225391
0.200072
0.236206
0.228032
0.243016
0.254288
0.241475
0.246175
0.259923
0.269091
0.273896
0.279842
0.267150
0.300480
0.296223
0.292360
0.294998
0.295058
0.290504
0.278073
0.291024
0.292583
0.264194
0.290218
0.288945
0.290784
0.293840
0.289281
0.287557
0.287295
0.308103
0.376397
0.351739
0.275265
0.299197
0.274079
0.272486
0.315839
0.370794
0.296203
0.285080
0.283910
0.284296
0.282434
0.283264
0.345301
0.294800
0.272756
0.298597
0.300824
0.303208
0.306890
0.304330
0.295687
0.302241
0.311772
0.289387
0.285975
0.304110
0.299462
0.287940
0.307826
0.312515
0.277451
0.274926
0.278645
0.313914
0.274633
0.329502
0.277153
0.281974
0.279695
0.298822
0.272718
0.272524
0.272548
0.273537
0.270972
0.271492
0.299666
0.273422
0.269643
0.303326
0.282078
0.279303
0.287045
0.269942
0.275618
0.272793
0.265041
0.274835
0.273435
0.270477
0.265776
0.274310
0.264711
0.268057
0.266227
0.260401
0.268204
0.268975
0.305216
0.264244
0.305971
0.264112
0.275209
0.314354
0.270461
0.256397
0.266504
0.261234
0.244232
0.272050
0.230240
0.306818
0.235088
0.292300
0.272173
0.287671
0.288612
0.299369
0.304161
0.281871
0.273670
0.258530
0.233908
0.229656
0.228324
0.218430
0.211831
0.217902
0.239960
0.246695
0.247168
0.246723
0.241693
0.204825
0.212056
0.213402
0.262700
0.217234
0.259794
0.238506
0.215850
0.282011
0.210689
0.226916
0.212743
0.212154
0.214270
0.230417
0.220629
0.266665
0.237106
0.241680
0.251845
0.267053
0.248660
0.259071
0.270629
0.302408
0.266379
0.267190
0.259126
0.292049
0.367533
0.372042
0.293416
0.296244
0.301661
0.273411
0.277090
0.261902
0.244835
0.279342
0.329451
0.282479
0.297037
0.288520
0.277508
0.271744
0.291431
0.374107
0.324470
0.275559
0.256847
0.295312
0.247187
0.238167
0.309036
0.433311
0.308218
0.300857
0.307822
0.298012
0.306613
0.304796
0.321468
0.431302
0.306917
0.304935
0.304193
0.379946
0.301950
0.365056
0.292371
0.287783
0.346201
0.287328
0.285155
0.300170
0.296686
0.288463
0.296970
0.283915
0.341629
0.291526
0.298332
0.326293
0.319407
0.398364
0.334562
0.420614
0.316749
0.302865
0.294065
0.283989
0.370264
0.287967
0.280479
0.284222
0.287343
0.282644
0.286430
0.370836
0.293260
0.291466
0.283813
0.285818
0.343811
0.286851
0.330163
0.285936
0.281813
0.331531
0.279604
0.279717
0.285505
0.282110
0.284151
0.285220
0.281485
0.318696
0.281746
0.286723
0.290328
0.291943
0.330508
0.297190
0.371011
0.289915
0.286864
0.284645
0.276275
0.291957
0.282760
0.279893
0.261442
0.276720
0.274525
0.271286
0.253580
0.277311
0.276002
0.274572
0.307118
0.267542
0.271664
0.271691
0.274871
0.448846
0.353852
0.338046
0.300382
0.314576
0.303003
0.372269
0.417225
0.524880
0.422531
0.545162
0.295353
0.295098
0.286735
0.290088
0.294781
0.312081
0.373704
0.289115
0.345130
0.283986
0.276559
0.285429
0.297379
0.325208
0.290716
0.411251
0.282535
0.288431
0.362124
0.320517
0.341398
0.527167
0.372798
0.511971
0.409851
0.509217
0.382406
0.417947
0.582507
0.645575
0.619103
0.558573
0.584820
0.569331
0.564032
0.602619
0.601423
0.569357
0.591482
0.550160
0.575967
0.565862
0.558897
0.581213
0.555850
0.531759
0.481095
0.471049
0.474963
0.485271
0.509642
0.540701
0.549264
0.575988
0.623966
0.617952
0.621325
0.639364
0.636164
0.663376
0.668610
0.621835
0.627575
0.607544
0.591139
0.569830
0.627851
0.630937
0.619065
0.671220
0.545467
0.570760
0.569586
0.626226
0.600692
0.585928
0.580748
0.573786
0.607302
0.576452
0.482565
0.523469
0.605274
0.667730
0.613423
0.674654
0.630725
0.696176
0.612927
0.601853
0.475062
0.478283
0.745868
0.725908
0.738580
0.674898
0.729829
0.746114
0.766874
0.743698
0.776086
0.691249
0.674922
0.703031
0.696057
0.725526
0.714406
0.705760
0.701739
0.726495
0.675488
0.722969
0.743841
0.696693
0.652607
0.678046
0.646090
0.615837
0.735906
0.738774
0.736137
0.752619
0.662170
0.741647
0.683631
0.713453
0.685529
0.780499
0.763726
0.766589
0.758276
0.757023
0.785431
0.776872
0.775232
0.800213
0.734619
0.726989
0.728576
0.738297
0.712748
0.710051
0.583678
0.650872
0.549927
0.567041
0.647478
0.560012
0.456095
0.549926
0.537013
0.435298
0.612133
0.675461
0.595069
0.670084
0.701037
0.647786
0.554655
0.627235
0.578237
0.507250
0.709680
0.723347
0.716528
0.706123
0.720756
0.704375
0.733537
0.714843
0.697104
0.677576
0.679128
0.681027
0.660078
0.662235
0.678235
0.679540
0.660763
0.712188
0.621907
0.642377
0.679022
0.606305
0.440513
0.591188
0.474438
0.618110
0.488324
0.594954
0.646799
0.603738
0.549961
0.619436
0.549199
0.416996
0.540501
0.569638
0.406342
0.704636
0.722591
0.738238
0.744580
0.764587
0.740111
0.730675
0.709798
0.693130
0.762766
0.758821
0.782748
0.800503
0.807827
0.781223
0.752832
0.624186
0.619035
0.645468
0.631185
0.626689
0.597017
0.631400
0.627305
0.585139
0.648133
0.688777
0.648835
0.646868
0.698087
0.686569
0.692002
0.652298
0.662460
0.603249
0.611449
0.617709
0.617512
0.609460
0.587620
0.618432
0.603304
0.604339
0.648721
0.570978
0.589422
0.589952
0.587206
0.589760
0.694039
0.690265
0.694269
0.689037
0.697085
0.697831
0.663102
0.670064
0.686433
0.640243
0.681802
0.691384
0.691657
0.677558
0.682290
0.710940
0.691209
0.678276
0.663788
0.645275
0.635560
0.650822
0.614993
0.690422
0.644054
0.710405
0.691330
0.703801
0.656205
0.676658
0.583449
0.592018
0.587603
0.610402
0.585184
0.577905
0.581168
0.570826
0.619993
0.641017
0.643067
0.656450
0.668986
0.666740
0.635073
0.621738
0.665072
0.687078
0.641576
0.664870
0.641746
0.585777
0.623747
0.675005
0.663430
0.603345
0.632097
0.605881
0.583267
0.591383
0.630365
0.628797
0.619087
0.621270
0.620523
0.621578
0.588655
0.634109
0.639558
0.583228
0.596660
0.590456
0.570705
0.578021
0.565564
0.581803
0.602823
0.595717
0.596881
0.604407
0.645950
0.640907
0.595696
0.596219
0.618031
0.669350
0.672169
0.682690
0.717095
0.662990
0.672289
0.668668
0.701316
0.702020
0.650899
0.656778
0.712994
0.677358
0.654035
0.630886
0.688066
0.726763
0.721412
0.688750
0.686385
0.682053
0.662288
0.772131
0.816314
0.767355
0.862214
0.889611
0.787921
0.847322
0.907203
0.692438
0.695123
0.739845
0.803838
0.763698
0.779752
0.559666
0.646704
0.621071
0.629574
0.598626
0.580502
0.551262
0.576531
0.652192
0.588888
0.579512
0.649592
0.554289
0.613931
0.598463
0.657281
0.560302
0.594549
0.509593
0.537638
0.495622
0.484394
0.393154
0.403148
0.557449
0.423274
0.509818
0.560664
0.477322
0.520091
0.462683
0.459806
0.617879
0.619092
0.625097
0.631371
0.606823
0.630803
0.631522
0.666672
0.602673
0.608164
0.619748
0.647800
0.644779
0.690028
0.631283
0.651259
0.602694
0.634938
0.686638
0.665972
0.751251
0.693925
0.730677
0.713290
0.733923
0.644299
0.725501
0.718499
0.606213
0.657694
0.679793
0.618538
0.578835
0.621061
0.611265
0.652105
0.516481
0.475449
0.491469
0.515571
0.490865
0.526539
0.422423
0.394068
0.464920
0.374503
0.430204
0.448926
0.349221
0.335692
0.545953
0.540246
0.588449
0.580470
0.574719
0.515479
0.535255
0.444008
0.579744
0.567656
0.568354
0.591221
0.581595
0.577260
0.584238
0.607042
0.586872
0.601099
0.590268
0.640129
0.601214
0.620907
0.576569
0.573789
0.743616
0.574281
0.580400
0.588512
0.734963
0.655994
0.588792
0.540563
0.564760
0.593447
0.566314
0.488447
0.581452
0.592696
0.508906
0.551355
0.555219
0.549021
0.512183
0.550942
0.553637
0.575496
0.482874
0.452850
0.459868
0.473338
0.510695
0.541118
0.477658
0.529538
0.450022
0.529497
0.427706
0.491538
0.445238
0.462256
0.430736
0.373355
0.495671
0.467284
0.515767
0.509557
0.648456
0.652178
0.630980
0.624358
0.660063
0.670293
0.596361
0.636012
0.618542
0.575853
0.597556
0.625787
0.604497
0.603734
0.711280
0.618957
0.609363
0.671260
0.640227
0.697869
0.773078
0.651230
0.755786
0.518869
0.549440
0.549202
0.544202
0.496645
0.546458
0.597991
0.559492
0.561731
0.539985
0.593356
0.586527
0.637801
0.584099
0.628247
0.653289
0.642452
0.581685
0.598321
0.541591
0.565326
0.549003
0.567366
0.470259
0.538815
0.446004
0.462727
0.428985
0.516804
0.739586
0.782116
0.738655
0.815177
0.760625
0.726527
0.731084
0.715996
0.804784
0.803718
0.834129
0.803627
0.791669
0.873470
0.866000
0.946925
0.936917
0.880160
0.904130
0.849033
0.800997
0.817097
0.807581
0.868384
0.835491
0.862826
0.918532
0.394646
0.449728
0.333846
0.419778
0.388657
0.320862
0.339279
0.377876
0.404934
0.364381
0.280467
0.361477
0.402494
0.295680
0.398983
0.423499
0.429016
0.394403
0.350837
0.281638
0.329479
0.269993
0.249188
0.256796
0.256076
0.273268
0.265119
0.293319
0.350886
0.340992
0.311101
0.323134
0.601625
0.674496
0.653839
0.681006
0.753776
0.726286
0.702361
0.716991
0.752119
0.732449
0.772646
0.784624
0.729960
0.729995
0.723839
0.726236
0.715013
0.685932
0.639833
0.680350
0.700411
0.691813
0.561873
0.567425
0.613217
0.571053
0.621383
0.559245
0.491687
0.605537
0.638280
0.569559
0.627102
0.515213
0.438733
0.522733
0.493220
0.456143
0.516613
0.538472
0.584106
0.367150
0.318808
0.361100
0.349776
0.349190
0.317189
0.412429
0.440694
0.534569
0.569220
0.556561
0.567438
0.578226
0.457984
0.574953
0.619088
0.638267
0.608954
0.624363
0.623062
0.649317
0.684156
0.636096
0.611780
0.648274
0.671176
0.669100
0.638369
0.644486
0.714636
0.649416
0.615314
0.693956
0.665841
0.652137
0.619127
0.730123
0.438634
0.402822
0.438975
0.366221
0.318047
0.367799
0.385788
0.467653
0.316142
0.308486
0.318038
0.311114
0.306413
0.305282
0.312318
0.349898
0.285421
0.287918
0.283793
0.283685
0.294434
0.287398
0.320762
0.309411
0.284127
0.290745
0.304504
0.291193
0.349295
0.280641
0.326370
0.291164
0.317993
0.386457
0.335172
0.737707
0.729551
0.778458
0.789595
0.774056
0.783436
0.784542
0.795464
0.804137
0.751438
0.759385
0.766869
0.667001
0.670021
0.724577
0.723982
0.764634
0.757670
0.792979
0.760099
0.754691
0.812376
0.752301
0.740345
0.697811
0.752409
0.658972
0.337489
0.338919
0.307729
0.274303
0.319939
0.294683
0.286573
0.288994
0.306360
0.309026
0.318376
0.294485
0.372353
0.324886
0.332483
0.340794
0.310158
0.341182
0.379136
0.314671
0.332394
0.324332
0.348951
0.338736
0.354890
0.385162
0.288234
0.275039
0.285273
0.281098
0.279794
0.280935
0.283501
0.292627
0.311549
0.315574
0.368774
0.426799
0.464924
0.407261
0.359634
0.343950
0.321041
0.350880
0.329048
0.473631
0.514385
0.455081
0.515060
0.487812
0.433713
0.465865
0.523870
0.382369
0.340738
0.316200
0.405031
0.377902
0.447812
0.374565
0.562803
0.565746
0.568260
0.561888
0.516266
0.561400
0.559680
0.562542
0.474376
0.559230
0.559225
0.555713
0.561100
0.533613
0.412606
0.351331
0.305312
0.300672
0.322766
0.367359
0.490299
0.505576
0.403455
0.414864
0.517249
0.526163
0.489961
0.431688
0.348886
0.478441
0.357677
0.338319
0.567284
0.511396
0.557812
0.530915
0.533032
0.576124
0.519926
0.510963
0.536724
0.552207
0.595581
0.573731
0.600936
0.581481
0.562472
0.537074
0.551072
0.558063
0.525627
0.556874
0.556464
0.549191
0.532026
0.525510
0.531413
0.489735
0.492818
0.501567
0.502888
0.523923
0.502956
0.511068
0.507739
0.509932
0.509329
0.494826
0.483691
0.506236
0.505590
0.511264
0.496665
0.502211
0.486369
0.480231
0.481177
0.459609
0.494398
0.482177
0.469196
0.452173
0.461112
0.444042
0.432095
0.461690
0.365655
0.391367
0.390463
0.462719
0.457786
0.457253
0.445062
0.418692
0.328984
0.306018
0.291546
0.359077
0.384310
0.411990
0.299517
0.297397
0.324841
0.353132
0.310053
0.311900
0.309750
0.320938
0.333101
0.398210
0.331124
0.308506
0.324509
0.345279
0.331103
0.287273
0.298846
0.307277
0.301794
0.306175
0.334095
0.298930
0.289004
0.319744
0.303298
0.307292
0.296723
0.325859
0.353769
0.304895
0.331550
0.315232
0.309667
0.359615
0.351492
0.333485
0.348224
0.318459
0.306778
0.293293
0.295378
0.278508
0.281982
0.297474
0.309252
0.468721
0.441738
0.462974
0.479518
0.456346
0.452605
0.490177
0.444148
0.454580
0.484989
0.455604
0.453966
0.443838
0.426739
0.411097
0.444550
0.404589
0.392810
0.403386
0.414426
0.460765
0.437671
0.464268
0.440901
0.374413
0.405168
0.397234
0.417219
0.409709
0.394913
0.399706
0.330867
0.321085
0.325215
0.398799
0.418341
0.393015
0.417512
0.386447
0.430190
0.393128
0.470267
0.417720
0.483544
0.392381
0.361775
0.345772
0.330627
0.338358
0.348184
0.345066
0.340019
0.380702
0.361230
0.349906
0.396008
0.387402
0.416244
0.388772
0.377315
0.420513
0.420525
0.408851
0.421477
0.438038
0.428151
0.355119
0.353791
0.373057
0.373951
0.345256
0.362992
0.323895
0.301147
0.335149
0.337812
0.328244
0.330994
0.337491
0.320759
0.332273
0.330996
0.344540
0.352860
0.341021
0.348288
0.390376
0.346085
0.339106
0.372729
0.371990
0.374934
0.361106
0.401949
0.454220
0.732646
0.866917
0.879219
0.877472
0.836166
0.665232
0.844096
0.786061
0.865937
0.887262
0.944160
0.890524
0.944436
0.910742
0.857493
0.804531
0.838480
0.893229
0.646143
0.688399
0.612719
0.644823
0.595381
0.594939
0.607188
0.659246
0.633010
0.629596
0.638646
0.620469
0.637009
0.588425
0.662502
0.577563
0.598020
0.652917
0.734034
0.680003
0.677328
0.670500
0.668314
0.647429
0.680974
0.661233
0.651002
0.661452
0.633236
0.625061
0.639021
0.644103
0.633430
0.629198
0.641986
0.640769
0.632819
0.620095
0.625264
0.630745
0.629741
0.617306
0.632485
0.629436
0.580238
0.586613
0.583376
0.598706
0.599463
0.585521
0.563775
0.562742
0.578488
0.582596
0.561745
0.548162
0.574651
0.552003
0.511513
0.556767
0.595333
0.624622
0.638126
0.622009
0.622526
0.591319
0.630439
0.680570
0.668180
0.678894
0.647686
0.659920
0.648478
0.638605
0.702850
0.694673
0.674839
0.709770
0.687864
0.678867
0.711386
0.703741
0.694882
0.647833
0.638813
0.658986
0.638291
0.649780
0.508847
0.608682
0.492567
0.641645
0.634384
0.583021
0.597426
0.571001
0.612183
0.658815
0.655607
0.672219
0.648370
0.620009
0.630945
0.653275
0.630094
0.685391
0.679967
0.668773
0.661407
0.645571
0.660027
0.680797
0.684728
0.686148
0.676132
0.677144
0.673573
0.647392
0.676066
0.670462
0.644808
0.648892
0.631159
0.561256
0.642304
0.663646
0.658517
0.622826
0.646694
0.629153
0.628001
0.626399
0.631739
0.662621
0.625828
0.644557
0.625408
0.643098
0.648402
0.623443
0.645796
0.681841
0.685916
0.693644
0.694971
0.708226
0.659376
0.666857
0.696696
0.803949
0.789270
0.726118
0.736354
0.765260
0.725518
0.736590
0.885993
0.664008
0.695668
0.668600
0.706250
0.864880
0.863865
0.854299
0.856563
0.752546
0.818356
0.840071
0.915615
0.881070
0.893368
0.909727
0.899628
0.875964
0.909350
0.706185
0.680264
0.606841
0.618437
0.618362
0.637294
0.625911
0.590737
0.581020
0.585024
0.615894
0.673482
0.629038
0.678370
0.667573
0.702111
0.715961
0.629914
0.632865
0.673133
0.650740
0.639775
0.629147
0.686051
0.650938
0.700394
0.666180
0.637645
0.641768
0.639639
0.594852
0.772497
0.713103
0.757209
0.724894
0.692730
0.678116
0.604663
0.644391
0.568423
0.663414
0.685412
0.653462
0.522648
0.684235
0.730635
0.730767
0.682124
0.701400
0.594218
0.499461
0.623207
0.738078
0.739242
0.713606
0.695369
0.504379
0.467782
0.472059
0.434706
0.379999
0.395780
0.460879
0.501038
0.469972
0.481412
0.551049
0.508454
0.421122
0.562816
0.401693
0.472733
0.471545
0.468597
0.530631
0.441720
0.411702
0.451044
0.404666
0.533612
0.469591
0.404619
0.346977
0.424918
0.429865
0.611707
0.640069
0.660966
0.659842
0.714552
0.659378
0.641385
0.785151
0.769239
0.803294
0.811091
0.788814
0.793442
0.792197
0.733491
0.781028
0.735236
0.777161
0.690257
0.621986
0.610154
0.638124
0.727167
0.788538
0.787878
0.792328
0.751914
0.727026
0.716204
0.761196
0.841992
0.800916
0.810251
0.889556
0.929981
0.794363
0.810964
0.821393
0.840489
0.891058
0.900377
0.837832
0.863515
0.840711
0.833091
0.820068
0.796346
0.772718
0.793272
0.939257
0.904228
0.944232
0.944228
0.910769
0.923986
0.893135
0.958508
0.936234
0.931584
0.771440
0.770298
0.788399
0.752023
0.783119
0.773354
0.795876
0.771916
0.810880
0.775337
0.789946
0.775469
0.790165
0.791117
0.805334
0.786572
0.730021
0.734557
0.791957
0.680409
0.668427
0.698815
0.697670
0.707684
0.625507
0.604719
0.642017
0.691702
0.637790
0.560547
0.776944
0.529940
0.508985
0.497313
0.555562
0.510213
0.534363
0.514042
0.571414
0.632841
0.566957
0.434274
0.477407
0.537856
0.447220
0.506481
0.370942
0.500191
0.540758
0.491117
0.509368
0.665161
0.714528
0.704734
0.714974
0.722554
0.732056
0.724116
0.679697
0.667783
0.703533
0.719625
0.710514
0.688429
0.644978
0.589119
0.619422
0.665347
0.618861
0.612550
0.633983
0.641880
0.615442
0.670376
0.659117
0.599779
0.618048
0.599960
0.611639
0.588020
0.570980
0.643981
0.603906
0.602275
0.607403
0.652368
0.623276
0.587934
0.560289
0.629740
0.630265
0.674370
0.775272
0.673699
0.794424
0.847469
0.809052
0.787096
0.790209
0.761085
0.813580
0.870552
0.860578
0.856149
0.932244
0.944886
0.954480
0.941335
0.953201
0.834062
0.957423
0.935540
0.858409
0.933397
0.777757
0.820117
0.695621
0.846519
0.820568
0.773695
0.833155
0.752579
0.940640
0.951855
0.966000
0.971988
0.892775
0.971553
0.961132
0.896337
0.953487
0.948106
0.963050
0.830784
0.839722
0.912241
0.818136
0.736075
0.844416
0.799484
0.837155
0.760754
0.899657
0.959812
0.947731
0.951780
0.978351
0.968594
0.875451
0.969183
0.970516
0.881371
0.854717
0.775666
0.754989
0.812395
0.792082
0.767314
0.777860
0.875152
0.965577
0.959545
0.860581
0.892361
0.974195
0.934936
0.980919
0.962477
0.943192
0.912666
0.804885
0.862307
0.897950
0.711786
0.791207
0.744457
0.846410
0.932127
0.903193
0.889414
0.948343
0.903797
0.825843
0.933940
0.765075
0.757414
0.804377
0.793022
0.760939
0.878914
0.929917
0.939134
0.901444
0.952494
0.903640
0.902428
0.915795
0.909008
0.834892
0.842584
0.861799
0.942252
0.797641
0.756901
0.775198
0.862967
0.918421
0.932963
0.935496
0.946065
0.913374
0.878537
0.958265
0.900721
0.889779
0.932163
0.791059
0.754364
0.742079
0.839515
0.757085
0.793632
0.884762
0.843009
0.942962
0.949124
0.917292
0.955411
0.864918
0.684749
0.738488
0.932033
0.949911
0.956243
0.966043
0.976787
0.973562
0.953758
0.975370
0.977169
0.976863
0.971261
0.973378
0.974500
0.945759
0.969926
0.973657
0.968264
0.970716
0.970000
0.973173
0.974068
0.936991
0.949322
0.972960
0.976041
0.979642
0.972240
0.956889
0.940020
0.969095
0.940585
0.913090
0.769487
0.618819
0.967728
0.971531
0.987751
0.957346
0.977995
0.951123
0.993901
0.979058
0.985466
0.993074
0.984395
0.984137
0.998082
0.999409
1.000000
0.989739
0.985981
0.997503
0.997534
0.993420
0.994546
0.933589
0.984708
0.976603
0.979039
0.941902
0.916769
0.783025
0.684181
0.657836
0.759024
0.924127
0.955269
0.968426
0.968065
0.947352
0.975330
0.935412
0.962089
0.975812
0.983925
0.978928
0.986400
0.982751
0.987115
0.979540
0.988352
0.979056
0.980884
0.974171
0.981836
0.956819
0.966737
0.981379
0.988521
0.981294
0.989515
0.957278
0.938533
0.967779
0.980061
0.921345
0.954645
0.913331
0.729268
0.627677
0.757670
0.966652
0.975205
0.986173
0.987850
0.981897
0.990020
0.973916
0.965647
0.992829
0.992303
0.990376
0.996486
0.996464
0.996202
0.982993
0.995969
0.991994
0.974326
0.987420
0.986703
0.966489
0.984429
0.979623
0.968112
0.963919
0.974784
0.973741
0.821187
0.886629
0.852373
0.806053
0.820875
0.924080
0.886947
0.881443
0.864848
0.910455
0.919876
0.965181
0.967936
0.930740
0.970102
0.971577
0.938571
0.891145
0.957668
0.963256
0.871909
0.847834
0.875673
0.856767
0.846040
0.820952
0.730241
0.865325
0.915432
0.967116
0.975657
0.962653
0.947141
0.915532
0.825748
0.810440
0.834895
0.839303
0.854249
0.749246
0.921038
0.886496
0.949891
0.859128
0.939290
0.909537
0.883129
0.827941
0.822677
0.744796
0.787005
0.809897
0.787361
0.746584
0.925388
0.914644
0.945860
0.865668
0.951590
0.971396
0.959227
0.953824
0.870790
0.938167
0.836271
0.911606
0.719688
0.789206
0.813868
0.736592
0.928140
0.949324
0.947967
0.951834
0.947616
0.941888
0.937184
0.922340
0.913785
0.929246
0.884048
0.822397
0.809274
0.792171
0.942295
0.948493
0.950356
0.934811
0.910723
0.931339
0.928155
0.930386
0.849123
0.869840
0.951056
0.835286
0.836429
0.825621
0.886621
0.823863
0.874151
0.884121
0.930679
0.943645
0.903939
0.937131
0.918968
0.905418
0.881567
0.949873
0.915996
0.846680
0.866448
0.801908
0.790616
0.835144
0.867370
0.948543
0.955337
0.958776
0.914491
0.711360
0.656528
0.751688
0.746959
0.747880
0.957485
0.957388
0.975231
0.962924
0.973448
0.979935
0.983989
0.979190
0.975614
0.959318
0.964713
0.966850
0.980985
0.986276
0.980104
0.985146
0.986771
0.960931
0.963082
0.975760
0.980045
0.978047
0.974623
0.987091
0.988220
0.971956
0.983262
0.985237
0.985092
0.986621
0.989204
0.952273
0.986409
0.963528
0.961171
0.973229
0.932132
0.921329
0.962117
0.782365
0.714199
0.783529
0.958689
0.977738
0.982688
0.981631
0.986954
0.988008
0.984280
0.971859
0.987352
0.989676
0.988530
0.955207
0.991016
0.961908
0.973273
0.991212
0.992190
0.988800
0.988251
0.979469
0.985528
0.978568
0.980117
0.975323
0.932666
0.955670
0.962833
0.973068
0.927859
0.929500
0.960040
0.787561
0.770644
0.766817
0.945351
0.963210
0.942770
0.974714
0.966210
0.974090
0.969606
0.968282
0.976968
0.974655
0.971886
0.970058
0.953021
0.975934
0.974713
0.972567
0.975292
0.958152
0.950120
0.983721
0.983038
0.969209
0.981879
0.950347
0.985036
0.973938
0.947843
0.972500
0.981643
0.932304
0.918641
0.952676
0.750186
0.728762
0.811585
0.951802
0.973982
0.971932
0.991841
0.991953
0.984496
0.992360
0.992703
0.996543
0.989306
0.985322
0.990167
0.979279
0.984689
0.979562
0.984378
0.986431
0.961213
0.977876
0.980397
0.963264
0.965279
0.975533
0.975278
0.953381
0.962216
0.963209
0.967862
0.942761
0.819292
0.827809
0.790798
0.719913
0.798205
0.818832
0.798380
0.713850
0.926576
0.878101
0.953895
0.951222
0.957716
0.883561
0.949567
0.969606
0.916820
0.972551
0.964426
0.876268
0.904453
0.902432
0.869484
0.861384
0.844877
0.908741
0.793492
0.814171
0.880917
0.885908
0.874537
0.912897
0.956660
0.965310
0.966720
0.962250
0.911455
0.965517
0.932668
0.718156
0.739775
0.770753
0.869985
0.773768
0.732946
0.877078
0.825884
0.958371
0.971352
0.974834
0.960958
0.958379
0.852319
0.964318
0.947846
0.765913
0.745533
0.756958
0.845333
0.816327
0.792873
0.853142
0.938499
0.926357
0.964549
0.871539
0.972574
0.950231
0.974587
0.979141
0.971234
0.946198
0.947264
0.965172
0.959303
0.970142
0.924961
0.832138
0.856200
0.924569
0.958254
0.950070
0.962914
0.938090
0.972917
0.971801
0.970361
0.967038
0.967163
0.945967
0.957846
0.968180
0.947423
0.927014
0.912174
0.829257
0.826043
0.871629
0.894309
0.806021
0.875860
0.919183
0.933758
0.929399
0.975330
0.977974
0.971966
0.977958
0.962395
0.962296
0.968588
0.934934
0.938272
0.956580
0.920753
0.853886
0.855143
0.855183
0.902679
0.909945
0.948371
0.919860
0.966146
0.962645
0.968842
0.957799
0.939819
0.954247
0.945784
0.944697
0.945615
0.859310
0.891286
0.816505
0.919811
0.811903
0.815944
0.878439
0.880048
0.934547
0.926100
0.964190
0.922092
0.916309
0.830669
0.821909
0.780527
0.971779
0.980051
0.977101
0.983576
0.988502
0.984599
0.990308
0.962117
0.983072
0.938555
0.988609
0.987177
0.986778
0.980065
0.983402
0.980822
0.976869
0.986306
0.962235
0.981721
0.988508
0.988901
0.966092
0.975802
0.982393
0.982716
0.990061
0.947183
0.992173
0.984416
0.987076
0.943871
0.914066
0.961547
0.760936
0.682195
0.700539
0.713984
0.716925
0.962823
0.981056
0.970085
0.978475
0.986110
0.985357
0.989655
0.989786
0.986246
0.984494
0.986727
0.984954
0.957351
0.981606
0.984817
0.974304
0.982747
0.982859
0.941103
0.966859
0.982049
0.984127
0.979974
0.939015
0.981643
0.958842
0.944823
0.963797
0.933878
0.962298
0.802823
0.726075
0.765679
0.956014
0.961451
0.975345
0.965579
0.978249
0.981243
0.981766
0.978333
0.984152
0.985850
0.984756
0.986162
0.988109
0.944109
0.984279
0.984734
0.991176
0.989475
0.989296
0.969903
0.954841
0.985954
0.981545
0.984451
0.972175
0.970046
0.967397
0.921158
0.950186
0.788899
0.789757
0.759612
0.951752
0.954518
0.977506
0.965592
0.972912
0.980654
0.984556
0.976350
0.980667
0.976742
0.976559
0.979289
0.974647
0.978363
0.978675
0.976699
0.964186
0.974418
0.976138
0.924679
0.972819
0.952151
0.973854
0.920565
0.115726
0.171098
0.139575
0.053477
0.044755
0.042609
0.037414
0.037090
0.084077
0.120796
0.051998
0.052651
0.041072
0.040409
0.033517
0.031698
0.041903
0.042108
0.052067
0.053768
0.061157
0.056990
0.061979
0.061788
0.084845
0.076354
0.061713
0.061959
0.071428
0.072941
0.142941
0.060849
0.052707
0.059532
0.056565
0.060352
0.059526
0.059904
0.055701
0.044920
0.041751
0.036795
0.039174
0.041400
0.036381
0.031738
0.045498
0.047856
0.088837
0.052976
0.045379
0.064828
0.040454
0.039099
0.066099
0.067447
0.097617
0.128284
0.062411
0.064558
0.094129
0.083472
0.122867
0.104137
0.137639
0.140461
0.179211
0.061627
0.073642
0.056043
0.066150
0.084797
0.080647
0.090382
0.092569
0.129375
0.154597
0.079799
0.097153
0.068347
0.067432
0.175731
0.175959
0.177985
0.182761
0.113251
0.129431
0.113583
0.117079
0.215131
0.233989
0.226908
0.204961
0.224232
0.216376
0.232400
0.241315
0.256477
0.270589
0.161835
0.190857
0.199279
0.137451
0.186046
0.201625
0.202804
0.204397
0.204445
0.206286
0.144264
0.151013
0.152398
0.186397
0.182637
0.127397
0.124668
0.104938
0.087965
0.138953
0.142188
0.172099
0.117405
0.147791
0.124628
0.102870
0.099387
0.103422
0.079685
0.071447
0.090796
0.103773
0.131334
0.180343
0.205831
0.204866
0.196480
0.233820
0.210533
0.238515
0.225522
0.223793
0.219450
0.215651
0.236980
0.230162
0.256330
0.262990
0.290914
0.273998
0.277789
0.272614
0.248257
0.087085
0.092076
0.078851
0.064437
0.069840
0.072684
0.072975
0.092317
0.073653
0.089319
0.058874
0.069870
0.058876
0.080068
0.066595
0.053781
0.097242
0.120172
0.107513
0.099173
0.079850
0.086463
0.046307
0.050343
0.040854
0.046562
0.054127
0.054752
0.049251
0.044334
0.043983
0.039121
0.038175
0.034576
0.053480
0.066703
0.057860
0.058849
0.068627
0.058056
0.071434
0.052341
0.107144
0.124732
0.136606
0.114607
0.108304
0.124260
0.128422
0.157443
0.148296
0.176061
0.108888
0.088259
0.082953
0.094318
0.067517
0.080250
0.069562
0.071709
0.085252
0.091743
0.109627
0.089119
0.083269
0.088938
0.093903
0.101710
0.100785
0.102111
0.097192
0.097401
0.090120
0.090328
0.081770
0.106141
0.220455
0.219498
0.242705
0.227288
0.226329
0.227394
0.236475
0.256940
0.213832
0.182039
0.216998
0.171861
0.144214
0.207179
0.228527
0.225580
0.138684
0.124263
0.165616
0.162075
0.144551
0.106963
0.200557
0.195747
0.208658
0.205065
0.194587
0.180135
0.120301
0.111997
0.129833
0.122322
0.091915
0.109552
0.133960
0.157878
0.137294
0.124002
0.117299
0.133536
0.102134
0.075156
0.169579
0.151565
0.160660
0.149766
0.135984
0.154905
0.187345
0.158991
0.111899
0.135860
0.131582
0.106642
0.148417
0.153262
0.183754
0.206896
0.222593
0.171202
0.185056
0.224559
0.230468
0.231462
0.209988
0.235172
0.196061
0.190650
0.161820
0.121664
0.165767
0.113292
0.094027
0.095540
0.089194
0.107135
0.096431
0.165403
0.145530
0.132949
0.092332
0.077897
0.055023
0.061933
0.047685
0.042600
0.048222
0.054954
0.046926
0.036600
0.037447
0.031944
0.028327
0.035330
0.042589
0.045458
0.059785
0.069555
0.045937
0.078529
0.049930
0.048565
0.049733
0.082124
0.131713
0.174990
0.186694
0.197123
0.158580
0.098405
0.049008
0.066919
0.046944
0.041183
0.052177
0.042747
0.040404
0.043132
0.035752
0.044091
0.039255
0.034366
0.032558
0.037054
0.031833
0.031994
0.036116
0.039407
0.051482
0.061992
0.064383
0.072395
0.128331
0.084976
0.095556
0.097810
0.140468
0.110733
0.138478
0.187660
0.173268
0.118489
0.115720
0.095749
0.097616
0.104193
0.093451
0.080612
0.082486
0.081273
0.080058
0.079852
0.087019
0.091094
0.083193
0.085670
0.098002
0.093335
0.108932
0.102776
0.121113
0.077508
0.079078
0.074518
0.078370
0.076858
0.075476
0.074416
0.077594
0.074928
0.075032
0.076196
0.076360
0.078291
0.078285
0.080701
0.079397
0.085563
0.085343
0.088277
0.079328
0.083519
0.093165
0.099678
0.111454
0.119303
0.101367
0.096860
0.084617
0.102581
0.099949
0.113683
0.112008
0.136609
0.153184
0.138924
0.125970
0.143660
0.141293
0.126787
0.125939
0.142854
0.131292
0.108606
0.116252
0.108887
0.101316
0.108054
0.123143
0.128031
0.112884
0.122817
0.133996
0.132839
0.143392
0.146094
0.153468
0.097686
0.093781
0.088377
0.084772
0.093476
0.089869
0.081066
0.080648
0.085545
0.088358
0.095065
0.091920
0.103305
0.098299
0.110318
0.080974
0.082594
0.079900
0.081473
0.095035
0.086358
0.092691
0.083939
0.082427
0.092091
0.081187
0.078347
0.106309
0.120860
0.116213
0.121154
0.135924
0.131967
0.130586
0.125535
0.111474
0.191884
0.198491
0.192296
0.188134
0.191717
0.188348
0.171448
0.185338
0.173975
0.159663
0.174813
0.184727
0.185138
0.177842
0.166352
0.172270
0.187982
0.181760
0.189871
0.182964
0.152520
0.144235
0.130494
0.127086
0.150207
0.135671
0.116412
0.120211
0.119156
0.121993
0.127789
0.140368
0.149975
0.164860
0.162609
0.121835
0.125904
0.114322
0.118051
0.145227
0.131668
0.140437
0.123554
0.118123
0.133023
0.115390
0.106261
0.164556
0.179014
0.157349
0.165802
0.192994
0.171639
0.157153
0.148587
0.143647
0.113955
0.122418
0.096824
0.105480
0.097114
0.090260
0.097439
0.089860
0.094716
0.100273
0.092199
0.086716
0.085888
0.090606
0.084169
0.085175
0.086629
0.089309
0.090530
0.086155
0.105240
0.108443
0.120000
0.125786
0.106342
0.115548
0.135355
0.133939
0.127685
0.124617
0.107583
0.111928
0.096128
0.098801
0.090614
0.129932
0.127678
0.131764
0.126616
0.108161
0.118175
0.115150
0.126965
0.134837
0.139778
0.131110
0.133866
0.105756
0.116948
0.106866
0.122757
0.128043
0.147270
0.154902
0.134603
0.130012
0.094446
0.085802
0.096919
0.086788
0.103727
0.107730
0.093790
0.095907
0.085740
0.088502
0.109494
0.113284
0.124469
0.125524
0.134217
0.153267
0.120576
0.158377
0.122318
0.149310
0.096972
0.088347
0.100776
0.091858
0.106039
0.110103
0.100868
0.095620
0.111391
0.117247
0.117856
0.117703
0.123966
0.123691
0.130794
0.089985
0.084140
0.083522
0.082080
0.079685
0.081160
0.078311
0.081325
0.082011
0.079587
0.082576
0.084481
0.078392
0.078497
0.094122
0.084335
0.079814
0.080639
0.081172
0.098240
0.094678
0.168767
0.171754
0.157597
0.155180
0.154373
0.150408
0.136972
0.145161
0.142991
0.135892
0.134582
0.146977
0.148829
0.134869
0.141841
0.151271
0.150491
0.160726
0.155768
0.164021
0.126948
0.128786
0.117018
0.119847
0.121338
0.116021
0.110289
0.112691
0.110465
0.111162
0.114440
0.115948
0.124977
0.122049
0.130942
0.116677
0.123259
0.119635
0.123925
0.133773
0.128185
0.139943
0.129504
0.130489
0.143312
0.126527
0.120216
0.143183
0.155574
0.202684
0.178246
0.161700
0.165217
0.167194
0.215795
0.200723
0.535340
0.703993
0.684370
0.651017
0.585502
0.541759
0.594951
0.553425
0.553766
0.561055
0.590488
0.562657
0.622891
0.566954
0.583359
0.572352
0.604529
0.589631
0.614681
0.585243
0.595067
0.546551
0.554921
0.571209
0.630034
0.552326
0.574426
0.596470
0.564518
0.601762
0.577722
0.536566
0.655160
0.611187
0.637014
0.632043
0.687239
0.688812
0.681764
0.670350
0.639897
0.648330
0.647120
0.657944
0.664003
0.638704
0.641624
0.619901
0.637350
0.571810
0.602249
0.583817
0.577028
0.565036
0.654414
0.601126
0.636566
0.632508
0.589410
0.591228
0.605522
0.597002
0.564368
0.560432
0.561970
0.570742
0.583918
0.587594
0.591477
0.527050
0.557367
0.595546
0.634330
0.644754
0.644600
0.660564
0.643909
0.623788
0.563787
0.572365
0.591451
0.559737
0.532550
0.541143
0.550324
0.552650
0.551828
0.564008
0.547835
0.558300
0.605114
0.616620
0.609604
0.604673
0.600052
0.570458
0.618514
0.592674
0.549417
0.607887
0.572762
0.557542
0.589950
0.558186
0.554889
0.549672
0.515097
0.519618
0.542105
0.603606
0.575919
0.623816
0.628442
0.643641
0.625765
0.596592
0.608779
0.596009
0.616674
0.594019
0.617085
0.643105
0.638593
0.599419
0.607183
0.596359
0.642236
0.617497
0.612322
0.600672
0.601936
0.604852
0.628432
0.591486
0.611479
0.618994
0.624941
0.679975
0.680615
0.794353
0.724071
0.717101
0.753301
0.685982
0.738874
0.744427
0.888077
0.758259
0.841142
0.613486
0.597299
0.509005
0.607235
0.591185
0.509319
0.567287
0.564666
0.574690
0.598078
0.576113
0.652071
0.558017
0.635597
0.551988
0.580455
0.617835
0.561947
0.485612
0.418299
0.467689
0.342156
0.334861
0.341043
0.423308
0.373622
0.439111
0.412474
0.506772
0.432700
0.453856
0.446569
0.405431
0.385864
0.505440
0.536446
0.540571
0.594368
0.554207
0.587953
0.551176
0.594536
0.556660
0.561243
0.559670
0.649070
0.629958
0.672633
0.670812
0.766386
0.620097
0.655664
0.617434
0.572911
0.678172
0.748256
0.650930
0.600960
0.641233
0.623143
0.569428
0.633261
0.642948
0.618508
0.562740
0.644397
0.591625
0.554958
0.624982
0.652864
0.650428
0.486426
0.432386
0.493053
0.510970
0.463076
0.457735
0.494400
0.436445
0.414647
0.384206
0.376331
0.423143
0.331367
0.316550
0.528201
0.539427
0.549481
0.576158
0.558952
0.484104
0.523815
0.443905
0.553290
0.524870
0.528195
0.528054
0.527115
0.524294
0.548146
0.531773
0.539492
0.581277
0.528074
0.534180
0.537239
0.541088
0.536720
0.534467
0.559937
0.516881
0.580773
0.565715
0.514481
0.551564
0.531683
0.597788
0.523569
0.541356
0.513018
0.483091
0.510641
0.490828
0.487027
0.490697
0.465283
0.486748
0.466736
0.448317
0.424859
0.425686
0.408334
0.401983
0.472664
0.446232
0.361131
0.326027
0.400347
0.440583
0.373512
0.564930
0.587525
0.620668
0.634433
0.570086
0.594946
0.591658
0.566451
0.553247
0.573814
0.592690
0.548750
0.551492
0.543227
0.666310
0.553896
0.532558
0.556734
0.546204
0.649318
0.604642
0.467044
0.469226
0.474548
0.458231
0.430459
0.484718
0.485349
0.469667
0.459915
0.501838
0.475135
0.525691
0.481112
0.491387
0.506108
0.478020
0.459687
0.437303
0.448182
0.386403
0.438121
0.377210
0.417090
0.446745
0.420346
0.473532
0.428205
0.395674
0.365158
0.436707
0.400406
0.371360
0.348330
0.310013
0.392104
0.109987
0.101919
0.117170
0.100716
0.079992
0.080512
0.071415
0.076593
0.068270
0.069272
0.070202
0.077086
0.076321
0.062355
0.064921
0.062047
0.056318
0.049240
0.053720
0.064205
0.056430
0.071730
0.066354
0.059370
0.060793
0.065812
0.074904
0.060205
0.071270
0.060761
0.055324
0.063700
0.058913
0.067043
0.069923
0.057988
0.049563
0.044297
0.044726
0.038797
0.033531
0.050269
0.039915
0.053868
0.044938
0.075142
0.077198
0.082133
0.084445
0.087318
0.087719
0.082324
0.083805
0.089083
0.092330
0.097674
0.096818
0.114911
0.116772
0.094290
0.111842
0.091672
0.091438
0.109563
0.102298
0.083974
0.085515
0.086590
0.089218
0.096267
0.086827
0.100272
0.093369
0.097514
0.105840
0.110130
0.109721
0.094328
0.109955
0.093126
0.110303
0.080463
0.071096
0.072039
0.079305
0.085798
0.086019
0.080050
0.067672
0.084406
0.095465
0.091297
0.093841
0.098602
0.098231
0.089775
0.088951
0.098309
0.085372
0.067445
0.078219
0.101015
0.102935
0.106014
0.107137
0.105852
0.107253
0.108658
0.108433
0.109318
0.111551
0.108551
0.109237
0.110214
0.109386
0.109039
0.106625
0.110379
0.115019
0.109025
0.113261
0.121230
0.112111
0.101063
0.106584
0.102114
0.110413
0.112900
0.104556
0.111585
0.120307
0.114152
0.124935
0.127178
0.118786
0.130345
0.137093
0.094449
0.087023
0.097882
0.090447
0.073991
0.080375
0.075464
0.084471
0.087032
0.080270
0.081557
0.091612
0.096845
0.099476
0.101325
0.104542
0.125516
0.139541
0.140628
0.132416
0.126600
0.133011
0.125519
0.138532
0.124872
0.127337
0.127161
0.131943
0.131059
0.129633
0.125624
0.125390
0.130583
0.126342
0.124705
0.123554
0.122575
0.136359
0.121071
0.123138
0.177571
0.127430
0.130579
0.130436
0.131794
0.131368
0.133127
0.114914
0.130350
0.130280
0.115515
0.120013
0.135557
0.138264
0.128305
0.136605
0.136349
0.136513
0.130388
0.134664
0.127232
0.132193
0.116930
0.134662
0.135933
0.120689
0.138039
0.135252
0.135130
0.140889
0.140952
0.144000
0.146458
0.152869
0.153010
0.142609
0.152882
0.122819
0.141223
0.152493
0.138286
0.137579
0.139261
0.289386
0.201300
0.142836
0.140152
0.146120
0.145545
0.148261
0.148623
0.153225
0.153719
0.305560
0.193624
0.277195
0.183348
0.950138
0.960906
0.951826
0.956818
0.969039
0.974370
0.980884
0.974942
0.981013
0.981307
0.980947
0.982279
0.982518
0.982377
0.981195
0.981293
0.982597
0.979223
0.977364
0.981199
0.977041
0.977926
0.981276
0.977642
0.981236
0.982769
0.982374
0.982205
0.982651
0.982754
0.981287
0.982332
0.978619
0.983524
0.983305
0.980267
0.983913
0.979036
0.983960
0.978646
0.984012
0.978085
0.983502
0.983934
0.977878
0.983415
0.982489
0.983262
0.983779
0.983117
0.983380
0.983529
0.978194
0.977097
0.984096
0.976162
0.980834
0.984590
0.976445
0.981003
0.979610
0.942733
0.958467
0.951276
0.978580
0.979688
0.979815
0.931213
0.933351
0.929851
0.951673
0.307168
0.192896
0.261382
0.215875
0.151452
0.120792
0.111705
0.097422
0.113369
0.120419
0.113784
0.116715
0.123195
0.119701
0.115348
0.116019
0.120412
0.119427
0.121173
0.116049
0.121268
0.100415
0.114534
0.121604
0.118213
0.129699
0.129201
0.137033
0.139372
0.130827
0.134938
0.169959
0.147860
0.147799
0.173569
0.171248
0.137407
0.130932
0.164293
0.166271
0.123793
0.129500
0.122131
0.125874
0.122085
0.144249
0.169353
0.138980
0.141302
0.171472
0.136768
0.125677
0.132479
0.126559
0.132622
0.133130
0.127949
0.142820
0.138945
0.134457
0.140797
0.168850
0.137994
0.140575
0.190870
0.117223
0.112194
0.123444
0.117362
0.091961
0.106546
0.094733
0.112804
0.116359
0.101112
0.109459
0.130154
0.125860
0.137029
0.128451
0.139827
0.184440
0.173732
0.171574
0.188978
0.162710
0.164153
0.172665
0.179010
0.189733
0.184906
0.160793
0.161919
0.153688
0.148447
0.155396
0.183429
0.155201
0.165392
0.181847
0.162657
0.179968
0.159509
0.154775
0.164401
0.162939
0.177206
0.185312
0.159498
0.151739
0.147109
0.152100
0.150382
0.148594
0.191562
0.193890
0.196976
0.205299
0.207979
0.206185
0.197801
0.198084
0.203536
0.205266
0.207664
0.209065
0.214291
0.214464
0.210313
0.210672
0.198273
0.198262
0.175673
0.190352
0.225401
0.237715
0.205428
0.225549
0.216409
0.177510
0.210171
0.183659
0.212471
0.039118
0.029574
0.035783
0.030471
0.031440
0.026386
0.025629
0.022650
0.028918
0.032605
0.030469
0.027722
0.029891
0.037855
0.033240
0.034622
0.041723
0.031567
0.025255
0.026186
0.036640
0.032553
0.041227
0.036154
0.041480
0.044863
0.042722
0.043324
0.039003
0.038414
0.050236
0.048412
0.051184
0.055356
0.048343
0.046209
0.034646
0.035795
0.031599
0.029397
0.030551
0.028422
0.027948
0.029956
0.026238
0.027654
0.026483
0.024717
0.025913
0.030144
0.026514
0.031644
0.026688
0.026483
0.033606
0.039935
0.025167
0.023412
0.025622
0.023183
0.022342
0.021921
0.019974
0.021263
0.020935
0.019364
0.019059
0.020303
0.023834
0.022261
0.024664
0.023281
0.044252
0.039095
0.050530
0.043896
0.052893
0.055329
0.054849
0.053245
0.048184
0.051083
0.059967
0.058247
0.061139
0.064848
0.059796
0.058229
0.058501
0.053185
0.062881
0.056982
0.062356
0.066135
0.064666
0.065061
0.060910
0.059394
0.068932
0.070170
0.072917
0.075897
0.069447
0.066830
0.056294
0.054964
0.051743
0.051856
0.051575
0.049695
0.046302
0.048857
0.042970
0.047272
0.046554
0.040645
0.042408
0.044966
0.047961
0.047433
0.049815
0.050276
0.049681
0.048557
0.042342
0.037109
0.039075
0.034761
0.034739
0.030408
0.028155
0.032771
0.032901
0.037011
0.036723
0.038064
0.042254
0.057594
0.055174
0.038441
0.041249
0.035104
0.053793
0.083382
0.052309
0.032321
0.036989
0.030422
0.029149
0.038497
0.050692
0.059273
0.047896
0.073822
0.081221
0.061706
0.092942
0.090938
0.072355
0.100799
0.028907
0.025869
0.023602
0.021955
0.029004
0.026817
0.020521
0.021897
0.024459
0.027266
0.046239
0.031191
0.055501
0.037122
0.064733
0.022757
0.021477
0.019883
0.019690
0.023364
0.021538
0.021968
0.019716
0.018775
0.021052
0.021315
0.018234
0.018716
0.018016
0.018413
0.017696
0.025867
0.029854
0.034583
0.031213
0.045806
0.033653
0.045062
0.031371
0.030082
0.043669
0.045436
0.031236
0.036671
0.029959
0.031936
0.025473
0.143458
0.155918
0.152286
0.159692
0.159675
0.174487
0.165561
0.161866
0.164045
0.171646
0.169382
0.177715
0.178686
0.165091
0.162791
0.159475
0.158931
0.160637
0.157683
0.159787
0.172723
0.180286
0.172460
0.180997
0.169354
0.167068
0.155642
0.172962
0.180020
0.171365
0.152080
0.165798
0.162378
0.145514
0.163465
0.161660
0.185539
0.182187
0.187871
0.191215
0.189422
0.191582
0.185098
0.186679
0.191034
0.192753
0.196303
0.197311
0.202685
0.200266
0.194342
0.200351
0.193670
0.195537
0.201773
0.202457
0.184804
0.185957
0.195180
0.193469
0.180943
0.184651
0.191040
0.192250
0.196033
0.198955
0.205897
0.202167
0.202137
0.205666
0.203148
0.205404
0.224951
0.239733
0.220997
0.228638
0.220089
0.245230
0.215025
0.200807
0.221614
0.223199
0.204535
0.187438
0.208603
0.205611
0.183213
0.202854
0.228876
0.215429
0.175899
0.187170
0.167646
0.181116
0.166743
0.163206
0.164550
0.171335
0.160199
0.158362
0.161050
0.163223
0.180271
0.197304
0.193424
0.204717
0.209952
0.200470
0.214156
0.217920
0.223807
0.220797
0.235680
0.212459
0.223161
0.201762
0.209439
0.230480
0.238240
0.218218
0.254685
0.238152
0.232703
0.262044
0.217266
0.196431
0.070755
0.061415
0.069303
0.064226
0.055478
0.053903
0.052478
0.050831
0.052032
0.051314
0.051080
0.051748
0.051556
0.051173
0.051186
0.051134
0.051129
0.068989
0.052794
0.050555
0.053661
0.075276
0.051291
0.052415
0.049592
0.052413
0.050967
0.050791
0.049402
0.052626
0.053679
0.049133
0.049615
0.052568
0.050410
0.054878
0.051795
0.054142
0.054770
0.054200
0.051009
0.053553
0.049107
0.052058
0.053445
0.048318
0.047583
0.043562
0.045893
0.037184
0.034501
0.044578
0.036202
0.053511
0.045383
0.036805
0.058899
0.052105
0.055368
0.061819
0.058916
0.055105
0.056275
0.058155
0.057421
0.058266
0.061287
0.055696
0.049980
0.063963
0.047224
0.057909
0.042803
0.169513
0.162007
0.158992
0.174205
0.188217
0.195567
0.189977
0.168337
0.196430
0.210121
0.199480
0.221894
0.224922
0.209417
0.201273
0.234375
0.200689
0.168101
0.193741
0.224374
0.221613
0.221178
0.225402
0.249244
0.231522
0.238949
0.218158
0.214000
0.221274
0.219600
0.235920
0.222786
0.242471
0.218710
0.223558
0.209318
0.232616
0.212525
0.234871
0.269844
0.234628
0.230365
0.204935
0.209368
0.198827
0.176326
0.184367
0.184163
0.190660
0.192838
0.192289
0.220800
0.227238
0.237186
0.233274
0.199959
0.177930
0.201799
0.221031
0.192737
0.216111
0.174433
0.145871
0.169971
0.179545
0.188730
0.208912
0.193171
0.165356
0.164788
0.153244
0.149464
0.152188
0.131178
0.148027
0.165074
0.181908
0.158406
0.172731
0.157129
0.152091
0.154182
0.159276
0.148112
0.145322
0.147090
0.147152
0.170023
0.185334
0.185834
0.196191
0.212532
0.197310
0.222956
0.203573
0.205834
0.221320
0.216468
0.200561
0.193446
0.204079
0.230192
0.236400
0.244679
0.245748
0.242558
0.238635
0.244643
0.237595
0.247358
0.253046
0.247977
0.244533
0.245169
0.269304
0.239098
0.233082
0.234357
0.234694
0.273610
0.246161
0.230313
0.281892
0.288004
0.313427
0.232682
0.225237
0.236165
0.306641
0.304005
0.282644
0.310190
0.313030
0.379087
0.316646
0.348028
0.290309
0.293305
0.281115
0.296943
0.356903
0.408700
0.304734
0.318955
0.270200
0.300998
0.264613
0.260693
0.257487
0.312721
0.305941
0.286483
0.312190
0.320637
0.283339
0.277850
0.266123
0.330831
0.315722
0.303865
0.324545
0.310590
0.302807
0.389285
0.303973
0.305780
0.296913
0.290473
0.297055
0.305323
0.259924
0.264624
0.268146
0.266285
0.277818
0.394694
0.435536
0.514954
0.501433
0.469851
0.328466
0.368992
0.320116
0.307809
0.467913
0.378559
0.498872
0.500037
0.455730
0.513196
0.513988
0.553652
0.548486
0.446032
0.460243
0.363410
0.382281
0.333718
0.396086
0.463142
0.448037
0.526214
0.514530
0.578144
0.493949
0.500285
0.428360
0.418824
0.562553
0.527832
0.592608
0.418759
0.471497
0.410997
0.486373
0.562597
0.642808
0.647771
0.603853
0.687903
0.656520
0.651389
0.679980
0.618727
0.603688
0.621560
0.598934
0.622409
0.637467
0.100187
0.066696
0.092638
0.061945
0.035332
0.032271
0.022349
0.019192
0.022643
0.032204
0.025768
0.035416
0.044452
0.029375
0.023602
0.022472
0.027149
0.022766
0.018398
0.021049
0.040454
0.050490
0.048995
0.062023
0.041902
0.044824
0.076743
0.060102
0.071202
0.074107
0.048231
0.040755
0.049693
0.040476
0.035380
0.080641
0.074918
0.101370
0.156691
0.091500
0.053849
0.062913
0.059583
0.078802
0.090759
0.071897
0.096858
0.112187
0.100451
0.129991
0.163731
0.129070
0.164074
0.044333
0.038323
0.048220
0.045716
0.029835
0.033762
0.041069
0.045078
0.052591
0.051849
0.071249
0.076125
0.057647
0.080131
0.060816
0.082175
0.058478
0.074705
0.079267
0.059187
0.052097
0.053283
0.050684
0.061599
0.046698
0.047200
0.047819
0.049393
0.047511
0.044742
0.043206
0.040788
0.042380
0.041661
0.050138
0.041398
0.045634
0.046412
0.047326
0.047952
0.045656
0.046827
0.047346
0.048814
0.049267
0.048777
0.047654
0.048397
0.048126
0.047523
0.046915
0.044757
0.049496
0.049503
0.048755
0.051252
0.051797
0.050017
0.048810
0.047467
0.048232
0.048907
0.049933
0.049007
0.050939
0.053385
0.051100
0.055574
0.052464
0.053126
0.057752
0.059287
0.051186
0.053175
0.049612
0.051597
0.075446
0.057102
0.052521
0.049765
0.072340
0.067455
0.046815
0.048637
0.047830
0.048213
0.049602
0.042426
0.050384
0.062295
0.057420
0.035213
0.050331
0.036212
0.045125
0.031484
0.027879
0.030048
0.038571
0.034882
0.023533
0.026711
0.025417
0.020969
0.028226
0.040943
0.032034
0.023811
0.030336
0.021024
0.027550
0.020507
0.018841
0.019618
0.023266
0.017800
0.017188
0.018142
0.018436
0.028512
0.035187
0.039382
0.043113
0.041782
0.037641
0.058317
0.048228
0.054638
0.074357
0.083273
0.074904
0.052239
0.072601
0.050282
0.068285
0.050843
0.069807
0.070945
0.089396
0.070982
0.076296
0.088851
0.108990
0.125171
0.121925
0.129711
0.109106
0.111942
0.089913
0.099854
0.070534
0.075312
0.069352
0.063848
0.062370
0.063972
0.072456
0.062612
0.055793
0.058291
0.058703
0.057306
0.054303
0.057614
0.058574
0.054603
0.058977
0.070738
0.061673
0.054103
0.049886
0.049974
0.049764
0.157095
0.049714
0.078329
0.056006
0.051238
0.052385
0.052670
0.052281
0.050507
0.054930
0.056444
0.055326
0.058761
0.057238
0.057778
0.060524
0.064189
0.063392
0.056409
0.060499
0.047783
0.053063
0.057058
0.052626
0.059331
0.062336
0.063266
0.064366
0.069770
0.065411
0.071498
0.064385
0.064277
0.069905
0.070454
0.065055
0.066246
0.065069
0.064407
0.065779
0.086596
0.084757
0.081559
0.088959
0.089471
0.089634
0.090497
0.089461
0.078605
0.087215
0.087544
0.083018
0.079709
0.090887
0.094995
0.082944
0.098591
0.108038
0.093076
0.099802
0.083345
0.088166
0.070364
0.076228
0.062730
0.069123
0.067822
0.061825
0.059377
0.057973
0.063924
0.066654
0.052147
0.057373
0.058884
0.050228
0.080208
0.065628
0.085156
0.071709
0.088218
0.071713
0.070023
0.077030
0.080976
0.079529
0.083719
0.084122
0.080333
0.088867
0.086809
0.090673
0.093522
0.100704
0.102557
0.090203
0.102182
0.089009
0.089481
0.102058
0.102477
0.089474
0.091395
0.088998
0.092035
0.087360
0.092269
0.090780
0.094039
0.095025
0.091798
0.094594
0.099245
0.091053
0.099095
0.092240
0.100953
0.060151
0.065460
0.056452
0.063757
0.051411
0.051253
0.060163
0.056626
0.065920
0.069664
0.056892
0.052057
0.049453
0.053179
0.048976
0.045867
0.063694
0.072322
0.067243
0.076377
0.063907
0.064298
0.070328
0.071072
0.077379
0.075687
0.067405
0.065174
0.061777
0.061449
0.061613
0.058492
0.083515
0.082642
0.085985
0.094765
0.094551
0.094572
0.078118
0.082857
0.087110
0.094859
0.102316
0.097849
0.115070
0.119318
0.102625
0.121581
0.099933
0.105628
0.119015
0.075175
0.073182
0.079928
0.080644
0.070756
0.081687
0.088405
0.105980
0.089319
0.108661
0.092034
0.110360
0.072586
0.072578
0.075502
0.075047
0.069422
0.073628
0.067411
0.066327
0.066740
0.072328
0.069515
0.074287
0.076595
0.066260
0.063197
0.066540
0.064038
0.055986
0.061869
0.062833
0.054260
0.074733
0.078832
0.076558
0.081347
0.080066
0.081855
0.071452
0.070212
0.067591
0.070576
0.082818
0.084046
0.086517
0.085365
0.080533
0.082771
0.081479
0.084150
0.085055
0.083147
0.085796
0.087019
0.085696
0.088775
0.087798
0.090561
0.078372
0.077913
0.079647
0.080039
0.077940
0.077507
0.082403
0.080499
0.082111
0.085248
0.089907
0.086038
0.082425
0.085844
0.082158
0.084763
0.071902
0.066053
0.070073
0.074053
0.072558
0.074264
0.067142
0.063973
0.069118
0.073325
0.072541
0.077107
0.078521
0.070790
0.069479
0.067581
0.067369
0.066461
0.064770
0.064042
0.073431
0.079072
0.071435
0.077403
0.071501
0.068840
0.070818
0.074835
0.065923
0.063009
0.065746
0.067659
0.079185
0.082773
0.084724
0.086232
0.082357
0.084047
0.085801
0.087869
0.089967
0.088901
0.098803
0.097185
0.089178
0.095598
0.088005
0.092907
0.080756
0.077426
0.085396
0.081908
0.071043
0.075178
0.072970
0.079084
0.081068
0.075912
0.083183
0.090215
0.087376
0.095416
0.089896
0.097941
0.105814
0.100877
0.101512
0.110221
0.110172
0.116041
0.108090
0.099569
0.108927
0.120177
0.114778
0.122866
0.128449
0.114884
0.110082
0.107092
0.109558
0.107179
0.097552
0.104254
0.125645
0.133224
0.127803
0.137440
0.123804
0.122883
0.141895
0.132810
0.140255
0.146714
0.129271
0.121546
0.115012
0.117843
0.116670
0.114571
0.145811
0.161126
0.146044
0.154034
0.170267
0.152083
0.135798
0.142054
0.137794
0.148996
0.153173
0.142347
0.146474
0.155707
0.154729
0.161253
0.178332
0.161813
0.169771
0.178176
0.128843
0.121976
0.130885
0.125265
0.108578
0.116203
0.112979
0.120223
0.122961
0.116397
0.121089
0.126905
0.130117
0.133185
0.134843
0.137731
0.149338
0.162410
0.149968
0.168559
0.142443
0.140308
0.162345
0.155942
0.188146
0.192927
0.148670
0.138129
0.127997
0.131443
0.130081
0.125738
0.163586
0.187145
0.156374
0.159421
0.148493
0.138726
0.176105
0.131122
0.121329
0.141956
0.141209
0.192958
0.220063
0.207156
0.204862
0.212639
0.219613
0.216624
0.252148
0.264115
0.254052
0.208859
0.190767
0.190290
0.189255
0.175821
0.186229
0.193238
0.184066
0.189723
0.197708
0.110865
0.109997
0.117314
0.110561
0.097731
0.100725
0.093610
0.098414
0.091423
0.093153
0.092636
0.097330
0.097191
0.090421
0.089381
0.087726
0.088151
0.088800
0.094083
0.089912
0.093015
0.096913
0.094302
0.098213
0.092217
0.092809
0.096113
0.098403
0.093843
0.092493
0.091790
0.089784
0.100974
0.102111
0.105853
0.105549
0.101398
0.101241
0.104561
0.105363
0.107867
0.108455
0.111553
0.112844
0.108307
0.114155
0.110115
0.115765
0.102733
0.105325
0.107923
0.108887
0.112360
0.107512
0.116442
0.110583
0.112172
0.119757
0.119085
0.115096
0.113221
0.114136
0.111242
0.112840
0.125465
0.120669
0.132856
0.143344
0.125032
0.142363
0.116098
0.106567
0.114851
0.122072
0.125635
0.137083
0.129954
0.114844
0.114498
0.107803
0.105986
0.105803
0.098958
0.102319
0.116010
0.127238
0.111231
0.121187
0.111286
0.106545
0.107291
0.112424
0.102042
0.099308
0.102338
0.104483
0.119890
0.129915
0.126657
0.132536
0.143610
0.136964
0.155850
0.139046
0.139271
0.160461
0.153221
0.139203
0.134810
0.132522
0.127931
0.126652
0.152026
0.158702
0.164470
0.166155
0.157366
0.160414
0.162182
0.169874
0.171789
0.174682
0.184110
0.177799
0.171152
0.119722
0.102233
0.108145
0.119038
0.115454
0.119721
0.106517
0.091155
0.108957
0.125548
0.118118
0.125844
0.131110
0.123061
0.111903
0.108218
0.118587
0.106307
0.086714
0.099556
0.134129
0.137521
0.142642
0.146537
0.137011
0.140296
0.152287
0.150638
0.152111
0.148598
0.152819
0.143299
0.138968
0.146805
0.136452
0.130144
0.151754
0.162065
0.148635
0.152995
0.165042
0.149697
0.138325
0.144040
0.138821
0.146168
0.147522
0.140152
0.149114
0.165594
0.154648
0.131072
0.125085
0.126881
0.125752
0.105792
0.119377
0.111312
0.124047
0.126717
0.114197
0.126596
0.130999
0.092023
0.111106
0.113116
0.090369
0.081234
0.079805
0.084049
0.109613
0.079723
0.073134
0.073646
0.073130
0.072805
0.074235
0.076698
0.079734
0.078065
0.081327
0.109112
0.086207
0.073461
0.071618
0.076811
0.074931
0.074805
0.077977
0.096268
0.079615
0.078599
0.101511
0.093867
0.082067
0.083958
0.099561
0.080833
0.077688
0.077196
0.092503
0.073921
0.077306
0.091841
0.074878
0.072234
0.071054
0.072087
0.072787
0.074177
0.074132
0.075708
0.093456
0.079061
0.074703
0.079815
0.071902
0.078431
0.112757
0.085258
0.117043
0.085147
0.085041
0.102948
0.076765
0.072084
0.056508
0.052850
0.055624
0.058554
0.056082
0.060055
0.052925
0.048691
0.053237
0.064155
0.058121
0.065034
0.070708
0.061297
0.054172
0.052196
0.058502
0.052277
0.047011
0.049879
0.070999
0.075946
0.078139
0.083664
0.072399
0.075499
0.085160
0.088621
0.079143
0.075878
0.073162
0.066957
0.090800
0.088163
0.094912
0.091807
0.077058
0.083313
0.078230
0.088196
0.091338
0.081661
0.093025
0.099467
0.070134
0.064976
0.084416
0.072947
0.057740
0.060974
0.061970
0.065161
0.067891
0.065789
0.087187
0.087786
0.212425
0.219210
0.224515
0.220625
0.214844
0.223323
0.220612
0.220749
0.214886
0.211816
0.216867
0.222467
0.209412
0.207020
0.209222
0.208686
0.206749
0.207714
0.217586
0.208924
0.201482
0.198797
0.201705
0.198231
0.200675
0.201881
0.189612
0.200612
0.197144
0.188457
0.196244
0.204032
0.205984
0.205382
0.203874
0.203859
0.194869
0.187003
0.194074
0.195460
0.182639
0.193109
0.205452
0.194865
0.213440
0.193747
0.194375
0.215266
0.196226
0.181531
0.192469
0.222077
0.227750
0.243555
0.234662
0.241421
0.250513
0.232628
0.227873
0.216732
0.245500
0.215023
0.226791
0.217248
0.209147
0.226769
0.203911
0.253227
0.216410
0.232613
0.231300
0.228345
0.227999
0.226440
0.236487
0.244315
0.230064
0.244206
0.236481
0.228463
0.239662
0.250878
0.240577
0.253635
0.240958
0.239783
0.264551
0.245371
0.268662
0.308039
0.261056
0.246383
0.061142
0.056613
0.066650
0.046792
0.036483
0.027435
0.034775
0.047283
0.032901
0.023335
0.024468
0.022024
0.021694
0.023855
0.030146
0.033932
0.028525
0.036976
0.050731
0.041921
0.023498
0.020071
0.024463
0.023638
0.022509
0.025022
0.050417
0.029633
0.028833
0.049043
0.053432
0.030295
0.029609
0.055601
0.026920
0.025344
0.027080
0.044114
0.021431
0.022991
0.037210
0.019323
0.018937
0.017895
0.018327
0.017020
0.017044
0.018957
0.017795
0.032475
0.018441
0.020208
0.023394
0.036440
0.028356
0.035224
0.025805
0.029868
0.025074
0.024900
0.030225
0.040784
0.037149
0.124868
0.117030
0.136040
0.127324
0.119004
0.130931
0.167430
0.146966
0.147812
0.171585
0.193402
0.146583
0.145934
0.200750
0.137183
0.119460
0.191653
0.199248
0.219733
0.226599
0.224541
0.211994
0.235705
0.247612
0.237891
0.240557
0.246823
0.219062
0.201300
0.219240
0.204395
0.220139
0.205746
0.179131
0.214458
0.172354
0.205776
0.200988
0.164100
0.197399
0.222556
0.203213
0.143280
0.121158
0.138511
0.121750
0.104636
0.107426
0.110008
0.128350
0.139484
0.197485
0.184768
0.216878
0.192851
0.215851
0.211001
0.198898
0.220543
0.214751
0.211206
0.288294
0.273326
0.228239
0.216699
0.253362
0.206494
0.223846
0.245743
0.330488
0.237205
0.227802
0.250611
0.255889
0.258714
0.250912
0.381953
0.250530
0.213539
0.238379
0.202682
0.233097
0.261497
0.263274
0.416349
0.418894
0.352324
0.378556
0.337697
0.370899
0.328960
0.319978
0.399022
0.282938
0.281756
0.271230
0.274551
0.270729
0.296786
0.277003
0.325137
0.344584
0.319786
0.349473
0.390022
0.328780
0.325148
0.383547
0.404706
0.399571
0.480631
0.441645
0.409346
0.325128
0.364759
0.307162
0.364500
0.448869
0.350374
0.301694
0.300925
0.462232
0.511394
0.475647
0.519685
0.523278
0.506012
0.496223
0.431340
0.547110
0.585720
0.561839
0.624258
0.662515
0.672075
0.532928
0.618380
0.443447
0.516631
0.513610
0.595559
0.649222
0.643568
0.672450
0.688191
0.648814
0.615337
0.659136
0.655917
0.638990
0.600367
0.582056
0.563126
0.541619
0.578037
0.600060
0.586530
0.587421
0.568129
0.573219
0.597032
0.658234
0.611117
0.663880
0.705347
0.649566
0.603687
0.643274
0.740724
0.736781
0.726128
0.792411
0.707479
0.784349
0.667775
0.657801
0.620747
0.589362
0.618949
0.646436
0.558765
0.571288
0.556976
0.565282
0.606041
0.589681
0.608357
0.619253
0.665747
0.652405
0.657400
0.625634
0.648171
0.590358
0.572288
0.581049
0.589554
0.578724
0.603967
0.610557
0.607999
0.676055
0.581872
0.568405
0.550698
0.532967
0.120170
0.097785
0.119844
0.093995
0.066843
0.063925
0.054443
0.059244
0.052352
0.052528
0.053527
0.057809
0.056475
0.049442
0.050596
0.049408
0.047281
0.050255
0.056125
0.051375
0.050668
0.054803
0.049709
0.053815
0.048545
0.047539
0.049502
0.051976
0.047023
0.046060
0.046558
0.046296
0.055150
0.058003
0.060165
0.061310
0.060171
0.058877
0.063818
0.062909
0.065277
0.067687
0.064628
0.063966
0.062942
0.065910
0.068390
0.069503
0.069234
0.067934
0.071106
0.071545
0.073431
0.071779
0.074301
0.071780
0.085915
0.098902
0.080784
0.073350
0.073083
0.077323
0.079958
0.073679
0.083333
0.105184
0.085156
0.072780
0.069666
0.070230
0.069675
0.066859
0.066817
0.069878
0.063637
0.062120
0.065167
0.068689
0.071084
0.069071
0.071450
0.071664
0.074332
0.065055
0.078217
0.067192
0.070015
0.076313
0.085647
0.109417
0.097056
0.101703
0.125485
0.094701
0.094876
0.080948
0.082749
0.078989
0.065167
0.071083
0.056218
0.066795
0.074987
0.065961
0.067438
0.065738
0.057975
0.061821
0.065204
0.065318
0.065670
0.065658
0.064856
0.074750
0.066402
0.070553
0.066097
0.073296
0.070492
0.068827
0.070905
0.092143
0.076242
0.075560
0.097928
0.082544
0.072668
0.070710
0.084089
0.068424
0.066013
0.073547
0.082003
0.066348
0.068242
0.078225
0.063074
0.056354
0.061691
0.049570
0.056526
0.054073
0.045678
0.057810
0.076375
0.064610
0.048773
0.043622
0.063683
0.047477
0.057925
0.042182
0.055837
0.036803
0.033282
0.045244
0.060044
0.060429
0.241065
0.240756
0.259433
0.252869
0.201869
0.238610
0.223183
0.172418
0.247261
0.261310
0.174700
0.139969
0.122732
0.108069
0.125749
0.142520
0.152554
0.157374
0.204032
0.169916
0.178184
0.217444
0.173834
0.155580
0.228275
0.242472
0.240719
0.251988
0.261791
0.254684
0.250125
0.237993
0.113719
0.102446
0.110647
0.099962
0.095663
0.103816
0.123989
0.112778
0.103138
0.111795
0.133175
0.111812
0.111447
0.134473
0.105892
0.097573
0.138917
0.123821
0.147632
0.133752
0.153797
0.157084
0.152047
0.153254
0.144771
0.142285
0.158972
0.171193
0.160540
0.156296
0.130782
0.131144
0.119786
0.115593
0.120204
0.110367
0.105081
0.113167
0.101164
0.105791
0.104213
0.099704
0.106492
0.114952
0.109721
0.094748
0.090737
0.099244
0.092645
0.088808
0.087499
0.087907
0.100795
0.104655
0.137296
0.130837
0.130621
0.136064
0.140791
0.140424
0.137621
0.128323
0.139319
0.151955
0.145005
0.147730
0.151655
0.152685
0.141947
0.139965
0.151500
0.139229
0.126034
0.134003
0.158704
0.151256
0.162870
0.158040
0.164109
0.154744
0.151941
0.168271
0.173055
0.166796
0.164421
0.158426
0.148588
0.146884
0.163067
0.144085
0.146412
0.148873
0.143398
0.150102
0.172026
0.161592
0.147948
0.140419
0.141691
0.138048
0.130341
0.134885
0.127941
0.133619
0.132677
0.126063
0.136111
0.139301
0.158467
0.165968
0.210689
0.167790
0.178811
0.214395
0.186623
0.167089
0.256513
0.242087
0.269006
0.270150
0.265308
0.253912
0.264195
0.252897
0.237465
0.232194
0.244041
0.215883
0.249907
0.252367
0.191972
0.165204
0.176225
0.182114
0.183118
0.196045
0.127856
0.123806
0.127089
0.121465
0.118797
0.115656
0.116684
0.119036
0.116154
0.118707
0.115937
0.116288
0.118494
0.117217
0.115554
0.115472
0.116210
0.116587
0.121106
0.117156
0.121362
0.120353
0.123143
0.123216
0.120870
0.121827
0.125709
0.126036
0.122628
0.120722
0.119930
0.118056
0.124662
0.122019
0.122576
0.120237
0.117853
0.119741
0.116014
0.117981
0.117175
0.114447
0.118611
0.120298
0.115351
0.113575
0.117082
0.113817
0.114843
0.112650
0.112533
0.111564
0.111898
0.112353
0.116412
0.116247
0.149717
0.139997
0.150649
0.139021
0.177040
0.169362
0.143243
0.147001
0.136076
0.137916
0.142552
0.159013
0.168688
0.149668
0.184548
0.188802
0.138208
0.129277
0.125629
0.120453
0.129790
0.127123
0.119744
0.118502
0.123938
0.126695
0.130141
0.135216
0.117272
0.117408
0.115440
0.115611
0.121787
0.118610
0.118844
0.116732
0.116651
0.117159
0.116732
0.114791
0.125479
0.126869
0.124756
0.122806
0.129522
0.121500
0.119105
0.121293
0.121146
0.133063
0.129750
0.135149
0.130063
0.130808
0.132985
0.138265
0.135381
0.131651
0.133563
0.142539
0.136261
0.136847
0.144800
0.125775
0.122448
0.133821
0.116356
0.128081
0.111817
0.142719
0.137316
0.148417
0.142270
0.147749
0.151665
0.142131
0.151820
0.147055
0.140289
0.145047
0.155574
0.156964
0.146541
0.138092
0.153788
0.133734
0.150682
0.129769
0.141418
0.136802
0.135181
0.132783
0.126999
0.129320
0.131096
0.132492
0.124703
0.125552
0.121869
0.118900
0.114909
0.115811
0.123766
0.118074
0.121988
0.125412
0.119692
0.116943
0.127321
0.124778
0.121007
0.120424
0.123796
0.120115
0.118113
0.113377
0.116185
0.112386
0.115777
0.112445
0.109838
0.114919
0.109181
0.114919
0.108675
0.108214
0.109407
0.108945
0.116172
0.117570
0.109041
0.108202
0.108469
0.109444
0.108628
0.108577
0.110018
0.117572
0.111401
0.118397
0.111022
0.111431
0.112137
0.112309
0.116604
0.119247
0.112882
0.112948
0.113656
0.113687
0.113231
0.111494
0.122479
0.124780
0.126635
0.131085
0.136401
0.133674
0.123959
0.126628
0.132335
0.136477
0.141639
0.140726
0.149962
0.151279
0.139845
0.150934
0.141540
0.140208
0.150037
0.153463
0.123244
0.122605
0.125154
0.127372
0.120518
0.128959
0.133842
0.143877
0.131514
0.145472
0.134825
0.147974
0.092971
0.090260
0.091347
0.089835
0.083487
0.081325
0.086730
0.091939
0.083514
0.076326
0.077556
0.075942
0.074895
0.072715
0.080001
0.081525
0.071808
0.084380
0.093671
0.090093
0.075150
0.074002
0.069326
0.074393
0.071796
0.066510
0.101420
0.073099
0.081248
0.109238
0.074673
0.059132
0.051038
0.055256
0.060590
0.067066
0.083001
0.122820
0.077254
0.077436
0.106363
0.072468
0.074304
0.072631
0.072077
0.068640
0.066810
0.070277
0.069701
0.062891
0.067859
0.061008
0.089686
0.067447
0.056476
0.075458
0.080237
0.077325
0.079919
0.083737
0.084139
0.084759
0.083070
0.082397
0.082805
0.084687
0.084804
0.080392
0.080119
0.075890
0.075117
0.086773
0.089892
0.091604
0.090310
0.081561
0.083744
0.084794
0.088987
0.081043
0.070047
0.076240
0.074677
0.069003
0.068304
0.076817
0.077274
0.067804
0.079202
0.086853
0.084523
0.062231
0.062032
0.055102
0.056049
0.058866
0.055074
0.050898
0.053165
0.050415
0.050083
0.054594
0.059564
0.055378
0.057708
0.060199
0.060620
0.067132
0.059791
0.067755
0.061102
0.062227
0.068802
0.075792
0.069671
0.063544
0.068766
0.064464
0.061442
0.076160
0.084797
0.085603
0.087197
0.096311
0.092256
0.098618
0.090526
0.089132
0.098185
0.101555
0.093220
0.091161
0.088382
0.082935
0.082026
0.152714
0.159748
0.161764
0.168409
0.161677
0.161821
0.168658
0.167990
0.171414
0.170698
0.164717
0.161797
0.158253
0.159280
0.157886
0.155175
0.167845
0.171398
0.166386
0.170196
0.166145
0.163804
0.166274
0.165500
0.167727
0.168504
0.163753
0.161375
0.159099
0.159299
0.160927
0.161226
0.169797
0.170965
0.173364
0.172196
0.171684
0.173848
0.173971
0.174853
0.176302
0.176330
0.177641
0.178147
0.175737
0.172387
0.173764
0.173781
0.172700
0.169235
0.171946
0.171046
0.173311
0.174445
0.168825
0.171715
0.120996
0.123387
0.127156
0.110991
0.102829
0.090783
0.106968
0.110979
0.096889
0.079213
0.084776
0.077781
0.071898
0.075767
0.086767
0.088012
0.081790
0.093362
0.105404
0.096683
0.070849
0.058875
0.057000
0.050363
0.068156
0.062179
0.051725
0.049968
0.055984
0.058548
0.069721
0.077369
0.046812
0.045078
0.039582
0.041130
0.058501
0.047080
0.055764
0.043951
0.042577
0.054441
0.041932
0.037575
0.071285
0.083251
0.104059
0.090620
0.118569
0.095407
0.118255
0.092201
0.089386
0.113905
0.111561
0.094466
0.478303
0.456944
0.507378
0.451815
0.467088
0.508809
0.478425
0.508626
0.498738
0.500855
0.504246
0.498810
0.490069
0.518421
0.516208
0.551824
0.524743
0.556425
0.519686
0.531657
0.481857
0.479547
0.467078
0.504431
0.473952
0.501147
0.518161
0.480622
0.460866
0.492726
0.468469
0.475323
0.484100
0.508760
0.502720
0.513150
0.639729
0.557478
0.605166
0.544001
0.592217
0.614536
0.588189
0.525197
0.535585
0.533123
0.542636
0.614593
0.617777
0.616221
0.641535
0.615875
0.620647
0.625910
0.568385
0.562303
0.559327
0.623931
0.624346
0.571476
0.596746
0.578303
0.536704
0.530742
0.587297
0.538623
0.555031
0.636278
0.631156
0.653487
0.619313
0.554534
0.520765
0.544100
0.517679
0.514411
0.512862
0.511208
0.507209
0.539479
0.525487
0.555496
0.528192
0.501967
0.533710
0.529842
0.523312
0.543386
0.576048
0.573547
0.533502
0.551439
0.591204
0.579328
0.552885
0.608390
0.564492
0.540126
0.579660
0.636091
0.586065
0.585733
0.634320
0.613567
0.667752
0.669039
0.577396
0.636012
0.670543
0.617495
0.563777
0.500395
0.475594
0.483530
0.558484
0.502282
0.522126
0.513386
0.527220
0.601200
0.573083
0.662824
0.599827
0.846792
0.735461
0.743719
0.851800
0.848728
0.879140
0.746009
0.868766
0.882519
0.872640
0.838323
0.839989
0.815107
0.845581
0.828338
0.740495
0.654723
0.672903
0.853689
0.679718
0.765941
0.875282
0.742753
0.627171
0.866434
0.838389
0.794748
0.796619
0.794277
0.731505
0.814117
0.787108
0.801538
0.776244
0.684159
0.652582
0.613349
0.558376
0.548026
0.670483
0.698341
0.798830
0.795692
0.784048
0.808770
0.796290
0.782683
0.801459
0.785573
0.762288
0.755936
0.746790
0.732167
0.783846
0.788196
0.792646
0.820085
0.775933
0.726349
0.831102
0.750968
0.807878
0.759579
0.718230
0.669374
0.650314
0.622527
0.612187
0.724240
0.677801
0.694926
0.639039
0.717706
0.816190
0.790686
0.784708
0.804275
0.729530
0.739041
0.703429
0.641972
0.606634
0.659179
0.716243
0.645065
0.635738
0.688602
0.607221
0.589289
0.820877
0.821672
0.768846
0.792101
0.748743
0.711186
0.776629
0.761679
0.784836
0.776526
0.662327
0.717591
0.602348
0.565208
0.629163
0.564363
0.614378
0.550885
0.792636
0.801362
0.801526
0.810138
0.809847
0.803265
0.780440
0.807652
0.768292
0.794236
0.788929
0.747891
0.794481
0.808268
0.799240
0.730192
0.645241
0.681318
0.626536
0.598202
0.573386
0.575731
0.583601
0.594071
0.592084
0.625405
0.692112
0.550071
0.531872
0.527581
0.518575
0.520061
0.516440
0.520035
0.566590
0.538032
0.569309
0.580578
0.608118
0.554003
0.520927
0.563672
0.596637
0.566511
0.562446
0.590072
0.610558
0.636901
0.637288
0.532491
0.536217
0.554985
0.558537
0.566045
0.586778
0.583273
0.588014
0.591410
0.567900
0.555769
0.562321
0.553105
0.583607
0.529127
0.572549
0.590582
0.619591
0.605494
0.609742
0.640082
0.579904
0.577284
0.556396
0.558814
0.574708
0.577871
0.607638
0.582571
0.619952
0.627747
0.619008
0.632479
0.639170
0.611072
0.601175
0.585879
0.565448
0.566878
0.552578
0.558792
0.576176
0.569346
0.547513
0.561958
0.609087
0.597546
0.611196
0.622541
0.586493
0.584389
0.614258
0.628350
0.635524
0.610903
0.605341
0.618133
0.591187
0.589376
0.589628
0.618241
0.626794
0.644694
0.600049
0.644096
0.649797
0.785572
0.785620
0.751089
0.776887
0.706871
0.675673
0.784121
0.768615
0.770713
0.738559
0.713540
0.632670
0.595593
0.605209
0.555663
0.592102
0.529312
0.559259
0.520565
0.731146
0.758924
0.682474
0.693096
0.697449
0.654259
0.625728
0.622692
0.616299
0.614890
0.568229
0.630099
0.633996
0.620553
0.704293
0.619509
0.674232
0.753056
0.766415
0.781574
0.743066
0.728763
0.775478
0.676723
0.598533
0.764026
0.784764
0.789711
0.793272
0.794219
0.794371
0.795057
0.787938
0.793392
0.774220
0.778346
0.767620
0.742854
0.723029
0.742258
0.655873
0.709614
0.625647
0.706091
0.622063
0.732439
0.752929
0.689246
0.766107
0.698179
0.774858
0.770371
0.673113
0.720104
0.772119
0.749057
0.641510
0.759363
0.750118
0.757286
0.732192
0.757853
0.761015
0.771176
0.779802
0.806743
0.750385
0.777173
0.815330
0.816445
0.816788
0.757671
0.745123
0.327814
0.348956
0.232433
0.289993
0.254890
0.244723
0.239191
0.214291
0.215018
0.245658
0.209165
0.207595
0.231709
0.196780
0.288329
0.243463
0.261408
0.234086
0.215782
0.218605
0.166905
0.194309
0.256504
0.191067
0.275818
0.322455
0.301931
0.312009
0.388163
0.390680
0.458378
0.377050
0.357862
0.286006
0.290338
0.352678
0.354898
0.315436
0.311841
0.332942
0.354507
0.279181
0.264731
0.329340
0.265927
0.244214
0.231875
0.210344
0.235382
0.310646
0.328000
0.281199
0.261306
0.242368
0.266317
0.266419
0.281729
0.294470
0.340293
0.441554
0.372773
0.434329
0.426107
0.549193
0.467323
0.431554
0.369658
0.421892
0.339180
0.300980
0.283485
0.333634
0.367773
0.269380
0.262073
0.258834
0.246933
0.364835
0.281077
0.270335
0.286596
0.262046
0.263192
0.221483
0.248988
0.245072
0.327334
0.375228
0.399822
0.479838
0.525491
0.602542
0.627520
0.512836
0.395403
0.569601
0.411985
0.466844
0.384610
0.464908
0.530256
0.287633
0.245314
0.217053
0.215722
0.194364
0.182417
0.204339
0.208646
0.263173
0.251752
0.236205
0.228860
0.256523
0.216992
0.194662
0.210308
0.200285
0.284544
0.286189
0.279039
0.329936
0.363282
0.417847
0.328568
0.405121
0.269361
0.285725
0.311937
0.336572
0.344199
0.362319
0.419849
0.457312
0.431217
0.437181
0.474505
0.421655
0.461349
0.515989
0.532908
0.536713
0.561354
0.769999
0.812188
0.777992
0.699150
0.751352
0.521457
0.503453
0.535274
0.502480
0.713283
0.696859
0.734883
0.752943
0.550100
0.580119
0.413869
0.545156
0.441592
0.438654
0.617836
0.554224
0.604774
0.564370
0.618951
0.754471
0.737446
0.718110
0.794963
0.769103
0.546073
0.760471
0.776510
0.793049
0.673913
0.687293
0.692346
0.607204
0.537321
0.546897
0.645839
0.641729
0.679966
0.692012
0.712472
0.830626
0.860411
0.843671
0.832342
0.752958
0.694753
0.815106
0.808976
0.796980
0.502619
0.514293
0.484893
0.443820
0.540721
0.481582
0.551723
0.579669
0.590750
0.592866
0.623358
0.771796
0.821423
0.770197
0.809171
0.589373
0.617748
0.606515
0.790977
0.763550
0.735939
0.943894
0.942954
0.925686
0.914813
0.951987
0.963628
0.944822
0.919601
0.931248
0.910305
0.902360
0.916450
0.966433
0.952936
0.949018
0.960610
0.937315
0.935641
0.929494
0.921952
0.942828
0.954340
0.968334
0.972231
0.971467
0.974302
0.977054
0.977339
0.976432
0.974420
0.978279
0.976324
0.948523
0.971428
0.973288
0.969583
0.975035
0.974542
0.974710
0.971949
0.972520
0.967221
0.953172
0.948331
0.952988
0.926615
0.912738
0.864893
0.929281
0.920260
0.958849
0.941716
0.938041
0.953268
0.929326
0.884859
0.876504
0.897187
0.900605
0.891510
0.957795
0.965400
0.964654
0.963584
0.974093
0.973350
0.972945
0.969653
0.974222
0.971483
0.969607
0.969289
0.970726
0.976405
0.974799
0.975806
0.966592
0.949522
0.955040
0.951262
0.960297
0.942153
0.915214
0.923536
0.931987
0.935969
0.964882
0.947943
0.946938
0.956537
0.931293
0.913827
0.892540
0.929626
0.948335
0.965905
0.967398
0.968578
0.970315
0.971975
0.971519
0.971210
0.969501
0.972802
0.972694
0.966023
0.969461
0.972091
0.971557
0.966247
0.967859
0.964000
0.944094
0.948657
0.957804
0.926505
0.897251
0.905002
0.912059
0.927748
0.963517
0.953540
0.950274
0.928877
0.924667
0.937220
0.941017
0.964283
0.967303
0.958434
0.971911
0.971494
0.959890
0.969344
0.971017
0.931637
0.949426
0.969812
0.975161
0.921101
0.905191
0.275704
0.203072
0.144263
0.095844
0.097182
0.091984
0.084441
0.088390
0.082810
0.074670
0.084928
0.080956
0.083956
0.095073
0.092081
0.085906
0.105048
0.093438
0.091667
0.083905
0.076389
0.080497
0.081708
0.077586
0.105104
0.122368
0.115402
0.120679
0.119818
0.157901
0.157121
0.150418
0.156284
0.142935
0.124203
0.139116
0.253138
0.224525
0.169200
0.167197
0.164956
0.158684
0.116479
0.106288
0.098758
0.099031
0.099759
0.084959
0.096396
0.090438
0.076830
0.091424
0.087632
0.095782
0.086542
0.090506
0.077500
0.080515
0.111055
0.071432
0.066561
0.060158
0.054280
0.075210
0.078212
0.130725
0.136602
0.155795
0.137635
0.146142
0.188326
0.178971
0.179194
0.175535
0.208520
0.130841
0.127863
0.135216
0.163969
0.169457
0.170788
0.114995
0.079801
0.086126
0.067216
0.068400
0.057331
0.053242
0.058126
0.054401
0.070225
0.069976
0.087748
0.064490
0.060363
0.092357
0.072466
0.083549
0.107069
0.061371
0.054917
0.047212
0.045256
0.053440
0.054560
0.090488
0.104803
0.110473
0.108522
0.096298
0.156238
0.150734
0.152144
0.154722
0.147760
0.124122
0.126629
0.139435
0.167342
0.174527
0.171930
0.110581
0.120781
0.095060
0.118650
0.074953
0.072424
0.101724
0.095087
0.122598
0.123361
0.081415
0.070425
0.057723
0.062646
0.057135
0.051129
0.103524
0.122117
0.106673
0.125662
0.094625
0.093216
0.112621
0.123751
0.092258
0.078919
0.077692
0.072374
0.135818
0.142270
0.133458
0.139535
0.163843
0.167914
0.164912
0.166751
0.134639
0.139908
0.130768
0.166411
0.169044
0.175329
0.321718
0.352444
0.356909
0.262124
0.265067
0.265086
0.358601
0.357828
0.276139
0.267652
0.218685
0.225674
0.217639
0.221145
0.221860
0.364812
0.361860
0.293200
0.277626
0.345353
0.368146
0.283587
0.268624
0.219926
0.222149
0.240746
0.243012
0.425752
0.439415
0.443512
0.459922
0.453907
0.448606
0.394427
0.404323
0.440027
0.449633
0.417796
0.450656
0.443926
0.439246
0.413196
0.445776
0.400454
0.391343
0.375675
0.306348
0.285227
0.369156
0.371210
0.279295
0.271835
0.221875
0.230609
0.227434
0.227077
0.381991
0.380805
0.292198
0.287246
0.352303
0.336861
0.284364
0.245262
0.282757
0.242576
0.243495
0.396778
0.369322
0.429213
0.470831
0.432246
0.457842
0.448348
0.428341
0.398476
0.366185
0.414105
0.329571
0.433515
0.436462
0.452793
0.438839
0.382880
0.406018
0.384119
0.326969
0.316900
0.288842
0.277274
0.312644
0.299360
0.264927
0.268299
0.223009
0.225106
0.222869
0.223527
0.289878
0.290400
0.265538
0.257559
0.288115
0.296044
0.267960
0.258486
0.226300
0.227846
0.232303
0.235246
0.318067
0.332690
0.314484
0.321727
0.313595
0.306115
0.321285
0.293842
0.333436
0.307019
0.331822
0.335350
0.346730
0.355416
0.293097
0.311244
0.281853
0.312983
0.312249
0.273448
0.270812
0.319913
0.330696
0.271941
0.267764
0.251121
0.239489
0.246673
0.231059
0.338357
0.333963
0.280697
0.273010
0.321581
0.267495
0.227155
0.242073
0.240223
0.378440
0.392031
0.393483
0.402078
0.335957
0.400267
0.371743
0.408168
0.378073
0.359324
0.349502
0.344517
0.335943
0.311145
0.360685
0.311032
0.297233
0.296093
0.334246
0.306804
0.288477
0.331771
0.364448
0.366775
0.357199
0.301859
0.289344
0.322149
0.299981
0.292423
0.303992
0.325536
0.337022
0.353009
0.303651
0.291410
0.281220
0.282589
0.287929
0.284203
0.292097
0.282155
0.323150
0.271483
0.278403
0.277293
0.273486
0.273894
0.313199
0.282656
0.303472
0.289615
0.284443
0.313293
0.291919
0.303809
0.293363
0.282136
0.305239
0.323345
0.360383
0.322077
0.329996
0.274764
0.275023
0.274048
0.254104
0.259633
0.254974
0.261069
0.276135
0.253234
0.257344
0.276743
0.278619
0.301088
0.293113
0.315043
0.317772
0.359159
0.336016
0.257916
0.293556
0.318530
0.272555
0.270226
0.280414
0.293548
0.290198
0.295145
0.350784
0.300998
0.247747
0.249429
0.237874
0.243081
0.246408
0.246113
0.259670
0.250070
0.234221
0.228167
0.251539
0.238942
0.226558
0.260113
0.269776
0.268939
0.251472
0.221046
0.218667
0.212678
0.210337
0.206502
0.243304
0.233225
0.255104
0.231100
0.226439
0.241447
0.233046
0.233158
0.245845
0.219461
0.236006
0.248842
0.253936
0.278554
0.270797
0.266773
0.299276
0.306137
0.291241
0.278405
0.281189
0.272781
0.289510
0.310276
0.296998
0.281207
0.323678
0.332112
0.319376
0.273962
0.272372
0.266937
0.267444
0.322493
0.277421
0.342838
0.273789
0.307192
0.268874
0.263553
0.267563
0.249141
0.274822
0.263470
0.271824
0.290185
0.274207
0.277939
0.270951
0.274355
0.278021
0.272570
0.271742
0.295127
0.275950
0.291275
0.281052
0.284894
0.273787
0.286234
0.289307
0.280842
0.282007
0.322498
0.274337
0.304783
0.290205
0.287347
0.282822
0.274337
0.282368
0.325814
0.286190
0.331687
0.273294
0.276349
0.276792
0.279143
0.279711
0.303085
0.276811
0.318934
0.283525
0.288293
0.286044
0.288749
0.293271
0.284685
0.284500
0.302095
0.311501
0.335373
0.308227
0.366502
0.389287
0.310175
0.365952
0.274405
0.280807
0.272673
0.258167
0.266435
0.259016
0.264818
0.316494
0.270664
0.353240
0.261904
0.268264
0.281698
0.279037
0.281881
0.280635
0.282681
0.362558
0.284041
0.350048
0.272989
0.321670
0.279437
0.281353
0.286452
0.285794
0.285491
0.341917
0.280688
0.361443
0.240208
0.237646
0.241884
0.227708
0.228663
0.235641
0.249959
0.262740
0.256891
0.267452
0.230817
0.231754
0.250480
0.253679
0.242763
0.263398
0.263356
0.291859
0.278967
0.254420
0.268582
0.251855
0.235793
0.226223
0.231001
0.233414
0.263036
0.253385
0.297446
0.226183
0.234466
0.238961
0.244336
0.262300
0.277115
0.244081
0.266282
0.259685
0.263393
0.262408
0.267260
0.272412
0.267659
0.273499
0.299467
0.268597
0.307461
0.270586
0.274183
0.271622
0.270461
0.277527
0.271075
0.275041
0.304472
0.276633
0.301824
0.280085
0.276759
0.278668
0.277561
0.274555
0.286603
0.277620
0.291886
0.279532
0.284170
0.274561
0.262556
0.286539
0.334424
0.296959
0.323631
0.353333
0.324626
0.400305
0.356515
0.306746
0.382832
0.400664
0.452829
0.393334
0.522774
0.418590
0.545049
0.499797
0.318859
0.288381
0.363529
0.306778
0.309241
0.351100
0.453054
0.480298
0.387310
0.486745
0.314429
0.276189
0.269603
0.263822
0.241971
0.261829
0.309892
0.264084
0.265258
0.320776
0.280265
0.293132
0.354664
0.262907
0.320138
0.296354
0.599641
0.712011
0.565170
0.562523
0.568173
0.551145
0.565540
0.543325
0.547486
0.490378
0.524034
0.574863
0.577508
0.455622
0.443403
0.395469
0.554623
0.584423
0.602937
0.525118
0.566552
0.602032
0.618133
0.543883
0.517220
0.511075
0.653592
0.613565
0.631543
0.585549
0.565940
0.537309
0.591310
0.570481
0.606011
0.569630
0.563442
0.550163
0.520896
0.498420
0.480587
0.539998
0.494300
0.696593
0.557275
0.646387
0.545763
0.551965
0.590072
0.530949
0.630298
0.554572
0.541912
0.434297
0.546557
0.624138
0.689128
0.720605
0.719491
0.685068
0.666063
0.697741
0.712880
0.645246
0.685314
0.579550
0.634363
0.567815
0.601060
0.666708
0.633332
0.659264
0.681001
0.545420
0.475297
0.540599
0.528585
0.450187
0.563623
0.553385
0.443046
0.575728
0.613300
0.620773
0.578576
0.602868
0.548658
0.539654
0.418300
0.599030
0.615392
0.578377
0.607923
0.603485
0.635030
0.613966
0.595314
0.637481
0.635103
0.672378
0.663555
0.723152
0.679816
0.724930
0.687154
0.676071
0.726863
0.717649
0.650902
0.606846
0.509731
0.581074
0.611183
0.532817
0.528927
0.622910
0.565595
0.428038
0.566676
0.581028
0.606900
0.563678
0.609141
0.544451
0.517059
0.379969
0.632421
0.659946
0.677426
0.644260
0.694729
0.692645
0.681155
0.642987
0.603418
0.647165
0.656221
0.608390
0.658730
0.647195
0.606846
0.656350
0.616866
0.636600
0.554988
0.568771
0.468784
0.543982
0.519709
0.428160
0.532650
0.540743
0.646181
0.600331
0.514560
0.653352
0.672021
0.701187
0.731049
0.714350
0.678990
0.665963
0.533125
0.708364
0.756191
0.760925
0.790998
0.794776
0.849611
0.790275
0.834052
0.746391
0.707250
0.747104
0.631371
0.679367
0.671463
0.615878
0.692330
0.721551
0.704116
0.549995
0.585132
0.459064
0.508684
0.452658
0.394930
0.524136
0.554565
0.571477
0.586015
0.566728
0.593294
0.596159
0.577156
0.602185
0.605905
0.580918
0.587025
0.600352
0.619891
0.626370
0.625745
0.605499
0.629917
0.595641
0.653116
0.641743
0.629092
0.594943
0.637752
0.617264
0.607153
0.634480
0.579432
0.614329
0.573057
0.591985
0.602244
0.603860
0.599913
0.614603
0.640140
0.635190
0.637598
0.603765
0.641632
0.610459
0.624187
0.602763
0.572615
0.597889
0.553496
0.575669
0.610608
0.601389
0.568560
0.572802
0.544266
0.531113
0.529460
0.530814
0.539746
0.531877
0.537752
0.539683
0.538926
0.567654
0.546664
0.563582
0.542674
0.603307
0.590458
0.643927
0.594570
0.639719
0.571969
0.548060
0.550076
0.561209
0.547874
0.543147
0.546179
0.553708
0.558667
0.564787
0.559260
0.534113
0.524018
0.526097
0.525423
0.537818
0.542863
0.531682
0.539466
0.520278
0.523897
0.523199
0.530910
0.530397
0.554824
0.559860
0.549959
0.553878
0.572280
0.609545
0.658371
0.616800
0.674535
0.655530
0.612242
0.700767
0.674613
0.641911
0.585827
0.608560
0.576082
0.580536
0.593124
0.604003
0.557370
0.558705
0.585533
0.610048
0.572670
0.571939
0.612330
0.584443
0.581302
0.589204
0.557053
0.586863
0.570946
0.602015
0.589797
0.614176
0.706316
0.645853
0.574680
0.578014
0.592869
0.554854
0.751213
0.768939
0.842432
0.762536
0.776089
0.743691
0.670613
0.872489
0.784890
0.722817
0.798513
0.869389
0.794808
0.630780
0.597963
0.621764
0.669685
0.602141
0.625936
0.538454
0.611524
0.535042
0.562381
0.603072
0.605828
0.622470
0.483702
0.506583
0.422097
0.370224
0.459515
0.507066
0.461378
0.507816
0.341882
0.459035
0.342873
0.469546
0.556450
0.457710
0.408312
0.535930
0.562931
0.586259
0.619940
0.617285
0.612554
0.540066
0.637694
0.546163
0.549650
0.525053
0.533729
0.521165
0.522507
0.533496
0.514943
0.508128
0.590810
0.535077
0.555232
0.537657
0.561990
0.508867
0.519517
0.513966
0.505385
0.521672
0.527699
0.538112
0.541271
0.671774
0.677437
0.649550
0.667423
0.722122
0.680937
0.705022
0.704467
0.607598
0.591475
0.553198
0.461613
0.476463
0.574041
0.551185
0.612684
0.612915
0.630488
0.462849
0.538148
0.524304
0.417241
0.518849
0.604950
0.551343
0.520585
0.555683
0.512607
0.506578
0.482405
0.380156
0.488790
0.452343
0.347218
0.588879
0.638263
0.611333
0.593768
0.597163
0.581443
0.531427
0.524732
0.531602
0.570749
0.529695
0.544062
0.534188
0.591273
0.577391
0.583729
0.664627
0.619596
0.733510
0.653291
0.612284
0.627156
0.553108
0.550421
0.573222
0.517047
0.505740
0.518994
0.569118
0.567568
0.580427
0.559931
0.584755
0.547435
0.573347
0.554376
0.503155
0.468568
0.493603
0.495325
0.529667
0.458019
0.465553
0.438437
0.367185
0.481343
0.516110
0.493004
0.540154
0.541739
0.461987
0.508526
0.443867
0.493021
0.447350
0.454577
0.514349
0.476353
0.557685
0.570758
0.569238
0.545427
0.560237
0.538652
0.578962
0.573868
0.659638
0.754466
0.778704
0.762838
0.740538
0.724014
0.715063
0.741304
0.657063
0.611032
0.691951
0.611164
0.659059
0.718144
0.563040
0.552586
0.549198
0.562387
0.574463
0.540447
0.555758
0.521043
0.542940
0.550570
0.496214
0.545886
0.537988
0.500469
0.493007
0.482607
0.437763
0.436068
0.444200
0.467640
0.535753
0.540373
0.542330
0.533514
0.556630
0.580438
0.578705
0.577718
0.569867
0.603580
0.631216
0.608272
0.630615
0.648634
0.757449
0.778916
0.747381
0.780387
0.749516
0.764699
0.860341
0.818854
0.904455
0.841736
0.823498
0.779393
0.823154
0.903208
0.849337
0.756809
0.805834
0.874068
0.824251
0.738008
0.684813
0.668852
0.692615
0.694942
0.365283
0.324667
0.274407
0.283632
0.294135
0.348069
0.352664
0.235676
0.252667
0.231278
0.249931
0.338051
0.258102
0.329198
0.292831
0.253440
0.248821
0.267209
0.243760
0.262081
0.291651
0.353263
0.302641
0.271454
0.336917
0.327754
0.361671
0.354111
0.397720
0.386705
0.573804
0.612867
0.529135
0.543391
0.625565
0.600363
0.556159
0.558781
0.533248
0.538807
0.589367
0.599294
0.553139
0.684661
0.556901
0.655769
0.665552
0.620161
0.644547
0.630114
0.648126
0.617770
0.638500
0.698713
0.666917
0.672770
0.392021
0.328922
0.310567
0.325171
0.342588
0.361608
0.434479
0.399159
0.455458
0.323770
0.326366
0.343929
0.379946
0.464253
0.371010
0.408538
0.376765
0.415727
0.309545
0.289878
0.298365
0.273754
0.299728
0.271958
0.278320
0.273015
0.295700
0.321950
0.316183
0.293304
0.335935
0.362892
0.592461
0.626882
0.612941
0.641455
0.668148
0.641758
0.630029
0.672419
0.574001
0.584564
0.676699
0.560251
0.705128
0.718052
0.604784
0.542737
0.551755
0.563737
0.559770
0.594548
0.595670
0.573724
0.572251
0.557667
0.530312
0.323613
0.294527
0.291329
0.294481
0.322744
0.288941
0.309978
0.341214
0.280403
0.277131
0.281431
0.298004
0.279543
0.275303
0.293683
0.272320
0.283393
0.273369
0.279072
0.284069
0.304307
0.268264
0.312069
0.279055
0.271678
0.284637
0.277135
0.272528
0.280376
0.292845
0.322953
0.280279
0.286533
0.358479
0.389972
0.793471
0.821295
0.879947
0.847480
0.878057
0.855420
0.881453
0.877164
0.855115
0.856368
0.846155
0.836802
0.808695
0.806397
0.802418
0.808173
0.837528
0.837717
0.832106
0.809666
0.746813
0.745196
0.818047
0.818744
0.783754
0.750396
0.732851
0.707583
0.701615
0.689230
0.405601
0.363963
0.308964
0.302939
0.327453
0.287180
0.307148
0.340648
0.323226
0.320827
0.320347
0.341863
0.315208
0.312489
0.356325
0.355968
0.300044
0.284515
0.294756
0.294251
0.374030
0.371675
0.334996
0.366467
0.376117
0.463709
0.447039
0.453691
0.344745
0.374842
0.414220
0.393031
0.371732
0.375497
0.372360
0.405951
0.445075
0.362979
0.444184
0.511957
0.528809
0.384189
0.341379
0.342384
0.452101
0.507336
0.422399
0.434279
0.499318
0.412071
0.392756
0.391037
0.526210
0.570260
0.570169
0.542642
0.577144
0.565719
0.583935
0.544738
0.574605
0.571533
0.521469
0.584313
0.537463
0.575064
0.546757
0.476796
0.507123
0.448688
0.381684
0.439111
0.358988
0.376961
0.344105
0.305894
0.417016
0.491596
0.447732
0.469461
0.424431
0.460628
0.468685
0.480632
0.470996
0.459300
0.456053
0.439927
0.444703
0.404840
0.445999
0.483279
0.442190
0.439267
0.385028
0.359076
0.431941
0.456315
0.494809
0.432179
0.504428
0.504262
0.499837
0.513931
0.502662
0.481111
0.425467
0.427827
0.491834
0.503281
0.512352
0.516302
0.508689
0.515924
0.528142
0.370698
0.361709
0.362326
0.334911
0.312964
0.298014
0.304636
0.359871
0.337138
0.328458
0.376177
0.363572
0.361017
0.337182
0.304400
0.369456
0.343495
0.346352
0.371653
0.385807
0.371594
0.338256
0.352361
0.341987
0.377331
0.381502
0.399166
0.388027
0.358635
0.401272
0.348648
0.398265
0.389372
0.371174
0.352047
0.361297
0.344137
0.372386
0.341092
0.318229
0.310165
0.341563
0.318192
0.335002
0.314789
0.297369
0.312598
0.300874
0.301764
0.303924
0.296626
0.292130
0.294259
0.297105
0.288860
0.319427
0.296516
0.292376
0.308946
0.409755
0.437304
0.393298
0.378423
0.392045
0.370263
0.331073
0.350530
0.329574
0.342672
0.332981
0.302394
0.310398
0.300860
0.313546
0.306693
0.319773
0.329248
0.331470
0.334312
0.316779
0.339891
0.341869
0.392429
0.421242
0.343718
0.442700
0.387548
0.366976
0.325873
0.362997
0.404697
0.350134
0.472549
0.455062
0.454027
0.456612
0.458622
0.427964
0.422320
0.414561
0.493927
0.448174
0.446407
0.425407
0.470113
0.401089
0.388564
0.435098
0.491393
0.433291
0.460749
0.493751
0.416630
0.436363
0.367430
0.385527
0.391281
0.391421
0.373444
0.343037
0.351473
0.312631
0.344899
0.346091
0.328385
0.331550
0.313849
0.316700
0.304594
0.309321
0.295813
0.302092
0.296768
0.286719
0.294369
0.277394
0.315504
0.279346
0.319203
0.277995
0.286229
0.305175
0.280673
0.277950
0.271587
0.268522
0.262611
0.283177
0.276121
0.296133
0.280762
0.280062
0.273279
0.292287
0.299588
0.314570
0.296682
0.300633
0.320677
0.325805
0.340320
0.333960
0.331488
0.347320
0.331811
0.366100
0.346046
0.351005
0.330685
0.338333
0.315156
0.294913
0.321567
0.310492
0.310890
0.306818
0.308549
0.384476
0.307130
0.342763
0.409983
0.393920
0.774673
0.787056
0.830907
0.796797
0.874248
0.874016
0.801488
0.750097
0.860342
0.906673
0.902033
0.944538
0.932050
0.870675
0.809751
0.818355
0.865419
0.801469
0.753193
0.734004
0.814045
0.826731
0.842136
0.651693
0.566055
0.578983
0.656182
0.608465
0.650431
0.651549
0.647454
0.629207
0.710378
0.604724
0.578459
0.572950
0.570022
0.588427
0.540030
0.583172
0.602180
0.594578
0.592616
0.602278
0.559746
0.548017
0.563413
0.572844
0.559349
0.549709
0.583139
0.584781
0.617825
0.609322
0.620247
0.605772
0.601257
0.611004
0.571157
0.592718
0.587315
0.504683
0.564429
0.537676
0.520756
0.563162
0.563617
0.563014
0.561920
0.571901
0.591049
0.579432
0.593950
0.609368
0.582184
0.545909
0.495778
0.504898
0.518931
0.494992
0.507518
0.499615
0.497932
0.507024
0.456885
0.468718
0.487174
0.482403
0.597061
0.649435
0.643975
0.552444
0.589764
0.644439
0.634276
0.572292
0.534490
0.582202
0.622037
0.601803
0.542908
0.568376
0.563716
0.543232
0.513532
0.520269
0.522046
0.631066
0.629518
0.636329
0.614041
0.583940
0.629420
0.677625
0.655151
0.687976
0.634775
0.611109
0.604138
0.604878
0.618117
0.585914
0.604387
0.587596
0.592310
0.623612
0.589798
0.570386
0.586937
0.604934
0.627306
0.570812
0.594270
0.609186
0.507517
0.553971
0.624799
0.617519
0.647351
0.647800
0.647303
0.657731
0.641699
0.644033
0.644177
0.643606
0.642785
0.650810
0.645681
0.672704
0.661613
0.656776
0.627619
0.663369
0.647585
0.647501
0.633773
0.641241
0.593397
0.588431
0.579407
0.585770
0.589356
0.598284
0.597945
0.576199
0.648380
0.583186
0.581202
0.591445
0.637579
0.591054
0.611670
0.666417
0.577920
0.724834
0.731440
0.663985
0.731716
0.788451
0.753926
0.811034
0.723114
0.716601
0.745363
0.759019
0.783543
0.821448
0.841100
0.843382
0.874145
0.831118
0.878368
0.910145
0.879970
0.911588
0.886760
0.850734
0.803371
0.733083
0.660234
0.745650
0.762732
0.757832
0.703938
0.599776
0.528315
0.510268
0.547489
0.556891
0.602207
0.576678
0.687129
0.580907
0.679439
0.531563
0.543109
0.593743
0.532083
0.541145
0.528291
0.533430
0.541688
0.544051
0.544358
0.570649
0.548013
0.578035
0.572380
0.627805
0.622920
0.604518
0.636492
0.611988
0.634390
0.616000
0.601288
0.585153
0.616269
0.707887
0.681157
0.708094
0.688539
0.677012
0.666564
0.660499
0.659159
0.576035
0.644548
0.637880
0.578760
0.656244
0.616833
0.598461
0.501335
0.581505
0.466151
0.612218
0.660270
0.637860
0.606989
0.573481
0.597833
0.558618
0.476879
0.540104
0.524103
0.469675
0.509656
0.488161
0.515172
0.360792
0.448324
0.455814
0.408484
0.395148
0.424751
0.375357
0.370290
0.450938
0.498511
0.489369
0.516442
0.391219
0.481586
0.484212
0.500176
0.434541
0.432274
0.453122
0.593333
0.555831
0.581161
0.775261
0.701529
0.686847
0.754264
0.675867
0.617762
0.643214
0.656347
0.626307
0.566962
0.662969
0.553436
0.638058
0.718026
0.774267
0.760963
0.741624
0.822215
0.830231
0.819853
0.826657
0.853469
0.823751
0.852760
0.786209
0.780136
0.769326
0.847961
0.741876
0.766380
0.778123
0.782878
0.796338
0.865538
0.887282
0.786476
0.828498
0.801857
0.856406
0.810713
0.807697
0.841637
0.832075
0.882353
0.878950
0.893068
0.878906
0.942389
0.919721
0.934927
0.864761
0.798614
0.782975
0.712422
0.795118
0.767957
0.795200
0.756819
0.784775
0.710833
0.722073
0.702625
0.639398
0.667419
0.699572
0.692435
0.640148
0.715491
0.797319
0.773224
0.733126
0.730949
0.720917
0.726462
0.724849
0.674813
0.748296
0.738256
0.715420
0.663371
0.727402
0.667471
0.583971
0.559175
0.484211
0.542109
0.470743
0.595776
0.601337
0.609590
0.554473
0.502807
0.409972
0.438581
0.447215
0.453608
0.470262
0.469094
0.434449
0.404832
0.419862
0.432642
0.423787
0.451891
0.340689
0.393710
0.392004
0.410312
0.494208
0.352414
0.490905
0.420013
0.457396
0.473789
0.541770
0.468720
0.538561
0.590580
0.621737
0.618871
0.613796
0.636715
0.621124
0.603847
0.644944
0.588164
0.466904
0.599985
0.663760
0.682720
0.663155
0.646978
0.635580
0.620298
0.637350
0.644540
0.624804
0.593770
0.625169
0.614054
0.609448
0.613050
0.600994
0.578132
0.586475
0.588970
0.583426
0.587060
0.612545
0.572027
0.570607
0.585178
0.590792
0.573142
0.569606
0.628468
0.605371
0.641627
0.601088
0.589388
0.696834
0.750170
0.733979
0.746513
0.694173
0.695192
0.832281
0.847229
0.851694
0.892895
0.781406
0.898381
0.925651
0.891989
0.945149
0.924806
0.844360
0.927773
0.929436
0.877928
0.875582
0.880060
0.894923
0.931299
0.947859
0.847438
0.846223
0.844969
0.874564
0.899224
0.858289
0.919219
0.959514
0.923394
0.963753
0.969851
0.966211
0.917404
0.872536
0.961113
0.960915
0.818616
0.849130
0.813443
0.792611
0.768392
0.728825
0.909131
0.941839
0.891600
0.858320
0.958398
0.864687
0.963267
0.946013
0.841258
0.886593
0.939548
0.776155
0.680849
0.673547
0.789947
0.733561
0.847998
0.835397
0.821638
0.931778
0.894889
0.949406
0.959470
0.960445
0.972105
0.956366
0.952163
0.844217
0.939783
0.847939
0.781622
0.728754
0.776829
0.859431
0.758849
0.893882
0.894939
0.808649
0.791037
0.901066
0.880365
0.897726
0.691385
0.668752
0.656629
0.607074
0.863102
0.890092
0.841596
0.903239
0.949126
0.943146
0.913487
0.931923
0.898444
0.937157
0.836374
0.733381
0.762111
0.790291
0.724398
0.753684
0.834826
0.885748
0.784622
0.857464
0.841734
0.911378
0.941033
0.839952
0.879587
0.885885
0.918219
0.843349
0.914732
0.731020
0.747915
0.707026
0.717151
0.793118
0.892748
0.931804
0.956333
0.940339
0.879287
0.903342
0.899890
0.946699
0.904242
0.950509
0.667565
0.817346
0.662656
0.611718
0.658813
0.622025
0.701221
0.940057
0.945635
0.955795
0.957221
0.965523
0.932283
0.920220
0.968621
0.970025
0.971287
0.957829
0.970051
0.947980
0.971178
0.947307
0.969632
0.967768
0.960277
0.944691
0.962728
0.967160
0.963022
0.935502
0.949500
0.936456
0.965712
0.971634
0.903549
0.897921
0.698113
0.690701
0.740902
0.967753
0.955149
0.982035
0.982283
0.977301
0.974997
0.954586
0.979655
0.974688
0.955248
0.978649
0.970473
0.976772
0.984638
0.982995
0.982570
0.984286
0.982624
0.987657
0.960137
0.987595
0.987710
0.922316
0.957949
0.974765
0.935523
0.881076
0.698024
0.715310
0.695379
0.944751
0.932104
0.961243
0.962277
0.966036
0.959592
0.960754
0.964670
0.958231
0.962712
0.945718
0.953661
0.956328
0.960493
0.961695
0.964680
0.971046
0.979231
0.966818
0.955777
0.972056
0.942233
0.972148
0.982014
0.954678
0.975308
0.961484
0.976113
0.981101
0.955723
0.900540
0.672299
0.638097
0.625247
0.956539
0.962915
0.967024
0.978795
0.979322
0.974590
0.973421
0.963662
0.973419
0.970202
0.972061
0.970999
0.972357
0.973945
0.973136
0.979799
0.974843
0.974384
0.972862
0.976552
0.979876
0.975041
0.960223
0.988965
0.988771
0.968423
0.941376
0.782210
0.804400
0.828302
0.746572
0.863509
0.850206
0.922756
0.921047
0.968248
0.948615
0.911904
0.931800
0.955608
0.938546
0.857853
0.919846
0.951786
0.859809
0.843270
0.838666
0.762551
0.777773
0.815658
0.885196
0.960848
0.950250
0.937128
0.847287
0.827262
0.894769
0.804211
0.797165
0.791840
0.797226
0.822193
0.821820
0.867913
0.875092
0.889572
0.802812
0.899044
0.911114
0.757684
0.731054
0.761287
0.660719
0.712012
0.782488
0.661473
0.868893
0.929920
0.908175
0.825478
0.897460
0.881005
0.823003
0.775921
0.718666
0.663217
0.584151
0.892717
0.885395
0.798291
0.920963
0.952829
0.912545
0.958582
0.937681
0.882694
0.889943
0.934144
0.885806
0.804249
0.794450
0.671907
0.669540
0.863764
0.812416
0.909382
0.936909
0.963388
0.919867
0.876312
0.923578
0.851588
0.931809
0.922427
0.962868
0.957620
0.725919
0.773434
0.707582
0.754480
0.735085
0.759420
0.811187
0.815762
0.923939
0.899529
0.922382
0.940956
0.840997
0.862980
0.796615
0.858718
0.891334
0.918565
0.750043
0.730359
0.732493
0.857319
0.714725
0.873667
0.833167
0.887401
0.929788
0.923524
0.900769
0.839265
0.905404
0.955962
0.934586
0.909984
0.722244
0.755834
0.640275
0.648858
0.686784
0.632116
0.631649
0.603725
0.943434
0.933199
0.960468
0.941411
0.965474
0.963938
0.953136
0.927010
0.969125
0.938705
0.961537
0.976648
0.978162
0.976576
0.963782
0.970754
0.967757
0.971908
0.972649
0.978403
0.983558
0.982821
0.974491
0.986860
0.985731
0.974851
0.982034
0.984523
0.978002
0.923041
0.950573
0.966577
0.970637
0.971004
0.969400
0.918114
0.907107
0.710388
0.679836
0.755347
0.957807
0.977804
0.983810
0.983347
0.978157
0.979762
0.977420
0.982567
0.973774
0.976263
0.976253
0.976699
0.943007
0.974044
0.963642
0.952680
0.984111
0.981261
0.979268
0.956562
0.978999
0.954213
0.931894
0.964647
0.948731
0.923287
0.962612
0.966500
0.987635
0.917029
0.910751
0.698114
0.682743
0.774182
0.925774
0.950186
0.937524
0.957291
0.960502
0.947810
0.953743
0.966004
0.966575
0.965816
0.954341
0.965434
0.966135
0.967131
0.960870
0.964988
0.957885
0.957792
0.935426
0.918944
0.959217
0.970304
0.958505
0.865973
0.920276
0.948890
0.942202
0.843028
0.684343
0.716622
0.956665
0.970368
0.980244
0.974119
0.977750
0.975774
0.966204
0.966133
0.960339
0.968954
0.961939
0.960018
0.955158
0.963840
0.965237
0.970574
0.950668
0.965056
0.955509
0.970505
0.907671
0.973934
0.959246
0.983659
0.954221
0.950274
0.909180
0.775390
0.745539
0.855629
0.805379
0.823373
0.835606
0.855698
0.939795
0.911409
0.956325
0.918955
0.957662
0.935243
0.866304
0.833868
0.920389
0.769873
0.755563
0.879793
0.909184
0.875981
0.937011
0.906341
0.945255
0.918408
0.963586
0.959736
0.927353
0.943100
0.866320
0.857426
0.934723
0.947685
0.846564
0.840712
0.810859
0.826416
0.764933
0.818521
0.908820
0.953975
0.934680
0.888413
0.960896
0.877649
0.811665
0.945228
0.957188
0.831493
0.695904
0.785984
0.646944
0.854914
0.760163
0.756398
0.824419
0.859355
0.896070
0.896676
0.947136
0.941105
0.876189
0.656505
0.794358
0.870113
0.953306
0.958489
0.965973
0.975043
0.968671
0.968110
0.965775
0.968030
0.971945
0.961505
0.966279
0.979695
0.974491
0.977527
0.930539
0.948806
0.857898
0.787472
0.941127
0.887818
0.908145
0.886451
0.903312
0.892724
0.966228
0.970936
0.967789
0.964282
0.976439
0.926813
0.895544
0.962632
0.925509
0.960539
0.951118
0.857015
0.826345
0.892876
0.822565
0.841390
0.956269
0.936831
0.961950
0.977981
0.973410
0.960060
0.963908
0.963284
0.964085
0.982578
0.964131
0.965612
0.940778
0.930987
0.907491
0.896532
0.850555
0.921962
0.959587
0.905090
0.905549
0.949790
0.966857
0.952913
0.954319
0.953281
0.959811
0.957892
0.907240
0.771251
0.768395
0.876182
0.842677
0.844842
0.923756
0.779518
0.757517
0.705617
0.774302
0.708772
0.696759
0.968960
0.977159
0.981459
0.991803
0.982680
0.989618
0.984045
0.982803
0.976484
0.975060
0.975742
0.965443
0.974656
0.975575
0.971192
0.976147
0.959431
0.976218
0.980503
0.974953
0.959113
0.980194
0.977248
0.942673
0.983276
0.944668
0.972538
0.974075
0.977398
0.976434
0.934730
0.887814
0.721393
0.745763
0.792431
0.708222
0.770862
0.739073
0.957197
0.970860
0.979947
0.979911
0.968044
0.980834
0.962469
0.975321
0.978654
0.980433
0.981534
0.972777
0.981804
0.978830
0.980398
0.975252
0.977428
0.980529
0.981333
0.977486
0.961272
0.978546
0.977358
0.979515
0.977607
0.974859
0.963386
0.977318
0.959298
0.921939
0.744981
0.719021
0.835938
0.729521
0.652275
0.965265
0.975296
0.987982
0.989096
0.988935
0.986912
0.980058
0.975463
0.989716
0.989352
0.974500
0.990684
0.980405
0.976010
0.989757
0.988580
0.990743
0.969151
0.988342
0.986516
0.974796
0.962129
0.987139
0.981536
0.988917
0.973484
0.946574
0.980570
0.969532
0.942602
0.904200
0.775581
0.723730
0.756896
0.970683
0.955603
0.976532
0.979728
0.977082
0.968730
0.974890
0.972371
0.982412
0.978422
0.978262
0.971779
0.979769
0.982402
0.979780
0.975784
0.975984
0.973290
0.950796
0.934307
0.922444
0.968661
0.968738
0.959024
0.917918
0.172472
0.188479
0.089889
0.073038
0.102182
0.071292
0.067593
0.067384
0.064377
0.062522
0.074354
0.078138
0.076341
0.072035
0.079061
0.069789
0.069241
0.064100
0.071788
0.065422
0.077324
0.076991
0.076453
0.079567
0.079755
0.082587
0.083417
0.083081
0.060996
0.065313
0.050180
0.050686
0.046108
0.046020
0.049774
0.063634
0.066659
0.058299
0.059537
0.053935
0.056190
0.063989
0.063483
0.054027
0.050058
0.068437
0.080833
0.084790
0.085098
0.092351
0.104928
0.088713
0.084904
0.073468
0.118470
0.100291
0.121087
0.098604
0.113523
0.103101
0.117728
0.148517
0.137736
0.122079
0.154250
0.076767
0.093252
0.064770
0.073869
0.067356
0.075938
0.078493
0.090726
0.113544
0.124217
0.112876
0.118879
0.163444
0.127191
0.107208
0.095921
0.142427
0.176367
0.168570
0.179284
0.174740
0.187063
0.174520
0.173483
0.170441
0.147750
0.212812
0.226528
0.198299
0.178764
0.184774
0.213224
0.256021
0.251797
0.268912
0.187539
0.125513
0.134796
0.104472
0.104816
0.097694
0.114276
0.120332
0.092813
0.112143
0.111056
0.083251
0.164448
0.133939
0.134361
0.156075
0.191225
0.119771
0.170613
0.108144
0.203303
0.181083
0.246495
0.219354
0.242441
0.265596
0.268234
0.215762
0.282158
0.281693
0.262010
0.264747
0.222229
0.187856
0.200083
0.157512
0.177511
0.139841
0.180699
0.135679
0.107766
0.185149
0.190242
0.197932
0.130257
0.098283
0.115467
0.091940
0.082184
0.070303
0.064161
0.092239
0.103221
0.108221
0.088415
0.096273
0.067333
0.069328
0.070708
0.070545
0.071237
0.086100
0.072778
0.068023
0.069649
0.064511
0.065234
0.063469
0.060290
0.064754
0.065494
0.067770
0.070548
0.074085
0.066734
0.060350
0.063738
0.074109
0.076709
0.069113
0.063532
0.057710
0.065379
0.057765
0.051764
0.053776
0.076566
0.081717
0.091625
0.109392
0.110042
0.107622
0.119733
0.093665
0.076196
0.139361
0.119808
0.122861
0.126263
0.122604
0.132796
0.118425
0.131107
0.147432
0.130120
0.116469
0.107085
0.097547
0.088924
0.096491
0.095402
0.111348
0.108382
0.116235
0.101900
0.107612
0.106955
0.097299
0.111016
0.122709
0.115681
0.106454
0.112234
0.098880
0.088419
0.092164
0.099945
0.098710
0.218118
0.211367
0.186289
0.203547
0.202769
0.242825
0.258846
0.165764
0.152276
0.156788
0.164035
0.175466
0.194234
0.134674
0.128387
0.136241
0.121023
0.106600
0.128262
0.107135
0.101767
0.165654
0.183994
0.181982
0.191999
0.167267
0.143697
0.127126
0.141275
0.130807
0.150509
0.108498
0.109003
0.138904
0.177534
0.126785
0.107252
0.088457
0.095899
0.089065
0.073413
0.178667
0.205396
0.160735
0.156423
0.195700
0.182311
0.138436
0.136987
0.106014
0.129248
0.117041
0.240507
0.221901
0.211361
0.227418
0.247077
0.253197
0.214495
0.189908
0.223125
0.253810
0.217008
0.247627
0.203484
0.187006
0.170484
0.185270
0.158466
0.147901
0.129974
0.121408
0.104374
0.140491
0.128041
0.170356
0.149025
0.068384
0.092804
0.078445
0.095129
0.072974
0.103893
0.165902
0.117193
0.083262
0.080606
0.116287
0.100044
0.137008
0.142890
0.107402
0.158220
0.187644
0.177575
0.184829
0.074227
0.067236
0.065273
0.068928
0.062260
0.058481
0.060452
0.068251
0.053867
0.061867
0.055449
0.068431
0.065260
0.063894
0.072950
0.098223
0.057278
0.103071
0.059332
0.060382
0.110607
0.164549
0.198963
0.180407
0.157134
0.141479
0.168196
0.145228
0.084359
0.087585
0.075553
0.065400
0.096681
0.123160
0.081804
0.069430
0.069955
0.059017
0.057961
0.059075
0.059518
0.090212
0.098643
0.095677
0.087600
0.091938
0.087504
0.096571
0.107096
0.095660
0.091074
0.090697
0.087559
0.089197
0.093298
0.095789
0.099797
0.098975
0.100031
0.115004
0.102344
0.094447
0.089692
0.100999
0.096925
0.096392
0.102796
0.108520
0.105642
0.111559
0.112711
0.106656
0.099475
0.100809
0.092797
0.096652
0.090914
0.086494
0.087254
0.083553
0.086683
0.087446
0.083275
0.089956
0.094975
0.084666
0.083867
0.086897
0.083845
0.091267
0.084505
0.085046
0.082033
0.081240
0.083276
0.086376
0.085430
0.127683
0.141878
0.135234
0.122149
0.138079
0.124049
0.149489
0.168913
0.153106
0.125634
0.135053
0.118893
0.116257
0.137495
0.160539
0.174944
0.157263
0.171445
0.194772
0.181429
0.120706
0.109324
0.114115
0.103675
0.120474
0.120113
0.108716
0.102791
0.120473
0.127274
0.127983
0.134274
0.098008
0.095515
0.091403
0.091578
0.102939
0.097389
0.098570
0.092438
0.089992
0.094202
0.090246
0.087587
0.108401
0.112017
0.111496
0.109657
0.130920
0.117150
0.118426
0.108789
0.104356
0.110673
0.108145
0.104110
0.155969
0.155487
0.162490
0.157718
0.167430
0.167929
0.160470
0.162962
0.152002
0.150437
0.170183
0.170271
0.175401
0.178805
0.172604
0.172278
0.159718
0.150659
0.169694
0.152969
0.165666
0.172047
0.165093
0.151587
0.183336
0.192676
0.184544
0.179557
0.143064
0.138333
0.130421
0.129610
0.142442
0.139716
0.139039
0.128669
0.122548
0.132320
0.122975
0.119484
0.143905
0.149958
0.141785
0.145909
0.155807
0.147006
0.140404
0.135641
0.139450
0.120198
0.115131
0.119312
0.125383
0.122635
0.127422
0.117670
0.113263
0.120273
0.122991
0.124268
0.128535
0.127880
0.126943
0.124847
0.126458
0.130329
0.123172
0.114681
0.118801
0.123018
0.129174
0.123351
0.129005
0.126433
0.126340
0.121218
0.120716
0.128099
0.132311
0.132176
0.132477
0.123366
0.134559
0.125006
0.132480
0.132632
0.138610
0.151730
0.143538
0.149280
0.166502
0.137939
0.127138
0.134088
0.136751
0.152159
0.152742
0.122447
0.133555
0.130153
0.155032
0.166415
0.141516
0.171676
0.175967
0.144564
0.149982
0.150632
0.140939
0.133460
0.131629
0.138073
0.149225
0.133489
0.122315
0.126707
0.125442
0.121964
0.119448
0.128013
0.129366
0.119758
0.133058
0.150613
0.140009
0.116721
0.117516
0.113298
0.114397
0.112521
0.110926
0.111154
0.113124
0.110519
0.111521
0.111918
0.112488
0.115548
0.116246
0.117899
0.117396
0.120678
0.116796
0.120462
0.117244
0.117779
0.120721
0.118331
0.118174
0.125626
0.129915
0.128862
0.130031
0.140903
0.134676
0.133931
0.130683
0.128259
0.128830
0.129309
0.126491
0.154129
0.145076
0.160452
0.149472
0.163611
0.166141
0.160007
0.162683
0.152582
0.152180
0.164844
0.168518
0.171505
0.169272
0.169849
0.169732
0.158479
0.151625
0.156225
0.149147
0.159575
0.158887
0.153728
0.150455
0.157941
0.160277
0.161383
0.164977
0.146763
0.142243
0.139069
0.136684
0.144005
0.142504
0.134723
0.133615
0.128849
0.125496
0.131232
0.131271
0.142090
0.137576
0.182318
0.148344
0.136313
0.125830
0.120607
0.174333
0.166688
0.463571
0.489356
0.422436
0.418054
0.419859
0.470499
0.483520
0.484210
0.401584
0.447319
0.471372
0.462059
0.481969
0.481540
0.485449
0.482425
0.499732
0.501625
0.498498
0.505857
0.512141
0.535323
0.558535
0.504653
0.522941
0.547131
0.625213
0.532658
0.526681
0.506402
0.559875
0.612733
0.568497
0.568463
0.618239
0.606241
0.620561
0.604665
0.609599
0.623154
0.651978
0.623825
0.744851
0.663836
0.682397
0.599451
0.632182
0.619231
0.704659
0.591552
0.570852
0.574971
0.612277
0.542099
0.540087
0.532103
0.545571
0.562171
0.589557
0.634631
0.568089
0.646371
0.730290
0.656408
0.551833
0.552852
0.528023
0.539456
0.522343
0.529700
0.552009
0.534544
0.540008
0.517585
0.529938
0.521406
0.536004
0.518740
0.579184
0.593618
0.573733
0.540982
0.562792
0.566385
0.522443
0.516705
0.524261
0.525662
0.511895
0.502512
0.504574
0.514724
0.513955
0.498776
0.512658
0.562948
0.571825
0.558541
0.507940
0.504328
0.507827
0.530085
0.519661
0.527782
0.519216
0.551338
0.588834
0.513863
0.532706
0.514941
0.532807
0.513881
0.542296
0.541507
0.518234
0.521163
0.565289
0.563458
0.543203
0.540000
0.592474
0.592703
0.542127
0.593596
0.575282
0.582498
0.705795
0.703131
0.593340
0.562688
0.640500
0.584163
0.586569
0.551543
0.589262
0.563395
0.564395
0.635223
0.587293
0.558240
0.602043
0.699464
0.706095
0.714310
0.691798
0.611905
0.604975
0.709471
0.584322
0.609250
0.572399
0.545213
0.570079
0.533102
0.522812
0.531104
0.566377
0.607291
0.669942
0.627701
0.672119
0.606322
0.655341
0.713107
0.514858
0.518647
0.490306
0.504740
0.494234
0.498704
0.518856
0.500386
0.490643
0.507938
0.583333
0.593376
0.528912
0.603435
0.505680
0.477432
0.507976
0.487458
0.494022
0.516178
0.512960
0.525652
0.538284
0.624544
0.581086
0.514410
0.470216
0.491628
0.623058
