0.170936
0.205992
0.116946
0.149720
0.158649
0.180570
0.197738
0.167029
0.137017
0.156872
0.166843
0.150535
0.139701
0.177695
0.175533
0.188693
0.210128
0.186789
0.111197
0.176352
0.173412
0.112693
0.182415
0.189641
0.168502
0.195890
0.198100
0.200969
0.193685
0.194179
0.137947
0.143829
0.134936
0.133594
0.138415
0.136552
0.125773
0.119644
0.114526
0.115667
0.124136
0.124091
0.118519
0.111273
0.108054
0.127249
0.129961
0.116346
0.108561
0.122915
0.126719
0.135315
0.138466
0.130101
0.136423
0.121680
0.116958
0.101480
0.123661
0.109775
0.106748
0.132859
0.130838
0.112607
0.117497
0.134637
0.143066
0.159756
0.126667
0.159047
0.146315
0.172436
0.184627
0.203645
0.186310
0.179485
0.204079
0.200785
0.195272
0.186829
0.144132
0.154780
0.167318
0.142912
0.178994
0.160428
0.134008
0.139369
0.131637
0.109782
0.112156
0.115043
0.143183
0.150514
0.112010
0.120661
0.097071
0.096214
0.095754
0.095952
0.101959
0.103635
0.096114
0.096617
0.095916
0.095755
0.100151
0.103304
0.099450
0.111191
0.111275
0.102537
0.104805
0.113348
0.105489
0.115944
0.090709
0.090885
0.085312
0.091958
0.093458
0.089120
0.084146
0.085998
0.086055
0.079863
0.077805
0.082949
0.084393
0.082831
0.096128
0.082986
0.091803
0.063282
0.050851
0.051669
0.061876
0.038291
0.039046
0.042520
0.051282
0.063447
0.086587
0.075986
0.074518
0.085741
0.079191
0.092101
0.074434
0.057666
0.086850
0.090972
0.074172
0.055505
0.043077
0.036055
0.041350
0.036480
0.039771
0.043271
0.030189
0.028482
0.046312
0.036456
0.047286
0.037841
0.028522
0.031907
0.054780
0.057710
0.062482
0.084939
0.083494
0.085226
0.060111
0.059632
0.086244
0.090700
0.093278
0.084230
0.085400
0.094765
0.077795
0.075474
0.073180
0.084868
0.092433
0.115397
0.101409
0.103506
0.112484
0.098792
0.107019
0.099147
0.092164
0.115050
0.102816
0.087646
0.081854
0.083118
0.085737
0.074170
0.084223
0.068598
0.065266
0.068213
0.071648
0.063244
0.062761
0.077518
0.083237
0.084648
0.067266
0.070328
0.072812
0.071812
0.082848
0.072942
0.067538
0.068849
0.064108
0.074324
0.081081
0.167204
0.160861
0.175736
0.181454
0.165055
0.176273
0.197957
0.200982
0.161308
0.174414
0.183240
0.168666
0.194215
0.176297
0.159961
0.161852
0.151321
0.129476
0.138220
0.141001
0.162600
0.152813
0.143331
0.136963
0.160007
0.170323
0.162928
0.170005
0.142832
0.150827
0.132830
0.157247
0.124788
0.112875
0.178363
0.155436
0.246082
0.228800
0.247366
0.233419
0.205076
0.219313
0.213622
0.219039
0.205992
0.200440
0.212168
0.218623
0.210299
0.176496
0.175671
0.186868
0.143430
0.168844
0.150538
0.133650
0.142861
0.175761
0.151926
0.177396
0.167784
0.179889
0.079712
0.073058
0.076720
0.089008
0.084793
0.109245
0.072622
0.078057
0.075927
0.082009
0.073080
0.109621
0.104670
0.113260
0.120440
0.094913
0.073999
0.115064
0.088355
0.107185
0.118146
0.120037
0.113770
0.077189
0.087006
0.084287
0.081731
0.079224
0.073489
0.083290
0.103560
0.071076
0.116021
0.114112
0.270438
0.303495
0.271618
0.263913
0.300013
0.293968
0.278193
0.239290
0.241380
0.218931
0.195549
0.241262
0.251556
0.241495
0.226847
0.214221
0.222989
0.189390
0.182275
0.085231
0.095574
0.101046
0.095744
0.072318
0.053874
0.062243
0.050130
0.063570
0.068536
0.093532
0.111933
0.126929
0.107280
0.146638
0.137266
0.146152
0.157330
0.170094
0.194056
0.175139
0.175058
0.196320
0.267034
0.273657
0.265809
0.264384
0.248418
0.272132
0.267093
0.262306
0.264133
0.250212
0.249069
0.241351
0.243689
0.240943
0.256408
0.273205
0.249295
0.234360
0.267733
0.263031
0.262823
0.271094
0.267653
0.223898
0.272144
0.140117
0.132542
0.110718
0.090224
0.132164
0.088625
0.122144
0.130331
0.116734
0.122207
0.119117
0.171714
0.154935
0.162040
0.165139
0.149513
0.188271
0.161757
0.184247
0.191616
0.163499
0.196135
0.214891
0.211330
0.231963
0.264030
0.288288
0.224658
0.255633
0.221824
0.217276
0.233643
0.217613
0.247168
0.264506
0.246374
0.325475
0.248646
0.339596
0.287985
0.303518
0.268097
0.247426
0.383658
0.408896
0.388009
0.444976
0.420627
0.387320
0.393079
0.476710
0.525024
0.391256
0.355575
0.368792
0.357278
0.287837
0.305835
0.336102
0.353071
0.296474
0.367940
0.336242
0.329104
0.304391
0.254732
0.380154
0.359693
0.360956
0.294200
0.237995
0.326724
0.348032
0.209998
0.359234
0.273849
0.286569
0.286918
0.284644
0.301818
0.308801
0.329341
0.226243
0.178086
0.185866
0.188084
0.177428
0.158561
0.153820
0.154218
0.185580
0.152079
0.201918
0.378882
0.304041
0.337530
0.298857
0.349438
0.350136
0.243889
0.229540
0.215760
0.193454
0.224279
0.197979
0.225873
0.175005
0.199303
0.314529
0.387300
0.313659
0.267297
0.270039
0.256868
0.273152
0.280387
0.267442
0.333244
0.366886
0.360405
0.314976
0.303729
0.296635
0.294734
0.303294
0.361984
0.325658
0.427587
0.366991
0.441439
0.372508
0.434488
0.310779
0.303919
0.340747
0.238103
0.175738
0.172689
0.139106
0.165326
0.158738
0.178442
0.160066
0.210407
0.183273
0.162892
0.187532
0.150343
0.161350
0.125252
0.144621
0.175469
0.136983
0.139792
0.161477
0.122868
0.105694
0.089349
0.083464
0.112126
0.142042
0.083622
0.097645
0.134605
0.090214
0.092086
0.089185
0.088242
0.125878
0.102654
0.097388
0.087771
0.114131
0.105438
0.096360
0.139939
0.165473
0.219327
0.245481
0.277689
0.284957
0.256473
0.240084
0.240978
0.222115
0.227713
0.177606
0.149647
0.148702
0.134010
0.135116
0.129612
0.119370
0.082938
0.105802
0.186683
0.135329
0.123755
0.154641
0.120998
0.157965
0.158378
0.145306
0.206651
0.188957
0.149836
0.132691
0.135836
0.153341
0.143360
0.149137
0.109381
0.143592
0.162878
0.131082
0.117682
0.123231
0.090724
0.130217
0.125965
0.137466
0.120600
0.128172
0.117643
0.158748
0.145916
0.140328
0.175493
0.231065
0.254230
0.283006
0.231030
0.247400
0.243832
0.238140
0.275066
0.226404
0.247725
0.282447
0.271643
0.281482
0.324823
0.363955
0.442711
0.463252
0.312502
0.316283
0.339076
0.305583
0.347637
0.314774
0.275121
0.266627
0.290475
0.288886
0.338248
0.362916
0.410983
0.311395
0.351674
0.284000
0.298233
0.271621
0.247264
0.244438
0.254036
0.367382
0.259581
0.308720
0.465196
0.366487
0.350888
0.382375
0.370119
0.551012
0.504052
0.323377
0.262954
0.221344
0.259012
0.244625
0.383844
0.329060
0.384602
0.488786
0.239482
0.179023
0.344037
0.164766
0.165544
0.177551
0.226603
0.176121
0.198801
0.185820
0.188564
0.186444
0.174158
0.208510
0.179275
0.235008
0.252645
0.237329
0.288513
0.265134
0.534082
0.368530
0.344790
0.510437
0.313413
0.396055
0.277621
0.352495
0.191558
0.297276
0.228167
0.222982
0.315159
0.282016
0.473882
0.438369
0.356721
0.300763
0.283509
0.244807
0.284614
0.225345
0.208932
0.309338
0.257176
0.280621
0.267745
0.262982
0.213470
0.198136
0.198510
0.217660
0.261367
0.265705
0.201977
0.236613
0.209093
0.252717
0.240356
0.309742
0.400830
0.295474
0.482494
0.368625
0.301463
0.287690
0.257790
0.326994
0.275905
0.232635
0.256941
0.261181
0.316305
0.275053
0.382733
0.484727
0.367389
0.481116
0.301872
0.390412
0.422370
0.435358
0.380213
0.374838
0.316831
0.392785
0.356601
0.233456
0.228307
0.223993
0.283935
0.335564
0.188066
0.168647
0.131209
0.236572
0.188565
0.158438
0.130838
0.116435
0.111377
0.111474
0.099387
0.122813
0.157500
0.166523
0.193794
0.318897
0.248264
0.384947
0.274385
0.297171
0.247783
0.278886
0.251979
0.225101
0.244791
0.232685
0.190776
0.195281
0.198738
0.196789
0.210599
0.203232
0.198251
0.235225
0.179858
0.303190
0.401098
0.291196
0.107458
0.148825
0.118364
0.115128
0.182649
0.095299
0.108143
0.129750
0.136088
0.141856
0.179143
0.179441
0.189636
0.190560
0.193712
0.193518
0.137245
0.188405
0.201874
0.202131
0.166998
0.153518
0.163778
0.211901
0.145436
0.206725
0.141220
0.212786
0.181369
0.258790
0.278960
0.280238
0.319397
0.314073
0.270523
0.350653
0.343425
0.212680
0.153690
0.256745
0.182495
0.116211
0.128495
0.231646
0.187559
0.176462
0.211606
0.204344
0.213982
0.265358
0.291203
0.359388
0.382505
0.246228
0.330550
0.358619
0.207182
0.244703
0.148955
0.163601
0.178346
0.160073
0.180612
0.224172
0.126402
0.141727
0.112290
0.129179
0.093325
0.122829
0.150184
0.159168
0.169354
0.188070
0.197229
0.169816
0.159681
0.170286
0.211931
0.227210
0.251897
0.364411
0.456964
0.472932
0.457564
0.465284
0.481697
0.406075
0.472925
0.303658
0.315021
0.320228
0.335171
0.366941
0.374861
0.416193
0.335666
0.322157
0.295705
0.297164
0.274099
0.310030
0.355500
0.373260
0.320453
0.389009
0.364658
0.380315
0.320974
0.364680
0.506019
0.403140
0.497331
0.422994
0.490025
0.451819
0.435684
0.460688
0.425808
0.432639
0.390088
0.428079
0.383748
0.395773
0.443980
0.463468
0.388020
0.430393
0.309630
0.345021
0.361808
0.289299
0.368589
0.458898
0.459540
0.386446
0.389338
0.516582
0.393805
0.428700
0.381382
0.434784
0.389302
0.471831
0.447146
0.375303
0.435128
0.359430
0.375192
0.349979
0.380500
0.329766
0.422696
0.392381
0.394771
0.512762
0.462220
0.384613
0.235238
0.178872
0.169974
0.250459
0.166241
0.144539
0.191194
0.159639
0.162184
0.244955
0.280209
0.281710
0.265148
0.281252
0.333452
0.336343
0.297197
0.361015
0.404371
0.336382
0.378554
0.204683
0.341469
0.251394
0.331333
0.180924
0.183888
0.205159
0.154936
0.156752
0.159549
0.156904
0.233825
0.163583
0.161748
0.344184
0.411721
0.378617
0.402362
0.432825
0.372849
0.286241
0.278692
0.248795
0.254721
0.331300
0.387106
0.387232
0.445292
0.390474
0.441816
0.387556
0.397109
0.415050
0.556804
0.403702
0.514702
0.521680
0.410294
0.401339
0.372137
0.112735
0.110013
0.067779
0.083448
0.090033
0.076372
0.089906
0.083011
0.071316
0.079979
0.085168
0.098986
0.112358
0.114230
0.113206
0.080415
0.112529
0.129308
0.079928
0.086085
0.137278
0.348405
0.178993
0.284305
0.220606
0.324922
0.241331
0.185432
0.086730
0.103076
0.121818
0.140195
0.069537
0.069514
0.096491
0.113773
0.069360
0.059151
0.066320
0.074433
0.066982
0.067691
0.103516
0.078744
0.082927
0.144326
0.069265
0.060696
0.095621
0.090274
0.060327
0.049368
0.054776
0.066297
0.049485
0.065887
0.073238
0.065855
0.072330
0.064067
0.085814
0.085893
0.079134
0.078076
0.081822
0.075189
0.088074
0.078148
0.068498
0.068835
0.065514
0.054318
0.058530
0.042590
0.042816
0.045241
0.070312
0.062574
0.103362
0.375395
0.367695
0.401283
0.434990
0.423942
0.474459
0.453726
0.351381
0.309503
0.359996
0.320875
0.304116
0.110356
0.088959
0.095877
0.078714
0.082857
0.127328
0.299665
0.152926
0.133253
0.271885
0.292388
0.207358
0.099114
0.114853
0.167923
0.073995
0.088685
0.158833
0.141938
0.151654
0.175257
0.153947
0.155095
0.165497
0.173582
0.190590
0.148431
0.164042
0.194998
0.157028
0.201641
0.263404
0.330922
0.259852
0.303944
0.246720
0.302605
0.215397
0.155665
0.151458
0.125643
0.134153
0.148959
0.107049
0.119816
0.114831
0.115717
0.128804
0.131122
0.138024
0.177506
0.139230
0.163372
0.159151
0.158690
0.219836
0.151971
0.274074
0.183497
0.193746
0.200167
0.195498
0.176686
0.182589
0.267541
0.215231
0.207889
0.208019
0.206346
0.275535
0.518604
0.376169
0.487928
0.383043
0.384754
0.463728
0.415610
0.287809
0.264170
0.277004
0.251355
0.274281
0.275047
0.247390
0.214779
0.226289
0.230556
0.230339
0.238375
0.241474
0.285109
0.378419
0.436544
0.361242
0.463925
0.320686
0.313914
0.344546
0.394473
0.274927
0.264286
0.246400
0.267508
0.238401
0.216049
0.359420
0.272327
0.350862
0.406354
0.263369
0.273016
0.271359
0.259135
0.256023
0.247910
0.230369
0.257088
0.225303
0.240351
0.237540
0.211115
0.246671
0.234584
0.244162
0.257739
0.229808
0.268455
0.318740
0.370382
0.438698
0.410510
0.371117
0.438880
0.379379
0.417414
0.401243
0.418430
0.260452
0.289837
0.347060
0.249862
0.281356
0.310520
0.383052
0.190639
0.216318
0.161523
0.252441
0.115773
0.119100
0.108223
0.146254
0.108199
0.117913
0.129784
0.271546
0.183709
0.324053
0.366524
0.292091
0.234630
0.265510
0.364905
0.198994
0.211959
0.227849
0.214629
0.243489
0.222190
0.183032
0.203048
0.177087
0.209147
0.271999
0.389905
0.092215
0.094905
0.092349
0.064799
0.037163
0.038575
0.049119
0.053587
0.071619
0.113097
0.095015
0.123675
0.119600
0.164945
0.083676
0.110998
0.130148
0.123751
0.118000
0.159140
0.264272
0.325781
0.120998
0.187665
0.254832
0.097548
0.140496
0.113264
0.207922
0.256082
0.259677
0.224431
0.244867
0.274123
0.274172
0.260743
0.279234
0.323104
0.226095
0.257332
0.147190
0.137948
0.132291
0.135323
0.143023
0.115475
0.126863
0.133837
0.231490
0.310457
0.261404
0.202032
0.258911
0.280050
0.327079
0.317999
0.378976
0.338362
0.293842
0.381492
0.370701
0.391302
0.427525
0.407902
0.399348
0.359180
0.376672
0.270663
0.117467
0.073686
0.093007
0.113934
0.107335
0.122090
0.223327
0.269528
0.121152
0.163852
0.118198
0.115078
0.069095
0.236578
0.241158
0.285897
0.296320
0.232695
0.271764
0.286161
0.348236
0.340143
0.301219
0.309863
0.280836
0.258780
0.226448
0.202510
0.281261
0.243372
0.223650
0.345092
0.354363
0.348093
0.354423
0.395203
0.407875
0.408107
0.399630
0.392977
0.318361
0.405653
0.356349
0.319757
0.309352
0.349063
0.297184
0.296531
0.327817
0.283031
0.335402
0.356017
0.388753
0.374991
0.382440
0.349917
0.387826
0.306172
0.337698
0.384037
0.388057
0.234661
0.304206
0.352077
0.205415
0.242743
0.177980
0.177539
0.235461
0.192355
0.255188
0.319443
0.369882
0.306683
0.297854
0.389946
0.414665
0.218697
0.222467
0.290125
0.370755
0.338843
0.391040
0.350848
0.363269
0.367502
0.390412
0.399909
0.407373
0.515349
0.403542
0.416063
0.467700
0.399567
0.438345
0.427853
0.401691
0.404837
0.505296
0.389018
0.437312
0.414317
0.393189
0.426222
0.386605
0.362377
0.359902
0.338604
0.411289
0.379180
0.327479
0.351353
0.342553
0.382637
0.439895
0.398900
0.407351
0.376052
0.151249
0.156632
0.148922
0.143316
0.126961
0.143689
0.125737
0.126924
0.145021
0.181068
0.136986
0.160992
0.138937
0.175601
0.169443
0.184623
0.256393
0.201912
0.259698
0.217407
0.257482
0.199893
0.204544
0.207913
0.251593
0.251894
0.278901
0.291451
0.284555
0.277885
0.232847
0.227180
0.289346
0.260985
0.216604
0.227805
0.208471
0.200636
0.226857
0.248521
0.320100
0.212399
0.257848
0.328570
0.392068
0.469548
0.390866
0.498010
0.274296
0.303148
0.289240
0.262838
0.245436
0.228109
0.261500
0.238016
0.223710
0.261413
0.247636
0.279346
0.284274
0.263428
0.260459
0.297626
0.281149
0.285540
0.303482
0.292910
0.341655
0.295518
0.289754
0.337735
0.381336
0.551110
0.441813
0.396936
0.361984
0.456657
0.303379
0.335470
0.202616
0.219841
0.200888
0.209733
0.291810
0.195990
0.196190
0.184971
0.216322
0.145338
0.138902
0.157919
0.164713
0.146824
0.166384
0.181692
0.177669
0.256794
0.239282
0.205710
0.332619
0.284678
0.310660
0.357410
0.328314
0.299135
0.314234
0.347745
0.329505
0.370475
0.480189
0.399262
0.395382
0.471115
0.385921
0.425583
0.418260
0.433943
0.336101
0.412566
0.393707
0.387050
0.420134
0.419530
0.380796
0.390930
0.362022
0.397640
0.441999
0.454887
0.389028
0.408738
0.391312
0.365786
0.387068
0.350752
0.354827
0.235975
0.245828
0.278411
0.215796
0.304347
0.386604
0.438204
0.387593
0.475918
0.374944
0.319813
0.390705
0.429003
0.399153
0.396489
0.354459
0.437205
0.450559
0.250173
0.274625
0.289984
0.266898
0.302043
0.236987
0.268800
0.232955
0.240451
0.326261
0.361809
0.414578
0.390057
0.399063
0.411206
0.365820
0.375952
0.405993
0.384994
0.366536
0.389116
0.387815
0.242682
0.251287
0.206252
0.224528
0.193760
0.277111
0.200558
0.251580
0.199192
0.312623
0.217181
0.201464
0.176091
0.167465
0.227111
0.223308
0.199438
0.257577
0.243469
0.231125
0.188722
0.200598
0.194507
0.199910
0.202185
0.181291
0.184938
0.202174
0.201078
0.201548
0.177100
0.164443
0.076183
0.087667
0.083748
0.070523
0.079812
0.079704
0.077759
0.080938
0.064658
0.057851
0.063506
0.058361
0.050717
0.053226
0.041349
0.067671
0.079940
0.061561
0.098647
0.091219
0.102616
0.145203
0.151858
0.160209
0.150478
0.144350
0.152583
0.134304
0.139195
0.141465
0.136174
0.134490
0.133301
0.121258
0.115735
0.134696
0.133324
0.114752
0.129389
0.132513
0.118241
0.126267
0.159249
0.146576
0.136932
0.140488
0.109276
0.101264
0.119238
0.097999
0.101159
0.103042
0.101991
0.099730
0.105026
0.109552
0.102653
0.102076
0.107879
0.098057
0.117838
0.117258
0.128403
0.126044
0.131360
0.136930
0.148041
0.141244
0.137638
0.118936
0.123748
0.130703
0.112502
0.117366
0.096851
0.106049
0.124320
0.133073
0.117290
0.127709
0.127740
0.130979
0.129298
0.128840
0.126826
0.128431
0.125583
0.125361
0.127324
0.131606
0.132642
0.133791
0.130973
0.130881
0.127830
0.136227
0.134753
0.131700
0.126535
0.160311
0.190789
0.174008
0.188567
0.178515
0.153271
0.147610
0.141129
0.121472
0.142362
0.056693
0.069608
0.067054
0.054263
0.060241
0.059210
0.054132
0.055078
0.051073
0.035265
0.041853
0.042859
0.038058
0.044256
0.036106
0.043184
0.059296
0.033150
0.076206
0.068542
0.130569
0.124347
0.140871
0.172508
0.206255
0.150041
0.205971
0.172958
0.123076
0.123817
0.122246
0.135975
0.133594
0.129380
0.128115
0.127829
0.129364
0.118824
0.120206
0.116911
0.113151
0.108724
0.106713
0.091628
0.091077
0.097459
0.100556
0.093512
0.112958
0.113204
0.119718
0.105081
0.098091
0.085095
0.087875
0.092231
0.082129
0.087633
0.077320
0.082761
0.094453
0.114878
0.089900
0.105566
0.134761
0.122658
0.134930
0.144764
0.111851
0.118007
0.150633
0.146307
0.154396
0.160311
0.132497
0.132148
0.137480
0.130453
0.116470
0.150818
0.141819
0.154160
0.159153
0.135483
0.144740
0.111732
0.118354
0.122414
0.125848
0.151832
0.161731
0.139606
0.126438
0.113062
0.132669
0.128070
0.114267
0.095024
0.105322
0.103387
0.120450
0.118311
0.099166
0.100618
0.100097
0.103746
0.095071
0.085176
0.086160
0.088414
0.099736
0.109704
0.096881
0.110247
0.125117
0.118039
0.109668
0.112300
0.100360
0.098210
0.085545
0.103662
0.067042
0.061090
0.075345
0.094717
0.063544
0.098205
0.111736
0.133154
0.134225
0.124244
0.141342
0.138847
0.138418
0.146388
0.135457
0.134069
0.128700
0.112990
0.108532
0.090744
0.091146
0.094200
0.095073
0.111610
0.092371
0.106195
0.119859
0.097270
0.092995
0.119679
0.133713
0.115125
0.133805
0.119893
0.109879
0.107656
0.097670
0.144077
0.186855
0.107742
0.190227
0.197355
0.176212
0.145811
0.115941
0.100851
0.213804
0.173242
0.218046
0.324116
0.293256
0.324367
0.246008
0.147132
0.216866
0.099367
0.096416
0.100528
0.069981
0.094742
0.096407
0.100519
0.094853
0.108034
0.118025
0.133928
0.090640
0.103931
0.084758
0.080828
0.107997
0.101430
0.085214
0.073144
0.074285
0.087414
0.063572
0.061845
0.073408
0.066593
0.066354
0.108360
0.082294
0.086297
0.081027
0.077816
0.069009
0.078696
0.065744
0.074722
0.087965
0.076725
0.180961
0.181630
0.202809
0.201269
0.191105
0.158281
0.180530
0.179297
0.156555
0.150922
0.096378
0.108120
0.157094
0.114063
0.131843
0.109166
0.114752
0.129311
0.143522
0.116934
0.112781
0.164624
0.164480
0.141033
0.165582
0.129080
0.157645
0.158194
0.155749
0.134278
0.150838
0.106616
0.135008
0.091762
0.095214
0.099568
0.086055
0.085143
0.090945
0.091318
0.097520
0.089161
0.087124
0.096391
0.081531
0.086512
0.083654
0.098069
0.088641
0.091204
0.104235
0.108979
0.106926
0.061922
0.071073
0.054909
0.049266
0.069993
0.058558
0.055732
0.048860
0.042694
0.054904
0.044590
0.040008
0.075685
0.076209
0.093998
0.088856
0.078886
0.076212
0.084012
0.080924
0.083322
0.086948
0.079056
0.101374
0.087725
0.078228
0.071832
0.067590
0.073205
0.073071
0.069505
0.074303
0.078800
0.070951
0.065003
0.071526
0.069446
0.068612
0.074372
0.075444
0.073441
0.077668
0.065969
0.072804
0.066081
0.075941
0.081740
0.064511
0.065392
0.061625
0.061165
0.066721
0.063889
0.072124
0.064316
0.066061
0.064014
0.061827
0.068853
0.068742
0.068725
0.062809
0.063287
0.067383
0.068821
0.061634
0.056585
0.054875
0.074480
0.054686
0.072840
0.092434
0.097987
0.071811
0.106912
0.093289
0.097175
0.110906
0.095738
0.097257
0.132754
0.153041
0.126768
0.123462
0.125806
0.122220
0.118500
0.105341
0.108094
0.097476
0.093427
0.092158
0.088419
0.087791
0.091411
0.083569
0.085880
0.092758
0.084587
0.085379
0.098366
0.100877
0.094929
0.086473
0.085346
0.080568
0.079225
0.083101
0.076439
0.080878
0.055632
0.056771
0.058294
0.055915
0.065474
0.068862
0.060131
0.044513
0.043036
0.060046
0.052218
0.053509
0.079143
0.043922
0.065557
0.051296
0.053446
0.051639
0.056495
0.063626
0.077213
0.072692
0.072886
0.074132
0.081248
0.078754
0.081061
0.081151
0.086114
0.079510
0.077393
0.073015
0.079068
0.072744
0.071828
0.076935
0.066427
0.066851
0.065873
0.069419
0.074129
0.084515
0.082320
0.080887
0.086354
0.076229
0.085916
0.076233
0.066408
0.064564
0.066897
0.063061
0.059426
0.051753
0.056310
0.059181
0.058049
0.052801
0.053676
0.069369
0.064494
0.063929
0.080524
0.074766
0.085368
0.077113
0.075993
0.085109
0.088103
0.084750
0.081257
0.083274
0.093323
0.092447
0.091730
0.090615
0.082580
0.081704
0.084827
0.070931
0.084850
0.075164
0.085662
0.093022
0.069594
0.078173
0.104425
0.110881
0.116462
0.095960
0.102046
0.120118
0.086254
0.076297
0.094947
0.083788
0.068078
0.063134
0.075155
0.067720
0.094143
0.082325
0.077991
0.090751
0.076022
0.071609
0.106656
0.105256
0.109786
0.097297
0.101782
0.091840
0.083967
0.076478
0.079232
0.071770
0.065245
0.061727
0.060997
0.063636
0.063152
0.064445
0.066368
0.061171
0.064295
0.089148
0.069382
0.067274
0.082030
0.067427
0.076610
0.072343
0.065042
0.095350
0.059674
0.061925
0.067368
0.065644
0.064810
0.067375
0.066442
0.068742
0.069295
0.068005
0.068283
0.068738
0.066008
0.070346
0.071047
0.072573
0.068596
0.071863
0.058465
0.059004
0.077971
0.074551
0.066896
0.085722
0.109033
0.090794
0.089286
0.056056
0.067952
0.084429
0.037527
0.040356
0.045069
0.051964
0.085693
0.078775
0.076792
0.070535
0.068976
0.076390
0.097607
0.089123
0.105282
0.096257
0.086563
0.080682
0.077673
0.070926
0.073890
0.082202
0.075811
0.079766
0.086752
0.083564
0.069343
0.082111
0.062921
0.086740
0.077410
0.074453
0.063730
0.061222
0.133329
0.132783
0.132688
0.136371
0.131639
0.132187
0.121061
0.138128
0.123228
0.130880
0.138466
0.094301
0.091656
0.084809
0.090198
0.079187
0.073769
0.095502
0.095960
0.098202
0.093451
0.114232
0.109266
0.088576
0.079248
0.098885
0.067560
0.066282
0.066970
0.068262
0.076690
0.067881
0.070221
0.066444
0.065032
0.075928
0.070013
0.068050
0.067810
0.065618
0.071300
0.106760
0.111786
0.085098
0.131923
0.125617
0.113302
0.116134
0.100324
0.105478
0.111000
0.098357
0.108749
0.106903
0.100942
0.099434
0.086344
0.087027
0.094128
0.086127
0.078144
0.073214
0.065230
0.108063
0.133751
0.094072
0.140192
0.126906
0.123816
0.131286
0.133449
0.106735
0.118097
0.123385
0.114347
0.110162
0.102362
0.103680
0.121518
0.117636
0.143113
0.144588
0.165492
0.140914
0.092430
0.083452
0.094092
0.080531
0.093485
0.085545
0.105422
0.108543
0.139627
0.141294
0.119667
0.139137
0.144941
0.136923
0.142024
0.138940
0.140468
0.133555
0.140530
0.135691
0.117494
0.106095
0.112449
0.113935
0.114401
0.114493
0.105339
0.078100
0.077582
0.080391
0.080524
0.080845
0.082628
0.077011
0.079943
0.073270
0.072229
0.073464
0.073042
0.072515
0.080069
0.074126
0.082430
0.079111
0.081012
0.075266
0.074310
0.090828
0.085220
0.078542
0.075007
0.084280
0.085371
0.088868
0.096308
0.102010
0.102005
0.102686
0.102584
0.117512
0.124811
0.089396
0.104413
0.099359
0.107191
0.103472
0.100158
0.096806
0.100893
0.107526
0.092571
0.097269
0.084060
0.079780
0.088379
0.090302
0.082093
0.088408
0.087123
0.092164
0.078642
0.074119
0.069835
0.079655
0.065264
0.077645
0.126490
0.076447
0.062135
0.119748
0.065554
0.078380
0.075111
0.078190
0.101063
0.071952
0.061284
0.061584
0.060857
0.102819
0.075078
0.065759
0.068859
0.076529
0.065998
0.064293
0.085598
0.085919
0.083148
0.081297
0.072533
0.071789
0.083943
0.083880
0.080672
0.079864
0.186151
0.197999
0.178537
0.173302
0.185158
0.175577
0.202287
0.203046
0.306920
0.270360
0.295020
0.329361
0.298288
0.315355
0.308353
0.309162
0.302985
0.267231
0.306384
0.091935
0.105333
0.104421
0.116106
0.058413
0.061983
0.110159
0.063582
0.095106
0.106364
0.379794
0.340047
0.339890
0.290134
0.401818
0.390162
0.410124
0.403661
0.516598
0.551195
0.386638
0.335384
0.244538
0.295508
0.215682
0.269865
0.351694
0.179918
0.218455
0.502764
0.393852
0.357909
0.489411
0.329961
0.203486
0.243120
0.282684
0.220545
0.270272
0.224925
0.168382
0.157893
0.157219
0.171930
0.194414
0.194554
0.137833
0.149388
0.153884
0.136955
0.186259
0.327861
0.170182
0.222154
0.329563
0.229484
0.333253
0.333578
0.217539
0.201304
0.275322
0.198945
0.224238
0.375321
0.234656
0.263567
0.212966
0.198374
0.272422
0.359050
0.348675
0.192124
0.203254
0.228035
0.200761
0.157578
0.158593
0.202472
0.170542
0.286733
0.358136
0.260119
0.246287
0.224659
0.253596
0.238442
0.231109
0.220431
0.243582
0.210138
0.229058
0.203437
0.344951
0.349356
0.303364
0.348348
0.372056
0.361170
0.305973
0.319857
0.269220
0.317169
0.326647
0.301039
0.286344
0.331340
0.342751
0.329068
0.355795
0.365711
0.347425
0.361306
0.344326
0.350378
0.284070
0.273001
0.289742
0.254769
0.276145
0.256043
0.301905
0.344272
0.299567
0.345817
0.159279
0.136093
0.173823
0.160709
0.161568
0.164894
0.193526
0.188521
0.210295
0.195227
0.214794
0.188350
0.364422
0.368853
0.455144
0.347166
0.364868
0.403302
0.326086
0.281500
0.326825
0.321328
0.346417
0.351113
0.330913
0.247980
0.335805
0.314137
0.269400
0.373314
0.385952
0.391917
0.393596
0.395963
0.385609
0.408748
0.381778
0.372646
0.388305
0.384231
0.380534
0.381686
0.380076
0.377459
0.380355
0.294701
0.406604
0.300034
0.422212
0.340625
0.410024
0.347469
0.315654
0.432040
0.427163
0.341152
0.426365
0.437326
0.413692
0.420162
0.392372
0.402018
0.375206
0.390610
0.380043
0.356825
0.386587
0.399252
0.396323
0.406113
0.404326
0.410386
0.409187
0.406162
0.416399
0.429683
0.429448
0.407166
0.392252
0.399586
0.390891
0.392249
0.386495
0.388221
0.404991
0.395564
0.400441
0.393205
0.338413
0.328131
0.356585
0.338199
0.317570
0.308993
0.316817
0.302019
0.305028
0.308687
0.310882
0.287250
0.318296
0.274013
0.252215
0.242940
0.307156
0.253916
0.294916
0.343675
0.410032
0.408738
0.397394
0.408324
0.397068
0.387904
0.403977
0.394972
0.397482
0.378985
0.395425
0.391581
0.385221
0.394285
0.390863
0.403482
0.408678
0.391505
0.394214
0.385697
0.393653
0.402105
0.388892
0.386832
0.401903
0.383441
0.381385
0.379092
0.381245
0.370453
0.375900
0.372582
0.374486
0.334685
0.347210
0.301917
0.307336
0.309744
0.304801
0.324879
0.316757
0.367542
0.345258
0.366416
0.366392
0.367293
0.365768
0.377826
0.381338
0.371599
0.380950
0.380385
0.382357
0.379011
0.382787
0.386387
0.379495
0.369499
0.377289
0.384242
0.398189
0.370132
0.396358
0.387503
0.382784
0.389990
0.396463
0.379831
0.363835
0.380024
0.354210
0.377958
0.385881
0.335681
0.356136
0.302533
0.375265
0.364925
0.348489
0.346762
0.192892
0.174019
0.178122
0.154756
0.211979
0.161446
0.229906
0.170609
0.188111
0.169699
0.258577
0.276056
0.360730
0.253978
0.255846
0.244648
0.252577
0.249617
0.273189
0.323349
0.290515
0.355647
0.353534
0.378178
0.365400
0.408561
0.419084
0.408230
0.401066
0.394360
0.395921
0.389059
0.442256
0.387519
0.385659
0.425166
0.380789
0.384005
0.387624
0.380707
0.378151
0.378044
0.357727
0.373540
0.369645
0.395583
0.400661
0.440531
0.478332
0.503586
0.457910
0.411389
0.434790
0.457480
0.460122
0.403481
0.405787
0.500643
0.431335
0.537050
0.484204
0.598065
0.561201
0.591803
0.534288
0.497379
0.578327
0.571215
0.501302
0.629040
0.672858
0.576476
0.675278
0.418653
0.381904
0.403150
0.393477
0.367203
0.383850
0.364261
0.345681
0.341396
0.362580
0.394503
0.356321
0.383509
0.353460
0.367972
0.377489
0.378285
0.420853
0.391264
0.394602
0.405625
0.396787
0.421152
0.413156
0.445076
0.546341
0.575174
0.415989
0.556312
0.382871
0.350610
0.473267
0.328908
0.373617
0.341405
0.358418
0.372411
0.395342
0.521447
0.425111
0.404205
0.484153
0.465512
0.412780
0.466530
0.471167
0.519795
0.420178
0.403735
0.414813
0.395561
0.495036
0.402163
0.400951
0.385719
0.390154
0.395390
0.496465
0.367037
0.370320
0.372456
0.348400
0.333668
0.317662
0.335012
0.323231
0.331258
0.346118
0.342977
0.342693
0.356186
0.341754
0.374077
0.346065
0.349430
0.335369
0.348127
0.340693
0.338132
0.327702
0.320998
0.359005
0.349521
0.407635
0.415786
0.409391
0.398372
0.410723
0.405275
0.402477
0.383458
0.401121
0.374104
0.379701
0.356125
0.395217
0.382241
0.401385
0.405084
0.402208
0.411819
0.379080
0.411748
0.434738
0.439144
0.513822
0.491746
0.439275
0.451429
0.456688
0.547148
0.496628
0.637555
0.572933
0.613533
0.515578
0.465101
0.397912
0.460497
0.413600
0.478687
0.537902
0.562998
0.507753
0.628776
0.614605
0.520150
0.585405
0.517254
0.431892
0.420189
0.407591
0.378383
0.381710
0.372079
0.370601
0.373659
0.417589
0.392701
0.407591
0.391510
0.417869
0.415434
0.438830
0.427860
0.433345
0.376957
0.406215
0.400899
0.364766
0.379550
0.384264
0.353681
0.364062
0.384080
0.382617
0.381610
0.359361
0.374998
0.379759
0.393348
0.448961
0.413656
0.433178
0.391422
0.379546
0.432698
0.407368
0.394527
0.395890
0.393307
0.403206
0.423756
0.391529
0.400174
0.394041
0.384957
0.413096
0.395713
0.383846
0.402568
0.406325
0.403108
0.402247
0.381723
0.409684
0.401407
0.431209
0.432179
0.415186
0.429028
0.440481
0.429299
0.471364
0.379846
0.390096
0.374917
0.366163
0.376026
0.379637
0.385142
0.384258
0.376085
0.392471
0.398361
0.383997
0.398523
0.399688
0.383000
0.400101
0.361275
0.379110
0.356719
0.354645
0.342883
0.350170
0.365917
0.325711
0.350658
0.348557
0.292034
0.350876
0.296472
0.348648
0.358611
0.346188
0.366492
0.347391
0.361890
0.363357
0.258998
0.312278
0.271599
0.328281
0.329086
0.378467
0.358902
0.319576
0.277775
0.282517
0.276012
0.274320
0.267276
0.321350
0.325048
0.270769
0.383503
0.327818
0.234259
0.223483
0.206975
0.254835
0.249335
0.213911
0.176226
0.153976
0.155148
0.139548
0.134763
0.137001
0.131583
0.139925
0.166728
0.206338
0.489770
0.484315
0.536665
0.472077
0.515005
0.455126
0.447108
0.433735
0.376786
0.433253
0.396303
0.408291
0.385592
0.435782
0.371653
0.410455
0.365334
0.346510
0.380488
0.359396
0.394894
0.411619
0.397828
0.440992
0.401398
0.393157
0.408579
0.392030
0.368300
0.301059
0.259306
0.272974
0.306536
0.276363
0.232128
0.230321
0.197290
0.231508
0.193838
0.170883
0.227695
0.192123
0.168613
0.272623
0.256229
0.304622
0.361423
0.365039
0.368051
0.377946
0.374219
0.376266
0.394572
0.400184
0.390874
0.390912
0.370231
0.382114
0.357947
0.358037
0.366081
0.373129
0.381921
0.360883
0.363811
0.304097
0.341613
0.329309
0.311726
0.348531
0.276938
0.273894
0.316934
0.321393
0.267883
0.266864
0.261179
0.263033
0.286720
0.275669
0.293322
0.265456
0.320082
0.324307
0.277090
0.244916
0.266665
0.246165
0.218497
0.234715
0.266824
0.198330
0.156848
0.220663
0.204072
0.168230
0.377224
0.397102
0.372811
0.397759
0.362248
0.385498
0.332858
0.300522
0.354081
0.322062
0.390179
0.382569
0.403031
0.387738
0.391734
0.391846
0.324435
0.380266
0.315422
0.376652
0.382626
0.306418
0.386134
0.380009
0.304938
0.382749
0.384013
0.379918
0.342975
0.290531
0.342234
0.335345
0.386511
0.352559
0.388676
0.380949
0.377595
0.348783
0.337896
0.353619
0.361850
0.336738
0.339663
0.359864
0.333311
0.303535
0.300465
0.321731
0.273343
0.317431
0.285589
0.237442
0.273663
0.250491
0.315287
0.363229
0.369724
0.372459
0.384359
0.376827
0.374886
0.376585
0.367936
0.376394
0.370997
0.378288
0.378320
0.366767
0.371603
0.376273
0.353601
0.372695
0.390489
0.399606
0.397532
0.390686
0.409109
0.399210
0.403345
0.397291
0.407918
0.405748
0.387238
0.403933
0.390910
0.374674
0.403506
0.397468
0.335641
0.424672
0.408801
0.438660
0.418934
0.410235
0.382351
0.356808
0.386710
0.367371
0.262472
0.273095
0.254889
0.209543
0.213609
0.229105
0.218507
0.255768
0.367761
0.294426
0.299070
0.249285
0.365870
0.358204
0.278449
0.395193
0.462412
0.487344
0.427856
0.478497
0.392652
0.268877
0.321191
0.483232
0.500030
0.208175
0.223341
0.238644
0.213599
0.186292
0.174170
0.154579
0.176130
0.267911
0.237507
0.200877
0.366808
0.510111
0.387181
0.376578
0.347882
0.368632
0.371375
0.311220
0.368795
0.301470
0.305625
0.368958
0.313590
0.593888
0.240993
0.259413
0.268950
0.243352
0.226460
0.263911
0.216578
0.205634
0.344992
0.426166
0.263255
0.400869
0.384983
0.371934
0.497526
0.477680
0.309341
0.253198
0.255209
0.252753
0.324492
0.397709
0.346710
0.393020
0.350687
0.267267
0.289369
0.304968
0.242576
0.222737
0.241853
0.235908
0.236888
0.234355
0.357451
0.279854
0.350955
0.321891
0.417237
0.430222
0.403627
0.530530
0.394200
0.386245
0.465085
0.389497
0.457149
0.342207
0.454722
0.203620
0.188527
0.177456
0.165641
0.165897
0.183072
0.192832
0.146104
0.239521
0.179011
0.153120
0.202740
0.155518
0.219459
0.329563
0.504096
0.294329
0.352841
0.455688
0.239437
0.237732
0.313704
0.195990
0.198945
0.237728
0.206899
0.212525
0.217380
0.211090
0.225915
0.346569
0.303352
0.253414
0.422180
0.422054
0.659107
0.337163
0.402555
0.518542
0.244291
0.230499
0.216260
0.298652
0.229224
0.328137
0.213450
0.524937
0.400366
0.399078
0.265977
0.340334
0.191284
0.221616
0.111993
0.113364
0.119449
0.115569
0.122412
0.125251
0.139752
0.138151
0.125499
0.106048
0.111473
0.120869
0.097203
0.111011
0.088522
0.102142
0.131856
0.130733
0.133075
0.131150
0.178141
0.201572
0.442035
0.309699
0.149788
0.156949
0.206530
0.133516
0.136101
0.196327
0.198874
0.147620
0.148716
0.300731
0.270220
0.482225
0.298634
0.463035
0.355197
0.267425
0.298795
0.240868
0.268626
0.238172
0.256355
0.309645
0.287890
0.284147
0.276009
0.356889
0.312144
0.490107
0.381420
0.427956
0.349621
0.377528
0.394739
0.467669
0.503528
0.492874
0.399668
0.390884
0.473813
0.516476
0.393934
0.460501
0.341570
0.367035
0.470435
0.437158
0.306672
0.315899
0.326908
0.302953
0.339148
0.294362
0.306589
0.299621
0.384223
0.351373
0.453055
0.381728
0.373047
0.305983
0.304361
0.314219
0.304479
0.282374
0.294939
0.288493
0.292853
0.278254
0.243896
0.285638
0.295212
0.262702
0.311756
0.339730
0.389872
0.371190
0.294564
0.310051
0.273866
0.271093
0.299231
0.253027
0.293104
0.370535
0.307577
0.215121
0.303443
0.378470
0.407022
0.369097
0.293850
0.439004
0.255901
0.248446
0.219025
0.222116
0.204551
0.208476
0.196320
0.211721
0.219684
0.232663
0.225034
0.227801
0.241456
0.220330
0.194088
0.195433
0.192207
0.251501
0.216258
0.217000
0.197605
0.200731
0.216870
0.219034
0.227134
0.198446
0.203192
0.212929
0.218939
0.257814
0.377164
0.197908
0.172242
0.205885
0.251129
0.537309
0.388731
0.507537
0.325326
0.493807
0.263707
0.265124
0.270054
0.285260
0.234598
0.184391
0.225786
0.200880
0.161665
0.160151
0.174530
0.170533
0.157314
0.155767
0.150303
0.158398
0.203363
0.201633
0.195755
0.213099
0.204918
0.197336
0.212250
0.215105
0.236302
0.215792
0.219027
0.224712
0.221423
0.244832
0.274989
0.249777
0.334444
0.364270
0.341792
0.369265
0.333195
0.282561
0.263121
0.252611
0.236449
0.274653
0.325022
0.366063
0.338255
0.387379
0.332503
0.360610
0.296626
0.341151
0.367434
0.470127
0.388101
0.446104
0.365947
0.542531
0.320438
0.289610
0.327199
0.306157
0.354584
0.262313
0.283513
0.333706
0.394306
0.465203
0.367704
0.475862
0.456601
0.306055
0.310083
0.299315
0.291699
0.284481
0.269389
0.244073
0.283789
0.252387
0.241296
0.271703
0.285142
0.274412
0.318217
0.278002
0.231568
0.250749
0.257292
0.289249
0.263809
0.305551
0.237131
0.254221
0.228350
0.234278
0.238817
0.223030
0.225604
0.235139
0.227643
0.222247
0.195754
0.194182
0.191043
0.163164
0.168942
0.171902
0.155656
0.177774
0.177891
0.206338
0.207438
0.220260
0.219874
0.206012
0.191356
0.206411
0.208276
0.204274
0.255143
0.220787
0.242879
0.204981
0.250814
0.276106
0.246525
0.255151
0.228055
0.231137
0.215142
0.211955
0.218365
0.239893
0.206243
0.206384
0.223447
0.220165
0.246140
0.257042
0.196926
0.192962
0.212832
0.203221
0.190890
0.199532
0.207113
0.203380
0.217430
0.218495
0.246190
0.250971
0.261165
0.242899
0.199564
0.217147
0.199885
0.202396
0.194110
0.187313
0.160873
0.141088
0.188277
0.180452
0.156882
0.158154
0.187660
0.228734
0.335373
0.295213
0.446990
0.228791
0.236234
0.183592
0.177774
0.268874
0.234283
0.333143
0.445246
0.455669
0.199204
0.258809
0.238735
0.263549
0.234382
0.245989
0.179278
0.206829
0.323151
0.268022
0.227279
0.305100
0.284845
0.356012
0.439537
0.388481
0.359074
0.144425
0.152128
0.166390
0.149963
0.133672
0.146863
0.156895
0.150660
0.153476
0.128973
0.128023
0.145191
0.125593
0.127750
0.118373
0.120696
0.133829
0.121340
0.126484
0.133039
0.224983
0.201211
0.279897
0.294606
0.209697
0.250183
0.316812
0.431742
0.339007
0.472499
0.237734
0.446201
0.165503
0.161778
0.162207
0.179206
0.124810
0.137311
0.133732
0.121653
0.156277
0.165786
0.125202
0.111643
0.108102
0.130226
0.118734
0.125446
0.125937
0.135003
0.149506
0.204629
0.172950
0.166769
0.207727
0.244019
0.233509
0.240720
0.235795
0.212634
0.192252
0.375053
0.293628
0.265302
0.262307
0.368030
0.331279
0.407919
0.496240
0.580992
0.527744
0.367917
0.419614
0.587997
0.346823
0.290644
0.287907
0.339316
0.296123
0.321752
0.270051
0.282816
0.271094
0.269489
0.267045
0.264743
0.287405
0.289940
0.242590
0.246449
0.298276
0.266716
0.266253
0.309657
0.248665
0.291076
0.274525
0.276046
0.270943
0.291893
0.297626
0.308330
0.273505
0.262940
0.263371
0.278489
0.257857
0.284668
0.285484
0.247187
0.259614
0.230307
0.273186
0.227960
0.212867
0.259757
0.253415
0.295220
0.300225
0.325077
0.294446
0.340582
0.324290
0.374646
0.393671
0.362647
0.331592
0.345198
0.337852
0.340639
0.313507
0.303519
0.318251
0.328415
0.281120
0.327301
0.328233
0.321555
0.310672
0.337737
0.324286
0.350884
0.329478
0.357510
0.163740
0.214267
0.193160
0.166443
0.191802
0.145379
0.185922
0.143439
0.224793
0.207410
0.210395
0.230806
0.239178
0.200588
0.206138
0.190298
0.181425
0.149682
0.156049
0.134313
0.137349
0.143860
0.173840
0.219252
0.182367
0.210962
0.240420
0.241999
0.220935
0.195999
0.237659
0.204589
0.236045
0.278036
0.292167
0.292078
0.281571
0.235750
0.329203
0.428329
0.346897
0.288970
0.434689
0.197500
0.198297
0.195706
0.191224
0.191481
0.263585
0.280463
0.213274
0.200367
0.269808
0.183092
0.228279
0.207664
0.265692
0.281534
0.375249
0.369535
0.382656
0.391589
0.384405
0.393081
0.366183
0.373840
0.395077
0.379010
0.359830
0.370640
0.342882
0.371625
0.382355
0.360847
0.371231
0.328331
0.377657
0.389237
0.278524
0.337022
0.330468
0.275407
0.328664
0.332616
0.273018
0.243407
0.235114
0.228316
0.229748
0.276208
0.225510
0.325286
0.326898
0.310904
0.311936
0.323658
0.342958
0.336281
0.293092
0.309128
0.300258
0.284930
0.289579
0.370234
0.302591
0.277631
0.265907
0.405470
0.337555
0.393598
0.405310
0.398646
0.483620
0.582699
0.360044
0.325285
0.297814
0.273758
0.271067
0.261847
0.263951
0.305988
0.308519
0.268976
0.297606
0.299582
0.334758
0.365521
0.334422
0.386779
0.491357
0.373524
0.354664
0.451267
0.185871
0.155072
0.144677
0.124808
0.159952
0.126461
0.155777
0.132368
0.135565
0.126733
0.118486
0.130126
0.128679
0.133557
0.138412
0.136567
0.285116
0.318018
0.217026
0.265292
0.444374
0.383448
0.349886
0.442497
0.259663
0.277001
0.292708
0.275087
0.228944
0.226619
0.207683
0.336247
0.266727
0.268199
0.300084
0.327087
0.347950
0.386315
0.357878
0.391753
0.299108
0.257674
0.213290
0.224254
0.189854
0.192438
0.211176
0.243689
0.243647
0.266338
0.265882
0.279887
0.271184
0.255475
0.232033
0.238767
0.236020
0.254144
0.245486
0.229517
0.251397
0.231959
0.245078
0.222877
0.230400
0.252955
0.253440
0.283882
0.290166
0.268230
0.268794
0.282644
0.262055
0.282089
0.271661
0.307506
0.298253
0.290373
0.288049
0.183691
0.165600
0.169864
0.146347
0.166632
0.143833
0.172903
0.167202
0.207230
0.172567
0.183144
0.175206
0.191172
0.213515
0.299943
0.310760
0.301738
0.331840
0.315761
0.274485
0.269160
0.329922
0.306910
0.322279
0.291668
0.341744
0.354679
0.291726
0.289546
0.257501
0.229385
0.268356
0.334543
0.348770
0.330521
0.315203
0.351225
0.348571
0.362058
0.321161
0.335852
0.340948
0.365738
0.371025
0.336944
0.393672
0.379818
0.407926
0.394453
0.410078
0.384539
0.500155
0.415246
0.471790
0.421522
0.439089
0.547091
0.406504
0.406371
0.479646
0.419470
0.417327
0.512151
0.372454
0.436759
0.408283
0.403874
0.520629
0.395351
0.509668
0.382307
0.341412
0.346258
0.331405
0.373615
0.377824
0.443726
0.369761
0.380776
0.340075
0.309391
0.312655
0.395521
0.498483
0.406445
0.417742
0.536935
0.355236
0.394672
0.567628
0.292676
0.335788
0.308712
0.359027
0.394557
0.357743
0.333868
0.330229
0.333088
0.343746
0.339032
0.316055
0.302088
0.254739
0.285438
0.251120
0.262733
0.236465
0.244095
0.226702
0.263313
0.216105
0.268167
0.303037
0.300393
0.251073
0.228800
0.232242
0.266766
0.235332
0.244382
0.219957
0.259823
0.305969
0.311547
0.239554
0.359104
0.311277
0.229256
0.226956
0.212430
0.292858
0.289834
0.216446
0.191557
0.210894
0.290249
0.540161
0.391501
0.376309
0.457752
0.241572
0.224785
0.195904
0.225726
0.209809
0.189322
0.213727
0.170476
0.156447
0.184438
0.166050
0.152452
0.160299
0.141264
0.146883
0.266802
0.205509
0.231660
0.227874
0.242583
0.270664
0.257250
0.259289
0.290508
0.265073
0.263626
0.252689
0.261857
0.292656
0.355745
0.331438
0.317836
0.247926
0.301050
0.326079
0.420914
0.399752
0.269691
0.247797
0.275653
0.259150
0.329074
0.240696
0.218570
0.217562
0.231123
0.229139
0.215649
0.215047
0.210232
0.203923
0.193345
0.183976
0.171832
0.205003
0.187975
0.244128
0.233754
0.211834
0.215430
0.197405
0.205069
0.194487
0.202503
0.197232
0.198987
0.190604
0.200877
0.220197
0.242501
0.241453
0.222379
0.238095
0.201283
0.207976
0.209694
0.205246
0.198904
0.233231
0.219017
0.207123
0.215035
0.201361
0.196705
0.195011
0.177480
0.283151
0.234968
0.356198
0.268026
0.236342
0.224387
0.232101
0.270081
0.318733
0.315758
0.241878
0.400085
0.361978
0.354166
0.345967
0.276526
0.194751
0.214861
0.198462
0.192268
0.189251
0.248760
0.242095
0.227658
0.234774
0.237777
0.252170
0.252624
0.382606
0.338531
0.359315
0.385232
0.348415
0.375778
0.344506
0.344157
0.349846
0.344548
0.367969
0.329400
0.340994
0.361831
0.314319
0.325178
0.295331
0.304824
0.325241
0.324898
0.372946
0.332598
0.395248
0.382746
0.377106
0.370829
0.383587
0.339573
0.380469
0.407226
0.414275
0.403242
0.409834
0.420916
0.408699
0.378023
0.399157
0.367601
0.398140
0.393702
0.379696
0.390165
0.396554
0.393234
0.400904
0.409149
0.396832
0.404620
0.406246
0.416392
0.406482
0.420145
0.418931
0.441835
0.354018
0.394646
0.343138
0.298162
0.316694
0.316289
0.301972
0.309565
0.291560
0.308513
0.321466
0.322872
0.348152
0.340555
0.328597
0.360199
0.365285
0.354362
0.369375
0.357352
0.370284
0.358892
0.363214
0.370008
0.390724
0.387040
0.356851
0.381602
0.384441
0.353963
0.391457
0.427081
0.406861
0.391070
0.417358
0.401004
0.415885
0.393426
0.428062
0.372806
0.362691
0.366940
0.391329
0.368837
0.331963
0.327887
0.375588
0.313642
0.417028
0.380240
0.414265
0.418383
0.414898
0.390432
0.398411
0.387113
0.383311
0.383376
0.398466
0.392721
0.386894
0.384842
0.394383
0.380082
0.389564
0.390924
0.402684
0.398158
0.404239
0.405496
0.406837
0.395861
0.400555
0.337643
0.394236
0.375438
0.332647
0.342369
0.315098
0.367294
0.354120
0.358450
0.332098
0.364625
0.331186
0.339162
0.304630
0.348080
0.328417
0.298962
0.368837
0.358030
0.372821
0.352220
0.304140
0.391140
0.389792
0.374003
0.396737
0.372501
0.369413
0.383958
0.367760
0.359291
0.337337
0.364541
0.333963
0.399044
0.407087
0.447217
0.462954
0.399700
0.401861
0.388217
0.388126
0.442197
0.172381
0.210124
0.206783
0.210529
0.251352
0.234613
0.159393
0.151775
0.202893
0.166621
0.182734
0.186907
0.194999
0.175043
0.186784
0.293640
0.283517
0.298369
0.317970
0.278378
0.285706
0.319786
0.262590
0.280992
0.274803
0.381938
0.390419
0.376687
0.381258
0.402395
0.404035
0.389879
0.397990
0.400406
0.401843
0.385538
0.394579
0.404637
0.394438
0.393969
0.395072
0.380810
0.494538
0.408639
0.552762
0.559145
0.498632
0.658038
0.448569
0.597190
0.456218
0.381435
0.467294
0.470100
0.463245
0.451689
0.385197
0.315420
0.288792
0.330683
0.328441
0.313587
0.304570
0.334639
0.352198
0.282917
0.381183
0.357598
0.295286
0.349720
0.296846
0.263599
0.374990
0.372385
0.291533
0.383663
0.378990
0.386453
0.345951
0.375694
0.314234
0.365616
0.355344
0.340303
0.316627
0.400635
0.375174
0.382721
0.388738
0.406222
0.399325
0.412943
0.404134
0.391324
0.384006
0.358125
0.403443
0.395340
0.387568
0.363256
0.421143
0.398420
0.462955
0.395987
0.413506
0.434609
0.510354
0.432385
0.504829
0.494796
0.320430
0.310997
0.275893
0.307982
0.290959
0.272979
0.287486
0.301950
0.296887
0.306604
0.302340
0.270605
0.280159
0.289261
0.232978
0.307161
0.251787
0.332610
0.349999
0.334609
0.301329
0.308416
0.318299
0.272588
0.286044
0.300425
0.353369
0.320430
0.375584
0.343867
0.374676
0.359452
0.369445
0.353176
0.380859
0.376429
0.358644
0.358075
0.318202
0.382269
0.382824
0.376266
0.382065
0.341288
0.346686
0.395192
0.388853
0.393280
0.383316
0.334018
0.351578
0.333296
0.330214
0.336860
0.339812
0.329493
0.319795
0.323667
0.323999
0.323131
0.326927
0.322514
0.292812
0.316782
0.276215
0.338555
0.316449
0.283927
0.344840
0.306737
0.362095
0.330467
0.281929
0.319687
0.294607
0.257562
0.279410
0.253669
0.247152
0.285978
0.314341
0.344062
0.339933
0.340614
0.341312
0.307475
0.341123
0.344406
0.293350
0.333296
0.353275
0.299071
0.249298
0.270362
0.281513
0.337369
0.259101
0.205657
0.208950
0.229340
0.218675
0.208152
0.224288
0.255789
0.260749
0.243526
0.196127
0.202404
0.234232
0.180995
0.188852
0.180855
0.190879
0.202063
0.196212
0.205011
0.199711
0.295300
0.286446
0.314670
0.321470
0.295431
0.322882
0.307357
0.316011
0.302209
0.313929
0.316378
0.273052
0.278771
0.288369
0.277938
0.487933
0.405712
0.392206
0.544713
0.449656
0.546466
0.652213
0.595332
0.538986
0.457918
0.478117
0.472165
0.488261
0.486186
0.396979
0.419602
0.401374
0.424522
0.467527
0.462144
0.410183
0.468936
0.437776
0.474471
0.429707
0.409069
0.355001
0.403816
0.361318
0.385543
0.364625
0.378711
0.359390
0.389692
0.386786
0.324313
0.356436
0.384410
0.386475
0.378479
0.380580
0.354989
0.372378
0.373378
0.359946
0.342821
0.337777
0.293130
0.296551
0.246114
0.272256
0.254014
0.241964
0.266542
0.255601
0.320924
0.370150
0.354043
0.373494
0.383920
0.354360
0.392254
0.390414
0.384483
0.367138
0.354985
0.354397
0.338265
0.345769
0.320463
0.309010
0.376123
0.348331
0.321811
0.292919
0.294745
0.270089
0.293456
0.333577
0.366388
0.388292
0.368027
0.382352
0.383947
0.390314
0.386716
0.393532
0.381438
0.378170
0.367123
0.299249
0.270100
0.306039
0.257636
0.269088
0.294722
0.312954
0.337797
0.310009
0.366216
0.321926
0.317652
0.282214
0.287896
0.318636
0.289899
0.278355
0.290194
0.271865
0.313666
0.319601
0.259765
0.265733
0.241723
0.263504
0.266993
0.261004
0.252955
0.250856
0.237511
0.272542
0.249288
0.227682
0.269411
0.259740
0.215783
0.274456
0.292097
0.379449
0.376252
0.422984
0.429756
0.339410
0.354368
0.380695
0.326627
0.389526
0.408429
0.329824
0.358595
0.441488
0.458658
0.411153
0.413844
0.368321
0.372758
0.425439
0.406234
0.359178
0.482377
0.481375
0.482814
0.301472
0.328303
0.288894
0.252964
0.288114
0.267851
0.267881
0.305518
0.377898
0.375564
0.380924
0.389959
0.369769
0.380960
0.376373
0.386919
0.383020
0.384467
0.333156
0.377485
0.356491
0.341635
0.324560
0.352301
0.366404
0.343203
0.333585
0.315614
0.311749
0.345849
0.330058
0.314802
0.339686
0.353595
0.366228
0.373180
0.352427
0.348977
0.371905
0.331559
0.312986
0.330752
0.334016
0.300684
0.337723
0.362024
0.378308
0.387535
0.423856
0.394972
0.406062
0.400124
0.354460
0.378943
0.333981
0.370521
0.391578
0.395283
0.394313
0.372942
0.379856
0.347453
0.361740
0.324744
0.284199
0.310882
0.237995
0.338709
0.312694
0.260047
0.287544
0.342313
0.366529
0.418950
0.392639
0.430070
0.446166
0.383299
0.423449
0.461239
0.515929
0.549709
0.434458
0.458813
0.567881
0.405642
0.381659
0.424074
0.415201
0.373850
0.352368
0.403534
0.386431
0.344798
0.353236
0.394157
0.369134
0.369917
0.393446
0.345865
0.333522
0.348944
0.365158
0.298067
0.314454
0.319284
0.268920
0.254003
0.270309
0.332957
0.288882
0.299594
0.493122
0.503449
0.423758
0.445572
0.466481
0.417006
0.486760
0.453517
0.565195
0.570022
0.556468
0.527019
0.568240
0.510832
0.494236
0.477121
0.364656
0.313652
0.297289
0.302640
0.292122
0.284148
0.302247
0.278226
0.347758
0.292366
0.320883
0.311651
0.305740
0.308313
0.366913
0.399229
0.356276
0.380696
0.326780
0.344814
0.319137
0.368293
0.345956
0.319775
0.318137
0.313693
0.300492
0.452788
0.401780
0.445533
0.423916
0.460147
0.433814
0.463810
0.492050
0.450771
0.437086
0.418546
0.390892
0.406022
0.384578
0.394694
0.381927
0.349894
0.345699
0.355480
0.112121
0.119554
0.100607
0.137968
0.122271
0.129259
0.135139
0.129158
0.131949
0.164859
0.174745
0.187097
0.161842
0.181429
0.196380
0.140530
0.130994
0.124078
0.128771
0.134467
0.153534
0.160289
0.182012
0.190870
0.174533
0.194741
0.149129
0.144917
0.145398
0.146055
0.143835
0.135002
0.128268
0.141958
0.138247
0.129089
0.124897
0.131003
0.140345
0.140591
0.126270
0.138899
0.143207
0.114170
0.091276
0.100561
0.098808
0.077730
0.097225
0.106335
0.107702
0.122374
0.127739
0.106221
0.124657
0.099532
0.095296
0.090973
0.092343
0.089183
0.092921
0.101547
0.108528
0.085581
0.097973
0.106307
0.092534
0.085755
0.081209
0.077636
0.066692
0.066641
0.082570
0.066714
0.122867
0.103975
0.106694
0.105916
0.120265
0.153326
0.124460
0.128065
0.153908
0.138805
0.149077
0.154035
0.154337
0.151247
0.152960
0.155703
0.150878
0.148192
0.148096
0.138219
0.142220
0.146171
0.140327
0.147369
0.153338
0.157697
0.147027
0.154430
0.156023
0.150378
0.124020
0.136581
0.134106
0.147258
0.141496
0.141936
0.153587
0.146964
0.155115
0.180116
0.191515
0.203185
0.203699
0.184940
0.161056
0.146217
0.112843
0.110573
0.108054
0.112607
0.125222
0.118296
0.123870
0.133867
0.139509
0.135129
0.130701
0.128782
0.151200
0.128212
0.132740
0.141494
0.120107
0.132535
0.129234
0.128412
0.132002
0.128879
0.025449
0.030910
0.024408
0.019012
0.023349
0.019895
0.014225
0.011622
0.009189
0.026819
0.016379
0.012374
0.018352
0.008087
0.014889
0.023662
0.025187
0.034439
0.028198
0.027640
0.061883
0.061379
0.052183
0.063456
0.064395
0.062654
0.067609
0.071394
0.070612
0.084434
0.076115
0.103293
0.063748
0.087435
0.056751
0.044379
0.048929
0.056461
0.051451
0.037707
0.044599
0.026190
0.040563
0.021461
0.029720
0.061683
0.054305
0.258766
0.226629
0.246494
0.240461
0.287729
0.268397
0.278462
0.268427
0.128515
0.144508
0.121936
0.124639
0.118983
0.114098
0.120983
0.108105
0.108931
0.115367
0.099997
0.097235
0.115290
0.085647
0.096089
0.091610
0.112596
0.087136
0.083616
0.076801
0.072437
0.077249
0.071696
0.066584
0.068690
0.065096
0.058874
0.059363
0.062991
0.052891
0.055676
0.055803
0.058609
0.060637
0.074460
0.068702
0.064210
0.077567
0.064268
0.054309
0.048881
0.051610
0.046987
0.043479
0.047744
0.076435
0.056685
0.054653
0.083083
0.059009
0.055236
0.073611
0.094300
0.063179
0.052189
0.053136
0.066875
0.058366
0.066212
0.072621
0.054179
0.066304
0.074720
0.079784
0.065672
0.059211
0.067788
0.054011
0.052021
0.049174
0.047061
0.047804
0.050496
0.048823
0.045936
0.047615
0.048887
0.048963
0.068105
0.053578
0.051045
0.062291
0.052730
0.072489
0.057280
0.059438
0.071848
0.067589
0.182392
0.183668
0.165461
0.170928
0.177728
0.151551
0.157925
0.158675
0.172613
0.180889
0.170959
0.166474
0.155489
0.152576
0.202357
0.211613
0.184418
0.211299
0.186463
0.168475
0.163798
0.163388
0.157035
0.152932
0.159409
0.142647
0.108700
0.112645
0.113873
0.108233
0.121508
0.127749
0.121533
0.106073
0.104188
0.100602
0.098956
0.104533
0.108861
0.120799
0.146758
0.129923
0.134527
0.150603
0.159985
0.165211
0.156163
0.151772
0.145070
0.140351
0.143051
0.136430
0.092134
0.106093
0.095525
0.080600
0.089513
0.102231
0.104346
0.082922
0.052614
0.065972
0.063869
0.053998
0.069701
0.040981
0.050300
0.080487
0.084820
0.078030
0.089909
0.090322
0.084814
0.082920
0.091197
0.089143
0.091991
0.087904
0.086572
0.097092
0.083588
0.089584
0.084323
0.091038
0.099704
0.079449
0.106662
0.095257
0.102170
0.124904
0.153200
0.082878
0.086493
0.074766
0.090291
0.098169
0.107596
0.178563
0.081880
0.072929
0.067218
0.045793
0.065319
0.040030
0.051223
0.061077
0.071053
0.065105
0.045696
0.046351
0.045324
0.040537
0.044333
0.044893
0.067337
0.214807
0.224786
0.212671
0.251975
0.183776
0.193327
0.139084
0.130676
0.164623
0.126263
0.172910
0.133151
0.138986
0.185812
0.188442
0.168926
0.167097
0.196047
0.173172
0.195786
0.200047
0.153002
0.173822
0.183700
0.145214
0.152752
0.157064
0.153755
0.215177
0.251440
0.220045
0.171928
0.143153
0.176736
0.165706
0.130077
0.144695
0.180340
0.203001
0.084632
0.102634
0.068264
0.064870
0.084746
0.103483
0.112987
0.251995
0.304120
0.294458
0.343499
0.303520
0.263143
0.245618
0.232070
0.230074
0.248536
0.237627
0.195946
0.184584
0.166547
0.216918
0.223864
0.236422
0.216630
0.206725
0.179741
0.176653
0.156853
0.177185
0.209503
0.272283
0.250303
0.291167
0.257296
0.255544
0.253521
0.254651
0.256885
0.262639
0.262835
0.267388
0.251339
0.256302
0.257740
0.218414
0.204013
0.250007
0.200944
0.217975
0.262503
0.234654
0.207853
0.245405
0.268082
0.383408
0.328227
0.383965
0.376409
0.361625
0.315456
0.311550
0.364183
0.235272
0.214491
0.233109
0.176378
0.164509
0.172419
0.193791
0.186333
0.189616
0.145599
0.174231
0.177369
0.172623
0.251368
0.245564
0.243522
0.221631
0.211185
0.203277
0.165623
0.152078
0.197596
0.245530
0.248511
0.266428
0.264920
0.272245
0.204002
0.246123
0.236745
0.224601
0.244521
0.267559
0.253833
0.273559
0.248086
0.285854
0.299813
0.255892
0.245324
0.244848
0.264197
0.282912
0.259062
0.278787
0.311475
0.160185
0.227146
0.133933
0.199208
0.230884
0.239423
0.196095
0.199398
0.222820
0.223995
0.240571
0.237054
0.136550
0.122074
0.115294
0.196040
0.175907
0.229212
0.237788
0.243244
0.244790
0.191556
0.200501
0.229847
0.229433
0.236798
0.235827
0.161732
0.148423
0.140488
0.074651
0.065708
0.078049
0.119198
0.092559
0.104931
0.076329
0.114316
0.110476
0.140978
0.060084
0.087368
0.056581
0.057041
0.057735
0.059811
0.057329
0.056564
0.058679
0.057235
0.056414
0.055159
0.057400
0.059746
0.086176
0.086449
0.058668
0.056996
0.067747
0.065504
0.058370
0.068009
0.075299
0.072270
0.076813
0.061628
0.067402
0.084454
0.056208
0.051125
0.079223
0.048579
0.047638
0.093528
0.090594
0.090139
0.108445
0.104008
0.187102
0.102670
0.101305
0.170937
0.101483
0.143787
0.138581
0.143966
0.142798
0.145738
0.140110
0.148035
0.141073
0.145330
0.146275
0.145133
0.144437
0.145075
0.148172
0.142029
0.148328
0.147053
0.132750
0.138443
0.136670
0.143552
0.120455
0.122256
0.130023
0.136200
0.117269
0.128275
0.109984
0.139001
0.144470
0.148207
0.135601
0.134040
0.132512
0.176603
0.120563
0.130096
0.148655
0.132471
0.130070
0.172961
0.194977
0.185159
0.179717
0.181357
0.174864
0.165520
0.162970
0.159114
0.163341
0.177778
0.182319
0.190427
0.149919
0.156533
0.169947
0.184765
0.152635
0.155115
0.141043
0.152366
0.149281
0.141374
0.161134
0.176646
0.138891
0.139478
0.158843
0.154583
0.124285
0.124529
0.113709
0.161533
0.134910
0.111042
0.135028
0.104224
0.100083
0.108015
0.144473
0.142936
0.110049
0.158473
0.163749
0.163095
0.160937
0.150508
0.157909
0.129376
0.128421
0.170020
0.179222
0.223484
0.202997
0.232460
0.159684
0.194373
0.141215
0.136741
0.136755
0.132091
0.138060
0.135699
0.122108
0.151030
0.121432
0.126982
0.151129
0.131753
0.179609
0.204518
0.216916
0.202087
0.193319
0.212523
0.185678
0.157850
0.193004
0.200040
0.163621
0.148455
0.181391
0.153280
0.155275
0.141512
0.146902
0.020451
0.023841
0.029025
0.023564
0.019815
0.026177
0.024668
0.014726
0.011686
0.016431
0.022039
0.022669
0.028260
0.005314
0.006608
0.009720
0.008337
0.011331
0.026372
0.016804
0.027554
0.034799
0.036415
0.041943
0.045825
0.036531
0.042153
0.050935
0.045756
0.054055
0.026566
0.019285
0.042499
0.014354
0.063443
0.052885
0.059468
0.068313
0.066344
0.071923
0.081938
0.079237
0.077313
0.080300
0.078218
0.066840
0.098549
0.057849
0.090941
0.103139
0.117923
0.119550
0.094054
0.118514
0.103332
0.110736
0.281290
0.301640
0.306652
0.291318
0.263937
0.118323
0.125345
0.144269
0.128651
0.097893
0.101967
0.108621
0.142712
0.096799
0.101642
0.099134
0.105166
0.106567
0.112071
0.119905
0.142532
0.128242
0.139453
0.111874
0.108379
0.116988
0.112926
0.084989
0.087959
0.108228
0.100199
0.102118
0.119417
0.122962
0.112878
0.108936
0.068896
0.081753
0.090728
0.079778
0.100087
0.065035
0.065918
0.062230
0.067726
0.059721
0.059662
0.070653
0.067843
0.086253
0.060535
0.067416
0.078740
0.048421
0.052470
0.060999
0.204844
0.261496
0.365920
0.299828
0.354931
0.286377
0.323759
0.259493
0.252999
0.270104
0.257549
0.246128
0.260591
0.259172
0.250789
0.262247
0.236777
0.225244
0.215566
0.227337
0.241204
0.242238
0.173821
0.180669
0.178508
0.169741
0.196623
0.164790
0.105374
0.074169
0.095052
0.068171
0.126125
0.129576
0.145094
0.162774
0.137781
0.132751
0.133947
0.122244
0.121007
0.110241
0.109125
0.115740
0.119327
0.128666
0.134489
0.124604
0.123011
0.109734
0.113363
0.089212
0.098817
0.095909
0.109385
0.127304
0.154926
0.302960
0.344833
0.320779
0.349659
0.339941
0.400231
0.410247
0.273831
0.374129
0.261474
0.213709
0.254349
0.362243
0.476677
0.393636
0.433522
0.437206
0.384483
0.394966
0.457668
0.267308
0.327646
0.355292
0.440143
0.222167
0.237424
0.237193
0.191582
0.190510
0.177661
0.232737
0.288699
0.183882
0.277721
0.113727
0.209302
0.372924
0.306197
0.139256
0.097854
0.060473
0.050929
0.061538
0.056842
0.085901
0.061594
0.099784
0.172215
0.226545
0.348764
0.386234
0.368525
0.341858
0.397598
0.392421
0.459078
0.397532
0.414361
0.455567
0.401587
0.478628
0.372283
0.564887
0.488007
0.354825
0.300819
0.363612
0.249084
0.294772
0.478052
0.385137
0.381254
0.329025
0.294003
0.243565
0.215274
0.214340
0.205001
0.207930
0.215656
0.222914
0.201755
0.194133
0.196944
0.174222
0.282626
0.236026
0.220936
0.205421
0.243714
0.291684
0.332620
0.387498
0.419582
0.401116
0.345026
0.386942
0.392270
0.408339
0.392360
0.457504
0.385972
0.484771
0.392675
0.394429
0.383809
0.389960
0.420818
0.387127
0.390875
0.438709
0.362120
0.352105
0.399920
0.316288
0.351989
0.422327
0.408628
0.374878
0.409370
0.397010
0.448636
0.380616
0.489428
0.305028
0.260985
0.274796
0.227952
0.260079
0.333582
0.512931
0.312781
0.371524
0.373041
0.499273
0.254322
0.242117
0.267070
0.242115
0.207775
0.256734
0.272742
0.340872
0.301955
0.314871
0.398775
0.385154
0.271412
0.161190
0.155429
0.162002
0.268395
0.238725
0.351713
0.299395
0.295903
0.394201
0.387438
0.441655
0.428443
0.402160
0.488602
0.485350
0.388669
0.458969
0.397326
0.400561
0.388806
0.405969
0.335948
0.369259
0.255894
0.330770
0.376046
0.291190
0.219497
0.214141
0.238531
0.269675
0.291313
0.381076
0.345343
0.298877
0.308287
0.298195
0.401959
0.388745
0.421184
0.388069
0.387700
0.444119
0.478498
0.382850
0.405238
0.313448
0.304642
0.256337
0.281492
0.288836
0.384918
0.380642
0.411504
0.401449
0.489995
0.392475
0.389096
0.481168
0.385898
0.448201
0.389028
0.393607
0.478816
0.394218
0.449741
0.461476
0.395518
0.387464
0.444047
0.452069
0.372184
0.377414
0.337220
0.350266
0.400412
0.417440
0.384359
0.423832
0.457062
0.391254
0.374209
0.424773
0.400914
0.385957
0.428865
0.334843
0.318933
0.340968
0.305825
0.421325
0.362774
0.397127
0.282220
0.294216
0.311704
0.232049
0.286202
0.287053
0.307437
0.309853
0.363126
0.376110
0.395780
0.388846
0.392133
0.417325
0.371277
0.419550
0.377934
0.381510
0.364078
0.428003
0.375195
0.379382
0.435780
0.431160
0.366714
0.480926
0.373580
0.287724
0.300620
0.322043
0.389237
0.394637
0.386415
0.413943
0.388867
0.415602
0.402918
0.417521
0.440767
0.341144
0.412910
0.416711
0.431214
0.440304
0.466899
0.416176
0.277000
0.268778
0.295213
0.320119
0.416308
0.351087
0.340108
0.330308
0.415457
0.398370
0.425708
0.363760
0.399755
0.315747
0.300886
0.288279
0.243747
0.352328
0.368530
0.402175
0.360889
0.245364
0.262748
0.216628
0.241045
0.246361
0.286200
0.244605
0.294820
0.331041
0.289327
0.261504
0.305575
0.369133
0.322412
0.317554
0.563173
0.354946
0.276489
0.281952
0.252579
0.244644
0.261960
0.279333
0.280486
0.288993
0.298813
0.271428
0.259838
0.228075
0.243897
0.272287
0.313066
0.273997
0.437206
0.426669
0.435473
0.369751
0.390298
0.431411
0.399474
0.411161
0.420772
0.392127
0.349784
0.317053
0.321004
0.362671
0.356129
0.366867
0.337480
0.375052
0.330547
0.334168
0.353183
0.329079
0.304195
0.359429
0.405272
0.391615
0.418050
0.389412
0.352654
0.317517
0.262101
0.219155
0.234322
0.199332
0.216415
0.201078
0.231287
0.296247
0.273127
0.292149
0.397870
0.456393
0.455518
0.421372
0.571261
0.404005
0.414385
0.415896
0.387238
0.375502
0.377901
0.384344
0.489604
0.548181
0.281745
0.316316
0.249870
0.221586
0.204318
0.280910
0.340851
0.545706
0.432166
0.351434
0.406749
0.238455
0.262080
0.202243
0.220553
0.222677
0.223253
0.223436
0.212754
0.224177
0.236975
0.204697
0.189603
0.164604
0.175714
0.152892
0.123731
0.110458
0.182241
0.376854
0.327389
0.418449
0.413449
0.453641
0.425489
0.453107
0.387608
0.318962
0.283151
0.299009
0.220985
0.303218
0.268950
0.336711
0.424962
0.277415
0.395474
0.206745
0.100448
0.224414
0.089171
0.103572
0.074590
0.087322
0.066576
0.128988
0.076352
0.089985
0.183436
0.318906
0.305218
0.348606
0.359615
0.414988
0.343076
0.262476
0.419261
0.263006
0.299072
0.314297
0.314144
0.386866
0.311002
0.338148
0.339620
0.287459
0.335944
0.214089
0.256055
0.359539
0.345830
0.278689
0.322951
0.273102
0.351041
0.224750
0.196572
0.162672
0.312033
0.196013
0.142774
0.138027
0.153452
0.167490
0.179892
0.185755
0.186037
0.188581
0.264958
0.276983
0.192616
0.293338
0.251895
0.367246
0.489665
0.385190
0.447595
0.369449
0.114289
0.103797
0.076124
0.087175
0.103672
0.160606
0.294246
0.130113
0.198657
0.062943
0.099970
0.048317
0.084042
0.084287
0.181058
0.092684
0.080869
0.098579
0.087050
0.104535
0.074094
0.154432
0.124044
0.121062
0.142658
0.152868
0.188561
0.163404
0.135981
0.097997
0.116614
0.104929
0.151954
0.251253
0.230535
0.183794
0.315782
0.302711
0.315258
0.357689
0.381572
0.249732
0.386055
0.237294
0.267613
0.312406
0.237562
0.345917
0.139610
0.148260
0.139111
0.231078
0.176646
0.284323
0.150921
0.284917
0.136543
0.125953
0.120790
0.114484
0.149772
0.311574
0.150245
0.184478
0.293654
0.162294
0.150867
0.210526
0.144378
0.172634
0.284818
0.361231
0.236478
0.202212
0.317165
0.123059
0.127594
0.107038
0.112407
0.110530
0.117512
0.120227
0.129836
0.155513
0.128106
0.149114
0.172907
0.206810
0.221654
0.174453
0.159908
0.170455
0.142393
0.183464
0.234093
0.175653
0.148244
0.226359
0.206555
0.307925
0.395628
0.250740
0.272227
0.249260
0.342748
0.280327
0.328548
0.285027
0.385134
0.320903
0.311175
0.234338
0.279957
0.325850
0.387911
0.376603
0.523016
0.199066
0.268779
0.187117
0.169834
0.176857
0.124145
0.159220
0.289481
0.209273
0.220975
0.166770
0.286970
0.161153
0.240892
0.219107
0.322205
0.291894
0.228949
0.316597
0.214846
0.202925
0.269264
0.372028
0.353025
0.378644
0.337368
0.414592
0.337679
0.271862
0.385516
0.230782
0.299317
0.195189
0.158479
0.335007
0.138613
0.128143
0.309594
0.189937
0.219876
0.199271
0.175538
0.192542
0.217478
0.245707
0.313784
0.388337
0.274615
0.364573
0.500904
0.419271
0.436486
0.423846
0.361696
0.358333
0.325108
0.274833
0.202332
0.202060
0.232300
0.263228
0.205895
0.350558
0.439046
0.363197
0.344307
0.411357
0.350142
0.377768
0.303886
0.382275
0.355467
0.329378
0.331761
0.347425
0.391363
0.327677
0.426501
0.332636
0.338479
0.429204
0.375066
0.359041
0.399677
0.320663
0.339642
0.387089
0.337078
0.317160
0.367353
0.344625
0.313885
0.312050
0.358835
0.357333
0.299597
0.266513
0.350903
0.284666
0.188409
0.201154
0.212142
0.263003
0.283641
0.438698
0.363045
0.354952
0.351343
0.448715
0.282474
0.303362
0.364628
0.180126
0.206383
0.178015
0.265638
0.379179
0.304068
0.382484
0.351317
0.418417
0.359560
0.379809
0.403793
0.368687
0.378965
0.392705
0.425658
0.379025
0.346206
0.451097
0.410255
0.355119
0.336129
0.386793
0.464637
0.390130
0.424066
0.383747
0.382840
0.466365
0.502601
0.365456
0.351021
0.339166
0.360320
0.358103
0.402136
0.369368
0.396798
0.379090
0.362223
0.410365
0.417065
0.348824
0.341497
0.385301
0.441031
0.377433
0.451934
0.373508
0.415590
0.288540
0.324656
0.428042
0.401507
0.222050
0.246818
0.296072
0.189291
0.239630
0.252607
0.334499
0.397224
0.390660
0.358123
0.378434
0.432627
0.269409
0.222003
0.256590
0.178349
0.184910
0.188511
0.170242
0.162542
0.230804
0.340465
0.412310
0.328212
0.385717
0.307058
0.351449
0.365171
0.429565
0.412289
0.350364
0.412812
0.261857
0.288865
0.330279
0.226470
0.237401
0.209783
0.281764
0.401640
0.357099
0.211020
0.236311
0.176009
0.153752
0.161504
0.187183
0.163114
0.274588
0.383903
0.271827
0.138552
0.126814
0.128190
0.105777
0.124141
0.170771
0.201481
0.140982
0.286632
0.128925
0.100444
0.268307
0.091342
0.129072
0.189438
0.278870
0.294773
0.218125
0.167488
0.289439
0.206523
0.262496
0.416293
0.180021
0.182829
0.252724
0.251964
0.258982
0.175692
0.150411
0.245440
0.392908
0.264062
0.282385
0.285768
0.301514
0.337467
0.335258
0.382685
0.358409
0.409444
0.429626
0.373728
0.455258
0.467174
0.329307
0.202394
0.427535
0.150175
0.161316
0.225476
0.302083
0.115792
0.120401
0.102049
0.098935
0.095472
0.222006
0.248112
0.077658
0.067964
0.078892
0.138235
0.297806
0.191551
0.387368
0.293272
0.271627
0.233599
0.238745
0.266032
0.331082
0.346574
0.325339
0.287121
0.272199
0.225703
0.298730
0.252280
0.215868
0.385879
0.330319
0.331427
0.390333
0.359013
0.256422
0.346314
0.219548
0.239080
0.255056
0.230846
0.249032
0.240997
0.240515
0.232011
0.208566
0.296822
0.243408
0.204759
0.251763
0.290475
0.332868
0.401933
0.371440
0.316529
0.346835
0.308256
0.299527
0.310273
0.411553
0.336938
0.406171
0.394496
0.326390
0.297080
0.355763
0.403888
0.402567
0.350132
0.342551
0.290607
0.344883
0.221706
0.253904
0.231621
0.338620
0.384157
0.290882
0.388805
0.324286
0.326462
0.323048
0.346169
0.395248
0.343664
0.331547
0.354483
0.318461
0.448299
0.402569
0.308970
0.377041
0.293653
0.366483
0.287966
0.259457
0.300369
0.370022
0.475399
0.393394
0.396268
0.456319
0.395983
0.446308
0.381047
0.499353
0.387533
0.398793
0.379115
0.404731
0.351309
0.337345
0.380432
0.445219
0.390961
0.562592
0.247090
0.299434
0.340929
0.345461
0.210544
0.272661
0.314056
0.180695
0.147440
0.167406
0.148002
0.128733
0.132708
0.122152
0.131763
0.129012
0.127987
0.167199
0.131545
0.137357
0.165313
0.135490
0.171466
0.141654
0.160652
0.191063
0.145785
0.189296
0.211480
0.194129
0.236318
0.224023
0.241032
0.224064
0.187644
0.183912
0.155742
0.204895
0.162180
0.207841
0.183247
0.222530
0.239739
0.181374
0.211577
0.225171
0.230587
0.239496
0.228969
0.266217
0.234557
0.250298
0.250459
0.295719
0.324383
0.231182
0.206017
0.260495
0.316393
0.294024
0.252761
0.287506
0.340208
0.374496
0.355401
0.425052
0.396048
0.378170
0.367555
0.360698
0.405252
0.462047
0.406784
0.444279
0.397898
0.415142
0.354881
0.390826
0.389991
0.349671
0.504564
0.378960
0.315717
0.329297
0.327408
0.330590
0.236483
0.262167
0.172383
0.210065
0.140497
0.121541
0.120888
0.191217
0.330328
0.480476
0.394136
0.463764
0.354567
0.363498
0.426560
0.392441
0.350228
0.395619
0.291616
0.314832
0.353476
0.450586
0.385848
0.382669
0.293670
0.310817
0.356218
0.264800
0.230191
0.319602
0.400410
0.361874
0.382800
0.320850
0.366854
0.349652
0.299777
0.323557
0.380469
0.237006
0.222144
0.239113
0.245066
0.270182
0.309974
0.335298
0.309834
0.240066
0.347771
0.177963
0.176036
0.248072
0.257479
0.373721
0.424018
0.214157
0.289137
0.244810
0.286610
0.332231
0.262685
0.278725
0.254249
0.295335
0.408120
0.340588
0.354815
0.391464
0.461619
0.414848
0.455401
0.392820
0.385684
0.461291
0.469786
0.370308
0.305417
0.276158
0.281409
0.305553
0.381846
0.239885
0.235583
0.211237
0.154712
0.184482
0.252797
0.388388
0.339871
0.340615
0.235532
0.312163
0.221930
0.241489
0.176138
0.170393
0.170545
0.192711
0.219938
0.284627
0.362729
0.334029
0.337919
0.314702
0.253868
0.256743
0.364185
0.198516
0.164961
0.258522
0.356072
0.423164
0.339018
0.456340
0.349537
0.338497
0.332434
0.352573
0.390030
0.431397
0.385201
0.340207
0.275385
0.302150
0.327729
0.378275
0.383653
0.387082
0.392269
0.391725
0.422972
0.454579
0.300217
0.334182
0.387279
0.379926
0.296662
0.322542
0.435365
0.269145
0.380016
0.358706
0.285032
0.255661
0.307679
0.343811
0.409176
0.372264
0.365569
0.382964
0.433207
0.377138
0.384647
0.387755
0.438484
0.412758
0.407866
0.401249
0.393527
0.534262
0.464317
0.483427
0.403079
0.428867
0.455101
0.352392
0.385640
0.408745
0.401792
0.521044
0.374356
0.441587
0.322137
0.334279
0.331806
0.323860
0.346587
0.198061
0.242394
0.180512
0.161270
0.162141
0.166985
0.192475
0.296513
0.329086
0.408153
0.373123
0.318457
0.402812
0.258706
0.243400
0.229322
0.252090
0.299862
0.179132
0.134040
0.163225
0.101171
0.072389
0.107387
0.081698
0.167282
0.285713
0.233444
0.298621
0.189229
0.187354
0.179292
0.223288
0.126494
0.145259
0.190468
0.174141
0.250848
0.276001
0.458771
0.424053
0.366860
0.433586
0.361475
0.263323
0.329331
0.204557
0.247974
0.186132
0.200983
0.303627
0.202835
0.173999
0.136780
0.174329
0.241797
0.333887
0.267853
0.247746
0.352047
0.288504
0.200299
0.235705
0.287199
0.358289
0.300731
0.346354
0.377857
0.305051
0.281794
0.313972
0.391564
0.436747
0.360858
0.482158
0.440583
0.475182
0.525563
0.447576
0.418986
0.415236
0.407791
0.408768
0.508882
0.487057
0.356975
0.399831
0.283088
0.345288
0.276534
0.344145
0.322889
0.467563
0.388602
0.388625
0.383971
0.385278
0.393839
0.385561
0.334273
0.370811
0.335011
0.353472
0.379650
0.386232
0.346192
0.366915
0.381112
0.369096
0.384939
0.220456
0.231284
0.214637
0.184551
0.178263
0.193015
0.178065
0.221202
0.310328
0.210883
0.293787
0.244847
0.412184
0.388846
0.374368
0.390818
0.411157
0.393081
0.414006
0.388531
0.386595
0.392595
0.449126
0.389635
0.424556
0.419333
0.445234
0.449178
0.397380
0.470384
0.470646
0.401676
0.395326
0.465250
0.422818
0.373315
0.389175
0.393175
0.451852
0.466439
0.382426
0.428732
0.447964
0.358480
0.327471
0.357921
0.440436
0.376750
0.470061
0.393311
0.402627
0.356404
0.329303
0.373087
0.443406
0.392914
0.444541
0.401794
0.404467
0.392608
0.449737
0.402230
0.519966
0.401809
0.428501
0.510001
0.417132
0.409873
0.384537
0.432401
0.282357
0.199700
0.212383
0.254656
0.217059
0.285592
0.362623
0.376067
0.348260
0.292392
0.387656
0.380002
0.258792
0.258283
0.221448
0.346430
0.291211
0.401193
0.257903
0.217515
0.252150
0.341071
0.297595
0.363475
0.305934
0.355248
0.382414
0.382374
0.399474
0.241746
0.194441
0.229171
0.275129
0.292924
0.270019
0.420092
0.332002
0.334029
0.282107
0.319519
0.286359
0.392744
0.295309
0.287451
0.376145
0.268208
0.258224
0.277365
0.363692
0.303900
0.363583
0.269571
0.262191
0.204164
0.283790
0.334355
0.321007
0.405316
0.371122
0.364215
0.411645
0.375941
0.399670
0.504462
0.363078
0.396037
0.336045
0.345582
0.364370
0.321377
0.392986
0.356493
0.405445
0.292124
0.275046
0.332443
0.308940
0.258563
0.318501
0.284235
0.251582
0.406834
0.338383
0.227467
0.281071
0.397424
0.303301
0.358808
0.345932
0.287247
0.338448
0.283539
0.323644
0.302050
0.338284
0.318266
0.278773
0.364507
0.340829
0.315672
0.241081
0.220983
0.282751
0.381447
0.440269
0.422532
0.437522
0.375141
0.345203
0.302142
0.314300
0.425273
0.365962
0.380639
0.366977
0.376277
0.423073
0.370423
0.381263
0.423704
0.415505
0.390295
0.367936
0.299383
0.379763
0.377467
0.325006
0.381616
0.418767
0.300410
0.349135
0.256852
0.293058
0.245155
0.404731
0.464973
0.416822
0.431959
0.403469
0.359181
0.406520
0.388587
0.369720
0.347508
0.382800
0.285268
0.368579
0.375263
0.365537
0.304869
0.389115
0.387920
0.321367
0.362941
0.366151
0.357570
0.334402
0.282115
0.264665
0.314635
0.275969
0.259634
0.265395
0.271357
0.307153
0.379138
0.424321
0.410653
0.388164
0.418944
0.397017
0.340086
0.458714
0.451898
0.470606
0.468561
0.519139
0.092204
0.100052
0.092021
0.069695
0.078441
0.078446
0.048098
0.095351
0.098862
0.231547
0.292506
0.062545
0.068646
0.093135
0.047616
0.090207
0.079246
0.085819
0.087167
0.099807
0.115655
0.099460
0.096040
0.085094
0.084489
0.089534
0.112007
0.099512
0.114115
0.095700
0.105173
0.099612
0.111407
0.110429
0.115923
0.105165
0.131119
0.101841
0.098383
0.115174
0.108988
0.148830
0.121766
0.114420
0.132928
0.127736
0.139706
0.139456
0.129147
0.134121
0.117116
0.104342
0.096725
0.105862
0.111143
0.110803
0.126468
0.108253
0.113963
0.109358
0.109970
0.114557
0.216366
0.164730
0.154328
0.293643
0.175467
0.185365
0.190151
0.244936
0.371388
0.485947
0.315547
0.477909
0.439014
0.333071
0.392468
0.493132
0.464022
0.429164
0.391920
0.393266
0.440056
0.340804
0.190174
0.244836
0.246947
0.359326
0.370328
0.313836
0.275099
0.360422
0.367375
0.392204
0.400570
0.393438
0.382384
0.355931
0.303158
0.295876
0.307022
0.244090
0.397775
0.386559
0.350163
0.309571
0.269663
0.232912
0.247300
0.248812
0.249805
0.247704
0.274709
0.252422
0.234896
0.284899
0.254317
0.296520
0.304350
0.285565
0.264061
0.316847
0.386278
0.326616
0.420477
0.272201
0.201301
0.276244
0.297306
0.292388
0.336482
0.324025
0.182128
0.191417
0.148684
0.159339
0.138691
0.196137
0.193357
0.323429
0.232042
0.373711
0.333732
0.251674
0.234684
0.299173
0.211282
0.159107
0.315325
0.128054
0.114417
0.168936
0.285864
0.359791
0.352716
0.310662
0.281226
0.348875
0.186340
0.174393
0.357327
0.305573
0.110230
0.116301
0.092391
0.061660
0.119014
0.050027
0.197293
0.256387
0.338256
0.320833
0.275800
0.248286
0.247164
0.268183
0.325449
0.316907
0.336009
0.352182
0.281021
0.283543
0.289279
0.322313
0.348237
0.319134
0.292156
0.279996
0.271154
0.266920
0.282618
0.268443
0.277704
0.255760
0.267925
0.241121
0.218242
0.245396
0.240566
0.223074
0.221798
0.229111
0.221846
0.213788
0.210199
0.233719
0.218663
0.208882
0.214914
0.221487
0.233487
0.237985
0.231099
0.230600
0.226791
0.221662
0.239440
0.237365
0.220762
0.243211
0.245830
0.282613
0.264689
0.268191
0.289763
0.280927
0.312973
0.258915
0.263491
0.254737
0.257474
0.256513
0.251105
0.262027
0.257238
0.258408
0.253135
0.259039
0.246803
0.183233
0.177876
0.167735
0.162580
0.189563
0.284203
0.376205
0.315802
0.280275
0.198519
0.206885
0.171053
0.159895
0.208291
0.211744
0.344948
0.336315
0.167214
0.170898
0.244500
0.256407
0.279380
0.250079
0.201169
0.184877
0.216230
0.192259
0.324292
0.175572
0.195540
0.154267
0.158532
0.145483
0.141822
0.155762
0.176423
0.215877
0.241388
0.218856
0.321333
0.112730
0.129544
0.136383
0.134556
0.119432
0.111290
0.124426
0.127503
0.125420
0.127210
0.107902
0.124224
0.137566
0.119353
0.140836
0.178239
0.187023
0.129679
0.142808
0.112534
0.108141
0.104968
0.091256
0.098686
0.124505
0.117693
0.112614
0.121434
0.119388
0.129605
0.101536
0.109950
0.098686
0.147336
0.111231
0.127249
0.128462
0.127819
0.111510
0.214081
0.208953
0.208792
0.218622
0.223228
0.225397
0.239849
0.236321
0.219968
0.218892
0.223088
0.221798
0.219894
0.220425
0.218432
0.222208
0.206255
0.215828
0.219320
0.213950
0.218197
0.212480
0.222526
0.229454
0.253528
0.241914
0.271628
0.278864
0.254334
0.266385
0.266705
0.281947
0.242475
0.233162
0.225553
0.229169
0.257050
0.242019
0.262182
0.256108
0.294645
0.362508
0.296125
0.340605
0.308007
0.219133
0.226582
0.291638
0.210660
0.196139
0.374984
0.418229
0.395226
0.470497
0.390888
0.500155
0.371220
0.259786
0.498499
0.252948
0.189908
0.225224
0.174531
0.194736
0.249629
0.196359
0.168456
0.185317
0.213975
0.193729
0.312329
0.232283
0.409864
0.343633
0.423907
0.224827
0.296206
0.174439
0.173651
0.178258
0.159108
0.150787
0.174400
0.147534
0.169947
0.173075
0.144599
0.168215
0.143519
0.159199
0.191506
0.195337
0.209301
0.157438
0.178589
0.220006
0.177320
0.180938
0.303663
0.460843
0.330061
0.230460
0.187084
0.171103
0.182487
0.195848
0.147852
0.163249
0.184209
0.173929
0.192478
0.187041
0.174694
0.184581
0.194924
0.187651
0.198815
0.195260
0.211390
0.213489
0.227163
0.220155
0.280621
0.342437
0.334587
0.363900
0.484881
0.355427
0.484022
0.280225
0.189164
0.188298
0.205267
0.281205
0.232862
0.351894
0.489055
0.306668
0.296374
0.320104
0.237398
0.221147
0.229298
0.203541
0.349102
0.312444
0.606100
0.424146
0.616475
0.391472
0.552839
0.258984
0.264516
0.239029
0.254916
0.258403
0.240423
0.243990
0.239491
0.263726
0.244345
0.287397
0.340059
0.406707
0.285945
0.324061
0.376712
0.251349
0.231707
0.061384
0.058134
0.048479
0.061171
0.025241
0.020761
0.056218
0.068608
0.198250
0.082560
0.056197
0.089775
0.076299
0.037016
0.044512
0.088452
0.089779
0.037962
0.066202
0.046461
0.025829
0.130533
0.145738
0.127517
0.136474
0.217838
0.169425
0.222398
0.264569
0.126003
0.158387
0.253107
0.091932
0.141513
0.292066
0.037863
0.073381
0.034775
0.017406
0.005162
0.000000
0.028121
0.026136
0.036413
0.054961
0.057740
0.058220
0.236107
0.093588
0.206440
0.069638
0.087669
0.114728
0.066586
0.056394
0.108456
0.038485
0.055391
0.062565
0.068972
0.145138
0.153743
0.149573
0.139648
0.149946
0.148584
0.136665
0.130415
0.142976
0.129891
0.146101
0.137077
0.096688
0.075172
0.131300
0.120243
0.057915
0.059932
0.060067
0.079995
0.100982
0.088604
0.111895
0.121968
0.147719
0.147312
0.148270
0.148662
0.141604
0.143493
0.140394
0.142386
0.138527
0.130209
0.126896
0.104056
0.115133
0.111450
0.082486
0.134433
0.128229
0.125124
0.122691
0.135217
0.132138
0.142467
0.129846
0.133311
0.073435
0.095366
0.126333
0.134996
0.127922
0.116927
0.121926
0.392015
0.405965
0.538316
0.388335
0.377478
0.401261
0.447910
0.408316
0.456560
0.462893
0.396000
0.483426
0.398097
0.368607
0.455660
0.416771
0.538623
0.434867
0.515859
0.633227
0.642893
0.581360
0.104756
0.155043
0.145978
0.046759
0.056174
0.066211
0.109352
0.073895
0.159803
0.161321
0.197158
0.208433
0.170517
0.160374
0.169025
0.170463
0.184273
0.114003
0.107666
0.138638
0.095596
0.091640
0.096215
0.123441
0.075631
0.137865
0.116461
0.299176
0.209900
0.241629
0.260659
0.300197
0.525139
0.400902
0.604484
0.390019
0.214687
0.284101
0.195515
0.208991
0.313877
0.250484
0.390057
0.421651
0.421424
0.385207
0.313572
0.440535
0.401238
0.206212
0.276885
0.088150
0.074736
0.071809
0.088269
0.081861
0.087082
0.109578
0.072070
0.130594
0.137655
0.157056
0.146615
0.129419
0.125423
0.085157
0.086760
0.050212
0.075969
0.067773
0.049060
0.140263
0.277717
0.255634
0.328315
0.114088
0.191874
0.156436
0.215032
0.208315
0.308791
0.323419
0.410982
0.413328
0.476840
0.320175
0.228867
0.205192
0.298751
0.202462
0.242762
0.309284
0.287847
0.285965
0.344930
0.425423
0.309846
0.227269
0.078065
0.080907
0.077360
0.040830
0.064313
0.055644
0.044346
0.098933
0.465512
0.467018
0.529254
0.465067
0.464349
0.463150
0.489650
0.548457
0.449148
0.457648
0.407642
0.416468
0.359779
0.436217
0.457497
0.472300
0.499291
0.556369
0.508232
0.560555
0.585201
0.556589
0.553984
0.555528
0.591612
0.517712
0.502542
0.470710
0.469807
0.495210
0.519965
0.513231
0.528612
0.491908
0.483558
0.528909
0.260052
0.270672
0.297446
0.292024
0.315919
0.290364
0.303393
0.321375
0.448674
0.345229
0.398111
0.625911
0.477970
0.630050
0.610409
0.691197
0.542625
0.420398
0.620488
0.356353
0.435518
0.399579
0.361675
0.423476
0.475759
0.452330
0.459013
0.505835
0.455753
0.416030
0.256484
0.356571
0.267797
0.360559
0.198253
0.270921
0.294205
0.283714
0.293797
0.306636
0.345189
0.198875
0.266820
0.198227
0.130607
0.111562
0.086088
0.079608
0.165007
0.229535
0.111053
0.334443
0.304167
0.336400
0.296328
0.348568
0.309848
0.249189
0.304512
0.375902
0.333449
0.420311
0.283979
0.282883
0.313230
0.297119
0.279190
0.355734
0.303270
0.320990
0.437737
0.384308
0.393981
0.392542
0.329253
0.333858
0.294245
0.354316
0.092818
0.091085
0.094441
0.059755
0.071690
0.086015
0.079393
0.081916
0.097118
0.228559
0.270019
0.278752
0.394304
0.390633
0.338035
0.233130
0.113628
0.102039
0.056334
0.073515
0.061129
0.094130
0.049555
0.060896
0.091345
0.087258
0.319046
0.240112
0.290908
0.350196
0.292213
0.317588
0.405087
0.582103
0.486797
0.517088
0.328566
0.367262
0.347936
0.307317
0.315603
0.390342
0.400426
0.600440
0.382510
0.304722
0.506951
0.275436
0.319179
0.363837
0.376727
0.438600
0.374910
0.398523
0.366949
0.330336
0.322609
0.343793
0.497987
0.397031
0.469597
0.458581
0.436695
0.392698
0.469996
0.371771
0.378990
0.520860
0.408260
0.598226
0.404134
0.382214
0.392609
0.462994
0.391434
0.534655
0.347192
0.362228
0.344879
0.334035
0.296885
0.307675
0.367858
0.381606
0.648062
0.083406
0.100301
0.081527
0.062958
0.056136
0.075863
0.063779
0.059818
0.062269
0.070749
0.077248
0.049357
0.042333
0.071983
0.062491
0.042494
0.063225
0.151663
0.126091
0.137172
0.150707
0.144355
0.135498
0.118372
0.139188
0.155989
0.154986
0.157706
0.163995
0.136722
0.049591
0.033168
0.082583
0.074171
0.020963
0.057332
0.019845
0.052902
0.035870
0.081748
0.094276
0.087501
0.094250
0.095852
0.087171
0.072010
0.093055
0.082123
0.085109
0.072536
0.076498
0.085063
0.068630
0.074370
0.065795
0.070614
0.077773
0.071093
0.112639
0.116338
0.128561
0.129227
0.140187
0.151934
0.122915
0.119843
0.105316
0.118323
0.104886
0.096669
0.097814
0.099687
0.117530
0.052142
0.069722
0.046460
0.077332
0.054635
0.054187
0.036712
0.064650
0.067217
0.065480
0.102448
0.123980
0.099193
0.104788
0.108602
0.131812
0.106631
0.144109
0.133974
0.147406
0.128107
0.114478
0.125323
0.104917
0.096267
0.115578
0.082501
0.094319
0.084483
0.106966
0.116850
0.122435
0.157794
0.094409
0.079264
0.077857
0.062350
0.063173
0.102139
0.146363
0.283024
0.282669
0.344862
0.268281
0.289421
0.391216
0.261629
0.296563
0.277001
0.320828
0.434966
0.449782
0.395120
0.531681
0.442123
0.410835
0.334999
0.327810
0.314817
0.395356
0.287529
0.344982
0.292925
0.372982
0.359377
0.397548
0.438163
0.451640
0.515193
0.487672
0.420267
0.363814
0.180176
0.212676
0.174804
0.143075
0.147804
0.159685
0.119724
0.124015
0.159905
0.099551
0.125418
0.134788
0.100042
0.114112
0.119630
0.089214
0.158677
0.134692
0.354592
0.290204
0.322729
0.373487
0.300381
0.240902
0.457279
0.405135
0.493500
0.400693
0.467569
0.511668
0.380801
0.450571
0.367445
0.389684
0.433147
0.377990
0.313050
0.394444
0.424156
0.400120
0.401175
0.412120
0.431757
0.401044
0.367054
0.315491
0.319172
0.295807
0.277231
0.273807
0.377562
0.341314
0.312023
0.336685
0.340785
0.392150
0.407199
0.398394
0.327604
0.281823
0.337084
0.410324
0.370547
0.356143
0.348550
0.253972
0.324196
0.268179
0.347752
0.428903
0.389152
0.364278
0.354097
0.366342
0.528068
0.498385
0.608958
0.555095
0.519793
0.474211
0.445118
0.490043
0.446664
0.344656
0.409510
0.324600
0.400671
0.299639
0.311933
0.446060
0.435763
0.428221
0.478906
0.507944
0.483814
0.484124
0.438078
0.368291
0.396268
0.349092
0.330339
0.330723
0.338701
0.390097
0.573069
0.485505
0.602413
0.448624
0.615673
0.564237
0.631579
0.656523
0.612684
0.533068
0.596519
0.516364
0.609804
0.543309
0.639109
0.534804
0.497535
0.230932
0.159974
0.171953
0.147244
0.122088
0.201481
0.138855
0.175200
0.133192
0.130596
0.143830
0.117100
0.139906
0.071171
0.073484
0.083247
0.080261
0.085477
0.086529
0.056022
0.064160
0.072918
0.066873
0.082830
0.050763
0.063962
0.062359
0.086233
0.296757
0.304797
0.236397
0.405626
0.326814
0.280224
0.228171
0.224684
0.236821
0.239052
0.305547
0.248198
0.310083
0.393860
0.527301
0.379345
0.367183
0.480008
0.414431
0.409033
0.382425
0.114134
0.075432
0.096801
0.038588
0.051285
0.087429
0.157845
0.090914
0.122494
0.116593
0.126066
0.138193
0.152801
0.126958
0.140965
0.126114
0.111973
0.135228
0.086679
0.083853
0.103219
0.097864
0.082709
0.116710
0.130510
0.105424
0.119790
0.145921
0.162733
0.138919
0.286924
0.306834
0.328654
0.304526
0.301303
0.263739
0.325023
0.130155
0.240017
0.165907
0.124039
0.199741
0.254646
0.303421
0.385441
0.403920
0.383382
0.359647
0.369870
0.395875
0.419734
0.400997
0.448957
0.495687
0.453349
0.412370
0.421538
0.514204
0.498357
0.483131
0.472533
0.418125
0.218978
0.191027
0.152804
0.225030
0.102302
0.221313
0.334022
0.288258
0.275666
0.303709
0.261469
0.285751
0.322754
0.218165
0.284736
0.358780
0.096666
0.072512
0.090193
0.109423
0.042848
0.055756
0.071922
0.100393
0.121661
0.110778
0.121125
0.090137
0.073471
0.064718
0.042287
0.256249
0.282771
0.368669
0.269544
0.278721
0.291738
0.284689
0.316859
0.335606
0.328374
0.469080
0.309171
0.279435
0.284371
0.260499
0.348759
0.411164
0.317674
0.415569
0.308467
0.295437
0.395977
0.319639
0.395903
0.359705
0.414717
0.402062
0.332558
0.321428
0.328789
0.294124
0.281483
0.332977
0.328696
0.432066
0.342364
0.303960
0.290498
0.353523
0.418906
0.348552
0.375797
0.422105
0.072285
0.080967
0.036875
0.054640
0.042693
0.163526
0.074537
0.092997
0.116124
0.080899
0.113490
0.096284
0.094534
0.069898
0.082270
0.078712
0.097191
0.117085
0.083812
0.089428
0.084597
0.075510
0.071064
0.070547
0.069922
0.066557
0.074407
0.085136
0.091858
0.121538
0.095348
0.143528
0.721190
0.678715
0.688197
0.605837
0.641123
0.691541
0.568969
0.519075
0.653774
0.788540
0.805019
0.751702
0.778983
0.674557
0.765010
0.731310
0.801825
0.793226
0.763720
0.753639
0.831079
0.749583
0.758839
0.743756
0.756121
0.727545
0.320870
0.328147
0.315487
0.304244
0.268827
0.257200
0.283852
0.281040
0.287096
0.286090
0.355953
0.309562
0.290504
0.299102
0.296151
0.317052
0.286166
0.385236
0.298093
0.471591
0.257306
0.259132
0.221583
0.239396
0.317408
0.283391
0.434077
0.565678
0.603529
0.684548
0.577527
0.644554
0.639345
0.600209
0.622750
0.653692
0.069011
0.096662
0.082777
0.050856
0.078789
0.070768
0.030804
0.022000
0.016669
0.021530
0.032660
0.049729
0.039207
0.054027
0.079047
0.115222
0.091615
0.131695
0.331793
0.356153
0.281561
0.290432
0.332003
0.359732
0.365958
0.424622
0.393937
0.491926
0.467042
0.296561
0.270744
0.268040
0.323722
0.275671
0.362351
0.271401
0.329346
0.244813
0.253778
0.303974
0.226119
0.300997
0.414807
0.386543
0.266687
0.214761
0.219118
0.219272
0.165544
0.301379
0.304557
0.212359
0.367346
0.361971
0.414701
0.334589
0.420963
0.375916
0.358981
0.436992
0.412200
0.336012
0.439622
0.526437
0.481752
0.425146
0.417888
0.334356
0.350402
0.404620
0.273794
0.310856
0.376113
0.414220
0.399032
0.492018
0.391996
0.419346
0.469016
0.409594
0.431596
0.480093
0.450139
0.525946
0.560452
0.405912
0.400618
0.427402
0.368980
0.526778
0.347079
0.319985
0.368955
0.394251
0.423123
0.429747
0.613844
0.281529
0.290881
0.117888
0.144107
0.071732
0.141173
0.162758
0.100439
0.164054
0.375449
0.206314
0.286539
0.169373
0.342857
0.138722
0.160235
0.130630
0.125398
0.135054
0.354305
0.176360
0.306861
0.260280
0.289801
0.250752
0.277338
0.335511
0.304265
0.393121
0.332099
0.306084
0.291242
0.301896
0.340393
0.321901
0.274512
0.250366
0.252772
0.239741
0.266049
0.263224
0.181274
0.218242
0.214198
0.263982
0.238119
0.236309
0.165409
0.199985
0.202947
0.179157
0.236393
0.185114
0.118792
0.176591
0.198968
0.099657
0.144879
0.077173
0.093970
0.112738
0.143425
0.139690
0.159886
0.140672
0.243045
0.129929
0.146287
0.183890
0.117384
0.111638
0.104153
0.105244
0.102903
0.102711
0.101093
0.101749
0.101128
0.103445
0.122672
0.107193
0.123933
0.118160
0.133245
0.144623
0.103853
0.172141
0.159510
0.169537
0.146907
0.200972
0.115802
0.111820
0.100435
0.094732
0.097663
0.100500
0.088948
0.094176
0.124414
0.102607
0.139527
0.134288
0.138950
0.128125
0.139941
0.142734
0.130481
0.131579
0.140233
0.129517
0.202939
0.195179
0.210738
0.238683
0.242851
0.223052
0.249259
0.159921
0.156228
0.122173
0.148907
0.211654
0.275895
0.648506
0.709516
0.814979
0.651820
0.670438
0.715749
0.604264
0.536006
0.695809
0.637187
0.754797
0.786739
0.864796
0.872931
0.767306
0.728585
0.723673
0.826233
0.827618
0.764376
0.873194
0.856657
0.866056
0.887006
0.947012
0.909075
0.883783
0.801543
0.849075
0.800906
0.706798
0.855018
0.769314
0.636208
0.868503
0.322228
0.189761
0.280349
0.339800
0.161908
0.151241
0.168260
0.192572
0.231061
0.255010
0.252141
0.235125
0.200952
0.174983
0.241340
0.295274
0.416250
0.390093
0.405716
0.398573
0.429769
0.504964
0.436666
0.462014
0.488094
0.540144
0.481243
0.423443
0.447117
0.421325
0.408049
0.409501
0.402304
0.398195
0.396978
0.393976
0.395502
0.398017
0.414148
0.445949
0.404128
0.417306
0.421697
0.420026
0.485149
0.454284
0.365591
0.362133
0.315739
0.331770
0.335602
0.402712
0.384998
0.409787
0.527258
0.397961
0.501480
0.388784
0.397778
0.650150
0.804490
0.882042
0.764226
0.840849
0.740870
0.608802
0.557222
0.445246
0.509970
0.613940
0.598048
0.660808
0.599098
0.786868
0.584216
0.506460
0.364702
0.291213
0.348767
0.415670
0.852382
0.715087
0.638463
0.579142
0.669978
0.761860
0.920949
0.959633
0.946736
1.000000
0.860496
0.827346
0.204735
0.142097
0.126053
0.082497
0.076488
0.167802
0.117282
0.388777
0.380146
0.372106
0.416288
0.381982
0.361488
0.438679
0.438960
0.442112
0.321492
0.369352
0.357979
0.371530
0.388152
0.408373
0.363831
0.312835
0.327840
0.295300
0.317689
0.314038
0.296668
0.244656
0.251175
0.200930
0.234227
0.297865
0.267380
0.195391
0.194371
0.188473
0.212130
0.225687
0.259762
0.243597
0.237431
0.262241
0.126008
0.103955
0.120149
0.096812
0.095633
0.110450
0.130099
0.132647
0.122771
0.104308
0.112126
0.129609
0.146405
0.133121
0.123198
0.159143
0.196555
0.149242
0.176541
0.105786
0.091556
0.079360
0.074722
0.110870
0.140672
0.163560
0.150126
0.183549
0.174019
0.212869
0.354955
0.363003
0.328444
0.376971
0.389942
0.466141
0.372197
0.304729
0.321452
0.352870
0.344334
0.404796
0.397223
0.526431
0.399884
0.356105
0.400068
0.464465
0.387638
0.391702
0.382169
0.404456
0.527867
0.367462
0.387415
0.445407
0.369806
0.366092
0.337515
0.373873
0.355312
0.369768
0.427418
0.354037
0.376340
0.375064
0.440972
0.413993
0.353504
0.317601
0.375073
0.245012
0.289298
0.433524
0.361891
0.370018
0.457532
0.217133
0.196599
0.228817
0.216954
0.196936
0.233037
0.226574
0.270705
0.282674
0.308216
0.260887
0.273124
0.314988
0.251915
0.299595
0.412495
0.418805
0.388267
0.430003
0.398106
0.406080
0.384507
0.334575
0.132379
0.127656
0.144854
0.120726
0.101112
0.184946
0.111665
0.193627
0.146383
0.135701
0.143188
0.170111
0.147962
0.161254
0.213418
0.141445
0.153946
0.172322
0.165541
0.510344
0.351176
0.306800
0.350043
0.329829
0.380710
0.295481
0.504623
0.403914
0.409127
0.444778
0.461971
0.429754
0.428715
0.400044
0.403534
0.409469
0.484506
0.134100
0.151127
0.110727
0.137190
0.088343
0.083875
0.109879
0.126417
0.150202
0.124610
0.478140
0.497111
0.603313
0.504922
0.457808
0.384717
0.445529
0.594127
0.639876
0.727344
0.590532
0.547739
0.536473
0.642131
0.652401
0.727068
0.687602
0.689679
0.712197
0.760101
0.612050
0.779809
0.779153
0.685079
0.556052
0.345015
0.299585
0.336854
0.297306
0.290226
0.321684
0.326170
0.301619
0.306230
0.332555
0.312293
0.384555
0.365165
0.332246
0.347343
0.381713
0.343893
0.351892
0.365599
0.340448
0.338763
0.162273
0.161163
0.193094
0.188195
0.177933
0.150982
0.142725
0.142564
0.168331
0.282321
0.317298
0.294479
0.310352
0.359828
0.326460
0.297036
0.267039
0.287738
0.280261
0.336856
0.344450
0.425614
0.340335
0.279781
0.347812
0.351493
0.361382
0.321533
0.322798
0.345034
0.345971
0.528829
0.413213
0.249959
0.285760
0.290973
0.285041
0.243431
0.259457
0.280612
0.339289
0.316891
0.286004
0.303029
0.324279
0.336232
0.353810
0.361691
0.390407
0.402240
0.465226
0.371134
0.384099
0.396691
0.410093
0.447646
0.398200
0.390566
0.476273
0.393054
0.389222
0.393058
0.356279
0.468851
0.455787
0.478311
0.509460
0.522563
0.492243
0.461763
0.448895
0.424025
0.450192
0.379439
0.498832
0.467473
0.493347
0.474450
0.428996
0.387523
0.357480
0.387371
0.372221
0.333417
0.289752
0.308165
0.334600
0.338027
0.329469
0.337601
0.286676
0.279441
0.281304
0.329068
0.300864
0.316609
0.394728
0.482260
0.534224
0.392265
0.516236
0.372636
0.389793
0.290340
0.357534
0.356152
0.473433
0.400420
0.374425
0.353032
0.334331
0.292076
0.300315
0.275404
0.288317
0.303529
0.274502
0.290031
0.287656
0.283931
0.315601
0.299147
0.275899
0.281086
0.269478
0.276787
0.286423
0.274302
0.290155
0.283199
0.245777
0.137417
0.142154
0.183760
0.242606
0.276404
0.230781
0.352344
0.178526
0.103169
0.065489
0.071986
0.110932
0.081397
0.363279
0.369320
0.409299
0.383967
0.371898
0.392878
0.385266
0.358289
0.320831
0.335474
0.503959
0.208023
0.182771
0.171031
0.114167
0.090547
0.140256
0.103097
0.162649
0.222864
0.412741
0.355645
0.322552
0.311564
0.163812
0.208353
0.208605
0.203552
0.157647
0.178886
0.132199
0.131971
0.149048
0.131043
0.136804
0.185904
0.185834
0.161221
0.187687
0.215459
0.185990
0.205289
0.206149
0.180612
0.151911
0.192514
0.119760
0.126966
0.148572
0.159513
0.123677
0.194062
0.215926
0.078418
0.095116
0.080488
0.081397
0.072155
0.084389
0.061273
0.086576
0.069684
0.085381
0.089499
0.101989
0.122357
0.116809
0.102729
0.151385
0.084680
0.081789
0.102229
0.113115
0.090217
0.131119
0.135826
0.163800
0.121667
0.096959
0.134489
0.090361
0.084834
0.076420
0.077852
0.072917
0.087449
0.084071
0.097577
0.090432
0.099675
0.114899
0.115932
0.105656
0.114496
0.103216
0.109329
0.103363
0.120056
0.115965
0.129331
0.119053
0.142270
0.125914
0.147300
0.139305
0.153811
0.142364
0.154560
0.161525
0.126940
0.156870
0.118486
0.135307
0.148316
0.152840
0.176763
0.121687
0.179046
0.139298
0.159019
0.129606
0.094181
0.140533
0.100104
0.086757
0.076790
0.102960
0.143083
0.286642
0.323277
0.382013
0.475413
0.395543
0.468366
0.391365
0.376542
0.393327
0.339241
0.276169
0.280438
0.309960
0.278710
0.276269
0.324364
0.282028
0.360343
0.294847
0.373533
0.340170
0.448101
0.384605
0.368908
0.371828
0.337089
0.330817
0.374114
0.329015
0.364481
0.497305
0.396088
0.380391
0.474745
0.385548
0.381328
0.472391
0.497617
0.382866
0.383738
0.452408
0.385750
0.388530
0.389670
0.432164
0.427423
0.405181
0.400939
0.396804
0.434421
0.432829
0.379972
0.452733
0.450365
0.426011
0.429383
0.329293
0.329532
0.310861
0.317669
0.287698
0.320689
0.355491
0.390225
0.400614
0.369382
0.446832
0.435959
0.417072
0.427932
0.369248
0.360404
0.322979
0.291741
0.279785
0.260264
0.308292
0.357263
0.498032
0.489658
0.461061
0.486514
0.472803
0.468658
0.465375
0.446514
0.456221
0.521295
0.482107
0.466471
0.481917
0.451622
0.439925
0.382857
0.390146
0.384374
0.319422
0.378460
0.392058
0.318099
0.323424
0.295512
0.283253
0.350554
0.424837
0.444180
0.390290
0.318025
0.297482
0.400231
0.422990
0.390360
0.309727
0.454559
0.463144
0.479680
0.519554
0.239796
0.237759
0.205126
0.210881
0.184249
0.220751
0.182991
0.205761
0.203532
0.243876
0.311668
0.227439
0.423728
0.299659
0.389308
0.224108
0.223104
0.275512
0.290012
0.266835
0.261428
0.307616
0.296798
0.252694
0.258074
0.248208
0.246121
0.290641
0.285163
0.294170
0.298469
0.217350
0.231403
0.217214
0.198355
0.206572
0.186503
0.221185
0.210442
0.247500
0.217697
0.205937
0.183443
0.188241
0.248533
0.145589
0.122383
0.157009
0.169798
0.235290
0.163950
0.146259
0.214051
0.122671
0.124641
0.147149
0.178657
0.190313
0.201098
0.173678
0.191117
0.177149
0.183619
0.180764
0.172815
0.182846
0.183889
0.180743
0.174786
0.177216
0.173036
0.295840
0.303717
0.318546
0.379686
0.400111
0.333108
0.381535
0.453397
0.374363
0.389019
0.495257
0.361714
0.402019
0.302794
0.223608
0.359082
0.206226
0.262844
0.308521
0.391268
0.366916
0.388540
0.380069
0.286512
0.336572
0.339515
0.290001
0.351616
0.388187
0.241993
0.243322
0.230085
0.306931
0.248709
0.273153
0.208897
0.359403
0.265935
0.357258
0.279272
0.390485
0.360614
0.383309
0.378862
0.353987
0.358741
0.373954
0.380416
0.312172
0.333605
0.369052
0.366433
0.375746
0.350730
0.335603
0.330939
0.337516
0.341269
0.262700
0.274670
0.283683
0.267606
0.306695
0.308711
0.282979
0.270334
0.269374
0.257909
0.287211
0.273781
0.214763
0.224965
0.193851
0.185938
0.415477
0.305795
0.345622
0.316735
0.438656
0.320712
0.383121
0.280409
0.415455
0.385022
0.295424
0.206666
0.242664
0.204613
0.167285
0.162570
0.161880
0.155072
0.172469
0.175019
0.167631
0.176955
0.179809
0.242893
0.234468
0.263595
0.250056
0.243510
0.253170
0.239140
0.250464
0.231892
0.240122
0.235918
0.245020
0.206519
0.276534
0.256532
0.214399
0.188046
0.181027
0.176829
0.213838
0.155298
0.266644
0.248837
0.286697
0.261219
0.281418
0.312330
0.256602
0.250924
0.263989
0.246708
0.290740
0.246401
0.241926
0.228105
0.241288
0.286170
0.141406
0.161425
0.137980
0.164137
0.161749
0.116318
0.115446
0.124184
0.141709
0.132861
0.133332
0.162792
0.142851
0.131743
0.135494
0.138058
0.163551
0.261885
0.262487
0.250384
0.238797
0.258553
0.225001
0.265251
0.280437
0.268642
0.297547
0.089923
0.103296
0.117242
0.095274
0.112904
0.116653
0.092347
0.087549
0.057968
0.068558
0.053485
0.066659
0.090368
0.087348
0.373474
0.365795
0.380987
0.376690
0.378616
0.388295
0.396303
0.387828
0.385348
0.364308
0.359968
0.335029
0.342152
0.325008
0.351566
0.364019
0.374319
0.350913
0.346444
0.333718
0.317326
0.362156
0.341380
0.380957
0.365310
0.377504
0.347187
0.308469
0.301782
0.279861
0.261234
0.305046
0.328504
0.283756
0.306469
0.155740
0.215748
0.228148
0.230164
0.208047
0.173141
0.096721
0.136922
0.140765
0.101850
0.097046
0.174764
0.120376
0.306066
0.264720
0.287715
0.251653
0.240908
0.300639
0.238991
0.260253
0.269318
0.236517
0.239329
0.235595
0.235414
0.245755
0.245181
0.245380
0.244244
0.205119
0.246273
0.237488
0.129017
0.142149
0.130801
0.126964
0.121082
0.123183
0.107083
0.160682
0.115109
0.184847
0.142268
0.137247
0.203051
0.120107
0.114071
0.146861
0.114397
0.131753
0.178700
0.219777
0.201621
0.201208
0.264248
0.166038
0.156022
0.212924
0.144534
0.138744
0.127500
0.124053
0.121575
0.181644
0.161464
0.195817
0.227670
0.155247
0.215288
0.151478
0.136649
0.096032
0.137522
0.213210
0.239327
0.243499
0.246941
0.232865
0.240406
0.251144
0.295943
0.340411
0.367400
0.301988
0.331280
0.373846
0.312327
0.272014
0.261306
0.280989
0.244688
0.295030
0.322565
0.306586
0.337400
0.267867
0.254423
0.269110
0.255769
0.312690
0.210403
0.219456
0.283351
0.205529
0.166127
0.201445
0.196493
0.170232
0.238865
0.166707
0.177453
0.190473
0.184022
0.189462
0.216549
0.214156
0.174103
0.185447
0.183132
0.177507
0.190599
0.197482
0.179859
0.201495
0.191878
0.183093
0.196205
0.197615
0.196582
0.191385
0.198685
0.180552
0.191135
0.203304
0.194710
0.270558
0.267115
0.324920
0.277408
0.348970
0.285847
0.292388
0.285298
0.329046
0.352214
0.356511
0.349016
0.287574
0.292520
0.294637
0.299908
0.313833
0.295239
0.259656
0.278246
0.274365
0.276454
0.256904
0.316234
0.368671
0.405350
0.367610
0.358809
0.372532
0.325938
0.322632
0.354691
0.377385
0.395876
0.381609
0.349528
0.344297
0.368937
0.367238
0.328059
0.295398
0.241887
0.309769
0.261450
0.282890
0.336496
0.317141
0.219702
0.190360
0.195309
0.169904
0.241437
0.227102
0.278133
0.221704
0.308322
0.315347
0.327405
0.346533
0.320156
0.336766
0.397702
0.382738
0.315125
0.365449
0.423574
0.364743
0.376399
0.311524
0.327464
0.329631
0.391295
0.399825
0.271662
0.239729
0.259696
0.228345
0.176153
0.186913
0.179869
0.225443
0.325966
0.304516
0.312044
0.279131
0.319820
0.333594
0.259767
0.280860
0.266043
0.297363
0.240955
0.330302
0.312745
0.290829
0.296366
0.277650
0.264369
0.231189
0.178734
0.175344
0.197380
0.202316
0.300379
0.337813
0.345279
0.317333
0.323594
0.332416
0.313763
0.328358
0.308514
0.186668
0.224715
0.158128
0.141083
0.196603
0.144748
0.141875
0.156900
0.131056
0.139208
0.132680
0.120808
0.124150
0.160108
0.212364
0.256721
0.320252
0.260738
0.326428
0.237440
0.243132
0.250745
0.238312
0.224642
0.216879
0.230229
0.232011
0.228262
0.226894
0.230506
0.235616
0.273003
0.174173
0.170234
0.148550
0.173907
0.168889
0.172478
0.152702
0.136388
0.132812
0.129043
0.127104
0.155690
0.170182
0.157212
0.182022
0.105641
0.112691
0.105364
0.097324
0.107247
0.089470
0.089171
0.096076
0.091215
0.089694
0.105832
0.109015
0.113307
0.118117
0.111427
0.120485
0.124735
0.127355
0.136735
0.130573
0.131405
0.137732
0.161449
0.124436
0.125138
0.118412
0.121100
0.125372
0.125182
0.179712
0.173338
0.196248
0.202266
0.185642
0.168564
0.177498
0.168516
0.169915
0.158203
0.159043
0.136005
0.135994
0.182375
0.177542
0.164388
0.173197
0.171611
0.157315
0.204852
0.187534
0.232506
0.198630
0.296254
0.181144
0.180978
0.253002
0.176728
0.157901
0.179429
0.209571
0.379281
0.285311
0.237517
0.180780
0.354533
0.150549
0.147455
0.148734
0.134898
0.136991
0.153178
0.142850
0.176790
0.133862
0.136475
0.124759
0.123624
0.125557
0.170488
0.214436
0.305537
0.271837
0.377359
0.265210
0.208925
0.355142
0.181021
0.349048
0.110962
0.265603
0.166580
0.131894
0.104376
0.101723
0.138917
0.185595
0.144193
0.351293
0.193212
0.157602
0.157208
0.125230
0.278546
0.223106
0.292711
0.314845
0.235042
0.222121
0.173354
0.173713
0.196694
0.109338
0.120415
0.162370
0.110857
0.364466
0.260045
0.330014
0.313888
0.369490
0.257131
0.154587
0.284171
0.103240
0.108542
0.126528
0.161063
0.227071
0.111646
0.106643
0.127038
0.141175
0.213587
0.381425
0.372772
0.387808
0.353642
0.376641
0.381938
0.370393
0.375261
0.348358
0.293935
0.322500
0.373764
0.336753
0.350334
0.333932
0.375392
0.416736
0.367589
0.409405
0.367349
0.335662
0.365504
0.349073
0.349079
0.371237
0.378921
0.370114
0.336351
0.311893
0.357472
0.378564
0.341187
0.374069
0.369938
0.377190
0.321936
0.395771
0.215103
0.341565
0.234467
0.276299
0.303205
0.172047
0.389045
0.373169
0.383403
0.252538
0.194320
0.197817
0.181488
0.171335
0.170160
0.174526
0.127738
0.131542
0.166037
0.129065
0.136693
0.157118
0.371771
0.344893
0.336573
0.311807
0.331294
0.308277
0.407989
0.405245
0.431236
0.422520
0.550034
0.372131
0.379117
0.370309
0.358036
0.355204
0.371391
0.341370
0.354107
0.383895
0.383259
0.392434
0.365003
0.570338
0.420153
0.516894
0.402994
0.477836
0.273397
0.316918
0.402537
0.345873
0.325407
0.268596
0.248372
0.283224
0.276462
0.352211
0.329036
0.323406
0.345092
0.278075
0.284520
0.301104
0.225098
0.260353
0.202785
0.198613
0.219465
0.229995
0.174670
0.197382
0.149516
0.167167
0.165898
0.189522
0.231074
0.256345
0.219142
0.290509
0.194758
0.218624
0.226696
0.182951
0.194851
0.179611
0.182497
0.188568
0.193627
0.229251
0.233290
0.229401
0.207575
0.213481
0.193479
0.184387
0.172861
0.204196
0.185563
0.147338
0.169330
0.147473
0.148317
0.112247
0.116459
0.128490
0.119056
0.154164
0.131623
0.166317
0.128332
0.109506
0.116923
0.111849
0.096835
0.129995
0.129002
0.151287
0.144321
0.176431
0.210562
0.221486
0.196765
0.231344
0.206810
0.222678
0.197477
0.203330
0.173106
0.171853
0.211486
0.189112
0.232974
0.186151
0.168185
0.198674
0.209333
0.213147
0.223034
0.220921
0.194563
0.260841
0.198819
0.186268
0.264837
0.208352
0.233844
0.293604
0.200586
0.199006
0.180681
0.163228
0.192339
0.326379
0.406595
0.499648
0.211063
0.305475
0.223315
0.197549
0.299575
0.297270
0.401396
0.382373
0.388531
0.361489
0.503403
0.362049
0.378964
0.422760
0.397984
0.297032
0.373890
0.333066
0.396468
0.349123
0.250907
0.274604
0.362404
0.323055
0.383143
0.474189
0.405347
0.381014
0.354299
0.157880
0.237677
0.191439
0.115657
0.128961
0.164037
0.105546
0.240142
0.193242
0.177421
0.341144
0.310161
0.317773
0.367849
0.388534
0.387078
0.367546
0.349351
0.349393
0.339888
0.329630
0.391404
0.352259
0.339261
0.303053
0.352453
0.384934
0.389111
0.363827
0.344423
0.358305
0.389597
0.393797
0.393821
0.382224
0.361923
0.377625
0.361799
0.374465
0.336756
0.106693
0.093832
0.080392
0.049256
0.054873
0.079370
0.066117
0.090863
0.057062
0.065509
0.064831
0.073711
0.053466
0.053558
0.063329
0.059242
0.068606
0.075102
0.157147
0.149522
0.161521
0.164971
0.128701
0.140955
0.159543
0.170364
0.195223
0.156659
0.166938
0.206917
0.139475
0.137899
0.137778
0.124507
0.126154
0.110442
0.091313
0.107517
0.148826
0.272501
0.219965
0.209733
0.297904
0.204099
0.083870
0.088282
0.055208
0.063465
0.103712
0.113289
0.090874
0.130126
0.250171
0.135820
0.271605
0.134361
0.097601
0.259237
0.120419
0.067013
0.068048
0.098776
0.254112
0.164822
0.134205
0.149394
0.150099
0.129491
0.162222
0.166710
0.112110
0.109544
0.115835
0.120055
0.111572
0.111566
0.125145
0.148988
0.108725
0.124303
0.094880
0.105165
0.106448
0.094431
0.078982
0.083338
0.083300
0.078221
0.084229
0.090427
0.081032
0.107731
0.116215
0.106822
0.093847
0.106961
0.055187
0.050388
0.049661
0.054863
0.042706
0.037060
0.058717
0.058056
0.055611
0.054345
0.062666
0.054369
0.062691
0.071869
0.073095
0.068532
0.044740
0.056413
0.060419
0.066173
0.025628
0.030467
0.026521
0.022162
0.044699
0.041131
0.040934
0.028114
0.020291
0.020947
0.018263
0.016543
0.026019
0.034071
0.048528
0.057278
0.059435
0.064840
0.080353
0.069783
0.076543
0.087593
0.078741
0.069575
0.062772
0.040116
0.049783
0.056941
0.045773
0.065982
0.036611
0.042628
0.031963
0.030552
0.032092
0.037571
0.049601
0.063787
0.045281
0.053189
0.062202
0.062972
0.070009
0.067256
0.073370
0.073479
0.060016
0.063830
0.070370
0.053840
0.064037
0.077934
0.309614
0.329033
0.296206
0.321214
0.332619
0.346371
0.345987
0.346502
0.324013
0.316632
0.332695
0.333266
0.305941
0.324717
0.325246
0.338021
0.326462
0.334687
0.325867
0.328809
0.377396
0.348835
0.335194
0.338868
0.331625
0.339317
0.338118
0.339187
0.306491
0.312554
0.278528
0.272087
0.282155
0.262659
0.305392
0.357310
0.337395
0.413555
0.325994
0.355475
0.361990
0.399681
0.339975
0.358060
0.378003
0.330349
0.295067
0.319477
0.297974
0.408096
0.407710
0.409377
0.428877
0.527411
0.418298
0.541557
0.416110
0.402173
0.462412
0.406953
0.392707
0.503583
0.390059
0.458450
0.695172
0.578619
0.673545
0.677470
0.750960
0.750689
0.667336
0.723055
0.685141
0.682881
0.648286
0.563115
0.215484
0.181749
0.231503
0.216649
0.194708
0.186628
0.212242
0.150359
0.205648
0.164282
0.156778
0.197803
0.198151
0.148276
0.240025
0.251449
0.311814
0.273350
0.304920
0.336980
0.329446
0.371641
0.274979
0.346119
0.299993
0.287091
0.288834
0.272562
0.290191
0.300289
0.294412
0.277742
0.300328
0.286906
0.322394
0.306086
0.308726
0.305159
0.199803
0.212378
0.192275
0.238282
0.235634
0.230564
0.189600
0.201600
0.229769
0.202425
0.199466
0.240654
0.223156
0.219331
0.281757
0.268215
0.243423
0.213048
0.190282
0.216310
0.264179
0.238211
0.237545
0.257010
0.232865
0.257100
0.245875
0.226789
0.281798
0.334533
0.333047
0.279417
0.263344
0.250110
0.246504
0.238956
0.204634
0.226194
0.219571
0.204467
0.259705
0.297991
0.093893
0.098866
0.091093
0.082184
0.077687
0.074126
0.071185
0.055272
0.051320
0.077377
0.066604
0.051874
0.092613
0.081270
0.100146
0.069095
0.081581
0.036224
0.036100
0.032623
0.033650
0.041867
0.031653
0.034380
0.033744
0.037026
0.038725
0.042788
0.068681
0.105684
0.104002
0.103106
0.113001
0.118746
0.105291
0.108114
0.104024
0.110656
0.115957
0.114893
0.128131
0.122794
0.120976
0.137554
0.145818
0.134282
0.132502
0.166060
0.150182
0.118752
0.069546
0.073816
0.069642
0.065539
0.069954
0.066059
0.064645
0.064968
0.062646
0.061769
0.069533
0.070255
0.068248
0.082988
0.084985
0.081200
0.071258
0.086151
0.070853
0.070975
0.075362
0.079906
0.083826
0.071667
0.074129
0.099926
0.093187
0.064398
0.070198
0.064414
0.072214
0.058290
0.059056
0.072628
0.053266
0.052472
0.086467
0.086719
0.085367
0.082772
0.086193
0.088651
0.071626
0.099971
0.321584
0.296261
0.340718
0.376983
0.368038
0.316796
0.307041
0.271371
0.119544
0.119921
0.128501
0.119772
0.089275
0.098484
0.111557
0.099706
0.112492
0.089112
0.097815
0.077979
0.075992
0.082064
0.072740
0.071917
0.077870
0.067827
0.065608
0.070830
0.073938
0.071748
0.069894
0.073276
0.064369
0.062787
0.080628
0.065592
0.065222
0.060514
0.084812
0.086404
0.090854
0.084225
0.092260
0.084598
0.080758
0.076298
0.066692
0.074898
0.071240
0.068518
0.068896
0.076008
0.074991
0.077167
0.062795
0.070875
0.058746
0.067385
0.070233
0.066669
0.081807
0.066182
0.062986
0.068868
0.059147
0.071121
0.071721
0.088595
0.080127
0.082763
0.059247
0.082487
0.086684
0.074647
0.093070
0.100977
0.069784
0.237014
0.218827
0.257727
0.273209
0.251960
0.286752
0.236708
0.232234
0.228048
0.207755
0.290308
0.270006
0.247820
0.275727
0.238840
0.221593
0.310030
0.297271
0.325199
0.302477
0.274235
0.238745
0.214567
0.233918
0.258936
0.254761
0.212669
0.200852
0.181297
0.164878
0.215953
0.224638
0.213422
0.210303
0.232473
0.195385
0.201446
0.157293
0.204149
0.167585
0.181189
0.193687
0.160817
0.192602
0.193116
0.206594
0.200377
0.166488
0.296516
0.271186
0.244531
0.275289
0.280226
0.250330
0.187906
0.197569
0.227704
0.317813
0.307363
0.261921
0.356761
0.337927
0.317331
0.323547
0.297265
0.267931
0.315189
0.332155
0.310934
0.307967
0.336337
0.328651
0.279181
0.271274
0.199853
0.200747
0.199907
0.238488
0.183203
0.200474
0.188476
0.201415
0.210662
0.158223
0.165678
0.197707
0.236679
0.240760
0.207575
0.216075
0.244046
0.189546
0.190236
0.189876
0.185165
0.193196
0.161505
0.188683
0.154280
0.295757
0.280070
0.309787
0.337023
0.250062
0.269758
0.271564
0.320880
0.314943
0.308695
0.338522
0.302626
0.268085
0.265042
0.264631
0.230222
0.232174
0.279627
0.277741
0.275628
0.278401
0.279511
0.304077
0.226298
0.316016
0.322749
0.277262
0.255548
0.296554
0.297624
0.311914
0.274328
0.294286
0.312603
0.294067
0.266683
0.264899
0.280015
0.274824
0.266191
0.243032
0.238058
0.254415
0.259699
0.228935
0.260798
0.252441
0.253390
0.099864
0.092243
0.078782
0.106865
0.085679
0.079864
0.077499
0.086855
0.119371
0.091319
0.343780
0.350639
0.292613
0.383523
0.374520
0.358180
0.308599
0.333201
0.475757
0.382576
0.362082
0.459375
0.433358
0.389310
0.546988
0.547237
0.556207
0.579856
0.454250
0.522141
0.448474
0.496795
0.428695
0.333299
0.374859
0.314398
0.285960
0.279692
0.274821
0.280807
0.252966
0.247614
0.287566
0.309965
0.295303
0.282566
0.286531
0.279036
0.271331
0.259347
0.272108
0.264821
0.272638
0.273252
0.281861
0.277460
0.277937
0.283668
0.287363
0.266898
0.275300
0.255490
0.232032
0.255503
0.281493
0.284903
0.264438
0.251500
0.251935
0.219964
0.248315
0.194195
0.258612
0.271503
0.246122
0.231123
0.201408
0.192640
0.176190
0.184731
0.211327
0.168253
0.180276
0.213365
0.209929
0.208551
0.183231
0.204617
0.179668
0.161526
0.156158
0.160212
0.149639
0.194582
0.168882
0.157562
0.177840
0.152893
0.146319
0.210510
0.200645
0.228164
0.242454
0.222543
0.205903
0.187763
0.089187
0.093828
0.089321
0.082683
0.086915
0.085912
0.099883
0.075696
0.069241
0.097303
0.085827
0.083593
0.088363
0.095607
0.082857
0.088824
0.098354
0.105695
0.095708
0.084774
0.094902
0.103970
0.114936
0.126423
0.116970
0.105283
0.112336
0.126173
0.132536
0.143403
0.094928
0.088468
0.107502
0.083868
0.126619
0.142547
0.146807
0.130609
0.164154
0.125784
0.118328
0.137679
0.155814
0.155068
0.143198
0.151365
0.099457
0.103069
0.106547
0.101485
0.099422
0.101640
0.091002
0.093767
0.093488
0.090509
0.093450
0.091945
0.089543
0.081256
0.091255
0.078044
0.094320
0.096461
0.091095
0.090241
0.081347
0.093110
0.097753
0.093075
0.095211
0.095939
0.090078
0.091685
0.085438
0.085422
0.091482
0.085667
0.094856
0.089784
0.086115
0.089947
0.095324
0.095206
0.099047
0.103968
0.102847
0.101674
0.097968
0.096760
0.103634
0.102045
0.105079
0.110491
0.115508
0.109241
0.125680
0.124526
0.113018
0.110520
0.100138
0.103197
0.106662
0.094793
0.099809
0.103985
0.119974
0.089903
0.091404
0.089185
0.088105
0.093221
0.086926
0.085614
0.086317
0.086034
0.091047
0.094203
0.098122
0.112450
0.105860
0.107019
0.091762
0.088401
0.089740
0.109986
0.088294
0.125678
0.116614
0.120766
0.107185
0.068679
0.066276
0.063445
0.065594
0.061880
0.066064
0.069713
0.067272
0.073026
0.067289
0.081658
0.074973
0.062814
0.063093
0.069810
0.078653
0.062824
0.060551
0.063612
0.065498
0.085329
0.078813
0.064841
0.067224
0.078362
0.061384
0.063624
0.069462
0.216544
0.179517
0.184286
0.152662
0.173478
0.249303
0.236013
0.233656
0.185009
0.257619
0.208550
0.148241
0.097223
0.117180
0.104481
0.085509
0.068543
0.065468
0.075867
0.118643
0.081777
0.109816
0.149517
0.144003
0.362430
0.376432
0.339241
0.338133
0.408407
0.355505
0.296097
0.297469
0.294486
0.356050
0.340149
0.289611
0.385957
0.413337
0.440974
0.454640
0.421611
0.418832
0.453261
0.437642
0.396849
0.412482
0.407350
0.399129
0.395326
0.403391
0.349285
0.342279
0.334858
0.366156
0.302463
0.134121
0.151819
0.136989
0.153639
0.079177
0.092460
0.109725
0.088764
0.081991
0.111968
0.092050
0.129508
0.119967
0.119123
0.079503
0.113556
0.128447
0.134399
0.133086
0.094997
0.169039
0.170531
0.191715
0.153181
0.104225
0.144448
0.156713
0.139650
0.122892
0.102598
0.182622
0.198899
0.201135
0.196464
0.206811
0.204010
0.208452
0.186223
0.126343
0.179575
0.109934
0.095432
0.106152
0.097134
0.106063
0.075611
0.085666
0.083854
0.073750
0.085195
0.100643
0.119660
0.109285
0.114747
0.124559
0.128142
0.143864
0.112841
0.091505
0.102550
0.083790
0.114214
0.115095
0.121822
0.121613
0.135714
0.112220
0.118976
0.099253
0.105954
0.088153
0.092572
0.111940
0.094715
0.111136
0.142610
0.117372
0.118459
0.081915
0.131706
0.135646
0.161835
0.161568
0.110593
0.350349
0.333665
0.347789
0.306354
0.317305
0.347474
0.341135
0.322427
0.360256
0.341943
0.347742
0.347214
0.319681
0.260594
0.247528
0.250428
0.197635
0.249124
0.256853
0.267028
0.258825
0.249500
0.210100
0.239158
0.242393
0.297222
0.271108
0.241640
0.253402
0.228874
0.225103
0.205262
0.257210
0.264941
0.242855
0.226200
0.236109
0.205445
0.141842
0.297103
0.260019
0.278748
0.215538
0.243776
0.200348
0.195485
0.137955
0.156702
0.122958
0.125156
0.089297
0.130598
0.184361
0.178239
0.169482
0.104191
0.186919
0.179562
0.184840
0.173279
0.187814
0.179231
0.171285
0.141976
0.174602
0.129513
0.154802
0.152170
0.163331
0.161370
0.157488
0.166010
0.154243
0.111754
0.137038
0.108312
0.150047
0.138188
0.137358
0.110224
0.142353
0.156436
0.158312
0.154724
0.110736
0.234934
0.242506
0.232692
0.253495
0.227380
0.168681
0.220500
0.171523
0.240860
0.246816
0.174336
0.280277
0.282936
0.193046
0.309511
0.264506
0.106122
0.112651
0.080115
0.102490
0.086986
0.093573
0.087208
0.071282
0.080439
0.088216
0.067509
0.067649
0.074270
0.063047
0.065905
0.063714
0.069406
0.069404
0.094014
0.068828
0.104342
0.071748
0.096416
0.064682
0.067398
0.069670
0.065732
0.072374
0.073707
0.061840
0.069955
0.060132
0.074061
0.098978
0.088759
0.344020
0.324872
0.376667
0.366277
0.351345
0.383237
0.397704
0.312870
0.346717
0.389133
0.396978
0.340123
0.351651
0.397449
0.402753
0.395429
0.392817
0.351665
0.336436
0.389313
0.388849
0.376914
0.403811
0.397084
0.355489
0.435298
0.434194
0.392203
0.397663
0.375271
0.334795
0.392592
0.357668
0.440812
0.468664
0.379131
0.504310
0.458357
0.416562
0.383191
0.378912
0.314460
0.341451
0.343660
0.383880
0.354378
0.300719
0.288458
0.301646
0.268523
0.319599
0.304772
0.301306
0.282162
0.271581
0.273998
0.309018
0.255331
0.285235
0.266367
0.312478
0.294274
0.260959
0.240786
0.229463
0.223461
0.231513
0.220778
0.234039
0.260248
0.238078
0.228760
0.116402
0.119532
0.105550
0.132153
0.085148
0.102470
0.117462
0.080207
0.063168
0.079443
0.062113
0.069486
0.071528
0.053417
0.075024
0.053999
0.077849
0.119083
0.087546
0.153454
0.097042
0.080959
0.091264
0.080780
0.093397
0.107982
0.102328
0.084685
0.065653
0.067479
0.084665
0.140625
0.063473
0.076919
0.076641
0.139278
0.111440
0.053558
0.053238
0.051924
0.066873
0.072981
0.071507
0.083104
0.094777
0.068274
0.065457
0.064827
0.062425
0.064759
0.066810
0.079470
0.070271
0.068057
0.089995
0.068067
0.075970
0.079260
0.092017
0.086554
0.109062
0.109766
0.105526
0.096133
0.111686
0.105256
0.119401
0.119283
0.109942
0.122340
0.116427
0.124001
0.104122
0.091290
0.077522
0.143865
0.076137
0.063926
0.073517
0.071875
0.121319
0.091438
0.137210
0.100667
0.111408
0.105982
0.088858
0.154034
0.145143
0.094057
0.088539
0.101388
0.115813
0.104037
0.115482
0.135980
0.176941
0.137365
0.175962
0.215349
0.244709
0.218014
0.250983
0.230197
0.246571
0.184052
0.167168
0.231616
0.227992
0.180347
0.194016
0.251056
0.237324
0.208929
0.212331
0.287853
0.281054
0.288778
0.268067
0.128788
0.151252
0.170570
0.141484
0.125871
0.169493
0.174258
0.143982
0.107206
0.113773
0.125319
0.092773
0.081378
0.086922
0.112589
0.084371
0.083386
0.145802
0.074911
0.073833
0.105283
0.109262
0.161902
0.218931
0.185425
0.177311
0.241803
0.217766
0.238258
0.216565
0.161605
0.191514
0.174602
0.180621
0.185123
0.144205
0.132298
0.068641
0.066166
0.076327
0.074307
0.081503
0.086449
0.101533
0.083865
0.079005
0.070932
0.074504
0.079591
0.060508
0.054583
0.049562
0.074717
0.050815
0.056648
0.049436
0.084746
0.045813
0.058353
0.049580
0.117848
0.084218
0.135087
0.136337
0.127102
0.169312
0.160150
0.130004
0.141364
0.152747
0.141848
0.111092
0.106901
0.114707
0.099258
0.108205
0.137609
0.139290
0.205823
0.178984
0.183719
0.211989
0.190855
0.089146
0.105177
0.084875
0.128201
0.141679
0.101713
0.078499
0.066710
0.070412
0.063471
0.063078
0.087094
0.100572
0.067730
0.071331
0.107347
0.062975
0.069618
0.083190
0.096779
0.126203
0.217904
0.167998
0.220687
0.200419
0.231338
0.199212
0.157868
0.157867
0.134987
0.160076
0.143281
0.184387
0.195348
0.127068
0.111926
0.120882
0.130392
0.078070
0.086113
0.084939
0.109743
0.135372
0.135286
0.139189
0.159891
0.124192
0.106522
0.109772
0.091568
0.092339
0.068523
0.083655
0.065216
0.181731
0.139885
0.159618
0.199462
0.112478
0.119895
0.158938
0.184563
0.220144
0.233713
0.196149
0.160253
0.125299
0.100899
0.076237
0.077279
0.066125
0.068228
0.061557
0.063890
0.071881
0.067941
0.081930
0.081489
0.079359
0.069950
0.046890
0.050928
0.060465
0.053991
0.038499
0.041694
0.047102
0.045678
0.033850
0.045348
0.032146
0.063826
0.254648
0.264398
0.295100
0.229052
0.229374
0.220611
0.272436
0.303716
0.312810
0.326056
0.276776
0.298110
0.275907
0.238608
0.288068
0.284894
0.242948
0.298077
0.337806
0.289699
0.340228
0.325849
0.279944
0.220435
0.190463
0.164996
0.181795
0.174530
0.181056
0.169830
0.140510
0.149493
0.122611
0.142930
0.115937
0.180745
0.184160
0.172711
0.187528
0.255316
0.220950
0.209183
0.241863
0.179526
0.167226
0.153458
0.191628
0.228951
0.284981
0.273611
0.264741
0.289298
0.264704
0.296412
0.261517
0.242542
0.241573
0.182613
0.273633
0.247276
0.262401
0.172603
0.312687
0.292094
0.318437
0.267519
0.304793
0.269462
0.230976
0.138723
0.105919
0.103739
0.109559
0.107168
0.094949
0.096044
0.126931
0.122212
0.112572
0.082109
0.103413
0.096306
0.078171
0.088685
0.080345
0.075623
0.071107
0.097928
0.192826
0.223266
0.277239
0.271585
0.209058
0.238607
0.203909
0.182335
0.155282
0.153333
0.113191
0.134813
0.172019
0.092362
0.105896
0.179983
0.203497
0.150207
0.122498
0.133457
0.112119
0.094087
0.079369
0.095930
0.087267
0.062007
0.060270
0.077064
0.073145
0.072253
0.063275
0.068986
0.081688
0.051907
0.049965
0.061428
0.049530
0.061535
0.133100
0.078680
0.051970
0.058112
0.076527
0.082349
0.158224
0.100173
0.090481
0.183829
0.068664
0.075958
0.110071
0.136921
0.191047
0.241024
0.260928
0.249924
0.290151
0.282855
0.246543
0.258916
0.223548
0.240265
0.193325
0.200545
0.082600
0.094437
0.094742
0.081492
0.103382
0.106103
0.107506
0.090993
0.076840
0.064794
0.065998
0.070050
0.063577
0.070418
0.069433
0.075982
0.078620
0.098926
0.083217
0.104386
0.085284
0.079074
0.103997
0.075375
0.074631
0.074207
0.078343
0.071632
0.078567
0.089813
0.103301
0.090789
0.104768
0.163900
0.139666
0.179734
0.197857
0.181893
0.206703
0.190316
0.138428
0.133379
0.124176
0.123275
0.125054
0.138912
0.122858
0.127005
0.116168
0.131439
0.156875
0.195686
0.209487
0.143777
0.226785
0.229042
0.229207
0.185381
0.129689
0.082929
0.088582
0.109461
0.093538
0.073971
0.101055
0.060391
0.066374
0.077421
0.208406
0.262034
0.159263
0.264047
0.291779
0.273735
0.232366
0.175961
0.103802
0.142342
0.105461
0.134263
0.081867
0.075728
0.192592
0.221434
0.143453
0.228577
0.217940
0.200414
0.189822
0.142140
0.081506
0.077134
0.100123
0.071758
0.086763
0.056564
0.053087
0.089235
0.073724
0.099698
0.076967
0.076795
0.076095
0.080334
0.088325
0.103279
0.156210
0.174387
0.153525
0.179226
0.143269
0.121292
0.085333
0.098590
0.097196
0.084438
0.109332
0.107314
0.070193
0.070956
0.071716
0.084913
0.069218
0.081668
0.098786
0.116311
0.094224
0.115953
0.111250
0.118685
0.127248
0.126643
0.139026
0.140174
0.127678
0.084410
0.072163
0.110118
0.063393
0.065280
0.071691
0.078939
0.096379
0.123897
0.108141
0.113917
0.105907
0.128876
0.129818
0.080458
0.098045
0.091781
0.073684
0.073674
0.080032
0.087732
0.103581
0.082659
0.089797
0.092086
0.087181
0.098412
0.103469
0.075453
0.081214
0.069906
0.078183
0.088052
0.095640
0.122296
0.132371
0.107152
0.110391
0.114746
0.104940
0.138157
0.147060
0.156475
0.147510
0.130770
0.133444
0.118764
0.124516
0.113040
0.111196
0.183138
0.145377
0.196255
0.223470
0.168136
0.261432
0.276330
0.206123
0.239173
0.260222
0.271873
0.302649
0.159426
0.141413
0.101400
0.090153
0.112215
0.108666
0.075019
0.084752
0.073992
0.125700
0.069734
0.081661
0.068421
0.126557
0.094108
0.162794
0.145727
0.175132
0.158411
0.179528
0.188445
0.094614
0.083029
0.129228
0.064994
0.085121
0.068553
0.087537
0.097243
0.124610
0.101938
0.129590
0.085817
0.098132
0.103075
0.087675
0.121279
0.124636
0.076616
0.076193
0.074593
0.086001
0.077164
0.090450
0.103716
0.123846
0.110319
0.127204
0.175814
0.224849
0.185669
0.222584
0.178348
0.203568
0.150854
0.151046
0.155454
0.171032
0.184906
0.153198
0.149879
0.174235
0.158667
0.145340
0.142710
0.197855
0.207541
0.214642
0.215059
0.223190
0.244104
0.146172
0.287110
0.260847
0.191635
0.175687
0.114190
0.132976
0.177921
0.108795
0.223287
0.211853
0.244622
0.203782
0.130550
0.119185
0.074095
0.082956
0.082737
0.085127
0.067452
0.064689
0.076265
0.070210
0.074390
0.073341
0.079958
0.087290
0.147077
0.204168
0.196789
0.125931
0.124379
0.144258
0.129872
0.175979
0.213850
0.183107
0.158582
0.218651
0.134964
0.155333
0.134859
0.220355
0.174892
0.250900
0.248835
0.262924
0.255545
0.255739
0.296488
0.306206
0.274372
0.340786
0.310616
0.348399
0.267445
0.252198
0.168428
0.195291
0.152483
0.191117
0.218011
0.102234
0.145717
0.086406
0.159693
0.127187
0.104374
0.102285
0.156126
0.072748
0.066022
0.088919
0.094325
0.159424
0.237770
0.200405
0.235768
0.216607
0.260199
0.288090
0.294394
0.244847
0.318443
0.331170
0.313374
0.337297
0.263772
0.235897
0.194880
0.116861
0.126217
0.125806
0.114783
0.153390
0.158023
0.104313
0.104015
0.107058
0.113737
0.108830
0.114436
0.118903
0.149244
0.118647
0.143793
0.113408
0.116085
0.120782
0.115550
0.138253
0.144367
0.112353
0.111218
0.112758
0.119366
0.105578
0.130069
0.145796
0.126506
0.235144
0.214011
0.262159
0.276161
0.212158
0.249045
0.254925
0.281742
0.211271
0.197190
0.182825
0.170868
0.189899
0.206174
0.165110
0.160248
0.177240
0.156604
0.142580
0.217589
0.225972
0.212516
0.239955
0.181801
0.193542
0.194108
0.180253
0.212273
0.216240
0.198930
0.155789
0.167412
0.166181
0.165962
0.170957
0.158445
0.167422
0.180468
0.202619
0.180512
0.198265
0.159256
0.175500
0.183613
0.164945
0.181557
0.192959
0.146787
0.151333
0.135344
0.154646
0.178260
0.180050
0.249177
0.252511
0.223018
0.254056
0.259932
0.240551
0.235103
0.228500
0.187108
0.205771
0.189169
0.178805
0.171958
0.191263
0.202677
0.097508
0.104471
0.111729
0.108367
0.113292
0.117275
0.085984
0.095475
0.083090
0.083411
0.087429
0.108638
0.123821
0.120952
0.134907
0.132296
0.148334
0.140374
0.120204
0.119392
0.119745
0.221842
0.249452
0.176370
0.268536
0.257612
0.239372
0.239556
0.209120
0.160570
0.123249
0.155067
0.103266
0.120239
0.105223
0.129652
0.190837
0.127924
0.156097
0.232817
0.212501
0.179469
0.146254
0.145121
0.111380
0.090515
0.087422
0.076823
0.084108
0.099621
0.182391
0.151722
0.170428
0.198962
0.131835
0.140910
0.187111
0.215943
0.223366
0.234715
0.207788
0.181494
0.217872
0.194567
0.155417
0.128009
0.169486
0.135079
0.243757
0.256488
0.178283
0.312722
0.265532
0.219599
0.196810
0.154206
0.102295
0.107555
0.119858
0.109675
0.127543
0.095967
0.094315
0.101137
0.107252
0.081136
0.083766
0.087405
0.088140
0.094580
0.110254
0.104159
0.117624
0.115608
0.134416
0.135796
0.207425
0.177787
0.166999
0.203117
0.149811
0.139419
0.239754
0.237198
0.245658
0.214051
0.185796
0.151790
0.108915
0.103521
0.118053
0.118129
0.111350
0.118734
0.096229
0.093084
0.093989
0.150236
0.182795
0.118420
0.179409
0.211120
0.185999
0.160176
0.140115
0.132999
0.134123
0.141477
0.130023
0.124057
0.184825
0.209788
0.275473
0.333618
0.273174
0.216439
0.338185
0.212833
0.127682
0.123307
0.108272
0.126568
0.125384
0.120665
0.106329
0.120459
0.094020
0.082524
0.081426
0.078327
0.102596
0.118233
0.202723
0.211697
0.197496
0.209918
0.217596
0.222001
0.201708
0.204941
0.220543
0.209387
0.246629
0.230560
0.261173
0.244865
0.298453
0.314000
0.267190
0.289090
0.208237
0.210593
0.177544
0.269640
0.247120
0.196076
0.228614
0.167350
0.155555
0.145887
0.157460
0.196898
0.319285
0.341891
0.318221
0.349617
0.316013
0.347960
0.324878
0.304955
0.301426
0.302424
0.289246
0.285357
0.278829
0.315984
0.233937
0.252614
0.157285
0.262780
0.254492
0.207699
0.194756
0.121430
0.089768
0.102319
0.080615
0.088511
0.080778
0.094951
0.195600
0.155107
0.147667
0.201992
0.133405
0.131865
0.259799
0.253297
0.239085
0.191690
0.151266
0.125486
0.102857
0.102731
0.103060
0.103615
0.091421
0.100372
0.078259
0.101314
0.109506
0.176963
0.187833
0.192417
0.179201
0.178612
0.163916
0.148686
0.165106
0.154118
0.156635
0.159459
0.131402
0.133117
0.148299
0.164580
0.162349
0.182442
0.084725
0.089656
0.072297
0.063668
0.063319
0.062284
0.075203
0.058334
0.051479
0.047931
0.067659
0.090513
0.080055
0.063879
0.151934
0.163533
0.166351
0.152574
0.164316
0.163850
0.132046
0.126651
0.127865
0.105073
0.106070
0.142292
0.175057
0.140585
0.156723
0.164488
0.175437
0.166597
0.164376
0.173707
0.174104
0.173290
0.183619
0.209500
0.192495
0.251758
0.208781
0.171004
0.286788
0.257849
0.244908
0.254905
0.244451
0.263335
0.216892
0.267475
0.253744
0.248508
0.234573
0.182082
0.162498
0.206466
0.175837
0.128720
0.147881
0.144421
0.128760
0.153862
0.137457
0.107420
0.109963
0.099260
0.121997
0.118440
0.128027
0.127451
0.126255
0.147572
0.109359
0.147459
0.304992
0.125180
0.105898
0.105961
0.106151
0.086653
0.084997
0.144503
0.099227
0.158042
0.265067
0.170978
0.173652
0.161167
0.159522
0.139043
0.169246
0.158455
0.182925
0.178310
0.181815
0.165596
0.169342
0.155784
0.171493
0.160402
0.166490
0.143827
0.171805
0.078707
0.083006
0.062671
0.077813
0.090551
0.114584
0.074948
0.078501
0.111281
0.071577
0.075627
0.071604
0.201436
0.143674
0.147259
0.270488
0.195023
0.165785
0.278153
0.347015
0.282587
0.281610
0.299785
0.354158
0.367559
0.230140
0.354390
0.096628
0.091412
0.071502
0.113801
0.050943
0.057775
0.082566
0.126053
0.281421
0.140139
0.232866
0.098568
0.116513
0.097003
0.107413
0.080215
0.100671
0.087110
0.080051
0.086559
0.124242
0.084988
0.079225
0.088389
0.065487
0.064875
0.082393
0.068616
0.068936
0.062525
0.088469
0.113202
0.106230
0.328715
0.308579
0.305065
0.349385
0.341908
0.341052
0.350476
0.309622
0.357737
0.362814
0.355552
0.336849
0.335898
0.341487
0.335611
0.339019
0.313555
0.326224
0.194127
0.224794
0.248151
0.186197
0.202158
0.209468
0.177614
0.222636
0.172234
0.180391
0.168055
0.203143
0.193078
0.234610
0.234145
0.165632
0.190012
0.208416
0.231996
0.233802
0.266809
0.267417
0.277838
0.274110
0.272710
0.282225
0.261030
0.261368
0.264318
0.266450
0.255364
0.274360
0.311972
0.286634
0.320231
0.317122
0.258488
0.316184
0.292805
0.351182
0.344602
0.350951
0.307863
0.057293
0.074001
0.077512
0.054615
0.054201
0.065835
0.044354
0.022377
0.026260
0.033691
0.015313
0.019915
0.026468
0.038290
0.205003
0.101296
0.104030
0.117012
0.132008
0.194901
0.324360
0.309761
0.267513
0.367423
0.333311
0.274994
0.352374
0.292100
0.288814
0.319002
0.183474
0.354098
0.266484
0.140625
0.167278
0.159865
0.113068
0.113218
0.100946
0.214247
0.184044
0.120418
0.123804
0.119493
0.191597
0.229876
0.318984
0.219073
0.233098
0.269712
0.247347
0.223134
0.256554
0.269100
0.284536
0.276781
0.159837
0.207374
0.226788
0.174088
0.258386
0.201768
0.170336
0.178137
0.136586
0.189830
0.186146
0.198379
0.213968
0.227001
0.205168
0.241276
0.244844
0.189474
0.190376
0.184713
0.185616
0.184137
0.223297
0.045309
0.054278
0.056243
0.044586
0.058242
0.061578
0.072647
0.053381
0.045447
0.032934
0.033731
0.041429
0.030343
0.033314
0.039538
0.054075
0.046685
0.053810
0.047145
0.082823
0.108608
0.040007
0.058208
0.042822
0.040021
0.052057
0.046358
0.050916
0.059087
0.059804
0.083547
0.085556
0.094026
0.071868
0.070724
0.122070
0.099286
0.078671
0.069547
0.101589
0.112788
0.122057
0.149278
0.150240
0.115139
0.136542
0.230754
0.168879
0.218885
0.165582
0.228738
0.159614
0.155150
0.124060
0.145674
0.100329
0.073575
0.073960
0.105885
0.080202
0.141440
0.121387
0.117418
0.182234
0.260781
0.283016
0.182658
0.145560
0.088215
0.094183
0.072510
0.092099
0.111053
0.171641
0.173036
0.283523
0.191730
0.205853
0.170792
0.150482
0.162078
0.223528
0.281965
0.345042
0.217885
0.305279
0.202506
0.171033
0.297547
0.259257
0.245404
0.161469
0.265764
0.159743
0.239533
0.382642
0.344010
0.357775
0.364347
0.221899
0.258565
0.188809
0.160839
0.234771
0.237376
0.192197
0.168347
0.122199
0.126381
0.147187
0.150528
0.233148
0.144209
0.216487
0.313490
0.315310
0.398335
0.350208
0.207302
0.221166
0.235754
0.212042
0.228229
0.227800
0.207692
0.178728
0.179732
0.187490
0.174961
0.196267
0.214564
0.237031
0.266473
0.255992
0.280060
0.246246
0.371132
0.450657
0.328533
0.423081
0.419639
0.234612
0.239577
0.254783
0.225994
0.236804
0.237179
0.239966
0.242061
0.240235
0.254189
0.238136
0.237330
0.226570
0.251764
0.096808
0.116159
0.123725
0.098281
0.100564
0.115985
0.110249
0.063932
0.069543
0.082814
0.053082
0.066569
0.053223
0.066803
0.081111
0.085627
0.091785
0.120208
0.126606
0.146088
0.171888
0.118215
0.115598
0.118226
0.122302
0.131518
0.139300
0.120884
0.137343
0.127601
0.110862
0.204646
0.090158
0.097486
0.103708
0.127747
0.108805
0.149877
0.146680
0.167185
0.169019
0.163268
0.165637
0.171008
0.180081
0.159043
0.093097
0.101867
0.105965
0.094575
0.101730
0.104755
0.098213
0.099475
0.093396
0.082231
0.081592
0.084190
0.080259
0.088636
0.089482
0.092329
0.096319
0.096772
0.097347
0.099033
0.093002
0.106582
0.105376
0.092959
0.100740
0.098722
0.095248
0.085922
0.081729
0.079839
0.073905
0.084255
0.092717
0.100753
0.091075
0.112092
0.096484
0.102359
0.091156
0.088101
0.090576
0.108653
0.096949
0.093115
0.094357
0.100538
0.103955
0.096390
0.100361
0.103395
0.086861
0.080006
0.109203
0.085223
0.091410
0.086825
0.093308
0.093071
0.090613
0.099176
0.089571
0.093145
0.078821
0.080840
0.079608
0.089288
0.074395
0.086402
0.062720
0.098962
0.105304
0.089108
0.074413
0.055369
0.038080
0.045512
0.040924
0.086422
0.040376
0.054333
0.072296
0.072908
0.091940
0.113219
0.107688
0.085282
0.107120
0.096116
0.058521
0.055408
0.064456
0.078623
0.090397
0.128983
0.111527
0.135791
0.116203
0.097658
0.110038
0.128804
0.302586
0.308520
0.301429
0.305410
0.313807
0.325233
0.311837
0.313653
0.332412
0.346146
0.363612
0.302375
0.323224
0.246306
0.279026
0.215057
0.149098
0.178112
0.140553
0.155618
0.111796
0.150421
0.294407
0.280994
0.277894
0.298579
0.311389
0.313565
0.310218
0.297921
0.313943
0.306498
0.319099
0.300506
0.346393
0.295947
0.317498
0.361930
0.345866
0.370060
0.373560
0.385344
0.406129
0.392188
0.384073
0.344972
0.321316
0.371259
0.353033
0.283770
0.271750
0.302206
0.272094
0.276356
0.271127
0.291330
0.310951
0.345829
0.295395
0.304942
0.359989
0.331337
0.371020
0.347022
0.295560
0.307882
0.272651
0.268874
0.264205
0.148147
0.120358
0.161279
0.090365
0.100291
0.124011
0.123995
0.161841
0.150652
0.153892
0.170578
0.152291
0.153835
0.186893
0.226368
0.315758
0.203923
0.430629
0.138065
0.130718
0.115465
0.206991
0.362879
0.156510
0.297923
0.298483
0.367133
0.366459
0.457966
0.440689
0.267411
0.371932
0.421552
0.414271
0.369798
0.348071
0.337048
0.150299
0.185305
0.195543
0.169492
0.293406
0.441996
0.164460
0.150949
0.151188
0.137802
0.125577
0.120222
0.314938
0.197236
0.143087
0.205827
0.150139
0.114001
0.173739
0.273785
0.171416
0.163068
0.137739
0.165571
0.138069
0.333212
0.316313
0.111300
0.146053
0.301934
0.146309
0.171599
0.284551
0.118149
0.158000
0.139041
0.283753
0.166474
0.124921
0.189001
0.282236
0.163012
0.190201
0.135457
0.184001
0.277657
0.225778
0.372242
0.319399
0.187825
0.204197
0.181965
0.235446
0.132988
0.217221
0.226380
0.392924
0.210408
0.308658
0.172490
0.216190
0.247332
0.264812
0.287509
0.261227
0.251076
0.284172
0.284290
0.259904
0.228294
0.239824
0.199892
0.219483
0.237989
0.279275
0.260336
0.259079
0.251779
0.249041
0.254207
0.274103
0.268009
0.276182
0.243073
0.273522
0.228715
0.218750
0.272200
0.268543
0.311488
0.276303
0.291913
0.289523
0.294063
0.266709
0.264969
0.267393
0.271028
0.284506
0.267823
0.259576
0.270402
0.278844
0.286071
0.319524
0.327617
0.338460
0.342705
0.303616
0.280692
0.155454
0.113562
0.116875
0.099254
0.127118
0.140428
0.149857
0.129597
0.113502
0.104642
0.117999
0.104407
0.095469
0.090966
0.047362
0.052724
0.063142
0.055185
0.073711
0.039548
0.046132
0.063517
0.028674
0.044279
0.069342
0.218866
0.183289
0.156666
0.151460
0.143760
0.136946
0.146628
0.161433
0.174658
0.089487
0.090219
0.068405
0.038351
0.063238
0.029364
0.072592
0.065504
0.132248
0.108800
0.162495
0.166363
0.163402
0.135826
0.143996
0.170239
0.106827
0.124374
0.132140
0.104432
0.137341
0.139762
0.166517
0.155083
0.184292
0.271052
0.272239
0.266207
0.259987
0.263257
0.253850
0.245557
0.219104
0.255373
0.239023
0.222694
0.239529
0.205952
0.220397
0.204404
0.201756
0.236376
0.237302
0.239175
0.246349
0.204242
0.213123
0.187362
0.237697
0.263991
0.271528
0.127367
0.133437
0.130404
0.114965
0.104562
0.138901
0.075984
0.088065
0.117962
0.104956
0.108642
0.082381
0.093245
0.110941
0.094485
0.156360
0.146106
0.145787
0.151055
0.172664
0.177461
0.153038
0.205446
0.140766
0.126598
0.130805
0.165341
0.281907
0.275499
0.248524
0.281062
0.264233
0.281755
0.087046
0.080179
0.063747
0.059620
0.081600
0.038415
0.034896
0.071096
0.039926
0.044228
0.023588
0.031208
0.045549
0.067178
0.175666
0.213997
0.143812
0.175358
0.149753
0.163683
0.176326
0.138601
0.221459
0.143238
0.122836
0.139945
0.133823
0.151235
0.173624
0.161566
0.160457
0.150977
0.171145
0.186484
0.182073
0.164623
0.165720
0.159221
0.134546
0.147200
0.174584
0.172032
0.197827
0.199106
0.206569
0.172874
0.178515
0.207954
0.230119
0.166163
0.166315
0.151519
0.138925
0.123756
0.153137
0.158317
0.160567
0.162242
0.162958
0.149485
0.152958
0.159099
0.132420
0.110316
0.094867
0.086848
0.070765
0.090786
0.075272
0.108534
0.264158
0.267994
0.315809
0.308190
0.271056
0.273357
0.254361
0.264092
0.266840
0.261928
0.263079
0.249917
0.236906
0.247551
0.226926
0.213584
0.201262
0.211174
0.197295
0.190150
0.238918
0.243877
0.223114
0.235250
0.244400
0.246528
0.253028
0.257380
0.261982
0.251795
0.246318
0.247963
0.259271
0.201575
0.196356
0.189973
0.199552
0.211905
0.213377
0.242573
0.272240
0.227509
0.215525
0.277539
0.442860
0.473300
0.433377
0.517409
0.477625
0.437252
0.330988
0.206211
0.203284
0.175786
0.158165
0.138333
0.135944
0.173165
0.158377
0.130386
0.152916
0.124299
0.149366
0.152669
0.156736
0.164676
0.134258
0.168451
0.135853
0.133197
0.130183
0.099280
0.151487
0.167107
0.175175
0.319565
0.335278
0.332326
0.308127
0.316633
0.315812
0.334752
0.286382
0.212684
0.189431
0.171145
0.164612
0.176948
0.184463
0.203415
0.213467
0.188627
0.207511
0.151790
0.206697
0.206034
0.207770
0.222166
0.191633
0.150858
0.157499
0.127535
0.109156
0.075400
0.087328
0.070202
0.104911
0.116590
0.125152
0.089658
0.080880
0.134912
0.110164
0.110855
0.094988
0.118122
0.137974
0.111340
0.133131
0.115801
0.068214
0.088440
0.060989
0.094587
0.078616
0.118343
0.172755
0.130519
0.100042
0.100144
0.092414
0.094217
0.074944
0.136604
0.061616
0.138541
0.098662
0.127816
0.257499
0.259204
0.269859
0.246211
0.218518
0.280851
0.189442
0.211117
0.192035
0.207397
0.162333
0.098746
0.069074
0.113201
0.101520
0.104358
0.113674
0.295322
0.305782
0.294733
0.317718
0.333908
0.341591
0.307463
0.293575
0.316772
0.194687
0.204955
0.167549
0.180870
0.202811
0.220679
0.213765
0.226633
0.223452
0.218949
0.216997
0.222309
0.225843
0.249396
0.227536
0.269066
0.233907
0.289857
0.315453
0.423916
0.405246
0.302620
0.460270
0.417178
0.166236
0.168031
0.149164
0.117609
0.114894
0.159862
0.156568
0.189568
0.192728
0.186720
0.200198
0.225216
0.207533
0.225837
0.207595
0.185391
0.233176
0.209595
0.232149
0.215828
0.260034
0.260556
0.190865
0.211966
0.193192
0.185933
0.173383
0.187192
0.170574
0.235198
0.244521
0.205724
0.209720
0.220410
0.206547
0.226044
0.274774
0.243922
0.221202
0.252108
0.235571
0.195963
0.203071
0.179806
0.178777
0.173735
0.182528
0.165744
0.166951
0.160966
0.096057
0.124565
0.168668
0.113895
0.124317
0.154868
0.109025
0.098574
0.150070
0.148769
0.163875
0.153878
0.225254
0.594294
0.595191
0.696030
0.624321
0.632857
0.591944
0.421124
0.402182
0.416798
0.413579
0.384377
0.399453
0.380349
0.319718
0.362478
0.394980
0.348779
0.317767
0.285018
0.352585
0.294565
0.354365
0.318520
0.244394
0.274033
0.278537
0.306508
0.290186
0.282808
0.233971
0.125898
0.149357
0.168312
0.165274
0.114109
0.128239
0.108521
0.120459
0.106828
0.115433
0.154177
0.126252
0.151673
0.134871
0.180016
0.208199
0.191835
0.209451
0.241836
0.217636
0.251560
0.225983
0.271216
0.251904
0.227830
0.215316
0.307978
0.214527
0.365603
0.147972
0.133592
0.197764
0.178351
0.263854
0.244274
0.183046
0.232783
0.143588
0.147212
0.366876
0.363339
0.344345
0.419983
0.371324
0.492434
0.398051
0.457383
0.410237
0.413678
0.468575
0.403176
0.406318
0.416422
0.554980
0.482154
0.429655
0.604865
0.417473
0.626095
0.707676
0.731923
0.757377
0.785327
0.760090
0.762645
0.777521
0.753155
0.767994
0.807611
0.807454
0.816579
0.815709
0.809419
0.761572
0.369873
0.383337
0.281314
0.359819
0.288927
0.289908
0.308075
0.291605
0.325555
0.297638
0.335737
0.299112
0.363267
0.301125
0.280568
0.241138
0.316131
0.251297
0.355043
0.377015
0.406341
0.324566
0.353558
0.378064
0.371482
0.361950
0.309907
0.168886
0.179505
0.169239
0.169328
0.146068
0.152513
0.140196
0.154839
0.177760
0.420871
0.397775
0.409233
0.394867
0.448596
0.476786
0.308550
0.341836
0.294201
0.282211
0.263754
0.215424
0.252273
0.213263
0.180102
0.193182
0.158364
0.176869
0.162455
0.192307
0.260648
0.286878
0.268673
0.324066
0.308435
0.231692
0.252833
0.238552
0.211538
0.206867
0.205719
0.239071
0.247884
0.280740
0.314616
0.338351
0.266363
0.241043
0.219700
0.233659
0.251320
0.323663
0.320406
0.315282
0.271770
0.306718
0.351940
0.356767
0.372300
0.329486
0.346672
0.336853
0.309022
0.299471
0.263120
0.207813
0.145853
0.165019
0.292525
0.427201
0.398278
0.384661
0.401518
0.399271
0.404758
0.403143
0.421066
0.398444
0.338796
0.418311
0.429467
0.330535
0.295772
0.277089
0.272871
0.294428
0.290945
0.289830
0.323352
0.300188
0.279107
0.313304
0.322701
0.301563
0.333769
0.346260
0.338477
0.284119
0.309178
0.329706
0.399475
0.448848
0.424353
0.430313
0.447950
0.450005
0.488888
0.424185
0.461715
0.380353
0.403048
0.391641
0.350297
0.403831
0.401771
0.358961
0.394868
0.284005
0.344516
0.302432
0.255580
0.356090
0.305599
0.236200
0.275586
0.205428
0.300548
0.457068
0.522015
0.544422
0.551723
0.458271
0.421418
0.395856
0.396998
0.423219
0.412450
0.396769
0.370892
0.305144
0.261474
0.230985
0.210153
0.257814
0.266056
0.299633
0.311145
0.273110
0.262413
0.313817
0.363754
0.334162
0.277507
0.234350
0.177129
0.166385
0.259995
0.334449
0.336399
0.330242
0.332233
0.331703
0.327288
0.315106
0.302098
0.251784
0.256158
0.206772
0.170217
0.238708
0.268801
0.261203
0.208890
0.159502
0.135455
0.120578
0.215168
0.283442
0.289645
0.227207
0.268717
0.567474
0.517241
0.511845
0.613833
0.506738
0.522669
0.557092
0.411025
0.435823
0.454277
0.394933
0.449005
0.478472
0.458205
0.514118
0.471359
0.416933
0.455371
0.405181
0.418294
0.405433
0.391301
0.416317
0.329241
0.349341
0.403413
0.348043
0.425895
0.429473
0.432072
0.362593
0.427069
0.369812
0.416352
0.430154
0.386168
0.380633
0.442022
0.417950
0.472888
0.392323
0.453513
0.742490
0.714391
0.746472
0.694348
0.696187
0.763649
0.684321
0.709291
0.702747
0.750814
0.563452
0.451128
0.401696
0.477096
0.438056
0.424835
0.388386
0.343621
0.421556
0.360117
0.571436
0.605670
0.544813
0.549978
0.605199
0.658540
0.582960
0.489821
0.531336
0.517539
0.366163
0.435486
0.421553
0.427133
0.393044
0.373534
0.435592
0.414839
0.428619
0.482869
0.458906
0.490573
0.457044
0.468233
0.437401
0.457877
0.432098
0.398666
0.584316
0.627637
0.537772
0.674823
0.554491
0.532630
0.589219
0.740281
0.703521
0.620019
0.715808
0.709451
0.557689
0.566369
0.632570
0.614955
0.414902
0.409264
0.399710
0.404570
0.398342
0.405475
0.412780
0.401458
0.349498
0.461094
0.737854
0.758970
0.819505
0.788812
0.809384
0.739189
0.805542
0.465200
0.772641
0.690425
0.721330
0.618488
0.459071
0.410358
0.392556
0.392982
0.425897
0.361839
0.385287
0.391044
0.414494
0.387053
0.401224
0.348973
0.379199
0.403667
0.419464
0.401218
0.384534
0.415384
0.476852
0.462191
0.493248
0.467277
0.478739
0.432112
0.437074
0.481738
0.473250
0.560748
0.462758
0.433581
0.559186
0.538471
0.593634
0.551874
0.533913
0.482281
0.602590
0.573640
0.553932
0.547873
0.569451
0.626273
0.599298
0.450781
0.488360
0.456812
0.493357
0.488947
0.551338
0.607902
0.523687
0.695405
0.571003
0.524909
0.685592
0.588496
0.608519
0.530434
0.424244
0.411106
0.409807
0.338093
0.393981
0.300794
0.418432
0.425085
0.360047
0.421542
0.440664
0.406740
0.434835
0.377214
0.439233
0.457867
0.631778
0.628137
0.621465
0.654798
0.567331
0.662660
0.615427
0.533243
0.420161
0.489766
0.474092
0.488537
0.511890
0.484440
0.421175
0.369491
0.439838
0.467932
0.434357
0.461367
0.445413
0.480983
0.451187
0.486914
0.437758
0.468080
0.453425
0.469989
0.470972
0.417824
0.321142
0.421077
0.404775
0.418132
0.429140
0.322041
0.424226
0.418077
0.425480
0.421776
0.420840
0.432754
0.452255
0.428798
0.439619
0.388495
0.411994
0.402061
0.415821
0.377733
0.397701
0.427814
0.405603
0.447059
0.459734
0.469918
0.429909
0.456787
0.505649
0.494594
0.494649
0.498948
0.473064
0.432923
0.484999
0.461049
0.439181
0.503677
0.418226
0.434574
0.493704
0.480812
0.452673
0.494736
0.506391
0.524524
0.614585
0.563749
0.573998
0.626407
0.609712
0.514299
0.449891
0.556591
0.433087
0.396570
0.482948
0.470904
0.499990
0.496114
0.521452
0.504211
0.502083
0.489247
0.470013
0.496872
0.528260
0.542143
0.571317
0.561910
0.564795
0.609235
0.601337
0.501987
0.564695
0.486004
0.453347
0.396053
0.433119
0.403052
0.440043
0.435516
0.418423
0.444138
0.445526
0.365265
0.434438
0.472516
0.394218
0.505924
0.520432
0.544740
0.494066
0.503862
0.428857
0.512669
0.613650
0.527222
0.488187
0.611404
0.566531
0.596972
0.533820
0.462276
0.547582
0.552594
0.509203
0.553094
0.566540
0.474306
0.517069
0.472576
0.521046
0.382882
0.424621
0.392424
0.432323
0.380690
0.397508
0.465296
0.445841
0.429183
0.455279
0.497500
0.520355
0.513577
0.494800
0.443882
0.447838
0.496593
0.504601
0.450980
0.570340
0.571479
0.499018
0.518119
0.515299
0.531820
0.472626
0.475646
0.413877
0.384350
0.413263
0.411967
0.416562
0.407604
0.403487
0.422975
0.425074
0.426799
0.423819
0.418929
0.410229
0.398916
0.421153
0.428517
0.408553
0.458085
0.471669
0.400235
0.659505
0.655648
0.727672
0.683802
0.502415
0.508593
0.651124
0.620038
0.554433
0.639715
0.465904
0.465017
0.438519
0.459395
0.421959
0.458229
0.445310
0.416282
0.441749
0.435900
0.447267
0.470086
0.439834
0.506147
0.464440
0.489410
0.560840
0.486209
0.481673
0.460788
0.508501
0.489094
0.477240
0.487460
0.481161
0.486443
0.427855
0.499443
0.631963
0.564102
0.554711
0.524859
0.451259
0.488739
0.471584
0.464633
0.419825
0.483622
0.417875
0.484407
0.463952
0.471574
0.472887
0.399485
0.390607
0.359810
0.408544
0.417595
0.402188
0.396417
0.416254
0.406149
0.457121
0.414698
0.460960
0.533932
0.508984
0.587111
0.553994
0.520017
0.544620
0.557601
0.544673
0.469903
0.493511
0.595758
0.547841
0.486040
0.507525
0.417561
0.472125
0.489862
0.404533
0.473043
0.440895
0.498549
0.493485
0.523417
0.612647
0.587735
0.530730
0.599578
0.510373
0.504764
0.593658
0.555183
0.575774
0.546017
0.442244
0.448034
0.471402
0.433597
0.464082
0.464855
0.484197
0.430535
0.489579
0.486810
0.507447
0.579552
0.528790
0.492718
0.527587
0.513080
0.467806
0.476154
0.479397
0.515527
0.500359
0.455926
0.481091
0.530343
0.473803
0.500254
0.469571
0.498399
0.417744
0.504957
0.515454
0.410917
0.472446
0.497175
0.461398
0.425566
0.481699
0.470308
0.469157
0.466164
0.483641
0.483685
0.463580
0.453889
0.463594
0.428459
0.417147
0.445166
0.503343
0.434653
0.501970
0.445718
0.477441
0.435356
0.481660
0.445917
0.474799
0.480676
0.452582
0.492976
0.472539
0.424716
0.415162
0.413848
0.404293
0.403532
0.414946
0.407493
0.399006
0.388337
0.435255
0.460395
0.406854
0.442650
0.542307
0.513289
0.514849
0.444985
0.523257
0.502535
0.494895
0.460913
0.501399
0.484615
0.472789
0.468002
0.473361
0.408648
0.463164
0.492930
0.480009
0.479671
0.495376
0.463471
0.519527
0.511975
0.444784
0.495256
0.431805
0.500884
0.495556
0.438175
0.445261
0.546100
0.462858
0.474744
0.501700
0.480986
0.441912
0.459495
0.426836
0.386832
0.407761
0.427414
0.415019
0.432727
0.397515
0.395727
0.355066
0.394185
0.394273
0.395307
0.397164
0.396211
0.397942
0.371278
0.413532
0.475168
0.449919
0.471222
0.486628
0.464364
0.462982
0.450109
0.449413
0.460055
0.408599
0.416106
0.409005
0.414809
0.387822
0.416758
0.409316
0.409209
0.454727
0.508350
0.542305
0.600825
0.491790
0.592454
0.668698
0.616835
0.581068
0.474085
0.545734
0.581676
0.552254
0.577079
0.530779
0.473335
0.444335
0.462704
0.417176
0.439858
0.452926
0.448667
0.450106
0.392081
0.431160
0.438990
0.452988
0.455724
0.443486
0.434348
0.458150
0.473672
0.381523
0.469318
0.469843
0.381360
0.431686
0.403105
0.429305
0.405997
0.385371
0.435396
0.442080
0.335428
0.367409
0.502617
0.529948
0.537612
0.596784
0.546114
0.535706
0.467642
0.433811
0.469733
0.490090
0.461460
0.455297
0.444929
0.459765
0.454359
0.443092
0.460539
0.456973
0.434343
0.414734
0.463478
0.451306
0.424174
0.433745
0.421035
0.431805
0.404655
0.416233
0.408279
0.420847
0.452456
0.490575
0.482005
0.433899
0.453539
0.456057
0.399147
0.487444
0.410114
0.514941
0.456294
0.545682
0.498163
0.578900
0.464901
0.415493
0.547188
0.511216
0.457099
0.571539
0.591394
0.547912
0.549496
0.579588
0.496455
0.497611
0.540613
0.532715
0.557659
0.563865
0.591121
0.551581
0.549350
0.511571
0.511688
0.484893
0.396421
0.446930
0.380567
0.459670
0.442673
0.464320
0.445429
0.405656
0.458569
0.450858
0.394803
0.376879
0.437861
0.449416
0.431295
0.383398
0.462869
0.458397
0.459749
0.423410
0.447416
0.421764
0.438899
0.387623
0.405039
0.434832
0.445871
0.442193
0.450061
0.400339
0.478999
0.454597
0.422106
0.449964
0.446301
0.449143
0.435517
0.469584
0.443168
0.499350
0.487279
0.479237
0.439371
0.412816
0.350028
0.405216
0.413221
0.420372
0.405768
0.415804
0.411273
0.354605
0.417509
0.424494
0.302072
0.477020
0.552238
0.491939
0.533357
0.464125
0.535515
0.586802
0.663207
0.676450
0.649410
0.671091
0.679847
0.655899
0.426926
0.443948
0.430066
0.327004
0.406618
0.401258
0.580868
0.521574
0.589070
0.600612
0.590227
0.484335
0.556310
0.551813
0.544208
0.491971
0.457165
0.582163
0.567974
0.560133
0.634077
0.659651
0.585159
0.544926
0.676197
0.676760
0.617423
0.661522
0.637434
0.568396
0.648568
0.666999
0.652656
0.634541
0.682303
0.706099
0.751073
0.766828
0.733348
0.644804
0.723222
0.716798
0.564227
0.639473
0.634591
0.623089
0.653407
0.592093
0.593990
0.606896
0.597989
0.578008
0.601335
0.536347
0.511896
0.531040
0.493343
0.537888
0.520737
0.528969
0.507410
0.566292
0.552229
0.549333
0.487547
0.562644
0.542960
0.586515
0.604415
0.649969
0.514333
0.639533
0.559199
0.448985
0.600768
0.637968
0.657811
0.644142
0.684549
0.692111
0.653916
0.636577
0.549876
0.568227
0.547083
0.544425
0.621157
0.405980
0.409781
0.391985
0.432456
0.418574
0.487074
0.563767
0.586829
0.555784
0.516230
0.475358
0.569813
0.436513
0.416823
0.417422
0.461959
0.433039
0.485953
0.476549
0.443345
0.454068
0.530224
0.622600
0.575482
0.564858
0.625206
0.583418
0.615321
0.633437
0.639771
0.688589
0.672642
0.662273
0.667396
0.614652
0.615358
0.477777
0.508520
0.459528
0.504935
0.459435
0.469751
0.490330
0.497823
0.483751
0.452431
0.445218
0.428404
0.483662
0.471750
0.549950
0.543855
0.607830
0.506197
0.541352
0.444420
0.477788
0.489210
0.520183
0.437755
0.455386
0.556153
0.488559
0.526221
0.452214
0.452196
0.487604
0.527573
0.486459
0.501262
0.538092
0.578295
0.681965
0.670450
0.683535
0.535084
0.682169
0.701073
0.681280
0.715912
0.690944
0.608280
0.622285
0.605602
0.551664
0.514521
0.431710
0.415185
0.374269
0.423856
0.347520
0.276347
0.424023
0.496373
0.457881
0.522853
0.522991
0.505915
0.526120
0.458325
0.447085
0.477967
0.403959
0.494043
0.441064
0.449068
0.475480
0.457164
0.420796
0.419135
0.411845
0.421048
0.394591
0.393367
0.402355
0.426527
0.396661
0.385757
0.372779
0.412731
0.429906
0.454919
0.671356
0.547470
0.567005
0.638944
0.718188
0.703925
0.627182
0.635262
0.648451
0.612192
0.547967
0.489668
0.533968
0.474664
0.470940
0.564474
0.562703
0.519107
0.560750
0.577857
0.515794
0.502701
0.514895
0.419054
0.490140
0.491519
0.490819
0.517908
0.442199
0.450501
0.475328
0.589361
0.600234
0.686806
0.709587
0.636615
0.594504
0.632434
0.588481
0.565142
0.591887
0.578817
0.562050
0.578291
0.570400
0.504011
0.419411
0.492431
0.465379
0.517049
0.464647
0.496610
0.523370
0.690665
0.569914
0.603594
0.714471
0.704930
0.656904
0.488942
0.492678
0.535571
0.501360
0.506338
0.441147
0.518188
0.516515
0.499663
0.366014
0.423462
0.409649
0.414534
0.412422
0.416318
0.363865
0.531210
0.523856
0.552757
0.505437
0.557890
0.536738
0.464789
0.476304
0.458874
0.482604
0.473220
0.464306
0.486617
0.435397
0.426114
0.408150
0.446652
0.405362
0.432659
0.382453
0.346378
0.685871
0.768816
0.742069
0.811884
0.800774
0.740634
0.754965
0.479533
0.472918
0.345510
0.447860
0.429392
0.484881
0.479878
0.494296
0.582099
0.613910
0.612381
0.496514
0.631926
0.709942
0.615251
0.696751
0.747062
0.725125
0.630083
0.693345
0.535248
0.550083
0.573523
0.540047
0.496075
0.514421
0.506544
0.521721
0.473867
0.516316
0.384245
0.423555
0.420275
0.340898
0.366646
0.350153
0.373614
0.413541
0.376126
0.344148
0.378877
0.385149
0.387542
0.391992
0.377601
0.415224
0.395924
0.366203
0.393547
0.335759
0.346182
0.325881
0.333231
0.349157
0.323038
0.317142
0.352675
0.369447
0.383333
0.401621
0.382244
0.369986
0.408083
0.433224
0.445399
0.407504
0.418524
0.405001
0.410893
0.412557
0.436244
0.447340
0.456364
0.372158
0.336390
0.381844
0.373411
0.310983
0.314644
0.331721
0.388778
0.365624
0.370445
0.355118
0.360788
0.368312
0.413275
