0.127385
0.151970
0.116951
0.091107
0.070971
0.065804
0.058815
0.063059
0.071290
0.071194
0.059330
0.053928
0.058698
0.056301
0.054296
0.053383
0.054804
0.053505
0.054047
0.062422
0.059909
0.075871
0.070299
0.064355
0.065703
0.086986
0.079067
0.091741
0.082527
0.082537
0.080596
0.121898
0.087852
0.082620
0.091943
0.083435
0.082957
0.091668
0.094872
0.085468
0.085294
0.091522
0.082172
0.079696
0.087548
0.069179
0.060781
0.064932
0.069833
0.062099
0.063306
0.065481
0.067075
0.074797
0.085143
0.072378
0.062332
0.067893
0.078410
0.064614
0.115648
0.098680
0.065834
0.077796
0.082263
0.068822
0.095738
0.079731
0.071803
0.086128
0.091191
0.081829
0.096877
0.092152
0.092592
0.092870
0.106587
0.116860
0.106297
0.105800
0.104779
0.099283
0.117059
0.117154
0.101568
0.100881
0.111148
0.103990
0.099401
0.100659
0.125519
0.127855
0.133334
0.135059
0.123265
0.112670
0.146272
0.167101
0.144838
0.148032
0.157048
0.133084
0.120876
0.104954
0.121643
0.144504
0.106598
0.112703
0.101661
0.106571
0.147767
0.133210
0.158806
0.180097
0.141968
0.163931
0.179110
0.182518
0.201539
0.166799
0.136420
0.178124
0.168054
0.184157
0.177569
0.191700
0.238908
0.219054
0.197324
0.183604
0.168921
0.171653
0.201783
0.195766
0.182526
0.214008
0.221193
0.211410
0.203578
0.212123
0.176014
0.223423
0.293157
0.243876
0.279739
0.235775
0.210961
0.225416
0.265531
0.105893
0.113440
0.120371
0.112616
0.100044
0.110281
0.109325
0.109355
0.106275
0.125245
0.129949
0.107348
0.101099
0.131647
0.111584
0.147937
0.137592
0.113376
0.132347
0.145553
0.112939
0.145734
0.117787
0.116276
0.146170
0.080054
0.084744
0.074131
0.080147
0.085217
0.087567
0.075554
0.072930
0.082369
0.105244
0.087675
0.112745
0.092224
0.095406
0.115189
0.105743
0.124908
0.101447
0.106827
0.114626
0.137556
0.081336
0.096432
0.084694
0.101781
0.103341
0.086864
0.106271
0.145207
0.117625
0.065544
0.061081
0.066950
0.062798
0.058513
0.056100
0.070650
0.067053
0.064965
0.062701
0.052623
0.057106
0.112478
0.102309
0.083023
0.110653
0.098059
0.074939
0.067455
0.074712
0.101120
0.093749
0.078655
0.068270
0.097724
0.073013
0.061067
0.054635
0.052152
0.058972
0.090748
0.065863
0.095020
0.056621
0.068375
0.126966
0.057692
0.066915
0.076392
0.080990
0.114838
0.064459
0.059045
0.072713
0.085456
0.078287
0.093398
0.083872
0.123093
0.118265
0.090773
0.104588
0.167757
0.124364
0.073490
0.072527
0.107628
0.077668
0.071777
0.068244
0.064175
0.107384
0.090127
0.085116
0.098405
0.080265
0.076854
0.064949
0.068236
0.074471
0.076697
0.067456
0.069853
0.054034
0.056880
0.063324
0.059827
0.076885
0.079017
0.069539
0.072368
0.087758
0.078496
0.076848
0.067644
0.072248
0.141157
0.146481
0.087819
0.091978
0.138985
0.088095
0.114603
0.079831
0.087010
0.137538
0.070573
0.074361
0.069209
0.068521
0.065115
0.070445
0.071683
0.056842
0.057945
0.063434
0.054764
0.054947
0.056101
0.058020
0.064789
0.064188
0.060846
0.052955
0.056509
0.051456
0.052242
0.083874
0.071589
0.051765
0.049104
0.078906
0.059139
0.066906
0.061056
0.060760
0.077655
0.076932
0.068458
0.068312
0.065560
0.063579
0.065169
0.068915
0.082452
0.061268
0.057323
0.059532
0.062473
0.060258
0.061780
0.073643
0.071595
0.064090
0.064416
0.071062
0.067805
0.079001
0.069239
0.066740
0.112790
0.088059
0.086991
0.111270
0.079878
0.078102
0.087982
0.100608
0.114782
0.069619
0.062241
0.070547
0.077050
0.061968
0.071144
0.052868
0.063298
0.069321
0.055490
0.096600
0.109445
0.105244
0.113440
0.120186
0.105936
0.292202
0.277093
0.249067
0.279429
0.261358
0.211583
0.170854
0.209288
0.239622
0.226555
0.165676
0.177236
0.242369
0.134683
0.152799
0.104209
0.128116
0.109552
0.113427
0.138976
0.150547
0.227195
0.175123
0.128207
0.065394
0.052587
0.053908
0.050750
0.041439
0.034309
0.035070
0.037738
0.054007
0.054630
0.038958
0.048688
0.055039
0.033769
0.031003
0.020107
0.028437
0.037770
0.021664
0.031185
0.022584
0.031334
0.031406
0.021276
0.050528
0.044875
0.059094
0.068747
0.048265
0.061450
0.076856
0.079891
0.083508
0.069669
0.085896
0.063573
0.050188
0.099068
0.073435
0.085662
0.079963
0.097768
0.100384
0.092441
0.111065
0.097413
0.111269
0.083207
0.108235
0.101023
0.082448
0.112797
0.105079
0.092778
0.083830
0.073872
0.119485
0.113662
0.107536
0.118155
0.116144
0.101273
0.134238
0.101053
0.120178
0.112288
0.080696
0.070489
0.069565
0.084996
0.016602
0.017652
0.014570
0.014994
0.013698
0.011245
0.009984
0.009621
0.012475
0.010783
0.013211
0.011365
0.026389
0.011787
0.028409
0.011655
0.024522
0.013351
0.011076
0.024155
0.018119
0.019973
0.016533
0.015715
0.021921
0.017016
0.015743
0.014999
0.014682
0.052990
0.029109
0.018408
0.022651
0.027312
0.017038
0.015197
0.024274
0.014761
0.012856
0.013873
0.024725
0.026312
0.023185
0.021114
0.030825
0.027440
0.027250
0.024292
0.021143
0.057533
0.034272
0.037282
0.054863
0.032331
0.028203
0.052272
0.026199
0.019430
0.023275
0.039888
0.048659
0.037616
0.037292
0.042243
0.047683
0.036716
0.033297
0.028856
0.031161
0.037667
0.038488
0.044166
0.044137
0.042457
0.041124
0.065254
0.059071
0.061705
0.057996
0.060797
0.050729
0.059379
0.054048
0.049144
0.051260
0.056863
0.058878
0.047651
0.044579
0.059085
0.059030
0.071432
0.097005
0.063474
0.055717
0.114505
0.061096
0.047698
0.043468
0.035805
0.081883
0.064708
0.137551
0.072800
0.052168
0.042417
0.028593
0.040575
0.066788
0.026741
0.036651
0.043782
0.028080
0.033198
0.025457
0.065165
0.047120
0.031838
0.077735
0.067941
0.071500
0.053031
0.035741
0.081408
0.079609
0.082567
0.101677
0.086681
0.128852
0.120627
0.099240
0.125711
0.089430
0.075875
0.039727
0.038042
0.054751
0.052628
0.071606
0.097538
0.060041
0.077398
0.098076
0.122979
0.051596
0.050394
0.055513
0.059636
0.058156
0.044585
0.096604
0.143071
0.129361
0.229445
0.174552
0.249310
0.203130
0.153675
0.134959
0.259373
0.185985
0.207756
0.256676
0.143697
0.160947
0.153236
0.159985
0.142646
0.129561
0.134754
0.117070
0.101671
0.119660
0.040378
0.038500
0.045798
0.029709
0.034677
0.039208
0.040434
0.052131
0.035787
0.042602
0.032360
0.028428
0.051894
0.038088
0.042533
0.041105
0.049326
0.059292
0.051223
0.095044
0.093487
0.079799
0.084058
0.097815
0.081857
0.073747
0.072360
0.073148
0.110101
0.095724
0.084466
0.101207
0.085082
0.073028
0.065242
0.079536
0.069271
0.060477
0.064638
0.114624
0.122669
0.103989
0.098536
0.141143
0.123963
0.134254
0.119293
0.099405
0.127225
0.146821
0.137173
0.249523
0.173105
0.235615
0.161339
0.098796
0.135658
0.213904
0.099265
0.117535
0.115067
0.102041
0.119396
0.115765
0.125412
0.127650
0.113398
0.093214
0.099036
0.118529
0.111017
0.111258
0.127173
0.143767
0.155596
0.132099
0.124621
0.173177
0.137992
0.168761
0.129195
0.148132
0.182530
0.106630
0.133011
0.092007
0.091365
0.100342
0.128901
0.081701
0.081522
0.081327
0.082734
0.072340
0.087468
0.081859
0.070311
0.100791
0.093214
0.144096
0.138899
0.102682
0.107676
0.111881
0.135910
0.105967
0.125276
0.134813
0.152098
0.074901
0.095038
0.085253
0.111445
0.156314
0.211055
0.126601
0.091279
0.214147
0.144607
0.208733
0.170864
0.159543
0.209552
0.108486
0.113982
0.116771
0.132634
0.123215
0.120798
0.135153
0.131691
0.137952
0.126030
0.134860
0.122129
0.099545
0.145603
0.138775
0.204365
0.195110
0.154063
0.160901
0.188489
0.150239
0.184789
0.151932
0.149318
0.184365
0.112821
0.126276
0.103409
0.108979
0.116637
0.133624
0.095375
0.100875
0.104714
0.103322
0.141366
0.120087
0.231026
0.143995
0.128790
0.162483
0.151595
0.163505
0.178614
0.164453
0.175239
0.191006
0.192084
0.184410
0.175058
0.178335
0.199452
0.199279
0.183115
0.201579
0.202124
0.195431
0.197902
0.204999
0.203052
0.180723
0.183418
0.177632
0.179364
0.178057
0.178076
0.085543
0.069372
0.094926
0.098981
0.084036
0.070565
0.118332
0.104133
0.128493
0.112582
0.191997
0.159159
0.124131
0.140222
0.148845
0.104941
0.075172
0.088546
0.143411
0.054245
0.054758
0.053065
0.054334
0.052912
0.055583
0.053000
0.055707
0.059249
0.059059
0.058950
0.057553
0.075610
0.059233
0.060718
0.080258
0.059120
0.058062
0.063333
0.067407
0.084199
0.054699
0.062768
0.057902
0.060443
0.074448
0.086837
0.077861
0.095239
0.104825
0.098595
0.088799
0.096494
0.096689
0.099765
0.098644
0.085586
0.099651
0.091943
0.103433
0.105373
0.114461
0.087436
0.109175
0.182725
0.176843
0.185677
0.174271
0.169596
0.168587
0.193862
0.189596
0.181859
0.180828
0.164432
0.165652
0.174127
0.172794
0.150265
0.154991
0.150751
0.159290
0.151025
0.149597
0.067247
0.063129
0.066988
0.061760
0.057476
0.061438
0.093406
0.072342
0.085783
0.067948
0.064393
0.077903
0.058871
0.058995
0.054671
0.058538
0.061675
0.063304
0.081679
0.080842
0.079196
0.060730
0.062667
0.076857
0.079540
0.165064
0.170481
0.097300
0.093657
0.182455
0.103997
0.185108
0.100172
0.104592
0.182911
0.198007
0.115846
0.105943
0.197583
0.093894
0.085267
0.084769
0.101901
0.200451
0.072002
0.077354
0.073654
0.068872
0.082109
0.193144
0.100859
0.090961
0.101059
0.124103
0.124099
0.193831
0.118565
0.207035
0.131800
0.132602
0.202959
0.146067
0.155819
0.206833
0.149961
0.190259
0.122538
0.101083
0.112677
0.176311
0.101947
0.105824
0.176565
0.089872
0.097723
0.112412
0.087501
0.077276
0.117554
0.085493
0.092986
0.091911
0.062383
0.065597
0.076911
0.075279
0.068212
0.077609
0.164174
0.088100
0.170083
0.091542
0.092220
0.160345
0.089740
0.094064
0.095782
0.093598
0.091944
0.088815
0.080415
0.086991
0.091619
0.084256
0.094999
0.074703
0.064764
0.072533
0.085510
0.079116
0.093326
0.086493
0.096714
0.106087
0.104707
0.092220
0.094566
0.103874
0.156471
0.113698
0.166779
0.115857
0.143997
0.104883
0.115957
0.159431
0.101689
0.105097
0.095190
0.091158
0.095079
0.106552
0.089139
0.090959
0.086399
0.089106
0.085037
0.078492
0.084463
0.111359
0.090577
0.056219
0.060957
0.059139
0.073393
0.072526
0.064963
0.108884
0.061833
0.102614
0.070623
0.078508
0.110015
0.110711
0.072728
0.103762
0.374662
0.377647
0.418015
0.324608
0.427226
0.391475
0.460003
0.505694
0.379124
0.448723
0.383475
0.458441
0.452668
0.382036
0.411959
0.397100
0.330580
0.362045
0.365953
0.156416
0.184486
0.244854
0.196585
0.202658
0.272823
0.294003
0.277876
0.233323
0.321304
0.215833
0.363574
0.307885
0.387115
0.352008
0.328278
0.378085
0.332374
0.315668
0.313326
0.270465
0.313711
0.335275
0.203569
0.149122
0.156447
0.179301
0.130723
0.138919
0.127325
0.130357
0.151677
0.121811
0.124252
0.127528
0.123214
0.120169
0.120528
0.121195
0.113974
0.116250
0.123654
0.139414
0.120400
0.120892
0.033289
0.026626
0.023939
0.024462
0.035583
0.022893
0.021170
0.023266
0.031323
0.032765
0.023433
0.021863
0.038508
0.026316
0.026482
0.036207
0.062428
0.092917
0.066786
0.080007
0.084678
0.180896
0.071161
0.080932
0.085366
0.085173
0.187978
0.095399
0.047209
0.039953
0.046058
0.052274
0.033310
0.037313
0.073316
0.040228
0.092151
0.060044
0.065696
0.094564
0.122091
0.117958
0.133087
0.130547
0.145043
0.134662
0.150671
0.161372
0.138843
0.137013
0.187273
0.154875
0.168970
0.209000
0.160385
0.149533
0.144537
0.144118
0.164528
0.156793
0.157470
0.191264
0.206858
0.180083
0.163869
0.239192
0.261870
0.222804
0.177556
0.278468
0.245462
0.254485
0.292741
0.217416
0.165712
0.186218
0.216135
0.200908
0.212353
0.191401
0.185250
0.194994
0.192277
0.186261
0.184204
0.203235
0.180114
0.177091
0.159909
0.163498
0.168115
0.166559
0.171174
0.186090
0.169904
0.130687
0.130691
0.119756
0.121456
0.123619
0.128875
0.116915
0.117064
0.119133
0.121161
0.199140
0.132448
0.138424
0.204275
0.212600
0.167081
0.160401
0.196074
0.156817
0.154183
0.166190
0.173422
0.196030
0.145895
0.155792
0.156953
0.173851
0.165174
0.186876
0.185285
0.199535
0.190604
0.189907
0.264531
0.245795
0.258752
0.237228
0.235012
0.279017
0.231968
0.254513
0.227027
0.221223
0.232884
0.237962
0.239134
0.241417
0.240036
0.253098
0.250489
0.235016
0.222550
0.248236
0.238587
0.256477
0.274432
0.244706
0.247153
0.237519
0.249945
0.245608
0.243563
0.222857
0.213974
0.202516
0.209161
0.157060
0.093521
0.167274
0.091047
0.086648
0.083844
0.102244
0.090352
0.119144
0.101861
0.090026
0.125436
0.092962
0.109389
0.115532
0.089041
0.085274
0.092195
0.109588
0.139601
0.190083
0.179283
0.156470
0.190246
0.279367
0.227619
0.310403
0.259753
0.247262
0.304994
0.380645
0.410401
0.435516
0.414284
0.389475
0.417118
0.370031
0.386502
0.359199
0.345461
0.363526
0.402828
0.357111
0.339201
0.364942
0.335743
0.320917
0.327968
0.334410
0.331332
0.306731
0.236808
0.311646
0.281075
0.272374
0.221269
0.319796
0.309210
0.289620
0.288313
0.286825
0.276932
0.255187
0.210293
0.239164
0.151049
0.150269
0.147066
0.148241
0.156098
0.154026
0.143329
0.143987
0.154089
0.167519
0.165586
0.165638
0.114457
0.114182
0.118195
0.112389
0.114694
0.122374
0.144310
0.125231
0.118794
0.075665
0.091422
0.077507
0.094307
0.098043
0.144708
0.079165
0.088205
0.094660
0.121611
0.154219
0.121253
0.128602
0.220701
0.247906
0.280144
0.219473
0.213939
0.239138
0.234135
0.232334
0.246771
0.338153
0.315956
0.310140
0.334173
0.297420
0.285857
0.309067
0.323542
0.347928
0.264576
0.275029
0.281785
0.275599
0.314745
0.308421
0.314378
0.307687
0.311406
0.317581
0.313241
0.360281
0.322493
0.350829
0.310182
0.295174
0.296923
0.317513
0.299846
0.272031
0.254380
0.303731
0.292968
0.268725
0.379065
0.322950
0.330706
0.322778
0.342146
0.313983
0.339346
0.306560
0.323244
0.325227
0.295668
0.308799
0.298552
0.296125
0.282481
0.229335
0.261412
0.265123
0.296209
0.293608
0.318798
0.304510
0.320175
0.319845
0.332167
0.364288
0.341907
0.351845
0.327744
0.322075
0.324074
0.341120
0.324159
0.320333
0.434506
0.317980
0.328312
0.322148
0.338466
0.339937
0.375317
0.465530
0.384534
0.468338
0.383993
0.435541
0.362016
0.376166
0.379197
0.365448
0.372335
0.369885
0.355581
0.346967
0.366483
0.368451
0.381398
0.391681
0.328540
0.321837
0.046387
0.043395
0.020647
0.023265
0.016983
0.018778
0.013693
0.012955
0.015054
0.026723
0.016052
0.031470
0.017521
0.019473
0.031448
0.017902
0.014682
0.017995
0.013213
0.014483
0.016183
0.013584
0.015231
0.014166
0.013257
0.015727
0.017740
0.026989
0.022825
0.024920
0.020271
0.019589
0.021606
0.018659
0.023477
0.018044
0.016937
0.021481
0.021493
0.038114
0.041667
0.033856
0.035117
0.039246
0.044250
0.028063
0.029844
0.031481
0.043347
0.048696
0.047702
0.049572
0.044214
0.048116
0.052587
0.050803
0.044790
0.047252
0.052139
0.057152
0.062535
0.049642
0.060255
0.062790
0.058321
0.054755
0.053168
0.073824
0.056935
0.072528
0.054930
0.075749
0.068464
0.055328
0.070034
0.073688
0.059994
0.055697
0.071482
0.100614
0.098456
0.101735
0.098627
0.087934
0.090897
0.093635
0.103006
0.095585
0.080729
0.078962
0.087917
0.089781
0.096751
0.094980
0.105022
0.106131
0.100258
0.106803
0.095144
0.088914
0.091411
0.092516
0.105942
0.085132
0.084749
0.078554
0.093615
0.092621
0.090902
0.086462
0.082570
0.089950
0.095408
0.085439
0.085764
0.093433
0.094548
0.094053
0.094358
0.089684
0.083310
0.099643
0.150660
0.107304
0.151375
0.110690
0.107070
0.148564
0.075539
0.077596
0.076001
0.073049
0.078207
0.076448
0.074346
0.072414
0.069897
0.077304
0.080254
0.076624
0.076741
0.074932
0.069615
0.072595
0.077185
0.082191
0.081686
0.077603
0.090171
0.085164
0.082934
0.080797
0.076769
0.092469
0.097723
0.087924
0.083100
0.079791
0.073756
0.076598
0.081576
0.086654
0.094438
0.097556
0.104676
0.098735
0.115669
0.122337
0.105550
0.103547
0.129615
0.111024
0.118078
0.131010
0.114015
0.107261
0.136825
0.144057
0.151476
0.156244
0.156048
0.151389
0.157197
0.166141
0.170561
0.164697
0.161996
0.165811
0.159377
0.160311
0.149493
0.145217
0.140722
0.116478
0.152635
0.148236
0.135666
0.113202
0.160174
0.161346
0.155283
0.165152
0.135329
0.140790
0.105449
0.110984
0.127514
0.121923
0.075135
0.059559
0.082908
0.076166
0.067675
0.058126
0.093682
0.087604
0.083316
0.082843
0.069497
0.068803
0.053883
0.055654
0.060918
0.061156
0.042227
0.041376
0.038871
0.041860
0.041834
0.038651
0.041506
0.040868
0.041006
0.037994
0.039075
0.041439
0.044820
0.046845
0.044075
0.046136
0.062354
0.072361
0.053521
0.051082
0.079060
0.052439
0.045571
0.045784
0.043223
0.051663
0.078683
0.044201
0.039341
0.042832
0.037416
0.041242
0.083724
0.091574
0.107268
0.109937
0.115438
0.107613
0.119045
0.122635
0.125485
0.122316
0.125038
0.124957
0.123884
0.126014
0.115216
0.109045
0.119410
0.124139
0.121895
0.125710
0.128680
0.127719
0.132808
0.132413
0.127929
0.124727
0.133868
0.130548
0.131577
0.136975
0.129858
0.129706
0.140365
0.134541
0.145392
0.145688
0.132446
0.143521
0.143660
0.145412
0.146731
0.141425
0.131909
0.144168
0.145220
0.141074
0.143251
0.140955
0.136363
0.129035
0.125765
0.120976
0.120616
0.123380
0.113965
0.111546
0.116994
0.118870
0.114682
0.117752
0.117496
0.119068
0.117395
0.120211
0.121965
0.116064
0.115255
0.115405
0.127152
0.117500
0.111115
0.109612
0.107337
0.117748
0.118675
0.117078
0.118211
0.118735
0.114516
0.247090
0.130220
0.164134
0.180690
0.273598
0.127598
0.114719
0.126310
0.155724
0.169864
0.283730
0.278576
0.218597
0.205577
0.190128
0.195260
0.235558
0.220597
0.210659
0.200974
0.250226
0.300668
0.312128
0.279065
0.275361
0.315126
0.307579
0.252400
0.268951
0.312255
0.173464
0.174364
0.184410
0.189801
0.180149
0.159390
0.240107
0.244518
0.200382
0.198250
0.245783
0.198170
0.257979
0.229649
0.203638
0.247656
0.201618
0.184006
0.161252
0.163891
0.213734
0.182358
0.208207
0.184901
0.178270
0.169233
0.264659
0.218751
0.183944
0.196349
0.232930
0.185990
0.191292
0.238301
0.173697
0.159262
0.182368
0.220387
0.232674
0.209880
0.265781
0.247313
0.272403
0.252897
0.262619
0.287545
0.240805
0.219787
0.242170
0.233274
0.222298
0.267829
0.223890
0.201332
0.201644
0.199945
0.207376
0.261039
0.194024
0.206169
0.190024
0.174464
0.182964
0.163427
0.179328
0.178939
0.168994
0.146778
0.138321
0.150407
0.147497
0.142161
0.136228
0.155384
0.154136
0.150911
0.151237
0.205493
0.208303
0.150673
0.146376
0.212539
0.147557
0.239084
0.137936
0.141701
0.193635
0.221463
0.137124
0.236272
0.139815
0.137788
0.135872
0.308308
0.172623
0.141064
0.269733
0.164184
0.137915
0.147148
0.137113
0.153045
0.150086
0.142723
0.140355
0.148134
0.363369
0.215094
0.229790
0.291895
0.213174
0.207638
0.202160
0.225395
0.300015
0.202300
0.219703
0.191566
0.174056
0.191319
0.281189
0.206773
0.259622
0.239196
0.243027
0.243925
0.246513
0.238411
0.265179
0.226458
0.309286
0.224198
0.326596
0.266089
0.262854
0.301333
0.481338
0.512193
0.456954
0.521146
0.539286
0.538436
0.398842
0.529813
0.449009
0.459659
0.523587
0.541386
0.445504
0.594378
0.582846
0.549291
0.411831
0.492886
0.534418
0.423712
0.482448
0.540565
0.504529
0.485170
0.397551
0.501361
0.534480
0.512679
0.526871
0.552538
0.518713
0.523853
0.515381
0.422798
0.363751
0.426695
0.460700
0.584906
0.576269
0.517608
0.619626
0.596177
0.570258
0.614923
0.625627
0.610291
0.681012
0.669076
0.633449
0.617985
0.578161
0.594482
0.583506
0.676788
0.685135
0.637434
0.580212
0.544574
0.519746
0.579585
0.527961
0.559129
0.563594
0.602334
0.443876
0.507873
0.456609
0.564945
0.507553
0.572254
0.566301
0.551242
0.540764
0.489950
0.535912
0.557209
0.403521
0.478981
0.478241
0.519868
0.551073
0.408044
0.571695
0.504021
0.546217
0.581880
0.391837
0.424021
0.438088
0.470055
0.375547
0.458838
0.493745
0.476202
0.451327
0.476102
0.419347
0.461058
0.356040
0.375424
0.348914
0.339435
0.332021
0.337366
0.318770
0.337405
0.326270
0.295496
0.315262
0.330111
0.318346
0.305820
0.328012
0.316791
0.340070
0.312357
0.346533
0.328344
0.367173
0.352343
0.265703
0.298443
0.242174
0.267388
0.271080
0.285818
0.209057
0.218685
0.228767
0.218804
0.230429
0.248418
0.246012
0.262877
0.257804
0.235395
0.275926
0.269540
0.291872
0.296839
0.198209
0.210719
0.196902
0.210085
0.208998
0.208163
0.196107
0.204588
0.204904
0.191792
0.207476
0.208999
0.223381
0.222317
0.211575
0.211348
0.223665
0.211372
0.211143
0.226116
0.199435
0.205819
0.200540
0.207705
0.208012
0.206442
0.198587
0.208417
0.206882
0.200754
0.213920
0.208746
0.223629
0.220695
0.211344
0.215842
0.221814
0.210959
0.210225
0.222553
0.199381
0.211352
0.205076
0.219026
0.220140
0.215805
0.215250
0.224965
0.224086
0.208991
0.224914
0.219763
0.251262
0.235629
0.215601
0.233341
0.231038
0.219927
0.220038
0.227590
0.219281
0.224522
0.224997
0.234316
0.244843
0.231175
0.218514
0.226769
0.233376
0.226210
0.238702
0.253311
0.260771
0.276497
0.271827
0.249683
0.269997
0.257558
0.243818
0.262549
0.220451
0.230646
0.204050
0.207744
0.213292
0.228134
0.200665
0.202033
0.194859
0.192197
0.214399
0.204567
0.233535
0.224080
0.208039
0.218688
0.231748
0.213140
0.225331
0.244439
0.207618
0.207696
0.219351
0.227181
0.231793
0.218257
0.236853
0.266088
0.250169
0.301678
0.281894
0.255627
0.281877
0.261067
0.237056
0.225893
0.241475
0.281844
0.298184
0.276510
0.364762
0.311003
0.423455
0.346779
0.315984
0.409929
0.341076
0.310320
0.330637
0.344053
0.403746
0.392756
0.394345
0.367615
0.372248
0.355350
0.390154
0.334306
0.344335
0.367096
0.360452
0.332433
0.355298
0.340879
0.379798
0.334735
0.303143
0.316307
0.287904
0.310165
0.308517
0.311494
0.249128
0.261717
0.302537
0.275007
0.264516
0.305627
0.307697
0.271187
0.307518
0.312292
0.220788
0.227342
0.204918
0.212651
0.209515
0.218093
0.182561
0.188413
0.198340
0.188664
0.191713
0.205647
0.212354
0.197889
0.216535
0.223162
0.176579
0.177006
0.176539
0.173434
0.175291
0.175286
0.172895
0.172533
0.169736
0.168717
0.179811
0.176118
0.181177
0.187434
0.182192
0.183424
0.177455
0.176283
0.182165
0.180710
0.186634
0.182944
0.171458
0.175476
0.180609
0.179275
0.184440
0.187383
0.195069
0.193879
0.193484
0.191660
0.167015
0.172110
0.168292
0.172791
0.181735
0.180752
0.184245
0.189050
0.173215
0.166274
0.199402
0.184856
0.194699
0.207994
0.193576
0.193273
0.201224
0.207037
0.206951
0.212696
0.214494
0.211610
0.205981
0.205285
0.214400
0.213372
0.207298
0.217375
0.217996
0.209767
0.215331
0.214259
0.195037
0.197884
0.187628
0.193976
0.193838
0.198059
0.180583
0.186620
0.188976
0.178668
0.195096
0.192851
0.193183
0.200952
0.195623
0.201040
0.187744
0.184755
0.205387
0.204123
0.206039
0.196457
0.218915
0.213299
0.241129
0.220205
0.217894
0.252432
0.213340
0.210463
0.267190
0.287710
0.344423
0.297440
0.288013
0.291957
0.349480
0.284490
0.300001
0.387159
0.371246
0.391794
0.407995
0.331434
0.355179
0.377380
0.406216
0.408922
0.282673
0.302448
0.332147
0.311755
0.321134
0.359633
0.372272
0.331883
0.391037
0.409681
0.413846
0.244097
0.275153
0.216764
0.252490
0.254276
0.269177
0.185713
0.214112
0.230366
0.195636
0.217992
0.243015
0.249330
0.227701
0.260332
0.282963
0.172730
0.197438
0.161457
0.183275
0.185283
0.193838
0.151610
0.168123
0.172380
0.152111
0.166187
0.175688
0.180921
0.169986
0.190901
0.200496
0.147351
0.163622
0.148169
0.163418
0.161733
0.160678
0.160348
0.174408
0.166222
0.152416
0.166082
0.161608
0.165406
0.171237
0.171327
0.167305
0.167407
0.179365
0.164843
0.177189
0.174496
0.172435
0.148526
0.155891
0.166984
0.156452
0.157338
0.167883
0.177748
0.166524
0.181761
0.177971
0.142039
0.148680
0.140984
0.151433
0.150340
0.149088
0.144877
0.156477
0.148529
0.139005
0.166623
0.147791
0.157074
0.178221
0.160471
0.159742
0.151986
0.168224
0.166687
0.182645
0.193581
0.184280
0.172950
0.184580
0.197531
0.175759
0.191671
0.202865
0.208247
0.202235
0.203688
0.198338
0.174989
0.176935
0.170809
0.171661
0.175962
0.181098
0.179089
0.181417
0.166669
0.166982
0.182686
0.172704
0.172579
0.176994
0.181003
0.189830
0.196707
0.194991
0.207751
0.204960
0.201631
0.195926
0.236552
0.238559
0.211056
0.220105
0.236162
0.206678
0.201799
0.231408
0.199601
0.192512
0.267124
0.266716
0.285861
0.289200
0.290535
0.320965
0.296897
0.340367
0.293145
0.285177
0.321797
0.294534
0.309197
0.344291
0.265335
0.284876
0.307288
0.329061
0.359668
0.222968
0.235285
0.274255
0.244557
0.243909
0.304311
0.308320
0.250595
0.312458
0.373873
0.342976
0.190879
0.193874
0.170698
0.170116
0.169264
0.178976
0.158005
0.144686
0.150747
0.161946
0.148994
0.161341
0.168292
0.154309
0.176677
0.191777
0.139627
0.137864
0.129119
0.131379
0.131996
0.135136
0.120741
0.123778
0.125225
0.122571
0.126949
0.128321
0.130721
0.128577
0.135836
0.140252
0.138049
0.139565
0.134815
0.132300
0.138443
0.134378
0.128303
0.127766
0.125719
0.134346
0.140297
0.128519
0.124499
0.123747
0.119102
0.122364
0.132984
0.128032
0.135181
0.139357
0.131298
0.139214
0.143267
0.141315
0.143383
0.142625
0.135812
0.145954
0.147509
0.143691
0.144107
0.143140
0.127816
0.123328
0.125285
0.121647
0.123545
0.124100
0.127305
0.123158
0.120085
0.123549
0.128717
0.123438
0.127603
0.133545
0.127364
0.127794
0.130795
0.127182
0.142985
0.139706
0.140444
0.133968
0.150315
0.149702
0.146846
0.147612
0.153406
0.146025
0.151334
0.156666
0.147460
0.140190
0.161103
0.159392
0.171667
0.166557
0.165065
0.164697
0.182109
0.182622
0.173931
0.178409
0.187785
0.168075
0.164000
0.179396
0.166831
0.167519
0.192240
0.194446
0.216104
0.223046
0.219830
0.207452
0.246557
0.271703
0.253997
0.237852
0.258085
0.233403
0.214032
0.239014
0.210337
0.205589
0.275820
0.280655
0.284535
0.288459
0.257174
0.286732
0.292723
0.288443
0.336376
0.284072
0.290532
0.318316
0.280750
0.278931
0.312712
0.252410
0.245061
0.249130
0.273191
0.307855
0.216327
0.200389
0.222032
0.231806
0.202561
0.233868
0.231544
0.196216
0.246398
0.310218
0.274765
0.161604
0.151900
0.162578
0.159618
0.151427
0.142390
0.163064
0.166492
0.195703
0.173089
0.188310
0.163802
0.171514
0.144605
0.155260
0.177772
0.134366
0.131809
0.124892
0.124866
0.157196
0.131536
0.143842
0.125935
0.133094
0.121586
0.121687
0.134678
0.119322
0.119297
0.118804
0.117640
0.117508
0.119301
0.124827
0.124405
0.130682
0.120862
0.135789
0.125357
0.145123
0.137482
0.129935
0.139579
0.138107
0.131412
0.131048
0.135998
0.142609
0.144329
0.145331
0.143828
0.154280
0.146496
0.158135
0.147812
0.153103
0.142599
0.148055
0.158553
0.137471
0.143006
0.140989
0.134282
0.125882
0.131365
0.127673
0.131958
0.131066
0.138518
0.129112
0.133039
0.147086
0.136915
0.147936
0.137799
0.152583
0.144593
0.137330
0.147210
0.148044
0.154875
0.143245
0.152662
0.159154
0.165734
0.136704
0.145606
0.164021
0.152898
0.182140
0.160927
0.199674
0.175376
0.168798
0.193393
0.165358
0.173980
0.179210
0.175125
0.210180
0.183101
0.214267
0.187234
0.216409
0.194958
0.187633
0.211102
0.191776
0.183982
0.181798
0.187582
0.199977
0.202073
0.211708
0.216351
0.224206
0.205662
0.226558
0.243698
0.231645
0.214786
0.224572
0.227762
0.242590
0.268264
0.269495
0.265342
0.293085
0.384088
0.279249
0.376336
0.239959
0.225595
0.254441
0.253263
0.239572
0.238615
0.327038
0.275624
0.318322
0.277729
0.332064
0.289660
0.271022
0.298949
0.280769
0.242425
0.271495
0.245493
0.234424
0.263994
0.202047
0.193642
0.212049
0.224951
0.219397
0.204339
0.216165
0.228579
0.274402
0.241534
0.272536
0.236333
0.251461
0.217949
0.234799
0.267203
0.179393
0.187615
0.170059
0.158526
0.229269
0.197031
0.211208
0.181514
0.191682
0.169718
0.171839
0.197265
0.155176
0.156568
0.144717
0.142021
0.141275
0.152289
0.154126
0.145160
0.181574
0.161379
0.182558
0.162339
0.189294
0.174273
0.166179
0.184392
0.164354
0.157943
0.148533
0.152856
0.162398
0.171008
0.172721
0.167511
0.195184
0.180250
0.195374
0.180321
0.187762
0.174708
0.178876
0.192685
0.167891
0.171120
0.166344
0.162047
0.157794
0.164139
0.163996
0.157093
0.183284
0.169429
0.190873
0.170519
0.211476
0.196946
0.174202
0.198027
0.185291
0.166004
0.157441
0.164674
0.179454
0.202681
0.216855
0.203021
0.228863
0.217252
0.251375
0.231119
0.266433
0.256847
0.245364
0.263178
0.241671
0.230261
0.219048
0.225720
0.237427
0.252339
0.246868
0.238846
0.271033
0.261907
0.265673
0.253979
0.265321
0.265129
0.252051
0.262609
0.254158
0.243140
0.234603
0.237113
0.241895
0.260074
0.266956
0.269699
0.274385
0.284377
0.276749
0.301748
0.298784
0.280698
0.244315
0.285436
0.300046
0.294123
0.322592
0.324943
0.344757
0.407423
0.321636
0.389827
0.297850
0.301399
0.318278
0.318712
0.298810
0.309962
0.334305
0.317735
0.330059
0.326528
0.394825
0.384040
0.343515
0.356888
0.361015
0.324509
0.347472
0.315214
0.311054
0.347916
0.312120
0.316808
0.305639
0.306995
0.357180
0.319430
0.336021
0.308919
0.302959
0.290883
0.306849
0.317849
0.280451
0.296120
0.293629
0.278951
0.261410
0.267795
0.248556
0.238548
0.293161
0.274068
0.277731
0.258316
0.260041
0.244128
0.249801
0.265796
0.225663
0.230603
0.217801
0.210006
0.204132
0.218399
0.214922
0.202805
0.248993
0.231910
0.245356
0.227624
0.244527
0.229111
0.226604
0.243111
0.216111
0.212734
0.200669
0.203645
0.210518
0.218873
0.216352
0.210890
0.246361
0.227163
0.242578
0.222565
0.238994
0.224965
0.220628
0.239212
0.214109
0.211970
0.205390
0.200836
0.199617
0.214618
0.224425
0.213430
0.241226
0.226747
0.246988
0.233884
0.263176
0.264055
0.241712
0.250244
0.250078
0.234345
0.225365
0.233919
0.250810
0.265387
0.277677
0.272079
0.282789
0.282796
0.290660
0.291890
0.290479
0.290487
0.287988
0.293459
0.281120
0.276665
0.277706
0.277716
0.280930
0.283559
0.280541
0.276855
0.284888
0.286151
0.272969
0.282144
0.271955
0.287650
0.281163
0.269121
0.283817
0.278378
0.273197
0.274876
0.277099
0.285490
0.295783
0.291449
0.275331
0.291137
0.291376
0.298709
0.318649
0.328638
0.302901
0.304802
0.326918
0.309094
0.310040
0.305931
0.341379
0.346178
0.340116
0.356015
0.363239
0.383094
0.484015
0.480076
0.406072
0.389720
0.455502
0.378310
0.374160
0.394899
0.395680
0.419595
0.407787
0.408452
0.399213
0.398521
0.429068
0.369611
0.378422
0.371687
0.346224
0.357780
0.354317
0.316178
0.335934
0.314063
0.324836
0.325712
0.315515
0.309459
0.308656
0.291384
0.295268
0.305249
0.290113
0.259538
0.278914
0.266812
0.279484
0.283600
0.279586
0.270351
0.252630
0.250991
0.266650
0.236114
0.235711
0.229810
0.232670
0.246702
0.248924
0.265079
0.264896
0.265420
0.247509
0.247015
0.262310
0.229350
0.232636
0.231714
0.229925
0.247321
0.244509
0.261370
0.260653
0.262362
0.251665
0.256355
0.263074
0.236471
0.245768
0.266969
0.255227
0.271371
0.262645
0.264003
0.271561
0.283679
0.281964
0.288554
0.292494
0.280871
0.288569
0.274162
0.286555
0.283299
0.289526
0.297271
0.292400
0.285899
0.274717
0.261328
0.269073
0.262903
0.251432
0.255290
0.246368
0.266068
0.253871
0.259330
0.263952
0.268888
0.271464
0.289526
0.290162
0.264623
0.278601
0.320906
0.299253
0.324857
0.312788
0.310239
0.321037
0.335533
0.343607
0.354202
0.353828
0.343685
0.346715
0.439351
0.367800
0.378357
0.461695
0.473603
0.536011
0.523828
0.574662
0.586077
0.596304
0.564781
0.547713
0.453699
0.488178
0.485619
0.530370
0.560608
0.519346
0.486887
0.539698
0.445343
0.460700
0.450889
0.514756
0.477487
0.516731
0.461417
0.391499
0.382659
0.353077
0.389109
0.422122
0.511875
0.434654
0.411533
0.535906
0.398813
0.374061
0.379705
0.401868
0.526337
0.472818
0.423432
0.407779
0.480237
0.464290
0.616181
0.553913
0.657092
0.605294
0.573622
0.640822
0.524688
0.496674
0.494286
0.554575
0.528852
0.637907
0.617455
0.637121
0.592879
0.578096
0.547366
0.581954
0.581560
0.607098
0.657770
0.628168
0.620977
0.416351
0.488407
0.502722
0.492412
0.495907
0.460974
0.494453
0.485063
0.454146
0.434994
0.455643
0.452622
0.464808
0.420934
0.413957
0.405821
0.428556
0.386383
0.436125
0.364158
0.417117
0.356391
0.403146
0.405366
0.363384
0.344881
0.391558
0.353791
0.408788
0.376214
0.405269
0.413138
0.362900
0.415024
0.395076
0.403836
0.393785
0.368417
0.365912
0.353622
0.382357
0.380864
0.374174
0.382620
0.360043
0.337078
0.354564
0.370974
0.384680
0.385907
0.392282
0.350064
0.317586
0.331859
0.401860
0.409355
0.412148
0.441516
0.486598
0.479453
0.414478
0.427129
0.373700
0.353997
0.347726
0.369687
0.406272
0.364470
0.367434
0.389041
0.445334
0.485168
0.426627
0.400150
0.387444
0.443986
0.476332
0.474690
0.795682
0.740956
0.753030
0.808393
0.746355
0.735153
0.834398
0.757838
0.773866
0.753677
0.713368
0.781917
0.824056
0.609061
0.668546
0.708996
0.655374
0.717137
0.645335
0.799065
0.729512
0.789178
0.626338
0.638080
0.705897
0.719436
0.707517
0.651091
0.709383
0.776201
0.713912
0.583644
0.603848
0.607676
0.682349
0.548325
0.680161
0.663054
0.722317
0.690858
0.727599
0.684521
0.721620
0.773624
0.777046
0.818753
0.724005
0.767341
0.665200
0.627837
0.671965
0.730793
0.719931
0.667667
0.571387
0.601281
0.599999
0.656956
0.638362
0.720930
0.805570
0.841602
0.882919
0.761219
0.824964
0.837153
0.889203
0.842834
0.887632
0.822515
0.773923
0.823678
0.766618
0.810688
0.810769
0.716466
0.776840
0.826675
0.868020
0.786410
0.776873
0.784689
0.737714
0.720510
0.771330
0.740205
0.652861
0.695584
0.691336
0.554233
0.616635
0.567641
0.603083
0.609672
0.627895
0.550384
0.585664
0.582806
0.544323
0.578214
0.649081
0.674423
0.861258
0.814418
0.861896
0.866795
0.871296
0.860306
0.849190
0.832402
0.836026
0.813414
0.826356
0.862789
0.850965
0.869589
0.867781
0.848538
0.867828
0.754169
0.805393
0.840994
0.852550
0.785907
0.747779
0.778610
0.780587
0.792508
0.795111
0.832894
0.862430
0.873913
0.814220
0.863193
0.904519
0.905775
0.859501
0.868019
0.846015
0.783834
0.824529
0.858456
0.850988
0.870677
0.804817
0.869490
0.848787
0.829061
0.816596
0.806712
0.720698
0.754726
0.754851
0.736415
0.392489
0.534822
0.563361
0.404687
0.563836
0.536243
0.569810
0.613465
0.558997
0.431884
0.414224
0.513160
0.633237
0.646136
0.655556
0.606117
0.601183
0.344334
0.361154
0.378860
0.353823
0.340246
0.355706
0.327847
0.322888
0.319985
0.337769
0.343857
0.354157
0.349145
0.315055
0.311988
0.315449
0.284991
0.341962
0.316110
0.316719
0.339864
0.299113
0.305109
0.301743
0.304923
0.335643
0.300463
0.298789
0.295932
0.317459
0.315665
0.332136
0.327828
0.346338
0.407242
0.451277
0.405497
0.443305
0.488363
0.496614
0.406849
0.525184
0.449266
0.523955
0.538488
0.502085
0.485796
0.463462
0.440613
0.336113
0.409268
0.334577
0.332881
0.346869
0.329649
0.403790
0.507523
0.475038
0.362143
0.433256
0.491301
0.531346
0.334721
0.347971
0.339670
0.352860
0.328207
0.320532
0.319363
0.325303
0.355656
0.306837
0.298580
0.312484
0.292379
0.312214
0.320071
0.330206
0.343504
0.367754
0.340667
0.324011
0.451904
0.451331
0.402927
0.467773
0.416776
0.387743
0.469957
0.410360
0.423416
0.474979
0.374371
0.401713
0.352175
0.347430
0.353055
0.369817
0.426852
0.475132
0.464648
0.407795
0.456408
0.527708
0.461702
0.504292
0.569408
0.575234
0.761130
0.680913
0.494811
0.549346
0.479365
0.470024
0.493358
0.499652
0.479775
0.491361
0.468692
0.431371
0.353723
0.332751
0.352660
0.329058
0.339621
0.355547
0.411186
0.348242
0.364930
0.381374
0.314339
0.325965
0.321477
0.331976
0.328201
0.347978
0.325647
0.346115
0.332128
0.293947
0.326196
0.332538
0.330720
0.350536
0.328381
0.300399
0.323846
0.286305
0.340439
0.359723
0.356855
0.371194
0.405383
0.396114
0.416770
0.400489
0.398024
0.453494
0.419723
0.433657
0.451690
0.396076
0.405856
0.360589
0.354964
0.385503
0.390902
0.343796
0.374137
0.370595
0.333230
0.444826
0.365827
0.369330
0.459113
0.338299
0.327805
0.320311
0.341545
0.412547
0.313435
0.338386
0.313140
0.307726
0.304482
0.410891
0.310985
0.422088
0.379213
0.316515
0.325333
0.316785
0.347261
0.347592
0.320652
0.319490
0.382158
0.355103
0.342003
0.388482
0.321685
0.387896
0.579956
0.574390
0.530858
0.469579
0.517654
0.526852
0.479632
0.435616
0.387370
0.445379
0.399172
0.447163
0.442572
0.487204
0.324898
0.325343
0.324522
0.318983
0.311154
0.305225
0.325717
0.386598
0.390439
0.370655
0.329988
0.348034
0.408066
0.392793
0.405839
0.366213
0.386458
0.349724
0.377847
0.342317
0.359191
0.324862
0.341131
0.372951
0.356628
0.326275
0.315997
0.312763
0.303670
0.307809
0.309238
0.388334
0.301650
0.292472
0.424744
0.310514
0.445465
0.343094
0.310108
0.428616
0.303460
0.306941
0.304610
0.296449
0.320362
0.356730
0.390625
0.439488
0.531712
0.484887
0.516683
0.519331
0.496097
0.448091
0.552041
0.569214
0.621934
0.600656
0.594796
0.593130
0.354964
0.326013
0.305203
0.301510
0.297480
0.291788
0.292694
0.321517
0.316429
0.508073
0.451259
0.389926
0.583785
0.471436
0.521286
0.472943
0.459708
0.412199
0.518677
0.534654
0.480559
0.494123
0.500848
0.438501
0.491237
0.424160
0.479076
0.496180
0.479855
0.471585
0.480919
0.550870
0.564373
0.525306
0.496328
0.527441
0.553443
0.613499
0.788127
0.815438
0.792946
0.887626
0.935502
0.901918
0.953258
0.955944
0.930259
0.945888
0.972936
0.981522
0.920128
0.917763
0.964592
0.889937
0.928834
0.905431
0.896889
0.925048
0.876600
0.871776
0.897728
0.885720
0.686292
0.719234
0.735276
0.790638
0.741185
0.783315
0.830384
0.669696
0.802341
0.864394
0.866287
0.924176
0.903855
0.860258
0.883691
0.927133
0.851700
0.927277
0.918473
0.857730
0.847559
0.848500
0.825831
0.796336
0.464556
0.454523
0.545515
0.574525
0.539809
0.449378
0.548423
0.608216
0.528994
0.635518
0.558525
0.341150
0.323525
0.329738
0.322906
0.320039
0.320818
0.343224
0.337889
0.325193
0.305501
0.311005
0.304606
0.331299
0.327861
0.335012
0.326804
0.398847
0.392599
0.352103
0.404777
0.383863
0.380642
0.420617
0.415808
0.409581
0.483092
0.527378
0.599811
0.530402
0.626811
0.533015
0.535872
0.522634
0.594397
0.534227
0.649436
0.567363
0.574472
0.596991
0.727146
0.626163
0.574988
0.551413
0.578455
0.668022
0.731579
0.707499
0.752125
0.683281
0.724964
0.659577
0.806542
0.747012
0.667713
0.654244
0.643181
0.610151
0.699689
0.695522
0.677403
0.637109
0.629381
0.604230
0.610715
0.599795
0.612613
0.643583
0.629349
0.491824
0.452129
0.488976
0.439783
0.437572
0.404135
0.450547
0.440466
0.503353
0.524495
0.667155
0.628783
0.427530
0.371323
0.339081
0.345550
0.367853
0.328905
0.342553
0.330248
0.319827
0.310009
0.314024
0.316127
0.302943
0.290824
0.297718
0.278091
0.250773
0.266265
0.268190
0.275691
0.265596
0.291623
0.311655
0.303976
0.325718
0.468436
0.371627
0.535734
0.346773
0.382822
0.429656
0.577085
0.460539
0.407268
0.462189
0.581630
0.434629
0.429502
0.488318
0.545333
0.488648
0.549419
0.491706
0.502656
0.473186
0.554650
0.545161
0.534306
0.541418
0.580899
0.540965
0.528378
0.565194
0.581736
0.543149
0.597053
0.560571
0.678113
0.597835
0.565302
0.538208
0.573931
0.502059
0.653209
0.499890
0.606181
0.653289
0.633503
0.683988
0.626556
0.683552
0.668921
0.627721
0.732308
0.659176
0.628986
0.661921
0.642211
0.637032
0.653545
0.722986
0.699968
0.836459
0.793617
0.847672
0.726186
0.735722
0.664157
0.680771
0.758195
0.634671
0.812508
0.796144
0.786778
0.790141
0.812838
0.758140
0.820212
0.781023
0.788788
0.698299
0.742780
0.636562
0.744047
0.726182
0.737923
0.735925
0.698185
0.793548
0.779790
0.778225
0.779568
0.764246
0.802744
0.698070
0.762789
0.752985
0.757791
0.749478
0.760771
0.709202
0.676057
0.696242
0.844516
0.811680
0.824970
0.766921
0.864099
0.842562
0.735481
0.736183
0.708993
0.644285
0.665592
0.676488
0.702615
0.676552
0.645391
0.655417
0.662123
0.650898
0.657250
0.653483
0.645210
0.607238
0.615668
0.642445
0.604674
0.594845
0.650806
0.624437
0.615096
0.601642
0.685370
0.618701
0.604784
0.649657
0.629495
0.640015
0.627314
0.659187
0.635085
0.631648
0.668762
0.716753
0.690223
0.676494
0.684920
0.697852
0.680870
0.640387
0.648996
0.605812
0.592170
0.620134
0.636825
0.648441
0.698390
0.671311
0.673415
0.666664
0.662694
0.662334
0.656254
0.665842
0.668605
0.673710
0.774732
0.753986
0.647995
0.674518
0.622034
0.750683
0.838627
0.837142
0.837514
0.856775
0.817140
0.838743
0.805372
0.868479
0.873734
0.779315
0.771607
0.779629
0.675293
0.703338
0.742560
0.653347
0.686784
0.737488
0.809747
0.731785
0.807324
0.755084
0.691244
0.712314
0.809726
0.843612
0.808397
0.848330
0.795235
0.784757
0.764454
0.799053
0.831715
0.628872
0.659420
0.665007
0.655925
0.676553
0.724184
0.652011
0.600472
0.702935
0.718456
0.685527
0.561630
0.574613
0.610384
0.618677
0.610063
0.573495
0.599621
0.529648
0.627677
0.631334
0.637407
0.611347
0.511517
0.623100
0.655277
0.521869
0.666027
0.643926
0.588585
0.438798
0.457720
0.472172
0.363443
0.441523
0.473990
0.556730
0.544063
0.514966
0.630963
0.688248
0.680341
0.698772
0.707427
0.703744
0.719517
0.728415
0.662171
0.686606
0.713215
0.666044
0.653749
0.640540
0.638140
0.600519
0.600993
0.589995
0.567253
0.555027
0.564228
0.541908
0.561237
0.564036
0.576375
0.534170
0.539656
0.546931
0.530902
0.628370
0.593495
0.626125
0.650934
0.591289
0.600026
0.607121
0.569835
0.589414
0.630947
0.643611
0.629068
0.622109
0.538286
0.659201
0.699385
0.550700
0.687153
0.561215
0.547520
0.585713
0.561613
0.592977
0.599141
0.595429
0.649032
0.687471
0.661399
0.624608
0.664013
0.648826
0.627838
0.610438
0.621037
0.560100
0.577364
0.555983
0.551628
0.550294
0.564598
0.565438
0.576180
0.564381
0.552502
0.580254
0.637800
0.589843
0.571368
0.619625
0.587899
0.609722
0.580937
0.590409
0.571750
0.584723
0.574477
0.602852
0.617139
0.581676
0.459583
0.412859
0.469275
0.333999
0.376597
0.391496
0.352469
0.416685
0.441553
0.429680
0.336293
0.359609
0.382387
0.356953
0.359477
0.392345
0.378358
0.336113
0.396608
0.362488
0.389414
0.383182
0.374487
0.340880
0.307063
0.279299
0.302014
0.272487
0.328000
0.315186
0.350013
0.336264
0.306150
0.317346
0.324949
0.326940
0.350632
0.371277
0.407908
0.397143
0.383617
0.344507
0.364906
0.324103
0.326725
0.315617
0.316150
0.312749
0.324909
0.304801
0.310777
0.308263
0.301100
0.320959
0.318742
0.388653
0.359383
0.378229
0.326471
0.326298
0.391744
0.442881
0.637470
0.622081
0.573205
0.689345
0.695094
0.659374
0.701824
0.586725
0.437939
0.363361
0.320281
0.308977
0.310693
0.341843
0.371068
0.361586
0.381210
0.424518
0.371027
0.377541
0.368806
0.362783
0.362903
0.353704
0.317179
0.313731
0.301665
0.298542
0.306367
0.290258
0.297194
0.301572
0.296970
0.294554
0.290079
0.293562
0.293068
0.277490
0.296879
0.307335
0.300352
0.265365
0.275047
0.318012
0.299520
0.278915
0.259468
0.234075
0.231189
0.233577
0.250321
0.231171
0.241754
0.251107
0.259525
0.323440
0.265577
0.295544
0.292355
0.385972
0.258323
0.293508
0.323398
0.325578
0.435271
0.331647
0.270284
0.268884
0.282778
0.276314
0.292615
0.259222
0.337505
0.284173
0.302471
0.389239
0.301520
0.300683
0.294602
0.294254
0.317606
0.302615
0.316699
0.336185
0.358586
0.543761
0.570552
0.569824
0.654735
0.544788
0.576104
0.525123
0.579331
0.586363
0.593770
0.644340
0.606146
0.588056
0.639462
0.675675
0.649141
0.649276
0.617000
0.646447
0.635742
0.619360
0.561781
0.618612
0.548572
0.615217
0.625673
0.346001
0.371404
0.318878
0.349639
0.352409
0.357157
0.328982
0.307534
0.385822
0.325169
0.346310
0.439642
0.413383
0.357709
0.410535
0.935462
0.883775
0.954035
0.941602
0.909871
0.925202
0.913530
0.955267
0.926630
0.924789
0.925226
0.879910
0.925961
0.912246
0.909694
0.924933
0.899446
0.846102
0.867364
0.870250
0.849195
0.863940
0.866388
0.888377
0.885577
0.916892
0.895111
0.847452
0.918991
0.862541
0.846635
0.877106
0.830824
0.733446
0.742430
0.573151
0.508138
0.536445
0.530672
0.538056
0.518643
0.520158
0.527012
0.530022
0.512127
0.484986
0.495029
0.479385
0.489530
0.460929
0.471029
0.507095
0.466873
0.481384
0.526239
0.517030
0.502927
0.524600
0.550659
0.557222
0.564679
0.557915
0.579754
0.587206
0.599979
0.570751
0.554901
0.555209
0.555983
0.557294
0.546051
0.522409
0.546985
0.504142
0.565505
0.550361
0.493254
0.576331
0.576704
0.576869
0.606341
0.586211
0.601801
0.613549
0.634179
0.591347
0.617657
0.451131
0.477707
0.441593
0.449913
0.459808
0.451456
0.432363
0.464001
0.486485
0.475024
0.438632
0.454917
0.427062
0.499403
0.418385
0.471110
0.449256
0.466318
0.467216
0.509063
0.503852
0.498490
0.484786
0.485771
0.537429
0.548192
0.530678
0.538936
0.567290
0.571796
0.568935
0.569960
0.585594
0.581034
0.525600
0.539104
0.541914
0.536505
0.540000
0.532673
0.532863
0.534262
0.495198
0.537798
0.506048
0.537414
0.512940
0.532634
0.525968
0.535765
0.528906
0.435608
0.542082
0.521728
0.480744
0.538473
0.490485
0.510799
0.518170
0.527552
0.500458
0.504662
0.498670
0.503681
0.502978
0.505149
0.506369
0.534141
0.512520
0.528627
0.543711
0.548155
0.554399
0.548197
0.590237
0.564642
0.557183
0.591682
0.497691
0.509713
0.514087
0.520103
0.533074
0.523627
0.528824
0.490646
0.502765
0.491544
0.504937
0.491523
0.462102
0.492137
0.457126
0.512799
0.473277
0.494303
0.435312
0.516698
0.416263
0.502179
0.522084
0.551487
0.550202
0.649652
0.684747
0.623340
0.678539
0.706975
0.733679
0.616635
0.695285
0.728547
0.532078
0.515153
0.498106
0.463288
0.420900
0.435951
0.469955
0.418731
0.488249
0.422843
0.413437
0.405551
0.403221
0.374366
0.409006
0.415702
0.370641
0.329949
0.368986
0.339501
0.342684
0.320707
0.327561
0.345499
0.350399
0.358310
0.360751
0.395220
0.323756
0.374897
0.399702
0.430712
0.373836
0.340887
0.474092
0.415802
0.466143
0.491662
0.506573
0.505108
0.509778
0.514754
0.441318
0.485320
0.453877
0.496967
0.510165
0.523675
0.515893
0.477970
0.527201
0.524194
0.523481
0.528758
0.534568
0.534541
0.549032
0.532050
0.538889
0.551760
0.559703
0.525893
0.556046
0.575047
0.551198
0.528454
0.577239
0.554186
0.550203
0.534470
0.531904
0.510378
0.501891
0.395567
0.449086
0.388779
0.444901
0.518926
0.483813
0.610163
0.553133
0.559500
0.576597
0.503291
0.515807
0.495342
0.541155
0.520199
0.499643
0.491451
0.395881
0.361284
0.407615
0.402967
0.390135
0.466079
0.443919
0.496281
0.456032
0.421318
0.346418
0.314099
0.306068
0.301414
0.416207
0.321343
0.412928
0.438271
0.318588
0.367298
0.309779
0.389742
0.319732
0.304745
0.351383
0.489380
0.480190
0.503303
0.490772
0.475201
0.481078
0.490270
0.467494
0.400255
0.475696
0.516306
0.459552
0.521719
0.530335
0.516950
0.532604
0.507322
0.502575
0.514653
0.516472
0.531648
0.515293
0.546667
0.552720
0.540676
0.546301
0.557511
0.555320
0.497286
0.584085
0.591111
0.519145
0.380612
0.420821
0.374760
0.373046
0.398883
0.382402
0.420990
0.369570
0.401591
0.392944
0.410881
0.363242
0.394421
0.369099
0.395569
0.379335
0.448409
0.444547
0.444138
0.389924
0.396464
0.432462
0.513282
0.541585
0.473233
0.518434
0.445526
0.426254
0.411609
0.410725
0.432895
0.427693
0.401144
0.396142
0.386381
0.405836
0.402499
0.372226
0.410867
0.412740
0.425294
0.432403
0.437513
0.390768
0.350936
0.397096
0.356507
0.330480
0.331411
0.347550
0.344094
0.370317
0.358197
0.501233
0.472759
0.460460
0.418984
0.394454
0.366418
0.422862
0.343358
0.357084
0.319363
0.378412
0.447077
0.522465
0.526476
0.513570
0.512822
0.531265
0.528928
0.519070
0.509947
0.468142
0.445869
0.503405
0.513746
0.443148
0.498979
0.488169
0.433104
0.531112
0.540444
0.529799
0.542869
0.518018
0.540793
0.491044
0.526016
0.513543
0.484285
0.412584
0.423854
0.435981
0.394241
0.411503
0.421566
0.429507
0.474223
0.443202
0.428762
0.439766
0.379889
0.441298
0.446516
0.444820
0.421492
0.464846
0.462028
0.480718
0.472229
0.463591
0.511754
0.511497
0.549444
0.577726
0.524926
0.399184
0.417556
0.409179
0.452116
0.420661
0.428073
0.472588
0.495096
0.440202
0.444489
0.425093
0.374928
0.423221
0.344998
0.370526
0.401012
0.365768
0.371568
0.373889
0.383094
0.381381
0.358540
0.458179
0.441462
0.305885
0.322243
0.427234
0.304551
0.326954
0.318218
0.444478
0.335078
0.309129
0.396554
0.310215
0.341714
0.411249
0.322024
0.430015
0.397771
0.461608
0.662448
0.787830
0.780355
0.794866
0.787759
0.684168
0.536464
0.564487
0.559924
0.513184
0.454599
0.472079
0.532032
0.525796
0.502267
0.490610
0.572491
0.602151
0.551841
0.747719
0.679418
0.670760
0.620515
0.590248
0.580876
0.598077
0.555861
0.508503
0.600526
0.553501
0.598365
0.689474
0.724413
0.649949
0.434397
0.382368
0.368531
0.396036
0.333410
0.339109
0.360652
0.364577
0.400979
0.384154
0.444473
0.475934
0.372945
0.471503
0.424729
0.386921
0.348079
0.463103
0.430397
0.399520
0.349019
0.326724
0.354729
0.464823
0.357926
0.431221
0.434276
0.500958
0.356633
0.364029
0.433746
0.445750
0.503327
0.509013
0.491310
0.554468
0.497558
0.360427
0.394494
0.422524
0.420881
0.401041
0.461834
0.461732
0.488496
0.201515
0.208713
0.169970
0.179956
0.161029
0.164307
0.166323
0.164864
0.160742
0.153427
0.152266
0.155983
0.126402
0.137298
0.134624
0.146027
0.151997
0.145201
0.154197
0.143704
0.159586
0.163955
0.156406
0.152105
0.169493
0.125818
0.186467
0.127839
0.119562
0.116002
0.131708
0.146174
0.122830
0.116020
0.114180
0.110194
0.127752
0.137873
0.147370
0.153388
0.164394
0.158759
0.168044
0.163925
0.161615
0.157679
0.215576
0.197590
0.633604
0.619318
0.582770
0.593939
0.606617
0.623937
0.596785
0.600382
0.594781
0.581436
0.563324
0.568610
0.454926
0.481211
0.420032
0.449917
0.447298
0.413201
0.415044
0.405145
0.422436
0.417525
0.478155
0.425288
0.478792
0.445849
0.438503
0.437918
0.473723
0.433429
0.466594
0.456206
0.525343
0.472921
0.512383
0.532117
0.543243
0.585960
0.557991
0.548723
0.494717
0.529287
0.556877
0.482387
0.575176
0.524332
0.617108
0.614092
0.615569
0.601541
0.482548
0.477035
0.500097
0.471331
0.524432
0.484379
0.506119
0.564939
0.595882
0.524303
0.531538
0.525633
0.562789
0.693730
0.690728
0.697442
0.665995
0.662319
0.680155
0.685526
0.684904
0.662460
0.616241
0.622871
0.573845
0.548271
0.535982
0.574803
0.510169
0.580724
0.553121
0.585695
0.606385
0.594432
0.589732
0.618243
0.631535
0.614878
0.612058
0.598265
0.624821
0.574467
0.561776
0.303755
0.317558
0.313876
0.290425
0.275416
0.281924
0.253205
0.253563
0.249074
0.276950
0.279438
0.267405
0.267598
0.257573
0.253422
0.230949
0.235086
0.239237
0.237030
0.246723
0.244569
0.242051
0.236486
0.242741
0.245029
0.287028
0.284326
0.271386
0.273380
0.275840
0.264663
0.253200
0.255996
0.243905
0.257876
0.267655
0.243977
0.251215
0.237429
0.257867
0.243846
0.230882
0.222347
0.241397
0.245780
0.281984
0.290550
0.269163
0.264536
0.284814
0.264216
0.231477
0.231618
0.235276
0.268155
0.287445
0.232403
0.222721
0.211004
0.216586
0.198788
0.207456
0.193315
0.189848
0.207865
0.196972
0.193337
0.207820
0.206623
0.235101
0.233815
0.206969
0.207035
0.212924
0.204864
0.222901
0.235579
0.271393
0.279348
0.253687
0.239639
0.281199
0.258035
0.264264
0.283981
0.222936
0.255406
0.217101
0.209663
0.215012
0.251274
0.213379
0.211467
0.211523
0.208454
0.201711
0.202370
0.208835
0.210549
0.203558
0.207138
0.245881
0.244803
0.208750
0.208261
0.205143
0.232640
0.200519
0.212751
0.218242
0.249163
0.199231
0.198014
0.202863
0.203163
0.219116
0.221657
0.203170
0.196136
0.245869
0.226408
0.272099
0.266715
0.239173
0.256786
0.278619
0.287262
0.263454
0.273121
0.292008
0.297537
0.246645
0.247589
0.260213
0.263163
0.246364
0.251396
0.271751
0.263521
0.270870
0.281897
0.292383
0.299045
0.293455
0.291390
0.304044
0.284174
0.301160
0.280587
0.268291
0.272142
0.278272
0.279529
0.255238
0.235860
0.242311
0.246995
0.260735
0.259986
0.240978
0.349063
0.356750
0.319499
0.318623
0.361711
0.315637
0.298686
0.403296
0.342590
0.323521
0.389637
0.319330
0.312151
0.233962
0.300353
0.225643
0.316568
0.315567
0.313890
0.317494
0.269285
0.311588
0.270372
0.268566
0.208963
0.231872
0.187688
0.234052
0.194894
0.284747
0.209289
0.262054
0.252478
0.204357
0.293177
0.280974
0.315935
0.304047
0.318467
0.305790
0.307505
0.309087
0.317180
0.294191
0.284980
0.301135
0.238752
0.271381
0.260965
0.213669
0.262793
0.273531
0.281788
0.268615
0.298077
0.247055
0.259840
0.201547
0.247510
0.235874
0.189050
0.257229
0.286616
0.286287
0.277992
0.255338
0.270060
0.285404
0.184920
0.202049
0.226009
0.252059
0.218200
0.278655
0.250794
0.290666
0.285452
0.339467
0.308958
0.311233
0.352964
0.297454
0.299748
0.299855
0.309101
0.323714
0.292828
0.291557
0.290831
0.280646
0.261718
0.305980
0.269313
0.307878
0.311554
0.266231
0.428403
0.376007
0.398418
0.377315
0.359431
0.349759
0.385859
0.344148
0.315990
0.273420
0.344467
0.272285
0.463988
0.518640
0.562897
0.441624
0.555839
0.522618
0.420968
0.454516
0.373056
0.435134
0.381672
0.404808
0.406320
0.454978
0.408323
0.504974
0.333739
0.394432
0.361128
0.423251
0.362905
0.437069
0.491022
0.457968
0.456291
0.435336
0.340619
0.365445
0.419635
0.424390
0.411697
0.331488
0.425553
0.437720
0.402538
0.378855
0.404992
0.399732
0.398559
0.313806
0.377571
0.389339
0.319452
0.366960
0.425246
0.430012
0.396735
0.468561
0.387209
0.383075
0.311749
0.456025
0.393511
0.419391
0.327023
0.501569
0.487272
0.487013
0.361168
0.447737
0.475904
0.366219
0.447652
0.496427
0.413252
0.460398
0.447364
0.354630
0.416288
0.441388
0.332922
0.469805
0.482330
0.707313
0.665147
0.609532
0.634819
0.665459
0.495425
0.523471
0.554583
0.508169
0.530525
0.502652
0.476302
0.494244
0.450117
0.452875
0.514658
0.439672
0.411374
0.436077
0.416998
0.440213
0.440487
0.377594
0.354606
0.411371
0.426747
0.399995
0.417214
0.448790
0.446680
0.480370
0.612961
0.613022
0.590522
0.651124
0.644208
0.664285
0.644230
0.583891
0.635918
0.595259
0.645507
0.608035
0.643255
0.665173
0.679580
0.701590
0.707343
0.700015
0.647277
0.709067
0.653365
0.678911
0.646432
0.610737
0.660828
0.674671
0.670515
0.722242
0.680302
0.656341
0.381623
0.296545
0.295752
0.282343
0.190961
0.230649
0.229684
0.252057
0.230457
0.299523
0.269513
0.288026
0.266030
0.221536
0.204706
0.234914
0.204277
0.274423
0.283494
0.237557
0.240663
0.158961
0.200434
0.201723
0.173234
0.212499
0.181366
0.244122
0.260598
0.214848
0.250243
0.139673
0.187529
0.201356
0.157721
0.221909
0.255462
0.204765
0.243215
0.148063
0.185292
0.178980
0.147415
0.213965
0.253484
0.225319
0.255495
0.167655
0.196577
0.190191
0.178876
0.158160
0.214888
0.241654
0.276069
0.347557
0.270143
0.250515
0.274083
0.396190
0.249201
0.220272
0.185551
0.209353
0.174110
0.281256
0.272398
0.333165
0.272920
0.244995
0.225550
0.270513
0.207363
0.445495
0.447785
0.477844
0.510787
0.515093
0.469480
0.472313
0.471644
0.470566
0.482402
0.422916
0.503910
0.418057
0.541818
0.560692
0.557461
0.532037
0.535214
0.595333
0.628686
0.607798
0.591902
0.604699
0.571484
0.592952
0.584765
0.598778
0.587690
0.544946
0.541338
0.547847
0.550557
0.548849
0.453589
0.431115
0.505479
0.507813
0.543090
0.488275
0.465358
0.364868
0.429483
0.352184
0.442145
0.337022
0.421885
0.350465
0.439114
0.359595
0.416784
0.468246
0.338865
0.410614
0.382183
0.372343
0.386202
0.325374
0.367273
0.392247
0.396981
0.439386
0.690353
0.697733
0.649817
0.732267
0.689842
0.632052
0.584545
0.490295
0.513418
0.472334
0.467854
0.475198
0.470250
0.450731
0.493248
0.446770
0.467945
0.426829
0.466966
0.323660
0.318295
0.387834
0.383184
0.355468
0.434523
0.443817
0.441963
0.338703
0.290035
0.272463
0.275568
0.284747
0.316146
0.310212
0.325576
0.300738
0.325295
0.316479
0.346991
0.393071
0.353733
0.441851
0.340997
0.438909
0.319352
0.338172
0.314248
0.345152
0.410329
0.420154
0.434748
0.428903
0.441593
0.472020
0.473327
0.499491
0.511378
0.500872
0.490668
0.546596
0.472075
0.432991
0.477881
0.522611
0.540055
0.593087
0.613307
0.619460
0.642431
0.598793
0.631867
0.627452
0.616157
0.569868
0.613070
0.537880
0.528224
0.541293
0.514276
0.536823
0.556654
0.543634
0.575002
0.533018
0.577611
0.506039
0.439274
0.503465
0.479595
0.441940
0.504977
0.584829
0.537389
0.548513
0.587395
0.501563
0.572436
0.548130
0.539080
0.574777
0.520122
0.480196
0.449469
0.531039
0.548319
0.544430
0.592795
0.589649
0.601844
0.620789
0.605712
0.629787
0.618390
0.606286
0.606474
0.591367
0.635326
0.588936
0.544502
0.632057
0.616014
0.612971
0.630851
0.661061
0.604056
0.701916
0.574982
0.611321
0.666177
0.560804
0.614801
0.647311
0.627728
0.668114
0.575270
0.542333
0.618318
0.517138
0.481816
0.497662
0.545953
0.563931
0.620777
0.623694
0.622092
0.627999
0.653818
0.612902
0.639196
0.617333
0.628687
0.632758
0.654694
0.627165
0.671291
0.445312
0.539537
0.561707
0.407866
0.518804
0.659217
0.613460
0.753108
0.710616
0.683327
0.668737
0.637446
0.611379
0.611266
0.574570
0.677628
0.633747
0.585924
0.593124
0.628627
0.570151
0.487435
0.559855
0.564800
0.548975
0.570494
0.533694
0.601356
0.653088
0.691779
0.721693
0.764506
0.810340
0.801111
0.768866
0.659272
0.650062
0.691039
0.650094
0.661029
0.677358
0.639388
0.602809
0.366651
0.391148
0.445267
0.408646
0.340343
0.389268
0.401663
0.448553
0.417592
0.301348
0.334350
0.356997
0.301826
0.349457
0.377096
0.383956
0.346790
0.421289
0.464904
0.475070
0.447678
0.379794
0.394446
0.370363
0.344473
0.290378
0.301372
0.338476
0.323769
0.315343
0.343631
0.360218
0.331962
0.289810
0.308051
0.314592
0.310665
0.294157
0.311439
0.283924
0.306783
0.311066
0.308398
0.306899
0.308203
0.268351
0.276147
0.303491
0.309092
0.296965
0.301019
0.301360
0.263807
0.300491
0.311713
0.303708
0.309766
0.305268
0.303777
0.300568
0.320158
0.301284
0.300598
0.304699
0.258739
0.256365
0.299835
0.290556
0.301167
0.243560
0.267967
0.298952
0.298097
0.289778
0.296624
0.281841
0.297533
0.289683
0.301225
0.295488
0.305464
0.297290
0.272132
0.281470
0.291827
0.294284
0.281995
0.300426
0.269863
0.296279
0.297597
0.307751
0.294258
0.264707
0.300243
0.299069
0.300847
0.307863
0.264747
0.254865
0.242610
0.234048
0.233864
0.243612
0.218196
0.221422
0.222593
0.241467
0.226551
0.257516
0.241948
0.250157
0.262156
0.296354
0.290385
0.265344
0.258707
0.252796
0.274986
0.241053
0.239066
0.238763
0.228942
0.245296
0.257818
0.283357
0.283772
0.251831
0.254365
0.274244
0.295126
0.242686
0.226050
0.259312
0.257219
0.280041
0.302749
0.277098
0.291273
0.240608
0.240888
0.250090
0.289659
0.213383
0.212998
0.224287
0.222109
0.244487
0.277972
0.224587
0.241097
0.218269
0.224015
0.226977
0.244774
0.207147
0.208465
0.210944
0.209733
0.231424
0.253853
0.232611
0.220870
0.217589
0.213500
0.208577
0.208949
0.209523
0.200583
0.207256
0.207718
0.206613
0.203098
0.230674
0.201014
0.248221
0.215062
0.190760
0.202423
0.213247
0.247901
0.189898
0.212165
0.197706
0.198210
0.213752
0.250129
0.225344
0.271032
0.267199
0.261103
0.267985
0.259154
0.255026
0.242046
0.245608
0.259194
0.197576
0.193243
0.184242
0.169828
0.178520
0.162852
0.188047
0.133267
0.159632
0.116722
0.117674
0.130554
0.141916
0.127449
0.155563
0.124611
0.135990
0.150269
0.175128
0.201417
0.161117
0.170734
0.152807
0.138669
0.165005
0.171116
0.275039
0.284517
0.264030
0.256838
0.268505
0.265631
0.279571
0.269170
0.258550
0.249377
0.229308
0.237507
0.245059
0.241074
0.243750
0.304891
0.294881
0.280010
0.266943
0.266177
0.288098
0.254798
0.265257
0.253685
0.245731
0.262881
0.278260
0.282363
0.295041
0.291921
0.291081
0.306848
0.306364
0.303382
0.306355
0.289133
0.290791
0.287755
0.275985
0.267123
0.279757
0.276767
0.285740
0.279848
0.287343
0.271605
0.288486
0.299537
0.297937
0.299102
0.301005
0.293819
0.290287
0.296401
0.290444
0.302394
0.292362
0.297224
0.300157
0.292745
0.292844
0.291371
0.291162
0.282667
0.308326
0.298632
0.288320
0.308356
0.289728
0.308294
0.311138
0.283113
0.289258
0.288535
0.294849
0.297784
0.307256
0.303129
0.306955
0.284939
0.292139
0.288765
0.269160
0.245016
0.248256
0.274415
0.278059
0.254759
0.275741
0.287797
0.316190
0.320530
0.480013
0.561906
0.516942
0.527206
0.450449
0.583789
0.587171
0.597046
0.577225
0.601149
0.551979
0.574969
0.612023
0.497471
0.516337
0.467223
0.465233
0.474764
0.473873
0.505629
0.547642
0.462784
0.457853
0.510183
0.559344
0.486430
0.584088
0.603665
0.579661
0.581775
0.544266
0.608113
0.637897
0.629018
0.588277
0.444661
0.393254
0.512577
0.542502
0.443158
0.564704
0.484806
0.422883
0.367426
0.450539
0.419128
0.532916
0.510929
0.575185
0.491380
0.475064
0.496450
0.522199
0.543866
0.560685
0.565062
0.482913
0.623715
0.623217
0.582504
0.585240
0.615749
0.581827
0.590434
0.586617
0.555955
0.487649
0.565158
0.466351
0.503922
0.504879
0.525878
0.575949
0.587909
0.633955
0.539756
0.492895
0.490786
0.509055
0.514939
0.595897
0.583276
0.527208
0.535807
0.517547
0.515422
0.528229
0.520186
0.516676
0.563905
0.596002
0.523827
0.549261
0.472075
0.445240
0.521356
0.547405
0.461512
0.561494
0.561475
0.566486
0.568710
0.545177
0.471224
0.521126
0.546908
0.572016
0.555857
0.569157
0.566147
0.577157
0.584547
0.600875
0.611460
0.654256
0.630900
0.647102
0.615214
0.639111
0.657289
0.684608
0.646892
0.664909
0.648684
0.641241
0.629994
0.618070
0.622138
0.582508
0.556274
0.591986
0.586775
0.590302
0.592354
0.613989
0.590889
0.587542
0.592557
0.619875
0.616752
0.620022
0.639410
0.612420
0.597850
0.611671
0.612840
0.573722
0.610066
0.604921
0.578677
0.643664
0.624478
0.637866
0.647861
0.674330
0.669424
0.671259
0.650904
0.702775
0.655132
0.599261
0.591276
0.574486
0.584528
0.667604
0.636036
0.711485
0.722106
0.689024
0.677803
0.674087
0.668351
0.686998
0.686527
0.665628
0.615478
0.665038
0.635047
0.666953
0.684309
0.651244
0.631371
0.593187
0.575340
0.582704
0.588074
0.585763
0.553669
0.569555
0.569838
0.582022
0.588892
0.611635
0.593849
0.748182
0.736127
0.774534
0.759641
0.715276
0.668770
0.636280
0.603370
0.317007
0.298980
0.354584
0.301637
0.302057
0.297165
0.281515
0.276912
0.209832
0.179924
0.182811
0.164718
0.174232
0.189132
0.162316
0.155523
0.151341
0.148598
0.156139
0.166628
0.143880
0.147196
0.117871
0.130323
0.137557
0.140869
0.154314
0.162675
0.151247
0.152715
0.114650
0.141296
0.110933
0.134280
0.159339
0.176553
0.193733
0.251194
0.279569
0.217520
0.288536
0.299887
0.307069
0.297268
0.218408
0.325447
0.361549
0.367934
0.334850
0.315719
0.325561
0.305842
0.224538
0.211872
0.298739
0.310987
0.187424
0.258053
0.263869
0.185181
0.272398
0.273913
0.248488
0.186938
0.367924
0.298658
0.304904
0.299598
0.308192
0.276259
0.183199
0.242126
0.190141
0.230332
0.248910
0.207739
0.273490
0.246864
0.203199
0.320104
0.248422
0.266613
0.335499
0.262931
0.190061
0.246301
0.243789
0.230312
0.227576
0.189949
0.225978
0.196652
0.228080
0.225917
0.275085
0.229240
0.197734
0.269495
0.234555
0.249963
0.299954
0.243854
0.310297
0.296998
0.240311
0.345126
0.314785
0.301400
0.334937
0.296592
0.244044
0.296371
0.314469
0.239648
0.318823
0.317419
0.317411
0.338610
0.325247
0.353317
0.314739
0.239422
0.311408
0.240038
0.317031
0.316749
0.245199
0.314406
0.308519
0.320252
0.244274
0.332066
0.340160
0.315142
0.315662
0.312772
0.234873
0.308778
0.367211
0.328519
0.325202
0.336251
0.232583
0.315207
0.227325
0.321522
0.319245
0.218209
0.335348
0.382004
0.488334
0.447306
0.415692
0.476344
0.419286
0.372885
0.376276
0.431040
0.379522
0.366050
0.435414
0.464243
0.458307
0.354049
0.397377
0.447003
0.297987
0.375471
0.339471
0.406250
0.340525
0.415329
0.445836
0.309072
0.298826
0.280929
0.252774
0.262326
0.253607
0.284485
0.282536
0.264294
0.299339
0.350390
0.361329
0.341695
0.347336
0.279998
0.319911
0.293889
0.264737
0.320885
0.322738
0.377290
0.350037
0.327134
0.281011
0.318778
0.321044
0.284416
0.333263
0.338095
0.358612
0.457081
0.359031
0.401609
0.342155
0.336440
0.407628
0.304001
0.359870
0.324538
0.279818
0.396602
0.505942
0.476589
0.499313
0.382104
0.447669
0.481561
0.475867
0.434404
0.391278
0.498162
0.487288
0.469185
0.382560
0.445505
0.378744
0.365835
0.457079
0.503298
0.644421
0.635761
0.675140
0.630020
0.633773
0.715560
0.653206
0.701068
0.696301
0.641987
0.696573
0.696004
0.838488
0.748170
0.707033
0.833418
0.758332
0.646116
0.610153
0.522374
0.557072
0.544786
0.466746
0.510801
0.432563
0.547681
0.572632
0.616306
0.645126
0.582928
0.673332
0.609575
0.543129
0.617924
0.620918
0.570881
0.662132
0.742226
0.614008
0.497863
0.691280
0.707429
0.626002
0.574728
0.557717
0.475539
0.462597
0.518166
0.364749
0.444668
0.443744
0.370960
0.505936
0.475212
0.641697
0.621634
0.495753
0.722409
0.534180
0.581063
0.597991
0.564203
0.541964
0.565925
0.663249
0.611069
0.648705
0.598639
0.647141
0.665070
0.667286
0.644573
0.592894
0.535765
0.543073
0.575697
0.537100
0.526881
0.533524
0.519513
0.530157
0.465442
0.512031
0.491010
0.558431
0.548488
0.514266
0.531889
0.533872
0.558372
0.579005
0.613370
0.608162
0.616745
0.646607
0.651843
0.659064
0.603462
0.653524
0.704718
0.667009
0.678981
0.659053
0.588179
0.619400
0.608176
0.589252
0.594076
0.608403
0.594632
0.618057
0.578986
0.605126
0.634688
0.664147
0.647700
0.667929
0.589793
0.626976
0.648133
0.612835
0.646595
0.629632
0.624648
0.612454
0.587043
0.603336
0.512668
0.651502
0.631079
0.640576
0.648298
0.616573
0.602981
0.541592
0.586195
0.616084
0.429775
0.493087
0.432480
0.517097
0.443457
0.466391
0.376578
0.356761
0.411572
0.404122
0.328069
0.489054
0.523020
0.475337
0.439406
0.496815
0.524476
0.543480
0.586334
0.569548
0.526620
0.381257
0.459815
0.436663
0.519430
0.508490
0.500575
0.484488
0.551208
0.547277
0.598332
0.571238
0.557922
0.563593
0.429307
0.484445
0.429562
0.482419
0.548322
0.580771
0.595734
0.634634
0.666699
0.625077
0.553038
0.603843
0.510879
0.513712
0.537574
0.501048
0.450168
0.442397
0.496405
0.508845
0.476376
0.478015
0.410247
0.331068
0.374941
0.358943
0.357124
0.401642
0.332452
0.327365
0.397687
0.348131
0.413878
0.363190
0.320529
0.318192
0.375046
0.331765
0.415624
0.415936
0.324510
0.332268
0.431452
0.296051
0.302249
0.372512
0.398693
0.299085
0.281115
0.252440
0.325478
0.267817
0.271064
0.339207
0.288497
0.368325
0.295204
0.357520
0.281005
0.334601
0.266174
0.303425
0.273493
0.299820
0.299147
0.355195
0.298273
0.368591
0.316191
0.376404
0.324790
0.412223
0.390792
0.328246
0.324746
0.365756
0.453384
0.336341
0.412952
0.368039
0.426525
0.471465
0.524673
0.425358
0.709907
0.704733
0.675676
0.725678
0.728756
0.803928
0.692194
0.805473
0.658246
0.417709
0.434423
0.340667
0.340219
0.354180
0.365492
0.347611
0.392460
0.315280
0.316571
0.370815
0.316068
0.364292
0.306049
0.343445
0.312496
0.412721
0.317978
0.399983
0.315166
0.337326
0.434005
0.389923
0.359227
0.372223
0.378289
0.380316
0.373193
0.390898
0.374442
0.553988
0.494766
0.574266
0.556303
0.527232
0.613123
0.560053
0.560824
0.610645
0.604274
0.587756
0.629997
0.609714
0.628931
0.609489
0.592000
0.614252
0.656391
0.610715
0.593294
0.608074
0.610394
0.574893
0.562551
0.602480
0.422209
0.429890
0.402132
0.405921
0.476501
0.452149
0.390779
0.438782
0.512412
0.431790
0.522185
0.443071
0.391676
0.332074
0.305682
0.305299
0.281226
0.263094
0.297562
0.338481
0.282976
0.271478
0.261172
0.251549
0.268626
0.260017
0.272340
0.239080
0.289079
0.243422
0.258401
0.237673
0.257271
0.235142
0.222024
0.249534
0.323787
0.226583
0.241365
0.238761
0.215541
0.211262
0.189594
0.191444
0.216745
0.212145
0.210398
0.325156
0.309180
0.226970
0.249788
0.223882
0.290226
0.190808
0.172710
0.200141
0.184773
0.182075
0.197940
0.197451
0.279985
0.222110
0.226112
0.285737
0.210968
0.209215
0.206300
0.221419
0.220194
0.249479
0.227494
0.297765
0.253976
0.408965
0.402337
0.311467
0.269595
0.295174
0.364545
0.268215
0.231847
0.227800
0.233721
0.224893
0.352263
0.284985
0.287155
0.294501
0.370620
0.253600
0.232746
0.228295
0.327768
0.330061
0.280714
0.696280
0.692502
0.691728
0.706609
0.651067
0.691698
0.669552
0.642981
0.608479
0.633118
0.609166
0.604922
0.591945
0.622189
0.622059
0.649661
0.598414
0.620643
0.633140
0.649431
0.669217
0.648012
0.648619
0.658255
0.642968
0.671305
0.645754
0.656071
0.489604
0.493066
0.434233
0.437491
0.456989
0.451587
0.362794
0.406399
0.466460
0.444953
0.484017
0.470529
0.460358
0.491631
0.509499
0.515093
0.514279
0.523851
0.509744
0.498666
0.528689
0.668576
0.722407
0.692475
0.554639
0.452161
0.491661
0.374108
0.459956
0.368327
0.421705
0.474626
0.419863
0.385925
0.446185
0.474947
0.458420
0.494023
0.454303
0.412286
0.306679
0.346907
0.429119
0.382601
0.360401
0.297924
0.387861
0.409597
0.422430
0.393887
0.375710
0.343687
0.356744
0.401837
0.385346
0.393220
0.408748
0.365405
0.445957
0.383779
0.454344
0.482429
0.574440
0.523215
0.524926
0.542298
0.524123
0.510862
0.485091
0.505655
0.513276
0.468907
0.512779
0.489399
0.419458
0.406939
0.488310
0.455580
0.461493
0.404082
0.407034
0.451371
0.406817
0.438276
0.452852
0.478938
0.388920
0.348380
0.409483
0.399085
0.479688
0.502256
0.544473
0.462013
0.463152
0.316274
0.424006
0.360077
0.442409
0.355280
0.465136
0.525638
0.452062
0.316839
0.266663
0.259280
0.271286
0.327159
0.259559
0.271456
0.277003
0.355105
0.361839
0.356802
0.376608
0.367890
0.347965
0.352400
0.336334
0.351279
0.352645
0.326832
0.328836
0.327660
0.352967
0.340889
0.362212
0.390513
0.366692
0.378618
0.444751
0.384113
0.407730
0.429740
0.461635
0.521823
0.527991
0.489130
0.492896
0.138796
0.125468
0.129516
0.120720
0.117212
0.098732
0.130631
0.137881
0.134891
0.164802
0.144124
0.143760
0.132087
0.109969
0.115840
0.115993
0.129191
0.125471
0.144881
0.126036
0.113634
0.160234
0.144763
0.138013
0.130341
0.122926
0.106757
0.098534
0.094390
0.101677
0.102496
0.092921
0.086863
0.101792
0.098520
0.112237
0.115185
0.119377
0.124855
0.102468
0.115735
0.121222
0.109266
0.120180
0.116362
0.126440
0.122821
0.145654
0.148302
0.140569
0.128259
0.137501
0.147186
0.148479
0.139571
0.145195
0.145182
0.157434
0.147026
0.161788
0.175735
0.162976
0.155755
0.152607
0.156577
0.177575
0.171383
0.148065
0.160641
0.174694
0.185073
0.206552
0.204056
0.199919
0.191612
0.176485
0.151012
0.209792
0.171352
0.168943
0.147686
0.190186
0.183229
0.189082
0.196280
0.166863
0.145364
0.123774
0.149471
0.163114
0.145184
0.179029
0.178289
0.177730
0.218210
0.187999
0.603027
0.595735
0.610816
0.630198
0.617622
0.603237
0.623755
0.650498
0.649954
0.612504
0.636768
0.603753
0.657815
0.593234
0.602194
0.604463
0.546885
0.591178
0.524582
0.599989
0.608075
0.762518
0.744722
0.737544
0.699911
0.687554
0.677704
0.710238
0.677447
0.707276
0.678558
0.629667
0.629289
0.490771
0.455892
0.489286
0.460108
0.475961
0.471710
0.473824
0.469273
0.492009
0.463869
0.515447
0.570605
0.474046
0.435965
0.476801
0.486232
0.424046
0.512902
0.436815
0.456659
0.512276
0.592375
0.546439
0.447821
0.456431
0.485848
0.513711
0.472087
0.463172
0.468915
0.491053
0.481911
0.498343
0.490663
0.468765
0.513529
0.474711
0.438381
0.495797
0.481119
0.477496
0.467307
0.486382
0.461035
0.459399
0.430136
0.488491
0.493546
0.664027
0.695876
0.644755
0.629106
0.639032
0.623506
0.607654
0.637911
0.678079
0.659173
0.747670
0.814815
0.794039
0.786658
0.821316
0.688644
0.608154
0.661940
0.674043
0.653757
0.654949
0.620971
0.667513
0.636636
0.620072
0.618795
0.617767
0.603957
0.610105
0.629910
0.588206
0.594439
0.591989
0.595035
0.644953
0.670945
0.586948
0.670526
0.676474
0.663475
0.573271
0.606473
0.567191
0.643352
0.636986
0.642706
0.587952
0.557507
0.679526
0.658893
0.761444
0.794741
0.825479
0.744176
0.758188
0.678741
0.679861
0.768316
0.736786
0.723748
0.665797
0.721531
0.681317
0.671726
0.650861
0.764073
0.696646
0.634500
0.602202
0.558258
0.628223
0.581827
0.642668
0.535047
0.620967
0.644473
0.624205
0.632474
0.589858
0.539989
0.623522
0.656991
0.572795
0.656804
0.614695
0.690334
0.694845
0.659116
0.659702
0.685730
0.692486
0.709705
0.681418
0.681709
0.718336
0.712979
0.670463
0.647285
0.620824
0.655575
0.634290
0.637559
0.631830
0.628064
0.625318
0.625552
0.655555
0.673728
0.687898
0.676379
0.592219
0.737859
0.736667
0.683768
0.613068
0.528118
0.629348
0.594742
0.655730
0.627280
0.595616
0.634055
0.686742
0.720328
0.669426
0.610402
0.647087
0.551482
0.595331
0.544648
0.587376
0.598058
0.583182
0.611583
0.584183
0.587367
0.511339
0.495870
0.592074
0.585950
0.555199
0.526643
0.595681
0.609165
0.585676
0.538638
0.496338
0.430528
0.468844
0.514033
0.553660
0.499080
0.464444
0.413276
0.416361
0.484309
0.540146
0.518249
0.478775
0.446014
0.450099
0.432924
0.599589
0.596469
0.579362
0.521547
0.522079
0.539320
0.559138
0.586385
0.581071
0.494266
0.605915
0.602320
0.602912
0.508289
0.573760
0.486131
0.516455
0.515920
0.475263
0.534012
0.514812
0.523315
0.454834
0.378148
0.408526
0.374135
0.471164
0.510878
0.459982
0.426169
0.656258
0.656138
0.699646
0.641413
0.633563
0.636533
0.579067
0.498796
0.629315
0.592799
0.605611
0.565186
0.586580
0.499582
0.478478
0.480054
0.541770
0.504179
0.518793
0.568056
0.572215
0.514796
0.476723
0.485132
0.452953
0.547009
0.440615
0.599162
0.512951
0.551369
0.473612
0.427142
0.258895
0.207371
0.199743
0.181001
0.164403
0.186212
0.199986
0.234587
0.302024
0.281419
0.274805
0.279154
0.283730
0.309964
0.315632
0.297302
0.280905
0.283440
0.289066
0.308250
0.307245
0.261912
0.289436
0.263670
0.283691
0.296747
0.301649
0.229009
0.251930
0.222927
0.241713
0.244165
0.277804
0.240051
0.219110
0.238753
0.201634
0.212624
0.210885
0.223026
0.247969
0.227103
0.237348
0.199145
0.202647
0.213568
0.239432
0.216615
0.238920
0.210456
0.205798
0.228377
0.249081
0.295136
0.245569
0.258356
0.263124
0.236466
0.216395
0.226791
0.094227
0.107514
0.088403
0.110827
0.109142
0.098266
0.122941
0.116522
0.090645
0.133409
0.120880
0.122823
0.142637
0.106934
0.096700
0.068218
0.059495
0.062219
0.070426
0.054085
0.053426
0.051214
0.076792
0.083336
0.071205
0.069891
0.064825
0.063981
0.052008
0.049048
0.037451
0.040160
0.046911
0.047274
0.038996
0.037755
0.042660
0.034987
0.034791
0.034332
0.035705
0.032086
0.030610
0.042742
0.035646
0.071177
0.042543
0.038079
0.049071
0.050711
0.058400
0.052403
0.054374
0.055288
0.067947
0.070436
0.054033
0.075744
0.055578
0.068402
0.059802
0.056010
0.063825
0.065348
0.054349
0.122284
0.071272
0.055630
0.081012
0.043286
0.049815
0.047527
0.040516
0.054091
0.049695
0.047343
0.046627
0.043617
0.075383
0.064454
0.051713
0.056374
0.069653
0.048127
0.073847
0.045782
0.045500
0.080902
0.046424
0.045095
0.062603
0.050093
0.045547
0.046178
0.047549
0.067498
0.047198
0.055022
0.056643
0.068455
0.054082
0.046175
0.062625
0.051938
0.094031
0.097360
0.058665
0.069077
0.100059
0.066489
0.087903
0.070468
0.067118
0.087690
0.118142
0.119093
0.128799
0.149799
0.155909
0.136568
0.124039
0.133624
0.139615
0.144547
0.144037
0.161089
0.157711
0.144966
0.182113
0.173974
0.148280
0.150620
0.184067
0.198024
0.188175
0.205755
0.185823
0.169573
0.220518
0.200542
0.192886
0.174788
0.158498
0.240956
0.187172
0.208064
0.241067
0.180203
0.208429
0.207815
0.180378
0.189427
0.147548
0.170005
0.203980
0.208068
0.221746
0.210945
0.232551
0.241409
0.250604
0.232535
0.215383
0.293610
0.270663
0.254658
0.296974
0.280076
0.279506
0.299908
0.240433
0.201809
0.220753
0.080963
0.095484
0.096164
0.079353
0.093820
0.096471
0.087395
0.077916
0.069635
0.157872
0.160635
0.102985
0.105796
0.148079
0.101794
0.161956
0.132895
0.106084
0.146183
0.118567
0.088509
0.095090
0.071540
0.076711
0.106024
0.057353
0.050250
0.059651
0.056607
0.052445
0.044437
0.078496
0.062119
0.082345
0.059750
0.059183
0.084691
0.057640
0.041997
0.051634
0.130389
0.088250
0.142466
0.099328
0.083990
0.078051
0.109483
0.140610
0.089861
0.064056
0.075070
0.056674
0.065738
0.061743
0.049397
0.045749
0.035048
0.045863
0.032471
0.037673
0.039216
0.030015
0.030933
0.034596
0.038902
0.047537
0.048609
0.109157
0.114976
0.077787
0.105792
0.109354
0.069603
0.057085
0.064072
0.096687
0.060597
0.108613
0.048394
0.035507
0.039609
0.042753
0.047279
0.078480
0.085479
0.054103
0.050641
0.095147
0.113242
0.064612
0.063435
0.115599
0.066982
0.059881
0.057339
0.052657
0.130963
0.087969
0.070303
0.125512
0.067956
0.061569
0.055602
0.060211
0.052460
0.046932
0.048796
0.175001
0.068126
0.053745
0.090795
0.056010
0.046828
0.048872
0.053379
0.084411
0.028174
0.029169
0.040258
0.040220
0.033546
0.044504
0.047993
0.055836
0.046892
0.037951
0.057979
0.050108
0.095888
0.081462
0.055401
0.065552
0.064258
0.042324
0.043027
0.063611
0.043842
0.042423
0.050479
0.050881
0.067237
0.055270
0.047646
0.039232
0.041198
0.040451
0.046386
0.082122
0.110329
0.055832
0.049282
0.127733
0.062716
0.118286
0.068883
0.062836
0.128391
0.079352
0.063790
0.062005
0.056632
0.063039
0.064093
0.062026
0.058243
0.053937
0.061759
0.083180
0.067218
0.060906
0.083583
0.066290
0.080457
0.055058
0.064718
0.080123
0.052453
0.060061
0.049140
0.054745
0.055928
0.047370
0.059413
0.051655
0.050163
0.071531
0.050680
0.046134
0.045795
0.042641
0.047255
0.047811
0.073372
0.047583
0.041857
0.051221
0.039662
0.039279
0.047985
0.046775
0.053789
0.035028
0.036338
0.049150
0.038966
0.120057
0.118917
0.101539
0.104803
0.109112
0.089993
0.075392
0.078321
0.084459
0.082458
0.102677
0.070399
0.049665
0.059417
0.067055
0.083996
0.065559
0.070626
0.082693
0.065405
0.283420
0.276417
0.262193
0.280495
0.250038
0.233343
0.180261
0.199416
0.245461
0.153586
0.139087
0.199049
0.247189
0.125915
0.165603
0.092221
0.127645
0.108189
0.103033
0.122129
0.196614
0.214882
0.142497
0.133951
0.064670
0.072710
0.069483
0.053182
0.066803
0.056940
0.063601
0.061225
0.042593
0.056010
0.064115
0.049026
0.042994
0.051046
0.041347
0.036093
0.065786
0.053274
0.065185
0.052028
0.094317
0.079473
0.046585
0.097320
0.083295
0.073950
0.062962
0.035733
0.091225
0.085933
0.100180
0.084912
0.081655
0.101884
0.080794
0.081058
0.101868
0.071743
0.054502
0.034103
0.062071
0.092194
0.060683
0.053456
0.071578
0.081928
0.049737
0.068540
0.075429
0.078765
0.092427
0.104580
0.065646
0.044322
0.118408
0.075528
0.114011
0.081852
0.105482
0.099002
0.080918
0.095081
0.100868
0.086348
0.083089
0.034077
0.050556
0.042759
0.026728
0.038351
0.035119
0.034941
0.039738
0.025242
0.033262
0.031641
0.040024
0.038751
0.036969
0.030608
0.044143
0.011826
0.014404
0.012477
0.009237
0.012113
0.010676
0.008424
0.006176
0.008683
0.010093
0.013069
0.010031
0.023616
0.011982
0.023191
0.009822
0.054548
0.012720
0.007480
0.020516
0.001557
0.003372
0.005198
0.002045
0.005946
0.007553
0.013566
0.012039
0.010850
0.007195
0.006523
0.012229
0.050727
0.018932
0.046358
0.020604
0.018143
0.019919
0.043093
0.018652
0.010488
0.013339
0.005269
0.006004
0.011939
0.008625
0.002457
0.000954
0.007765
0.001955
0.001217
0.000627
0.000000
0.008796
0.015473
0.043539
0.036241
0.037759
0.029713
0.026542
0.032812
0.028770
0.025079
0.025911
0.030361
0.021150
0.021538
0.016170
0.015143
0.021040
0.026098
0.077572
0.048629
0.041060
0.083233
0.044550
0.034835
0.039912
0.046690
0.096168
0.057963
0.024926
0.030633
0.045208
0.026630
0.034476
0.045413
0.063442
0.035320
0.031823
0.063741
0.041312
0.113437
0.048594
0.062203
0.029314
0.048837
0.073592
0.038493
0.061413
0.083673
0.067332
0.075767
0.034265
0.050825
0.062421
0.037792
0.085007
0.091516
0.134035
0.150432
0.126042
0.131208
0.122705
0.109035
0.081961
0.086846
0.080678
0.130639
0.081828
0.130581
0.099506
0.071372
0.066169
0.122037
0.144665
0.075755
0.031691
0.048266
0.032731
0.051045
0.047212
0.029646
0.153751
0.221983
0.121671
0.146034
0.193132
0.248902
0.116369
0.104272
0.126827
0.121452
0.134508
0.112254
0.119544
0.128681
0.134368
0.139089
0.252307
0.261183
0.190762
0.186152
0.080546
0.066179
0.067364
0.070426
0.052549
0.043422
0.044679
0.040180
0.041886
0.062090
0.038343
0.037808
0.056095
0.035517
0.050579
0.098957
0.083593
0.081668
0.102052
0.064722
0.066600
0.064481
0.070976
0.097004
0.055159
0.051536
0.060367
0.082332
0.063643
0.077770
0.070228
0.108051
0.102112
0.076608
0.087626
0.096370
0.079441
0.099388
0.117841
0.088919
0.114429
0.130964
0.117474
0.136800
0.208651
0.136756
0.096586
0.221118
0.164608
0.174892
0.224545
0.128535
0.143354
0.118421
0.073341
0.078845
0.082442
0.073460
0.087617
0.091768
0.087910
0.079637
0.069920
0.142040
0.139497
0.102255
0.100800
0.134072
0.097028
0.118409
0.093488
0.093934
0.120863
0.082426
0.085193
0.062599
0.066384
0.076127
0.071193
0.116490
0.089069
0.116681
0.087902
0.077650
0.077631
0.118572
0.100755
0.087630
0.115733
0.095827
0.076285
0.070858
0.057205
0.068140
0.087087
0.059477
0.070933
0.068999
0.058996
0.122178
0.110194
0.138182
0.126155
0.128419
0.115027
0.185562
0.202070
0.149957
0.155166
0.206573
0.146101
0.135799
0.092468
0.138936
0.201487
0.095261
0.130994
0.113152
0.083347
0.133782
0.104454
0.141302
0.137990
0.122946
0.096136
0.183677
0.151054
0.185189
0.150173
0.207267
0.171206
0.153027
0.189004
0.163490
0.146817
0.136286
0.098381
0.129664
0.154014
0.128342
0.102500
0.123431
0.094780
0.081630
0.081725
0.224967
0.147781
0.088960
0.131757
0.113748
0.077610
0.070919
0.078135
0.088398
0.083904
0.153136
0.155142
0.180481
0.162240
0.167563
0.187260
0.193689
0.189232
0.234461
0.180379
0.184496
0.185239
0.176977
0.185841
0.193104
0.201072
0.194540
0.201532
0.230323
0.200256
0.081583
0.095441
0.069773
0.086543
0.088245
0.082442
0.122148
0.080242
0.065496
0.123340
0.095351
0.148961
0.127840
0.107105
0.120504
0.119368
0.096492
0.090795
0.113396
0.050102
0.050752
0.048703
0.049177
0.049098
0.048021
0.050378
0.049308
0.053398
0.053300
0.049973
0.049666
0.052219
0.062759
0.047069
0.048374
0.066626
0.047747
0.046795
0.046244
0.046695
0.049065
0.053385
0.047892
0.046802
0.046724
0.042540
0.045731
0.063525
0.062379
0.060605
0.061528
0.064118
0.061813
0.064675
0.065680
0.058582
0.063135
0.064838
0.060098
0.057732
0.077541
0.055237
0.075187
0.178670
0.183872
0.174271
0.176662
0.177960
0.184052
0.153696
0.155758
0.160641
0.161041
0.158111
0.169143
0.173988
0.165284
0.182648
0.193206
0.057901
0.052983
0.041027
0.038696
0.034202
0.034402
0.028652
0.032827
0.033307
0.054957
0.038053
0.059480
0.040226
0.041734
0.058987
0.038299
0.039215
0.052655
0.052149
0.052461
0.042520
0.138282
0.132521
0.065681
0.070508
0.132076
0.062612
0.131318
0.066007
0.061924
0.130338
0.056945
0.057718
0.045010
0.041661
0.203819
0.187694
0.097768
0.119897
0.165363
0.082675
0.060522
0.064642
0.092255
0.071294
0.139117
0.052820
0.040344
0.043580
0.061689
0.043155
0.087549
0.134073
0.147026
0.124632
0.168440
0.163158
0.254256
0.185465
0.245836
0.172285
0.152282
0.226628
0.104819
0.159791
0.078006
0.066052
0.078973
0.150360
0.096157
0.059393
0.103704
0.061108
0.050585
0.057063
0.076270
0.057461
0.059314
0.148743
0.154419
0.073042
0.072231
0.040345
0.052961
0.055455
0.044795
0.132451
0.066600
0.137179
0.068313
0.069535
0.136021
0.057859
0.048539
0.083163
0.071604
0.067631
0.087478
0.067672
0.060289
0.060452
0.068096
0.087225
0.054640
0.060958
0.053803
0.050287
0.058652
0.086365
0.066883
0.078782
0.075759
0.084419
0.080155
0.077528
0.074070
0.135204
0.146543
0.089758
0.093712
0.139336
0.083377
0.075977
0.114961
0.075882
0.070969
0.107462
0.108007
0.101241
0.094577
0.093028
0.104931
0.090033
0.100330
0.092596
0.082810
0.082490
0.088422
0.085253
0.098601
0.093031
0.061705
0.066262
0.075795
0.073711
0.071938
0.073547
0.117067
0.077457
0.148814
0.110345
0.100656
0.144052
0.378901
0.384574
0.331570
0.409416
0.358800
0.333953
0.415431
0.370350
0.441227
0.369100
0.421130
0.429577
0.437481
0.438219
0.399089
0.154162
0.224866
0.245748
0.188814
0.264623
0.277626
0.287019
0.256198
0.209076
0.325012
0.348661
0.319044
0.272942
0.361726
0.333305
0.402154
0.335219
0.370301
0.343822
0.283191
0.218964
0.281516
0.187763
0.164510
0.141076
0.132935
0.143223
0.137567
0.123382
0.120739
0.129909
0.114552
0.120796
0.129370
0.137725
0.121332
0.128738
0.122237
0.113118
0.115177
0.125635
0.130029
0.118641
0.119277
0.060097
0.043741
0.042593
0.053929
0.036842
0.043854
0.034373
0.040323
0.046834
0.044416
0.055193
0.075839
0.140951
0.080386
0.176381
0.085668
0.086253
0.086901
0.093540
0.128652
0.089485
0.086703
0.089347
0.088293
0.054698
0.048112
0.039920
0.039516
0.093665
0.046829
0.081568
0.043330
0.036569
0.076351
0.036999
0.035261
0.095503
0.102553
0.122665
0.144213
0.121776
0.119185
0.154281
0.169221
0.216445
0.179723
0.182044
0.152898
0.142281
0.126232
0.130898
0.146455
0.156321
0.158543
0.162007
0.158346
0.168710
0.177483
0.203538
0.197617
0.169027
0.177929
0.164835
0.203027
0.286044
0.236950
0.275809
0.240194
0.235609
0.178562
0.233165
0.263896
0.234107
0.267656
0.221428
0.209447
0.218225
0.250838
0.206709
0.207627
0.199764
0.199644
0.187294
0.186848
0.187161
0.195503
0.196035
0.213693
0.239285
0.208544
0.203531
0.145119
0.144213
0.136541
0.127374
0.127956
0.127747
0.199753
0.132130
0.197540
0.129220
0.124521
0.133111
0.122676
0.130724
0.235869
0.224474
0.183814
0.200350
0.223269
0.183541
0.181382
0.178710
0.175322
0.189491
0.184709
0.229792
0.192841
0.183347
0.175270
0.202698
0.185546
0.160874
0.177509
0.281374
0.274013
0.288063
0.280225
0.281286
0.280652
0.295161
0.281552
0.288422
0.277647
0.265944
0.278796
0.264154
0.223521
0.244265
0.221204
0.240221
0.243415
0.268431
0.219390
0.235620
0.230736
0.246648
0.230883
0.243250
0.259787
0.281657
0.253600
0.238945
0.085674
0.110911
0.072036
0.065841
0.067015
0.141367
0.082108
0.063411
0.107950
0.068026
0.096648
0.071724
0.114065
0.092003
0.070879
0.135483
0.072673
0.091478
0.103577
0.146468
0.185914
0.159407
0.263481
0.200602
0.282123
0.214214
0.231902
0.302075
0.236745
0.196246
0.378753
0.410992
0.425619
0.393023
0.387511
0.387021
0.375731
0.406521
0.378130
0.361257
0.369199
0.353742
0.319092
0.332373
0.321061
0.350844
0.333996
0.349229
0.377566
0.348610
0.253226
0.304610
0.238785
0.283090
0.290146
0.290953
0.270050
0.225610
0.291253
0.275152
0.299897
0.276313
0.296149
0.296321
0.294145
0.161632
0.159949
0.171620
0.164016
0.150571
0.164135
0.184481
0.185796
0.181440
0.154998
0.163633
0.142167
0.108509
0.113929
0.120093
0.110418
0.124840
0.132207
0.139773
0.120933
0.112924
0.126497
0.082479
0.145689
0.086906
0.085407
0.080937
0.110213
0.095928
0.122386
0.110473
0.082124
0.098207
0.088163
0.227727
0.253846
0.228490
0.228671
0.228954
0.212882
0.251423
0.244144
0.270953
0.313804
0.313563
0.323333
0.318396
0.305511
0.295025
0.347855
0.326174
0.374830
0.320412
0.314956
0.307917
0.311861
0.306027
0.305765
0.294768
0.287600
0.272666
0.270218
0.297080
0.268340
0.280739
0.254862
0.268171
0.255638
0.302474
0.289565
0.308091
0.308105
0.356630
0.317533
0.328896
0.306416
0.309697
0.304863
0.298499
0.311801
0.252719
0.269262
0.287550
0.238675
0.266364
0.304297
0.312266
0.281175
0.299202
0.314884
0.297440
0.304699
0.312211
0.333788
0.322062
0.344220
0.374307
0.330644
0.317774
0.308287
0.329796
0.312804
0.320507
0.305084
0.312880
0.404469
0.309731
0.309656
0.357963
0.322826
0.342463
0.403088
0.439075
0.388263
0.405428
0.436738
0.391244
0.398917
0.368159
0.353349
0.389657
0.393645
0.406236
0.340968
0.325707
0.073601
0.048123
0.048585
0.040370
0.050447
0.033134
0.036240
0.041001
0.036705
0.040593
0.034057
0.050589
0.020349
0.015091
0.018817
0.013331
0.010024
0.008206
0.018524
0.016143
0.014933
0.012038
0.006369
0.008564
0.013495
0.012326
0.013369
0.007575
0.006786
0.007238
0.011461
0.006710
0.004852
0.003752
0.001953
0.002353
0.008477
0.003125
0.013156
0.007026
0.006369
0.002503
0.011941
0.016392
0.010680
0.009869
0.006141
0.001583
0.026607
0.021636
0.030840
0.024774
0.021551
0.019890
0.028351
0.034168
0.023129
0.019167
0.018535
0.015948
0.042091
0.044912
0.048842
0.048471
0.061181
0.047285
0.064592
0.049405
0.059815
0.053690
0.051264
0.065614
0.054106
0.051554
0.050723
0.053164
0.067320
0.066075
0.061365
0.061291
0.066004
0.061510
0.058682
0.059415
0.059207
0.061663
0.065246
0.057606
0.054753
0.055832
0.056093
0.056261
0.061823
0.069566
0.059362
0.063089
0.066403
0.076326
0.071685
0.057339
0.075000
0.060412
0.062141
0.069366
0.067067
0.082888
0.071673
0.080990
0.074082
0.094270
0.089130
0.081956
0.075015
0.154183
0.109006
0.100000
0.155618
0.082731
0.071890
0.076183
0.068022
0.069412
0.067332
0.066641
0.066553
0.068127
0.067329
0.066860
0.066358
0.066909
0.067444
0.066572
0.073424
0.075738
0.071640
0.071352
0.072997
0.077166
0.070285
0.069832
0.069008
0.070862
0.075682
0.072215
0.080119
0.081320
0.091082
0.092229
0.079617
0.087447
0.117672
0.095152
0.122462
0.103282
0.105211
0.117667
0.134690
0.140301
0.148460
0.145218
0.141666
0.153454
0.144243
0.156743
0.138102
0.149116
0.150603
0.146106
0.093689
0.112891
0.095135
0.116860
0.124468
0.121997
0.118504
0.098276
0.130320
0.142575
0.129436
0.128202
0.055031
0.064532
0.053238
0.064561
0.068299
0.064877
0.062724
0.052534
0.070417
0.078936
0.074897
0.072086
0.041634
0.040445
0.041517
0.039010
0.037221
0.037662
0.042799
0.041671
0.039634
0.038043
0.035310
0.036021
0.048822
0.063430
0.041817
0.043669
0.050758
0.070477
0.037443
0.037873
0.035999
0.045505
0.071182
0.052388
0.086519
0.092488
0.105323
0.106113
0.093232
0.103735
0.112299
0.111765
0.116576
0.116024
0.118860
0.117804
0.116110
0.116341
0.119941
0.119996
0.113762
0.117628
0.138056
0.121818
0.137529
0.126154
0.126580
0.133108
0.145978
0.143150
0.144032
0.150432
0.153747
0.146214
0.142349
0.147818
0.152283
0.155186
0.150103
0.159235
0.138585
0.137185
0.128786
0.127786
0.137319
0.131769
0.130329
0.129134
0.124375
0.123579
0.120519
0.114143
0.124343
0.120841
0.111981
0.118295
0.121802
0.108059
0.118210
0.111821
0.111729
0.125037
0.130923
0.226171
0.167786
0.245971
0.179373
0.158300
0.137931
0.191078
0.289916
0.149989
0.116891
0.121924
0.196482
0.221277
0.288901
0.300532
0.235685
0.274946
0.241361
0.246703
0.283425
0.207996
0.195279
0.174291
0.143885
0.143661
0.148302
0.167102
0.163155
0.161749
0.148222
0.146088
0.177873
0.168311
0.217529
0.209931
0.189244
0.203290
0.212908
0.185892
0.206388
0.180682
0.185666
0.211251
0.151519
0.167069
0.151319
0.152895
0.146110
0.167107
0.149716
0.161999
0.196701
0.172005
0.187955
0.159807
0.220956
0.167119
0.150505
0.174255
0.153726
0.170253
0.199233
0.190657
0.176339
0.204529
0.264342
0.232313
0.246497
0.223016
0.218706
0.232601
0.193253
0.175874
0.189490
0.153831
0.159733
0.159062
0.177977
0.204455
0.136586
0.142733
0.142559
0.139683
0.161874
0.148902
0.142956
0.173664
0.157373
0.200446
0.170008
0.142177
0.147682
0.136339
0.139132
0.143824
0.146427
0.258342
0.221089
0.137447
0.136206
0.215289
0.145584
0.147062
0.193561
0.151776
0.156204
0.137547
0.221190
0.129398
0.122039
0.130330
0.218372
0.140565
0.125800
0.131594
0.117480
0.120612
0.109396
0.122139
0.136528
0.125725
0.268310
0.223336
0.132861
0.147282
0.321378
0.275822
0.181771
0.179599
0.265356
0.181619
0.159109
0.158360
0.200388
0.169391
0.254551
0.146336
0.128839
0.140714
0.191513
0.152355
0.195951
0.220128
0.188284
0.199210
0.212955
0.236997
0.183889
0.237446
0.182852
0.183812
0.232473
0.227105
0.225969
0.232959
0.491831
0.498462
0.517934
0.471734
0.486749
0.428614
0.587979
0.524643
0.520925
0.462047
0.397573
0.429020
0.389202
0.383237
0.394986
0.419807
0.330332
0.325818
0.382386
0.393500
0.321188
0.377406
0.431300
0.457995
0.412557
0.381068
0.421929
0.349431
0.286279
0.464783
0.519817
0.495189
0.484816
0.514913
0.470676
0.521279
0.535973
0.654485
0.624817
0.645892
0.619409
0.634758
0.616672
0.587198
0.605662
0.631075
0.606366
0.612190
0.634485
0.573423
0.614405
0.566854
0.570546
0.538604
0.637661
0.591917
0.525593
0.550336
0.586232
0.542580
0.592909
0.700292
0.640902
0.524684
0.552584
0.597614
0.534248
0.586590
0.555329
0.420040
0.413994
0.494506
0.435430
0.408579
0.470901
0.508405
0.427171
0.565559
0.492243
0.526602
0.540783
0.433571
0.478861
0.478620
0.357929
0.391179
0.416012
0.345909
0.354829
0.372395
0.367859
0.361909
0.378519
0.364780
0.362219
0.436748
0.378057
0.357045
0.437227
0.374056
0.420801
0.402943
0.410516
0.440443
0.378328
0.367686
0.350441
0.357329
0.346496
0.349278
0.355336
0.346479
0.321804
0.316405
0.344265
0.354703
0.319898
0.334859
0.318305
0.334071
0.338301
0.324820
0.308785
0.305885
0.301947
0.284046
0.287410
0.282630
0.294143
0.299207
0.273256
0.286688
0.258031
0.269453
0.283572
0.265523
0.263156
0.274937
0.256352
0.268225
0.271001
0.261320
0.247520
0.235969
0.248089
0.242616
0.238848
0.230193
0.243779
0.250117
0.245436
0.245496
0.242999
0.242258
0.244660
0.246659
0.238228
0.240010
0.230673
0.228460
0.234948
0.235387
0.236600
0.231774
0.237127
0.233383
0.233273
0.230385
0.239525
0.238047
0.233103
0.233812
0.225274
0.224406
0.229926
0.229939
0.224481
0.228762
0.227496
0.229058
0.229084
0.226299
0.222084
0.223832
0.219588
0.220766
0.221623
0.223120
0.222688
0.218117
0.226322
0.220242
0.240920
0.232664
0.221932
0.225250
0.230374
0.221934
0.227833
0.223729
0.222487
0.225572
0.232031
0.233318
0.238434
0.243856
0.239596
0.239347
0.257837
0.243162
0.264141
0.249251
0.273623
0.263716
0.254354
0.267875
0.253801
0.247419
0.241796
0.241849
0.243708
0.244470
0.249790
0.244953
0.258511
0.264555
0.256766
0.248512
0.278552
0.271393
0.285560
0.278498
0.293952
0.291568
0.277438
0.284166
0.278664
0.263602
0.253874
0.248063
0.256210
0.260942
0.275323
0.264091
0.288577
0.296459
0.291189
0.277869
0.305240
0.298703
0.312082
0.300087
0.338905
0.318366
0.305473
0.322483
0.312258
0.302630
0.294678
0.305705
0.312816
0.325293
0.321415
0.365906
0.332919
0.359199
0.330435
0.423167
0.329611
0.355993
0.431104
0.335227
0.397644
0.410400
0.392308
0.413077
0.377995
0.353202
0.367722
0.397027
0.382087
0.354628
0.349925
0.344296
0.351296
0.355370
0.384820
0.367631
0.351854
0.340235
0.320515
0.350176
0.327112
0.320463
0.299869
0.348507
0.336789
0.320437
0.329689
0.305287
0.307501
0.273110
0.284770
0.304626
0.295315
0.287049
0.254175
0.293657
0.266042
0.258444
0.233445
0.296656
0.271236
0.246291
0.261842
0.235213
0.248546
0.208349
0.215856
0.233719
0.224855
0.213918
0.195226
0.219239
0.216037
0.209919
0.194644
0.224383
0.221624
0.225748
0.221264
0.220288
0.215563
0.203155
0.196470
0.209141
0.213260
0.218862
0.210611
0.223658
0.224187
0.220885
0.211609
0.227950
0.227667
0.228740
0.228362
0.223803
0.224104
0.208019
0.211483
0.220138
0.219320
0.217890
0.204573
0.222787
0.220720
0.215142
0.203828
0.227245
0.226406
0.231940
0.226252
0.224674
0.219162
0.208081
0.202512
0.212775
0.216460
0.224259
0.216557
0.230089
0.235364
0.233851
0.224504
0.235062
0.237715
0.238013
0.238651
0.238837
0.238865
0.228799
0.229207
0.239021
0.239732
0.239242
0.230717
0.238700
0.236861
0.235943
0.227682
0.238975
0.239509
0.249001
0.238977
0.242717
0.234019
0.225824
0.219619
0.231493
0.233789
0.240659
0.235093
0.250468
0.264512
0.260525
0.252289
0.257744
0.267341
0.295596
0.277800
0.281015
0.263202
0.275863
0.287154
0.292654
0.315461
0.298263
0.307371
0.316554
0.375795
0.339572
0.370707
0.404270
0.429356
0.435018
0.406176
0.428182
0.441808
0.392608
0.382528
0.359031
0.448892
0.437228
0.414368
0.346402
0.381605
0.321609
0.338156
0.290423
0.321488
0.322093
0.303089
0.288608
0.251549
0.293240
0.262437
0.254065
0.226805
0.295756
0.270541
0.243476
0.261657
0.227574
0.243847
0.198870
0.208207
0.227602
0.217398
0.204401
0.181980
0.209788
0.195142
0.186787
0.169420
0.218265
0.204010
0.188228
0.193839
0.176255
0.180581
0.156282
0.159677
0.171363
0.166900
0.164012
0.151004
0.171758
0.175206
0.169527
0.163769
0.178317
0.180372
0.194458
0.184351
0.189375
0.180566
0.171095
0.168432
0.174789
0.181359
0.190751
0.182486
0.197411
0.198646
0.193750
0.185186
0.203138
0.202524
0.196807
0.202615
0.191106
0.197030
0.172968
0.185341
0.192124
0.186797
0.179569
0.158830
0.185297
0.183597
0.176967
0.148337
0.191272
0.191195
0.198410
0.191090
0.187319
0.184004
0.144722
0.141140
0.174100
0.175358
0.181511
0.149129
0.194830
0.199709
0.186802
0.158526
0.207566
0.211699
0.215964
0.217524
0.197612
0.204556
0.156304
0.155890
0.185010
0.183844
0.187167
0.160054
0.199564
0.202465
0.197829
0.169739
0.218397
0.216159
0.219828
0.207755
0.214692
0.204308
0.192220
0.178940
0.205972
0.207781
0.215702
0.211252
0.224694
0.247124
0.243661
0.243272
0.233432
0.246409
0.276554
0.256739
0.275405
0.266354
0.265625
0.257687
0.266155
0.275797
0.287437
0.285273
0.301089
0.287159
0.295868
0.298936
0.362456
0.311244
0.313491
0.311105
0.353137
0.342647
0.362297
0.335649
0.320861
0.353461
0.344570
0.307892
0.300434
0.291503
0.353851
0.372831
0.313433
0.255594
0.299646
0.244053
0.280317
0.236342
0.264188
0.263979
0.238106
0.204049
0.193532
0.204651
0.185263
0.176849
0.174127
0.210562
0.194664
0.173778
0.184201
0.160997
0.170224
0.158818
0.163235
0.160251
0.154012
0.147968
0.145702
0.152479
0.144520
0.139275
0.135340
0.158194
0.150127
0.144394
0.144816
0.135744
0.135867
0.122826
0.126015
0.130245
0.127217
0.132039
0.127016
0.125471
0.141179
0.125148
0.125209
0.139892
0.143777
0.152765
0.125169
0.118617
0.134660
0.141058
0.155577
0.162490
0.161327
0.118932
0.124011
0.152164
0.137375
0.133535
0.157221
0.163574
0.159737
0.138245
0.159706
0.143125
0.166411
0.173231
0.176427
0.151726
0.174238
0.116265
0.100786
0.120695
0.104913
0.097223
0.090787
0.132194
0.117311
0.114456
0.109064
0.103726
0.097096
0.098561
0.087738
0.088593
0.094315
0.104794
0.109598
0.110393
0.122358
0.122210
0.128545
0.118170
0.125215
0.130684
0.128352
0.131602
0.130030
0.129615
0.136739
0.132165
0.130524
0.129764
0.131510
0.133780
0.139260
0.137013
0.139983
0.136135
0.142759
0.181767
0.149880
0.168789
0.145215
0.150972
0.144377
0.142519
0.150492
0.166383
0.164462
0.190327
0.218267
0.198321
0.183240
0.212925
0.239507
0.261654
0.253554
0.267793
0.246420
0.238726
0.207106
0.230497
0.259349
0.281548
0.279727
0.285001
0.288153
0.337745
0.287799
0.329700
0.291369
0.323719
0.282818
0.281654
0.266441
0.309809
0.293296
0.285552
0.312697
0.296294
0.266800
0.265422
0.271897
0.296408
0.263912
0.213427
0.249083
0.203054
0.232383
0.234659
0.250046
0.228750
0.208290
0.150536
0.160535
0.146720
0.164130
0.171832
0.165813
0.189887
0.212240
0.167790
0.149018
0.223008
0.180997
0.191773
0.222621
0.178796
0.174745
0.134868
0.127732
0.124261
0.128346
0.114954
0.119450
0.118514
0.119654
0.129238
0.130220
0.122475
0.118951
0.145816
0.124571
0.128510
0.165970
0.111396
0.122553
0.115031
0.118005
0.118099
0.127848
0.106336
0.113416
0.107763
0.111724
0.107752
0.101325
0.118437
0.113121
0.120602
0.127144
0.117559
0.105831
0.098238
0.102718
0.091795
0.094972
0.092584
0.092994
0.097550
0.100468
0.091961
0.089451
0.102089
0.091903
0.093262
0.100893
0.101487
0.085311
0.105502
0.086919
0.085616
0.084666
0.119197
0.100381
0.088253
0.110697
0.096958
0.085634
0.085097
0.093849
0.089287
0.087575
0.133009
0.139997
0.147255
0.148342
0.138147
0.134520
0.171981
0.176025
0.159511
0.159329
0.160180
0.144155
0.129617
0.138540
0.122108
0.116793
0.138254
0.144599
0.153654
0.150667
0.159439
0.148735
0.167974
0.155963
0.184729
0.180305
0.163129
0.172973
0.178061
0.161408
0.159208
0.172530
0.170886
0.179831
0.185366
0.181246
0.188845
0.223327
0.183312
0.222566
0.199965
0.188097
0.197615
0.282900
0.261235
0.345263
0.293494
0.296685
0.357922
0.279561
0.262787
0.253864
0.262658
0.250331
0.257152
0.262075
0.271174
0.248856
0.248910
0.247277
0.249765
0.259205
0.255492
0.304876
0.304899
0.260270
0.261987
0.306321
0.267372
0.279733
0.303288
0.216069
0.259066
0.211708
0.258153
0.253204
0.256841
0.245347
0.264830
0.255647
0.229370
0.260286
0.252405
0.254691
0.255261
0.250289
0.250065
0.179843
0.157621
0.163090
0.171824
0.129849
0.137424
0.136633
0.152557
0.172622
0.182032
0.165968
0.149268
0.203411
0.181362
0.192342
0.221695
0.124139
0.117775
0.118333
0.119009
0.106123
0.108388
0.116618
0.118112
0.144571
0.142108
0.125046
0.127670
0.149349
0.125225
0.128256
0.155249
0.106479
0.110647
0.119200
0.114983
0.103626
0.108749
0.115801
0.118996
0.148784
0.152359
0.131535
0.129368
0.149520
0.129135
0.126675
0.145385
0.102328
0.108355
0.117614
0.112801
0.133710
0.113079
0.152596
0.125090
0.185950
0.161314
0.135569
0.163546
0.156987
0.130715
0.127427
0.146596
0.158737
0.178315
0.186924
0.179112
0.183937
0.188655
0.192901
0.193237
0.235184
0.232888
0.197794
0.199068
0.223989
0.194212
0.190775
0.214715
0.186848
0.193658
0.198526
0.193821
0.201440
0.197760
0.206987
0.201149
0.251533
0.246641
0.203991
0.213512
0.245371
0.204576
0.202565
0.241596
0.208042
0.219891
0.213726
0.204717
0.246892
0.257583
0.222823
0.274437
0.257944
0.227409
0.224841
0.250932
0.295083
0.272577
0.316962
0.382745
0.337779
0.418714
0.304557
0.295157
0.249205
0.251464
0.277526
0.277118
0.281805
0.257197
0.314691
0.304756
0.299141
0.299512
0.323434
0.303160
0.354822
0.317703
0.308324
0.335656
0.297393
0.285411
0.265150
0.285104
0.255798
0.260723
0.275805
0.273423
0.244777
0.260008
0.255097
0.276804
0.291518
0.315268
0.294497
0.268935
0.316836
0.292128
0.291840
0.318876
0.238650
0.223425
0.221478
0.229364
0.192643
0.203984
0.197716
0.213705
0.212724
0.221818
0.219607
0.205592
0.238733
0.225373
0.234816
0.266794
0.177349
0.170517
0.174292
0.175088
0.160720
0.160187
0.173858
0.173205
0.199780
0.194413
0.185036
0.185911
0.199335
0.185463
0.186682
0.199411
0.163417
0.171025
0.177786
0.173765
0.168728
0.174404
0.186597
0.180119
0.221328
0.216513
0.193491
0.209569
0.213061
0.189510
0.184084
0.208285
0.165676
0.178556
0.199378
0.197030
0.212437
0.185863
0.234219
0.205486
0.249303
0.230328
0.227312
0.247970
0.232109
0.231359
0.230361
0.228156
0.244032
0.259406
0.271975
0.264356
0.275714
0.269206
0.282499
0.273392
0.284673
0.285716
0.281813
0.289139
0.279940
0.280474
0.275269
0.272177
0.283065
0.289449
0.292639
0.288488
0.288659
0.291152
0.290138
0.295114
0.300313
0.299285
0.292505
0.291583
0.294074
0.292291
0.294899
0.291810
0.280757
0.286993
0.289505
0.286666
0.308330
0.292011
0.309900
0.294065
0.331790
0.312709
0.296807
0.318203
0.303878
0.297817
0.297551
0.303312
0.328052
0.323631
0.445408
0.371301
0.456678
0.379028
0.467712
0.347963
0.351948
0.332111
0.344591
0.334518
0.322406
0.356873
0.347949
0.359824
0.401837
0.374266
0.426324
0.370473
0.366520
0.419588
0.345109
0.351475
0.341437
0.338458
0.303133
0.339631
0.306895
0.351014
0.314852
0.344182
0.339196
0.280363
0.248488
0.259004
0.278820
0.216998
0.226871
0.233159
0.246409
0.257957
0.250337
0.264038
0.282965
0.207269
0.211657
0.223780
0.216927
0.219712
0.208185
0.235771
0.230676
0.253299
0.247016
0.244535
0.236007
0.237343
0.235062
0.236436
0.242302
0.229980
0.234300
0.229271
0.233107
0.230602
0.225952
0.233549
0.239891
0.225050
0.228705
0.229024
0.226464
0.253516
0.234111
0.253020
0.231134
0.228780
0.249501
0.230701
0.227189
0.271261
0.279258
0.279616
0.278585
0.291232
0.286454
0.289036
0.280619
0.279584
0.286528
0.278827
0.275626
0.295014
0.295561
0.295131
0.294687
0.307225
0.297185
0.307039
0.294748
0.295661
0.302326
0.298542
0.293229
0.310709
0.315896
0.319859
0.317895
0.341676
0.326082
0.347263
0.327498
0.319996
0.351980
0.315155
0.317175
0.360061
0.361308
0.373252
0.378038
0.367899
0.438434
0.373344
0.442721
0.378035
0.386905
0.444629
0.491158
0.529710
0.571042
0.531931
0.563362
0.517804
0.466939
0.403786
0.417541
0.461054
0.479643
0.523777
0.511507
0.544989
0.468700
0.419988
0.355090
0.414984
0.364881
0.426824
0.535415
0.463789
0.513479
0.445572
0.370037
0.434329
0.408525
0.408826
0.461187
0.478942
0.464169
0.558884
0.425938
0.458577
0.485323
0.615114
0.539779
0.514303
0.566842
0.528730
0.520793
0.493286
0.535111
0.575359
0.678687
0.621677
0.606471
0.703787
0.584335
0.630888
0.501538
0.553131
0.532309
0.578667
0.560379
0.620187
0.598894
0.619497
0.543265
0.596172
0.603184
0.607074
0.585670
0.558038
0.400625
0.469437
0.463117
0.436039
0.478106
0.457459
0.434469
0.477004
0.427756
0.442322
0.472256
0.459190
0.431480
0.392669
0.401007
0.400916
0.348363
0.350374
0.385492
0.383334
0.365665
0.401593
0.414797
0.391900
0.404406
0.378052
0.337571
0.397603
0.348198
0.403349
0.396046
0.412479
0.419904
0.363994
0.354151
0.406470
0.417162
0.374669
0.392427
0.397421
0.394278
0.377721
0.375802
0.398039
0.396703
0.321926
0.357994
0.305579
0.355737
0.377219
0.376208
0.361235
0.361357
0.371101
0.353641
0.374495
0.397421
0.421394
0.438346
0.398277
0.342920
0.305000
0.386711
0.313749
0.357263
0.320185
0.348242
0.352054
0.337266
0.337268
0.411177
0.495511
0.394091
0.356814
0.435860
0.387238
0.359933
0.474027
0.805170
0.827210
0.847077
0.811306
0.897866
0.857348
0.804382
0.740800
0.701652
0.715195
0.661148
0.664794
0.574163
0.670004
0.639667
0.739726
0.720183
0.798708
0.745897
0.579997
0.559399
0.665455
0.575469
0.643469
0.600962
0.679755
0.704834
0.685085
0.798568
0.706882
0.720855
0.855320
0.785496
0.829890
0.858073
0.819396
0.706574
0.551075
0.589004
0.674007
0.549228
0.677261
0.701691
0.526182
0.626355
0.687289
0.730644
0.654967
0.806790
0.796621
0.807400
0.752356
0.737881
0.630805
0.687056
0.590940
0.590081
0.534798
0.609359
0.610864
0.687254
0.697502
0.675601
0.578084
0.630553
0.644492
0.661030
0.798775
0.884823
0.852305
0.862247
0.823085
0.817654
0.853858
0.909912
0.942418
0.940851
0.872174
0.889357
0.873346
0.870600
0.755968
0.836945
0.926161
0.896143
0.898488
0.915134
0.799483
0.772860
0.757395
0.699603
0.636261
0.724311
0.691948
0.744880
0.616079
0.615917
0.535316
0.612951
0.603432
0.617789
0.557875
0.627888
0.603386
0.556634
0.540104
0.525825
0.570639
0.613499
0.854548
0.878010
0.839599
0.871272
0.878671
0.893459
0.848012
0.854745
0.853705
0.840763
0.862530
0.891969
0.887727
0.901755
0.871847
0.895313
0.833365
0.879139
0.872282
0.873538
0.847957
0.837838
0.784790
0.873030
0.842521
0.835687
0.837703
0.879861
0.869458
0.866123
0.905355
0.916322
0.950663
0.911049
0.897187
0.871266
0.860016
0.816955
0.855473
0.855849
0.812748
0.817916
0.828562
0.758328
0.808120
0.855934
0.873538
0.707858
0.789010
0.755270
0.742127
0.368488
0.406822
0.370577
0.449076
0.431539
0.385609
0.410091
0.363315
0.451042
0.538804
0.493565
0.504888
0.512123
0.564251
0.599569
0.567384
0.625733
0.556546
0.299213
0.339891
0.329723
0.303347
0.312884
0.304769
0.300839
0.301043
0.295744
0.268022
0.285782
0.292931
0.261202
0.327273
0.294225
0.328391
0.338965
0.314955
0.317480
0.316094
0.309908
0.289076
0.295760
0.298207
0.302458
0.278990
0.277269
0.302419
0.268802
0.266432
0.273347
0.281273
0.283923
0.285431
0.266422
0.311880
0.350771
0.398826
0.356079
0.429439
0.431280
0.422355
0.372204
0.438073
0.372025
0.437005
0.442746
0.500231
0.434777
0.363879
0.409314
0.382776
0.351460
0.301523
0.413107
0.444962
0.344577
0.435370
0.396246
0.313964
0.319488
0.289882
0.290100
0.319651
0.297582
0.279329
0.323370
0.300841
0.267729
0.326449
0.304137
0.301974
0.300025
0.267734
0.312706
0.288677
0.299984
0.323778
0.285349
0.295144
0.298674
0.277517
0.305394
0.260002
0.298029
0.440845
0.380669
0.446855
0.365334
0.377567
0.492504
0.348629
0.406155
0.369758
0.435611
0.375942
0.498817
0.394506
0.401044
0.439837
0.449754
0.482636
0.441038
0.499312
0.472772
0.475325
0.829477
0.741603
0.740875
0.601103
0.586204
0.528439
0.509234
0.514840
0.427005
0.466169
0.470168
0.497307
0.435310
0.481061
0.444936
0.451085
0.374373
0.341630
0.412479
0.354071
0.394793
0.388092
0.328877
0.317727
0.284605
0.304800
0.302242
0.317238
0.307504
0.275413
0.309383
0.332085
0.322129
0.351217
0.389418
0.341203
0.355069
0.321391
0.277672
0.320049
0.334581
0.283551
0.350151
0.332739
0.348463
0.368803
0.373203
0.361183
0.288313
0.343276
0.315085
0.359946
0.328804
0.365512
0.367223
0.328095
0.367206
0.386936
0.392482
0.390173
0.397053
0.371663
0.378593
0.416324
0.329889
0.313960
0.386555
0.304605
0.282922
0.281388
0.272747
0.284622
0.373695
0.273959
0.270660
0.266486
0.261062
0.260802
0.360646
0.297315
0.307780
0.331598
0.291103
0.311142
0.340688
0.344426
0.320818
0.287478
0.327477
0.323658
0.351955
0.364487
0.366124
0.547215
0.565300
0.522298
0.529759
0.462869
0.503680
0.502785
0.488861
0.437492
0.391322
0.389782
0.420623
0.341117
0.324721
0.332043
0.316464
0.303702
0.339670
0.358263
0.362121
0.405327
0.381140
0.381260
0.419742
0.383299
0.322014
0.361689
0.347671
0.351954
0.344504
0.271443
0.281766
0.267969
0.259189
0.251824
0.249572
0.244485
0.249976
0.257701
0.247327
0.358352
0.363222
0.258600
0.281297
0.361441
0.265080
0.237153
0.256230
0.334364
0.371522
0.319672
0.445209
0.462935
0.466244
0.412217
0.349320
0.536016
0.514350
0.527764
0.528129
0.468402
0.450210
0.360833
0.404299
0.412958
0.281567
0.258338
0.255379
0.259904
0.243833
0.250109
0.244869
0.263518
0.271873
0.354392
0.383866
0.504272
0.365527
0.399137
0.463164
0.403913
0.415995
0.580719
0.496148
0.430316
0.485021
0.459423
0.358749
0.408302
0.448577
0.488655
0.456678
0.393384
0.493604
0.526493
0.533048
0.518478
0.536240
0.521065
0.573169
0.582704
0.800189
0.794048
0.918105
0.909730
0.917819
0.930882
0.917459
0.925246
0.910957
0.906563
0.896358
0.909245
0.927981
0.911538
0.912308
0.927317
0.925719
0.908745
0.910013
0.915275
0.908303
0.847874
0.880548
0.881143
0.821495
0.615579
0.688081
0.778918
0.693213
0.782302
0.630250
0.806589
0.786571
0.732196
0.889126
0.874322
0.908568
0.889242
0.847278
0.906926
0.868274
0.879186
0.893034
0.859227
0.863552
0.840195
0.864411
0.906797
0.868814
0.747856
0.834228
0.510349
0.509394
0.379968
0.556144
0.610720
0.576556
0.468122
0.455723
0.390798
0.435105
0.282932
0.264278
0.280529
0.268637
0.278655
0.267296
0.264411
0.285529
0.276101
0.300631
0.301285
0.300375
0.285970
0.294738
0.314085
0.350243
0.309019
0.309771
0.338592
0.337275
0.323898
0.378777
0.330707
0.376803
0.366001
0.378813
0.529794
0.470187
0.556218
0.456327
0.475901
0.515058
0.434487
0.431115
0.423038
0.509708
0.549274
0.546902
0.558861
0.618059
0.685651
0.578871
0.656537
0.656780
0.606895
0.639564
0.599397
0.676815
0.634196
0.782728
0.682773
0.598847
0.711634
0.569453
0.557333
0.659749
0.540208
0.571545
0.547883
0.561069
0.536248
0.554959
0.556309
0.577898
0.565366
0.625341
0.610246
0.576510
0.587720
0.491432
0.475130
0.448895
0.451308
0.520859
0.520799
0.711901
0.657243
0.535939
0.403331
0.636052
0.470543
0.380724
0.357126
0.355590
0.341785
0.350538
0.340498
0.327733
0.296857
0.308749
0.270120
0.254504
0.249442
0.248005
0.255478
0.275202
0.250862
0.249136
0.247338
0.243436
0.241461
0.250800
0.274073
0.262760
0.331681
0.322788
0.474609
0.335025
0.316503
0.453083
0.360255
0.351089
0.414707
0.538650
0.398544
0.424907
0.556870
0.439082
0.466835
0.463412
0.542414
0.449781
0.477659
0.480409
0.551651
0.555892
0.554617
0.592518
0.561025
0.578855
0.552825
0.536906
0.620629
0.657591
0.532642
0.531404
0.549816
0.491155
0.471205
0.455632
0.454866
0.583083
0.644579
0.659460
0.640306
0.707557
0.681078
0.678748
0.722882
0.668735
0.713196
0.650783
0.640294
0.668265
0.690027
0.667605
0.656362
0.706109
0.720493
0.838311
0.646083
0.648842
0.595188
0.635969
0.646969
0.706374
0.761765
0.791175
0.769304
0.753693
0.807879
0.754919
0.745321
0.713730
0.755931
0.755171
0.758585
0.692133
0.754452
0.750270
0.695123
0.729507
0.780819
0.787399
0.787734
0.784340
0.767210
0.740897
0.663468
0.707809
0.751723
0.743145
0.731692
0.805192
0.822651
0.762086
0.822590
0.758072
0.818950
0.774749
0.753673
0.676366
0.699973
0.703702
0.677497
0.732842
0.721290
0.692070
0.617131
0.696106
0.673898
0.724057
0.680779
0.693159
0.632412
0.632405
0.624042
0.675213
0.671139
0.646802
0.655273
0.641574
0.674547
0.682985
0.638425
0.666318
0.654468
0.673923
0.599722
0.613750
0.614573
0.709783
0.604961
0.613548
0.629333
0.655078
0.736881
0.761301
0.704145
0.757768
0.718755
0.701287
0.747705
0.638110
0.660930
0.646374
0.601155
0.654184
0.697027
0.687105
0.705271
0.661322
0.689102
0.668245
0.637915
0.659736
0.664428
0.668473
0.702482
0.742116
0.721985
0.614620
0.652011
0.851595
0.831671
0.816645
0.846623
0.845231
0.807421
0.810787
0.807378
0.762880
0.742700
0.719927
0.748630
0.760820
0.758917
0.780549
0.790906
0.744421
0.702044
0.790536
0.729673
0.716246
0.718135
0.809247
0.831027
0.848098
0.853934
0.688669
0.755345
0.870962
0.872476
0.793992
0.782636
0.794371
0.575608
0.579825
0.554633
0.603992
0.567873
0.589589
0.601278
0.600257
0.608726
0.749634
0.790530
0.720980
0.679509
0.738792
0.523732
0.566153
0.580126
0.564254
0.544888
0.495222
0.502436
0.486332
0.573380
0.565914
0.534989
0.472934
0.566951
0.574156
0.631565
0.458978
0.605806
0.402171
0.546682
0.445282
0.534749
0.567111
0.540315
0.539283
0.555642
0.544977
0.508717
0.688041
0.618203
0.706230
0.675310
0.643172
0.622015
0.657312
0.623536
0.646044
0.566677
0.576622
0.572782
0.576841
0.580612
0.527651
0.540223
0.565248
0.530093
0.504325
0.510746
0.503086
0.535115
0.579797
0.532383
0.618122
0.584707
0.584436
0.617719
0.600249
0.599501
0.597610
0.591744
0.581828
0.566870
0.586146
0.585579
0.606710
0.594166
0.564161
0.607172
0.629595
0.652888
0.673814
0.617027
0.630293
0.603072
0.607697
0.567851
0.625941
0.687611
0.724211
0.672596
0.643099
0.628603
0.624779
0.671198
0.603663
0.553514
0.559845
0.560812
0.562090
0.585908
0.525582
0.568893
0.562484
0.588809
0.565483
0.567099
0.564284
0.598034
0.604304
0.629391
0.601745
0.578134
0.600630
0.594509
0.588427
0.591274
0.590571
0.592752
0.578564
0.622763
0.566325
0.604146
0.455857
0.385270
0.404334
0.382828
0.326992
0.359461
0.334412
0.309283
0.289647
0.305499
0.315437
0.297467
0.294488
0.345081
0.341231
0.302894
0.303342
0.338589
0.359239
0.383102
0.362587
0.309712
0.358449
0.290442
0.322758
0.308378
0.341087
0.344119
0.327011
0.348445
0.332442
0.361259
0.365790
0.381177
0.341633
0.344722
0.316486
0.319161
0.269181
0.238579
0.256380
0.276226
0.236073
0.251656
0.233097
0.250968
0.248862
0.267889
0.285992
0.263954
0.354128
0.365662
0.368709
0.367113
0.339322
0.360334
0.371564
0.613026
0.602281
0.619768
0.602956
0.638127
0.611657
0.626878
0.640907
0.651106
0.626260
0.418955
0.345235
0.351506
0.320739
0.308047
0.326263
0.310846
0.332953
0.347611
0.326839
0.309940
0.354960
0.358151
0.403223
0.279224
0.289386
0.250021
0.261418
0.254506
0.268914
0.235869
0.229532
0.235598
0.238952
0.228511
0.254797
0.287463
0.274444
0.305001
0.261993
0.264395
0.301768
0.245450
0.248048
0.232737
0.231875
0.274728
0.262731
0.300008
0.320768
0.334724
0.295221
0.391424
0.325149
0.301526
0.274370
0.357761
0.435199
0.338060
0.319863
0.270547
0.244875
0.220442
0.234905
0.226485
0.213167
0.242153
0.231871
0.313139
0.231349
0.267171
0.218651
0.209462
0.246053
0.258395
0.279807
0.322863
0.294171
0.293506
0.318757
0.347376
0.538694
0.521415
0.611137
0.509917
0.584805
0.522541
0.522342
0.518047
0.457684
0.510671
0.507900
0.527884
0.563538
0.606160
0.596482
0.569584
0.621723
0.616500
0.605870
0.625247
0.594354
0.628391
0.595114
0.534725
0.555749
0.549673
0.360231
0.323599
0.375648
0.334835
0.356972
0.347590
0.341415
0.376539
0.343133
0.424019
0.354552
0.443420
0.407543
0.394971
0.408609
0.864999
0.845674
0.870769
0.889887
0.923606
0.909006
0.955977
0.921076
0.926287
0.878838
0.890018
0.878150
0.882122
0.881355
0.853561
0.877211
0.860731
0.842247
0.912760
0.912276
0.865846
0.891562
0.933372
0.920794
0.937554
0.946201
0.943720
0.960303
0.856881
0.912808
0.903143
0.871030
0.723093
0.710407
0.615087
0.559800
0.526662
0.525172
0.527769
0.514562
0.528015
0.540920
0.498947
0.517217
0.507434
0.531658
0.530089
0.502768
0.519609
0.486778
0.499188
0.502171
0.506611
0.477367
0.512896
0.475732
0.483342
0.514132
0.506822
0.561408
0.556204
0.568448
0.569569
0.576881
0.556657
0.584169
0.560827
0.565517
0.550108
0.555541
0.551302
0.545920
0.593544
0.629457
0.627785
0.623077
0.604404
0.538706
0.521538
0.593509
0.628351
0.616345
0.611698
0.618029
0.623764
0.611532
0.634149
0.612141
0.464948
0.465867
0.472268
0.442799
0.456986
0.463272
0.457975
0.444844
0.454494
0.430343
0.499834
0.457171
0.456355
0.444370
0.457185
0.474741
0.454779
0.460497
0.533306
0.543052
0.515247
0.520222
0.519674
0.493007
0.550904
0.631066
0.615563
0.588446
0.600487
0.541878
0.583118
0.548948
0.569037
0.582398
0.569427
0.568139
0.566459
0.481997
0.522075
0.517611
0.517228
0.527445
0.517127
0.535623
0.529057
0.530988
0.512783
0.539580
0.521131
0.516739
0.538192
0.490084
0.534959
0.535391
0.472643
0.508325
0.526974
0.532128
0.513888
0.541532
0.552620
0.556518
0.536403
0.551464
0.563461
0.566766
0.551765
0.555735
0.575825
0.619040
0.607294
0.524475
0.571384
0.551330
0.456485
0.479815
0.510430
0.522716
0.509988
0.478024
0.525089
0.519380
0.502965
0.457811
0.463768
0.459356
0.452376
0.440009
0.478447
0.469134
0.517738
0.468026
0.466776
0.421187
0.446234
0.467409
0.492926
0.527920
0.448261
0.546397
0.588029
0.565616
0.647575
0.600960
0.666812
0.654656
0.645522
0.526403
0.528784
0.472000
0.435414
0.463363
0.497660
0.426421
0.399071
0.424550
0.368910
0.412618
0.416753
0.480212
0.490979
0.442718
0.441518
0.390005
0.348287
0.394766
0.348239
0.387833
0.354715
0.335503
0.341804
0.372307
0.326447
0.471419
0.422965
0.538813
0.483748
0.499733
0.397066
0.446712
0.398733
0.369124
0.388245
0.340575
0.546642
0.558879
0.552116
0.555365
0.566079
0.567541
0.571117
0.560859
0.548320
0.532174
0.558399
0.578032
0.501643
0.535497
0.526220
0.480160
0.570919
0.595190
0.583297
0.579334
0.603191
0.592058
0.591836
0.576039
0.547480
0.536378
0.523883
0.523959
0.507917
0.522816
0.521927
0.526865
0.433711
0.463149
0.485308
0.488296
0.462449
0.410747
0.601947
0.560029
0.527667
0.519712
0.521892
0.544778
0.528616
0.519897
0.488926
0.531449
0.424050
0.427099
0.367136
0.465291
0.485580
0.519605
0.445324
0.375183
0.498770
0.376574
0.331825
0.434358
0.423854
0.310720
0.331635
0.330247
0.488997
0.357983
0.335300
0.312537
0.318766
0.337665
0.425565
0.347010
0.499573
0.473451
0.477271
0.505069
0.491678
0.451915
0.433844
0.441158
0.459137
0.491120
0.448524
0.513098
0.476599
0.500542
0.485334
0.474516
0.508246
0.483733
0.493299
0.501797
0.527089
0.536760
0.539197
0.526958
0.537130
0.520100
0.566320
0.611107
0.587970
0.593773
0.541740
0.608029
0.602407
0.503044
0.431906
0.470163
0.452215
0.462663
0.397235
0.427492
0.400724
0.427971
0.397746
0.434753
0.392118
0.413229
0.397860
0.425922
0.458683
0.411542
0.443822
0.489929
0.446275
0.442626
0.450567
0.515570
0.537412
0.616993
0.625398
0.587793
0.517419
0.507116
0.510377
0.499498
0.464048
0.455600
0.483473
0.499357
0.513629
0.477902
0.425872
0.464590
0.460442
0.423766
0.448635
0.431497
0.431456
0.415115
0.396266
0.392253
0.373376
0.369149
0.379532
0.369657
0.413114
0.406762
0.404223
0.437446
0.428058
0.391868
0.425594
0.410838
0.393294
0.343450
0.369263
0.364791
0.416062
0.368023
0.331556
0.436990
0.451604
0.478058
0.460007
0.394027
0.453239
0.416259
0.475957
0.487579
0.549830
0.507411
0.441918
0.548305
0.520182
0.508943
0.530395
0.562987
0.584258
0.578657
0.553168
0.526982
0.591185
0.525112
0.587371
0.578894
0.525521
0.564719
0.596792
0.516677
0.533767
0.519375
0.540729
0.588730
0.518725
0.506499
0.507433
0.475235
0.490313
0.478516
0.464961
0.489002
0.504619
0.464433
0.464250
0.459103
0.422241
0.484826
0.449005
0.387204
0.527417
0.498705
0.594838
0.562511
0.552426
0.535065
0.510030
0.357180
0.392594
0.420703
0.391088
0.447294
0.449816
0.394910
0.487793
0.467370
0.423744
0.404459
0.397491
0.368893
0.377170
0.355074
0.338286
0.366488
0.354263
0.379292
0.366799
0.356235
0.349218
0.431969
0.440566
0.433747
0.347527
0.347487
0.344949
0.436558
0.332241
0.325143
0.310111
0.376727
0.361798
0.414205
0.398750
0.342802
0.336780
0.403567
0.368602
0.374368
0.584066
0.711263
0.666557
0.694489
0.763433
0.573624
0.563042
0.647436
0.538010
0.494599
0.524874
0.550505
0.550892
0.542714
0.540675
0.532300
0.512488
0.536014
0.547393
0.559843
0.569355
0.568273
0.555651
0.557269
0.641822
0.594775
0.592876
0.499561
0.533875
0.547103
0.594967
0.633382
0.588153
0.525530
0.368183
0.350263
0.311038
0.304612
0.379162
0.329775
0.319908
0.303914
0.288325
0.275913
0.273498
0.287083
0.419437
0.285550
0.335940
0.352952
0.433349
0.279702
0.318581
0.340782
0.378806
0.407615
0.442454
0.366353
0.467740
0.438484
0.413419
0.351228
0.478558
0.507968
0.466164
0.517164
0.478784
0.429231
0.396894
0.333060
0.334275
0.372305
0.454139
0.431031
0.393672
0.518288
0.494621
0.447413
0.373525
0.178332
0.158034
0.162444
0.153309
0.157822
0.149128
0.138825
0.148177
0.160299
0.164370
0.165402
0.168301
0.133396
0.125615
0.142889
0.138205
0.131596
0.127028
0.147074
0.144474
0.158779
0.143643
0.135332
0.131935
0.116780
0.120123
0.112482
0.117441
0.127573
0.135186
0.114643
0.122245
0.127096
0.121951
0.142566
0.130332
0.125834
0.125260
0.159281
0.171022
0.121786
0.135076
0.144834
0.245036
0.246218
0.763843
0.770123
0.769976
0.747283
0.772243
0.747401
0.735709
0.652738
0.707817
0.711380
0.686808
0.655091
0.540598
0.504073
0.530159
0.568962
0.507276
0.548254
0.530232
0.562468
0.530055
0.556898
0.517718
0.572303
0.509519
0.587683
0.494253
0.521457
0.456943
0.466929
0.491992
0.579397
0.495888
0.600924
0.565888
0.563676
0.585849
0.614632
0.528934
0.605329
0.541371
0.588491
0.584959
0.605287
0.520502
0.643941
0.595983
0.649867
0.530559
0.453778
0.493954
0.423610
0.477709
0.476641
0.490805
0.485385
0.513051
0.519760
0.523586
0.548728
0.535895
0.572437
0.691209
0.663241
0.642550
0.636025
0.661764
0.639416
0.628110
0.624915
0.604368
0.637561
0.611216
0.609220
0.607414
0.572781
0.620198
0.603486
0.575279
0.599608
0.568862
0.632611
0.640633
0.618048
0.618475
0.673218
0.618144
0.634270
0.636828
0.602708
0.581430
0.618119
0.240682
0.257024
0.247085
0.231748
0.206751
0.203710
0.195875
0.201545
0.206901
0.182394
0.181385
0.182302
0.184364
0.189072
0.189187
0.192827
0.197290
0.190517
0.183598
0.214331
0.201815
0.234423
0.216293
0.208912
0.234184
0.239190
0.222425
0.199439
0.212913
0.207913
0.194340
0.196561
0.202988
0.205983
0.200141
0.201712
0.193446
0.194027
0.203989
0.193639
0.190009
0.189826
0.199442
0.200937
0.205156
0.280211
0.264623
0.252897
0.272917
0.247651
0.231641
0.226811
0.249704
0.270040
0.233885
0.228096
0.211995
0.221846
0.226765
0.209120
0.200278
0.208896
0.221954
0.269884
0.245114
0.237189
0.249601
0.260949
0.268338
0.255375
0.270234
0.291060
0.279292
0.295772
0.284367
0.301344
0.288119
0.288529
0.302714
0.284335
0.277181
0.271052
0.269919
0.267219
0.271269
0.294512
0.286227
0.297108
0.288981
0.281411
0.286764
0.295822
0.287583
0.288204
0.301971
0.275963
0.276141
0.267234
0.279422
0.276502
0.266745
0.284215
0.280576
0.280977
0.288110
0.290695
0.283293
0.293765
0.281459
0.270032
0.271975
0.290866
0.281900
0.278984
0.288824
0.266909
0.267635
0.252215
0.258818
0.259857
0.254517
0.263433
0.261028
0.260751
0.256661
0.289349
0.280374
0.282662
0.278274
0.269184
0.271967
0.280389
0.284653
0.277164
0.281596
0.273388
0.261848
0.249049
0.251227
0.253491
0.249945
0.252474
0.258532
0.258530
0.255638
0.250160
0.255106
0.226708
0.248589
0.264678
0.262092
0.199492
0.208603
0.223422
0.232942
0.252037
0.246285
0.274726
0.276069
0.285308
0.332943
0.321407
0.329685
0.355820
0.299963
0.294048
0.312141
0.336608
0.363400
0.194731
0.277843
0.276038
0.187443
0.307229
0.350136
0.362920
0.328244
0.321148
0.326954
0.313180
0.282987
0.314259
0.301605
0.226663
0.270859
0.278382
0.215422
0.292593
0.304567
0.301889
0.303712
0.249308
0.321604
0.328019
0.347275
0.371051
0.328528
0.320877
0.351110
0.330777
0.274364
0.267529
0.341019
0.332434
0.392217
0.375783
0.339847
0.354908
0.395245
0.348724
0.317849
0.328407
0.303985
0.269431
0.307990
0.304853
0.276876
0.330149
0.297252
0.297339
0.305819
0.293065
0.296515
0.294787
0.288185
0.248976
0.299051
0.254705
0.286901
0.289379
0.282785
0.283847
0.282154
0.283857
0.279479
0.267973
0.209941
0.249243
0.215061
0.260341
0.227864
0.328524
0.301499
0.297988
0.309046
0.287738
0.284176
0.296856
0.289379
0.215957
0.224170
0.271948
0.274230
0.270710
0.276567
0.222368
0.293487
0.284603
0.295083
0.316177
0.350843
0.302277
0.312883
0.333968
0.340113
0.205788
0.277199
0.272185
0.209318
0.323606
0.341271
0.350861
0.404610
0.461752
0.421444
0.538243
0.358444
0.376515
0.398796
0.413079
0.328201
0.506648
0.422440
0.522417
0.560308
0.537121
0.565718
0.575551
0.539678
0.512261
0.573622
0.370291
0.533642
0.414302
0.521951
0.460404
0.524656
0.393148
0.510723
0.535949
0.481372
0.477983
0.445496
0.381442
0.396295
0.505167
0.463480
0.394131
0.545055
0.558903
0.534102
0.421710
0.504961
0.555947
0.437669
0.521605
0.533660
0.588579
0.525301
0.511051
0.499858
0.463492
0.398100
0.467772
0.426043
0.490354
0.375964
0.448733
0.519515
0.572774
0.579883
0.581579
0.526452
0.479065
0.619468
0.568600
0.558619
0.362933
0.460518
0.380213
0.329410
0.347332
0.406276
0.436825
0.365183
0.402270
0.312179
0.405489
0.435587
0.324313
0.711564
0.715715
0.638384
0.780754
0.705453
0.637191
0.675781
0.601678
0.547709
0.560737
0.523390
0.571779
0.544797
0.530956
0.512209
0.536402
0.556097
0.578133
0.550825
0.500293
0.508007
0.540365
0.522459
0.533656
0.535776
0.523789
0.503993
0.509196
0.538729
0.473606
0.537390
0.541861
0.466416
0.742462
0.739541
0.757364
0.751305
0.735917
0.770419
0.732514
0.759737
0.769890
0.749139
0.745049
0.661190
0.710040
0.692450
0.676993
0.641755
0.609683
0.626876
0.624528
0.655681
0.612144
0.646598
0.632479
0.607908
0.594524
0.594845
0.586231
0.649050
0.261175
0.321323
0.155198
0.161099
0.183845
0.189731
0.148980
0.230882
0.255002
0.269806
0.233345
0.165979
0.223457
0.240807
0.185838
0.261573
0.287594
0.305974
0.306933
0.290786
0.296337
0.305106
0.270812
0.200619
0.268388
0.233073
0.282673
0.275092
0.227839
0.303903
0.285819
0.302981
0.297449
0.255471
0.293712
0.291742
0.248777
0.301909
0.274369
0.303587
0.281494
0.269524
0.232299
0.266916
0.217594
0.265313
0.278931
0.231766
0.287639
0.248818
0.230983
0.207904
0.204677
0.226141
0.181889
0.205430
0.238837
0.338924
0.163798
0.189849
0.180832
0.157440
0.211500
0.362750
0.227025
0.190053
0.245116
0.140649
0.172686
0.176158
0.141253
0.224438
0.323176
0.509833
0.478845
0.518909
0.509023
0.563071
0.495615
0.481805
0.578592
0.554992
0.545709
0.533586
0.537971
0.560594
0.567831
0.562973
0.500021
0.539713
0.554825
0.620081
0.621634
0.613167
0.647106
0.630927
0.631787
0.653678
0.618894
0.610651
0.593273
0.597340
0.608508
0.556585
0.607574
0.598003
0.575163
0.473838
0.453355
0.511636
0.515930
0.540798
0.521378
0.512216
0.406301
0.366674
0.439213
0.431421
0.453588
0.352651
0.391186
0.324875
0.426220
0.330675
0.290182
0.305427
0.309177
0.407563
0.311019
0.292501
0.407905
0.424354
0.374437
0.343481
0.687118
0.608680
0.619669
0.747481
0.653715
0.666071
0.645646
0.566729
0.545132
0.512706
0.530277
0.556575
0.520006
0.500355
0.519867
0.486432
0.531764
0.493079
0.402539
0.483851
0.480288
0.401801
0.544549
0.554333
0.525103
0.455364
0.368928
0.426162
0.338781
0.330483
0.418132
0.382109
0.371933
0.344608
0.340430
0.425237
0.334804
0.374572
0.431710
0.377267
0.476293
0.339593
0.444022
0.363377
0.473436
0.404551
0.465114
0.546973
0.545408
0.502029
0.542883
0.549994
0.541640
0.543673
0.528977
0.580439
0.598815
0.506300
0.563441
0.595540
0.681727
0.607315
0.610833
0.642598
0.584821
0.667874
0.576482
0.562487
0.594975
0.590748
0.575539
0.576456
0.599614
0.603996
0.639251
0.625796
0.631978
0.599295
0.534114
0.593425
0.576596
0.634176
0.641952
0.647846
0.664824
0.675716
0.673719
0.650424
0.602986
0.652020
0.496944
0.514244
0.506207
0.502678
0.547293
0.559717
0.517011
0.530542
0.599269
0.527986
0.525431
0.475598
0.390736
0.431774
0.532116
0.552003
0.729729
0.731852
0.739394
0.735678
0.723254
0.730839
0.671517
0.681806
0.678051
0.657909
0.679937
0.686612
0.656243
0.681903
0.662412
0.693568
0.665666
0.626807
0.646298
0.605897
0.615053
0.608328
0.652230
0.671440
0.555511
0.577505
0.525794
0.501444
0.656960
0.587786
0.522394
0.483532
0.665215
0.527196
0.547601
0.471583
0.509589
0.529488
0.523396
0.563867
0.701301
0.578491
0.653184
0.659506
0.682311
0.719204
0.672938
0.627673
0.676294
0.682634
0.706250
0.709449
0.627863
0.627701
0.442178
0.550274
0.497455
0.631157
0.521373
0.608198
0.516906
0.467678
0.568575
0.686459
0.592751
0.559513
0.587668
0.634724
0.641746
0.660303
0.697403
0.616600
0.586759
0.583625
0.609205
0.691827
0.602825
0.618016
0.562725
0.650759
0.614615
0.667645
0.591631
0.590653
0.751277
0.737624
0.821265
0.825487
0.809603
0.732948
0.722825
0.688625
0.736951
0.693861
0.705167
0.659641
0.644575
0.313290
0.398897
0.394523
0.302030
0.382791
0.387178
0.347826
0.336196
0.263206
0.376612
0.384996
0.355703
0.322263
0.348299
0.318349
0.338219
0.265693
0.252193
0.325483
0.310725
0.394287
0.365399
0.360398
0.388679
0.274918
0.349935
0.283378
0.346537
0.281385
0.313064
0.338922
0.284692
0.365263
0.380121
0.331915
0.316012
0.328519
0.312740
0.310784
0.291745
0.308537
0.330163
0.305115
0.299223
0.282436
0.302713
0.317758
0.332113
0.308283
0.331745
0.322669
0.318924
0.309601
0.337548
0.313792
0.324258
0.312071
0.333681
0.372895
0.366338
0.353360
0.367791
0.318690
0.348123
0.314249
0.338396
0.340032
0.324659
0.361340
0.345188
0.354439
0.407875
0.302006
0.324644
0.279792
0.304765
0.288384
0.297186
0.268399
0.285850
0.287523
0.281439
0.282160
0.283262
0.281993
0.280336
0.288147
0.290727
0.266808
0.288486
0.286952
0.285880
0.261282
0.289028
0.287216
0.282715
0.277999
0.259897
0.278646
0.228926
0.214780
0.236812
0.221811
0.205587
0.195120
0.256017
0.243843
0.244128
0.231691
0.234598
0.240770
0.215565
0.183155
0.191294
0.198681
0.205062
0.198490
0.184997
0.185330
0.189224
0.196704
0.180294
0.174565
0.181634
0.176754
0.176521
0.225096
0.241874
0.217529
0.206610
0.214536
0.221929
0.203475
0.190109
0.187584
0.204036
0.202994
0.207134
0.291507
0.302113
0.270800
0.250681
0.260860
0.267012
0.258200
0.237102
0.215590
0.234799
0.237701
0.236512
0.298245
0.296445
0.305899
0.281624
0.286959
0.282185
0.306551
0.272411
0.255790
0.269446
0.268654
0.272742
0.299475
0.293362
0.295913
0.290524
0.289634
0.275292
0.293955
0.290796
0.286239
0.278592
0.263417
0.278288
0.297845
0.276589
0.272017
0.298896
0.276811
0.263949
0.264706
0.258147
0.279258
0.303486
0.259787
0.248398
0.253248
0.245659
0.251518
0.273537
0.268557
0.264001
0.265246
0.266322
0.257234
0.250996
0.247609
0.249217
0.141545
0.170334
0.111171
0.108817
0.152068
0.142301
0.164779
0.172066
0.201627
0.202759
0.181736
0.186827
0.187950
0.184018
0.187029
0.183185
0.188676
0.176839
0.177875
0.149950
0.181000
0.194147
0.172142
0.147180
0.122446
0.130044
0.160412
0.155660
0.246018
0.223321
0.236048
0.210657
0.211027
0.217965
0.200410
0.217287
0.205806
0.200132
0.202793
0.203847
0.207000
0.209809
0.206531
0.220703
0.253976
0.210019
0.204490
0.208685
0.242479
0.201191
0.202053
0.202651
0.202065
0.219944
0.201276
0.227482
0.246990
0.269709
0.266733
0.285057
0.271059
0.298173
0.289499
0.294384
0.304399
0.286521
0.287842
0.297135
0.299005
0.306096
0.319181
0.306017
0.301151
0.322327
0.314684
0.308040
0.305191
0.304287
0.300865
0.304342
0.308115
0.302073
0.303133
0.313930
0.323640
0.324462
0.309404
0.314580
0.307711
0.302044
0.298438
0.306411
0.300154
0.301742
0.303160
0.296963
0.299117
0.297205
0.294005
0.291691
0.279732
0.283202
0.273634
0.272542
0.302681
0.282056
0.290543
0.289094
0.295830
0.297285
0.227935
0.257926
0.258564
0.233783
0.271539
0.271454
0.277775
0.296503
0.261796
0.463391
0.483648
0.499924
0.596476
0.537892
0.602217
0.575391
0.565796
0.622419
0.606718
0.689340
0.685764
0.630891
0.649619
0.678776
0.625275
0.637031
0.627960
0.596545
0.635997
0.625020
0.653809
0.685897
0.667059
0.714949
0.566570
0.508169
0.611947
0.532854
0.606585
0.602787
0.650353
0.613558
0.591197
0.586351
0.649407
0.632984
0.589643
0.501211
0.530750
0.531332
0.519873
0.533561
0.525413
0.612786
0.627954
0.673915
0.560018
0.638622
0.534525
0.535502
0.531806
0.538840
0.565690
0.594101
0.547159
0.490000
0.481659
0.473507
0.559978
0.549451
0.548864
0.528242
0.599918
0.559501
0.602077
0.631206
0.603268
0.592993
0.636766
0.613807
0.600798
0.625298
0.504924
0.523026
0.526624
0.505394
0.530122
0.615044
0.630150
0.583133
0.568026
0.492438
0.523443
0.490300
0.509313
0.525472
0.535746
0.610200
0.547330
0.583247
0.617037
0.489747
0.527849
0.537291
0.454327
0.508763
0.594490
0.666518
0.546173
0.587709
0.608513
0.555364
0.616815
0.641435
0.595905
0.548710
0.647425
0.615656
0.655644
0.644135
0.643285
0.645972
0.660076
0.634691
0.652638
0.649842
0.676402
0.662396
0.724905
0.736161
0.653612
0.741429
0.751991
0.740877
0.750262
0.776506
0.776254
0.749704
0.670293
0.709211
0.757954
0.774322
0.766707
0.749744
0.776017
0.772847
0.650619
0.625833
0.660799
0.610690
0.611442
0.633188
0.652169
0.630948
0.629109
0.690136
0.678383
0.688828
0.673577
0.724477
0.693204
0.729089
0.715207
0.627378
0.663607
0.682424
0.665653
0.641347
0.655593
0.660847
0.675971
0.613105
0.646545
0.658073
0.633073
0.659541
0.708579
0.697468
0.663665
0.645843
0.678460
0.690104
0.702323
0.669943
0.706168
0.702272
0.644825
0.715554
0.706892
0.713604
0.693253
0.675241
0.746877
0.700541
0.736273
0.697122
0.735420
0.659425
0.638342
0.633211
0.616578
0.625506
0.651371
0.628743
0.633849
0.633795
0.638978
0.627487
0.632030
0.654588
0.666457
0.765615
0.778353
0.769790
0.771617
0.764702
0.739931
0.720199
0.662742
0.697702
0.402971
0.368173
0.322148
0.309789
0.338198
0.327837
0.320551
0.300837
0.296212
0.144217
0.126352
0.138518
0.112581
0.110926
0.112701
0.114065
0.138237
0.140660
0.162346
0.170021
0.148648
0.167267
0.194657
0.180267
0.187722
0.200427
0.225067
0.207746
0.210352
0.198432
0.192696
0.199590
0.223727
0.212573
0.231391
0.207312
0.221746
0.212091
0.199040
0.173383
0.233136
0.258256
0.178480
0.243175
0.280695
0.279204
0.294961
0.176713
0.252331
0.249839
0.170814
0.286227
0.284948
0.306863
0.312784
0.313683
0.330718
0.320998
0.236368
0.227298
0.303273
0.308310
0.234353
0.306846
0.315324
0.308153
0.316732
0.295490
0.229962
0.320629
0.336341
0.326096
0.481228
0.337752
0.377932
0.260367
0.248297
0.314360
0.315825
0.244616
0.322381
0.319628
0.316311
0.234946
0.330032
0.409862
0.329464
0.320193
0.395525
0.322960
0.330381
0.312875
0.315296
0.356922
0.334374
0.318570
0.312229
0.266791
0.264689
0.317124
0.320939
0.267155
0.322977
0.314997
0.262929
0.268261
0.320543
0.315815
0.315489
0.268485
0.319608
0.323558
0.354116
0.320843
0.347514
0.220068
0.228499
0.274372
0.241197
0.277459
0.289126
0.310698
0.265070
0.298527
0.321369
0.305611
0.344538
0.209761
0.255189
0.283492
0.279703
0.273272
0.282092
0.299741
0.309651
0.301143
0.283366
0.213389
0.296666
0.296391
0.313258
0.330219
0.331623
0.328212
0.309808
0.300125
0.308787
0.313436
0.292730
0.183108
0.261598
0.224648
0.307176
0.306750
0.225410
0.570117
0.532811
0.501555
0.506162
0.518550
0.366935
0.482175
0.464113
0.388527
0.493340
0.391339
0.509590
0.412780
0.443118
0.573882
0.497272
0.572208
0.508468
0.383217
0.484117
0.411835
0.400489
0.360121
0.375783
0.349686
0.358033
0.352566
0.353722
0.375474
0.350158
0.358958
0.342162
0.372497
0.355325
0.391190
0.371616
0.385801
0.358818
0.358635
0.332687
0.356581
0.356167
0.317929
0.386196
0.351257
0.383045
0.361661
0.330078
0.370339
0.281888
0.345515
0.313807
0.258364
0.309104
0.347178
0.309281
0.297717
0.289624
0.273791
0.300977
0.290359
0.326882
0.307067
0.278039
0.378455
0.458994
0.388769
0.363504
0.345251
0.317511
0.355012
0.383187
0.363406
0.332320
0.444623
0.479872
0.452290
0.378790
0.359659
0.406640
0.428827
0.356392
0.650747
0.630074
0.665953
0.646960
0.656609
0.646016
0.638032
0.681246
0.670388
0.703645
0.698655
0.688736
0.714512
0.695868
0.695884
0.774932
0.727469
0.726364
0.590392
0.711045
0.689511
0.630444
0.703863
0.612246
0.536918
0.571701
0.596721
0.575697
0.552287
0.492306
0.526048
0.564797
0.584741
0.556349
0.519242
0.573292
0.552052
0.534029
0.635977
0.607203
0.535850
0.476821
0.550517
0.684083
0.448797
0.493474
0.508178
0.548006
0.545209
0.542410
0.644093
0.555516
0.370915
0.374898
0.630979
0.400479
0.508154
0.520069
0.669753
0.393068
0.340099
0.348665
0.392846
0.556404
0.591927
0.614539
0.542058
0.611461
0.553417
0.607260
0.640291
0.651058
0.656446
0.665210
0.625926
0.623923
0.529124
0.459969
0.440238
0.447311
0.449274
0.417630
0.428952
0.416154
0.398383
0.413522
0.453135
0.535307
0.498735
0.569443
0.589801
0.522875
0.471666
0.487552
0.436419
0.433609
0.544747
0.502097
0.559781
0.571987
0.617691
0.569792
0.594817
0.608679
0.575393
0.599227
0.676297
0.665361
0.657883
0.631386
0.661790
0.671338
0.634377
0.674997
0.621669
0.651542
0.617728
0.596288
0.631240
0.636567
0.606718
0.672344
0.690629
0.659605
0.633792
0.650048
0.676699
0.602780
0.694477
0.685650
0.697408
0.615394
0.700246
0.761484
0.727332
0.778753
0.719374
0.768295
0.543711
0.468913
0.481108
0.397899
0.335583
0.345563
0.406513
0.309849
0.481457
0.458425
0.508496
0.466206
0.459755
0.452558
0.468963
0.489903
0.536572
0.486125
0.506415
0.454968
0.428616
0.384057
0.382124
0.424613
0.502307
0.461405
0.516715
0.588049
0.628909
0.518285
0.648912
0.603821
0.675110
0.709236
0.670255
0.585969
0.690579
0.456551
0.503720
0.495971
0.562596
0.545769
0.547106
0.514827
0.570330
0.581063
0.624979
0.613637
0.592180
0.619065
0.591549
0.596239
0.551163
0.522104
0.532462
0.577948
0.423947
0.434889
0.456377
0.469960
0.514606
0.576767
0.618269
0.596319
0.545139
0.402449
0.363340
0.394982
0.466083
0.385571
0.467608
0.353643
0.336574
0.354028
0.414063
0.332142
0.402527
0.329993
0.330342
0.449265
0.345246
0.352745
0.454993
0.499022
0.360604
0.363843
0.357218
0.486292
0.325425
0.328800
0.405871
0.337731
0.410818
0.336459
0.407223
0.329205
0.376927
0.326856
0.403716
0.330413
0.433499
0.356690
0.366776
0.341720
0.466846
0.384849
0.468379
0.401357
0.464048
0.463666
0.375132
0.360468
0.425314
0.374796
0.456006
0.418515
0.374456
0.504968
0.440779
0.429683
0.458639
0.459313
0.455020
0.657067
0.611058
0.664008
0.720206
0.686180
0.633939
0.352811
0.294729
0.301880
0.391538
0.276943
0.353738
0.262107
0.412607
0.291783
0.310065
0.288652
0.312558
0.304849
0.350793
0.356369
0.410600
0.302397
0.363370
0.293291
0.384880
0.295640
0.319021
0.352234
0.371749
0.366585
0.384083
0.388682
0.435522
0.607333
0.511173
0.581290
0.558760
0.591740
0.544346
0.577284
0.515202
0.566869
0.634142
0.611853
0.589855
0.607984
0.644826
0.635004
0.617848
0.638187
0.589262
0.626488
0.567646
0.554890
0.441046
0.447800
0.457669
0.477658
0.435736
0.400836
0.437446
0.407869
0.427168
0.592418
0.514012
0.461196
0.298125
0.197393
0.245754
0.201815
0.195673
0.173377
0.169637
0.181974
0.186321
0.192645
0.310884
0.224179
0.259689
0.222869
0.242103
0.251173
0.215737
0.209712
0.192469
0.237261
0.214566
0.236681
0.323084
0.283731
0.252141
0.423449
0.322072
0.295119
0.366918
0.276295
0.262137
0.282686
0.273774
0.244846
0.258532
0.242540
0.266936
0.354717
0.295678
0.286359
0.299648
0.378714
0.277502
0.266264
0.258811
0.262391
0.272469
0.275441
0.396261
0.298771
0.271151
0.280731
0.282384
0.388821
0.246319
0.243436
0.254650
0.256263
0.258364
0.355957
0.234673
0.243682
0.361774
0.203083
0.224149
0.219622
0.231496
0.236650
0.231401
0.363489
0.258489
0.294884
0.220333
0.239913
0.174372
0.173418
0.184236
0.192537
0.184479
0.259377
0.334003
0.276289
0.564215
0.584832
0.592690
0.579997
0.610262
0.629485
0.582498
0.629504
0.597805
0.650378
0.660616
0.632758
0.762018
0.758811
0.785304
0.757977
0.739640
0.766072
0.757364
0.818682
0.716333
0.715164
0.689797
0.793195
0.764826
0.812542
0.807819
0.825374
0.797719
0.609738
0.617332
0.566294
0.586772
0.535356
0.535891
0.570647
0.562856
0.548696
0.545442
0.526795
0.528357
0.493272
0.478541
0.497816
0.540526
0.522094
0.546078
0.565658
0.565214
0.713138
0.707721
0.481655
0.419263
0.454340
0.408954
0.375151
0.452175
0.388195
0.415635
0.530669
0.459361
0.522508
0.431726
0.385818
0.580765
0.493218
0.537968
0.493827
0.464561
0.401107
0.379262
0.503695
0.430288
0.416909
0.511434
0.476031
0.450663
0.447893
0.483426
0.434280
0.408556
0.452716
0.470179
0.435039
0.466693
0.446238
0.438910
0.441963
0.451467
0.512560
0.460584
0.467389
0.459217
0.469715
0.466439
0.498250
0.423854
0.512495
0.367183
0.446309
0.455194
0.514462
0.469799
0.504672
0.403011
0.469051
0.484092
0.407570
0.367127
0.351574
0.327396
0.381487
0.434502
0.420252
0.548155
0.613937
0.554110
0.588552
0.551845
0.544601
0.397304
0.488011
0.522536
0.581247
0.638707
0.569532
0.440770
0.527661
0.349549
0.363047
0.390213
0.332991
0.340837
0.352566
0.386238
0.358177
0.414532
0.390192
0.376705
0.420261
0.420170
0.408025
0.398999
0.417273
0.390986
0.398006
0.378358
0.355702
0.374093
0.331620
0.375489
0.350021
0.320669
0.336542
0.313851
0.320712
0.319989
0.346496
0.313153
0.316239
0.327676
0.367951
0.330986
0.391731
0.391257
0.396270
0.328573
0.087729
0.076591
0.084611
0.093747
0.082779
0.082784
0.081892
0.077030
0.101951
0.098956
0.129524
0.138879
0.116179
0.103990
0.107434
0.075068
0.095107
0.071424
0.087524
0.089944
0.118222
0.064133
0.083185
0.100593
0.108225
0.143591
0.115074
0.124773
0.145633
0.138207
0.127211
0.166916
0.153864
0.162086
0.152198
0.139040
0.132741
0.119487
0.119420
0.127358
0.143650
0.151447
0.139799
0.161362
0.168653
0.195880
0.176452
0.173519
0.158617
0.146507
0.152979
0.172451
0.191196
0.199578
0.190280
0.213565
0.215701
0.222357
0.215069
0.208617
0.203347
0.196157
0.196199
0.200637
0.215322
0.213108
0.198656
0.230165
0.224496
0.220177
0.226446
0.194525
0.207056
0.188119
0.170664
0.131259
0.111046
0.144505
0.171023
0.157029
0.141325
0.161522
0.188037
0.212925
0.201189
0.169536
0.186772
0.095811
0.100335
0.134064
0.132652
0.096045
0.121216
0.149755
0.231002
0.220282
0.657697
0.671453
0.624444
0.690256
0.644144
0.636240
0.649515
0.679591
0.711637
0.691465
0.639874
0.619092
0.624967
0.631309
0.610784
0.628225
0.561706
0.605604
0.644162
0.559735
0.643326
0.627055
0.580003
0.734902
0.727937
0.711085
0.688693
0.647012
0.696761
0.657393
0.642311
0.617646
0.580839
0.615639
0.627209
0.439959
0.501084
0.418024
0.489021
0.462770
0.445444
0.430375
0.429626
0.461584
0.576760
0.499702
0.499123
0.495399
0.504310
0.538899
0.546004
0.605186
0.531773
0.611589
0.637139
0.594425
0.519360
0.494158
0.598010
0.487650
0.568531
0.536728
0.463990
0.533168
0.525849
0.548936
0.537641
0.449182
0.491528
0.487511
0.511607
0.473451
0.460176
0.503792
0.445326
0.473131
0.503589
0.511899
0.437427
0.413320
0.467482
0.494477
0.556698
0.563140
0.760204
0.765200
0.726136
0.741760
0.735522
0.771721
0.769299
0.760532
0.703469
0.726553
0.692409
0.740687
0.788940
0.748108
0.730402
0.732951
0.800313
0.803317
0.689228
0.730817
0.702588
0.697661
0.670651
0.705327
0.654179
0.648971
0.666451
0.627496
0.644690
0.650466
0.641125
0.651139
0.621282
0.648300
0.629696
0.648851
0.559886
0.650397
0.656601
0.639740
0.541273
0.618605
0.647817
0.670195
0.694002
0.598866
0.649279
0.601641
0.645240
0.613212
0.511971
0.589458
0.600267
0.628660
0.662309
0.672283
0.603470
0.711304
0.687110
0.746381
0.752463
0.718632
0.647995
0.675351
0.631061
0.655158
0.691153
0.708443
0.632580
0.661842
0.713117
0.747719
0.622325
0.649330
0.707179
0.611818
0.714649
0.678887
0.680167
0.695329
0.742570
0.709547
0.614195
0.664390
0.747390
0.730229
0.689405
0.758789
0.780686
0.669744
0.641828
0.649762
0.691294
0.638247
0.637275
0.647738
0.636510
0.624975
0.606670
0.612786
0.579010
0.587728
0.645806
0.606452
0.650586
0.626676
0.644091
0.675655
0.755103
0.728017
0.699676
0.789259
0.743778
0.771985
0.654293
0.762670
0.805710
0.784364
0.785289
0.657873
0.664039
0.723042
0.722508
0.733921
0.681454
0.746766
0.795082
0.729949
0.675710
0.653767
0.620372
0.712938
0.636877
0.678866
0.757832
0.726665
0.675719
0.703403
0.508064
0.518315
0.603589
0.620670
0.625717
0.538852
0.601462
0.616495
0.635878
0.616414
0.410943
0.434514
0.378104
0.448610
0.469012
0.566666
0.475721
0.371618
0.453957
0.390330
0.456125
0.507046
0.538124
0.460621
0.440307
0.470124
0.503859
0.545117
0.494114
0.549504
0.600005
0.478848
0.475934
0.580381
0.561323
0.478377
0.596008
0.634696
0.616715
0.617453
0.477948
0.524734
0.524227
0.513361
0.484860
0.528293
0.589390
0.575807
0.554108
0.446436
0.484635
0.429676
0.499110
0.587248
0.587813
0.599254
0.577433
0.619044
0.626306
0.595343
0.588341
0.530333
0.498532
0.538096
0.533878
0.596253
0.557954
0.622829
0.543360
0.558815
0.557265
0.565897
0.609965
0.618696
0.577012
0.599875
0.618564
0.646105
0.661141
0.535497
0.521288
0.609098
0.612292
0.576254
0.615256
0.639296
0.606432
0.608214
0.362910
0.335795
0.296626
0.305843
0.287895
0.294419
0.282249
0.280654
0.298011
0.250842
0.212007
0.232603
0.201496
0.200976
0.212970
0.276923
0.265171
0.265316
0.230352
0.249473
0.273753
0.305517
0.308240
0.310656
0.304119
0.286842
0.284276
0.304563
0.296247
0.311135
0.308528
0.305732
0.310975
0.312514
0.311077
0.308006
0.312242
0.269138
0.319316
0.300236
0.301536
0.278456
0.282438
0.236136
0.298002
0.256342
0.250546
0.235716
0.221518
0.207615
0.235704
0.218673
0.215402
0.195281
0.216818
0.238113
0.186272
0.218042
0.192893
0.167793
0.157348
0.081446
0.071666
0.082392
0.088688
0.085515
0.068048
0.082712
0.091694
0.126713
0.100627
0.114179
0.094379
0.069739
0.091413
0.111911
0.054371
0.049351
0.044039
0.047169
0.046102
0.038001
0.031351
0.052221
0.051890
0.182435
0.184215
0.185767
0.169563
0.180386
0.188320
0.135167
0.145439
0.133750
0.131965
0.124562
0.122328
0.083317
0.083038
0.084426
0.084339
0.080904
0.087585
0.088886
0.120302
0.121567
0.132360
0.136993
0.109927
0.145854
0.162091
0.304102
0.286901
0.310733
0.315639
0.284945
0.209521
0.210575
0.248780
0.172140
0.194173
0.182675
0.242509
0.170029
0.153736
0.170569
0.234545
0.174179
0.089669
0.095964
0.096046
0.089296
0.099654
0.098336
0.090108
0.093412
0.097459
0.109405
0.093575
0.143953
0.132276
0.306731
0.303985
0.303849
0.283733
0.207494
0.209343
0.187435
0.204600
0.197042
0.201126
0.183820
0.211824
0.201741
0.285614
0.284502
0.301513
0.278278
0.296882
0.247352
0.327623
0.322968
0.315302
0.308996
0.179636
0.165393
0.170550
0.166654
0.149359
0.213395
0.200960
0.533328
0.510935
0.542935
0.457120
0.459052
0.153017
0.145936
0.141282
0.135005
0.146517
0.145644
0.141554
0.117000
0.117934
0.147243
0.149526
0.111865
0.180094
0.191064
0.434606
0.441290
0.383545
0.395605
0.410098
0.359253
0.367271
0.340173
0.190976
0.192518
0.190796
0.126015
0.233612
0.253021
0.636516
0.637319
0.666891
0.645006
0.619392
0.597799
0.642349
0.482070
0.468428
0.457169
0.381269
0.464408
0.515980
0.626189
0.677552
0.663646
0.610312
0.574955
0.579186
0.594500
0.584247
0.614610
0.682159
0.718387
0.754510
0.779642
0.715779
0.679406
0.635854
0.641247
0.616365
0.591080
0.570135
0.582951
0.565139
0.563968
0.571078
0.570237
0.599067
0.584116
0.585687
0.606098
0.635961
0.655872
0.633408
0.695213
0.582436
0.541698
0.544588
0.421195
0.497506
0.944898
1.000000
0.970172
0.947477
0.969545
0.996405
0.885563
0.900949
0.633053
0.621397
0.600413
0.466775
0.519182
0.530040
0.524223
0.498868
0.540559
0.546081
0.575388
0.541651
0.565120
0.643915
0.721146
0.718080
0.703331
0.633360
0.787469
0.731875
0.778712
0.683528
0.674401
0.719664
0.759030
0.745199
0.773080
0.823927
0.731132
0.698181
0.675581
0.646278
0.627616
0.669483
0.700059
0.615012
0.604073
0.562230
0.577854
0.555283
0.557440
0.670812
0.764343
0.778309
0.803733
0.749765
0.768455
0.779612
0.789803
0.843834
0.802778
0.671291
0.560172
0.553012
0.539941
0.555111
0.520449
0.414404
0.436089
0.388182
0.397500
0.394886
0.357493
0.366408
0.343958
0.392962
0.432841
0.420623
0.392350
0.405739
0.344311
0.377095
0.393228
0.385393
0.373959
0.417760
0.424632
0.337481
0.334122
0.398361
0.455625
0.492092
0.503415
0.423046
0.342138
0.421731
0.411394
0.440296
0.412766
0.428275
0.400450
0.437159
0.365964
0.357298
0.413165
0.459814
0.397074
0.412810
0.422660
0.381051
0.433920
0.483745
0.441663
0.388168
0.370757
0.415083
0.476078
0.438988
0.408272
0.469595
0.392096
0.457722
0.518096
0.545617
0.526198
0.543155
0.530782
0.534468
0.410760
0.398807
0.401636
0.393174
0.430989
0.375920
0.425530
0.502389
0.489435
0.527546
0.573545
0.539115
0.524942
0.547881
0.537693
0.493339
0.510059
0.513584
0.373926
0.404687
0.415889
0.441966
0.496694
0.474054
0.550219
0.528336
0.402899
0.426817
0.441773
0.457411
0.491274
0.490122
0.530617
0.499705
0.539316
0.532377
0.387942
0.454339
0.389304
0.454014
0.522716
0.449947
0.390490
0.421635
0.471703
0.441812
0.414090
0.420433
0.349773
0.373250
0.393611
0.396069
0.454232
0.418589
0.407386
0.384913
0.451729
0.354010
0.436659
0.423221
0.490247
0.504103
0.496286
0.416331
0.410808
0.333698
0.339180
0.347103
0.396622
0.355167
0.408276
0.386490
0.339098
0.340152
0.406805
0.418606
0.459825
0.463513
0.453030
0.418193
0.437695
0.361268
0.348255
0.397579
0.390764
0.432997
0.430031
0.432350
0.405306
0.384438
0.373950
0.377056
0.395985
0.216212
0.203087
0.196301
0.196243
0.196930
0.187555
0.132769
0.140187
0.135217
0.129641
0.130323
0.126123
0.079101
0.076549
0.081036
0.082403
0.076336
0.087209
0.087826
0.120880
0.120347
0.133209
0.136724
0.124502
0.148716
0.144828
0.256853
0.259316
0.244566
0.255765
0.249236
0.234353
0.213760
0.195488
0.243465
0.208978
0.190445
0.178256
0.206726
0.237882
0.186774
0.161996
0.168433
0.093694
0.086377
0.084627
0.087575
0.078454
0.081887
0.081690
0.097878
0.110915
0.113006
0.083592
0.132893
0.129803
0.287085
0.292519
0.283635
0.285946
0.187881
0.201192
0.182463
0.177705
0.183723
0.167382
0.194294
0.177339
0.204200
0.280990
0.283112
0.276734
0.222676
0.286499
0.277847
0.318022
0.307411
0.301887
0.289073
0.167801
0.156792
0.161345
0.161067
0.139447
0.197222
0.194048
0.468040
0.465207
0.489782
0.427900
0.440192
0.163888
0.167335
0.173760
0.171438
0.159408
0.184444
0.191494
0.138613
0.144747
0.149875
0.136860
0.151489
0.185716
0.159530
0.449572
0.418492
0.388019
0.376992
0.329161
0.190592
0.171630
0.160560
0.156174
0.238986
0.203789
0.629061
0.658471
0.613292
0.651436
0.663095
0.507444
0.477624
0.489040
0.457888
0.501792
0.459729
0.406096
0.541328
0.577849
0.614808
0.491106
0.548481
0.528588
0.582022
0.608702
0.641913
0.746474
0.811031
0.737663
0.817420
0.747619
0.659859
0.778551
0.651765
0.697945
0.567027
0.620796
0.571735
0.606963
0.557337
0.565418
0.565734
0.598111
0.593150
0.573026
0.613124
0.603479
0.677189
0.629702
0.709363
0.634358
0.533885
0.449713
0.491517
0.370227
0.483759
0.901805
0.916868
0.940629
0.868880
0.935515
0.932313
0.918883
0.888541
0.624386
0.582299
0.405436
0.444684
0.452723
0.478419
0.410273
0.459129
0.496316
0.452328
0.474504
0.559449
0.638614
0.726135
0.715483
0.639425
0.747612
0.784859
0.751130
0.744475
0.779234
0.765423
0.733065
0.665309
0.601922
0.565620
0.583178
0.682780
0.660512
0.694879
0.653065
0.648865
0.646228
0.615674
0.647223
0.636490
0.657937
0.654063
0.673969
0.689601
0.693260
0.672938
0.681901
0.646287
0.650519
0.615989
0.530542
0.530548
0.513678
0.495083
0.533274
0.506471
0.486688
0.461852
0.454617
0.431632
0.451931
0.454589
0.372894
0.382977
0.411781
0.493828
0.483889
0.451664
0.467795
0.418387
0.382697
0.426886
0.425593
0.402258
0.453437
0.444921
0.350905
0.385516
0.542145
0.514113
0.491907
0.448584
0.446945
0.454454
0.340655
0.436775
0.431397
0.453564
0.422680
0.440530
0.479168
0.444280
0.393924
0.372907
0.451278
0.403358
0.420364
0.439246
0.441058
0.426067
0.486462
0.560532
0.474819
0.395730
0.384433
0.458680
0.452280
0.500927
0.466356
0.403185
0.470943
0.510206
0.462128
0.571607
0.462383
0.428068
0.498111
0.444762
0.541059
0.500641
0.460712
0.369697
0.472603
0.515307
0.454385
0.573454
0.609043
0.651201
0.622673
0.644364
0.557255
0.597196
0.633021
0.601019
0.509179
0.380844
0.388722
0.388826
0.479212
0.500080
0.541566
0.428783
0.452524
0.422010
0.473650
0.430775
0.502545
0.460693
0.523654
0.522004
0.478839
0.484599
0.462371
0.486029
0.475893
0.427826
0.565268
0.470788
0.435829
0.537267
0.448912
0.363126
0.407417
0.407596
0.410768
0.424079
0.432419
0.405801
0.400768
0.387870
0.371422
0.420825
0.446503
0.421641
0.487772
0.479990
0.427753
0.443279
0.377115
0.497165
0.423348
0.438962
0.367020
0.431851
0.337175
0.324562
0.416367
0.419660
0.404466
0.471851
0.449390
0.428805
0.408341
0.335983
0.483789
0.480882
0.446811
0.470264
0.471118
0.415172
0.418455
0.362680
0.355285
0.480313
0.435611
0.402088
0.456754
0.429594
0.380425
