0.555716
0.707719
0.650195
0.678560
0.667754
0.631319
0.664665
0.657430
0.595099
0.583985
0.439541
0.568201
0.571908
0.527448
0.555204
0.558274
0.459794
0.562705
0.506856
0.520334
0.502683
0.284804
0.518599
0.530877
0.381033
0.584202
0.451675
0.607904
0.655632
0.669804
0.599859
0.681009
0.666980
0.726841
0.660722
0.637727
0.679467
0.623290
0.539676
0.584233
0.650860
0.592540
0.400189
0.448062
0.430465
0.440507
0.438834
0.631293
0.680891
0.836014
0.717299
0.896338
0.835302
0.889255
0.556007
0.594113
0.642042
0.567913
0.512901
0.662828
0.662334
0.610608
0.640091
0.604195
0.672315
0.658895
0.547295
0.619151
0.643452
0.581949
0.577645
0.552355
0.469903
0.571048
0.520471
0.573376
0.567740
0.535099
0.515986
0.386811
0.386875
0.490363
0.504847
0.406014
0.519223
0.372162
0.553422
0.418853
0.603103
0.547313
0.620212
0.387019
0.606282
0.710981
0.664236
0.581975
0.482628
0.645514
0.652208
0.839042
0.865967
0.860924
0.848316
0.672610
0.645101
0.428564
0.719334
0.779916
0.476881
0.458126
0.435426
0.969462
0.882198
0.534610
0.426683
0.650108
0.430485
0.239844
0.304120
0.488984
0.764579
0.560955
0.571610
0.597274
0.243576
0.772200
0.341387
0.573207
0.528251
0.904229
0.934174
0.638492
0.651360
0.399326
0.609927
0.387886
0.432944
0.676297
0.910295
0.839789
0.684791
0.424697
0.635306
0.939550
0.678626
0.693682
0.576605
0.601591
0.441688
0.618458
0.650614
0.663376
0.692515
0.648701
0.658778
0.643323
0.668726
0.600958
0.625131
0.657576
0.686185
0.659010
0.631297
0.567457
0.602390
0.609548
0.639769
0.454770
0.418609
0.651006
0.601551
0.602750
0.577299
0.572696
0.567082
0.536188
0.456472
0.468702
0.496793
0.575614
0.582028
0.520673
0.506794
0.565979
0.564529
0.461937
0.569675
0.550637
0.544743
0.536026
0.396007
0.513388
0.527009
0.358016
0.499918
0.480109
0.430186
0.404303
0.413825
0.287201
0.400898
0.481671
0.498310
0.293206
0.422940
0.391338
0.519627
0.528714
0.451700
0.381840
0.384663
0.516005
0.574546
0.390747
0.446353
0.582317
0.623641
0.464679
0.507361
0.578534
0.605804
0.620478
0.638966
0.603673
0.713542
0.673816
0.685219
0.520889
0.449095
0.680283
0.501798
0.546554
0.534083
0.558819
0.725056
0.709736
0.669760
0.715538
0.923433
0.826126
0.729537
0.691708
0.821901
0.431639
0.435742
0.687813
0.529311
0.549804
0.462910
0.449368
0.465910
0.585076
0.369499
0.515305
0.562034
0.683441
0.884242
0.435068
0.538237
0.831993
0.434763
0.672682
0.649839
0.792510
0.440211
0.423697
0.441396
0.563733
0.693973
0.608395
0.768503
0.510597
0.907210
0.915803
0.917515
0.893041
0.941611
0.923204
0.934242
1.000000
0.655674
0.650440
0.648782
0.630233
0.680013
0.541926
0.542537
0.487234
0.441350
0.678325
0.650022
0.676107
0.634440
0.635282
0.344805
0.717776
0.639146
0.645566
0.581526
0.585413
0.549295
0.467880
0.465954
0.379693
0.413817
0.395342
0.389344
0.396497
0.384338
0.378611
0.345625
0.413276
0.406809
0.415765
0.436116
0.536449
0.689317
0.700134
0.687113
0.719488
0.692071
0.514774
0.546163
0.568240
0.627222
0.603185
0.662616
0.656093
0.860540
0.380177
0.665270
0.815189
0.871135
0.609616
0.541314
0.465344
0.664940
0.649064
0.591900
0.669028
0.676223
0.499766
0.860437
0.909019
0.691922
0.417559
0.445197
0.414985
0.570981
0.624853
0.555306
0.550013
0.903117
0.968677
0.937341
0.902194
0.929776
0.793736
0.635487
0.614988
0.577563
0.545643
0.531166
0.473159
0.720444
0.685416
0.623784
0.649514
0.415954
0.704731
0.693363
0.538407
0.629875
0.593853
0.575355
0.540962
0.518793
0.445621
0.474540
0.372128
0.393725
0.410904
0.407408
0.450366
0.602618
0.685551
0.598720
0.522254
0.725683
0.645743
0.554232
0.594523
0.589342
0.392934
0.615049
0.735022
0.546856
0.574579
0.602235
0.726209
0.578120
0.671212
0.754045
0.839269
0.870825
0.775137
0.598150
0.400590
0.900043
0.915523
0.863786
0.663442
0.589255
0.484771
0.456827
0.590676
0.761544
0.587323
0.660838
0.705297
0.693532
0.713436
0.397944
0.719508
0.708623
0.497778
0.448037
0.297074
0.535658
0.619559
0.562835
0.522887
0.943074
0.977457
0.925148
0.978585
0.955461
0.907085
0.893301
0.930768
0.771583
0.702456
0.627374
0.644760
0.683356
0.784941
0.653610
0.668702
0.736315
0.663541
0.674404
0.739318
0.641048
0.601502
0.772801
0.788338
0.652813
0.609043
0.774264
0.707813
0.657366
0.639018
0.692973
0.722547
0.796946
0.649174
0.599291
0.736586
0.750580
0.567428
0.570106
0.764149
0.759762
0.503907
0.642556
0.744266
0.691927
0.520593
0.675507
0.685368
0.766259
0.678477
0.693387
0.725326
0.780968
0.674971
0.700868
0.694009
0.708168
0.551827
0.542850
0.538821
0.734660
0.755597
0.565369
0.550383
0.505736
0.527555
0.478825
0.469545
0.532311
0.485064
0.735247
0.728002
0.597159
0.726188
0.685744
0.694485
0.726401
0.558673
0.742238
0.464910
0.440145
0.478646
0.494070
0.475566
0.618219
0.635846
0.647219
0.646465
0.638109
0.652187
0.598237
0.644546
0.620946
0.595452
0.611818
0.623356
0.652981
0.614756
0.609324
0.632851
0.600902
0.575902
0.585954
0.622959
0.627694
0.518405
0.649496
0.604798
0.614289
0.614565
0.567772
0.569129
0.585990
0.516305
0.572551
0.592450
0.563195
0.529431
0.563450
0.496327
0.487648
0.458787
0.529666
0.456679
0.473751
0.658408
0.645040
0.589252
0.599265
0.586467
0.531154
0.598453
0.546423
0.564200
0.579895
0.571333
0.580040
0.579791
0.635038
0.631289
0.602912
0.600499
0.603810
0.642436
0.642062
0.665415
0.595523
0.594173
0.598981
0.583587
0.530292
0.511540
0.548607
0.488237
0.472650
0.546945
0.523271
0.543383
0.485989
0.484377
0.483602
0.467014
0.467861
0.561130
0.526534
0.519438
0.511188
0.533660
0.522757
0.515945
0.538484
0.436447
0.408221
0.550778
0.513944
0.527702
0.549684
0.545398
0.536292
0.603465
0.594103
0.582688
0.528918
0.521204
0.617377
0.620295
0.576174
0.521282
0.477556
0.528819
0.587735
0.563522
0.504540
0.495452
0.564071
0.529699
0.524358
0.501555
0.589686
0.555610
0.500914
0.530583
0.644683
0.551798
0.556072
0.509663
0.552909
0.508904
0.543958
0.504616
0.440401
0.415741
0.405452
0.376043
0.421537
0.548188
0.378998
0.371979
0.396098
0.338413
0.468272
0.439611
0.416890
0.409054
0.527368
0.507446
0.499020
0.484526
0.450549
0.500528
0.497542
0.453510
0.456848
0.500088
0.523468
0.369742
0.455845
0.509831
0.448808
0.562243
0.534279
0.528440
0.531249
0.549886
0.587889
0.578031
0.558223
0.437881
0.483403
0.560529
0.580659
0.473367
0.409744
0.413943
0.519848
0.486922
0.455083
0.478623
0.578296
0.548281
0.544200
0.600185
0.610918
0.530148
0.502574
0.523105
0.612361
0.523560
0.533009
0.537125
0.567130
0.488081
0.506656
0.517808
0.585224
0.485531
0.484129
0.525274
0.544579
0.528025
0.445432
0.475931
0.574471
0.514221
0.449209
0.459292
0.499432
0.420424
0.405360
0.394091
0.514864
0.517648
0.486616
0.535265
0.531226
0.329411
0.309758
0.336403
0.487576
0.459440
0.484659
0.502868
0.491644
0.462273
0.465301
0.463910
0.486005
0.509147
0.536788
0.458985
0.318974
0.308937
0.340510
0.451257
0.386796
0.313183
0.369111
0.357134
0.355374
0.342670
0.420256
0.425156
0.383553
0.374610
0.462077
0.437940
0.465881
0.424374
0.448831
0.438548
0.499702
0.458739
0.419737
0.452163
0.313468
0.462796
0.440192
0.452425
0.520015
0.537238
0.511763
0.472956
0.410051
0.444567
0.506349
0.435935
0.578408
0.570670
0.546592
0.406170
0.391506
0.529405
0.496352
0.376093
0.356736
0.338850
0.480294
0.455247
0.350284
0.333008
0.324855
0.453313
0.308599
0.292880
0.296655
0.496706
0.457983
0.454003
0.449362
0.355446
0.438274
0.347029
0.340743
0.391131
0.407817
0.259388
0.288585
0.269685
0.302471
0.459088
0.442706
0.410834
0.401461
0.368854
0.293431
0.262418
0.273829
0.220580
0.211243
0.221171
0.220903
0.317615
0.325012
0.316449
0.322505
0.325350
0.318724
0.318585
0.346416
0.366512
0.350356
0.337933
0.327540
0.384262
0.412239
0.398630
0.371181
0.366157
0.375106
0.365478
0.353983
0.348200
0.520899
0.478731
0.455398
0.436044
0.494600
0.486911
0.463206
0.446468
0.421315
0.416455
0.375140
0.373774
0.257788
0.320342
0.287615
0.356734
0.259041
0.340767
0.318685
0.324234
0.366926
0.403680
0.266845
0.320980
0.316954
0.297968
0.274916
0.268169
0.268467
0.247409
0.252439
0.434399
0.406732
0.442391
0.422425
0.232978
0.223369
0.225629
0.241917
0.399501
0.385212
0.356629
0.355663
0.282301
0.243314
0.244639
0.257337
0.241298
0.231538
0.339520
0.350419
0.348677
0.361394
0.299163
0.273895
0.263868
0.264692
0.324212
0.313856
0.312933
0.311289
0.327222
0.343540
0.332864
0.269554
0.331293
0.282234
0.262354
0.229621
0.406496
0.390998
0.360069
0.333783
0.417593
0.401582
0.378418
0.379319
0.319382
0.292962
0.264134
0.243047
0.322991
0.308705
0.243359
0.255519
0.393156
0.287066
0.430787
0.342584
0.280593
0.281466
0.269317
0.280537
0.319640
0.380826
0.232763
0.223112
0.265810
0.376124
0.422613
0.437495
0.441988
0.437074
0.381791
0.366706
0.322073
0.331950
0.338589
0.329382
0.299853
0.331402
0.255274
0.243241
0.246228
0.252652
0.206878
0.241444
0.248278
0.255669
0.356979
0.345568
0.337573
0.374919
0.271856
0.343930
0.310889
0.311360
0.289602
0.296558
0.288541
0.282992
0.244019
0.239395
0.253994
0.230539
0.190150
0.166782
0.155560
0.136454
0.322538
0.309756
0.295551
0.328933
0.331416
0.310564
0.295730
0.294221
0.219512
0.203431
0.195640
0.195924
0.198444
0.200403
0.207454
0.258019
0.309372
0.312367
0.313687
0.305422
0.286779
0.297296
0.301878
0.297779
0.297152
0.259906
0.269791
0.266103
0.338261
0.295135
0.305324
0.273709
0.435041
0.442589
0.433667
0.421789
0.353390
0.366176
0.378343
0.371630
0.339506
0.358586
0.363304
0.373116
0.259752
0.249655
0.250010
0.240539
0.183433
0.152467
0.167827
0.189056
0.386255
0.290826
0.256609
0.241594
0.323048
0.312468
0.311216
0.300885
0.265632
0.288037
0.248069
0.229842
0.215307
0.207090
0.208491
0.194723
0.141744
0.128082
0.127854
0.130189
0.212569
0.173902
0.161295
0.159581
0.294355
0.288650
0.281222
0.262126
0.169111
0.160485
0.165037
0.142711
0.194513
0.195555
0.231166
0.226398
0.298303
0.298319
0.297842
0.286676
0.296974
0.287641
0.277940
0.268490
0.257691
0.255580
0.243597
0.231675
0.259051
0.244634
0.216212
0.192964
0.422981
0.404723
0.394628
0.371819
0.369150
0.370998
0.364381
0.343598
0.363533
0.353107
0.350211
0.338219
0.257904
0.259672
0.236879
0.233939
0.148399
0.156429
0.165408
0.174076
0.227261
0.206696
0.201342
0.179748
0.289359
0.268813
0.254825
0.259852
0.224150
0.218228
0.217088
0.213784
0.322975
0.198326
0.222132
0.194370
0.163911
0.127464
0.115405
0.132447
0.173187
0.141102
0.179742
0.223536
0.243073
0.228018
0.183324
0.169626
0.281195
0.085883
0.073571
0.074945
0.063856
0.152640
0.166654
0.194333
0.200194
0.257842
0.254764
0.244150
0.235484
0.252892
0.248851
0.219707
0.224635
0.206070
0.180356
0.168683
0.150132
0.163671
0.136849
0.165250
0.224522
0.360286
0.353354
0.398806
0.392094
0.320672
0.206815
0.338221
0.314216
0.281439
0.259363
0.345575
0.327491
0.304739
0.276427
0.249597
0.232120
0.233194
0.214340
0.187884
0.195788
0.117386
0.097548
0.116006
0.150345
0.137047
0.118591
0.163082
0.032667
0.167565
0.190696
0.243559
0.267716
0.319272
0.238592
0.275037
0.066622
0.231340
0.228966
0.224930
0.233518
0.115940
0.109808
0.104237
0.112130
0.165837
0.183357
0.178720
0.170903
0.195676
0.187516
0.181830
0.196599
0.165565
0.172108
0.203589
0.211092
0.045886
0.056079
0.036666
0.015763
0.110718
0.119308
0.131436
0.133089
0.227169
0.236969
0.229312
0.207182
0.204221
0.194469
0.192405
0.161569
0.140765
0.153527
0.150047
0.158294
0.158153
0.102373
0.089812
0.089509
0.402968
0.293484
0.319836
0.365585
0.290835
0.255774
0.253543
0.266582
0.289568
0.225350
0.181674
0.203231
0.203342
0.158330
0.140574
0.118301
0.103686
0.109477
0.104171
0.098553
0.158821
0.185647
0.125188
0.128537
0.168531
0.181767
0.225618
0.219268
0.165470
0.234963
0.234841
0.268138
0.293720
0.134120
0.128391
0.132503
0.179201
0.169873
0.174339
0.173899
0.173828
0.182475
0.177564
0.157477
0.148763
0.207336
0.210925
0.235632
0.231322
0.022716
0.025847
0.036546
0.049518
0.178832
0.119028
0.106212
0.113523
0.211319
0.200041
0.248372
0.334716
0.167185
0.215358
0.146000
0.140280
0.204770
0.141889
0.149830
0.136676
0.128769
0.205869
0.114841
0.121522
0.130847
0.133789
0.359425
0.336635
0.309702
0.331348
0.291061
0.163511
0.125846
0.131910
0.141260
0.159780
0.123452
0.122854
0.130901
0.101706
0.060860
0.070589
0.070488
0.177482
0.158331
0.120096
0.113906
0.222133
0.219285
0.164913
0.256503
0.204290
0.320781
0.230672
0.163163
0.219643
0.304267
0.286548
0.287662
0.328979
0.196715
0.163634
0.175949
0.183410
0.195614
0.222867
0.148845
0.191234
0.210188
0.204580
0.195041
0.287081
0.288351
0.309960
0.052115
0.060718
0.125297
0.231124
0.163734
0.138445
0.120242
0.119537
0.241456
0.202665
0.197026
0.192739
0.244615
0.320326
0.212802
0.287121
0.225930
0.145827
0.140979
0.144094
0.147127
0.137619
0.141382
0.149314
0.168692
0.367964
0.359166
0.361339
0.391655
0.147209
0.149638
0.149337
0.151938
0.139784
0.147402
0.154173
0.152570
0.098678
0.093418
0.104194
0.103920
0.149377
0.136342
0.128121
0.153296
0.247970
0.261931
0.261981
0.292698
0.169124
0.165555
0.167079
0.172303
0.289635
0.306879
0.220477
0.268942
0.176028
0.191994
0.242213
0.377271
0.229955
0.262612
0.220174
0.188518
0.383812
0.208669
0.217118
0.263904
0.282289
0.295546
0.259493
0.272052
0.277960
0.341019
0.335153
0.177515
0.146367
0.189369
0.235621
0.323110
0.328454
0.192414
0.171552
0.158319
0.148672
0.222678
0.177163
0.220765
0.202242
0.217220
0.232573
0.409308
0.252751
0.256529
0.163940
0.194837
0.192937
0.195557
0.173898
0.181304
0.191332
0.209336
0.367545
0.392352
0.394422
0.418385
0.156367
0.163967
0.172751
0.183014
0.170408
0.172008
0.168532
0.178235
0.107635
0.133533
0.160378
0.156715
0.215592
0.198984
0.166111
0.160635
0.367477
0.439192
0.383127
0.331005
0.180126
0.218999
0.349769
0.335819
0.408053
0.349629
0.279578
0.324356
0.357912
0.317948
0.332974
0.336735
0.248642
0.398869
0.359707
0.345049
0.285181
0.282918
0.309944
0.331889
0.290186
0.289719
0.301059
0.310560
0.231136
0.247425
0.246643
0.259392
0.240238
0.222712
0.204947
0.201167
0.320133
0.355496
0.243510
0.272107
0.280684
0.275180
0.510377
0.337403
0.253249
0.214807
0.225486
0.240231
0.259988
0.215762
0.227798
0.229150
0.262679
0.433378
0.450971
0.466948
0.453802
0.197806
0.207735
0.217323
0.223365
0.196651
0.203428
0.230174
0.244179
0.169856
0.187365
0.249938
0.253468
0.305642
0.368675
0.385190
0.220505
0.370838
0.396584
0.362394
0.391912
0.306867
0.333665
0.326135
0.361344
0.318997
0.354418
0.370170
0.370983
0.314219
0.359126
0.385444
0.367807
0.327144
0.346823
0.368120
0.369401
0.331281
0.336411
0.343723
0.361252
0.331626
0.335866
0.351294
0.366517
0.285004
0.310275
0.330825
0.344806
0.281389
0.300811
0.271034
0.256386
0.352160
0.338966
0.354673
0.439419
0.299577
0.319604
0.332016
0.338581
0.355794
0.268450
0.307138
0.306689
0.345037
0.250334
0.282946
0.272357
0.287257
0.449655
0.476137
0.486749
0.509772
0.240042
0.255224
0.269588
0.302096
0.246147
0.259346
0.287249
0.296107
0.272863
0.289176
0.297480
0.328546
0.411808
0.380764
0.351875
0.330168
0.387510
0.378244
0.440421
0.504922
0.394267
0.435695
0.509686
0.526207
0.480399
0.393692
0.394156
0.406946
0.464614
0.392850
0.428305
0.452034
0.460860
0.380655
0.413111
0.428323
0.467922
0.381291
0.393094
0.417899
0.498819
0.381276
0.410660
0.429024
0.470139
0.363155
0.376823
0.402202
0.412152
0.357551
0.580103
0.492492
0.421837
0.394887
0.360222
0.358922
0.338410
0.327731
0.467025
0.485455
0.549536
0.643999
0.610317
0.332954
0.327130
0.359794
0.487500
0.522908
0.514136
0.513879
0.492754
0.299672
0.315672
0.348874
0.482871
0.545995
0.533005
0.539553
0.564941
0.537217
0.569563
0.536173
0.566718
0.548410
0.611646
0.521725
0.533052
0.300694
0.323069
0.346994
0.489109
0.524566
0.525200
0.569495
0.616836
0.295653
0.301750
0.322683
0.458900
0.503011
0.521163
0.514987
0.523043
0.347831
0.374180
0.446574
0.567925
0.547749
0.496626
0.494811
0.506420
0.453906
0.442445
0.610391
0.516263
0.484005
0.466187
0.476588
0.527966
0.585800
0.523103
0.555437
0.519093
0.541786
0.511784
0.549268
0.595381
0.576817
0.531831
0.494745
0.553514
0.550138
0.586186
0.530665
0.578169
0.650068
0.553991
0.445018
0.529234
0.535747
0.531615
0.506752
0.540960
0.538290
0.445589
0.454031
0.476574
0.478380
0.634907
0.540050
0.543786
0.539294
0.520211
0.509146
0.426502
0.571803
0.562982
0.618540
0.558084
0.627983
0.539393
0.505733
0.521654
0.624030
0.528274
0.500931
0.519880
0.652182
0.503776
0.505580
0.538427
0.631122
0.516659
0.488388
0.523698
0.602083
0.521405
0.481977
0.514914
0.595961
0.479001
0.455240
0.485595
0.635078
0.583777
0.567954
0.534011
0.576314
0.581756
0.646383
0.581075
0.561954
0.585162
0.645732
0.506679
0.507960
0.575026
0.592196
0.558670
0.518196
0.538369
0.617252
0.772624
0.503149
0.608274
0.469628
0.599918
0.576367
0.693042
0.688231
0.732512
0.671850
0.548508
0.618816
0.715710
0.693144
0.631699
0.660964
0.526433
0.574453
0.592278
0.640637
0.685667
0.694737
0.651436
0.713074
0.543638
0.556036
0.583532
0.608360
0.646943
0.555722
0.562292
0.575909
0.600970
0.549869
0.591850
0.592156
0.624065
0.521582
0.532614
0.568095
0.654484
0.629821
0.494810
0.552325
0.604839
0.642429
0.672849
0.671641
0.707832
0.686018
0.700196
0.672907
0.639296
0.618181
0.585788
0.563746
0.590594
0.706873
0.656360
0.630500
0.515067
0.555245
0.592344
0.658299
0.646629
0.755372
0.569989
0.629499
0.748810
0.817076
0.784704
0.622789
0.705840
0.834129
0.599334
0.685199
0.750586
0.662655
0.718988
0.800179
0.787984
0.772058
0.689266
0.734589
0.690357
0.736033
0.750764
0.747449
0.684110
0.713854
0.810157
0.742087
0.764380
0.799944
0.736244
0.695425
0.664261
0.756502
0.761513
0.756688
0.720234
0.725783
0.824488
0.815728
0.763189
0.811777
0.719139
0.756216
0.741638
0.694362
0.799615
0.752671
0.761687
0.779346
0.793245
0.774263
0.804233
0.823207
0.764627
0.812964
0.854410
0.807614
0.815186
0.853372
0.871652
0.878508
0.924669
0.942028
0.852200
0.845861
0.952307
0.901233
0.937278
0.899887
0.880471
0.919465
0.635703
0.704916
0.818078
0.816050
0.600335
0.619520
0.727231
0.779871
0.313767
0.339539
0.304936
0.313538
0.409008
0.455504
0.466242
0.525094
0.493880
0.561754
0.489575
0.502972
0.421163
0.354827
0.260152
0.280346
0.271988
0.288816
0.495514
0.388482
0.473474
0.518995
0.460404
0.452518
0.511018
0.467386
0.364704
0.441776
0.438924
0.224180
0.173009
0.179452
0.190754
0.230859
0.429954
0.438837
0.422359
0.624116
0.578082
0.591959
0.559450
0.637546
0.666740
0.635822
0.638876
0.561304
0.648569
0.628287
0.533128
0.453500
0.578594
0.619248
0.634012
0.603581
0.730625
0.649893
0.620273
0.775331
0.778118
0.795902
0.669905
0.639715
0.428772
0.516896
0.589702
0.601708
0.604005
0.567244
0.493223
0.309657
0.590049
0.575750
0.538371
0.457254
0.353427
0.488563
0.576714
0.608888
0.509990
0.560153
0.558962
0.518230
0.463145
0.557475
0.561319
0.596736
0.628060
0.613089
0.543138
0.560308
0.546593
0.668319
0.681314
0.679950
0.677531
0.214809
0.232424
0.231147
0.439894
0.486430
0.457695
0.446923
0.363096
0.320584
0.483022
0.462105
0.392549
0.296648
0.220473
0.246015
0.276009
0.234486
0.422831
0.462663
0.219910
0.387176
0.499149
0.542397
0.475263
0.490760
0.534679
0.426217
0.416993
0.489080
0.424259
0.376414
0.413050
0.422042
0.431745
0.301017
0.429076
0.505517
0.532186
0.520432
0.491611
0.442311
0.559122
0.465716
0.502592
0.531529
0.530870
0.553799
0.639050
0.624640
0.621293
0.656157
0.632945
0.584052
0.482265
0.634353
0.627774
0.549172
0.567680
0.602015
0.619226
0.532178
0.598494
0.649971
0.607784
0.676227
0.598898
0.622682
0.557212
0.275259
0.318824
0.332877
0.326892
0.485700
0.488439
0.310111
0.329638
0.318714
0.297717
0.342487
0.493573
0.547154
0.482945
0.415621
0.440331
0.501191
0.457779
0.440198
0.425292
0.310489
0.333970
0.218278
0.212684
0.186611
0.725735
0.769979
0.782605
0.745182
0.499756
0.611418
0.529714
0.529851
0.518490
0.496303
0.645517
0.659184
0.671636
0.650810
0.207183
0.256035
0.288314
0.268052
0.488603
0.542379
0.442259
0.253393
0.263124
0.251922
0.225901
0.475554
0.472441
0.461638
0.303293
0.295411
0.303004
0.259045
0.592285
0.554457
0.456390
0.473547
0.329567
0.439793
0.567064
0.600474
0.500662
0.596555
0.728719
0.709642
0.687701
0.656033
0.601479
0.633451
0.660683
0.582263
0.479056
0.628090
0.612144
0.349081
0.380871
0.351694
0.250258
0.419034
0.385151
0.326883
0.237885
0.203579
0.218147
0.340185
0.439303
0.500494
0.446484
0.251222
0.304092
0.458196
0.464510
0.543273
0.602394
0.555008
0.516939
0.463370
0.397349
0.471851
0.369567
0.807651
0.674724
0.642737
0.687950
0.728877
0.663088
0.691534
0.697183
0.591058
0.594237
0.529817
0.372615
0.375078
0.425570
0.371104
0.436891
0.516032
0.472921
0.470110
0.489645
0.539608
0.509863
0.493769
0.308005
0.273088
0.267053
0.250960
0.392009
0.421197
0.502472
0.446397
0.189136
0.168289
0.192960
0.452315
0.507189
0.451372
0.319658
0.255207
0.279031
0.273894
0.360026
0.288767
0.380552
0.466981
0.483076
0.374569
0.332116
0.316289
0.608852
0.579184
0.494305
0.490831
0.388659
0.475839
0.552107
0.594980
0.644079
0.645067
0.672751
0.578593
0.885962
0.897717
0.904515
0.879715
0.881763
0.679964
0.723261
0.621093
0.727910
0.623141
0.687304
0.670816
0.573999
0.273318
0.284322
0.281498
0.255374
0.460051
0.500519
0.486707
0.523899
0.455569
0.408219
0.470702
0.473408
0.399684
0.384359
0.191062
0.234101
0.276130
0.350244
0.522009
0.532947
0.354716
0.459881
0.524670
0.466776
0.367578
0.244112
0.353999
0.358818
0.343154
0.378794
0.434012
0.316413
0.300899
0.350797
0.414270
0.498428
0.584332
0.631891
0.628436
0.609641
0.533627
0.540380
0.413596
0.840213
0.842348
0.792588
0.761370
0.876064
0.807593
0.936788
0.855173
0.845387
0.893250
0.351084
0.358223
0.338735
0.370763
0.271380
0.284663
0.259862
0.247751
0.470794
0.393569
0.239282
0.228571
0.251515
0.228310
0.208747
0.584430
0.557295
0.527043
0.525404
0.788460
0.879487
0.242648
0.231201
0.217512
0.192402
0.204257
0.178903
0.216982
0.233865
0.408703
0.358868
0.395990
0.339351
0.362196
0.334727
0.384480
0.376622
0.376719
0.380447
0.388452
0.390849
0.399588
0.205233
0.528372
0.179529
0.752473
0.657691
0.537902
0.770768
0.781017
0.764730
0.765252
0.742842
0.490694
0.493140
0.480099
0.459849
0.349746
0.319637
0.335979
0.326873
0.486856
0.489608
0.724317
0.762538
0.723887
0.512272
0.507647
0.539026
0.560243
0.470261
0.366744
0.326133
0.327483
0.843396
0.140179
0.373939
0.342482
0.301889
0.359641
0.297743
0.282237
0.412760
0.441275
0.738074
0.666902
0.659956
0.649858
0.623724
0.645077
0.603311
0.467031
0.468752
0.473134
0.420044
0.562273
0.601153
0.775930
0.580474
0.626548
0.201769
0.619096
0.550137
0.477873
0.482441
0.631693
0.563322
0.634968
0.564068
0.820652
0.598130
0.646995
0.642532
0.674983
0.172028
0.109152
0.492842
0.544281
0.483795
0.459148
0.462170
0.787451
0.708366
0.618909
0.494147
0.495222
0.588547
0.563317
0.525965
0.608095
0.754956
0.751103
0.764131
0.913024
0.603540
0.603316
0.492084
0.574881
0.581842
0.601763
0.615026
0.575413
0.578504
0.595473
0.769116
0.732078
0.851564
0.661309
0.641891
0.694543
0.674842
0.577269
0.613147
0.356916
0.687005
0.679844
0.647122
0.381399
0.366034
0.285643
0.174206
0.773882
0.679671
0.755152
0.905868
0.898846
0.901839
0.965439
0.926824
0.930979
0.936488
0.897184
0.948360
0.899567
0.909551
0.874275
0.952787
0.893647
0.911163
0.996722
0.933705
0.918454
0.960642
0.882466
0.891569
0.879790
0.933115
0.922424
0.937479
0.941907
0.944386
0.959288
0.855150
0.796207
0.664472
0.620095
0.651252
0.645416
0.736894
0.736692
0.684222
0.664760
0.647112
0.614243
0.672043
0.710686
0.622038
0.585128
0.628481
0.768217
0.687389
0.705813
0.723956
0.730327
0.717755
0.688076
0.610348
0.677338
0.601357
0.624427
0.605200
0.752330
0.699048
0.624289
0.639192
0.588127
0.624393
0.714243
0.713260
0.670582
0.626421
0.690674
0.576612
0.634824
0.615457
0.573743
0.567659
0.648987
0.699253
0.743165
0.756460
0.748676
0.773217
0.757760
0.740770
0.710856
0.634558
0.515107
0.521582
0.533356
0.655880
0.673904
0.621411
0.606711
0.524138
0.645470
0.679021
0.661135
0.621381
0.605641
0.639789
0.630003
0.706336
0.656566
0.633679
0.605292
0.632811
0.659073
0.616705
0.452082
0.414147
0.443127
0.427107
0.404349
0.402288
0.412719
0.539943
0.611770
0.562116
0.630128
0.591975
0.561247
0.601228
0.552199
0.540741
0.536890
0.513299
0.407675
0.419263
0.444391
0.461825
0.655709
0.627519
0.603975
0.657329
0.646409
0.617060
0.620577
0.559352
0.569288
0.552229
0.615666
0.582959
0.559871
0.613671
0.593931
0.586714
0.600830
0.653332
0.620682
0.646666
0.623853
0.609168
0.617407
0.604644
0.621337
0.557940
0.603396
0.595719
0.570764
0.587609
0.632568
0.614284
0.638124
0.628054
0.549859
0.547641
0.589310
0.559108
0.538372
0.548813
0.540174
0.521749
0.524168
0.566174
0.518889
0.516153
0.528818
0.566791
0.510558
0.534960
0.518431
0.530653
0.546433
0.526484
0.531341
0.538269
0.533098
0.528250
0.482210
0.577478
0.588851
0.528767
0.599915
0.636998
0.534152
0.548829
0.546970
0.571308
0.576748
0.569681
0.546549
0.537344
0.530813
0.691137
0.634171
0.634913
0.611011
0.521169
0.531723
0.565408
0.504011
0.494050
0.562231
0.597085
0.524746
0.512139
0.573950
0.598434
0.559047
0.532208
0.510600
0.523518
0.478867
0.431741
0.515896
0.480597
0.440963
0.506778
0.426239
0.410323
0.433027
0.469432
0.458639
0.429747
0.448713
0.386120
0.501211
0.484364
0.456331
0.427983
0.523228
0.495623
0.495594
0.461965
0.503504
0.359884
0.427133
0.511239
0.444463
0.513127
0.517879
0.588540
0.518615
0.528756
0.530340
0.534603
0.516196
0.591523
0.645086
0.556618
0.561823
0.426673
0.475879
0.461977
0.526356
0.588316
0.495584
0.514097
0.476359
0.533467
0.507476
0.538352
0.474443
0.501453
0.504896
0.489895
0.540907
0.590339
0.487294
0.488527
0.489126
0.568545
0.418230
0.470441
0.451298
0.550490
0.379291
0.414032
0.386188
0.530428
0.540212
0.503409
0.569082
0.568104
0.545335
0.523647
0.527021
0.514647
0.353432
0.297781
0.435589
0.336282
0.259170
0.304661
0.340445
0.293469
0.279930
0.385403
0.408071
0.365217
0.357889
0.442588
0.435719
0.420291
0.408001
0.394198
0.432041
0.384242
0.413882
0.362177
0.332290
0.408874
0.589236
0.391374
0.590798
0.398900
0.416311
0.428470
0.456998
0.479584
0.528939
0.538243
0.425487
0.376829
0.450363
0.616161
0.614103
0.539413
0.604378
0.488663
0.457558
0.364107
0.477618
0.364236
0.337097
0.339731
0.441405
0.319911
0.313541
0.287459
0.413254
0.272304
0.269039
0.296894
0.367064
0.436580
0.466914
0.319571
0.336431
0.287868
0.359532
0.510391
0.487813
0.508465
0.513875
0.477317
0.439821
0.484818
0.295186
0.310206
0.245158
0.253297
0.374467
0.320302
0.269598
0.221513
0.335924
0.328750
0.333774
0.326479
0.395724
0.405188
0.351455
0.331784
0.398577
0.402681
0.366587
0.347806
0.392735
0.425028
0.378383
0.366827
0.438864
0.445061
0.414378
0.389636
0.447532
0.469227
0.407763
0.381784
0.442339
0.334268
0.311194
0.424412
0.372859
0.381798
0.401218
0.354455
0.342861
0.331880
0.333345
0.343097
0.351443
0.294545
0.311515
0.280289
0.264391
0.266849
0.274004
0.263264
0.265928
0.365100
0.422362
0.372250
0.301097
0.347630
0.276389
0.233848
0.230570
0.243635
0.269903
0.261219
0.270937
0.328368
0.302125
0.272529
0.319898
0.329383
0.240064
0.239890
0.250368
0.242901
0.321964
0.314107
0.343188
0.301336
0.329764
0.350102
0.289143
0.284647
0.295364
0.329096
0.285162
0.245236
0.306410
0.324539
0.256434
0.233350
0.329659
0.364185
0.311721
0.295452
0.335010
0.348932
0.312814
0.289584
0.409579
0.418664
0.322166
0.305300
0.332553
0.286730
0.263165
0.302939
0.303038
0.390660
0.353367
0.340013
0.389285
0.428080
0.227117
0.230213
0.255390
0.353872
0.399416
0.326734
0.324880
0.303386
0.292771
0.317344
0.302151
0.345019
0.344217
0.336477
0.318598
0.344534
0.321523
0.301979
0.342390
0.373986
0.307786
0.308921
0.305311
0.288596
0.246715
0.241972
0.248302
0.252898
0.303227
0.316860
0.305229
0.330163
0.280537
0.278158
0.280798
0.264785
0.191944
0.223818
0.176898
0.172107
0.188156
0.212658
0.171961
0.162639
0.269520
0.278130
0.252166
0.239623
0.263121
0.266494
0.244414
0.238387
0.316706
0.324230
0.330185
0.320673
0.312457
0.302815
0.315636
0.313672
0.333993
0.373159
0.333712
0.317647
0.244594
0.282377
0.237353
0.217853
0.257720
0.357465
0.242230
0.214513
0.342932
0.345950
0.352943
0.355443
0.355660
0.350249
0.355477
0.356148
0.366166
0.365695
0.357972
0.351021
0.266919
0.269092
0.249654
0.258092
0.255171
0.262700
0.282168
0.302345
0.272952
0.298114
0.260897
0.262930
0.241497
0.225722
0.237799
0.268463
0.169235
0.182150
0.169929
0.176380
0.141334
0.154927
0.130992
0.126169
0.226182
0.242599
0.215696
0.219576
0.200696
0.218134
0.193201
0.180598
0.313503
0.314445
0.303372
0.308281
0.310651
0.313518
0.304912
0.290017
0.314502
0.318234
0.312400
0.288097
0.197994
0.209688
0.180855
0.167097
0.208597
0.210602
0.195882
0.183069
0.343081
0.354526
0.336937
0.313425
0.353863
0.357328
0.352328
0.358424
0.352480
0.354460
0.350218
0.340728
0.223140
0.232563
0.210140
0.194774
0.248543
0.267051
0.239569
0.220030
0.250657
0.259014
0.249252
0.267959
0.289868
0.314149
0.241976
0.324479
0.329501
0.176871
0.280172
0.155726
0.144953
0.152212
0.177063
0.139072
0.131847
0.151644
0.141337
0.186783
0.208698
0.164987
0.168816
0.156726
0.190496
0.148720
0.131424
0.276747
0.289840
0.258779
0.243628
0.260097
0.267083
0.253917
0.244785
0.280635
0.268278
0.247704
0.253967
0.105614
0.122431
0.090317
0.088326
0.110737
0.138939
0.092625
0.173985
0.267913
0.298709
0.253908
0.243832
0.307280
0.343499
0.295737
0.267722
0.327494
0.353946
0.305714
0.269809
0.140575
0.168102
0.141112
0.129867
0.188993
0.210619
0.223996
0.232064
0.294054
0.205391
0.221520
0.198408
0.151973
0.119046
0.102732
0.131638
0.123968
0.168973
0.161353
0.145801
0.161375
0.147631
0.141875
0.137713
0.147414
0.217910
0.209408
0.185697
0.206722
0.125941
0.128858
0.202674
0.170277
0.140922
0.130528
0.235313
0.237967
0.217812
0.213437
0.227303
0.233416
0.216177
0.206846
0.224862
0.228576
0.210762
0.211790
0.076812
0.080746
0.087110
0.102918
0.240280
0.260338
0.247743
0.187592
0.114870
0.226192
0.232428
0.240272
0.217427
0.227938
0.237772
0.197329
0.149756
0.210788
0.240707
0.186574
0.112930
0.120193
0.135495
0.139705
0.149705
0.173421
0.212841
0.177168
0.191062
0.182359
0.154017
0.172556
0.159114
0.135552
0.142087
0.135481
0.159223
0.171013
0.180104
0.171775
0.173340
0.140591
0.134561
0.132999
0.141711
0.198810
0.205668
0.199898
0.199601
0.148268
0.147537
0.164028
0.158992
0.194909
0.211602
0.204933
0.198922
0.209683
0.208054
0.207539
0.146417
0.166658
0.248958
0.134996
0.191881
0.112241
0.103380
0.131488
0.130058
0.115233
0.104850
0.127674
0.195295
0.174230
0.170663
0.166017
0.182144
0.130230
0.125194
0.132315
0.139801
0.106140
0.094745
0.108429
0.143244
0.265878
0.195349
0.168065
0.151682
0.198896
0.203921
0.315797
0.205309
0.200458
0.289818
0.207289
0.158936
0.301162
0.315938
0.236841
0.226451
0.302013
0.247816
0.244749
0.189421
0.313389
0.256537
0.290714
0.229033
0.199334
0.209962
0.336138
0.269966
0.245464
0.230870
0.190286
0.296033
0.177062
0.217535
0.166120
0.290389
0.200003
0.146150
0.178494
0.164385
0.162227
0.249073
0.204877
0.336225
0.205410
0.217951
0.219547
0.268127
0.183786
0.191503
0.136827
0.135339
0.158804
0.161165
0.174799
0.184075
0.207768
0.193530
0.196409
0.187470
0.194218
0.201943
0.151702
0.144861
0.153176
0.155530
0.128154
0.128639
0.136568
0.146568
0.167866
0.151279
0.167474
0.172698
0.206750
0.211266
0.208721
0.210191
0.200431
0.206086
0.206934
0.219759
0.227438
0.182917
0.376914
0.245369
0.304416
0.343432
0.290575
0.337095
0.282728
0.348592
0.227886
0.208061
0.278792
0.333442
0.160587
0.171444
0.165732
0.260719
0.313495
0.183193
0.203330
0.247162
0.176944
0.171496
0.140319
0.194846
0.200390
0.416156
0.299222
0.229004
0.187952
0.362862
0.191255
0.203313
0.189122
0.194467
0.191701
0.176265
0.198980
0.203940
0.214845
0.208589
0.239848
0.232828
0.215020
0.201452
0.224690
0.244664
0.182278
0.154548
0.161015
0.183959
0.159328
0.162214
0.176600
0.211910
0.226016
0.191644
0.362967
0.281671
0.376783
0.413063
0.376324
0.271143
0.337802
0.281559
0.262719
0.211534
0.375938
0.296951
0.302882
0.317062
0.324296
0.319928
0.324291
0.331486
0.327177
0.328423
0.337144
0.378349
0.388040
0.386412
0.341106
0.333051
0.286823
0.315576
0.301903
0.313308
0.271864
0.299035
0.291386
0.295264
0.210996
0.214718
0.386659
0.345964
0.312944
0.384504
0.240131
0.195240
0.348708
0.213815
0.213384
0.222879
0.255400
0.226082
0.215683
0.241753
0.243724
0.259275
0.249022
0.263827
0.284720
0.251095
0.235365
0.267437
0.285610
0.208705
0.189489
0.198516
0.228288
0.195911
0.202478
0.211699
0.229737
0.280689
0.259209
0.287809
0.345723
0.343924
0.304861
0.364328
0.386603
0.346085
0.323077
0.345558
0.362491
0.348485
0.337709
0.379109
0.386755
0.350848
0.341197
0.358938
0.365066
0.339055
0.333269
0.338725
0.365736
0.343019
0.328422
0.347135
0.369568
0.334460
0.320912
0.340395
0.371428
0.459667
0.473258
0.366433
0.391105
0.361123
0.311244
0.425473
0.417766
0.330846
0.287654
0.268598
0.308483
0.313068
0.275985
0.272853
0.288247
0.286005
0.296127
0.281439
0.315537
0.332048
0.299416
0.283519
0.310130
0.329174
0.261307
0.245579
0.296551
0.301445
0.250319
0.233000
0.268780
0.288643
0.340403
0.328025
0.409975
0.486018
0.451679
0.459102
0.485107
0.420331
0.398774
0.449429
0.511294
0.418395
0.389147
0.423878
0.449404
0.429658
0.392316
0.443509
0.478817
0.383017
0.383424
0.425162
0.440740
0.414422
0.382223
0.419705
0.460318
0.416250
0.387986
0.431412
0.469419
0.344080
0.348806
0.375796
0.442185
0.606256
0.547036
0.421625
0.386013
0.572079
0.593293
0.349899
0.346228
0.342127
0.422842
0.341605
0.311898
0.356210
0.438336
0.360735
0.334330
0.390856
0.437981
0.366704
0.373826
0.423426
0.325935
0.326543
0.339855
0.424825
0.326293
0.308641
0.326606
0.428569
0.503391
0.485526
0.572660
0.604469
0.565621
0.574150
0.513665
0.579585
0.577345
0.514760
0.497724
0.542434
0.520316
0.629823
0.525598
0.541833
0.510796
0.603684
0.542037
0.611378
0.516161
0.555877
0.562496
0.519183
0.492477
0.550921
0.522316
0.534120
0.507943
0.538897
0.519475
0.451174
0.436622
0.482352
0.520240
0.650796
0.564377
0.610476
0.644362
0.568859
0.471309
0.496647
0.494653
0.502618
0.480476
0.506204
0.534249
0.560786
0.484489
0.498634
0.489656
0.519124
0.480637
0.553233
0.492928
0.513469
0.468623
0.482320
0.492965
0.514404
0.495463
0.504208
0.492305
0.510995
0.592386
0.540679
0.624795
0.583474
0.480561
0.480954
0.447050
0.559409
0.608783
0.545462
0.594484
0.567082
0.581403
0.587553
0.521806
0.553178
0.606250
0.561461
0.558353
0.546280
0.552063
0.546569
0.552246
0.630620
0.555970
0.538463
0.577331
0.526729
0.574116
0.660394
0.577141
0.543191
0.571586
0.610465
0.547866
0.553689
0.588878
0.598102
0.533525
0.533435
0.547579
0.605777
0.547751
0.511582
0.631401
0.591920
0.635696
0.615339
0.595801
0.543865
0.541867
0.526218
0.537839
0.605688
0.545954
0.568694
0.503914
0.634379
0.640807
0.620384
0.687730
0.586488
0.506587
0.565662
0.541427
0.622932
0.638306
0.594058
0.467980
0.695963
0.688863
0.751634
0.743004
0.767376
0.728401
0.683600
0.726092
0.603965
0.686616
0.684173
0.683602
0.606647
0.570154
0.719598
0.627651
0.775902
0.630438
0.596764
0.640444
0.680188
0.631513
0.656283
0.642441
0.718787
0.715898
0.703044
0.691298
0.674819
0.677382
0.624885
0.600389
0.604564
0.727039
0.621940
0.705216
0.723852
0.642234
0.684474
0.672521
0.626031
0.656440
0.710564
0.692403
0.691992
0.659892
0.640387
0.667074
0.657906
0.663734
0.688030
0.727735
0.707794
0.830758
0.767268
0.661215
0.685987
0.634174
0.642677
0.650930
0.749859
0.702503
0.796347
0.753752
0.814596
0.860627
0.833413
0.824515
0.843906
0.783957
0.855442
0.861073
0.853708
0.807650
0.864119
0.830495
0.908338
0.769329
0.775862
0.806270
0.842259
0.947110
0.945156
0.956598
0.931926
0.923958
0.853667
0.869785
0.868402
0.876481
0.898262
0.923466
0.664416
0.712236
0.475089
0.425529
0.471302
0.518603
0.476143
0.551421
0.453702
0.362171
0.503447
0.471435
0.430906
0.464469
0.225584
0.656831
0.635939
0.689007
0.669896
0.619721
0.672112
0.589301
0.540590
0.736468
0.728349
0.716533
0.713786
0.755930
0.472137
0.334288
0.549057
0.597074
0.583207
0.601758
0.512623
0.405648
0.505889
0.509820
0.501545
0.538363
0.518958
0.515853
0.453773
0.473991
0.360399
0.520801
0.457550
0.433134
0.453227
0.453210
0.527599
0.404959
0.556413
0.482938
0.454251
0.442187
0.392489
0.549136
0.520256
0.591979
0.499653
0.606753
0.578897
0.596346
0.581770
0.545138
0.561176
0.509328
0.642367
0.591538
0.584269
0.646531
0.598206
0.535626
0.471483
0.525850
0.481421
0.491720
0.388127
0.529003
0.470877
0.460574
0.458389
0.246652
0.713523
0.693422
0.724416
0.708000
0.632079
0.609524
0.663897
0.574719
0.553297
0.463809
0.380045
0.426851
0.451208
0.528644
0.430211
0.437232
0.543070
0.579201
0.533001
0.588872
0.480488
0.343844
0.644552
0.617091
0.576795
0.734100
0.668190
0.697570
0.644090
0.598429
0.576446
0.665214
0.553629
0.536876
0.630379
0.615874
0.377954
0.322929
0.428639
0.514701
0.455191
0.450096
0.325044
0.444476
0.337604
0.519024
0.561748
0.544098
0.589520
0.449949
0.449155
0.778577
0.764490
0.754915
0.582528
0.651150
0.531210
0.596167
0.508693
0.606546
0.641070
0.650430
0.589607
0.673862
0.655297
0.468253
0.514849
0.519635
0.476090
0.442419
0.416705
0.458988
0.315671
0.528102
0.461433
0.430498
0.433807
0.425948
0.481430
0.474836
0.595110
0.631566
0.578799
0.599771
0.458614
0.365045
0.552909
0.656275
0.594431
0.567882
0.900313
0.856938
0.693307
0.661097
0.707959
0.639672
0.493617
0.472982
0.458749
0.490600
0.496542
0.472611
0.391571
0.388055
0.463301
0.374537
0.505937
0.452481
0.428360
0.385610
0.287455
0.460134
0.453825
0.512633
0.513025
0.529029
0.454123
0.374366
0.749341
0.757631
0.786759
0.809869
0.698006
0.900562
0.577535
0.587027
0.615320
0.565984
0.877159
0.863960
0.885389
0.444807
0.499012
0.481718
0.492279
0.406648
0.389410
0.441568
0.334426
0.558524
0.604031
0.567456
0.607401
0.466581
0.384361
0.452837
0.363069
0.526160
0.472158
0.441990
0.464793
0.433427
0.519545
0.535897
0.596831
0.599434
0.571481
0.598401
0.498275
0.415010
0.747655
0.746795
0.709681
0.730895
0.580429
0.523267
0.583316
0.549650
0.597224
0.424034
0.507584
0.479802
0.472301
0.386940
0.368999
0.532493
0.563553
0.567856
0.500726
0.545111
0.459512
0.475714
0.362990
0.520611
0.468158
0.449642
0.409786
0.361789
0.525039
0.375299
0.598088
0.634284
0.586046
0.611430
0.499378
0.449715
0.076495
0.070592
0.082750
0.094524
0.147812
0.164182
0.153943
0.143659
0.258857
0.236308
0.282960
0.297422
0.154403
0.176369
0.148245
0.133316
0.343937
0.301052
0.368614
0.407442
0.745443
0.410254
0.383698
0.470123
0.495599
0.384212
0.398015
0.426625
0.407721
0.690728
0.539183
0.550342
0.407807
0.421724
0.455659
0.520708
0.158027
0.165569
0.137413
0.118052
0.329984
0.369116
0.289275
0.257720
0.002978
0.021562
0.009430
0.022675
0.126897
0.096513
0.138890
0.166449
0.332424
0.305828
0.349924
0.380528
0.139579
0.152925
0.113772
0.171295
0.269390
0.290088
0.268847
0.282533
0.215900
0.244111
0.308032
0.293749
0.420762
0.440290
0.415499
0.463367
0.479224
0.553184
0.566311
0.531933
0.515139
0.638957
0.772675
0.587554
0.555002
0.546738
0.590894
0.721926
0.597459
0.658673
0.603982
0.631512
0.587650
0.566262
0.200605
0.204551
0.207893
0.203606
0.115684
0.105469
0.123016
0.129113
0.157786
0.140087
0.221898
0.197404
0.351699
0.328768
0.521500
0.572385
0.400659
0.426620
0.211956
0.217283
0.206368
0.192792
0.568221
0.529868
0.619996
0.460330
0.594090
0.612376
0.613803
0.544802
0.752373
0.751448
0.724179
0.604356
0.599299
0.633069
0.647250
0.129222
0.106077
0.193234
0.168121
0.028498
0.026908
0.032306
0.043037
0.025031
0.088805
0.039454
0.065022
0.471744
0.486738
0.447026
0.429736
0.425739
0.440103
0.456500
0.480296
0.195237
0.217865
0.220618
0.223011
0.389837
0.455885
0.355788
0.391925
0.668251
0.560683
0.687749
0.605613
0.554776
0.680540
0.190647
0.197158
0.240550
0.269450
0.230543
0.270192
0.204018
0.201243
0.150556
0.135665
0.166816
0.164323
0.107494
0.042195
0.098189
0.136023
0.563758
0.564245
0.562299
0.615078
0.564001
0.528546
0.271954
0.281830
0.244823
0.234528
0.537973
0.505901
0.526535
0.549732
0.703428
0.671664
0.700519
0.634636
0.877861
0.736896
0.711270
0.734047
0.111017
0.118706
0.107334
0.094106
0.191604
0.186248
0.206102
0.232815
0.059939
0.054905
0.070947
0.111268
0.116604
0.088316
0.133325
0.085415
0.436358
0.472128
0.601494
0.517179
0.466054
0.287254
0.312190
0.250110
0.250242
0.521071
0.590977
0.511609
0.513782
0.821734
0.709518
0.849200
0.572252
0.555314
0.592348
0.193419
0.221025
0.173881
0.144386
0.866317
0.171003
0.183955
0.180291
0.220405
0.206456
0.202739
0.215556
0.230671
0.191902
0.178869
0.210427
0.213262
0.042157
0.065727
0.040267
0.033717
0.499656
0.512189
0.578745
0.619709
0.545886
0.358051
0.367411
0.309631
0.365390
0.308159
0.600613
0.481128
0.502360
0.705760
0.656194
0.333478
0.235799
0.348999
0.199389
0.201102
0.688822
0.714423
0.816225
0.072046
0.081901
0.078625
0.061840
0.171646
0.156616
0.174487
0.175620
0.228619
0.279985
0.233949
0.267580
0.217363
0.236122
0.194101
0.220084
0.114676
0.126800
0.100107
0.092502
0.676239
0.479095
0.446308
0.380787
0.376207
0.411837
0.362970
0.323263
0.459076
0.466888
0.527351
0.219092
0.245005
0.200601
0.187019
0.703719
0.722078
0.109746
0.107911
0.221526
0.253344
0.118922
0.111952
0.200522
0.234042
0.169937
0.162930
0.241735
0.236365
0.268015
0.286249
0.033869
0.112120
0.037963
0.078104
0.721028
0.662854
0.425879
0.421086
0.398325
0.439208
0.434212
0.712637
0.696732
0.720918
0.720230
0.211296
0.205280
0.220156
0.208183
0.328765
0.429783
0.382892
0.133698
0.156841
0.419963
0.413426
0.986377
0.914971
0.964379
0.953668
0.911371
0.957110
0.874752
0.897371
0.927758
0.898618
0.895407
0.902559
0.907382
0.926675
0.918123
0.956030
0.945346
0.903364
0.858811
0.875996
0.857832
0.886182
0.966758
0.937006
0.959409
0.796398
0.768299
0.718894
0.725232
0.680787
0.685704
0.643621
0.593365
0.619151
0.666371
0.619906
0.711631
0.669170
0.795679
0.721495
0.730509
0.657569
0.705298
0.742224
0.606678
0.739900
0.676531
0.654014
0.718434
0.727428
0.675753
0.714898
0.744998
0.611718
0.736650
0.652789
0.573881
0.551387
0.667489
0.646643
0.633166
0.695110
0.738015
0.777152
0.750984
0.699064
0.702627
0.677791
0.772176
0.752040
0.668278
0.616565
0.731506
0.728455
0.691998
0.568067
0.705875
0.654719
0.573606
0.642163
0.700315
0.752904
0.652238
0.676806
0.569873
0.617486
0.735829
0.712869
0.705693
0.688186
0.697035
0.713798
0.568973
0.566459
0.757449
0.751525
0.624125
0.639035
0.704397
0.591902
0.596212
0.546129
0.597084
0.522098
0.596957
0.600780
0.524495
0.582111
0.566590
0.527407
0.592742
0.703543
0.720798
0.678356
0.772670
0.681476
0.666281
0.776329
0.723443
0.750969
0.750630
0.765202
0.742573
0.767485
0.746231
0.745894
0.739709
0.686221
0.736011
0.704468
0.653900
0.561930
0.484122
0.517310
0.591070
0.662132
0.473511
0.467676
0.547252
0.534790
0.679325
0.670202
0.681991
0.689519
0.470133
0.675506
0.671671
0.662744
0.559637
0.658404
0.608328
0.669803
0.653761
0.645949
0.720806
0.600625
0.650451
0.723103
0.733844
0.727647
0.737638
0.602647
0.612648
0.640647
0.580466
0.727664
0.600335
0.636725
0.591806
0.550744
0.567168
0.579292
0.496110
0.541171
0.559276
0.499542
0.530566
0.503443
0.488935
0.455785
0.454348
0.478712
0.603611
0.508222
0.513215
0.435135
0.612079
0.405137
0.502615
0.453061
0.380301
0.528388
0.546459
0.629446
0.614706
0.542270
0.557881
0.569229
0.594941
0.590179
0.670273
0.591601
0.540419
0.540772
0.538443
0.547326
0.611862
0.479803
0.490119
0.520486
0.544509
0.419946
0.493678
0.421853
0.452526
0.464826
0.454286
0.628491
0.660957
0.443291
0.636827
0.646897
0.649009
0.632619
0.632722
0.629968
0.586511
0.611056
0.637309
0.590255
0.618437
0.601171
0.574987
0.607335
0.617705
0.613519
0.587746
0.566108
0.565934
0.605432
0.578499
0.555446
0.593868
0.589365
0.610419
0.622146
0.597737
0.588664
0.598429
0.587738
0.626115
0.653209
0.622639
0.639943
0.655877
0.661391
0.612927
0.624471
0.623313
0.624209
0.593835
0.597557
0.591682
0.609602
0.611301
0.638442
0.593393
0.583807
0.525870
0.534047
0.559542
0.589999
0.636839
0.630518
0.593710
0.641461
0.586722
0.562158
0.639924
0.560312
0.593792
0.585378
0.583727
0.510198
0.564301
0.522336
0.537608
0.562643
0.572070
0.599206
0.574520
0.425894
0.480042
0.516358
0.486288
0.526023
0.520992
0.587736
0.534658
0.495612
0.502744
0.489650
0.519864
0.561386
0.529788
0.543496
0.534370
0.511943
0.518189
0.509516
0.525706
0.511478
0.523841
0.527256
0.525161
0.549821
0.541222
0.526253
0.530350
0.460878
0.532568
0.537513
0.530439
0.536494
0.519884
0.503374
0.497122
0.525664
0.542767
0.557122
0.568283
0.541368
0.589856
0.491386
0.518137
0.608378
0.614153
0.530612
0.563305
0.575396
0.581629
0.544703
0.549762
0.565294
0.506454
0.580784
0.542209
0.581194
0.576954
0.552772
0.563037
0.579333
0.570604
0.559135
0.625440
0.589937
0.660926
0.570293
0.558475
0.570768
0.485026
0.545212
0.480424
0.469607
0.563544
0.524046
0.577832
0.532052
0.536087
0.492033
0.494222
0.512313
0.595159
0.545325
0.618317
0.551177
0.535038
0.518700
0.548769
0.505224
0.624018
0.586761
0.576991
0.559993
0.495136
0.568696
0.514438
0.550505
0.561401
0.498902
0.487297
0.436472
0.416875
0.436896
0.474055
0.528759
0.510471
0.473889
0.449623
0.484249
0.449259
0.488533
0.406287
0.445033
0.447631
0.471646
0.469828
0.470532
0.419535
0.402706
0.384184
0.377644
0.466604
0.494038
0.481635
0.403035
0.580312
0.390652
0.402865
0.496091
0.448703
0.487637
0.464550
0.477262
0.482085
0.506268
0.452089
0.481259
0.405818
0.416172
0.517701
0.495296
0.504831
0.502755
0.483266
0.469496
0.465112
0.486050
0.533305
0.502888
0.504054
0.397924
0.407372
0.313768
0.506635
0.561715
0.519871
0.521217
0.513033
0.369112
0.393628
0.510157
0.512714
0.431316
0.542022
0.542873
0.533503
0.524886
0.547857
0.593247
0.575370
0.564555
0.564662
0.593274
0.526046
0.559224
0.505809
0.472917
0.508700
0.490263
0.496415
0.434120
0.548262
0.445759
0.539639
0.539532
0.555248
0.550664
0.518630
0.609362
0.526844
0.639588
0.605001
0.634537
0.626545
0.424438
0.432934
0.478763
0.458945
0.587925
0.485999
0.561574
0.434348
0.504890
0.471335
0.475798
0.489975
0.574483
0.532711
0.633092
0.503262
0.493412
0.473916
0.516187
0.466172
0.562184
0.493992
0.553052
0.512136
0.467786
0.457196
0.464846
0.395918
0.548116
0.443207
0.592593
0.442531
0.420126
0.380996
0.357828
0.326273
0.498963
0.350836
0.503789
0.421959
0.455436
0.547847
0.536891
0.573600
0.537240
0.565490
0.580682
0.497752
0.506975
0.519005
0.518585
0.541459
0.557451
0.557052
0.527421
0.380307
0.364900
0.436773
0.365180
0.254514
0.381636
0.351318
0.343791
0.282909
0.418065
0.330634
0.364061
0.344727
0.331537
0.331115
0.322857
0.329727
0.399117
0.376276
0.399859
0.400871
0.360323
0.380128
0.340948
0.366456
0.441306
0.414462
0.454644
0.442666
0.432635
0.425691
0.398995
0.412846
0.369468
0.374236
0.402047
0.291882
0.448618
0.489102
0.364907
0.387532
0.422003
0.223212
0.403985
0.409025
0.457870
0.345912
0.397684
0.505697
0.411522
0.505898
0.435514
0.498602
0.435674
0.514777
0.463974
0.537197
0.517099
0.469891
0.500601
0.416477
0.375544
0.386693
0.516368
0.421551
0.539804
0.475927
0.400437
0.422833
0.350696
0.462183
0.487730
0.416476
0.625008
0.615803
0.635958
0.627967
0.515363
0.392470
0.390202
0.365542
0.589967
0.567992
0.636217
0.577782
0.495597
0.372591
0.475313
0.353588
0.341839
0.342706
0.347332
0.352459
0.472576
0.334930
0.450740
0.322923
0.288854
0.297590
0.327510
0.333249
0.442430
0.316180
0.417230
0.301204
0.306870
0.293074
0.265206
0.278595
0.383956
0.365852
0.381213
0.484314
0.387500
0.403162
0.435891
0.455119
0.481169
0.354561
0.369643
0.476070
0.460058
0.385875
0.380279
0.291845
0.271582
0.298970
0.296013
0.532871
0.537283
0.504290
0.480373
0.459441
0.466975
0.498369
0.423701
0.407822
0.440895
0.455568
0.354258
0.489277
0.460859
0.213393
0.176747
0.262417
0.228168
0.215566
0.192483
0.179141
0.254799
0.223232
0.361205
0.396952
0.217424
0.264261
0.235704
0.227227
0.321846
0.327790
0.336833
0.348970
0.335105
0.333249
0.352806
0.332989
0.381849
0.366434
0.404771
0.370654
0.359783
0.372665
0.340614
0.342785
0.348912
0.336011
0.451796
0.429684
0.423243
0.438795
0.292441
0.333563
0.428947
0.412385
0.409444
0.432167
0.390108
0.407257
0.381431
0.406476
0.475859
0.442642
0.492245
0.493231
0.439423
0.473617
0.396486
0.425157
0.554790
0.491153
0.446164
0.421166
0.394219
0.397147
0.446430
0.478723
0.431602
0.325313
0.338224
0.308499
0.296382
0.277883
0.325661
0.316587
0.283053
0.392600
0.401736
0.471950
0.391400
0.310435
0.316580
0.341679
0.327411
0.333788
0.326646
0.325028
0.322123
0.306592
0.353528
0.379626
0.305272
0.311688
0.288600
0.284424
0.254524
0.278946
0.267989
0.284714
0.272369
0.251334
0.321942
0.316261
0.299210
0.301704
0.244478
0.252468
0.320295
0.354841
0.428558
0.341800
0.448375
0.234064
0.249619
0.226033
0.294442
0.283362
0.266475
0.267882
0.249615
0.269799
0.274038
0.234948
0.234113
0.222499
0.272005
0.268548
0.329349
0.281288
0.339919
0.397541
0.265857
0.237467
0.246236
0.209948
0.234191
0.244543
0.256393
0.279418
0.272722
0.257196
0.258646
0.233968
0.247619
0.226664
0.242621
0.236858
0.244879
0.264586
0.255532
0.324116
0.333833
0.346932
0.312650
0.318554
0.336668
0.379439
0.395224
0.348739
0.309926
0.326428
0.343956
0.275013
0.312495
0.310737
0.292284
0.263830
0.242785
0.403857
0.348005
0.306486
0.344512
0.219999
0.220687
0.344747
0.324156
0.380490
0.331230
0.279265
0.321013
0.266777
0.277834
0.360567
0.330726
0.424904
0.378609
0.330391
0.355717
0.286163
0.307461
0.414634
0.380620
0.348986
0.344274
0.290057
0.308086
0.342019
0.370733
0.361625
0.433516
0.396219
0.320998
0.372133
0.427463
0.349083
0.342933
0.300840
0.382088
0.337511
0.278730
0.272836
0.315166
0.295191
0.307912
0.297969
0.272338
0.263452
0.435356
0.363760
0.360674
0.311641
0.327767
0.423537
0.423828
0.444239
0.388371
0.250150
0.292721
0.242730
0.231700
0.230904
0.223947
0.355763
0.259284
0.325272
0.261548
0.267703
0.321393
0.311023
0.305676
0.326614
0.327352
0.298581
0.368783
0.304396
0.324308
0.304775
0.320731
0.337415
0.333143
0.328195
0.322829
0.259485
0.335912
0.221295
0.374311
0.340526
0.299458
0.264856
0.359256
0.335241
0.304765
0.308416
0.336465
0.303852
0.328274
0.313417
0.335738
0.321701
0.264502
0.259970
0.291465
0.280362
0.273635
0.290672
0.215427
0.237069
0.263253
0.256443
0.244402
0.233492
0.238604
0.268276
0.255670
0.266223
0.248399
0.225027
0.310415
0.322274
0.301694
0.282746
0.223470
0.226540
0.321918
0.286687
0.250445
0.262151
0.244120
0.256655
0.275004
0.283620
0.186326
0.133591
0.266839
0.247439
0.224110
0.235312
0.142509
0.127216
0.249564
0.216649
0.264776
0.257890
0.335863
0.283605
0.192908
0.203769
0.264138
0.254740
0.324166
0.311304
0.291366
0.293722
0.231288
0.250011
0.329314
0.301033
0.268563
0.262262
0.229533
0.249515
0.293661
0.312031
0.273911
0.282196
0.345081
0.346522
0.351044
0.344127
0.267659
0.277140
0.277148
0.275893
0.312852
0.323388
0.317041
0.320366
0.280253
0.292421
0.273553
0.266333
0.352828
0.315536
0.315275
0.324995
0.258160
0.260197
0.279270
0.244876
0.260207
0.202904
0.347647
0.259973
0.233036
0.214516
0.235938
0.264065
0.242428
0.317060
0.319823
0.316878
0.324947
0.209002
0.216825
0.336665
0.334672
0.355388
0.366479
0.361519
0.365717
0.335460
0.341161
0.360078
0.367471
0.311606
0.324053
0.323881
0.330112
0.376565
0.376352
0.331437
0.336801
0.319057
0.325359
0.308749
0.316309
0.355897
0.344977
0.205582
0.199086
0.247646
0.247652
0.247573
0.242737
0.284464
0.209615
0.272595
0.254698
0.264001
0.246946
0.231071
0.239318
0.286981
0.282344
0.373861
0.235282
0.205870
0.318427
0.262774
0.243755
0.246343
0.200776
0.206389
0.260995
0.245516
0.221776
0.211809
0.236078
0.216919
0.232161
0.267887
0.139516
0.139547
0.215327
0.220242
0.253028
0.226056
0.112264
0.118583
0.199036
0.184928
0.263742
0.198009
0.187940
0.183601
0.180664
0.162612
0.243661
0.221401
0.292235
0.284528
0.249736
0.269668
0.228628
0.214778
0.277160
0.284745
0.225064
0.202910
0.174249
0.192478
0.264324
0.260571
0.275082
0.273835
0.333737
0.330644
0.321922
0.327902
0.258747
0.267466
0.276710
0.268607
0.305715
0.315547
0.280592
0.298679
0.260760
0.265997
0.260005
0.244383
0.310958
0.302599
0.280555
0.306016
0.220702
0.234469
0.210919
0.203064
0.241062
0.249469
0.191230
0.215092
0.178121
0.185895
0.209997
0.214564
0.297950
0.298445
0.260352
0.278030
0.162707
0.193364
0.346878
0.330346
0.362921
0.363064
0.337952
0.350664
0.282037
0.304761
0.374970
0.376745
0.331735
0.327820
0.323073
0.316275
0.357360
0.368301
0.342251
0.333319
0.303099
0.301859
0.310140
0.309314
0.337313
0.340316
0.222952
0.180145
0.211417
0.204612
0.168927
0.186388
0.148988
0.196375
0.263496
0.249191
0.216190
0.195331
0.182031
0.183767
0.212129
0.239041
0.193365
0.184596
0.243806
0.231899
0.314056
0.265245
0.162361
0.176205
0.222681
0.234578
0.191456
0.250391
0.278510
0.256579
0.329146
0.173090
0.194599
0.116360
0.142403
0.203499
0.208230
0.264508
0.200058
0.189634
0.159000
0.171289
0.174674
0.187080
0.246339
0.286999
0.280950
0.181497
0.185549
0.207517
0.230417
0.242741
0.223609
0.219271
0.198538
0.286711
0.220754
0.246197
0.221956
0.169140
0.159520
0.133198
0.156839
0.162237
0.217529
0.287414
0.249141
0.306417
0.296596
0.272393
0.285367
0.211289
0.214094
0.231581
0.214924
0.263955
0.253199
0.214179
0.229625
0.198344
0.206535
0.198993
0.201487
0.266653
0.233618
0.218131
0.221200
0.154180
0.166109
0.142187
0.113566
0.160074
0.142574
0.118534
0.123729
0.095084
0.105382
0.127796
0.100822
0.224424
0.202432
0.259492
0.196015
0.156613
0.093712
0.263981
0.261914
0.301343
0.283692
0.254887
0.265919
0.237073
0.335824
0.255748
0.348304
0.323704
0.294426
0.274194
0.218071
0.253191
0.283666
0.294653
0.331669
0.314448
0.307626
0.299125
0.235994
0.266651
0.255824
0.285078
0.136563
0.106444
0.149559
0.117075
0.230431
0.108764
0.091497
0.089382
0.198101
0.182907
0.159914
0.145377
0.174731
0.150370
0.127336
0.166911
0.151449
0.178470
0.244558
0.195814
0.188775
0.200067
0.270252
0.319702
0.238401
0.182870
0.163817
0.209694
0.203912
0.204827
0.222113
0.190517
0.181209
0.196923
0.150241
0.310048
0.211053
0.158459
0.165993
0.148214
0.151065
0.179684
0.188438
0.228363
0.187924
0.190097
0.189337
0.175850
0.184777
0.170129
0.143157
0.282812
0.169542
0.133884
0.121604
0.150799
0.145552
0.129256
0.247524
0.189461
0.139714
0.165834
0.055763
0.117720
0.142694
0.143364
0.199264
0.185145
0.274188
0.255358
0.240219
0.256095
0.169597
0.174734
0.197281
0.182175
0.206392
0.195916
0.190536
0.194817
0.167895
0.183920
0.139748
0.123379
0.217146
0.208119
0.144621
0.172346
0.183417
0.127682
0.093082
0.093541
0.116795
0.099578
0.101696
0.081200
0.158885
0.252624
0.143844
0.256527
0.208931
0.285443
0.214123
0.169993
0.237371
0.096856
0.131052
0.213364
0.172902
0.246991
0.231347
0.294259
0.273415
0.164460
0.180422
0.278750
0.258373
0.241433
0.192437
0.164333
0.165430
0.303466
0.275486
0.217989
0.190947
0.210018
0.183815
0.084839
0.163823
0.124354
0.164965
0.111759
0.108533
0.243467
0.110293
0.139255
0.123961
0.120665
0.116337
0.133186
0.180720
0.203921
0.209287
0.205748
0.206364
0.198691
0.191172
0.238484
0.249689
0.194744
0.195386
0.233027
0.196727
0.207829
0.273593
0.193404
0.194000
0.216304
0.218645
0.228287
0.221181
0.192195
0.188143
0.165332
0.169233
0.178453
0.175652
0.170460
0.171426
0.173902
0.171429
0.175391
0.177224
0.202027
0.196294
0.148013
0.159267
0.174557
0.171310
0.144747
0.142595
0.137631
0.179179
0.277211
0.298404
0.155716
0.148696
0.149949
0.166052
0.063288
0.067996
0.082507
0.084218
0.184135
0.176735
0.167845
0.173309
0.230937
0.220931
0.207508
0.219377
0.090469
0.115004
0.154578
0.164540
0.194581
0.185867
0.181088
0.177156
0.317949
0.323329
0.177238
0.331176
0.364536
0.318885
0.320003
0.158820
0.163268
0.161788
0.161129
0.224645
0.176285
0.143837
0.145697
0.105330
0.108854
0.132973
0.135169
0.128496
0.138965
0.105876
0.108795
0.187995
0.151779
0.249214
0.177929
0.136339
0.120692
0.115541
0.115534
0.167735
0.131789
0.135599
0.134394
0.139719
0.128343
0.159720
0.127403
0.146726
0.125058
0.126948
0.130404
0.140442
0.127394
0.111591
0.114945
0.070369
0.072248
0.100950
0.079269
0.137086
0.135097
0.126240
0.243485
0.187899
0.153561
0.201311
0.215250
0.205913
0.178113
0.187202
0.303191
0.307811
0.275487
0.224620
0.270377
0.244161
0.256603
0.197261
0.189518
0.234640
0.231106
0.220935
0.175059
0.263104
0.201768
0.313987
0.196530
0.245387
0.158359
0.251710
0.144251
0.175130
0.202822
0.256340
0.306524
0.180048
0.194113
0.176230
0.185480
0.211310
0.194215
0.246112
0.193145
0.181001
0.217199
0.134738
0.158232
0.172214
0.203186
0.198975
0.241812
0.301787
0.245358
0.207869
0.377900
0.249787
0.196890
0.200209
0.195478
0.285984
0.342302
0.188120
0.213648
0.094548
0.102596
0.280757
0.163674
0.188187
0.191260
0.210134
0.133753
0.164611
0.292674
0.228745
0.151176
0.149198
0.140829
0.154706
0.150796
0.257151
0.349242
0.365296
0.261196
0.245067
0.309923
0.292844
0.179071
0.173888
0.244941
0.134666
0.173508
0.163630
0.149947
0.142929
0.132171
0.146669
0.149943
0.143913
0.140204
0.135486
0.171185
0.157164
0.151841
0.141643
0.136089
0.146317
0.231014
0.194856
0.201429
0.213297
0.164777
0.152961
0.150060
0.155417
0.141082
0.142388
0.148257
0.149769
0.161148
0.154412
0.141771
0.147757
0.136199
0.148078
0.146900
0.146941
0.152437
0.153658
0.150399
0.150839
0.092566
0.099599
0.137051
0.118185
0.147030
0.147331
0.168597
0.181870
0.209571
0.220842
0.284142
0.242998
0.200928
0.190858
0.179522
0.171901
0.259761
0.258317
0.253075
0.256860
0.173783
0.172013
0.174648
0.166926
0.245689
0.255423
0.265195
0.270545
0.207119
0.169936
0.194279
0.202195
0.259282
0.179632
0.310215
0.392001
0.382797
0.350351
0.259930
0.382566
0.388333
0.358720
0.216373
0.265860
0.278670
0.298018
0.350064
0.237245
0.216026
0.232581
0.207635
0.217787
0.324235
0.323545
0.333401
0.234004
0.222620
0.214240
0.215164
0.208420
0.251903
0.304529
0.333367
0.260625
0.205883
0.253575
0.183838
0.142488
0.286304
0.259030
0.190073
0.277571
0.219066
0.162684
0.170232
0.189883
0.161360
0.192840
0.183775
0.258013
0.364736
0.240910
0.260146
0.269024
0.270695
0.242676
0.274606
0.211542
0.225298
0.154541
0.171028
0.206812
0.191146
0.351540
0.317511
0.160429
0.197022
0.173318
0.175784
0.218372
0.198173
0.192496
0.220238
0.174411
0.177530
0.222536
0.231573
0.232093
0.239993
0.201088
0.198499
0.159296
0.159934
0.161825
0.172808
0.178728
0.171124
0.185411
0.187253
0.156541
0.169745
0.161887
0.171121
0.178206
0.178597
0.174801
0.167230
0.165953
0.163102
0.129514
0.136993
0.148524
0.142086
0.166414
0.167132
0.201854
0.210354
0.335889
0.388529
0.265969
0.332686
0.264939
0.322965
0.238924
0.178359
0.268051
0.263298
0.283599
0.290525
0.282803
0.316929
0.337286
0.324786
0.309187
0.302189
0.416001
0.324782
0.341969
0.401494
0.299800
0.281185
0.431293
0.254536
0.338405
0.290130
0.380418
0.326875
0.364610
0.392725
0.370531
0.345477
0.423267
0.426917
0.300704
0.326630
0.329006
0.332441
0.340619
0.365805
0.281202
0.379203
0.303384
0.358414
0.347913
0.333418
0.322338
0.359462
0.335133
0.297141
0.297673
0.298886
0.283651
0.312442
0.304149
0.311097
0.301209
0.307015
0.287283
0.263957
0.273209
0.274571
0.263795
0.307501
0.302698
0.210651
0.204544
0.255545
0.359495
0.474351
0.264139
0.231309
0.232590
0.210663
0.328845
0.432843
0.297728
0.443732
0.356884
0.442928
0.229501
0.262608
0.260195
0.221270
0.200056
0.236055
0.250960
0.240798
0.267661
0.240098
0.217245
0.220481
0.215843
0.220086
0.251823
0.255194
0.262537
0.241598
0.201701
0.220656
0.259297
0.267489
0.286713
0.283747
0.232717
0.232379
0.208513
0.205732
0.186729
0.210772
0.220090
0.202816
0.229564
0.218287
0.196618
0.213269
0.198957
0.205402
0.232705
0.212074
0.216095
0.217714
0.188600
0.205391
0.152488
0.162686
0.184391
0.201721
0.246993
0.242174
0.362853
0.356188
0.277441
0.310963
0.366655
0.336866
0.335808
0.331862
0.338191
0.356259
0.295825
0.325406
0.388489
0.339997
0.436532
0.404302
0.319437
0.325438
0.341570
0.354847
0.399807
0.375502
0.362936
0.334179
0.343516
0.352394
0.348759
0.367535
0.384108
0.360014
0.356999
0.374343
0.336419
0.355016
0.325579
0.370031
0.364224
0.354820
0.373350
0.360793
0.329208
0.360192
0.349792
0.335823
0.362620
0.350377
0.357878
0.361367
0.328985
0.323507
0.318149
0.337526
0.368715
0.340342
0.365522
0.359031
0.319520
0.338936
0.296393
0.305908
0.366044
0.328628
0.376241
0.361565
0.309101
0.401549
0.302695
0.353395
0.338267
0.394587
0.307994
0.354387
0.325497
0.285810
0.343023
0.385155
0.369255
0.491660
0.401493
0.390305
0.372692
0.533139
0.308837
0.283099
0.269370
0.288883
0.331850
0.314818
0.328083
0.302680
0.275034
0.285017
0.260524
0.279519
0.287252
0.281606
0.324119
0.304009
0.272703
0.261375
0.275707
0.292839
0.329947
0.314564
0.289533
0.270697
0.223194
0.250117
0.229161
0.243945
0.282086
0.274023
0.284471
0.269336
0.236118
0.260668
0.248261
0.276256
0.309095
0.279034
0.318860
0.272069
0.244073
0.247851
0.206996
0.231775
0.265732
0.246156
0.301550
0.278458
0.372022
0.365558
0.356538
0.354566
0.388522
0.362217
0.397010
0.414630
0.422909
0.414500
0.414706
0.408215
0.453020
0.485181
0.533329
0.453614
0.427685
0.402280
0.429744
0.387361
0.401140
0.473044
0.424469
0.521274
0.456747
0.404686
0.402787
0.404195
0.428160
0.444773
0.446804
0.440468
0.425943
0.389010
0.414384
0.395308
0.418834
0.448648
0.427585
0.476152
0.457048
0.381264
0.388009
0.371596
0.403100
0.479345
0.430089
0.478702
0.415356
0.386525
0.409438
0.390920
0.398878
0.491021
0.433563
0.451836
0.418946
0.409328
0.412357
0.392259
0.412891
0.479298
0.440800
0.459060
0.445510
0.312559
0.305114
0.375048
0.355210
0.464711
0.409673
0.324354
0.356340
0.422623
0.497259
0.555150
0.403684
0.362519
0.460665
0.366999
0.620726
0.594398
0.601718
0.603708
0.343667
0.332082
0.350838
0.345881
0.438942
0.363881
0.419209
0.332549
0.341247
0.343888
0.295276
0.327117
0.449867
0.351629
0.455046
0.355297
0.311357
0.315049
0.344221
0.374737
0.418003
0.437304
0.335032
0.313959
0.330393
0.318284
0.318126
0.459388
0.344130
0.355616
0.307899
0.327941
0.315225
0.309869
0.438575
0.340917
0.431923
0.346847
0.295197
0.317651
0.278830
0.300955
0.419032
0.322888
0.422639
0.332453
0.458076
0.488752
0.519278
0.463143
0.567915
0.562685
0.451520
0.518612
0.520657
0.542569
0.515328
0.547651
0.615269
0.465258
0.591063
0.547324
0.491652
0.507052
0.576327
0.639965
0.528579
0.581181
0.507305
0.555075
0.478702
0.567063
0.529738
0.565152
0.528826
0.606544
0.517573
0.536448
0.509522
0.562374
0.537007
0.647756
0.523132
0.549294
0.531309
0.604779
0.545172
0.494686
0.533339
0.551572
0.544351
0.570164
0.478323
0.515236
0.502665
0.510380
0.547056
0.545393
0.547427
0.521718
0.492662
0.513818
0.470153
0.497666
0.503575
0.499934
0.531740
0.563486
0.398080
0.432997
0.513548
0.464311
0.517502
0.514955
0.474423
0.500568
0.610122
0.636817
0.636844
0.626668
0.543027
0.524560
0.476019
0.520976
0.565444
0.626367
0.515120
0.492557
0.467481
0.499150
0.482317
0.514566
0.506688
0.515200
0.503469
0.539857
0.487751
0.524171
0.475645
0.514744
0.493760
0.533058
0.524486
0.502098
0.494949
0.547924
0.466074
0.533451
0.526642
0.517084
0.478869
0.525279
0.531801
0.505171
0.485288
0.538308
0.503612
0.526258
0.515152
0.494962
0.478283
0.487727
0.461773
0.506517
0.486059
0.515665
0.493380
0.485965
0.467750
0.475537
0.489983
0.501860
0.494649
0.491313
0.483084
0.497376
0.532757
0.579191
0.546669
0.628649
0.583431
0.595380
0.614715
0.587903
0.546316
0.504130
0.521046
0.581135
0.414524
0.590907
0.621179
0.557940
0.604332
0.471033
0.476748
0.568209
0.555874
0.585963
0.585817
0.582249
0.558615
0.547162
0.544018
0.532956
0.577407
0.642400
0.517559
0.594442
0.535050
0.564682
0.522811
0.597159
0.636171
0.518643
0.471286
0.494783
0.506926
0.511226
0.505430
0.607480
0.669953
0.588138
0.613233
0.522835
0.582738
0.599365
0.558494
0.671626
0.592626
0.594758
0.554945
0.583354
0.535426
0.559064
0.649862
0.645200
0.609915
0.652970
0.542929
0.580745
0.539566
0.574367
0.592803
0.576560
0.570539
0.549624
0.580449
0.546312
0.553316
0.616408
0.571574
0.591516
0.582218
0.569156
0.559724
0.537916
0.591087
0.588826
0.593110
0.602878
0.567918
0.543725
0.561251
0.527832
0.530234
0.613247
0.523112
0.552375
0.518265
0.537964
0.533882
0.539344
0.593306
0.576457
0.676328
0.601855
0.594113
0.583736
0.586536
0.491059
0.637957
0.551404
0.510765
0.512993
0.553689
0.573309
0.553810
0.577512
0.567811
0.637578
0.578919
0.659041
0.713840
0.671833
0.603272
0.536568
0.528328
0.505005
0.603365
0.573827
0.524901
0.663453
0.501072
0.610360
0.666017
0.550870
0.619339
0.655238
0.698068
0.707139
0.737600
0.730005
0.759341
0.753853
0.699817
0.724484
0.709932
0.732340
0.637995
0.607243
0.700715
0.631980
0.759506
0.737960
0.664209
0.636212
0.689546
0.677388
0.652391
0.699031
0.574727
0.680924
0.731380
0.622124
0.575473
0.662263
0.693239
0.659267
0.825651
0.774192
0.614817
0.695523
0.752431
0.688653
0.673553
0.754972
0.762757
0.657851
0.703610
0.660816
0.690925
0.687764
0.696547
0.766631
0.742977
0.678121
0.653622
0.632788
0.691382
0.766396
0.735276
0.689340
0.685393
0.659269
0.781292
0.728523
0.622758
0.562388
0.699940
0.574856
0.622184
0.689058
0.663106
0.602164
0.727043
0.721961
0.674628
0.709804
0.733464
0.685437
0.587998
0.729048
0.659506
0.571754
0.621747
0.736935
0.678714
0.748145
0.653017
0.781812
0.792002
0.781371
0.669191
0.654723
0.644877
0.694536
0.813232
0.769824
0.744716
0.676175
0.658298
0.762566
0.816885
0.797710
0.637562
0.754204
0.687421
0.742133
0.747802
0.779120
0.775600
0.665522
0.699589
0.759324
0.624282
0.704039
0.737225
0.729763
0.712600
0.741965
0.672858
0.761210
0.742581
0.698341
0.773563
0.672958
0.784622
0.800837
0.807761
0.742830
0.808295
0.814367
0.824165
0.788084
0.845306
0.798211
0.736232
0.765316
0.792916
0.708996
0.798726
0.812758
0.786443
0.854769
0.853894
0.834665
0.801566
0.791608
0.901805
0.872606
0.864557
0.861047
0.811695
0.867551
0.802068
0.812527
0.911392
0.915436
0.793801
0.868242
0.865421
0.813017
0.834782
0.868959
0.860913
0.856952
0.865444
0.865889
0.777196
0.865551
0.816218
0.829046
0.822849
0.833187
0.790651
0.825336
0.818973
0.866383
0.769911
0.808883
0.779021
0.807932
0.936511
0.937420
0.950569
0.969519
0.945045
0.912224
0.922574
0.930172
0.923882
0.929878
0.937000
0.911705
0.898305
0.895139
0.841264
0.886665
0.853503
0.872026
0.876950
0.863752
0.908072
0.892219
0.909565
0.893630
0.829422
0.911856
0.632423
0.660905
0.670512
0.753422
0.778698
0.792176
0.462214
0.474751
0.455366
0.486461
0.434835
0.483862
0.550299
0.369120
0.494815
0.414785
0.490064
0.377666
0.480345
0.490429
0.376753
0.463913
0.473619
0.519739
0.458436
0.503125
0.365059
0.453091
0.437870
0.213227
0.437797
0.450589
0.446236
0.430455
0.615948
0.603504
0.666022
0.671537
0.606616
0.580426
0.601656
0.666796
0.636894
0.453482
0.542737
0.516721
0.589574
0.599058
0.600519
0.700348
0.770815
0.701136
0.706001
0.702720
0.776142
0.709450
0.699799
0.371150
0.489976
0.607717
0.566552
0.606830
0.558675
0.322645
0.506799
0.603944
0.593970
0.461126
0.552984
0.382936
0.498634
0.599260
0.581217
0.470718
0.505758
0.508719
0.586924
0.519233
0.506928
0.469201
0.473157
0.670388
0.670916
0.687132
0.424028
0.469182
0.459655
0.489009
0.388286
0.422008
0.469017
0.446920
0.343123
0.368295
0.397068
0.447367
0.448785
0.396953
0.509687
0.478521
0.546925
0.470125
0.538045
0.429272
0.468120
0.457469
0.406180
0.430925
0.360676
0.436978
0.496914
0.495621
0.579106
0.613030
0.597801
0.515306
0.609365
0.612646
0.560037
0.462072
0.533169
0.518785
0.645703
0.589293
0.629046
0.530741
0.636561
0.595620
0.630881
0.555690
0.581366
0.480962
0.579551
0.621618
0.528702
0.592545
0.508761
0.557211
0.584776
0.530068
0.574198
0.591889
0.665915
0.635997
0.611620
0.487346
0.557408
0.679951
0.567100
0.558632
0.621845
0.516788
0.579153
0.618359
0.601777
0.494661
0.494008
0.408980
0.484421
0.454903
0.499893
0.461512
0.527698
0.469629
0.539829
0.426631
0.536598
0.460932
0.537462
0.410364
0.402814
0.498853
0.476908
0.541971
0.468338
0.530703
0.379765
0.482958
0.453190
0.273929
0.477987
0.236568
0.453323
0.442850
0.688538
0.691731
0.662267
0.726198
0.719557
0.757288
0.721941
0.744367
0.606168
0.637807
0.614861
0.692071
0.630947
0.645590
0.618205
0.616958
0.539495
0.503789
0.443590
0.502831
0.672321
0.690456
0.671599
0.688911
0.329409
0.480817
0.450165
0.538977
0.574240
0.429220
0.435035
0.443375
0.554789
0.497436
0.451482
0.483652
0.431467
0.442303
0.487172
0.530786
0.599797
0.558537
0.458759
0.441740
0.507501
0.313491
0.415314
0.347141
0.423960
0.601005
0.540588
0.625307
0.659128
0.623509
0.589470
0.607217
0.620055
0.695237
0.737080
0.658050
0.682840
0.634174
0.657992
0.656530
0.706433
0.587425
0.627364
0.568665
0.654928
0.554715
0.633493
0.567452
0.604016
0.538563
0.644165
0.652480
0.616087
0.597591
0.525992
0.459533
0.447168
0.437098
0.421326
0.317513
0.374816
0.472710
0.531704
0.344454
0.466230
0.301099
0.436207
0.443195
0.505616
0.438328
0.528037
0.567892
0.586288
0.467081
0.490211
0.393086
0.410161
0.632492
0.502452
0.396902
0.461773
0.305758
0.416785
0.443658
0.738918
0.753708
0.767825
0.806610
0.766681
0.810405
0.637622
0.602205
0.676058
0.579436
0.678556
0.622218
0.625381
0.622380
0.634578
0.575224
0.617290
0.672875
0.686803
0.601452
0.604234
0.604943
0.316331
0.421813
0.502524
0.504907
0.459116
0.469629
0.522428
0.444167
0.446451
0.398028
0.422028
0.481674
0.511414
0.327292
0.465446
0.469092
0.541631
0.445848
0.515050
0.355667
0.459446
0.435937
0.436204
0.446195
0.283454
0.383529
0.431887
0.460670
0.472216
0.595654
0.574271
0.616944
0.578349
0.449181
0.483739
0.594425
0.569570
0.350152
0.449262
0.383273
0.465625
0.622688
0.569046
0.643181
0.617403
0.615570
0.529172
0.655141
0.594122
0.643715
0.673948
0.640525
0.897699
0.649200
0.702754
0.729323
0.668533
0.595117
0.687404
0.610223
0.658705
0.635678
0.632286
0.485663
0.475631
0.424574
0.368321
0.499908
0.571304
0.584136
0.618354
0.578397
0.375157
0.490390
0.627191
0.495835
0.278273
0.510049
0.474610
0.517631
0.634121
0.580898
0.276537
0.386101
0.439653
0.458092
0.515453
0.364256
0.463571
0.459447
0.479813
0.349523
0.380458
0.326664
0.383988
0.429016
0.463828
0.538788
0.671460
0.589462
0.495022
0.495940
0.430962
0.445306
0.591507
0.572139
0.383107
0.475640
0.351991
0.445610
0.501482
0.781828
0.801750
0.713307
0.668805
0.796721
0.798670
0.733671
0.742134
0.829354
0.851559
0.861857
0.827322
0.907474
0.901193
0.650905
0.628335
0.656920
0.728008
0.676856
0.580849
0.559734
0.634870
0.608035
0.551858
0.583029
0.641888
0.873229
0.906172
0.896499
0.466752
0.458009
0.492827
0.443955
0.463459
0.488395
0.387602
0.409039
0.381532
0.402757
0.479656
0.468186
0.370788
0.460017
0.601054
0.555479
0.511005
0.371877
0.436675
0.606368
0.572016
0.331281
0.484128
0.497402
0.517988
0.486706
0.529815
0.360736
0.466804
0.467772
0.514571
0.475252
0.507714
0.389193
0.424747
0.427880
0.427993
0.459770
0.418257
0.431058
0.517686
0.512735
0.609367
0.589788
0.622780
0.621411
0.563751
0.532464
0.599381
0.564927
0.412378
0.484142
0.455629
0.524364
0.615448
0.589186
0.801748
0.795649
0.850921
0.740842
0.726319
0.629647
0.814728
0.637303
0.680513
0.591428
0.575932
0.488425
0.492389
0.606310
0.650071
0.527246
0.699282
0.662233
0.851205
0.885700
0.793691
0.838232
0.430409
0.455961
0.560168
0.566637
0.346422
0.509951
0.475785
0.496622
0.364796
0.429171
0.483499
0.493510
0.626683
0.506014
0.470913
0.518557
0.643975
0.604255
0.475347
0.610572
0.554729
0.628867
0.586068
0.488707
0.473421
0.459382
0.366138
0.464243
0.459470
0.519527
0.461910
0.536604
0.383478
0.472477
0.427264
0.346033
0.393871
0.369636
0.434198
0.473847
0.479239
0.593998
0.635947
0.648178
0.498797
0.546435
0.360101
0.500739
0.638228
0.582114
0.461143
0.510165
0.427844
0.497671
0.538110
0.165207
0.246828
0.229183
0.139810
0.179271
0.091139
0.081779
0.059605
0.069182
0.193983
0.189020
0.194124
0.192982
0.173371
0.239634
0.162398
0.182660
0.144681
0.304298
0.300784
0.333938
0.298367
0.240109
0.208263
0.188032
0.209372
0.164222
0.155913
0.225504
0.205841
0.185919
0.190672
0.138404
0.137988
0.408597
0.431261
0.480836
0.463984
0.443954
0.430725
0.448812
0.363839
0.407297
0.631128
0.701540
0.798489
0.818060
0.759728
0.438623
0.453841
0.431048
0.434175
0.347493
0.360601
0.345145
0.399150
0.574238
0.709141
0.626218
0.516230
0.539378
0.458906
0.451842
0.535880
0.515803
0.511374
0.404382
0.338686
0.363467
0.894887
0.192217
0.185822
0.228057
0.220770
0.189910
0.204307
0.145329
0.168087
0.437997
0.380907
0.435854
0.406363
0.337217
0.370724
0.320762
0.358328
0.115393
0.130654
0.103822
0.108631
0.084004
0.082664
0.063838
0.069695
0.211106
0.232456
0.230030
0.233893
0.149995
0.136952
0.106279
0.118552
0.345467
0.370251
0.389774
0.377814
0.389859
0.371328
0.308188
0.337737
0.146723
0.135517
0.205048
0.176730
0.211266
0.124108
0.133107
0.137875
0.124774
0.214140
0.387743
0.300181
0.360454
0.375036
0.285850
0.257589
0.277754
0.242544
0.350088
0.281258
0.430951
0.324280
0.391420
0.251299
0.422397
0.431107
0.266154
0.505378
0.515841
0.543025
0.520967
0.520257
0.501003
0.452299
0.478303
0.516861
0.485648
0.613469
0.471603
0.458940
0.540881
0.576940
0.532625
0.505000
0.786730
0.817391
0.742755
0.615636
0.615479
0.674933
0.627031
0.635412
0.614087
0.584730
0.570573
0.499969
0.558347
0.527655
0.585495
0.549668
0.657571
0.749375
0.687328
0.622563
0.493721
0.585933
0.596160
0.601571
0.817446
0.792293
0.814397
0.211153
0.210793
0.251360
0.251180
0.248861
0.248382
0.210585
0.205873
0.153967
0.169198
0.182308
0.175970
0.126330
0.114440
0.096968
0.097640
0.212392
0.216987
0.201025
0.220302
0.209166
0.176398
0.120371
0.136892
0.405323
0.536470
0.524691
0.598136
0.582472
0.545105
0.551064
0.418053
0.307593
0.278136
0.297441
0.220720
0.199732
0.250869
0.241627
0.233327
0.226490
0.196678
0.185505
0.544994
0.540154
0.590837
0.608481
0.580323
0.566772
0.472562
0.513478
0.734749
0.744216
0.592192
0.594847
0.639444
0.625389
0.596244
0.590632
0.566326
0.555155
0.130660
0.155182
0.134888
0.117617
0.126592
0.125942
0.170254
0.212984
0.210595
0.205053
0.114340
0.119004
0.130225
0.116421
0.115556
0.107338
0.095408
0.095030
0.110265
0.126836
0.178170
0.140933
0.078065
0.061455
0.155772
0.088489
0.515765
0.515133
0.542426
0.529907
0.463436
0.497564
0.480318
0.495417
0.415563
0.421556
0.440919
0.477163
0.441659
0.409842
0.424342
0.207758
0.187399
0.241586
0.223863
0.200640
0.212343
0.163906
0.167592
0.430420
0.339862
0.484846
0.412451
0.403108
0.405683
0.344518
0.343940
0.742068
0.687685
0.599417
0.699294
0.683821
0.701141
0.558708
0.614849
0.629424
0.508325
0.513725
0.638555
0.648419
0.278019
0.216632
0.244766
0.242945
0.248272
0.264501
0.257790
0.240014
0.273323
0.275802
0.260863
0.258320
0.257755
0.261301
0.229788
0.233627
0.227770
0.234644
0.187918
0.200302
0.222965
0.214415
0.178424
0.176432
0.144813
0.162327
0.047545
0.078396
0.138025
0.185089
0.282284
0.234968
0.264217
0.097822
0.087157
0.590802
0.629613
0.620288
0.579637
0.491007
0.578054
0.481200
0.480924
0.428564
0.533798
0.456369
0.299477
0.272104
0.313018
0.299056
0.264080
0.274807
0.233426
0.246638
0.556106
0.575833
0.526600
0.542294
0.577078
0.546460
0.560513
0.728469
0.685707
0.746399
0.654812
0.716861
0.585235
0.638377
0.523251
0.913579
0.864011
0.595631
0.625782
0.663667
0.699595
0.527768
0.671041
0.110775
0.099219
0.143501
0.140170
0.133022
0.137063
0.077484
0.082423
0.226051
0.237770
0.273934
0.255699
0.225182
0.212665
0.187476
0.187729
0.137787
0.148828
0.170668
0.159675
0.165825
0.145512
0.135729
0.145790
0.078133
0.072589
0.133012
0.129246
0.113925
0.119462
0.127770
0.070644
0.555571
0.624498
0.564192
0.537889
0.550797
0.493977
0.289034
0.265438
0.322728
0.288796
0.259917
0.276721
0.240692
0.243604
0.542561
0.498049
0.617306
0.553250
0.564133
0.559412
0.483794
0.467732
0.733383
0.731957
0.599854
0.757370
0.837043
0.796465
0.583365
0.614129
0.528895
0.558315
0.489001
0.197377
0.185294
0.273810
0.264033
0.207970
0.254333
0.154951
0.176917
0.204771
0.313531
0.379275
0.285819
0.323889
0.219874
0.205881
0.180704
0.205694
0.254478
0.269095
0.332919
0.193179
0.220556
0.254432
0.237525
0.237674
0.239319
0.230744
0.245310
0.270537
0.250002
0.215616
0.213362
0.192518
0.204369
0.027121
0.020289
0.149342
0.140672
0.134090
0.129974
0.008863
0.013272
0.628601
0.642233
0.569249
0.522681
0.521991
0.389799
0.417802
0.324412
0.323019
0.402663
0.318487
0.338122
0.543566
0.550086
0.546440
0.529551
0.612746
0.528212
0.569538
0.551038
0.523032
0.492780
0.819659
0.740391
0.641294
0.751677
0.364620
0.360983
0.325445
0.323551
0.292552
0.262373
0.252883
0.190231
0.221843
0.710207
0.657842
0.652238
0.847373
0.774772
0.075494
0.062674
0.110185
0.094690
0.129759
0.122831
0.057430
0.053354
0.192283
0.199493
0.218064
0.205488
0.186751
0.175738
0.169841
0.170359
0.292431
0.309944
0.373122
0.347480
0.298140
0.278530
0.238126
0.257650
0.219519
0.323098
0.246842
0.283345
0.260578
0.159357
0.147847
0.177172
0.137952
0.109431
0.061731
0.165667
0.170678
0.138370
0.156826
0.084654
0.051796
0.504623
0.485426
0.564852
0.515421
0.568829
0.513197
0.334957
0.385543
0.442167
0.357628
0.377715
0.292367
0.303241
0.317222
0.298047
0.576506
0.551777
0.454110
0.440398
0.446970
0.587645
0.594099
0.311262
0.270073
0.325151
0.290574
0.243804
0.268545
0.207904
0.244633
0.742688
0.792243
0.692587
0.688539
0.179806
0.229070
0.159841
0.244699
0.083138
0.080631
0.133159
0.104002
0.271229
0.301314
0.270029
0.165398
0.221519
0.169615
0.162076
0.156064
0.151598
0.277396
0.291136
0.323147
0.302048
0.290856
0.284057
0.243013
0.266738
0.172461
0.125665
0.069580
0.114826
0.104274
0.154766
0.100055
0.038201
0.030124
0.718658
0.655543
0.733999
0.665620
0.645897
0.400509
0.479368
0.427607
0.457585
0.364210
0.354974
0.400930
0.439297
0.950028
0.958575
0.665757
0.679191
0.566235
0.559429
0.674242
0.696186
0.213769
0.204681
0.263765
0.271921
0.259301
0.268582
0.216186
0.221918
0.443483
0.427388
0.356310
0.410568
0.217875
0.220762
0.200894
0.306607
0.370591
0.396160
0.402553
0.396352
0.923292
0.900746
0.972669
0.973754
0.913010
0.929688
0.996894
0.933663
0.938099
0.964668
0.911482
0.894764
0.928781
0.937661
0.935223
0.891787
0.904378
0.879157
0.903066
0.959649
0.890796
0.905091
0.921955
0.878464
0.886636
0.907306
0.916500
0.931067
0.922072
0.906782
0.923654
0.922439
0.914646
0.855666
0.885563
0.900184
0.902866
0.905056
0.905700
0.885025
0.909754
0.880545
0.911778
0.961740
0.988531
0.964470
0.945386
0.931001
0.847709
0.826266
0.716720
0.753654
0.820510
0.723147
0.724772
0.764191
0.779270
0.678498
0.689448
0.703560
0.681541
0.640746
0.657302
0.642680
0.592679
0.665586
0.623754
0.629135
0.696361
0.653233
0.623892
0.646666
0.748226
0.682290
0.664611
0.702143
0.693783
0.791765
0.743280
0.747165
0.789183
0.797400
0.713580
0.758796
0.826521
0.820552
0.670215
0.797413
0.649734
0.707197
0.756525
0.733148
0.699474
0.723345
0.744162
0.712648
0.642489
0.657794
0.643073
0.743939
0.723911
0.759345
0.635121
0.645590
0.676414
0.675368
0.730620
0.702045
0.657756
0.766970
0.667874
0.785842
0.570905
0.680375
0.619437
0.662670
0.659291
0.809271
0.796175
0.741715
0.819720
0.651878
0.605872
0.582862
0.607217
0.742879
0.613811
0.715982
0.686323
0.662696
0.695957
0.596796
0.710941
0.752355
0.773515
0.759976
0.585243
0.591307
0.677208
0.645811
0.601495
0.669006
0.668223
0.591527
0.753995
0.752826
0.781749
0.775458
0.686785
0.715557
0.769067
0.590340
0.762360
0.744177
0.753773
0.714393
0.603794
0.736157
0.679326
0.594611
0.719138
0.698837
0.713251
0.666275
0.561673
0.565145
0.609861
0.713811
0.515342
0.699717
0.689320
0.702998
0.575220
0.588881
0.538453
0.549078
0.556486
0.529645
0.526152
0.628972
0.700336
0.594646
0.723292
0.702843
0.747858
0.597328
0.608030
0.815210
0.537510
0.525202
0.529543
0.586734
0.728246
0.657916
0.603195
0.680926
0.790928
0.770811
0.684177
0.641282
0.613345
0.571478
0.726176
0.565556
0.582044
0.559252
0.559592
0.637343
0.555453
0.581683
0.731728
0.613943
0.734598
0.751626
0.707586
0.544327
0.571313
0.646551
0.536509
0.769935
0.676570
0.691756
0.769071
0.692829
0.599240
0.668289
0.573719
0.599711
0.615237
0.617219
0.555961
0.544304
0.611240
0.601164
0.604919
0.638233
0.643314
0.557142
0.544772
0.574675
0.586594
0.569469
0.604562
0.585211
0.584964
0.566149
0.625577
0.559620
0.518761
0.561978
0.508185
0.557061
0.619376
0.611800
0.613361
0.745171
0.732532
0.729278
0.700548
0.610919
0.699842
0.613398
0.755081
0.608216
0.700799
0.827195
0.810038
0.734799
0.735824
0.732690
0.728813
0.740210
0.741710
0.694783
0.733785
0.766405
0.775667
0.732061
0.702851
0.734022
0.764579
0.465223
0.504290
0.747428
0.585172
0.723941
0.735410
0.724837
0.718969
0.635459
0.660083
0.562533
0.537917
0.552698
0.467753
0.502671
0.550688
0.484163
0.583278
0.662781
0.523848
0.655572
0.679595
0.601965
0.481934
0.494535
0.479821
0.577528
0.626472
0.702484
0.688600
0.699045
0.539478
0.629049
0.634474
0.665362
0.621938
0.639154
0.692795
0.698676
0.648846
0.522597
0.501248
0.506577
0.517565
0.507869
0.493009
0.648898
0.587526
0.641173
0.628375
0.633612
0.677062
0.587755
0.498610
0.493169
0.504881
0.504457
0.569750
0.616973
0.660497
0.607321
0.655541
0.659584
0.659303
0.646803
0.527590
0.576121
0.672718
0.551608
0.645691
0.673060
0.690378
0.699767
0.602214
0.647688
0.636031
0.637573
0.626066
0.656398
0.623827
0.794205
0.777732
0.745619
0.705340
0.760393
0.620196
0.608401
0.669794
0.668440
0.636653
0.637064
0.605536
0.732949
0.735444
0.589299
0.680514
0.689984
0.613224
0.640164
0.587572
0.625374
0.614345
0.659597
0.600952
0.669515
0.575271
0.609012
0.647905
0.578448
0.618427
0.594432
0.644271
0.623441
0.518637
0.525540
0.571944
0.541607
0.524508
0.575027
0.547533
0.622756
0.460256
0.522623
0.625654
0.636845
0.582484
0.465841
0.482094
0.401938
0.473868
0.560672
0.411701
0.504034
0.442593
0.353275
0.505445
0.466478
0.491328
0.597414
0.462451
0.578775
0.421807
0.627830
0.582679
0.681648
0.571954
0.552549
0.672180
0.569434
0.559546
0.653969
0.552955
0.571318
0.571012
0.556978
0.581250
0.544777
0.599300
0.564985
0.674531
0.662452
0.587416
0.596866
0.667387
0.599071
0.565451
0.674541
0.534179
0.547683
0.530952
0.536075
0.544840
0.544137
0.544717
0.532949
0.572619
0.576796
0.438411
0.486042
0.583356
0.569631
0.515195
0.423339
0.550131
0.478644
0.433267
0.468232
0.461490
0.424312
0.451474
0.616510
0.413998
0.460819
0.454137
0.599211
0.626478
0.639439
0.465656
0.457538
0.611909
0.662965
0.650772
0.643897
0.625788
0.654443
0.645084
0.646269
0.656091
0.606501
0.626906
0.652823
0.621737
0.592744
0.611869
0.660592
0.627188
0.658489
0.565700
0.611716
0.622675
0.615852
0.605702
0.685755
0.544029
0.589310
0.530842
0.613021
0.610580
0.562284
0.586591
0.595429
0.598682
0.560252
0.621881
0.576354
0.585900
0.625834
0.583442
0.559708
0.579039
0.593134
0.567198
0.571962
0.553236
0.579600
0.593737
0.584798
0.584999
0.578377
0.621384
0.617449
0.616111
0.609573
0.609820
0.602557
0.587049
0.608967
0.588514
0.590694
0.593080
0.590398
0.598262
0.625912
0.637345
0.650225
0.606816
0.645173
0.626232
0.631389
0.653836
0.635972
0.650216
0.638351
0.627521
0.607620
0.644550
0.633511
0.628151
0.641206
0.610782
0.613606
0.597380
0.587287
0.601901
0.608826
0.593511
0.605650
0.612889
0.584981
0.631070
0.652820
0.617911
0.630868
0.595780
0.610160
0.582431
0.610641
0.554848
0.610692
0.453604
0.580856
0.535179
0.532975
0.580177
0.604309
0.604559
0.568916
0.648077
0.651752
0.656241
0.614766
0.592815
0.648635
0.649549
0.625296
0.533411
0.585338
0.626388
0.588746
0.665551
0.528556
0.593170
0.586738
0.572512
0.536363
0.540212
0.609243
0.585992
0.604089
0.508993
0.505444
0.558129
0.549941
0.493759
0.520681
0.562107
0.522357
0.610178
0.585003
0.559395
0.563657
0.581818
0.529975
0.543467
0.615250
0.476210
0.486067
0.516959
0.550138
0.501486
0.542241
0.521182
0.473728
0.573793
0.584324
0.602122
0.562557
0.559487
0.561019
0.507125
0.504036
0.524606
0.509640
0.501101
0.480912
0.511909
0.503799
0.579642
0.557952
0.543045
0.557479
0.537399
0.545657
0.535052
0.548145
0.519927
0.506241
0.519254
0.519751
0.524103
0.512919
0.537304
0.527305
0.524774
0.531258
0.525198
0.520150
0.515156
0.489351
0.530061
0.542031
0.553709
0.549357
0.522967
0.502684
0.519364
0.516132
0.531437
0.518949
0.503541
0.537273
0.542291
0.540425
0.532854
0.539544
0.546551
0.529177
0.534968
0.532494
0.505796
0.481786
0.537752
0.518099
0.524668
0.575387
0.539453
0.522490
0.537233
0.619863
0.589310
0.535021
0.446177
0.601976
0.510284
0.534264
0.468675
0.543672
0.571186
0.651842
0.661525
0.415389
0.473408
0.561833
0.570783
0.529802
0.591423
0.592375
0.670863
0.628651
0.552047
0.570694
0.550403
0.537220
0.588503
0.631434
0.561215
0.597389
0.591781
0.538116
0.565174
0.583714
0.522720
0.550515
0.531747
0.511850
0.556052
0.573157
0.612521
0.519457
0.581048
0.589748
0.540424
0.559774
0.560733
0.544570
0.526416
0.564811
0.601490
0.717008
0.588110
0.567819
0.604642
0.592809
0.573139
0.554091
0.578871
0.568589
0.628794
0.554838
0.505701
0.508651
0.554535
0.532625
0.463812
0.466661
0.481412
0.494969
0.557343
0.578175
0.531853
0.555571
0.602868
0.544397
0.537341
0.606920
0.488396
0.490551
0.532000
0.502535
0.503394
0.535140
0.539459
0.498739
0.610113
0.619579
0.560471
0.555889
0.666354
0.592700
0.561129
0.637675
0.543476
0.533930
0.552739
0.534102
0.511212
0.514791
0.539171
0.498639
0.657301
0.590173
0.616034
0.634367
0.573542
0.536132
0.596932
0.599016
0.541246
0.526225
0.563514
0.566501
0.531623
0.531439
0.559965
0.528546
0.574767
0.530297
0.535106
0.526969
0.420285
0.352754
0.494176
0.554527
0.346323
0.482532
0.488418
0.331560
0.506460
0.544264
0.526620
0.455408
0.551653
0.524883
0.511032
0.481626
0.507214
0.462642
0.512407
0.484518
0.431624
0.457081
0.474247
0.436153
0.440549
0.470695
0.482080
0.449934
0.449593
0.481572
0.445245
0.414741
0.481888
0.456596
0.460145
0.477963
0.410432
0.387955
0.410000
0.412988
0.363670
0.379656
0.405113
0.362493
0.464143
0.466592
0.441937
0.477066
0.474232
0.436956
0.508028
0.504994
0.393432
0.386931
0.421526
0.426183
0.439004
0.432503
0.480403
0.380217
0.479608
0.498805
0.498480
0.463805
0.494539
0.492211
0.514565
0.496348
0.453968
0.445085
0.478928
0.486555
0.431928
0.431018
0.449670
0.438669
0.525002
0.516431
0.509359
0.497416
0.523167
0.503756
0.519965
0.527314
0.470350
0.494796
0.509661
0.506129
0.447458
0.511028
0.514935
0.473169
0.548718
0.537300
0.489299
0.499806
0.524458
0.594845
0.515638
0.541461
0.453892
0.417431
0.412801
0.446152
0.481364
0.429890
0.446257
0.524077
0.458179
0.563209
0.395752
0.449511
0.549122
0.598195
0.617432
0.471140
0.568328
0.491943
0.365039
0.485638
0.430796
0.574076
0.535687
0.538201
0.545218
0.521704
0.530727
0.522198
0.530330
0.542859
0.471417
0.484648
0.499254
0.587771
0.628386
0.576825
0.571725
0.539996
0.633432
0.605722
0.570531
0.572722
0.548589
0.594015
0.588803
0.539216
0.542486
0.566240
0.556790
0.503743
0.497881
0.461150
0.480971
0.554037
0.530860
0.485774
0.520747
0.501526
0.430824
0.456955
0.508016
0.467399
0.463457
0.433322
0.395688
0.647914
0.547682
0.547696
0.671621
0.531153
0.550776
0.502183
0.505200
0.541477
0.510629
0.475504
0.493671
0.670943
0.687466
0.664695
0.701543
0.435458
0.461762
0.449801
0.419314
0.509564
0.488775
0.462691
0.500064
0.552500
0.653523
0.509691
0.484824
0.648807
0.505817
0.492970
0.667599
0.487739
0.529832
0.487064
0.506873
0.503695
0.501602
0.473544
0.527565
0.537271
0.531877
0.515910
0.497170
0.531204
0.469423
0.511199
0.525164
0.521521
0.547344
0.473434
0.478290
0.496879
0.498651
0.458307
0.550606
0.515882
0.493584
0.479364
0.455310
0.508156
0.482325
0.476132
0.513782
0.496673
0.497199
0.443702
0.518374
0.454038
0.435813
0.418102
0.493320
0.439224
0.472964
0.385120
0.367377
0.516671
0.428025
0.422923
0.495467
0.442216
0.443736
0.411164
0.407889
0.285410
0.240422
0.388304
0.403617
0.587527
0.436740
0.357314
0.376793
0.426582
0.377441
0.356721
0.442586
0.404244
0.463941
0.655678
0.442759
0.591668
0.661498
0.651948
0.699431
0.604774
0.615679
0.629950
0.613778
0.642581
0.646660
0.629045
0.643195
0.352991
0.369130
0.361654
0.370321
0.353908
0.422484
0.336587
0.355676
0.269200
0.366626
0.256417
0.317330
0.218068
0.306820
0.311320
0.267736
0.328041
0.309893
0.335419
0.385046
0.355946
0.359620
0.386268
0.327576
0.327730
0.343623
0.354395
0.366549
0.324067
0.294421
0.333555
0.387140
0.407700
0.384853
0.388202
0.436698
0.416562
0.405109
0.425238
0.381311
0.363309
0.389439
0.387651
0.358702
0.349470
0.376465
0.371758
0.468869
0.445135
0.428947
0.424489
0.466634
0.454266
0.448156
0.452071
0.439003
0.412803
0.439361
0.427435
0.404809
0.421233
0.418722
0.399848
0.490620
0.366374
0.409918
0.423183
0.401501
0.421544
0.447016
0.408961
0.397592
0.405704
0.389974
0.406437
0.424625
0.403979
0.405181
0.486037
0.414847
0.454417
0.451220
0.374955
0.471740
0.416056
0.424345
0.424548
0.430093
0.429838
0.503927
0.566264
0.502464
0.518763
0.501157
0.494083
0.498019
0.500762
0.533952
0.461342
0.444733
0.429644
0.428412
0.402328
0.526633
0.526301
0.507334
0.459204
0.560664
0.562243
0.528755
0.559823
0.474452
0.481046
0.468680
0.502425
0.474762
0.484482
0.443071
0.379424
0.427784
0.438998
0.636864
0.621251
0.445963
0.467843
0.420826
0.354392
0.419150
0.611731
0.413325
0.373447
0.413748
0.395683
0.698791
0.696732
0.703099
0.705724
0.448836
0.374001
0.421509
0.478733
0.368334
0.399875
0.396145
0.352976
0.607809
0.707919
0.697523
0.434060
0.416672
0.413635
0.354780
0.376067
0.380631
0.350017
0.353143
0.399083
0.336914
0.338324
0.346785
0.339964
0.332885
0.353349
0.360407
0.340494
0.381706
0.382269
0.326798
0.331427
0.362349
0.299809
0.317994
0.364224
0.273006
0.298394
0.302159
0.296169
0.316406
0.322448
0.310570
0.313153
0.345977
0.340426
0.281898
0.303126
0.580417
0.421310
0.274187
0.319250
0.364688
0.535297
0.284662
0.375493
0.267186
0.284346
0.289110
0.240602
0.580950
0.428081
0.376963
0.546078
0.371083
0.390967
0.395886
0.380665
0.355980
0.397429
0.384493
0.406998
0.548865
0.568815
0.370513
0.341548
0.445153
0.396453
0.294866
0.368515
0.362719
0.513941
0.338137
0.415045
0.280707
0.266265
0.281397
0.349512
0.291629
0.304924
0.271832
0.309520
0.431880
0.640790
0.642724
0.574259
0.594239
0.564810
0.603255
0.611797
0.541954
0.492999
0.587674
0.560372
0.293545
0.558969
0.617711
0.315611
0.181067
0.261488
0.241745
0.177268
0.289745
0.468250
0.354090
0.284436
0.280721
0.209131
0.200419
0.321844
0.200902
0.179538
0.244176
0.259421
0.477221
0.481139
0.333326
0.269467
0.318495
0.352707
0.364092
0.322798
0.277869
0.214201
0.300205
0.318346
0.259445
0.264559
0.277960
0.220317
0.335391
0.345854
0.327719
0.330292
0.354265
0.352442
0.334258
0.338637
0.332050
0.338687
0.332979
0.339829
0.359517
0.343943
0.327577
0.315243
0.367273
0.384348
0.387439
0.368118
0.424518
0.397241
0.395310
0.403222
0.368857
0.348032
0.371347
0.371433
0.342642
0.350683
0.350889
0.341240
0.393861
0.389643
0.376292
0.384610
0.399844
0.374464
0.390158
0.414585
0.367731
0.345689
0.381343
0.381771
0.339533
0.371883
0.379447
0.356238
0.379097
0.516719
0.432351
0.376804
0.424046
0.423696
0.437466
0.436112
0.378176
0.398863
0.417303
0.410540
0.337384
0.356372
0.418606
0.410869
0.481153
0.438440
0.419874
0.465749
0.485010
0.491039
0.467213
0.491402
0.423526
0.424765
0.443311
0.469764
0.410081
0.446034
0.387788
0.371275
0.480327
0.488941
0.466476
0.489630
0.463682
0.445018
0.446458
0.482847
0.389368
0.373704
0.410368
0.406240
0.437220
0.466843
0.447017
0.419998
0.305912
0.381121
0.343716
0.482389
0.393284
0.320925
0.304077
0.333935
0.279941
0.306915
0.274054
0.291951
0.297521
0.302986
0.330620
0.343976
0.561291
0.350559
0.314894
0.341568
0.401522
0.517814
0.375432
0.429796
0.317868
0.343317
0.348458
0.367622
0.313266
0.345971
0.293176
0.366663
0.360572
0.362740
0.544905
0.520549
0.322914
0.312928
0.346480
0.337710
0.310367
0.402045
0.522272
0.289925
0.367757
0.408814
0.436526
0.365099
0.319204
0.303830
0.306165
0.301930
0.277579
0.261786
0.273739
0.289111
0.236723
0.247874
0.278105
0.265818
0.267044
0.280441
0.273045
0.259056
0.257586
0.253531
0.234789
0.249195
0.375485
0.344567
0.326190
0.380793
0.325121
0.300239
0.315602
0.332425
0.252739
0.241268
0.270301
0.474991
0.535795
0.333801
0.354013
0.480285
0.318774
0.233262
0.359619
0.380884
0.295312
0.496829
0.275053
0.231365
0.294403
0.319501
0.293414
0.319265
0.279555
0.272787
0.241610
0.280182
0.280959
0.242752
0.273200
0.243516
0.236751
0.236139
0.299312
0.252822
0.218370
0.230301
0.251415
0.219673
0.291422
0.252330
0.245616
0.243599
0.458055
0.450461
0.249896
0.241981
0.341530
0.338309
0.219865
0.449433
0.235389
0.242500
0.236490
0.288011
0.218136
0.287844
0.308843
0.221740
0.284880
0.293355
0.251592
0.235150
0.327589
0.298028
0.283588
0.311048
0.245648
0.235096
0.333884
0.347936
0.264162
0.224562
0.233536
0.281770
0.294222
0.306861
0.246721
0.228695
0.295393
0.232033
0.236802
0.309301
0.294331
0.289375
0.247797
0.250292
0.265751
0.315149
0.316591
0.272250
0.333426
0.320496
0.340449
0.329457
0.310398
0.322443
0.309674
0.319076
0.310873
0.291786
0.366689
0.346731
0.320084
0.336683
0.338984
0.308041
0.354979
0.351039
0.327865
0.344408
0.298069
0.274671
0.320193
0.337903
0.298395
0.319574
0.301546
0.305539
0.311122
0.320744
0.323068
0.287896
0.331341
0.296812
0.309657
0.332699
0.241447
0.237564
0.264805
0.276088
0.272489
0.285502
0.271857
0.250705
0.311566
0.376010
0.361165
0.275666
0.381638
0.334269
0.339016
0.366087
0.284217
0.280112
0.311717
0.309490
0.237786
0.244607
0.332843
0.296873
0.398950
0.338314
0.299773
0.364009
0.418473
0.369216
0.371963
0.399405
0.342710
0.343350
0.352005
0.350547
0.326858
0.349550
0.272386
0.252385
0.405164
0.389134
0.366804
0.388558
0.335256
0.319436
0.329171
0.353419
0.266878
0.282074
0.299523
0.308809
0.349437
0.350459
0.337499
0.321932
0.284571
0.324391
0.363305
0.293693
0.303437
0.318797
0.370975
0.326442
0.299345
0.322002
0.330082
0.323950
0.321504
0.324609
0.289998
0.310844
0.431613
0.244597
0.324734
0.454799
0.324110
0.291614
0.327339
0.332690
0.249932
0.351551
0.340325
0.248896
0.292069
0.258621
0.243923
0.269597
0.418733
0.347349
0.372251
0.345378
0.488473
0.382618
0.325511
0.349391
0.384849
0.388564
0.367012
0.364987
0.315153
0.312070
0.314809
0.309986
0.249005
0.230142
0.228007
0.228840
0.228633
0.214171
0.209903
0.223646
0.370335
0.371820
0.282646
0.294474
0.473358
0.337289
0.291674
0.313418
0.220234
0.362010
0.358045
0.297862
0.330315
0.331575
0.313153
0.314714
0.357187
0.312740
0.317219
0.342141
0.388845
0.467745
0.355146
0.441741
0.296879
0.300669
0.308726
0.306351
0.314543
0.310870
0.319195
0.356883
0.345486
0.332162
0.327755
0.327947
0.318807
0.310971
0.325145
0.340391
0.502629
0.248298
0.383120
0.360282
0.231571
0.277673
0.336421
0.248129
0.308380
0.327528
0.322548
0.289199
0.340535
0.326604
0.315168
0.327554
0.280004
0.347509
0.356892
0.521404
0.272255
0.270943
0.322318
0.314709
0.305888
0.360861
0.348596
0.290222
0.329342
0.343530
0.373258
0.373269
0.252679
0.307025
0.293959
0.245612
0.320214
0.317627
0.278541
0.282773
0.305771
0.270099
0.282319
0.318833
0.192475
0.245403
0.294718
0.263999
0.299106
0.251145
0.249245
0.290901
0.312691
0.291769
0.241153
0.241993
0.295444
0.244956
0.255912
0.318958
0.289628
0.293036
0.264167
0.253992
0.466268
0.299580
0.275363
0.283721
0.312418
0.311726
0.316314
0.311327
0.312062
0.319476
0.297549
0.302888
0.249198
0.250291
0.289656
0.275670
0.318926
0.284448
0.321986
0.290955
0.249210
0.245096
0.276657
0.281564
0.263770
0.258854
0.284071
0.241884
0.262430
0.279962
0.279026
0.294445
0.227081
0.241708
0.191083
0.190897
0.215050
0.197585
0.184081
0.217039
0.183411
0.168836
0.179215
0.179863
0.202844
0.190415
0.174398
0.180971
0.183950
0.275340
0.250718
0.158935
0.258494
0.243297
0.246047
0.260145
0.254689
0.234940
0.224954
0.286645
0.139169
0.142209
0.216494
0.212891
0.316926
0.234164
0.218535
0.296604
0.331973
0.299756
0.298379
0.322075
0.286838
0.284184
0.294017
0.290483
0.246808
0.288423
0.211347
0.196260
0.318330
0.319462
0.302553
0.308513
0.254256
0.242384
0.251903
0.267173
0.233290
0.219924
0.231714
0.229060
0.298058
0.291603
0.299985
0.277982
0.251899
0.295234
0.305141
0.247059
0.319715
0.309212
0.347678
0.340678
0.298180
0.338928
0.333608
0.309502
0.245905
0.252200
0.300840
0.296722
0.313578
0.266124
0.270781
0.317293
0.260172
0.278395
0.352533
0.357210
0.273337
0.350967
0.345854
0.270664
0.319298
0.335584
0.275347
0.273800
0.302599
0.300695
0.284382
0.312876
0.306578
0.306349
0.329764
0.327653
0.310215
0.323093
0.325283
0.309061
0.304072
0.311081
0.281533
0.289389
0.325679
0.285934
0.279629
0.213866
0.459239
0.253068
0.243393
0.445256
0.267157
0.212301
0.209564
0.287373
0.217508
0.209869
0.312012
0.431474
0.325484
0.305799
0.259961
0.473322
0.337372
0.348344
0.291364
0.322294
0.363166
0.258527
0.264526
0.342023
0.250151
0.296219
0.230479
0.228122
0.329760
0.331999
0.336066
0.324488
0.344247
0.356217
0.350585
0.344160
0.372119
0.367505
0.351907
0.373936
0.325494
0.335583
0.339232
0.349209
0.354225
0.330763
0.357266
0.368130
0.328036
0.334493
0.352742
0.350134
0.331443
0.349502
0.349781
0.340157
0.377625
0.380652
0.348195
0.361858
0.336083
0.372077
0.368697
0.350450
0.297880
0.287288
0.347749
0.342686
0.282417
0.330360
0.340672
0.291896
0.370683
0.352525
0.375766
0.370245
0.168653
0.242392
0.233699
0.197028
0.308731
0.282202
0.243885
0.242517
0.254012
0.246654
0.226527
0.262948
0.257248
0.367361
0.260188
0.274826
0.308341
0.256959
0.257057
0.294856
0.291624
0.298222
0.242730
0.256350
0.279327
0.231107
0.254150
0.276435
0.236192
0.255003
0.284386
0.344554
0.264496
0.297785
0.260759
0.247461
0.283324
0.310419
0.296519
0.296185
0.244851
0.252774
0.257207
0.258107
0.238138
0.247511
0.255353
0.238653
0.278620
0.248091
0.250783
0.253986
0.229798
0.214061
0.217244
0.236644
0.199844
0.224373
0.230776
0.215077
0.229537
0.271738
0.238606
0.260229
0.168148
0.193683
0.159453
0.176524
0.169946
0.173248
0.176675
0.164837
0.164271
0.158338
0.204522
0.183703
0.153139
0.154300
0.170545
0.166845
0.141998
0.209649
0.183322
0.136549
0.215514
0.201153
0.146709
0.212970
0.198933
0.143071
0.139711
0.190610
0.122458
0.115703
0.172311
0.167535
0.218524
0.194649
0.184321
0.216254
0.281386
0.276483
0.269666
0.278109
0.250167
0.255349
0.264304
0.278920
0.197816
0.201871
0.172649
0.177969
0.285509
0.270373
0.259220
0.274742
0.207704
0.193288
0.191267
0.199333
0.156289
0.165667
0.172264
0.171616
0.254133
0.286871
0.258604
0.255361
0.245653
0.296646
0.298842
0.245124
0.296726
0.291492
0.321252
0.332758
0.273402
0.303421
0.311469
0.290073
0.227542
0.247875
0.279070
0.303324
0.312506
0.276791
0.272905
0.304470
0.273011
0.267513
0.344375
0.352298
0.243578
0.314467
0.335168
0.249666
0.305024
0.303078
0.263307
0.257126
0.297556
0.284228
0.266389
0.285127
0.300075
0.291681
0.313957
0.305738
0.275744
0.280698
0.299880
0.279859
0.258531
0.276011
0.254969
0.239796
0.215219
0.239680
0.210456
0.214327
0.251031
0.244886
0.204909
0.219104
0.179731
0.174215
0.186960
0.203229
0.193130
0.202314
0.188510
0.185179
0.242960
0.219767
0.226748
0.245737
0.326623
0.319467
0.249148
0.261712
0.281334
0.218139
0.250702
0.300199
0.208622
0.244617
0.197215
0.194918
0.333066
0.345759
0.336525
0.321658
0.366694
0.372589
0.355675
0.365721
0.357566
0.332384
0.341353
0.369253
0.287382
0.306309
0.331319
0.307240
0.378100
0.363288
0.360782
0.369630
0.329086
0.328436
0.343153
0.350718
0.316675
0.332217
0.349052
0.322312
0.355748
0.363331
0.351448
0.338271
0.348286
0.375180
0.373452
0.347195
0.271632
0.274708
0.333318
0.328363
0.277139
0.323625
0.338447
0.271842
0.345085
0.343954
0.356384
0.363558
0.203027
0.247314
0.242248
0.162069
0.226158
0.218596
0.201966
0.215262
0.182838
0.173841
0.194964
0.203317
0.145489
0.195036
0.218273
0.197954
0.227053
0.300591
0.279119
0.220788
0.264802
0.238507
0.205272
0.225358
0.226879
0.189967
0.197508
0.233557
0.181753
0.206613
0.270158
0.254997
0.237378
0.235084
0.223949
0.227915
0.229706
0.232028
0.248296
0.257524
0.234233
0.292995
0.240352
0.218128
0.202218
0.214687
0.225758
0.201265
0.219837
0.214393
0.262257
0.222688
0.231020
0.199786
0.251844
0.215899
0.191519
0.183585
0.208464
0.265596
0.206912
0.210107
0.146984
0.143598
0.161729
0.163582
0.144010
0.183702
0.163727
0.202734
0.147102
0.151109
0.203688
0.166647
0.123433
0.386427
0.127415
0.191457
0.149607
0.158339
0.129621
0.165683
0.180438
0.130216
0.196770
0.162334
0.153377
0.149191
0.247777
0.200221
0.182284
0.201053
0.125811
0.119670
0.170595
0.186909
0.193931
0.158676
0.145169
0.224841
0.236885
0.259988
0.222489
0.242949
0.216647
0.219601
0.227102
0.400639
0.303730
0.182460
0.143834
0.185346
0.232112
0.223402
0.206831
0.219859
0.150238
0.135186
0.146652
0.168921
0.118189
0.127071
0.131123
0.128141
0.379310
0.257122
0.192560
0.183890
0.214774
0.269792
0.241113
0.204808
0.254208
0.246542
0.281218
0.294193
0.229307
0.253458
0.263314
0.254243
0.167493
0.185818
0.227698
0.212644
0.281330
0.228388
0.232062
0.261002
0.223582
0.214461
0.300017
0.292749
0.179137
0.267733
0.281978
0.189635
0.246356
0.268045
0.217717
0.198687
0.240076
0.231697
0.211137
0.236238
0.248232
0.219374
0.238754
0.260187
0.206500
0.226408
0.236019
0.214995
0.196250
0.210258
0.209913
0.195262
0.164716
0.146599
0.119428
0.141438
0.157030
0.135349
0.114402
0.141734
0.177162
0.085088
0.091794
0.155757
0.102841
0.114078
0.097553
0.097190
0.183849
0.154821
0.114803
0.148089
0.271749
0.243205
0.161121
0.196138
0.261684
0.142511
0.144138
0.228482
0.136278
0.129315
0.091182
0.122281
0.266660
0.287448
0.278298
0.260380
0.332755
0.308324
0.291928
0.317677
0.266505
0.248724
0.267901
0.284132
0.506151
0.294953
0.254809
0.230699
0.360471
0.337104
0.310263
0.325675
0.299345
0.279153
0.291201
0.316413
0.207779
0.241311
0.273618
0.238963
0.278743
0.304328
0.289878
0.277328
0.339004
0.359856
0.344467
0.316682
0.263457
0.262040
0.302087
0.325498
0.198940
0.240315
0.273792
0.239702
0.265973
0.292456
0.303810
0.272169
0.125668
0.174651
0.160396
0.093900
0.159815
0.133626
0.118133
0.148662
0.129916
0.136544
0.102565
0.121932
0.113518
0.075085
0.202046
0.320372
0.165117
0.240598
0.232856
0.150852
0.214008
0.198740
0.150260
0.174647
0.173454
0.179647
0.146753
0.211718
0.149467
0.131464
0.225681
0.392111
0.192987
0.194388
0.221110
0.192028
0.214254
0.193803
0.200117
0.223938
0.181642
0.207856
0.196748
0.190466
0.272747
0.241027
0.230184
0.211774
0.227195
0.128320
0.132525
0.230851
0.153178
0.166810
0.177921
0.146735
0.155247
0.168592
0.169299
0.154269
0.228250
0.213485
0.138411
0.137537
0.112564
0.167036
0.209553
0.103426
0.242655
0.208518
0.179861
0.202910
0.180587
0.160471
0.153860
0.159327
0.113076
0.114005
0.198355
0.199866
0.129141
0.179731
0.184951
0.139715
0.241997
0.230814
0.141383
0.200878
0.230500
0.139873
0.133194
0.238600
0.148251
0.134304
0.191880
0.182295
0.178651
0.167379
0.149001
0.140321
0.212709
0.170403
0.137869
0.164621
0.173605
0.151085
0.134507
0.165205
0.139935
0.145365
0.182071
0.182759
0.181334
0.134331
0.352556
0.181285
0.108811
0.146606
0.144823
0.116698
0.047221
0.117996
0.143741
0.075514
0.157312
0.148637
0.176412
0.141044
0.157914
0.213814
0.209957
0.147224
0.221171
0.228346
0.246944
0.247356
0.211089
0.232505
0.228066
0.214618
0.138062
0.144129
0.201109
0.193214
0.254970
0.209428
0.192470
0.232509
0.168410
0.158837
0.253336
0.262776
0.150176
0.244310
0.254371
0.145041
0.222163
0.229508
0.196383
0.185984
0.185337
0.174827
0.171313
0.178220
0.209907
0.241743
0.212569
0.210714
0.133190
0.173787
0.213790
0.371332
0.399112
0.211475
0.214254
0.408477
0.097170
0.084156
0.075436
0.111112
0.224134
0.348557
0.078813
0.080772
0.091624
0.109234
0.082011
0.118992
0.236057
0.127517
0.093123
0.093835
0.123187
0.259916
0.369091
0.144471
0.306247
0.388047
0.230375
0.163672
0.246302
0.361944
0.236220
0.208742
0.087109
0.125604
0.211007
0.099251
0.229900
0.231839
0.221880
0.178013
0.250483
0.235419
0.237755
0.244636
0.254269
0.245196
0.219285
0.238635
0.184651
0.177561
0.248229
0.162418
0.260235
0.249462
0.224662
0.236886
0.163250
0.156344
0.195956
0.216793
0.115407
0.310086
0.211476
0.272803
0.256084
0.236776
0.216814
0.192532
0.235028
0.245577
0.210792
0.206379
0.170770
0.147480
0.178597
0.218500
0.304441
0.337333
0.207137
0.174823
0.181524
0.181304
0.241589
0.367087
0.148794
0.100935
0.073502
0.121597
0.147492
0.122219
0.159967
0.188904
0.176785
0.184064
0.174459
0.128470
0.174022
0.133118
0.077359
0.091061
0.186254
0.226867
0.183114
0.160526
0.141861
0.165937
0.185123
0.218700
0.154930
0.201971
0.177774
0.170012
0.381223
0.209272
0.196642
0.217771
0.248223
0.201714
0.223391
0.256149
0.188925
0.192380
0.204249
0.201432
0.208804
0.169413
0.201046
0.197721
0.405383
0.290934
0.205851
0.210448
0.235909
0.140511
0.139030
0.229941
0.169531
0.169772
0.190486
0.189785
0.219448
0.279919
0.186083
0.176837
0.250656
0.234009
0.144875
0.126985
0.131782
0.209187
0.225442
0.135685
0.169248
0.171259
0.191830
0.174134
0.165778
0.177762
0.178590
0.158378
0.177439
0.137237
0.216361
0.221500
0.136621
0.177005
0.189205
0.129604
0.232449
0.279613
0.135580
0.141517
0.179945
0.145187
0.136719
0.394700
0.131991
0.131967
0.178397
0.180176
0.146536
0.179930
0.184159
0.137349
0.184287
0.227346
0.182385
0.144255
0.205502
0.408171
0.255515
0.250742
0.153367
0.142125
0.183739
0.193724
0.161650
0.150145
0.160405
0.167365
0.060822
0.069606
0.123476
0.123232
0.076204
0.142817
0.133179
0.063219
0.214333
0.173155
0.173895
0.174769
0.109400
0.177383
0.236403
0.140155
0.197740
0.197420
0.216713
0.220666
0.261662
0.382316
0.225692
0.238427
0.160127
0.319058
0.377760
0.148057
0.210370
0.159921
0.157359
0.210973
0.141267
0.147132
0.250093
0.236698
0.131610
0.396447
0.272400
0.130331
0.240015
0.237969
0.159848
0.174342
0.278688
0.280739
0.266426
0.328284
0.097721
0.111020
0.169306
0.170277
0.122564
0.220066
0.156856
0.116450
0.181314
0.406894
0.392551
0.250130
0.192190
0.102607
0.110212
0.245267
0.104914
0.111481
0.108502
0.105180
0.126301
0.129650
0.135269
0.123105
0.157263
0.395970
0.114916
0.132540
0.110661
0.102642
0.107156
0.111740
0.208964
0.213479
0.157129
0.198567
0.286738
0.265897
0.166419
0.379273
0.123170
0.120399
0.120096
0.150409
0.174868
0.121149
0.123743
0.182043
0.211589
0.130261
0.170024
0.225266
0.141276
0.172440
0.174130
0.132499
0.193555
0.195177
0.128386
0.136492
0.204034
0.163913
0.131441
0.123375
0.272084
0.121399
0.121916
0.154203
0.128454
0.135978
0.138987
0.123555
0.141070
0.129973
0.131180
0.136408
0.158363
0.146622
0.108366
0.116760
0.082312
0.102568
0.085301
0.111398
0.101084
0.126489
0.087138
0.103095
0.123489
0.119561
0.118891
0.152654
0.306930
0.139980
0.174123
0.108547
0.408498
0.267521
0.156220
0.187188
0.259418
0.159837
0.158186
0.232959
0.186094
0.128148
0.145142
0.152288
0.272558
0.233332
0.237832
0.281615
0.171995
0.229430
0.212172
0.215337
0.226212
0.196053
0.192564
0.245256
0.301741
0.181100
0.205297
0.204171
0.201716
0.209362
0.240206
0.210873
0.189450
0.244551
0.411628
0.190230
0.188493
0.239203
0.338647
0.317968
0.165603
0.195422
0.234733
0.207057
0.227303
0.161640
0.250311
0.204103
0.253913
0.188785
0.247048
0.159690
0.153672
0.230238
0.208850
0.157589
0.218480
0.262085
0.185983
0.200312
0.196717
0.221722
0.237261
0.174016
0.173478
0.179283
0.240677
0.188787
0.205302
0.269351
0.285148
0.189443
0.205828
0.158586
0.267984
0.251545
0.141255
0.185188
0.148460
0.179892
0.142347
0.150063
0.220688
0.167815
0.157934
0.204797
0.203431
0.154747
0.208788
0.213368
0.254188
0.241151
0.152330
0.214637
0.282579
0.160695
0.199678
0.129443
0.259928
0.242335
0.218321
0.185694
0.225763
0.190357
0.245588
0.307789
0.259981
0.288183
0.398053
0.188625
0.223291
0.262805
0.081568
0.134208
0.170078
0.163499
0.267140
0.252951
0.189263
0.354168
0.223325
0.236889
0.207793
0.262584
0.136182
0.157679
0.175416
0.201944
0.161027
0.183579
0.159176
0.235743
0.194149
0.146312
0.136615
0.185604
0.177047
0.166023
0.167340
0.174996
0.330604
0.186278
0.217063
0.176640
0.167084
0.212084
0.262475
0.231443
0.213550
0.202149
0.201823
0.225319
0.182826
0.150148
0.302682
0.232043
0.142951
0.224414
0.187616
0.171397
0.134806
0.131637
0.404639
0.299105
0.140081
0.143187
0.174296
0.141232
0.180087
0.233013
0.205322
0.205430
0.143210
0.148472
0.133510
0.138253
0.129937
0.134150
0.129353
0.128563
0.169381
0.152021
0.155470
0.147342
0.147857
0.136124
0.138526
0.146394
0.131367
0.135676
0.152857
0.147565
0.239465
0.236662
0.195981
0.222806
0.263997
0.205166
0.216974
0.255946
0.154936
0.143015
0.157139
0.158295
0.222567
0.149228
0.153089
0.217521
0.149188
0.147431
0.185902
0.181417
0.150298
0.190065
0.194015
0.150373
0.229604
0.214489
0.152405
0.151751
0.147615
0.151460
0.151324
0.158567
0.135744
0.147668
0.150523
0.137028
0.151670
0.149616
0.153124
0.154297
0.147480
0.153968
0.152304
0.158908
0.142930
0.138042
0.128141
0.148219
0.112576
0.121555
0.110006
0.107826
0.146047
0.136544
0.132057
0.141632
0.157296
0.148383
0.134849
0.140691
0.196349
0.157248
0.171720
0.201186
0.255323
0.256238
0.166404
0.181349
0.295663
0.229524
0.227678
0.265867
0.218758
0.209066
0.178025
0.187502
0.204885
0.229348
0.213185
0.207190
0.216056
0.210297
0.213391
0.209482
0.216392
0.218776
0.202328
0.212211
0.213271
0.209888
0.213823
0.215107
0.169081
0.202809
0.203117
0.164765
0.304158
0.173136
0.201339
0.196996
0.264015
0.218596
0.209137
0.256550
0.207952
0.166576
0.217009
0.256707
0.182548
0.202816
0.214957
0.205664
0.166766
0.240361
0.348663
0.410821
0.260974
0.247279
0.301343
0.310524
0.305384
0.202044
0.439255
0.353352
0.261561
0.302587
0.311469
0.306184
0.213698
0.265287
0.243388
0.266818
0.243457
0.313441
0.276332
0.261448
0.338146
0.436710
0.437165
0.292926
0.236876
0.209542
0.218077
0.226236
0.158692
0.170126
0.428636
0.253641
0.317140
0.280722
0.269869
0.227205
0.244614
0.227912
0.223564
0.241521
0.250472
0.421522
0.202308
0.267133
0.208627
0.251308
0.202283
0.198368
0.278159
0.256120
0.230958
0.284436
0.276866
0.257231
0.165493
0.219024
0.228605
0.206396
0.347364
0.267384
0.189653
0.120063
0.240984
0.414465
0.284219
0.202390
0.187274
0.172520
0.286706
0.268563
0.206798
0.210580
0.189596
0.172823
0.180430
0.197248
0.248890
0.168872
0.109546
0.142852
0.221696
0.130562
0.126801
0.193327
0.225595
0.205612
0.192021
0.209753
0.433910
0.324835
0.270639
0.125640
0.250808
0.271361
0.262201
0.219446
0.286078
0.276405
0.311044
0.282586
0.118181
0.108493
0.269311
0.190548
0.301127
0.266105
0.434493
0.197979
0.153702
0.178771
0.171848
0.151896
0.192765
0.190064
0.178585
0.180385
0.244833
0.214623
0.270733
0.249086
0.159457
0.156050
0.194921
0.188972
0.163968
0.170230
0.175965
0.163602
0.209560
0.204162
0.193712
0.188050
0.188955
0.203315
0.177434
0.195121
0.173517
0.165150
0.171418
0.170851
0.259871
0.284854
0.241706
0.216933
0.294109
0.257077
0.242426
0.286180
0.200262
0.190354
0.196858
0.181947
0.217230
0.162733
0.167565
0.224438
0.154679
0.162618
0.208148
0.196234
0.178577
0.227246
0.208772
0.169869
0.260171
0.256525
0.178589
0.192566
0.156561
0.155695
0.172682
0.172670
0.169375
0.170997
0.177558
0.161038
0.181340
0.176596
0.175452
0.169965
0.169302
0.167196
0.162852
0.177415
0.177312
0.162100
0.150132
0.174197
0.145591
0.144490
0.151557
0.158398
0.185268
0.174253
0.149225
0.166128
0.163397
0.164551
0.185720
0.188625
0.224861
0.174710
0.224600
0.235017
0.349794
0.388242
0.265759
0.281097
0.364569
0.258976
0.376939
0.351073
0.264006
0.290704
0.252255
0.289514
0.226592
0.222772
0.283859
0.304421
0.215401
0.272966
0.301761
0.272118
0.297191
0.293591
0.284652
0.303616
0.328397
0.365725
0.334827
0.313467
0.241794
0.289135
0.272209
0.264656
0.345798
0.314872
0.256492
0.224852
0.301914
0.316518
0.364852
0.316941
0.301455
0.308459
0.288841
0.316787
0.237530
0.356456
0.333068
0.281963
0.297667
0.347801
0.333675
0.300859
0.353064
0.324136
0.317334
0.322314
0.336649
0.319396
0.354902
0.334098
0.345150
0.318917
0.383680
0.346128
0.312248
0.351871
0.311173
0.301989
0.342310
0.319760
0.353897
0.319013
0.327007
0.321925
0.353186
0.329064
0.287926
0.296169
0.366905
0.329379
0.309268
0.298595
0.325710
0.356080
0.340363
0.329436
0.359784
0.327294
0.331567
0.338224
0.326085
0.358759
0.281918
0.318265
0.298700
0.304417
0.283353
0.307696
0.283915
0.330421
0.315755
0.329732
0.298257
0.302359
0.324058
0.306305
0.303062
0.318209
0.282421
0.309397
0.290191
0.299927
0.252804
0.255289
0.308332
0.303830
0.273373
0.296262
0.287091
0.258616
0.317924
0.304267
0.301064
0.309576
0.228579
0.212480
0.213739
0.248374
0.221455
0.189179
0.283468
0.206188
0.240806
0.334849
0.318770
0.206639
0.276699
0.260749
0.231809
0.278656
0.139849
0.206181
0.275482
0.397402
0.269614
0.308746
0.279116
0.282711
0.385828
0.356854
0.311649
0.309560
0.456455
0.417086
0.288251
0.323577
0.252636
0.252429
0.208381
0.217189
0.204870
0.222435
0.224845
0.196634
0.248076
0.257183
0.223774
0.229869
0.232398
0.235786
0.224972
0.255296
0.217521
0.219073
0.211804
0.215717
0.205536
0.218616
0.219089
0.215849
0.257340
0.253112
0.239101
0.229302
0.246875
0.227930
0.235014
0.244720
0.202495
0.200954
0.207229
0.223273
0.327176
0.316267
0.273248
0.257804
0.340373
0.294085
0.271971
0.338445
0.238975
0.220576
0.226497
0.241016
0.285672
0.203971
0.199025
0.299472
0.201943
0.206499
0.247238
0.229525
0.217288
0.279785
0.247905
0.206388
0.299766
0.304410
0.221900
0.246302
0.201220
0.188656
0.204164
0.198383
0.184455
0.195030
0.197683
0.184020
0.239744
0.213577
0.188945
0.215695
0.221516
0.223276
0.196427
0.213030
0.187850
0.204220
0.208725
0.197713
0.182930
0.200598
0.188222
0.190149
0.222954
0.201463
0.216258
0.209624
0.223386
0.225602
0.216996
0.229159
0.313692
0.344090
0.332703
0.324103
0.324114
0.354329
0.232101
0.237397
0.420791
0.290827
0.271631
0.379340
0.346442
0.332100
0.370346
0.378142
0.350749
0.346170
0.361422
0.402429
0.320776
0.332667
0.333963
0.310937
0.386442
0.408488
0.384272
0.363205
0.397027
0.423347
0.380823
0.435996
0.333054
0.332381
0.329566
0.332945
0.344595
0.364713
0.355473
0.326594
0.398701
0.389870
0.374699
0.356397
0.353164
0.337897
0.362176
0.400685
0.353761
0.346789
0.352181
0.370469
0.338206
0.369859
0.354519
0.357964
0.391825
0.390620
0.373201
0.366671
0.381763
0.364934
0.370820
0.404023
0.337094
0.354533
0.347307
0.373219
0.342817
0.335585
0.343112
0.361516
0.385468
0.372567
0.350298
0.380198
0.385089
0.360930
0.356500
0.361032
0.335298
0.330874
0.345950
0.363606
0.333751
0.340836
0.344631
0.334364
0.366600
0.375434
0.351370
0.347150
0.368607
0.357202
0.347909
0.384938
0.336453
0.326729
0.342475
0.331272
0.336460
0.337831
0.344035
0.332826
0.373661
0.378692
0.350116
0.357217
0.375739
0.365442
0.355105
0.375299
0.327151
0.328113
0.348297
0.338397
0.303242
0.325778
0.324853
0.310186
0.378890
0.374916
0.355618
0.343275
0.382194
0.360253
0.358074
0.394220
0.305324
0.277340
0.388190
0.307207
0.266514
0.294530
0.307721
0.332189
0.349532
0.330187
0.321045
0.319792
0.337091
0.336987
0.365641
0.298894
0.463747
0.336850
0.371005
0.477841
0.355408
0.357949
0.404943
0.406619
0.418330
0.361352
0.383083
0.387566
0.507259
0.539437
0.471621
0.412200
0.279470
0.301124
0.272885
0.274030
0.269707
0.288112
0.288756
0.270798
0.341356
0.327489
0.303140
0.315176
0.306574
0.274884
0.300933
0.309303
0.273652
0.273342
0.268634
0.290893
0.269561
0.272252
0.284084
0.270840
0.282559
0.280477
0.288039
0.273941
0.328777
0.290370
0.284049
0.302618
0.242676
0.256505
0.258170
0.261648
0.343801
0.346696
0.314771
0.293270
0.386580
0.340640
0.328516
0.364724
0.280647
0.262803
0.275918
0.286739
0.299147
0.238072
0.260800
0.330840
0.229095
0.253665
0.294247
0.292469
0.282482
0.328962
0.315791
0.280918
0.356173
0.339926
0.269420
0.287214
0.237446
0.246591
0.254092
0.251537
0.233207
0.264232
0.258116
0.234701
0.289779
0.287144
0.300029
0.263587
0.314592
0.270249
0.270972
0.291248
0.246951
0.236401
0.239923
0.243008
0.250110
0.258715
0.232890
0.213857
0.290140
0.275968
0.253422
0.267994
0.283065
0.255240
0.272961
0.277220
0.351980
0.376732
0.411142
0.371631
0.383444
0.456619
0.294797
0.298886
0.419998
0.350818
0.376238
0.424251
0.422507
0.384541
0.431964
0.401418
0.472990
0.414152
0.395401
0.422506
0.492127
0.525871
0.416758
0.472811
0.501244
0.448718
0.530112
0.458639
0.412560
0.463214
0.485040
0.404297
0.385672
0.440419
0.471530
0.398081
0.392654
0.413673
0.409895
0.506586
0.500630
0.471881
0.442554
0.519249
0.506584
0.480349
0.502971
0.403219
0.407247
0.424427
0.417596
0.412705
0.420985
0.447983
0.411576
0.470000
0.470492
0.441954
0.453443
0.496098
0.424569
0.426849
0.457180
0.401660
0.409671
0.475074
0.423468
0.386203
0.435632
0.431636
0.412518
0.489802
0.489195
0.462030
0.435398
0.454478
0.470152
0.471297
0.478643
0.392026
0.388081
0.392175
0.413704
0.405242
0.414299
0.414473
0.377744
0.480960
0.504032
0.440449
0.429484
0.481437
0.442378
0.430590
0.498120
0.386942
0.400446
0.420416
0.419318
0.395902
0.404739
0.413884
0.394759
0.482776
0.500906
0.424289
0.458555
0.468525
0.452466
0.436975
0.491423
0.401257
0.404590
0.417116
0.429826
0.415902
0.426877
0.436215
0.401464
0.467451
0.489922
0.453364
0.443380
0.498411
0.449779
0.424897
0.485909
0.356303
0.317757
0.350809
0.307257
0.368346
0.436835
0.382997
0.365704
0.635768
0.468994
0.401305
0.463238
0.371772
0.331587
0.371554
0.403255
0.431218
0.479918
0.655267
0.623984
0.449526
0.536666
0.433469
0.372508
0.374100
0.644548
0.499860
0.361784
0.706877
0.640082
0.696765
0.709257
0.319510
0.326997
0.337787
0.321527
0.325834
0.312075
0.338150
0.326151
0.406281
0.382029
0.337981
0.357250
0.376096
0.312009
0.327474
0.364915
0.324965
0.304678
0.344082
0.332036
0.292414
0.307057
0.317393
0.284742
0.390349
0.392664
0.351115
0.340336
0.418076
0.340661
0.343361
0.404219
0.307601
0.297352
0.322660
0.302560
0.399661
0.442019
0.372503
0.349321
0.511858
0.519492
0.500682
0.432664
0.401623
0.328307
0.330592
0.402789
0.375008
0.326755
0.346243
0.411147
0.326003
0.309773
0.361773
0.351457
0.402449
0.434525
0.394980
0.335807
0.418879
0.498300
0.433457
0.464993
0.295364
0.306585
0.312884
0.313476
0.302324
0.299164
0.317315
0.315533
0.367087
0.377298
0.322579
0.325639
0.398054
0.330742
0.334323
0.386220
0.287388
0.280770
0.295302
0.301575
0.311010
0.346454
0.311829
0.284501
0.436203
0.370232
0.318114
0.364010
0.374639
0.311233
0.320350
0.375963
0.460088
0.616065
0.460441
0.605470
0.468228
0.543122
0.512326
0.444816
0.560294
0.524437
0.573224
0.609308
0.432929
0.446706
0.509479
0.485297
0.492881
0.527171
0.536484
0.547286
0.507401
0.577934
0.559724
0.563365
0.528095
0.679238
0.514645
0.571923
0.598636
0.593009
0.558739
0.531425
0.490546
0.567553
0.504289
0.530807
0.510231
0.588817
0.587934
0.529994
0.490231
0.546756
0.540782
0.490892
0.521676
0.499867
0.518893
0.542351
0.572859
0.557594
0.527284
0.559748
0.582662
0.524360
0.548644
0.537327
0.606230
0.588817
0.580568
0.550958
0.614377
0.531529
0.542600
0.514651
0.542164
0.535948
0.537368
0.631713
0.550353
0.542860
0.563309
0.567741
0.627893
0.574305
0.561231
0.596992
0.602046
0.543896
0.571067
0.553920
0.614347
0.647542
0.484822
0.519425
0.525405
0.567547
0.522358
0.532314
0.560865
0.525453
0.554883
0.570985
0.548425
0.556768
0.487495
0.500099
0.532187
0.516751
0.502514
0.529448
0.550043
0.525534
0.569547
0.610211
0.554082
0.528136
0.552836
0.516185
0.538161
0.520075
0.510681
0.527665
0.541525
0.552715
0.465875
0.476597
0.510573
0.532107
0.482480
0.505855
0.500008
0.481306
0.576959
0.605800
0.574194
0.561816
0.411637
0.430377
0.462101
0.430125
0.528503
0.541693
0.487054
0.435692
0.542900
0.527642
0.497267
0.568468
0.506479
0.468423
0.485810
0.541981
0.688319
0.721316
0.733341
0.678327
0.471427
0.511446
0.625947
0.559617
0.516953
0.485645
0.515700
0.530782
0.532477
0.685503
0.759839
0.651495
0.471757
0.497964
0.481820
0.483723
0.525750
0.484701
0.489304
0.506761
0.523794
0.530984
0.506342
0.514108
0.528981
0.541206
0.503235
0.531989
0.532603
0.517263
0.507272
0.504270
0.524394
0.490486
0.482084
0.502047
0.515814
0.543952
0.521551
0.511885
0.522436
0.526341
0.553812
0.541195
0.550932
0.524205
0.470900
0.472101
0.578129
0.469857
0.480586
0.503451
0.527475
0.538885
0.516525
0.530911
0.522367
0.510039
0.478457
0.518880
0.553979
0.517523
0.492298
0.500904
0.545203
0.485247
0.487592
0.522705
0.542568
0.545061
0.511688
0.497921
0.533844
0.551595
0.517084
0.547868
0.518146
0.498293
0.488041
0.491733
0.504362
0.468808
0.479673
0.500527
0.513411
0.517451
0.504783
0.507069
0.535018
0.500170
0.490857
0.542839
0.530958
0.507457
0.486604
0.459681
0.522885
0.472165
0.502756
0.503757
0.510246
0.497286
0.498207
0.486628
0.516855
0.492390
0.500270
0.512794
0.497221
0.541022
0.551008
0.536296
0.590832
0.558482
0.582594
0.558357
0.492852
0.604936
0.606703
0.603434
0.616546
0.571724
0.626658
0.617156
0.600110
0.569169
0.594513
0.561822
0.568338
0.424569
0.526550
0.547217
0.424413
0.443895
0.476469
0.482485
0.475769
0.426871
0.589360
0.528534
0.470777
0.559547
0.585614
0.608031
0.639481
0.543406
0.559837
0.549963
0.507428
0.585852
0.579489
0.603800
0.578629
0.594959
0.596946
0.563345
0.512453
0.504382
0.592800
0.578990
0.567331
0.668220
0.558904
0.592774
0.603338
0.601487
0.573756
0.671313
0.576765
0.595024
0.605719
0.550889
0.555069
0.535621
0.567555
0.527079
0.526669
0.527861
0.643472
0.652106
0.578765
0.580494
0.621242
0.585393
0.528775
0.525938
0.528780
0.580262
0.453415
0.599573
0.571428
0.409560
0.438747
0.473409
0.352737
0.525905
0.365225
0.398325
0.530704
0.476699
0.459414
0.474707
0.407855
0.369510
0.330125
0.358650
0.354944
0.372082
0.394248
0.531669
0.511488
0.533081
0.520161
0.526808
0.527190
0.535429
0.525137
0.656553
0.662077
0.598986
0.581826
0.632028
0.580054
0.590634
0.674132
0.544378
0.577866
0.568605
0.535496
0.593611
0.614495
0.677826
0.530663
0.669364
0.682835
0.526766
0.689742
0.631235
0.571516
0.571601
0.573515
0.572837
0.572101
0.618002
0.595326
0.568536
0.564155
0.556559
0.579428
0.657159
0.675591
0.622667
0.667448
0.657272
0.613589
0.666361
0.538589
0.550992
0.585406
0.577276
0.551439
0.562177
0.566773
0.559569
0.619472
0.575674
0.605062
0.631373
0.649064
0.592597
0.608502
0.552020
0.587753
0.593248
0.574222
0.568801
0.585613
0.579972
0.574177
0.626266
0.640766
0.580317
0.582519
0.678188
0.579042
0.569207
0.644324
0.546615
0.548406
0.568814
0.575910
0.573586
0.598871
0.600097
0.558682
0.557656
0.536903
0.661063
0.574246
0.581408
0.588054
0.540688
0.542206
0.553529
0.579303
0.533830
0.524103
0.531251
0.528960
0.628962
0.575130
0.559684
0.577330
0.549797
0.606075
0.572776
0.517546
0.535829
0.525678
0.524909
0.533031
0.560040
0.575912
0.519929
0.577856
0.616804
0.579622
0.615106
0.635783
0.604206
0.585451
0.654645
0.554366
0.712869
0.509689
0.480611
0.587352
0.517915
0.726047
0.743598
0.602512
0.690698
0.720113
0.659821
0.507548
0.506509
0.568122
0.601532
0.649984
0.575528
0.652555
0.651695
0.585498
0.554460
0.607606
0.597854
0.643678
0.638495
0.603096
0.599732
0.623939
0.529867
0.508054
0.670405
0.495974
0.475606
0.636313
0.570475
0.541334
0.659888
0.510083
0.595300
0.520669
0.525080
0.529012
0.564543
0.692907
0.602619
0.564547
0.671359
0.535790
0.537913
0.596492
0.560208
0.582164
0.659913
0.674539
0.683657
0.590043
0.545293
0.563759
0.702822
0.664074
0.525865
0.567075
0.659948
0.659075
0.650037
0.611404
0.669140
0.432200
0.532079
0.536106
0.571247
0.401731
0.661109
0.648971
0.673492
0.649514
0.691086
0.703672
0.683277
0.711302
0.756828
0.738893
0.770471
0.739994
0.752810
0.755472
0.684905
0.731583
0.752820
0.697694
0.718798
0.681193
0.703272
0.692027
0.666026
0.644892
0.728279
0.698464
0.751647
0.758353
0.675198
0.664975
0.690994
0.711517
0.730945
0.719503
0.679156
0.728344
0.802953
0.731587
0.712241
0.543407
0.576019
0.731590
0.607137
0.685426
0.649580
0.649121
0.575521
0.714171
0.658100
0.742866
0.641018
0.701046
0.663720
0.583168
0.622887
0.614986
0.721776
0.759264
0.638792
0.765576
0.587272
0.570008
0.690848
0.561144
0.655876
0.745261
0.657964
0.729389
0.740389
0.688592
0.607908
0.693839
0.646906
0.739775
0.611544
0.668304
0.645108
0.705746
0.642544
0.619281
0.563974
0.694301
0.619752
0.715268
0.695110
0.647047
0.698634
0.719581
0.674640
0.787375
0.777709
0.751659
0.744737
0.857412
0.711885
0.714854
0.768189
0.667101
0.610385
0.648393
0.605726
0.707195
0.747336
0.715909
0.720219
0.775681
0.612382
0.690950
0.719367
0.594910
0.614775
0.622511
0.682490
0.623350
0.787591
0.727765
0.669420
0.619211
0.611871
0.558834
0.622391
0.594345
0.680293
0.625800
0.628430
0.704834
0.643879
0.677428
0.725031
0.500419
0.625742
0.686939
0.612846
0.683281
0.595812
0.616844
0.706528
0.735579
0.725861
0.637261
0.541211
0.666163
0.660050
0.640662
0.585216
0.659587
0.620548
0.743367
0.637674
0.591604
0.627994
0.593538
0.624968
0.672905
0.679198
0.640872
0.698455
0.652650
0.625822
0.599679
0.575794
0.620844
0.743498
0.714479
0.712613
0.729321
0.654017
0.667143
0.846873
0.775777
0.740082
0.782016
0.773576
0.681897
0.726107
0.762151
0.677704
0.826496
0.737983
0.681789
0.673198
0.686659
0.677824
0.770928
0.732701
0.793168
0.667483
0.692929
0.741557
0.716580
0.712579
0.736226
0.646914
0.735413
0.648959
0.871145
0.742294
0.702042
0.738220
0.726840
0.680116
0.710635
0.711263
0.676426
0.638249
0.674980
0.665392
0.636685
0.739781
0.722389
0.790691
0.760060
0.803555
0.804353
0.738210
0.824823
0.845133
0.788649
0.790936
0.740644
0.676268
0.764437
0.728352
0.798777
0.775701
0.822580
0.847112
0.794111
0.794770
0.760038
0.825098
0.796413
0.795147
0.829884
0.715656
0.837819
0.814141
0.823323
0.796070
0.792029
0.849044
0.875302
0.843701
0.848574
0.827154
0.880390
0.871827
0.891533
0.782286
0.868515
0.872982
0.831868
0.846450
0.770972
0.804193
0.774111
0.893123
0.862015
0.834428
0.817531
0.871371
0.878191
0.840569
0.832928
0.901170
0.914342
0.793085
0.779501
0.855532
0.917413
0.844803
0.849395
0.880845
0.874218
0.896342
0.782256
0.745666
0.727219
0.851136
0.813702
0.806516
0.820538
0.845699
0.832964
0.923224
0.926439
0.904520
0.934009
0.926866
0.962982
0.892460
0.930702
0.930982
0.920291
0.907726
0.946429
0.939324
0.908290
0.919041
0.929747
0.923764
0.929377
0.931505
0.905847
0.950475
0.850291
0.896432
0.887587
0.869256
0.870072
0.873978
0.895418
0.885751
0.851102
0.887414
0.835932
0.832860
0.865156
0.875927
0.840177
0.892774
0.821362
0.891774
0.850767
0.926954
0.920401
0.895084
0.916737
0.927111
0.684041
0.599006
0.652350
0.809308
0.700246
0.762206
0.621709
0.639123
0.642406
0.658866
0.681217
0.803795
0.742458
0.438958
0.450873
0.446666
0.444625
0.449316
0.451444
0.510539
0.502104
0.460276
0.550179
0.355151
0.332040
0.480179
0.442796
0.517486
0.537507
0.544060
0.524958
0.522462
0.496379
0.420338
0.469078
0.305589
0.461887
0.497371
0.328052
0.430975
0.626567
0.494609
0.259313
0.391226
0.384586
0.253747
0.502537
0.487068
0.521038
0.521759
0.482753
0.528152
0.501955
0.490380
0.247465
0.248123
0.400973
0.383523
0.434009
0.439125
0.404849
0.418814
0.413337
0.411604
0.441904
0.379321
0.427189
0.446623
0.567007
0.590656
0.666606
0.746817
0.663179
0.692032
0.655829
0.649588
0.657509
0.633936
0.620250
0.634352
0.539379
0.566935
0.580172
0.570252
0.625170
0.605281
0.664738
0.669895
0.389199
0.555117
0.622566
0.492586
0.590877
0.597953
0.576869
0.580428
0.583688
0.556791
0.678669
0.730754
0.747365
0.685842
0.740227
0.707826
0.659785
0.741946
0.772050
0.673074
0.721993
0.718850
0.661359
0.468713
0.538324
0.422341
0.260025
0.603155
0.578782
0.521779
0.598407
0.583508
0.519302
0.534773
0.581029
0.213896
0.227101
0.411380
0.422212
0.588501
0.574523
0.587531
0.597497
0.412923
0.480827
0.546969
0.512551
0.440268
0.541809
0.547815
0.454405
0.629570
0.612637
0.608624
0.583957
0.497478
0.599246
0.549654
0.513869
0.520238
0.524037
0.611536
0.568950
0.614236
0.633676
0.631312
0.644037
0.583532
0.661825
0.626212
0.646795
0.684046
0.307347
0.436236
0.470253
0.310769
0.493769
0.486597
0.482305
0.453801
0.434765
0.532816
0.494556
0.316986
0.203838
0.393748
0.391395
0.448782
0.427950
0.325295
0.369926
0.404214
0.416262
0.342787
0.458407
0.421364
0.432366
0.480339
0.423867
0.453840
0.269600
0.418168
0.440421
0.274090
0.523553
0.522717
0.551110
0.540092
0.644516
0.520093
0.568882
0.529468
0.397861
0.274241
0.451499
0.506895
0.455475
0.454348
0.407852
0.410272
0.446712
0.453256
0.318973
0.335835
0.447653
0.427094
0.552255
0.466071
0.501605
0.452084
0.590058
0.582359
0.552930
0.481843
0.590887
0.598650
0.482874
0.543934
0.555485
0.566690
0.572073
0.458483
0.407875
0.450519
0.473897
0.504268
0.539356
0.637515
0.414215
0.585797
0.547895
0.656888
0.527234
0.524165
0.651747
0.579051
0.630295
0.614975
0.556042
0.613904
0.608765
0.546526
0.571141
0.510424
0.534510
0.572372
0.564572
0.632744
0.656121
0.635877
0.621273
0.486815
0.457475
0.556724
0.568136
0.507250
0.494432
0.522413
0.527764
0.588519
0.592747
0.610443
0.594390
0.494723
0.567629
0.546990
0.466171
0.616036
0.612197
0.606014
0.637460
0.635963
0.588208
0.597347
0.646471
0.427610
0.437853
0.540308
0.526360
0.513580
0.514073
0.609594
0.565210
0.565339
0.591654
0.538872
0.590292
0.593495
0.555452
0.635532
0.632565
0.622339
0.609535
0.331460
0.562298
0.527513
0.340377
0.485330
0.554501
0.546999
0.627144
0.350752
0.358919
0.542923
0.493757
0.528782
0.439711
0.637807
0.573861
0.307488
0.361195
0.473546
0.457503
0.329118
0.497275
0.345496
0.531228
0.498017
0.275352
0.436661
0.404207
0.289587
0.528142
0.515900
0.541731
0.537520
0.494737
0.538633
0.534426
0.504976
0.267212
0.278678
0.400063
0.397595
0.456916
0.440078
0.444630
0.454136
0.424372
0.425457
0.435302
0.442297
0.570016
0.657561
0.688987
0.638517
0.679248
0.718456
0.713958
0.686439
0.764745
0.754365
0.726287
0.742860
0.698797
0.660848
0.711975
0.742255
0.583736
0.592307
0.636167
0.622267
0.633138
0.596379
0.654070
0.619531
0.688750
0.679766
0.607909
0.605340
0.649365
0.646372
0.643770
0.636305
0.553330
0.586888
0.516886
0.524957
0.575363
0.666627
0.690143
0.664735
0.643086
0.631443
0.667486
0.552776
0.559463
0.565377
0.509651
0.577520
0.616425
0.587301
0.583574
0.305106
0.497365
0.403884
0.277080
0.429258
0.477135
0.539634
0.532055
0.493237
0.417044
0.234362
0.254230
0.413823
0.501168
0.501933
0.368212
0.388493
0.516457
0.454199
0.407339
0.444996
0.563252
0.392580
0.461898
0.412166
0.497020
0.498196
0.430311
0.693432
0.608025
0.555468
0.529919
0.596336
0.592319
0.572076
0.594791
0.448361
0.438265
0.506994
0.509049
0.565237
0.484457
0.504150
0.577674
0.327320
0.346505
0.365596
0.340866
0.365152
0.354890
0.350754
0.392219
0.594391
0.582538
0.488478
0.492333
0.684651
0.469943
0.676566
0.589518
0.589111
0.618620
0.632629
0.594405
0.675348
0.619961
0.596705
0.747949
0.719094
0.723152
0.705914
0.689253
0.643435
0.656777
0.670535
0.570034
0.639850
0.652773
0.611283
0.672478
0.699491
0.708226
0.676892
0.598941
0.605487
0.594498
0.558892
0.626502
0.603068
0.643740
0.640212
0.608690
0.627021
0.638424
0.618836
0.523224
0.562078
0.597346
0.578340
0.527984
0.555406
0.659820
0.697710
0.582271
0.566808
0.623862
0.573296
0.599364
0.688283
0.517966
0.561209
0.391249
0.434058
0.417515
0.377617
0.449312
0.431201
0.420068
0.417605
0.360311
0.347803
0.403354
0.405390
0.515584
0.536999
0.513962
0.492200
0.515578
0.500698
0.433178
0.469085
0.216999
0.357740
0.420359
0.479535
0.482230
0.487676
0.501436
0.499085
0.352481
0.462245
0.407897
0.347562
0.593218
0.557999
0.530516
0.563760
0.428403
0.456306
0.473998
0.373048
0.393613
0.433393
0.478719
0.472782
0.446273
0.456637
0.406971
0.437219
0.464270
0.321999
0.331350
0.409318
0.313827
0.528017
0.546405
0.445303
0.753480
0.775811
0.766519
0.737715
0.760375
0.758041
0.765956
0.754872
0.781455
0.627512
0.637207
0.768586
0.796063
0.738024
0.620770
0.594305
0.676880
0.671326
0.547900
0.642626
0.510380
0.789520
0.725560
0.657202
0.689976
0.598142
0.583516
0.596924
0.561613
0.625480
0.591086
0.696416
0.669057
0.591833
0.627287
0.643689
0.685913
0.649808
0.645809
0.640222
0.661840
0.680441
0.705361
0.318275
0.327288
0.403838
0.537490
0.578438
0.573613
0.499646
0.490368
0.569745
0.490224
0.503004
0.569055
0.346156
0.380213
0.458486
0.465366
0.655154
0.512334
0.510637
0.645892
0.430226
0.410230
0.519054
0.522028
0.386690
0.488639
0.499767
0.401215
0.646490
0.658089
0.500648
0.497693
0.490065
0.444720
0.440225
0.484165
0.519375
0.516028
0.523034
0.539230
0.500112
0.520542
0.528880
0.510964
0.150624
0.472660
0.436541
0.360272
0.453721
0.437846
0.441733
0.423666
0.423198
0.426159
0.365358
0.422880
0.429741
0.383094
0.425711
0.436581
0.450637
0.516910
0.530057
0.453345
0.599715
0.614372
0.628486
0.585104
0.607327
0.614970
0.607654
0.632853
0.472239
0.459288
0.531193
0.537502
0.595845
0.531042
0.525499
0.583077
0.363941
0.380595
0.384995
0.374474
0.405119
0.407280
0.396636
0.404475
0.599935
0.605441
0.538905
0.525353
0.644258
0.620181
0.715318
0.616754
0.691916
0.592283
0.497404
0.561627
0.680990
0.549209
0.582892
0.642104
0.599455
0.681351
0.688386
0.509854
0.657808
0.712758
0.684697
0.654622
0.688895
0.899013
0.908407
0.872864
0.870502
0.496086
0.670510
0.651589
0.555403
0.706958
0.694200
0.624571
0.642259
0.673368
0.660922
0.615227
0.637102
0.642326
0.617125
0.599871
0.465240
0.666080
0.460589
0.530705
0.438919
0.438472
0.502394
0.527200
0.333631
0.503322
0.454680
0.522241
0.522155
0.530507
0.517802
0.525092
0.632421
0.549811
0.531949
0.595276
0.394929
0.349595
0.529357
0.501587
0.461001
0.476314
0.381350
0.437593
0.447724
0.437976
0.559677
0.514945
0.456217
0.602603
0.636007
0.556591
0.540172
0.378906
0.417024
0.329558
0.241580
0.426304
0.487694
0.489471
0.487530
0.511275
0.510059
0.489126
0.231084
0.189990
0.384457
0.383757
0.490578
0.502308
0.432189
0.193610
0.310233
0.397610
0.361096
0.361038
0.425286
0.426783
0.357031
0.419984
0.429051
0.428149
0.461894
0.495195
0.445689
0.633517
0.512650
0.553814
0.472265
0.506285
0.416516
0.421458
0.474509
0.454763
0.629340
0.619346
0.534802
0.551712
0.494966
0.396958
0.396375
0.559083
0.362367
0.357334
0.379432
0.382431
0.531018
0.532917
0.510700
0.487501
0.782776
0.835180
0.755978
0.744935
0.761435
0.782579
0.733756
0.732655
0.682925
0.817683
0.767714
0.784881
0.768654
0.711522
0.735512
0.762838
0.746995
0.933001
0.872788
0.862698
0.853456
0.774925
0.893101
0.903786
0.900436
0.888924
0.911119
0.673449
0.608098
0.656406
0.638868
0.621930
0.617252
0.612729
0.618979
0.579607
0.525786
0.629018
0.585818
0.607933
0.538980
0.635328
0.536121
0.611185
0.669269
0.702492
0.899002
0.889503
0.866337
0.893247
0.338239
0.458679
0.460817
0.337284
0.532965
0.493929
0.456651
0.514914
0.477956
0.477283
0.531840
0.358054
0.331409
0.443107
0.466625
0.425147
0.456219
0.476860
0.383139
0.379663
0.437760
0.491131
0.341352
0.429174
0.439671
0.379805
0.460101
0.465659
0.214537
0.389749
0.370142
0.353685
0.582470
0.588142
0.512281
0.516941
0.648711
0.556994
0.500715
0.598608
0.459435
0.342753
0.353465
0.510554
0.606471
0.589171
0.596467
0.606603
0.419536
0.407440
0.550511
0.534962
0.355786
0.512506
0.521932
0.449725
0.573001
0.627672
0.536975
0.582351
0.245085
0.378924
0.377298
0.251697
0.486430
0.496404
0.514409
0.509166
0.434951
0.520660
0.485891
0.340003
0.234088
0.382157
0.425647
0.419374
0.437434
0.405942
0.416975
0.427136
0.416564
0.346660
0.447241
0.437824
0.385667
0.487766
0.443201
0.459058
0.492978
0.546361
0.559849
0.517039
0.607356
0.605555
0.618263
0.609544
0.641685
0.652512
0.641393
0.626904
0.550935
0.531417
0.572030
0.593440
0.582206
0.526604
0.526339
0.585113
0.424490
0.361470
0.440793
0.416858
0.382826
0.479541
0.451818
0.343365
0.626952
0.606068
0.558722
0.585039
0.854174
0.727420
0.764462
0.789434
0.737916
0.723168
0.620093
0.626421
0.878769
0.834823
0.741275
0.848426
0.618702
0.733192
0.762187
0.686491
0.577447
0.585478
0.613256
0.545845
0.562999
0.458229
0.521025
0.508609
0.624840
0.563811
0.639082
0.624599
0.598564
0.663204
0.598333
0.677927
0.504509
0.840596
0.813776
0.849940
0.794094
0.860900
0.828670
0.872870
0.873338
0.874213
0.894466
0.831241
0.863063
0.865125
0.348800
0.424941
0.425414
0.282239
0.448909
0.502768
0.469376
0.534406
0.524321
0.519967
0.516819
0.505799
0.265574
0.478269
0.474138
0.497507
0.500350
0.453878
0.488584
0.355365
0.419289
0.433686
0.421401
0.445646
0.443282
0.411219
0.456725
0.454011
0.452960
0.544848
0.549892
0.493860
0.662843
0.596353
0.536341
0.579360
0.517696
0.586736
0.589864
0.441585
0.486063
0.580283
0.546436
0.618862
0.558567
0.549248
0.625058
0.406268
0.448722
0.531381
0.533896
0.469416
0.400335
0.562298
0.471747
0.573997
0.569694
0.242454
0.383138
0.403780
0.251856
0.500024
0.502279
0.514788
0.519110
0.526349
0.547241
0.531812
0.496076
0.259170
0.245979
0.401557
0.416275
0.421845
0.436846
0.367490
0.372602
0.415605
0.416022
0.403084
0.455479
0.444995
0.399519
0.454685
0.449085
0.486140
0.596862
0.596995
0.463200
0.654320
0.642746
0.644063
0.648893
0.662316
0.584840
0.569407
0.648479
0.460992
0.433464
0.563775
0.575666
0.541959
0.560604
0.605313
0.585747
0.482247
0.459868
0.544456
0.408128
0.450338
0.439395
0.456455
0.607250
0.590421
0.540743
0.553653
0.139851
0.227609
0.118848
0.101430
0.175045
0.115023
0.105273
0.173241
0.060745
0.053503
0.077961
0.088306
0.030620
0.063636
0.072995
0.044536
0.191837
0.163979
0.165617
0.162018
0.223763
0.167112
0.160875
0.194791
0.196945
0.193458
0.147707
0.148712
0.178323
0.164407
0.138305
0.167342
0.306996
0.327383
0.267213
0.261691
0.593323
0.304998
0.295805
0.403530
0.257378
0.230230
0.283068
0.304895
0.203697
0.250232
0.270776
0.210501
0.137917
0.179539
0.174760
0.123061
0.209307
0.226292
0.191691
0.207248
0.220362
0.165802
0.173478
0.232040
0.127960
0.111598
0.148817
0.137489
0.443611
0.475001
0.400257
0.373467
0.518904
0.456059
0.433454
0.494773
0.451347
0.448491
0.402613
0.414362
0.364357
0.353492
0.375031
0.439259
0.706299
0.586699
0.748176
0.747514
0.742216
0.660354
0.674561
0.644207
0.585573
0.840653
0.806215
0.838921
0.869212
0.877150
0.777651
0.742752
0.470982
0.480443
0.449583
0.432667
0.482532
0.460477
0.393101
0.439499
0.389108
0.330406
0.359501
0.454955
0.352333
0.404691
0.409565
0.377357
0.589757
0.483998
0.704260
0.734917
0.693601
0.712132
0.746513
0.460479
0.446382
0.563175
0.407209
0.538031
0.515468
0.480897
0.489220
0.449019
0.368508
0.405356
0.497974
0.349030
0.540754
0.394499
0.372151
0.904896
0.903874
0.871766
0.219404
0.211972
0.194790
0.190365
0.205091
0.191103
0.146126
0.162240
0.199761
0.126603
0.138842
0.180219
0.163812
0.182001
0.176183
0.166660
0.469841
0.413882
0.399923
0.430692
0.393486
0.363900
0.329260
0.361941
0.315657
0.265775
0.291284
0.343274
0.335564
0.393021
0.366764
0.336260
0.124182
0.158503
0.052479
0.039237
0.119949
0.063710
0.059794
0.289150
0.053524
0.049894
0.054280
0.058185
0.042327
0.033720
0.045411
0.043576
0.256787
0.293261
0.178358
0.148337
0.288915
0.197736
0.188873
0.299578
0.157269
0.153825
0.124185
0.160486
0.124228
0.093753
0.113448
0.144179
0.339592
0.353827
0.369939
0.334690
0.406075
0.397973
0.381448
0.334901
0.420139
0.385071
0.368984
0.386273
0.347009
0.312139
0.337226
0.359900
0.164780
0.150380
0.111446
0.159468
0.210538
0.183588
0.138741
0.196559
0.165540
0.065768
0.097158
0.170128
0.138037
0.147188
0.099916
0.124155
0.355254
0.371419
0.262193
0.198645
0.298665
0.287083
0.249462
0.345985
0.330588
0.306828
0.227496
0.308830
0.227167
0.206335
0.199173
0.286282
0.383298
0.301030
0.322579
0.518701
0.408783
0.383400
0.286063
0.319557
0.302238
0.284158
0.248295
0.325446
0.574623
0.507967
0.281466
0.478032
0.527961
0.550543
0.482538
0.460969
0.535162
0.517925
0.492225
0.537445
0.528513
0.500300
0.492797
0.507294
0.469523
0.441527
0.459305
0.466048
0.614119
0.515130
0.536140
0.555393
0.579443
0.538679
0.574792
0.530478
0.521331
0.514736
0.635802
0.542167
0.513758
0.524223
0.514147
0.675266
0.751021
0.714493
0.691975
0.764273
0.677145
0.731264
0.666756
0.621022
0.637625
0.584732
0.559272
0.640877
0.639480
0.589522
0.611186
0.536589
0.472373
0.561539
0.619564
0.473798
0.523034
0.559661
0.501833
0.655256
0.686837
0.676556
0.602219
0.746288
0.627422
0.745958
0.575605
0.646953
0.544343
0.486583
0.535554
0.614269
0.635757
0.601591
0.597748
0.612836
0.597526
0.472323
0.450668
0.526237
0.504052
0.839834
0.843285
0.776355
0.215752
0.202224
0.199365
0.215121
0.300243
0.293936
0.220732
0.223551
0.292931
0.219475
0.222729
0.296545
0.218828
0.215391
0.202378
0.196145
0.186990
0.195962
0.145380
0.126458
0.211060
0.151591
0.143803
0.204920
0.184089
0.118555
0.119076
0.133262
0.068188
0.105912
0.110687
0.088759
0.187282
0.197594
0.179240
0.179352
0.193910
0.165076
0.189322
0.210771
0.175674
0.155338
0.162068
0.194900
0.115438
0.107217
0.123303
0.133837
0.666051
0.664888
0.581909
0.393980
0.702640
0.670519
0.651996
0.680352
0.393296
0.308239
0.419739
0.577815
0.264639
0.333950
0.361835
0.294284
0.181234
0.227116
0.209670
0.175223
0.233023
0.215468
0.232261
0.237925
0.206544
0.233516
0.234479
0.220058
0.156671
0.152047
0.204572
0.198732
0.576372
0.535446
0.557426
0.529079
0.577483
0.575510
0.634107
0.518370
0.518059
0.617104
0.600930
0.478763
0.519730
0.499908
0.492589
0.713899
0.728056
0.757451
0.748269
0.756638
0.700202
0.753933
0.576025
0.622919
0.609050
0.605415
0.623418
0.636958
0.644725
0.637779
0.576437
0.543789
0.613771
0.629401
0.554982
0.599688
0.569635
0.530383
0.154657
0.127200
0.120497
0.132229
0.373650
0.202113
0.145601
0.131985
0.163594
0.147354
0.159647
0.163804
0.117611
0.173322
0.174634
0.135418
0.093579
0.097752
0.081795
0.073158
0.107046
0.085794
0.081306
0.096892
0.085413
0.081435
0.080820
0.092628
0.065595
0.062727
0.074206
0.084886
0.097016
0.124164
0.091738
0.033889
0.215672
0.123789
0.105426
0.176620
0.106458
0.088165
0.050120
0.068300
0.129772
0.057153
0.019169
0.070514
0.551248
0.518757
0.503045
0.540803
0.516849
0.499856
0.477768
0.481678
0.432584
0.394677
0.432465
0.471352
0.468833
0.511549
0.492181
0.467166
0.406971
0.489137
0.411283
0.445564
0.520679
0.443853
0.422713
0.417725
0.486219
0.462236
0.461311
0.490351
0.460791
0.424678
0.441001
0.454995
0.220839
0.230236
0.198820
0.208393
0.252982
0.236702
0.216972
0.250782
0.242388
0.197529
0.203333
0.204824
0.179006
0.186187
0.169012
0.180978
0.456014
0.510273
0.400223
0.364157
0.531368
0.483413
0.433612
0.512860
0.408668
0.375478
0.384407
0.430943
0.273573
0.315175
0.346847
0.365252
0.734509
0.502060
0.717229
0.672213
0.678755
0.697174
0.667105
0.698395
0.642365
0.555013
0.556636
0.656667
0.586839
0.528178
0.683314
0.588124
0.575735
0.565571
0.618000
0.235448
0.196398
0.195368
0.250465
0.288268
0.292644
0.224532
0.216868
0.300369
0.246894
0.213198
0.294144
0.212414
0.233154
0.234813
0.234543
0.288286
0.273548
0.214489
0.230521
0.284456
0.194746
0.196182
0.278621
0.243634
0.245353
0.236140
0.238529
0.253341
0.229047
0.237734
0.255683
0.225815
0.245823
0.175412
0.166752
0.216775
0.193900
0.188151
0.252562
0.224800
0.210375
0.160345
0.165361
0.178388
0.144074
0.153339
0.189010
0.129882
0.252658
0.116706
0.087406
0.133790
0.140561
0.110604
0.109547
0.195697
0.156994
0.144351
0.241276
0.102819
0.101707
0.077454
0.091239
0.710302
0.721103
0.690444
0.673559
0.678768
0.675731
0.643680
0.707271
0.502957
0.447822
0.459394
0.486630
0.483287
0.476508
0.455979
0.415628
0.305299
0.308601
0.282693
0.290107
0.291353
0.270011
0.281527
0.303860
0.237364
0.247464
0.265208
0.259439
0.238448
0.280757
0.259965
0.235268
0.572295
0.589050
0.514030
0.543629
0.478507
0.505881
0.554797
0.550800
0.510914
0.538260
0.548758
0.520420
0.549597
0.527243
0.540004
0.577518
0.728022
0.718723
0.675033
0.721844
0.616932
0.633579
0.699148
0.653129
0.662028
0.645433
0.923362
0.881112
0.887470
0.549304
0.593805
0.528772
0.601577
0.683875
0.741909
0.652939
0.673500
0.729916
0.675622
0.663168
0.574993
0.667020
0.678885
0.069577
0.101948
0.095785
0.066426
0.190079
0.192906
0.139616
0.149393
0.189301
0.117046
0.126219
0.195231
0.039593
0.054333
0.089220
0.082931
0.273381
0.281117
0.224821
0.204680
0.308810
0.259643
0.234626
0.293722
0.238656
0.221054
0.211633
0.232377
0.252140
0.172612
0.199282
0.226360
0.118859
0.134209
0.106647
0.102451
0.152876
0.157767
0.117015
0.139080
0.158799
0.139067
0.112415
0.165980
0.095912
0.098474
0.104322
0.117619
0.090801
0.086655
0.070901
0.080860
0.172043
0.167224
0.108204
0.108419
0.126619
0.079284
0.120995
0.130188
0.111208
0.077492
0.081960
0.099160
0.550135
0.586623
0.511263
0.439272
0.575851
0.625976
0.524668
0.519165
0.589630
0.517321
0.562981
0.441825
0.410928
0.315517
0.305638
0.290857
0.298591
0.363369
0.325355
0.285648
0.302726
0.300402
0.255942
0.275142
0.306886
0.246551
0.278306
0.278193
0.257500
0.558343
0.590612
0.538839
0.515129
0.629751
0.574853
0.557028
0.607357
0.563805
0.536674
0.551830
0.565008
0.459136
0.465393
0.488361
0.499388
0.718537
0.812805
0.786214
0.616829
0.640198
0.638173
0.908018
0.875867
0.833225
0.791082
0.621532
0.563151
0.665000
0.581577
0.503783
0.651951
0.489228
0.566671
0.205514
0.190767
0.185542
0.197685
0.315058
0.316862
0.227423
0.240518
0.281495
0.173905
0.205403
0.308647
0.149711
0.174856
0.166633
0.133508
0.859355
0.235995
0.252585
0.183928
0.166195
0.301047
0.237142
0.236828
0.372892
0.242322
0.249493
0.171827
0.211837
0.208874
0.157488
0.159736
0.215646
0.302848
0.408487
0.196419
0.191199
0.321228
0.200233
0.190836
0.298810
0.421518
0.291248
0.252138
0.240947
0.237578
0.238431
0.243429
0.244213
0.196240
0.248077
0.211855
0.200277
0.274969
0.244733
0.218009
0.260301
0.264005
0.257339
0.204362
0.224585
0.233361
0.177742
0.187012
0.237123
0.079793
0.028985
0.013330
0.052045
0.137851
0.130578
0.108353
0.114007
0.151623
0.096949
0.102071
0.127100
0.263537
0.045486
0.000000
0.023457
0.596474
0.624007
0.655476
0.559398
0.611109
0.556866
0.564959
0.646497
0.587128
0.582341
0.562065
0.624110
0.517536
0.496283
0.513875
0.545823
0.410378
0.398419
0.371740
0.391745
0.397856
0.369320
0.308510
0.363067
0.360894
0.326459
0.313250
0.523683
0.323739
0.395666
0.372363
0.330689
0.589092
0.592023
0.549194
0.636590
0.671627
0.644256
0.645795
0.575240
0.645139
0.608534
0.567076
0.741890
0.750762
0.801658
0.627469
0.731976
0.647872
0.511669
0.497741
0.419103
0.498123
0.195856
0.257633
0.202754
0.381876
0.239750
0.223767
0.218841
0.208475
0.255390
0.439455
0.217049
0.182712
0.768623
0.717771
0.710743
0.616453
0.675252
0.661236
0.609402
0.845489
0.832768
0.830374
0.821029
0.785807
0.775761
0.035764
0.062298
0.063634
0.020567
0.165138
0.137621
0.092745
0.098477
0.095554
0.060265
0.056740
0.124287
0.029727
0.026636
0.058978
0.058433
0.233774
0.239829
0.176147
0.189133
0.254621
0.192011
0.180919
0.250149
0.217479
0.183855
0.175935
0.167592
0.172011
0.155721
0.168530
0.176891
0.339077
0.375082
0.276256
0.244726
0.422577
0.338374
0.318777
0.393553
0.330979
0.455516
0.269715
0.313050
0.249086
0.213360
0.240428
0.289236
0.198678
0.326029
0.203315
0.204690
0.304636
0.239129
0.222365
0.285432
0.190690
0.200100
0.212019
0.226706
0.181291
0.191432
0.182683
0.373606
0.113794
0.120136
0.109895
0.105176
0.212106
0.210883
0.144916
0.148312
0.177313
0.114055
0.130954
0.198012
0.091855
0.269950
0.100949
0.088561
0.560291
0.602260
0.547844
0.521584
0.700241
0.511573
0.590368
0.314503
0.332854
0.385156
0.361382
0.393426
0.388253
0.389505
0.515686
0.380548
0.333054
0.363385
0.357251
0.335053
0.324507
0.358617
0.331749
0.557193
0.564174
0.605008
0.436106
0.474412
0.440591
0.596935
0.589634
0.313089
0.304658
0.271500
0.305182
0.291240
0.263260
0.217267
0.244582
0.217878
0.185247
0.194728
0.244884
0.231796
0.265521
0.236737
0.226192
0.728129
0.762852
0.741388
0.782411
0.632173
0.707217
0.723409
0.698248
0.243794
0.259988
0.143352
0.139846
0.151683
0.043385
0.153820
0.203395
0.048726
0.097612
0.080396
0.036415
0.117405
0.102092
0.084360
0.109893
0.276422
0.283905
0.235056
0.232340
0.254576
0.361848
0.220801
0.268514
0.192578
0.179186
0.162317
0.138897
0.173306
0.170259
0.156638
0.171897
0.258749
0.271528
0.279435
0.253350
0.342942
0.315645
0.296847
0.292142
0.329734
0.310141
0.276052
0.298764
0.271777
0.251432
0.263013
0.286977
0.169170
0.063737
0.024325
0.072004
0.151608
0.145699
0.077291
0.059622
0.137601
0.161921
0.292734
0.142707
0.063268
0.049579
0.030330
0.018406
0.672519
0.683812
0.642632
0.717609
0.681938
0.780048
0.708557
0.618524
0.620676
0.622927
0.614716
0.637020
0.671866
0.372375
0.372147
0.352126
0.403593
0.509117
0.506775
0.397592
0.441375
0.353295
0.559439
0.385822
0.478488
0.442467
0.430427
0.398151
0.433066
0.906805
0.882728
0.958752
0.947781
0.953709
0.602894
0.736407
0.703989
0.683159
0.606845
0.604883
0.659672
0.663412
0.676251
0.640364
0.680968
0.720734
0.701787
0.225726
0.194463
0.202395
0.209651
0.248917
0.238737
0.230428
0.225508
0.299822
0.233284
0.229081
0.302650
0.218039
0.223803
0.200988
0.200762
0.571508
0.574549
0.456955
0.576429
0.336887
0.095637
0.199912
0.242300
0.231886
0.452398
0.461704
0.190022
0.519615
0.544452
0.534641
0.518717
0.907644
0.899737
0.910988
0.934954
0.882619
0.914813
0.894766
0.951646
0.912325
0.939179
0.948083
0.981726
0.989119
0.918020
0.911083
0.884998
0.924189
0.898517
0.939762
0.946421
0.908165
0.914276
0.897166
0.961432
0.905243
0.893039
0.896714
0.895627
0.985992
0.919135
0.889536
0.891163
0.890171
0.901830
0.894040
0.905599
0.950542
0.921218
0.933088
0.937157
0.913952
0.935874
0.932563
0.950577
0.933648
0.900617
0.914198
0.968595
0.943207
0.939851
0.913162
0.901355
0.869619
0.881769
0.890728
0.874256
0.927343
0.896618
0.915100
0.915413
0.918812
0.894124
0.881923
0.892305
0.913155
0.891904
0.888690
0.881795
0.885793
0.898902
0.888509
0.883624
0.914850
0.955962
0.969595
0.963926
0.901355
0.950282
0.946157
0.838320
0.813999
0.768305
0.834487
0.788822
0.694723
0.723261
0.766757
0.775462
0.738136
0.800920
0.715629
0.755201
0.724515
0.745714
0.810727
0.818596
0.708957
0.707884
0.684272
0.673710
0.686127
0.719299
0.682324
0.757314
0.622766
0.765704
0.697570
0.569995
0.653520
0.673263
0.601523
0.587835
0.677142
0.631162
0.687229
0.646112
0.671319
0.651258
0.666247
0.669375
0.643285
0.678011
0.601622
0.725947
0.682701
0.697412
0.669066
0.688928
0.701751
0.659978
0.678750
0.809892
0.763555
0.792883
0.707020
0.734404
0.766963
0.746877
0.797799
0.719784
0.761491
0.826222
0.781908
0.756143
0.761632
0.814247
